id,company,depth,operation,expression,question,answer,answer_formatted,result_type,computation_trace
FQ-00001,Alto Inc,1,multiply,(total_equity_Oct_31_2025 × total_liabilities_Oct_31_2025),What is the product of total shareholders equity and total liabilities for Alto Inc as of Oct 31 2025?,1279765350.0,"1,279,765,350",numeric,21150.0 × 60509.0 = 1279765350.0
FQ-00002,Nova Enterprises,2,ratio,"ratio(ratio(total_costs_Q_Oct_31_2025, revenues_YTD_Oct_31_2025), accrued_expenses_Oct_31_2025)","For Nova Enterprises, what is the result of the following computation: ratio(ratio(total_costs_Q_Oct_31_2025, revenues_YTD_Oct_31_2025), accrued_expenses_Oct_31_2025)? Evaluate any sub-expressions first, then apply the outer operation.",0.0,0.0000,ratio,(138417.0 / 423507.0 = 0.3268) / (accrued_expenses_Oct_31_2025 = 11112.0) = 0.0
FQ-00003,Trek Holdings,1,multiply,(other_income_Q_Oct_31_2024 × eps_basic_Q_Oct_31_2024),"What is the product of other income/(expense), net and basic earnings per share for Trek Holdings for the quarter ended Oct 31 2024?",-192.5,-192.50,numeric,-385.0 × 0.5 = -192.5
FQ-00004,Peak Systems,1,ratio,"ratio(common_stock_apic_Dec_31_2024, current_assets_Dec_31_2024)",What is the ratio of common stock and additional paid-in capital to total current assets for Peak Systems as of Dec 31 2024?,0.2244,0.2244,ratio,6515.0 / 29032.0 = 0.2244
FQ-00005,Peak Systems,1,greater_than,(common_stock_apic_Oct_31_2025 > ppe_Oct_31_2025),"Is common stock and additional paid-in capital strictly greater than property, plant and equipment, net for Peak Systems as of Oct 31 2025?",False,No,boolean,7394.0 > 19858.0 → False
FQ-00006,Volt Inc,2,divide,((total_assets_Oct_31_2025 × shares_diluted_YTD_Oct_31_2025) ÷ current_debt_Dec_31_2024),"For Volt Inc, what is the result of the following computation: ((total_assets_Oct_31_2025 × shares_diluted_YTD_Oct_31_2025) ÷ current_debt_Dec_31_2024)? Evaluate any sub-expressions first, then apply the outer operation.",20507633.8347,"20,507,634",numeric,(119533.0 × 475234.0 = 56806145722.0) / (current_debt_Dec_31_2024 = 2770.0) = 20507633.8347
FQ-00007,Mira Systems,1,divide,(tax_Q_Oct_31_2024 ÷ sga_expense_Q_Oct_31_2024),What is the ratio of provision for income taxes to selling general and administrative expense for Mira Systems for the quarter ended Oct 31 2024?,0.0331,0.03,numeric,650.0 / 19623.0 = 0.0331
FQ-00008,Volt Inc,1,ratio,"ratio(shares_basic_YTD_Oct_31_2025, current_debt_Oct_31_2025)",What is the ratio of basic shares used in computing EPS (for the year-to-date period ended Oct 31 2025) to current portion of long-term debt (as of Oct 31 2025) for Volt Inc?,155.8869,155.8869,ratio,497591.0 / 3192.0 = 155.8869
FQ-00009,Vex Industries,1,greater_than,(cf_dividends_YTD_Oct_31_2024 > ci_net_income_YTD_Oct_31_2024),Is dividends paid strictly greater than net income for Vex Industries for the year-to-date period ended Oct 31 2024?,False,No,boolean,-691.0 > 13725.0 → False
FQ-00010,Vex Industries,1,ratio,"ratio(eps_basic_YTD_Oct_31_2025, rd_expense_YTD_Oct_31_2025)",What is the ratio of basic earnings per share to research and development expense for Vex Industries for the year-to-date period ended Oct 31 2025?,0.0024,0.0024,ratio,1.6 / 666.0 = 0.0024
FQ-00011,Volt Inc,2,divide,((total_costs_YTD_Oct_31_2024 × ci_unrealized_gains_YTD_Oct_31_2024) ÷ shares_basic_YTD_Oct_31_2024),"For Volt Inc, what is the result of the following computation: ((total_costs_YTD_Oct_31_2024 × ci_unrealized_gains_YTD_Oct_31_2024) ÷ shares_basic_YTD_Oct_31_2024)? Evaluate any sub-expressions first, then apply the outer operation.",76.9381,76.94,numeric,(360375.0 × 102.0 = 36758250.0) / (shares_basic_YTD_Oct_31_2024 = 477764.0) = 76.9381
FQ-00012,Nova Solutions,1,less_than,(cf_investing_YTD_Oct_31_2025 < cf_capex_YTD_Oct_31_2025),Is net cash from investing activities strictly less than capital expenditures for Nova Solutions for the year-to-date period ended Oct 31 2025?,True,Yes,boolean,-7586.0 < -5880.0 → True
FQ-00013,Nova Holdings,2,divide,((cf_capex_YTD_Oct_31_2025 × gross_profit_YTD_Oct_31_2025) ÷ ppe_Oct_31_2025),"For Nova Holdings, what is the result of the following computation: ((cf_capex_YTD_Oct_31_2025 × gross_profit_YTD_Oct_31_2025) ÷ ppe_Oct_31_2025)? Evaluate any sub-expressions first, then apply the outer operation.",-75246.3092,"-75,246",numeric,(-20127.0 × 116580.0 = -2346405660.0) / (ppe_Oct_31_2025 = 31183.0) = -75246.3092
FQ-00014,Apex Technologies,1,less_equal,(operating_income_YTD_Oct_31_2025 ≤ ci_fx_translation_YTD_Oct_31_2025),Is operating income less than or equal to change in foreign currency translation for Apex Technologies for the year-to-date period ended Oct 31 2025?,False,No,boolean,39996.0 ≤ 171.0 → False
FQ-00015,Trek Holdings,1,multiply,(sga_expense_Q_Oct_31_2024 × shares_diluted_YTD_Oct_31_2024),What is the product of selling general and administrative expense (for the quarter ended Oct 31 2024) and diluted shares used in computing EPS (for the year-to-date period ended Oct 31 2024) for Trek Holdings?,121942300662.0,"121,942,300,662",numeric,14742.0 × 8271761.0 = 121942300662.0
FQ-00016,Zion Solutions,1,less_equal,(ci_fx_translation_YTD_Oct_31_2024 ≤ other_income_YTD_Oct_31_2024),"Is change in foreign currency translation less than or equal to other income/(expense), net for Zion Solutions for the year-to-date period ended Oct 31 2024?",False,No,boolean,-45.0 ≤ -1092.0 → False
FQ-00017,Apex Technologies,1,ratio,"ratio(shares_basic_Q_Oct_31_2024, tax_YTD_Oct_31_2024)",What is the ratio of basic shares used in computing EPS (for the quarter ended Oct 31 2024) to provision for income taxes (for the year-to-date period ended Oct 31 2024) for Apex Technologies?,501.2036,501.2036,ratio,4793511.0 / 9564.0 = 501.2036
FQ-00018,Volt Inc,1,divide,(sga_expense_Q_Oct_31_2025 ÷ aoci_Oct_31_2025),What is the ratio of selling general and administrative expense (for the quarter ended Oct 31 2025) to accumulated other comprehensive income/(loss) (as of Oct 31 2025) for Volt Inc?,-7.0833,-7.08,numeric,20995.0 / -2964.0 = -7.0833
FQ-00019,Volt Inc,1,greater_equal,(cost_of_sales_YTD_Oct_31_2024 ≥ cf_operating_YTD_Oct_31_2024),Is cost of sales greater than or equal to net cash from operating activities for Volt Inc for the year-to-date period ended Oct 31 2024?,True,Yes,boolean,287514.0 ≥ 16130.0 → True
FQ-00020,Alto Inc,0,,ci_unrealized_gains_YTD_Oct_31_2024,What was the change in unrealized gains/losses on securities reported by Alto Inc for the year-to-date period ended Oct 31 2024?,174.0,174.00,numeric,ci_unrealized_gains_YTD_Oct_31_2024 = 174.0
FQ-00021,Zion Corp,1,ratio,"ratio(shares_diluted_YTD_Oct_31_2024, cost_of_sales_YTD_Oct_31_2024)",What is the ratio of diluted shares used in computing EPS to cost of sales for Zion Corp for the year-to-date period ended Oct 31 2024?,43.3866,43.3866,ratio,7403227.0 / 170634.0 = 43.3866
FQ-00022,Zion Corp,1,greater_than,(aoci_Oct_31_2025 > current_debt_Oct_31_2025),Is accumulated other comprehensive income/(loss) strictly greater than current portion of long-term debt for Zion Corp as of Oct 31 2025?,False,No,boolean,-1948.0 > 2722.0 → False
FQ-00023,Mira Systems,1,divide,(revenues_Q_Oct_31_2024 ÷ eps_diluted_YTD_Oct_31_2024),What is the ratio of total revenues (for the quarter ended Oct 31 2024) to diluted earnings per share (for the year-to-date period ended Oct 31 2024) for Mira Systems?,119961.7284,"119,962",numeric,97169.0 / 0.81 = 119961.7284
FQ-00024,Plex Technologies,0,,lt_investments_Dec_31_2024,What was the long-term marketable securities reported by Plex Technologies as of Dec 31 2024?,17406.0,"17,406",numeric,lt_investments_Dec_31_2024 = 17406.0
FQ-00025,Zion Solutions,1,ratio,"ratio(total_costs_Q_Oct_31_2024, sga_expense_YTD_Oct_31_2024)",What is the ratio of total costs and expenses (for the quarter ended Oct 31 2024) to selling general and administrative expense (for the year-to-date period ended Oct 31 2024) for Zion Solutions?,1.4622,1.4622,ratio,39471.0 / 26994.0 = 1.4622
FQ-00026,Alto Inc,2,ratio,"ratio((total_costs_YTD_Oct_31_2025 ÷ comprehensive_income_YTD_Oct_31_2025), gross_profit_YTD_Oct_31_2024)","For Alto Inc, what is the result of the following computation: ratio((total_costs_YTD_Oct_31_2025 ÷ comprehensive_income_YTD_Oct_31_2025), gross_profit_YTD_Oct_31_2024)? Evaluate any sub-expressions first, then apply the outer operation.",0.0002,0.0002,ratio,(230568.0 / 16695.0 = 13.8106) / (gross_profit_YTD_Oct_31_2024 = 74439.0) = 0.0002
FQ-00027,Crest Systems,2,ratio,"ratio(ratio(ci_total_oci_Q_Oct_31_2025, operating_income_Q_Oct_31_2025), cf_operating_YTD_Oct_31_2024)","For Crest Systems, what is the result of the following computation: ratio(ratio(ci_total_oci_Q_Oct_31_2025, operating_income_Q_Oct_31_2025), cf_operating_YTD_Oct_31_2024)? Evaluate any sub-expressions first, then apply the outer operation.",0.0,0.0000,ratio,(252.0 / 2912.0 = 0.0865) / (cf_operating_YTD_Oct_31_2024 = 12711.0) = 0.0
FQ-00028,Crest Systems,1,greater_equal,(tax_Q_Oct_31_2024 ≥ ci_unrealized_gains_Q_Oct_31_2024),Is provision for income taxes greater than or equal to change in unrealized gains/losses on securities for Crest Systems for the quarter ended Oct 31 2024?,True,Yes,boolean,713.0 ≥ -13.0 → True
FQ-00029,Zion Corp,1,multiply,(eps_basic_Q_Oct_31_2024 × gross_profit_Q_Oct_31_2024),What is the product of basic earnings per share and gross profit for Zion Corp for the quarter ended Oct 31 2024?,34357.64,"34,358",numeric,1.22 × 28162.0 = 34357.64
FQ-00030,Apex Technologies,1,multiply,(goodwill_Oct_31_2025 × retained_earnings_Oct_31_2025),What is the product of goodwill and retained earnings for Apex Technologies as of Oct 31 2025?,66671514.0,"66,671,514",numeric,7878.0 × 8463.0 = 66671514.0
FQ-00031,Trek Holdings,1,ratio,"ratio(common_stock_apic_Oct_31_2025, eps_basic_YTD_Oct_31_2025)",What is the ratio of common stock and additional paid-in capital (as of Oct 31 2025) to basic earnings per share (for the year-to-date period ended Oct 31 2025) for Trek Holdings?,-2881.5951,-2881.5951,ratio,-4697.0 / 1.63 = -2881.5951
FQ-00032,Apex Technologies,1,add,(rd_expense_YTD_Oct_31_2024 + cf_closing_cash_YTD_Oct_31_2024),What is the sum of research and development expense and cash at end of period for Apex Technologies for the year-to-date period ended Oct 31 2024?,49035.0,"49,035",numeric,1287.0 + 47748.0 = 49035.0
FQ-00033,Volt Inc,1,ratio,"ratio(cf_capex_YTD_Oct_31_2024, ci_net_income_YTD_Oct_31_2024)",What is the ratio of capital expenditures to net income for Volt Inc for the year-to-date period ended Oct 31 2024?,-0.4504,-0.4504,ratio,-9125.0 / 20262.0 = -0.4504
FQ-00034,Mira Systems,1,multiply,(other_nca_Oct_31_2025 × membership_and_other_income_YTD_Oct_31_2025),What is the product of other non-current assets (as of Oct 31 2025) and membership and other income (for the year-to-date period ended Oct 31 2025) for Mira Systems?,5934240.0,"5,934,240",numeric,3120.0 × 1902.0 = 5934240.0
FQ-00035,Trek Holdings,1,multiply,(ci_fx_translation_Q_Oct_31_2024 × eps_diluted_Q_Oct_31_2024),What is the product of change in foreign currency translation and diluted earnings per share for Trek Holdings for the quarter ended Oct 31 2024?,24.0,24.00,numeric,48.0 × 0.5 = 24.0
FQ-00036,Nova Holdings,1,divide,(ci_net_income_YTD_Oct_31_2025 ÷ tax_YTD_Oct_31_2025),What is the ratio of net income to provision for income taxes for Nova Holdings for the year-to-date period ended Oct 31 2025?,2.6371,2.64,numeric,22476.0 / 8523.0 = 2.6371
FQ-00037,Zion Corp,1,multiply,(cf_net_income_YTD_Oct_31_2025 × ci_total_oci_Q_Oct_31_2025),What is the product of net income (for the year-to-date period ended Oct 31 2025) and total other comprehensive income/(loss) (for the quarter ended Oct 31 2025) for Zion Corp?,2449608.0,"2,449,608",numeric,24996.0 × 98.0 = 2449608.0
FQ-00038,Nova Solutions,1,subtract,(cost_of_sales_Q_Oct_31_2024 - gross_profit_Q_Oct_31_2024),"What is the difference between cost of sales and gross profit (i.e., cost of sales minus gross profit) for Nova Solutions for the quarter ended Oct 31 2024?",32321.0,"32,321",numeric,64193.0 - 31872.0 = 32321.0
FQ-00039,Peak Systems,2,divide,"(ratio(net_income_Q_Oct_31_2025, current_assets_Oct_31_2025) ÷ ci_net_income_YTD_Oct_31_2025)","For Peak Systems, what is the result of the following computation: (ratio(net_income_Q_Oct_31_2025, current_assets_Oct_31_2025) ÷ ci_net_income_YTD_Oct_31_2025)? Evaluate any sub-expressions first, then apply the outer operation.",0.0,0.00,numeric,(1330.0 / 31365.0 = 0.0424) / (ci_net_income_YTD_Oct_31_2025 = 3990.0) = 0.0
FQ-00040,Trek Holdings,1,ratio,"ratio(total_liabilities_Oct_31_2025, pretax_income_YTD_Oct_31_2025)",What is the ratio of total liabilities (as of Oct 31 2025) to income before taxes (for the year-to-date period ended Oct 31 2025) for Trek Holdings?,3.8727,3.8727,ratio,66653.0 / 17211.0 = 3.8727
FQ-00041,Trek Holdings,1,less_equal,(cost_of_sales_Q_Oct_31_2025 ≤ ci_total_oci_Q_Oct_31_2025),Is cost of sales less than or equal to total other comprehensive income/(loss) for Trek Holdings for the quarter ended Oct 31 2025?,False,No,boolean,54462.0 ≤ -23.0 → False
FQ-00042,Nova Enterprises,0,,cf_closing_cash_YTD_Oct_31_2025,What was the cash at end of period reported by Nova Enterprises for the year-to-date period ended Oct 31 2025?,-984.0,-984.00,numeric,cf_closing_cash_YTD_Oct_31_2025 = -984.0
FQ-00043,Zion Solutions,2,ratio,"ratio((total_equity_Oct_31_2025 - deferred_revenue_Oct_31_2025), current_debt_Dec_31_2024)","For Zion Solutions, what is the result of the following computation: ratio((total_equity_Oct_31_2025 - deferred_revenue_Oct_31_2025), current_debt_Dec_31_2024)? Evaluate any sub-expressions first, then apply the outer operation.",7.7272,7.7272,ratio,(11807.0 - 1553.0 = 10254.0) / (current_debt_Dec_31_2024 = 1327.0) = 7.7272
FQ-00044,Plex Technologies,2,divide,"(ratio(ci_total_oci_Q_Oct_31_2024, shares_diluted_Q_Oct_31_2024) ÷ revenues_YTD_Oct_31_2025)","For Plex Technologies, what is the result of the following computation: (ratio(ci_total_oci_Q_Oct_31_2024, shares_diluted_Q_Oct_31_2024) ÷ revenues_YTD_Oct_31_2025)? Evaluate any sub-expressions first, then apply the outer operation.",0.0,0.00,numeric,(135.0 / 986659.0 = 0.0001) / (revenues_YTD_Oct_31_2025 = 291585.0) = 0.0
FQ-00045,Nova Holdings,2,divide,((ci_total_oci_Q_Oct_31_2025 + membership_and_other_income_Q_Oct_31_2025) ÷ total_assets_Dec_31_2024),"For Nova Holdings, what is the result of the following computation: ((ci_total_oci_Q_Oct_31_2025 + membership_and_other_income_Q_Oct_31_2025) ÷ total_assets_Dec_31_2024)? Evaluate any sub-expressions first, then apply the outer operation.",0.0155,0.02,numeric,(-10.0 + 2131.0 = 2121.0) / (total_assets_Dec_31_2024 = 137217.0) = 0.0155
FQ-00046,Trek Holdings,1,greater_equal,(comprehensive_income_YTD_Oct_31_2024 ≥ sga_expense_YTD_Oct_31_2024),Is total comprehensive income greater than or equal to selling general and administrative expense for Trek Holdings for the year-to-date period ended Oct 31 2024?,False,No,boolean,12688.0 ≥ 44226.0 → False
FQ-00047,Peak Systems,2,ratio,"ratio(ratio(cash_Oct_31_2025, rd_expense_YTD_Oct_31_2025), pretax_income_YTD_Oct_31_2025)","For Peak Systems, what is the result of the following computation: ratio(ratio(cash_Oct_31_2025, rd_expense_YTD_Oct_31_2025), pretax_income_YTD_Oct_31_2025)? Evaluate any sub-expressions first, then apply the outer operation.",0.0004,0.0004,ratio,(3760.0 / 1650.0 = 2.2788) / (pretax_income_YTD_Oct_31_2025 = 5208.0) = 0.0004
FQ-00048,Nova Enterprises,1,less_than,(ci_unrealized_gains_YTD_Oct_31_2024 < sga_expense_YTD_Oct_31_2024),Is change in unrealized gains/losses on securities strictly less than selling general and administrative expense for Nova Enterprises for the year-to-date period ended Oct 31 2024?,True,Yes,boolean,-242.0 < 95268.0 → True
FQ-00049,Crest Systems,1,subtract,(pretax_income_Q_Oct_31_2024 - cost_of_sales_Q_Oct_31_2024),"What is the difference between income before taxes and cost of sales (i.e., income before taxes minus cost of sales) for Crest Systems for the quarter ended Oct 31 2024?",-14320.0,"-14,320",numeric,2924.0 - 17244.0 = -14320.0
FQ-00050,Zion Solutions,0,,other_ncl_Dec_31_2024,What was the other non-current liabilities reported by Zion Solutions as of Dec 31 2024?,1518.0,"1,518",numeric,other_ncl_Dec_31_2024 = 1518.0
FQ-00051,Trek Holdings,1,greater_than,(cf_investing_YTD_Oct_31_2025 > net_income_YTD_Oct_31_2025),Is net cash from investing activities strictly greater than net income for Trek Holdings for the year-to-date period ended Oct 31 2025?,False,No,boolean,-5412.0 > 13392.0 → False
FQ-00052,Trek Holdings,1,multiply,(shares_basic_YTD_Oct_31_2024 × cf_closing_cash_YTD_Oct_31_2024),What is the product of basic shares used in computing EPS and cash at end of period for Trek Holdings for the year-to-date period ended Oct 31 2024?,142176604100.0,"142,176,604,100",numeric,7855061.0 × 18100.0 = 142176604100.0
FQ-00053,Trek Holdings,0,,lt_investments_Oct_31_2025,What was the long-term marketable securities reported by Trek Holdings as of Oct 31 2025?,5999.0,"5,999",numeric,lt_investments_Oct_31_2025 = 5999.0
FQ-00054,Alto Inc,1,greater_than,(cf_net_change_YTD_Oct_31_2025 > gross_profit_YTD_Oct_31_2025),Is net change in cash strictly greater than gross profit for Alto Inc for the year-to-date period ended Oct 31 2025?,False,No,boolean,1660.0 > 73791.0 → False
FQ-00055,Orion Enterprises,2,divide,((shares_diluted_YTD_Oct_31_2024 ÷ net_income_Q_Oct_31_2024) ÷ ci_fx_translation_Q_Oct_31_2024),"For Orion Enterprises, what is the result of the following computation: ((shares_diluted_YTD_Oct_31_2024 ÷ net_income_Q_Oct_31_2024) ÷ ci_fx_translation_Q_Oct_31_2024)? Evaluate any sub-expressions first, then apply the outer operation.",-53.8608,-53.86,numeric,(7581981.0 / 4022.0 = 1885.1271) / (ci_fx_translation_Q_Oct_31_2024 = -35.0) = -53.8608
FQ-00056,Crest Systems,0,,eps_diluted_Q_Oct_31_2025,What was the diluted earnings per share reported by Crest Systems for the quarter ended Oct 31 2025?,0.33,0.33,numeric,eps_diluted_Q_Oct_31_2025 = 0.33
FQ-00057,Peak Systems,1,ratio,"ratio(membership_and_other_income_YTD_Oct_31_2024, cf_investing_YTD_Oct_31_2024)",What is the ratio of membership and other income to net cash from investing activities for Peak Systems for the year-to-date period ended Oct 31 2024?,-0.259,-0.2590,ratio,1851.0 / -7148.0 = -0.259
FQ-00058,Plex Technologies,1,subtract,(membership_and_other_income_Q_Oct_31_2025 - ci_fx_translation_Q_Oct_31_2025),"What is the difference between membership and other income and change in foreign currency translation (i.e., membership and other income minus change in foreign currency translation) for Plex Technologies for the quarter ended Oct 31 2025?",1233.0,"1,233",numeric,1130.0 - -103.0 = 1233.0
FQ-00059,Plex Technologies,1,greater_equal,(gross_profit_Q_Oct_31_2024 ≥ sga_expense_Q_Oct_31_2024),Is gross profit greater than or equal to selling general and administrative expense for Plex Technologies for the quarter ended Oct 31 2024?,False,No,boolean,22821.0 ≥ 23375.0 → False
FQ-00060,Volt Inc,2,divide,((cf_operating_YTD_Oct_31_2024 - cf_closing_cash_YTD_Oct_31_2024) ÷ pretax_income_YTD_Oct_31_2025),"For Volt Inc, what is the result of the following computation: ((cf_operating_YTD_Oct_31_2024 - cf_closing_cash_YTD_Oct_31_2024) ÷ pretax_income_YTD_Oct_31_2025)? Evaluate any sub-expressions first, then apply the outer operation.",0.2209,0.22,numeric,(16130.0 - 10914.0 = 5216.0) / (pretax_income_YTD_Oct_31_2025 = 23613.0) = 0.2209
FQ-00061,Zion Corp,1,greater_than,(shares_basic_Q_Oct_31_2025 > shares_basic_Q_Oct_31_2024),Is basic shares used in computing EPS (for the quarter ended Oct 31 2025) strictly greater than basic shares used in computing EPS (for the quarter ended Oct 31 2024) for Zion Corp?,False,No,boolean,7509000.0 > 7674749.0 → False
FQ-00062,Vex Industries,2,divide,(SUM(eps_diluted_YTD_Oct_31_2024) ÷ ci_net_income_YTD_Oct_31_2025),"For Vex Industries, what is the result of the following computation: (SUM(eps_diluted_YTD_Oct_31_2024) ÷ ci_net_income_YTD_Oct_31_2025)? Evaluate any sub-expressions first, then apply the outer operation.",0.0068,0.01,numeric,(SUM(eps_diluted_YTD_Oct_31_2024) = 95.39) / (ci_net_income_YTD_Oct_31_2025 = 14124.0) = 0.0068
FQ-00063,Vex Industries,1,less_equal,(cost_of_sales_YTD_Oct_31_2025 ≤ ci_total_oci_YTD_Oct_31_2025),Is cost of sales less than or equal to total other comprehensive income/(loss) for Vex Industries for the year-to-date period ended Oct 31 2025?,False,No,boolean,90810.0 ≤ 153.0 → False
FQ-00064,Mira Systems,1,multiply,(cf_investing_YTD_Oct_31_2025 × ci_net_income_Q_Oct_31_2025),What is the product of net cash from investing activities (for the year-to-date period ended Oct 31 2025) and net income (for the quarter ended Oct 31 2025) for Mira Systems?,-30622296.0,"-30,622,296",numeric,-14694.0 × 2084.0 = -30622296.0
FQ-00065,Nova Holdings,1,greater_than,(cost_of_sales_Q_Oct_31_2024 > operating_income_Q_Oct_31_2024),Is cost of sales strictly greater than operating income for Nova Holdings for the quarter ended Oct 31 2024?,True,Yes,boolean,123495.0 > 13020.0 → True
FQ-00066,Zion Corp,1,subtract,(ppe_Dec_31_2024 - cash_Dec_31_2024),"What is the difference between property, plant and equipment, net and cash and cash equivalents (i.e., property, plant and equipment, net minus cash and cash equivalents) for Zion Corp as of Dec 31 2024?",17943.0,"17,943",numeric,20748.0 - 2805.0 = 17943.0
FQ-00067,Nova Holdings,1,divide,(ci_fx_translation_Q_Oct_31_2025 ÷ common_stock_apic_Oct_31_2025),What is the ratio of change in foreign currency translation (for the quarter ended Oct 31 2025) to common stock and additional paid-in capital (as of Oct 31 2025) for Nova Holdings?,-0.0002,-0.00,numeric,-6.0 / 36527.0 = -0.0002
FQ-00068,Apex Technologies,1,less_equal,(cash_Dec_31_2024 ≤ long_term_debt_Dec_31_2024),Is cash and cash equivalents less than or equal to long-term debt for Apex Technologies as of Dec 31 2024?,True,Yes,boolean,12198.0 ≤ 25748.0 → True
FQ-00069,Volt Inc,1,multiply,(cf_sbc_YTD_Oct_31_2025 × ci_total_oci_YTD_Oct_31_2025),What is the product of stock-based compensation and total other comprehensive income/(loss) for Volt Inc for the year-to-date period ended Oct 31 2025?,451920.0,"451,920",numeric,1883.0 × 240.0 = 451920.0
FQ-00070,Zion Solutions,1,greater_than,(total_assets_Dec_31_2024 > accounts_payable_Dec_31_2024),Is total assets strictly greater than accounts payable for Zion Solutions as of Dec 31 2024?,True,Yes,boolean,38238.0 > 9263.0 → True
FQ-00071,Volt Inc,1,greater_than,(revenues_YTD_Oct_31_2025 > cf_financing_YTD_Oct_31_2025),Is total revenues strictly greater than net cash from financing activities for Volt Inc for the year-to-date period ended Oct 31 2025?,True,Yes,boolean,338319.0 > -3175.0 → True
FQ-00072,Vex Industries,1,multiply,(goodwill_Oct_31_2025 × ppe_Oct_31_2025),"What is the product of goodwill and property, plant and equipment, net for Vex Industries as of Oct 31 2025?",60273604.0,"60,273,604",numeric,5114.0 × 11786.0 = 60273604.0
FQ-00073,Vex Industries,1,ratio,"ratio(cost_of_sales_Q_Oct_31_2025, cf_capex_YTD_Oct_31_2025)",What is the ratio of cost of sales (for the quarter ended Oct 31 2025) to capital expenditures (for the year-to-date period ended Oct 31 2025) for Vex Industries?,-7.0592,-7.0592,ratio,30270.0 / -4288.0 = -7.0592
FQ-00074,Nova Enterprises,1,subtract,(cf_capex_YTD_Oct_31_2025 - cf_dividends_YTD_Oct_31_2025),"What is the difference between capital expenditures and dividends paid (i.e., capital expenditures minus dividends paid) for Nova Enterprises for the year-to-date period ended Oct 31 2025?",-14491.0,"-14,491",numeric,-15122.0 - -631.0 = -14491.0
FQ-00075,Plex Technologies,1,ratio,"ratio(ci_fx_translation_Q_Oct_31_2025, sga_expense_YTD_Oct_31_2025)",What is the ratio of change in foreign currency translation (for the quarter ended Oct 31 2025) to selling general and administrative expense (for the year-to-date period ended Oct 31 2025) for Plex Technologies?,-0.0014,-0.0014,ratio,-103.0 / 74247.0 = -0.0014
FQ-00076,Trek Holdings,0,,current_debt_Dec_31_2024,What was the current portion of long-term debt reported by Trek Holdings as of Dec 31 2024?,3930.0,"3,930",numeric,current_debt_Dec_31_2024 = 3930.0
FQ-00077,Crest Systems,1,divide,(other_income_YTD_Oct_31_2025 ÷ st_investments_Oct_31_2025),"What is the ratio of other income/(expense), net (for the year-to-date period ended Oct 31 2025) to short-term investments (as of Oct 31 2025) for Crest Systems?",-0.0202,-0.02,numeric,-57.0 / 2821.0 = -0.0202
FQ-00078,Mira Systems,1,less_than,(cost_of_sales_Q_Oct_31_2025 < ci_unrealized_gains_Q_Oct_31_2025),Is cost of sales strictly less than change in unrealized gains/losses on securities for Mira Systems for the quarter ended Oct 31 2025?,False,No,boolean,80778.0 < 47.0 → False
FQ-00079,Trek Holdings,1,add,(cost_of_sales_Q_Oct_31_2025 + rd_expense_Q_Oct_31_2025),What is the sum of cost of sales and research and development expense for Trek Holdings for the quarter ended Oct 31 2025?,55007.0,"55,007",numeric,54462.0 + 545.0 = 55007.0
FQ-00080,Plex Technologies,2,ratio,"ratio(ratio(ci_net_income_Q_Oct_31_2024, shares_diluted_YTD_Oct_31_2024), total_costs_YTD_Oct_31_2024)","For Plex Technologies, what is the result of the following computation: ratio(ratio(ci_net_income_Q_Oct_31_2024, shares_diluted_YTD_Oct_31_2024), total_costs_YTD_Oct_31_2024)? Evaluate any sub-expressions first, then apply the outer operation.",-0.0,-0.0000,ratio,(-747.0 / 983263.0 = -0.0008) / (total_costs_YTD_Oct_31_2024 = 275145.0) = -0.0
FQ-00081,Zion Solutions,1,multiply,(gross_profit_Q_Oct_31_2024 × membership_and_other_income_YTD_Oct_31_2024),What is the product of gross profit (for the quarter ended Oct 31 2024) and membership and other income (for the year-to-date period ended Oct 31 2024) for Zion Solutions?,19177584.0,"19,177,584",numeric,10672.0 × 1797.0 = 19177584.0
FQ-00082,Apex Technologies,1,ratio,"ratio(cf_sbc_YTD_Oct_31_2024, cf_operating_YTD_Oct_31_2024)",What is the ratio of stock-based compensation to net cash from operating activities for Apex Technologies for the year-to-date period ended Oct 31 2024?,0.0305,0.0305,ratio,1595.0 / 52212.0 = 0.0305
FQ-00083,Nova Enterprises,2,ratio,"ratio(ratio(cost_of_sales_Q_Oct_31_2025, current_liabilities_Oct_31_2025), cost_of_sales_YTD_Oct_31_2024)","For Nova Enterprises, what is the result of the following computation: ratio(ratio(cost_of_sales_Q_Oct_31_2025, current_liabilities_Oct_31_2025), cost_of_sales_YTD_Oct_31_2024)? Evaluate any sub-expressions first, then apply the outer operation.",0.0,0.0000,ratio,(103373.0 / 74075.0 = 1.3955) / (cost_of_sales_YTD_Oct_31_2024 = 287394.0) = 0.0
FQ-00084,Orion Enterprises,1,equals,(ci_unrealized_gains_YTD_Oct_31_2025 = ci_unrealized_gains_YTD_Oct_31_2024),Is the change in unrealized gains/losses on securities (for the year-to-date period ended Oct 31 2025) equal to change in unrealized gains/losses on securities (for the year-to-date period ended Oct 31 2024) for Orion Enterprises?,False,No,boolean,ci_unrealized_gains_YTD_Oct_31_2025(-70.0) = ci_unrealized_gains_YTD_Oct_31_2024(-87.0)
FQ-00085,Orion Enterprises,2,ratio,"ratio((cf_investing_YTD_Oct_31_2024 × gross_profit_YTD_Oct_31_2024), operating_income_YTD_Oct_31_2025)","For Orion Enterprises, what is the result of the following computation: ratio((cf_investing_YTD_Oct_31_2024 × gross_profit_YTD_Oct_31_2024), operating_income_YTD_Oct_31_2025)? Evaluate any sub-expressions first, then apply the outer operation.",-36223.9039,-36223.9039,ratio,(-8655.0 × 71481.0 = -618668055.0) / (operating_income_YTD_Oct_31_2025 = 17079.0) = -36223.9039
FQ-00086,Volt Inc,1,add,(other_nca_Dec_31_2024 + retained_earnings_Dec_31_2024),What is the sum of other non-current assets and retained earnings for Volt Inc as of Dec 31 2024?,16855.0,"16,855",numeric,6986.0 + 9869.0 = 16855.0
FQ-00087,Orion Enterprises,1,divide,(comprehensive_income_Q_Oct_31_2025 ÷ current_assets_Oct_31_2025),What is the ratio of total comprehensive income (for the quarter ended Oct 31 2025) to total current assets (as of Oct 31 2025) for Orion Enterprises?,0.1129,0.11,numeric,4286.0 / 37971.0 = 0.1129
FQ-00088,Alto Inc,2,ratio,"ratio((ci_net_income_Q_Oct_31_2025 ÷ accrued_expenses_Oct_31_2025), accrued_expenses_Dec_31_2024)","For Alto Inc, what is the result of the following computation: ratio((ci_net_income_Q_Oct_31_2025 ÷ accrued_expenses_Oct_31_2025), accrued_expenses_Dec_31_2024)? Evaluate any sub-expressions first, then apply the outer operation.",0.0001,0.0001,ratio,(5416.0 / 6158.0 = 0.8795) / (accrued_expenses_Dec_31_2024 = 6689.0) = 0.0001
FQ-00089,Zion Corp,2,ratio,"ratio((operating_income_Q_Oct_31_2025 + cost_of_sales_Q_Oct_31_2025), goodwill_Oct_31_2025)","For Zion Corp, what is the result of the following computation: ratio((operating_income_Q_Oct_31_2025 + cost_of_sales_Q_Oct_31_2025), goodwill_Oct_31_2025)? Evaluate any sub-expressions first, then apply the outer operation.",5.7494,5.7494,ratio,(12221.0 + 51833.0 = 64054.0) / (goodwill_Oct_31_2025 = 11141.0) = 5.7494
FQ-00090,Volt Inc,1,ratio,"ratio(prepaid_Oct_31_2025, cf_sbc_YTD_Oct_31_2025)",What is the ratio of prepaid expenses and other (as of Oct 31 2025) to stock-based compensation (for the year-to-date period ended Oct 31 2025) for Volt Inc?,2.8471,2.8471,ratio,5361.0 / 1883.0 = 2.8471
FQ-00091,Vex Industries,1,add,(sga_expense_Q_Oct_31_2024 + membership_and_other_income_Q_Oct_31_2024),What is the sum of selling general and administrative expense and membership and other income for Vex Industries for the quarter ended Oct 31 2024?,9355.0,"9,355",numeric,8746.0 + 609.0 = 9355.0
FQ-00092,Nova Holdings,2,ratio,"ratio((deferred_revenue_Dec_31_2024 + ppe_Dec_31_2024), cf_repurchases_YTD_Oct_31_2024)","For Nova Holdings, what is the result of the following computation: ratio((deferred_revenue_Dec_31_2024 + ppe_Dec_31_2024), cf_repurchases_YTD_Oct_31_2024)? Evaluate any sub-expressions first, then apply the outer operation.",-8.6832,-8.6832,ratio,(4650.0 + 28954.0 = 33604.0) / (cf_repurchases_YTD_Oct_31_2024 = -3870.0) = -8.6832
FQ-00093,Zion Solutions,1,divide,(cf_net_change_YTD_Oct_31_2024 ÷ shares_basic_Q_Oct_31_2024),What is the ratio of net change in cash (for the year-to-date period ended Oct 31 2024) to basic shares used in computing EPS (for the quarter ended Oct 31 2024) for Zion Solutions?,0.0005,0.00,numeric,3739.0 / 7503632.0 = 0.0005
FQ-00094,Vex Industries,2,ratio,"ratio((cf_repurchases_YTD_Oct_31_2024 ÷ comprehensive_income_YTD_Oct_31_2024), current_debt_Dec_31_2024)","For Vex Industries, what is the result of the following computation: ratio((cf_repurchases_YTD_Oct_31_2024 ÷ comprehensive_income_YTD_Oct_31_2024), current_debt_Dec_31_2024)? Evaluate any sub-expressions first, then apply the outer operation.",-0.0001,-0.0001,ratio,(-2048.0 / 13868.0 = -0.1477) / (current_debt_Dec_31_2024 = 1924.0) = -0.0001
FQ-00095,Apex Technologies,0,,pretax_income_YTD_Oct_31_2025,What was the income before taxes reported by Apex Technologies for the year-to-date period ended Oct 31 2025?,36885.0,"36,885",numeric,pretax_income_YTD_Oct_31_2025 = 36885.0
FQ-00096,Zion Corp,2,ratio,"ratio((cf_investing_YTD_Oct_31_2024 ÷ sga_expense_Q_Oct_31_2024), other_ncl_Dec_31_2024)","For Zion Corp, what is the result of the following computation: ratio((cf_investing_YTD_Oct_31_2024 ÷ sga_expense_Q_Oct_31_2024), other_ncl_Dec_31_2024)? Evaluate any sub-expressions first, then apply the outer operation.",-0.0002,-0.0002,ratio,(-7686.0 / 15539.0 = -0.4946) / (other_ncl_Dec_31_2024 = 3060.0) = -0.0002
FQ-00097,Plex Technologies,1,count_agg,COUNT(cf_net_change_YTD_Oct_31_2024),What is the count of companies with data for of net change in cash for the year-to-date period ended Oct 31 2024 across all companies in the dataset?,15,15,count,COUNT(cf_net_change_YTD_Oct_31_2024) = 15
FQ-00098,Orion Enterprises,1,greater_than,(sga_expense_Q_Oct_31_2024 > cost_of_sales_Q_Oct_31_2024),Is selling general and administrative expense strictly greater than cost of sales for Orion Enterprises for the quarter ended Oct 31 2024?,False,No,boolean,18141.0 > 58471.0 → False
FQ-00099,Nova Solutions,2,divide,((prepaid_Oct_31_2025 × cost_of_sales_YTD_Oct_31_2025) ÷ st_investments_Oct_31_2025),"For Nova Solutions, what is the result of the following computation: ((prepaid_Oct_31_2025 × cost_of_sales_YTD_Oct_31_2025) ÷ st_investments_Oct_31_2025)? Evaluate any sub-expressions first, then apply the outer operation.",55280.1394,"55,280",numeric,(3651.0 × 178029.0 = 649983879.0) / (st_investments_Oct_31_2025 = 11758.0) = 55280.1394
FQ-00100,Nova Enterprises,1,multiply,(net_income_Q_Oct_31_2025 × tax_Q_Oct_31_2025),What is the product of net income and provision for income taxes for Nova Enterprises for the quarter ended Oct 31 2025?,1035504.0,"1,035,504",numeric,1692.0 × 612.0 = 1035504.0
FQ-00101,Nova Enterprises,1,greater_than,(other_nca_Dec_31_2024 > accounts_receivable_Dec_31_2024),"Is other non-current assets strictly greater than accounts receivable, net for Nova Enterprises as of Dec 31 2024?",False,No,boolean,7719.0 > 20486.0 → False
FQ-00102,Mira Systems,2,ratio,"ratio((ppe_Oct_31_2025 ÷ long_term_debt_Oct_31_2025), eps_diluted_Q_Oct_31_2024)","For Mira Systems, what is the result of the following computation: ratio((ppe_Oct_31_2025 ÷ long_term_debt_Oct_31_2025), eps_diluted_Q_Oct_31_2024)? Evaluate any sub-expressions first, then apply the outer operation.",3.1548,3.1548,ratio,(28280.0 / 33202.0 = 0.8518) / (eps_diluted_Q_Oct_31_2024 = 0.27) = 3.1548
FQ-00103,Zion Solutions,1,multiply,(net_income_YTD_Oct_31_2025 × total_equity_Oct_31_2025),What is the product of net income (for the year-to-date period ended Oct 31 2025) and total shareholders equity (as of Oct 31 2025) for Zion Solutions?,47357877.0,"47,357,877",numeric,4011.0 × 11807.0 = 47357877.0
FQ-00104,Volt Inc,1,multiply,(ci_total_oci_Q_Oct_31_2025 × current_assets_Oct_31_2025),What is the product of total other comprehensive income/(loss) (for the quarter ended Oct 31 2025) and total current assets (as of Oct 31 2025) for Volt Inc?,-4620420.0,"-4,620,420",numeric,-84.0 × 55005.0 = -4620420.0
FQ-00105,Nova Solutions,1,ratio,"ratio(retained_earnings_Oct_31_2025, accounts_receivable_Oct_31_2025)","What is the ratio of retained earnings to accounts receivable, net for Nova Solutions as of Oct 31 2025?",2.9727,2.9727,ratio,24694.0 / 8307.0 = 2.9727
FQ-00106,Volt Inc,0,,net_income_YTD_Oct_31_2024,What was the net income reported by Volt Inc for the year-to-date period ended Oct 31 2024?,20262.0,"20,262",numeric,net_income_YTD_Oct_31_2024 = 20262.0
FQ-00107,Apex Technologies,0,,total_costs_Q_Oct_31_2025,What was the total costs and expenses reported by Apex Technologies for the quarter ended Oct 31 2025?,102639.0,"102,639",numeric,total_costs_Q_Oct_31_2025 = 102639.0
FQ-00108,Orion Enterprises,1,add,(st_investments_Oct_31_2025 + other_ncl_Oct_31_2025),What is the sum of short-term investments and other non-current liabilities for Orion Enterprises as of Oct 31 2025?,6037.0,"6,037",numeric,3877.0 + 2160.0 = 6037.0
FQ-00109,Trek Holdings,1,less_equal,(accounts_payable_Dec_31_2024 ≤ common_stock_apic_Dec_31_2024),Is accounts payable less than or equal to common stock and additional paid-in capital for Trek Holdings as of Dec 31 2024?,False,No,boolean,31330.0 ≤ -3723.0 → False
FQ-00110,Trek Holdings,1,ratio,"ratio(cost_of_sales_Q_Oct_31_2025, membership_and_other_income_Q_Oct_31_2025)",What is the ratio of cost of sales to membership and other income for Trek Holdings for the quarter ended Oct 31 2025?,50.1954,50.1954,ratio,54462.0 / 1085.0 = 50.1954
FQ-00111,Nova Enterprises,2,ratio,"ratio((cf_net_change_YTD_Oct_31_2025 × other_income_YTD_Oct_31_2025), st_investments_Oct_31_2025)","For Nova Enterprises, what is the result of the following computation: ratio((cf_net_change_YTD_Oct_31_2025 × other_income_YTD_Oct_31_2025), st_investments_Oct_31_2025)? Evaluate any sub-expressions first, then apply the outer operation.",4718.4804,4718.4804,ratio,(-8798.0 × -1344.0 = 11824512.0) / (st_investments_Oct_31_2025 = 2506.0) = 4718.4804
FQ-00112,Nova Holdings,1,less_than,(common_stock_apic_Oct_31_2025 < common_stock_apic_Dec_31_2024),Is common stock and additional paid-in capital (as of Oct 31 2025) strictly less than common stock and additional paid-in capital (as of Dec 31 2024) for Nova Holdings?,True,Yes,boolean,36527.0 < 38660.0 → True
FQ-00113,Nova Holdings,1,divide,(long_term_debt_Oct_31_2025 ÷ deferred_revenue_Oct_31_2025),What is the ratio of long-term debt to deferred revenue for Nova Holdings as of Oct 31 2025?,5.018,5.02,numeric,25130.0 / 5008.0 = 5.018
FQ-00114,Mira Systems,0,,retained_earnings_Oct_31_2025,What was the retained earnings reported by Mira Systems as of Oct 31 2025?,4244.0,"4,244",numeric,retained_earnings_Oct_31_2025 = 4244.0
FQ-00115,Nova Solutions,0,,ci_net_income_YTD_Oct_31_2025,What was the net income reported by Nova Solutions for the year-to-date period ended Oct 31 2025?,21078.0,"21,078",numeric,ci_net_income_YTD_Oct_31_2025 = 21078.0
FQ-00116,Apex Technologies,1,ratio,"ratio(total_assets_Oct_31_2025, comprehensive_income_Q_Oct_31_2025)",What is the ratio of total assets (as of Oct 31 2025) to total comprehensive income (for the quarter ended Oct 31 2025) for Apex Technologies?,10.9476,10.9476,ratio,105885.0 / 9672.0 = 10.9476
FQ-00117,Zion Corp,0,,comprehensive_income_YTD_Oct_31_2025,What was the total comprehensive income reported by Zion Corp for the year-to-date period ended Oct 31 2025?,25467.0,"25,467",numeric,comprehensive_income_YTD_Oct_31_2025 = 25467.0
FQ-00118,Nova Enterprises,1,not_equals,(sga_expense_Q_Oct_31_2025 ≠ sga_expense_Q_Oct_31_2024),Is the selling general and administrative expense (for the quarter ended Oct 31 2025) different from selling general and administrative expense (for the quarter ended Oct 31 2024) for Nova Enterprises?,True,Yes,boolean,sga_expense_Q_Oct_31_2025(34267.0) ≠ sga_expense_Q_Oct_31_2024(31756.0)
FQ-00119,Plex Technologies,1,multiply,(lt_investments_Oct_31_2025 × revenues_Q_Oct_31_2025),What is the product of long-term marketable securities (as of Oct 31 2025) and total revenues (for the quarter ended Oct 31 2025) for Plex Technologies?,1727738320.0,"1,727,738,320",numeric,17776.0 × 97195.0 = 1727738320.0
FQ-00120,Nova Holdings,0,,ci_fx_translation_Q_Oct_31_2025,What was the change in foreign currency translation reported by Nova Holdings for the quarter ended Oct 31 2025?,-6.0,-6.00,numeric,ci_fx_translation_Q_Oct_31_2025 = -6.0
FQ-00121,Peak Systems,2,divide,((cf_capex_YTD_Oct_31_2025 ÷ cost_of_sales_Q_Oct_31_2025) ÷ ppe_Oct_31_2025),"For Peak Systems, what is the result of the following computation: ((cf_capex_YTD_Oct_31_2025 ÷ cost_of_sales_Q_Oct_31_2025) ÷ ppe_Oct_31_2025)? Evaluate any sub-expressions first, then apply the outer operation.",-0.0,-0.00,numeric,(-7509.0 / 51055.0 = -0.1471) / (ppe_Oct_31_2025 = 19858.0) = -0.0
FQ-00122,Vex Industries,1,greater_than,(sga_expense_Q_Oct_31_2025 > membership_and_other_income_Q_Oct_31_2025),Is selling general and administrative expense strictly greater than membership and other income for Vex Industries for the quarter ended Oct 31 2025?,True,Yes,boolean,9000.0 > 627.0 → True
FQ-00123,Nova Enterprises,0,,ppe_Oct_31_2025,"What was the property, plant and equipment, net reported by Nova Enterprises as of Oct 31 2025?",48369.0,"48,369",numeric,ppe_Oct_31_2025 = 48369.0
FQ-00124,Alto Inc,1,greater_than,(pretax_income_YTD_Oct_31_2024 > revenues_YTD_Oct_31_2024),Is income before taxes strictly greater than total revenues for Alto Inc for the year-to-date period ended Oct 31 2024?,False,No,boolean,22380.0 > 255942.0 → False
FQ-00125,Nova Holdings,2,ratio,"ratio((sga_expense_Q_Oct_31_2024 - comprehensive_income_Q_Oct_31_2024), current_debt_Oct_31_2025)","For Nova Holdings, what is the result of the following computation: ratio((sga_expense_Q_Oct_31_2024 - comprehensive_income_Q_Oct_31_2024), current_debt_Oct_31_2025)? Evaluate any sub-expressions first, then apply the outer operation.",4.5667,4.5667,ratio,(32464.0 - 8416.0 = 24048.0) / (current_debt_Oct_31_2025 = 5266.0) = 4.5667
FQ-00126,Zion Solutions,1,divide,(pretax_income_Q_Oct_31_2024 ÷ rd_expense_Q_Oct_31_2024),What is the ratio of income before taxes to research and development expense for Zion Solutions for the quarter ended Oct 31 2024?,211.1111,211.11,numeric,1900.0 / 9.0 = 211.1111
FQ-00127,Nova Solutions,2,ratio,"ratio(ratio(cf_repurchases_YTD_Oct_31_2024, cf_net_income_YTD_Oct_31_2024), membership_and_other_income_YTD_Oct_31_2024)","For Nova Solutions, what is the result of the following computation: ratio(ratio(cf_repurchases_YTD_Oct_31_2024, cf_net_income_YTD_Oct_31_2024), membership_and_other_income_YTD_Oct_31_2024)? Evaluate any sub-expressions first, then apply the outer operation.",-0.0,-0.0000,ratio,(-1371.0 / 22800.0 = -0.0601) / (membership_and_other_income_YTD_Oct_31_2024 = 1536.0) = -0.0
FQ-00128,Nova Enterprises,1,not_equals,(operating_income_Q_Oct_31_2025 ≠ operating_income_Q_Oct_31_2024),Is the operating income (for the quarter ended Oct 31 2025) different from operating income (for the quarter ended Oct 31 2024) for Nova Enterprises?,True,Yes,boolean,operating_income_Q_Oct_31_2025(2752.0) ≠ operating_income_Q_Oct_31_2024(2549.0)
FQ-00129,Nova Holdings,1,multiply,(operating_income_Q_Oct_31_2025 × ppe_Oct_31_2025),"What is the product of operating income (for the quarter ended Oct 31 2025) and property, plant and equipment, net (as of Oct 31 2025) for Nova Holdings?",364809917.0,"364,809,917",numeric,11699.0 × 31183.0 = 364809917.0
FQ-00130,Plex Technologies,1,less_equal,(rd_expense_YTD_Oct_31_2025 ≤ cf_repurchases_YTD_Oct_31_2025),Is research and development expense less than or equal to share repurchases for Plex Technologies for the year-to-date period ended Oct 31 2025?,False,No,boolean,1365.0 ≤ -1367.0 → False
FQ-00131,Mira Systems,2,ratio,"ratio((net_income_Q_Oct_31_2025 + ci_total_oci_Q_Oct_31_2025), shares_diluted_Q_Oct_31_2025)","For Mira Systems, what is the result of the following computation: ratio((net_income_Q_Oct_31_2025 + ci_total_oci_Q_Oct_31_2025), shares_diluted_Q_Oct_31_2025)? Evaluate any sub-expressions first, then apply the outer operation.",0.0003,0.0003,ratio,(2084.0 + 118.0 = 2202.0) / (shares_diluted_Q_Oct_31_2025 = 7090000.0) = 0.0003
FQ-00132,Plex Technologies,1,add,(net_income_YTD_Oct_31_2024 + ci_unrealized_gains_YTD_Oct_31_2024),What is the sum of net income and change in unrealized gains/losses on securities for Plex Technologies for the year-to-date period ended Oct 31 2024?,-2083.0,"-2,083",numeric,-2241.0 + 158.0 = -2083.0
FQ-00133,Nova Enterprises,1,divide,(shares_diluted_Q_Oct_31_2025 ÷ net_income_Q_Oct_31_2025),What is the ratio of diluted shares used in computing EPS to net income for Nova Enterprises for the quarter ended Oct 31 2025?,2487.5887,"2,488",numeric,4209000.0 / 1692.0 = 2487.5887
FQ-00134,Crest Systems,1,multiply,(tax_Q_Oct_31_2025 × cf_repurchases_YTD_Oct_31_2025),What is the product of provision for income taxes (for the quarter ended Oct 31 2025) and share repurchases (for the year-to-date period ended Oct 31 2025) for Crest Systems?,-776910.0,"-776,910",numeric,705.0 × -1102.0 = -776910.0
FQ-00135,Nova Enterprises,1,divide,(ci_fx_translation_Q_Oct_31_2025 ÷ ci_fx_translation_Q_Oct_31_2024),What is the ratio of change in foreign currency translation (for the quarter ended Oct 31 2025) to change in foreign currency translation (for the quarter ended Oct 31 2024) for Nova Enterprises?,-3.9196,-3.92,numeric,439.0 / -112.0 = -3.9196
FQ-00136,Mira Systems,0,,ci_net_income_Q_Oct_31_2025,What was the net income reported by Mira Systems for the quarter ended Oct 31 2025?,2084.0,"2,084",numeric,ci_net_income_Q_Oct_31_2025 = 2084.0
FQ-00137,Orion Enterprises,1,add,(ci_unrealized_gains_Q_Oct_31_2025 + comprehensive_income_Q_Oct_31_2025),What is the sum of change in unrealized gains/losses on securities and total comprehensive income for Orion Enterprises for the quarter ended Oct 31 2025?,4356.0,"4,356",numeric,70.0 + 4286.0 = 4356.0
FQ-00138,Plex Technologies,2,divide,((current_liabilities_Oct_31_2025 + total_liabilities_Oct_31_2025) ÷ deferred_revenue_Oct_31_2025),"For Plex Technologies, what is the result of the following computation: ((current_liabilities_Oct_31_2025 + total_liabilities_Oct_31_2025) ÷ deferred_revenue_Oct_31_2025)? Evaluate any sub-expressions first, then apply the outer operation.",25.2611,25.26,numeric,(68738.0 + 99905.0 = 168643.0) / (deferred_revenue_Oct_31_2025 = 6676.0) = 25.2611
FQ-00139,Nova Enterprises,2,ratio,"ratio(ratio(cf_dividends_YTD_Oct_31_2024, ci_unrealized_gains_Q_Oct_31_2024), gross_profit_YTD_Oct_31_2024)","For Nova Enterprises, what is the result of the following computation: ratio(ratio(cf_dividends_YTD_Oct_31_2024, ci_unrealized_gains_Q_Oct_31_2024), gross_profit_YTD_Oct_31_2024)? Evaluate any sub-expressions first, then apply the outer operation.",0.0001,0.0001,ratio,(-585.0 / -74.0 = 7.9054) / (gross_profit_YTD_Oct_31_2024 = 102054.0) = 0.0001
FQ-00140,Crest Systems,1,less_than,(retained_earnings_Oct_31_2025 < goodwill_Oct_31_2025),Is retained earnings strictly less than goodwill for Crest Systems as of Oct 31 2025?,True,Yes,boolean,1203.0 < 1375.0 → True
FQ-00141,Nova Enterprises,2,ratio,"ratio((cf_operating_YTD_Oct_31_2025 + cf_capex_YTD_Oct_31_2025), accounts_receivable_Dec_31_2024)","For Nova Enterprises, what is the result of the following computation: ratio((cf_operating_YTD_Oct_31_2025 + cf_capex_YTD_Oct_31_2025), accounts_receivable_Dec_31_2024)? Evaluate any sub-expressions first, then apply the outer operation.",0.0398,0.0398,ratio,(15937.0 + -15122.0 = 815.0) / (accounts_receivable_Dec_31_2024 = 20486.0) = 0.0398
FQ-00142,Nova Enterprises,1,multiply,(ci_total_oci_Q_Oct_31_2025 × cf_dividends_YTD_Oct_31_2025),What is the product of total other comprehensive income/(loss) (for the quarter ended Oct 31 2025) and dividends paid (for the year-to-date period ended Oct 31 2025) for Nova Enterprises?,-461892.0,"-461,892",numeric,732.0 × -631.0 = -461892.0
FQ-00143,Apex Technologies,2,ratio,"ratio((eps_basic_Q_Oct_31_2024 × cf_net_income_YTD_Oct_31_2024), net_income_Q_Oct_31_2025)","For Apex Technologies, what is the result of the following computation: ratio((eps_basic_Q_Oct_31_2024 × cf_net_income_YTD_Oct_31_2024), net_income_Q_Oct_31_2025)? Evaluate any sub-expressions first, then apply the outer operation.",5.9565,5.9565,ratio,(1.96 × 27801.0 = 54489.96) / (net_income_Q_Oct_31_2025 = 9148.0) = 5.9565
FQ-00144,Nova Enterprises,2,divide,(SUM(ci_total_oci_Q_Oct_31_2025) ÷ membership_and_other_income_YTD_Oct_31_2024),"For Nova Enterprises, what is the result of the following computation: (SUM(ci_total_oci_Q_Oct_31_2025) ÷ membership_and_other_income_YTD_Oct_31_2024)? Evaluate any sub-expressions first, then apply the outer operation.",0.2244,0.22,numeric,(SUM(ci_total_oci_Q_Oct_31_2025) = 678.0) / (membership_and_other_income_YTD_Oct_31_2024 = 3021.0) = 0.2244
FQ-00145,Crest Systems,0,,tax_YTD_Oct_31_2024,What was the provision for income taxes reported by Crest Systems for the year-to-date period ended Oct 31 2024?,2139.0,"2,139",numeric,tax_YTD_Oct_31_2024 = 2139.0
FQ-00146,Vex Industries,2,divide,((accrued_expenses_Oct_31_2025 + accounts_receivable_Oct_31_2025) ÷ tax_Q_Oct_31_2024),"For Vex Industries, what is the result of the following computation: ((accrued_expenses_Oct_31_2025 + accounts_receivable_Oct_31_2025) ÷ tax_Q_Oct_31_2024)? Evaluate any sub-expressions first, then apply the outer operation.",7.1329,7.13,numeric,(4409.0 + 7289.0 = 11698.0) / (tax_Q_Oct_31_2024 = 1640.0) = 7.1329
FQ-00147,Nova Solutions,1,pct_change,"%Δ(tax, YTD_Oct_31_2025 → YTD_Oct_31_2024)",What is the percentage change in provision for income taxes for Nova Solutions from for the year-to-date period ended Oct 31 2024 to for the year-to-date period ended Oct 31 2025?,8.18,8.18%,percentage,(8727.0 - 8067.0) / |8067.0| × 100 = 8.18%
FQ-00148,Crest Systems,1,less_equal,(total_assets_Dec_31_2024 ≤ total_assets_Oct_31_2025),Is total assets (as of Dec 31 2024) less than or equal to total assets (as of Oct 31 2025) for Crest Systems?,False,No,boolean,27978.0 ≤ 27621.0 → False
FQ-00149,Nova Solutions,1,multiply,(total_costs_Q_Oct_31_2024 × cf_financing_YTD_Oct_31_2024),What is the product of total costs and expenses (for the quarter ended Oct 31 2024) and net cash from financing activities (for the year-to-date period ended Oct 31 2024) for Nova Solutions?,-326138076.0,"-326,138,076",numeric,85668.0 × -3807.0 = -326138076.0
FQ-00150,Nova Solutions,1,subtract,(current_liabilities_Dec_31_2024 - retained_earnings_Dec_31_2024),"What is the difference between total current liabilities and retained earnings (i.e., total current liabilities minus retained earnings) for Nova Solutions as of Dec 31 2024?",17603.0,"17,603",numeric,29590.0 - 11987.0 = 17603.0
FQ-00151,Peak Systems,0,,comprehensive_income_YTD_Oct_31_2024,What was the total comprehensive income reported by Peak Systems for the year-to-date period ended Oct 31 2024?,4217.0,"4,217",numeric,comprehensive_income_YTD_Oct_31_2024 = 4217.0
FQ-00152,Peak Systems,1,greater_than,(ci_net_income_Q_Oct_31_2025 > comprehensive_income_Q_Oct_31_2025),Is net income strictly greater than total comprehensive income for Peak Systems for the quarter ended Oct 31 2025?,True,Yes,boolean,1330.0 > 656.0 → True
FQ-00153,Volt Inc,2,divide,((ci_fx_translation_Q_Oct_31_2025 ÷ rd_expense_YTD_Oct_31_2025) ÷ cf_capex_YTD_Oct_31_2024),"For Volt Inc, what is the result of the following computation: ((ci_fx_translation_Q_Oct_31_2025 ÷ rd_expense_YTD_Oct_31_2025) ÷ cf_capex_YTD_Oct_31_2024)? Evaluate any sub-expressions first, then apply the outer operation.",0.0,0.00,numeric,(-50.0 / 468.0 = -0.1068) / (cf_capex_YTD_Oct_31_2024 = -9125.0) = 0.0
FQ-00154,Vex Industries,1,not_equals,(ci_total_oci_YTD_Oct_31_2024 ≠ ci_total_oci_YTD_Oct_31_2025),Is the total other comprehensive income/(loss) (for the year-to-date period ended Oct 31 2024) different from total other comprehensive income/(loss) (for the year-to-date period ended Oct 31 2025) for Vex Industries?,True,Yes,boolean,ci_total_oci_YTD_Oct_31_2024(143.0) ≠ ci_total_oci_YTD_Oct_31_2025(153.0)
FQ-00155,Zion Corp,2,ratio,"ratio((other_ncl_Dec_31_2024 × aoci_Dec_31_2024), total_costs_Q_Oct_31_2025)","For Zion Corp, what is the result of the following computation: ratio((other_ncl_Dec_31_2024 × aoci_Dec_31_2024), total_costs_Q_Oct_31_2025)? Evaluate any sub-expressions first, then apply the outer operation.",0.0,0.0000,ratio,(3060.0 × 0.0 = 0.0) / (total_costs_Q_Oct_31_2025 = 66282.0) = 0.0
FQ-00156,Nova Holdings,2,divide,((revenues_Q_Oct_31_2024 ÷ cf_da_YTD_Oct_31_2024) ÷ sga_expense_Q_Oct_31_2024),"For Nova Holdings, what is the result of the following computation: ((revenues_Q_Oct_31_2024 ÷ cf_da_YTD_Oct_31_2024) ÷ sga_expense_Q_Oct_31_2024)? Evaluate any sub-expressions first, then apply the outer operation.",0.0005,0.00,numeric,(169111.0 / 10088.0 = 16.7636) / (sga_expense_Q_Oct_31_2024 = 32464.0) = 0.0005
FQ-00157,Nova Solutions,0,,revenues_Q_Oct_31_2024,What was the total revenues reported by Nova Solutions for the quarter ended Oct 31 2024?,96577.0,"96,577",numeric,revenues_Q_Oct_31_2024 = 96577.0
FQ-00158,Apex Technologies,1,multiply,(cost_of_sales_YTD_Oct_31_2024 × shares_diluted_YTD_Oct_31_2024),What is the product of cost of sales and diluted shares used in computing EPS for Apex Technologies for the year-to-date period ended Oct 31 2024?,1069116194496.0,"1,069,116,194,496",numeric,228396.0 × 4680976.0 = 1069116194496.0
FQ-00159,Trek Holdings,2,ratio,"ratio((ci_net_income_Q_Oct_31_2025 ÷ tax_Q_Oct_31_2025), ci_net_income_Q_Oct_31_2025)","For Trek Holdings, what is the result of the following computation: ratio((ci_net_income_Q_Oct_31_2025 ÷ tax_Q_Oct_31_2025), ci_net_income_Q_Oct_31_2025)? Evaluate any sub-expressions first, then apply the outer operation.",0.0008,0.0008,ratio,(4464.0 / 1273.0 = 3.5067) / (ci_net_income_Q_Oct_31_2025 = 4464.0) = 0.0008
FQ-00160,Apex Technologies,1,divide,(comprehensive_income_Q_Oct_31_2025 ÷ ci_fx_translation_Q_Oct_31_2025),What is the ratio of total comprehensive income to change in foreign currency translation for Apex Technologies for the quarter ended Oct 31 2025?,30.8025,30.80,numeric,9672.0 / 314.0 = 30.8025
FQ-00161,Volt Inc,0,,aoci_Oct_31_2025,What was the accumulated other comprehensive income/(loss) reported by Volt Inc as of Oct 31 2025?,-2964.0,"-2,964",numeric,aoci_Oct_31_2025 = -2964.0
FQ-00162,Trek Holdings,1,less_equal,(goodwill_Dec_31_2024 ≤ total_equity_Dec_31_2024),Is goodwill less than or equal to total shareholders equity for Trek Holdings as of Dec 31 2024?,False,No,boolean,4702.0 ≤ -5319.0 → False
FQ-00163,Trek Holdings,1,add,(prepaid_Dec_31_2024 + accounts_payable_Dec_31_2024),What is the sum of prepaid expenses and other and accounts payable for Trek Holdings as of Dec 31 2024?,32821.0,"32,821",numeric,1491.0 + 31330.0 = 32821.0
FQ-00164,Nova Enterprises,1,greater_equal,(membership_and_other_income_YTD_Oct_31_2024 ≥ cf_net_change_YTD_Oct_31_2024),Is membership and other income greater than or equal to net change in cash for Nova Enterprises for the year-to-date period ended Oct 31 2024?,True,Yes,boolean,3021.0 ≥ -4032.0 → True
FQ-00165,Alto Inc,2,ratio,"ratio((ci_fx_translation_YTD_Oct_31_2024 × cf_financing_YTD_Oct_31_2024), comprehensive_income_YTD_Oct_31_2024)","For Alto Inc, what is the result of the following computation: ratio((ci_fx_translation_YTD_Oct_31_2024 × cf_financing_YTD_Oct_31_2024), comprehensive_income_YTD_Oct_31_2024)? Evaluate any sub-expressions first, then apply the outer operation.",-74.0723,-74.0723,ratio,(284.0 × -4394.0 = -1247896.0) / (comprehensive_income_YTD_Oct_31_2024 = 16847.0) = -74.0723
FQ-00166,Zion Solutions,0,,ci_total_oci_Q_Oct_31_2025,What was the total other comprehensive income/(loss) reported by Zion Solutions for the quarter ended Oct 31 2025?,103.0,103.00,numeric,ci_total_oci_Q_Oct_31_2025 = 103.0
FQ-00167,Trek Holdings,2,divide,((retained_earnings_Oct_31_2025 × current_assets_Oct_31_2025) ÷ ci_total_oci_Q_Oct_31_2024),"For Trek Holdings, what is the result of the following computation: ((retained_earnings_Oct_31_2025 × current_assets_Oct_31_2025) ÷ ci_total_oci_Q_Oct_31_2024)? Evaluate any sub-expressions first, then apply the outer operation.",-514564.2,"-514,564",numeric,(-1461.0 × 28176.0 = -41165136.0) / (ci_total_oci_Q_Oct_31_2024 = 80.0) = -514564.2
FQ-00168,Vex Industries,1,ratio,"ratio(net_income_YTD_Oct_31_2024, sga_expense_YTD_Oct_31_2024)",What is the ratio of net income to selling general and administrative expense for Vex Industries for the year-to-date period ended Oct 31 2024?,0.5231,0.5231,ratio,13725.0 / 26238.0 = 0.5231
FQ-00169,Nova Enterprises,1,multiply,(pretax_income_Q_Oct_31_2025 × shares_diluted_YTD_Oct_31_2025),What is the product of income before taxes (for the quarter ended Oct 31 2025) and diluted shares used in computing EPS (for the year-to-date period ended Oct 31 2025) for Nova Enterprises?,9223951104.0,"9,223,951,104",numeric,2304.0 × 4003451.0 = 9223951104.0
FQ-00170,Mira Systems,1,greater_equal,(ci_net_income_YTD_Oct_31_2025 ≥ cf_financing_YTD_Oct_31_2025),Is net income greater than or equal to net cash from financing activities for Mira Systems for the year-to-date period ended Oct 31 2025?,True,Yes,boolean,6252.0 ≥ -5827.0 → True
FQ-00171,Vex Industries,2,divide,"(ratio(eps_basic_Q_Oct_31_2024, net_income_Q_Oct_31_2024) ÷ total_equity_Oct_31_2025)","For Vex Industries, what is the result of the following computation: (ratio(eps_basic_Q_Oct_31_2024, net_income_Q_Oct_31_2024) ÷ total_equity_Oct_31_2025)? Evaluate any sub-expressions first, then apply the outer operation.",0.0,0.00,numeric,(0.52 / 4575.0 = 0.0001) / (total_equity_Oct_31_2025 = 4937.0) = 0.0
FQ-00172,Vex Industries,1,subtract,(cf_net_change_YTD_Oct_31_2024 - ci_fx_translation_YTD_Oct_31_2024),"What is the difference between net change in cash and change in foreign currency translation (i.e., net change in cash minus change in foreign currency translation) for Vex Industries for the year-to-date period ended Oct 31 2024?",3663.0,"3,663",numeric,3744.0 - 81.0 = 3663.0
FQ-00173,Plex Technologies,2,divide,((cf_net_change_YTD_Oct_31_2024 × other_income_Q_Oct_31_2024) ÷ retained_earnings_Oct_31_2025),"For Plex Technologies, what is the result of the following computation: ((cf_net_change_YTD_Oct_31_2024 × other_income_Q_Oct_31_2024) ÷ retained_earnings_Oct_31_2025)? Evaluate any sub-expressions first, then apply the outer operation.",1645.5705,"1,646",numeric,(-13571.0 × -830.0 = 11263930.0) / (retained_earnings_Oct_31_2025 = 6845.0) = 1645.5705
FQ-00174,Nova Enterprises,1,less_than,(comprehensive_income_YTD_Oct_31_2024 < cf_da_YTD_Oct_31_2024),Is total comprehensive income strictly less than depreciation and amortization for Nova Enterprises for the year-to-date period ended Oct 31 2024?,True,Yes,boolean,4175.0 < 12000.0 → True
FQ-00175,Zion Corp,1,not_equals,(gross_profit_YTD_Oct_31_2025 ≠ gross_profit_YTD_Oct_31_2024),Is the gross profit (for the year-to-date period ended Oct 31 2025) different from gross profit (for the year-to-date period ended Oct 31 2024) for Zion Corp?,True,Yes,boolean,gross_profit_YTD_Oct_31_2025(76992.0) ≠ gross_profit_YTD_Oct_31_2024(84486.0)
FQ-00176,Nova Solutions,1,multiply,(other_income_YTD_Oct_31_2024 × shares_basic_YTD_Oct_31_2024),"What is the product of other income/(expense), net and basic shares used in computing EPS for Nova Solutions for the year-to-date period ended Oct 31 2024?",-974220000.0,"-974,220,000",numeric,-1200.0 × 811850.0 = -974220000.0
FQ-00177,Trek Holdings,2,divide,((membership_and_other_income_Q_Oct_31_2024 × shares_diluted_YTD_Oct_31_2024) ÷ cf_operating_YTD_Oct_31_2024),"For Trek Holdings, what is the result of the following computation: ((membership_and_other_income_Q_Oct_31_2024 × shares_diluted_YTD_Oct_31_2024) ÷ cf_operating_YTD_Oct_31_2024)? Evaluate any sub-expressions first, then apply the outer operation.",334517.3086,"334,517",numeric,(1009.0 × 8271761.0 = 8346206849.0) / (cf_operating_YTD_Oct_31_2024 = 24950.0) = 334517.3086
FQ-00178,Mira Systems,1,less_than,(ci_unrealized_gains_YTD_Oct_31_2025 < cf_investing_YTD_Oct_31_2025),Is change in unrealized gains/losses on securities strictly less than net cash from investing activities for Mira Systems for the year-to-date period ended Oct 31 2025?,False,No,boolean,150.0 < -14694.0 → False
FQ-00179,Nova Holdings,0,,cf_investing_YTD_Oct_31_2024,What was the net cash from investing activities reported by Nova Holdings for the year-to-date period ended Oct 31 2024?,-23296.0,"-23,296",numeric,cf_investing_YTD_Oct_31_2024 = -23296.0
FQ-00180,Trek Holdings,2,divide,((comprehensive_income_Q_Oct_31_2025 - gross_profit_Q_Oct_31_2025) ÷ total_equity_Dec_31_2024),"For Trek Holdings, what is the result of the following computation: ((comprehensive_income_Q_Oct_31_2025 - gross_profit_Q_Oct_31_2025) ÷ total_equity_Dec_31_2024)? Evaluate any sub-expressions first, then apply the outer operation.",3.2015,3.20,numeric,(4441.0 - 21470.0 = -17029.0) / (total_equity_Dec_31_2024 = -5319.0) = 3.2015
FQ-00181,Apex Technologies,1,multiply,(cf_closing_cash_YTD_Oct_31_2025 × st_investments_Oct_31_2025),What is the product of cash at end of period (for the year-to-date period ended Oct 31 2025) and short-term investments (as of Oct 31 2025) for Apex Technologies?,193472877.0,"193,472,877",numeric,47177.0 × 4101.0 = 193472877.0
FQ-00182,Mira Systems,1,multiply,(cf_net_income_YTD_Oct_31_2025 × inventories_Oct_31_2025),What is the product of net income (for the year-to-date period ended Oct 31 2025) and inventories (as of Oct 31 2025) for Mira Systems?,116618556.0,"116,618,556",numeric,6252.0 × 18653.0 = 116618556.0
FQ-00183,Nova Solutions,2,ratio,"ratio((shares_diluted_YTD_Oct_31_2025 ÷ long_term_debt_Oct_31_2025), ci_unrealized_gains_Q_Oct_31_2025)","For Nova Solutions, what is the result of the following computation: ratio((shares_diluted_YTD_Oct_31_2025 ÷ long_term_debt_Oct_31_2025), ci_unrealized_gains_Q_Oct_31_2025)? Evaluate any sub-expressions first, then apply the outer operation.",-0.0958,-0.0958,ratio,(779841.0 / 22991.0 = 33.9194) / (ci_unrealized_gains_Q_Oct_31_2025 = -354.0) = -0.0958
FQ-00184,Nova Enterprises,1,add,(total_liabilities_Oct_31_2025 + other_nca_Oct_31_2025),What is the sum of total liabilities and other non-current assets for Nova Enterprises as of Oct 31 2025?,111753.0,"111,753",numeric,102825.0 + 8928.0 = 111753.0
FQ-00185,Zion Corp,1,greater_than,(ci_net_income_YTD_Oct_31_2024 > membership_and_other_income_YTD_Oct_31_2024),Is net income strictly greater than membership and other income for Zion Corp for the year-to-date period ended Oct 31 2024?,True,Yes,boolean,27429.0 > 3312.0 → True
FQ-00186,Zion Corp,1,divide,(inventories_Oct_31_2025 ÷ shares_diluted_YTD_Oct_31_2025),What is the ratio of inventories (as of Oct 31 2025) to diluted shares used in computing EPS (for the year-to-date period ended Oct 31 2025) for Zion Corp?,0.0015,0.00,numeric,11144.0 / 7303512.0 = 0.0015
FQ-00187,Zion Corp,1,ratio,"ratio(rd_expense_YTD_Oct_31_2025, cf_financing_YTD_Oct_31_2025)",What is the ratio of research and development expense to net cash from financing activities for Zion Corp for the year-to-date period ended Oct 31 2025?,-0.1533,-0.1533,ratio,864.0 / -5637.0 = -0.1533
FQ-00188,Plex Technologies,1,ratio,"ratio(cf_capex_YTD_Oct_31_2025, long_term_debt_Oct_31_2025)",What is the ratio of capital expenditures (for the year-to-date period ended Oct 31 2025) to long-term debt (as of Oct 31 2025) for Plex Technologies?,-0.3029,-0.3029,ratio,-8108.0 / 26766.0 = -0.3029
FQ-00189,Zion Solutions,1,ratio,"ratio(retained_earnings_Oct_31_2025, aoci_Oct_31_2025)",What is the ratio of retained earnings to accumulated other comprehensive income/(loss) for Zion Solutions as of Oct 31 2025?,-3.7054,-3.7054,ratio,6377.0 / -1721.0 = -3.7054
FQ-00190,Orion Enterprises,2,ratio,"ratio((cf_financing_YTD_Oct_31_2025 - pretax_income_YTD_Oct_31_2025), accrued_expenses_Oct_31_2025)","For Orion Enterprises, what is the result of the following computation: ratio((cf_financing_YTD_Oct_31_2025 - pretax_income_YTD_Oct_31_2025), accrued_expenses_Oct_31_2025)? Evaluate any sub-expressions first, then apply the outer operation.",-6.37,-6.3700,ratio,(-6888.0 - 16356.0 = -23244.0) / (accrued_expenses_Oct_31_2025 = 3649.0) = -6.37
FQ-00191,Alto Inc,0,,operating_income_YTD_Oct_31_2024,What was the operating income reported by Alto Inc for the year-to-date period ended Oct 31 2024?,23352.0,"23,352",numeric,operating_income_YTD_Oct_31_2024 = 23352.0
FQ-00192,Zion Corp,1,less_than,(accrued_expenses_Oct_31_2025 < accounts_receivable_Oct_31_2025),"Is accrued expenses and other strictly less than accounts receivable, net for Zion Corp as of Oct 31 2025?",True,Yes,boolean,3256.0 < 10417.0 → True
FQ-00193,Nova Enterprises,2,ratio,"ratio(AVG(goodwill_Oct_31_2025), ci_fx_translation_Q_Oct_31_2025)","For Nova Enterprises, what is the result of the following computation: ratio(AVG(goodwill_Oct_31_2025), ci_fx_translation_Q_Oct_31_2025)? Evaluate any sub-expressions first, then apply the outer operation.",17.8296,17.8296,ratio,(AVG(goodwill_Oct_31_2025) = 7827.2) / (ci_fx_translation_Q_Oct_31_2025 = 439.0) = 17.8296
FQ-00194,Nova Solutions,0,,membership_and_other_income_YTD_Oct_31_2025,What was the membership and other income reported by Nova Solutions for the year-to-date period ended Oct 31 2025?,1419.0,"1,419",numeric,membership_and_other_income_YTD_Oct_31_2025 = 1419.0
FQ-00195,Crest Systems,1,ratio,"ratio(total_costs_YTD_Oct_31_2025, cost_of_sales_Q_Oct_31_2025)",What is the ratio of total costs and expenses (for the year-to-date period ended Oct 31 2025) to cost of sales (for the quarter ended Oct 31 2025) for Crest Systems?,4.0093,4.0093,ratio,68394.0 / 17059.0 = 4.0093
FQ-00196,Mira Systems,2,ratio,"ratio((accounts_payable_Oct_31_2025 - total_equity_Oct_31_2025), other_ncl_Oct_31_2025)","For Mira Systems, what is the result of the following computation: ratio((accounts_payable_Oct_31_2025 - total_equity_Oct_31_2025), other_ncl_Oct_31_2025)? Evaluate any sub-expressions first, then apply the outer operation.",9.0309,9.0309,ratio,(43252.0 - 7598.0 = 35654.0) / (other_ncl_Oct_31_2025 = 3948.0) = 9.0309
FQ-00197,Crest Systems,2,ratio,"ratio((revenues_YTD_Oct_31_2024 × ci_net_income_Q_Oct_31_2024), other_ncl_Oct_31_2025)","For Crest Systems, what is the result of the following computation: ratio((revenues_YTD_Oct_31_2024 × ci_net_income_Q_Oct_31_2024), other_ncl_Oct_31_2025)? Evaluate any sub-expressions first, then apply the outer operation.",90018.2961,90018.2961,ratio,(77967.0 × 2211.0 = 172385037.0) / (other_ncl_Oct_31_2025 = 1915.0) = 90018.2961
FQ-00198,Zion Solutions,2,ratio,"ratio(ratio(gross_profit_YTD_Oct_31_2024, cf_sbc_YTD_Oct_31_2024), cash_Dec_31_2024)","For Zion Solutions, what is the result of the following computation: ratio(ratio(gross_profit_YTD_Oct_31_2024, cf_sbc_YTD_Oct_31_2024), cash_Dec_31_2024)? Evaluate any sub-expressions first, then apply the outer operation.",0.0275,0.0275,ratio,(32016.0 / 682.0 = 46.9443) / (cash_Dec_31_2024 = 1704.0) = 0.0275
FQ-00199,Volt Inc,1,greater_equal,(cf_net_change_YTD_Oct_31_2024 ≥ ci_unrealized_gains_YTD_Oct_31_2024),Is net change in cash greater than or equal to change in unrealized gains/losses on securities for Volt Inc for the year-to-date period ended Oct 31 2024?,True,Yes,boolean,411.0 ≥ 102.0 → True
FQ-00200,Mira Systems,1,divide,(eps_basic_YTD_Oct_31_2024 ÷ shares_diluted_YTD_Oct_31_2024),What is the ratio of basic earnings per share to diluted shares used in computing EPS for Mira Systems for the year-to-date period ended Oct 31 2024?,0.0,0.00,numeric,0.82 / 7257766.0 = 0.0
FQ-00201,Mira Systems,0,,cf_net_change_YTD_Oct_31_2025,What was the net change in cash reported by Mira Systems for the year-to-date period ended Oct 31 2025?,12512.0,"12,512",numeric,cf_net_change_YTD_Oct_31_2025 = 12512.0
FQ-00202,Nova Holdings,1,divide,(tax_Q_Oct_31_2025 ÷ sga_expense_Q_Oct_31_2025),What is the ratio of provision for income taxes to selling general and administrative expense for Nova Holdings for the quarter ended Oct 31 2025?,0.0974,0.10,numeric,2841.0 / 29173.0 = 0.0974
FQ-00203,Zion Solutions,1,divide,(deferred_revenue_Dec_31_2024 ÷ inventories_Dec_31_2024),What is the ratio of deferred revenue to inventories for Zion Solutions as of Dec 31 2024?,0.2069,0.21,numeric,1520.0 / 7345.0 = 0.2069
FQ-00204,Crest Systems,1,subtract,(cf_capex_YTD_Oct_31_2025 - membership_and_other_income_YTD_Oct_31_2025),"What is the difference between capital expenditures and membership and other income (i.e., capital expenditures minus membership and other income) for Crest Systems for the year-to-date period ended Oct 31 2025?",-4704.0,"-4,704",numeric,-3588.0 - 1116.0 = -4704.0
FQ-00205,Peak Systems,1,divide,(accounts_payable_Oct_31_2025 ÷ ci_total_oci_Q_Oct_31_2025),What is the ratio of accounts payable (as of Oct 31 2025) to total other comprehensive income/(loss) (for the quarter ended Oct 31 2025) for Peak Systems?,-28.3769,-28.38,numeric,19126.0 / -674.0 = -28.3769
FQ-00206,Peak Systems,2,divide,"(ratio(eps_diluted_Q_Oct_31_2024, tax_YTD_Oct_31_2024) ÷ shares_basic_YTD_Oct_31_2025)","For Peak Systems, what is the result of the following computation: (ratio(eps_diluted_Q_Oct_31_2024, tax_YTD_Oct_31_2024) ÷ shares_basic_YTD_Oct_31_2025)? Evaluate any sub-expressions first, then apply the outer operation.",0.0,0.00,numeric,(1.63 / 1200.0 = 0.0014) / (shares_basic_YTD_Oct_31_2025 = 771627.0) = 0.0
FQ-00207,Volt Inc,1,less_than,(rd_expense_Q_Oct_31_2024 < cost_of_sales_Q_Oct_31_2024),Is research and development expense strictly less than cost of sales for Volt Inc for the quarter ended Oct 31 2024?,True,Yes,boolean,179.0 < 95838.0 → True
FQ-00208,Zion Solutions,1,add,(cf_investing_YTD_Oct_31_2025 + pretax_income_YTD_Oct_31_2025),What is the sum of net cash from investing activities and income before taxes for Zion Solutions for the year-to-date period ended Oct 31 2025?,1214.0,"1,214",numeric,-4267.0 + 5481.0 = 1214.0
FQ-00209,Alto Inc,1,ratio,"ratio(cost_of_sales_Q_Oct_31_2025, gross_profit_Q_Oct_31_2025)",What is the ratio of cost of sales to gross profit for Alto Inc for the quarter ended Oct 31 2025?,2.399,2.3990,ratio,59007.0 / 24597.0 = 2.399
FQ-00210,Nova Enterprises,2,ratio,"ratio(ratio(ci_fx_translation_Q_Oct_31_2025, accrued_expenses_Oct_31_2025), common_stock_apic_Dec_31_2024)","For Nova Enterprises, what is the result of the following computation: ratio(ratio(ci_fx_translation_Q_Oct_31_2025, accrued_expenses_Oct_31_2025), common_stock_apic_Dec_31_2024)? Evaluate any sub-expressions first, then apply the outer operation.",0.0,0.0000,ratio,(439.0 / 11112.0 = 0.0395) / (common_stock_apic_Dec_31_2024 = 16581.0) = 0.0
FQ-00211,Mira Systems,0,,rd_expense_Q_Oct_31_2024,What was the research and development expense reported by Mira Systems for the quarter ended Oct 31 2024?,367.0,367.00,numeric,rd_expense_Q_Oct_31_2024 = 367.0
FQ-00212,Volt Inc,1,divide,(accrued_expenses_Dec_31_2024 ÷ total_assets_Dec_31_2024),What is the ratio of accrued expenses and other to total assets for Volt Inc as of Dec 31 2024?,0.061,0.06,numeric,6327.0 / 103737.0 = 0.061
FQ-00213,Peak Systems,1,ratio,"ratio(ci_total_oci_YTD_Oct_31_2025, sga_expense_Q_Oct_31_2025)",What is the ratio of total other comprehensive income/(loss) (for the year-to-date period ended Oct 31 2025) to selling general and administrative expense (for the quarter ended Oct 31 2025) for Peak Systems?,0.016,0.0160,ratio,297.0 / 18579.0 = 0.016
FQ-00214,Volt Inc,1,greater_than,(st_investments_Dec_31_2024 > current_debt_Dec_31_2024),Is short-term investments strictly greater than current portion of long-term debt for Volt Inc as of Dec 31 2024?,True,Yes,boolean,5921.0 > 2770.0 → True
FQ-00215,Crest Systems,1,sum_agg,SUM(common_stock_apic_Oct_31_2025),What is the total sum of common stock and additional paid-in capital as of Oct 31 2025 across all companies in the dataset?,161757.0,"161,757",numeric,SUM(common_stock_apic_Oct_31_2025) = 161757.0
FQ-00216,Vex Industries,2,divide,((cost_of_sales_Q_Oct_31_2024 + rd_expense_Q_Oct_31_2024) ÷ total_assets_Oct_31_2025),"For Vex Industries, what is the result of the following computation: ((cost_of_sales_Q_Oct_31_2024 + rd_expense_Q_Oct_31_2024) ÷ total_assets_Oct_31_2025)? Evaluate any sub-expressions first, then apply the outer operation.",0.7095,0.71,numeric,(29414.0 + 216.0 = 29630.0) / (total_assets_Oct_31_2025 = 41762.0) = 0.7095
FQ-00217,Mira Systems,1,multiply,(ci_unrealized_gains_YTD_Oct_31_2025 × rd_expense_Q_Oct_31_2025),What is the product of change in unrealized gains/losses on securities (for the year-to-date period ended Oct 31 2025) and research and development expense (for the quarter ended Oct 31 2025) for Mira Systems?,60150.0,"60,150",numeric,150.0 × 401.0 = 60150.0
FQ-00218,Zion Corp,1,greater_than,(comprehensive_income_YTD_Oct_31_2025 > ci_net_income_YTD_Oct_31_2025),Is total comprehensive income strictly greater than net income for Zion Corp for the year-to-date period ended Oct 31 2025?,True,Yes,boolean,25467.0 > 24996.0 → True
FQ-00219,Peak Systems,1,ratio,"ratio(comprehensive_income_YTD_Oct_31_2024, ci_fx_translation_YTD_Oct_31_2024)",What is the ratio of total comprehensive income to change in foreign currency translation for Peak Systems for the year-to-date period ended Oct 31 2024?,27.3831,27.3831,ratio,4217.0 / 154.0 = 27.3831
FQ-00220,Mira Systems,2,divide,((cf_investing_YTD_Oct_31_2024 + net_income_YTD_Oct_31_2024) ÷ goodwill_Dec_31_2024),"For Mira Systems, what is the result of the following computation: ((cf_investing_YTD_Oct_31_2024 + net_income_YTD_Oct_31_2024) ÷ goodwill_Dec_31_2024)? Evaluate any sub-expressions first, then apply the outer operation.",-0.9281,-0.93,numeric,(-13439.0 + 5718.0 = -7721.0) / (goodwill_Dec_31_2024 = 8319.0) = -0.9281
FQ-00221,Nova Holdings,0,,eps_diluted_YTD_Oct_31_2025,What was the diluted earnings per share reported by Nova Holdings for the year-to-date period ended Oct 31 2025?,2.85,2.85,numeric,eps_diluted_YTD_Oct_31_2025 = 2.85
FQ-00222,Mira Systems,1,divide,(other_nca_Oct_31_2025 ÷ cf_sbc_YTD_Oct_31_2025),What is the ratio of other non-current assets (as of Oct 31 2025) to stock-based compensation (for the year-to-date period ended Oct 31 2025) for Mira Systems?,1.5131,1.51,numeric,3120.0 / 2062.0 = 1.5131
FQ-00223,Nova Solutions,1,multiply,(ci_fx_translation_YTD_Oct_31_2025 × other_nca_Oct_31_2025),What is the product of change in foreign currency translation (for the year-to-date period ended Oct 31 2025) and other non-current assets (as of Oct 31 2025) for Nova Solutions?,-1365728.0,"-1,365,728",numeric,-196.0 × 6968.0 = -1365728.0
FQ-00224,Nova Enterprises,1,greater_equal,(rd_expense_YTD_Oct_31_2024 ≥ ci_net_income_YTD_Oct_31_2024),Is research and development expense greater than or equal to net income for Nova Enterprises for the year-to-date period ended Oct 31 2024?,False,No,boolean,2160.0 ≥ 4701.0 → False
FQ-00225,Mira Systems,1,equals,(gross_profit_YTD_Oct_31_2025 = gross_profit_YTD_Oct_31_2024),Is the gross profit (for the year-to-date period ended Oct 31 2025) equal to gross profit (for the year-to-date period ended Oct 31 2024) for Mira Systems?,False,No,boolean,gross_profit_YTD_Oct_31_2025(74511.0) = gross_profit_YTD_Oct_31_2024(68145.0)
FQ-00226,Nova Enterprises,1,multiply,(ci_unrealized_gains_YTD_Oct_31_2024 × ci_net_income_YTD_Oct_31_2024),What is the product of change in unrealized gains/losses on securities and net income for Nova Enterprises for the year-to-date period ended Oct 31 2024?,-1137642.0,"-1,137,642",numeric,-242.0 × 4701.0 = -1137642.0
FQ-00227,Vex Industries,1,greater_equal,(cf_net_change_YTD_Oct_31_2024 ≥ cf_financing_YTD_Oct_31_2024),Is net change in cash greater than or equal to net cash from financing activities for Vex Industries for the year-to-date period ended Oct 31 2024?,True,Yes,boolean,3744.0 ≥ -3249.0 → True
FQ-00228,Alto Inc,0,,revenues_Q_Oct_31_2025,What was the total revenues reported by Alto Inc for the quarter ended Oct 31 2025?,84573.0,"84,573",numeric,revenues_Q_Oct_31_2025 = 84573.0
FQ-00229,Apex Technologies,1,avg_agg,AVG(shares_basic_YTD_Oct_31_2025),What is the average of basic shares used in computing EPS for the year-to-date period ended Oct 31 2025 across all companies in the dataset?,5538188.07,"5,538,188",numeric,AVG(shares_basic_YTD_Oct_31_2025) = 5538188.07
FQ-00230,Crest Systems,1,ratio,"ratio(gross_profit_Q_Oct_31_2024, shares_diluted_YTD_Oct_31_2024)",What is the ratio of gross profit (for the quarter ended Oct 31 2024) to diluted shares used in computing EPS (for the year-to-date period ended Oct 31 2024) for Crest Systems?,0.0012,0.0012,ratio,8369.0 / 6728315.0 = 0.0012
FQ-00231,Zion Corp,2,divide,"(ratio(operating_income_YTD_Oct_31_2025, shares_diluted_Q_Oct_31_2025) ÷ total_costs_Q_Oct_31_2024)","For Zion Corp, what is the result of the following computation: (ratio(operating_income_YTD_Oct_31_2025, shares_diluted_Q_Oct_31_2025) ÷ total_costs_Q_Oct_31_2024)? Evaluate any sub-expressions first, then apply the outer operation.",0.0,0.00,numeric,(36663.0 / 7618000.0 = 0.0048) / (total_costs_Q_Oct_31_2024 = 72733.0) = 0.0
FQ-00232,Zion Solutions,2,divide,((cf_operating_YTD_Oct_31_2024 - comprehensive_income_YTD_Oct_31_2024) ÷ shares_diluted_Q_Oct_31_2024),"For Zion Solutions, what is the result of the following computation: ((cf_operating_YTD_Oct_31_2024 - comprehensive_income_YTD_Oct_31_2024) ÷ shares_diluted_Q_Oct_31_2024)? Evaluate any sub-expressions first, then apply the outer operation.",0.0009,0.00,numeric,(10812.0 - 4097.0 = 6715.0) / (shares_diluted_Q_Oct_31_2024 = 7537438.0) = 0.0009
FQ-00233,Orion Enterprises,1,multiply,(cf_closing_cash_YTD_Oct_31_2025 × operating_income_YTD_Oct_31_2025),What is the product of cash at end of period and operating income for Orion Enterprises for the year-to-date period ended Oct 31 2025?,268516038.0,"268,516,038",numeric,15722.0 × 17079.0 = 268516038.0
FQ-00234,Peak Systems,1,multiply,(gross_profit_Q_Oct_31_2025 × other_income_Q_Oct_31_2025),"What is the product of gross profit and other income/(expense), net for Peak Systems for the quarter ended Oct 31 2025?",-8592064.0,"-8,592,064",numeric,20654.0 × -416.0 = -8592064.0
FQ-00235,Apex Technologies,1,multiply,(cf_dividends_YTD_Oct_31_2025 × eps_diluted_YTD_Oct_31_2025),What is the product of dividends paid and diluted earnings per share for Apex Technologies for the year-to-date period ended Oct 31 2025?,-6238.08,"-6,238",numeric,-1083.0 × 5.76 = -6238.08
FQ-00236,Trek Holdings,1,change,"Δ(goodwill, BS_Oct_31_2025 → BS_Dec_31_2024)",What is the absolute change in goodwill for Trek Holdings from as of Dec 31 2024 to as of Oct 31 2025?,-536.0,-536.00,numeric,4702.0 - 5238.0 = -536.0
FQ-00237,Nova Holdings,1,less_equal,(cf_investing_YTD_Oct_31_2024 ≤ cf_net_income_YTD_Oct_31_2024),Is net cash from investing activities less than or equal to net income for Nova Holdings for the year-to-date period ended Oct 31 2024?,True,Yes,boolean,-23296.0 ≤ 25014.0 → True
FQ-00238,Nova Holdings,2,ratio,"ratio((revenues_YTD_Oct_31_2025 + cf_net_income_YTD_Oct_31_2025), rd_expense_Q_Oct_31_2024)","For Nova Holdings, what is the result of the following computation: ratio((revenues_YTD_Oct_31_2025 + cf_net_income_YTD_Oct_31_2025), rd_expense_Q_Oct_31_2024)? Evaluate any sub-expressions first, then apply the outer operation.",3624.0455,3624.0455,ratio,(455898.0 + 22476.0 = 478374.0) / (rd_expense_Q_Oct_31_2024 = 132.0) = 3624.0455
FQ-00239,Nova Solutions,1,ratio,"ratio(total_assets_Dec_31_2024, common_stock_apic_Dec_31_2024)",What is the ratio of total assets to common stock and additional paid-in capital for Nova Solutions as of Dec 31 2024?,3.2718,3.2718,ratio,91509.0 / 27969.0 = 3.2718
FQ-00240,Peak Systems,1,ratio,"ratio(shares_diluted_YTD_Oct_31_2024, sga_expense_Q_Oct_31_2024)",What is the ratio of diluted shares used in computing EPS (for the year-to-date period ended Oct 31 2024) to selling general and administrative expense (for the quarter ended Oct 31 2024) for Peak Systems?,41.9771,41.9771,ratio,767342.0 / 18280.0 = 41.9771
FQ-00241,Nova Holdings,1,divide,(revenues_YTD_Oct_31_2025 ÷ cf_repurchases_YTD_Oct_31_2025),What is the ratio of total revenues to share repurchases for Nova Holdings for the year-to-date period ended Oct 31 2025?,-131.0805,-131.08,numeric,455898.0 / -3478.0 = -131.0805
FQ-00242,Zion Solutions,0,,cf_net_income_YTD_Oct_31_2025,What was the net income reported by Zion Solutions for the year-to-date period ended Oct 31 2025?,4011.0,"4,011",numeric,cf_net_income_YTD_Oct_31_2025 = 4011.0
FQ-00243,Zion Corp,1,ratio,"ratio(total_costs_YTD_Oct_31_2025, cf_net_income_YTD_Oct_31_2025)",What is the ratio of total costs and expenses to net income for Zion Corp for the year-to-date period ended Oct 31 2025?,7.9551,7.9551,ratio,198846.0 / 24996.0 = 7.9551
FQ-00244,Orion Enterprises,2,divide,"(ratio(current_debt_Oct_31_2025, other_income_YTD_Oct_31_2025) ÷ eps_basic_YTD_Oct_31_2025)","For Orion Enterprises, what is the result of the following computation: (ratio(current_debt_Oct_31_2025, other_income_YTD_Oct_31_2025) ÷ eps_basic_YTD_Oct_31_2025)? Evaluate any sub-expressions first, then apply the outer operation.",-3.9538,-3.95,numeric,(4831.0 / -723.0 = -6.6819) / (eps_basic_YTD_Oct_31_2025 = 1.69) = -3.9538
FQ-00245,Plex Technologies,2,divide,((comprehensive_income_YTD_Oct_31_2024 ÷ membership_and_other_income_Q_Oct_31_2024) ÷ goodwill_Oct_31_2025),"For Plex Technologies, what is the result of the following computation: ((comprehensive_income_YTD_Oct_31_2024 ÷ membership_and_other_income_Q_Oct_31_2024) ÷ goodwill_Oct_31_2025)? Evaluate any sub-expressions first, then apply the outer operation.",-0.0001,-0.00,numeric,(-1797.0 / 1067.0 = -1.6842) / (goodwill_Oct_31_2025 = 13557.0) = -0.0001
FQ-00246,Apex Technologies,1,multiply,(tax_YTD_Oct_31_2025 × tax_Q_Oct_31_2025),What is the product of provision for income taxes (for the year-to-date period ended Oct 31 2025) and provision for income taxes (for the quarter ended Oct 31 2025) for Apex Technologies?,29710827.0,"29,710,827",numeric,9441.0 × 3147.0 = 29710827.0
FQ-00247,Mira Systems,0,,gross_profit_Q_Oct_31_2024,What was the gross profit reported by Mira Systems for the quarter ended Oct 31 2024?,22715.0,"22,715",numeric,gross_profit_Q_Oct_31_2024 = 22715.0
FQ-00248,Apex Technologies,1,multiply,(net_income_YTD_Oct_31_2025 × membership_and_other_income_Q_Oct_31_2025),What is the product of net income (for the year-to-date period ended Oct 31 2025) and membership and other income (for the quarter ended Oct 31 2025) for Apex Technologies?,34908768.0,"34,908,768",numeric,27444.0 × 1272.0 = 34908768.0
FQ-00249,Plex Technologies,0,,cf_sbc_YTD_Oct_31_2024,What was the stock-based compensation reported by Plex Technologies for the year-to-date period ended Oct 31 2024?,2594.0,"2,594",numeric,cf_sbc_YTD_Oct_31_2024 = 2594.0
FQ-00250,Volt Inc,1,ratio,"ratio(other_income_YTD_Oct_31_2024, ci_fx_translation_Q_Oct_31_2024)","What is the ratio of other income/(expense), net (for the year-to-date period ended Oct 31 2024) to change in foreign currency translation (for the quarter ended Oct 31 2024) for Volt Inc?",-20.75,-20.7500,ratio,-996.0 / 48.0 = -20.75
FQ-00251,Peak Systems,2,divide,((comprehensive_income_Q_Oct_31_2024 ÷ ci_net_income_YTD_Oct_31_2024) ÷ total_costs_YTD_Oct_31_2025),"For Peak Systems, what is the result of the following computation: ((comprehensive_income_Q_Oct_31_2024 ÷ ci_net_income_YTD_Oct_31_2024) ÷ total_costs_YTD_Oct_31_2025)? Evaluate any sub-expressions first, then apply the outer operation.",0.0,0.00,numeric,(1408.0 / 3927.0 = 0.3585) / (total_costs_YTD_Oct_31_2025 = 210552.0) = 0.0
FQ-00252,Orion Enterprises,1,subtract,(other_income_YTD_Oct_31_2024 - cf_net_change_YTD_Oct_31_2024),"What is the difference between other income/(expense), net and net change in cash (i.e., other income/(expense), net minus net change in cash) for Orion Enterprises for the year-to-date period ended Oct 31 2024?",-12688.0,"-12,688",numeric,-708.0 - 11980.0 = -12688.0
FQ-00253,Crest Systems,1,divide,(cf_closing_cash_YTD_Oct_31_2025 ÷ retained_earnings_Oct_31_2025),What is the ratio of cash at end of period (for the year-to-date period ended Oct 31 2025) to retained earnings (as of Oct 31 2025) for Crest Systems?,6.8096,6.81,numeric,8192.0 / 1203.0 = 6.8096
FQ-00254,Plex Technologies,2,divide,((shares_diluted_Q_Oct_31_2024 × total_costs_YTD_Oct_31_2024) ÷ cf_repurchases_YTD_Oct_31_2025),"For Plex Technologies, what is the result of the following computation: ((shares_diluted_Q_Oct_31_2024 × total_costs_YTD_Oct_31_2024) ÷ cf_repurchases_YTD_Oct_31_2025)? Evaluate any sub-expressions first, then apply the outer operation.",-198591287.8969,"-198,591,288",numeric,(986659.0 × 275145.0 = 271474290555.0) / (cf_repurchases_YTD_Oct_31_2025 = -1367.0) = -198591287.8969
FQ-00255,Nova Holdings,1,add,(current_debt_Oct_31_2025 + total_liabilities_Oct_31_2025),What is the sum of current portion of long-term debt and total liabilities for Nova Holdings as of Oct 31 2025?,93566.0,"93,566",numeric,5266.0 + 88300.0 = 93566.0
FQ-00256,Plex Technologies,2,divide,((ci_fx_translation_Q_Oct_31_2025 + operating_income_Q_Oct_31_2025) ÷ operating_income_YTD_Oct_31_2025),"For Plex Technologies, what is the result of the following computation: ((ci_fx_translation_Q_Oct_31_2025 + operating_income_Q_Oct_31_2025) ÷ operating_income_YTD_Oct_31_2025)? Evaluate any sub-expressions first, then apply the outer operation.",-0.0568,-0.06,numeric,(-103.0 + 88.0 = -15.0) / (operating_income_YTD_Oct_31_2025 = 264.0) = -0.0568
FQ-00257,Nova Solutions,2,divide,((tax_YTD_Oct_31_2025 - total_costs_YTD_Oct_31_2025) ÷ cf_net_change_YTD_Oct_31_2025),"For Nova Solutions, what is the result of the following computation: ((tax_YTD_Oct_31_2025 - total_costs_YTD_Oct_31_2025) ÷ cf_net_change_YTD_Oct_31_2025)? Evaluate any sub-expressions first, then apply the outer operation.",-13.2884,-13.29,numeric,(8067.0 - 237585.0 = -229518.0) / (cf_net_change_YTD_Oct_31_2025 = 17272.0) = -13.2884
FQ-00258,Crest Systems,2,divide,((deferred_revenue_Dec_31_2024 × total_liabilities_Dec_31_2024) ÷ other_nca_Dec_31_2024),"For Crest Systems, what is the result of the following computation: ((deferred_revenue_Dec_31_2024 × total_liabilities_Dec_31_2024) ÷ other_nca_Dec_31_2024)? Evaluate any sub-expressions first, then apply the outer operation.",38979.7124,"38,980",numeric,(1462.0 × 24289.0 = 35510518.0) / (other_nca_Dec_31_2024 = 911.0) = 38979.7124
FQ-00259,Zion Corp,1,ratio,"ratio(other_income_Q_Oct_31_2025, cf_closing_cash_YTD_Oct_31_2025)","What is the ratio of other income/(expense), net (for the quarter ended Oct 31 2025) to cash at end of period (for the year-to-date period ended Oct 31 2025) for Zion Corp?",-0.0298,-0.0298,ratio,-666.0 / 22384.0 = -0.0298
FQ-00260,Volt Inc,1,multiply,(cf_sbc_YTD_Oct_31_2024 × gross_profit_Q_Oct_31_2024),What is the product of stock-based compensation (for the year-to-date period ended Oct 31 2024) and gross profit (for the quarter ended Oct 31 2024) for Volt Inc?,69746120.0,"69,746,120",numeric,2162.0 × 32260.0 = 69746120.0
FQ-00261,Mira Systems,2,divide,((cf_operating_YTD_Oct_31_2024 - cf_net_income_YTD_Oct_31_2024) ÷ shares_diluted_Q_Oct_31_2025),"For Mira Systems, what is the result of the following computation: ((cf_operating_YTD_Oct_31_2024 - cf_net_income_YTD_Oct_31_2024) ÷ shares_diluted_Q_Oct_31_2025)? Evaluate any sub-expressions first, then apply the outer operation.",0.0034,0.00,numeric,(29947.0 - 5718.0 = 24229.0) / (shares_diluted_Q_Oct_31_2025 = 7090000.0) = 0.0034
FQ-00262,Zion Corp,1,divide,(other_income_YTD_Oct_31_2025 ÷ inventories_Oct_31_2025),"What is the ratio of other income/(expense), net (for the year-to-date period ended Oct 31 2025) to inventories (as of Oct 31 2025) for Zion Corp?",-0.1793,-0.18,numeric,-1998.0 / 11144.0 = -0.1793
FQ-00263,Trek Holdings,2,divide,"(ratio(tax_Q_Oct_31_2024, shares_diluted_Q_Oct_31_2024) ÷ comprehensive_income_Q_Oct_31_2025)","For Trek Holdings, what is the result of the following computation: (ratio(tax_Q_Oct_31_2024, shares_diluted_Q_Oct_31_2024) ÷ comprehensive_income_Q_Oct_31_2025)? Evaluate any sub-expressions first, then apply the outer operation.",0.0,0.00,numeric,(1183.0 / 8697400.0 = 0.0001) / (comprehensive_income_Q_Oct_31_2025 = 4441.0) = 0.0
FQ-00264,Plex Technologies,1,ratio,"ratio(cost_of_sales_Q_Oct_31_2024, cf_investing_YTD_Oct_31_2024)",What is the ratio of cost of sales (for the quarter ended Oct 31 2024) to net cash from investing activities (for the year-to-date period ended Oct 31 2024) for Plex Technologies?,-7.2214,-7.2214,ratio,67910.0 / -9404.0 = -7.2214
FQ-00265,Apex Technologies,1,multiply,(net_income_Q_Oct_31_2025 × other_nca_Oct_31_2025),What is the product of net income (for the quarter ended Oct 31 2025) and other non-current assets (as of Oct 31 2025) for Apex Technologies?,30645800.0,"30,645,800",numeric,9148.0 × 3350.0 = 30645800.0
FQ-00266,Plex Technologies,2,divide,((cost_of_sales_Q_Oct_31_2025 × inventories_Oct_31_2025) ÷ ci_unrealized_gains_Q_Oct_31_2025),"For Plex Technologies, what is the result of the following computation: ((cost_of_sales_Q_Oct_31_2025 × inventories_Oct_31_2025) ÷ ci_unrealized_gains_Q_Oct_31_2025)? Evaluate any sub-expressions first, then apply the outer operation.",-12077589.2059,"-12,077,589",numeric,(71903.0 × 11422.0 = 821276066.0) / (ci_unrealized_gains_Q_Oct_31_2025 = -68.0) = -12077589.2059
FQ-00267,Vex Industries,2,ratio,"ratio((ci_fx_translation_Q_Oct_31_2024 ÷ membership_and_other_income_Q_Oct_31_2024), cf_investing_YTD_Oct_31_2025)","For Vex Industries, what is the result of the following computation: ratio((ci_fx_translation_Q_Oct_31_2024 ÷ membership_and_other_income_Q_Oct_31_2024), cf_investing_YTD_Oct_31_2025)? Evaluate any sub-expressions first, then apply the outer operation.",-0.0,-0.0000,ratio,(31.0 / 609.0 = 0.0509) / (cf_investing_YTD_Oct_31_2025 = -4328.0) = -0.0
FQ-00268,Plex Technologies,1,add,(lt_investments_Dec_31_2024 + current_liabilities_Dec_31_2024),What is the sum of long-term marketable securities and total current liabilities for Plex Technologies as of Dec 31 2024?,84713.0,"84,713",numeric,17406.0 + 67307.0 = 84713.0
FQ-00269,Zion Corp,2,ratio,"ratio((cf_operating_YTD_Oct_31_2024 + cf_capex_YTD_Oct_31_2024), eps_basic_YTD_Oct_31_2024)","For Zion Corp, what is the result of the following computation: ratio((cf_operating_YTD_Oct_31_2024 + cf_capex_YTD_Oct_31_2024), eps_basic_YTD_Oct_31_2024)? Evaluate any sub-expressions first, then apply the outer operation.",7957.5342,7957.5342,ratio,(36291.0 + -7246.0 = 29045.0) / (eps_basic_YTD_Oct_31_2024 = 3.65) = 7957.5342
FQ-00270,Nova Enterprises,1,less_than,(total_liabilities_Dec_31_2024 < long_term_debt_Dec_31_2024),Is total liabilities strictly less than long-term debt for Nova Enterprises as of Dec 31 2024?,False,No,boolean,88898.0 < 19433.0 → False
FQ-00271,Orion Enterprises,1,ratio,"ratio(rd_expense_YTD_Oct_31_2025, shares_basic_Q_Oct_31_2025)",What is the ratio of research and development expense (for the year-to-date period ended Oct 31 2025) to basic shares used in computing EPS (for the quarter ended Oct 31 2025) for Orion Enterprises?,0.0003,0.0003,ratio,2001.0 / 7300000.0 = 0.0003
FQ-00272,Zion Corp,2,divide,((ppe_Dec_31_2024 × accounts_receivable_Dec_31_2024) ÷ total_costs_YTD_Oct_31_2024),"For Zion Corp, what is the result of the following computation: ((ppe_Dec_31_2024 × accounts_receivable_Dec_31_2024) ÷ total_costs_YTD_Oct_31_2024)? Evaluate any sub-expressions first, then apply the outer operation.",894.7735,894.77,numeric,(20748.0 × 9410.0 = 195238680.0) / (total_costs_YTD_Oct_31_2024 = 218199.0) = 894.7735
FQ-00273,Trek Holdings,1,multiply,(current_assets_Dec_31_2024 × prepaid_Dec_31_2024),What is the product of total current assets and prepaid expenses and other for Trek Holdings as of Dec 31 2024?,37714845.0,"37,714,845",numeric,25295.0 × 1491.0 = 37714845.0
FQ-00274,Orion Enterprises,2,divide,((sga_expense_Q_Oct_31_2024 × eps_diluted_Q_Oct_31_2024) ÷ other_income_Q_Oct_31_2024),"For Orion Enterprises, what is the result of the following computation: ((sga_expense_Q_Oct_31_2024 × eps_diluted_Q_Oct_31_2024) ÷ other_income_Q_Oct_31_2024)? Evaluate any sub-expressions first, then apply the outer operation.",-42.2778,-42.28,numeric,(18141.0 × 0.55 = 9977.55) / (other_income_Q_Oct_31_2024 = -236.0) = -42.2778
FQ-00275,Orion Enterprises,1,greater_than,(operating_income_YTD_Oct_31_2025 > cf_investing_YTD_Oct_31_2025),Is operating income strictly greater than net cash from investing activities for Orion Enterprises for the year-to-date period ended Oct 31 2025?,True,Yes,boolean,17079.0 > -8843.0 → True
FQ-00276,Volt Inc,1,divide,(aoci_Oct_31_2025 ÷ accrued_expenses_Oct_31_2025),What is the ratio of accumulated other comprehensive income/(loss) to accrued expenses and other for Volt Inc as of Oct 31 2025?,-0.4065,-0.41,numeric,-2964.0 / 7291.0 = -0.4065
FQ-00277,Nova Solutions,1,multiply,(ci_net_income_YTD_Oct_31_2024 × shares_diluted_Q_Oct_31_2024),What is the product of net income (for the year-to-date period ended Oct 31 2024) and diluted shares used in computing EPS (for the quarter ended Oct 31 2024) for Nova Solutions?,18882298800.0,"18,882,298,800",numeric,22800.0 × 828171.0 = 18882298800.0
FQ-00278,Alto Inc,1,ratio,"ratio(eps_diluted_YTD_Oct_31_2025, retained_earnings_Oct_31_2025)",What is the ratio of diluted earnings per share (for the year-to-date period ended Oct 31 2025) to retained earnings (as of Oct 31 2025) for Alto Inc?,0.0002,0.0002,ratio,1.88 / 10454.0 = 0.0002
FQ-00279,Plex Technologies,2,divide,((membership_and_other_income_YTD_Oct_31_2024 - cf_financing_YTD_Oct_31_2024) ÷ total_equity_Oct_31_2025),"For Plex Technologies, what is the result of the following computation: ((membership_and_other_income_YTD_Oct_31_2024 - cf_financing_YTD_Oct_31_2024) ÷ total_equity_Oct_31_2025)? Evaluate any sub-expressions first, then apply the outer operation.",0.5854,0.59,numeric,(3201.0 - -3671.0 = 6872.0) / (total_equity_Oct_31_2025 = 11738.0) = 0.5854
FQ-00280,Crest Systems,2,ratio,"ratio((comprehensive_income_YTD_Oct_31_2025 + total_costs_YTD_Oct_31_2025), retained_earnings_Oct_31_2025)","For Crest Systems, what is the result of the following computation: ratio((comprehensive_income_YTD_Oct_31_2025 + total_costs_YTD_Oct_31_2025), retained_earnings_Oct_31_2025)? Evaluate any sub-expressions first, then apply the outer operation.",62.2294,62.2294,ratio,(6468.0 + 68394.0 = 74862.0) / (retained_earnings_Oct_31_2025 = 1203.0) = 62.2294
FQ-00281,Alto Inc,0,,eps_basic_Q_Oct_31_2025,What was the basic earnings per share reported by Alto Inc for the quarter ended Oct 31 2025?,0.63,0.63,numeric,eps_basic_Q_Oct_31_2025 = 0.63
FQ-00282,Peak Systems,0,,other_income_Q_Oct_31_2025,"What was the other income/(expense), net reported by Peak Systems for the quarter ended Oct 31 2025?",-416.0,-416.00,numeric,other_income_Q_Oct_31_2025 = -416.0
FQ-00283,Zion Solutions,2,ratio,"ratio((goodwill_Oct_31_2025 ÷ accounts_receivable_Oct_31_2025), pretax_income_YTD_Oct_31_2025)","For Zion Solutions, what is the result of the following computation: ratio((goodwill_Oct_31_2025 ÷ accounts_receivable_Oct_31_2025), pretax_income_YTD_Oct_31_2025)? Evaluate any sub-expressions first, then apply the outer operation.",0.0002,0.0002,ratio,(4522.0 / 4241.0 = 1.0663) / (pretax_income_YTD_Oct_31_2025 = 5481.0) = 0.0002
FQ-00284,Nova Enterprises,1,subtract,(total_liabilities_Dec_31_2024 - aoci_Dec_31_2024),"What is the difference between total liabilities and accumulated other comprehensive income/(loss) (i.e., total liabilities minus accumulated other comprehensive income/(loss)) for Nova Enterprises as of Dec 31 2024?",88898.0,"88,898",numeric,88898.0 - 0.0 = 88898.0
FQ-00285,Vex Industries,2,divide,((current_liabilities_Dec_31_2024 × prepaid_Dec_31_2024) ÷ gross_profit_Q_Oct_31_2025),"For Vex Industries, what is the result of the following computation: ((current_liabilities_Dec_31_2024 × prepaid_Dec_31_2024) ÷ gross_profit_Q_Oct_31_2025)? Evaluate any sub-expressions first, then apply the outer operation.",1785.5034,"1,786",numeric,(26110.0 × 1046.0 = 27311060.0) / (gross_profit_Q_Oct_31_2025 = 15296.0) = 1785.5034
FQ-00286,Plex Technologies,2,divide,((sga_expense_YTD_Oct_31_2025 ÷ operating_income_Q_Oct_31_2025) ÷ cf_financing_YTD_Oct_31_2025),"For Plex Technologies, what is the result of the following computation: ((sga_expense_YTD_Oct_31_2025 ÷ operating_income_Q_Oct_31_2025) ÷ cf_financing_YTD_Oct_31_2025)? Evaluate any sub-expressions first, then apply the outer operation.",-0.2197,-0.22,numeric,(74247.0 / 88.0 = 843.7159) / (cf_financing_YTD_Oct_31_2025 = -3840.0) = -0.2197
FQ-00287,Volt Inc,1,greater_equal,(revenues_YTD_Oct_31_2024 ≥ cf_sbc_YTD_Oct_31_2024),Is total revenues greater than or equal to stock-based compensation for Volt Inc for the year-to-date period ended Oct 31 2024?,True,Yes,boolean,388485.0 ≥ 2162.0 → True
FQ-00288,Vex Industries,1,ratio,"ratio(st_investments_Dec_31_2024, current_liabilities_Dec_31_2024)",What is the ratio of short-term investments to total current liabilities for Vex Industries as of Dec 31 2024?,0.0837,0.0837,ratio,2185.0 / 26110.0 = 0.0837
FQ-00289,Crest Systems,1,ratio,"ratio(shares_basic_YTD_Oct_31_2025, cf_sbc_YTD_Oct_31_2025)",What is the ratio of basic shares used in computing EPS to stock-based compensation for Crest Systems for the year-to-date period ended Oct 31 2025?,10864.698,10864.6980,ratio,6942542.0 / 639.0 = 10864.698
FQ-00290,Orion Enterprises,2,ratio,"ratio((cost_of_sales_YTD_Oct_31_2025 ÷ shares_diluted_Q_Oct_31_2025), revenues_Q_Oct_31_2025)","For Orion Enterprises, what is the result of the following computation: ratio((cost_of_sales_YTD_Oct_31_2025 ÷ shares_diluted_Q_Oct_31_2025), revenues_Q_Oct_31_2025)? Evaluate any sub-expressions first, then apply the outer operation.",0.0,0.0000,ratio,(179232.0 / 7374000.0 = 0.0243) / (revenues_Q_Oct_31_2025 = 84640.0) = 0.0
FQ-00291,Nova Holdings,2,divide,((eps_diluted_Q_Oct_31_2025 × tax_YTD_Oct_31_2025) ÷ st_investments_Oct_31_2025),"For Nova Holdings, what is the result of the following computation: ((eps_diluted_Q_Oct_31_2025 × tax_YTD_Oct_31_2025) ÷ st_investments_Oct_31_2025)? Evaluate any sub-expressions first, then apply the outer operation.",0.627,0.63,numeric,(0.95 × 8523.0 = 8096.85) / (st_investments_Oct_31_2025 = 12914.0) = 0.627
FQ-00292,Trek Holdings,2,ratio,"ratio((cf_investing_YTD_Oct_31_2025 + total_costs_YTD_Oct_31_2025), other_ncl_Oct_31_2025)","For Trek Holdings, what is the result of the following computation: ratio((cf_investing_YTD_Oct_31_2025 + total_costs_YTD_Oct_31_2025), other_ncl_Oct_31_2025)? Evaluate any sub-expressions first, then apply the outer operation.",93.4533,93.4533,ratio,(-5412.0 + 212598.0 = 207186.0) / (other_ncl_Oct_31_2025 = 2217.0) = 93.4533
FQ-00293,Apex Technologies,1,multiply,(other_income_Q_Oct_31_2024 × sga_expense_Q_Oct_31_2024),"What is the product of other income/(expense), net and selling general and administrative expense for Apex Technologies for the quarter ended Oct 31 2024?",-28775250.0,"-28,775,250",numeric,-1050.0 × 27405.0 = -28775250.0
FQ-00294,Mira Systems,1,ratio,"ratio(other_ncl_Oct_31_2025, cost_of_sales_YTD_Oct_31_2025)",What is the ratio of other non-current liabilities (as of Oct 31 2025) to cost of sales (for the year-to-date period ended Oct 31 2025) for Mira Systems?,0.0163,0.0163,ratio,3948.0 / 242334.0 = 0.0163
FQ-00295,Trek Holdings,1,add,(cash_Oct_31_2025 + aoci_Oct_31_2025),What is the sum of cash and cash equivalents and accumulated other comprehensive income/(loss) for Trek Holdings as of Oct 31 2025?,3873.0,"3,873",numeric,3640.0 + 233.0 = 3873.0
FQ-00296,Mira Systems,1,divide,(aoci_Oct_31_2025 ÷ eps_basic_YTD_Oct_31_2025),What is the ratio of accumulated other comprehensive income/(loss) (as of Oct 31 2025) to basic earnings per share (for the year-to-date period ended Oct 31 2025) for Mira Systems?,-1116.8539,"-1,117",numeric,-994.0 / 0.89 = -1116.8539
FQ-00297,Peak Systems,2,divide,((retained_earnings_Oct_31_2025 + inventories_Oct_31_2025) ÷ comprehensive_income_Q_Oct_31_2025),"For Peak Systems, what is the result of the following computation: ((retained_earnings_Oct_31_2025 + inventories_Oct_31_2025) ÷ comprehensive_income_Q_Oct_31_2025)? Evaluate any sub-expressions first, then apply the outer operation.",19.3979,19.40,numeric,(4042.0 + 8683.0 = 12725.0) / (comprehensive_income_Q_Oct_31_2025 = 656.0) = 19.3979
FQ-00298,Apex Technologies,1,multiply,(total_liabilities_Dec_31_2024 × prepaid_Dec_31_2024),What is the product of total liabilities and prepaid expenses and other for Apex Technologies as of Dec 31 2024?,454304968.0,"454,304,968",numeric,100867.0 × 4504.0 = 454304968.0
FQ-00299,Apex Technologies,1,greater_equal,(ci_unrealized_gains_YTD_Oct_31_2025 ≥ ci_net_income_YTD_Oct_31_2025),Is change in unrealized gains/losses on securities greater than or equal to net income for Apex Technologies for the year-to-date period ended Oct 31 2025?,False,No,boolean,114.0 ≥ 27444.0 → False
FQ-00300,Crest Systems,2,ratio,"ratio((ci_fx_translation_YTD_Oct_31_2025 × eps_basic_Q_Oct_31_2025), eps_diluted_YTD_Oct_31_2025)","For Crest Systems, what is the result of the following computation: ratio((ci_fx_translation_YTD_Oct_31_2025 × eps_basic_Q_Oct_31_2025), eps_diluted_YTD_Oct_31_2025)? Evaluate any sub-expressions first, then apply the outer operation.",-19.5306,-19.5306,ratio,(-58.0 × 0.33 = -19.14) / (eps_diluted_YTD_Oct_31_2025 = 0.98) = -19.5306
FQ-00301,Zion Corp,1,multiply,(cf_da_YTD_Oct_31_2025 × eps_basic_YTD_Oct_31_2025),What is the product of depreciation and amortization and basic earnings per share for Zion Corp for the year-to-date period ended Oct 31 2025?,26376.93,"26,377",numeric,7921.0 × 3.33 = 26376.93
FQ-00302,Peak Systems,1,divide,(shares_diluted_YTD_Oct_31_2025 ÷ cf_net_change_YTD_Oct_31_2025),What is the ratio of diluted shares used in computing EPS to net change in cash for Peak Systems for the year-to-date period ended Oct 31 2025?,-322.0088,-322.01,numeric,801158.0 / -2488.0 = -322.0088
FQ-00303,Mira Systems,2,ratio,"ratio((ci_net_income_YTD_Oct_31_2024 × ci_total_oci_Q_Oct_31_2024), sga_expense_Q_Oct_31_2025)","For Mira Systems, what is the result of the following computation: ratio((ci_net_income_YTD_Oct_31_2024 × ci_total_oci_Q_Oct_31_2024), sga_expense_Q_Oct_31_2025)? Evaluate any sub-expressions first, then apply the outer operation.",33.3108,33.3108,ratio,(5718.0 × 125.0 = 714750.0) / (sga_expense_Q_Oct_31_2025 = 21457.0) = 33.3108
FQ-00304,Apex Technologies,1,divide,(rd_expense_Q_Oct_31_2025 ÷ membership_and_other_income_YTD_Oct_31_2025),What is the ratio of research and development expense (for the quarter ended Oct 31 2025) to membership and other income (for the year-to-date period ended Oct 31 2025) for Apex Technologies?,0.1111,0.11,numeric,424.0 / 3816.0 = 0.1111
FQ-00305,Orion Enterprises,1,greater_than,(long_term_debt_Dec_31_2024 > current_liabilities_Dec_31_2024),Is long-term debt strictly greater than total current liabilities for Orion Enterprises as of Dec 31 2024?,False,No,boolean,25581.0 > 56244.0 → False
FQ-00306,Plex Technologies,1,ratio,"ratio(ci_fx_translation_YTD_Oct_31_2025, membership_and_other_income_YTD_Oct_31_2025)",What is the ratio of change in foreign currency translation to membership and other income for Plex Technologies for the year-to-date period ended Oct 31 2025?,0.0717,0.0717,ratio,243.0 / 3390.0 = 0.0717
FQ-00307,Nova Holdings,1,divide,(shares_diluted_YTD_Oct_31_2024 ÷ cf_da_YTD_Oct_31_2024),What is the ratio of diluted shares used in computing EPS to depreciation and amortization for Nova Holdings for the year-to-date period ended Oct 31 2024?,773.7581,773.76,numeric,7805672.0 / 10088.0 = 773.7581
FQ-00308,Trek Holdings,2,ratio,"ratio((total_liabilities_Dec_31_2024 ÷ goodwill_Dec_31_2024), comprehensive_income_Q_Oct_31_2025)","For Trek Holdings, what is the result of the following computation: ratio((total_liabilities_Dec_31_2024 ÷ goodwill_Dec_31_2024), comprehensive_income_Q_Oct_31_2025)? Evaluate any sub-expressions first, then apply the outer operation.",0.0029,0.0029,ratio,(59837.0 / 4702.0 = 12.7259) / (comprehensive_income_Q_Oct_31_2025 = 4441.0) = 0.0029
FQ-00309,Apex Technologies,1,less_equal,(cf_capex_YTD_Oct_31_2024 ≤ cf_da_YTD_Oct_31_2024),Is capital expenditures less than or equal to depreciation and amortization for Apex Technologies for the year-to-date period ended Oct 31 2024?,True,Yes,boolean,-7776.0 ≤ 8890.0 → True
FQ-00310,Plex Technologies,2,ratio,"ratio((cf_net_income_YTD_Oct_31_2025 ÷ other_income_Q_Oct_31_2025), shares_diluted_YTD_Oct_31_2024)","For Plex Technologies, what is the result of the following computation: ratio((cf_net_income_YTD_Oct_31_2025 ÷ other_income_Q_Oct_31_2025), shares_diluted_YTD_Oct_31_2024)? Evaluate any sub-expressions first, then apply the outer operation.",0.0,0.0000,ratio,(-2373.0 / -879.0 = 2.6997) / (shares_diluted_YTD_Oct_31_2024 = 983263.0) = 0.0
FQ-00311,Orion Enterprises,2,divide,"(ratio(ci_unrealized_gains_Q_Oct_31_2025, cf_financing_YTD_Oct_31_2025) ÷ cf_repurchases_YTD_Oct_31_2024)","For Orion Enterprises, what is the result of the following computation: (ratio(ci_unrealized_gains_Q_Oct_31_2025, cf_financing_YTD_Oct_31_2025) ÷ cf_repurchases_YTD_Oct_31_2024)? Evaluate any sub-expressions first, then apply the outer operation.",0.0,0.00,numeric,(70.0 / -6888.0 = -0.0102) / (cf_repurchases_YTD_Oct_31_2024 = -3782.0) = 0.0
FQ-00312,Nova Solutions,1,divide,(pretax_income_Q_Oct_31_2024 ÷ cost_of_sales_Q_Oct_31_2024),What is the ratio of income before taxes to cost of sales for Nova Solutions for the quarter ended Oct 31 2024?,0.1637,0.16,numeric,10509.0 / 64193.0 = 0.1637
FQ-00313,Alto Inc,2,ratio,"ratio((cf_financing_YTD_Oct_31_2025 ÷ eps_basic_Q_Oct_31_2025), total_costs_YTD_Oct_31_2025)","For Alto Inc, what is the result of the following computation: ratio((cf_financing_YTD_Oct_31_2025 ÷ eps_basic_Q_Oct_31_2025), total_costs_YTD_Oct_31_2025)? Evaluate any sub-expressions first, then apply the outer operation.",-0.029,-0.0290,ratio,(-4215.0 / 0.63 = -6690.4762) / (total_costs_YTD_Oct_31_2025 = 230568.0) = -0.029
FQ-00314,Nova Holdings,1,greater_equal,(deferred_revenue_Dec_31_2024 ≥ total_assets_Dec_31_2024),Is deferred revenue greater than or equal to total assets for Nova Holdings as of Dec 31 2024?,False,No,boolean,4650.0 ≥ 137217.0 → False
FQ-00315,Plex Technologies,1,greater_than,(operating_income_YTD_Oct_31_2025 > cf_operating_YTD_Oct_31_2025),Is operating income strictly greater than net cash from operating activities for Plex Technologies for the year-to-date period ended Oct 31 2025?,False,No,boolean,264.0 > 1400.0 → False
FQ-00316,Nova Holdings,0,,shares_basic_YTD_Oct_31_2025,What was the basic shares used in computing EPS reported by Nova Holdings for the year-to-date period ended Oct 31 2025?,8079857.0,"8,079,857",numeric,shares_basic_YTD_Oct_31_2025 = 8079857.0
FQ-00317,Apex Technologies,2,ratio,"ratio(ratio(ci_net_income_YTD_Oct_31_2024, membership_and_other_income_Q_Oct_31_2024), total_assets_Oct_31_2025)","For Apex Technologies, what is the result of the following computation: ratio(ratio(ci_net_income_YTD_Oct_31_2024, membership_and_other_income_Q_Oct_31_2024), total_assets_Oct_31_2025)? Evaluate any sub-expressions first, then apply the outer operation.",0.0002,0.0002,ratio,(27801.0 / 1288.0 = 21.5846) / (total_assets_Oct_31_2025 = 105885.0) = 0.0002
FQ-00318,Nova Enterprises,1,divide,(eps_basic_YTD_Oct_31_2024 ÷ other_income_YTD_Oct_31_2024),"What is the ratio of basic earnings per share to other income/(expense), net for Nova Enterprises for the year-to-date period ended Oct 31 2024?",-0.0009,-0.00,numeric,1.12 / -1245.0 = -0.0009
FQ-00319,Nova Holdings,2,divide,((net_income_Q_Oct_31_2024 × sga_expense_Q_Oct_31_2024) ÷ net_income_Q_Oct_31_2025),"For Nova Holdings, what is the result of the following computation: ((net_income_Q_Oct_31_2024 × sga_expense_Q_Oct_31_2024) ÷ net_income_Q_Oct_31_2025)? Evaluate any sub-expressions first, then apply the outer operation.",36129.8494,"36,130",numeric,(8338.0 × 32464.0 = 270684832.0) / (net_income_Q_Oct_31_2025 = 7492.0) = 36129.8494
FQ-00320,Vex Industries,2,ratio,"ratio((membership_and_other_income_Q_Oct_31_2025 ÷ comprehensive_income_Q_Oct_31_2025), pretax_income_YTD_Oct_31_2024)","For Vex Industries, what is the result of the following computation: ratio((membership_and_other_income_Q_Oct_31_2025 ÷ comprehensive_income_Q_Oct_31_2025), pretax_income_YTD_Oct_31_2024)? Evaluate any sub-expressions first, then apply the outer operation.",0.0,0.0000,ratio,(627.0 / 4660.0 = 0.1345) / (pretax_income_YTD_Oct_31_2024 = 18645.0) = 0.0
FQ-00321,Plex Technologies,2,ratio,"ratio((ci_total_oci_Q_Oct_31_2024 ÷ ci_total_oci_YTD_Oct_31_2024), other_ncl_Dec_31_2024)","For Plex Technologies, what is the result of the following computation: ratio((ci_total_oci_Q_Oct_31_2024 ÷ ci_total_oci_YTD_Oct_31_2024), other_ncl_Dec_31_2024)? Evaluate any sub-expressions first, then apply the outer operation.",0.0001,0.0001,ratio,(135.0 / 444.0 = 0.3041) / (other_ncl_Dec_31_2024 = 4309.0) = 0.0001
FQ-00322,Vex Industries,2,ratio,"ratio((ppe_Oct_31_2025 × membership_and_other_income_Q_Oct_31_2025), cf_operating_YTD_Oct_31_2025)","For Vex Industries, what is the result of the following computation: ratio((ppe_Oct_31_2025 × membership_and_other_income_Q_Oct_31_2025), cf_operating_YTD_Oct_31_2025)? Evaluate any sub-expressions first, then apply the outer operation.",579.503,579.5030,ratio,(11786.0 × 627.0 = 7389822.0) / (cf_operating_YTD_Oct_31_2025 = 12752.0) = 579.503
FQ-00323,Nova Enterprises,1,ratio,"ratio(common_stock_apic_Dec_31_2024, accrued_expenses_Dec_31_2024)",What is the ratio of common stock and additional paid-in capital to accrued expenses and other for Nova Enterprises as of Dec 31 2024?,1.7259,1.7259,ratio,16581.0 / 9607.0 = 1.7259
FQ-00324,Nova Holdings,1,sum_agg,SUM(cf_net_income_YTD_Oct_31_2025),What is the total sum of net income for the year-to-date period ended Oct 31 2025 across all companies in the dataset?,193254.0,"193,254",numeric,SUM(cf_net_income_YTD_Oct_31_2025) = 193254.0
FQ-00325,Nova Holdings,1,add,(rd_expense_YTD_Oct_31_2024 + cf_repurchases_YTD_Oct_31_2024),What is the sum of research and development expense and share repurchases for Nova Holdings for the year-to-date period ended Oct 31 2024?,-3474.0,"-3,474",numeric,396.0 + -3870.0 = -3474.0
FQ-00326,Nova Solutions,1,greater_than,(total_assets_Oct_31_2025 > current_debt_Oct_31_2025),Is total assets strictly greater than current portion of long-term debt for Nova Solutions as of Oct 31 2025?,True,Yes,boolean,105614.0 > 4436.0 → True
FQ-00327,Peak Systems,2,ratio,"ratio((cost_of_sales_YTD_Oct_31_2024 ÷ ci_fx_translation_Q_Oct_31_2024), current_assets_Dec_31_2024)","For Peak Systems, what is the result of the following computation: ratio((cost_of_sales_YTD_Oct_31_2024 ÷ ci_fx_translation_Q_Oct_31_2024), current_assets_Dec_31_2024)? Evaluate any sub-expressions first, then apply the outer operation.",0.088,0.0880,ratio,(150702.0 / 59.0 = 2554.2712) / (current_assets_Dec_31_2024 = 29032.0) = 0.088
FQ-00328,Alto Inc,2,ratio,"ratio((ci_total_oci_YTD_Oct_31_2024 × eps_diluted_YTD_Oct_31_2024), revenues_YTD_Oct_31_2024)","For Alto Inc, what is the result of the following computation: ratio((ci_total_oci_YTD_Oct_31_2024 × eps_diluted_YTD_Oct_31_2024), revenues_YTD_Oct_31_2024)? Evaluate any sub-expressions first, then apply the outer operation.",0.0034,0.0034,ratio,(458.0 × 1.9 = 870.2) / (revenues_YTD_Oct_31_2024 = 255942.0) = 0.0034
FQ-00329,Nova Solutions,1,add,(tax_YTD_Oct_31_2024 + ci_total_oci_YTD_Oct_31_2024),What is the sum of provision for income taxes and total other comprehensive income/(loss) for Nova Solutions for the year-to-date period ended Oct 31 2024?,8422.0,"8,422",numeric,8727.0 + -305.0 = 8422.0
FQ-00330,Plex Technologies,0,,eps_diluted_YTD_Oct_31_2024,What was the diluted earnings per share reported by Plex Technologies for the year-to-date period ended Oct 31 2024?,-2.35,-2.35,numeric,eps_diluted_YTD_Oct_31_2024 = -2.35
FQ-00331,Zion Corp,1,subtract,(goodwill_Dec_31_2024 - other_ncl_Dec_31_2024),"What is the difference between goodwill and other non-current liabilities (i.e., goodwill minus other non-current liabilities) for Zion Corp as of Dec 31 2024?",7004.0,"7,004",numeric,10064.0 - 3060.0 = 7004.0
FQ-00332,Nova Holdings,2,divide,(SUM(eps_basic_YTD_Oct_31_2025) ÷ cf_sbc_YTD_Oct_31_2024),"For Nova Holdings, what is the result of the following computation: (SUM(eps_basic_YTD_Oct_31_2025) ÷ cf_sbc_YTD_Oct_31_2024)? Evaluate any sub-expressions first, then apply the outer operation.",0.0374,0.04,numeric,(SUM(eps_basic_YTD_Oct_31_2025) = 87.81) / (cf_sbc_YTD_Oct_31_2024 = 2351.0) = 0.0374
FQ-00333,Alto Inc,1,divide,(ci_total_oci_Q_Oct_31_2025 ÷ other_income_YTD_Oct_31_2025),"What is the ratio of total other comprehensive income/(loss) (for the quarter ended Oct 31 2025) to other income/(expense), net (for the year-to-date period ended Oct 31 2025) for Alto Inc?",-0.5929,-0.59,numeric,571.0 / -963.0 = -0.5929
FQ-00334,Peak Systems,1,less_equal,(sga_expense_YTD_Oct_31_2024 ≤ cf_financing_YTD_Oct_31_2024),Is selling general and administrative expense less than or equal to net cash from financing activities for Peak Systems for the year-to-date period ended Oct 31 2024?,False,No,boolean,54840.0 ≤ -2245.0 → False
FQ-00335,Nova Enterprises,1,less_than,(other_income_YTD_Oct_31_2025 < cf_closing_cash_YTD_Oct_31_2025),"Is other income/(expense), net strictly less than cash at end of period for Nova Enterprises for the year-to-date period ended Oct 31 2025?",True,Yes,boolean,-1344.0 < -984.0 → True
FQ-00336,Peak Systems,1,subtract,(goodwill_Dec_31_2024 - total_equity_Dec_31_2024),"What is the difference between goodwill and total shareholders equity (i.e., goodwill minus total shareholders equity) for Peak Systems as of Dec 31 2024?",-5686.0,"-5,686",numeric,3621.0 - 9307.0 = -5686.0
FQ-00337,Mira Systems,2,ratio,"ratio((total_assets_Oct_31_2025 × operating_income_Q_Oct_31_2025), cost_of_sales_Q_Oct_31_2025)","For Mira Systems, what is the result of the following computation: ratio((total_assets_Oct_31_2025 × operating_income_Q_Oct_31_2025), cost_of_sales_Q_Oct_31_2025)? Evaluate any sub-expressions first, then apply the outer operation.",4658.1033,4658.1033,ratio,(104144.0 × 3613.0 = 376272272.0) / (cost_of_sales_Q_Oct_31_2025 = 80778.0) = 4658.1033
FQ-00338,Volt Inc,1,less_equal,(st_investments_Dec_31_2024 ≤ ppe_Dec_31_2024),"Is short-term investments less than or equal to property, plant and equipment, net for Volt Inc as of Dec 31 2024?",True,Yes,boolean,5921.0 ≤ 28060.0 → True
FQ-00339,Volt Inc,1,divide,(cf_net_change_YTD_Oct_31_2024 ÷ cf_closing_cash_YTD_Oct_31_2024),What is the ratio of net change in cash to cash at end of period for Volt Inc for the year-to-date period ended Oct 31 2024?,0.0377,0.04,numeric,411.0 / 10914.0 = 0.0377
FQ-00340,Vex Industries,1,ratio,"ratio(cf_da_YTD_Oct_31_2025, ci_total_oci_YTD_Oct_31_2025)",What is the ratio of depreciation and amortization to total other comprehensive income/(loss) for Vex Industries for the year-to-date period ended Oct 31 2025?,33.6275,33.6275,ratio,5145.0 / 153.0 = 33.6275
FQ-00341,Peak Systems,1,ratio,"ratio(shares_diluted_Q_Oct_31_2025, ci_total_oci_Q_Oct_31_2025)",What is the ratio of diluted shares used in computing EPS to total other comprehensive income/(loss) for Peak Systems for the quarter ended Oct 31 2025?,-1192.8783,-1192.8783,ratio,804000.0 / -674.0 = -1192.8783
FQ-00342,Mira Systems,1,divide,(operating_income_YTD_Oct_31_2025 ÷ membership_and_other_income_YTD_Oct_31_2025),What is the ratio of operating income to membership and other income for Mira Systems for the year-to-date period ended Oct 31 2025?,5.6987,5.70,numeric,10839.0 / 1902.0 = 5.6987
FQ-00343,Apex Technologies,2,ratio,"ratio(ratio(other_income_YTD_Oct_31_2024, cf_net_change_YTD_Oct_31_2024), current_assets_Oct_31_2025)","For Apex Technologies, what is the result of the following computation: ratio(ratio(other_income_YTD_Oct_31_2024, cf_net_change_YTD_Oct_31_2024), current_assets_Oct_31_2025)? Evaluate any sub-expressions first, then apply the outer operation.",-0.0,-0.0000,ratio,(-3150.0 / 35459.0 = -0.0888) / (current_assets_Oct_31_2025 = 61027.0) = -0.0
FQ-00344,Orion Enterprises,0,,tax_YTD_Oct_31_2025,What was the provision for income taxes reported by Orion Enterprises for the year-to-date period ended Oct 31 2025?,4026.0,"4,026",numeric,tax_YTD_Oct_31_2025 = 4026.0
FQ-00345,Trek Holdings,1,subtract,(sga_expense_Q_Oct_31_2024 - sga_expense_Q_Oct_31_2025),"What is the difference between selling general and administrative expense (for the quarter ended Oct 31 2024) and selling general and administrative expense (for the quarter ended Oct 31 2025) (i.e., selling general and administrative expense (for the quarter ended Oct 31 2024) minus selling general and administrative expense (for the quarter ended Oct 31 2025)) for Trek Holdings?",-1117.0,"-1,117",numeric,14742.0 - 15859.0 = -1117.0
FQ-00346,Orion Enterprises,1,divide,(retained_earnings_Oct_31_2025 ÷ other_ncl_Oct_31_2025),What is the ratio of retained earnings to other non-current liabilities for Orion Enterprises as of Oct 31 2025?,-1.6537,-1.65,numeric,-3572.0 / 2160.0 = -1.6537
FQ-00347,Vex Industries,0,,cf_financing_YTD_Oct_31_2025,What was the net cash from financing activities reported by Vex Industries for the year-to-date period ended Oct 31 2025?,-3440.0,"-3,440",numeric,cf_financing_YTD_Oct_31_2025 = -3440.0
FQ-00348,Vex Industries,1,multiply,(membership_and_other_income_Q_Oct_31_2024 × cf_da_YTD_Oct_31_2024),What is the product of membership and other income (for the quarter ended Oct 31 2024) and depreciation and amortization (for the year-to-date period ended Oct 31 2024) for Vex Industries?,3045000.0,"3,045,000",numeric,609.0 × 5000.0 = 3045000.0
FQ-00349,Alto Inc,1,divide,(current_debt_Oct_31_2025 ÷ pretax_income_YTD_Oct_31_2025),What is the ratio of current portion of long-term debt (as of Oct 31 2025) to income before taxes (for the year-to-date period ended Oct 31 2025) for Alto Inc?,0.1286,0.13,numeric,2854.0 / 22188.0 = 0.1286
FQ-00350,Nova Holdings,2,ratio,"ratio(MAX(current_liabilities_Oct_31_2025), current_assets_Oct_31_2025)","For Nova Holdings, what is the result of the following computation: ratio(MAX(current_liabilities_Oct_31_2025), current_assets_Oct_31_2025)? Evaluate any sub-expressions first, then apply the outer operation.",0.9452,0.9452,ratio,(MAX(current_liabilities_Oct_31_2025) = 74075.0) / (current_assets_Oct_31_2025 = 78369.0) = 0.9452
FQ-00351,Nova Holdings,1,ratio,"ratio(lt_investments_Oct_31_2025, tax_YTD_Oct_31_2025)",What is the ratio of long-term marketable securities (as of Oct 31 2025) to provision for income taxes (for the year-to-date period ended Oct 31 2025) for Nova Holdings?,1.5668,1.5668,ratio,13354.0 / 8523.0 = 1.5668
FQ-00352,Peak Systems,1,less_equal,(cost_of_sales_YTD_Oct_31_2025 ≤ cf_operating_YTD_Oct_31_2025),Is cost of sales less than or equal to net cash from operating activities for Peak Systems for the year-to-date period ended Oct 31 2025?,False,No,boolean,153165.0 ≤ 7198.0 → False
FQ-00353,Nova Enterprises,2,ratio,"ratio((ci_fx_translation_Q_Oct_31_2025 × cf_operating_YTD_Oct_31_2025), long_term_debt_Oct_31_2025)","For Nova Enterprises, what is the result of the following computation: ratio((ci_fx_translation_Q_Oct_31_2025 × cf_operating_YTD_Oct_31_2025), long_term_debt_Oct_31_2025)? Evaluate any sub-expressions first, then apply the outer operation.",311.2529,311.2529,ratio,(439.0 × 15937.0 = 6996343.0) / (long_term_debt_Oct_31_2025 = 22478.0) = 311.2529
FQ-00354,Crest Systems,2,divide,((sga_expense_YTD_Oct_31_2024 × eps_basic_YTD_Oct_31_2024) ÷ ci_total_oci_Q_Oct_31_2024),"For Crest Systems, what is the result of the following computation: ((sga_expense_YTD_Oct_31_2024 × eps_basic_YTD_Oct_31_2024) ÷ ci_total_oci_Q_Oct_31_2024)? Evaluate any sub-expressions first, then apply the outer operation.",-538.3125,-538.31,numeric,(17226.0 × 1.0 = 17226.0) / (ci_total_oci_Q_Oct_31_2024 = -32.0) = -538.3125
FQ-00355,Nova Enterprises,0,,gross_profit_YTD_Oct_31_2024,What was the gross profit reported by Nova Enterprises for the year-to-date period ended Oct 31 2024?,102054.0,"102,054",numeric,gross_profit_YTD_Oct_31_2024 = 102054.0
FQ-00356,Alto Inc,1,ratio,"ratio(eps_diluted_YTD_Oct_31_2024, net_income_YTD_Oct_31_2024)",What is the ratio of diluted earnings per share to net income for Alto Inc for the year-to-date period ended Oct 31 2024?,0.0001,0.0001,ratio,1.9 / 16389.0 = 0.0001
FQ-00357,Nova Enterprises,2,divide,((st_investments_Dec_31_2024 + total_assets_Dec_31_2024) ÷ shares_basic_Q_Oct_31_2025),"For Nova Enterprises, what is the result of the following computation: ((st_investments_Dec_31_2024 + total_assets_Dec_31_2024) ÷ shares_basic_Q_Oct_31_2025)? Evaluate any sub-expressions first, then apply the outer operation.",0.0273,0.03,numeric,(2167.0 + 112587.0 = 114754.0) / (shares_basic_Q_Oct_31_2025 = 4202000.0) = 0.0273
FQ-00358,Mira Systems,1,ratio,"ratio(gross_profit_YTD_Oct_31_2024, tax_YTD_Oct_31_2024)",What is the ratio of gross profit to provision for income taxes for Mira Systems for the year-to-date period ended Oct 31 2024?,34.9462,34.9462,ratio,68145.0 / 1950.0 = 34.9462
FQ-00359,Mira Systems,1,divide,(cost_of_sales_Q_Oct_31_2025 ÷ retained_earnings_Oct_31_2025),What is the ratio of cost of sales (for the quarter ended Oct 31 2025) to retained earnings (as of Oct 31 2025) for Mira Systems?,19.0335,19.03,numeric,80778.0 / 4244.0 = 19.0335
FQ-00360,Peak Systems,2,divide,((other_income_Q_Oct_31_2025 ÷ cf_dividends_YTD_Oct_31_2025) ÷ inventories_Dec_31_2024),"For Peak Systems, what is the result of the following computation: ((other_income_Q_Oct_31_2025 ÷ cf_dividends_YTD_Oct_31_2025) ÷ inventories_Dec_31_2024)? Evaluate any sub-expressions first, then apply the outer operation.",0.0001,0.00,numeric,(-416.0 / -402.0 = 1.0348) / (inventories_Dec_31_2024 = 8037.0) = 0.0001
FQ-00361,Peak Systems,1,multiply,(shares_basic_Q_Oct_31_2024 × eps_diluted_Q_Oct_31_2024),What is the product of basic shares used in computing EPS and diluted earnings per share for Peak Systems for the quarter ended Oct 31 2024?,1311762.06,"1,311,762",numeric,804762.0 × 1.63 = 1311762.06
FQ-00362,Crest Systems,1,greater_equal,(cf_operating_YTD_Oct_31_2025 ≥ cf_repurchases_YTD_Oct_31_2025),Is net cash from operating activities greater than or equal to share repurchases for Crest Systems for the year-to-date period ended Oct 31 2025?,True,Yes,boolean,12038.0 ≥ -1102.0 → True
FQ-00363,Zion Solutions,1,multiply,(ci_unrealized_gains_Q_Oct_31_2024 × comprehensive_income_Q_Oct_31_2024),What is the product of change in unrealized gains/losses on securities and total comprehensive income for Zion Solutions for the quarter ended Oct 31 2024?,-13660.0,"-13,660",numeric,-10.0 × 1366.0 = -13660.0
FQ-00364,Apex Technologies,1,sum_agg,SUM(revenues_Q_Oct_31_2024),What is the total sum of total revenues for the quarter ended Oct 31 2024 across all companies in the dataset?,1342114.0,"1,342,114",numeric,SUM(revenues_Q_Oct_31_2024) = 1342114.0
FQ-00365,Nova Holdings,0,,ci_unrealized_gains_YTD_Oct_31_2025,What was the change in unrealized gains/losses on securities reported by Nova Holdings for the year-to-date period ended Oct 31 2025?,94.0,94.00,numeric,ci_unrealized_gains_YTD_Oct_31_2025 = 94.0
FQ-00366,Vex Industries,2,ratio,"ratio((revenues_YTD_Oct_31_2024 + other_income_YTD_Oct_31_2024), lt_investments_Dec_31_2024)","For Vex Industries, what is the result of the following computation: ratio((revenues_YTD_Oct_31_2024 + other_income_YTD_Oct_31_2024), lt_investments_Dec_31_2024)? Evaluate any sub-expressions first, then apply the outer operation.",67.1888,67.1888,ratio,(134661.0 + -888.0 = 133773.0) / (lt_investments_Dec_31_2024 = 1991.0) = 67.1888
FQ-00367,Nova Solutions,1,less_equal,(cf_dividends_YTD_Oct_31_2025 ≤ ci_net_income_YTD_Oct_31_2025),Is dividends paid less than or equal to net income for Nova Solutions for the year-to-date period ended Oct 31 2025?,True,Yes,boolean,-1282.0 ≤ 21078.0 → True
FQ-00368,Zion Corp,0,,inventories_Oct_31_2025,What was the inventories reported by Zion Corp as of Oct 31 2025?,11144.0,"11,144",numeric,inventories_Oct_31_2025 = 11144.0
FQ-00369,Alto Inc,1,greater_equal,(cf_da_YTD_Oct_31_2025 ≥ cf_financing_YTD_Oct_31_2025),Is depreciation and amortization greater than or equal to net cash from financing activities for Alto Inc for the year-to-date period ended Oct 31 2025?,True,Yes,boolean,5508.0 ≥ -4215.0 → True
FQ-00370,Alto Inc,1,divide,(long_term_debt_Oct_31_2025 ÷ shares_basic_YTD_Oct_31_2025),What is the ratio of long-term debt (as of Oct 31 2025) to basic shares used in computing EPS (for the year-to-date period ended Oct 31 2025) for Alto Inc?,0.002,0.00,numeric,18258.0 / 8952017.0 = 0.002
FQ-00371,Nova Holdings,2,ratio,"ratio((gross_profit_Q_Oct_31_2025 × tax_YTD_Oct_31_2025), shares_diluted_Q_Oct_31_2024)","For Nova Holdings, what is the result of the following computation: ratio((gross_profit_Q_Oct_31_2025 × tax_YTD_Oct_31_2025), shares_diluted_Q_Oct_31_2024)? Evaluate any sub-expressions first, then apply the outer operation.",41.4394,41.4394,ratio,(38860.0 × 8523.0 = 331203780.0) / (shares_diluted_Q_Oct_31_2024 = 7992494.0) = 41.4394
FQ-00372,Nova Holdings,1,divide,(total_costs_YTD_Oct_31_2025 ÷ shares_basic_Q_Oct_31_2025),What is the ratio of total costs and expenses (for the year-to-date period ended Oct 31 2025) to basic shares used in computing EPS (for the quarter ended Oct 31 2025) for Nova Holdings?,0.0538,0.05,numeric,420801.0 / 7825000.0 = 0.0538
FQ-00373,Plex Technologies,1,divide,(total_liabilities_Oct_31_2025 ÷ total_costs_YTD_Oct_31_2025),What is the ratio of total liabilities (as of Oct 31 2025) to total costs and expenses (for the year-to-date period ended Oct 31 2025) for Plex Technologies?,0.3429,0.34,numeric,99905.0 / 291321.0 = 0.3429
FQ-00374,Nova Holdings,2,ratio,"ratio((aoci_Oct_31_2025 ÷ ci_fx_translation_YTD_Oct_31_2025), cash_Oct_31_2025)","For Nova Holdings, what is the result of the following computation: ratio((aoci_Oct_31_2025 ÷ ci_fx_translation_YTD_Oct_31_2025), cash_Oct_31_2025)? Evaluate any sub-expressions first, then apply the outer operation.",-0.0042,-0.0042,ratio,(-6226.0 / 140.0 = -44.4714) / (cash_Oct_31_2025 = 10520.0) = -0.0042
FQ-00375,Crest Systems,1,greater_equal,(total_costs_Q_Oct_31_2025 ≥ other_income_Q_Oct_31_2025),"Is total costs and expenses greater than or equal to other income/(expense), net for Crest Systems for the quarter ended Oct 31 2025?",True,Yes,boolean,22798.0 ≥ -19.0 → True
FQ-00376,Crest Systems,2,ratio,"ratio((gross_profit_Q_Oct_31_2025 + other_income_Q_Oct_31_2025), gross_profit_YTD_Oct_31_2024)","For Crest Systems, what is the result of the following computation: ratio((gross_profit_Q_Oct_31_2025 + other_income_Q_Oct_31_2025), gross_profit_YTD_Oct_31_2024)? Evaluate any sub-expressions first, then apply the outer operation.",0.329,0.3290,ratio,(8279.0 + -19.0 = 8260.0) / (gross_profit_YTD_Oct_31_2024 = 25107.0) = 0.329
FQ-00377,Volt Inc,1,divide,(cash_Oct_31_2025 ÷ cost_of_sales_YTD_Oct_31_2025),What is the ratio of cash and cash equivalents (as of Oct 31 2025) to cost of sales (for the year-to-date period ended Oct 31 2025) for Volt Inc?,0.0339,0.03,numeric,8492.0 / 250386.0 = 0.0339
FQ-00378,Plex Technologies,1,divide,(cf_dividends_YTD_Oct_31_2025 ÷ comprehensive_income_YTD_Oct_31_2025),What is the ratio of dividends paid to total comprehensive income for Plex Technologies for the year-to-date period ended Oct 31 2025?,-0.1245,-0.12,numeric,245.0 / -1968.0 = -0.1245
FQ-00379,Crest Systems,1,multiply,(inventories_Oct_31_2025 × net_income_YTD_Oct_31_2025),What is the product of inventories (as of Oct 31 2025) and net income (for the year-to-date period ended Oct 31 2025) for Crest Systems?,33207276.0,"33,207,276",numeric,5059.0 × 6564.0 = 33207276.0
FQ-00380,Peak Systems,1,greater_equal,(rd_expense_Q_Oct_31_2025 ≥ ci_unrealized_gains_Q_Oct_31_2025),Is research and development expense greater than or equal to change in unrealized gains/losses on securities for Peak Systems for the quarter ended Oct 31 2025?,True,Yes,boolean,550.0 ≥ -270.0 → True
FQ-00381,Orion Enterprises,1,ratio,"ratio(total_costs_YTD_Oct_31_2025, ci_unrealized_gains_YTD_Oct_31_2025)",What is the ratio of total costs and expenses to change in unrealized gains/losses on securities for Orion Enterprises for the year-to-date period ended Oct 31 2025?,-3383.4429,-3383.4429,ratio,236841.0 / -70.0 = -3383.4429
FQ-00382,Peak Systems,2,ratio,"ratio((prepaid_Oct_31_2025 ÷ accrued_expenses_Oct_31_2025), other_income_Q_Oct_31_2025)","For Peak Systems, what is the result of the following computation: ratio((prepaid_Oct_31_2025 ÷ accrued_expenses_Oct_31_2025), other_income_Q_Oct_31_2025)? Evaluate any sub-expressions first, then apply the outer operation.",-0.0018,-0.0018,ratio,(4101.0 / 5514.0 = 0.7437) / (other_income_Q_Oct_31_2025 = -416.0) = -0.0018
FQ-00383,Zion Solutions,2,divide,((ci_total_oci_YTD_Oct_31_2024 - other_income_YTD_Oct_31_2024) ÷ net_income_YTD_Oct_31_2025),"For Zion Solutions, what is the result of the following computation: ((ci_total_oci_YTD_Oct_31_2024 - other_income_YTD_Oct_31_2024) ÷ net_income_YTD_Oct_31_2025)? Evaluate any sub-expressions first, then apply the outer operation.",0.2541,0.25,numeric,(-73.0 - -1092.0 = 1019.0) / (net_income_YTD_Oct_31_2025 = 4011.0) = 0.2541
FQ-00384,Volt Inc,0,,gross_profit_YTD_Oct_31_2025,What was the gross profit reported by Volt Inc for the year-to-date period ended Oct 31 2025?,84282.0,"84,282",numeric,gross_profit_YTD_Oct_31_2025 = 84282.0
FQ-00385,Nova Solutions,2,divide,((cf_net_income_YTD_Oct_31_2025 ÷ tax_Q_Oct_31_2025) ÷ eps_basic_Q_Oct_31_2025),"For Nova Solutions, what is the result of the following computation: ((cf_net_income_YTD_Oct_31_2025 ÷ tax_Q_Oct_31_2025) ÷ eps_basic_Q_Oct_31_2025)? Evaluate any sub-expressions first, then apply the outer operation.",0.9,0.90,numeric,(21078.0 / 2689.0 = 7.8386) / (eps_basic_Q_Oct_31_2025 = 8.71) = 0.9
FQ-00386,Crest Systems,2,ratio,"ratio((cf_repurchases_YTD_Oct_31_2025 ÷ pretax_income_Q_Oct_31_2025), eps_diluted_Q_Oct_31_2025)","For Crest Systems, what is the result of the following computation: ratio((cf_repurchases_YTD_Oct_31_2025 ÷ pretax_income_Q_Oct_31_2025), eps_diluted_Q_Oct_31_2025)? Evaluate any sub-expressions first, then apply the outer operation.",-1.1542,-1.1542,ratio,(-1102.0 / 2893.0 = -0.3809) / (eps_diluted_Q_Oct_31_2025 = 0.33) = -1.1542
FQ-00387,Vex Industries,1,divide,(revenues_Q_Oct_31_2025 ÷ revenues_YTD_Oct_31_2024),What is the ratio of total revenues (for the quarter ended Oct 31 2025) to total revenues (for the year-to-date period ended Oct 31 2024) for Vex Industries?,0.343,0.34,numeric,46193.0 / 134661.0 = 0.343
FQ-00388,Nova Holdings,2,ratio,"ratio((goodwill_Oct_31_2025 × membership_and_other_income_YTD_Oct_31_2025), sga_expense_YTD_Oct_31_2024)","For Nova Holdings, what is the result of the following computation: ratio((goodwill_Oct_31_2025 × membership_and_other_income_YTD_Oct_31_2025), sga_expense_YTD_Oct_31_2024)? Evaluate any sub-expressions first, then apply the outer operation.",871.2655,871.2655,ratio,(13273.0 × 6393.0 = 84854289.0) / (sga_expense_YTD_Oct_31_2024 = 97392.0) = 871.2655
FQ-00389,Orion Enterprises,1,greater_than,(comprehensive_income_YTD_Oct_31_2025 > cost_of_sales_YTD_Oct_31_2025),Is total comprehensive income strictly greater than cost of sales for Orion Enterprises for the year-to-date period ended Oct 31 2025?,False,No,boolean,12156.0 > 179232.0 → False
FQ-00390,Trek Holdings,1,ratio,"ratio(comprehensive_income_YTD_Oct_31_2024, shares_basic_Q_Oct_31_2024)",What is the ratio of total comprehensive income (for the year-to-date period ended Oct 31 2024) to basic shares used in computing EPS (for the quarter ended Oct 31 2024) for Trek Holdings?,0.0016,0.0016,ratio,12688.0 / 7887500.0 = 0.0016
FQ-00391,Nova Enterprises,1,multiply,(shares_diluted_Q_Oct_31_2025 × cf_closing_cash_YTD_Oct_31_2025),What is the product of diluted shares used in computing EPS (for the quarter ended Oct 31 2025) and cash at end of period (for the year-to-date period ended Oct 31 2025) for Nova Enterprises?,-4141656000.0,"-4,141,656,000",numeric,4209000.0 × -984.0 = -4141656000.0
FQ-00392,Crest Systems,1,ratio,"ratio(operating_income_Q_Oct_31_2025, pretax_income_YTD_Oct_31_2025)",What is the ratio of operating income (for the quarter ended Oct 31 2025) to income before taxes (for the year-to-date period ended Oct 31 2025) for Crest Systems?,0.3355,0.3355,ratio,2912.0 / 8679.0 = 0.3355
FQ-00393,Plex Technologies,1,multiply,(cost_of_sales_Q_Oct_31_2025 × st_investments_Oct_31_2025),What is the product of cost of sales (for the quarter ended Oct 31 2025) and short-term investments (as of Oct 31 2025) for Plex Technologies?,474056479.0,"474,056,479",numeric,71903.0 × 6593.0 = 474056479.0
FQ-00394,Nova Holdings,2,ratio,"ratio((sga_expense_Q_Oct_31_2025 × shares_basic_YTD_Oct_31_2025), other_ncl_Dec_31_2024)","For Nova Holdings, what is the result of the following computation: ratio((sga_expense_Q_Oct_31_2025 × shares_basic_YTD_Oct_31_2025), other_ncl_Dec_31_2024)? Evaluate any sub-expressions first, then apply the outer operation.",28882939.3776,28882939.3776,ratio,(29173.0 × 8079857.0 = 235713668261.0) / (other_ncl_Dec_31_2024 = 8161.0) = 28882939.3776
FQ-00395,Crest Systems,1,multiply,(cf_investing_YTD_Oct_31_2025 × pretax_income_Q_Oct_31_2025),What is the product of net cash from investing activities (for the year-to-date period ended Oct 31 2025) and income before taxes (for the quarter ended Oct 31 2025) for Crest Systems?,-11331881.0,"-11,331,881",numeric,-3917.0 × 2893.0 = -11331881.0
FQ-00396,Peak Systems,1,less_than,(deferred_revenue_Oct_31_2025 < other_nca_Oct_31_2025),Is deferred revenue strictly less than other non-current assets for Peak Systems as of Oct 31 2025?,False,No,boolean,3838.0 < 2104.0 → False
FQ-00397,Vex Industries,2,ratio,"ratio(ratio(gross_profit_Q_Oct_31_2025, cf_net_change_YTD_Oct_31_2025), operating_income_YTD_Oct_31_2025)","For Vex Industries, what is the result of the following computation: ratio(ratio(gross_profit_Q_Oct_31_2025, cf_net_change_YTD_Oct_31_2025), operating_income_YTD_Oct_31_2025)? Evaluate any sub-expressions first, then apply the outer operation.",0.0002,0.0002,ratio,(15296.0 / 4932.0 = 3.1014) / (operating_income_YTD_Oct_31_2025 = 20103.0) = 0.0002
FQ-00398,Crest Systems,0,,total_costs_Q_Oct_31_2024,What was the total costs and expenses reported by Crest Systems for the quarter ended Oct 31 2024?,23046.0,"23,046",numeric,total_costs_Q_Oct_31_2024 = 23046.0
FQ-00399,Mira Systems,1,multiply,(deferred_revenue_Oct_31_2025 × rd_expense_YTD_Oct_31_2025),What is the product of deferred revenue (as of Oct 31 2025) and research and development expense (for the year-to-date period ended Oct 31 2025) for Mira Systems?,4945533.0,"4,945,533",numeric,4111.0 × 1203.0 = 4945533.0
FQ-00400,Mira Systems,2,ratio,"ratio((cost_of_sales_YTD_Oct_31_2025 ÷ cf_repurchases_YTD_Oct_31_2025), ci_total_oci_Q_Oct_31_2024)","For Mira Systems, what is the result of the following computation: ratio((cost_of_sales_YTD_Oct_31_2025 ÷ cf_repurchases_YTD_Oct_31_2025), ci_total_oci_Q_Oct_31_2024)? Evaluate any sub-expressions first, then apply the outer operation.",-1.2071,-1.2071,ratio,(242334.0 / -1606.0 = -150.8929) / (ci_total_oci_Q_Oct_31_2024 = 125.0) = -1.2071
FQ-00401,Zion Solutions,2,divide,((cf_sbc_YTD_Oct_31_2024 ÷ eps_diluted_Q_Oct_31_2024) ÷ lt_investments_Dec_31_2024),"For Zion Solutions, what is the result of the following computation: ((cf_sbc_YTD_Oct_31_2024 ÷ eps_diluted_Q_Oct_31_2024) ÷ lt_investments_Dec_31_2024)? Evaluate any sub-expressions first, then apply the outer operation.",3.1133,3.11,numeric,(682.0 / 0.18 = 3788.8889) / (lt_investments_Dec_31_2024 = 1217.0) = 3.1133
FQ-00402,Zion Solutions,2,ratio,"ratio((pretax_income_Q_Oct_31_2024 ÷ cf_da_YTD_Oct_31_2024), deferred_revenue_Dec_31_2024)","For Zion Solutions, what is the result of the following computation: ratio((pretax_income_Q_Oct_31_2024 ÷ cf_da_YTD_Oct_31_2024), deferred_revenue_Dec_31_2024)? Evaluate any sub-expressions first, then apply the outer operation.",0.0003,0.0003,ratio,(1900.0 / 4775.0 = 0.3979) / (deferred_revenue_Dec_31_2024 = 1520.0) = 0.0003
FQ-00403,Peak Systems,1,add,(net_income_YTD_Oct_31_2024 + total_costs_YTD_Oct_31_2024),What is the sum of net income and total costs and expenses for Peak Systems for the year-to-date period ended Oct 31 2024?,211092.0,"211,092",numeric,3927.0 + 207165.0 = 211092.0
FQ-00404,Nova Solutions,1,ratio,"ratio(ci_fx_translation_Q_Oct_31_2025, prepaid_Oct_31_2025)",What is the ratio of change in foreign currency translation (for the quarter ended Oct 31 2025) to prepaid expenses and other (as of Oct 31 2025) for Nova Solutions?,-0.1457,-0.1457,ratio,-532.0 / 3651.0 = -0.1457
FQ-00405,Mira Systems,2,ratio,"ratio((sga_expense_YTD_Oct_31_2024 × gross_profit_YTD_Oct_31_2024), tax_YTD_Oct_31_2024)","For Mira Systems, what is the result of the following computation: ratio((sga_expense_YTD_Oct_31_2024 × gross_profit_YTD_Oct_31_2024), tax_YTD_Oct_31_2024)? Evaluate any sub-expressions first, then apply the outer operation.",2057245.1308,2057245.1308,ratio,(58869.0 × 68145.0 = 4011628005.0) / (tax_YTD_Oct_31_2024 = 1950.0) = 2057245.1308
FQ-00406,Zion Corp,2,divide,((ci_net_income_YTD_Oct_31_2024 ÷ shares_diluted_Q_Oct_31_2024) ÷ ci_fx_translation_Q_Oct_31_2024),"For Zion Corp, what is the result of the following computation: ((ci_net_income_YTD_Oct_31_2024 ÷ shares_diluted_Q_Oct_31_2024) ÷ ci_fx_translation_Q_Oct_31_2024)? Evaluate any sub-expressions first, then apply the outer operation.",0.0,0.00,numeric,(27429.0 / 7604197.0 = 0.0036) / (ci_fx_translation_Q_Oct_31_2024 = 94.0) = 0.0
FQ-00407,Volt Inc,2,ratio,"ratio(ratio(gross_profit_Q_Oct_31_2025, cf_capex_YTD_Oct_31_2025), ci_total_oci_YTD_Oct_31_2024)","For Volt Inc, what is the result of the following computation: ratio(ratio(gross_profit_Q_Oct_31_2025, cf_capex_YTD_Oct_31_2025), ci_total_oci_YTD_Oct_31_2024)? Evaluate any sub-expressions first, then apply the outer operation.",-0.0132,-0.0132,ratio,(28094.0 / -7947.0 = -3.5352) / (ci_total_oci_YTD_Oct_31_2024 = 268.0) = -0.0132
FQ-00408,Peak Systems,1,divide,(prepaid_Oct_31_2025 ÷ total_costs_YTD_Oct_31_2025),What is the ratio of prepaid expenses and other (as of Oct 31 2025) to total costs and expenses (for the year-to-date period ended Oct 31 2025) for Peak Systems?,0.0195,0.02,numeric,4101.0 / 210552.0 = 0.0195
FQ-00409,Plex Technologies,1,greater_equal,(current_debt_Dec_31_2024 ≥ retained_earnings_Dec_31_2024),Is current portion of long-term debt greater than or equal to retained earnings for Plex Technologies as of Dec 31 2024?,True,Yes,boolean,4868.0 ≥ 3448.0 → True
FQ-00410,Crest Systems,1,greater_than,(cf_net_income_YTD_Oct_31_2025 > membership_and_other_income_YTD_Oct_31_2025),Is net income strictly greater than membership and other income for Crest Systems for the year-to-date period ended Oct 31 2025?,True,Yes,boolean,6564.0 > 1116.0 → True
FQ-00411,Orion Enterprises,2,divide,((comprehensive_income_Q_Oct_31_2024 × cf_closing_cash_YTD_Oct_31_2024) ÷ cost_of_sales_Q_Oct_31_2024),"For Orion Enterprises, what is the result of the following computation: ((comprehensive_income_Q_Oct_31_2024 × cf_closing_cash_YTD_Oct_31_2024) ÷ cost_of_sales_Q_Oct_31_2024)? Evaluate any sub-expressions first, then apply the outer operation.",1171.0108,"1,171",numeric,(3964.0 × 17273.0 = 68470172.0) / (cost_of_sales_Q_Oct_31_2024 = 58471.0) = 1171.0108
FQ-00412,Plex Technologies,0,,rd_expense_YTD_Oct_31_2024,What was the research and development expense reported by Plex Technologies for the year-to-date period ended Oct 31 2024?,1290.0,"1,290",numeric,rd_expense_YTD_Oct_31_2024 = 1290.0
FQ-00413,Nova Solutions,1,ratio,"ratio(cf_dividends_YTD_Oct_31_2024, operating_income_YTD_Oct_31_2024)",What is the ratio of dividends paid to operating income for Nova Solutions for the year-to-date period ended Oct 31 2024?,-0.0424,-0.0424,ratio,-1387.0 / 32727.0 = -0.0424
FQ-00414,Orion Enterprises,2,divide,((cf_operating_YTD_Oct_31_2025 × other_income_YTD_Oct_31_2025) ÷ gross_profit_Q_Oct_31_2025),"For Orion Enterprises, what is the result of the following computation: ((cf_operating_YTD_Oct_31_2025 × other_income_YTD_Oct_31_2025) ÷ gross_profit_Q_Oct_31_2025)? Evaluate any sub-expressions first, then apply the outer operation.",-775.2962,-775.30,numeric,(26107.0 × -723.0 = -18875361.0) / (gross_profit_Q_Oct_31_2025 = 24346.0) = -775.2962
FQ-00415,Trek Holdings,1,divide,(eps_diluted_YTD_Oct_31_2025 ÷ shares_basic_YTD_Oct_31_2025),What is the ratio of diluted earnings per share to basic shares used in computing EPS for Trek Holdings for the year-to-date period ended Oct 31 2025?,0.0,0.00,numeric,1.61 / 8259673.0 = 0.0
FQ-00416,Orion Enterprises,2,divide,((membership_and_other_income_YTD_Oct_31_2024 ÷ tax_Q_Oct_31_2024) ÷ cf_operating_YTD_Oct_31_2024),"For Orion Enterprises, what is the result of the following computation: ((membership_and_other_income_YTD_Oct_31_2024 ÷ tax_Q_Oct_31_2024) ÷ cf_operating_YTD_Oct_31_2024)? Evaluate any sub-expressions first, then apply the outer operation.",0.0,0.00,numeric,(1614.0 / 1313.0 = 1.2292) / (cf_operating_YTD_Oct_31_2024 = 27349.0) = 0.0
FQ-00417,Peak Systems,2,ratio,"ratio((eps_diluted_Q_Oct_31_2025 × ci_unrealized_gains_Q_Oct_31_2025), membership_and_other_income_Q_Oct_31_2024)","For Peak Systems, what is the result of the following computation: ratio((eps_diluted_Q_Oct_31_2025 × ci_unrealized_gains_Q_Oct_31_2025), membership_and_other_income_Q_Oct_31_2024)? Evaluate any sub-expressions first, then apply the outer operation.",-0.722,-0.7220,ratio,(1.65 × -270.0 = -445.5) / (membership_and_other_income_Q_Oct_31_2024 = 617.0) = -0.722
FQ-00418,Apex Technologies,1,greater_than,(membership_and_other_income_YTD_Oct_31_2025 > cf_dividends_YTD_Oct_31_2025),Is membership and other income strictly greater than dividends paid for Apex Technologies for the year-to-date period ended Oct 31 2025?,True,Yes,boolean,3816.0 > -1083.0 → True
FQ-00419,Plex Technologies,1,divide,(gross_profit_YTD_Oct_31_2025 ÷ cost_of_sales_YTD_Oct_31_2025),What is the ratio of gross profit to cost of sales for Plex Technologies for the year-to-date period ended Oct 31 2025?,0.336,0.34,numeric,72486.0 / 215709.0 = 0.336
FQ-00420,Volt Inc,1,divide,(ci_total_oci_Q_Oct_31_2024 ÷ ci_fx_translation_YTD_Oct_31_2024),What is the ratio of total other comprehensive income/(loss) (for the quarter ended Oct 31 2024) to change in foreign currency translation (for the year-to-date period ended Oct 31 2024) for Volt Inc?,0.4819,0.48,numeric,80.0 / 166.0 = 0.4819
FQ-00421,Crest Systems,1,multiply,(aoci_Oct_31_2025 × st_investments_Oct_31_2025),What is the product of accumulated other comprehensive income/(loss) and short-term investments for Crest Systems as of Oct 31 2025?,-1145326.0,"-1,145,326",numeric,-406.0 × 2821.0 = -1145326.0
FQ-00422,Apex Technologies,0,,accrued_expenses_Oct_31_2025,What was the accrued expenses and other reported by Apex Technologies as of Oct 31 2025?,5474.0,"5,474",numeric,accrued_expenses_Oct_31_2025 = 5474.0
FQ-00423,Peak Systems,1,add,(accounts_payable_Dec_31_2024 + current_debt_Dec_31_2024),What is the sum of accounts payable and current portion of long-term debt for Peak Systems as of Dec 31 2024?,20211.0,"20,211",numeric,17704.0 + 2507.0 = 20211.0
FQ-00424,Nova Enterprises,2,ratio,"ratio((cf_capex_YTD_Oct_31_2024 × total_costs_Q_Oct_31_2024), ci_net_income_Q_Oct_31_2025)","For Nova Enterprises, what is the result of the following computation: ratio((cf_capex_YTD_Oct_31_2024 × total_costs_Q_Oct_31_2024), ci_net_income_Q_Oct_31_2025)? Evaluate any sub-expressions first, then apply the outer operation.",-1062430.1631,-1062430.1631,ratio,(-14014.0 × 128274.0 = -1797631836.0) / (ci_net_income_Q_Oct_31_2025 = 1692.0) = -1062430.1631
FQ-00425,Plex Technologies,2,ratio,"ratio((cf_sbc_YTD_Oct_31_2025 ÷ revenues_Q_Oct_31_2025), cost_of_sales_Q_Oct_31_2024)","For Plex Technologies, what is the result of the following computation: ratio((cf_sbc_YTD_Oct_31_2025 ÷ revenues_Q_Oct_31_2025), cost_of_sales_Q_Oct_31_2024)? Evaluate any sub-expressions first, then apply the outer operation.",0.0,0.0000,ratio,(2747.0 / 97195.0 = 0.0283) / (cost_of_sales_Q_Oct_31_2024 = 67910.0) = 0.0
FQ-00426,Nova Holdings,1,multiply,(eps_diluted_YTD_Oct_31_2025 × deferred_revenue_Oct_31_2025),What is the product of diluted earnings per share (for the year-to-date period ended Oct 31 2025) and deferred revenue (as of Oct 31 2025) for Nova Holdings?,14272.8,"14,273",numeric,2.85 × 5008.0 = 14272.8
FQ-00427,Plex Technologies,1,divide,(net_income_Q_Oct_31_2025 ÷ revenues_Q_Oct_31_2025),What is the ratio of net income to total revenues for Plex Technologies for the quarter ended Oct 31 2025?,-0.0081,-0.01,numeric,-791.0 / 97195.0 = -0.0081
FQ-00428,Plex Technologies,1,greater_equal,(retained_earnings_Dec_31_2024 ≥ retained_earnings_Oct_31_2025),Is retained earnings (as of Dec 31 2024) greater than or equal to retained earnings (as of Oct 31 2025) for Plex Technologies?,False,No,boolean,3448.0 ≥ 6845.0 → False
FQ-00429,Volt Inc,1,ratio,"ratio(gross_profit_Q_Oct_31_2024, rd_expense_Q_Oct_31_2024)",What is the ratio of gross profit to research and development expense for Volt Inc for the quarter ended Oct 31 2024?,180.2235,180.2235,ratio,32260.0 / 179.0 = 180.2235
FQ-00430,Nova Solutions,2,ratio,"ratio(ratio(ci_total_oci_Q_Oct_31_2024, net_income_YTD_Oct_31_2024), other_income_YTD_Oct_31_2025)","For Nova Solutions, what is the result of the following computation: ratio(ratio(ci_total_oci_Q_Oct_31_2024, net_income_YTD_Oct_31_2024), other_income_YTD_Oct_31_2025)? Evaluate any sub-expressions first, then apply the outer operation.",0.0,0.0000,ratio,(-109.0 / 22800.0 = -0.0048) / (other_income_YTD_Oct_31_2025 = -1110.0) = 0.0
FQ-00431,Zion Corp,2,ratio,"ratio(ratio(comprehensive_income_Q_Oct_31_2024, rd_expense_YTD_Oct_31_2024), cf_da_YTD_Oct_31_2024)","For Zion Corp, what is the result of the following computation: ratio(ratio(comprehensive_income_Q_Oct_31_2024, rd_expense_YTD_Oct_31_2024), cf_da_YTD_Oct_31_2024)? Evaluate any sub-expressions first, then apply the outer operation.",0.0011,0.0011,ratio,(9300.0 / 948.0 = 9.8101) / (cf_da_YTD_Oct_31_2024 = 8692.0) = 0.0011
FQ-00432,Crest Systems,1,less_than,(membership_and_other_income_YTD_Oct_31_2024 < cf_dividends_YTD_Oct_31_2024),Is membership and other income strictly less than dividends paid for Crest Systems for the year-to-date period ended Oct 31 2024?,False,No,boolean,1128.0 < -511.0 → False
FQ-00433,Orion Enterprises,2,ratio,"ratio(ratio(shares_basic_Q_Oct_31_2025, comprehensive_income_Q_Oct_31_2025), cf_financing_YTD_Oct_31_2024)","For Orion Enterprises, what is the result of the following computation: ratio(ratio(shares_basic_Q_Oct_31_2025, comprehensive_income_Q_Oct_31_2025), cf_financing_YTD_Oct_31_2024)? Evaluate any sub-expressions first, then apply the outer operation.",-0.2541,-0.2541,ratio,(7300000.0 / 4286.0 = 1703.2198) / (cf_financing_YTD_Oct_31_2024 = -6704.0) = -0.2541
FQ-00434,Zion Corp,1,less_than,(retained_earnings_Dec_31_2024 < common_stock_apic_Dec_31_2024),Is retained earnings strictly less than common stock and additional paid-in capital for Zion Corp as of Dec 31 2024?,True,Yes,boolean,6872.0 < 16035.0 → True
FQ-00435,Apex Technologies,1,multiply,(revenues_Q_Oct_31_2025 × membership_and_other_income_Q_Oct_31_2025),What is the product of total revenues and membership and other income for Apex Technologies for the quarter ended Oct 31 2025?,147515112.0,"147,515,112",numeric,115971.0 × 1272.0 = 147515112.0
FQ-00436,Peak Systems,1,greater_than,(membership_and_other_income_YTD_Oct_31_2025 > cf_da_YTD_Oct_31_2025),Is membership and other income strictly greater than depreciation and amortization for Peak Systems for the year-to-date period ended Oct 31 2025?,False,No,boolean,1881.0 > 4884.0 → False
FQ-00437,Plex Technologies,1,divide,(ci_net_income_Q_Oct_31_2025 ÷ sga_expense_Q_Oct_31_2025),What is the ratio of net income to selling general and administrative expense for Plex Technologies for the quarter ended Oct 31 2025?,-0.032,-0.03,numeric,-791.0 / 24749.0 = -0.032
FQ-00438,Nova Holdings,1,multiply,(ci_total_oci_Q_Oct_31_2024 × other_income_YTD_Oct_31_2024),"What is the product of total other comprehensive income/(loss) (for the quarter ended Oct 31 2024) and other income/(expense), net (for the year-to-date period ended Oct 31 2024) for Nova Holdings?",-355680.0,"-355,680",numeric,78.0 × -4560.0 = -355680.0
FQ-00439,Nova Solutions,2,ratio,"ratio((ci_total_oci_Q_Oct_31_2024 × ci_unrealized_gains_Q_Oct_31_2024), cost_of_sales_Q_Oct_31_2024)","For Nova Solutions, what is the result of the following computation: ratio((ci_total_oci_Q_Oct_31_2024 × ci_unrealized_gains_Q_Oct_31_2024), cost_of_sales_Q_Oct_31_2024)? Evaluate any sub-expressions first, then apply the outer operation.",0.0747,0.0747,ratio,(-109.0 × -44.0 = 4796.0) / (cost_of_sales_Q_Oct_31_2024 = 64193.0) = 0.0747
FQ-00440,Crest Systems,1,divide,(eps_basic_Q_Oct_31_2025 ÷ current_assets_Oct_31_2025),What is the ratio of basic earnings per share (for the quarter ended Oct 31 2025) to total current assets (as of Oct 31 2025) for Crest Systems?,0.0,0.00,numeric,0.33 / 13641.0 = 0.0
FQ-00441,Plex Technologies,1,less_than,(ci_net_income_Q_Oct_31_2024 < tax_Q_Oct_31_2024),Is net income strictly less than provision for income taxes for Plex Technologies for the quarter ended Oct 31 2024?,True,Yes,boolean,-747.0 < -0.0 → True
FQ-00442,Volt Inc,2,ratio,"ratio((goodwill_Dec_31_2024 × st_investments_Dec_31_2024), comprehensive_income_Q_Oct_31_2025)","For Volt Inc, what is the result of the following computation: ratio((goodwill_Dec_31_2024 × st_investments_Dec_31_2024), comprehensive_income_Q_Oct_31_2025)? Evaluate any sub-expressions first, then apply the outer operation.",9069.4034,9069.4034,ratio,(8881.0 × 5921.0 = 52584401.0) / (comprehensive_income_Q_Oct_31_2025 = 5798.0) = 9069.4034
FQ-00443,Apex Technologies,2,divide,"(ratio(comprehensive_income_YTD_Oct_31_2025, ppe_Oct_31_2025) ÷ ci_unrealized_gains_Q_Oct_31_2024)","For Apex Technologies, what is the result of the following computation: (ratio(comprehensive_income_YTD_Oct_31_2025, ppe_Oct_31_2025) ÷ ci_unrealized_gains_Q_Oct_31_2024)? Evaluate any sub-expressions first, then apply the outer operation.",0.0287,0.03,numeric,(27729.0 / 25401.0 = 1.0916) / (ci_unrealized_gains_Q_Oct_31_2024 = 38.0) = 0.0287
FQ-00444,Nova Solutions,2,divide,((cf_net_income_YTD_Oct_31_2025 × ci_fx_translation_YTD_Oct_31_2025) ÷ eps_basic_Q_Oct_31_2024),"For Nova Solutions, what is the result of the following computation: ((cf_net_income_YTD_Oct_31_2025 × ci_fx_translation_YTD_Oct_31_2025) ÷ eps_basic_Q_Oct_31_2024)? Evaluate any sub-expressions first, then apply the outer operation.",-438565.6051,"-438,566",numeric,(21078.0 × -196.0 = -4131288.0) / (eps_basic_Q_Oct_31_2024 = 9.42) = -438565.6051
FQ-00445,Zion Corp,0,,inventories_Dec_31_2024,What was the inventories reported by Zion Corp as of Dec 31 2024?,10067.0,"10,067",numeric,inventories_Dec_31_2024 = 10067.0
FQ-00446,Vex Industries,1,multiply,(total_costs_Q_Oct_31_2025 × operating_income_Q_Oct_31_2025),What is the product of total costs and expenses and operating income for Vex Industries for the quarter ended Oct 31 2025?,264635892.0,"264,635,892",numeric,39492.0 × 6701.0 = 264635892.0
FQ-00447,Mira Systems,1,divide,(cash_Oct_31_2025 ÷ long_term_debt_Oct_31_2025),What is the ratio of cash and cash equivalents to long-term debt for Mira Systems as of Oct 31 2025?,0.2482,0.25,numeric,8242.0 / 33202.0 = 0.2482
FQ-00448,Crest Systems,2,divide,((cf_closing_cash_YTD_Oct_31_2024 + comprehensive_income_YTD_Oct_31_2024) ÷ ci_unrealized_gains_YTD_Oct_31_2024),"For Crest Systems, what is the result of the following computation: ((cf_closing_cash_YTD_Oct_31_2024 + comprehensive_income_YTD_Oct_31_2024) ÷ ci_unrealized_gains_YTD_Oct_31_2024)? Evaluate any sub-expressions first, then apply the outer operation.",-376.6829,-376.68,numeric,(8918.0 + 6526.0 = 15444.0) / (ci_unrealized_gains_YTD_Oct_31_2024 = -41.0) = -376.6829
FQ-00449,Trek Holdings,0,,cf_closing_cash_YTD_Oct_31_2024,What was the cash at end of period reported by Trek Holdings for the year-to-date period ended Oct 31 2024?,18100.0,"18,100",numeric,cf_closing_cash_YTD_Oct_31_2024 = 18100.0
FQ-00450,Nova Enterprises,2,ratio,"ratio((comprehensive_income_YTD_Oct_31_2025 ÷ other_income_YTD_Oct_31_2025), eps_basic_Q_Oct_31_2024)","For Nova Enterprises, what is the result of the following computation: ratio((comprehensive_income_YTD_Oct_31_2025 ÷ other_income_YTD_Oct_31_2025), eps_basic_Q_Oct_31_2024)? Evaluate any sub-expressions first, then apply the outer operation.",-9.0854,-9.0854,ratio,(4518.0 / -1344.0 = -3.3616) / (eps_basic_Q_Oct_31_2024 = 0.37) = -9.0854
FQ-00451,Peak Systems,1,multiply,(total_costs_Q_Oct_31_2025 × eps_diluted_Q_Oct_31_2025),What is the product of total costs and expenses and diluted earnings per share for Peak Systems for the quarter ended Oct 31 2025?,115803.6,"115,804",numeric,70184.0 × 1.65 = 115803.6
FQ-00452,Nova Enterprises,1,multiply,(cf_repurchases_YTD_Oct_31_2024 × shares_diluted_YTD_Oct_31_2024),What is the product of share repurchases and diluted shares used in computing EPS for Nova Enterprises for the year-to-date period ended Oct 31 2024?,-18403361024.0,"-18,403,361,024",numeric,-4223.0 × 4357888.0 = -18403361024.0
FQ-00453,Zion Solutions,1,add,(st_investments_Oct_31_2025 + other_nca_Oct_31_2025),What is the sum of short-term investments and other non-current assets for Zion Solutions as of Oct 31 2025?,4843.0,"4,843",numeric,2596.0 + 2247.0 = 4843.0
FQ-00454,Crest Systems,1,multiply,(other_income_YTD_Oct_31_2024 × ci_net_income_Q_Oct_31_2024),"What is the product of other income/(expense), net (for the year-to-date period ended Oct 31 2024) and net income (for the quarter ended Oct 31 2024) for Crest Systems?",-126027.0,"-126,027",numeric,-57.0 × 2211.0 = -126027.0
FQ-00455,Volt Inc,1,greater_equal,(ci_unrealized_gains_YTD_Oct_31_2024 ≥ operating_income_YTD_Oct_31_2024),Is change in unrealized gains/losses on securities greater than or equal to operating income for Volt Inc for the year-to-date period ended Oct 31 2024?,False,No,boolean,102.0 ≥ 28110.0 → False
FQ-00456,Volt Inc,2,divide,"(ratio(cf_dividends_YTD_Oct_31_2024, cf_closing_cash_YTD_Oct_31_2024) ÷ shares_diluted_Q_Oct_31_2024)","For Volt Inc, what is the result of the following computation: (ratio(cf_dividends_YTD_Oct_31_2024, cf_closing_cash_YTD_Oct_31_2024) ÷ shares_diluted_Q_Oct_31_2024)? Evaluate any sub-expressions first, then apply the outer operation.",-0.0,-0.00,numeric,(-1211.0 / 10914.0 = -0.111) / (shares_diluted_Q_Oct_31_2024 = 494135.0) = -0.0
FQ-00457,Apex Technologies,2,ratio,"ratio((eps_diluted_YTD_Oct_31_2025 ÷ cf_sbc_YTD_Oct_31_2025), goodwill_Oct_31_2025)","For Apex Technologies, what is the result of the following computation: ratio((eps_diluted_YTD_Oct_31_2025 ÷ cf_sbc_YTD_Oct_31_2025), goodwill_Oct_31_2025)? Evaluate any sub-expressions first, then apply the outer operation.",0.0,0.0000,ratio,(5.76 / 1575.0 = 0.0037) / (goodwill_Oct_31_2025 = 7878.0) = 0.0
FQ-00458,Nova Solutions,0,,industry,What is the industry of Nova Solutions?,retail,retail,categorical,industry = retail
FQ-00459,Mira Systems,1,subtract,(pretax_income_Q_Oct_31_2024 - other_income_Q_Oct_31_2024),"What is the difference between income before taxes and other income/(expense), net (i.e., income before taxes minus other income/(expense), net) for Mira Systems for the quarter ended Oct 31 2024?",3305.0,"3,305",numeric,2556.0 - -749.0 = 3305.0
FQ-00460,Nova Enterprises,1,greater_than,(cf_da_YTD_Oct_31_2024 > total_costs_YTD_Oct_31_2024),Is depreciation and amortization strictly greater than total costs and expenses for Nova Enterprises for the year-to-date period ended Oct 31 2024?,False,No,boolean,12000.0 > 384822.0 → False
FQ-00461,Zion Solutions,0,,revenues_YTD_Oct_31_2024,What was the total revenues reported by Zion Solutions for the year-to-date period ended Oct 31 2024?,125205.0,"125,205",numeric,revenues_YTD_Oct_31_2024 = 125205.0
FQ-00462,Vex Industries,1,equals,(ppe_Oct_31_2025 = ppe_Dec_31_2024),"Is the property, plant and equipment, net (as of Oct 31 2025) equal to property, plant and equipment, net (as of Dec 31 2024) for Vex Industries?",False,No,boolean,ppe_Oct_31_2025(11786.0) = ppe_Dec_31_2024(11444.0)
FQ-00463,Mira Systems,2,ratio,"ratio((tax_Q_Oct_31_2025 × accounts_payable_Oct_31_2025), other_income_Q_Oct_31_2025)","For Mira Systems, what is the result of the following computation: ratio((tax_Q_Oct_31_2025 × accounts_payable_Oct_31_2025), other_income_Q_Oct_31_2025)? Evaluate any sub-expressions first, then apply the outer operation.",-37495.6288,-37495.6288,ratio,(710.0 × 43252.0 = 30708920.0) / (other_income_Q_Oct_31_2025 = -819.0) = -37495.6288
FQ-00464,Nova Solutions,2,ratio,"ratio((current_assets_Oct_31_2025 ÷ goodwill_Oct_31_2025), membership_and_other_income_Q_Oct_31_2024)","For Nova Solutions, what is the result of the following computation: ratio((current_assets_Oct_31_2025 ÷ goodwill_Oct_31_2025), membership_and_other_income_Q_Oct_31_2024)? Evaluate any sub-expressions first, then apply the outer operation.",0.0168,0.0168,ratio,(48808.0 / 5678.0 = 8.596) / (membership_and_other_income_Q_Oct_31_2024 = 512.0) = 0.0168
FQ-00465,Nova Holdings,1,greater_equal,(cf_operating_YTD_Oct_31_2025 ≥ rd_expense_YTD_Oct_31_2025),Is net cash from operating activities greater than or equal to research and development expense for Nova Holdings for the year-to-date period ended Oct 31 2025?,True,Yes,boolean,27888.0 ≥ 357.0 → True
FQ-00466,Orion Enterprises,1,add,(current_debt_Oct_31_2025 + deferred_revenue_Oct_31_2025),What is the sum of current portion of long-term debt and deferred revenue for Orion Enterprises as of Oct 31 2025?,9278.0,"9,278",numeric,4831.0 + 4447.0 = 9278.0
FQ-00467,Plex Technologies,2,ratio,"ratio((ci_total_oci_Q_Oct_31_2024 ÷ total_costs_YTD_Oct_31_2024), total_costs_YTD_Oct_31_2024)","For Plex Technologies, what is the result of the following computation: ratio((ci_total_oci_Q_Oct_31_2024 ÷ total_costs_YTD_Oct_31_2024), total_costs_YTD_Oct_31_2024)? Evaluate any sub-expressions first, then apply the outer operation.",0.0,0.0000,ratio,(135.0 / 275145.0 = 0.0005) / (total_costs_YTD_Oct_31_2024 = 275145.0) = 0.0
FQ-00468,Vex Industries,2,ratio,"ratio((cf_sbc_YTD_Oct_31_2025 × total_equity_Oct_31_2025), gross_profit_Q_Oct_31_2025)","For Vex Industries, what is the result of the following computation: ratio((cf_sbc_YTD_Oct_31_2025 × total_equity_Oct_31_2025), gross_profit_Q_Oct_31_2025)? Evaluate any sub-expressions first, then apply the outer operation.",361.1731,361.1731,ratio,(1119.0 × 4937.0 = 5524503.0) / (gross_profit_Q_Oct_31_2025 = 15296.0) = 361.1731
FQ-00469,Alto Inc,1,greater_equal,(ci_unrealized_gains_YTD_Oct_31_2025 ≥ cf_financing_YTD_Oct_31_2025),Is change in unrealized gains/losses on securities greater than or equal to net cash from financing activities for Alto Inc for the year-to-date period ended Oct 31 2025?,True,Yes,boolean,179.0 ≥ -4215.0 → True
FQ-00470,Mira Systems,1,multiply,(eps_diluted_Q_Oct_31_2024 × sga_expense_Q_Oct_31_2024),What is the product of diluted earnings per share and selling general and administrative expense for Mira Systems for the quarter ended Oct 31 2024?,5298.21,"5,298",numeric,0.27 × 19623.0 = 5298.21
FQ-00471,Nova Solutions,2,ratio,"ratio((goodwill_Dec_31_2024 × current_debt_Dec_31_2024), rd_expense_YTD_Oct_31_2025)","For Nova Solutions, what is the result of the following computation: ratio((goodwill_Dec_31_2024 × current_debt_Dec_31_2024), rd_expense_YTD_Oct_31_2025)? Evaluate any sub-expressions first, then apply the outer operation.",31054.9754,31054.9754,ratio,(4920.0 × 3844.0 = 18912480.0) / (rd_expense_YTD_Oct_31_2025 = 609.0) = 31054.9754
FQ-00472,Nova Holdings,1,ratio,"ratio(ci_total_oci_YTD_Oct_31_2025, rd_expense_Q_Oct_31_2025)",What is the ratio of total other comprehensive income/(loss) (for the year-to-date period ended Oct 31 2025) to research and development expense (for the quarter ended Oct 31 2025) for Nova Holdings?,1.9664,1.9664,ratio,234.0 / 119.0 = 1.9664
FQ-00473,Plex Technologies,1,divide,(other_income_Q_Oct_31_2025 ÷ cf_dividends_YTD_Oct_31_2025),"What is the ratio of other income/(expense), net (for the quarter ended Oct 31 2025) to dividends paid (for the year-to-date period ended Oct 31 2025) for Plex Technologies?",-3.5878,-3.59,numeric,-879.0 / 245.0 = -3.5878
FQ-00474,Nova Enterprises,1,less_equal,(rd_expense_YTD_Oct_31_2024 ≤ ci_fx_translation_YTD_Oct_31_2024),Is research and development expense less than or equal to change in foreign currency translation for Nova Enterprises for the year-to-date period ended Oct 31 2024?,False,No,boolean,2160.0 ≤ -284.0 → False
FQ-00475,Crest Systems,2,ratio,"ratio((total_costs_YTD_Oct_31_2024 × eps_diluted_Q_Oct_31_2024), ci_unrealized_gains_Q_Oct_31_2024)","For Crest Systems, what is the result of the following computation: ratio((total_costs_YTD_Oct_31_2024 × eps_diluted_Q_Oct_31_2024), ci_unrealized_gains_Q_Oct_31_2024)? Evaluate any sub-expressions first, then apply the outer operation.",-1755.0415,-1755.0415,ratio,(69138.0 × 0.33 = 22815.54) / (ci_unrealized_gains_Q_Oct_31_2024 = -13.0) = -1755.0415
FQ-00476,Zion Solutions,1,greater_equal,(ci_total_oci_Q_Oct_31_2024 ≥ pretax_income_Q_Oct_31_2024),Is total other comprehensive income/(loss) greater than or equal to income before taxes for Zion Solutions for the quarter ended Oct 31 2024?,False,No,boolean,-24.0 ≥ 1900.0 → False
FQ-00477,Alto Inc,1,greater_equal,(comprehensive_income_YTD_Oct_31_2024 ≥ membership_and_other_income_YTD_Oct_31_2024),Is total comprehensive income greater than or equal to membership and other income for Alto Inc for the year-to-date period ended Oct 31 2024?,True,Yes,boolean,16847.0 ≥ 2931.0 → True
FQ-00478,Nova Enterprises,2,divide,((pretax_income_Q_Oct_31_2025 ÷ revenues_Q_Oct_31_2025) ÷ gross_profit_YTD_Oct_31_2024),"For Nova Enterprises, what is the result of the following computation: ((pretax_income_Q_Oct_31_2025 ÷ revenues_Q_Oct_31_2025) ÷ gross_profit_YTD_Oct_31_2024)? Evaluate any sub-expressions first, then apply the outer operation.",0.0,0.00,numeric,(2304.0 / 141169.0 = 0.0163) / (gross_profit_YTD_Oct_31_2024 = 102054.0) = 0.0
FQ-00479,Nova Holdings,1,add,(cf_capex_YTD_Oct_31_2024 + gross_profit_YTD_Oct_31_2024),What is the sum of capital expenditures and gross profit for Nova Holdings for the year-to-date period ended Oct 31 2024?,107337.0,"107,337",numeric,-22398.0 + 129735.0 = 107337.0
FQ-00480,Trek Holdings,1,less_equal,(other_ncl_Oct_31_2025 ≤ inventories_Oct_31_2025),Is other non-current liabilities less than or equal to inventories for Trek Holdings as of Oct 31 2025?,True,Yes,boolean,2217.0 ≤ 8019.0 → True
FQ-00481,Nova Enterprises,1,add,(cf_da_YTD_Oct_31_2025 + other_income_YTD_Oct_31_2025),"What is the sum of depreciation and amortization and other income/(expense), net for Nova Enterprises for the year-to-date period ended Oct 31 2025?",11605.0,"11,605",numeric,12949.0 + -1344.0 = 11605.0
FQ-00482,Orion Enterprises,2,ratio,"ratio((ci_total_oci_Q_Oct_31_2025 ÷ other_ncl_Oct_31_2025), inventories_Oct_31_2025)","For Orion Enterprises, what is the result of the following computation: ratio((ci_total_oci_Q_Oct_31_2025 ÷ other_ncl_Oct_31_2025), inventories_Oct_31_2025)? Evaluate any sub-expressions first, then apply the outer operation.",0.0,0.0000,ratio,(176.0 / 2160.0 = 0.0815) / (inventories_Oct_31_2025 = 13089.0) = 0.0
FQ-00483,Crest Systems,2,divide,"(ratio(eps_diluted_Q_Oct_31_2024, revenues_Q_Oct_31_2024) ÷ total_equity_Dec_31_2024)","For Crest Systems, what is the result of the following computation: (ratio(eps_diluted_Q_Oct_31_2024, revenues_Q_Oct_31_2024) ÷ total_equity_Dec_31_2024)? Evaluate any sub-expressions first, then apply the outer operation.",0.0,0.00,numeric,(0.33 / 25989.0 = 0.0) / (total_equity_Dec_31_2024 = 3689.0) = 0.0
FQ-00484,Nova Holdings,1,greater_equal,(cf_net_income_YTD_Oct_31_2024 ≥ cf_operating_YTD_Oct_31_2024),Is net income greater than or equal to net cash from operating activities for Nova Holdings for the year-to-date period ended Oct 31 2024?,False,No,boolean,25014.0 ≥ 31500.0 → False
FQ-00485,Peak Systems,1,divide,(other_income_YTD_Oct_31_2024 ÷ eps_basic_YTD_Oct_31_2024),"What is the ratio of other income/(expense), net to basic earnings per share for Peak Systems for the year-to-date period ended Oct 31 2024?",-248.8844,-248.88,numeric,-1227.0 / 4.93 = -248.8844
FQ-00486,Crest Systems,0,,accounts_payable_Dec_31_2024,What was the accounts payable reported by Crest Systems as of Dec 31 2024?,10814.0,"10,814",numeric,accounts_payable_Dec_31_2024 = 10814.0
FQ-00487,Orion Enterprises,2,divide,"(ratio(aoci_Oct_31_2025, gross_profit_YTD_Oct_31_2025) ÷ retained_earnings_Dec_31_2024)","For Orion Enterprises, what is the result of the following computation: (ratio(aoci_Oct_31_2025, gross_profit_YTD_Oct_31_2025) ÷ retained_earnings_Dec_31_2024)? Evaluate any sub-expressions first, then apply the outer operation.",-0.0,-0.00,numeric,(600.0 / 73038.0 = 0.0082) / (retained_earnings_Dec_31_2024 = -1947.0) = -0.0
FQ-00488,Apex Technologies,1,multiply,(cf_capex_YTD_Oct_31_2024 × cf_investing_YTD_Oct_31_2024),What is the product of capital expenditures and net cash from investing activities for Apex Technologies for the year-to-date period ended Oct 31 2024?,71531424.0,"71,531,424",numeric,-7776.0 × -9199.0 = 71531424.0
FQ-00489,Zion Solutions,2,divide,((rd_expense_YTD_Oct_31_2025 ÷ cf_capex_YTD_Oct_31_2025) ÷ ci_net_income_YTD_Oct_31_2025),"For Zion Solutions, what is the result of the following computation: ((rd_expense_YTD_Oct_31_2025 ÷ cf_capex_YTD_Oct_31_2025) ÷ ci_net_income_YTD_Oct_31_2025)? Evaluate any sub-expressions first, then apply the outer operation.",-0.0,-0.00,numeric,(27.0 / -4265.0 = -0.0063) / (ci_net_income_YTD_Oct_31_2025 = 4011.0) = -0.0
FQ-00490,Plex Technologies,2,divide,((shares_diluted_YTD_Oct_31_2024 ÷ cf_financing_YTD_Oct_31_2024) ÷ shares_diluted_YTD_Oct_31_2024),"For Plex Technologies, what is the result of the following computation: ((shares_diluted_YTD_Oct_31_2024 ÷ cf_financing_YTD_Oct_31_2024) ÷ shares_diluted_YTD_Oct_31_2024)? Evaluate any sub-expressions first, then apply the outer operation.",-0.0003,-0.00,numeric,(983263.0 / -3671.0 = -267.8461) / (shares_diluted_YTD_Oct_31_2024 = 983263.0) = -0.0003
FQ-00491,Alto Inc,1,divide,(cf_operating_YTD_Oct_31_2025 ÷ ci_total_oci_Q_Oct_31_2025),What is the ratio of net cash from operating activities (for the year-to-date period ended Oct 31 2025) to total other comprehensive income/(loss) (for the quarter ended Oct 31 2025) for Alto Inc?,26.6147,26.61,numeric,15197.0 / 571.0 = 26.6147
FQ-00492,Orion Enterprises,1,ratio,"ratio(st_investments_Dec_31_2024, accrued_expenses_Dec_31_2024)",What is the ratio of short-term investments to accrued expenses and other for Orion Enterprises as of Dec 31 2024?,1.0626,1.0626,ratio,4071.0 / 3831.0 = 1.0626
FQ-00493,Apex Technologies,1,ratio,"ratio(cf_net_income_YTD_Oct_31_2024, cf_da_YTD_Oct_31_2024)",What is the ratio of net income to depreciation and amortization for Apex Technologies for the year-to-date period ended Oct 31 2024?,3.1272,3.1272,ratio,27801.0 / 8890.0 = 3.1272
FQ-00494,Zion Solutions,1,ratio,"ratio(sga_expense_Q_Oct_31_2025, retained_earnings_Oct_31_2025)",What is the ratio of selling general and administrative expense (for the quarter ended Oct 31 2025) to retained earnings (as of Oct 31 2025) for Zion Solutions?,1.3575,1.3575,ratio,8657.0 / 6377.0 = 1.3575
FQ-00495,Trek Holdings,1,greater_equal,(rd_expense_YTD_Oct_31_2025 ≥ total_costs_YTD_Oct_31_2025),Is research and development expense greater than or equal to total costs and expenses for Trek Holdings for the year-to-date period ended Oct 31 2025?,False,No,boolean,1635.0 ≥ 212598.0 → False
FQ-00496,Nova Enterprises,2,divide,"(ratio(cash_Oct_31_2025, lt_investments_Oct_31_2025) ÷ cf_closing_cash_YTD_Oct_31_2024)","For Nova Enterprises, what is the result of the following computation: (ratio(cash_Oct_31_2025, lt_investments_Oct_31_2025) ÷ cf_closing_cash_YTD_Oct_31_2024)? Evaluate any sub-expressions first, then apply the outer operation.",0.0003,0.00,numeric,(7445.0 / 7369.0 = 1.0103) / (cf_closing_cash_YTD_Oct_31_2024 = 3209.0) = 0.0003
FQ-00497,Peak Systems,1,ratio,"ratio(revenues_YTD_Oct_31_2024, pretax_income_YTD_Oct_31_2024)",What is the ratio of total revenues to income before taxes for Peak Systems for the year-to-date period ended Oct 31 2024?,41.646,41.6460,ratio,213519.0 / 5127.0 = 41.646
FQ-00498,Apex Technologies,1,multiply,(shares_basic_Q_Oct_31_2025 × shares_diluted_Q_Oct_31_2025),What is the product of basic shares used in computing EPS and diluted shares used in computing EPS for Apex Technologies for the quarter ended Oct 31 2025?,22519308000000.0,"22,519,308,000,000",numeric,4724000.0 × 4767000.0 = 22519308000000.0
FQ-00499,Mira Systems,0,,cf_operating_YTD_Oct_31_2024,What was the net cash from operating activities reported by Mira Systems for the year-to-date period ended Oct 31 2024?,29947.0,"29,947",numeric,cf_operating_YTD_Oct_31_2024 = 29947.0
