question_id,depth,question,expression,expression_json,template_expression,answer,template_depth_requested,template_actual_depth,bound_expression_depth,tree_seed,binding_seed,master_seed,derived_prob,template_internal_nodes,template_leaf_slots,bound_leaf_count,leaf_1_key,leaf_1_concept,leaf_1_label,leaf_1_entity,leaf_1_period,leaf_1_unit,leaf_1_value,leaf_2_key,leaf_2_concept,leaf_2_label,leaf_2_entity,leaf_2_period,leaf_2_unit,leaf_2_value,leaf_3_key,leaf_3_concept,leaf_3_label,leaf_3_entity,leaf_3_period,leaf_3_unit,leaf_3_value,leaf_4_key,leaf_4_concept,leaf_4_label,leaf_4_entity,leaf_4_period,leaf_4_unit,leaf_4_value,leaf_5_key,leaf_5_concept,leaf_5_label,leaf_5_entity,leaf_5_period,leaf_5_unit,leaf_5_value,leaf_6_key,leaf_6_concept,leaf_6_label,leaf_6_entity,leaf_6_period,leaf_6_unit,leaf_6_value,leaf_7_key,leaf_7_concept,leaf_7_label,leaf_7_entity,leaf_7_period,leaf_7_unit,leaf_7_value,leaf_8_key,leaf_8_concept,leaf_8_label,leaf_8_entity,leaf_8_period,leaf_8_unit,leaf_8_value
1,1,"compute the minimum of provision for income taxes for IND from Three Months Ended April 30, 2024 to Three Months Ended April 30, 2025","min(913_provision_for_income_taxes_prior_year_quarter, 912_provision_for_income_taxes_current_quarter)","{""op"": ""min"", ""left"": {""leaf"": ""913_provision_for_income_taxes_prior_year_quarter"", ""depth"": 0}, ""right"": {""leaf"": ""912_provision_for_income_taxes_current_quarter"", ""depth"": 0}, ""depth"": 1}","{""kind"": ""time_agg"", ""op"": ""min"", ""depth"": 0}",345.0,4,0,1,644252077,310954507,918663111,0.347,0,1,2,913_provision_for_income_taxes_prior_year_quarter,provision_for_income_taxes,provision for income taxes,IND,"Three Months Ended April 30, 2024",M_USD,384.0,912_provision_for_income_taxes_current_quarter,provision_for_income_taxes,provision for income taxes,IND,"Three Months Ended April 30, 2025",M_USD,345.0,,,,,,,,,,,,,,,,,,,,,,,,,,,,,,,,,,,,,,,,,,
2,1,"determine the maximum of total liabilities for FIN from December 31, 2024 to April 30, 2025.","max(4314_total_liabilities_current_quarter_end, 4315_total_liabilities_prior_fy_end)","{""op"": ""max"", ""left"": {""leaf"": ""4314_total_liabilities_current_quarter_end"", ""depth"": 0}, ""right"": {""leaf"": ""4315_total_liabilities_prior_fy_end"", ""depth"": 0}, ""depth"": 1}","{""kind"": ""time_agg"", ""op"": ""max"", ""depth"": 0}",8879.0,2,0,1,761329104,784335825,918663111,0.348,0,1,2,4314_total_liabilities_current_quarter_end,total_liabilities,total liabilities,FIN,"April 30, 2025",M_USD,8879.0,4315_total_liabilities_prior_fy_end,total_liabilities,total liabilities,FIN,"December 31, 2024",M_USD,7911.0,,,,,,,,,,,,,,,,,,,,,,,,,,,,,,,,,,,,,,,,,,
3,1,"May you calculate the maximum of property plant and equipment net for VRX from December 31, 2024 to July 31, 2025?","max(3153_property_plant_and_equipment_net_prior_fy_end, 3152_property_plant_and_equipment_net_current_quarter_end)","{""op"": ""max"", ""left"": {""leaf"": ""3153_property_plant_and_equipment_net_prior_fy_end"", ""depth"": 0}, ""right"": {""leaf"": ""3152_property_plant_and_equipment_net_current_quarter_end"", ""depth"": 0}, ""depth"": 1}","{""kind"": ""time_agg"", ""op"": ""max"", ""depth"": 0}",2370.0,1,0,1,505733294,737846002,918663111,0.367,0,1,2,3153_property_plant_and_equipment_net_prior_fy_end,property_plant_and_equipment_net,property plant and equipment net,VRX,"December 31, 2024",M_USD,2250.0,3152_property_plant_and_equipment_net_current_quarter_end,property_plant_and_equipment_net,property plant and equipment net,VRX,"July 31, 2025",M_USD,2370.0,,,,,,,,,,,,,,,,,,,,,,,,,,,,,,,,,,,,,,,,,,
4,1,"could you give the maximum of goodwill for STR from December 31, 2024 to July 31, 2025","max(3507_goodwill_prior_fy_end, 3506_goodwill_current_quarter_end)","{""op"": ""max"", ""left"": {""leaf"": ""3507_goodwill_prior_fy_end"", ""depth"": 0}, ""right"": {""leaf"": ""3506_goodwill_current_quarter_end"", ""depth"": 0}, ""depth"": 1}","{""kind"": ""time_agg"", ""op"": ""max"", ""depth"": 0}",3130.0,2,0,1,550136589,917197840,918663111,0.234,0,1,2,3507_goodwill_prior_fy_end,goodwill,goodwill,STR,"December 31, 2024",M_USD,3130.0,3506_goodwill_current_quarter_end,goodwill,goodwill,STR,"July 31, 2025",M_USD,3058.0,,,,,,,,,,,,,,,,,,,,,,,,,,,,,,,,,,,,,,,,,,
5,1,"Calculate the minimum of current portion of long term debt for CRF from December 31, 2024 to October 31, 2025.","min(1641_current_portion_of_long_term_debt_prior_fy_end, 1640_current_portion_of_long_term_debt_current_quarter_end)","{""op"": ""min"", ""left"": {""leaf"": ""1641_current_portion_of_long_term_debt_prior_fy_end"", ""depth"": 0}, ""right"": {""leaf"": ""1640_current_portion_of_long_term_debt_current_quarter_end"", ""depth"": 0}, ""depth"": 1}","{""kind"": ""time_agg"", ""op"": ""min"", ""depth"": 0}",617.0,4,0,1,370766188,402184313,918663111,0.408,0,1,2,1641_current_portion_of_long_term_debt_prior_fy_end,current_portion_of_long_term_debt,current portion of long term debt,CRF,"December 31, 2024",M_USD,633.0,1640_current_portion_of_long_term_debt_current_quarter_end,current_portion_of_long_term_debt,current portion of long term debt,CRF,"October 31, 2025",M_USD,617.0,,,,,,,,,,,,,,,,,,,,,,,,,,,,,,,,,,,,,,,,,,
6,2,"compute the average net cash from operating for PLX from Nine Months Ended July 31, 2025 to Nine Months Ended July 31, 2026","ratio(sum(4437_net_cash_from_operating_prior_ytd, 4436_net_cash_from_operating_current_ytd), 2.0)","{""op"": ""ratio"", ""left"": {""op"": ""sum"", ""left"": {""leaf"": ""4437_net_cash_from_operating_prior_ytd"", ""depth"": 0}, ""right"": {""leaf"": ""4436_net_cash_from_operating_current_ytd"", ""depth"": 0}, ""depth"": 1}, ""right"": {""literal"": 2.0, ""depth"": 0}, ""depth"": 2}","{""kind"": ""time_agg"", ""op"": ""avg"", ""depth"": 0}",22921.5,4,0,2,10940951,149393477,918663111,0.393,0,1,2,4437_net_cash_from_operating_prior_ytd,net_cash_from_operating,net cash from operating,PLX,"Nine Months Ended July 31, 2025",M_USD,22659.0,4436_net_cash_from_operating_current_ytd,net_cash_from_operating,net cash from operating,PLX,"Nine Months Ended July 31, 2026",M_USD,23184.0,,,,,,,,,,,,,,,,,,,,,,,,,,,,,,,,,,,,,,,,,,
7,1,"Which value corresponds to the maximum of total liabilities for PLX from September 30, 2025 to July 31, 2026 ?","max(4430_total_liabilities_current_quarter_end, 4431_total_liabilities_prior_fy_end)","{""op"": ""max"", ""left"": {""leaf"": ""4430_total_liabilities_current_quarter_end"", ""depth"": 0}, ""right"": {""leaf"": ""4431_total_liabilities_prior_fy_end"", ""depth"": 0}, ""depth"": 1}","{""kind"": ""time_agg"", ""op"": ""max"", ""depth"": 0}",8205.0,4,0,1,403481904,460844677,918663111,0.584,0,1,2,4430_total_liabilities_current_quarter_end,total_liabilities,total liabilities,PLX,"July 31, 2026",M_USD,8205.0,4431_total_liabilities_prior_fy_end,total_liabilities,total liabilities,PLX,"September 30, 2025",M_USD,6991.0,,,,,,,,,,,,,,,,,,,,,,,,,,,,,,,,,,,,,,,,,,
8,2,"Evaluate the average accounts payable for GRD from December 31, 2024 to July 31, 2025","ratio(sum(297_accounts_payable_prior_fy_end, 296_accounts_payable_current_quarter_end), 2.0)","{""op"": ""ratio"", ""left"": {""op"": ""sum"", ""left"": {""leaf"": ""297_accounts_payable_prior_fy_end"", ""depth"": 0}, ""right"": {""leaf"": ""296_accounts_payable_current_quarter_end"", ""depth"": 0}, ""depth"": 1}, ""right"": {""literal"": 2.0, ""depth"": 0}, ""depth"": 2}","{""kind"": ""time_agg"", ""op"": ""avg"", ""depth"": 0}",4127.0,4,0,2,720992597,862254487,918663111,0.213,0,1,2,297_accounts_payable_prior_fy_end,accounts_payable,accounts payable,GRD,"December 31, 2024",M_USD,4284.0,296_accounts_payable_current_quarter_end,accounts_payable,accounts payable,GRD,"July 31, 2025",M_USD,3970.0,,,,,,,,,,,,,,,,,,,,,,,,,,,,,,,,,,,,,,,,,,
9,1,"may you give the minimum of total current liabilities for FIN from December 31, 2024 to April 30, 2025","min(4306_total_current_liabilities_current_quarter_end, 4307_total_current_liabilities_prior_fy_end)","{""op"": ""min"", ""left"": {""leaf"": ""4306_total_current_liabilities_current_quarter_end"", ""depth"": 0}, ""right"": {""leaf"": ""4307_total_current_liabilities_prior_fy_end"", ""depth"": 0}, ""depth"": 1}","{""kind"": ""time_agg"", ""op"": ""min"", ""depth"": 0}",3160.0,4,0,1,814202966,174329213,918663111,0.581,0,1,2,4306_total_current_liabilities_current_quarter_end,total_current_liabilities,total current liabilities,FIN,"April 30, 2025",M_USD,3547.0,4307_total_current_liabilities_prior_fy_end,total_current_liabilities,total current liabilities,FIN,"December 31, 2024",M_USD,3160.0,,,,,,,,,,,,,,,,,,,,,,,,,,,,,,,,,,,,,,,,,,
10,1,"determine the maximum of operating income for HLT from Six Months Ended July 31, 2024 to Six Months Ended July 31, 2025 .","max(2397_operating_income_prior_year_ytd, 3244_operating_income_current_ytd)","{""op"": ""max"", ""left"": {""leaf"": ""2397_operating_income_prior_year_ytd"", ""depth"": 0}, ""right"": {""leaf"": ""3244_operating_income_current_ytd"", ""depth"": 0}, ""depth"": 1}","{""kind"": ""time_agg"", ""op"": ""max"", ""depth"": 0}",9304.0,2,0,1,657205045,842464422,918663111,0.454,0,1,2,2397_operating_income_prior_year_ytd,operating_income,operating income,HLT,"Six Months Ended July 31, 2024",M_USD,3944.0,3244_operating_income_current_ytd,operating_income,operating income,HLT,"Six Months Ended July 31, 2025",M_USD,9304.0,,,,,,,,,,,,,,,,,,,,,,,,,,,,,,,,,,,,,,,,,,
11,1,"Determine the minimum of long term debt for MRT from December 31, 2024 to April 30, 2025.","min(1402_long_term_debt_current_quarter_end, 1403_long_term_debt_prior_fy_end)","{""op"": ""min"", ""left"": {""leaf"": ""1402_long_term_debt_current_quarter_end"", ""depth"": 0}, ""right"": {""leaf"": ""1403_long_term_debt_prior_fy_end"", ""depth"": 0}, ""depth"": 1}","{""kind"": ""time_agg"", ""op"": ""min"", ""depth"": 0}",10718.0,3,0,1,9158901,188868627,918663111,0.308,0,1,2,1402_long_term_debt_current_quarter_end,long_term_debt,long term debt,MRT,"April 30, 2025",M_USD,12414.0,1403_long_term_debt_prior_fy_end,long_term_debt,long term debt,MRT,"December 31, 2024",M_USD,10718.0,,,,,,,,,,,,,,,,,,,,,,,,,,,,,,,,,,,,,,,,,,
12,1,"what is the minimum of short term investments for BLD from December 31, 2024 to July 31, 2025 ?","min(2917_short_term_investments_prior_fy_end, 2916_short_term_investments_current_quarter_end)","{""op"": ""min"", ""left"": {""leaf"": ""2917_short_term_investments_prior_fy_end"", ""depth"": 0}, ""right"": {""leaf"": ""2916_short_term_investments_current_quarter_end"", ""depth"": 0}, ""depth"": 1}","{""kind"": ""time_agg"", ""op"": ""min"", ""depth"": 0}",1243.0,2,0,1,637099610,150751957,918663111,0.213,0,1,2,2917_short_term_investments_prior_fy_end,short_term_investments,short term investments,BLD,"December 31, 2024",M_USD,1246.0,2916_short_term_investments_current_quarter_end,short_term_investments,short term investments,BLD,"July 31, 2025",M_USD,1243.0,,,,,,,,,,,,,,,,,,,,,,,,,,,,,,,,,,,,,,,,,,
13,2,"whats the value of the average Other revenue for CRX from Nine Months Ended October 31, 2024 to Nine Months Ended October 31, 2025","ratio(sum(5265_other_revenue_prior_year_ytd, 5261_other_revenue_current_ytd), 2.0)","{""op"": ""ratio"", ""left"": {""op"": ""sum"", ""left"": {""leaf"": ""5265_other_revenue_prior_year_ytd"", ""depth"": 0}, ""right"": {""leaf"": ""5261_other_revenue_current_ytd"", ""depth"": 0}, ""depth"": 1}, ""right"": {""literal"": 2.0, ""depth"": 0}, ""depth"": 2}","{""kind"": ""time_agg"", ""op"": ""avg"", ""depth"": 0}",13267.5,1,0,2,559514184,275403267,918663111,0.25,0,1,2,5265_other_revenue_prior_year_ytd,other_revenue,Other revenue,CRX,"Nine Months Ended October 31, 2024",M_USD,13515.0,5261_other_revenue_current_ytd,other_revenue,Other revenue,CRX,"Nine Months Ended October 31, 2025",M_USD,13020.0,,,,,,,,,,,,,,,,,,,,,,,,,,,,,,,,,,,,,,,,,,
14,1,"What's the value of the maximum of operating income for CLD from Three Months Ended April 30, 2024 to Three Months Ended April 30, 2025 ?","max(3711_operating_income_prior_year_quarter, 3358_operating_income_current_quarter)","{""op"": ""max"", ""left"": {""leaf"": ""3711_operating_income_prior_year_quarter"", ""depth"": 0}, ""right"": {""leaf"": ""3358_operating_income_current_quarter"", ""depth"": 0}, ""depth"": 1}","{""kind"": ""time_agg"", ""op"": ""max"", ""depth"": 0}",1713.0,4,0,1,358189846,197710619,918663111,0.191,0,1,2,3711_operating_income_prior_year_quarter,operating_income,operating income,CLD,"Three Months Ended April 30, 2024",M_USD,680.0,3358_operating_income_current_quarter,operating_income,operating income,CLD,"Three Months Ended April 30, 2025",M_USD,1713.0,,,,,,,,,,,,,,,,,,,,,,,,,,,,,,,,,,,,,,,,,,
15,1,"You should give the minimum of total non current liabilities for MED from July 31, 2025 to October 31, 2025","min(1760_total_non_current_liabilities_current_quarter_end, 2000_total_non_current_liabilities_current_quarter_end)","{""op"": ""min"", ""left"": {""leaf"": ""1760_total_non_current_liabilities_current_quarter_end"", ""depth"": 0}, ""right"": {""leaf"": ""2000_total_non_current_liabilities_current_quarter_end"", ""depth"": 0}, ""depth"": 1}","{""kind"": ""time_agg"", ""op"": ""min"", ""depth"": 0}",912.0,2,0,1,827701810,758518410,918663111,0.448,0,1,2,1760_total_non_current_liabilities_current_quarter_end,total_non_current_liabilities,total non current liabilities,MED,"July 31, 2025",M_USD,5601.0,2000_total_non_current_liabilities_current_quarter_end,total_non_current_liabilities,total non current liabilities,MED,"October 31, 2025",M_USD,912.0,,,,,,,,,,,,,,,,,,,,,,,,,,,,,,,,,,,,,,,,,,
16,1,"what do we obtain as the minimum of stock based compensation for HLT from Nine Months Ended October 31, 2024 to Nine Months Ended October 31, 2025 ?","min(549_stock_based_compensation_prior_ytd, 548_stock_based_compensation_current_ytd)","{""op"": ""min"", ""left"": {""leaf"": ""549_stock_based_compensation_prior_ytd"", ""depth"": 0}, ""right"": {""leaf"": ""548_stock_based_compensation_current_ytd"", ""depth"": 0}, ""depth"": 1}","{""kind"": ""time_agg"", ""op"": ""min"", ""depth"": 0}",339.0,3,0,1,304748497,113090967,918663111,0.478,0,1,2,549_stock_based_compensation_prior_ytd,stock_based_compensation,stock based compensation,HLT,"Nine Months Ended October 31, 2024",M_USD,339.0,548_stock_based_compensation_current_ytd,stock_based_compensation,stock based compensation,HLT,"Nine Months Ended October 31, 2025",M_USD,388.0,,,,,,,,,,,,,,,,,,,,,,,,,,,,,,,,,,,,,,,,,,
17,2,"whats the value of the average accounts receivable net for CRF from December 31, 2024 to October 31, 2025","ratio(sum(1615_accounts_receivable_net_prior_fy_end, 1614_accounts_receivable_net_current_quarter_end), 2.0)","{""op"": ""ratio"", ""left"": {""op"": ""sum"", ""left"": {""leaf"": ""1615_accounts_receivable_net_prior_fy_end"", ""depth"": 0}, ""right"": {""leaf"": ""1614_accounts_receivable_net_current_quarter_end"", ""depth"": 0}, ""depth"": 1}, ""right"": {""literal"": 2.0, ""depth"": 0}, ""depth"": 2}","{""kind"": ""time_agg"", ""op"": ""avg"", ""depth"": 0}",965.0,4,0,2,767328426,311589211,918663111,0.3,0,1,2,1615_accounts_receivable_net_prior_fy_end,accounts_receivable_net,accounts receivable net,CRF,"December 31, 2024",M_USD,977.0,1614_accounts_receivable_net_current_quarter_end,accounts_receivable_net,accounts receivable net,CRF,"October 31, 2025",M_USD,953.0,,,,,,,,,,,,,,,,,,,,,,,,,,,,,,,,,,,,,,,,,,
18,1,"what does the following give: minimum of property plant and equipment net for JTX from December 31, 2024 to April 30, 2025 ?","min(4198_property_plant_and_equipment_net_current_quarter_end, 4199_property_plant_and_equipment_net_prior_fy_end)","{""op"": ""min"", ""left"": {""leaf"": ""4198_property_plant_and_equipment_net_current_quarter_end"", ""depth"": 0}, ""right"": {""leaf"": ""4199_property_plant_and_equipment_net_prior_fy_end"", ""depth"": 0}, ""depth"": 1}","{""kind"": ""time_agg"", ""op"": ""min"", ""depth"": 0}",7746.0,1,0,1,174352791,447797851,918663111,0.256,0,1,2,4198_property_plant_and_equipment_net_current_quarter_end,property_plant_and_equipment_net,property plant and equipment net,JTX,"April 30, 2025",M_USD,7772.0,4199_property_plant_and_equipment_net_prior_fy_end,property_plant_and_equipment_net,property plant and equipment net,JTX,"December 31, 2024",M_USD,7746.0,,,,,,,,,,,,,,,,,,,,,,,,,,,,,,,,,,,,,,,,,,
19,2,"Compute the average research and development for IND from Three Months Ended April 30, 2024 to Three Months Ended April 30, 2025 .","ratio(sum(903_research_and_development_prior_year_quarter, 902_research_and_development_current_quarter), 2.0)","{""op"": ""ratio"", ""left"": {""op"": ""sum"", ""left"": {""leaf"": ""903_research_and_development_prior_year_quarter"", ""depth"": 0}, ""right"": {""leaf"": ""902_research_and_development_current_quarter"", ""depth"": 0}, ""depth"": 1}, ""right"": {""literal"": 2.0, ""depth"": 0}, ""depth"": 2}","{""kind"": ""time_agg"", ""op"": ""avg"", ""depth"": 0}",1331.0,3,0,2,467573125,892317035,918663111,0.437,0,1,2,903_research_and_development_prior_year_quarter,research_and_development,research and development,IND,"Three Months Ended April 30, 2024",M_USD,1402.0,902_research_and_development_current_quarter,research_and_development,research and development,IND,"Three Months Ended April 30, 2025",M_USD,1260.0,,,,,,,,,,,,,,,,,,,,,,,,,,,,,,,,,,,,,,,,,,
20,1,"what is the value of the minimum of cost of sales for CIV from Nine Months Ended October 31, 2024 to Nine Months Ended October 31, 2025?","min(2985_cost_of_sales_prior_year_ytd, 2984_cost_of_sales_current_ytd)","{""op"": ""min"", ""left"": {""leaf"": ""2985_cost_of_sales_prior_year_ytd"", ""depth"": 0}, ""right"": {""leaf"": ""2984_cost_of_sales_current_ytd"", ""depth"": 0}, ""depth"": 1}","{""kind"": ""time_agg"", ""op"": ""min"", ""depth"": 0}",8064.0,3,0,1,341592882,768407572,918663111,0.525,0,1,2,2985_cost_of_sales_prior_year_ytd,cost_of_sales,cost of sales,CIV,"Nine Months Ended October 31, 2024",M_USD,8064.0,2984_cost_of_sales_current_ytd,cost_of_sales,cost of sales,CIV,"Nine Months Ended October 31, 2025",M_USD,8484.0,,,,,,,,,,,,,,,,,,,,,,,,,,,,,,,,,,,,,,,,,,
21,1,"which result follows from the minimum of total assets for PLZ from December 31, 2024 to July 31, 2025?","min(2113_total_assets_prior_fy_end, 2112_total_assets_current_quarter_end)","{""op"": ""min"", ""left"": {""leaf"": ""2113_total_assets_prior_fy_end"", ""depth"": 0}, ""right"": {""leaf"": ""2112_total_assets_current_quarter_end"", ""depth"": 0}, ""depth"": 1}","{""kind"": ""time_agg"", ""op"": ""min"", ""depth"": 0}",73817.0,2,0,1,249697516,59392957,918663111,0.304,0,1,2,2113_total_assets_prior_fy_end,total_assets,total assets,PLZ,"December 31, 2024",M_USD,73817.0,2112_total_assets_current_quarter_end,total_assets,total assets,PLZ,"July 31, 2025",M_USD,75814.0,,,,,,,,,,,,,,,,,,,,,,,,,,,,,,,,,,,,,,,,,,
22,1,"may you calculate the minimum of Net interest income for TRU from Six Months Ended July 31, 2024 to Six Months Ended July 31, 2025?","min(806_net_interest_income_prior_year_ytd, 688_net_interest_income_current_ytd)","{""op"": ""min"", ""left"": {""leaf"": ""806_net_interest_income_prior_year_ytd"", ""depth"": 0}, ""right"": {""leaf"": ""688_net_interest_income_current_ytd"", ""depth"": 0}, ""depth"": 1}","{""kind"": ""time_agg"", ""op"": ""min"", ""depth"": 0}",21672.0,2,0,1,186908220,187288941,918663111,0.16,0,1,2,806_net_interest_income_prior_year_ytd,net_interest_income,Net interest income,TRU,"Six Months Ended July 31, 2024",M_USD,55248.0,688_net_interest_income_current_ytd,net_interest_income,Net interest income,TRU,"Six Months Ended July 31, 2025",M_USD,21672.0,,,,,,,,,,,,,,,,,,,,,,,,,,,,,,,,,,,,,,,,,,
23,1,"What is the minimum of total non current liabilities for BLD from December 31, 2024 to July 31, 2025?","min(5353_total_non_current_liabilities_prior_fy_end, 2952_total_non_current_liabilities_current_quarter_end)","{""op"": ""min"", ""left"": {""leaf"": ""5353_total_non_current_liabilities_prior_fy_end"", ""depth"": 0}, ""right"": {""leaf"": ""2952_total_non_current_liabilities_current_quarter_end"", ""depth"": 0}, ""depth"": 1}","{""kind"": ""time_agg"", ""op"": ""min"", ""depth"": 0}",1371.0,2,0,1,635929454,620381428,918663111,0.309,0,1,2,5353_total_non_current_liabilities_prior_fy_end,total_non_current_liabilities,total non current liabilities,BLD,"December 31, 2024",M_USD,6375.0,2952_total_non_current_liabilities_current_quarter_end,total_non_current_liabilities,total non current liabilities,BLD,"July 31, 2025",M_USD,1371.0,,,,,,,,,,,,,,,,,,,,,,,,,,,,,,,,,,,,,,,,,,
24,1,"give the maximum of net income for PRD from Three Months Ended October 31, 2024 to Three Months Ended October 31, 2025 .","max(1839_net_income_prior_year_quarter, 1838_net_income_current_quarter)","{""op"": ""max"", ""left"": {""leaf"": ""1839_net_income_prior_year_quarter"", ""depth"": 0}, ""right"": {""leaf"": ""1838_net_income_current_quarter"", ""depth"": 0}, ""depth"": 1}","{""kind"": ""time_agg"", ""op"": ""max"", ""depth"": 0}",3255.0,1,0,1,608168462,313990222,918663111,0.484,0,1,2,1839_net_income_prior_year_quarter,net_income,net income,PRD,"Three Months Ended October 31, 2024",M_USD,2872.0,1838_net_income_current_quarter,net_income,net income,PRD,"Three Months Ended October 31, 2025",M_USD,3255.0,,,,,,,,,,,,,,,,,,,,,,,,,,,,,,,,,,,,,,,,,,
25,1,"which result follows from the minimum of cost of sales for PLX from Three Months Ended July 31, 2025 to Three Months Ended July 31, 2026?","min(4347_cost_of_sales_prior_year_quarter, 4346_cost_of_sales_current_quarter)","{""op"": ""min"", ""left"": {""leaf"": ""4347_cost_of_sales_prior_year_quarter"", ""depth"": 0}, ""right"": {""leaf"": ""4346_cost_of_sales_current_quarter"", ""depth"": 0}, ""depth"": 1}","{""kind"": ""time_agg"", ""op"": ""min"", ""depth"": 0}",6337.0,1,0,1,350417024,130420386,918663111,0.482,0,1,2,4347_cost_of_sales_prior_year_quarter,cost_of_sales,cost of sales,PLX,"Three Months Ended July 31, 2025",M_USD,6337.0,4346_cost_of_sales_current_quarter,cost_of_sales,cost of sales,PLX,"Three Months Ended July 31, 2026",M_USD,6428.0,,,,,,,,,,,,,,,,,,,,,,,,,,,,,,,,,,,,,,,,,,
26,1,"What does the following give: maximum of other non current assets for INF from December 31, 2024 to July 31, 2025?","max(3861_other_non_current_assets_prior_fy_end, 3860_other_non_current_assets_current_quarter_end)","{""op"": ""max"", ""left"": {""leaf"": ""3861_other_non_current_assets_prior_fy_end"", ""depth"": 0}, ""right"": {""leaf"": ""3860_other_non_current_assets_current_quarter_end"", ""depth"": 0}, ""depth"": 1}","{""kind"": ""time_agg"", ""op"": ""max"", ""depth"": 0}",843.0,4,0,1,159924954,926618307,918663111,0.229,0,1,2,3861_other_non_current_assets_prior_fy_end,other_non_current_assets,other non current assets,INF,"December 31, 2024",M_USD,842.0,3860_other_non_current_assets_current_quarter_end,other_non_current_assets,other non current assets,INF,"July 31, 2025",M_USD,843.0,,,,,,,,,,,,,,,,,,,,,,,,,,,,,,,,,,,,,,,,,,
27,1,"State the maximum of provision for income taxes for CRX from Three Months Ended October 31, 2024 to Three Months Ended October 31, 2025","max(5171_provision_for_income_taxes_prior_year_quarter, 5170_provision_for_income_taxes_current_quarter)","{""op"": ""max"", ""left"": {""leaf"": ""5171_provision_for_income_taxes_prior_year_quarter"", ""depth"": 0}, ""right"": {""leaf"": ""5170_provision_for_income_taxes_current_quarter"", ""depth"": 0}, ""depth"": 1}","{""kind"": ""time_agg"", ""op"": ""max"", ""depth"": 0}",695.0,4,0,1,913977852,867522321,918663111,0.182,0,1,2,5171_provision_for_income_taxes_prior_year_quarter,provision_for_income_taxes,provision for income taxes,CRX,"Three Months Ended October 31, 2024",M_USD,695.0,5170_provision_for_income_taxes_current_quarter,provision_for_income_taxes,provision for income taxes,CRX,"Three Months Ended October 31, 2025",M_USD,669.0,,,,,,,,,,,,,,,,,,,,,,,,,,,,,,,,,,,,,,,,,,
28,0,"may you give the total costs and expenses for VTL in Six Months Ended July 31, 2025?",4056_total_costs_and_expenses_current_ytd,"{""leaf"": ""4056_total_costs_and_expenses_current_ytd"", ""depth"": 0}","{""kind"": ""leaf"", ""semantic_type_in"": [""amount""], ""depth"": 0}",24748.0,2,0,0,367655527,982300260,918663111,0.134,0,1,1,4056_total_costs_and_expenses_current_ytd,total_costs_and_expenses,total costs and expenses,VTL,"Six Months Ended July 31, 2025",M_USD,24748.0,,,,,,,,,,,,,,,,,,,,,,,,,,,,,,,,,,,,,,,,,,,,,,,,,
29,0,"Which result follows from the Services for PLX in Nine Months Ended July 31, 2026 ?",4463_services_current_ytd,"{""leaf"": ""4463_services_current_ytd"", ""depth"": 0}","{""kind"": ""leaf"", ""semantic_type_in"": [""amount""], ""depth"": 0}",7140.0,1,0,0,532938231,718106838,918663111,0.505,0,1,1,4463_services_current_ytd,services,Services,PLX,"Nine Months Ended July 31, 2026",M_USD,7140.0,,,,,,,,,,,,,,,,,,,,,,,,,,,,,,,,,,,,,,,,,,,,,,,,,
30,1,"What do we obtain as the minimum of stock based compensation for INF from Six Months Ended July 31, 2024 to Six Months Ended July 31, 2025","min(3895_stock_based_compensation_prior_ytd, 3894_stock_based_compensation_current_ytd)","{""op"": ""min"", ""left"": {""leaf"": ""3895_stock_based_compensation_prior_ytd"", ""depth"": 0}, ""right"": {""leaf"": ""3894_stock_based_compensation_current_ytd"", ""depth"": 0}, ""depth"": 1}","{""kind"": ""time_agg"", ""op"": ""min"", ""depth"": 0}",298.0,2,0,1,606258125,62940133,918663111,0.19,0,1,2,3895_stock_based_compensation_prior_ytd,stock_based_compensation,stock based compensation,INF,"Six Months Ended July 31, 2024",M_USD,298.0,3894_stock_based_compensation_current_ytd,stock_based_compensation,stock based compensation,INF,"Six Months Ended July 31, 2025",M_USD,323.0,,,,,,,,,,,,,,,,,,,,,,,,,,,,,,,,,,,,,,,,,,
31,2,"provide the average provision for income taxes for TPH from Nine Months Ended October 31, 2024 to Nine Months Ended October 31, 2025.","ratio(sum(2773_provision_for_income_taxes_prior_year_ytd, 2772_provision_for_income_taxes_current_ytd), 2.0)","{""op"": ""ratio"", ""left"": {""op"": ""sum"", ""left"": {""leaf"": ""2773_provision_for_income_taxes_prior_year_ytd"", ""depth"": 0}, ""right"": {""leaf"": ""2772_provision_for_income_taxes_current_ytd"", ""depth"": 0}, ""depth"": 1}, ""right"": {""literal"": 2.0, ""depth"": 0}, ""depth"": 2}","{""kind"": ""time_agg"", ""op"": ""avg"", ""depth"": 0}",2640.0,1,0,2,262096115,84268945,918663111,0.483,0,1,2,2773_provision_for_income_taxes_prior_year_ytd,provision_for_income_taxes,provision for income taxes,TPH,"Nine Months Ended October 31, 2024",M_USD,2667.0,2772_provision_for_income_taxes_current_ytd,provision_for_income_taxes,provision for income taxes,TPH,"Nine Months Ended October 31, 2025",M_USD,2613.0,,,,,,,,,,,,,,,,,,,,,,,,,,,,,,,,,,,,,,,,,,
32,1,"You should calculate the maximum of other non current liabilities for PLZ from December 31, 2024 to July 31, 2025 .","max(2127_other_non_current_liabilities_prior_fy_end, 2126_other_non_current_liabilities_current_quarter_end)","{""op"": ""max"", ""left"": {""leaf"": ""2127_other_non_current_liabilities_prior_fy_end"", ""depth"": 0}, ""right"": {""leaf"": ""2126_other_non_current_liabilities_current_quarter_end"", ""depth"": 0}, ""depth"": 1}","{""kind"": ""time_agg"", ""op"": ""max"", ""depth"": 0}",5477.0,2,0,1,718337920,333018162,918663111,0.394,0,1,2,2127_other_non_current_liabilities_prior_fy_end,other_non_current_liabilities,other non current liabilities,PLZ,"December 31, 2024",M_USD,5333.0,2126_other_non_current_liabilities_current_quarter_end,other_non_current_liabilities,other non current liabilities,PLZ,"July 31, 2025",M_USD,5477.0,,,,,,,,,,,,,,,,,,,,,,,,,,,,,,,,,,,,,,,,,,
33,2,"may you calculate the minimum of total non current liabilities for TRD from December 31, 2024 to July 31, 2025","min(min(5440_total_non_current_liabilities_current_quarter_end, 5441_total_non_current_liabilities_prior_fy_end), 2340_total_non_current_liabilities_current_quarter_end)","{""op"": ""min"", ""left"": {""op"": ""min"", ""left"": {""leaf"": ""5440_total_non_current_liabilities_current_quarter_end"", ""depth"": 0}, ""right"": {""leaf"": ""5441_total_non_current_liabilities_prior_fy_end"", ""depth"": 0}, ""depth"": 1}, ""right"": {""leaf"": ""2340_total_non_current_liabilities_current_quarter_end"", ""depth"": 0}, ""depth"": 2}","{""kind"": ""time_agg"", ""op"": ""min"", ""depth"": 0}",7172.0,4,0,2,176623998,949240067,918663111,0.564,0,1,3,5440_total_non_current_liabilities_current_quarter_end,total_non_current_liabilities,total non current liabilities,TRD,"April 30, 2025",M_USD,7735.0,5441_total_non_current_liabilities_prior_fy_end,total_non_current_liabilities,total non current liabilities,TRD,"December 31, 2024",M_USD,7172.0,2340_total_non_current_liabilities_current_quarter_end,total_non_current_liabilities,total non current liabilities,TRD,"July 31, 2025",M_USD,22167.0,,,,,,,,,,,,,,,,,,,,,,,,,,,,,,,,,,,
34,1,"what is the value of the minimum of other non current assets for BNK from December 31, 2024 to October 31, 2025 ?","min(4725_other_non_current_assets_prior_fy_end, 4724_other_non_current_assets_current_quarter_end)","{""op"": ""min"", ""left"": {""leaf"": ""4725_other_non_current_assets_prior_fy_end"", ""depth"": 0}, ""right"": {""leaf"": ""4724_other_non_current_assets_current_quarter_end"", ""depth"": 0}, ""depth"": 1}","{""kind"": ""time_agg"", ""op"": ""min"", ""depth"": 0}",685.0,2,0,1,277518612,913084005,918663111,0.164,0,1,2,4725_other_non_current_assets_prior_fy_end,other_non_current_assets,other non current assets,BNK,"December 31, 2024",M_USD,685.0,4724_other_non_current_assets_current_quarter_end,other_non_current_assets,other non current assets,BNK,"October 31, 2025",M_USD,803.0,,,,,,,,,,,,,,,,,,,,,,,,,,,,,,,,,,,,,,,,,,
35,1,"Which value corresponds to the minimum of Membership and other income for MRT from Three Months Ended April 30, 2024 to Three Months Ended April 30, 2025?","min(1433_membership_and_other_income_prior_year_quarter, 1432_membership_and_other_income_current_quarter)","{""op"": ""min"", ""left"": {""leaf"": ""1433_membership_and_other_income_prior_year_quarter"", ""depth"": 0}, ""right"": {""leaf"": ""1432_membership_and_other_income_current_quarter"", ""depth"": 0}, ""depth"": 1}","{""kind"": ""time_agg"", ""op"": ""min"", ""depth"": 0}",454.0,1,0,1,566027766,629740537,918663111,0.183,0,1,2,1433_membership_and_other_income_prior_year_quarter,membership_and_other_income,Membership and other income,MRT,"Three Months Ended April 30, 2024",M_USD,520.0,1432_membership_and_other_income_current_quarter,membership_and_other_income,Membership and other income,MRT,"Three Months Ended April 30, 2025",M_USD,454.0,,,,,,,,,,,,,,,,,,,,,,,,,,,,,,,,,,,,,,,,,,
36,2,"which quantity is given by the average long term debt for QRK from September 30, 2025 to April 30, 2026","ratio(sum(3652_long_term_debt_current_quarter_end, 3653_long_term_debt_prior_fy_end), 2.0)","{""op"": ""ratio"", ""left"": {""op"": ""sum"", ""left"": {""leaf"": ""3652_long_term_debt_current_quarter_end"", ""depth"": 0}, ""right"": {""leaf"": ""3653_long_term_debt_prior_fy_end"", ""depth"": 0}, ""depth"": 1}, ""right"": {""literal"": 2.0, ""depth"": 0}, ""depth"": 2}","{""kind"": ""time_agg"", ""op"": ""avg"", ""depth"": 0}",26274.5,1,0,2,457585013,188492056,918663111,0.297,0,1,2,3652_long_term_debt_current_quarter_end,long_term_debt,long term debt,QRK,"April 30, 2026",M_USD,25535.0,3653_long_term_debt_prior_fy_end,long_term_debt,long term debt,QRK,"September 30, 2025",M_USD,27014.0,,,,,,,,,,,,,,,,,,,,,,,,,,,,,,,,,,,,,,,,,,
37,1,"Which result follows from the maximum of deferred revenue current for PLX from September 30, 2025 to July 31, 2026","max(4416_deferred_revenue_current_current_quarter_end, 4417_deferred_revenue_current_prior_fy_end)","{""op"": ""max"", ""left"": {""leaf"": ""4416_deferred_revenue_current_current_quarter_end"", ""depth"": 0}, ""right"": {""leaf"": ""4417_deferred_revenue_current_prior_fy_end"", ""depth"": 0}, ""depth"": 1}","{""kind"": ""time_agg"", ""op"": ""max"", ""depth"": 0}",651.0,4,0,1,783730007,233298660,918663111,0.163,0,1,2,4416_deferred_revenue_current_current_quarter_end,deferred_revenue_current,deferred revenue current,PLX,"July 31, 2026",M_USD,651.0,4417_deferred_revenue_current_prior_fy_end,deferred_revenue_current,deferred revenue current,PLX,"September 30, 2025",M_USD,555.0,,,,,,,,,,,,,,,,,,,,,,,,,,,,,,,,,,,,,,,,,,
38,1,"what does the following give: maximum of total revenues for JTX from Three Months Ended April 30, 2024 to Three Months Ended April 30, 2025 ?","max(4163_total_revenues_prior_year_quarter, 4162_total_revenues_current_quarter)","{""op"": ""max"", ""left"": {""leaf"": ""4163_total_revenues_prior_year_quarter"", ""depth"": 0}, ""right"": {""leaf"": ""4162_total_revenues_current_quarter"", ""depth"": 0}, ""depth"": 1}","{""kind"": ""time_agg"", ""op"": ""max"", ""depth"": 0}",13605.0,4,0,1,585786383,603451673,918663111,0.314,0,1,2,4163_total_revenues_prior_year_quarter,total_revenues,total revenues,JTX,"Three Months Ended April 30, 2024",M_USD,13323.0,4162_total_revenues_current_quarter,total_revenues,total revenues,JTX,"Three Months Ended April 30, 2025",M_USD,13605.0,,,,,,,,,,,,,,,,,,,,,,,,,,,,,,,,,,,,,,,,,,
39,2,"provide the average accrued expenses and other for SCI from December 31, 2024 to July 31, 2025","ratio(sum(5087_accrued_expenses_and_other_prior_fy_end, 5086_accrued_expenses_and_other_current_quarter_end), 2.0)","{""op"": ""ratio"", ""left"": {""op"": ""sum"", ""left"": {""leaf"": ""5087_accrued_expenses_and_other_prior_fy_end"", ""depth"": 0}, ""right"": {""leaf"": ""5086_accrued_expenses_and_other_current_quarter_end"", ""depth"": 0}, ""depth"": 1}, ""right"": {""literal"": 2.0, ""depth"": 0}, ""depth"": 2}","{""kind"": ""time_agg"", ""op"": ""avg"", ""depth"": 0}",449.5,4,0,2,951578122,729806216,918663111,0.528,0,1,2,5087_accrued_expenses_and_other_prior_fy_end,accrued_expenses_and_other,accrued expenses and other,SCI,"December 31, 2024",M_USD,419.0,5086_accrued_expenses_and_other_current_quarter_end,accrued_expenses_and_other,accrued expenses and other,SCI,"July 31, 2025",M_USD,480.0,,,,,,,,,,,,,,,,,,,,,,,,,,,,,,,,,,,,,,,,,,
40,2,"You should calculate the sum of maximum of operating income for CLD from Three Months Ended April 30, 2024 to Three Months Ended April 30, 2025 and minimum of Subscription revenue for CLD from Three Months Ended April 30, 2024 to Three Months Ended April 30, 2025","sum(max(3359_operating_income_prior_year_quarter, 3358_operating_income_current_quarter), min(3438_subscription_revenue_prior_year_quarter, 3788_subscription_revenue_current_quarter))","{""op"": ""sum"", ""left"": {""op"": ""max"", ""left"": {""leaf"": ""3359_operating_income_prior_year_quarter"", ""depth"": 0}, ""right"": {""leaf"": ""3358_operating_income_current_quarter"", ""depth"": 0}, ""depth"": 1}, ""right"": {""op"": ""min"", ""left"": {""leaf"": ""3438_subscription_revenue_prior_year_quarter"", ""depth"": 0}, ""right"": {""leaf"": ""3788_subscription_revenue_current_quarter"", ""depth"": 0}, ""depth"": 1}, ""depth"": 2}","{""op"": ""sum"", ""left"": {""kind"": ""time_agg"", ""op"": ""max"", ""depth"": 0}, ""right"": {""kind"": ""time_agg"", ""op"": ""min"", ""depth"": 0}, ""depth"": 1, ""kind"": ""node""}",2820.0,2,1,2,677281127,629634069,918663111,0.5,1,2,4,3359_operating_income_prior_year_quarter,operating_income,operating income,CLD,"Three Months Ended April 30, 2024",M_USD,1654.0,3358_operating_income_current_quarter,operating_income,operating income,CLD,"Three Months Ended April 30, 2025",M_USD,1713.0,3438_subscription_revenue_prior_year_quarter,subscription_revenue,Subscription revenue,CLD,"Three Months Ended April 30, 2024",M_USD,10653.0,3788_subscription_revenue_current_quarter,subscription_revenue,Subscription revenue,CLD,"Three Months Ended April 30, 2025",M_USD,1107.0,,,,,,,,,,,,,,,,,,,,,,,,,,,,
41,1,"Evaluate the minimum of net cash from operating for JTX from Three Months Ended April 30, 2024 to Three Months Ended April 30, 2025.","min(4231_net_cash_from_operating_prior_ytd, 4230_net_cash_from_operating_current_ytd)","{""op"": ""min"", ""left"": {""leaf"": ""4231_net_cash_from_operating_prior_ytd"", ""depth"": 0}, ""right"": {""leaf"": ""4230_net_cash_from_operating_current_ytd"", ""depth"": 0}, ""depth"": 1}","{""kind"": ""time_agg"", ""op"": ""min"", ""depth"": 0}",2578.0,3,0,1,472285120,694320022,918663111,0.404,0,1,2,4231_net_cash_from_operating_prior_ytd,net_cash_from_operating,net cash from operating,JTX,"Three Months Ended April 30, 2024",M_USD,2745.0,4230_net_cash_from_operating_current_ytd,net_cash_from_operating,net cash from operating,JTX,"Three Months Ended April 30, 2025",M_USD,2578.0,,,,,,,,,,,,,,,,,,,,,,,,,,,,,,,,,,,,,,,,,,
42,1,"what does the following give: maximum of cash and cash equivalents for JTX from December 31, 2024 to April 30, 2025","max(4184_cash_and_cash_equivalents_current_quarter_end, 4185_cash_and_cash_equivalents_prior_fy_end)","{""op"": ""max"", ""left"": {""leaf"": ""4184_cash_and_cash_equivalents_current_quarter_end"", ""depth"": 0}, ""right"": {""leaf"": ""4185_cash_and_cash_equivalents_prior_fy_end"", ""depth"": 0}, ""depth"": 1}","{""kind"": ""time_agg"", ""op"": ""max"", ""depth"": 0}",1714.0,2,0,1,378123432,624998917,918663111,0.154,0,1,2,4184_cash_and_cash_equivalents_current_quarter_end,cash_and_cash_equivalents,cash and cash equivalents,JTX,"April 30, 2025",M_USD,1714.0,4185_cash_and_cash_equivalents_prior_fy_end,cash_and_cash_equivalents,cash and cash equivalents,JTX,"December 31, 2024",M_USD,1708.0,,,,,,,,,,,,,,,,,,,,,,,,,,,,,,,,,,,,,,,,,,
43,2,"may you give the average total current liabilities for VRX from December 31, 2024 to July 31, 2025 ?","ratio(sum(3171_total_current_liabilities_prior_fy_end, 3170_total_current_liabilities_current_quarter_end), 2.0)","{""op"": ""ratio"", ""left"": {""op"": ""sum"", ""left"": {""leaf"": ""3171_total_current_liabilities_prior_fy_end"", ""depth"": 0}, ""right"": {""leaf"": ""3170_total_current_liabilities_current_quarter_end"", ""depth"": 0}, ""depth"": 1}, ""right"": {""literal"": 2.0, ""depth"": 0}, ""depth"": 2}","{""kind"": ""time_agg"", ""op"": ""avg"", ""depth"": 0}",6564.0,4,0,2,685016646,194751058,918663111,0.308,0,1,2,3171_total_current_liabilities_prior_fy_end,total_current_liabilities,total current liabilities,VRX,"December 31, 2024",M_USD,6393.0,3170_total_current_liabilities_current_quarter_end,total_current_liabilities,total current liabilities,VRX,"July 31, 2025",M_USD,6735.0,,,,,,,,,,,,,,,,,,,,,,,,,,,,,,,,,,,,,,,,,,
44,1,"What is the minimum of net cash from operating for BLD from Six Months Ended July 31, 2024 to Six Months Ended July 31, 2025 ?","min(5361_net_cash_from_operating_prior_ytd, 5360_net_cash_from_operating_current_ytd)","{""op"": ""min"", ""left"": {""leaf"": ""5361_net_cash_from_operating_prior_ytd"", ""depth"": 0}, ""right"": {""leaf"": ""5360_net_cash_from_operating_current_ytd"", ""depth"": 0}, ""depth"": 1}","{""kind"": ""time_agg"", ""op"": ""min"", ""depth"": 0}",11908.0,2,0,1,759511971,95041042,918663111,0.324,0,1,2,5361_net_cash_from_operating_prior_ytd,net_cash_from_operating,net cash from operating,BLD,"Six Months Ended July 31, 2024",M_USD,11908.0,5360_net_cash_from_operating_current_ytd,net_cash_from_operating,net cash from operating,BLD,"Six Months Ended July 31, 2025",M_USD,12311.0,,,,,,,,,,,,,,,,,,,,,,,,,,,,,,,,,,,,,,,,,,
45,2,"determine the average selling general and administrative for BLD from Three Months Ended July 31, 2024 to Three Months Ended July 31, 2025 .","ratio(sum(2883_selling_general_and_administrative_prior_year_quarter, 5282_selling_general_and_administrative_current_quarter), 2.0)","{""op"": ""ratio"", ""left"": {""op"": ""sum"", ""left"": {""leaf"": ""2883_selling_general_and_administrative_prior_year_quarter"", ""depth"": 0}, ""right"": {""leaf"": ""5282_selling_general_and_administrative_current_quarter"", ""depth"": 0}, ""depth"": 1}, ""right"": {""literal"": 2.0, ""depth"": 0}, ""depth"": 2}","{""kind"": ""time_agg"", ""op"": ""avg"", ""depth"": 0}",1269.5,2,0,2,212706075,577012722,918663111,0.303,0,1,2,2883_selling_general_and_administrative_prior_year_quarter,selling_general_and_administrative,selling general and administrative,BLD,"Three Months Ended July 31, 2024",M_USD,804.0,5282_selling_general_and_administrative_current_quarter,selling_general_and_administrative,selling general and administrative,BLD,"Three Months Ended July 31, 2025",M_USD,1735.0,,,,,,,,,,,,,,,,,,,,,,,,,,,,,,,,,,,,,,,,,,
46,1,"could you give the minimum of gross profit for TPH from Three Months Ended October 31, 2024 to Three Months Ended October 31, 2025 ?","min(2747_gross_profit_prior_year_quarter, 2746_gross_profit_current_quarter)","{""op"": ""min"", ""left"": {""leaf"": ""2747_gross_profit_prior_year_quarter"", ""depth"": 0}, ""right"": {""leaf"": ""2746_gross_profit_current_quarter"", ""depth"": 0}, ""depth"": 1}","{""kind"": ""time_agg"", ""op"": ""min"", ""depth"": 0}",14907.0,1,0,1,428710091,670694033,918663111,0.538,0,1,2,2747_gross_profit_prior_year_quarter,gross_profit,gross profit,TPH,"Three Months Ended October 31, 2024",M_USD,15216.0,2746_gross_profit_current_quarter,gross_profit,gross profit,TPH,"Three Months Ended October 31, 2025",M_USD,14907.0,,,,,,,,,,,,,,,,,,,,,,,,,,,,,,,,,,,,,,,,,,
47,1,"what do we obtain as the minimum of long term marketable securities for IND from December 31, 2024 to April 30, 2025 ?","min(932_long_term_marketable_securities_current_quarter_end, 933_long_term_marketable_securities_prior_fy_end)","{""op"": ""min"", ""left"": {""leaf"": ""932_long_term_marketable_securities_current_quarter_end"", ""depth"": 0}, ""right"": {""leaf"": ""933_long_term_marketable_securities_prior_fy_end"", ""depth"": 0}, ""depth"": 1}","{""kind"": ""time_agg"", ""op"": ""min"", ""depth"": 0}",508.0,3,0,1,499093567,274271229,918663111,0.436,0,1,2,932_long_term_marketable_securities_current_quarter_end,long_term_marketable_securities,long term marketable securities,IND,"April 30, 2025",M_USD,508.0,933_long_term_marketable_securities_prior_fy_end,long_term_marketable_securities,long term marketable securities,IND,"December 31, 2024",M_USD,544.0,,,,,,,,,,,,,,,,,,,,,,,,,,,,,,,,,,,,,,,,,,
48,2,"Whats the value of the minimum of cash and cash equivalents for CRX from September 30, 2025 to January 31, 2026?","min(min(4590_cash_and_cash_equivalents_current_quarter_end, 5186_cash_and_cash_equivalents_current_quarter_end), 4591_cash_and_cash_equivalents_prior_fy_end)","{""op"": ""min"", ""left"": {""op"": ""min"", ""left"": {""leaf"": ""4590_cash_and_cash_equivalents_current_quarter_end"", ""depth"": 0}, ""right"": {""leaf"": ""5186_cash_and_cash_equivalents_current_quarter_end"", ""depth"": 0}, ""depth"": 1}, ""right"": {""leaf"": ""4591_cash_and_cash_equivalents_prior_fy_end"", ""depth"": 0}, ""depth"": 2}","{""kind"": ""time_agg"", ""op"": ""min"", ""depth"": 0}",2013.0,2,0,2,715209723,777827293,918663111,0.149,0,1,3,4590_cash_and_cash_equivalents_current_quarter_end,cash_and_cash_equivalents,cash and cash equivalents,CRX,"January 31, 2026",M_USD,6305.0,5186_cash_and_cash_equivalents_current_quarter_end,cash_and_cash_equivalents,cash and cash equivalents,CRX,"October 31, 2025",M_USD,2013.0,4591_cash_and_cash_equivalents_prior_fy_end,cash_and_cash_equivalents,cash and cash equivalents,CRX,"September 30, 2025",M_USD,5397.0,,,,,,,,,,,,,,,,,,,,,,,,,,,,,,,,,,,
49,3,"Calculate the result of ratio of sum of inventories for IND in April 30, 2025 and inventories for IND in December 31, 2024 to 2.0 scaled by ratio of minimum of total current assets for IND from December 31, 2024 to April 30, 2025 to maximum of deferred revenue current for IND from December 31, 2024 to April 30, 2025.","mul(ratio(sum(926_inventories_current_quarter_end, 927_inventories_prior_fy_end), 2.0), ratio(min(930_total_current_assets_current_quarter_end, 931_total_current_assets_prior_fy_end), max(946_deferred_revenue_current_current_quarter_end, 947_deferred_revenue_current_prior_fy_end)))","{""op"": ""mul"", ""left"": {""op"": ""ratio"", ""left"": {""op"": ""sum"", ""left"": {""leaf"": ""926_inventories_current_quarter_end"", ""depth"": 0}, ""right"": {""leaf"": ""927_inventories_prior_fy_end"", ""depth"": 0}, ""depth"": 1}, ""right"": {""literal"": 2.0, ""depth"": 0}, ""depth"": 2}, ""right"": {""op"": ""ratio"", ""left"": {""op"": ""min"", ""left"": {""leaf"": ""930_total_current_assets_current_quarter_end"", ""depth"": 0}, ""right"": {""leaf"": ""931_total_current_assets_prior_fy_end"", ""depth"": 0}, ""depth"": 1}, ""right"": {""op"": ""max"", ""left"": {""leaf"": ""946_deferred_revenue_current_current_quarter_end"", ""depth"": 0}, ""right"": {""leaf"": ""947_deferred_revenue_current_prior_fy_end"", ""depth"": 0}, ""depth"": 1}, ""depth"": 2}, ""depth"": 3}","{""op"": ""mul"", ""left"": {""kind"": ""time_agg"", ""op"": ""avg"", ""depth"": 0}, ""right"": {""op"": ""ratio"", ""left"": {""kind"": ""time_agg"", ""op"": ""min"", ""depth"": 0}, ""right"": {""kind"": ""time_agg"", ""op"": ""max"", ""depth"": 0}, ""depth"": 1, ""kind"": ""node""}, ""depth"": 2, ""kind"": ""node""}",36154.20359281437,4,2,3,785917525,407736767,918663111,0.379,2,3,6,926_inventories_current_quarter_end,inventories,inventories,IND,"April 30, 2025",M_USD,3849.0,927_inventories_prior_fy_end,inventories,inventories,IND,"December 31, 2024",M_USD,4119.0,930_total_current_assets_current_quarter_end,total_current_assets,total current assets,IND,"April 30, 2025",M_USD,9093.0,931_total_current_assets_prior_fy_end,total_current_assets,total current assets,IND,"December 31, 2024",M_USD,9731.0,946_deferred_revenue_current_current_quarter_end,deferred_revenue_current,deferred revenue current,IND,"April 30, 2025",M_USD,936.0,947_deferred_revenue_current_prior_fy_end,deferred_revenue_current,deferred revenue current,IND,"December 31, 2024",M_USD,1002.0,,,,,,,,,,,,,,
50,2,"which quantity is given by the average Services for QRK from Six Months Ended April 30, 2025 to Six Months Ended April 30, 2026","ratio(sum(3695_services_prior_year_ytd, 3693_services_current_ytd), 2.0)","{""op"": ""ratio"", ""left"": {""op"": ""sum"", ""left"": {""leaf"": ""3695_services_prior_year_ytd"", ""depth"": 0}, ""right"": {""leaf"": ""3693_services_current_ytd"", ""depth"": 0}, ""depth"": 1}, ""right"": {""literal"": 2.0, ""depth"": 0}, ""depth"": 2}","{""kind"": ""time_agg"", ""op"": ""avg"", ""depth"": 0}",16938.0,4,0,2,793560629,823433611,918663111,0.505,0,1,2,3695_services_prior_year_ytd,services,Services,QRK,"Six Months Ended April 30, 2025",M_USD,23116.0,3693_services_current_ytd,services,Services,QRK,"Six Months Ended April 30, 2026",M_USD,10760.0,,,,,,,,,,,,,,,,,,,,,,,,,,,,,,,,,,,,,,,,,,
51,1,"What is the maximum of stock based compensation for AVX from Nine Months Ended October 31, 2024 to Nine Months Ended October 31, 2025 ?","max(1325_stock_based_compensation_prior_ytd, 1324_stock_based_compensation_current_ytd)","{""op"": ""max"", ""left"": {""leaf"": ""1325_stock_based_compensation_prior_ytd"", ""depth"": 0}, ""right"": {""leaf"": ""1324_stock_based_compensation_current_ytd"", ""depth"": 0}, ""depth"": 1}","{""kind"": ""time_agg"", ""op"": ""max"", ""depth"": 0}",14.0,4,0,1,701712781,195674928,918663111,0.576,0,1,2,1325_stock_based_compensation_prior_ytd,stock_based_compensation,stock based compensation,AVX,"Nine Months Ended October 31, 2024",M_USD,14.0,1324_stock_based_compensation_current_ytd,stock_based_compensation,stock based compensation,AVX,"Nine Months Ended October 31, 2025",M_USD,14.0,,,,,,,,,,,,,,,,,,,,,,,,,,,,,,,,,,,,,,,,,,
52,2,"What does the following give: minimum of accounts receivable net for MED from December 31, 2024 to October 31, 2025","min(min(1967_accounts_receivable_net_prior_fy_end, 1726_accounts_receivable_net_current_quarter_end), 1966_accounts_receivable_net_current_quarter_end)","{""op"": ""min"", ""left"": {""op"": ""min"", ""left"": {""leaf"": ""1967_accounts_receivable_net_prior_fy_end"", ""depth"": 0}, ""right"": {""leaf"": ""1726_accounts_receivable_net_current_quarter_end"", ""depth"": 0}, ""depth"": 1}, ""right"": {""leaf"": ""1966_accounts_receivable_net_current_quarter_end"", ""depth"": 0}, ""depth"": 2}","{""kind"": ""time_agg"", ""op"": ""min"", ""depth"": 0}",682.0,2,0,2,143099074,541323673,918663111,0.269,0,1,3,1967_accounts_receivable_net_prior_fy_end,accounts_receivable_net,accounts receivable net,MED,"December 31, 2024",M_USD,708.0,1726_accounts_receivable_net_current_quarter_end,accounts_receivable_net,accounts receivable net,MED,"July 31, 2025",M_USD,1927.0,1966_accounts_receivable_net_current_quarter_end,accounts_receivable_net,accounts receivable net,MED,"October 31, 2025",M_USD,682.0,,,,,,,,,,,,,,,,,,,,,,,,,,,,,,,,,,,
53,1,"You should calculate the maximum of deferred revenue current for STR from December 31, 2024 to July 31, 2025","max(3517_deferred_revenue_current_prior_fy_end, 3516_deferred_revenue_current_current_quarter_end)","{""op"": ""max"", ""left"": {""leaf"": ""3517_deferred_revenue_current_prior_fy_end"", ""depth"": 0}, ""right"": {""leaf"": ""3516_deferred_revenue_current_current_quarter_end"", ""depth"": 0}, ""depth"": 1}","{""kind"": ""time_agg"", ""op"": ""max"", ""depth"": 0}",293.0,1,0,1,897819264,56280052,918663111,0.532,0,1,2,3517_deferred_revenue_current_prior_fy_end,deferred_revenue_current,deferred revenue current,STR,"December 31, 2024",M_USD,293.0,3516_deferred_revenue_current_current_quarter_end,deferred_revenue_current,deferred revenue current,STR,"July 31, 2025",M_USD,286.0,,,,,,,,,,,,,,,,,,,,,,,,,,,,,,,,,,,,,,,,,,
54,1,"You should give the minimum of accrued expenses and other for VTL from December 31, 2024 to July 31, 2025","min(4111_accrued_expenses_and_other_prior_fy_end, 4110_accrued_expenses_and_other_current_quarter_end)","{""op"": ""min"", ""left"": {""leaf"": ""4111_accrued_expenses_and_other_prior_fy_end"", ""depth"": 0}, ""right"": {""leaf"": ""4110_accrued_expenses_and_other_current_quarter_end"", ""depth"": 0}, ""depth"": 1}","{""kind"": ""time_agg"", ""op"": ""min"", ""depth"": 0}",882.0,4,0,1,973502778,242658703,918663111,0.524,0,1,2,4111_accrued_expenses_and_other_prior_fy_end,accrued_expenses_and_other,accrued expenses and other,VTL,"December 31, 2024",M_USD,882.0,4110_accrued_expenses_and_other_current_quarter_end,accrued_expenses_and_other,accrued expenses and other,VTL,"July 31, 2025",M_USD,993.0,,,,,,,,,,,,,,,,,,,,,,,,,,,,,,,,,,,,,,,,,,
55,1,"What is the minimum of accrued expenses and other for AST from December 31, 2024 to July 31, 2025?","min(4851_accrued_expenses_and_other_prior_fy_end, 4850_accrued_expenses_and_other_current_quarter_end)","{""op"": ""min"", ""left"": {""leaf"": ""4851_accrued_expenses_and_other_prior_fy_end"", ""depth"": 0}, ""right"": {""leaf"": ""4850_accrued_expenses_and_other_current_quarter_end"", ""depth"": 0}, ""depth"": 1}","{""kind"": ""time_agg"", ""op"": ""min"", ""depth"": 0}",911.0,3,0,1,454144756,861136280,918663111,0.175,0,1,2,4851_accrued_expenses_and_other_prior_fy_end,accrued_expenses_and_other,accrued expenses and other,AST,"December 31, 2024",M_USD,911.0,4850_accrued_expenses_and_other_current_quarter_end,accrued_expenses_and_other,accrued expenses and other,AST,"July 31, 2025",M_USD,917.0,,,,,,,,,,,,,,,,,,,,,,,,,,,,,,,,,,,,,,,,,,
56,2,"you should calculate the average total liabilities for AVX from December 31, 2024 to October 31, 2025.","ratio(sum(1313_total_liabilities_prior_fy_end, 1312_total_liabilities_current_quarter_end), 2.0)","{""op"": ""ratio"", ""left"": {""op"": ""sum"", ""left"": {""leaf"": ""1313_total_liabilities_prior_fy_end"", ""depth"": 0}, ""right"": {""leaf"": ""1312_total_liabilities_current_quarter_end"", ""depth"": 0}, ""depth"": 1}, ""right"": {""literal"": 2.0, ""depth"": 0}, ""depth"": 2}","{""kind"": ""time_agg"", ""op"": ""avg"", ""depth"": 0}",967.0,2,0,2,228371597,666764015,918663111,0.212,0,1,2,1313_total_liabilities_prior_fy_end,total_liabilities,total liabilities,AVX,"December 31, 2024",M_USD,976.0,1312_total_liabilities_current_quarter_end,total_liabilities,total liabilities,AVX,"October 31, 2025",M_USD,958.0,,,,,,,,,,,,,,,,,,,,,,,,,,,,,,,,,,,,,,,,,,
57,1,"what is the maximum of long term debt for AVX from December 31, 2024 to October 31, 2025","max(1307_long_term_debt_prior_fy_end, 1306_long_term_debt_current_quarter_end)","{""op"": ""max"", ""left"": {""leaf"": ""1307_long_term_debt_prior_fy_end"", ""depth"": 0}, ""right"": {""leaf"": ""1306_long_term_debt_current_quarter_end"", ""depth"": 0}, ""depth"": 1}","{""kind"": ""time_agg"", ""op"": ""max"", ""depth"": 0}",520.0,4,0,1,993019329,953582770,918663111,0.347,0,1,2,1307_long_term_debt_prior_fy_end,long_term_debt,long term debt,AVX,"December 31, 2024",M_USD,520.0,1306_long_term_debt_current_quarter_end,long_term_debt,long term debt,AVX,"October 31, 2025",M_USD,510.0,,,,,,,,,,,,,,,,,,,,,,,,,,,,,,,,,,,,,,,,,,
58,2,"which result follows from the average total revenues for PLZ from Three Months Ended July 31, 2024 to Three Months Ended July 31, 2025","ratio(sum(2043_total_revenues_prior_year_quarter, 2042_total_revenues_current_quarter), 2.0)","{""op"": ""ratio"", ""left"": {""op"": ""sum"", ""left"": {""leaf"": ""2043_total_revenues_prior_year_quarter"", ""depth"": 0}, ""right"": {""leaf"": ""2042_total_revenues_current_quarter"", ""depth"": 0}, ""depth"": 1}, ""right"": {""literal"": 2.0, ""depth"": 0}, ""depth"": 2}","{""kind"": ""time_agg"", ""op"": ""avg"", ""depth"": 0}",76770.0,3,0,2,992912389,302388083,918663111,0.554,0,1,2,2043_total_revenues_prior_year_quarter,total_revenues,total revenues,PLZ,"Three Months Ended July 31, 2024",M_USD,79530.0,2042_total_revenues_current_quarter,total_revenues,total revenues,PLZ,"Three Months Ended July 31, 2025",M_USD,74010.0,,,,,,,,,,,,,,,,,,,,,,,,,,,,,,,,,,,,,,,,,,
59,2,"which quantity is given by the result of minimum of accounts payable for QRK from September 30, 2025 to April 30, 2026 scaled by growth in accounts receivable net for QRK from September 30, 2025 to April 30, 2026","mul(min(3642_accounts_payable_current_quarter_end, 3643_accounts_payable_prior_fy_end), growth(3623_accounts_receivable_net_prior_fy_end, 3622_accounts_receivable_net_current_quarter_end))","{""op"": ""mul"", ""left"": {""op"": ""min"", ""left"": {""leaf"": ""3642_accounts_payable_current_quarter_end"", ""depth"": 0}, ""right"": {""leaf"": ""3643_accounts_payable_prior_fy_end"", ""depth"": 0}, ""depth"": 1}, ""right"": {""op"": ""growth"", ""left"": {""leaf"": ""3623_accounts_receivable_net_prior_fy_end"", ""depth"": 0}, ""right"": {""leaf"": ""3622_accounts_receivable_net_current_quarter_end"", ""depth"": 0}, ""depth"": 1}, ""depth"": 2}","{""op"": ""mul"", ""left"": {""kind"": ""time_agg"", ""op"": ""min"", ""depth"": 0}, ""right"": {""op"": ""growth"", ""left"": {""kind"": ""leaf"", ""semantic_type_in"": [""amount""], ""depth"": 0}, ""right"": {""kind"": ""leaf"", ""semantic_type_in"": [""amount""], ""depth"": 0}, ""depth"": 1, ""kind"": ""node""}, ""depth"": 2, ""kind"": ""node""}",611.9226863226863,2,2,2,580662792,654397108,918663111,0.193,2,3,4,3642_accounts_payable_current_quarter_end,accounts_payable,accounts payable,QRK,"April 30, 2026",M_USD,10568.0,3643_accounts_payable_prior_fy_end,accounts_payable,accounts payable,QRK,"September 30, 2025",M_USD,11180.0,3623_accounts_receivable_net_prior_fy_end,accounts_receivable_net,accounts receivable net,QRK,"September 30, 2025",M_USD,12917.0,3622_accounts_receivable_net_current_quarter_end,accounts_receivable_net,accounts receivable net,QRK,"April 30, 2026",M_USD,12210.0,,,,,,,,,,,,,,,,,,,,,,,,,,,,
60,1,"calculate the maximum of net cash from operating for FIN from Three Months Ended April 30, 2024 to Three Months Ended April 30, 2025.","max(4321_net_cash_from_operating_prior_ytd, 4320_net_cash_from_operating_current_ytd)","{""op"": ""max"", ""left"": {""leaf"": ""4321_net_cash_from_operating_prior_ytd"", ""depth"": 0}, ""right"": {""leaf"": ""4320_net_cash_from_operating_current_ytd"", ""depth"": 0}, ""depth"": 1}","{""kind"": ""time_agg"", ""op"": ""max"", ""depth"": 0}",1358.0,2,0,1,710782109,666888123,918663111,0.377,0,1,2,4321_net_cash_from_operating_prior_ytd,net_cash_from_operating,net cash from operating,FIN,"Three Months Ended April 30, 2024",M_USD,1358.0,4320_net_cash_from_operating_current_ytd,net_cash_from_operating,net cash from operating,FIN,"Three Months Ended April 30, 2025",M_USD,1065.0,,,,,,,,,,,,,,,,,,,,,,,,,,,,,,,,,,,,,,,,,,
61,1,"you should calculate the maximum of total current liabilities for PLZ from December 31, 2024 to July 31, 2025 .","max(2123_total_current_liabilities_prior_fy_end, 2122_total_current_liabilities_current_quarter_end)","{""op"": ""max"", ""left"": {""leaf"": ""2123_total_current_liabilities_prior_fy_end"", ""depth"": 0}, ""right"": {""leaf"": ""2122_total_current_liabilities_current_quarter_end"", ""depth"": 0}, ""depth"": 1}","{""kind"": ""time_agg"", ""op"": ""max"", ""depth"": 0}",33269.0,3,0,1,839543852,771104555,918663111,0.205,0,1,2,2123_total_current_liabilities_prior_fy_end,total_current_liabilities,total current liabilities,PLZ,"December 31, 2024",M_USD,32392.0,2122_total_current_liabilities_current_quarter_end,total_current_liabilities,total current liabilities,PLZ,"July 31, 2025",M_USD,33269.0,,,,,,,,,,,,,,,,,,,,,,,,,,,,,,,,,,,,,,,,,,
62,2,"you should give the average current portion of long term debt for AST from December 31, 2024 to July 31, 2025","ratio(sum(4853_current_portion_of_long_term_debt_prior_fy_end, 4852_current_portion_of_long_term_debt_current_quarter_end), 2.0)","{""op"": ""ratio"", ""left"": {""op"": ""sum"", ""left"": {""leaf"": ""4853_current_portion_of_long_term_debt_prior_fy_end"", ""depth"": 0}, ""right"": {""leaf"": ""4852_current_portion_of_long_term_debt_current_quarter_end"", ""depth"": 0}, ""depth"": 1}, ""right"": {""literal"": 2.0, ""depth"": 0}, ""depth"": 2}","{""kind"": ""time_agg"", ""op"": ""avg"", ""depth"": 0}",952.0,2,0,2,728674137,246113317,918663111,0.426,0,1,2,4853_current_portion_of_long_term_debt_prior_fy_end,current_portion_of_long_term_debt,current portion of long term debt,AST,"December 31, 2024",M_USD,949.0,4852_current_portion_of_long_term_debt_current_quarter_end,current_portion_of_long_term_debt,current portion of long term debt,AST,"July 31, 2025",M_USD,955.0,,,,,,,,,,,,,,,,,,,,,,,,,,,,,,,,,,,,,,,,,,
63,1,"Whats the value of the minimum of operating income for CRZ from Three Months Ended October 31, 2024 to Three Months Ended October 31, 2025?","min(4915_operating_income_prior_year_quarter, 4914_operating_income_current_quarter)","{""op"": ""min"", ""left"": {""leaf"": ""4915_operating_income_prior_year_quarter"", ""depth"": 0}, ""right"": {""leaf"": ""4914_operating_income_current_quarter"", ""depth"": 0}, ""depth"": 1}","{""kind"": ""time_agg"", ""op"": ""min"", ""depth"": 0}",1946.0,3,0,1,566223493,604155664,918663111,0.1,0,1,2,4915_operating_income_prior_year_quarter,operating_income,operating income,CRZ,"Three Months Ended October 31, 2024",M_USD,1987.0,4914_operating_income_current_quarter,operating_income,operating income,CRZ,"Three Months Ended October 31, 2025",M_USD,1946.0,,,,,,,,,,,,,,,,,,,,,,,,,,,,,,,,,,,,,,,,,,
64,1,"which result follows from the maximum of provision for income taxes for PLZ from Three Months Ended July 31, 2024 to Three Months Ended July 31, 2025 ?","max(2075_provision_for_income_taxes_prior_year_quarter, 2074_provision_for_income_taxes_current_quarter)","{""op"": ""max"", ""left"": {""leaf"": ""2075_provision_for_income_taxes_prior_year_quarter"", ""depth"": 0}, ""right"": {""leaf"": ""2074_provision_for_income_taxes_current_quarter"", ""depth"": 0}, ""depth"": 1}","{""kind"": ""time_agg"", ""op"": ""max"", ""depth"": 0}",1867.0,2,0,1,137240170,365992197,918663111,0.425,0,1,2,2075_provision_for_income_taxes_prior_year_quarter,provision_for_income_taxes,provision for income taxes,PLZ,"Three Months Ended July 31, 2024",M_USD,1867.0,2074_provision_for_income_taxes_current_quarter,provision_for_income_taxes,provision for income taxes,PLZ,"Three Months Ended July 31, 2025",M_USD,1737.0,,,,,,,,,,,,,,,,,,,,,,,,,,,,,,,,,,,,,,,,,,
65,1,"what is the maximum of short term investments for AVX from December 31, 2024 to October 31, 2025?","max(1275_short_term_investments_prior_fy_end, 1274_short_term_investments_current_quarter_end)","{""op"": ""max"", ""left"": {""leaf"": ""1275_short_term_investments_prior_fy_end"", ""depth"": 0}, ""right"": {""leaf"": ""1274_short_term_investments_current_quarter_end"", ""depth"": 0}, ""depth"": 1}","{""kind"": ""time_agg"", ""op"": ""max"", ""depth"": 0}",85.0,4,0,1,118500074,235220531,918663111,0.29,0,1,2,1275_short_term_investments_prior_fy_end,short_term_investments,short term investments,AVX,"December 31, 2024",M_USD,85.0,1274_short_term_investments_current_quarter_end,short_term_investments,short term investments,AVX,"October 31, 2025",M_USD,83.0,,,,,,,,,,,,,,,,,,,,,,,,,,,,,,,,,,,,,,,,,,
66,1,"Which result follows from the minimum of total non current liabilities for PLX from September 30, 2025 to July 31, 2026 ?","min(4428_total_non_current_liabilities_current_quarter_end, 4429_total_non_current_liabilities_prior_fy_end)","{""op"": ""min"", ""left"": {""leaf"": ""4428_total_non_current_liabilities_current_quarter_end"", ""depth"": 0}, ""right"": {""leaf"": ""4429_total_non_current_liabilities_prior_fy_end"", ""depth"": 0}, ""depth"": 1}","{""kind"": ""time_agg"", ""op"": ""min"", ""depth"": 0}",2894.0,1,0,1,10039125,987095365,918663111,0.375,0,1,2,4428_total_non_current_liabilities_current_quarter_end,total_non_current_liabilities,total non current liabilities,PLX,"July 31, 2026",M_USD,3397.0,4429_total_non_current_liabilities_prior_fy_end,total_non_current_liabilities,total non current liabilities,PLX,"September 30, 2025",M_USD,2894.0,,,,,,,,,,,,,,,,,,,,,,,,,,,,,,,,,,,,,,,,,,
67,2,"Which result follows from the average long term marketable securities for PLX from September 30, 2025 to July 31, 2026","ratio(sum(4402_long_term_marketable_securities_current_quarter_end, 4403_long_term_marketable_securities_prior_fy_end), 2.0)","{""op"": ""ratio"", ""left"": {""op"": ""sum"", ""left"": {""leaf"": ""4402_long_term_marketable_securities_current_quarter_end"", ""depth"": 0}, ""right"": {""leaf"": ""4403_long_term_marketable_securities_prior_fy_end"", ""depth"": 0}, ""depth"": 1}, ""right"": {""literal"": 2.0, ""depth"": 0}, ""depth"": 2}","{""kind"": ""time_agg"", ""op"": ""avg"", ""depth"": 0}",3237.0,1,0,2,725356636,437850809,918663111,0.325,0,1,2,4402_long_term_marketable_securities_current_quarter_end,long_term_marketable_securities,long term marketable securities,PLX,"July 31, 2026",M_USD,3496.0,4403_long_term_marketable_securities_prior_fy_end,long_term_marketable_securities,long term marketable securities,PLX,"September 30, 2025",M_USD,2978.0,,,,,,,,,,,,,,,,,,,,,,,,,,,,,,,,,,,,,,,,,,
68,2,"May you give the average cost of sales for VTL from Three Months Ended April 30, 2024 to Three Months Ended April 30, 2025?","ratio(sum(3_cost_of_sales_prior_year_quarter, 2_cost_of_sales_current_quarter), 2.0)","{""op"": ""ratio"", ""left"": {""op"": ""sum"", ""left"": {""leaf"": ""3_cost_of_sales_prior_year_quarter"", ""depth"": 0}, ""right"": {""leaf"": ""2_cost_of_sales_current_quarter"", ""depth"": 0}, ""depth"": 1}, ""right"": {""literal"": 2.0, ""depth"": 0}, ""depth"": 2}","{""kind"": ""time_agg"", ""op"": ""avg"", ""depth"": 0}",813.0,3,0,2,483397878,736979778,918663111,0.162,0,1,2,3_cost_of_sales_prior_year_quarter,cost_of_sales,cost of sales,VTL,"Three Months Ended April 30, 2024",M_USD,809.0,2_cost_of_sales_current_quarter,cost_of_sales,cost of sales,VTL,"Three Months Ended April 30, 2025",M_USD,817.0,,,,,,,,,,,,,,,,,,,,,,,,,,,,,,,,,,,,,,,,,,
69,1,"evaluate the maximum of cost of sales for FIN from Three Months Ended April 30, 2024 to Three Months Ended April 30, 2025.","max(4255_cost_of_sales_prior_year_quarter, 4254_cost_of_sales_current_quarter)","{""op"": ""max"", ""left"": {""leaf"": ""4255_cost_of_sales_prior_year_quarter"", ""depth"": 0}, ""right"": {""leaf"": ""4254_cost_of_sales_current_quarter"", ""depth"": 0}, ""depth"": 1}","{""kind"": ""time_agg"", ""op"": ""max"", ""depth"": 0}",4903.0,1,0,1,132323359,187937053,918663111,0.519,0,1,2,4255_cost_of_sales_prior_year_quarter,cost_of_sales,cost of sales,FIN,"Three Months Ended April 30, 2024",M_USD,4903.0,4254_cost_of_sales_current_quarter,cost_of_sales,cost of sales,FIN,"Three Months Ended April 30, 2025",M_USD,4677.0,,,,,,,,,,,,,,,,,,,,,,,,,,,,,,,,,,,,,,,,,,
70,2,"what is the value of the average long term debt for BNK from December 31, 2024 to October 31, 2025","ratio(sum(4741_long_term_debt_prior_fy_end, 4740_long_term_debt_current_quarter_end), 2.0)","{""op"": ""ratio"", ""left"": {""op"": ""sum"", ""left"": {""leaf"": ""4741_long_term_debt_prior_fy_end"", ""depth"": 0}, ""right"": {""leaf"": ""4740_long_term_debt_current_quarter_end"", ""depth"": 0}, ""depth"": 1}, ""right"": {""literal"": 2.0, ""depth"": 0}, ""depth"": 2}","{""kind"": ""time_agg"", ""op"": ""avg"", ""depth"": 0}",4328.0,3,0,2,924097974,781031587,918663111,0.462,0,1,2,4741_long_term_debt_prior_fy_end,long_term_debt,long term debt,BNK,"December 31, 2024",M_USD,3984.0,4740_long_term_debt_current_quarter_end,long_term_debt,long term debt,BNK,"October 31, 2025",M_USD,4672.0,,,,,,,,,,,,,,,,,,,,,,,,,,,,,,,,,,,,,,,,,,
71,1,"What is the maximum of stock based compensation for AST from Six Months Ended July 31, 2024 to Six Months Ended July 31, 2025?","max(4875_stock_based_compensation_prior_ytd, 4874_stock_based_compensation_current_ytd)","{""op"": ""max"", ""left"": {""leaf"": ""4875_stock_based_compensation_prior_ytd"", ""depth"": 0}, ""right"": {""leaf"": ""4874_stock_based_compensation_current_ytd"", ""depth"": 0}, ""depth"": 1}","{""kind"": ""time_agg"", ""op"": ""max"", ""depth"": 0}",562.0,1,0,1,637527039,153549743,918663111,0.319,0,1,2,4875_stock_based_compensation_prior_ytd,stock_based_compensation,stock based compensation,AST,"Six Months Ended July 31, 2024",M_USD,542.0,4874_stock_based_compensation_current_ytd,stock_based_compensation,stock based compensation,AST,"Six Months Ended July 31, 2025",M_USD,562.0,,,,,,,,,,,,,,,,,,,,,,,,,,,,,,,,,,,,,,,,,,
72,2,"what do we obtain as the average research and development for HLT from Six Months Ended July 31, 2024 to Six Months Ended July 31, 2025?","ratio(sum(1449_research_and_development_prior_year_ytd, 3232_research_and_development_current_ytd), 2.0)","{""op"": ""ratio"", ""left"": {""op"": ""sum"", ""left"": {""leaf"": ""1449_research_and_development_prior_year_ytd"", ""depth"": 0}, ""right"": {""leaf"": ""3232_research_and_development_current_ytd"", ""depth"": 0}, ""depth"": 1}, ""right"": {""literal"": 2.0, ""depth"": 0}, ""depth"": 2}","{""kind"": ""time_agg"", ""op"": ""avg"", ""depth"": 0}",904.0,1,0,2,885414958,238842691,918663111,0.18,0,1,2,1449_research_and_development_prior_year_ytd,research_and_development,research and development,HLT,"Six Months Ended July 31, 2024",M_USD,1130.0,3232_research_and_development_current_ytd,research_and_development,research and development,HLT,"Six Months Ended July 31, 2025",M_USD,678.0,,,,,,,,,,,,,,,,,,,,,,,,,,,,,,,,,,,,,,,,,,
73,2,"What's the value of the net income for CRF in Nine Months Ended October 31, 2025?",net_income,"{""derived"": ""net_income"", ""expanded"": {""op"": ""diff"", ""left"": {""derived"": ""operating_income"", ""expanded"": {""op"": ""diff"", ""left"": {""leaf"": ""1564_total_revenues_current_ytd"", ""depth"": 0}, ""right"": {""leaf"": ""1584_total_costs_and_expenses_current_ytd"", ""depth"": 0}, ""depth"": 1}, ""depth"": 1}, ""right"": {""leaf"": ""1596_provision_for_income_taxes_current_ytd"", ""depth"": 0}, ""depth"": 2}, ""depth"": 2}","{""kind"": ""derived_concept"", ""name"": ""net_income"", ""depth"": 0}",4170.0,3,0,2,609547190,102738254,918663111,0.499,0,1,3,1564_total_revenues_current_ytd,total_revenues,total revenues,CRF,"Nine Months Ended October 31, 2025",M_USD,32649.0,1584_total_costs_and_expenses_current_ytd,total_costs_and_expenses,total costs and expenses,CRF,"Nine Months Ended October 31, 2025",M_USD,27267.0,1596_provision_for_income_taxes_current_ytd,provision_for_income_taxes,provision for income taxes,CRF,"Nine Months Ended October 31, 2025",M_USD,1212.0,,,,,,,,,,,,,,,,,,,,,,,,,,,,,,,,,,,
74,1,"You should calculate the minimum of long term marketable securities for FIN from December 31, 2024 to April 30, 2025","min(4286_long_term_marketable_securities_current_quarter_end, 4287_long_term_marketable_securities_prior_fy_end)","{""op"": ""min"", ""left"": {""leaf"": ""4286_long_term_marketable_securities_current_quarter_end"", ""depth"": 0}, ""right"": {""leaf"": ""4287_long_term_marketable_securities_prior_fy_end"", ""depth"": 0}, ""depth"": 1}","{""kind"": ""time_agg"", ""op"": ""min"", ""depth"": 0}",1975.0,2,0,1,770500097,900473681,918663111,0.566,0,1,2,4286_long_term_marketable_securities_current_quarter_end,long_term_marketable_securities,long term marketable securities,FIN,"April 30, 2025",M_USD,2216.0,4287_long_term_marketable_securities_prior_fy_end,long_term_marketable_securities,long term marketable securities,FIN,"December 31, 2024",M_USD,1975.0,,,,,,,,,,,,,,,,,,,,,,,,,,,,,,,,,,,,,,,,,,
75,2,"What do we obtain as the average accounts receivable net for GRD from December 31, 2024 to July 31, 2025?","ratio(sum(277_accounts_receivable_net_prior_fy_end, 276_accounts_receivable_net_current_quarter_end), 2.0)","{""op"": ""ratio"", ""left"": {""op"": ""sum"", ""left"": {""leaf"": ""277_accounts_receivable_net_prior_fy_end"", ""depth"": 0}, ""right"": {""leaf"": ""276_accounts_receivable_net_current_quarter_end"", ""depth"": 0}, ""depth"": 1}, ""right"": {""literal"": 2.0, ""depth"": 0}, ""depth"": 2}","{""kind"": ""time_agg"", ""op"": ""avg"", ""depth"": 0}",2202.5,1,0,2,883091002,308789282,918663111,0.234,0,1,2,277_accounts_receivable_net_prior_fy_end,accounts_receivable_net,accounts receivable net,GRD,"December 31, 2024",M_USD,2286.0,276_accounts_receivable_net_current_quarter_end,accounts_receivable_net,accounts receivable net,GRD,"July 31, 2025",M_USD,2119.0,,,,,,,,,,,,,,,,,,,,,,,,,,,,,,,,,,,,,,,,,,
76,1,"may you give the maximum of cost of sales for AST from Three Months Ended July 31, 2024 to Three Months Ended July 31, 2025","max(4783_cost_of_sales_prior_year_quarter, 4782_cost_of_sales_current_quarter)","{""op"": ""max"", ""left"": {""leaf"": ""4783_cost_of_sales_prior_year_quarter"", ""depth"": 0}, ""right"": {""leaf"": ""4782_cost_of_sales_current_quarter"", ""depth"": 0}, ""depth"": 1}","{""kind"": ""time_agg"", ""op"": ""max"", ""depth"": 0}",6687.0,1,0,1,319738891,876242015,918663111,0.469,0,1,2,4783_cost_of_sales_prior_year_quarter,cost_of_sales,cost of sales,AST,"Three Months Ended July 31, 2024",M_USD,6445.0,4782_cost_of_sales_current_quarter,cost_of_sales,cost of sales,AST,"Three Months Ended July 31, 2025",M_USD,6687.0,,,,,,,,,,,,,,,,,,,,,,,,,,,,,,,,,,,,,,,,,,
77,3,"you should give the average total liabilities for HLT from December 31, 2024 to October 31, 2025.","ratio(sum(sum(2459_total_liabilities_prior_fy_end, 3306_total_liabilities_current_quarter_end), 536_total_liabilities_current_quarter_end), 3.0)","{""op"": ""ratio"", ""left"": {""op"": ""sum"", ""left"": {""op"": ""sum"", ""left"": {""leaf"": ""2459_total_liabilities_prior_fy_end"", ""depth"": 0}, ""right"": {""leaf"": ""3306_total_liabilities_current_quarter_end"", ""depth"": 0}, ""depth"": 1}, ""right"": {""leaf"": ""536_total_liabilities_current_quarter_end"", ""depth"": 0}, ""depth"": 2}, ""right"": {""literal"": 3.0, ""depth"": 0}, ""depth"": 3}","{""kind"": ""time_agg"", ""op"": ""avg"", ""depth"": 0}",8638.333333333334,4,0,3,652711598,5458098,918663111,0.548,0,1,3,2459_total_liabilities_prior_fy_end,total_liabilities,total liabilities,HLT,"December 31, 2024",M_USD,4618.0,3306_total_liabilities_current_quarter_end,total_liabilities,total liabilities,HLT,"July 31, 2025",M_USD,11812.0,536_total_liabilities_current_quarter_end,total_liabilities,total liabilities,HLT,"October 31, 2025",M_USD,9485.0,,,,,,,,,,,,,,,,,,,,,,,,,,,,,,,,,,,
78,1,"could you give the minimum of stock based compensation for SUP from Six Months Ended July 31, 2024 to Six Months Ended July 31, 2025","min(2727_stock_based_compensation_prior_ytd, 2726_stock_based_compensation_current_ytd)","{""op"": ""min"", ""left"": {""leaf"": ""2727_stock_based_compensation_prior_ytd"", ""depth"": 0}, ""right"": {""leaf"": ""2726_stock_based_compensation_current_ytd"", ""depth"": 0}, ""depth"": 1}","{""kind"": ""time_agg"", ""op"": ""min"", ""depth"": 0}",272.0,2,0,1,307394296,397985090,918663111,0.553,0,1,2,2727_stock_based_compensation_prior_ytd,stock_based_compensation,stock based compensation,SUP,"Six Months Ended July 31, 2024",M_USD,304.0,2726_stock_based_compensation_current_ytd,stock_based_compensation,stock based compensation,SUP,"Six Months Ended July 31, 2025",M_USD,272.0,,,,,,,,,,,,,,,,,,,,,,,,,,,,,,,,,,,,,,,,,,
79,1,"evaluate the minimum of selling general and administrative for CLR from Three Months Ended October 31, 2024 to Three Months Ended October 31, 2025 .","min(113_selling_general_and_administrative_prior_year_quarter, 112_selling_general_and_administrative_current_quarter)","{""op"": ""min"", ""left"": {""leaf"": ""113_selling_general_and_administrative_prior_year_quarter"", ""depth"": 0}, ""right"": {""leaf"": ""112_selling_general_and_administrative_current_quarter"", ""depth"": 0}, ""depth"": 1}","{""kind"": ""time_agg"", ""op"": ""min"", ""depth"": 0}",2050.0,3,0,1,705088458,41949030,918663111,0.159,0,1,2,113_selling_general_and_administrative_prior_year_quarter,selling_general_and_administrative,selling general and administrative,CLR,"Three Months Ended October 31, 2024",M_USD,2233.0,112_selling_general_and_administrative_current_quarter,selling_general_and_administrative,selling general and administrative,CLR,"Three Months Ended October 31, 2025",M_USD,2050.0,,,,,,,,,,,,,,,,,,,,,,,,,,,,,,,,,,,,,,,,,,
80,1,"What does the following give: maximum of gross profit for INF from Six Months Ended July 31, 2024 to Six Months Ended July 31, 2025?","max(3805_gross_profit_prior_year_ytd, 3804_gross_profit_current_ytd)","{""op"": ""max"", ""left"": {""leaf"": ""3805_gross_profit_prior_year_ytd"", ""depth"": 0}, ""right"": {""leaf"": ""3804_gross_profit_current_ytd"", ""depth"": 0}, ""depth"": 1}","{""kind"": ""time_agg"", ""op"": ""max"", ""depth"": 0}",16228.0,4,0,1,136655160,593619863,918663111,0.127,0,1,2,3805_gross_profit_prior_year_ytd,gross_profit,gross profit,INF,"Six Months Ended July 31, 2024",M_USD,14976.0,3804_gross_profit_current_ytd,gross_profit,gross profit,INF,"Six Months Ended July 31, 2025",M_USD,16228.0,,,,,,,,,,,,,,,,,,,,,,,,,,,,,,,,,,,,,,,,,,
81,1,"which value corresponds to the minimum of selling general and administrative for MTX from Three Months Ended October 31, 2024 to Three Months Ended October 31, 2025 ?","min(5483_selling_general_and_administrative_prior_year_quarter, 5482_selling_general_and_administrative_current_quarter)","{""op"": ""min"", ""left"": {""leaf"": ""5483_selling_general_and_administrative_prior_year_quarter"", ""depth"": 0}, ""right"": {""leaf"": ""5482_selling_general_and_administrative_current_quarter"", ""depth"": 0}, ""depth"": 1}","{""kind"": ""time_agg"", ""op"": ""min"", ""depth"": 0}",2357.0,2,0,1,169056589,363238735,918663111,0.57,0,1,2,5483_selling_general_and_administrative_prior_year_quarter,selling_general_and_administrative,selling general and administrative,MTX,"Three Months Ended October 31, 2024",M_USD,2388.0,5482_selling_general_and_administrative_current_quarter,selling_general_and_administrative,selling general and administrative,MTX,"Three Months Ended October 31, 2025",M_USD,2357.0,,,,,,,,,,,,,,,,,,,,,,,,,,,,,,,,,,,,,,,,,,
82,1,"Which result follows from the minimum of total assets for PRD from December 31, 2024 to October 31, 2025","min(1873_total_assets_prior_fy_end, 1872_total_assets_current_quarter_end)","{""op"": ""min"", ""left"": {""leaf"": ""1873_total_assets_prior_fy_end"", ""depth"": 0}, ""right"": {""leaf"": ""1872_total_assets_current_quarter_end"", ""depth"": 0}, ""depth"": 1}","{""kind"": ""time_agg"", ""op"": ""min"", ""depth"": 0}",22767.0,1,0,1,377725753,266988740,918663111,0.481,0,1,2,1873_total_assets_prior_fy_end,total_assets,total assets,PRD,"December 31, 2024",M_USD,22767.0,1872_total_assets_current_quarter_end,total_assets,total assets,PRD,"October 31, 2025",M_USD,25192.0,,,,,,,,,,,,,,,,,,,,,,,,,,,,,,,,,,,,,,,,,,
83,1,"What would be the minimum of accounts receivable net for FAB from December 31, 2024 to July 31, 2025?","min(3975_accounts_receivable_net_prior_fy_end, 3974_accounts_receivable_net_current_quarter_end)","{""op"": ""min"", ""left"": {""leaf"": ""3975_accounts_receivable_net_prior_fy_end"", ""depth"": 0}, ""right"": {""leaf"": ""3974_accounts_receivable_net_current_quarter_end"", ""depth"": 0}, ""depth"": 1}","{""kind"": ""time_agg"", ""op"": ""min"", ""depth"": 0}",3581.0,2,0,1,23400042,415795244,918663111,0.22,0,1,2,3975_accounts_receivable_net_prior_fy_end,accounts_receivable_net,accounts receivable net,FAB,"December 31, 2024",M_USD,3635.0,3974_accounts_receivable_net_current_quarter_end,accounts_receivable_net,accounts receivable net,FAB,"July 31, 2025",M_USD,3581.0,,,,,,,,,,,,,,,,,,,,,,,,,,,,,,,,,,,,,,,,,,
84,1,"calculate the minimum of selling general and administrative for AST from Six Months Ended July 31, 2024 to Six Months Ended July 31, 2025","min(4793_selling_general_and_administrative_prior_year_ytd, 4792_selling_general_and_administrative_current_ytd)","{""op"": ""min"", ""left"": {""leaf"": ""4793_selling_general_and_administrative_prior_year_ytd"", ""depth"": 0}, ""right"": {""leaf"": ""4792_selling_general_and_administrative_current_ytd"", ""depth"": 0}, ""depth"": 1}","{""kind"": ""time_agg"", ""op"": ""min"", ""depth"": 0}",17336.0,2,0,1,726135530,961480362,918663111,0.426,0,1,2,4793_selling_general_and_administrative_prior_year_ytd,selling_general_and_administrative,selling general and administrative,AST,"Six Months Ended July 31, 2024",M_USD,17336.0,4792_selling_general_and_administrative_current_ytd,selling_general_and_administrative,selling general and administrative,AST,"Six Months Ended July 31, 2025",M_USD,17988.0,,,,,,,,,,,,,,,,,,,,,,,,,,,,,,,,,,,,,,,,,,
85,1,"provide the maximum of operating income for MTX from Three Months Ended October 31, 2024 to Three Months Ended October 31, 2025 .","max(5491_operating_income_prior_year_quarter, 5490_operating_income_current_quarter)","{""op"": ""max"", ""left"": {""leaf"": ""5491_operating_income_prior_year_quarter"", ""depth"": 0}, ""right"": {""leaf"": ""5490_operating_income_current_quarter"", ""depth"": 0}, ""depth"": 1}","{""kind"": ""time_agg"", ""op"": ""max"", ""depth"": 0}",3825.0,4,0,1,683056971,426652805,918663111,0.206,0,1,2,5491_operating_income_prior_year_quarter,operating_income,operating income,MTX,"Three Months Ended October 31, 2024",M_USD,3825.0,5490_operating_income_current_quarter,operating_income,operating income,MTX,"Three Months Ended October 31, 2025",M_USD,3775.0,,,,,,,,,,,,,,,,,,,,,,,,,,,,,,,,,,,,,,,,,,
86,2,"which value corresponds to the average total assets for MTX from December 31, 2024 to October 31, 2025 ?","ratio(sum(5537_total_assets_prior_fy_end, 5536_total_assets_current_quarter_end), 2.0)","{""op"": ""ratio"", ""left"": {""op"": ""sum"", ""left"": {""leaf"": ""5537_total_assets_prior_fy_end"", ""depth"": 0}, ""right"": {""leaf"": ""5536_total_assets_current_quarter_end"", ""depth"": 0}, ""depth"": 1}, ""right"": {""literal"": 2.0, ""depth"": 0}, ""depth"": 2}","{""kind"": ""time_agg"", ""op"": ""avg"", ""depth"": 0}",26695.5,3,0,2,994525192,11750570,918663111,0.576,0,1,2,5537_total_assets_prior_fy_end,total_assets,total assets,MTX,"December 31, 2024",M_USD,24721.0,5536_total_assets_current_quarter_end,total_assets,total assets,MTX,"October 31, 2025",M_USD,28670.0,,,,,,,,,,,,,,,,,,,,,,,,,,,,,,,,,,,,,,,,,,
87,1,"provide the minimum of net income for QRK from Three Months Ended April 30, 2025 to Three Months Ended April 30, 2026 .","min(3607_net_income_prior_year_quarter, 3606_net_income_current_quarter)","{""op"": ""min"", ""left"": {""leaf"": ""3607_net_income_prior_year_quarter"", ""depth"": 0}, ""right"": {""leaf"": ""3606_net_income_current_quarter"", ""depth"": 0}, ""depth"": 1}","{""kind"": ""time_agg"", ""op"": ""min"", ""depth"": 0}",26594.0,3,0,1,632984451,671768822,918663111,0.121,0,1,2,3607_net_income_prior_year_quarter,net_income,net income,QRK,"Three Months Ended April 30, 2025",M_USD,29780.0,3606_net_income_current_quarter,net_income,net income,QRK,"Three Months Ended April 30, 2026",M_USD,26594.0,,,,,,,,,,,,,,,,,,,,,,,,,,,,,,,,,,,,,,,,,,
88,1,"you should give the maximum of total current assets for SUP from December 31, 2024 to April 30, 2025 .","max(842_total_current_assets_current_quarter_end, 2685_total_current_assets_prior_fy_end)","{""op"": ""max"", ""left"": {""leaf"": ""842_total_current_assets_current_quarter_end"", ""depth"": 0}, ""right"": {""leaf"": ""2685_total_current_assets_prior_fy_end"", ""depth"": 0}, ""depth"": 1}","{""kind"": ""time_agg"", ""op"": ""max"", ""depth"": 0}",10831.0,4,0,1,571391228,22498999,918663111,0.377,0,1,2,842_total_current_assets_current_quarter_end,total_current_assets,total current assets,SUP,"April 30, 2025",M_USD,8916.0,2685_total_current_assets_prior_fy_end,total_current_assets,total current assets,SUP,"December 31, 2024",M_USD,10831.0,,,,,,,,,,,,,,,,,,,,,,,,,,,,,,,,,,,,,,,,,,
89,2,"what's the value of the average Subscription revenue for CLD from Three Months Ended April 30, 2024 to Three Months Ended April 30, 2025","ratio(sum(3438_subscription_revenue_prior_year_quarter, 3788_subscription_revenue_current_quarter), 2.0)","{""op"": ""ratio"", ""left"": {""op"": ""sum"", ""left"": {""leaf"": ""3438_subscription_revenue_prior_year_quarter"", ""depth"": 0}, ""right"": {""leaf"": ""3788_subscription_revenue_current_quarter"", ""depth"": 0}, ""depth"": 1}, ""right"": {""literal"": 2.0, ""depth"": 0}, ""depth"": 2}","{""kind"": ""time_agg"", ""op"": ""avg"", ""depth"": 0}",5880.0,4,0,2,98304449,962137964,918663111,0.364,0,1,2,3438_subscription_revenue_prior_year_quarter,subscription_revenue,Subscription revenue,CLD,"Three Months Ended April 30, 2024",M_USD,10653.0,3788_subscription_revenue_current_quarter,subscription_revenue,Subscription revenue,CLD,"Three Months Ended April 30, 2025",M_USD,1107.0,,,,,,,,,,,,,,,,,,,,,,,,,,,,,,,,,,,,,,,,,,
90,1,"what does the following give: maximum of operating income for MDI from Three Months Ended October 31, 2024 to Three Months Ended October 31, 2025","max(5603_operating_income_prior_year_quarter, 5602_operating_income_current_quarter)","{""op"": ""max"", ""left"": {""leaf"": ""5603_operating_income_prior_year_quarter"", ""depth"": 0}, ""right"": {""leaf"": ""5602_operating_income_current_quarter"", ""depth"": 0}, ""depth"": 1}","{""kind"": ""time_agg"", ""op"": ""max"", ""depth"": 0}",3740.0,3,0,1,47153079,123175956,918663111,0.403,0,1,2,5603_operating_income_prior_year_quarter,operating_income,operating income,MDI,"Three Months Ended October 31, 2024",M_USD,3307.0,5602_operating_income_current_quarter,operating_income,operating income,MDI,"Three Months Ended October 31, 2025",M_USD,3740.0,,,,,,,,,,,,,,,,,,,,,,,,,,,,,,,,,,,,,,,,,,
91,1,"provide the minimum of operating income for AST from Three Months Ended July 31, 2024 to Three Months Ended July 31, 2025","min(4799_operating_income_prior_year_quarter, 4798_operating_income_current_quarter)","{""op"": ""min"", ""left"": {""leaf"": ""4799_operating_income_prior_year_quarter"", ""depth"": 0}, ""right"": {""leaf"": ""4798_operating_income_current_quarter"", ""depth"": 0}, ""depth"": 1}","{""kind"": ""time_agg"", ""op"": ""min"", ""depth"": 0}",5443.0,2,0,1,364007228,196240999,918663111,0.364,0,1,2,4799_operating_income_prior_year_quarter,operating_income,operating income,AST,"Three Months Ended July 31, 2024",M_USD,5443.0,4798_operating_income_current_quarter,operating_income,operating income,AST,"Three Months Ended July 31, 2025",M_USD,5647.0,,,,,,,,,,,,,,,,,,,,,,,,,,,,,,,,,,,,,,,,,,
92,1,"what is the minimum of total non current liabilities for BLD from December 31, 2024 to July 31, 2025?","min(2953_total_non_current_liabilities_prior_fy_end, 5352_total_non_current_liabilities_current_quarter_end)","{""op"": ""min"", ""left"": {""leaf"": ""2953_total_non_current_liabilities_prior_fy_end"", ""depth"": 0}, ""right"": {""leaf"": ""5352_total_non_current_liabilities_current_quarter_end"", ""depth"": 0}, ""depth"": 1}","{""kind"": ""time_agg"", ""op"": ""min"", ""depth"": 0}",1374.0,3,0,1,651447495,454053690,918663111,0.566,0,1,2,2953_total_non_current_liabilities_prior_fy_end,total_non_current_liabilities,total non current liabilities,BLD,"December 31, 2024",M_USD,1374.0,5352_total_non_current_liabilities_current_quarter_end,total_non_current_liabilities,total non current liabilities,BLD,"July 31, 2025",M_USD,7011.0,,,,,,,,,,,,,,,,,,,,,,,,,,,,,,,,,,,,,,,,,,
93,1,"Evaluate the minimum of stock based compensation for AVX from Nine Months Ended October 31, 2024 to Nine Months Ended October 31, 2025","min(1325_stock_based_compensation_prior_ytd, 1324_stock_based_compensation_current_ytd)","{""op"": ""min"", ""left"": {""leaf"": ""1325_stock_based_compensation_prior_ytd"", ""depth"": 0}, ""right"": {""leaf"": ""1324_stock_based_compensation_current_ytd"", ""depth"": 0}, ""depth"": 1}","{""kind"": ""time_agg"", ""op"": ""min"", ""depth"": 0}",14.0,1,0,1,13280510,999650228,918663111,0.211,0,1,2,1325_stock_based_compensation_prior_ytd,stock_based_compensation,stock based compensation,AVX,"Nine Months Ended October 31, 2024",M_USD,14.0,1324_stock_based_compensation_current_ytd,stock_based_compensation,stock based compensation,AVX,"Nine Months Ended October 31, 2025",M_USD,14.0,,,,,,,,,,,,,,,,,,,,,,,,,,,,,,,,,,,,,,,,,,
94,1,"Could you give the maximum of total current liabilities for SUP from December 31, 2024 to July 31, 2025?","max(865_total_current_liabilities_prior_fy_end, 2706_total_current_liabilities_current_quarter_end)","{""op"": ""max"", ""left"": {""leaf"": ""865_total_current_liabilities_prior_fy_end"", ""depth"": 0}, ""right"": {""leaf"": ""2706_total_current_liabilities_current_quarter_end"", ""depth"": 0}, ""depth"": 1}","{""kind"": ""time_agg"", ""op"": ""max"", ""depth"": 0}",15271.0,3,0,1,197248158,946879906,918663111,0.339,0,1,2,865_total_current_liabilities_prior_fy_end,total_current_liabilities,total current liabilities,SUP,"December 31, 2024",M_USD,6958.0,2706_total_current_liabilities_current_quarter_end,total_current_liabilities,total current liabilities,SUP,"July 31, 2025",M_USD,15271.0,,,,,,,,,,,,,,,,,,,,,,,,,,,,,,,,,,,,,,,,,,
95,1,"provide the minimum of net cash from operating for VRX from Six Months Ended July 31, 2024 to Six Months Ended July 31, 2025","min(3185_net_cash_from_operating_prior_ytd, 3184_net_cash_from_operating_current_ytd)","{""op"": ""min"", ""left"": {""leaf"": ""3185_net_cash_from_operating_prior_ytd"", ""depth"": 0}, ""right"": {""leaf"": ""3184_net_cash_from_operating_current_ytd"", ""depth"": 0}, ""depth"": 1}","{""kind"": ""time_agg"", ""op"": ""min"", ""depth"": 0}",4306.0,4,0,1,367166299,518651625,918663111,0.48,0,1,2,3185_net_cash_from_operating_prior_ytd,net_cash_from_operating,net cash from operating,VRX,"Six Months Ended July 31, 2024",M_USD,4306.0,3184_net_cash_from_operating_current_ytd,net_cash_from_operating,net cash from operating,VRX,"Six Months Ended July 31, 2025",M_USD,4518.0,,,,,,,,,,,,,,,,,,,,,,,,,,,,,,,,,,,,,,,,,,
96,1,"compute the maximum of Patient service revenue for HLT from Nine Months Ended October 31, 2024 to Nine Months Ended October 31, 2025 .","max(574_patient_service_revenue_prior_year_ytd, 570_patient_service_revenue_current_ytd)","{""op"": ""max"", ""left"": {""leaf"": ""574_patient_service_revenue_prior_year_ytd"", ""depth"": 0}, ""right"": {""leaf"": ""570_patient_service_revenue_current_ytd"", ""depth"": 0}, ""depth"": 1}","{""kind"": ""time_agg"", ""op"": ""max"", ""depth"": 0}",19665.0,4,0,1,194808113,966476571,918663111,0.389,0,1,2,574_patient_service_revenue_prior_year_ytd,patient_service_revenue,Patient service revenue,HLT,"Nine Months Ended October 31, 2024",M_USD,17187.0,570_patient_service_revenue_current_ytd,patient_service_revenue,Patient service revenue,HLT,"Nine Months Ended October 31, 2025",M_USD,19665.0,,,,,,,,,,,,,,,,,,,,,,,,,,,,,,,,,,,,,,,,,,
97,1,"Which result follows from the maximum of prepaid expenses and other for PLZ from December 31, 2024 to July 31, 2025?","max(2099_prepaid_expenses_and_other_prior_fy_end, 2098_prepaid_expenses_and_other_current_quarter_end)","{""op"": ""max"", ""left"": {""leaf"": ""2099_prepaid_expenses_and_other_prior_fy_end"", ""depth"": 0}, ""right"": {""leaf"": ""2098_prepaid_expenses_and_other_current_quarter_end"", ""depth"": 0}, ""depth"": 1}","{""kind"": ""time_agg"", ""op"": ""max"", ""depth"": 0}",3262.0,4,0,1,367012462,89776837,918663111,0.333,0,1,2,2099_prepaid_expenses_and_other_prior_fy_end,prepaid_expenses_and_other,prepaid expenses and other,PLZ,"December 31, 2024",M_USD,3176.0,2098_prepaid_expenses_and_other_current_quarter_end,prepaid_expenses_and_other,prepaid expenses and other,PLZ,"July 31, 2025",M_USD,3262.0,,,,,,,,,,,,,,,,,,,,,,,,,,,,,,,,,,,,,,,,,,
98,1,"What is the value of the minimum of current portion of long term debt for CIV from December 31, 2024 to October 31, 2025","min(3057_current_portion_of_long_term_debt_prior_fy_end, 3056_current_portion_of_long_term_debt_current_quarter_end)","{""op"": ""min"", ""left"": {""leaf"": ""3057_current_portion_of_long_term_debt_prior_fy_end"", ""depth"": 0}, ""right"": {""leaf"": ""3056_current_portion_of_long_term_debt_current_quarter_end"", ""depth"": 0}, ""depth"": 1}","{""kind"": ""time_agg"", ""op"": ""min"", ""depth"": 0}",152.0,1,0,1,540801270,748385170,918663111,0.262,0,1,2,3057_current_portion_of_long_term_debt_prior_fy_end,current_portion_of_long_term_debt,current portion of long term debt,CIV,"December 31, 2024",M_USD,152.0,3056_current_portion_of_long_term_debt_current_quarter_end,current_portion_of_long_term_debt,current portion of long term debt,CIV,"October 31, 2025",M_USD,163.0,,,,,,,,,,,,,,,,,,,,,,,,,,,,,,,,,,,,,,,,,,
99,1,"what's the value of the maximum of net income for CLD from Three Months Ended April 30, 2024 to Three Months Ended April 30, 2025","max(3365_net_income_prior_year_quarter, 3364_net_income_current_quarter)","{""op"": ""max"", ""left"": {""leaf"": ""3365_net_income_prior_year_quarter"", ""depth"": 0}, ""right"": {""leaf"": ""3364_net_income_current_quarter"", ""depth"": 0}, ""depth"": 1}","{""kind"": ""time_agg"", ""op"": ""max"", ""depth"": 0}",1492.0,3,0,1,397080042,463363833,918663111,0.383,0,1,2,3365_net_income_prior_year_quarter,net_income,net income,CLD,"Three Months Ended April 30, 2024",M_USD,1440.0,3364_net_income_current_quarter,net_income,net income,CLD,"Three Months Ended April 30, 2025",M_USD,1492.0,,,,,,,,,,,,,,,,,,,,,,,,,,,,,,,,,,,,,,,,,,
100,1,"You should calculate the maximum of total costs and expenses for AVX from Three Months Ended October 31, 2024 to Three Months Ended October 31, 2025 .","max(1245_total_costs_and_expenses_prior_year_quarter, 1244_total_costs_and_expenses_current_quarter)","{""op"": ""max"", ""left"": {""leaf"": ""1245_total_costs_and_expenses_prior_year_quarter"", ""depth"": 0}, ""right"": {""leaf"": ""1244_total_costs_and_expenses_current_quarter"", ""depth"": 0}, ""depth"": 1}","{""kind"": ""time_agg"", ""op"": ""max"", ""depth"": 0}",761.0,2,0,1,195651160,582340413,918663111,0.597,0,1,2,1245_total_costs_and_expenses_prior_year_quarter,total_costs_and_expenses,total costs and expenses,AVX,"Three Months Ended October 31, 2024",M_USD,761.0,1244_total_costs_and_expenses_current_quarter,total_costs_and_expenses,total costs and expenses,AVX,"Three Months Ended October 31, 2025",M_USD,747.0,,,,,,,,,,,,,,,,,,,,,,,,,,,,,,,,,,,,,,,,,,
101,2,"Which result follows from the average accounts receivable net for PLX from September 30, 2025 to July 31, 2026","ratio(sum(4394_accounts_receivable_net_current_quarter_end, 4395_accounts_receivable_net_prior_fy_end), 2.0)","{""op"": ""ratio"", ""left"": {""op"": ""sum"", ""left"": {""leaf"": ""4394_accounts_receivable_net_current_quarter_end"", ""depth"": 0}, ""right"": {""leaf"": ""4395_accounts_receivable_net_prior_fy_end"", ""depth"": 0}, ""depth"": 1}, ""right"": {""literal"": 2.0, ""depth"": 0}, ""depth"": 2}","{""kind"": ""time_agg"", ""op"": ""avg"", ""depth"": 0}",2283.5,4,0,2,597417156,980216571,918663111,0.445,0,1,2,4394_accounts_receivable_net_current_quarter_end,accounts_receivable_net,accounts receivable net,PLX,"July 31, 2026",M_USD,2466.0,4395_accounts_receivable_net_prior_fy_end,accounts_receivable_net,accounts receivable net,PLX,"September 30, 2025",M_USD,2101.0,,,,,,,,,,,,,,,,,,,,,,,,,,,,,,,,,,,,,,,,,,
102,1,"you should give the maximum of Products for CLR from Nine Months Ended October 31, 2024 to Nine Months Ended October 31, 2025 .","max(222_products_prior_year_ytd, 216_products_current_ytd)","{""op"": ""max"", ""left"": {""leaf"": ""222_products_prior_year_ytd"", ""depth"": 0}, ""right"": {""leaf"": ""216_products_current_ytd"", ""depth"": 0}, ""depth"": 1}","{""kind"": ""time_agg"", ""op"": ""max"", ""depth"": 0}",14964.0,4,0,1,190414852,283161976,918663111,0.594,0,1,2,222_products_prior_year_ytd,products,Products,CLR,"Nine Months Ended October 31, 2024",M_USD,4635.0,216_products_current_ytd,products,Products,CLR,"Nine Months Ended October 31, 2025",M_USD,14964.0,,,,,,,,,,,,,,,,,,,,,,,,,,,,,,,,,,,,,,,,,,
103,2,"Which value corresponds to the average long term debt for MED from December 31, 2024 to July 31, 2025 ?","ratio(sum(1757_long_term_debt_prior_fy_end, 1756_long_term_debt_current_quarter_end), 2.0)","{""op"": ""ratio"", ""left"": {""op"": ""sum"", ""left"": {""leaf"": ""1757_long_term_debt_prior_fy_end"", ""depth"": 0}, ""right"": {""leaf"": ""1756_long_term_debt_current_quarter_end"", ""depth"": 0}, ""depth"": 1}, ""right"": {""literal"": 2.0, ""depth"": 0}, ""depth"": 2}","{""kind"": ""time_agg"", ""op"": ""avg"", ""depth"": 0}",4969.5,4,0,2,579855904,775505985,918663111,0.196,0,1,2,1757_long_term_debt_prior_fy_end,long_term_debt,long term debt,MED,"December 31, 2024",M_USD,5055.0,1756_long_term_debt_current_quarter_end,long_term_debt,long term debt,MED,"July 31, 2025",M_USD,4884.0,,,,,,,,,,,,,,,,,,,,,,,,,,,,,,,,,,,,,,,,,,
104,0,"which result follows from the other income expense net for MTX in Nine Months Ended October 31, 2024 ?",5497_other_income_expense_net_prior_year_ytd,"{""leaf"": ""5497_other_income_expense_net_prior_year_ytd"", ""depth"": 0}","{""kind"": ""leaf"", ""semantic_type_in"": [""amount""], ""depth"": 0}",324.0,2,0,0,54678617,886970829,918663111,0.406,0,1,1,5497_other_income_expense_net_prior_year_ytd,other_income_expense_net,other income expense net,MTX,"Nine Months Ended October 31, 2024",M_USD,324.0,,,,,,,,,,,,,,,,,,,,,,,,,,,,,,,,,,,,,,,,,,,,,,,,,
105,2,"which quantity is given by the average accounts payable for SCI from December 31, 2024 to July 31, 2025 ?","ratio(sum(5083_accounts_payable_prior_fy_end, 5082_accounts_payable_current_quarter_end), 2.0)","{""op"": ""ratio"", ""left"": {""op"": ""sum"", ""left"": {""leaf"": ""5083_accounts_payable_prior_fy_end"", ""depth"": 0}, ""right"": {""leaf"": ""5082_accounts_payable_current_quarter_end"", ""depth"": 0}, ""depth"": 1}, ""right"": {""literal"": 2.0, ""depth"": 0}, ""depth"": 2}","{""kind"": ""time_agg"", ""op"": ""avg"", ""depth"": 0}",1177.5,2,0,2,305554346,634729700,918663111,0.548,0,1,2,5083_accounts_payable_prior_fy_end,accounts_payable,accounts payable,SCI,"December 31, 2024",M_USD,1097.0,5082_accounts_payable_current_quarter_end,accounts_payable,accounts payable,SCI,"July 31, 2025",M_USD,1258.0,,,,,,,,,,,,,,,,,,,,,,,,,,,,,,,,,,,,,,,,,,
106,1,"Which result follows from the minimum of accrued expenses and other for PLX from September 30, 2025 to July 31, 2026?","min(4418_accrued_expenses_and_other_current_quarter_end, 4419_accrued_expenses_and_other_prior_fy_end)","{""op"": ""min"", ""left"": {""leaf"": ""4418_accrued_expenses_and_other_current_quarter_end"", ""depth"": 0}, ""right"": {""leaf"": ""4419_accrued_expenses_and_other_prior_fy_end"", ""depth"": 0}, ""depth"": 1}","{""kind"": ""time_agg"", ""op"": ""min"", ""depth"": 0}",1446.0,1,0,1,410064541,69424204,918663111,0.296,0,1,2,4418_accrued_expenses_and_other_current_quarter_end,accrued_expenses_and_other,accrued expenses and other,PLX,"July 31, 2026",M_USD,1697.0,4419_accrued_expenses_and_other_prior_fy_end,accrued_expenses_and_other,accrued expenses and other,PLX,"September 30, 2025",M_USD,1446.0,,,,,,,,,,,,,,,,,,,,,,,,,,,,,,,,,,,,,,,,,,
107,2,"whats the value of the average prepaid expenses and other for DTA from December 31, 2024 to April 30, 2025 ?","ratio(sum(4502_prepaid_expenses_and_other_current_quarter_end, 4503_prepaid_expenses_and_other_prior_fy_end), 2.0)","{""op"": ""ratio"", ""left"": {""op"": ""sum"", ""left"": {""leaf"": ""4502_prepaid_expenses_and_other_current_quarter_end"", ""depth"": 0}, ""right"": {""leaf"": ""4503_prepaid_expenses_and_other_prior_fy_end"", ""depth"": 0}, ""depth"": 1}, ""right"": {""literal"": 2.0, ""depth"": 0}, ""depth"": 2}","{""kind"": ""time_agg"", ""op"": ""avg"", ""depth"": 0}",418.0,2,0,2,873501976,29387203,918663111,0.205,0,1,2,4502_prepaid_expenses_and_other_current_quarter_end,prepaid_expenses_and_other,prepaid expenses and other,DTA,"April 30, 2025",M_USD,415.0,4503_prepaid_expenses_and_other_prior_fy_end,prepaid_expenses_and_other,prepaid expenses and other,DTA,"December 31, 2024",M_USD,421.0,,,,,,,,,,,,,,,,,,,,,,,,,,,,,,,,,,,,,,,,,,
108,1,"Which result follows from the maximum of total liabilities for PLX from September 30, 2025 to July 31, 2026?","max(4430_total_liabilities_current_quarter_end, 4431_total_liabilities_prior_fy_end)","{""op"": ""max"", ""left"": {""leaf"": ""4430_total_liabilities_current_quarter_end"", ""depth"": 0}, ""right"": {""leaf"": ""4431_total_liabilities_prior_fy_end"", ""depth"": 0}, ""depth"": 1}","{""kind"": ""time_agg"", ""op"": ""max"", ""depth"": 0}",8205.0,3,0,1,271166282,830794774,918663111,0.292,0,1,2,4430_total_liabilities_current_quarter_end,total_liabilities,total liabilities,PLX,"July 31, 2026",M_USD,8205.0,4431_total_liabilities_prior_fy_end,total_liabilities,total liabilities,PLX,"September 30, 2025",M_USD,6991.0,,,,,,,,,,,,,,,,,,,,,,,,,,,,,,,,,,,,,,,,,,
109,1,"what would be the minimum of total costs and expenses for DTA from Three Months Ended April 30, 2024 to Three Months Ended April 30, 2025 ?","min(4481_total_costs_and_expenses_prior_year_quarter, 4480_total_costs_and_expenses_current_quarter)","{""op"": ""min"", ""left"": {""leaf"": ""4481_total_costs_and_expenses_prior_year_quarter"", ""depth"": 0}, ""right"": {""leaf"": ""4480_total_costs_and_expenses_current_quarter"", ""depth"": 0}, ""depth"": 1}","{""kind"": ""time_agg"", ""op"": ""min"", ""depth"": 0}",15392.0,2,0,1,864480677,587059988,918663111,0.548,0,1,2,4481_total_costs_and_expenses_prior_year_quarter,total_costs_and_expenses,total costs and expenses,DTA,"Three Months Ended April 30, 2024",M_USD,15392.0,4480_total_costs_and_expenses_current_quarter,total_costs_and_expenses,total costs and expenses,DTA,"Three Months Ended April 30, 2025",M_USD,15893.0,,,,,,,,,,,,,,,,,,,,,,,,,,,,,,,,,,,,,,,,,,
110,1,"Could you give the maximum of accrued expenses and other for STR from December 31, 2024 to July 31, 2025","max(3519_accrued_expenses_and_other_prior_fy_end, 3518_accrued_expenses_and_other_current_quarter_end)","{""op"": ""max"", ""left"": {""leaf"": ""3519_accrued_expenses_and_other_prior_fy_end"", ""depth"": 0}, ""right"": {""leaf"": ""3518_accrued_expenses_and_other_current_quarter_end"", ""depth"": 0}, ""depth"": 1}","{""kind"": ""time_agg"", ""op"": ""max"", ""depth"": 0}",605.0,4,0,1,639108336,844520541,918663111,0.328,0,1,2,3519_accrued_expenses_and_other_prior_fy_end,accrued_expenses_and_other,accrued expenses and other,STR,"December 31, 2024",M_USD,605.0,3518_accrued_expenses_and_other_current_quarter_end,accrued_expenses_and_other,accrued expenses and other,STR,"July 31, 2025",M_USD,591.0,,,,,,,,,,,,,,,,,,,,,,,,,,,,,,,,,,,,,,,,,,
111,1,"may you calculate the maximum of other non current assets for TRD from December 31, 2024 to July 31, 2025 ?","max(2321_other_non_current_assets_prior_fy_end, 2320_other_non_current_assets_current_quarter_end)","{""op"": ""max"", ""left"": {""leaf"": ""2321_other_non_current_assets_prior_fy_end"", ""depth"": 0}, ""right"": {""leaf"": ""2320_other_non_current_assets_current_quarter_end"", ""depth"": 0}, ""depth"": 1}","{""kind"": ""time_agg"", ""op"": ""max"", ""depth"": 0}",4166.0,2,0,1,460893037,913398363,918663111,0.439,0,1,2,2321_other_non_current_assets_prior_fy_end,other_non_current_assets,other non current assets,TRD,"December 31, 2024",M_USD,4166.0,2320_other_non_current_assets_current_quarter_end,other_non_current_assets,other non current assets,TRD,"July 31, 2025",M_USD,4101.0,,,,,,,,,,,,,,,,,,,,,,,,,,,,,,,,,,,,,,,,,,
112,1,"determine the maximum of total costs and expenses for PLX from Nine Months Ended July 31, 2025 to Nine Months Ended July 31, 2026 .","max(4365_total_costs_and_expenses_prior_year_ytd, 4364_total_costs_and_expenses_current_ytd)","{""op"": ""max"", ""left"": {""leaf"": ""4365_total_costs_and_expenses_prior_year_ytd"", ""depth"": 0}, ""right"": {""leaf"": ""4364_total_costs_and_expenses_current_ytd"", ""depth"": 0}, ""depth"": 1}","{""kind"": ""time_agg"", ""op"": ""max"", ""depth"": 0}",31059.0,3,0,1,769536517,267158743,918663111,0.54,0,1,2,4365_total_costs_and_expenses_prior_year_ytd,total_costs_and_expenses,total costs and expenses,PLX,"Nine Months Ended July 31, 2025",M_USD,30621.0,4364_total_costs_and_expenses_current_ytd,total_costs_and_expenses,total costs and expenses,PLX,"Nine Months Ended July 31, 2026",M_USD,31059.0,,,,,,,,,,,,,,,,,,,,,,,,,,,,,,,,,,,,,,,,,,
113,1,"which quantity is given by the maximum of total current assets for PRF from December 31, 2024 to April 30, 2025 ?","max(2192_total_current_assets_current_quarter_end, 2193_total_current_assets_prior_fy_end)","{""op"": ""max"", ""left"": {""leaf"": ""2192_total_current_assets_current_quarter_end"", ""depth"": 0}, ""right"": {""leaf"": ""2193_total_current_assets_prior_fy_end"", ""depth"": 0}, ""depth"": 1}","{""kind"": ""time_agg"", ""op"": ""max"", ""depth"": 0}",388.0,4,0,1,109102247,825794428,918663111,0.209,0,1,2,2192_total_current_assets_current_quarter_end,total_current_assets,total current assets,PRF,"April 30, 2025",M_USD,388.0,2193_total_current_assets_prior_fy_end,total_current_assets,total current assets,PRF,"December 31, 2024",M_USD,372.0,,,,,,,,,,,,,,,,,,,,,,,,,,,,,,,,,,,,,,,,,,
114,1,"what would be the maximum of total non current assets for FAB from December 31, 2024 to July 31, 2025?","max(3991_total_non_current_assets_prior_fy_end, 3990_total_non_current_assets_current_quarter_end)","{""op"": ""max"", ""left"": {""leaf"": ""3991_total_non_current_assets_prior_fy_end"", ""depth"": 0}, ""right"": {""leaf"": ""3990_total_non_current_assets_current_quarter_end"", ""depth"": 0}, ""depth"": 1}","{""kind"": ""time_agg"", ""op"": ""max"", ""depth"": 0}",19483.0,3,0,1,861540370,122119175,918663111,0.266,0,1,2,3991_total_non_current_assets_prior_fy_end,total_non_current_assets,total non current assets,FAB,"December 31, 2024",M_USD,19483.0,3990_total_non_current_assets_current_quarter_end,total_non_current_assets,total non current assets,FAB,"July 31, 2025",M_USD,19193.0,,,,,,,,,,,,,,,,,,,,,,,,,,,,,,,,,,,,,,,,,,
115,1,"Could you give the maximum of inventories for STR from December 31, 2024 to July 31, 2025 ?","max(3497_inventories_prior_fy_end, 3496_inventories_current_quarter_end)","{""op"": ""max"", ""left"": {""leaf"": ""3497_inventories_prior_fy_end"", ""depth"": 0}, ""right"": {""leaf"": ""3496_inventories_current_quarter_end"", ""depth"": 0}, ""depth"": 1}","{""kind"": ""time_agg"", ""op"": ""max"", ""depth"": 0}",201.0,3,0,1,918702351,831090971,918663111,0.437,0,1,2,3497_inventories_prior_fy_end,inventories,inventories,STR,"December 31, 2024",M_USD,201.0,3496_inventories_current_quarter_end,inventories,inventories,STR,"July 31, 2025",M_USD,196.0,,,,,,,,,,,,,,,,,,,,,,,,,,,,,,,,,,,,,,,,,,
116,1,"What is the value of the maximum of total liabilities for BRX from December 31, 2024 to July 31, 2025 ?","max(425_total_liabilities_prior_fy_end, 424_total_liabilities_current_quarter_end)","{""op"": ""max"", ""left"": {""leaf"": ""425_total_liabilities_prior_fy_end"", ""depth"": 0}, ""right"": {""leaf"": ""424_total_liabilities_current_quarter_end"", ""depth"": 0}, ""depth"": 1}","{""kind"": ""time_agg"", ""op"": ""max"", ""depth"": 0}",66366.0,4,0,1,543183580,362884603,918663111,0.112,0,1,2,425_total_liabilities_prior_fy_end,total_liabilities,total liabilities,BRX,"December 31, 2024",M_USD,66366.0,424_total_liabilities_current_quarter_end,total_liabilities,total liabilities,BRX,"July 31, 2025",M_USD,65591.0,,,,,,,,,,,,,,,,,,,,,,,,,,,,,,,,,,,,,,,,,,
117,1,"may you calculate the minimum of total current liabilities for VRX from December 31, 2024 to July 31, 2025 ?","min(3171_total_current_liabilities_prior_fy_end, 3170_total_current_liabilities_current_quarter_end)","{""op"": ""min"", ""left"": {""leaf"": ""3171_total_current_liabilities_prior_fy_end"", ""depth"": 0}, ""right"": {""leaf"": ""3170_total_current_liabilities_current_quarter_end"", ""depth"": 0}, ""depth"": 1}","{""kind"": ""time_agg"", ""op"": ""min"", ""depth"": 0}",6393.0,4,0,1,168258554,992845823,918663111,0.387,0,1,2,3171_total_current_liabilities_prior_fy_end,total_current_liabilities,total current liabilities,VRX,"December 31, 2024",M_USD,6393.0,3170_total_current_liabilities_current_quarter_end,total_current_liabilities,total current liabilities,VRX,"July 31, 2025",M_USD,6735.0,,,,,,,,,,,,,,,,,,,,,,,,,,,,,,,,,,,,,,,,,,
118,1,"you should calculate the minimum of current portion of long term debt for MDI from December 31, 2024 to October 31, 2025","min(5657_current_portion_of_long_term_debt_prior_fy_end, 5656_current_portion_of_long_term_debt_current_quarter_end)","{""op"": ""min"", ""left"": {""leaf"": ""5657_current_portion_of_long_term_debt_prior_fy_end"", ""depth"": 0}, ""right"": {""leaf"": ""5656_current_portion_of_long_term_debt_current_quarter_end"", ""depth"": 0}, ""depth"": 1}","{""kind"": ""time_agg"", ""op"": ""min"", ""depth"": 0}",713.0,4,0,1,80249871,180806686,918663111,0.542,0,1,2,5657_current_portion_of_long_term_debt_prior_fy_end,current_portion_of_long_term_debt,current portion of long term debt,MDI,"December 31, 2024",M_USD,725.0,5656_current_portion_of_long_term_debt_current_quarter_end,current_portion_of_long_term_debt,current portion of long term debt,MDI,"October 31, 2025",M_USD,713.0,,,,,,,,,,,,,,,,,,,,,,,,,,,,,,,,,,,,,,,,,,
119,1,"what is the maximum of total non current assets for AST from December 31, 2024 to July 31, 2025 ?","max(4843_total_non_current_assets_prior_fy_end, 4842_total_non_current_assets_current_quarter_end)","{""op"": ""max"", ""left"": {""leaf"": ""4843_total_non_current_assets_prior_fy_end"", ""depth"": 0}, ""right"": {""leaf"": ""4842_total_non_current_assets_current_quarter_end"", ""depth"": 0}, ""depth"": 1}","{""kind"": ""time_agg"", ""op"": ""max"", ""depth"": 0}",10336.0,1,0,1,861262017,431975853,918663111,0.321,0,1,2,4843_total_non_current_assets_prior_fy_end,total_non_current_assets,total non current assets,AST,"December 31, 2024",M_USD,10271.0,4842_total_non_current_assets_current_quarter_end,total_non_current_assets,total non current assets,AST,"July 31, 2025",M_USD,10336.0,,,,,,,,,,,,,,,,,,,,,,,,,,,,,,,,,,,,,,,,,,
120,1,"what is the value of the minimum of accrued expenses and other for CIV from December 31, 2024 to October 31, 2025","min(3055_accrued_expenses_and_other_prior_fy_end, 3054_accrued_expenses_and_other_current_quarter_end)","{""op"": ""min"", ""left"": {""leaf"": ""3055_accrued_expenses_and_other_prior_fy_end"", ""depth"": 0}, ""right"": {""leaf"": ""3054_accrued_expenses_and_other_current_quarter_end"", ""depth"": 0}, ""depth"": 1}","{""kind"": ""time_agg"", ""op"": ""min"", ""depth"": 0}",163.0,2,0,1,501451987,413071466,918663111,0.434,0,1,2,3055_accrued_expenses_and_other_prior_fy_end,accrued_expenses_and_other,accrued expenses and other,CIV,"December 31, 2024",M_USD,163.0,3054_accrued_expenses_and_other_current_quarter_end,accrued_expenses_and_other,accrued expenses and other,CIV,"October 31, 2025",M_USD,174.0,,,,,,,,,,,,,,,,,,,,,,,,,,,,,,,,,,,,,,,,,,
121,2,"you should calculate the average accrued expenses and other for TRU from December 31, 2024 to July 31, 2025 .","ratio(sum(1185_accrued_expenses_and_other_prior_fy_end, 1184_accrued_expenses_and_other_current_quarter_end), 2.0)","{""op"": ""ratio"", ""left"": {""op"": ""sum"", ""left"": {""leaf"": ""1185_accrued_expenses_and_other_prior_fy_end"", ""depth"": 0}, ""right"": {""leaf"": ""1184_accrued_expenses_and_other_current_quarter_end"", ""depth"": 0}, ""depth"": 1}, ""right"": {""literal"": 2.0, ""depth"": 0}, ""depth"": 2}","{""kind"": ""time_agg"", ""op"": ""avg"", ""depth"": 0}",788.0,1,0,2,76906014,887891125,918663111,0.159,0,1,2,1185_accrued_expenses_and_other_prior_fy_end,accrued_expenses_and_other,accrued expenses and other,TRU,"December 31, 2024",M_USD,756.0,1184_accrued_expenses_and_other_current_quarter_end,accrued_expenses_and_other,accrued expenses and other,TRU,"July 31, 2025",M_USD,820.0,,,,,,,,,,,,,,,,,,,,,,,,,,,,,,,,,,,,,,,,,,
122,1,"what do we obtain as the minimum of total revenues for IND from Three Months Ended April 30, 2024 to Three Months Ended April 30, 2025","min(897_total_revenues_prior_year_quarter, 896_total_revenues_current_quarter)","{""op"": ""min"", ""left"": {""leaf"": ""897_total_revenues_prior_year_quarter"", ""depth"": 0}, ""right"": {""leaf"": ""896_total_revenues_current_quarter"", ""depth"": 0}, ""depth"": 1}","{""kind"": ""time_agg"", ""op"": ""min"", ""depth"": 0}",21204.0,3,0,1,325366170,614706152,918663111,0.324,0,1,2,897_total_revenues_prior_year_quarter,total_revenues,total revenues,IND,"Three Months Ended April 30, 2024",M_USD,23597.0,896_total_revenues_current_quarter,total_revenues,total revenues,IND,"Three Months Ended April 30, 2025",M_USD,21204.0,,,,,,,,,,,,,,,,,,,,,,,,,,,,,,,,,,,,,,,,,,
123,1,"what do we obtain as the maximum of other non current liabilities for GRD from December 31, 2024 to July 31, 2025","max(309_other_non_current_liabilities_prior_fy_end, 308_other_non_current_liabilities_current_quarter_end)","{""op"": ""max"", ""left"": {""leaf"": ""309_other_non_current_liabilities_prior_fy_end"", ""depth"": 0}, ""right"": {""leaf"": ""308_other_non_current_liabilities_current_quarter_end"", ""depth"": 0}, ""depth"": 1}","{""kind"": ""time_agg"", ""op"": ""max"", ""depth"": 0}",984.0,3,0,1,696303953,953807980,918663111,0.119,0,1,2,309_other_non_current_liabilities_prior_fy_end,other_non_current_liabilities,other non current liabilities,GRD,"December 31, 2024",M_USD,984.0,308_other_non_current_liabilities_current_quarter_end,other_non_current_liabilities,other non current liabilities,GRD,"July 31, 2025",M_USD,912.0,,,,,,,,,,,,,,,,,,,,,,,,,,,,,,,,,,,,,,,,,,
124,1,"what's the value of the minimum of total current liabilities for CLD from December 31, 2024 to April 30, 2025?","min(3402_total_current_liabilities_current_quarter_end, 3403_total_current_liabilities_prior_fy_end)","{""op"": ""min"", ""left"": {""leaf"": ""3402_total_current_liabilities_current_quarter_end"", ""depth"": 0}, ""right"": {""leaf"": ""3403_total_current_liabilities_prior_fy_end"", ""depth"": 0}, ""depth"": 1}","{""kind"": ""time_agg"", ""op"": ""min"", ""depth"": 0}",4958.0,1,0,1,639803401,146939848,918663111,0.571,0,1,2,3402_total_current_liabilities_current_quarter_end,total_current_liabilities,total current liabilities,CLD,"April 30, 2025",M_USD,5408.0,3403_total_current_liabilities_prior_fy_end,total_current_liabilities,total current liabilities,CLD,"December 31, 2024",M_USD,4958.0,,,,,,,,,,,,,,,,,,,,,,,,,,,,,,,,,,,,,,,,,,
125,2,"What do we obtain as the average accrued expenses and other for HLT from July 31, 2025 to October 31, 2025","ratio(sum(3294_accrued_expenses_and_other_current_quarter_end, 524_accrued_expenses_and_other_current_quarter_end), 2.0)","{""op"": ""ratio"", ""left"": {""op"": ""sum"", ""left"": {""leaf"": ""3294_accrued_expenses_and_other_current_quarter_end"", ""depth"": 0}, ""right"": {""leaf"": ""524_accrued_expenses_and_other_current_quarter_end"", ""depth"": 0}, ""depth"": 1}, ""right"": {""literal"": 2.0, ""depth"": 0}, ""depth"": 2}","{""kind"": ""time_agg"", ""op"": ""avg"", ""depth"": 0}",944.5,2,0,2,250393881,582445905,918663111,0.466,0,1,2,3294_accrued_expenses_and_other_current_quarter_end,accrued_expenses_and_other,accrued expenses and other,HLT,"July 31, 2025",M_USD,746.0,524_accrued_expenses_and_other_current_quarter_end,accrued_expenses_and_other,accrued expenses and other,HLT,"October 31, 2025",M_USD,1143.0,,,,,,,,,,,,,,,,,,,,,,,,,,,,,,,,,,,,,,,,,,
126,1,"Which result follows from the maximum of accrued expenses and other for PLZ from December 31, 2024 to July 31, 2025?","max(2119_accrued_expenses_and_other_prior_fy_end, 2118_accrued_expenses_and_other_current_quarter_end)","{""op"": ""max"", ""left"": {""leaf"": ""2119_accrued_expenses_and_other_prior_fy_end"", ""depth"": 0}, ""right"": {""leaf"": ""2118_accrued_expenses_and_other_current_quarter_end"", ""depth"": 0}, ""depth"": 1}","{""kind"": ""time_agg"", ""op"": ""max"", ""depth"": 0}",4695.0,2,0,1,959389258,976776827,918663111,0.525,0,1,2,2119_accrued_expenses_and_other_prior_fy_end,accrued_expenses_and_other,accrued expenses and other,PLZ,"December 31, 2024",M_USD,4571.0,2118_accrued_expenses_and_other_current_quarter_end,accrued_expenses_and_other,accrued expenses and other,PLZ,"July 31, 2025",M_USD,4695.0,,,,,,,,,,,,,,,,,,,,,,,,,,,,,,,,,,,,,,,,,,
127,2,"Evaluate the average cost of sales for PLZ from Six Months Ended July 31, 2024 to Six Months Ended July 31, 2025 .","ratio(sum(2049_cost_of_sales_prior_year_ytd, 2048_cost_of_sales_current_ytd), 2.0)","{""op"": ""ratio"", ""left"": {""op"": ""sum"", ""left"": {""leaf"": ""2049_cost_of_sales_prior_year_ytd"", ""depth"": 0}, ""right"": {""leaf"": ""2048_cost_of_sales_current_ytd"", ""depth"": 0}, ""depth"": 1}, ""right"": {""literal"": 2.0, ""depth"": 0}, ""depth"": 2}","{""kind"": ""time_agg"", ""op"": ""avg"", ""depth"": 0}",106619.0,3,0,2,528650588,620540210,918663111,0.56,0,1,2,2049_cost_of_sales_prior_year_ytd,cost_of_sales,cost of sales,PLZ,"Six Months Ended July 31, 2024",M_USD,110452.0,2048_cost_of_sales_current_ytd,cost_of_sales,cost of sales,PLZ,"Six Months Ended July 31, 2025",M_USD,102786.0,,,,,,,,,,,,,,,,,,,,,,,,,,,,,,,,,,,,,,,,,,
128,2,"state the average long term debt for MDI from December 31, 2024 to October 31, 2025","ratio(sum(5661_long_term_debt_prior_fy_end, 5660_long_term_debt_current_quarter_end), 2.0)","{""op"": ""ratio"", ""left"": {""op"": ""sum"", ""left"": {""leaf"": ""5661_long_term_debt_prior_fy_end"", ""depth"": 0}, ""right"": {""leaf"": ""5660_long_term_debt_current_quarter_end"", ""depth"": 0}, ""depth"": 1}, ""right"": {""literal"": 2.0, ""depth"": 0}, ""depth"": 2}","{""kind"": ""time_agg"", ""op"": ""avg"", ""depth"": 0}",5980.0,4,0,2,292058437,519724331,918663111,0.596,0,1,2,5661_long_term_debt_prior_fy_end,long_term_debt,long term debt,MDI,"December 31, 2024",M_USD,6028.0,5660_long_term_debt_current_quarter_end,long_term_debt,long term debt,MDI,"October 31, 2025",M_USD,5932.0,,,,,,,,,,,,,,,,,,,,,,,,,,,,,,,,,,,,,,,,,,
129,1,"what is the maximum of depreciation and amortization for AVX from Nine Months Ended October 31, 2024 to Nine Months Ended October 31, 2025","max(1323_depreciation_and_amortization_prior_ytd, 1322_depreciation_and_amortization_current_ytd)","{""op"": ""max"", ""left"": {""leaf"": ""1323_depreciation_and_amortization_prior_ytd"", ""depth"": 0}, ""right"": {""leaf"": ""1322_depreciation_and_amortization_current_ytd"", ""depth"": 0}, ""depth"": 1}","{""kind"": ""time_agg"", ""op"": ""max"", ""depth"": 0}",224.0,3,0,1,319437140,386964924,918663111,0.249,0,1,2,1323_depreciation_and_amortization_prior_ytd,depreciation_and_amortization,depreciation and amortization,AVX,"Nine Months Ended October 31, 2024",M_USD,224.0,1322_depreciation_and_amortization_current_ytd,depreciation_and_amortization,depreciation and amortization,AVX,"Nine Months Ended October 31, 2025",M_USD,220.0,,,,,,,,,,,,,,,,,,,,,,,,,,,,,,,,,,,,,,,,,,
130,1,"What is the value of the maximum of prepaid expenses and other for CIV from December 31, 2024 to October 31, 2025 ?","max(3035_prepaid_expenses_and_other_prior_fy_end, 3034_prepaid_expenses_and_other_current_quarter_end)","{""op"": ""max"", ""left"": {""leaf"": ""3035_prepaid_expenses_and_other_prior_fy_end"", ""depth"": 0}, ""right"": {""leaf"": ""3034_prepaid_expenses_and_other_current_quarter_end"", ""depth"": 0}, ""depth"": 1}","{""kind"": ""time_agg"", ""op"": ""max"", ""depth"": 0}",203.0,3,0,1,968487166,842168076,918663111,0.456,0,1,2,3035_prepaid_expenses_and_other_prior_fy_end,prepaid_expenses_and_other,prepaid expenses and other,CIV,"December 31, 2024",M_USD,190.0,3034_prepaid_expenses_and_other_current_quarter_end,prepaid_expenses_and_other,prepaid expenses and other,CIV,"October 31, 2025",M_USD,203.0,,,,,,,,,,,,,,,,,,,,,,,,,,,,,,,,,,,,,,,,,,
131,2,"You should give the average total non current liabilities for PRF from December 31, 2024 to October 31, 2025.","ratio(sum(2585_total_non_current_liabilities_prior_fy_end, 2584_total_non_current_liabilities_current_quarter_end), 2.0)","{""op"": ""ratio"", ""left"": {""op"": ""sum"", ""left"": {""leaf"": ""2585_total_non_current_liabilities_prior_fy_end"", ""depth"": 0}, ""right"": {""leaf"": ""2584_total_non_current_liabilities_current_quarter_end"", ""depth"": 0}, ""depth"": 1}, ""right"": {""literal"": 2.0, ""depth"": 0}, ""depth"": 2}","{""kind"": ""time_agg"", ""op"": ""avg"", ""depth"": 0}",1830.0,1,0,2,223181558,512606098,918663111,0.194,0,1,2,2585_total_non_current_liabilities_prior_fy_end,total_non_current_liabilities,total non current liabilities,PRF,"December 31, 2024",M_USD,1851.0,2584_total_non_current_liabilities_current_quarter_end,total_non_current_liabilities,total non current liabilities,PRF,"October 31, 2025",M_USD,1809.0,,,,,,,,,,,,,,,,,,,,,,,,,,,,,,,,,,,,,,,,,,
132,2,"Compute the maximum of current portion of long term debt for PRF from December 31, 2024 to October 31, 2025","max(max(2212_current_portion_of_long_term_debt_current_quarter_end, 2213_current_portion_of_long_term_debt_prior_fy_end), 2576_current_portion_of_long_term_debt_current_quarter_end)","{""op"": ""max"", ""left"": {""op"": ""max"", ""left"": {""leaf"": ""2212_current_portion_of_long_term_debt_current_quarter_end"", ""depth"": 0}, ""right"": {""leaf"": ""2213_current_portion_of_long_term_debt_prior_fy_end"", ""depth"": 0}, ""depth"": 1}, ""right"": {""leaf"": ""2576_current_portion_of_long_term_debt_current_quarter_end"", ""depth"": 0}, ""depth"": 2}","{""kind"": ""time_agg"", ""op"": ""max"", ""depth"": 0}",383.0,2,0,2,8737099,417568669,918663111,0.587,0,1,3,2212_current_portion_of_long_term_debt_current_quarter_end,current_portion_of_long_term_debt,current portion of long term debt,PRF,"April 30, 2025",M_USD,66.0,2213_current_portion_of_long_term_debt_prior_fy_end,current_portion_of_long_term_debt,current portion of long term debt,PRF,"December 31, 2024",M_USD,63.0,2576_current_portion_of_long_term_debt_current_quarter_end,current_portion_of_long_term_debt,current portion of long term debt,PRF,"October 31, 2025",M_USD,383.0,,,,,,,,,,,,,,,,,,,,,,,,,,,,,,,,,,,
133,1,"may you calculate the maximum of prepaid expenses and other for TRU from December 31, 2024 to July 31, 2025 ?","max(1165_prepaid_expenses_and_other_prior_fy_end, 628_prepaid_expenses_and_other_current_quarter_end)","{""op"": ""max"", ""left"": {""leaf"": ""1165_prepaid_expenses_and_other_prior_fy_end"", ""depth"": 0}, ""right"": {""leaf"": ""628_prepaid_expenses_and_other_current_quarter_end"", ""depth"": 0}, ""depth"": 1}","{""kind"": ""time_agg"", ""op"": ""max"", ""depth"": 0}",1123.0,3,0,1,175023137,987959634,918663111,0.151,0,1,2,1165_prepaid_expenses_and_other_prior_fy_end,prepaid_expenses_and_other,prepaid expenses and other,TRU,"December 31, 2024",M_USD,886.0,628_prepaid_expenses_and_other_current_quarter_end,prepaid_expenses_and_other,prepaid expenses and other,TRU,"July 31, 2025",M_USD,1123.0,,,,,,,,,,,,,,,,,,,,,,,,,,,,,,,,,,,,,,,,,,
134,1,"What would be the maximum of total current assets for GRD from December 31, 2024 to July 31, 2025","max(283_total_current_assets_prior_fy_end, 282_total_current_assets_current_quarter_end)","{""op"": ""max"", ""left"": {""leaf"": ""283_total_current_assets_prior_fy_end"", ""depth"": 0}, ""right"": {""leaf"": ""282_total_current_assets_current_quarter_end"", ""depth"": 0}, ""depth"": 1}","{""kind"": ""time_agg"", ""op"": ""max"", ""depth"": 0}",6045.0,3,0,1,450418674,797322007,918663111,0.473,0,1,2,283_total_current_assets_prior_fy_end,total_current_assets,total current assets,GRD,"December 31, 2024",M_USD,6045.0,282_total_current_assets_current_quarter_end,total_current_assets,total current assets,GRD,"July 31, 2025",M_USD,5602.0,,,,,,,,,,,,,,,,,,,,,,,,,,,,,,,,,,,,,,,,,,
135,2,"what's the value of the average total assets for CRF from December 31, 2024 to October 31, 2025?","ratio(sum(1633_total_assets_prior_fy_end, 1632_total_assets_current_quarter_end), 2.0)","{""op"": ""ratio"", ""left"": {""op"": ""sum"", ""left"": {""leaf"": ""1633_total_assets_prior_fy_end"", ""depth"": 0}, ""right"": {""leaf"": ""1632_total_assets_current_quarter_end"", ""depth"": 0}, ""depth"": 1}, ""right"": {""literal"": 2.0, ""depth"": 0}, ""depth"": 2}","{""kind"": ""time_agg"", ""op"": ""avg"", ""depth"": 0}",11820.0,4,0,2,582334145,917798262,918663111,0.434,0,1,2,1633_total_assets_prior_fy_end,total_assets,total assets,CRF,"December 31, 2024",M_USD,11969.0,1632_total_assets_current_quarter_end,total_assets,total assets,CRF,"October 31, 2025",M_USD,11671.0,,,,,,,,,,,,,,,,,,,,,,,,,,,,,,,,,,,,,,,,,,
136,1,"may you calculate the minimum of total non current assets for TRU from December 31, 2024 to July 31, 2025?","min(641_total_non_current_assets_prior_fy_end, 756_total_non_current_assets_current_quarter_end)","{""op"": ""min"", ""left"": {""leaf"": ""641_total_non_current_assets_prior_fy_end"", ""depth"": 0}, ""right"": {""leaf"": ""756_total_non_current_assets_current_quarter_end"", ""depth"": 0}, ""depth"": 1}","{""kind"": ""time_agg"", ""op"": ""min"", ""depth"": 0}",11325.0,1,0,1,39021293,621991837,918663111,0.33,0,1,2,641_total_non_current_assets_prior_fy_end,total_non_current_assets,total non current assets,TRU,"December 31, 2024",M_USD,11325.0,756_total_non_current_assets_current_quarter_end,total_non_current_assets,total non current assets,TRU,"July 31, 2025",M_USD,21087.0,,,,,,,,,,,,,,,,,,,,,,,,,,,,,,,,,,,,,,,,,,
137,1,"what is the minimum of property plant and equipment net for AST from December 31, 2024 to July 31, 2025?","min(4837_property_plant_and_equipment_net_prior_fy_end, 4836_property_plant_and_equipment_net_current_quarter_end)","{""op"": ""min"", ""left"": {""leaf"": ""4837_property_plant_and_equipment_net_prior_fy_end"", ""depth"": 0}, ""right"": {""leaf"": ""4836_property_plant_and_equipment_net_current_quarter_end"", ""depth"": 0}, ""depth"": 1}","{""kind"": ""time_agg"", ""op"": ""min"", ""depth"": 0}",1391.0,1,0,1,285590278,874322582,918663111,0.186,0,1,2,4837_property_plant_and_equipment_net_prior_fy_end,property_plant_and_equipment_net,property plant and equipment net,AST,"December 31, 2024",M_USD,1391.0,4836_property_plant_and_equipment_net_current_quarter_end,property_plant_and_equipment_net,property plant and equipment net,AST,"July 31, 2025",M_USD,1400.0,,,,,,,,,,,,,,,,,,,,,,,,,,,,,,,,,,,,,,,,,,
138,1,"calculate the minimum of total current assets for AST from December 31, 2024 to July 31, 2025.","min(4833_total_current_assets_prior_fy_end, 4832_total_current_assets_current_quarter_end)","{""op"": ""min"", ""left"": {""leaf"": ""4833_total_current_assets_prior_fy_end"", ""depth"": 0}, ""right"": {""leaf"": ""4832_total_current_assets_current_quarter_end"", ""depth"": 0}, ""depth"": 1}","{""kind"": ""time_agg"", ""op"": ""min"", ""depth"": 0}",16773.0,1,0,1,21095113,436676369,918663111,0.567,0,1,2,4833_total_current_assets_prior_fy_end,total_current_assets,total current assets,AST,"December 31, 2024",M_USD,16773.0,4832_total_current_assets_current_quarter_end,total_current_assets,total current assets,AST,"July 31, 2025",M_USD,16878.0,,,,,,,,,,,,,,,,,,,,,,,,,,,,,,,,,,,,,,,,,,
139,1,"Which quantity is given by the minimum of long term debt for SCI from December 31, 2024 to July 31, 2025","min(5093_long_term_debt_prior_fy_end, 5092_long_term_debt_current_quarter_end)","{""op"": ""min"", ""left"": {""leaf"": ""5093_long_term_debt_prior_fy_end"", ""depth"": 0}, ""right"": {""leaf"": ""5092_long_term_debt_current_quarter_end"", ""depth"": 0}, ""depth"": 1}","{""kind"": ""time_agg"", ""op"": ""min"", ""depth"": 0}",939.0,2,0,1,993149321,153444924,918663111,0.196,0,1,2,5093_long_term_debt_prior_fy_end,long_term_debt,long term debt,SCI,"December 31, 2024",M_USD,939.0,5092_long_term_debt_current_quarter_end,long_term_debt,long term debt,SCI,"July 31, 2025",M_USD,1076.0,,,,,,,,,,,,,,,,,,,,,,,,,,,,,,,,,,,,,,,,,,
140,2,"whats the value of the average prepaid expenses and other for CRX from September 30, 2025 to October 31, 2025","ratio(sum(5194_prepaid_expenses_and_other_current_quarter_end, 4599_prepaid_expenses_and_other_prior_fy_end), 2.0)","{""op"": ""ratio"", ""left"": {""op"": ""sum"", ""left"": {""leaf"": ""5194_prepaid_expenses_and_other_current_quarter_end"", ""depth"": 0}, ""right"": {""leaf"": ""4599_prepaid_expenses_and_other_prior_fy_end"", ""depth"": 0}, ""depth"": 1}, ""right"": {""literal"": 2.0, ""depth"": 0}, ""depth"": 2}","{""kind"": ""time_agg"", ""op"": ""avg"", ""depth"": 0}",956.0,1,0,2,552318615,95808260,918663111,0.379,0,1,2,5194_prepaid_expenses_and_other_current_quarter_end,prepaid_expenses_and_other,prepaid expenses and other,CRX,"October 31, 2025",M_USD,528.0,4599_prepaid_expenses_and_other_prior_fy_end,prepaid_expenses_and_other,prepaid expenses and other,CRX,"September 30, 2025",M_USD,1384.0,,,,,,,,,,,,,,,,,,,,,,,,,,,,,,,,,,,,,,,,,,
141,2,"you should give the average deferred revenue current for INF from December 31, 2024 to July 31, 2025.","ratio(sum(3869_deferred_revenue_current_prior_fy_end, 3868_deferred_revenue_current_current_quarter_end), 2.0)","{""op"": ""ratio"", ""left"": {""op"": ""sum"", ""left"": {""leaf"": ""3869_deferred_revenue_current_prior_fy_end"", ""depth"": 0}, ""right"": {""leaf"": ""3868_deferred_revenue_current_current_quarter_end"", ""depth"": 0}, ""depth"": 1}, ""right"": {""literal"": 2.0, ""depth"": 0}, ""depth"": 2}","{""kind"": ""time_agg"", ""op"": ""avg"", ""depth"": 0}",924.5,3,0,2,436700089,250964848,918663111,0.343,0,1,2,3869_deferred_revenue_current_prior_fy_end,deferred_revenue_current,deferred revenue current,INF,"December 31, 2024",M_USD,924.0,3868_deferred_revenue_current_current_quarter_end,deferred_revenue_current,deferred revenue current,INF,"July 31, 2025",M_USD,925.0,,,,,,,,,,,,,,,,,,,,,,,,,,,,,,,,,,,,,,,,,,
142,1,"compute the minimum of short term investments for VRX from December 31, 2024 to July 31, 2025.","min(3141_short_term_investments_prior_fy_end, 3140_short_term_investments_current_quarter_end)","{""op"": ""min"", ""left"": {""leaf"": ""3141_short_term_investments_prior_fy_end"", ""depth"": 0}, ""right"": {""leaf"": ""3140_short_term_investments_current_quarter_end"", ""depth"": 0}, ""depth"": 1}","{""kind"": ""time_agg"", ""op"": ""min"", ""depth"": 0}",3931.0,2,0,1,138543299,361979401,918663111,0.547,0,1,2,3141_short_term_investments_prior_fy_end,short_term_investments,short term investments,VRX,"December 31, 2024",M_USD,3931.0,3140_short_term_investments_current_quarter_end,short_term_investments,short term investments,VRX,"July 31, 2025",M_USD,4141.0,,,,,,,,,,,,,,,,,,,,,,,,,,,,,,,,,,,,,,,,,,
143,0,"Compute the stock based compensation for BNK in Nine Months Ended October 31, 2025",4758_stock_based_compensation_current_ytd,"{""leaf"": ""4758_stock_based_compensation_current_ytd"", ""depth"": 0}","{""kind"": ""leaf"", ""semantic_type_in"": [""amount""], ""depth"": 0}",208.0,3,0,0,94717138,304044910,918663111,0.502,0,1,1,4758_stock_based_compensation_current_ytd,stock_based_compensation,stock based compensation,BNK,"Nine Months Ended October 31, 2025",M_USD,208.0,,,,,,,,,,,,,,,,,,,,,,,,,,,,,,,,,,,,,,,,,,,,,,,,,
144,1,"What's the value of the maximum of total current assets for CLR from December 31, 2024 to October 31, 2025","max(155_total_current_assets_prior_fy_end, 154_total_current_assets_current_quarter_end)","{""op"": ""max"", ""left"": {""leaf"": ""155_total_current_assets_prior_fy_end"", ""depth"": 0}, ""right"": {""leaf"": ""154_total_current_assets_current_quarter_end"", ""depth"": 0}, ""depth"": 1}","{""kind"": ""time_agg"", ""op"": ""max"", ""depth"": 0}",5481.0,4,0,1,562812593,412860728,918663111,0.145,0,1,2,155_total_current_assets_prior_fy_end,total_current_assets,total current assets,CLR,"December 31, 2024",M_USD,5252.0,154_total_current_assets_current_quarter_end,total_current_assets,total current assets,CLR,"October 31, 2025",M_USD,5481.0,,,,,,,,,,,,,,,,,,,,,,,,,,,,,,,,,,,,,,,,,,
145,0,"May you calculate the accounts payable for SUP in December 31, 2024",857_accounts_payable_prior_fy_end,"{""leaf"": ""857_accounts_payable_prior_fy_end"", ""depth"": 0}","{""kind"": ""leaf"", ""semantic_type_in"": [""amount""], ""depth"": 0}",4511.0,2,0,0,256693801,66246276,918663111,0.212,0,1,1,857_accounts_payable_prior_fy_end,accounts_payable,accounts payable,SUP,"December 31, 2024",M_USD,4511.0,,,,,,,,,,,,,,,,,,,,,,,,,,,,,,,,,,,,,,,,,,,,,,,,,
146,1,"What is the maximum of total current liabilities for AST from December 31, 2024 to July 31, 2025 ?","max(4855_total_current_liabilities_prior_fy_end, 4854_total_current_liabilities_current_quarter_end)","{""op"": ""max"", ""left"": {""leaf"": ""4855_total_current_liabilities_prior_fy_end"", ""depth"": 0}, ""right"": {""leaf"": ""4854_total_current_liabilities_current_quarter_end"", ""depth"": 0}, ""depth"": 1}","{""kind"": ""time_agg"", ""op"": ""max"", ""depth"": 0}",5710.0,2,0,1,32926528,102878497,918663111,0.122,0,1,2,4855_total_current_liabilities_prior_fy_end,total_current_liabilities,total current liabilities,AST,"December 31, 2024",M_USD,5674.0,4854_total_current_liabilities_current_quarter_end,total_current_liabilities,total current liabilities,AST,"July 31, 2025",M_USD,5710.0,,,,,,,,,,,,,,,,,,,,,,,,,,,,,,,,,,,,,,,,,,
147,1,"Provide the minimum of total non current liabilities for SCI from December 31, 2024 to July 31, 2025.","min(5097_total_non_current_liabilities_prior_fy_end, 5096_total_non_current_liabilities_current_quarter_end)","{""op"": ""min"", ""left"": {""leaf"": ""5097_total_non_current_liabilities_prior_fy_end"", ""depth"": 0}, ""right"": {""leaf"": ""5096_total_non_current_liabilities_current_quarter_end"", ""depth"": 0}, ""depth"": 1}","{""kind"": ""time_agg"", ""op"": ""min"", ""depth"": 0}",1071.0,2,0,1,913063870,630659532,918663111,0.15,0,1,2,5097_total_non_current_liabilities_prior_fy_end,total_non_current_liabilities,total non current liabilities,SCI,"December 31, 2024",M_USD,1071.0,5096_total_non_current_liabilities_current_quarter_end,total_non_current_liabilities,total non current liabilities,SCI,"July 31, 2025",M_USD,1227.0,,,,,,,,,,,,,,,,,,,,,,,,,,,,,,,,,,,,,,,,,,
148,2,"State the average accounts payable for AVX from December 31, 2024 to October 31, 2025","ratio(sum(1297_accounts_payable_prior_fy_end, 1296_accounts_payable_current_quarter_end), 2.0)","{""op"": ""ratio"", ""left"": {""op"": ""sum"", ""left"": {""leaf"": ""1297_accounts_payable_prior_fy_end"", ""depth"": 0}, ""right"": {""leaf"": ""1296_accounts_payable_current_quarter_end"", ""depth"": 0}, ""depth"": 1}, ""right"": {""literal"": 2.0, ""depth"": 0}, ""depth"": 2}","{""kind"": ""time_agg"", ""op"": ""avg"", ""depth"": 0}",231.0,4,0,2,49343595,207856891,918663111,0.46,0,1,2,1297_accounts_payable_prior_fy_end,accounts_payable,accounts payable,AVX,"December 31, 2024",M_USD,233.0,1296_accounts_payable_current_quarter_end,accounts_payable,accounts payable,AVX,"October 31, 2025",M_USD,229.0,,,,,,,,,,,,,,,,,,,,,,,,,,,,,,,,,,,,,,,,,,
149,2,"compute the average depreciation and amortization for PLZ from Six Months Ended July 31, 2024 to Six Months Ended July 31, 2025 .","ratio(sum(2141_depreciation_and_amortization_prior_ytd, 2140_depreciation_and_amortization_current_ytd), 2.0)","{""op"": ""ratio"", ""left"": {""op"": ""sum"", ""left"": {""leaf"": ""2141_depreciation_and_amortization_prior_ytd"", ""depth"": 0}, ""right"": {""leaf"": ""2140_depreciation_and_amortization_current_ytd"", ""depth"": 0}, ""depth"": 1}, ""right"": {""literal"": 2.0, ""depth"": 0}, ""depth"": 2}","{""kind"": ""time_agg"", ""op"": ""avg"", ""depth"": 0}",5937.5,4,0,2,686965178,337648059,918663111,0.3,0,1,2,2141_depreciation_and_amortization_prior_ytd,depreciation_and_amortization,depreciation and amortization,PLZ,"Six Months Ended July 31, 2024",M_USD,6151.0,2140_depreciation_and_amortization_current_ytd,depreciation_and_amortization,depreciation and amortization,PLZ,"Six Months Ended July 31, 2025",M_USD,5724.0,,,,,,,,,,,,,,,,,,,,,,,,,,,,,,,,,,,,,,,,,,
150,1,"Calculate the minimum of cost of sales for QRK from Six Months Ended April 30, 2025 to Six Months Ended April 30, 2026.","min(3577_cost_of_sales_prior_year_ytd, 3576_cost_of_sales_current_ytd)","{""op"": ""min"", ""left"": {""leaf"": ""3577_cost_of_sales_prior_year_ytd"", ""depth"": 0}, ""right"": {""leaf"": ""3576_cost_of_sales_current_ytd"", ""depth"": 0}, ""depth"": 1}","{""kind"": ""time_agg"", ""op"": ""min"", ""depth"": 0}",50632.0,4,0,1,960889206,59013706,918663111,0.465,0,1,2,3577_cost_of_sales_prior_year_ytd,cost_of_sales,cost of sales,QRK,"Six Months Ended April 30, 2025",M_USD,56700.0,3576_cost_of_sales_current_ytd,cost_of_sales,cost of sales,QRK,"Six Months Ended April 30, 2026",M_USD,50632.0,,,,,,,,,,,,,,,,,,,,,,,,,,,,,,,,,,,,,,,,,,
151,2,"Calculate the average Passenger revenue for CRZ from Nine Months Ended October 31, 2024 to Nine Months Ended October 31, 2025 .","ratio(sum(5008_passenger_revenue_prior_year_ytd, 5006_passenger_revenue_current_ytd), 2.0)","{""op"": ""ratio"", ""left"": {""op"": ""sum"", ""left"": {""leaf"": ""5008_passenger_revenue_prior_year_ytd"", ""depth"": 0}, ""right"": {""leaf"": ""5006_passenger_revenue_current_ytd"", ""depth"": 0}, ""depth"": 1}, ""right"": {""literal"": 2.0, ""depth"": 0}, ""depth"": 2}","{""kind"": ""time_agg"", ""op"": ""avg"", ""depth"": 0}",19491.0,1,0,2,305600735,443961634,918663111,0.138,0,1,2,5008_passenger_revenue_prior_year_ytd,passenger_revenue,Passenger revenue,CRZ,"Nine Months Ended October 31, 2024",M_USD,19689.0,5006_passenger_revenue_current_ytd,passenger_revenue,Passenger revenue,CRZ,"Nine Months Ended October 31, 2025",M_USD,19293.0,,,,,,,,,,,,,,,,,,,,,,,,,,,,,,,,,,,,,,,,,,
152,2,"You should give the maximum of other non current assets for SUP from December 31, 2024 to July 31, 2025 .","max(max(850_other_non_current_assets_current_quarter_end, 851_other_non_current_assets_prior_fy_end), 2692_other_non_current_assets_current_quarter_end)","{""op"": ""max"", ""left"": {""op"": ""max"", ""left"": {""leaf"": ""850_other_non_current_assets_current_quarter_end"", ""depth"": 0}, ""right"": {""leaf"": ""851_other_non_current_assets_prior_fy_end"", ""depth"": 0}, ""depth"": 1}, ""right"": {""leaf"": ""2692_other_non_current_assets_current_quarter_end"", ""depth"": 0}, ""depth"": 2}","{""kind"": ""time_agg"", ""op"": ""max"", ""depth"": 0}",1803.0,3,0,2,40940541,88114784,918663111,0.472,0,1,3,850_other_non_current_assets_current_quarter_end,other_non_current_assets,other non current assets,SUP,"April 30, 2025",M_USD,623.0,851_other_non_current_assets_prior_fy_end,other_non_current_assets,other non current assets,SUP,"December 31, 2024",M_USD,565.0,2692_other_non_current_assets_current_quarter_end,other_non_current_assets,other non current assets,SUP,"July 31, 2025",M_USD,1803.0,,,,,,,,,,,,,,,,,,,,,,,,,,,,,,,,,,,
153,1,"which quantity is given by the maximum of current portion of long term debt for QRK from September 30, 2025 to April 30, 2026 ?","max(3648_current_portion_of_long_term_debt_current_quarter_end, 3649_current_portion_of_long_term_debt_prior_fy_end)","{""op"": ""max"", ""left"": {""leaf"": ""3648_current_portion_of_long_term_debt_current_quarter_end"", ""depth"": 0}, ""right"": {""leaf"": ""3649_current_portion_of_long_term_debt_prior_fy_end"", ""depth"": 0}, ""depth"": 1}","{""kind"": ""time_agg"", ""op"": ""max"", ""depth"": 0}",4313.0,3,0,1,252851950,332017953,918663111,0.322,0,1,2,3648_current_portion_of_long_term_debt_current_quarter_end,current_portion_of_long_term_debt,current portion of long term debt,QRK,"April 30, 2026",M_USD,4077.0,3649_current_portion_of_long_term_debt_prior_fy_end,current_portion_of_long_term_debt,current portion of long term debt,QRK,"September 30, 2025",M_USD,4313.0,,,,,,,,,,,,,,,,,,,,,,,,,,,,,,,,,,,,,,,,,,
154,1,"State the minimum of other non current assets for PLZ from December 31, 2024 to July 31, 2025 .","min(2109_other_non_current_assets_prior_fy_end, 2108_other_non_current_assets_current_quarter_end)","{""op"": ""min"", ""left"": {""leaf"": ""2109_other_non_current_assets_prior_fy_end"", ""depth"": 0}, ""right"": {""leaf"": ""2108_other_non_current_assets_current_quarter_end"", ""depth"": 0}, ""depth"": 1}","{""kind"": ""time_agg"", ""op"": ""min"", ""depth"": 0}",3807.0,3,0,1,870022699,883230770,918663111,0.337,0,1,2,2109_other_non_current_assets_prior_fy_end,other_non_current_assets,other non current assets,PLZ,"December 31, 2024",M_USD,3807.0,2108_other_non_current_assets_current_quarter_end,other_non_current_assets,other non current assets,PLZ,"July 31, 2025",M_USD,3910.0,,,,,,,,,,,,,,,,,,,,,,,,,,,,,,,,,,,,,,,,,,
155,1,"May you calculate the maximum of operating income for VRX from Three Months Ended July 31, 2024 to Three Months Ended July 31, 2025","max(3115_operating_income_prior_year_quarter, 3114_operating_income_current_quarter)","{""op"": ""max"", ""left"": {""leaf"": ""3115_operating_income_prior_year_quarter"", ""depth"": 0}, ""right"": {""leaf"": ""3114_operating_income_current_quarter"", ""depth"": 0}, ""depth"": 1}","{""kind"": ""time_agg"", ""op"": ""max"", ""depth"": 0}",1878.0,4,0,1,702550068,853036546,918663111,0.481,0,1,2,3115_operating_income_prior_year_quarter,operating_income,operating income,VRX,"Three Months Ended July 31, 2024",M_USD,1690.0,3114_operating_income_current_quarter,operating_income,operating income,VRX,"Three Months Ended July 31, 2025",M_USD,1878.0,,,,,,,,,,,,,,,,,,,,,,,,,,,,,,,,,,,,,,,,,,
156,1,"Which value corresponds to the minimum of short term investments for PLX from September 30, 2025 to July 31, 2026?","min(4392_short_term_investments_current_quarter_end, 4393_short_term_investments_prior_fy_end)","{""op"": ""min"", ""left"": {""leaf"": ""4392_short_term_investments_current_quarter_end"", ""depth"": 0}, ""right"": {""leaf"": ""4393_short_term_investments_prior_fy_end"", ""depth"": 0}, ""depth"": 1}","{""kind"": ""time_agg"", ""op"": ""min"", ""depth"": 0}",855.0,3,0,1,329129614,261963506,918663111,0.42,0,1,2,4392_short_term_investments_current_quarter_end,short_term_investments,short term investments,PLX,"July 31, 2026",M_USD,1004.0,4393_short_term_investments_prior_fy_end,short_term_investments,short term investments,PLX,"September 30, 2025",M_USD,855.0,,,,,,,,,,,,,,,,,,,,,,,,,,,,,,,,,,,,,,,,,,
157,1,"give the minimum of accounts receivable net for FIN from December 31, 2024 to April 30, 2025","min(4278_accounts_receivable_net_current_quarter_end, 4279_accounts_receivable_net_prior_fy_end)","{""op"": ""min"", ""left"": {""leaf"": ""4278_accounts_receivable_net_current_quarter_end"", ""depth"": 0}, ""right"": {""leaf"": ""4279_accounts_receivable_net_prior_fy_end"", ""depth"": 0}, ""depth"": 1}","{""kind"": ""time_agg"", ""op"": ""min"", ""depth"": 0}",1498.0,1,0,1,846442180,22332415,918663111,0.142,0,1,2,4278_accounts_receivable_net_current_quarter_end,accounts_receivable_net,accounts receivable net,FIN,"April 30, 2025",M_USD,1681.0,4279_accounts_receivable_net_prior_fy_end,accounts_receivable_net,accounts receivable net,FIN,"December 31, 2024",M_USD,1498.0,,,,,,,,,,,,,,,,,,,,,,,,,,,,,,,,,,,,,,,,,,
158,1,"What does the following give: minimum of current portion of long term debt for MDI from December 31, 2024 to October 31, 2025","min(5657_current_portion_of_long_term_debt_prior_fy_end, 5656_current_portion_of_long_term_debt_current_quarter_end)","{""op"": ""min"", ""left"": {""leaf"": ""5657_current_portion_of_long_term_debt_prior_fy_end"", ""depth"": 0}, ""right"": {""leaf"": ""5656_current_portion_of_long_term_debt_current_quarter_end"", ""depth"": 0}, ""depth"": 1}","{""kind"": ""time_agg"", ""op"": ""min"", ""depth"": 0}",713.0,3,0,1,133852544,985032698,918663111,0.583,0,1,2,5657_current_portion_of_long_term_debt_prior_fy_end,current_portion_of_long_term_debt,current portion of long term debt,MDI,"December 31, 2024",M_USD,725.0,5656_current_portion_of_long_term_debt_current_quarter_end,current_portion_of_long_term_debt,current portion of long term debt,MDI,"October 31, 2025",M_USD,713.0,,,,,,,,,,,,,,,,,,,,,,,,,,,,,,,,,,,,,,,,,,
159,1,"what's the value of the maximum of deferred revenue current for CLD from December 31, 2024 to April 30, 2025?","max(3396_deferred_revenue_current_current_quarter_end, 3749_deferred_revenue_current_prior_fy_end)","{""op"": ""max"", ""left"": {""leaf"": ""3396_deferred_revenue_current_current_quarter_end"", ""depth"": 0}, ""right"": {""leaf"": ""3749_deferred_revenue_current_prior_fy_end"", ""depth"": 0}, ""depth"": 1}","{""kind"": ""time_agg"", ""op"": ""max"", ""depth"": 0}",324.0,1,0,1,461296,913503432,918663111,0.406,0,1,2,3396_deferred_revenue_current_current_quarter_end,deferred_revenue_current,deferred revenue current,CLD,"April 30, 2025",M_USD,324.0,3749_deferred_revenue_current_prior_fy_end,deferred_revenue_current,deferred revenue current,CLD,"December 31, 2024",M_USD,171.0,,,,,,,,,,,,,,,,,,,,,,,,,,,,,,,,,,,,,,,,,,
160,1,"What would be the minimum of total assets for FAB from December 31, 2024 to July 31, 2025 ?","min(3993_total_assets_prior_fy_end, 3992_total_assets_current_quarter_end)","{""op"": ""min"", ""left"": {""leaf"": ""3993_total_assets_prior_fy_end"", ""depth"": 0}, ""right"": {""leaf"": ""3992_total_assets_current_quarter_end"", ""depth"": 0}, ""depth"": 1}","{""kind"": ""time_agg"", ""op"": ""min"", ""depth"": 0}",33631.0,3,0,1,925005348,539825435,918663111,0.535,0,1,2,3993_total_assets_prior_fy_end,total_assets,total assets,FAB,"December 31, 2024",M_USD,34140.0,3992_total_assets_current_quarter_end,total_assets,total assets,FAB,"July 31, 2025",M_USD,33631.0,,,,,,,,,,,,,,,,,,,,,,,,,,,,,,,,,,,,,,,,,,
161,0,"Provide the capital expenditures for FAB in Six Months Ended July 31, 2024.",4019_capital_expenditures_prior_ytd,"{""leaf"": ""4019_capital_expenditures_prior_ytd"", ""depth"": 0}","{""kind"": ""leaf"", ""semantic_type_in"": [""amount""], ""depth"": 0}",-3189.0,1,0,0,20039623,30191308,918663111,0.205,0,1,1,4019_capital_expenditures_prior_ytd,capital_expenditures,capital expenditures,FAB,"Six Months Ended July 31, 2024",M_USD,-3189.0,,,,,,,,,,,,,,,,,,,,,,,,,,,,,,,,,,,,,,,,,,,,,,,,,
162,1,"Whats the value of the maximum of Cargo and other for CRZ from Three Months Ended October 31, 2024 to Three Months Ended October 31, 2025 ?","max(5005_cargo_and_other_prior_year_quarter, 5003_cargo_and_other_current_quarter)","{""op"": ""max"", ""left"": {""leaf"": ""5005_cargo_and_other_prior_year_quarter"", ""depth"": 0}, ""right"": {""leaf"": ""5003_cargo_and_other_current_quarter"", ""depth"": 0}, ""depth"": 1}","{""kind"": ""time_agg"", ""op"": ""max"", ""depth"": 0}",2174.0,2,0,1,649123922,196380042,918663111,0.281,0,1,2,5005_cargo_and_other_prior_year_quarter,cargo_and_other,Cargo and other,CRZ,"Three Months Ended October 31, 2024",M_USD,2174.0,5003_cargo_and_other_current_quarter,cargo_and_other,Cargo and other,CRZ,"Three Months Ended October 31, 2025",M_USD,2130.0,,,,,,,,,,,,,,,,,,,,,,,,,,,,,,,,,,,,,,,,,,
163,1,"Which value corresponds to the maximum of inventories for MTX from December 31, 2024 to October 31, 2025?","max(5521_inventories_prior_fy_end, 5520_inventories_current_quarter_end)","{""op"": ""max"", ""left"": {""leaf"": ""5521_inventories_prior_fy_end"", ""depth"": 0}, ""right"": {""leaf"": ""5520_inventories_current_quarter_end"", ""depth"": 0}, ""depth"": 1}","{""kind"": ""time_agg"", ""op"": ""max"", ""depth"": 0}",4021.0,2,0,1,511660682,371127966,918663111,0.278,0,1,2,5521_inventories_prior_fy_end,inventories,inventories,MTX,"December 31, 2024",M_USD,3467.0,5520_inventories_current_quarter_end,inventories,inventories,MTX,"October 31, 2025",M_USD,4021.0,,,,,,,,,,,,,,,,,,,,,,,,,,,,,,,,,,,,,,,,,,
164,1,"state the maximum of total non current assets for VRX from December 31, 2024 to July 31, 2025.","max(3159_total_non_current_assets_prior_fy_end, 3158_total_non_current_assets_current_quarter_end)","{""op"": ""max"", ""left"": {""leaf"": ""3159_total_non_current_assets_prior_fy_end"", ""depth"": 0}, ""right"": {""leaf"": ""3158_total_non_current_assets_current_quarter_end"", ""depth"": 0}, ""depth"": 1}","{""kind"": ""time_agg"", ""op"": ""max"", ""depth"": 0}",12950.0,2,0,1,270804378,179328912,918663111,0.585,0,1,2,3159_total_non_current_assets_prior_fy_end,total_non_current_assets,total non current assets,VRX,"December 31, 2024",M_USD,12292.0,3158_total_non_current_assets_current_quarter_end,total_non_current_assets,total non current assets,VRX,"July 31, 2025",M_USD,12950.0,,,,,,,,,,,,,,,,,,,,,,,,,,,,,,,,,,,,,,,,,,
165,2,"Could you give the average cash and cash equivalents for TPH from December 31, 2024 to October 31, 2025?","ratio(sum(2787_cash_and_cash_equivalents_prior_fy_end, 2786_cash_and_cash_equivalents_current_quarter_end), 2.0)","{""op"": ""ratio"", ""left"": {""op"": ""sum"", ""left"": {""leaf"": ""2787_cash_and_cash_equivalents_prior_fy_end"", ""depth"": 0}, ""right"": {""leaf"": ""2786_cash_and_cash_equivalents_current_quarter_end"", ""depth"": 0}, ""depth"": 1}, ""right"": {""literal"": 2.0, ""depth"": 0}, ""depth"": 2}","{""kind"": ""time_agg"", ""op"": ""avg"", ""depth"": 0}",2743.0,1,0,2,203050953,39317607,918663111,0.165,0,1,2,2787_cash_and_cash_equivalents_prior_fy_end,cash_and_cash_equivalents,cash and cash equivalents,TPH,"December 31, 2024",M_USD,2718.0,2786_cash_and_cash_equivalents_current_quarter_end,cash_and_cash_equivalents,cash and cash equivalents,TPH,"October 31, 2025",M_USD,2768.0,,,,,,,,,,,,,,,,,,,,,,,,,,,,,,,,,,,,,,,,,,
166,2,"You should calculate the average deferred revenue current for FIN from December 31, 2024 to April 30, 2025","ratio(sum(4300_deferred_revenue_current_current_quarter_end, 4301_deferred_revenue_current_prior_fy_end), 2.0)","{""op"": ""ratio"", ""left"": {""op"": ""sum"", ""left"": {""leaf"": ""4300_deferred_revenue_current_current_quarter_end"", ""depth"": 0}, ""right"": {""leaf"": ""4301_deferred_revenue_current_prior_fy_end"", ""depth"": 0}, ""depth"": 1}, ""right"": {""literal"": 2.0, ""depth"": 0}, ""depth"": 2}","{""kind"": ""time_agg"", ""op"": ""avg"", ""depth"": 0}",414.0,3,0,2,408414456,643392970,918663111,0.235,0,1,2,4300_deferred_revenue_current_current_quarter_end,deferred_revenue_current,deferred revenue current,FIN,"April 30, 2025",M_USD,438.0,4301_deferred_revenue_current_prior_fy_end,deferred_revenue_current,deferred revenue current,FIN,"December 31, 2024",M_USD,390.0,,,,,,,,,,,,,,,,,,,,,,,,,,,,,,,,,,,,,,,,,,
167,0,"Calculate the capital expenditures for BRX in Six Months Ended July 31, 2024",433_capital_expenditures_prior_ytd,"{""leaf"": ""433_capital_expenditures_prior_ytd"", ""depth"": 0}","{""kind"": ""leaf"", ""semantic_type_in"": [""amount""], ""depth"": 0}",-13311.0,2,0,0,846547990,341398519,918663111,0.104,0,1,1,433_capital_expenditures_prior_ytd,capital_expenditures,capital expenditures,BRX,"Six Months Ended July 31, 2024",M_USD,-13311.0,,,,,,,,,,,,,,,,,,,,,,,,,,,,,,,,,,,,,,,,,,,,,,,,,
168,1,"which result follows from the maximum of accounts receivable net for PLX from September 30, 2025 to July 31, 2026","max(4394_accounts_receivable_net_current_quarter_end, 4395_accounts_receivable_net_prior_fy_end)","{""op"": ""max"", ""left"": {""leaf"": ""4394_accounts_receivable_net_current_quarter_end"", ""depth"": 0}, ""right"": {""leaf"": ""4395_accounts_receivable_net_prior_fy_end"", ""depth"": 0}, ""depth"": 1}","{""kind"": ""time_agg"", ""op"": ""max"", ""depth"": 0}",2466.0,3,0,1,30825645,883465673,918663111,0.165,0,1,2,4394_accounts_receivable_net_current_quarter_end,accounts_receivable_net,accounts receivable net,PLX,"July 31, 2026",M_USD,2466.0,4395_accounts_receivable_net_prior_fy_end,accounts_receivable_net,accounts receivable net,PLX,"September 30, 2025",M_USD,2101.0,,,,,,,,,,,,,,,,,,,,,,,,,,,,,,,,,,,,,,,,,,
169,1,"Whats the value of the minimum of prepaid expenses and other for DTA from December 31, 2024 to April 30, 2025 ?","min(4502_prepaid_expenses_and_other_current_quarter_end, 4503_prepaid_expenses_and_other_prior_fy_end)","{""op"": ""min"", ""left"": {""leaf"": ""4502_prepaid_expenses_and_other_current_quarter_end"", ""depth"": 0}, ""right"": {""leaf"": ""4503_prepaid_expenses_and_other_prior_fy_end"", ""depth"": 0}, ""depth"": 1}","{""kind"": ""time_agg"", ""op"": ""min"", ""depth"": 0}",415.0,2,0,1,327280898,708292627,918663111,0.474,0,1,2,4502_prepaid_expenses_and_other_current_quarter_end,prepaid_expenses_and_other,prepaid expenses and other,DTA,"April 30, 2025",M_USD,415.0,4503_prepaid_expenses_and_other_prior_fy_end,prepaid_expenses_and_other,prepaid expenses and other,DTA,"December 31, 2024",M_USD,421.0,,,,,,,,,,,,,,,,,,,,,,,,,,,,,,,,,,,,,,,,,,
170,2,"What do we obtain as the maximum of total assets for HLT from December 31, 2024 to October 31, 2025","max(max(2441_total_assets_prior_fy_end, 3288_total_assets_current_quarter_end), 518_total_assets_current_quarter_end)","{""op"": ""max"", ""left"": {""op"": ""max"", ""left"": {""leaf"": ""2441_total_assets_prior_fy_end"", ""depth"": 0}, ""right"": {""leaf"": ""3288_total_assets_current_quarter_end"", ""depth"": 0}, ""depth"": 1}, ""right"": {""leaf"": ""518_total_assets_current_quarter_end"", ""depth"": 0}, ""depth"": 2}","{""kind"": ""time_agg"", ""op"": ""max"", ""depth"": 0}",17187.0,2,0,2,326699058,211717974,918663111,0.41,0,1,3,2441_total_assets_prior_fy_end,total_assets,total assets,HLT,"December 31, 2024",M_USD,8713.0,3288_total_assets_current_quarter_end,total_assets,total assets,HLT,"July 31, 2025",M_USD,17187.0,518_total_assets_current_quarter_end,total_assets,total assets,HLT,"October 31, 2025",M_USD,14928.0,,,,,,,,,,,,,,,,,,,,,,,,,,,,,,,,,,,
171,1,"what's the value of the minimum of total current assets for CLR from December 31, 2024 to October 31, 2025","min(155_total_current_assets_prior_fy_end, 154_total_current_assets_current_quarter_end)","{""op"": ""min"", ""left"": {""leaf"": ""155_total_current_assets_prior_fy_end"", ""depth"": 0}, ""right"": {""leaf"": ""154_total_current_assets_current_quarter_end"", ""depth"": 0}, ""depth"": 1}","{""kind"": ""time_agg"", ""op"": ""min"", ""depth"": 0}",5252.0,1,0,1,356646181,624082889,918663111,0.384,0,1,2,155_total_current_assets_prior_fy_end,total_current_assets,total current assets,CLR,"December 31, 2024",M_USD,5252.0,154_total_current_assets_current_quarter_end,total_current_assets,total current assets,CLR,"October 31, 2025",M_USD,5481.0,,,,,,,,,,,,,,,,,,,,,,,,,,,,,,,,,,,,,,,,,,
172,1,"which quantity is given by the maximum of prepaid expenses and other for STR from December 31, 2024 to July 31, 2025","max(3499_prepaid_expenses_and_other_prior_fy_end, 3498_prepaid_expenses_and_other_current_quarter_end)","{""op"": ""max"", ""left"": {""leaf"": ""3499_prepaid_expenses_and_other_prior_fy_end"", ""depth"": 0}, ""right"": {""leaf"": ""3498_prepaid_expenses_and_other_current_quarter_end"", ""depth"": 0}, ""depth"": 1}","{""kind"": ""time_agg"", ""op"": ""max"", ""depth"": 0}",669.0,3,0,1,590499360,775451931,918663111,0.107,0,1,2,3499_prepaid_expenses_and_other_prior_fy_end,prepaid_expenses_and_other,prepaid expenses and other,STR,"December 31, 2024",M_USD,669.0,3498_prepaid_expenses_and_other_current_quarter_end,prepaid_expenses_and_other,prepaid expenses and other,STR,"July 31, 2025",M_USD,654.0,,,,,,,,,,,,,,,,,,,,,,,,,,,,,,,,,,,,,,,,,,
173,1,"What is the value of the minimum of other non current assets for BNK from December 31, 2024 to October 31, 2025?","min(4725_other_non_current_assets_prior_fy_end, 4724_other_non_current_assets_current_quarter_end)","{""op"": ""min"", ""left"": {""leaf"": ""4725_other_non_current_assets_prior_fy_end"", ""depth"": 0}, ""right"": {""leaf"": ""4724_other_non_current_assets_current_quarter_end"", ""depth"": 0}, ""depth"": 1}","{""kind"": ""time_agg"", ""op"": ""min"", ""depth"": 0}",685.0,2,0,1,964098073,275331429,918663111,0.162,0,1,2,4725_other_non_current_assets_prior_fy_end,other_non_current_assets,other non current assets,BNK,"December 31, 2024",M_USD,685.0,4724_other_non_current_assets_current_quarter_end,other_non_current_assets,other non current assets,BNK,"October 31, 2025",M_USD,803.0,,,,,,,,,,,,,,,,,,,,,,,,,,,,,,,,,,,,,,,,,,
174,2,"Could you give the average stock based compensation for STR from Six Months Ended July 31, 2024 to Six Months Ended July 31, 2025","ratio(sum(3543_stock_based_compensation_prior_ytd, 3542_stock_based_compensation_current_ytd), 2.0)","{""op"": ""ratio"", ""left"": {""op"": ""sum"", ""left"": {""leaf"": ""3543_stock_based_compensation_prior_ytd"", ""depth"": 0}, ""right"": {""leaf"": ""3542_stock_based_compensation_current_ytd"", ""depth"": 0}, ""depth"": 1}, ""right"": {""literal"": 2.0, ""depth"": 0}, ""depth"": 2}","{""kind"": ""time_agg"", ""op"": ""avg"", ""depth"": 0}",295.0,2,0,2,752649092,396446857,918663111,0.503,0,1,2,3543_stock_based_compensation_prior_ytd,stock_based_compensation,stock based compensation,STR,"Six Months Ended July 31, 2024",M_USD,281.0,3542_stock_based_compensation_current_ytd,stock_based_compensation,stock based compensation,STR,"Six Months Ended July 31, 2025",M_USD,309.0,,,,,,,,,,,,,,,,,,,,,,,,,,,,,,,,,,,,,,,,,,
175,2,"which value corresponds to the average accounts receivable net for MTX from December 31, 2024 to October 31, 2025","ratio(sum(5519_accounts_receivable_net_prior_fy_end, 5518_accounts_receivable_net_current_quarter_end), 2.0)","{""op"": ""ratio"", ""left"": {""op"": ""sum"", ""left"": {""leaf"": ""5519_accounts_receivable_net_prior_fy_end"", ""depth"": 0}, ""right"": {""leaf"": ""5518_accounts_receivable_net_current_quarter_end"", ""depth"": 0}, ""depth"": 1}, ""right"": {""literal"": 2.0, ""depth"": 0}, ""depth"": 2}","{""kind"": ""time_agg"", ""op"": ""avg"", ""depth"": 0}",3819.5,3,0,2,980357088,397067035,918663111,0.436,0,1,2,5519_accounts_receivable_net_prior_fy_end,accounts_receivable_net,accounts receivable net,MTX,"December 31, 2024",M_USD,3537.0,5518_accounts_receivable_net_current_quarter_end,accounts_receivable_net,accounts receivable net,MTX,"October 31, 2025",M_USD,4102.0,,,,,,,,,,,,,,,,,,,,,,,,,,,,,,,,,,,,,,,,,,
176,1,"give the maximum of total costs and expenses for MED from Six Months Ended July 31, 2024 to Six Months Ended July 31, 2025","max(1697_total_costs_and_expenses_prior_year_ytd, 1696_total_costs_and_expenses_current_ytd)","{""op"": ""max"", ""left"": {""leaf"": ""1697_total_costs_and_expenses_prior_year_ytd"", ""depth"": 0}, ""right"": {""leaf"": ""1696_total_costs_and_expenses_current_ytd"", ""depth"": 0}, ""depth"": 1}","{""kind"": ""time_agg"", ""op"": ""max"", ""depth"": 0}",20030.0,2,0,1,442205634,803046293,918663111,0.431,0,1,2,1697_total_costs_and_expenses_prior_year_ytd,total_costs_and_expenses,total costs and expenses,MED,"Six Months Ended July 31, 2024",M_USD,18672.0,1696_total_costs_and_expenses_current_ytd,total_costs_and_expenses,total costs and expenses,MED,"Six Months Ended July 31, 2025",M_USD,20030.0,,,,,,,,,,,,,,,,,,,,,,,,,,,,,,,,,,,,,,,,,,
177,1,"whats the value of the minimum of long term marketable securities for CRZ from December 31, 2024 to October 31, 2025 ?","min(4951_long_term_marketable_securities_prior_fy_end, 4950_long_term_marketable_securities_current_quarter_end)","{""op"": ""min"", ""left"": {""leaf"": ""4951_long_term_marketable_securities_prior_fy_end"", ""depth"": 0}, ""right"": {""leaf"": ""4950_long_term_marketable_securities_current_quarter_end"", ""depth"": 0}, ""depth"": 1}","{""kind"": ""time_agg"", ""op"": ""min"", ""depth"": 0}",1365.0,4,0,1,397243457,559852517,918663111,0.452,0,1,2,4951_long_term_marketable_securities_prior_fy_end,long_term_marketable_securities,long term marketable securities,CRZ,"December 31, 2024",M_USD,1365.0,4950_long_term_marketable_securities_current_quarter_end,long_term_marketable_securities,long term marketable securities,CRZ,"October 31, 2025",M_USD,1424.0,,,,,,,,,,,,,,,,,,,,,,,,,,,,,,,,,,,,,,,,,,
178,1,"Could you give the maximum of total assets for STR from December 31, 2024 to July 31, 2025?","max(3513_total_assets_prior_fy_end, 3512_total_assets_current_quarter_end)","{""op"": ""max"", ""left"": {""leaf"": ""3513_total_assets_prior_fy_end"", ""depth"": 0}, ""right"": {""leaf"": ""3512_total_assets_current_quarter_end"", ""depth"": 0}, ""depth"": 1}","{""kind"": ""time_agg"", ""op"": ""max"", ""depth"": 0}",12379.0,4,0,1,737584573,856616628,918663111,0.511,0,1,2,3513_total_assets_prior_fy_end,total_assets,total assets,STR,"December 31, 2024",M_USD,12379.0,3512_total_assets_current_quarter_end,total_assets,total assets,STR,"July 31, 2025",M_USD,12094.0,,,,,,,,,,,,,,,,,,,,,,,,,,,,,,,,,,,,,,,,,,
179,2,"provide the average cash and cash equivalents for SCI from December 31, 2024 to July 31, 2025.","ratio(sum(5059_cash_and_cash_equivalents_prior_fy_end, 5058_cash_and_cash_equivalents_current_quarter_end), 2.0)","{""op"": ""ratio"", ""left"": {""op"": ""sum"", ""left"": {""leaf"": ""5059_cash_and_cash_equivalents_prior_fy_end"", ""depth"": 0}, ""right"": {""leaf"": ""5058_cash_and_cash_equivalents_current_quarter_end"", ""depth"": 0}, ""depth"": 1}, ""right"": {""literal"": 2.0, ""depth"": 0}, ""depth"": 2}","{""kind"": ""time_agg"", ""op"": ""avg"", ""depth"": 0}",704.0,1,0,2,617646898,386631522,918663111,0.31,0,1,2,5059_cash_and_cash_equivalents_prior_fy_end,cash_and_cash_equivalents,cash and cash equivalents,SCI,"December 31, 2024",M_USD,656.0,5058_cash_and_cash_equivalents_current_quarter_end,cash_and_cash_equivalents,cash and cash equivalents,SCI,"July 31, 2025",M_USD,752.0,,,,,,,,,,,,,,,,,,,,,,,,,,,,,,,,,,,,,,,,,,
180,2,"what do we obtain as the average provision for income taxes for HLT from Nine Months Ended October 31, 2024 to Nine Months Ended October 31, 2025 ?","ratio(sum(483_provision_for_income_taxes_prior_year_ytd, 482_provision_for_income_taxes_current_ytd), 2.0)","{""op"": ""ratio"", ""left"": {""op"": ""sum"", ""left"": {""leaf"": ""483_provision_for_income_taxes_prior_year_ytd"", ""depth"": 0}, ""right"": {""leaf"": ""482_provision_for_income_taxes_current_ytd"", ""depth"": 0}, ""depth"": 1}, ""right"": {""literal"": 2.0, ""depth"": 0}, ""depth"": 2}","{""kind"": ""time_agg"", ""op"": ""avg"", ""depth"": 0}",2286.0,4,0,2,567354663,777118591,918663111,0.583,0,1,2,483_provision_for_income_taxes_prior_year_ytd,provision_for_income_taxes,provision for income taxes,HLT,"Nine Months Ended October 31, 2024",M_USD,2133.0,482_provision_for_income_taxes_current_ytd,provision_for_income_taxes,provision for income taxes,HLT,"Nine Months Ended October 31, 2025",M_USD,2439.0,,,,,,,,,,,,,,,,,,,,,,,,,,,,,,,,,,,,,,,,,,
181,1,"which quantity is given by the maximum of total assets for SCI from December 31, 2024 to July 31, 2025","max(5081_total_assets_prior_fy_end, 5080_total_assets_current_quarter_end)","{""op"": ""max"", ""left"": {""leaf"": ""5081_total_assets_prior_fy_end"", ""depth"": 0}, ""right"": {""leaf"": ""5080_total_assets_current_quarter_end"", ""depth"": 0}, ""depth"": 1}","{""kind"": ""time_agg"", ""op"": ""max"", ""depth"": 0}",5158.0,4,0,1,41020064,583235394,918663111,0.403,0,1,2,5081_total_assets_prior_fy_end,total_assets,total assets,SCI,"December 31, 2024",M_USD,4500.0,5080_total_assets_current_quarter_end,total_assets,total assets,SCI,"July 31, 2025",M_USD,5158.0,,,,,,,,,,,,,,,,,,,,,,,,,,,,,,,,,,,,,,,,,,
182,1,"Calculate the maximum of operating income for PRD from Three Months Ended October 31, 2024 to Three Months Ended October 31, 2025 .","max(1827_operating_income_prior_year_quarter, 1826_operating_income_current_quarter)","{""op"": ""max"", ""left"": {""leaf"": ""1827_operating_income_prior_year_quarter"", ""depth"": 0}, ""right"": {""leaf"": ""1826_operating_income_current_quarter"", ""depth"": 0}, ""depth"": 1}","{""kind"": ""time_agg"", ""op"": ""max"", ""depth"": 0}",4091.0,2,0,1,386383196,614348049,918663111,0.128,0,1,2,1827_operating_income_prior_year_quarter,operating_income,operating income,PRD,"Three Months Ended October 31, 2024",M_USD,3610.0,1826_operating_income_current_quarter,operating_income,operating income,PRD,"Three Months Ended October 31, 2025",M_USD,4091.0,,,,,,,,,,,,,,,,,,,,,,,,,,,,,,,,,,,,,,,,,,
183,1,"State the minimum of total current liabilities for TPH from December 31, 2024 to October 31, 2025.","min(2819_total_current_liabilities_prior_fy_end, 2818_total_current_liabilities_current_quarter_end)","{""op"": ""min"", ""left"": {""leaf"": ""2819_total_current_liabilities_prior_fy_end"", ""depth"": 0}, ""right"": {""leaf"": ""2818_total_current_liabilities_current_quarter_end"", ""depth"": 0}, ""depth"": 1}","{""kind"": ""time_agg"", ""op"": ""min"", ""depth"": 0}",5848.0,2,0,1,771966538,17229618,918663111,0.525,0,1,2,2819_total_current_liabilities_prior_fy_end,total_current_liabilities,total current liabilities,TPH,"December 31, 2024",M_USD,5848.0,2818_total_current_liabilities_current_quarter_end,total_current_liabilities,total current liabilities,TPH,"October 31, 2025",M_USD,5955.0,,,,,,,,,,,,,,,,,,,,,,,,,,,,,,,,,,,,,,,,,,
184,1,"what is the value of the minimum of total assets for CIV from December 31, 2024 to October 31, 2025 ?","min(3049_total_assets_prior_fy_end, 3048_total_assets_current_quarter_end)","{""op"": ""min"", ""left"": {""leaf"": ""3049_total_assets_prior_fy_end"", ""depth"": 0}, ""right"": {""leaf"": ""3048_total_assets_current_quarter_end"", ""depth"": 0}, ""depth"": 1}","{""kind"": ""time_agg"", ""op"": ""min"", ""depth"": 0}",2446.0,1,0,1,762861308,843544961,918663111,0.551,0,1,2,3049_total_assets_prior_fy_end,total_assets,total assets,CIV,"December 31, 2024",M_USD,2446.0,3048_total_assets_current_quarter_end,total_assets,total assets,CIV,"October 31, 2025",M_USD,2617.0,,,,,,,,,,,,,,,,,,,,,,,,,,,,,,,,,,,,,,,,,,
185,3,"which result follows from the difference between sum of maximum of other non current liabilities for PLZ from December 31, 2024 to July 31, 2025 and minimum of goodwill for PLZ from December 31, 2024 to July 31, 2025 and maximum of deferred revenue current for PLZ from December 31, 2024 to July 31, 2025 ?","diff(sum(max(2127_other_non_current_liabilities_prior_fy_end, 2126_other_non_current_liabilities_current_quarter_end), min(2107_goodwill_prior_fy_end, 2106_goodwill_current_quarter_end)), max(2117_deferred_revenue_current_prior_fy_end, 2116_deferred_revenue_current_current_quarter_end))","{""op"": ""diff"", ""left"": {""op"": ""sum"", ""left"": {""op"": ""max"", ""left"": {""leaf"": ""2127_other_non_current_liabilities_prior_fy_end"", ""depth"": 0}, ""right"": {""leaf"": ""2126_other_non_current_liabilities_current_quarter_end"", ""depth"": 0}, ""depth"": 1}, ""right"": {""op"": ""min"", ""left"": {""leaf"": ""2107_goodwill_prior_fy_end"", ""depth"": 0}, ""right"": {""leaf"": ""2106_goodwill_current_quarter_end"", ""depth"": 0}, ""depth"": 1}, ""depth"": 2}, ""right"": {""op"": ""max"", ""left"": {""leaf"": ""2117_deferred_revenue_current_prior_fy_end"", ""depth"": 0}, ""right"": {""leaf"": ""2116_deferred_revenue_current_current_quarter_end"", ""depth"": 0}, ""depth"": 1}, ""depth"": 3}","{""op"": ""diff"", ""left"": {""op"": ""sum"", ""left"": {""kind"": ""time_agg"", ""op"": ""max"", ""depth"": 0}, ""right"": {""kind"": ""time_agg"", ""op"": ""min"", ""depth"": 0}, ""depth"": 1, ""kind"": ""node""}, ""right"": {""kind"": ""time_agg"", ""op"": ""max"", ""depth"": 0}, ""depth"": 2, ""kind"": ""node""}",14352.0,4,2,3,452550718,837034326,918663111,0.206,2,3,6,2127_other_non_current_liabilities_prior_fy_end,other_non_current_liabilities,other non current liabilities,PLZ,"December 31, 2024",M_USD,5333.0,2126_other_non_current_liabilities_current_quarter_end,other_non_current_liabilities,other non current liabilities,PLZ,"July 31, 2025",M_USD,5477.0,2107_goodwill_prior_fy_end,goodwill,goodwill,PLZ,"December 31, 2024",M_USD,12704.0,2106_goodwill_current_quarter_end,goodwill,goodwill,PLZ,"July 31, 2025",M_USD,13048.0,2117_deferred_revenue_current_prior_fy_end,deferred_revenue_current,deferred revenue current,PLZ,"December 31, 2024",M_USD,3728.0,2116_deferred_revenue_current_current_quarter_end,deferred_revenue_current,deferred revenue current,PLZ,"July 31, 2025",M_USD,3829.0,,,,,,,,,,,,,,
186,1,"Which quantity is given by the minimum of research and development for PRF from Nine Months Ended October 31, 2024 to Nine Months Ended October 31, 2025?","min(2513_research_and_development_prior_year_ytd, 2512_research_and_development_current_ytd)","{""op"": ""min"", ""left"": {""leaf"": ""2513_research_and_development_prior_year_ytd"", ""depth"": 0}, ""right"": {""leaf"": ""2512_research_and_development_current_ytd"", ""depth"": 0}, ""depth"": 1}","{""kind"": ""time_agg"", ""op"": ""min"", ""depth"": 0}",456.0,1,0,1,176565094,21112623,918663111,0.284,0,1,2,2513_research_and_development_prior_year_ytd,research_and_development,research and development,PRF,"Nine Months Ended October 31, 2024",M_USD,525.0,2512_research_and_development_current_ytd,research_and_development,research and development,PRF,"Nine Months Ended October 31, 2025",M_USD,456.0,,,,,,,,,,,,,,,,,,,,,,,,,,,,,,,,,,,,,,,,,,
187,1,"calculate the minimum of net cash from operating for SCI from Six Months Ended July 31, 2024 to Six Months Ended July 31, 2025","min(5105_net_cash_from_operating_prior_ytd, 5104_net_cash_from_operating_current_ytd)","{""op"": ""min"", ""left"": {""leaf"": ""5105_net_cash_from_operating_prior_ytd"", ""depth"": 0}, ""right"": {""leaf"": ""5104_net_cash_from_operating_current_ytd"", ""depth"": 0}, ""depth"": 1}","{""kind"": ""time_agg"", ""op"": ""min"", ""depth"": 0}",1762.0,3,0,1,381032080,172115663,918663111,0.587,0,1,2,5105_net_cash_from_operating_prior_ytd,net_cash_from_operating,net cash from operating,SCI,"Six Months Ended July 31, 2024",M_USD,1762.0,5104_net_cash_from_operating_current_ytd,net_cash_from_operating,net cash from operating,SCI,"Six Months Ended July 31, 2025",M_USD,1884.0,,,,,,,,,,,,,,,,,,,,,,,,,,,,,,,,,,,,,,,,,,
188,3,"may you give the average total liabilities for VTL from December 31, 2024 to July 31, 2025?","ratio(sum(sum(64_total_liabilities_current_quarter_end, 65_total_liabilities_prior_fy_end), 4122_total_liabilities_current_quarter_end), 3.0)","{""op"": ""ratio"", ""left"": {""op"": ""sum"", ""left"": {""op"": ""sum"", ""left"": {""leaf"": ""64_total_liabilities_current_quarter_end"", ""depth"": 0}, ""right"": {""leaf"": ""65_total_liabilities_prior_fy_end"", ""depth"": 0}, ""depth"": 1}, ""right"": {""leaf"": ""4122_total_liabilities_current_quarter_end"", ""depth"": 0}, ""depth"": 2}, ""right"": {""literal"": 3.0, ""depth"": 0}, ""depth"": 3}","{""kind"": ""time_agg"", ""op"": ""avg"", ""depth"": 0}",5466.0,2,0,3,494560681,990405938,918663111,0.297,0,1,3,64_total_liabilities_current_quarter_end,total_liabilities,total liabilities,VTL,"April 30, 2025",M_USD,1244.0,65_total_liabilities_prior_fy_end,total_liabilities,total liabilities,VTL,"December 31, 2024",M_USD,1262.0,4122_total_liabilities_current_quarter_end,total_liabilities,total liabilities,VTL,"July 31, 2025",M_USD,13892.0,,,,,,,,,,,,,,,,,,,,,,,,,,,,,,,,,,,
189,1,"which value corresponds to the minimum of property plant and equipment net for MTX from December 31, 2024 to October 31, 2025","min(5529_property_plant_and_equipment_net_prior_fy_end, 5528_property_plant_and_equipment_net_current_quarter_end)","{""op"": ""min"", ""left"": {""leaf"": ""5529_property_plant_and_equipment_net_prior_fy_end"", ""depth"": 0}, ""right"": {""leaf"": ""5528_property_plant_and_equipment_net_current_quarter_end"", ""depth"": 0}, ""depth"": 1}","{""kind"": ""time_agg"", ""op"": ""min"", ""depth"": 0}",6379.0,2,0,1,892859653,182496145,918663111,0.128,0,1,2,5529_property_plant_and_equipment_net_prior_fy_end,property_plant_and_equipment_net,property plant and equipment net,MTX,"December 31, 2024",M_USD,6379.0,5528_property_plant_and_equipment_net_current_quarter_end,property_plant_and_equipment_net,property plant and equipment net,MTX,"October 31, 2025",M_USD,7398.0,,,,,,,,,,,,,,,,,,,,,,,,,,,,,,,,,,,,,,,,,,
190,1,"you should calculate the minimum of Other revenue for HLT from Three Months Ended July 31, 2024 to Three Months Ended July 31, 2025 .","min(2489_other_revenue_prior_year_quarter, 3331_other_revenue_current_quarter)","{""op"": ""min"", ""left"": {""leaf"": ""2489_other_revenue_prior_year_quarter"", ""depth"": 0}, ""right"": {""leaf"": ""3331_other_revenue_current_quarter"", ""depth"": 0}, ""depth"": 1}","{""kind"": ""time_agg"", ""op"": ""min"", ""depth"": 0}",1752.0,1,0,1,891911828,639550509,918663111,0.104,0,1,2,2489_other_revenue_prior_year_quarter,other_revenue,Other revenue,HLT,"Three Months Ended July 31, 2024",M_USD,2175.0,3331_other_revenue_current_quarter,other_revenue,Other revenue,HLT,"Three Months Ended July 31, 2025",M_USD,1752.0,,,,,,,,,,,,,,,,,,,,,,,,,,,,,,,,,,,,,,,,,,
191,2,"What is the value of the average net income for BNK from Three Months Ended October 31, 2024 to Three Months Ended October 31, 2025 ?","ratio(sum(4695_net_income_prior_year_quarter, 4694_net_income_current_quarter), 2.0)","{""op"": ""ratio"", ""left"": {""op"": ""sum"", ""left"": {""leaf"": ""4695_net_income_prior_year_quarter"", ""depth"": 0}, ""right"": {""leaf"": ""4694_net_income_current_quarter"", ""depth"": 0}, ""depth"": 1}, ""right"": {""literal"": 2.0, ""depth"": 0}, ""depth"": 2}","{""kind"": ""time_agg"", ""op"": ""avg"", ""depth"": 0}",1834.5,2,0,2,86932866,735769508,918663111,0.397,0,1,2,4695_net_income_prior_year_quarter,net_income,net income,BNK,"Three Months Ended October 31, 2024",M_USD,1733.0,4694_net_income_current_quarter,net_income,net income,BNK,"Three Months Ended October 31, 2025",M_USD,1936.0,,,,,,,,,,,,,,,,,,,,,,,,,,,,,,,,,,,,,,,,,,
192,1,"compute the maximum of long term debt for AST from December 31, 2024 to July 31, 2025.","max(4857_long_term_debt_prior_fy_end, 4856_long_term_debt_current_quarter_end)","{""op"": ""max"", ""left"": {""leaf"": ""4857_long_term_debt_prior_fy_end"", ""depth"": 0}, ""right"": {""leaf"": ""4856_long_term_debt_current_quarter_end"", ""depth"": 0}, ""depth"": 1}","{""kind"": ""time_agg"", ""op"": ""max"", ""depth"": 0}",11163.0,1,0,1,765832415,368415086,918663111,0.102,0,1,2,4857_long_term_debt_prior_fy_end,long_term_debt,long term debt,AST,"December 31, 2024",M_USD,11093.0,4856_long_term_debt_current_quarter_end,long_term_debt,long term debt,AST,"July 31, 2025",M_USD,11163.0,,,,,,,,,,,,,,,,,,,,,,,,,,,,,,,,,,,,,,,,,,
193,1,"state the minimum of total assets for JTX from December 31, 2024 to April 30, 2025 .","min(4206_total_assets_current_quarter_end, 4207_total_assets_prior_fy_end)","{""op"": ""min"", ""left"": {""leaf"": ""4206_total_assets_current_quarter_end"", ""depth"": 0}, ""right"": {""leaf"": ""4207_total_assets_prior_fy_end"", ""depth"": 0}, ""depth"": 1}","{""kind"": ""time_agg"", ""op"": ""min"", ""depth"": 0}",17534.0,1,0,1,608653589,916475202,918663111,0.599,0,1,2,4206_total_assets_current_quarter_end,total_assets,total assets,JTX,"April 30, 2025",M_USD,17594.0,4207_total_assets_prior_fy_end,total_assets,total assets,JTX,"December 31, 2024",M_USD,17534.0,,,,,,,,,,,,,,,,,,,,,,,,,,,,,,,,,,,,,,,,,,
194,1,"Evaluate the minimum of accrued expenses and other for MTX from December 31, 2024 to October 31, 2025.","min(5543_accrued_expenses_and_other_prior_fy_end, 5542_accrued_expenses_and_other_current_quarter_end)","{""op"": ""min"", ""left"": {""leaf"": ""5543_accrued_expenses_and_other_prior_fy_end"", ""depth"": 0}, ""right"": {""leaf"": ""5542_accrued_expenses_and_other_current_quarter_end"", ""depth"": 0}, ""depth"": 1}","{""kind"": ""time_agg"", ""op"": ""min"", ""depth"": 0}",1748.0,2,0,1,902563253,581731944,918663111,0.456,0,1,2,5543_accrued_expenses_and_other_prior_fy_end,accrued_expenses_and_other,accrued expenses and other,MTX,"December 31, 2024",M_USD,1748.0,5542_accrued_expenses_and_other_current_quarter_end,accrued_expenses_and_other,accrued expenses and other,MTX,"October 31, 2025",M_USD,2027.0,,,,,,,,,,,,,,,,,,,,,,,,,,,,,,,,,,,,,,,,,,
195,3,"calculate the difference between ratio of sum of goodwill for BRX in December 31, 2024 and goodwill for BRX in July 31, 2025 to 2.0 and minimum of total current liabilities for BRX from December 31, 2024 to July 31, 2025","diff(ratio(sum(401_goodwill_prior_fy_end, 400_goodwill_current_quarter_end), 2.0), min(417_total_current_liabilities_prior_fy_end, 416_total_current_liabilities_current_quarter_end))","{""op"": ""diff"", ""left"": {""op"": ""ratio"", ""left"": {""op"": ""sum"", ""left"": {""leaf"": ""401_goodwill_prior_fy_end"", ""depth"": 0}, ""right"": {""leaf"": ""400_goodwill_current_quarter_end"", ""depth"": 0}, ""depth"": 1}, ""right"": {""literal"": 2.0, ""depth"": 0}, ""depth"": 2}, ""right"": {""op"": ""min"", ""left"": {""leaf"": ""417_total_current_liabilities_prior_fy_end"", ""depth"": 0}, ""right"": {""leaf"": ""416_total_current_liabilities_current_quarter_end"", ""depth"": 0}, ""depth"": 1}, ""depth"": 3}","{""op"": ""diff"", ""left"": {""kind"": ""time_agg"", ""op"": ""avg"", ""depth"": 0}, ""right"": {""kind"": ""time_agg"", ""op"": ""min"", ""depth"": 0}, ""depth"": 1, ""kind"": ""node""}",-26891.5,4,1,3,412319218,264700227,918663111,0.511,1,2,4,401_goodwill_prior_fy_end,goodwill,goodwill,BRX,"December 31, 2024",M_USD,8676.0,400_goodwill_current_quarter_end,goodwill,goodwill,BRX,"July 31, 2025",M_USD,8575.0,417_total_current_liabilities_prior_fy_end,total_current_liabilities,total current liabilities,BRX,"December 31, 2024",M_USD,35936.0,416_total_current_liabilities_current_quarter_end,total_current_liabilities,total current liabilities,BRX,"July 31, 2025",M_USD,35517.0,,,,,,,,,,,,,,,,,,,,,,,,,,,,
196,1,"which value corresponds to the minimum of total assets for MRT from December 31, 2024 to April 30, 2025","min(1390_total_assets_current_quarter_end, 1391_total_assets_prior_fy_end)","{""op"": ""min"", ""left"": {""leaf"": ""1390_total_assets_current_quarter_end"", ""depth"": 0}, ""right"": {""leaf"": ""1391_total_assets_prior_fy_end"", ""depth"": 0}, ""depth"": 1}","{""kind"": ""time_agg"", ""op"": ""min"", ""depth"": 0}",76748.0,2,0,1,221509640,171640277,918663111,0.127,0,1,2,1390_total_assets_current_quarter_end,total_assets,total assets,MRT,"April 30, 2025",M_USD,88897.0,1391_total_assets_prior_fy_end,total_assets,total assets,MRT,"December 31, 2024",M_USD,76748.0,,,,,,,,,,,,,,,,,,,,,,,,,,,,,,,,,,,,,,,,,,
197,3,"What would be the total current liabilities for HLT in October 31, 2025 ?",total_current_liabilities,"{""derived"": ""total_current_liabilities"", ""expanded"": {""op"": ""sum"", ""left"": {""op"": ""sum"", ""left"": {""op"": ""sum"", ""left"": {""leaf"": ""520_accounts_payable_current_quarter_end"", ""depth"": 0}, ""right"": {""leaf"": ""522_deferred_revenue_current_current_quarter_end"", ""depth"": 0}, ""depth"": 1}, ""right"": {""leaf"": ""524_accrued_expenses_and_other_current_quarter_end"", ""depth"": 0}, ""depth"": 2}, ""right"": {""leaf"": ""526_current_portion_of_long_term_debt_current_quarter_end"", ""depth"": 0}, ""depth"": 3}, ""depth"": 3}","{""kind"": ""derived_concept"", ""name"": ""total_current_liabilities"", ""depth"": 0}",5608.0,1,0,3,815850984,355436808,918663111,0.485,0,1,4,520_accounts_payable_current_quarter_end,accounts_payable,accounts payable,HLT,"October 31, 2025",M_USD,2754.0,522_deferred_revenue_current_current_quarter_end,deferred_revenue_current,deferred revenue current,HLT,"October 31, 2025",M_USD,993.0,524_accrued_expenses_and_other_current_quarter_end,accrued_expenses_and_other,accrued expenses and other,HLT,"October 31, 2025",M_USD,1143.0,526_current_portion_of_long_term_debt_current_quarter_end,current_portion_of_long_term_debt,current portion of long term debt,HLT,"October 31, 2025",M_USD,718.0,,,,,,,,,,,,,,,,,,,,,,,,,,,,
198,1,"what do we obtain as the maximum of long term debt for IND from December 31, 2024 to April 30, 2025","max(954_long_term_debt_current_quarter_end, 955_long_term_debt_prior_fy_end)","{""op"": ""max"", ""left"": {""leaf"": ""954_long_term_debt_current_quarter_end"", ""depth"": 0}, ""right"": {""leaf"": ""955_long_term_debt_prior_fy_end"", ""depth"": 0}, ""depth"": 1}","{""kind"": ""time_agg"", ""op"": ""max"", ""depth"": 0}",5573.0,2,0,1,522347607,831526872,918663111,0.136,0,1,2,954_long_term_debt_current_quarter_end,long_term_debt,long term debt,IND,"April 30, 2025",M_USD,5208.0,955_long_term_debt_prior_fy_end,long_term_debt,long term debt,IND,"December 31, 2024",M_USD,5573.0,,,,,,,,,,,,,,,,,,,,,,,,,,,,,,,,,,,,,,,,,,
199,0,"Give the provision for income taxes for TRD in Three Months Ended July 31, 2024.",2287_provision_for_income_taxes_prior_year_quarter,"{""leaf"": ""2287_provision_for_income_taxes_prior_year_quarter"", ""depth"": 0}","{""kind"": ""leaf"", ""semantic_type_in"": [""amount""], ""depth"": 0}",766.0,3,0,0,463842955,378092082,918663111,0.593,0,1,1,2287_provision_for_income_taxes_prior_year_quarter,provision_for_income_taxes,provision for income taxes,TRD,"Three Months Ended July 31, 2024",M_USD,766.0,,,,,,,,,,,,,,,,,,,,,,,,,,,,,,,,,,,,,,,,,,,,,,,,,
200,2,"may you give the maximum of total liabilities for VTL from December 31, 2024 to July 31, 2025?","max(max(64_total_liabilities_current_quarter_end, 4123_total_liabilities_prior_fy_end), 4122_total_liabilities_current_quarter_end)","{""op"": ""max"", ""left"": {""op"": ""max"", ""left"": {""leaf"": ""64_total_liabilities_current_quarter_end"", ""depth"": 0}, ""right"": {""leaf"": ""4123_total_liabilities_prior_fy_end"", ""depth"": 0}, ""depth"": 1}, ""right"": {""leaf"": ""4122_total_liabilities_current_quarter_end"", ""depth"": 0}, ""depth"": 2}","{""kind"": ""time_agg"", ""op"": ""max"", ""depth"": 0}",13892.0,3,0,2,942688239,101776822,918663111,0.244,0,1,3,64_total_liabilities_current_quarter_end,total_liabilities,total liabilities,VTL,"April 30, 2025",M_USD,1244.0,4123_total_liabilities_prior_fy_end,total_liabilities,total liabilities,VTL,"December 31, 2024",M_USD,12339.0,4122_total_liabilities_current_quarter_end,total_liabilities,total liabilities,VTL,"July 31, 2025",M_USD,13892.0,,,,,,,,,,,,,,,,,,,,,,,,,,,,,,,,,,,
201,1,"What is the maximum of cash and cash equivalents for BLD from December 31, 2024 to July 31, 2025","max(5315_cash_and_cash_equivalents_prior_fy_end, 5314_cash_and_cash_equivalents_current_quarter_end)","{""op"": ""max"", ""left"": {""leaf"": ""5315_cash_and_cash_equivalents_prior_fy_end"", ""depth"": 0}, ""right"": {""leaf"": ""5314_cash_and_cash_equivalents_current_quarter_end"", ""depth"": 0}, ""depth"": 1}","{""kind"": ""time_agg"", ""op"": ""max"", ""depth"": 0}",2133.0,4,0,1,358353096,90456447,918663111,0.441,0,1,2,5315_cash_and_cash_equivalents_prior_fy_end,cash_and_cash_equivalents,cash and cash equivalents,BLD,"December 31, 2024",M_USD,1939.0,5314_cash_and_cash_equivalents_current_quarter_end,cash_and_cash_equivalents,cash and cash equivalents,BLD,"July 31, 2025",M_USD,2133.0,,,,,,,,,,,,,,,,,,,,,,,,,,,,,,,,,,,,,,,,,,
202,1,"what does the following give: minimum of prepaid expenses and other for MDI from December 31, 2024 to October 31, 2025?","min(5635_prepaid_expenses_and_other_prior_fy_end, 5634_prepaid_expenses_and_other_current_quarter_end)","{""op"": ""min"", ""left"": {""leaf"": ""5635_prepaid_expenses_and_other_prior_fy_end"", ""depth"": 0}, ""right"": {""leaf"": ""5634_prepaid_expenses_and_other_current_quarter_end"", ""depth"": 0}, ""depth"": 1}","{""kind"": ""time_agg"", ""op"": ""min"", ""depth"": 0}",480.0,4,0,1,105010400,82309023,918663111,0.504,0,1,2,5635_prepaid_expenses_and_other_prior_fy_end,prepaid_expenses_and_other,prepaid expenses and other,MDI,"December 31, 2024",M_USD,488.0,5634_prepaid_expenses_and_other_current_quarter_end,prepaid_expenses_and_other,prepaid expenses and other,MDI,"October 31, 2025",M_USD,480.0,,,,,,,,,,,,,,,,,,,,,,,,,,,,,,,,,,,,,,,,,,
203,1,"provide the minimum of accrued expenses and other for AVX from December 31, 2024 to October 31, 2025","min(1301_accrued_expenses_and_other_prior_fy_end, 1300_accrued_expenses_and_other_current_quarter_end)","{""op"": ""min"", ""left"": {""leaf"": ""1301_accrued_expenses_and_other_prior_fy_end"", ""depth"": 0}, ""right"": {""leaf"": ""1300_accrued_expenses_and_other_current_quarter_end"", ""depth"": 0}, ""depth"": 1}","{""kind"": ""time_agg"", ""op"": ""min"", ""depth"": 0}",50.0,4,0,1,819759584,841885639,918663111,0.347,0,1,2,1301_accrued_expenses_and_other_prior_fy_end,accrued_expenses_and_other,accrued expenses and other,AVX,"December 31, 2024",M_USD,51.0,1300_accrued_expenses_and_other_current_quarter_end,accrued_expenses_and_other,accrued expenses and other,AVX,"October 31, 2025",M_USD,50.0,,,,,,,,,,,,,,,,,,,,,,,,,,,,,,,,,,,,,,,,,,
204,2,"May you give the average deferred revenue current for VTL from December 31, 2024 to July 31, 2025?","ratio(sum(51_deferred_revenue_current_prior_fy_end, 4108_deferred_revenue_current_current_quarter_end), 2.0)","{""op"": ""ratio"", ""left"": {""op"": ""sum"", ""left"": {""leaf"": ""51_deferred_revenue_current_prior_fy_end"", ""depth"": 0}, ""right"": {""leaf"": ""4108_deferred_revenue_current_current_quarter_end"", ""depth"": 0}, ""depth"": 1}, ""right"": {""literal"": 2.0, ""depth"": 0}, ""depth"": 2}","{""kind"": ""time_agg"", ""op"": ""avg"", ""depth"": 0}",543.5,3,0,2,669640276,185099412,918663111,0.586,0,1,2,51_deferred_revenue_current_prior_fy_end,deferred_revenue_current,deferred revenue current,VTL,"December 31, 2024",M_USD,66.0,4108_deferred_revenue_current_current_quarter_end,deferred_revenue_current,deferred revenue current,VTL,"July 31, 2025",M_USD,1021.0,,,,,,,,,,,,,,,,,,,,,,,,,,,,,,,,,,,,,,,,,,
205,1,"may you give the minimum of prepaid expenses and other for TPH from December 31, 2024 to October 31, 2025 ?","min(2795_prepaid_expenses_and_other_prior_fy_end, 2794_prepaid_expenses_and_other_current_quarter_end)","{""op"": ""min"", ""left"": {""leaf"": ""2795_prepaid_expenses_and_other_prior_fy_end"", ""depth"": 0}, ""right"": {""leaf"": ""2794_prepaid_expenses_and_other_current_quarter_end"", ""depth"": 0}, ""depth"": 1}","{""kind"": ""time_agg"", ""op"": ""min"", ""depth"": 0}",1105.0,2,0,1,814418728,16617956,918663111,0.438,0,1,2,2795_prepaid_expenses_and_other_prior_fy_end,prepaid_expenses_and_other,prepaid expenses and other,TPH,"December 31, 2024",M_USD,1105.0,2794_prepaid_expenses_and_other_current_quarter_end,prepaid_expenses_and_other,prepaid expenses and other,TPH,"October 31, 2025",M_USD,1125.0,,,,,,,,,,,,,,,,,,,,,,,,,,,,,,,,,,,,,,,,,,
206,2,"what is the average depreciation and amortization for AST from Six Months Ended July 31, 2024 to Six Months Ended July 31, 2025","ratio(sum(4873_depreciation_and_amortization_prior_ytd, 4872_depreciation_and_amortization_current_ytd), 2.0)","{""op"": ""ratio"", ""left"": {""op"": ""sum"", ""left"": {""leaf"": ""4873_depreciation_and_amortization_prior_ytd"", ""depth"": 0}, ""right"": {""leaf"": ""4872_depreciation_and_amortization_current_ytd"", ""depth"": 0}, ""depth"": 1}, ""right"": {""literal"": 2.0, ""depth"": 0}, ""depth"": 2}","{""kind"": ""time_agg"", ""op"": ""avg"", ""depth"": 0}",1232.5,2,0,2,816159866,260513771,918663111,0.376,0,1,2,4873_depreciation_and_amortization_prior_ytd,depreciation_and_amortization,depreciation and amortization,AST,"Six Months Ended July 31, 2024",M_USD,1210.0,4872_depreciation_and_amortization_current_ytd,depreciation_and_amortization,depreciation and amortization,AST,"Six Months Ended July 31, 2025",M_USD,1255.0,,,,,,,,,,,,,,,,,,,,,,,,,,,,,,,,,,,,,,,,,,
207,2,"determine the average total assets for TRU from December 31, 2024 to July 31, 2025 .","ratio(sum(759_total_assets_prior_fy_end, 642_total_assets_current_quarter_end), 2.0)","{""op"": ""ratio"", ""left"": {""op"": ""sum"", ""left"": {""leaf"": ""759_total_assets_prior_fy_end"", ""depth"": 0}, ""right"": {""leaf"": ""642_total_assets_current_quarter_end"", ""depth"": 0}, ""depth"": 1}, ""right"": {""literal"": 2.0, ""depth"": 0}, ""depth"": 2}","{""kind"": ""time_agg"", ""op"": ""avg"", ""depth"": 0}",33091.0,3,0,2,939356045,736241646,918663111,0.563,0,1,2,759_total_assets_prior_fy_end,total_assets,total assets,TRU,"December 31, 2024",M_USD,41451.0,642_total_assets_current_quarter_end,total_assets,total assets,TRU,"July 31, 2025",M_USD,24731.0,,,,,,,,,,,,,,,,,,,,,,,,,,,,,,,,,,,,,,,,,,
208,1,"Which result follows from the maximum of research and development for PRD from Nine Months Ended October 31, 2024 to Nine Months Ended October 31, 2025","max(1817_research_and_development_prior_year_ytd, 1816_research_and_development_current_ytd)","{""op"": ""max"", ""left"": {""leaf"": ""1817_research_and_development_prior_year_ytd"", ""depth"": 0}, ""right"": {""leaf"": ""1816_research_and_development_current_ytd"", ""depth"": 0}, ""depth"": 1}","{""kind"": ""time_agg"", ""op"": ""max"", ""depth"": 0}",1680.0,3,0,1,775075955,561670657,918663111,0.368,0,1,2,1817_research_and_development_prior_year_ytd,research_and_development,research and development,PRD,"Nine Months Ended October 31, 2024",M_USD,1482.0,1816_research_and_development_current_ytd,research_and_development,research and development,PRD,"Nine Months Ended October 31, 2025",M_USD,1680.0,,,,,,,,,,,,,,,,,,,,,,,,,,,,,,,,,,,,,,,,,,
209,0,"calculate the research and development for FAB in Three Months Ended July 31, 2025.",3934_research_and_development_current_quarter,"{""leaf"": ""3934_research_and_development_current_quarter"", ""depth"": 0}","{""kind"": ""leaf"", ""semantic_type_in"": [""amount""], ""depth"": 0}",1523.0,2,0,0,128830422,580911697,918663111,0.307,0,1,1,3934_research_and_development_current_quarter,research_and_development,research and development,FAB,"Three Months Ended July 31, 2025",M_USD,1523.0,,,,,,,,,,,,,,,,,,,,,,,,,,,,,,,,,,,,,,,,,,,,,,,,,
210,1,"What is the value of the minimum of other non current liabilities for BRX from December 31, 2024 to July 31, 2025?","min(421_other_non_current_liabilities_prior_fy_end, 420_other_non_current_liabilities_current_quarter_end)","{""op"": ""min"", ""left"": {""leaf"": ""421_other_non_current_liabilities_prior_fy_end"", ""depth"": 0}, ""right"": {""leaf"": ""420_other_non_current_liabilities_current_quarter_end"", ""depth"": 0}, ""depth"": 1}","{""kind"": ""time_agg"", ""op"": ""min"", ""depth"": 0}",4643.0,2,0,1,198767157,116871118,918663111,0.575,0,1,2,421_other_non_current_liabilities_prior_fy_end,other_non_current_liabilities,other non current liabilities,BRX,"December 31, 2024",M_USD,4698.0,420_other_non_current_liabilities_current_quarter_end,other_non_current_liabilities,other non current liabilities,BRX,"July 31, 2025",M_USD,4643.0,,,,,,,,,,,,,,,,,,,,,,,,,,,,,,,,,,,,,,,,,,
211,2,"which result follows from the average gross profit for PLX from Nine Months Ended July 31, 2025 to Nine Months Ended July 31, 2026?","ratio(sum(4353_gross_profit_prior_year_ytd, 4352_gross_profit_current_ytd), 2.0)","{""op"": ""ratio"", ""left"": {""op"": ""sum"", ""left"": {""leaf"": ""4353_gross_profit_prior_year_ytd"", ""depth"": 0}, ""right"": {""leaf"": ""4352_gross_profit_current_ytd"", ""depth"": 0}, ""depth"": 1}, ""right"": {""literal"": 2.0, ""depth"": 0}, ""depth"": 2}","{""kind"": ""time_agg"", ""op"": ""avg"", ""depth"": 0}",36019.5,4,0,2,601060991,870963551,918663111,0.153,0,1,2,4353_gross_profit_prior_year_ytd,gross_profit,gross profit,PLX,"Nine Months Ended July 31, 2025",M_USD,35763.0,4352_gross_profit_current_ytd,gross_profit,gross profit,PLX,"Nine Months Ended July 31, 2026",M_USD,36276.0,,,,,,,,,,,,,,,,,,,,,,,,,,,,,,,,,,,,,,,,,,
212,1,"Whats the value of the minimum of other non current assets for CRZ from December 31, 2024 to October 31, 2025 ?","min(4957_other_non_current_assets_prior_fy_end, 4956_other_non_current_assets_current_quarter_end)","{""op"": ""min"", ""left"": {""leaf"": ""4957_other_non_current_assets_prior_fy_end"", ""depth"": 0}, ""right"": {""leaf"": ""4956_other_non_current_assets_current_quarter_end"", ""depth"": 0}, ""depth"": 1}","{""kind"": ""time_agg"", ""op"": ""min"", ""depth"": 0}",279.0,4,0,1,265441590,191844210,918663111,0.235,0,1,2,4957_other_non_current_assets_prior_fy_end,other_non_current_assets,other non current assets,CRZ,"December 31, 2024",M_USD,279.0,4956_other_non_current_assets_current_quarter_end,other_non_current_assets,other non current assets,CRZ,"October 31, 2025",M_USD,291.0,,,,,,,,,,,,,,,,,,,,,,,,,,,,,,,,,,,,,,,,,,
213,1,"what does the following give: minimum of operating income for JTX from Three Months Ended April 30, 2024 to Three Months Ended April 30, 2025?","min(4173_operating_income_prior_year_quarter, 4172_operating_income_current_quarter)","{""op"": ""min"", ""left"": {""leaf"": ""4173_operating_income_prior_year_quarter"", ""depth"": 0}, ""right"": {""leaf"": ""4172_operating_income_current_quarter"", ""depth"": 0}, ""depth"": 1}","{""kind"": ""time_agg"", ""op"": ""min"", ""depth"": 0}",2227.0,3,0,1,876014760,729613021,918663111,0.143,0,1,2,4173_operating_income_prior_year_quarter,operating_income,operating income,JTX,"Three Months Ended April 30, 2024",M_USD,2227.0,4172_operating_income_current_quarter,operating_income,operating income,JTX,"Three Months Ended April 30, 2025",M_USD,2274.0,,,,,,,,,,,,,,,,,,,,,,,,,,,,,,,,,,,,,,,,,,
214,2,"Give the average long term marketable securities for AST from December 31, 2024 to July 31, 2025","ratio(sum(4835_long_term_marketable_securities_prior_fy_end, 4834_long_term_marketable_securities_current_quarter_end), 2.0)","{""op"": ""ratio"", ""left"": {""op"": ""sum"", ""left"": {""leaf"": ""4835_long_term_marketable_securities_prior_fy_end"", ""depth"": 0}, ""right"": {""leaf"": ""4834_long_term_marketable_securities_current_quarter_end"", ""depth"": 0}, ""depth"": 1}, ""right"": {""literal"": 2.0, ""depth"": 0}, ""depth"": 2}","{""kind"": ""time_agg"", ""op"": ""avg"", ""depth"": 0}",4284.5,1,0,2,576758869,128269148,918663111,0.584,0,1,2,4835_long_term_marketable_securities_prior_fy_end,long_term_marketable_securities,long term marketable securities,AST,"December 31, 2024",M_USD,4271.0,4834_long_term_marketable_securities_current_quarter_end,long_term_marketable_securities,long term marketable securities,AST,"July 31, 2025",M_USD,4298.0,,,,,,,,,,,,,,,,,,,,,,,,,,,,,,,,,,,,,,,,,,
215,1,"Which result follows from the maximum of inventories for PLZ from December 31, 2024 to July 31, 2025","max(2097_inventories_prior_fy_end, 2096_inventories_current_quarter_end)","{""op"": ""max"", ""left"": {""leaf"": ""2097_inventories_prior_fy_end"", ""depth"": 0}, ""right"": {""leaf"": ""2096_inventories_current_quarter_end"", ""depth"": 0}, ""depth"": 1}","{""kind"": ""time_agg"", ""op"": ""max"", ""depth"": 0}",9953.0,4,0,1,758399219,522132306,918663111,0.274,0,1,2,2097_inventories_prior_fy_end,inventories,inventories,PLZ,"December 31, 2024",M_USD,9691.0,2096_inventories_current_quarter_end,inventories,inventories,PLZ,"July 31, 2025",M_USD,9953.0,,,,,,,,,,,,,,,,,,,,,,,,,,,,,,,,,,,,,,,,,,
216,2,"What's the value of the average provision for income taxes for CRF from Nine Months Ended October 31, 2024 to Nine Months Ended October 31, 2025?","ratio(sum(1597_provision_for_income_taxes_prior_year_ytd, 1596_provision_for_income_taxes_current_ytd), 2.0)","{""op"": ""ratio"", ""left"": {""op"": ""sum"", ""left"": {""leaf"": ""1597_provision_for_income_taxes_prior_year_ytd"", ""depth"": 0}, ""right"": {""leaf"": ""1596_provision_for_income_taxes_current_ytd"", ""depth"": 0}, ""depth"": 1}, ""right"": {""literal"": 2.0, ""depth"": 0}, ""depth"": 2}","{""kind"": ""time_agg"", ""op"": ""avg"", ""depth"": 0}",1222.5,2,0,2,994071049,698030232,918663111,0.327,0,1,2,1597_provision_for_income_taxes_prior_year_ytd,provision_for_income_taxes,provision for income taxes,CRF,"Nine Months Ended October 31, 2024",M_USD,1233.0,1596_provision_for_income_taxes_current_ytd,provision_for_income_taxes,provision for income taxes,CRF,"Nine Months Ended October 31, 2025",M_USD,1212.0,,,,,,,,,,,,,,,,,,,,,,,,,,,,,,,,,,,,,,,,,,
217,3,"may you give the sum of ratio of sum of cash and cash equivalents for FIN in April 30, 2025 and cash and cash equivalents for FIN in December 31, 2024 to 2.0 and ratio of sum of total costs and expenses for FIN in Three Months Ended April 30, 2024 and total costs and expenses for FIN in Three Months Ended April 30, 2025 to 2.0?","sum(ratio(sum(4274_cash_and_cash_equivalents_current_quarter_end, 4275_cash_and_cash_equivalents_prior_fy_end), 2.0), ratio(sum(4261_total_costs_and_expenses_prior_year_quarter, 4260_total_costs_and_expenses_current_quarter), 2.0))","{""op"": ""sum"", ""left"": {""op"": ""ratio"", ""left"": {""op"": ""sum"", ""left"": {""leaf"": ""4274_cash_and_cash_equivalents_current_quarter_end"", ""depth"": 0}, ""right"": {""leaf"": ""4275_cash_and_cash_equivalents_prior_fy_end"", ""depth"": 0}, ""depth"": 1}, ""right"": {""literal"": 2.0, ""depth"": 0}, ""depth"": 2}, ""right"": {""op"": ""ratio"", ""left"": {""op"": ""sum"", ""left"": {""leaf"": ""4261_total_costs_and_expenses_prior_year_quarter"", ""depth"": 0}, ""right"": {""leaf"": ""4260_total_costs_and_expenses_current_quarter"", ""depth"": 0}, ""depth"": 1}, ""right"": {""literal"": 2.0, ""depth"": 0}, ""depth"": 2}, ""depth"": 3}","{""op"": ""sum"", ""left"": {""kind"": ""time_agg"", ""op"": ""avg"", ""depth"": 0}, ""right"": {""kind"": ""time_agg"", ""op"": ""avg"", ""depth"": 0}, ""depth"": 1, ""kind"": ""node""}",10558.5,3,1,3,468547315,261047117,918663111,0.16,1,2,4,4274_cash_and_cash_equivalents_current_quarter_end,cash_and_cash_equivalents,cash and cash equivalents,FIN,"April 30, 2025",M_USD,1234.0,4275_cash_and_cash_equivalents_prior_fy_end,cash_and_cash_equivalents,cash and cash equivalents,FIN,"December 31, 2024",M_USD,1100.0,4261_total_costs_and_expenses_prior_year_quarter,total_costs_and_expenses,total costs and expenses,FIN,"Three Months Ended April 30, 2024",M_USD,9613.0,4260_total_costs_and_expenses_current_quarter,total_costs_and_expenses,total costs and expenses,FIN,"Three Months Ended April 30, 2025",M_USD,9170.0,,,,,,,,,,,,,,,,,,,,,,,,,,,,
218,2,"Evaluate the maximum of total assets for TRD from December 31, 2024 to July 31, 2025 .","max(max(5424_total_assets_current_quarter_end, 5425_total_assets_prior_fy_end), 2324_total_assets_current_quarter_end)","{""op"": ""max"", ""left"": {""op"": ""max"", ""left"": {""leaf"": ""5424_total_assets_current_quarter_end"", ""depth"": 0}, ""right"": {""leaf"": ""5425_total_assets_prior_fy_end"", ""depth"": 0}, ""depth"": 1}, ""right"": {""leaf"": ""2324_total_assets_current_quarter_end"", ""depth"": 0}, ""depth"": 2}","{""kind"": ""time_agg"", ""op"": ""max"", ""depth"": 0}",67704.0,3,0,2,210151073,267133178,918663111,0.297,0,1,3,5424_total_assets_current_quarter_end,total_assets,total assets,TRD,"April 30, 2025",M_USD,24616.0,5425_total_assets_prior_fy_end,total_assets,total assets,TRD,"December 31, 2024",M_USD,22824.0,2324_total_assets_current_quarter_end,total_assets,total assets,TRD,"July 31, 2025",M_USD,67704.0,,,,,,,,,,,,,,,,,,,,,,,,,,,,,,,,,,,
219,3,"state the total current liabilities for FAB in July 31, 2025",total_current_liabilities,"{""derived"": ""total_current_liabilities"", ""expanded"": {""op"": ""sum"", ""left"": {""op"": ""sum"", ""left"": {""op"": ""sum"", ""left"": {""leaf"": ""3994_accounts_payable_current_quarter_end"", ""depth"": 0}, ""right"": {""leaf"": ""3996_deferred_revenue_current_current_quarter_end"", ""depth"": 0}, ""depth"": 1}, ""right"": {""leaf"": ""3998_accrued_expenses_and_other_current_quarter_end"", ""depth"": 0}, ""depth"": 2}, ""right"": {""leaf"": ""4000_current_portion_of_long_term_debt_current_quarter_end"", ""depth"": 0}, ""depth"": 3}, ""depth"": 3}","{""kind"": ""derived_concept"", ""name"": ""total_current_liabilities"", ""depth"": 0}",15550.0,1,0,3,265997877,424550144,918663111,0.521,0,1,4,3994_accounts_payable_current_quarter_end,accounts_payable,accounts payable,FAB,"July 31, 2025",M_USD,10933.0,3996_deferred_revenue_current_current_quarter_end,deferred_revenue_current,deferred revenue current,FAB,"July 31, 2025",M_USD,928.0,3998_accrued_expenses_and_other_current_quarter_end,accrued_expenses_and_other,accrued expenses and other,FAB,"July 31, 2025",M_USD,2659.0,4000_current_portion_of_long_term_debt_current_quarter_end,current_portion_of_long_term_debt,current portion of long term debt,FAB,"July 31, 2025",M_USD,1030.0,,,,,,,,,,,,,,,,,,,,,,,,,,,,
220,1,"evaluate the minimum of net cash from operating for SUP from Three Months Ended April 30, 2024 to Three Months Ended April 30, 2025","min(879_net_cash_from_operating_prior_ytd, 878_net_cash_from_operating_current_ytd)","{""op"": ""min"", ""left"": {""leaf"": ""879_net_cash_from_operating_prior_ytd"", ""depth"": 0}, ""right"": {""leaf"": ""878_net_cash_from_operating_current_ytd"", ""depth"": 0}, ""depth"": 1}","{""kind"": ""time_agg"", ""op"": ""min"", ""depth"": 0}",1299.0,3,0,1,699737517,682572609,918663111,0.275,0,1,2,879_net_cash_from_operating_prior_ytd,net_cash_from_operating,net cash from operating,SUP,"Three Months Ended April 30, 2024",M_USD,1299.0,878_net_cash_from_operating_current_ytd,net_cash_from_operating,net cash from operating,SUP,"Three Months Ended April 30, 2025",M_USD,1331.0,,,,,,,,,,,,,,,,,,,,,,,,,,,,,,,,,,,,,,,,,,
221,3,"evaluate the total current liabilities for AVX in December 31, 2024",total_current_liabilities,"{""derived"": ""total_current_liabilities"", ""expanded"": {""op"": ""sum"", ""left"": {""op"": ""sum"", ""left"": {""op"": ""sum"", ""left"": {""leaf"": ""1297_accounts_payable_prior_fy_end"", ""depth"": 0}, ""right"": {""leaf"": ""1299_deferred_revenue_current_prior_fy_end"", ""depth"": 0}, ""depth"": 1}, ""right"": {""leaf"": ""1301_accrued_expenses_and_other_prior_fy_end"", ""depth"": 0}, ""depth"": 2}, ""right"": {""leaf"": ""1303_current_portion_of_long_term_debt_prior_fy_end"", ""depth"": 0}, ""depth"": 3}, ""depth"": 3}","{""kind"": ""derived_concept"", ""name"": ""total_current_liabilities"", ""depth"": 0}",396.0,3,0,3,438576538,451278626,918663111,0.545,0,1,4,1297_accounts_payable_prior_fy_end,accounts_payable,accounts payable,AVX,"December 31, 2024",M_USD,233.0,1299_deferred_revenue_current_prior_fy_end,deferred_revenue_current,deferred revenue current,AVX,"December 31, 2024",M_USD,50.0,1301_accrued_expenses_and_other_prior_fy_end,accrued_expenses_and_other,accrued expenses and other,AVX,"December 31, 2024",M_USD,51.0,1303_current_portion_of_long_term_debt_prior_fy_end,current_portion_of_long_term_debt,current portion of long term debt,AVX,"December 31, 2024",M_USD,62.0,,,,,,,,,,,,,,,,,,,,,,,,,,,,
222,1,"you should calculate the minimum of total current liabilities for CLR from December 31, 2024 to October 31, 2025.","min(177_total_current_liabilities_prior_fy_end, 176_total_current_liabilities_current_quarter_end)","{""op"": ""min"", ""left"": {""leaf"": ""177_total_current_liabilities_prior_fy_end"", ""depth"": 0}, ""right"": {""leaf"": ""176_total_current_liabilities_current_quarter_end"", ""depth"": 0}, ""depth"": 1}","{""kind"": ""time_agg"", ""op"": ""min"", ""depth"": 0}",1986.0,1,0,1,263429455,657676300,918663111,0.53,0,1,2,177_total_current_liabilities_prior_fy_end,total_current_liabilities,total current liabilities,CLR,"December 31, 2024",M_USD,1986.0,176_total_current_liabilities_current_quarter_end,total_current_liabilities,total current liabilities,CLR,"October 31, 2025",M_USD,2073.0,,,,,,,,,,,,,,,,,,,,,,,,,,,,,,,,,,,,,,,,,,
223,0,"what is the value of the short term investments for CIV in December 31, 2024?",3029_short_term_investments_prior_fy_end,"{""leaf"": ""3029_short_term_investments_prior_fy_end"", ""depth"": 0}","{""kind"": ""leaf"", ""semantic_type_in"": [""amount""], ""depth"": 0}",102.0,3,0,0,862696978,451268147,918663111,0.282,0,1,1,3029_short_term_investments_prior_fy_end,short_term_investments,short term investments,CIV,"December 31, 2024",M_USD,102.0,,,,,,,,,,,,,,,,,,,,,,,,,,,,,,,,,,,,,,,,,,,,,,,,,
224,3,"Whats the value of the result of maximum of other non current liabilities for CRX from December 31, 2024 to January 31, 2026 scaled by growth in deferred revenue current for CRX from December 31, 2024 to September 30, 2025 ?","mul(max(max(5223_other_non_current_liabilities_prior_fy_end, 4626_other_non_current_liabilities_current_quarter_end), 5222_other_non_current_liabilities_current_quarter_end), growth(4617_deferred_revenue_current_prior_fy_end, 5213_deferred_revenue_current_prior_fy_end))","{""op"": ""mul"", ""left"": {""op"": ""max"", ""left"": {""op"": ""max"", ""left"": {""leaf"": ""5223_other_non_current_liabilities_prior_fy_end"", ""depth"": 0}, ""right"": {""leaf"": ""4626_other_non_current_liabilities_current_quarter_end"", ""depth"": 0}, ""depth"": 1}, ""right"": {""leaf"": ""5222_other_non_current_liabilities_current_quarter_end"", ""depth"": 0}, ""depth"": 2}, ""right"": {""op"": ""growth"", ""left"": {""leaf"": ""4617_deferred_revenue_current_prior_fy_end"", ""depth"": 0}, ""right"": {""leaf"": ""5213_deferred_revenue_current_prior_fy_end"", ""depth"": 0}, ""depth"": 1}, ""depth"": 3}","{""op"": ""mul"", ""left"": {""kind"": ""time_agg"", ""op"": ""max"", ""depth"": 0}, ""right"": {""op"": ""growth"", ""left"": {""kind"": ""leaf"", ""semantic_type_in"": [""amount""], ""depth"": 0}, ""right"": {""kind"": ""leaf"", ""semantic_type_in"": [""amount""], ""depth"": 0}, ""depth"": 1, ""kind"": ""node""}, ""depth"": 2, ""kind"": ""node""}",2034.6218302094817,2,2,3,573525767,575982514,918663111,0.27,2,3,5,5223_other_non_current_liabilities_prior_fy_end,other_non_current_liabilities,other non current liabilities,CRX,"December 31, 2024",M_USD,1154.0,4626_other_non_current_liabilities_current_quarter_end,other_non_current_liabilities,other non current liabilities,CRX,"January 31, 2026",M_USD,815.0,5222_other_non_current_liabilities_current_quarter_end,other_non_current_liabilities,other non current liabilities,CRX,"October 31, 2025",M_USD,1203.0,4617_deferred_revenue_current_prior_fy_end,deferred_revenue_current,deferred revenue current,CRX,"September 30, 2025",M_USD,2441.0,5213_deferred_revenue_current_prior_fy_end,deferred_revenue_current,deferred revenue current,CRX,"December 31, 2024",M_USD,907.0,,,,,,,,,,,,,,,,,,,,,
225,2,"Provide the average long term marketable securities for JTX from December 31, 2024 to April 30, 2025","ratio(sum(4196_long_term_marketable_securities_current_quarter_end, 4197_long_term_marketable_securities_prior_fy_end), 2.0)","{""op"": ""ratio"", ""left"": {""op"": ""sum"", ""left"": {""leaf"": ""4196_long_term_marketable_securities_current_quarter_end"", ""depth"": 0}, ""right"": {""leaf"": ""4197_long_term_marketable_securities_prior_fy_end"", ""depth"": 0}, ""depth"": 1}, ""right"": {""literal"": 2.0, ""depth"": 0}, ""depth"": 2}","{""kind"": ""time_agg"", ""op"": ""avg"", ""depth"": 0}",2855.0,3,0,2,985016907,867647961,918663111,0.333,0,1,2,4196_long_term_marketable_securities_current_quarter_end,long_term_marketable_securities,long term marketable securities,JTX,"April 30, 2025",M_USD,2860.0,4197_long_term_marketable_securities_prior_fy_end,long_term_marketable_securities,long term marketable securities,JTX,"December 31, 2024",M_USD,2850.0,,,,,,,,,,,,,,,,,,,,,,,,,,,,,,,,,,,,,,,,,,
226,2,"which value corresponds to the average accounts receivable net for MTX from December 31, 2024 to October 31, 2025 ?","ratio(sum(5519_accounts_receivable_net_prior_fy_end, 5518_accounts_receivable_net_current_quarter_end), 2.0)","{""op"": ""ratio"", ""left"": {""op"": ""sum"", ""left"": {""leaf"": ""5519_accounts_receivable_net_prior_fy_end"", ""depth"": 0}, ""right"": {""leaf"": ""5518_accounts_receivable_net_current_quarter_end"", ""depth"": 0}, ""depth"": 1}, ""right"": {""literal"": 2.0, ""depth"": 0}, ""depth"": 2}","{""kind"": ""time_agg"", ""op"": ""avg"", ""depth"": 0}",3819.5,4,0,2,232791545,128381843,918663111,0.54,0,1,2,5519_accounts_receivable_net_prior_fy_end,accounts_receivable_net,accounts receivable net,MTX,"December 31, 2024",M_USD,3537.0,5518_accounts_receivable_net_current_quarter_end,accounts_receivable_net,accounts receivable net,MTX,"October 31, 2025",M_USD,4102.0,,,,,,,,,,,,,,,,,,,,,,,,,,,,,,,,,,,,,,,,,,
227,2,"Which value corresponds to the average operating income for PLX from Three Months Ended July 31, 2025 to Three Months Ended July 31, 2026 ?","ratio(sum(4367_operating_income_prior_year_quarter, 4366_operating_income_current_quarter), 2.0)","{""op"": ""ratio"", ""left"": {""op"": ""sum"", ""left"": {""leaf"": ""4367_operating_income_prior_year_quarter"", ""depth"": 0}, ""right"": {""leaf"": ""4366_operating_income_current_quarter"", ""depth"": 0}, ""depth"": 1}, ""right"": {""literal"": 2.0, ""depth"": 0}, ""depth"": 2}","{""kind"": ""time_agg"", ""op"": ""avg"", ""depth"": 0}",8109.0,1,0,2,175559014,291851994,918663111,0.573,0,1,2,4367_operating_income_prior_year_quarter,operating_income,operating income,PLX,"Three Months Ended July 31, 2025",M_USD,8051.0,4366_operating_income_current_quarter,operating_income,operating income,PLX,"Three Months Ended July 31, 2026",M_USD,8167.0,,,,,,,,,,,,,,,,,,,,,,,,,,,,,,,,,,,,,,,,,,
228,2,"what's the value of the average current portion of long term debt for CIV from December 31, 2024 to October 31, 2025 ?","ratio(sum(3057_current_portion_of_long_term_debt_prior_fy_end, 3056_current_portion_of_long_term_debt_current_quarter_end), 2.0)","{""op"": ""ratio"", ""left"": {""op"": ""sum"", ""left"": {""leaf"": ""3057_current_portion_of_long_term_debt_prior_fy_end"", ""depth"": 0}, ""right"": {""leaf"": ""3056_current_portion_of_long_term_debt_current_quarter_end"", ""depth"": 0}, ""depth"": 1}, ""right"": {""literal"": 2.0, ""depth"": 0}, ""depth"": 2}","{""kind"": ""time_agg"", ""op"": ""avg"", ""depth"": 0}",157.5,2,0,2,947860056,294184959,918663111,0.502,0,1,2,3057_current_portion_of_long_term_debt_prior_fy_end,current_portion_of_long_term_debt,current portion of long term debt,CIV,"December 31, 2024",M_USD,152.0,3056_current_portion_of_long_term_debt_current_quarter_end,current_portion_of_long_term_debt,current portion of long term debt,CIV,"October 31, 2025",M_USD,163.0,,,,,,,,,,,,,,,,,,,,,,,,,,,,,,,,,,,,,,,,,,
229,1,"Calculate the difference between net cash from operating and net income for AST in Six Months Ended July 31, 2025","diff(4868_net_cash_from_operating_current_ytd, 4812_net_income_current_ytd)","{""op"": ""diff"", ""left"": {""leaf"": ""4868_net_cash_from_operating_current_ytd"", ""depth"": 0}, ""right"": {""leaf"": ""4812_net_income_current_ytd"", ""depth"": 0}, ""depth"": 1}","{""op"": ""diff"", ""left"": {""kind"": ""leaf"", ""semantic_type_in"": [""amount""], ""depth"": 0}, ""right"": {""kind"": ""leaf"", ""semantic_type_in"": [""amount""], ""depth"": 0}, ""depth"": 1, ""kind"": ""node""}",496.0,1,1,1,432033659,10019158,918663111,0.444,1,2,2,4868_net_cash_from_operating_current_ytd,net_cash_from_operating,net cash from operating,AST,"Six Months Ended July 31, 2025",M_USD,9954.0,4812_net_income_current_ytd,net_income,net income,AST,"Six Months Ended July 31, 2025",M_USD,9458.0,,,,,,,,,,,,,,,,,,,,,,,,,,,,,,,,,,,,,,,,,,
230,3,"determine the average prepaid expenses and other for VTL from December 31, 2024 to July 31, 2025 .","ratio(sum(sum(32_prepaid_expenses_and_other_current_quarter_end, 33_prepaid_expenses_and_other_prior_fy_end), 4090_prepaid_expenses_and_other_current_quarter_end), 3.0)","{""op"": ""ratio"", ""left"": {""op"": ""sum"", ""left"": {""op"": ""sum"", ""left"": {""leaf"": ""32_prepaid_expenses_and_other_current_quarter_end"", ""depth"": 0}, ""right"": {""leaf"": ""33_prepaid_expenses_and_other_prior_fy_end"", ""depth"": 0}, ""depth"": 1}, ""right"": {""leaf"": ""4090_prepaid_expenses_and_other_current_quarter_end"", ""depth"": 0}, ""depth"": 2}, ""right"": {""literal"": 3.0, ""depth"": 0}, ""depth"": 3}","{""kind"": ""time_agg"", ""op"": ""avg"", ""depth"": 0}",276.6666666666667,1,0,3,458020936,869437694,918663111,0.411,0,1,3,32_prepaid_expenses_and_other_current_quarter_end,prepaid_expenses_and_other,prepaid expenses and other,VTL,"April 30, 2025",M_USD,79.0,33_prepaid_expenses_and_other_prior_fy_end,prepaid_expenses_and_other,prepaid expenses and other,VTL,"December 31, 2024",M_USD,80.0,4090_prepaid_expenses_and_other_current_quarter_end,prepaid_expenses_and_other,prepaid expenses and other,VTL,"July 31, 2025",M_USD,671.0,,,,,,,,,,,,,,,,,,,,,,,,,,,,,,,,,,,
231,2,"Determine the average other non current assets for CRF from December 31, 2024 to October 31, 2025.","ratio(sum(1629_other_non_current_assets_prior_fy_end, 1628_other_non_current_assets_current_quarter_end), 2.0)","{""op"": ""ratio"", ""left"": {""op"": ""sum"", ""left"": {""leaf"": ""1629_other_non_current_assets_prior_fy_end"", ""depth"": 0}, ""right"": {""leaf"": ""1628_other_non_current_assets_current_quarter_end"", ""depth"": 0}, ""depth"": 1}, ""right"": {""literal"": 2.0, ""depth"": 0}, ""depth"": 2}","{""kind"": ""time_agg"", ""op"": ""avg"", ""depth"": 0}",750.5,3,0,2,780571640,11504243,918663111,0.287,0,1,2,1629_other_non_current_assets_prior_fy_end,other_non_current_assets,other non current assets,CRF,"December 31, 2024",M_USD,760.0,1628_other_non_current_assets_current_quarter_end,other_non_current_assets,other non current assets,CRF,"October 31, 2025",M_USD,741.0,,,,,,,,,,,,,,,,,,,,,,,,,,,,,,,,,,,,,,,,,,
232,1,"Compute the minimum of Patient service revenue for HLT from Three Months Ended October 31, 2024 to Three Months Ended October 31, 2025.","min(564_patient_service_revenue_prior_year_quarter, 560_patient_service_revenue_current_quarter)","{""op"": ""min"", ""left"": {""leaf"": ""564_patient_service_revenue_prior_year_quarter"", ""depth"": 0}, ""right"": {""leaf"": ""560_patient_service_revenue_current_quarter"", ""depth"": 0}, ""depth"": 1}","{""kind"": ""time_agg"", ""op"": ""min"", ""depth"": 0}",9575.0,4,0,1,493244440,688732909,918663111,0.382,0,1,2,564_patient_service_revenue_prior_year_quarter,patient_service_revenue,Patient service revenue,HLT,"Three Months Ended October 31, 2024",M_USD,9575.0,560_patient_service_revenue_current_quarter,patient_service_revenue,Patient service revenue,HLT,"Three Months Ended October 31, 2025",M_USD,10954.0,,,,,,,,,,,,,,,,,,,,,,,,,,,,,,,,,,,,,,,,,,
233,2,"Calculate the average cash and cash equivalents for BNK from December 31, 2024 to October 31, 2025","ratio(sum(4707_cash_and_cash_equivalents_prior_fy_end, 4706_cash_and_cash_equivalents_current_quarter_end), 2.0)","{""op"": ""ratio"", ""left"": {""op"": ""sum"", ""left"": {""leaf"": ""4707_cash_and_cash_equivalents_prior_fy_end"", ""depth"": 0}, ""right"": {""leaf"": ""4706_cash_and_cash_equivalents_current_quarter_end"", ""depth"": 0}, ""depth"": 1}, ""right"": {""literal"": 2.0, ""depth"": 0}, ""depth"": 2}","{""kind"": ""time_agg"", ""op"": ""avg"", ""depth"": 0}",3288.5,2,0,2,558417773,331310035,918663111,0.191,0,1,2,4707_cash_and_cash_equivalents_prior_fy_end,cash_and_cash_equivalents,cash and cash equivalents,BNK,"December 31, 2024",M_USD,3027.0,4706_cash_and_cash_equivalents_current_quarter_end,cash_and_cash_equivalents,cash and cash equivalents,BNK,"October 31, 2025",M_USD,3550.0,,,,,,,,,,,,,,,,,,,,,,,,,,,,,,,,,,,,,,,,,,
234,2,"what does the following give: average prepaid expenses and other for JTX from December 31, 2024 to April 30, 2025?","ratio(sum(4192_prepaid_expenses_and_other_current_quarter_end, 4193_prepaid_expenses_and_other_prior_fy_end), 2.0)","{""op"": ""ratio"", ""left"": {""op"": ""sum"", ""left"": {""leaf"": ""4192_prepaid_expenses_and_other_current_quarter_end"", ""depth"": 0}, ""right"": {""leaf"": ""4193_prepaid_expenses_and_other_prior_fy_end"", ""depth"": 0}, ""depth"": 1}, ""right"": {""literal"": 2.0, ""depth"": 0}, ""depth"": 2}","{""kind"": ""time_agg"", ""op"": ""avg"", ""depth"": 0}",315.5,2,0,2,405430310,481060512,918663111,0.283,0,1,2,4192_prepaid_expenses_and_other_current_quarter_end,prepaid_expenses_and_other,prepaid expenses and other,JTX,"April 30, 2025",M_USD,316.0,4193_prepaid_expenses_and_other_prior_fy_end,prepaid_expenses_and_other,prepaid expenses and other,JTX,"December 31, 2024",M_USD,315.0,,,,,,,,,,,,,,,,,,,,,,,,,,,,,,,,,,,,,,,,,,
235,1,"Calculate the maximum of inventories for STR from December 31, 2024 to July 31, 2025 .","max(3497_inventories_prior_fy_end, 3496_inventories_current_quarter_end)","{""op"": ""max"", ""left"": {""leaf"": ""3497_inventories_prior_fy_end"", ""depth"": 0}, ""right"": {""leaf"": ""3496_inventories_current_quarter_end"", ""depth"": 0}, ""depth"": 1}","{""kind"": ""time_agg"", ""op"": ""max"", ""depth"": 0}",201.0,2,0,1,310908393,300454652,918663111,0.418,0,1,2,3497_inventories_prior_fy_end,inventories,inventories,STR,"December 31, 2024",M_USD,201.0,3496_inventories_current_quarter_end,inventories,inventories,STR,"July 31, 2025",M_USD,196.0,,,,,,,,,,,,,,,,,,,,,,,,,,,,,,,,,,,,,,,,,,
236,1,"evaluate the maximum of total liabilities for MRT from December 31, 2024 to April 30, 2025.","max(1408_total_liabilities_current_quarter_end, 1409_total_liabilities_prior_fy_end)","{""op"": ""max"", ""left"": {""leaf"": ""1408_total_liabilities_current_quarter_end"", ""depth"": 0}, ""right"": {""leaf"": ""1409_total_liabilities_prior_fy_end"", ""depth"": 0}, ""depth"": 1}","{""kind"": ""time_agg"", ""op"": ""max"", ""depth"": 0}",54455.0,1,0,1,549019724,424001832,918663111,0.443,0,1,2,1408_total_liabilities_current_quarter_end,total_liabilities,total liabilities,MRT,"April 30, 2025",M_USD,54455.0,1409_total_liabilities_prior_fy_end,total_liabilities,total liabilities,MRT,"December 31, 2024",M_USD,47013.0,,,,,,,,,,,,,,,,,,,,,,,,,,,,,,,,,,,,,,,,,,
237,2,"may you give the maximum of total current assets for VTL from December 31, 2024 to July 31, 2025 ?","max(max(34_total_current_assets_current_quarter_end, 4093_total_current_assets_prior_fy_end), 4092_total_current_assets_current_quarter_end)","{""op"": ""max"", ""left"": {""op"": ""max"", ""left"": {""leaf"": ""34_total_current_assets_current_quarter_end"", ""depth"": 0}, ""right"": {""leaf"": ""4093_total_current_assets_prior_fy_end"", ""depth"": 0}, ""depth"": 1}, ""right"": {""leaf"": ""4092_total_current_assets_current_quarter_end"", ""depth"": 0}, ""depth"": 2}","{""kind"": ""time_agg"", ""op"": ""max"", ""depth"": 0}",6440.0,4,0,2,683017642,369705531,918663111,0.402,0,1,3,34_total_current_assets_current_quarter_end,total_current_assets,total current assets,VTL,"April 30, 2025",M_USD,512.0,4093_total_current_assets_prior_fy_end,total_current_assets,total current assets,VTL,"December 31, 2024",M_USD,5720.0,4092_total_current_assets_current_quarter_end,total_current_assets,total current assets,VTL,"July 31, 2025",M_USD,6440.0,,,,,,,,,,,,,,,,,,,,,,,,,,,,,,,,,,,
238,0,"You should give the dividends paid for SUP in Six Months Ended July 31, 2024 .",2733_dividends_paid_prior_ytd,"{""leaf"": ""2733_dividends_paid_prior_ytd"", ""depth"": 0}","{""kind"": ""leaf"", ""semantic_type_in"": [""amount""], ""depth"": 0}",-323.0,2,0,0,304643598,595515336,918663111,0.13,0,1,1,2733_dividends_paid_prior_ytd,dividends_paid,dividends paid,SUP,"Six Months Ended July 31, 2024",M_USD,-323.0,,,,,,,,,,,,,,,,,,,,,,,,,,,,,,,,,,,,,,,,,,,,,,,,,
239,1,"What's the value of the maximum of provision for income taxes for CLD from Three Months Ended April 30, 2024 to Three Months Ended April 30, 2025?","max(3715_provision_for_income_taxes_prior_year_quarter, 3362_provision_for_income_taxes_current_quarter)","{""op"": ""max"", ""left"": {""leaf"": ""3715_provision_for_income_taxes_prior_year_quarter"", ""depth"": 0}, ""right"": {""leaf"": ""3362_provision_for_income_taxes_current_quarter"", ""depth"": 0}, ""depth"": 1}","{""kind"": ""time_agg"", ""op"": ""max"", ""depth"": 0}",354.0,2,0,1,259262546,411101461,918663111,0.172,0,1,2,3715_provision_for_income_taxes_prior_year_quarter,provision_for_income_taxes,provision for income taxes,CLD,"Three Months Ended April 30, 2024",M_USD,123.0,3362_provision_for_income_taxes_current_quarter,provision_for_income_taxes,provision for income taxes,CLD,"Three Months Ended April 30, 2025",M_USD,354.0,,,,,,,,,,,,,,,,,,,,,,,,,,,,,,,,,,,,,,,,,,
240,2,"what does the following give: average total revenues for INF from Six Months Ended July 31, 2024 to Six Months Ended July 31, 2025?","ratio(sum(3797_total_revenues_prior_year_ytd, 3796_total_revenues_current_ytd), 2.0)","{""op"": ""ratio"", ""left"": {""op"": ""sum"", ""left"": {""leaf"": ""3797_total_revenues_prior_year_ytd"", ""depth"": 0}, ""right"": {""leaf"": ""3796_total_revenues_current_ytd"", ""depth"": 0}, ""depth"": 1}, ""right"": {""literal"": 2.0, ""depth"": 0}, ""depth"": 2}","{""kind"": ""time_agg"", ""op"": ""avg"", ""depth"": 0}",30157.0,1,0,2,448159375,985376618,918663111,0.157,0,1,2,3797_total_revenues_prior_year_ytd,total_revenues,total revenues,INF,"Six Months Ended July 31, 2024",M_USD,28946.0,3796_total_revenues_current_ytd,total_revenues,total revenues,INF,"Six Months Ended July 31, 2025",M_USD,31368.0,,,,,,,,,,,,,,,,,,,,,,,,,,,,,,,,,,,,,,,,,,
241,1,"may you calculate the maximum of operating income for TRU from Three Months Ended July 31, 2024 to Three Months Ended July 31, 2025 ?","max(597_operating_income_prior_year_quarter, 596_operating_income_current_quarter)","{""op"": ""max"", ""left"": {""leaf"": ""597_operating_income_prior_year_quarter"", ""depth"": 0}, ""right"": {""leaf"": ""596_operating_income_current_quarter"", ""depth"": 0}, ""depth"": 1}","{""kind"": ""time_agg"", ""op"": ""max"", ""depth"": 0}",3710.0,4,0,1,989722582,514070712,918663111,0.419,0,1,2,597_operating_income_prior_year_quarter,operating_income,operating income,TRU,"Three Months Ended July 31, 2024",M_USD,3243.0,596_operating_income_current_quarter,operating_income,operating income,TRU,"Three Months Ended July 31, 2025",M_USD,3710.0,,,,,,,,,,,,,,,,,,,,,,,,,,,,,,,,,,,,,,,,,,
242,1,"which value corresponds to the minimum of long term debt for MRT from December 31, 2024 to April 30, 2025","min(1402_long_term_debt_current_quarter_end, 1403_long_term_debt_prior_fy_end)","{""op"": ""min"", ""left"": {""leaf"": ""1402_long_term_debt_current_quarter_end"", ""depth"": 0}, ""right"": {""leaf"": ""1403_long_term_debt_prior_fy_end"", ""depth"": 0}, ""depth"": 1}","{""kind"": ""time_agg"", ""op"": ""min"", ""depth"": 0}",10718.0,4,0,1,622059585,442661993,918663111,0.576,0,1,2,1402_long_term_debt_current_quarter_end,long_term_debt,long term debt,MRT,"April 30, 2025",M_USD,12414.0,1403_long_term_debt_prior_fy_end,long_term_debt,long term debt,MRT,"December 31, 2024",M_USD,10718.0,,,,,,,,,,,,,,,,,,,,,,,,,,,,,,,,,,,,,,,,,,
243,1,"What does the following give: maximum of other non current assets for JTX from December 31, 2024 to April 30, 2025?","max(4202_other_non_current_assets_current_quarter_end, 4203_other_non_current_assets_prior_fy_end)","{""op"": ""max"", ""left"": {""leaf"": ""4202_other_non_current_assets_current_quarter_end"", ""depth"": 0}, ""right"": {""leaf"": ""4203_other_non_current_assets_prior_fy_end"", ""depth"": 0}, ""depth"": 1}","{""kind"": ""time_agg"", ""op"": ""max"", ""depth"": 0}",291.0,2,0,1,455557680,210506506,918663111,0.553,0,1,2,4202_other_non_current_assets_current_quarter_end,other_non_current_assets,other non current assets,JTX,"April 30, 2025",M_USD,291.0,4203_other_non_current_assets_prior_fy_end,other_non_current_assets,other non current assets,JTX,"December 31, 2024",M_USD,290.0,,,,,,,,,,,,,,,,,,,,,,,,,,,,,,,,,,,,,,,,,,
244,2,"Determine the average operating income for CLD from Three Months Ended April 30, 2024 to Three Months Ended April 30, 2025.","ratio(sum(3711_operating_income_prior_year_quarter, 3710_operating_income_current_quarter), 2.0)","{""op"": ""ratio"", ""left"": {""op"": ""sum"", ""left"": {""leaf"": ""3711_operating_income_prior_year_quarter"", ""depth"": 0}, ""right"": {""leaf"": ""3710_operating_income_current_quarter"", ""depth"": 0}, ""depth"": 1}, ""right"": {""literal"": 2.0, ""depth"": 0}, ""depth"": 2}","{""kind"": ""time_agg"", ""op"": ""avg"", ""depth"": 0}",681.0,4,0,2,157874673,953483794,918663111,0.536,0,1,2,3711_operating_income_prior_year_quarter,operating_income,operating income,CLD,"Three Months Ended April 30, 2024",M_USD,680.0,3710_operating_income_current_quarter,operating_income,operating income,CLD,"Three Months Ended April 30, 2025",M_USD,682.0,,,,,,,,,,,,,,,,,,,,,,,,,,,,,,,,,,,,,,,,,,
245,2,"which quantity is given by the average other non current liabilities for SCI from December 31, 2024 to July 31, 2025 ?","ratio(sum(5095_other_non_current_liabilities_prior_fy_end, 5094_other_non_current_liabilities_current_quarter_end), 2.0)","{""op"": ""ratio"", ""left"": {""op"": ""sum"", ""left"": {""leaf"": ""5095_other_non_current_liabilities_prior_fy_end"", ""depth"": 0}, ""right"": {""leaf"": ""5094_other_non_current_liabilities_current_quarter_end"", ""depth"": 0}, ""depth"": 1}, ""right"": {""literal"": 2.0, ""depth"": 0}, ""depth"": 2}","{""kind"": ""time_agg"", ""op"": ""avg"", ""depth"": 0}",141.5,3,0,2,950589602,511602105,918663111,0.27,0,1,2,5095_other_non_current_liabilities_prior_fy_end,other_non_current_liabilities,other non current liabilities,SCI,"December 31, 2024",M_USD,132.0,5094_other_non_current_liabilities_current_quarter_end,other_non_current_liabilities,other non current liabilities,SCI,"July 31, 2025",M_USD,151.0,,,,,,,,,,,,,,,,,,,,,,,,,,,,,,,,,,,,,,,,,,
246,1,"provide the minimum of other non current assets for VRX from December 31, 2024 to July 31, 2025 .","min(3157_other_non_current_assets_prior_fy_end, 3156_other_non_current_assets_current_quarter_end)","{""op"": ""min"", ""left"": {""leaf"": ""3157_other_non_current_assets_prior_fy_end"", ""depth"": 0}, ""right"": {""leaf"": ""3156_other_non_current_assets_current_quarter_end"", ""depth"": 0}, ""depth"": 1}","{""kind"": ""time_agg"", ""op"": ""min"", ""depth"": 0}",477.0,2,0,1,669749923,180016429,918663111,0.336,0,1,2,3157_other_non_current_assets_prior_fy_end,other_non_current_assets,other non current assets,VRX,"December 31, 2024",M_USD,477.0,3156_other_non_current_assets_current_quarter_end,other_non_current_assets,other non current assets,VRX,"July 31, 2025",M_USD,503.0,,,,,,,,,,,,,,,,,,,,,,,,,,,,,,,,,,,,,,,,,,
247,2,"you should calculate the average total current liabilities for CRZ from December 31, 2024 to October 31, 2025","ratio(sum(4971_total_current_liabilities_prior_fy_end, 4970_total_current_liabilities_current_quarter_end), 2.0)","{""op"": ""ratio"", ""left"": {""op"": ""sum"", ""left"": {""leaf"": ""4971_total_current_liabilities_prior_fy_end"", ""depth"": 0}, ""right"": {""leaf"": ""4970_total_current_liabilities_current_quarter_end"", ""depth"": 0}, ""depth"": 1}, ""right"": {""literal"": 2.0, ""depth"": 0}, ""depth"": 2}","{""kind"": ""time_agg"", ""op"": ""avg"", ""depth"": 0}",3595.5,2,0,2,115129541,316330029,918663111,0.365,0,1,2,4971_total_current_liabilities_prior_fy_end,total_current_liabilities,total current liabilities,CRZ,"December 31, 2024",M_USD,3519.0,4970_total_current_liabilities_current_quarter_end,total_current_liabilities,total current liabilities,CRZ,"October 31, 2025",M_USD,3672.0,,,,,,,,,,,,,,,,,,,,,,,,,,,,,,,,,,,,,,,,,,
248,2,"What's the value of the result of maximum of accounts payable for CLR from December 31, 2024 to October 31, 2025 scaled by growth in total costs and expenses for CLR from Nine Months Ended October 31, 2024 to Nine Months Ended October 31, 2025","mul(max(169_accounts_payable_prior_fy_end, 168_accounts_payable_current_quarter_end), growth(118_total_costs_and_expenses_current_ytd, 119_total_costs_and_expenses_prior_year_ytd))","{""op"": ""mul"", ""left"": {""op"": ""max"", ""left"": {""leaf"": ""169_accounts_payable_prior_fy_end"", ""depth"": 0}, ""right"": {""leaf"": ""168_accounts_payable_current_quarter_end"", ""depth"": 0}, ""depth"": 1}, ""right"": {""op"": ""growth"", ""left"": {""leaf"": ""118_total_costs_and_expenses_current_ytd"", ""depth"": 0}, ""right"": {""leaf"": ""119_total_costs_and_expenses_prior_year_ytd"", ""depth"": 0}, ""depth"": 1}, ""depth"": 2}","{""op"": ""mul"", ""left"": {""kind"": ""time_agg"", ""op"": ""max"", ""depth"": 0}, ""right"": {""op"": ""growth"", ""left"": {""kind"": ""leaf"", ""semantic_type_in"": [""amount""], ""depth"": 0}, ""right"": {""kind"": ""leaf"", ""semantic_type_in"": [""amount""], ""depth"": 0}, ""depth"": 1, ""kind"": ""node""}, ""depth"": 2, ""kind"": ""node""}",-73.20099183197199,4,2,2,493035913,965376179,918663111,0.327,2,3,4,169_accounts_payable_prior_fy_end,accounts_payable,accounts payable,CLR,"December 31, 2024",M_USD,856.0,168_accounts_payable_current_quarter_end,accounts_payable,accounts payable,CLR,"October 31, 2025",M_USD,893.0,118_total_costs_and_expenses_current_ytd,total_costs_and_expenses,total costs and expenses,CLR,"Nine Months Ended October 31, 2025",M_USD,18882.0,119_total_costs_and_expenses_prior_year_ytd,total_costs_and_expenses,total costs and expenses,CLR,"Nine Months Ended October 31, 2024",M_USD,20568.0,,,,,,,,,,,,,,,,,,,,,,,,,,,,
249,4,"may you give the sum of sum of maximum of long term debt for SUP from December 31, 2024 to July 31, 2025 and ratio of sum of accounts receivable net for SUP in December 31, 2024 and accounts receivable net for SUP in July 31, 2025 to 2.0 and ratio of sum of sum of other non current liabilities for SUP in April 30, 2025 and other non current liabilities for SUP in December 31, 2024 and other non current liabilities for SUP in July 31, 2025 to 3.0 ?","sum(sum(max(max(866_long_term_debt_current_quarter_end, 2709_long_term_debt_prior_fy_end), 2708_long_term_debt_current_quarter_end), ratio(sum(2679_accounts_receivable_net_prior_fy_end, 2678_accounts_receivable_net_current_quarter_end), 2.0)), ratio(sum(sum(868_other_non_current_liabilities_current_quarter_end, 869_other_non_current_liabilities_prior_fy_end), 2710_other_non_current_liabilities_current_quarter_end), 3.0))","{""op"": ""sum"", ""left"": {""op"": ""sum"", ""left"": {""op"": ""max"", ""left"": {""op"": ""max"", ""left"": {""leaf"": ""866_long_term_debt_current_quarter_end"", ""depth"": 0}, ""right"": {""leaf"": ""2709_long_term_debt_prior_fy_end"", ""depth"": 0}, ""depth"": 1}, ""right"": {""leaf"": ""2708_long_term_debt_current_quarter_end"", ""depth"": 0}, ""depth"": 2}, ""right"": {""op"": ""ratio"", ""left"": {""op"": ""sum"", ""left"": {""leaf"": ""2679_accounts_receivable_net_prior_fy_end"", ""depth"": 0}, ""right"": {""leaf"": ""2678_accounts_receivable_net_current_quarter_end"", ""depth"": 0}, ""depth"": 1}, ""right"": {""literal"": 2.0, ""depth"": 0}, ""depth"": 2}, ""depth"": 3}, ""right"": {""op"": ""ratio"", ""left"": {""op"": ""sum"", ""left"": {""op"": ""sum"", ""left"": {""leaf"": ""868_other_non_current_liabilities_current_quarter_end"", ""depth"": 0}, ""right"": {""leaf"": ""869_other_non_current_liabilities_prior_fy_end"", ""depth"": 0}, ""depth"": 1}, ""right"": {""leaf"": ""2710_other_non_current_liabilities_current_quarter_end"", ""depth"": 0}, ""depth"": 2}, ""right"": {""literal"": 3.0, ""depth"": 0}, ""depth"": 3}, ""depth"": 4}","{""op"": ""sum"", ""left"": {""op"": ""sum"", ""left"": {""kind"": ""time_agg"", ""op"": ""max"", ""depth"": 0}, ""right"": {""kind"": ""time_agg"", ""op"": ""avg"", ""depth"": 0}, ""depth"": 1, ""kind"": ""node""}, ""right"": {""kind"": ""time_agg"", ""op"": ""avg"", ""depth"": 0}, ""depth"": 2, ""kind"": ""node""}",8013.5,4,2,4,327602853,156851847,918663111,0.115,2,3,8,866_long_term_debt_current_quarter_end,long_term_debt,long term debt,SUP,"April 30, 2025",M_USD,3335.0,2709_long_term_debt_prior_fy_end,long_term_debt,long term debt,SUP,"December 31, 2024",M_USD,2896.0,2708_long_term_debt_current_quarter_end,long_term_debt,long term debt,SUP,"July 31, 2025",M_USD,2723.0,2679_accounts_receivable_net_prior_fy_end,accounts_receivable_net,accounts receivable net,SUP,"December 31, 2024",M_USD,3536.0,2678_accounts_receivable_net_current_quarter_end,accounts_receivable_net,accounts receivable net,SUP,"July 31, 2025",M_USD,3325.0,868_other_non_current_liabilities_current_quarter_end,other_non_current_liabilities,other non current liabilities,SUP,"April 30, 2025",M_USD,1274.0,869_other_non_current_liabilities_prior_fy_end,other_non_current_liabilities,other non current liabilities,SUP,"December 31, 2024",M_USD,1155.0,2710_other_non_current_liabilities_current_quarter_end,other_non_current_liabilities,other non current liabilities,SUP,"July 31, 2025",M_USD,1315.0
250,2,"whats the value of the average total current liabilities for DTA from December 31, 2024 to April 30, 2025 ?","ratio(sum(4526_total_current_liabilities_current_quarter_end, 4527_total_current_liabilities_prior_fy_end), 2.0)","{""op"": ""ratio"", ""left"": {""op"": ""sum"", ""left"": {""leaf"": ""4526_total_current_liabilities_current_quarter_end"", ""depth"": 0}, ""right"": {""leaf"": ""4527_total_current_liabilities_prior_fy_end"", ""depth"": 0}, ""depth"": 1}, ""right"": {""literal"": 2.0, ""depth"": 0}, ""depth"": 2}","{""kind"": ""time_agg"", ""op"": ""avg"", ""depth"": 0}",8733.0,1,0,2,363715768,323768680,918663111,0.339,0,1,2,4526_total_current_liabilities_current_quarter_end,total_current_liabilities,total current liabilities,DTA,"April 30, 2025",M_USD,8666.0,4527_total_current_liabilities_prior_fy_end,total_current_liabilities,total current liabilities,DTA,"December 31, 2024",M_USD,8800.0,,,,,,,,,,,,,,,,,,,,,,,,,,,,,,,,,,,,,,,,,,
251,1,"What do we obtain as the minimum of long term marketable securities for HLT from December 31, 2024 to July 31, 2025?","min(3279_long_term_marketable_securities_prior_fy_end, 3278_long_term_marketable_securities_current_quarter_end)","{""op"": ""min"", ""left"": {""leaf"": ""3279_long_term_marketable_securities_prior_fy_end"", ""depth"": 0}, ""right"": {""leaf"": ""3278_long_term_marketable_securities_current_quarter_end"", ""depth"": 0}, ""depth"": 1}","{""kind"": ""time_agg"", ""op"": ""min"", ""depth"": 0}",1532.0,2,0,1,928286514,926872274,918663111,0.357,0,1,2,3279_long_term_marketable_securities_prior_fy_end,long_term_marketable_securities,long term marketable securities,HLT,"December 31, 2024",M_USD,1532.0,3278_long_term_marketable_securities_current_quarter_end,long_term_marketable_securities,long term marketable securities,HLT,"July 31, 2025",M_USD,1725.0,,,,,,,,,,,,,,,,,,,,,,,,,,,,,,,,,,,,,,,,,,
252,1,"You should calculate the minimum of total non current liabilities for SCI from December 31, 2024 to July 31, 2025.","min(5097_total_non_current_liabilities_prior_fy_end, 5096_total_non_current_liabilities_current_quarter_end)","{""op"": ""min"", ""left"": {""leaf"": ""5097_total_non_current_liabilities_prior_fy_end"", ""depth"": 0}, ""right"": {""leaf"": ""5096_total_non_current_liabilities_current_quarter_end"", ""depth"": 0}, ""depth"": 1}","{""kind"": ""time_agg"", ""op"": ""min"", ""depth"": 0}",1071.0,3,0,1,791779423,830396552,918663111,0.443,0,1,2,5097_total_non_current_liabilities_prior_fy_end,total_non_current_liabilities,total non current liabilities,SCI,"December 31, 2024",M_USD,1071.0,5096_total_non_current_liabilities_current_quarter_end,total_non_current_liabilities,total non current liabilities,SCI,"July 31, 2025",M_USD,1227.0,,,,,,,,,,,,,,,,,,,,,,,,,,,,,,,,,,,,,,,,,,
253,2,"You should calculate the average inventories for MDI from December 31, 2024 to October 31, 2025","ratio(sum(5633_inventories_prior_fy_end, 5632_inventories_current_quarter_end), 2.0)","{""op"": ""ratio"", ""left"": {""op"": ""sum"", ""left"": {""leaf"": ""5633_inventories_prior_fy_end"", ""depth"": 0}, ""right"": {""leaf"": ""5632_inventories_current_quarter_end"", ""depth"": 0}, ""depth"": 1}, ""right"": {""literal"": 2.0, ""depth"": 0}, ""depth"": 2}","{""kind"": ""time_agg"", ""op"": ""avg"", ""depth"": 0}",14.0,4,0,2,312521450,721049123,918663111,0.302,0,1,2,5633_inventories_prior_fy_end,inventories,inventories,MDI,"December 31, 2024",M_USD,14.0,5632_inventories_current_quarter_end,inventories,inventories,MDI,"October 31, 2025",M_USD,14.0,,,,,,,,,,,,,,,,,,,,,,,,,,,,,,,,,,,,,,,,,,
254,4,"which quantity is given by the total current assets for PRD in October 31, 2025",total_current_assets,"{""derived"": ""total_current_assets"", ""expanded"": {""op"": ""sum"", ""left"": {""op"": ""sum"", ""left"": {""op"": ""sum"", ""left"": {""op"": ""sum"", ""left"": {""leaf"": ""1850_cash_and_cash_equivalents_current_quarter_end"", ""depth"": 0}, ""right"": {""leaf"": ""1852_short_term_investments_current_quarter_end"", ""depth"": 0}, ""depth"": 1}, ""right"": {""leaf"": ""1854_accounts_receivable_net_current_quarter_end"", ""depth"": 0}, ""depth"": 2}, ""right"": {""leaf"": ""1856_inventories_current_quarter_end"", ""depth"": 0}, ""depth"": 3}, ""right"": {""leaf"": ""1858_prepaid_expenses_and_other_current_quarter_end"", ""depth"": 0}, ""depth"": 4}, ""depth"": 4}","{""kind"": ""derived_concept"", ""name"": ""total_current_assets"", ""depth"": 0}",11669.0,1,0,4,816391147,372862630,918663111,0.321,0,1,5,1850_cash_and_cash_equivalents_current_quarter_end,cash_and_cash_equivalents,cash and cash equivalents,PRD,"October 31, 2025",M_USD,2546.0,1852_short_term_investments_current_quarter_end,short_term_investments,short term investments,PRD,"October 31, 2025",M_USD,1687.0,1854_accounts_receivable_net_current_quarter_end,accounts_receivable_net,accounts receivable net,PRD,"October 31, 2025",M_USD,1939.0,1856_inventories_current_quarter_end,inventories,inventories,PRD,"October 31, 2025",M_USD,4315.0,1858_prepaid_expenses_and_other_current_quarter_end,prepaid_expenses_and_other,prepaid expenses and other,PRD,"October 31, 2025",M_USD,1182.0,,,,,,,,,,,,,,,,,,,,,
255,0,"could you give the accrued expenses and other for QRK in April 30, 2026",3646_accrued_expenses_and_other_current_quarter_end,"{""leaf"": ""3646_accrued_expenses_and_other_current_quarter_end"", ""depth"": 0}","{""kind"": ""leaf"", ""semantic_type_in"": [""amount""], ""depth"": 0}",4702.0,1,0,0,585434167,574887148,918663111,0.55,0,1,1,3646_accrued_expenses_and_other_current_quarter_end,accrued_expenses_and_other,accrued expenses and other,QRK,"April 30, 2026",M_USD,4702.0,,,,,,,,,,,,,,,,,,,,,,,,,,,,,,,,,,,,,,,,,,,,,,,,,
256,1,"which quantity is given by the minimum of gross profit for QRK from Six Months Ended April 30, 2025 to Six Months Ended April 30, 2026","min(3581_gross_profit_prior_year_ytd, 3580_gross_profit_current_ytd)","{""op"": ""min"", ""left"": {""leaf"": ""3581_gross_profit_prior_year_ytd"", ""depth"": 0}, ""right"": {""leaf"": ""3580_gross_profit_current_ytd"", ""depth"": 0}, ""depth"": 1}","{""kind"": ""time_agg"", ""op"": ""min"", ""depth"": 0}",98250.0,3,0,1,832167093,815609076,918663111,0.344,0,1,2,3581_gross_profit_prior_year_ytd,gross_profit,gross profit,QRK,"Six Months Ended April 30, 2025",M_USD,110024.0,3580_gross_profit_current_ytd,gross_profit,gross profit,QRK,"Six Months Ended April 30, 2026",M_USD,98250.0,,,,,,,,,,,,,,,,,,,,,,,,,,,,,,,,,,,,,,,,,,
257,1,"what is the value of the maximum of total non current assets for BNK from December 31, 2024 to October 31, 2025 ?","max(4727_total_non_current_assets_prior_fy_end, 4726_total_non_current_assets_current_quarter_end)","{""op"": ""max"", ""left"": {""leaf"": ""4727_total_non_current_assets_prior_fy_end"", ""depth"": 0}, ""right"": {""leaf"": ""4726_total_non_current_assets_current_quarter_end"", ""depth"": 0}, ""depth"": 1}","{""kind"": ""time_agg"", ""op"": ""max"", ""depth"": 0}",9893.0,1,0,1,41203913,527634871,918663111,0.488,0,1,2,4727_total_non_current_assets_prior_fy_end,total_non_current_assets,total non current assets,BNK,"December 31, 2024",M_USD,8438.0,4726_total_non_current_assets_current_quarter_end,total_non_current_assets,total non current assets,BNK,"October 31, 2025",M_USD,9893.0,,,,,,,,,,,,,,,,,,,,,,,,,,,,,,,,,,,,,,,,,,
258,1,"what would be the minimum of accounts receivable net for FAB from December 31, 2024 to July 31, 2025","min(3975_accounts_receivable_net_prior_fy_end, 3974_accounts_receivable_net_current_quarter_end)","{""op"": ""min"", ""left"": {""leaf"": ""3975_accounts_receivable_net_prior_fy_end"", ""depth"": 0}, ""right"": {""leaf"": ""3974_accounts_receivable_net_current_quarter_end"", ""depth"": 0}, ""depth"": 1}","{""kind"": ""time_agg"", ""op"": ""min"", ""depth"": 0}",3581.0,1,0,1,906579646,349895726,918663111,0.577,0,1,2,3975_accounts_receivable_net_prior_fy_end,accounts_receivable_net,accounts receivable net,FAB,"December 31, 2024",M_USD,3635.0,3974_accounts_receivable_net_current_quarter_end,accounts_receivable_net,accounts receivable net,FAB,"July 31, 2025",M_USD,3581.0,,,,,,,,,,,,,,,,,,,,,,,,,,,,,,,,,,,,,,,,,,
259,1,"May you give the minimum of accrued expenses and other for PRD from December 31, 2024 to October 31, 2025","min(1879_accrued_expenses_and_other_prior_fy_end, 1878_accrued_expenses_and_other_current_quarter_end)","{""op"": ""min"", ""left"": {""leaf"": ""1879_accrued_expenses_and_other_prior_fy_end"", ""depth"": 0}, ""right"": {""leaf"": ""1878_accrued_expenses_and_other_current_quarter_end"", ""depth"": 0}, ""depth"": 1}","{""kind"": ""time_agg"", ""op"": ""min"", ""depth"": 0}",1502.0,3,0,1,787376304,992495284,918663111,0.33,0,1,2,1879_accrued_expenses_and_other_prior_fy_end,accrued_expenses_and_other,accrued expenses and other,PRD,"December 31, 2024",M_USD,1502.0,1878_accrued_expenses_and_other_current_quarter_end,accrued_expenses_and_other,accrued expenses and other,PRD,"October 31, 2025",M_USD,1662.0,,,,,,,,,,,,,,,,,,,,,,,,,,,,,,,,,,,,,,,,,,
260,2,"Provide the average property plant and equipment net for CLD from December 31, 2024 to April 30, 2025.","ratio(sum(3384_property_plant_and_equipment_net_current_quarter_end, 3385_property_plant_and_equipment_net_prior_fy_end), 2.0)","{""op"": ""ratio"", ""left"": {""op"": ""sum"", ""left"": {""leaf"": ""3384_property_plant_and_equipment_net_current_quarter_end"", ""depth"": 0}, ""right"": {""leaf"": ""3385_property_plant_and_equipment_net_prior_fy_end"", ""depth"": 0}, ""depth"": 1}, ""right"": {""literal"": 2.0, ""depth"": 0}, ""depth"": 2}","{""kind"": ""time_agg"", ""op"": ""avg"", ""depth"": 0}",2465.0,1,0,2,505723343,333993782,918663111,0.185,0,1,2,3384_property_plant_and_equipment_net_current_quarter_end,property_plant_and_equipment_net,property plant and equipment net,CLD,"April 30, 2025",M_USD,2572.0,3385_property_plant_and_equipment_net_prior_fy_end,property_plant_and_equipment_net,property plant and equipment net,CLD,"December 31, 2024",M_USD,2358.0,,,,,,,,,,,,,,,,,,,,,,,,,,,,,,,,,,,,,,,,,,
261,1,"You should give the maximum of prepaid expenses and other for STR from December 31, 2024 to July 31, 2025 .","max(3499_prepaid_expenses_and_other_prior_fy_end, 3498_prepaid_expenses_and_other_current_quarter_end)","{""op"": ""max"", ""left"": {""leaf"": ""3499_prepaid_expenses_and_other_prior_fy_end"", ""depth"": 0}, ""right"": {""leaf"": ""3498_prepaid_expenses_and_other_current_quarter_end"", ""depth"": 0}, ""depth"": 1}","{""kind"": ""time_agg"", ""op"": ""max"", ""depth"": 0}",669.0,1,0,1,891169641,725125596,918663111,0.466,0,1,2,3499_prepaid_expenses_and_other_prior_fy_end,prepaid_expenses_and_other,prepaid expenses and other,STR,"December 31, 2024",M_USD,669.0,3498_prepaid_expenses_and_other_current_quarter_end,prepaid_expenses_and_other,prepaid expenses and other,STR,"July 31, 2025",M_USD,654.0,,,,,,,,,,,,,,,,,,,,,,,,,,,,,,,,,,,,,,,,,,
262,1,"what do we obtain as the maximum of goodwill for HLT from December 31, 2024 to July 31, 2025?","max(1499_goodwill_prior_fy_end, 2434_goodwill_current_quarter_end)","{""op"": ""max"", ""left"": {""leaf"": ""1499_goodwill_prior_fy_end"", ""depth"": 0}, ""right"": {""leaf"": ""2434_goodwill_current_quarter_end"", ""depth"": 0}, ""depth"": 1}","{""kind"": ""time_agg"", ""op"": ""max"", ""depth"": 0}",2166.0,2,0,1,313253401,458099643,918663111,0.288,0,1,2,1499_goodwill_prior_fy_end,goodwill,goodwill,HLT,"December 31, 2024",M_USD,2159.0,2434_goodwill_current_quarter_end,goodwill,goodwill,HLT,"July 31, 2025",M_USD,2166.0,,,,,,,,,,,,,,,,,,,,,,,,,,,,,,,,,,,,,,,,,,
263,1,"what's the value of the minimum of research and development for CLD from Three Months Ended April 30, 2024 to Three Months Ended April 30, 2025 ?","min(3353_research_and_development_prior_year_quarter, 3352_research_and_development_current_quarter)","{""op"": ""min"", ""left"": {""leaf"": ""3353_research_and_development_prior_year_quarter"", ""depth"": 0}, ""right"": {""leaf"": ""3352_research_and_development_current_quarter"", ""depth"": 0}, ""depth"": 1}","{""kind"": ""time_agg"", ""op"": ""min"", ""depth"": 0}",2000.0,3,0,1,969524934,581024664,918663111,0.322,0,1,2,3353_research_and_development_prior_year_quarter,research_and_development,research and development,CLD,"Three Months Ended April 30, 2024",M_USD,2000.0,3352_research_and_development_current_quarter,research_and_development,research and development,CLD,"Three Months Ended April 30, 2025",M_USD,2071.0,,,,,,,,,,,,,,,,,,,,,,,,,,,,,,,,,,,,,,,,,,
264,1,"What's the value of the minimum of long term marketable securities for CIV from December 31, 2024 to October 31, 2025 ?","min(3039_long_term_marketable_securities_prior_fy_end, 3038_long_term_marketable_securities_current_quarter_end)","{""op"": ""min"", ""left"": {""leaf"": ""3039_long_term_marketable_securities_prior_fy_end"", ""depth"": 0}, ""right"": {""leaf"": ""3038_long_term_marketable_securities_current_quarter_end"", ""depth"": 0}, ""depth"": 1}","{""kind"": ""time_agg"", ""op"": ""min"", ""depth"": 0}",163.0,3,0,1,374109729,304281181,918663111,0.215,0,1,2,3039_long_term_marketable_securities_prior_fy_end,long_term_marketable_securities,long term marketable securities,CIV,"December 31, 2024",M_USD,163.0,3038_long_term_marketable_securities_current_quarter_end,long_term_marketable_securities,long term marketable securities,CIV,"October 31, 2025",M_USD,174.0,,,,,,,,,,,,,,,,,,,,,,,,,,,,,,,,,,,,,,,,,,
265,3,"state the result of ratio of sum of inventories for TRU in December 31, 2024 and inventories for TRU in July 31, 2025 to 2.0 scaled by growth in long term marketable securities for TRU from December 31, 2024 to July 31, 2025.","mul(ratio(sum(743_inventories_prior_fy_end, 742_inventories_current_quarter_end), 2.0), growth(1169_long_term_marketable_securities_prior_fy_end, 632_long_term_marketable_securities_current_quarter_end))","{""op"": ""mul"", ""left"": {""op"": ""ratio"", ""left"": {""op"": ""sum"", ""left"": {""leaf"": ""743_inventories_prior_fy_end"", ""depth"": 0}, ""right"": {""leaf"": ""742_inventories_current_quarter_end"", ""depth"": 0}, ""depth"": 1}, ""right"": {""literal"": 2.0, ""depth"": 0}, ""depth"": 2}, ""right"": {""op"": ""growth"", ""left"": {""leaf"": ""1169_long_term_marketable_securities_prior_fy_end"", ""depth"": 0}, ""right"": {""leaf"": ""632_long_term_marketable_securities_current_quarter_end"", ""depth"": 0}, ""depth"": 1}, ""depth"": 3}","{""op"": ""mul"", ""left"": {""kind"": ""time_agg"", ""op"": ""avg"", ""depth"": 0}, ""right"": {""op"": ""growth"", ""left"": {""kind"": ""leaf"", ""semantic_type_in"": [""amount""], ""depth"": 0}, ""right"": {""kind"": ""leaf"", ""semantic_type_in"": [""amount""], ""depth"": 0}, ""depth"": 1, ""kind"": ""node""}, ""depth"": 2, ""kind"": ""node""}",-10.459328028293545,2,2,3,781422004,996544919,918663111,0.517,2,3,4,743_inventories_prior_fy_end,inventories,inventories,TRU,"December 31, 2024",M_USD,30.0,742_inventories_current_quarter_end,inventories,inventories,TRU,"July 31, 2025",M_USD,29.0,1169_long_term_marketable_securities_prior_fy_end,long_term_marketable_securities,long term marketable securities,TRU,"December 31, 2024",M_USD,5110.0,632_long_term_marketable_securities_current_quarter_end,long_term_marketable_securities,long term marketable securities,TRU,"July 31, 2025",M_USD,7917.0,,,,,,,,,,,,,,,,,,,,,,,,,,,,
266,1,"You should calculate the operating income for FAB in Six Months Ended July 31, 2025 .",operating_income,"{""derived"": ""operating_income"", ""expanded"": {""op"": ""diff"", ""left"": {""leaf"": ""3924_total_revenues_current_ytd"", ""depth"": 0}, ""right"": {""leaf"": ""3944_total_costs_and_expenses_current_ytd"", ""depth"": 0}, ""depth"": 1}, ""depth"": 1}","{""kind"": ""derived_concept"", ""name"": ""operating_income"", ""depth"": 0}",12854.0,2,0,1,520987492,750170669,918663111,0.249,0,1,2,3924_total_revenues_current_ytd,total_revenues,total revenues,FAB,"Six Months Ended July 31, 2025",M_USD,59564.0,3944_total_costs_and_expenses_current_ytd,total_costs_and_expenses,total costs and expenses,FAB,"Six Months Ended July 31, 2025",M_USD,46710.0,,,,,,,,,,,,,,,,,,,,,,,,,,,,,,,,,,,,,,,,,,
267,1,"What's the value of the minimum of cash and cash equivalents for CRF from December 31, 2024 to October 31, 2025 ?","min(1611_cash_and_cash_equivalents_prior_fy_end, 1610_cash_and_cash_equivalents_current_quarter_end)","{""op"": ""min"", ""left"": {""leaf"": ""1611_cash_and_cash_equivalents_prior_fy_end"", ""depth"": 0}, ""right"": {""leaf"": ""1610_cash_and_cash_equivalents_current_quarter_end"", ""depth"": 0}, ""depth"": 1}","{""kind"": ""time_agg"", ""op"": ""min"", ""depth"": 0}",1199.0,4,0,1,249096671,802604598,918663111,0.166,0,1,2,1611_cash_and_cash_equivalents_prior_fy_end,cash_and_cash_equivalents,cash and cash equivalents,CRF,"December 31, 2024",M_USD,1230.0,1610_cash_and_cash_equivalents_current_quarter_end,cash_and_cash_equivalents,cash and cash equivalents,CRF,"October 31, 2025",M_USD,1199.0,,,,,,,,,,,,,,,,,,,,,,,,,,,,,,,,,,,,,,,,,,
268,3,"whats the value of the minimum of goodwill for CRX from December 31, 2024 to January 31, 2026 ?","min(min(min(5203_goodwill_prior_fy_end, 4606_goodwill_current_quarter_end), 5202_goodwill_current_quarter_end), 4607_goodwill_prior_fy_end)","{""op"": ""min"", ""left"": {""op"": ""min"", ""left"": {""op"": ""min"", ""left"": {""leaf"": ""5203_goodwill_prior_fy_end"", ""depth"": 0}, ""right"": {""leaf"": ""4606_goodwill_current_quarter_end"", ""depth"": 0}, ""depth"": 1}, ""right"": {""leaf"": ""5202_goodwill_current_quarter_end"", ""depth"": 0}, ""depth"": 2}, ""right"": {""leaf"": ""4607_goodwill_prior_fy_end"", ""depth"": 0}, ""depth"": 3}","{""kind"": ""time_agg"", ""op"": ""min"", ""depth"": 0}",2764.0,1,0,3,933691445,257970227,918663111,0.284,0,1,4,5203_goodwill_prior_fy_end,goodwill,goodwill,CRX,"December 31, 2024",M_USD,2764.0,4606_goodwill_current_quarter_end,goodwill,goodwill,CRX,"January 31, 2026",M_USD,12180.0,5202_goodwill_current_quarter_end,goodwill,goodwill,CRX,"October 31, 2025",M_USD,2881.0,4607_goodwill_prior_fy_end,goodwill,goodwill,CRX,"September 30, 2025",M_USD,10425.0,,,,,,,,,,,,,,,,,,,,,,,,,,,,
269,0,"which value corresponds to the goodwill for MED in October 31, 2025",1048_goodwill_current_quarter_end,"{""leaf"": ""1048_goodwill_current_quarter_end"", ""depth"": 0}","{""kind"": ""leaf"", ""semantic_type_in"": [""amount""], ""depth"": 0}",1577.0,1,0,0,850336399,296461285,918663111,0.172,0,1,1,1048_goodwill_current_quarter_end,goodwill,goodwill,MED,"October 31, 2025",M_USD,1577.0,,,,,,,,,,,,,,,,,,,,,,,,,,,,,,,,,,,,,,,,,,,,,,,,,
270,2,"Compute the average net cash from operating for SCI from Six Months Ended July 31, 2024 to Six Months Ended July 31, 2025","ratio(sum(5105_net_cash_from_operating_prior_ytd, 5104_net_cash_from_operating_current_ytd), 2.0)","{""op"": ""ratio"", ""left"": {""op"": ""sum"", ""left"": {""leaf"": ""5105_net_cash_from_operating_prior_ytd"", ""depth"": 0}, ""right"": {""leaf"": ""5104_net_cash_from_operating_current_ytd"", ""depth"": 0}, ""depth"": 1}, ""right"": {""literal"": 2.0, ""depth"": 0}, ""depth"": 2}","{""kind"": ""time_agg"", ""op"": ""avg"", ""depth"": 0}",1823.0,3,0,2,241444686,768927666,918663111,0.292,0,1,2,5105_net_cash_from_operating_prior_ytd,net_cash_from_operating,net cash from operating,SCI,"Six Months Ended July 31, 2024",M_USD,1762.0,5104_net_cash_from_operating_current_ytd,net_cash_from_operating,net cash from operating,SCI,"Six Months Ended July 31, 2025",M_USD,1884.0,,,,,,,,,,,,,,,,,,,,,,,,,,,,,,,,,,,,,,,,,,
271,1,"Calculate the minimum of total assets for QRK from September 30, 2025 to April 30, 2026 .","min(3640_total_assets_current_quarter_end, 3641_total_assets_prior_fy_end)","{""op"": ""min"", ""left"": {""leaf"": ""3640_total_assets_current_quarter_end"", ""depth"": 0}, ""right"": {""leaf"": ""3641_total_assets_prior_fy_end"", ""depth"": 0}, ""depth"": 1}","{""kind"": ""time_agg"", ""op"": ""min"", ""depth"": 0}",114192.0,1,0,1,322856145,420493616,918663111,0.261,0,1,2,3640_total_assets_current_quarter_end,total_assets,total assets,QRK,"April 30, 2026",M_USD,114192.0,3641_total_assets_prior_fy_end,total_assets,total assets,QRK,"September 30, 2025",M_USD,120804.0,,,,,,,,,,,,,,,,,,,,,,,,,,,,,,,,,,,,,,,,,,
272,1,"Provide the maximum of cost of sales for AVX from Three Months Ended October 31, 2024 to Three Months Ended October 31, 2025","max(1233_cost_of_sales_prior_year_quarter, 1232_cost_of_sales_current_quarter)","{""op"": ""max"", ""left"": {""leaf"": ""1233_cost_of_sales_prior_year_quarter"", ""depth"": 0}, ""right"": {""leaf"": ""1232_cost_of_sales_current_quarter"", ""depth"": 0}, ""depth"": 1}","{""kind"": ""time_agg"", ""op"": ""max"", ""depth"": 0}",655.0,2,0,1,649459537,266165711,918663111,0.134,0,1,2,1233_cost_of_sales_prior_year_quarter,cost_of_sales,cost of sales,AVX,"Three Months Ended October 31, 2024",M_USD,655.0,1232_cost_of_sales_current_quarter,cost_of_sales,cost of sales,AVX,"Three Months Ended October 31, 2025",M_USD,643.0,,,,,,,,,,,,,,,,,,,,,,,,,,,,,,,,,,,,,,,,,,
273,2,"what is the value of the average provision for income taxes for BRX from Six Months Ended July 31, 2024 to Six Months Ended July 31, 2025 ?","ratio(sum(371_provision_for_income_taxes_prior_year_ytd, 370_provision_for_income_taxes_current_ytd), 2.0)","{""op"": ""ratio"", ""left"": {""op"": ""sum"", ""left"": {""leaf"": ""371_provision_for_income_taxes_prior_year_ytd"", ""depth"": 0}, ""right"": {""leaf"": ""370_provision_for_income_taxes_current_ytd"", ""depth"": 0}, ""depth"": 1}, ""right"": {""literal"": 2.0, ""depth"": 0}, ""depth"": 2}","{""kind"": ""time_agg"", ""op"": ""avg"", ""depth"": 0}",7967.0,4,0,2,682228844,856258645,918663111,0.482,0,1,2,371_provision_for_income_taxes_prior_year_ytd,provision_for_income_taxes,provision for income taxes,BRX,"Six Months Ended July 31, 2024",M_USD,8050.0,370_provision_for_income_taxes_current_ytd,provision_for_income_taxes,provision for income taxes,BRX,"Six Months Ended July 31, 2025",M_USD,7884.0,,,,,,,,,,,,,,,,,,,,,,,,,,,,,,,,,,,,,,,,,,
274,2,"Which quantity is given by the average total liabilities for PRF from December 31, 2024 to April 30, 2025 ?","ratio(sum(2222_total_liabilities_current_quarter_end, 2587_total_liabilities_prior_fy_end), 2.0)","{""op"": ""ratio"", ""left"": {""op"": ""sum"", ""left"": {""leaf"": ""2222_total_liabilities_current_quarter_end"", ""depth"": 0}, ""right"": {""leaf"": ""2587_total_liabilities_prior_fy_end"", ""depth"": 0}, ""depth"": 1}, ""right"": {""literal"": 2.0, ""depth"": 0}, ""depth"": 2}","{""kind"": ""time_agg"", ""op"": ""avg"", ""depth"": 0}",3205.5,3,0,2,22903177,672498550,918663111,0.119,0,1,2,2222_total_liabilities_current_quarter_end,total_liabilities,total liabilities,PRF,"April 30, 2025",M_USD,735.0,2587_total_liabilities_prior_fy_end,total_liabilities,total liabilities,PRF,"December 31, 2024",M_USD,5676.0,,,,,,,,,,,,,,,,,,,,,,,,,,,,,,,,,,,,,,,,,,
275,2,"compute the average inventories for FIN from December 31, 2024 to April 30, 2025","ratio(sum(4280_inventories_current_quarter_end, 4281_inventories_prior_fy_end), 2.0)","{""op"": ""ratio"", ""left"": {""op"": ""sum"", ""left"": {""leaf"": ""4280_inventories_current_quarter_end"", ""depth"": 0}, ""right"": {""leaf"": ""4281_inventories_prior_fy_end"", ""depth"": 0}, ""depth"": 1}, ""right"": {""literal"": 2.0, ""depth"": 0}, ""depth"": 2}","{""kind"": ""time_agg"", ""op"": ""avg"", ""depth"": 0}",31.0,3,0,2,822333206,401570058,918663111,0.244,0,1,2,4280_inventories_current_quarter_end,inventories,inventories,FIN,"April 30, 2025",M_USD,33.0,4281_inventories_prior_fy_end,inventories,inventories,FIN,"December 31, 2024",M_USD,29.0,,,,,,,,,,,,,,,,,,,,,,,,,,,,,,,,,,,,,,,,,,
276,2,"Which quantity is given by the average total assets for QRK from September 30, 2025 to April 30, 2026?","ratio(sum(3640_total_assets_current_quarter_end, 3641_total_assets_prior_fy_end), 2.0)","{""op"": ""ratio"", ""left"": {""op"": ""sum"", ""left"": {""leaf"": ""3640_total_assets_current_quarter_end"", ""depth"": 0}, ""right"": {""leaf"": ""3641_total_assets_prior_fy_end"", ""depth"": 0}, ""depth"": 1}, ""right"": {""literal"": 2.0, ""depth"": 0}, ""depth"": 2}","{""kind"": ""time_agg"", ""op"": ""avg"", ""depth"": 0}",117498.0,3,0,2,859229387,237345899,918663111,0.386,0,1,2,3640_total_assets_current_quarter_end,total_assets,total assets,QRK,"April 30, 2026",M_USD,114192.0,3641_total_assets_prior_fy_end,total_assets,total assets,QRK,"September 30, 2025",M_USD,120804.0,,,,,,,,,,,,,,,,,,,,,,,,,,,,,,,,,,,,,,,,,,
277,1,"which result follows from the minimum of cash and cash equivalents for PLZ from December 31, 2024 to July 31, 2025 ?","min(2091_cash_and_cash_equivalents_prior_fy_end, 2090_cash_and_cash_equivalents_current_quarter_end)","{""op"": ""min"", ""left"": {""leaf"": ""2091_cash_and_cash_equivalents_prior_fy_end"", ""depth"": 0}, ""right"": {""leaf"": ""2090_cash_and_cash_equivalents_current_quarter_end"", ""depth"": 0}, ""depth"": 1}","{""kind"": ""time_agg"", ""op"": ""min"", ""depth"": 0}",6326.0,4,0,1,533104931,125361149,918663111,0.262,0,1,2,2091_cash_and_cash_equivalents_prior_fy_end,cash_and_cash_equivalents,cash and cash equivalents,PLZ,"December 31, 2024",M_USD,6326.0,2090_cash_and_cash_equivalents_current_quarter_end,cash_and_cash_equivalents,cash and cash equivalents,PLZ,"July 31, 2025",M_USD,6497.0,,,,,,,,,,,,,,,,,,,,,,,,,,,,,,,,,,,,,,,,,,
278,2,"Could you give the average operating income for TPH from Three Months Ended October 31, 2024 to Three Months Ended October 31, 2025?","ratio(sum(2763_operating_income_prior_year_quarter, 2762_operating_income_current_quarter), 2.0)","{""op"": ""ratio"", ""left"": {""op"": ""sum"", ""left"": {""leaf"": ""2763_operating_income_prior_year_quarter"", ""depth"": 0}, ""right"": {""leaf"": ""2762_operating_income_current_quarter"", ""depth"": 0}, ""depth"": 1}, ""right"": {""literal"": 2.0, ""depth"": 0}, ""depth"": 2}","{""kind"": ""time_agg"", ""op"": ""avg"", ""depth"": 0}",5584.5,1,0,2,895979746,406007169,918663111,0.285,0,1,2,2763_operating_income_prior_year_quarter,operating_income,operating income,TPH,"Three Months Ended October 31, 2024",M_USD,5642.0,2762_operating_income_current_quarter,operating_income,operating income,TPH,"Three Months Ended October 31, 2025",M_USD,5527.0,,,,,,,,,,,,,,,,,,,,,,,,,,,,,,,,,,,,,,,,,,
279,1,"you should give the maximum of short term investments for CRF from December 31, 2024 to October 31, 2025 .","max(1613_short_term_investments_prior_fy_end, 1612_short_term_investments_current_quarter_end)","{""op"": ""max"", ""left"": {""leaf"": ""1613_short_term_investments_prior_fy_end"", ""depth"": 0}, ""right"": {""leaf"": ""1612_short_term_investments_current_quarter_end"", ""depth"": 0}, ""depth"": 1}","{""kind"": ""time_agg"", ""op"": ""max"", ""depth"": 0}",1328.0,3,0,1,467056519,998329490,918663111,0.562,0,1,2,1613_short_term_investments_prior_fy_end,short_term_investments,short term investments,CRF,"December 31, 2024",M_USD,1328.0,1612_short_term_investments_current_quarter_end,short_term_investments,short term investments,CRF,"October 31, 2025",M_USD,1295.0,,,,,,,,,,,,,,,,,,,,,,,,,,,,,,,,,,,,,,,,,,
280,1,"what is the gross profit for AVX in Three Months Ended October 31, 2024?",gross_profit,"{""derived"": ""gross_profit"", ""expanded"": {""op"": ""diff"", ""left"": {""leaf"": ""1229_total_revenues_prior_year_quarter"", ""depth"": 0}, ""right"": {""leaf"": ""1233_cost_of_sales_prior_year_quarter"", ""depth"": 0}, ""depth"": 1}, ""depth"": 1}","{""kind"": ""derived_concept"", ""name"": ""gross_profit"", ""depth"": 0}",417.0,1,0,1,196813445,49757386,918663111,0.549,0,1,2,1229_total_revenues_prior_year_quarter,total_revenues,total revenues,AVX,"Three Months Ended October 31, 2024",M_USD,1072.0,1233_cost_of_sales_prior_year_quarter,cost_of_sales,cost of sales,AVX,"Three Months Ended October 31, 2024",M_USD,655.0,,,,,,,,,,,,,,,,,,,,,,,,,,,,,,,,,,,,,,,,,,
281,1,"Could you give the maximum of long term debt for SUP from December 31, 2024 to April 30, 2025?","max(866_long_term_debt_current_quarter_end, 2709_long_term_debt_prior_fy_end)","{""op"": ""max"", ""left"": {""leaf"": ""866_long_term_debt_current_quarter_end"", ""depth"": 0}, ""right"": {""leaf"": ""2709_long_term_debt_prior_fy_end"", ""depth"": 0}, ""depth"": 1}","{""kind"": ""time_agg"", ""op"": ""max"", ""depth"": 0}",3335.0,1,0,1,704348622,616932336,918663111,0.107,0,1,2,866_long_term_debt_current_quarter_end,long_term_debt,long term debt,SUP,"April 30, 2025",M_USD,3335.0,2709_long_term_debt_prior_fy_end,long_term_debt,long term debt,SUP,"December 31, 2024",M_USD,2896.0,,,,,,,,,,,,,,,,,,,,,,,,,,,,,,,,,,,,,,,,,,
282,1,"What is the value of the maximum of research and development for BRX from Six Months Ended July 31, 2024 to Six Months Ended July 31, 2025?","max(351_research_and_development_prior_year_ytd, 350_research_and_development_current_ytd)","{""op"": ""max"", ""left"": {""leaf"": ""351_research_and_development_prior_year_ytd"", ""depth"": 0}, ""right"": {""leaf"": ""350_research_and_development_current_ytd"", ""depth"": 0}, ""depth"": 1}","{""kind"": ""time_agg"", ""op"": ""max"", ""depth"": 0}",1074.0,1,0,1,402888502,593032195,918663111,0.585,0,1,2,351_research_and_development_prior_year_ytd,research_and_development,research and development,BRX,"Six Months Ended July 31, 2024",M_USD,1074.0,350_research_and_development_current_ytd,research_and_development,research and development,BRX,"Six Months Ended July 31, 2025",M_USD,1052.0,,,,,,,,,,,,,,,,,,,,,,,,,,,,,,,,,,,,,,,,,,
283,1,"Calculate the minimum of depreciation and amortization for CLD from Three Months Ended April 30, 2024 to Three Months Ended April 30, 2025","min(3421_depreciation_and_amortization_prior_ytd, 3772_depreciation_and_amortization_current_ytd)","{""op"": ""min"", ""left"": {""leaf"": ""3421_depreciation_and_amortization_prior_ytd"", ""depth"": 0}, ""right"": {""leaf"": ""3772_depreciation_and_amortization_current_ytd"", ""depth"": 0}, ""depth"": 1}","{""kind"": ""time_agg"", ""op"": ""min"", ""depth"": 0}",163.0,2,0,1,501367449,120545377,918663111,0.14,0,1,2,3421_depreciation_and_amortization_prior_ytd,depreciation_and_amortization,depreciation and amortization,CLD,"Three Months Ended April 30, 2024",M_USD,974.0,3772_depreciation_and_amortization_current_ytd,depreciation_and_amortization,depreciation and amortization,CLD,"Three Months Ended April 30, 2025",M_USD,163.0,,,,,,,,,,,,,,,,,,,,,,,,,,,,,,,,,,,,,,,,,,
284,2,"which value corresponds to the average total assets for MRT from December 31, 2024 to April 30, 2025?","ratio(sum(1390_total_assets_current_quarter_end, 1391_total_assets_prior_fy_end), 2.0)","{""op"": ""ratio"", ""left"": {""op"": ""sum"", ""left"": {""leaf"": ""1390_total_assets_current_quarter_end"", ""depth"": 0}, ""right"": {""leaf"": ""1391_total_assets_prior_fy_end"", ""depth"": 0}, ""depth"": 1}, ""right"": {""literal"": 2.0, ""depth"": 0}, ""depth"": 2}","{""kind"": ""time_agg"", ""op"": ""avg"", ""depth"": 0}",82822.5,4,0,2,649601159,124068265,918663111,0.56,0,1,2,1390_total_assets_current_quarter_end,total_assets,total assets,MRT,"April 30, 2025",M_USD,88897.0,1391_total_assets_prior_fy_end,total_assets,total assets,MRT,"December 31, 2024",M_USD,76748.0,,,,,,,,,,,,,,,,,,,,,,,,,,,,,,,,,,,,,,,,,,
285,2,"Could you give the average property plant and equipment net for STR from December 31, 2024 to July 31, 2025?","ratio(sum(3505_property_plant_and_equipment_net_prior_fy_end, 3504_property_plant_and_equipment_net_current_quarter_end), 2.0)","{""op"": ""ratio"", ""left"": {""op"": ""sum"", ""left"": {""leaf"": ""3505_property_plant_and_equipment_net_prior_fy_end"", ""depth"": 0}, ""right"": {""leaf"": ""3504_property_plant_and_equipment_net_current_quarter_end"", ""depth"": 0}, ""depth"": 1}, ""right"": {""literal"": 2.0, ""depth"": 0}, ""depth"": 2}","{""kind"": ""time_agg"", ""op"": ""avg"", ""depth"": 0}",1129.0,3,0,2,156732517,321990212,918663111,0.147,0,1,2,3505_property_plant_and_equipment_net_prior_fy_end,property_plant_and_equipment_net,property plant and equipment net,STR,"December 31, 2024",M_USD,1142.0,3504_property_plant_and_equipment_net_current_quarter_end,property_plant_and_equipment_net,property plant and equipment net,STR,"July 31, 2025",M_USD,1116.0,,,,,,,,,,,,,,,,,,,,,,,,,,,,,,,,,,,,,,,,,,
286,1,"You should give the minimum of research and development for FIN from Three Months Ended April 30, 2024 to Three Months Ended April 30, 2025.","min(4257_research_and_development_prior_year_quarter, 4256_research_and_development_current_quarter)","{""op"": ""min"", ""left"": {""leaf"": ""4257_research_and_development_prior_year_quarter"", ""depth"": 0}, ""right"": {""leaf"": ""4256_research_and_development_current_quarter"", ""depth"": 0}, ""depth"": 1}","{""kind"": ""time_agg"", ""op"": ""min"", ""depth"": 0}",72.0,1,0,1,387226927,921326976,918663111,0.394,0,1,2,4257_research_and_development_prior_year_quarter,research_and_development,research and development,FIN,"Three Months Ended April 30, 2024",M_USD,75.0,4256_research_and_development_current_quarter,research_and_development,research and development,FIN,"Three Months Ended April 30, 2025",M_USD,72.0,,,,,,,,,,,,,,,,,,,,,,,,,,,,,,,,,,,,,,,,,,
287,1,"give the minimum of total non current liabilities for PRF from December 31, 2024 to October 31, 2025 .","min(2585_total_non_current_liabilities_prior_fy_end, 2584_total_non_current_liabilities_current_quarter_end)","{""op"": ""min"", ""left"": {""leaf"": ""2585_total_non_current_liabilities_prior_fy_end"", ""depth"": 0}, ""right"": {""leaf"": ""2584_total_non_current_liabilities_current_quarter_end"", ""depth"": 0}, ""depth"": 1}","{""kind"": ""time_agg"", ""op"": ""min"", ""depth"": 0}",1809.0,1,0,1,474970476,832596689,918663111,0.304,0,1,2,2585_total_non_current_liabilities_prior_fy_end,total_non_current_liabilities,total non current liabilities,PRF,"December 31, 2024",M_USD,1851.0,2584_total_non_current_liabilities_current_quarter_end,total_non_current_liabilities,total non current liabilities,PRF,"October 31, 2025",M_USD,1809.0,,,,,,,,,,,,,,,,,,,,,,,,,,,,,,,,,,,,,,,,,,
288,2,"provide the average inventories for JTX from December 31, 2024 to April 30, 2025","ratio(sum(4190_inventories_current_quarter_end, 4191_inventories_prior_fy_end), 2.0)","{""op"": ""ratio"", ""left"": {""op"": ""sum"", ""left"": {""leaf"": ""4190_inventories_current_quarter_end"", ""depth"": 0}, ""right"": {""leaf"": ""4191_inventories_prior_fy_end"", ""depth"": 0}, ""depth"": 1}, ""right"": {""literal"": 2.0, ""depth"": 0}, ""depth"": 2}","{""kind"": ""time_agg"", ""op"": ""avg"", ""depth"": 0}",210.5,4,0,2,486058260,429070652,918663111,0.122,0,1,2,4190_inventories_current_quarter_end,inventories,inventories,JTX,"April 30, 2025",M_USD,211.0,4191_inventories_prior_fy_end,inventories,inventories,JTX,"December 31, 2024",M_USD,210.0,,,,,,,,,,,,,,,,,,,,,,,,,,,,,,,,,,,,,,,,,,
289,1,"Calculate the difference between goodwill and short term investments for TRD in December 31, 2024","diff(2319_goodwill_prior_fy_end, 5405_short_term_investments_prior_fy_end)","{""op"": ""diff"", ""left"": {""leaf"": ""2319_goodwill_prior_fy_end"", ""depth"": 0}, ""right"": {""leaf"": ""5405_short_term_investments_prior_fy_end"", ""depth"": 0}, ""depth"": 1}","{""op"": ""diff"", ""left"": {""kind"": ""leaf"", ""semantic_type_in"": [""amount""], ""depth"": 0}, ""right"": {""kind"": ""leaf"", ""semantic_type_in"": [""amount""], ""depth"": 0}, ""depth"": 1, ""kind"": ""node""}",4879.0,1,1,1,782219383,532039536,918663111,0.512,1,2,2,2319_goodwill_prior_fy_end,goodwill,goodwill,TRD,"December 31, 2024",M_USD,5969.0,5405_short_term_investments_prior_fy_end,short_term_investments,short term investments,TRD,"December 31, 2024",M_USD,1090.0,,,,,,,,,,,,,,,,,,,,,,,,,,,,,,,,,,,,,,,,,,
290,2,"Which value corresponds to the average cash and cash equivalents for MRT from December 31, 2024 to April 30, 2025","ratio(sum(1368_cash_and_cash_equivalents_current_quarter_end, 1369_cash_and_cash_equivalents_prior_fy_end), 2.0)","{""op"": ""ratio"", ""left"": {""op"": ""sum"", ""left"": {""leaf"": ""1368_cash_and_cash_equivalents_current_quarter_end"", ""depth"": 0}, ""right"": {""leaf"": ""1369_cash_and_cash_equivalents_prior_fy_end"", ""depth"": 0}, ""depth"": 1}, ""right"": {""literal"": 2.0, ""depth"": 0}, ""depth"": 2}","{""kind"": ""time_agg"", ""op"": ""avg"", ""depth"": 0}",5067.5,2,0,2,572055019,23254358,918663111,0.157,0,1,2,1368_cash_and_cash_equivalents_current_quarter_end,cash_and_cash_equivalents,cash and cash equivalents,MRT,"April 30, 2025",M_USD,5439.0,1369_cash_and_cash_equivalents_prior_fy_end,cash_and_cash_equivalents,cash and cash equivalents,MRT,"December 31, 2024",M_USD,4696.0,,,,,,,,,,,,,,,,,,,,,,,,,,,,,,,,,,,,,,,,,,
291,2,"what does the following give: average accounts receivable net for MDI from December 31, 2024 to October 31, 2025 ?","ratio(sum(5631_accounts_receivable_net_prior_fy_end, 5630_accounts_receivable_net_current_quarter_end), 2.0)","{""op"": ""ratio"", ""left"": {""op"": ""sum"", ""left"": {""leaf"": ""5631_accounts_receivable_net_prior_fy_end"", ""depth"": 0}, ""right"": {""leaf"": ""5630_accounts_receivable_net_current_quarter_end"", ""depth"": 0}, ""depth"": 1}, ""right"": {""literal"": 2.0, ""depth"": 0}, ""depth"": 2}","{""kind"": ""time_agg"", ""op"": ""avg"", ""depth"": 0}",1965.0,3,0,2,172476779,3642476,918663111,0.165,0,1,2,5631_accounts_receivable_net_prior_fy_end,accounts_receivable_net,accounts receivable net,MDI,"December 31, 2024",M_USD,1981.0,5630_accounts_receivable_net_current_quarter_end,accounts_receivable_net,accounts receivable net,MDI,"October 31, 2025",M_USD,1949.0,,,,,,,,,,,,,,,,,,,,,,,,,,,,,,,,,,,,,,,,,,
292,1,"Give the maximum of total costs and expenses for STR from Six Months Ended July 31, 2024 to Six Months Ended July 31, 2025 .","max(3465_total_costs_and_expenses_prior_year_ytd, 3464_total_costs_and_expenses_current_ytd)","{""op"": ""max"", ""left"": {""leaf"": ""3465_total_costs_and_expenses_prior_year_ytd"", ""depth"": 0}, ""right"": {""leaf"": ""3464_total_costs_and_expenses_current_ytd"", ""depth"": 0}, ""depth"": 1}","{""kind"": ""time_agg"", ""op"": ""max"", ""depth"": 0}",20908.0,3,0,1,467695447,312714123,918663111,0.306,0,1,2,3465_total_costs_and_expenses_prior_year_ytd,total_costs_and_expenses,total costs and expenses,STR,"Six Months Ended July 31, 2024",M_USD,19040.0,3464_total_costs_and_expenses_current_ytd,total_costs_and_expenses,total costs and expenses,STR,"Six Months Ended July 31, 2025",M_USD,20908.0,,,,,,,,,,,,,,,,,,,,,,,,,,,,,,,,,,,,,,,,,,
293,1,"What would be the minimum of research and development for FAB from Six Months Ended July 31, 2024 to Six Months Ended July 31, 2025","min(3937_research_and_development_prior_year_ytd, 3936_research_and_development_current_ytd)","{""op"": ""min"", ""left"": {""leaf"": ""3937_research_and_development_prior_year_ytd"", ""depth"": 0}, ""right"": {""leaf"": ""3936_research_and_development_current_ytd"", ""depth"": 0}, ""depth"": 1}","{""kind"": ""time_agg"", ""op"": ""min"", ""depth"": 0}",3046.0,1,0,1,554087566,647353252,918663111,0.195,0,1,2,3937_research_and_development_prior_year_ytd,research_and_development,research and development,FAB,"Six Months Ended July 31, 2024",M_USD,3448.0,3936_research_and_development_current_ytd,research_and_development,research and development,FAB,"Six Months Ended July 31, 2025",M_USD,3046.0,,,,,,,,,,,,,,,,,,,,,,,,,,,,,,,,,,,,,,,,,,
294,1,"evaluate the minimum of gross profit for TRD from Six Months Ended July 31, 2024 to Six Months Ended July 31, 2025.","min(2265_gross_profit_prior_year_ytd, 2264_gross_profit_current_ytd)","{""op"": ""min"", ""left"": {""leaf"": ""2265_gross_profit_prior_year_ytd"", ""depth"": 0}, ""right"": {""leaf"": ""2264_gross_profit_current_ytd"", ""depth"": 0}, ""depth"": 1}","{""kind"": ""time_agg"", ""op"": ""min"", ""depth"": 0}",39706.0,1,0,1,646176265,660147441,918663111,0.342,0,1,2,2265_gross_profit_prior_year_ytd,gross_profit,gross profit,TRD,"Six Months Ended July 31, 2024",M_USD,41918.0,2264_gross_profit_current_ytd,gross_profit,gross profit,TRD,"Six Months Ended July 31, 2025",M_USD,39706.0,,,,,,,,,,,,,,,,,,,,,,,,,,,,,,,,,,,,,,,,,,
295,1,"state the minimum of research and development for PLZ from Six Months Ended July 31, 2024 to Six Months Ended July 31, 2025 .","min(2057_research_and_development_prior_year_ytd, 2056_research_and_development_current_ytd)","{""op"": ""min"", ""left"": {""leaf"": ""2057_research_and_development_prior_year_ytd"", ""depth"": 0}, ""right"": {""leaf"": ""2056_research_and_development_current_ytd"", ""depth"": 0}, ""depth"": 1}","{""kind"": ""time_agg"", ""op"": ""min"", ""depth"": 0}",566.0,2,0,1,443027819,618459831,918663111,0.127,0,1,2,2057_research_and_development_prior_year_ytd,research_and_development,research and development,PLZ,"Six Months Ended July 31, 2024",M_USD,608.0,2056_research_and_development_current_ytd,research_and_development,research and development,PLZ,"Six Months Ended July 31, 2025",M_USD,566.0,,,,,,,,,,,,,,,,,,,,,,,,,,,,,,,,,,,,,,,,,,
296,1,"which quantity is given by the minimum of cost of sales for PRF from Three Months Ended October 31, 2024 to Three Months Ended October 31, 2025 ?","min(2503_cost_of_sales_prior_year_quarter, 2502_cost_of_sales_current_quarter)","{""op"": ""min"", ""left"": {""leaf"": ""2503_cost_of_sales_prior_year_quarter"", ""depth"": 0}, ""right"": {""leaf"": ""2502_cost_of_sales_current_quarter"", ""depth"": 0}, ""depth"": 1}","{""kind"": ""time_agg"", ""op"": ""min"", ""depth"": 0}",4008.0,1,0,1,38065198,652244993,918663111,0.518,0,1,2,2503_cost_of_sales_prior_year_quarter,cost_of_sales,cost of sales,PRF,"Three Months Ended October 31, 2024",M_USD,4622.0,2502_cost_of_sales_current_quarter,cost_of_sales,cost of sales,PRF,"Three Months Ended October 31, 2025",M_USD,4008.0,,,,,,,,,,,,,,,,,,,,,,,,,,,,,,,,,,,,,,,,,,
297,1,"may you calculate the minimum of other non current assets for TRU from December 31, 2024 to July 31, 2025 ?","min(639_other_non_current_assets_prior_fy_end, 638_other_non_current_assets_current_quarter_end)","{""op"": ""min"", ""left"": {""leaf"": ""639_other_non_current_assets_prior_fy_end"", ""depth"": 0}, ""right"": {""leaf"": ""638_other_non_current_assets_current_quarter_end"", ""depth"": 0}, ""depth"": 1}","{""kind"": ""time_agg"", ""op"": ""min"", ""depth"": 0}",792.0,3,0,1,179949978,765299994,918663111,0.138,0,1,2,639_other_non_current_assets_prior_fy_end,other_non_current_assets,other non current assets,TRU,"December 31, 2024",M_USD,792.0,638_other_non_current_assets_current_quarter_end,other_non_current_assets,other non current assets,TRU,"July 31, 2025",M_USD,877.0,,,,,,,,,,,,,,,,,,,,,,,,,,,,,,,,,,,,,,,,,,
298,0,"which quantity is given by the provision for income taxes for PLZ in Six Months Ended July 31, 2025 ?",2076_provision_for_income_taxes_current_ytd,"{""leaf"": ""2076_provision_for_income_taxes_current_ytd"", ""depth"": 0}","{""kind"": ""leaf"", ""semantic_type_in"": [""amount""], ""depth"": 0}",3474.0,3,0,0,371977151,241924674,918663111,0.563,0,1,1,2076_provision_for_income_taxes_current_ytd,provision_for_income_taxes,provision for income taxes,PLZ,"Six Months Ended July 31, 2025",M_USD,3474.0,,,,,,,,,,,,,,,,,,,,,,,,,,,,,,,,,,,,,,,,,,,,,,,,,
299,1,"Compute the minimum of net income for PLZ from Three Months Ended July 31, 2024 to Three Months Ended July 31, 2025.","min(2079_net_income_prior_year_quarter, 2078_net_income_current_quarter)","{""op"": ""min"", ""left"": {""leaf"": ""2079_net_income_prior_year_quarter"", ""depth"": 0}, ""right"": {""leaf"": ""2078_net_income_current_quarter"", ""depth"": 0}, ""depth"": 1}","{""kind"": ""time_agg"", ""op"": ""min"", ""depth"": 0}",5010.0,2,0,1,468329630,110000506,918663111,0.126,0,1,2,2079_net_income_prior_year_quarter,net_income,net income,PLZ,"Three Months Ended July 31, 2024",M_USD,5383.0,2078_net_income_current_quarter,net_income,net income,PLZ,"Three Months Ended July 31, 2025",M_USD,5010.0,,,,,,,,,,,,,,,,,,,,,,,,,,,,,,,,,,,,,,,,,,
300,1,"evaluate the maximum of stock based compensation for CLD from Three Months Ended April 30, 2024 to Three Months Ended April 30, 2025 .","max(3775_stock_based_compensation_prior_ytd, 3774_stock_based_compensation_current_ytd)","{""op"": ""max"", ""left"": {""leaf"": ""3775_stock_based_compensation_prior_ytd"", ""depth"": 0}, ""right"": {""leaf"": ""3774_stock_based_compensation_current_ytd"", ""depth"": 0}, ""depth"": 1}","{""kind"": ""time_agg"", ""op"": ""max"", ""depth"": 0}",62.0,3,0,1,22004847,79103237,918663111,0.422,0,1,2,3775_stock_based_compensation_prior_ytd,stock_based_compensation,stock based compensation,CLD,"Three Months Ended April 30, 2024",M_USD,62.0,3774_stock_based_compensation_current_ytd,stock_based_compensation,stock based compensation,CLD,"Three Months Ended April 30, 2025",M_USD,62.0,,,,,,,,,,,,,,,,,,,,,,,,,,,,,,,,,,,,,,,,,,
301,2,"state the average total revenues for JTX from Three Months Ended April 30, 2024 to Three Months Ended April 30, 2025.","ratio(sum(4163_total_revenues_prior_year_quarter, 4162_total_revenues_current_quarter), 2.0)","{""op"": ""ratio"", ""left"": {""op"": ""sum"", ""left"": {""leaf"": ""4163_total_revenues_prior_year_quarter"", ""depth"": 0}, ""right"": {""leaf"": ""4162_total_revenues_current_quarter"", ""depth"": 0}, ""depth"": 1}, ""right"": {""literal"": 2.0, ""depth"": 0}, ""depth"": 2}","{""kind"": ""time_agg"", ""op"": ""avg"", ""depth"": 0}",13464.0,1,0,2,742270999,62845177,918663111,0.449,0,1,2,4163_total_revenues_prior_year_quarter,total_revenues,total revenues,JTX,"Three Months Ended April 30, 2024",M_USD,13323.0,4162_total_revenues_current_quarter,total_revenues,total revenues,JTX,"Three Months Ended April 30, 2025",M_USD,13605.0,,,,,,,,,,,,,,,,,,,,,,,,,,,,,,,,,,,,,,,,,,
302,3,"Evaluate the average accounts receivable net for TRD from December 31, 2024 to July 31, 2025.","ratio(sum(sum(5406_accounts_receivable_net_current_quarter_end, 2307_accounts_receivable_net_prior_fy_end), 2306_accounts_receivable_net_current_quarter_end), 3.0)","{""op"": ""ratio"", ""left"": {""op"": ""sum"", ""left"": {""op"": ""sum"", ""left"": {""leaf"": ""5406_accounts_receivable_net_current_quarter_end"", ""depth"": 0}, ""right"": {""leaf"": ""2307_accounts_receivable_net_prior_fy_end"", ""depth"": 0}, ""depth"": 1}, ""right"": {""leaf"": ""2306_accounts_receivable_net_current_quarter_end"", ""depth"": 0}, ""depth"": 2}, ""right"": {""literal"": 3.0, ""depth"": 0}, ""depth"": 3}","{""kind"": ""time_agg"", ""op"": ""avg"", ""depth"": 0}",6191.333333333333,1,0,3,287473068,57404831,918663111,0.384,0,1,3,5406_accounts_receivable_net_current_quarter_end,accounts_receivable_net,accounts receivable net,TRD,"April 30, 2025",M_USD,5243.0,2307_accounts_receivable_net_prior_fy_end,accounts_receivable_net,accounts receivable net,TRD,"December 31, 2024",M_USD,6718.0,2306_accounts_receivable_net_current_quarter_end,accounts_receivable_net,accounts receivable net,TRD,"July 31, 2025",M_USD,6613.0,,,,,,,,,,,,,,,,,,,,,,,,,,,,,,,,,,,
303,2,"what is the average operating income for AST from Three Months Ended July 31, 2024 to Three Months Ended July 31, 2025 ?","ratio(sum(4799_operating_income_prior_year_quarter, 4798_operating_income_current_quarter), 2.0)","{""op"": ""ratio"", ""left"": {""op"": ""sum"", ""left"": {""leaf"": ""4799_operating_income_prior_year_quarter"", ""depth"": 0}, ""right"": {""leaf"": ""4798_operating_income_current_quarter"", ""depth"": 0}, ""depth"": 1}, ""right"": {""literal"": 2.0, ""depth"": 0}, ""depth"": 2}","{""kind"": ""time_agg"", ""op"": ""avg"", ""depth"": 0}",5545.0,2,0,2,720606488,421309792,918663111,0.336,0,1,2,4799_operating_income_prior_year_quarter,operating_income,operating income,AST,"Three Months Ended July 31, 2024",M_USD,5443.0,4798_operating_income_current_quarter,operating_income,operating income,AST,"Three Months Ended July 31, 2025",M_USD,5647.0,,,,,,,,,,,,,,,,,,,,,,,,,,,,,,,,,,,,,,,,,,
304,0,"What do we obtain as the total costs and expenses for INF in Three Months Ended July 31, 2025?",3814_total_costs_and_expenses_current_quarter,"{""leaf"": ""3814_total_costs_and_expenses_current_quarter"", ""depth"": 0}","{""kind"": ""leaf"", ""semantic_type_in"": [""amount""], ""depth"": 0}",12555.0,4,0,0,805555214,743710418,918663111,0.279,0,1,1,3814_total_costs_and_expenses_current_quarter,total_costs_and_expenses,total costs and expenses,INF,"Three Months Ended July 31, 2025",M_USD,12555.0,,,,,,,,,,,,,,,,,,,,,,,,,,,,,,,,,,,,,,,,,,,,,,,,,
305,2,"Calculate the average accrued expenses and other for BNK from December 31, 2024 to October 31, 2025","ratio(sum(4735_accrued_expenses_and_other_prior_fy_end, 4734_accrued_expenses_and_other_current_quarter_end), 2.0)","{""op"": ""ratio"", ""left"": {""op"": ""sum"", ""left"": {""leaf"": ""4735_accrued_expenses_and_other_prior_fy_end"", ""depth"": 0}, ""right"": {""leaf"": ""4734_accrued_expenses_and_other_current_quarter_end"", ""depth"": 0}, ""depth"": 1}, ""right"": {""literal"": 2.0, ""depth"": 0}, ""depth"": 2}","{""kind"": ""time_agg"", ""op"": ""avg"", ""depth"": 0}",584.5,4,0,2,810764775,810226909,918663111,0.397,0,1,2,4735_accrued_expenses_and_other_prior_fy_end,accrued_expenses_and_other,accrued expenses and other,BNK,"December 31, 2024",M_USD,538.0,4734_accrued_expenses_and_other_current_quarter_end,accrued_expenses_and_other,accrued expenses and other,BNK,"October 31, 2025",M_USD,631.0,,,,,,,,,,,,,,,,,,,,,,,,,,,,,,,,,,,,,,,,,,
306,2,"whats the value of the average net cash from operating for CRX from Nine Months Ended October 31, 2024 to Nine Months Ended October 31, 2025","ratio(sum(5233_net_cash_from_operating_prior_ytd, 5232_net_cash_from_operating_current_ytd), 2.0)","{""op"": ""ratio"", ""left"": {""op"": ""sum"", ""left"": {""leaf"": ""5233_net_cash_from_operating_prior_ytd"", ""depth"": 0}, ""right"": {""leaf"": ""5232_net_cash_from_operating_current_ytd"", ""depth"": 0}, ""depth"": 1}, ""right"": {""literal"": 2.0, ""depth"": 0}, ""depth"": 2}","{""kind"": ""time_agg"", ""op"": ""avg"", ""depth"": 0}",7183.0,4,0,2,908821905,195207779,918663111,0.472,0,1,2,5233_net_cash_from_operating_prior_ytd,net_cash_from_operating,net cash from operating,CRX,"Nine Months Ended October 31, 2024",M_USD,7372.0,5232_net_cash_from_operating_current_ytd,net_cash_from_operating,net cash from operating,CRX,"Nine Months Ended October 31, 2025",M_USD,6994.0,,,,,,,,,,,,,,,,,,,,,,,,,,,,,,,,,,,,,,,,,,
307,1,"What does the following give: minimum of net income for MDI from Nine Months Ended October 31, 2024 to Nine Months Ended October 31, 2025","min(5617_net_income_prior_year_ytd, 5616_net_income_current_ytd)","{""op"": ""min"", ""left"": {""leaf"": ""5617_net_income_prior_year_ytd"", ""depth"": 0}, ""right"": {""leaf"": ""5616_net_income_current_ytd"", ""depth"": 0}, ""depth"": 1}","{""kind"": ""time_agg"", ""op"": ""min"", ""depth"": 0}",7722.0,1,0,1,130835523,325583586,918663111,0.469,0,1,2,5617_net_income_prior_year_ytd,net_income,net income,MDI,"Nine Months Ended October 31, 2024",M_USD,7722.0,5616_net_income_current_ytd,net_income,net income,MDI,"Nine Months Ended October 31, 2025",M_USD,8733.0,,,,,,,,,,,,,,,,,,,,,,,,,,,,,,,,,,,,,,,,,,
308,2,"Evaluate the average Products for CRX from Three Months Ended January 31, 2025 to Three Months Ended January 31, 2026","ratio(sum(4658_products_prior_year_quarter, 4656_products_current_quarter), 2.0)","{""op"": ""ratio"", ""left"": {""op"": ""sum"", ""left"": {""leaf"": ""4658_products_prior_year_quarter"", ""depth"": 0}, ""right"": {""leaf"": ""4656_products_current_quarter"", ""depth"": 0}, ""depth"": 1}, ""right"": {""literal"": 2.0, ""depth"": 0}, ""depth"": 2}","{""kind"": ""time_agg"", ""op"": ""avg"", ""depth"": 0}",14731.0,1,0,2,579871083,150693016,918663111,0.481,0,1,2,4658_products_prior_year_quarter,products,Products,CRX,"Three Months Ended January 31, 2025",M_USD,23760.0,4656_products_current_quarter,products,Products,CRX,"Three Months Ended January 31, 2026",M_USD,5702.0,,,,,,,,,,,,,,,,,,,,,,,,,,,,,,,,,,,,,,,,,,
309,1,"calculate the maximum of goodwill for HLT from December 31, 2024 to July 31, 2025.","max(1499_goodwill_prior_fy_end, 1498_goodwill_current_quarter_end)","{""op"": ""max"", ""left"": {""leaf"": ""1499_goodwill_prior_fy_end"", ""depth"": 0}, ""right"": {""leaf"": ""1498_goodwill_current_quarter_end"", ""depth"": 0}, ""depth"": 1}","{""kind"": ""time_agg"", ""op"": ""max"", ""depth"": 0}",2164.0,4,0,1,393987112,23295536,918663111,0.126,0,1,2,1499_goodwill_prior_fy_end,goodwill,goodwill,HLT,"December 31, 2024",M_USD,2159.0,1498_goodwill_current_quarter_end,goodwill,goodwill,HLT,"July 31, 2025",M_USD,2164.0,,,,,,,,,,,,,,,,,,,,,,,,,,,,,,,,,,,,,,,,,,
310,1,"calculate the maximum of total liabilities for JTX from December 31, 2024 to April 30, 2025 .","max(4224_total_liabilities_current_quarter_end, 4225_total_liabilities_prior_fy_end)","{""op"": ""max"", ""left"": {""leaf"": ""4224_total_liabilities_current_quarter_end"", ""depth"": 0}, ""right"": {""leaf"": ""4225_total_liabilities_prior_fy_end"", ""depth"": 0}, ""depth"": 1}","{""kind"": ""time_agg"", ""op"": ""max"", ""depth"": 0}",13812.0,4,0,1,840110470,48035679,918663111,0.378,0,1,2,4224_total_liabilities_current_quarter_end,total_liabilities,total liabilities,JTX,"April 30, 2025",M_USD,13812.0,4225_total_liabilities_prior_fy_end,total_liabilities,total liabilities,JTX,"December 31, 2024",M_USD,13766.0,,,,,,,,,,,,,,,,,,,,,,,,,,,,,,,,,,,,,,,,,,
311,2,"What do we obtain as the average short term investments for HLT from July 31, 2025 to October 31, 2025","ratio(sum(1484_short_term_investments_current_quarter_end, 498_short_term_investments_current_quarter_end), 2.0)","{""op"": ""ratio"", ""left"": {""op"": ""sum"", ""left"": {""leaf"": ""1484_short_term_investments_current_quarter_end"", ""depth"": 0}, ""right"": {""leaf"": ""498_short_term_investments_current_quarter_end"", ""depth"": 0}, ""depth"": 1}, ""right"": {""literal"": 2.0, ""depth"": 0}, ""depth"": 2}","{""kind"": ""time_agg"", ""op"": ""avg"", ""depth"": 0}",1458.5,2,0,2,168647713,332247735,918663111,0.343,0,1,2,1484_short_term_investments_current_quarter_end,short_term_investments,short term investments,HLT,"July 31, 2025",M_USD,732.0,498_short_term_investments_current_quarter_end,short_term_investments,short term investments,HLT,"October 31, 2025",M_USD,2185.0,,,,,,,,,,,,,,,,,,,,,,,,,,,,,,,,,,,,,,,,,,
312,2,"what would be the average Advertising revenue for DTA from Three Months Ended April 30, 2024 to Three Months Ended April 30, 2025","ratio(sum(4565_advertising_revenue_prior_year_quarter, 4561_advertising_revenue_current_quarter), 2.0)","{""op"": ""ratio"", ""left"": {""op"": ""sum"", ""left"": {""leaf"": ""4565_advertising_revenue_prior_year_quarter"", ""depth"": 0}, ""right"": {""leaf"": ""4561_advertising_revenue_current_quarter"", ""depth"": 0}, ""depth"": 1}, ""right"": {""literal"": 2.0, ""depth"": 0}, ""depth"": 2}","{""kind"": ""time_agg"", ""op"": ""avg"", ""depth"": 0}",2412.5,1,0,2,374551458,874463493,918663111,0.317,0,1,2,4565_advertising_revenue_prior_year_quarter,advertising_revenue,Advertising revenue,DTA,"Three Months Ended April 30, 2024",M_USD,2374.0,4561_advertising_revenue_current_quarter,advertising_revenue,Advertising revenue,DTA,"Three Months Ended April 30, 2025",M_USD,2451.0,,,,,,,,,,,,,,,,,,,,,,,,,,,,,,,,,,,,,,,,,,
313,2,"what does the following give: average current portion of long term debt for JTX from December 31, 2024 to April 30, 2025 ?","ratio(sum(4214_current_portion_of_long_term_debt_current_quarter_end, 4215_current_portion_of_long_term_debt_prior_fy_end), 2.0)","{""op"": ""ratio"", ""left"": {""op"": ""sum"", ""left"": {""leaf"": ""4214_current_portion_of_long_term_debt_current_quarter_end"", ""depth"": 0}, ""right"": {""leaf"": ""4215_current_portion_of_long_term_debt_prior_fy_end"", ""depth"": 0}, ""depth"": 1}, ""right"": {""literal"": 2.0, ""depth"": 0}, ""depth"": 2}","{""kind"": ""time_agg"", ""op"": ""avg"", ""depth"": 0}",684.0,1,0,2,884632062,965207614,918663111,0.49,0,1,2,4214_current_portion_of_long_term_debt_current_quarter_end,current_portion_of_long_term_debt,current portion of long term debt,JTX,"April 30, 2025",M_USD,685.0,4215_current_portion_of_long_term_debt_prior_fy_end,current_portion_of_long_term_debt,current portion of long term debt,JTX,"December 31, 2024",M_USD,683.0,,,,,,,,,,,,,,,,,,,,,,,,,,,,,,,,,,,,,,,,,,
314,2,"State the maximum of total non current liabilities for CRX from September 30, 2025 to January 31, 2026.","max(max(4628_total_non_current_liabilities_current_quarter_end, 5224_total_non_current_liabilities_current_quarter_end), 4629_total_non_current_liabilities_prior_fy_end)","{""op"": ""max"", ""left"": {""op"": ""max"", ""left"": {""leaf"": ""4628_total_non_current_liabilities_current_quarter_end"", ""depth"": 0}, ""right"": {""leaf"": ""5224_total_non_current_liabilities_current_quarter_end"", ""depth"": 0}, ""depth"": 1}, ""right"": {""leaf"": ""4629_total_non_current_liabilities_prior_fy_end"", ""depth"": 0}, ""depth"": 2}","{""kind"": ""time_agg"", ""op"": ""max"", ""depth"": 0}",14944.0,2,0,2,71240141,121018640,918663111,0.319,0,1,3,4628_total_non_current_liabilities_current_quarter_end,total_non_current_liabilities,total non current liabilities,CRX,"January 31, 2026",M_USD,14944.0,5224_total_non_current_liabilities_current_quarter_end,total_non_current_liabilities,total non current liabilities,CRX,"October 31, 2025",M_USD,3814.0,4629_total_non_current_liabilities_prior_fy_end,total_non_current_liabilities,total non current liabilities,CRX,"September 30, 2025",M_USD,12792.0,,,,,,,,,,,,,,,,,,,,,,,,,,,,,,,,,,,
315,3,"whats the value of the average property plant and equipment net for CRX from December 31, 2024 to January 31, 2026 ?","ratio(sum(sum(5201_property_plant_and_equipment_net_prior_fy_end, 4604_property_plant_and_equipment_net_current_quarter_end), 5200_property_plant_and_equipment_net_current_quarter_end), 3.0)","{""op"": ""ratio"", ""left"": {""op"": ""sum"", ""left"": {""op"": ""sum"", ""left"": {""leaf"": ""5201_property_plant_and_equipment_net_prior_fy_end"", ""depth"": 0}, ""right"": {""leaf"": ""4604_property_plant_and_equipment_net_current_quarter_end"", ""depth"": 0}, ""depth"": 1}, ""right"": {""leaf"": ""5200_property_plant_and_equipment_net_current_quarter_end"", ""depth"": 0}, ""depth"": 2}, ""right"": {""literal"": 3.0, ""depth"": 0}, ""depth"": 3}","{""kind"": ""time_agg"", ""op"": ""avg"", ""depth"": 0}",3123.6666666666665,3,0,3,630384751,145127545,918663111,0.559,0,1,3,5201_property_plant_and_equipment_net_prior_fy_end,property_plant_and_equipment_net,property plant and equipment net,CRX,"December 31, 2024",M_USD,2357.0,4604_property_plant_and_equipment_net_current_quarter_end,property_plant_and_equipment_net,property plant and equipment net,CRX,"January 31, 2026",M_USD,4557.0,5200_property_plant_and_equipment_net_current_quarter_end,property_plant_and_equipment_net,property plant and equipment net,CRX,"October 31, 2025",M_USD,2457.0,,,,,,,,,,,,,,,,,,,,,,,,,,,,,,,,,,,
316,2,"you should calculate the average total non current assets for CLR from December 31, 2024 to October 31, 2025.","ratio(sum(165_total_non_current_assets_prior_fy_end, 164_total_non_current_assets_current_quarter_end), 2.0)","{""op"": ""ratio"", ""left"": {""op"": ""sum"", ""left"": {""leaf"": ""165_total_non_current_assets_prior_fy_end"", ""depth"": 0}, ""right"": {""leaf"": ""164_total_non_current_assets_current_quarter_end"", ""depth"": 0}, ""depth"": 1}, ""right"": {""literal"": 2.0, ""depth"": 0}, ""depth"": 2}","{""kind"": ""time_agg"", ""op"": ""avg"", ""depth"": 0}",7294.0,2,0,2,63201805,182294257,918663111,0.202,0,1,2,165_total_non_current_assets_prior_fy_end,total_non_current_assets,total non current assets,CLR,"December 31, 2024",M_USD,7138.0,164_total_non_current_assets_current_quarter_end,total_non_current_assets,total non current assets,CLR,"October 31, 2025",M_USD,7450.0,,,,,,,,,,,,,,,,,,,,,,,,,,,,,,,,,,,,,,,,,,
317,1,"May you give the maximum of other non current liabilities for CLR from December 31, 2024 to October 31, 2025 ?","max(181_other_non_current_liabilities_prior_fy_end, 180_other_non_current_liabilities_current_quarter_end)","{""op"": ""max"", ""left"": {""leaf"": ""181_other_non_current_liabilities_prior_fy_end"", ""depth"": 0}, ""right"": {""leaf"": ""180_other_non_current_liabilities_current_quarter_end"", ""depth"": 0}, ""depth"": 1}","{""kind"": ""time_agg"", ""op"": ""max"", ""depth"": 0}",558.0,1,0,1,89258039,942919368,918663111,0.436,0,1,2,181_other_non_current_liabilities_prior_fy_end,other_non_current_liabilities,other non current liabilities,CLR,"December 31, 2024",M_USD,535.0,180_other_non_current_liabilities_current_quarter_end,other_non_current_liabilities,other non current liabilities,CLR,"October 31, 2025",M_USD,558.0,,,,,,,,,,,,,,,,,,,,,,,,,,,,,,,,,,,,,,,,,,
318,1,"what would be the minimum of accounts payable for FIN from December 31, 2024 to April 30, 2025 ?","min(4298_accounts_payable_current_quarter_end, 4299_accounts_payable_prior_fy_end)","{""op"": ""min"", ""left"": {""leaf"": ""4298_accounts_payable_current_quarter_end"", ""depth"": 0}, ""right"": {""leaf"": ""4299_accounts_payable_prior_fy_end"", ""depth"": 0}, ""depth"": 1}","{""kind"": ""time_agg"", ""op"": ""min"", ""depth"": 0}",1962.0,1,0,1,584015122,159515591,918663111,0.382,0,1,2,4298_accounts_payable_current_quarter_end,accounts_payable,accounts payable,FIN,"April 30, 2025",M_USD,2202.0,4299_accounts_payable_prior_fy_end,accounts_payable,accounts payable,FIN,"December 31, 2024",M_USD,1962.0,,,,,,,,,,,,,,,,,,,,,,,,,,,,,,,,,,,,,,,,,,
319,2,"which result follows from the average accounts payable for PLZ from December 31, 2024 to July 31, 2025?","ratio(sum(2115_accounts_payable_prior_fy_end, 2114_accounts_payable_current_quarter_end), 2.0)","{""op"": ""ratio"", ""left"": {""op"": ""sum"", ""left"": {""leaf"": ""2115_accounts_payable_prior_fy_end"", ""depth"": 0}, ""right"": {""leaf"": ""2114_accounts_payable_current_quarter_end"", ""depth"": 0}, ""depth"": 1}, ""right"": {""literal"": 2.0, ""depth"": 0}, ""depth"": 2}","{""kind"": ""time_agg"", ""op"": ""avg"", ""depth"": 0}",21993.5,1,0,2,477595355,41082740,918663111,0.449,0,1,2,2115_accounts_payable_prior_fy_end,accounts_payable,accounts payable,PLZ,"December 31, 2024",M_USD,21700.0,2114_accounts_payable_current_quarter_end,accounts_payable,accounts payable,PLZ,"July 31, 2025",M_USD,22287.0,,,,,,,,,,,,,,,,,,,,,,,,,,,,,,,,,,,,,,,,,,
320,1,"State the minimum of depreciation and amortization for IND from Three Months Ended April 30, 2024 to Three Months Ended April 30, 2025.","min(971_depreciation_and_amortization_prior_ytd, 970_depreciation_and_amortization_current_ytd)","{""op"": ""min"", ""left"": {""leaf"": ""971_depreciation_and_amortization_prior_ytd"", ""depth"": 0}, ""right"": {""leaf"": ""970_depreciation_and_amortization_current_ytd"", ""depth"": 0}, ""depth"": 1}","{""kind"": ""time_agg"", ""op"": ""min"", ""depth"": 0}",926.0,1,0,1,558110277,758073066,918663111,0.368,0,1,2,971_depreciation_and_amortization_prior_ytd,depreciation_and_amortization,depreciation and amortization,IND,"Three Months Ended April 30, 2024",M_USD,1031.0,970_depreciation_and_amortization_current_ytd,depreciation_and_amortization,depreciation and amortization,IND,"Three Months Ended April 30, 2025",M_USD,926.0,,,,,,,,,,,,,,,,,,,,,,,,,,,,,,,,,,,,,,,,,,
321,2,"Give the average gross profit for FAB from Three Months Ended July 31, 2024 to Three Months Ended July 31, 2025","ratio(sum(3931_gross_profit_prior_year_quarter, 3930_gross_profit_current_quarter), 2.0)","{""op"": ""ratio"", ""left"": {""op"": ""sum"", ""left"": {""leaf"": ""3931_gross_profit_prior_year_quarter"", ""depth"": 0}, ""right"": {""leaf"": ""3930_gross_profit_current_quarter"", ""depth"": 0}, ""depth"": 1}, ""right"": {""literal"": 2.0, ""depth"": 0}, ""depth"": 2}","{""kind"": ""time_agg"", ""op"": ""avg"", ""depth"": 0}",12802.5,3,0,2,90239394,368797810,918663111,0.403,0,1,2,3931_gross_profit_prior_year_quarter,gross_profit,gross profit,FAB,"Three Months Ended July 31, 2024",M_USD,13596.0,3930_gross_profit_current_quarter,gross_profit,gross profit,FAB,"Three Months Ended July 31, 2025",M_USD,12009.0,,,,,,,,,,,,,,,,,,,,,,,,,,,,,,,,,,,,,,,,,,
322,2,"which result follows from the average prepaid expenses and other for PRD from December 31, 2024 to October 31, 2025?","ratio(sum(1859_prepaid_expenses_and_other_prior_fy_end, 1858_prepaid_expenses_and_other_current_quarter_end), 2.0)","{""op"": ""ratio"", ""left"": {""op"": ""sum"", ""left"": {""leaf"": ""1859_prepaid_expenses_and_other_prior_fy_end"", ""depth"": 0}, ""right"": {""leaf"": ""1858_prepaid_expenses_and_other_current_quarter_end"", ""depth"": 0}, ""depth"": 1}, ""right"": {""literal"": 2.0, ""depth"": 0}, ""depth"": 2}","{""kind"": ""time_agg"", ""op"": ""avg"", ""depth"": 0}",1125.0,2,0,2,62302890,3355298,918663111,0.548,0,1,2,1859_prepaid_expenses_and_other_prior_fy_end,prepaid_expenses_and_other,prepaid expenses and other,PRD,"December 31, 2024",M_USD,1068.0,1858_prepaid_expenses_and_other_current_quarter_end,prepaid_expenses_and_other,prepaid expenses and other,PRD,"October 31, 2025",M_USD,1182.0,,,,,,,,,,,,,,,,,,,,,,,,,,,,,,,,,,,,,,,,,,
323,2,"what is the average provision for income taxes for BLD from Three Months Ended July 31, 2024 to Three Months Ended July 31, 2025?","ratio(sum(2899_provision_for_income_taxes_prior_year_quarter, 2898_provision_for_income_taxes_current_quarter), 2.0)","{""op"": ""ratio"", ""left"": {""op"": ""sum"", ""left"": {""leaf"": ""2899_provision_for_income_taxes_prior_year_quarter"", ""depth"": 0}, ""right"": {""leaf"": ""2898_provision_for_income_taxes_current_quarter"", ""depth"": 0}, ""depth"": 1}, ""right"": {""literal"": 2.0, ""depth"": 0}, ""depth"": 2}","{""kind"": ""time_agg"", ""op"": ""avg"", ""depth"": 0}",218.5,4,0,2,882176818,436259564,918663111,0.442,0,1,2,2899_provision_for_income_taxes_prior_year_quarter,provision_for_income_taxes,provision for income taxes,BLD,"Three Months Ended July 31, 2024",M_USD,230.0,2898_provision_for_income_taxes_current_quarter,provision_for_income_taxes,provision for income taxes,BLD,"Three Months Ended July 31, 2025",M_USD,207.0,,,,,,,,,,,,,,,,,,,,,,,,,,,,,,,,,,,,,,,,,,
324,1,"state the minimum of cash and cash equivalents for FIN from December 31, 2024 to April 30, 2025.","min(4274_cash_and_cash_equivalents_current_quarter_end, 4275_cash_and_cash_equivalents_prior_fy_end)","{""op"": ""min"", ""left"": {""leaf"": ""4274_cash_and_cash_equivalents_current_quarter_end"", ""depth"": 0}, ""right"": {""leaf"": ""4275_cash_and_cash_equivalents_prior_fy_end"", ""depth"": 0}, ""depth"": 1}","{""kind"": ""time_agg"", ""op"": ""min"", ""depth"": 0}",1100.0,2,0,1,758485356,672409048,918663111,0.277,0,1,2,4274_cash_and_cash_equivalents_current_quarter_end,cash_and_cash_equivalents,cash and cash equivalents,FIN,"April 30, 2025",M_USD,1234.0,4275_cash_and_cash_equivalents_prior_fy_end,cash_and_cash_equivalents,cash and cash equivalents,FIN,"December 31, 2024",M_USD,1100.0,,,,,,,,,,,,,,,,,,,,,,,,,,,,,,,,,,,,,,,,,,
325,1,"Calculate the minimum of cost of sales for BRX from Three Months Ended July 31, 2024 to Three Months Ended July 31, 2025","min(341_cost_of_sales_prior_year_quarter, 340_cost_of_sales_current_quarter)","{""op"": ""min"", ""left"": {""leaf"": ""341_cost_of_sales_prior_year_quarter"", ""depth"": 0}, ""right"": {""leaf"": ""340_cost_of_sales_current_quarter"", ""depth"": 0}, ""depth"": 1}","{""kind"": ""time_agg"", ""op"": ""min"", ""depth"": 0}",46103.0,1,0,1,443461619,726159510,918663111,0.523,0,1,2,341_cost_of_sales_prior_year_quarter,cost_of_sales,cost of sales,BRX,"Three Months Ended July 31, 2024",M_USD,47073.0,340_cost_of_sales_current_quarter,cost_of_sales,cost of sales,BRX,"Three Months Ended July 31, 2025",M_USD,46103.0,,,,,,,,,,,,,,,,,,,,,,,,,,,,,,,,,,,,,,,,,,
326,1,"which value corresponds to the sum of total non current liabilities and retained earnings for MED in October 31, 2025?","sum(2000_total_non_current_liabilities_current_quarter_end, 1074_retained_earnings_current_quarter_end)","{""op"": ""sum"", ""left"": {""leaf"": ""2000_total_non_current_liabilities_current_quarter_end"", ""depth"": 0}, ""right"": {""leaf"": ""1074_retained_earnings_current_quarter_end"", ""depth"": 0}, ""depth"": 1}","{""op"": ""sum"", ""left"": {""kind"": ""leaf"", ""semantic_type_in"": [""amount""], ""depth"": 0}, ""right"": {""kind"": ""leaf"", ""semantic_type_in"": [""amount""], ""depth"": 0}, ""depth"": 1, ""kind"": ""node""}",1513.0,4,1,1,880779438,365210796,918663111,0.326,1,2,2,2000_total_non_current_liabilities_current_quarter_end,total_non_current_liabilities,total non current liabilities,MED,"October 31, 2025",M_USD,912.0,1074_retained_earnings_current_quarter_end,retained_earnings,retained earnings,MED,"October 31, 2025",M_USD,601.0,,,,,,,,,,,,,,,,,,,,,,,,,,,,,,,,,,,,,,,,,,
327,1,"which value corresponds to the minimum of goodwill for MRT from December 31, 2024 to April 30, 2025?","min(1384_goodwill_current_quarter_end, 1385_goodwill_prior_fy_end)","{""op"": ""min"", ""left"": {""leaf"": ""1384_goodwill_current_quarter_end"", ""depth"": 0}, ""right"": {""leaf"": ""1385_goodwill_prior_fy_end"", ""depth"": 0}, ""depth"": 1}","{""kind"": ""time_agg"", ""op"": ""min"", ""depth"": 0}",12916.0,4,0,1,579183090,939888243,918663111,0.436,0,1,2,1384_goodwill_current_quarter_end,goodwill,goodwill,MRT,"April 30, 2025",M_USD,14961.0,1385_goodwill_prior_fy_end,goodwill,goodwill,MRT,"December 31, 2024",M_USD,12916.0,,,,,,,,,,,,,,,,,,,,,,,,,,,,,,,,,,,,,,,,,,
328,1,"what is the maximum of goodwill for BLD from December 31, 2024 to July 31, 2025","max(2931_goodwill_prior_fy_end, 5330_goodwill_current_quarter_end)","{""op"": ""max"", ""left"": {""leaf"": ""2931_goodwill_prior_fy_end"", ""depth"": 0}, ""right"": {""leaf"": ""5330_goodwill_current_quarter_end"", ""depth"": 0}, ""depth"": 1}","{""kind"": ""time_agg"", ""op"": ""max"", ""depth"": 0}",3570.0,4,0,1,646306569,284464685,918663111,0.134,0,1,2,2931_goodwill_prior_fy_end,goodwill,goodwill,BLD,"December 31, 2024",M_USD,338.0,5330_goodwill_current_quarter_end,goodwill,goodwill,BLD,"July 31, 2025",M_USD,3570.0,,,,,,,,,,,,,,,,,,,,,,,,,,,,,,,,,,,,,,,,,,
329,1,"what's the value of the maximum of total costs and expenses for CLD from Three Months Ended April 30, 2024 to Three Months Ended April 30, 2025 ?","max(3357_total_costs_and_expenses_prior_year_quarter, 3708_total_costs_and_expenses_current_quarter)","{""op"": ""max"", ""left"": {""leaf"": ""3357_total_costs_and_expenses_prior_year_quarter"", ""depth"": 0}, ""right"": {""leaf"": ""3708_total_costs_and_expenses_current_quarter"", ""depth"": 0}, ""depth"": 1}","{""kind"": ""time_agg"", ""op"": ""max"", ""depth"": 0}",11703.0,4,0,1,40239125,494011171,918663111,0.507,0,1,2,3357_total_costs_and_expenses_prior_year_quarter,total_costs_and_expenses,total costs and expenses,CLD,"Three Months Ended April 30, 2024",M_USD,11703.0,3708_total_costs_and_expenses_current_quarter,total_costs_and_expenses,total costs and expenses,CLD,"Three Months Ended April 30, 2025",M_USD,2596.0,,,,,,,,,,,,,,,,,,,,,,,,,,,,,,,,,,,,,,,,,,
330,1,"What do we obtain as the maximum of total current liabilities for HLT from July 31, 2025 to October 31, 2025","max(1514_total_current_liabilities_current_quarter_end, 528_total_current_liabilities_current_quarter_end)","{""op"": ""max"", ""left"": {""leaf"": ""1514_total_current_liabilities_current_quarter_end"", ""depth"": 0}, ""right"": {""leaf"": ""528_total_current_liabilities_current_quarter_end"", ""depth"": 0}, ""depth"": 1}","{""kind"": ""time_agg"", ""op"": ""max"", ""depth"": 0}",5608.0,2,0,1,962377493,279343419,918663111,0.235,0,1,2,1514_total_current_liabilities_current_quarter_end,total_current_liabilities,total current liabilities,HLT,"July 31, 2025",M_USD,3040.0,528_total_current_liabilities_current_quarter_end,total_current_liabilities,total current liabilities,HLT,"October 31, 2025",M_USD,5608.0,,,,,,,,,,,,,,,,,,,,,,,,,,,,,,,,,,,,,,,,,,
331,2,"determine the minimum of current portion of long term debt for SUP from December 31, 2024 to July 31, 2025","min(min(862_current_portion_of_long_term_debt_current_quarter_end, 2705_current_portion_of_long_term_debt_prior_fy_end), 2704_current_portion_of_long_term_debt_current_quarter_end)","{""op"": ""min"", ""left"": {""op"": ""min"", ""left"": {""leaf"": ""862_current_portion_of_long_term_debt_current_quarter_end"", ""depth"": 0}, ""right"": {""leaf"": ""2705_current_portion_of_long_term_debt_prior_fy_end"", ""depth"": 0}, ""depth"": 1}, ""right"": {""leaf"": ""2704_current_portion_of_long_term_debt_current_quarter_end"", ""depth"": 0}, ""depth"": 2}","{""kind"": ""time_agg"", ""op"": ""min"", ""depth"": 0}",553.0,4,0,2,230011099,107133034,918663111,0.582,0,1,3,862_current_portion_of_long_term_debt_current_quarter_end,current_portion_of_long_term_debt,current portion of long term debt,SUP,"April 30, 2025",M_USD,553.0,2705_current_portion_of_long_term_debt_prior_fy_end,current_portion_of_long_term_debt,current portion of long term debt,SUP,"December 31, 2024",M_USD,733.0,2704_current_portion_of_long_term_debt_current_quarter_end,current_portion_of_long_term_debt,current portion of long term debt,SUP,"July 31, 2025",M_USD,689.0,,,,,,,,,,,,,,,,,,,,,,,,,,,,,,,,,,,
332,1,"which result follows from the maximum of cost of sales for PRD from Three Months Ended October 31, 2024 to Three Months Ended October 31, 2025 ?","max(1807_cost_of_sales_prior_year_quarter, 1806_cost_of_sales_current_quarter)","{""op"": ""max"", ""left"": {""leaf"": ""1807_cost_of_sales_prior_year_quarter"", ""depth"": 0}, ""right"": {""leaf"": ""1806_cost_of_sales_current_quarter"", ""depth"": 0}, ""depth"": 1}","{""kind"": ""time_agg"", ""op"": ""max"", ""depth"": 0}",15041.0,2,0,1,285472189,755815010,918663111,0.176,0,1,2,1807_cost_of_sales_prior_year_quarter,cost_of_sales,cost of sales,PRD,"Three Months Ended October 31, 2024",M_USD,13271.0,1806_cost_of_sales_current_quarter,cost_of_sales,cost of sales,PRD,"Three Months Ended October 31, 2025",M_USD,15041.0,,,,,,,,,,,,,,,,,,,,,,,,,,,,,,,,,,,,,,,,,,
333,1,"which value corresponds to the maximum of total assets for MRT from December 31, 2024 to April 30, 2025?","max(1390_total_assets_current_quarter_end, 1391_total_assets_prior_fy_end)","{""op"": ""max"", ""left"": {""leaf"": ""1390_total_assets_current_quarter_end"", ""depth"": 0}, ""right"": {""leaf"": ""1391_total_assets_prior_fy_end"", ""depth"": 0}, ""depth"": 1}","{""kind"": ""time_agg"", ""op"": ""max"", ""depth"": 0}",88897.0,4,0,1,824000374,415242376,918663111,0.26,0,1,2,1390_total_assets_current_quarter_end,total_assets,total assets,MRT,"April 30, 2025",M_USD,88897.0,1391_total_assets_prior_fy_end,total_assets,total assets,MRT,"December 31, 2024",M_USD,76748.0,,,,,,,,,,,,,,,,,,,,,,,,,,,,,,,,,,,,,,,,,,
334,1,"you should calculate the minimum of cost of sales for CLD from Three Months Ended April 30, 2024 to Three Months Ended April 30, 2025","min(3349_cost_of_sales_prior_year_quarter, 3348_cost_of_sales_current_quarter)","{""op"": ""min"", ""left"": {""leaf"": ""3349_cost_of_sales_prior_year_quarter"", ""depth"": 0}, ""right"": {""leaf"": ""3348_cost_of_sales_current_quarter"", ""depth"": 0}, ""depth"": 1}","{""kind"": ""time_agg"", ""op"": ""min"", ""depth"": 0}",6329.0,2,0,1,819059589,453788357,918663111,0.412,0,1,2,3349_cost_of_sales_prior_year_quarter,cost_of_sales,cost of sales,CLD,"Three Months Ended April 30, 2024",M_USD,6329.0,3348_cost_of_sales_current_quarter,cost_of_sales,cost of sales,CLD,"Three Months Ended April 30, 2025",M_USD,6555.0,,,,,,,,,,,,,,,,,,,,,,,,,,,,,,,,,,,,,,,,,,
335,1,"which result follows from the minimum of property plant and equipment net for PLZ from December 31, 2024 to July 31, 2025","min(2105_property_plant_and_equipment_net_prior_fy_end, 2104_property_plant_and_equipment_net_current_quarter_end)","{""op"": ""min"", ""left"": {""leaf"": ""2105_property_plant_and_equipment_net_prior_fy_end"", ""depth"": 0}, ""right"": {""leaf"": ""2104_property_plant_and_equipment_net_current_quarter_end"", ""depth"": 0}, ""depth"": 1}","{""kind"": ""time_agg"", ""op"": ""min"", ""depth"": 0}",14504.0,2,0,1,956076284,14568265,918663111,0.148,0,1,2,2105_property_plant_and_equipment_net_prior_fy_end,property_plant_and_equipment_net,property plant and equipment net,PLZ,"December 31, 2024",M_USD,14504.0,2104_property_plant_and_equipment_net_current_quarter_end,property_plant_and_equipment_net,property plant and equipment net,PLZ,"July 31, 2025",M_USD,14896.0,,,,,,,,,,,,,,,,,,,,,,,,,,,,,,,,,,,,,,,,,,
336,2,"what do we obtain as the average goodwill for HLT from July 31, 2025 to October 31, 2025 ?","ratio(sum(1498_goodwill_current_quarter_end, 512_goodwill_current_quarter_end), 2.0)","{""op"": ""ratio"", ""left"": {""op"": ""sum"", ""left"": {""leaf"": ""1498_goodwill_current_quarter_end"", ""depth"": 0}, ""right"": {""leaf"": ""512_goodwill_current_quarter_end"", ""depth"": 0}, ""depth"": 1}, ""right"": {""literal"": 2.0, ""depth"": 0}, ""depth"": 2}","{""kind"": ""time_agg"", ""op"": ""avg"", ""depth"": 0}",2436.5,4,0,2,699864175,488005197,918663111,0.375,0,1,2,1498_goodwill_current_quarter_end,goodwill,goodwill,HLT,"July 31, 2025",M_USD,2164.0,512_goodwill_current_quarter_end,goodwill,goodwill,HLT,"October 31, 2025",M_USD,2709.0,,,,,,,,,,,,,,,,,,,,,,,,,,,,,,,,,,,,,,,,,,
337,1,"May you give the minimum of deferred revenue current for BRX from December 31, 2024 to July 31, 2025?","min(411_deferred_revenue_current_prior_fy_end, 410_deferred_revenue_current_current_quarter_end)","{""op"": ""min"", ""left"": {""leaf"": ""411_deferred_revenue_current_prior_fy_end"", ""depth"": 0}, ""right"": {""leaf"": ""410_deferred_revenue_current_current_quarter_end"", ""depth"": 0}, ""depth"": 1}","{""kind"": ""time_agg"", ""op"": ""min"", ""depth"": 0}",4435.0,3,0,1,910454365,544800424,918663111,0.147,0,1,2,411_deferred_revenue_current_prior_fy_end,deferred_revenue_current,deferred revenue current,BRX,"December 31, 2024",M_USD,4487.0,410_deferred_revenue_current_current_quarter_end,deferred_revenue_current,deferred revenue current,BRX,"July 31, 2025",M_USD,4435.0,,,,,,,,,,,,,,,,,,,,,,,,,,,,,,,,,,,,,,,,,,
338,2,"Provide the average gross profit for SUP from Three Months Ended April 30, 2024 to Three Months Ended April 30, 2025 .","ratio(sum(813_gross_profit_prior_year_quarter, 812_gross_profit_current_quarter), 2.0)","{""op"": ""ratio"", ""left"": {""op"": ""sum"", ""left"": {""leaf"": ""813_gross_profit_prior_year_quarter"", ""depth"": 0}, ""right"": {""leaf"": ""812_gross_profit_current_quarter"", ""depth"": 0}, ""depth"": 1}, ""right"": {""literal"": 2.0, ""depth"": 0}, ""depth"": 2}","{""kind"": ""time_agg"", ""op"": ""avg"", ""depth"": 0}",4154.5,1,0,2,136621620,686319649,918663111,0.193,0,1,2,813_gross_profit_prior_year_quarter,gross_profit,gross profit,SUP,"Three Months Ended April 30, 2024",M_USD,4123.0,812_gross_profit_current_quarter,gross_profit,gross profit,SUP,"Three Months Ended April 30, 2025",M_USD,4186.0,,,,,,,,,,,,,,,,,,,,,,,,,,,,,,,,,,,,,,,,,,
339,1,"Evaluate the maximum of accounts payable for TRU from December 31, 2024 to July 31, 2025.","max(645_accounts_payable_prior_fy_end, 1180_accounts_payable_current_quarter_end)","{""op"": ""max"", ""left"": {""leaf"": ""645_accounts_payable_prior_fy_end"", ""depth"": 0}, ""right"": {""leaf"": ""1180_accounts_payable_current_quarter_end"", ""depth"": 0}, ""depth"": 1}","{""kind"": ""time_agg"", ""op"": ""max"", ""depth"": 0}",3756.0,2,0,1,940897758,961508028,918663111,0.139,0,1,2,645_accounts_payable_prior_fy_end,accounts_payable,accounts payable,TRU,"December 31, 2024",M_USD,3756.0,1180_accounts_payable_current_quarter_end,accounts_payable,accounts payable,TRU,"July 31, 2025",M_USD,3634.0,,,,,,,,,,,,,,,,,,,,,,,,,,,,,,,,,,,,,,,,,,
340,2,"which result follows from the average provision for income taxes for PLZ from Six Months Ended July 31, 2024 to Six Months Ended July 31, 2025?","ratio(sum(2077_provision_for_income_taxes_prior_year_ytd, 2076_provision_for_income_taxes_current_ytd), 2.0)","{""op"": ""ratio"", ""left"": {""op"": ""sum"", ""left"": {""leaf"": ""2077_provision_for_income_taxes_prior_year_ytd"", ""depth"": 0}, ""right"": {""leaf"": ""2076_provision_for_income_taxes_current_ytd"", ""depth"": 0}, ""depth"": 1}, ""right"": {""literal"": 2.0, ""depth"": 0}, ""depth"": 2}","{""kind"": ""time_agg"", ""op"": ""avg"", ""depth"": 0}",3604.0,3,0,2,935477075,300078953,918663111,0.302,0,1,2,2077_provision_for_income_taxes_prior_year_ytd,provision_for_income_taxes,provision for income taxes,PLZ,"Six Months Ended July 31, 2024",M_USD,3734.0,2076_provision_for_income_taxes_current_ytd,provision_for_income_taxes,provision for income taxes,PLZ,"Six Months Ended July 31, 2025",M_USD,3474.0,,,,,,,,,,,,,,,,,,,,,,,,,,,,,,,,,,,,,,,,,,
341,1,"what is the minimum of total current assets for BLD from December 31, 2024 to July 31, 2025","min(2925_total_current_assets_prior_fy_end, 2924_total_current_assets_current_quarter_end)","{""op"": ""min"", ""left"": {""leaf"": ""2925_total_current_assets_prior_fy_end"", ""depth"": 0}, ""right"": {""leaf"": ""2924_total_current_assets_current_quarter_end"", ""depth"": 0}, ""depth"": 1}","{""kind"": ""time_agg"", ""op"": ""min"", ""depth"": 0}",4478.0,1,0,1,556110393,291421615,918663111,0.206,0,1,2,2925_total_current_assets_prior_fy_end,total_current_assets,total current assets,BLD,"December 31, 2024",M_USD,4488.0,2924_total_current_assets_current_quarter_end,total_current_assets,total current assets,BLD,"July 31, 2025",M_USD,4478.0,,,,,,,,,,,,,,,,,,,,,,,,,,,,,,,,,,,,,,,,,,
342,2,"What would be the average inventories for GRD from December 31, 2024 to July 31, 2025","ratio(sum(279_inventories_prior_fy_end, 278_inventories_current_quarter_end), 2.0)","{""op"": ""ratio"", ""left"": {""op"": ""sum"", ""left"": {""leaf"": ""279_inventories_prior_fy_end"", ""depth"": 0}, ""right"": {""leaf"": ""278_inventories_current_quarter_end"", ""depth"": 0}, ""depth"": 1}, ""right"": {""literal"": 2.0, ""depth"": 0}, ""depth"": 2}","{""kind"": ""time_agg"", ""op"": ""avg"", ""depth"": 0}",496.0,2,0,2,518545720,812466994,918663111,0.575,0,1,2,279_inventories_prior_fy_end,inventories,inventories,GRD,"December 31, 2024",M_USD,515.0,278_inventories_current_quarter_end,inventories,inventories,GRD,"July 31, 2025",M_USD,477.0,,,,,,,,,,,,,,,,,,,,,,,,,,,,,,,,,,,,,,,,,,
343,2,"calculate the average accounts payable for VTL from December 31, 2024 to April 30, 2025","ratio(sum(48_accounts_payable_current_quarter_end, 4107_accounts_payable_prior_fy_end), 2.0)","{""op"": ""ratio"", ""left"": {""op"": ""sum"", ""left"": {""leaf"": ""48_accounts_payable_current_quarter_end"", ""depth"": 0}, ""right"": {""leaf"": ""4107_accounts_payable_prior_fy_end"", ""depth"": 0}, ""depth"": 1}, ""right"": {""literal"": 2.0, ""depth"": 0}, ""depth"": 2}","{""kind"": ""time_agg"", ""op"": ""avg"", ""depth"": 0}",2593.0,3,0,2,270478821,320161083,918663111,0.538,0,1,2,48_accounts_payable_current_quarter_end,accounts_payable,accounts payable,VTL,"April 30, 2025",M_USD,299.0,4107_accounts_payable_prior_fy_end,accounts_payable,accounts payable,VTL,"December 31, 2024",M_USD,4887.0,,,,,,,,,,,,,,,,,,,,,,,,,,,,,,,,,,,,,,,,,,
344,1,"What's the value of the maximum of provision for income taxes for CLD from Three Months Ended April 30, 2024 to Three Months Ended April 30, 2025 ?","max(3715_provision_for_income_taxes_prior_year_quarter, 3714_provision_for_income_taxes_current_quarter)","{""op"": ""max"", ""left"": {""leaf"": ""3715_provision_for_income_taxes_prior_year_quarter"", ""depth"": 0}, ""right"": {""leaf"": ""3714_provision_for_income_taxes_current_quarter"", ""depth"": 0}, ""depth"": 1}","{""kind"": ""time_agg"", ""op"": ""max"", ""depth"": 0}",123.0,4,0,1,352076924,453442186,918663111,0.572,0,1,2,3715_provision_for_income_taxes_prior_year_quarter,provision_for_income_taxes,provision for income taxes,CLD,"Three Months Ended April 30, 2024",M_USD,123.0,3714_provision_for_income_taxes_current_quarter,provision_for_income_taxes,provision for income taxes,CLD,"Three Months Ended April 30, 2025",M_USD,123.0,,,,,,,,,,,,,,,,,,,,,,,,,,,,,,,,,,,,,,,,,,
345,2,"you should give the average research and development for FIN from Three Months Ended April 30, 2024 to Three Months Ended April 30, 2025 .","ratio(sum(4257_research_and_development_prior_year_quarter, 4256_research_and_development_current_quarter), 2.0)","{""op"": ""ratio"", ""left"": {""op"": ""sum"", ""left"": {""leaf"": ""4257_research_and_development_prior_year_quarter"", ""depth"": 0}, ""right"": {""leaf"": ""4256_research_and_development_current_quarter"", ""depth"": 0}, ""depth"": 1}, ""right"": {""literal"": 2.0, ""depth"": 0}, ""depth"": 2}","{""kind"": ""time_agg"", ""op"": ""avg"", ""depth"": 0}",73.5,1,0,2,16694920,325543666,918663111,0.122,0,1,2,4257_research_and_development_prior_year_quarter,research_and_development,research and development,FIN,"Three Months Ended April 30, 2024",M_USD,75.0,4256_research_and_development_current_quarter,research_and_development,research and development,FIN,"Three Months Ended April 30, 2025",M_USD,72.0,,,,,,,,,,,,,,,,,,,,,,,,,,,,,,,,,,,,,,,,,,
346,1,"Whats the value of the minimum of long term marketable securities for DTA from December 31, 2024 to April 30, 2025","min(4506_long_term_marketable_securities_current_quarter_end, 4507_long_term_marketable_securities_prior_fy_end)","{""op"": ""min"", ""left"": {""leaf"": ""4506_long_term_marketable_securities_current_quarter_end"", ""depth"": 0}, ""right"": {""leaf"": ""4507_long_term_marketable_securities_prior_fy_end"", ""depth"": 0}, ""depth"": 1}","{""kind"": ""time_agg"", ""op"": ""min"", ""depth"": 0}",6094.0,3,0,1,131885388,483930206,918663111,0.583,0,1,2,4506_long_term_marketable_securities_current_quarter_end,long_term_marketable_securities,long term marketable securities,DTA,"April 30, 2025",M_USD,6094.0,4507_long_term_marketable_securities_prior_fy_end,long_term_marketable_securities,long term marketable securities,DTA,"December 31, 2024",M_USD,6188.0,,,,,,,,,,,,,,,,,,,,,,,,,,,,,,,,,,,,,,,,,,
347,1,"compute the minimum of total current liabilities for CLR from December 31, 2024 to October 31, 2025 .","min(177_total_current_liabilities_prior_fy_end, 176_total_current_liabilities_current_quarter_end)","{""op"": ""min"", ""left"": {""leaf"": ""177_total_current_liabilities_prior_fy_end"", ""depth"": 0}, ""right"": {""leaf"": ""176_total_current_liabilities_current_quarter_end"", ""depth"": 0}, ""depth"": 1}","{""kind"": ""time_agg"", ""op"": ""min"", ""depth"": 0}",1986.0,1,0,1,93936803,575112539,918663111,0.253,0,1,2,177_total_current_liabilities_prior_fy_end,total_current_liabilities,total current liabilities,CLR,"December 31, 2024",M_USD,1986.0,176_total_current_liabilities_current_quarter_end,total_current_liabilities,total current liabilities,CLR,"October 31, 2025",M_USD,2073.0,,,,,,,,,,,,,,,,,,,,,,,,,,,,,,,,,,,,,,,,,,
348,1,"Provide the free cash flow for TRU in Six Months Ended July 31, 2025 .",free_cash_flow,"{""derived"": ""free_cash_flow"", ""expanded"": {""op"": ""diff"", ""left"": {""leaf"": ""666_net_cash_from_operating_current_ytd"", ""depth"": 0}, ""right"": {""leaf"": ""784_capital_expenditures_current_ytd"", ""depth"": 0}, ""depth"": 1}, ""depth"": 1}","{""kind"": ""derived_concept"", ""name"": ""free_cash_flow"", ""depth"": 0}",6443.0,2,0,1,814015758,640835705,918663111,0.514,0,1,2,666_net_cash_from_operating_current_ytd,net_cash_from_operating,net cash from operating,TRU,"Six Months Ended July 31, 2025",M_USD,5592.0,784_capital_expenditures_current_ytd,capital_expenditures,capital expenditures,TRU,"Six Months Ended July 31, 2025",M_USD,-851.0,,,,,,,,,,,,,,,,,,,,,,,,,,,,,,,,,,,,,,,,,,
349,3,"You should calculate the minimum of other non current assets for CRX from December 31, 2024 to January 31, 2026.","min(min(min(5205_other_non_current_assets_prior_fy_end, 4608_other_non_current_assets_current_quarter_end), 5204_other_non_current_assets_current_quarter_end), 4609_other_non_current_assets_prior_fy_end)","{""op"": ""min"", ""left"": {""op"": ""min"", ""left"": {""op"": ""min"", ""left"": {""leaf"": ""5205_other_non_current_assets_prior_fy_end"", ""depth"": 0}, ""right"": {""leaf"": ""4608_other_non_current_assets_current_quarter_end"", ""depth"": 0}, ""depth"": 1}, ""right"": {""leaf"": ""5204_other_non_current_assets_current_quarter_end"", ""depth"": 0}, ""depth"": 2}, ""right"": {""leaf"": ""4609_other_non_current_assets_prior_fy_end"", ""depth"": 0}, ""depth"": 3}","{""kind"": ""time_agg"", ""op"": ""min"", ""depth"": 0}",434.0,4,0,3,216155873,702515596,918663111,0.34,0,1,4,5205_other_non_current_assets_prior_fy_end,other_non_current_assets,other non current assets,CRX,"December 31, 2024",M_USD,434.0,4608_other_non_current_assets_current_quarter_end,other_non_current_assets,other non current assets,CRX,"January 31, 2026",M_USD,1533.0,5204_other_non_current_assets_current_quarter_end,other_non_current_assets,other non current assets,CRX,"October 31, 2025",M_USD,452.0,4609_other_non_current_assets_prior_fy_end,other_non_current_assets,other non current assets,CRX,"September 30, 2025",M_USD,1312.0,,,,,,,,,,,,,,,,,,,,,,,,,,,,
350,2,"which result follows from the average current portion of long term debt for PLZ from December 31, 2024 to July 31, 2025 ?","ratio(sum(2121_current_portion_of_long_term_debt_prior_fy_end, 2120_current_portion_of_long_term_debt_current_quarter_end), 2.0)","{""op"": ""ratio"", ""left"": {""op"": ""sum"", ""left"": {""leaf"": ""2121_current_portion_of_long_term_debt_prior_fy_end"", ""depth"": 0}, ""right"": {""leaf"": ""2120_current_portion_of_long_term_debt_current_quarter_end"", ""depth"": 0}, ""depth"": 1}, ""right"": {""literal"": 2.0, ""depth"": 0}, ""depth"": 2}","{""kind"": ""time_agg"", ""op"": ""avg"", ""depth"": 0}",2425.5,1,0,2,732363119,781841483,918663111,0.494,0,1,2,2121_current_portion_of_long_term_debt_prior_fy_end,current_portion_of_long_term_debt,current portion of long term debt,PLZ,"December 31, 2024",M_USD,2393.0,2120_current_portion_of_long_term_debt_current_quarter_end,current_portion_of_long_term_debt,current portion of long term debt,PLZ,"July 31, 2025",M_USD,2458.0,,,,,,,,,,,,,,,,,,,,,,,,,,,,,,,,,,,,,,,,,,
351,2,"Give the average stock based compensation for AVX from Nine Months Ended October 31, 2024 to Nine Months Ended October 31, 2025 .","ratio(sum(1325_stock_based_compensation_prior_ytd, 1324_stock_based_compensation_current_ytd), 2.0)","{""op"": ""ratio"", ""left"": {""op"": ""sum"", ""left"": {""leaf"": ""1325_stock_based_compensation_prior_ytd"", ""depth"": 0}, ""right"": {""leaf"": ""1324_stock_based_compensation_current_ytd"", ""depth"": 0}, ""depth"": 1}, ""right"": {""literal"": 2.0, ""depth"": 0}, ""depth"": 2}","{""kind"": ""time_agg"", ""op"": ""avg"", ""depth"": 0}",14.0,3,0,2,148868360,478523138,918663111,0.31,0,1,2,1325_stock_based_compensation_prior_ytd,stock_based_compensation,stock based compensation,AVX,"Nine Months Ended October 31, 2024",M_USD,14.0,1324_stock_based_compensation_current_ytd,stock_based_compensation,stock based compensation,AVX,"Nine Months Ended October 31, 2025",M_USD,14.0,,,,,,,,,,,,,,,,,,,,,,,,,,,,,,,,,,,,,,,,,,
352,1,"Evaluate the maximum of total current liabilities for AVX from December 31, 2024 to October 31, 2025","max(1305_total_current_liabilities_prior_fy_end, 1304_total_current_liabilities_current_quarter_end)","{""op"": ""max"", ""left"": {""leaf"": ""1305_total_current_liabilities_prior_fy_end"", ""depth"": 0}, ""right"": {""leaf"": ""1304_total_current_liabilities_current_quarter_end"", ""depth"": 0}, ""depth"": 1}","{""kind"": ""time_agg"", ""op"": ""max"", ""depth"": 0}",396.0,4,0,1,391679591,383357843,918663111,0.14,0,1,2,1305_total_current_liabilities_prior_fy_end,total_current_liabilities,total current liabilities,AVX,"December 31, 2024",M_USD,396.0,1304_total_current_liabilities_current_quarter_end,total_current_liabilities,total current liabilities,AVX,"October 31, 2025",M_USD,389.0,,,,,,,,,,,,,,,,,,,,,,,,,,,,,,,,,,,,,,,,,,
353,2,"What is the value of the average net income for CIV from Three Months Ended October 31, 2024 to Three Months Ended October 31, 2025?","ratio(sum(3015_net_income_prior_year_quarter, 3014_net_income_current_quarter), 2.0)","{""op"": ""ratio"", ""left"": {""op"": ""sum"", ""left"": {""leaf"": ""3015_net_income_prior_year_quarter"", ""depth"": 0}, ""right"": {""leaf"": ""3014_net_income_current_quarter"", ""depth"": 0}, ""depth"": 1}, ""right"": {""literal"": 2.0, ""depth"": 0}, ""depth"": 2}","{""kind"": ""time_agg"", ""op"": ""avg"", ""depth"": 0}",229.5,3,0,2,612610964,868337054,918663111,0.355,0,1,2,3015_net_income_prior_year_quarter,net_income,net income,CIV,"Three Months Ended October 31, 2024",M_USD,224.0,3014_net_income_current_quarter,net_income,net income,CIV,"Three Months Ended October 31, 2025",M_USD,235.0,,,,,,,,,,,,,,,,,,,,,,,,,,,,,,,,,,,,,,,,,,
354,2,"may you calculate the average long term debt for TRU from December 31, 2024 to July 31, 2025 ?","ratio(sum(655_long_term_debt_prior_fy_end, 770_long_term_debt_current_quarter_end), 2.0)","{""op"": ""ratio"", ""left"": {""op"": ""sum"", ""left"": {""leaf"": ""655_long_term_debt_prior_fy_end"", ""depth"": 0}, ""right"": {""leaf"": ""770_long_term_debt_current_quarter_end"", ""depth"": 0}, ""depth"": 1}, ""right"": {""literal"": 2.0, ""depth"": 0}, ""depth"": 2}","{""kind"": ""time_agg"", ""op"": ""avg"", ""depth"": 0}",12148.5,4,0,2,402255581,719715098,918663111,0.438,0,1,2,655_long_term_debt_prior_fy_end,long_term_debt,long term debt,TRU,"December 31, 2024",M_USD,6832.0,770_long_term_debt_current_quarter_end,long_term_debt,long term debt,TRU,"July 31, 2025",M_USD,17465.0,,,,,,,,,,,,,,,,,,,,,,,,,,,,,,,,,,,,,,,,,,
355,1,"which result follows from the minimum of total current liabilities for PLZ from December 31, 2024 to July 31, 2025?","min(2123_total_current_liabilities_prior_fy_end, 2122_total_current_liabilities_current_quarter_end)","{""op"": ""min"", ""left"": {""leaf"": ""2123_total_current_liabilities_prior_fy_end"", ""depth"": 0}, ""right"": {""leaf"": ""2122_total_current_liabilities_current_quarter_end"", ""depth"": 0}, ""depth"": 1}","{""kind"": ""time_agg"", ""op"": ""min"", ""depth"": 0}",32392.0,4,0,1,724026416,925570002,918663111,0.118,0,1,2,2123_total_current_liabilities_prior_fy_end,total_current_liabilities,total current liabilities,PLZ,"December 31, 2024",M_USD,32392.0,2122_total_current_liabilities_current_quarter_end,total_current_liabilities,total current liabilities,PLZ,"July 31, 2025",M_USD,33269.0,,,,,,,,,,,,,,,,,,,,,,,,,,,,,,,,,,,,,,,,,,
356,2,"determine the average total non current liabilities for BRX from December 31, 2024 to July 31, 2025.","ratio(sum(423_total_non_current_liabilities_prior_fy_end, 422_total_non_current_liabilities_current_quarter_end), 2.0)","{""op"": ""ratio"", ""left"": {""op"": ""sum"", ""left"": {""leaf"": ""423_total_non_current_liabilities_prior_fy_end"", ""depth"": 0}, ""right"": {""leaf"": ""422_total_non_current_liabilities_current_quarter_end"", ""depth"": 0}, ""depth"": 1}, ""right"": {""literal"": 2.0, ""depth"": 0}, ""depth"": 2}","{""kind"": ""time_agg"", ""op"": ""avg"", ""depth"": 0}",30252.0,1,0,2,167753419,652476906,918663111,0.284,0,1,2,423_total_non_current_liabilities_prior_fy_end,total_non_current_liabilities,total non current liabilities,BRX,"December 31, 2024",M_USD,30430.0,422_total_non_current_liabilities_current_quarter_end,total_non_current_liabilities,total non current liabilities,BRX,"July 31, 2025",M_USD,30074.0,,,,,,,,,,,,,,,,,,,,,,,,,,,,,,,,,,,,,,,,,,
357,2,"Compute the average total assets for FAB from December 31, 2024 to July 31, 2025.","ratio(sum(3993_total_assets_prior_fy_end, 3992_total_assets_current_quarter_end), 2.0)","{""op"": ""ratio"", ""left"": {""op"": ""sum"", ""left"": {""leaf"": ""3993_total_assets_prior_fy_end"", ""depth"": 0}, ""right"": {""leaf"": ""3992_total_assets_current_quarter_end"", ""depth"": 0}, ""depth"": 1}, ""right"": {""literal"": 2.0, ""depth"": 0}, ""depth"": 2}","{""kind"": ""time_agg"", ""op"": ""avg"", ""depth"": 0}",33885.5,3,0,2,746953722,362812537,918663111,0.163,0,1,2,3993_total_assets_prior_fy_end,total_assets,total assets,FAB,"December 31, 2024",M_USD,34140.0,3992_total_assets_current_quarter_end,total_assets,total assets,FAB,"July 31, 2025",M_USD,33631.0,,,,,,,,,,,,,,,,,,,,,,,,,,,,,,,,,,,,,,,,,,
358,0,"Calculate the goodwill for TRD in April 30, 2025.",5418_goodwill_current_quarter_end,"{""leaf"": ""5418_goodwill_current_quarter_end"", ""depth"": 0}","{""kind"": ""leaf"", ""semantic_type_in"": [""amount""], ""depth"": 0}",1750.0,3,0,0,677932802,425474718,918663111,0.5,0,1,1,5418_goodwill_current_quarter_end,goodwill,goodwill,TRD,"April 30, 2025",M_USD,1750.0,,,,,,,,,,,,,,,,,,,,,,,,,,,,,,,,,,,,,,,,,,,,,,,,,
359,1,"You should give the minimum of provision for income taxes for HLT from Three Months Ended July 31, 2024 to Three Months Ended July 31, 2025.","min(3251_provision_for_income_taxes_prior_year_quarter, 3250_provision_for_income_taxes_current_quarter)","{""op"": ""min"", ""left"": {""leaf"": ""3251_provision_for_income_taxes_prior_year_quarter"", ""depth"": 0}, ""right"": {""leaf"": ""3250_provision_for_income_taxes_current_quarter"", ""depth"": 0}, ""depth"": 1}","{""kind"": ""time_agg"", ""op"": ""min"", ""depth"": 0}",942.0,1,0,1,746126949,942985518,918663111,0.119,0,1,2,3251_provision_for_income_taxes_prior_year_quarter,provision_for_income_taxes,provision for income taxes,HLT,"Three Months Ended July 31, 2024",M_USD,1027.0,3250_provision_for_income_taxes_current_quarter,provision_for_income_taxes,provision for income taxes,HLT,"Three Months Ended July 31, 2025",M_USD,942.0,,,,,,,,,,,,,,,,,,,,,,,,,,,,,,,,,,,,,,,,,,
360,2,"You should calculate the average research and development for STR from Six Months Ended July 31, 2024 to Six Months Ended July 31, 2025 .","ratio(sum(3457_research_and_development_prior_year_ytd, 3456_research_and_development_current_ytd), 2.0)","{""op"": ""ratio"", ""left"": {""op"": ""sum"", ""left"": {""leaf"": ""3457_research_and_development_prior_year_ytd"", ""depth"": 0}, ""right"": {""leaf"": ""3456_research_and_development_current_ytd"", ""depth"": 0}, ""depth"": 1}, ""right"": {""literal"": 2.0, ""depth"": 0}, ""depth"": 2}","{""kind"": ""time_agg"", ""op"": ""avg"", ""depth"": 0}",2100.0,3,0,2,861606198,922305545,918663111,0.434,0,1,2,3457_research_and_development_prior_year_ytd,research_and_development,research and development,STR,"Six Months Ended July 31, 2024",M_USD,2002.0,3456_research_and_development_current_ytd,research_and_development,research and development,STR,"Six Months Ended July 31, 2025",M_USD,2198.0,,,,,,,,,,,,,,,,,,,,,,,,,,,,,,,,,,,,,,,,,,
361,1,"Evaluate the maximum of gross profit for BLD from Three Months Ended July 31, 2024 to Three Months Ended July 31, 2025","max(5275_gross_profit_prior_year_quarter, 2874_gross_profit_current_quarter)","{""op"": ""max"", ""left"": {""leaf"": ""5275_gross_profit_prior_year_quarter"", ""depth"": 0}, ""right"": {""leaf"": ""2874_gross_profit_current_quarter"", ""depth"": 0}, ""depth"": 1}","{""kind"": ""time_agg"", ""op"": ""max"", ""depth"": 0}",8500.0,2,0,1,541586227,718336222,918663111,0.513,0,1,2,5275_gross_profit_prior_year_quarter,gross_profit,gross profit,BLD,"Three Months Ended July 31, 2024",M_USD,8500.0,2874_gross_profit_current_quarter,gross_profit,gross profit,BLD,"Three Months Ended July 31, 2025",M_USD,1717.0,,,,,,,,,,,,,,,,,,,,,,,,,,,,,,,,,,,,,,,,,,
362,1,"Provide the minimum of total costs and expenses for SUP from Three Months Ended July 31, 2024 to Three Months Ended July 31, 2025.","min(2647_total_costs_and_expenses_prior_year_quarter, 2646_total_costs_and_expenses_current_quarter)","{""op"": ""min"", ""left"": {""leaf"": ""2647_total_costs_and_expenses_prior_year_quarter"", ""depth"": 0}, ""right"": {""leaf"": ""2646_total_costs_and_expenses_current_quarter"", ""depth"": 0}, ""depth"": 1}","{""kind"": ""time_agg"", ""op"": ""min"", ""depth"": 0}",24505.0,4,0,1,255165490,840238732,918663111,0.203,0,1,2,2647_total_costs_and_expenses_prior_year_quarter,total_costs_and_expenses,total costs and expenses,SUP,"Three Months Ended July 31, 2024",M_USD,27424.0,2646_total_costs_and_expenses_current_quarter,total_costs_and_expenses,total costs and expenses,SUP,"Three Months Ended July 31, 2025",M_USD,24505.0,,,,,,,,,,,,,,,,,,,,,,,,,,,,,,,,,,,,,,,,,,
363,2,"what is the average total non current assets for AST from December 31, 2024 to July 31, 2025?","ratio(sum(4843_total_non_current_assets_prior_fy_end, 4842_total_non_current_assets_current_quarter_end), 2.0)","{""op"": ""ratio"", ""left"": {""op"": ""sum"", ""left"": {""leaf"": ""4843_total_non_current_assets_prior_fy_end"", ""depth"": 0}, ""right"": {""leaf"": ""4842_total_non_current_assets_current_quarter_end"", ""depth"": 0}, ""depth"": 1}, ""right"": {""literal"": 2.0, ""depth"": 0}, ""depth"": 2}","{""kind"": ""time_agg"", ""op"": ""avg"", ""depth"": 0}",10303.5,3,0,2,510537953,569939936,918663111,0.3,0,1,2,4843_total_non_current_assets_prior_fy_end,total_non_current_assets,total non current assets,AST,"December 31, 2024",M_USD,10271.0,4842_total_non_current_assets_current_quarter_end,total_non_current_assets,total non current assets,AST,"July 31, 2025",M_USD,10336.0,,,,,,,,,,,,,,,,,,,,,,,,,,,,,,,,,,,,,,,,,,
364,2,"Evaluate the average stock based compensation for TPH from Nine Months Ended October 31, 2024 to Nine Months Ended October 31, 2025 .","ratio(sum(2839_stock_based_compensation_prior_ytd, 2838_stock_based_compensation_current_ytd), 2.0)","{""op"": ""ratio"", ""left"": {""op"": ""sum"", ""left"": {""leaf"": ""2839_stock_based_compensation_prior_ytd"", ""depth"": 0}, ""right"": {""leaf"": ""2838_stock_based_compensation_current_ytd"", ""depth"": 0}, ""depth"": 1}, ""right"": {""literal"": 2.0, ""depth"": 0}, ""depth"": 2}","{""kind"": ""time_agg"", ""op"": ""avg"", ""depth"": 0}",524.5,3,0,2,844640407,301291046,918663111,0.309,0,1,2,2839_stock_based_compensation_prior_ytd,stock_based_compensation,stock based compensation,TPH,"Nine Months Ended October 31, 2024",M_USD,530.0,2838_stock_based_compensation_current_ytd,stock_based_compensation,stock based compensation,TPH,"Nine Months Ended October 31, 2025",M_USD,519.0,,,,,,,,,,,,,,,,,,,,,,,,,,,,,,,,,,,,,,,,,,
365,3,"provide the average long term marketable securities for CRX from September 30, 2025 to January 31, 2026","ratio(sum(sum(4602_long_term_marketable_securities_current_quarter_end, 5198_long_term_marketable_securities_current_quarter_end), 4603_long_term_marketable_securities_prior_fy_end), 3.0)","{""op"": ""ratio"", ""left"": {""op"": ""sum"", ""left"": {""op"": ""sum"", ""left"": {""leaf"": ""4602_long_term_marketable_securities_current_quarter_end"", ""depth"": 0}, ""right"": {""leaf"": ""5198_long_term_marketable_securities_current_quarter_end"", ""depth"": 0}, ""depth"": 1}, ""right"": {""leaf"": ""4603_long_term_marketable_securities_prior_fy_end"", ""depth"": 0}, ""depth"": 2}, ""right"": {""literal"": 3.0, ""depth"": 0}, ""depth"": 3}","{""kind"": ""time_agg"", ""op"": ""avg"", ""depth"": 0}",6246.333333333333,3,0,3,660618419,226886413,918663111,0.476,0,1,3,4602_long_term_marketable_securities_current_quarter_end,long_term_marketable_securities,long term marketable securities,CRX,"January 31, 2026",M_USD,8554.0,5198_long_term_marketable_securities_current_quarter_end,long_term_marketable_securities,long term marketable securities,CRX,"October 31, 2025",M_USD,2863.0,4603_long_term_marketable_securities_prior_fy_end,long_term_marketable_securities,long term marketable securities,CRX,"September 30, 2025",M_USD,7322.0,,,,,,,,,,,,,,,,,,,,,,,,,,,,,,,,,,,
366,1,"give the minimum of accrued expenses and other for FIN from December 31, 2024 to April 30, 2025","min(4302_accrued_expenses_and_other_current_quarter_end, 4303_accrued_expenses_and_other_prior_fy_end)","{""op"": ""min"", ""left"": {""leaf"": ""4302_accrued_expenses_and_other_current_quarter_end"", ""depth"": 0}, ""right"": {""leaf"": ""4303_accrued_expenses_and_other_prior_fy_end"", ""depth"": 0}, ""depth"": 1}","{""kind"": ""time_agg"", ""op"": ""min"", ""depth"": 0}",374.0,2,0,1,958922542,252949237,918663111,0.54,0,1,2,4302_accrued_expenses_and_other_current_quarter_end,accrued_expenses_and_other,accrued expenses and other,FIN,"April 30, 2025",M_USD,420.0,4303_accrued_expenses_and_other_prior_fy_end,accrued_expenses_and_other,accrued expenses and other,FIN,"December 31, 2024",M_USD,374.0,,,,,,,,,,,,,,,,,,,,,,,,,,,,,,,,,,,,,,,,,,
367,2,"Provide the average long term debt for SCI from December 31, 2024 to July 31, 2025","ratio(sum(5093_long_term_debt_prior_fy_end, 5092_long_term_debt_current_quarter_end), 2.0)","{""op"": ""ratio"", ""left"": {""op"": ""sum"", ""left"": {""leaf"": ""5093_long_term_debt_prior_fy_end"", ""depth"": 0}, ""right"": {""leaf"": ""5092_long_term_debt_current_quarter_end"", ""depth"": 0}, ""depth"": 1}, ""right"": {""literal"": 2.0, ""depth"": 0}, ""depth"": 2}","{""kind"": ""time_agg"", ""op"": ""avg"", ""depth"": 0}",1007.5,3,0,2,427412475,35450663,918663111,0.579,0,1,2,5093_long_term_debt_prior_fy_end,long_term_debt,long term debt,SCI,"December 31, 2024",M_USD,939.0,5092_long_term_debt_current_quarter_end,long_term_debt,long term debt,SCI,"July 31, 2025",M_USD,1076.0,,,,,,,,,,,,,,,,,,,,,,,,,,,,,,,,,,,,,,,,,,
368,1,"What is the minimum of cash and cash equivalents for AST from December 31, 2024 to July 31, 2025","min(4823_cash_and_cash_equivalents_prior_fy_end, 4822_cash_and_cash_equivalents_current_quarter_end)","{""op"": ""min"", ""left"": {""leaf"": ""4823_cash_and_cash_equivalents_prior_fy_end"", ""depth"": 0}, ""right"": {""leaf"": ""4822_cash_and_cash_equivalents_current_quarter_end"", ""depth"": 0}, ""depth"": 1}","{""kind"": ""time_agg"", ""op"": ""min"", ""depth"": 0}",6143.0,3,0,1,48700408,693709226,918663111,0.419,0,1,2,4823_cash_and_cash_equivalents_prior_fy_end,cash_and_cash_equivalents,cash and cash equivalents,AST,"December 31, 2024",M_USD,6143.0,4822_cash_and_cash_equivalents_current_quarter_end,cash_and_cash_equivalents,cash and cash equivalents,AST,"July 31, 2025",M_USD,6182.0,,,,,,,,,,,,,,,,,,,,,,,,,,,,,,,,,,,,,,,,,,
369,0,"Provide the gross profit for STR in Six Months Ended July 31, 2024 .",3453_gross_profit_prior_year_ytd,"{""leaf"": ""3453_gross_profit_prior_year_ytd"", ""depth"": 0}","{""kind"": ""leaf"", ""semantic_type_in"": [""amount""], ""depth"": 0}",10432.0,1,0,0,424070509,263372126,918663111,0.198,0,1,1,3453_gross_profit_prior_year_ytd,gross_profit,gross profit,STR,"Six Months Ended July 31, 2024",M_USD,10432.0,,,,,,,,,,,,,,,,,,,,,,,,,,,,,,,,,,,,,,,,,,,,,,,,,
370,2,"Provide the average current portion of long term debt for MTX from December 31, 2024 to October 31, 2025 .","ratio(sum(5545_current_portion_of_long_term_debt_prior_fy_end, 5544_current_portion_of_long_term_debt_current_quarter_end), 2.0)","{""op"": ""ratio"", ""left"": {""op"": ""sum"", ""left"": {""leaf"": ""5545_current_portion_of_long_term_debt_prior_fy_end"", ""depth"": 0}, ""right"": {""leaf"": ""5544_current_portion_of_long_term_debt_current_quarter_end"", ""depth"": 0}, ""depth"": 1}, ""right"": {""literal"": 2.0, ""depth"": 0}, ""depth"": 2}","{""kind"": ""time_agg"", ""op"": ""avg"", ""depth"": 0}",1012.0,3,0,2,611244092,823507629,918663111,0.207,0,1,2,5545_current_portion_of_long_term_debt_prior_fy_end,current_portion_of_long_term_debt,current portion of long term debt,MTX,"December 31, 2024",M_USD,937.0,5544_current_portion_of_long_term_debt_current_quarter_end,current_portion_of_long_term_debt,current portion of long term debt,MTX,"October 31, 2025",M_USD,1087.0,,,,,,,,,,,,,,,,,,,,,,,,,,,,,,,,,,,,,,,,,,
371,2,"May you calculate the average Royalties and other for VRX from Six Months Ended July 31, 2024 to Six Months Ended July 31, 2025","ratio(sum(3217_royalties_and_other_prior_year_ytd, 3213_royalties_and_other_current_ytd), 2.0)","{""op"": ""ratio"", ""left"": {""op"": ""sum"", ""left"": {""leaf"": ""3217_royalties_and_other_prior_year_ytd"", ""depth"": 0}, ""right"": {""leaf"": ""3213_royalties_and_other_current_ytd"", ""depth"": 0}, ""depth"": 1}, ""right"": {""literal"": 2.0, ""depth"": 0}, ""depth"": 2}","{""kind"": ""time_agg"", ""op"": ""avg"", ""depth"": 0}",4540.0,1,0,2,572539987,821183792,918663111,0.396,0,1,2,3217_royalties_and_other_prior_year_ytd,royalties_and_other,Royalties and other,VRX,"Six Months Ended July 31, 2024",M_USD,4302.0,3213_royalties_and_other_current_ytd,royalties_and_other,Royalties and other,VRX,"Six Months Ended July 31, 2025",M_USD,4778.0,,,,,,,,,,,,,,,,,,,,,,,,,,,,,,,,,,,,,,,,,,
372,1,"Compute the sum of prepaid expenses and other and accounts payable for JTX in December 31, 2024.","sum(4193_prepaid_expenses_and_other_prior_fy_end, 4209_accounts_payable_prior_fy_end)","{""op"": ""sum"", ""left"": {""leaf"": ""4193_prepaid_expenses_and_other_prior_fy_end"", ""depth"": 0}, ""right"": {""leaf"": ""4209_accounts_payable_prior_fy_end"", ""depth"": 0}, ""depth"": 1}","{""op"": ""sum"", ""left"": {""kind"": ""leaf"", ""semantic_type_in"": [""amount""], ""depth"": 0}, ""right"": {""kind"": ""leaf"", ""semantic_type_in"": [""amount""], ""depth"": 0}, ""depth"": 1, ""kind"": ""node""}",3446.0,1,1,1,15381357,999301081,918663111,0.35,1,2,2,4193_prepaid_expenses_and_other_prior_fy_end,prepaid_expenses_and_other,prepaid expenses and other,JTX,"December 31, 2024",M_USD,315.0,4209_accounts_payable_prior_fy_end,accounts_payable,accounts payable,JTX,"December 31, 2024",M_USD,3131.0,,,,,,,,,,,,,,,,,,,,,,,,,,,,,,,,,,,,,,,,,,
373,1,"what does the following give: minimum of other non current assets for INF from December 31, 2024 to July 31, 2025?","min(3861_other_non_current_assets_prior_fy_end, 3860_other_non_current_assets_current_quarter_end)","{""op"": ""min"", ""left"": {""leaf"": ""3861_other_non_current_assets_prior_fy_end"", ""depth"": 0}, ""right"": {""leaf"": ""3860_other_non_current_assets_current_quarter_end"", ""depth"": 0}, ""depth"": 1}","{""kind"": ""time_agg"", ""op"": ""min"", ""depth"": 0}",842.0,2,0,1,295459013,342333300,918663111,0.106,0,1,2,3861_other_non_current_assets_prior_fy_end,other_non_current_assets,other non current assets,INF,"December 31, 2024",M_USD,842.0,3860_other_non_current_assets_current_quarter_end,other_non_current_assets,other non current assets,INF,"July 31, 2025",M_USD,843.0,,,,,,,,,,,,,,,,,,,,,,,,,,,,,,,,,,,,,,,,,,
374,2,"what's the value of the average net cash from operating for CLD from Three Months Ended April 30, 2024 to Three Months Ended April 30, 2025","ratio(sum(3417_net_cash_from_operating_prior_ytd, 3416_net_cash_from_operating_current_ytd), 2.0)","{""op"": ""ratio"", ""left"": {""op"": ""sum"", ""left"": {""leaf"": ""3417_net_cash_from_operating_prior_ytd"", ""depth"": 0}, ""right"": {""leaf"": ""3416_net_cash_from_operating_current_ytd"", ""depth"": 0}, ""depth"": 1}, ""right"": {""literal"": 2.0, ""depth"": 0}, ""depth"": 2}","{""kind"": ""time_agg"", ""op"": ""avg"", ""depth"": 0}",2270.0,3,0,2,10854081,331610474,918663111,0.39,0,1,2,3417_net_cash_from_operating_prior_ytd,net_cash_from_operating,net cash from operating,CLD,"Three Months Ended April 30, 2024",M_USD,2354.0,3416_net_cash_from_operating_current_ytd,net_cash_from_operating,net cash from operating,CLD,"Three Months Ended April 30, 2025",M_USD,2186.0,,,,,,,,,,,,,,,,,,,,,,,,,,,,,,,,,,,,,,,,,,
375,1,"what does the following give: maximum of total non current assets for JTX from December 31, 2024 to April 30, 2025","max(4204_total_non_current_assets_current_quarter_end, 4205_total_non_current_assets_prior_fy_end)","{""op"": ""max"", ""left"": {""leaf"": ""4204_total_non_current_assets_current_quarter_end"", ""depth"": 0}, ""right"": {""leaf"": ""4205_total_non_current_assets_prior_fy_end"", ""depth"": 0}, ""depth"": 1}","{""kind"": ""time_agg"", ""op"": ""max"", ""depth"": 0}",11474.0,2,0,1,306458197,381263534,918663111,0.409,0,1,2,4204_total_non_current_assets_current_quarter_end,total_non_current_assets,total non current assets,JTX,"April 30, 2025",M_USD,11474.0,4205_total_non_current_assets_prior_fy_end,total_non_current_assets,total non current assets,JTX,"December 31, 2024",M_USD,11435.0,,,,,,,,,,,,,,,,,,,,,,,,,,,,,,,,,,,,,,,,,,
376,1,"Could you give the maximum of goodwill for SUP from December 31, 2024 to April 30, 2025","max(848_goodwill_current_quarter_end, 2691_goodwill_prior_fy_end)","{""op"": ""max"", ""left"": {""leaf"": ""848_goodwill_current_quarter_end"", ""depth"": 0}, ""right"": {""leaf"": ""2691_goodwill_prior_fy_end"", ""depth"": 0}, ""depth"": 1}","{""kind"": ""time_agg"", ""op"": ""max"", ""depth"": 0}",2687.0,1,0,1,356953573,685456676,918663111,0.374,0,1,2,848_goodwill_current_quarter_end,goodwill,goodwill,SUP,"April 30, 2025",M_USD,1485.0,2691_goodwill_prior_fy_end,goodwill,goodwill,SUP,"December 31, 2024",M_USD,2687.0,,,,,,,,,,,,,,,,,,,,,,,,,,,,,,,,,,,,,,,,,,
377,1,"Evaluate the maximum of stock based compensation for MDI from Nine Months Ended October 31, 2024 to Nine Months Ended October 31, 2025","max(5679_stock_based_compensation_prior_ytd, 5678_stock_based_compensation_current_ytd)","{""op"": ""max"", ""left"": {""leaf"": ""5679_stock_based_compensation_prior_ytd"", ""depth"": 0}, ""right"": {""leaf"": ""5678_stock_based_compensation_current_ytd"", ""depth"": 0}, ""depth"": 1}","{""kind"": ""time_agg"", ""op"": ""max"", ""depth"": 0}",197.0,1,0,1,273024486,567356396,918663111,0.384,0,1,2,5679_stock_based_compensation_prior_ytd,stock_based_compensation,stock based compensation,MDI,"Nine Months Ended October 31, 2024",M_USD,174.0,5678_stock_based_compensation_current_ytd,stock_based_compensation,stock based compensation,MDI,"Nine Months Ended October 31, 2025",M_USD,197.0,,,,,,,,,,,,,,,,,,,,,,,,,,,,,,,,,,,,,,,,,,
378,1,"Calculate the maximum of Other revenue for HLT from Nine Months Ended October 31, 2024 to Nine Months Ended October 31, 2025","max(573_other_revenue_prior_year_ytd, 569_other_revenue_current_ytd)","{""op"": ""max"", ""left"": {""leaf"": ""573_other_revenue_prior_year_ytd"", ""depth"": 0}, ""right"": {""leaf"": ""569_other_revenue_current_ytd"", ""depth"": 0}, ""depth"": 1}","{""kind"": ""time_agg"", ""op"": ""max"", ""depth"": 0}",12246.0,1,0,1,859067884,120716504,918663111,0.185,0,1,2,573_other_revenue_prior_year_ytd,other_revenue,Other revenue,HLT,"Nine Months Ended October 31, 2024",M_USD,10704.0,569_other_revenue_current_ytd,other_revenue,Other revenue,HLT,"Nine Months Ended October 31, 2025",M_USD,12246.0,,,,,,,,,,,,,,,,,,,,,,,,,,,,,,,,,,,,,,,,,,
379,1,"what does the following give: minimum of long term marketable securities for INF from December 31, 2024 to July 31, 2025","min(3855_long_term_marketable_securities_prior_fy_end, 3854_long_term_marketable_securities_current_quarter_end)","{""op"": ""min"", ""left"": {""leaf"": ""3855_long_term_marketable_securities_prior_fy_end"", ""depth"": 0}, ""right"": {""leaf"": ""3854_long_term_marketable_securities_current_quarter_end"", ""depth"": 0}, ""depth"": 1}","{""kind"": ""time_agg"", ""op"": ""min"", ""depth"": 0}",2601.0,4,0,1,465990995,392489300,918663111,0.341,0,1,2,3855_long_term_marketable_securities_prior_fy_end,long_term_marketable_securities,long term marketable securities,INF,"December 31, 2024",M_USD,2601.0,3854_long_term_marketable_securities_current_quarter_end,long_term_marketable_securities,long term marketable securities,INF,"July 31, 2025",M_USD,2604.0,,,,,,,,,,,,,,,,,,,,,,,,,,,,,,,,,,,,,,,,,,
380,1,"May you give the minimum of gross profit for BRX from Six Months Ended July 31, 2024 to Six Months Ended July 31, 2025?","min(347_gross_profit_prior_year_ytd, 346_gross_profit_current_ytd)","{""op"": ""min"", ""left"": {""leaf"": ""347_gross_profit_prior_year_ytd"", ""depth"": 0}, ""right"": {""leaf"": ""346_gross_profit_current_ytd"", ""depth"": 0}, ""depth"": 1}","{""kind"": ""time_agg"", ""op"": ""min"", ""depth"": 0}",41460.0,4,0,1,791177689,936250803,918663111,0.383,0,1,2,347_gross_profit_prior_year_ytd,gross_profit,gross profit,BRX,"Six Months Ended July 31, 2024",M_USD,42332.0,346_gross_profit_current_ytd,gross_profit,gross profit,BRX,"Six Months Ended July 31, 2025",M_USD,41460.0,,,,,,,,,,,,,,,,,,,,,,,,,,,,,,,,,,,,,,,,,,
381,2,"what is the average cost of sales for AST from Six Months Ended July 31, 2024 to Six Months Ended July 31, 2025?","ratio(sum(4785_cost_of_sales_prior_year_ytd, 4784_cost_of_sales_current_ytd), 2.0)","{""op"": ""ratio"", ""left"": {""op"": ""sum"", ""left"": {""leaf"": ""4785_cost_of_sales_prior_year_ytd"", ""depth"": 0}, ""right"": {""leaf"": ""4784_cost_of_sales_current_ytd"", ""depth"": 0}, ""depth"": 1}, ""right"": {""literal"": 2.0, ""depth"": 0}, ""depth"": 2}","{""kind"": ""time_agg"", ""op"": ""avg"", ""depth"": 0}",13132.0,1,0,2,534590628,190568995,918663111,0.371,0,1,2,4785_cost_of_sales_prior_year_ytd,cost_of_sales,cost of sales,AST,"Six Months Ended July 31, 2024",M_USD,12890.0,4784_cost_of_sales_current_ytd,cost_of_sales,cost of sales,AST,"Six Months Ended July 31, 2025",M_USD,13374.0,,,,,,,,,,,,,,,,,,,,,,,,,,,,,,,,,,,,,,,,,,
382,1,"give the minimum of other non current assets for FIN from December 31, 2024 to April 30, 2025.","min(4292_other_non_current_assets_current_quarter_end, 4293_other_non_current_assets_prior_fy_end)","{""op"": ""min"", ""left"": {""leaf"": ""4292_other_non_current_assets_current_quarter_end"", ""depth"": 0}, ""right"": {""leaf"": ""4293_other_non_current_assets_prior_fy_end"", ""depth"": 0}, ""depth"": 1}","{""kind"": ""time_agg"", ""op"": ""min"", ""depth"": 0}",692.0,2,0,1,482456708,358085584,918663111,0.544,0,1,2,4292_other_non_current_assets_current_quarter_end,other_non_current_assets,other non current assets,FIN,"April 30, 2025",M_USD,777.0,4293_other_non_current_assets_prior_fy_end,other_non_current_assets,other non current assets,FIN,"December 31, 2024",M_USD,692.0,,,,,,,,,,,,,,,,,,,,,,,,,,,,,,,,,,,,,,,,,,
383,1,"Give the maximum of goodwill for AST from December 31, 2024 to July 31, 2025.","max(4839_goodwill_prior_fy_end, 4838_goodwill_current_quarter_end)","{""op"": ""max"", ""left"": {""leaf"": ""4839_goodwill_prior_fy_end"", ""depth"": 0}, ""right"": {""leaf"": ""4838_goodwill_current_quarter_end"", ""depth"": 0}, ""depth"": 1}","{""kind"": ""time_agg"", ""op"": ""max"", ""depth"": 0}",3246.0,3,0,1,164514067,626945916,918663111,0.321,0,1,2,4839_goodwill_prior_fy_end,goodwill,goodwill,AST,"December 31, 2024",M_USD,3226.0,4838_goodwill_current_quarter_end,goodwill,goodwill,AST,"July 31, 2025",M_USD,3246.0,,,,,,,,,,,,,,,,,,,,,,,,,,,,,,,,,,,,,,,,,,
384,2,"you should give the difference between minimum of cash and cash equivalents for QRK from September 30, 2025 to April 30, 2026 and minimum of long term marketable securities for QRK from September 30, 2025 to April 30, 2026 .","diff(min(3618_cash_and_cash_equivalents_current_quarter_end, 3619_cash_and_cash_equivalents_prior_fy_end), min(3630_long_term_marketable_securities_current_quarter_end, 3631_long_term_marketable_securities_prior_fy_end))","{""op"": ""diff"", ""left"": {""op"": ""min"", ""left"": {""leaf"": ""3618_cash_and_cash_equivalents_current_quarter_end"", ""depth"": 0}, ""right"": {""leaf"": ""3619_cash_and_cash_equivalents_prior_fy_end"", ""depth"": 0}, ""depth"": 1}, ""right"": {""op"": ""min"", ""left"": {""leaf"": ""3630_long_term_marketable_securities_current_quarter_end"", ""depth"": 0}, ""right"": {""leaf"": ""3631_long_term_marketable_securities_prior_fy_end"", ""depth"": 0}, ""depth"": 1}, ""depth"": 2}","{""op"": ""diff"", ""left"": {""kind"": ""time_agg"", ""op"": ""min"", ""depth"": 0}, ""right"": {""kind"": ""time_agg"", ""op"": ""min"", ""depth"": 0}, ""depth"": 1, ""kind"": ""node""}",-13726.0,2,1,2,381586914,936147198,918663111,0.544,1,2,4,3618_cash_and_cash_equivalents_current_quarter_end,cash_and_cash_equivalents,cash and cash equivalents,QRK,"April 30, 2026",M_USD,18395.0,3619_cash_and_cash_equivalents_prior_fy_end,cash_and_cash_equivalents,cash and cash equivalents,QRK,"September 30, 2025",M_USD,19460.0,3630_long_term_marketable_securities_current_quarter_end,long_term_marketable_securities,long term marketable securities,QRK,"April 30, 2026",M_USD,32121.0,3631_long_term_marketable_securities_prior_fy_end,long_term_marketable_securities,long term marketable securities,QRK,"September 30, 2025",M_USD,33981.0,,,,,,,,,,,,,,,,,,,,,,,,,,,,
385,2,"may you calculate the average prepaid expenses and other for TRU from December 31, 2024 to July 31, 2025 ?","ratio(sum(629_prepaid_expenses_and_other_prior_fy_end, 1164_prepaid_expenses_and_other_current_quarter_end), 2.0)","{""op"": ""ratio"", ""left"": {""op"": ""sum"", ""left"": {""leaf"": ""629_prepaid_expenses_and_other_prior_fy_end"", ""depth"": 0}, ""right"": {""leaf"": ""1164_prepaid_expenses_and_other_current_quarter_end"", ""depth"": 0}, ""depth"": 1}, ""right"": {""literal"": 2.0, ""depth"": 0}, ""depth"": 2}","{""kind"": ""time_agg"", ""op"": ""avg"", ""depth"": 0}",988.0,2,0,2,750068663,2305577,918663111,0.384,0,1,2,629_prepaid_expenses_and_other_prior_fy_end,prepaid_expenses_and_other,prepaid expenses and other,TRU,"December 31, 2024",M_USD,1015.0,1164_prepaid_expenses_and_other_current_quarter_end,prepaid_expenses_and_other,prepaid expenses and other,TRU,"July 31, 2025",M_USD,961.0,,,,,,,,,,,,,,,,,,,,,,,,,,,,,,,,,,,,,,,,,,
386,1,"you should give the minimum of property plant and equipment net for QRK from September 30, 2025 to April 30, 2026 .","min(3632_property_plant_and_equipment_net_current_quarter_end, 3633_property_plant_and_equipment_net_prior_fy_end)","{""op"": ""min"", ""left"": {""leaf"": ""3632_property_plant_and_equipment_net_current_quarter_end"", ""depth"": 0}, ""right"": {""leaf"": ""3633_property_plant_and_equipment_net_prior_fy_end"", ""depth"": 0}, ""depth"": 1}","{""kind"": ""time_agg"", ""op"": ""min"", ""depth"": 0}",6902.0,1,0,1,604782235,211815176,918663111,0.343,0,1,2,3632_property_plant_and_equipment_net_current_quarter_end,property_plant_and_equipment_net,property plant and equipment net,QRK,"April 30, 2026",M_USD,6902.0,3633_property_plant_and_equipment_net_prior_fy_end,property_plant_and_equipment_net,property plant and equipment net,QRK,"September 30, 2025",M_USD,7302.0,,,,,,,,,,,,,,,,,,,,,,,,,,,,,,,,,,,,,,,,,,
387,2,"May you give the average net income for MDI from Nine Months Ended October 31, 2024 to Nine Months Ended October 31, 2025","ratio(sum(5617_net_income_prior_year_ytd, 5616_net_income_current_ytd), 2.0)","{""op"": ""ratio"", ""left"": {""op"": ""sum"", ""left"": {""leaf"": ""5617_net_income_prior_year_ytd"", ""depth"": 0}, ""right"": {""leaf"": ""5616_net_income_current_ytd"", ""depth"": 0}, ""depth"": 1}, ""right"": {""literal"": 2.0, ""depth"": 0}, ""depth"": 2}","{""kind"": ""time_agg"", ""op"": ""avg"", ""depth"": 0}",8227.5,2,0,2,745758069,18341946,918663111,0.162,0,1,2,5617_net_income_prior_year_ytd,net_income,net income,MDI,"Nine Months Ended October 31, 2024",M_USD,7722.0,5616_net_income_current_ytd,net_income,net income,MDI,"Nine Months Ended October 31, 2025",M_USD,8733.0,,,,,,,,,,,,,,,,,,,,,,,,,,,,,,,,,,,,,,,,,,
388,0,"may you calculate the net cash from operating for SUP in Six Months Ended July 31, 2025",2720_net_cash_from_operating_current_ytd,"{""leaf"": ""2720_net_cash_from_operating_current_ytd"", ""depth"": 0}","{""kind"": ""leaf"", ""semantic_type_in"": [""amount""], ""depth"": 0}",2517.0,2,0,0,50153646,613585462,918663111,0.208,0,1,1,2720_net_cash_from_operating_current_ytd,net_cash_from_operating,net cash from operating,SUP,"Six Months Ended July 31, 2025",M_USD,2517.0,,,,,,,,,,,,,,,,,,,,,,,,,,,,,,,,,,,,,,,,,,,,,,,,,
389,2,"You should give the average other non current assets for CRX from December 31, 2024 to January 31, 2026 .","ratio(sum(5205_other_non_current_assets_prior_fy_end, 4608_other_non_current_assets_current_quarter_end), 2.0)","{""op"": ""ratio"", ""left"": {""op"": ""sum"", ""left"": {""leaf"": ""5205_other_non_current_assets_prior_fy_end"", ""depth"": 0}, ""right"": {""leaf"": ""4608_other_non_current_assets_current_quarter_end"", ""depth"": 0}, ""depth"": 1}, ""right"": {""literal"": 2.0, ""depth"": 0}, ""depth"": 2}","{""kind"": ""time_agg"", ""op"": ""avg"", ""depth"": 0}",983.5,1,0,2,764933951,988860132,918663111,0.332,0,1,2,5205_other_non_current_assets_prior_fy_end,other_non_current_assets,other non current assets,CRX,"December 31, 2024",M_USD,434.0,4608_other_non_current_assets_current_quarter_end,other_non_current_assets,other non current assets,CRX,"January 31, 2026",M_USD,1533.0,,,,,,,,,,,,,,,,,,,,,,,,,,,,,,,,,,,,,,,,,,
390,1,"Which result follows from the maximum of long term debt for PLX from September 30, 2025 to July 31, 2026","max(4424_long_term_debt_current_quarter_end, 4425_long_term_debt_prior_fy_end)","{""op"": ""max"", ""left"": {""leaf"": ""4424_long_term_debt_current_quarter_end"", ""depth"": 0}, ""right"": {""leaf"": ""4425_long_term_debt_prior_fy_end"", ""depth"": 0}, ""depth"": 1}","{""kind"": ""time_agg"", ""op"": ""max"", ""depth"": 0}",2842.0,3,0,1,806996627,788846997,918663111,0.1,0,1,2,4424_long_term_debt_current_quarter_end,long_term_debt,long term debt,PLX,"July 31, 2026",M_USD,2842.0,4425_long_term_debt_prior_fy_end,long_term_debt,long term debt,PLX,"September 30, 2025",M_USD,2421.0,,,,,,,,,,,,,,,,,,,,,,,,,,,,,,,,,,,,,,,,,,
391,1,"what's the value of the maximum of cash and cash equivalents for CIV from December 31, 2024 to October 31, 2025","max(3027_cash_and_cash_equivalents_prior_fy_end, 3026_cash_and_cash_equivalents_current_quarter_end)","{""op"": ""max"", ""left"": {""leaf"": ""3027_cash_and_cash_equivalents_prior_fy_end"", ""depth"": 0}, ""right"": {""leaf"": ""3026_cash_and_cash_equivalents_current_quarter_end"", ""depth"": 0}, ""depth"": 1}","{""kind"": ""time_agg"", ""op"": ""max"", ""depth"": 0}",207.0,3,0,1,611973683,602547209,918663111,0.316,0,1,2,3027_cash_and_cash_equivalents_prior_fy_end,cash_and_cash_equivalents,cash and cash equivalents,CIV,"December 31, 2024",M_USD,193.0,3026_cash_and_cash_equivalents_current_quarter_end,cash_and_cash_equivalents,cash and cash equivalents,CIV,"October 31, 2025",M_USD,207.0,,,,,,,,,,,,,,,,,,,,,,,,,,,,,,,,,,,,,,,,,,
392,2,"What's the value of the average cost of sales for CLR from Nine Months Ended October 31, 2024 to Nine Months Ended October 31, 2025","ratio(sum(103_cost_of_sales_prior_year_ytd, 102_cost_of_sales_current_ytd), 2.0)","{""op"": ""ratio"", ""left"": {""op"": ""sum"", ""left"": {""leaf"": ""103_cost_of_sales_prior_year_ytd"", ""depth"": 0}, ""right"": {""leaf"": ""102_cost_of_sales_current_ytd"", ""depth"": 0}, ""depth"": 1}, ""right"": {""literal"": 2.0, ""depth"": 0}, ""depth"": 2}","{""kind"": ""time_agg"", ""op"": ""avg"", ""depth"": 0}",8308.5,4,0,2,793635034,951477102,918663111,0.515,0,1,2,103_cost_of_sales_prior_year_ytd,cost_of_sales,cost of sales,CLR,"Nine Months Ended October 31, 2024",M_USD,8664.0,102_cost_of_sales_current_ytd,cost_of_sales,cost of sales,CLR,"Nine Months Ended October 31, 2025",M_USD,7953.0,,,,,,,,,,,,,,,,,,,,,,,,,,,,,,,,,,,,,,,,,,
393,1,"whats the value of the minimum of total costs and expenses for CRZ from Nine Months Ended October 31, 2024 to Nine Months Ended October 31, 2025 ?","min(4913_total_costs_and_expenses_prior_year_ytd, 4912_total_costs_and_expenses_current_ytd)","{""op"": ""min"", ""left"": {""leaf"": ""4913_total_costs_and_expenses_prior_year_ytd"", ""depth"": 0}, ""right"": {""leaf"": ""4912_total_costs_and_expenses_current_ytd"", ""depth"": 0}, ""depth"": 1}","{""kind"": ""time_agg"", ""op"": ""min"", ""depth"": 0}",19845.0,2,0,1,675867645,273477517,918663111,0.215,0,1,2,4913_total_costs_and_expenses_prior_year_ytd,total_costs_and_expenses,total costs and expenses,CRZ,"Nine Months Ended October 31, 2024",M_USD,20250.0,4912_total_costs_and_expenses_current_ytd,total_costs_and_expenses,total costs and expenses,CRZ,"Nine Months Ended October 31, 2025",M_USD,19845.0,,,,,,,,,,,,,,,,,,,,,,,,,,,,,,,,,,,,,,,,,,
394,1,"May you calculate the maximum of property plant and equipment net for TRD from December 31, 2024 to July 31, 2025 ?","max(5417_property_plant_and_equipment_net_prior_fy_end, 2316_property_plant_and_equipment_net_current_quarter_end)","{""op"": ""max"", ""left"": {""leaf"": ""5417_property_plant_and_equipment_net_prior_fy_end"", ""depth"": 0}, ""right"": {""leaf"": ""2316_property_plant_and_equipment_net_current_quarter_end"", ""depth"": 0}, ""depth"": 1}","{""kind"": ""time_agg"", ""op"": ""max"", ""depth"": 0}",25794.0,4,0,1,609741967,880880272,918663111,0.412,0,1,2,5417_property_plant_and_equipment_net_prior_fy_end,property_plant_and_equipment_net,property plant and equipment net,TRD,"December 31, 2024",M_USD,4309.0,2316_property_plant_and_equipment_net_current_quarter_end,property_plant_and_equipment_net,property plant and equipment net,TRD,"July 31, 2025",M_USD,25794.0,,,,,,,,,,,,,,,,,,,,,,,,,,,,,,,,,,,,,,,,,,
395,1,"you should give the free cash flow for IND in Three Months Ended April 30, 2025 .",free_cash_flow,"{""derived"": ""free_cash_flow"", ""expanded"": {""op"": ""diff"", ""left"": {""leaf"": ""966_net_cash_from_operating_current_ytd"", ""depth"": 0}, ""right"": {""leaf"": ""968_capital_expenditures_current_ytd"", ""depth"": 0}, ""depth"": 1}, ""depth"": 1}","{""kind"": ""derived_concept"", ""name"": ""free_cash_flow"", ""depth"": 0}",3871.0,3,0,1,537058621,5855203,918663111,0.458,0,1,2,966_net_cash_from_operating_current_ytd,net_cash_from_operating,net cash from operating,IND,"Three Months Ended April 30, 2025",M_USD,2874.0,968_capital_expenditures_current_ytd,capital_expenditures,capital expenditures,IND,"Three Months Ended April 30, 2025",M_USD,-997.0,,,,,,,,,,,,,,,,,,,,,,,,,,,,,,,,,,,,,,,,,,
396,1,"which quantity is given by the minimum of deferred revenue current for SCI from December 31, 2024 to July 31, 2025","min(5085_deferred_revenue_current_prior_fy_end, 5084_deferred_revenue_current_current_quarter_end)","{""op"": ""min"", ""left"": {""leaf"": ""5085_deferred_revenue_current_prior_fy_end"", ""depth"": 0}, ""right"": {""leaf"": ""5084_deferred_revenue_current_current_quarter_end"", ""depth"": 0}, ""depth"": 1}","{""kind"": ""time_agg"", ""op"": ""min"", ""depth"": 0}",295.0,3,0,1,914910662,221145423,918663111,0.472,0,1,2,5085_deferred_revenue_current_prior_fy_end,deferred_revenue_current,deferred revenue current,SCI,"December 31, 2024",M_USD,295.0,5084_deferred_revenue_current_current_quarter_end,deferred_revenue_current,deferred revenue current,SCI,"July 31, 2025",M_USD,338.0,,,,,,,,,,,,,,,,,,,,,,,,,,,,,,,,,,,,,,,,,,
397,1,"What does the following give: maximum of deferred revenue current for MDI from December 31, 2024 to October 31, 2025?","max(5653_deferred_revenue_current_prior_fy_end, 5652_deferred_revenue_current_current_quarter_end)","{""op"": ""max"", ""left"": {""leaf"": ""5653_deferred_revenue_current_prior_fy_end"", ""depth"": 0}, ""right"": {""leaf"": ""5652_deferred_revenue_current_current_quarter_end"", ""depth"": 0}, ""depth"": 1}","{""kind"": ""time_agg"", ""op"": ""max"", ""depth"": 0}",395.0,3,0,1,999207199,108712745,918663111,0.21,0,1,2,5653_deferred_revenue_current_prior_fy_end,deferred_revenue_current,deferred revenue current,MDI,"December 31, 2024",M_USD,395.0,5652_deferred_revenue_current_current_quarter_end,deferred_revenue_current,deferred revenue current,MDI,"October 31, 2025",M_USD,389.0,,,,,,,,,,,,,,,,,,,,,,,,,,,,,,,,,,,,,,,,,,
398,2,"What do we obtain as the average long term marketable securities for GRD from December 31, 2024 to July 31, 2025 ?","ratio(sum(285_long_term_marketable_securities_prior_fy_end, 284_long_term_marketable_securities_current_quarter_end), 2.0)","{""op"": ""ratio"", ""left"": {""op"": ""sum"", ""left"": {""leaf"": ""285_long_term_marketable_securities_prior_fy_end"", ""depth"": 0}, ""right"": {""leaf"": ""284_long_term_marketable_securities_current_quarter_end"", ""depth"": 0}, ""depth"": 1}, ""right"": {""literal"": 2.0, ""depth"": 0}, ""depth"": 2}","{""kind"": ""time_agg"", ""op"": ""avg"", ""depth"": 0}",1164.0,2,0,2,424134327,921169500,918663111,0.342,0,1,2,285_long_term_marketable_securities_prior_fy_end,long_term_marketable_securities,long term marketable securities,GRD,"December 31, 2024",M_USD,1208.0,284_long_term_marketable_securities_current_quarter_end,long_term_marketable_securities,long term marketable securities,GRD,"July 31, 2025",M_USD,1120.0,,,,,,,,,,,,,,,,,,,,,,,,,,,,,,,,,,,,,,,,,,
399,1,"what would be the minimum of net income for DTA from Three Months Ended April 30, 2024 to Three Months Ended April 30, 2025?","min(4489_net_income_prior_year_quarter, 4488_net_income_current_quarter)","{""op"": ""min"", ""left"": {""leaf"": ""4489_net_income_prior_year_quarter"", ""depth"": 0}, ""right"": {""leaf"": ""4488_net_income_current_quarter"", ""depth"": 0}, ""depth"": 1}","{""kind"": ""time_agg"", ""op"": ""min"", ""depth"": 0}",2111.0,2,0,1,163759768,932229145,918663111,0.279,0,1,2,4489_net_income_prior_year_quarter,net_income,net income,DTA,"Three Months Ended April 30, 2024",M_USD,2111.0,4488_net_income_current_quarter,net_income,net income,DTA,"Three Months Ended April 30, 2025",M_USD,2180.0,,,,,,,,,,,,,,,,,,,,,,,,,,,,,,,,,,,,,,,,,,
400,1,"Whats the value of the maximum of gross profit for CRX from Three Months Ended October 31, 2024 to Three Months Ended October 31, 2025?","max(5147_gross_profit_prior_year_quarter, 5146_gross_profit_current_quarter)","{""op"": ""max"", ""left"": {""leaf"": ""5147_gross_profit_prior_year_quarter"", ""depth"": 0}, ""right"": {""leaf"": ""5146_gross_profit_current_quarter"", ""depth"": 0}, ""depth"": 1}","{""kind"": ""time_agg"", ""op"": ""max"", ""depth"": 0}",6736.0,1,0,1,392943175,56103492,918663111,0.295,0,1,2,5147_gross_profit_prior_year_quarter,gross_profit,gross profit,CRX,"Three Months Ended October 31, 2024",M_USD,6736.0,5146_gross_profit_current_quarter,gross_profit,gross profit,CRX,"Three Months Ended October 31, 2025",M_USD,6489.0,,,,,,,,,,,,,,,,,,,,,,,,,,,,,,,,,,,,,,,,,,
401,1,"which result follows from the maximum of goodwill for PRD from December 31, 2024 to October 31, 2025 ?","max(1867_goodwill_prior_fy_end, 1866_goodwill_current_quarter_end)","{""op"": ""max"", ""left"": {""leaf"": ""1867_goodwill_prior_fy_end"", ""depth"": 0}, ""right"": {""leaf"": ""1866_goodwill_current_quarter_end"", ""depth"": 0}, ""depth"": 1}","{""kind"": ""time_agg"", ""op"": ""max"", ""depth"": 0}",1754.0,4,0,1,995088925,480453997,918663111,0.243,0,1,2,1867_goodwill_prior_fy_end,goodwill,goodwill,PRD,"December 31, 2024",M_USD,1585.0,1866_goodwill_current_quarter_end,goodwill,goodwill,PRD,"October 31, 2025",M_USD,1754.0,,,,,,,,,,,,,,,,,,,,,,,,,,,,,,,,,,,,,,,,,,
402,1,"State the minimum of stock based compensation for CRF from Nine Months Ended October 31, 2024 to Nine Months Ended October 31, 2025 .","min(1663_stock_based_compensation_prior_ytd, 1662_stock_based_compensation_current_ytd)","{""op"": ""min"", ""left"": {""leaf"": ""1663_stock_based_compensation_prior_ytd"", ""depth"": 0}, ""right"": {""leaf"": ""1662_stock_based_compensation_current_ytd"", ""depth"": 0}, ""depth"": 1}","{""kind"": ""time_agg"", ""op"": ""min"", ""depth"": 0}",200.0,3,0,1,147961489,404753868,918663111,0.399,0,1,2,1663_stock_based_compensation_prior_ytd,stock_based_compensation,stock based compensation,CRF,"Nine Months Ended October 31, 2024",M_USD,204.0,1662_stock_based_compensation_current_ytd,stock_based_compensation,stock based compensation,CRF,"Nine Months Ended October 31, 2025",M_USD,200.0,,,,,,,,,,,,,,,,,,,,,,,,,,,,,,,,,,,,,,,,,,
403,2,"which result follows from the sum of maximum of inventories for PRD from December 31, 2024 to October 31, 2025 and minimum of other non current assets for PRD from December 31, 2024 to October 31, 2025?","sum(max(1857_inventories_prior_fy_end, 1856_inventories_current_quarter_end), min(1869_other_non_current_assets_prior_fy_end, 1868_other_non_current_assets_current_quarter_end))","{""op"": ""sum"", ""left"": {""op"": ""max"", ""left"": {""leaf"": ""1857_inventories_prior_fy_end"", ""depth"": 0}, ""right"": {""leaf"": ""1856_inventories_current_quarter_end"", ""depth"": 0}, ""depth"": 1}, ""right"": {""op"": ""min"", ""left"": {""leaf"": ""1869_other_non_current_assets_prior_fy_end"", ""depth"": 0}, ""right"": {""leaf"": ""1868_other_non_current_assets_current_quarter_end"", ""depth"": 0}, ""depth"": 1}, ""depth"": 2}","{""op"": ""sum"", ""left"": {""kind"": ""time_agg"", ""op"": ""max"", ""depth"": 0}, ""right"": {""kind"": ""time_agg"", ""op"": ""min"", ""depth"": 0}, ""depth"": 1, ""kind"": ""node""}",5460.0,4,1,2,601720696,896006551,918663111,0.449,1,2,4,1857_inventories_prior_fy_end,inventories,inventories,PRD,"December 31, 2024",M_USD,3900.0,1856_inventories_current_quarter_end,inventories,inventories,PRD,"October 31, 2025",M_USD,4315.0,1869_other_non_current_assets_prior_fy_end,other_non_current_assets,other non current assets,PRD,"December 31, 2024",M_USD,1145.0,1868_other_non_current_assets_current_quarter_end,other_non_current_assets,other non current assets,PRD,"October 31, 2025",M_USD,1267.0,,,,,,,,,,,,,,,,,,,,,,,,,,,,
404,1,"may you give the minimum of inventories for VRX from December 31, 2024 to July 31, 2025","min(3145_inventories_prior_fy_end, 3144_inventories_current_quarter_end)","{""op"": ""min"", ""left"": {""leaf"": ""3145_inventories_prior_fy_end"", ""depth"": 0}, ""right"": {""leaf"": ""3144_inventories_current_quarter_end"", ""depth"": 0}, ""depth"": 1}","{""kind"": ""time_agg"", ""op"": ""min"", ""depth"": 0}",1318.0,3,0,1,325949206,962549248,918663111,0.131,0,1,2,3145_inventories_prior_fy_end,inventories,inventories,VRX,"December 31, 2024",M_USD,1318.0,3144_inventories_current_quarter_end,inventories,inventories,VRX,"July 31, 2025",M_USD,1389.0,,,,,,,,,,,,,,,,,,,,,,,,,,,,,,,,,,,,,,,,,,
405,2,"Whats the value of the result of minimum of short term investments for CRZ from December 31, 2024 to October 31, 2025 scaled by growth in total revenues for CRZ from Nine Months Ended October 31, 2024 to Nine Months Ended October 31, 2025?","mul(min(4941_short_term_investments_prior_fy_end, 4940_short_term_investments_current_quarter_end), growth(4896_total_revenues_current_ytd, 4897_total_revenues_prior_year_ytd))","{""op"": ""mul"", ""left"": {""op"": ""min"", ""left"": {""leaf"": ""4941_short_term_investments_prior_fy_end"", ""depth"": 0}, ""right"": {""leaf"": ""4940_short_term_investments_current_quarter_end"", ""depth"": 0}, ""depth"": 1}, ""right"": {""op"": ""growth"", ""left"": {""leaf"": ""4896_total_revenues_current_ytd"", ""depth"": 0}, ""right"": {""leaf"": ""4897_total_revenues_prior_year_ytd"", ""depth"": 0}, ""depth"": 1}, ""depth"": 2}","{""op"": ""mul"", ""left"": {""kind"": ""time_agg"", ""op"": ""min"", ""depth"": 0}, ""right"": {""op"": ""growth"", ""left"": {""kind"": ""leaf"", ""semantic_type_in"": [""amount""], ""depth"": 0}, ""right"": {""kind"": ""leaf"", ""semantic_type_in"": [""amount""], ""depth"": 0}, ""depth"": 1, ""kind"": ""node""}, ""depth"": 2, ""kind"": ""node""}",-15.007439624585098,2,2,2,26195598,479790661,918663111,0.531,2,3,4,4941_short_term_investments_prior_fy_end,short_term_investments,short term investments,CRZ,"December 31, 2024",M_USD,745.0,4940_short_term_investments_current_quarter_end,short_term_investments,short term investments,CRZ,"October 31, 2025",M_USD,777.0,4896_total_revenues_current_ytd,total_revenues,total revenues,CRZ,"Nine Months Ended October 31, 2025",M_USD,25683.0,4897_total_revenues_prior_year_ytd,total_revenues,total revenues,CRZ,"Nine Months Ended October 31, 2024",M_USD,26211.0,,,,,,,,,,,,,,,,,,,,,,,,,,,,
406,2,"determine the average research and development for VTL from Three Months Ended July 31, 2024 to Three Months Ended July 31, 2025 .","ratio(sum(4047_research_and_development_prior_year_quarter, 4046_research_and_development_current_quarter), 2.0)","{""op"": ""ratio"", ""left"": {""op"": ""sum"", ""left"": {""leaf"": ""4047_research_and_development_prior_year_quarter"", ""depth"": 0}, ""right"": {""leaf"": ""4046_research_and_development_current_quarter"", ""depth"": 0}, ""depth"": 1}, ""right"": {""literal"": 2.0, ""depth"": 0}, ""depth"": 2}","{""kind"": ""time_agg"", ""op"": ""avg"", ""depth"": 0}",1073.0,4,0,2,886982162,220570730,918663111,0.597,0,1,2,4047_research_and_development_prior_year_quarter,research_and_development,research and development,VTL,"Three Months Ended July 31, 2024",M_USD,1084.0,4046_research_and_development_current_quarter,research_and_development,research and development,VTL,"Three Months Ended July 31, 2025",M_USD,1062.0,,,,,,,,,,,,,,,,,,,,,,,,,,,,,,,,,,,,,,,,,,
407,1,"may you calculate the maximum of long term marketable securities for VRX from December 31, 2024 to July 31, 2025 ?","max(3151_long_term_marketable_securities_prior_fy_end, 3150_long_term_marketable_securities_current_quarter_end)","{""op"": ""max"", ""left"": {""leaf"": ""3151_long_term_marketable_securities_prior_fy_end"", ""depth"": 0}, ""right"": {""leaf"": ""3150_long_term_marketable_securities_current_quarter_end"", ""depth"": 0}, ""depth"": 1}","{""kind"": ""time_agg"", ""op"": ""max"", ""depth"": 0}",2210.0,1,0,1,681320964,723995632,918663111,0.5,0,1,2,3151_long_term_marketable_securities_prior_fy_end,long_term_marketable_securities,long term marketable securities,VRX,"December 31, 2024",M_USD,2098.0,3150_long_term_marketable_securities_current_quarter_end,long_term_marketable_securities,long term marketable securities,VRX,"July 31, 2025",M_USD,2210.0,,,,,,,,,,,,,,,,,,,,,,,,,,,,,,,,,,,,,,,,,,
408,2,"whats the value of the net income for CRX in Nine Months Ended October 31, 2025 ?",net_income,"{""derived"": ""net_income"", ""expanded"": {""op"": ""diff"", ""left"": {""derived"": ""operating_income"", ""expanded"": {""op"": ""diff"", ""left"": {""leaf"": ""5140_total_revenues_current_ytd"", ""depth"": 0}, ""right"": {""leaf"": ""5160_total_costs_and_expenses_current_ytd"", ""depth"": 0}, ""depth"": 1}, ""depth"": 1}, ""right"": {""leaf"": ""5172_provision_for_income_taxes_current_ytd"", ""depth"": 0}, ""depth"": 2}, ""depth"": 2}","{""kind"": ""derived_concept"", ""name"": ""net_income"", ""depth"": 0}",7026.0,4,0,2,342931475,415569911,918663111,0.444,0,1,3,5140_total_revenues_current_ytd,total_revenues,total revenues,CRX,"Nine Months Ended October 31, 2025",M_USD,47370.0,5160_total_costs_and_expenses_current_ytd,total_costs_and_expenses,total costs and expenses,CRX,"Nine Months Ended October 31, 2025",M_USD,38337.0,5172_provision_for_income_taxes_current_ytd,provision_for_income_taxes,provision for income taxes,CRX,"Nine Months Ended October 31, 2025",M_USD,2007.0,,,,,,,,,,,,,,,,,,,,,,,,,,,,,,,,,,,
409,1,"May you calculate the maximum of cost of sales for TRU from Six Months Ended July 31, 2024 to Six Months Ended July 31, 2025","max(583_cost_of_sales_prior_year_ytd, 582_cost_of_sales_current_ytd)","{""op"": ""max"", ""left"": {""leaf"": ""583_cost_of_sales_prior_year_ytd"", ""depth"": 0}, ""right"": {""leaf"": ""582_cost_of_sales_current_ytd"", ""depth"": 0}, ""depth"": 1}","{""kind"": ""time_agg"", ""op"": ""max"", ""depth"": 0}",16524.0,1,0,1,161754179,618670830,918663111,0.284,0,1,2,583_cost_of_sales_prior_year_ytd,cost_of_sales,cost of sales,TRU,"Six Months Ended July 31, 2024",M_USD,14448.0,582_cost_of_sales_current_ytd,cost_of_sales,cost of sales,TRU,"Six Months Ended July 31, 2025",M_USD,16524.0,,,,,,,,,,,,,,,,,,,,,,,,,,,,,,,,,,,,,,,,,,
410,1,"calculate the minimum of short term investments for PLX from September 30, 2025 to July 31, 2026.","min(4392_short_term_investments_current_quarter_end, 4393_short_term_investments_prior_fy_end)","{""op"": ""min"", ""left"": {""leaf"": ""4392_short_term_investments_current_quarter_end"", ""depth"": 0}, ""right"": {""leaf"": ""4393_short_term_investments_prior_fy_end"", ""depth"": 0}, ""depth"": 1}","{""kind"": ""time_agg"", ""op"": ""min"", ""depth"": 0}",855.0,2,0,1,218223635,6414527,918663111,0.167,0,1,2,4392_short_term_investments_current_quarter_end,short_term_investments,short term investments,PLX,"July 31, 2026",M_USD,1004.0,4393_short_term_investments_prior_fy_end,short_term_investments,short term investments,PLX,"September 30, 2025",M_USD,855.0,,,,,,,,,,,,,,,,,,,,,,,,,,,,,,,,,,,,,,,,,,
411,1,"Determine the minimum of long term marketable securities for PRF from December 31, 2024 to October 31, 2025","min(2195_long_term_marketable_securities_prior_fy_end, 2558_long_term_marketable_securities_current_quarter_end)","{""op"": ""min"", ""left"": {""leaf"": ""2195_long_term_marketable_securities_prior_fy_end"", ""depth"": 0}, ""right"": {""leaf"": ""2558_long_term_marketable_securities_current_quarter_end"", ""depth"": 0}, ""depth"": 1}","{""kind"": ""time_agg"", ""op"": ""min"", ""depth"": 0}",87.0,4,0,1,377364164,867812591,918663111,0.312,0,1,2,2195_long_term_marketable_securities_prior_fy_end,long_term_marketable_securities,long term marketable securities,PRF,"December 31, 2024",M_USD,87.0,2558_long_term_marketable_securities_current_quarter_end,long_term_marketable_securities,long term marketable securities,PRF,"October 31, 2025",M_USD,547.0,,,,,,,,,,,,,,,,,,,,,,,,,,,,,,,,,,,,,,,,,,
412,1,"what do we obtain as the maximum of total liabilities for IND from December 31, 2024 to April 30, 2025","max(960_total_liabilities_current_quarter_end, 961_total_liabilities_prior_fy_end)","{""op"": ""max"", ""left"": {""leaf"": ""960_total_liabilities_current_quarter_end"", ""depth"": 0}, ""right"": {""leaf"": ""961_total_liabilities_prior_fy_end"", ""depth"": 0}, ""depth"": 1}","{""kind"": ""time_agg"", ""op"": ""max"", ""depth"": 0}",18204.0,2,0,1,474634085,492583819,918663111,0.265,0,1,2,960_total_liabilities_current_quarter_end,total_liabilities,total liabilities,IND,"April 30, 2025",M_USD,17011.0,961_total_liabilities_prior_fy_end,total_liabilities,total liabilities,IND,"December 31, 2024",M_USD,18204.0,,,,,,,,,,,,,,,,,,,,,,,,,,,,,,,,,,,,,,,,,,
413,3,"may you calculate the result of ratio of sum of cash and cash equivalents for TRU in December 31, 2024 and cash and cash equivalents for TRU in July 31, 2025 to 2.0 scaled by ratio of maximum of Net interest income for TRU from Three Months Ended July 31, 2024 to Three Months Ended July 31, 2025 to minimum of accrued expenses and other for TRU from December 31, 2024 to July 31, 2025?","mul(ratio(sum(621_cash_and_cash_equivalents_prior_fy_end, 1156_cash_and_cash_equivalents_current_quarter_end), 2.0), ratio(max(1222_net_interest_income_prior_year_quarter, 800_net_interest_income_current_quarter), min(1185_accrued_expenses_and_other_prior_fy_end, 764_accrued_expenses_and_other_current_quarter_end)))","{""op"": ""mul"", ""left"": {""op"": ""ratio"", ""left"": {""op"": ""sum"", ""left"": {""leaf"": ""621_cash_and_cash_equivalents_prior_fy_end"", ""depth"": 0}, ""right"": {""leaf"": ""1156_cash_and_cash_equivalents_current_quarter_end"", ""depth"": 0}, ""depth"": 1}, ""right"": {""literal"": 2.0, ""depth"": 0}, ""depth"": 2}, ""right"": {""op"": ""ratio"", ""left"": {""op"": ""max"", ""left"": {""leaf"": ""1222_net_interest_income_prior_year_quarter"", ""depth"": 0}, ""right"": {""leaf"": ""800_net_interest_income_current_quarter"", ""depth"": 0}, ""depth"": 1}, ""right"": {""op"": ""min"", ""left"": {""leaf"": ""1185_accrued_expenses_and_other_prior_fy_end"", ""depth"": 0}, ""right"": {""leaf"": ""764_accrued_expenses_and_other_current_quarter_end"", ""depth"": 0}, ""depth"": 1}, ""depth"": 2}, ""depth"": 3}","{""op"": ""mul"", ""left"": {""kind"": ""time_agg"", ""op"": ""avg"", ""depth"": 0}, ""right"": {""op"": ""ratio"", ""left"": {""kind"": ""time_agg"", ""op"": ""max"", ""depth"": 0}, ""right"": {""kind"": ""time_agg"", ""op"": ""min"", ""depth"": 0}, ""depth"": 1, ""kind"": ""node""}, ""depth"": 2, ""kind"": ""node""}",136405.3492063492,4,2,3,891654188,511638705,918663111,0.568,2,3,6,621_cash_and_cash_equivalents_prior_fy_end,cash_and_cash_equivalents,cash and cash equivalents,TRU,"December 31, 2024",M_USD,4881.0,1156_cash_and_cash_equivalents_current_quarter_end,cash_and_cash_equivalents,cash and cash equivalents,TRU,"July 31, 2025",M_USD,3195.0,1222_net_interest_income_prior_year_quarter,net_interest_income,Net interest income,TRU,"Three Months Ended July 31, 2024",M_USD,15401.0,800_net_interest_income_current_quarter,net_interest_income,Net interest income,TRU,"Three Months Ended July 31, 2025",M_USD,25538.0,1185_accrued_expenses_and_other_prior_fy_end,accrued_expenses_and_other,accrued expenses and other,TRU,"December 31, 2024",M_USD,756.0,764_accrued_expenses_and_other_current_quarter_end,accrued_expenses_and_other,accrued expenses and other,TRU,"July 31, 2025",M_USD,1201.0,,,,,,,,,,,,,,
414,1,"Determine the minimum of other non current liabilities for TRU from December 31, 2024 to July 31, 2025.","min(657_other_non_current_liabilities_prior_fy_end, 656_other_non_current_liabilities_current_quarter_end)","{""op"": ""min"", ""left"": {""leaf"": ""657_other_non_current_liabilities_prior_fy_end"", ""depth"": 0}, ""right"": {""leaf"": ""656_other_non_current_liabilities_current_quarter_end"", ""depth"": 0}, ""depth"": 1}","{""kind"": ""time_agg"", ""op"": ""min"", ""depth"": 0}",666.0,1,0,1,685025697,616153422,918663111,0.227,0,1,2,657_other_non_current_liabilities_prior_fy_end,other_non_current_liabilities,other non current liabilities,TRU,"December 31, 2024",M_USD,666.0,656_other_non_current_liabilities_current_quarter_end,other_non_current_liabilities,other non current liabilities,TRU,"July 31, 2025",M_USD,737.0,,,,,,,,,,,,,,,,,,,,,,,,,,,,,,,,,,,,,,,,,,
415,1,"state the minimum of total liabilities for SCI from December 31, 2024 to July 31, 2025.","min(5099_total_liabilities_prior_fy_end, 5098_total_liabilities_current_quarter_end)","{""op"": ""min"", ""left"": {""leaf"": ""5099_total_liabilities_prior_fy_end"", ""depth"": 0}, ""right"": {""leaf"": ""5098_total_liabilities_current_quarter_end"", ""depth"": 0}, ""depth"": 1}","{""kind"": ""time_agg"", ""op"": ""min"", ""depth"": 0}",3098.0,3,0,1,686608303,334898039,918663111,0.534,0,1,2,5099_total_liabilities_prior_fy_end,total_liabilities,total liabilities,SCI,"December 31, 2024",M_USD,3098.0,5098_total_liabilities_current_quarter_end,total_liabilities,total liabilities,SCI,"July 31, 2025",M_USD,3551.0,,,,,,,,,,,,,,,,,,,,,,,,,,,,,,,,,,,,,,,,,,
416,2,"May you give the minimum of goodwill for VTL from December 31, 2024 to July 31, 2025 ?","min(min(40_goodwill_current_quarter_end, 4099_goodwill_prior_fy_end), 4098_goodwill_current_quarter_end)","{""op"": ""min"", ""left"": {""op"": ""min"", ""left"": {""leaf"": ""40_goodwill_current_quarter_end"", ""depth"": 0}, ""right"": {""leaf"": ""4099_goodwill_prior_fy_end"", ""depth"": 0}, ""depth"": 1}, ""right"": {""leaf"": ""4098_goodwill_current_quarter_end"", ""depth"": 0}, ""depth"": 2}","{""kind"": ""time_agg"", ""op"": ""min"", ""depth"": 0}",261.0,2,0,2,422724307,874633524,918663111,0.292,0,1,3,40_goodwill_current_quarter_end,goodwill,goodwill,VTL,"April 30, 2025",M_USD,261.0,4099_goodwill_prior_fy_end,goodwill,goodwill,VTL,"December 31, 2024",M_USD,2468.0,4098_goodwill_current_quarter_end,goodwill,goodwill,VTL,"July 31, 2025",M_USD,2779.0,,,,,,,,,,,,,,,,,,,,,,,,,,,,,,,,,,,
417,1,"State the maximum of research and development for CLR from Nine Months Ended October 31, 2024 to Nine Months Ended October 31, 2025","max(111_research_and_development_prior_year_ytd, 110_research_and_development_current_ytd)","{""op"": ""max"", ""left"": {""leaf"": ""111_research_and_development_prior_year_ytd"", ""depth"": 0}, ""right"": {""leaf"": ""110_research_and_development_current_ytd"", ""depth"": 0}, ""depth"": 1}","{""kind"": ""time_agg"", ""op"": ""max"", ""depth"": 0}",5205.0,4,0,1,661002833,794203343,918663111,0.496,0,1,2,111_research_and_development_prior_year_ytd,research_and_development,research and development,CLR,"Nine Months Ended October 31, 2024",M_USD,5205.0,110_research_and_development_current_ytd,research_and_development,research and development,CLR,"Nine Months Ended October 31, 2025",M_USD,4779.0,,,,,,,,,,,,,,,,,,,,,,,,,,,,,,,,,,,,,,,,,,
418,2,"Determine the average stock based compensation for FAB from Six Months Ended July 31, 2024 to Six Months Ended July 31, 2025 .","ratio(sum(4023_stock_based_compensation_prior_ytd, 4022_stock_based_compensation_current_ytd), 2.0)","{""op"": ""ratio"", ""left"": {""op"": ""sum"", ""left"": {""leaf"": ""4023_stock_based_compensation_prior_ytd"", ""depth"": 0}, ""right"": {""leaf"": ""4022_stock_based_compensation_current_ytd"", ""depth"": 0}, ""depth"": 1}, ""right"": {""literal"": 2.0, ""depth"": 0}, ""depth"": 2}","{""kind"": ""time_agg"", ""op"": ""avg"", ""depth"": 0}",719.5,2,0,2,768235172,8738115,918663111,0.119,0,1,2,4023_stock_based_compensation_prior_ytd,stock_based_compensation,stock based compensation,FAB,"Six Months Ended July 31, 2024",M_USD,764.0,4022_stock_based_compensation_current_ytd,stock_based_compensation,stock based compensation,FAB,"Six Months Ended July 31, 2025",M_USD,675.0,,,,,,,,,,,,,,,,,,,,,,,,,,,,,,,,,,,,,,,,,,
419,1,"what would be the minimum of accrued expenses and other for FIN from December 31, 2024 to April 30, 2025","min(4302_accrued_expenses_and_other_current_quarter_end, 4303_accrued_expenses_and_other_prior_fy_end)","{""op"": ""min"", ""left"": {""leaf"": ""4302_accrued_expenses_and_other_current_quarter_end"", ""depth"": 0}, ""right"": {""leaf"": ""4303_accrued_expenses_and_other_prior_fy_end"", ""depth"": 0}, ""depth"": 1}","{""kind"": ""time_agg"", ""op"": ""min"", ""depth"": 0}",374.0,4,0,1,343681436,69177512,918663111,0.594,0,1,2,4302_accrued_expenses_and_other_current_quarter_end,accrued_expenses_and_other,accrued expenses and other,FIN,"April 30, 2025",M_USD,420.0,4303_accrued_expenses_and_other_prior_fy_end,accrued_expenses_and_other,accrued expenses and other,FIN,"December 31, 2024",M_USD,374.0,,,,,,,,,,,,,,,,,,,,,,,,,,,,,,,,,,,,,,,,,,
420,2,"Determine the average stock based compensation for BRX from Six Months Ended July 31, 2024 to Six Months Ended July 31, 2025 .","ratio(sum(437_stock_based_compensation_prior_ytd, 436_stock_based_compensation_current_ytd), 2.0)","{""op"": ""ratio"", ""left"": {""op"": ""sum"", ""left"": {""leaf"": ""437_stock_based_compensation_prior_ytd"", ""depth"": 0}, ""right"": {""leaf"": ""436_stock_based_compensation_current_ytd"", ""depth"": 0}, ""depth"": 1}, ""right"": {""literal"": 2.0, ""depth"": 0}, ""depth"": 2}","{""kind"": ""time_agg"", ""op"": ""avg"", ""depth"": 0}",1854.5,4,0,2,438713475,829557700,918663111,0.525,0,1,2,437_stock_based_compensation_prior_ytd,stock_based_compensation,stock based compensation,BRX,"Six Months Ended July 31, 2024",M_USD,1874.0,436_stock_based_compensation_current_ytd,stock_based_compensation,stock based compensation,BRX,"Six Months Ended July 31, 2025",M_USD,1835.0,,,,,,,,,,,,,,,,,,,,,,,,,,,,,,,,,,,,,,,,,,
421,2,"May you calculate the average cost of sales for TRU from Six Months Ended July 31, 2024 to Six Months Ended July 31, 2025 ?","ratio(sum(583_cost_of_sales_prior_year_ytd, 582_cost_of_sales_current_ytd), 2.0)","{""op"": ""ratio"", ""left"": {""op"": ""sum"", ""left"": {""leaf"": ""583_cost_of_sales_prior_year_ytd"", ""depth"": 0}, ""right"": {""leaf"": ""582_cost_of_sales_current_ytd"", ""depth"": 0}, ""depth"": 1}, ""right"": {""literal"": 2.0, ""depth"": 0}, ""depth"": 2}","{""kind"": ""time_agg"", ""op"": ""avg"", ""depth"": 0}",15486.0,3,0,2,3818573,898859677,918663111,0.425,0,1,2,583_cost_of_sales_prior_year_ytd,cost_of_sales,cost of sales,TRU,"Six Months Ended July 31, 2024",M_USD,14448.0,582_cost_of_sales_current_ytd,cost_of_sales,cost of sales,TRU,"Six Months Ended July 31, 2025",M_USD,16524.0,,,,,,,,,,,,,,,,,,,,,,,,,,,,,,,,,,,,,,,,,,
422,2,"Determine the minimum of accounts receivable net for CRX from December 31, 2024 to January 31, 2026.","min(min(5191_accounts_receivable_net_prior_fy_end, 4594_accounts_receivable_net_current_quarter_end), 5190_accounts_receivable_net_current_quarter_end)","{""op"": ""min"", ""left"": {""op"": ""min"", ""left"": {""leaf"": ""5191_accounts_receivable_net_prior_fy_end"", ""depth"": 0}, ""right"": {""leaf"": ""4594_accounts_receivable_net_current_quarter_end"", ""depth"": 0}, ""depth"": 1}, ""right"": {""leaf"": ""5190_accounts_receivable_net_current_quarter_end"", ""depth"": 0}, ""depth"": 2}","{""kind"": ""time_agg"", ""op"": ""min"", ""depth"": 0}",1592.0,3,0,2,235834530,98560174,918663111,0.486,0,1,3,5191_accounts_receivable_net_prior_fy_end,accounts_receivable_net,accounts receivable net,CRX,"December 31, 2024",M_USD,1592.0,4594_accounts_receivable_net_current_quarter_end,accounts_receivable_net,accounts receivable net,CRX,"January 31, 2026",M_USD,5929.0,5190_accounts_receivable_net_current_quarter_end,accounts_receivable_net,accounts receivable net,CRX,"October 31, 2025",M_USD,1659.0,,,,,,,,,,,,,,,,,,,,,,,,,,,,,,,,,,,
423,1,"State the maximum of research and development for CRZ from Three Months Ended October 31, 2024 to Three Months Ended October 31, 2025.","max(4903_research_and_development_prior_year_quarter, 4902_research_and_development_current_quarter)","{""op"": ""max"", ""left"": {""leaf"": ""4903_research_and_development_prior_year_quarter"", ""depth"": 0}, ""right"": {""leaf"": ""4902_research_and_development_current_quarter"", ""depth"": 0}, ""depth"": 1}","{""kind"": ""time_agg"", ""op"": ""max"", ""depth"": 0}",60.0,2,0,1,870888619,980947983,918663111,0.393,0,1,2,4903_research_and_development_prior_year_quarter,research_and_development,research and development,CRZ,"Three Months Ended October 31, 2024",M_USD,60.0,4902_research_and_development_current_quarter,research_and_development,research and development,CRZ,"Three Months Ended October 31, 2025",M_USD,59.0,,,,,,,,,,,,,,,,,,,,,,,,,,,,,,,,,,,,,,,,,,
424,1,"may you give the minimum of inventories for VTL from December 31, 2024 to July 31, 2025","min(31_inventories_prior_fy_end, 4088_inventories_current_quarter_end)","{""op"": ""min"", ""left"": {""leaf"": ""31_inventories_prior_fy_end"", ""depth"": 0}, ""right"": {""leaf"": ""4088_inventories_current_quarter_end"", ""depth"": 0}, ""depth"": 1}","{""kind"": ""time_agg"", ""op"": ""min"", ""depth"": 0}",41.0,2,0,1,486631136,715662220,918663111,0.527,0,1,2,31_inventories_prior_fy_end,inventories,inventories,VTL,"December 31, 2024",M_USD,41.0,4088_inventories_current_quarter_end,inventories,inventories,VTL,"July 31, 2025",M_USD,517.0,,,,,,,,,,,,,,,,,,,,,,,,,,,,,,,,,,,,,,,,,,
425,0,"which value corresponds to the inventories for MED in December 31, 2024",1729_inventories_prior_fy_end,"{""leaf"": ""1729_inventories_prior_fy_end"", ""depth"": 0}","{""kind"": ""leaf"", ""semantic_type_in"": [""amount""], ""depth"": 0}",567.0,1,0,0,247024537,229699585,918663111,0.325,0,1,1,1729_inventories_prior_fy_end,inventories,inventories,MED,"December 31, 2024",M_USD,567.0,,,,,,,,,,,,,,,,,,,,,,,,,,,,,,,,,,,,,,,,,,,,,,,,,
426,1,"Which quantity is given by the maximum of cost of sales for PRF from Three Months Ended April 30, 2024 to Three Months Ended April 30, 2025?","max(2161_cost_of_sales_prior_year_quarter, 2160_cost_of_sales_current_quarter)","{""op"": ""max"", ""left"": {""leaf"": ""2161_cost_of_sales_prior_year_quarter"", ""depth"": 0}, ""right"": {""leaf"": ""2160_cost_of_sales_current_quarter"", ""depth"": 0}, ""depth"": 1}","{""kind"": ""time_agg"", ""op"": ""max"", ""depth"": 0}",680.0,1,0,1,290362940,375863266,918663111,0.432,0,1,2,2161_cost_of_sales_prior_year_quarter,cost_of_sales,cost of sales,PRF,"Three Months Ended April 30, 2024",M_USD,658.0,2160_cost_of_sales_current_quarter,cost_of_sales,cost of sales,PRF,"Three Months Ended April 30, 2025",M_USD,680.0,,,,,,,,,,,,,,,,,,,,,,,,,,,,,,,,,,,,,,,,,,
427,0,"What do we obtain as the net income for INF in Three Months Ended July 31, 2024?",3831_net_income_prior_year_quarter,"{""leaf"": ""3831_net_income_prior_year_quarter"", ""depth"": 0}","{""kind"": ""leaf"", ""semantic_type_in"": [""amount""], ""depth"": 0}",2499.0,2,0,0,267770862,579022893,918663111,0.38,0,1,1,3831_net_income_prior_year_quarter,net_income,net income,INF,"Three Months Ended July 31, 2024",M_USD,2499.0,,,,,,,,,,,,,,,,,,,,,,,,,,,,,,,,,,,,,,,,,,,,,,,,,
428,1,"Compute the maximum of net income for CIV from Nine Months Ended October 31, 2024 to Nine Months Ended October 31, 2025","max(3017_net_income_prior_year_ytd, 3016_net_income_current_ytd)","{""op"": ""max"", ""left"": {""leaf"": ""3017_net_income_prior_year_ytd"", ""depth"": 0}, ""right"": {""leaf"": ""3016_net_income_current_ytd"", ""depth"": 0}, ""depth"": 1}","{""kind"": ""time_agg"", ""op"": ""max"", ""depth"": 0}",705.0,2,0,1,833073690,361618225,918663111,0.113,0,1,2,3017_net_income_prior_year_ytd,net_income,net income,CIV,"Nine Months Ended October 31, 2024",M_USD,672.0,3016_net_income_current_ytd,net_income,net income,CIV,"Nine Months Ended October 31, 2025",M_USD,705.0,,,,,,,,,,,,,,,,,,,,,,,,,,,,,,,,,,,,,,,,,,
429,2,"What's the value of the average depreciation and amortization for CLR from Nine Months Ended October 31, 2024 to Nine Months Ended October 31, 2025","ratio(sum(195_depreciation_and_amortization_prior_ytd, 194_depreciation_and_amortization_current_ytd), 2.0)","{""op"": ""ratio"", ""left"": {""op"": ""sum"", ""left"": {""leaf"": ""195_depreciation_and_amortization_prior_ytd"", ""depth"": 0}, ""right"": {""leaf"": ""194_depreciation_and_amortization_current_ytd"", ""depth"": 0}, ""depth"": 1}, ""right"": {""literal"": 2.0, ""depth"": 0}, ""depth"": 2}","{""kind"": ""time_agg"", ""op"": ""avg"", ""depth"": 0}",1800.0,3,0,2,341008498,841647095,918663111,0.441,0,1,2,195_depreciation_and_amortization_prior_ytd,depreciation_and_amortization,depreciation and amortization,CLR,"Nine Months Ended October 31, 2024",M_USD,1877.0,194_depreciation_and_amortization_current_ytd,depreciation_and_amortization,depreciation and amortization,CLR,"Nine Months Ended October 31, 2025",M_USD,1723.0,,,,,,,,,,,,,,,,,,,,,,,,,,,,,,,,,,,,,,,,,,
430,2,"what does the following give: average gross profit for INF from Three Months Ended July 31, 2024 to Three Months Ended July 31, 2025?","ratio(sum(3803_gross_profit_prior_year_quarter, 3802_gross_profit_current_quarter), 2.0)","{""op"": ""ratio"", ""left"": {""op"": ""sum"", ""left"": {""leaf"": ""3803_gross_profit_prior_year_quarter"", ""depth"": 0}, ""right"": {""leaf"": ""3802_gross_profit_current_quarter"", ""depth"": 0}, ""depth"": 1}, ""right"": {""literal"": 2.0, ""depth"": 0}, ""depth"": 2}","{""kind"": ""time_agg"", ""op"": ""avg"", ""depth"": 0}",7801.0,2,0,2,70600959,936263750,918663111,0.342,0,1,2,3803_gross_profit_prior_year_quarter,gross_profit,gross profit,INF,"Three Months Ended July 31, 2024",M_USD,7488.0,3802_gross_profit_current_quarter,gross_profit,gross profit,INF,"Three Months Ended July 31, 2025",M_USD,8114.0,,,,,,,,,,,,,,,,,,,,,,,,,,,,,,,,,,,,,,,,,,
431,1,"which result follows from the minimum of accrued expenses and other for PLZ from December 31, 2024 to July 31, 2025?","min(2119_accrued_expenses_and_other_prior_fy_end, 2118_accrued_expenses_and_other_current_quarter_end)","{""op"": ""min"", ""left"": {""leaf"": ""2119_accrued_expenses_and_other_prior_fy_end"", ""depth"": 0}, ""right"": {""leaf"": ""2118_accrued_expenses_and_other_current_quarter_end"", ""depth"": 0}, ""depth"": 1}","{""kind"": ""time_agg"", ""op"": ""min"", ""depth"": 0}",4571.0,1,0,1,542047791,35992616,918663111,0.483,0,1,2,2119_accrued_expenses_and_other_prior_fy_end,accrued_expenses_and_other,accrued expenses and other,PLZ,"December 31, 2024",M_USD,4571.0,2118_accrued_expenses_and_other_current_quarter_end,accrued_expenses_and_other,accrued expenses and other,PLZ,"July 31, 2025",M_USD,4695.0,,,,,,,,,,,,,,,,,,,,,,,,,,,,,,,,,,,,,,,,,,
432,1,"which result follows from the maximum of cost of sales for PRD from Nine Months Ended October 31, 2024 to Nine Months Ended October 31, 2025 ?","max(1809_cost_of_sales_prior_year_ytd, 1808_cost_of_sales_current_ytd)","{""op"": ""max"", ""left"": {""leaf"": ""1809_cost_of_sales_prior_year_ytd"", ""depth"": 0}, ""right"": {""leaf"": ""1808_cost_of_sales_current_ytd"", ""depth"": 0}, ""depth"": 1}","{""kind"": ""time_agg"", ""op"": ""max"", ""depth"": 0}",45123.0,3,0,1,964252553,783713566,918663111,0.479,0,1,2,1809_cost_of_sales_prior_year_ytd,cost_of_sales,cost of sales,PRD,"Nine Months Ended October 31, 2024",M_USD,39813.0,1808_cost_of_sales_current_ytd,cost_of_sales,cost of sales,PRD,"Nine Months Ended October 31, 2025",M_USD,45123.0,,,,,,,,,,,,,,,,,,,,,,,,,,,,,,,,,,,,,,,,,,
433,1,"provide the maximum of provision for income taxes for VRX from Three Months Ended July 31, 2024 to Three Months Ended July 31, 2025 .","max(3123_provision_for_income_taxes_prior_year_quarter, 3122_provision_for_income_taxes_current_quarter)","{""op"": ""max"", ""left"": {""leaf"": ""3123_provision_for_income_taxes_prior_year_quarter"", ""depth"": 0}, ""right"": {""leaf"": ""3122_provision_for_income_taxes_current_quarter"", ""depth"": 0}, ""depth"": 1}","{""kind"": ""time_agg"", ""op"": ""max"", ""depth"": 0}",215.0,2,0,1,119022577,324982943,918663111,0.139,0,1,2,3123_provision_for_income_taxes_prior_year_quarter,provision_for_income_taxes,provision for income taxes,VRX,"Three Months Ended July 31, 2024",M_USD,193.0,3122_provision_for_income_taxes_current_quarter,provision_for_income_taxes,provision for income taxes,VRX,"Three Months Ended July 31, 2025",M_USD,215.0,,,,,,,,,,,,,,,,,,,,,,,,,,,,,,,,,,,,,,,,,,
434,1,"Evaluate the free cash flow for CLR in Nine Months Ended October 31, 2024.",free_cash_flow,"{""derived"": ""free_cash_flow"", ""expanded"": {""op"": ""diff"", ""left"": {""leaf"": ""191_net_cash_from_operating_prior_ytd"", ""depth"": 0}, ""right"": {""leaf"": ""193_capital_expenditures_prior_ytd"", ""depth"": 0}, ""depth"": 1}, ""depth"": 1}","{""kind"": ""derived_concept"", ""name"": ""free_cash_flow"", ""depth"": 0}",8119.0,4,0,1,107578858,207969062,918663111,0.417,0,1,2,191_net_cash_from_operating_prior_ytd,net_cash_from_operating,net cash from operating,CLR,"Nine Months Ended October 31, 2024",M_USD,6517.0,193_capital_expenditures_prior_ytd,capital_expenditures,capital expenditures,CLR,"Nine Months Ended October 31, 2024",M_USD,-1602.0,,,,,,,,,,,,,,,,,,,,,,,,,,,,,,,,,,,,,,,,,,
435,1,"Could you give the maximum of stock based compensation for TPH from Nine Months Ended October 31, 2024 to Nine Months Ended October 31, 2025 ?","max(2839_stock_based_compensation_prior_ytd, 2838_stock_based_compensation_current_ytd)","{""op"": ""max"", ""left"": {""leaf"": ""2839_stock_based_compensation_prior_ytd"", ""depth"": 0}, ""right"": {""leaf"": ""2838_stock_based_compensation_current_ytd"", ""depth"": 0}, ""depth"": 1}","{""kind"": ""time_agg"", ""op"": ""max"", ""depth"": 0}",530.0,2,0,1,557174020,799466417,918663111,0.496,0,1,2,2839_stock_based_compensation_prior_ytd,stock_based_compensation,stock based compensation,TPH,"Nine Months Ended October 31, 2024",M_USD,530.0,2838_stock_based_compensation_current_ytd,stock_based_compensation,stock based compensation,TPH,"Nine Months Ended October 31, 2025",M_USD,519.0,,,,,,,,,,,,,,,,,,,,,,,,,,,,,,,,,,,,,,,,,,
436,1,"could you give the minimum of total non current assets for TPH from December 31, 2024 to October 31, 2025?","min(2807_total_non_current_assets_prior_fy_end, 2806_total_non_current_assets_current_quarter_end)","{""op"": ""min"", ""left"": {""leaf"": ""2807_total_non_current_assets_prior_fy_end"", ""depth"": 0}, ""right"": {""leaf"": ""2806_total_non_current_assets_current_quarter_end"", ""depth"": 0}, ""depth"": 1}","{""kind"": ""time_agg"", ""op"": ""min"", ""depth"": 0}",12930.0,2,0,1,513930981,505717561,918663111,0.411,0,1,2,2807_total_non_current_assets_prior_fy_end,total_non_current_assets,total non current assets,TPH,"December 31, 2024",M_USD,12930.0,2806_total_non_current_assets_current_quarter_end,total_non_current_assets,total non current assets,TPH,"October 31, 2025",M_USD,13166.0,,,,,,,,,,,,,,,,,,,,,,,,,,,,,,,,,,,,,,,,,,
437,1,"what is the minimum of cost of sales for AST from Six Months Ended July 31, 2024 to Six Months Ended July 31, 2025","min(4785_cost_of_sales_prior_year_ytd, 4784_cost_of_sales_current_ytd)","{""op"": ""min"", ""left"": {""leaf"": ""4785_cost_of_sales_prior_year_ytd"", ""depth"": 0}, ""right"": {""leaf"": ""4784_cost_of_sales_current_ytd"", ""depth"": 0}, ""depth"": 1}","{""kind"": ""time_agg"", ""op"": ""min"", ""depth"": 0}",12890.0,3,0,1,195211907,676033698,918663111,0.141,0,1,2,4785_cost_of_sales_prior_year_ytd,cost_of_sales,cost of sales,AST,"Six Months Ended July 31, 2024",M_USD,12890.0,4784_cost_of_sales_current_ytd,cost_of_sales,cost of sales,AST,"Six Months Ended July 31, 2025",M_USD,13374.0,,,,,,,,,,,,,,,,,,,,,,,,,,,,,,,,,,,,,,,,,,
438,1,"compute the maximum of provision for income taxes for PRF from Nine Months Ended October 31, 2024 to Nine Months Ended October 31, 2025 .","max(2533_provision_for_income_taxes_prior_year_ytd, 2532_provision_for_income_taxes_current_ytd)","{""op"": ""max"", ""left"": {""leaf"": ""2533_provision_for_income_taxes_prior_year_ytd"", ""depth"": 0}, ""right"": {""leaf"": ""2532_provision_for_income_taxes_current_ytd"", ""depth"": 0}, ""depth"": 1}","{""kind"": ""time_agg"", ""op"": ""max"", ""depth"": 0}",924.0,3,0,1,768699430,847995542,918663111,0.147,0,1,2,2533_provision_for_income_taxes_prior_year_ytd,provision_for_income_taxes,provision for income taxes,PRF,"Nine Months Ended October 31, 2024",M_USD,924.0,2532_provision_for_income_taxes_current_ytd,provision_for_income_taxes,provision for income taxes,PRF,"Nine Months Ended October 31, 2025",M_USD,801.0,,,,,,,,,,,,,,,,,,,,,,,,,,,,,,,,,,,,,,,,,,
439,2,"give the average total non current liabilities for SCI from December 31, 2024 to July 31, 2025 .","ratio(sum(5097_total_non_current_liabilities_prior_fy_end, 5096_total_non_current_liabilities_current_quarter_end), 2.0)","{""op"": ""ratio"", ""left"": {""op"": ""sum"", ""left"": {""leaf"": ""5097_total_non_current_liabilities_prior_fy_end"", ""depth"": 0}, ""right"": {""leaf"": ""5096_total_non_current_liabilities_current_quarter_end"", ""depth"": 0}, ""depth"": 1}, ""right"": {""literal"": 2.0, ""depth"": 0}, ""depth"": 2}","{""kind"": ""time_agg"", ""op"": ""avg"", ""depth"": 0}",1149.0,2,0,2,946076441,788539863,918663111,0.171,0,1,2,5097_total_non_current_liabilities_prior_fy_end,total_non_current_liabilities,total non current liabilities,SCI,"December 31, 2024",M_USD,1071.0,5096_total_non_current_liabilities_current_quarter_end,total_non_current_liabilities,total non current liabilities,SCI,"July 31, 2025",M_USD,1227.0,,,,,,,,,,,,,,,,,,,,,,,,,,,,,,,,,,,,,,,,,,
440,1,"which quantity is given by the maximum of long term debt for QRK from September 30, 2025 to April 30, 2026","max(3652_long_term_debt_current_quarter_end, 3653_long_term_debt_prior_fy_end)","{""op"": ""max"", ""left"": {""leaf"": ""3652_long_term_debt_current_quarter_end"", ""depth"": 0}, ""right"": {""leaf"": ""3653_long_term_debt_prior_fy_end"", ""depth"": 0}, ""depth"": 1}","{""kind"": ""time_agg"", ""op"": ""max"", ""depth"": 0}",27014.0,2,0,1,622433704,449460665,918663111,0.399,0,1,2,3652_long_term_debt_current_quarter_end,long_term_debt,long term debt,QRK,"April 30, 2026",M_USD,25535.0,3653_long_term_debt_prior_fy_end,long_term_debt,long term debt,QRK,"September 30, 2025",M_USD,27014.0,,,,,,,,,,,,,,,,,,,,,,,,,,,,,,,,,,,,,,,,,,
441,1,"you should calculate the minimum of total non current liabilities for QRK from September 30, 2025 to April 30, 2026 .","min(3656_total_non_current_liabilities_current_quarter_end, 3657_total_non_current_liabilities_prior_fy_end)","{""op"": ""min"", ""left"": {""leaf"": ""3656_total_non_current_liabilities_current_quarter_end"", ""depth"": 0}, ""right"": {""leaf"": ""3657_total_non_current_liabilities_prior_fy_end"", ""depth"": 0}, ""depth"": 1}","{""kind"": ""time_agg"", ""op"": ""min"", ""depth"": 0}",30634.0,2,0,1,598831452,653407387,918663111,0.171,0,1,2,3656_total_non_current_liabilities_current_quarter_end,total_non_current_liabilities,total non current liabilities,QRK,"April 30, 2026",M_USD,30634.0,3657_total_non_current_liabilities_prior_fy_end,total_non_current_liabilities,total non current liabilities,QRK,"September 30, 2025",M_USD,32408.0,,,,,,,,,,,,,,,,,,,,,,,,,,,,,,,,,,,,,,,,,,
442,1,"Determine the maximum of net income for MTX from Nine Months Ended October 31, 2024 to Nine Months Ended October 31, 2025.","max(5505_net_income_prior_year_ytd, 5504_net_income_current_ytd)","{""op"": ""max"", ""left"": {""leaf"": ""5505_net_income_prior_year_ytd"", ""depth"": 0}, ""right"": {""leaf"": ""5504_net_income_current_ytd"", ""depth"": 0}, ""depth"": 1}","{""kind"": ""time_agg"", ""op"": ""max"", ""depth"": 0}",8979.0,4,0,1,470313786,619257643,918663111,0.581,0,1,2,5505_net_income_prior_year_ytd,net_income,net income,MTX,"Nine Months Ended October 31, 2024",M_USD,8979.0,5504_net_income_current_ytd,net_income,net income,MTX,"Nine Months Ended October 31, 2025",M_USD,8862.0,,,,,,,,,,,,,,,,,,,,,,,,,,,,,,,,,,,,,,,,,,
443,1,"What's the value of the minimum of operating income for CRF from Nine Months Ended October 31, 2024 to Nine Months Ended October 31, 2025?","min(1589_operating_income_prior_year_ytd, 1588_operating_income_current_ytd)","{""op"": ""min"", ""left"": {""leaf"": ""1589_operating_income_prior_year_ytd"", ""depth"": 0}, ""right"": {""leaf"": ""1588_operating_income_current_ytd"", ""depth"": 0}, ""depth"": 1}","{""kind"": ""time_agg"", ""op"": ""min"", ""depth"": 0}",5382.0,1,0,1,827556490,165857067,918663111,0.591,0,1,2,1589_operating_income_prior_year_ytd,operating_income,operating income,CRF,"Nine Months Ended October 31, 2024",M_USD,5481.0,1588_operating_income_current_ytd,operating_income,operating income,CRF,"Nine Months Ended October 31, 2025",M_USD,5382.0,,,,,,,,,,,,,,,,,,,,,,,,,,,,,,,,,,,,,,,,,,
444,0,"may you calculate the property plant and equipment net for TRU in December 31, 2024 ?",751_property_plant_and_equipment_net_prior_fy_end,"{""leaf"": ""751_property_plant_and_equipment_net_prior_fy_end"", ""depth"": 0}","{""kind"": ""leaf"", ""semantic_type_in"": [""amount""], ""depth"": 0}",1692.0,1,0,0,548993193,452817136,918663111,0.573,0,1,1,751_property_plant_and_equipment_net_prior_fy_end,property_plant_and_equipment_net,property plant and equipment net,TRU,"December 31, 2024",M_USD,1692.0,,,,,,,,,,,,,,,,,,,,,,,,,,,,,,,,,,,,,,,,,,,,,,,,,
445,1,"What would be the minimum of total assets for FAB from December 31, 2024 to July 31, 2025 ?","min(3993_total_assets_prior_fy_end, 3992_total_assets_current_quarter_end)","{""op"": ""min"", ""left"": {""leaf"": ""3993_total_assets_prior_fy_end"", ""depth"": 0}, ""right"": {""leaf"": ""3992_total_assets_current_quarter_end"", ""depth"": 0}, ""depth"": 1}","{""kind"": ""time_agg"", ""op"": ""min"", ""depth"": 0}",33631.0,2,0,1,44554574,239811692,918663111,0.586,0,1,2,3993_total_assets_prior_fy_end,total_assets,total assets,FAB,"December 31, 2024",M_USD,34140.0,3992_total_assets_current_quarter_end,total_assets,total assets,FAB,"July 31, 2025",M_USD,33631.0,,,,,,,,,,,,,,,,,,,,,,,,,,,,,,,,,,,,,,,,,,
446,1,"What does the following give: minimum of accounts payable for JTX from December 31, 2024 to April 30, 2025","min(4208_accounts_payable_current_quarter_end, 4209_accounts_payable_prior_fy_end)","{""op"": ""min"", ""left"": {""leaf"": ""4208_accounts_payable_current_quarter_end"", ""depth"": 0}, ""right"": {""leaf"": ""4209_accounts_payable_prior_fy_end"", ""depth"": 0}, ""depth"": 1}","{""kind"": ""time_agg"", ""op"": ""min"", ""depth"": 0}",3131.0,1,0,1,861252620,916674065,918663111,0.166,0,1,2,4208_accounts_payable_current_quarter_end,accounts_payable,accounts payable,JTX,"April 30, 2025",M_USD,3142.0,4209_accounts_payable_prior_fy_end,accounts_payable,accounts payable,JTX,"December 31, 2024",M_USD,3131.0,,,,,,,,,,,,,,,,,,,,,,,,,,,,,,,,,,,,,,,,,,
447,0,"what do we obtain as the research and development for JTX in Three Months Ended April 30, 2024 ?",4167_research_and_development_prior_year_quarter,"{""leaf"": ""4167_research_and_development_prior_year_quarter"", ""depth"": 0}","{""kind"": ""leaf"", ""semantic_type_in"": [""amount""], ""depth"": 0}",36.0,2,0,0,469265268,354767815,918663111,0.286,0,1,1,4167_research_and_development_prior_year_quarter,research_and_development,research and development,JTX,"Three Months Ended April 30, 2024",M_USD,36.0,,,,,,,,,,,,,,,,,,,,,,,,,,,,,,,,,,,,,,,,,,,,,,,,,
448,1,"which result follows from the maximum of current portion of long term debt for PLZ from December 31, 2024 to July 31, 2025 ?","max(2121_current_portion_of_long_term_debt_prior_fy_end, 2120_current_portion_of_long_term_debt_current_quarter_end)","{""op"": ""max"", ""left"": {""leaf"": ""2121_current_portion_of_long_term_debt_prior_fy_end"", ""depth"": 0}, ""right"": {""leaf"": ""2120_current_portion_of_long_term_debt_current_quarter_end"", ""depth"": 0}, ""depth"": 1}","{""kind"": ""time_agg"", ""op"": ""max"", ""depth"": 0}",2458.0,1,0,1,603345676,912700136,918663111,0.251,0,1,2,2121_current_portion_of_long_term_debt_prior_fy_end,current_portion_of_long_term_debt,current portion of long term debt,PLZ,"December 31, 2024",M_USD,2393.0,2120_current_portion_of_long_term_debt_current_quarter_end,current_portion_of_long_term_debt,current portion of long term debt,PLZ,"July 31, 2025",M_USD,2458.0,,,,,,,,,,,,,,,,,,,,,,,,,,,,,,,,,,,,,,,,,,
449,1,"What is the value of the maximum of research and development for BRX from Six Months Ended July 31, 2024 to Six Months Ended July 31, 2025 ?","max(351_research_and_development_prior_year_ytd, 350_research_and_development_current_ytd)","{""op"": ""max"", ""left"": {""leaf"": ""351_research_and_development_prior_year_ytd"", ""depth"": 0}, ""right"": {""leaf"": ""350_research_and_development_current_ytd"", ""depth"": 0}, ""depth"": 1}","{""kind"": ""time_agg"", ""op"": ""max"", ""depth"": 0}",1074.0,1,0,1,490894618,663193148,918663111,0.406,0,1,2,351_research_and_development_prior_year_ytd,research_and_development,research and development,BRX,"Six Months Ended July 31, 2024",M_USD,1074.0,350_research_and_development_current_ytd,research_and_development,research and development,BRX,"Six Months Ended July 31, 2025",M_USD,1052.0,,,,,,,,,,,,,,,,,,,,,,,,,,,,,,,,,,,,,,,,,,
450,1,"Determine the maximum of total current liabilities for JTX from December 31, 2024 to April 30, 2025.","max(4216_total_current_liabilities_current_quarter_end, 4217_total_current_liabilities_prior_fy_end)","{""op"": ""max"", ""left"": {""leaf"": ""4216_total_current_liabilities_current_quarter_end"", ""depth"": 0}, ""right"": {""leaf"": ""4217_total_current_liabilities_prior_fy_end"", ""depth"": 0}, ""depth"": 1}","{""kind"": ""time_agg"", ""op"": ""max"", ""depth"": 0}",5378.0,1,0,1,308309020,617757217,918663111,0.209,0,1,2,4216_total_current_liabilities_current_quarter_end,total_current_liabilities,total current liabilities,JTX,"April 30, 2025",M_USD,5378.0,4217_total_current_liabilities_prior_fy_end,total_current_liabilities,total current liabilities,JTX,"December 31, 2024",M_USD,5360.0,,,,,,,,,,,,,,,,,,,,,,,,,,,,,,,,,,,,,,,,,,
451,1,"what would be the maximum of gross profit for FAB from Six Months Ended July 31, 2024 to Six Months Ended July 31, 2025","max(3933_gross_profit_prior_year_ytd, 3932_gross_profit_current_ytd)","{""op"": ""max"", ""left"": {""leaf"": ""3933_gross_profit_prior_year_ytd"", ""depth"": 0}, ""right"": {""leaf"": ""3932_gross_profit_current_ytd"", ""depth"": 0}, ""depth"": 1}","{""kind"": ""time_agg"", ""op"": ""max"", ""depth"": 0}",27192.0,3,0,1,662195107,641400793,918663111,0.359,0,1,2,3933_gross_profit_prior_year_ytd,gross_profit,gross profit,FAB,"Six Months Ended July 31, 2024",M_USD,27192.0,3932_gross_profit_current_ytd,gross_profit,gross profit,FAB,"Six Months Ended July 31, 2025",M_USD,24018.0,,,,,,,,,,,,,,,,,,,,,,,,,,,,,,,,,,,,,,,,,,
452,2,"What does the following give: average other non current liabilities for MED from July 31, 2025 to October 31, 2025 ?","ratio(sum(1758_other_non_current_liabilities_current_quarter_end, 1068_other_non_current_liabilities_current_quarter_end), 2.0)","{""op"": ""ratio"", ""left"": {""op"": ""sum"", ""left"": {""leaf"": ""1758_other_non_current_liabilities_current_quarter_end"", ""depth"": 0}, ""right"": {""leaf"": ""1068_other_non_current_liabilities_current_quarter_end"", ""depth"": 0}, ""depth"": 1}, ""right"": {""literal"": 2.0, ""depth"": 0}, ""depth"": 2}","{""kind"": ""time_agg"", ""op"": ""avg"", ""depth"": 0}",554.0,4,0,2,789632418,998914192,918663111,0.136,0,1,2,1758_other_non_current_liabilities_current_quarter_end,other_non_current_liabilities,other non current liabilities,MED,"July 31, 2025",M_USD,717.0,1068_other_non_current_liabilities_current_quarter_end,other_non_current_liabilities,other non current liabilities,MED,"October 31, 2025",M_USD,391.0,,,,,,,,,,,,,,,,,,,,,,,,,,,,,,,,,,,,,,,,,,
453,1,"compute the minimum of net cash from operating for BLD from Six Months Ended July 31, 2024 to Six Months Ended July 31, 2025","min(5361_net_cash_from_operating_prior_ytd, 2960_net_cash_from_operating_current_ytd)","{""op"": ""min"", ""left"": {""leaf"": ""5361_net_cash_from_operating_prior_ytd"", ""depth"": 0}, ""right"": {""leaf"": ""2960_net_cash_from_operating_current_ytd"", ""depth"": 0}, ""depth"": 1}","{""kind"": ""time_agg"", ""op"": ""min"", ""depth"": 0}",2047.0,2,0,1,741960094,650533043,918663111,0.179,0,1,2,5361_net_cash_from_operating_prior_ytd,net_cash_from_operating,net cash from operating,BLD,"Six Months Ended July 31, 2024",M_USD,11908.0,2960_net_cash_from_operating_current_ytd,net_cash_from_operating,net cash from operating,BLD,"Six Months Ended July 31, 2025",M_USD,2047.0,,,,,,,,,,,,,,,,,,,,,,,,,,,,,,,,,,,,,,,,,,
454,1,"Give the minimum of research and development for CLD from Three Months Ended April 30, 2024 to Three Months Ended April 30, 2025 .","min(3353_research_and_development_prior_year_quarter, 3704_research_and_development_current_quarter)","{""op"": ""min"", ""left"": {""leaf"": ""3353_research_and_development_prior_year_quarter"", ""depth"": 0}, ""right"": {""leaf"": ""3704_research_and_development_current_quarter"", ""depth"": 0}, ""depth"": 1}","{""kind"": ""time_agg"", ""op"": ""min"", ""depth"": 0}",473.0,4,0,1,202985837,942940794,918663111,0.567,0,1,2,3353_research_and_development_prior_year_quarter,research_and_development,research and development,CLD,"Three Months Ended April 30, 2024",M_USD,2000.0,3704_research_and_development_current_quarter,research_and_development,research and development,CLD,"Three Months Ended April 30, 2025",M_USD,473.0,,,,,,,,,,,,,,,,,,,,,,,,,,,,,,,,,,,,,,,,,,
455,2,"Could you give the average research and development for STR from Six Months Ended July 31, 2024 to Six Months Ended July 31, 2025 ?","ratio(sum(3457_research_and_development_prior_year_ytd, 3456_research_and_development_current_ytd), 2.0)","{""op"": ""ratio"", ""left"": {""op"": ""sum"", ""left"": {""leaf"": ""3457_research_and_development_prior_year_ytd"", ""depth"": 0}, ""right"": {""leaf"": ""3456_research_and_development_current_ytd"", ""depth"": 0}, ""depth"": 1}, ""right"": {""literal"": 2.0, ""depth"": 0}, ""depth"": 2}","{""kind"": ""time_agg"", ""op"": ""avg"", ""depth"": 0}",2100.0,3,0,2,661738355,598367238,918663111,0.463,0,1,2,3457_research_and_development_prior_year_ytd,research_and_development,research and development,STR,"Six Months Ended July 31, 2024",M_USD,2002.0,3456_research_and_development_current_ytd,research_and_development,research and development,STR,"Six Months Ended July 31, 2025",M_USD,2198.0,,,,,,,,,,,,,,,,,,,,,,,,,,,,,,,,,,,,,,,,,,
456,2,"Evaluate the average current portion of long term debt for FAB from December 31, 2024 to July 31, 2025 .","ratio(sum(4001_current_portion_of_long_term_debt_prior_fy_end, 4000_current_portion_of_long_term_debt_current_quarter_end), 2.0)","{""op"": ""ratio"", ""left"": {""op"": ""sum"", ""left"": {""leaf"": ""4001_current_portion_of_long_term_debt_prior_fy_end"", ""depth"": 0}, ""right"": {""leaf"": ""4000_current_portion_of_long_term_debt_current_quarter_end"", ""depth"": 0}, ""depth"": 1}, ""right"": {""literal"": 2.0, ""depth"": 0}, ""depth"": 2}","{""kind"": ""time_agg"", ""op"": ""avg"", ""depth"": 0}",1038.0,4,0,2,392958647,418129945,918663111,0.329,0,1,2,4001_current_portion_of_long_term_debt_prior_fy_end,current_portion_of_long_term_debt,current portion of long term debt,FAB,"December 31, 2024",M_USD,1046.0,4000_current_portion_of_long_term_debt_current_quarter_end,current_portion_of_long_term_debt,current portion of long term debt,FAB,"July 31, 2025",M_USD,1030.0,,,,,,,,,,,,,,,,,,,,,,,,,,,,,,,,,,,,,,,,,,
457,1,"What's the value of the minimum of total non current assets for CLR from December 31, 2024 to October 31, 2025","min(165_total_non_current_assets_prior_fy_end, 164_total_non_current_assets_current_quarter_end)","{""op"": ""min"", ""left"": {""leaf"": ""165_total_non_current_assets_prior_fy_end"", ""depth"": 0}, ""right"": {""leaf"": ""164_total_non_current_assets_current_quarter_end"", ""depth"": 0}, ""depth"": 1}","{""kind"": ""time_agg"", ""op"": ""min"", ""depth"": 0}",7138.0,4,0,1,288192931,127379876,918663111,0.243,0,1,2,165_total_non_current_assets_prior_fy_end,total_non_current_assets,total non current assets,CLR,"December 31, 2024",M_USD,7138.0,164_total_non_current_assets_current_quarter_end,total_non_current_assets,total non current assets,CLR,"October 31, 2025",M_USD,7450.0,,,,,,,,,,,,,,,,,,,,,,,,,,,,,,,,,,,,,,,,,,
458,2,"Could you give the average total current assets for SUP from December 31, 2024 to July 31, 2025","ratio(sum(843_total_current_assets_prior_fy_end, 2684_total_current_assets_current_quarter_end), 2.0)","{""op"": ""ratio"", ""left"": {""op"": ""sum"", ""left"": {""leaf"": ""843_total_current_assets_prior_fy_end"", ""depth"": 0}, ""right"": {""leaf"": ""2684_total_current_assets_current_quarter_end"", ""depth"": 0}, ""depth"": 1}, ""right"": {""literal"": 2.0, ""depth"": 0}, ""depth"": 2}","{""kind"": ""time_agg"", ""op"": ""avg"", ""depth"": 0}",9135.0,1,0,2,395319900,618202506,918663111,0.572,0,1,2,843_total_current_assets_prior_fy_end,total_current_assets,total current assets,SUP,"December 31, 2024",M_USD,8086.0,2684_total_current_assets_current_quarter_end,total_current_assets,total current assets,SUP,"July 31, 2025",M_USD,10184.0,,,,,,,,,,,,,,,,,,,,,,,,,,,,,,,,,,,,,,,,,,
459,1,"Determine the minimum of total current liabilities for PRD from December 31, 2024 to October 31, 2025.","min(1883_total_current_liabilities_prior_fy_end, 1882_total_current_liabilities_current_quarter_end)","{""op"": ""min"", ""left"": {""leaf"": ""1883_total_current_liabilities_prior_fy_end"", ""depth"": 0}, ""right"": {""leaf"": ""1882_total_current_liabilities_current_quarter_end"", ""depth"": 0}, ""depth"": 1}","{""kind"": ""time_agg"", ""op"": ""min"", ""depth"": 0}",10276.0,4,0,1,250094074,150252513,918663111,0.106,0,1,2,1883_total_current_liabilities_prior_fy_end,total_current_liabilities,total current liabilities,PRD,"December 31, 2024",M_USD,10276.0,1882_total_current_liabilities_current_quarter_end,total_current_liabilities,total current liabilities,PRD,"October 31, 2025",M_USD,11371.0,,,,,,,,,,,,,,,,,,,,,,,,,,,,,,,,,,,,,,,,,,
460,1,"What is the operating income for AVX in Three Months Ended October 31, 2024?",operating_income,"{""derived"": ""operating_income"", ""expanded"": {""op"": ""diff"", ""left"": {""leaf"": ""1229_total_revenues_prior_year_quarter"", ""depth"": 0}, ""right"": {""leaf"": ""1245_total_costs_and_expenses_prior_year_quarter"", ""depth"": 0}, ""depth"": 1}, ""depth"": 1}","{""kind"": ""derived_concept"", ""name"": ""operating_income"", ""depth"": 0}",311.0,3,0,1,314713832,978065370,918663111,0.558,0,1,2,1229_total_revenues_prior_year_quarter,total_revenues,total revenues,AVX,"Three Months Ended October 31, 2024",M_USD,1072.0,1245_total_costs_and_expenses_prior_year_quarter,total_costs_and_expenses,total costs and expenses,AVX,"Three Months Ended October 31, 2024",M_USD,761.0,,,,,,,,,,,,,,,,,,,,,,,,,,,,,,,,,,,,,,,,,,
461,1,"what's the value of the minimum of other non current assets for CLD from December 31, 2024 to April 30, 2025","min(3740_other_non_current_assets_current_quarter_end, 3741_other_non_current_assets_prior_fy_end)","{""op"": ""min"", ""left"": {""leaf"": ""3740_other_non_current_assets_current_quarter_end"", ""depth"": 0}, ""right"": {""leaf"": ""3741_other_non_current_assets_prior_fy_end"", ""depth"": 0}, ""depth"": 1}","{""kind"": ""time_agg"", ""op"": ""min"", ""depth"": 0}",134.0,2,0,1,936830229,334603138,918663111,0.316,0,1,2,3740_other_non_current_assets_current_quarter_end,other_non_current_assets,other non current assets,CLD,"April 30, 2025",M_USD,134.0,3741_other_non_current_assets_prior_fy_end,other_non_current_assets,other non current assets,CLD,"December 31, 2024",M_USD,139.0,,,,,,,,,,,,,,,,,,,,,,,,,,,,,,,,,,,,,,,,,,
462,0,"whats the value of the provision for income taxes for DTA in Three Months Ended April 30, 2025 ?",4486_provision_for_income_taxes_current_quarter,"{""leaf"": ""4486_provision_for_income_taxes_current_quarter"", ""depth"": 0}","{""kind"": ""leaf"", ""semantic_type_in"": [""amount""], ""depth"": 0}",584.0,2,0,0,683752885,991958661,918663111,0.229,0,1,1,4486_provision_for_income_taxes_current_quarter,provision_for_income_taxes,provision for income taxes,DTA,"Three Months Ended April 30, 2025",M_USD,584.0,,,,,,,,,,,,,,,,,,,,,,,,,,,,,,,,,,,,,,,,,,,,,,,,,
463,1,"state the minimum of Royalties and other for TPH from Nine Months Ended October 31, 2024 to Nine Months Ended October 31, 2025.","min(2865_royalties_and_other_prior_year_ytd, 2859_royalties_and_other_current_ytd)","{""op"": ""min"", ""left"": {""leaf"": ""2865_royalties_and_other_prior_year_ytd"", ""depth"": 0}, ""right"": {""leaf"": ""2859_royalties_and_other_current_ytd"", ""depth"": 0}, ""depth"": 1}","{""kind"": ""time_agg"", ""op"": ""min"", ""depth"": 0}",4842.0,1,0,1,145112148,733216924,918663111,0.459,0,1,2,2865_royalties_and_other_prior_year_ytd,royalties_and_other,Royalties and other,TPH,"Nine Months Ended October 31, 2024",M_USD,4842.0,2859_royalties_and_other_current_ytd,royalties_and_other,Royalties and other,TPH,"Nine Months Ended October 31, 2025",M_USD,11994.0,,,,,,,,,,,,,,,,,,,,,,,,,,,,,,,,,,,,,,,,,,
464,1,"Whats the value of the minimum of goodwill for CRZ from December 31, 2024 to October 31, 2025 ?","min(4955_goodwill_prior_fy_end, 4954_goodwill_current_quarter_end)","{""op"": ""min"", ""left"": {""leaf"": ""4955_goodwill_prior_fy_end"", ""depth"": 0}, ""right"": {""leaf"": ""4954_goodwill_current_quarter_end"", ""depth"": 0}, ""depth"": 1}","{""kind"": ""time_agg"", ""op"": ""min"", ""depth"": 0}",667.0,1,0,1,807643171,754550998,918663111,0.471,0,1,2,4955_goodwill_prior_fy_end,goodwill,goodwill,CRZ,"December 31, 2024",M_USD,667.0,4954_goodwill_current_quarter_end,goodwill,goodwill,CRZ,"October 31, 2025",M_USD,696.0,,,,,,,,,,,,,,,,,,,,,,,,,,,,,,,,,,,,,,,,,,
465,1,"you should give the maximum of total liabilities for BRX from December 31, 2024 to July 31, 2025","max(425_total_liabilities_prior_fy_end, 424_total_liabilities_current_quarter_end)","{""op"": ""max"", ""left"": {""leaf"": ""425_total_liabilities_prior_fy_end"", ""depth"": 0}, ""right"": {""leaf"": ""424_total_liabilities_current_quarter_end"", ""depth"": 0}, ""depth"": 1}","{""kind"": ""time_agg"", ""op"": ""max"", ""depth"": 0}",66366.0,3,0,1,630004358,702461442,918663111,0.543,0,1,2,425_total_liabilities_prior_fy_end,total_liabilities,total liabilities,BRX,"December 31, 2024",M_USD,66366.0,424_total_liabilities_current_quarter_end,total_liabilities,total liabilities,BRX,"July 31, 2025",M_USD,65591.0,,,,,,,,,,,,,,,,,,,,,,,,,,,,,,,,,,,,,,,,,,
466,2,"state the average Products for CRX from Three Months Ended January 31, 2025 to Three Months Ended January 31, 2026","ratio(sum(4660_products_prior_year_quarter, 4656_products_current_quarter), 2.0)","{""op"": ""ratio"", ""left"": {""op"": ""sum"", ""left"": {""leaf"": ""4660_products_prior_year_quarter"", ""depth"": 0}, ""right"": {""leaf"": ""4656_products_current_quarter"", ""depth"": 0}, ""depth"": 1}, ""right"": {""literal"": 2.0, ""depth"": 0}, ""depth"": 2}","{""kind"": ""time_agg"", ""op"": ""avg"", ""depth"": 0}",5801.0,3,0,2,889598310,873396997,918663111,0.22,0,1,2,4660_products_prior_year_quarter,products,Products,CRX,"Three Months Ended January 31, 2025",M_USD,5900.0,4656_products_current_quarter,products,Products,CRX,"Three Months Ended January 31, 2026",M_USD,5702.0,,,,,,,,,,,,,,,,,,,,,,,,,,,,,,,,,,,,,,,,,,
467,1,"What would be the maximum of net cash from operating for FAB from Six Months Ended July 31, 2024 to Six Months Ended July 31, 2025","max(4017_net_cash_from_operating_prior_ytd, 4016_net_cash_from_operating_current_ytd)","{""op"": ""max"", ""left"": {""leaf"": ""4017_net_cash_from_operating_prior_ytd"", ""depth"": 0}, ""right"": {""leaf"": ""4016_net_cash_from_operating_current_ytd"", ""depth"": 0}, ""depth"": 1}","{""kind"": ""time_agg"", ""op"": ""max"", ""depth"": 0}",18162.0,1,0,1,614491626,144246994,918663111,0.336,0,1,2,4017_net_cash_from_operating_prior_ytd,net_cash_from_operating,net cash from operating,FAB,"Six Months Ended July 31, 2024",M_USD,18162.0,4016_net_cash_from_operating_current_ytd,net_cash_from_operating,net cash from operating,FAB,"Six Months Ended July 31, 2025",M_USD,15626.0,,,,,,,,,,,,,,,,,,,,,,,,,,,,,,,,,,,,,,,,,,
468,2,"Whats the value of the average long term debt for CRX from October 31, 2025 to January 31, 2026?","ratio(sum(4624_long_term_debt_current_quarter_end, 5220_long_term_debt_current_quarter_end), 2.0)","{""op"": ""ratio"", ""left"": {""op"": ""sum"", ""left"": {""leaf"": ""4624_long_term_debt_current_quarter_end"", ""depth"": 0}, ""right"": {""leaf"": ""5220_long_term_debt_current_quarter_end"", ""depth"": 0}, ""depth"": 1}, ""right"": {""literal"": 2.0, ""depth"": 0}, ""depth"": 2}","{""kind"": ""time_agg"", ""op"": ""avg"", ""depth"": 0}",8370.0,4,0,2,276575629,806316052,918663111,0.489,0,1,2,4624_long_term_debt_current_quarter_end,long_term_debt,long term debt,CRX,"January 31, 2026",M_USD,14129.0,5220_long_term_debt_current_quarter_end,long_term_debt,long term debt,CRX,"October 31, 2025",M_USD,2611.0,,,,,,,,,,,,,,,,,,,,,,,,,,,,,,,,,,,,,,,,,,
469,3,"what do we obtain as the average other non current assets for HLT from December 31, 2024 to October 31, 2025?","ratio(sum(sum(3285_other_non_current_assets_prior_fy_end, 2436_other_non_current_assets_current_quarter_end), 514_other_non_current_assets_current_quarter_end), 3.0)","{""op"": ""ratio"", ""left"": {""op"": ""sum"", ""left"": {""op"": ""sum"", ""left"": {""leaf"": ""3285_other_non_current_assets_prior_fy_end"", ""depth"": 0}, ""right"": {""leaf"": ""2436_other_non_current_assets_current_quarter_end"", ""depth"": 0}, ""depth"": 1}, ""right"": {""leaf"": ""514_other_non_current_assets_current_quarter_end"", ""depth"": 0}, ""depth"": 2}, ""right"": {""literal"": 3.0, ""depth"": 0}, ""depth"": 3}","{""kind"": ""time_agg"", ""op"": ""avg"", ""depth"": 0}",726.0,3,0,3,371971662,812863841,918663111,0.2,0,1,3,3285_other_non_current_assets_prior_fy_end,other_non_current_assets,other non current assets,HLT,"December 31, 2024",M_USD,519.0,2436_other_non_current_assets_current_quarter_end,other_non_current_assets,other non current assets,HLT,"July 31, 2025",M_USD,519.0,514_other_non_current_assets_current_quarter_end,other_non_current_assets,other non current assets,HLT,"October 31, 2025",M_USD,1140.0,,,,,,,,,,,,,,,,,,,,,,,,,,,,,,,,,,,
470,1,"determine the minimum of goodwill for FAB from December 31, 2024 to July 31, 2025.","min(3987_goodwill_prior_fy_end, 3986_goodwill_current_quarter_end)","{""op"": ""min"", ""left"": {""leaf"": ""3987_goodwill_prior_fy_end"", ""depth"": 0}, ""right"": {""leaf"": ""3986_goodwill_current_quarter_end"", ""depth"": 0}, ""depth"": 1}","{""kind"": ""time_agg"", ""op"": ""min"", ""depth"": 0}",5254.0,1,0,1,326012214,308653021,918663111,0.386,0,1,2,3987_goodwill_prior_fy_end,goodwill,goodwill,FAB,"December 31, 2024",M_USD,5333.0,3986_goodwill_current_quarter_end,goodwill,goodwill,FAB,"July 31, 2025",M_USD,5254.0,,,,,,,,,,,,,,,,,,,,,,,,,,,,,,,,,,,,,,,,,,
471,2,"what would be the average total assets for FAB from December 31, 2024 to July 31, 2025 ?","ratio(sum(3993_total_assets_prior_fy_end, 3992_total_assets_current_quarter_end), 2.0)","{""op"": ""ratio"", ""left"": {""op"": ""sum"", ""left"": {""leaf"": ""3993_total_assets_prior_fy_end"", ""depth"": 0}, ""right"": {""leaf"": ""3992_total_assets_current_quarter_end"", ""depth"": 0}, ""depth"": 1}, ""right"": {""literal"": 2.0, ""depth"": 0}, ""depth"": 2}","{""kind"": ""time_agg"", ""op"": ""avg"", ""depth"": 0}",33885.5,1,0,2,487208072,711793265,918663111,0.183,0,1,2,3993_total_assets_prior_fy_end,total_assets,total assets,FAB,"December 31, 2024",M_USD,34140.0,3992_total_assets_current_quarter_end,total_assets,total assets,FAB,"July 31, 2025",M_USD,33631.0,,,,,,,,,,,,,,,,,,,,,,,,,,,,,,,,,,,,,,,,,,
472,0,"whats the value of the property plant and equipment net for DTA in April 30, 2025 ?",4508_property_plant_and_equipment_net_current_quarter_end,"{""leaf"": ""4508_property_plant_and_equipment_net_current_quarter_end"", ""depth"": 0}","{""kind"": ""leaf"", ""semantic_type_in"": [""amount""], ""depth"": 0}",3688.0,4,0,0,524072952,826973679,918663111,0.426,0,1,1,4508_property_plant_and_equipment_net_current_quarter_end,property_plant_and_equipment_net,property plant and equipment net,DTA,"April 30, 2025",M_USD,3688.0,,,,,,,,,,,,,,,,,,,,,,,,,,,,,,,,,,,,,,,,,,,,,,,,,
473,2,"which quantity is given by the average Products for QRK from Six Months Ended April 30, 2025 to Six Months Ended April 30, 2026 ?","ratio(sum(3694_products_prior_year_ytd, 3690_products_current_ytd), 2.0)","{""op"": ""ratio"", ""left"": {""op"": ""sum"", ""left"": {""leaf"": ""3694_products_prior_year_ytd"", ""depth"": 0}, ""right"": {""leaf"": ""3690_products_current_ytd"", ""depth"": 0}, ""depth"": 1}, ""right"": {""literal"": 2.0, ""depth"": 0}, ""depth"": 2}","{""kind"": ""time_agg"", ""op"": ""avg"", ""depth"": 0}",135924.0,4,0,2,562030727,868903,918663111,0.238,0,1,2,3694_products_prior_year_ytd,products,Products,QRK,"Six Months Ended April 30, 2025",M_USD,143608.0,3690_products_current_ytd,products,Products,QRK,"Six Months Ended April 30, 2026",M_USD,128240.0,,,,,,,,,,,,,,,,,,,,,,,,,,,,,,,,,,,,,,,,,,
474,1,"what is the maximum of provision for income taxes for BLD from Three Months Ended July 31, 2024 to Three Months Ended July 31, 2025 ?","max(2899_provision_for_income_taxes_prior_year_quarter, 2898_provision_for_income_taxes_current_quarter)","{""op"": ""max"", ""left"": {""leaf"": ""2899_provision_for_income_taxes_prior_year_quarter"", ""depth"": 0}, ""right"": {""leaf"": ""2898_provision_for_income_taxes_current_quarter"", ""depth"": 0}, ""depth"": 1}","{""kind"": ""time_agg"", ""op"": ""max"", ""depth"": 0}",230.0,2,0,1,192524997,111328450,918663111,0.25,0,1,2,2899_provision_for_income_taxes_prior_year_quarter,provision_for_income_taxes,provision for income taxes,BLD,"Three Months Ended July 31, 2024",M_USD,230.0,2898_provision_for_income_taxes_current_quarter,provision_for_income_taxes,provision for income taxes,BLD,"Three Months Ended July 31, 2025",M_USD,207.0,,,,,,,,,,,,,,,,,,,,,,,,,,,,,,,,,,,,,,,,,,
475,2,"compute the average net income for CLR from Nine Months Ended October 31, 2024 to Nine Months Ended October 31, 2025.","ratio(sum(135_net_income_prior_year_ytd, 134_net_income_current_ytd), 2.0)","{""op"": ""ratio"", ""left"": {""op"": ""sum"", ""left"": {""leaf"": ""135_net_income_prior_year_ytd"", ""depth"": 0}, ""right"": {""leaf"": ""134_net_income_current_ytd"", ""depth"": 0}, ""depth"": 1}, ""right"": {""literal"": 2.0, ""depth"": 0}, ""depth"": 2}","{""kind"": ""time_agg"", ""op"": ""avg"", ""depth"": 0}",5062.5,4,0,2,320928955,238261968,918663111,0.198,0,1,2,135_net_income_prior_year_ytd,net_income,net income,CLR,"Nine Months Ended October 31, 2024",M_USD,5280.0,134_net_income_current_ytd,net_income,net income,CLR,"Nine Months Ended October 31, 2025",M_USD,4845.0,,,,,,,,,,,,,,,,,,,,,,,,,,,,,,,,,,,,,,,,,,
476,2,"Which quantity is given by the average accounts payable for QRK from September 30, 2025 to April 30, 2026?","ratio(sum(3642_accounts_payable_current_quarter_end, 3643_accounts_payable_prior_fy_end), 2.0)","{""op"": ""ratio"", ""left"": {""op"": ""sum"", ""left"": {""leaf"": ""3642_accounts_payable_current_quarter_end"", ""depth"": 0}, ""right"": {""leaf"": ""3643_accounts_payable_prior_fy_end"", ""depth"": 0}, ""depth"": 1}, ""right"": {""literal"": 2.0, ""depth"": 0}, ""depth"": 2}","{""kind"": ""time_agg"", ""op"": ""avg"", ""depth"": 0}",10874.0,1,0,2,518641192,799229047,918663111,0.586,0,1,2,3642_accounts_payable_current_quarter_end,accounts_payable,accounts payable,QRK,"April 30, 2026",M_USD,10568.0,3643_accounts_payable_prior_fy_end,accounts_payable,accounts payable,QRK,"September 30, 2025",M_USD,11180.0,,,,,,,,,,,,,,,,,,,,,,,,,,,,,,,,,,,,,,,,,,
477,3,"Could you give the average deferred revenue current for SUP from December 31, 2024 to July 31, 2025","ratio(sum(sum(858_deferred_revenue_current_current_quarter_end, 2701_deferred_revenue_current_prior_fy_end), 2700_deferred_revenue_current_current_quarter_end), 3.0)","{""op"": ""ratio"", ""left"": {""op"": ""sum"", ""left"": {""op"": ""sum"", ""left"": {""leaf"": ""858_deferred_revenue_current_current_quarter_end"", ""depth"": 0}, ""right"": {""leaf"": ""2701_deferred_revenue_current_prior_fy_end"", ""depth"": 0}, ""depth"": 1}, ""right"": {""leaf"": ""2700_deferred_revenue_current_current_quarter_end"", ""depth"": 0}, ""depth"": 2}, ""right"": {""literal"": 3.0, ""depth"": 0}, ""depth"": 3}","{""kind"": ""time_agg"", ""op"": ""avg"", ""depth"": 0}",1472.6666666666667,1,0,3,398570208,459859937,918663111,0.218,0,1,3,858_deferred_revenue_current_current_quarter_end,deferred_revenue_current,deferred revenue current,SUP,"April 30, 2025",M_USD,1259.0,2701_deferred_revenue_current_prior_fy_end,deferred_revenue_current,deferred revenue current,SUP,"December 31, 2024",M_USD,1628.0,2700_deferred_revenue_current_current_quarter_end,deferred_revenue_current,deferred revenue current,SUP,"July 31, 2025",M_USD,1531.0,,,,,,,,,,,,,,,,,,,,,,,,,,,,,,,,,,,
478,1,"You should calculate the minimum of accounts receivable net for CRF from December 31, 2024 to October 31, 2025","min(1615_accounts_receivable_net_prior_fy_end, 1614_accounts_receivable_net_current_quarter_end)","{""op"": ""min"", ""left"": {""leaf"": ""1615_accounts_receivable_net_prior_fy_end"", ""depth"": 0}, ""right"": {""leaf"": ""1614_accounts_receivable_net_current_quarter_end"", ""depth"": 0}, ""depth"": 1}","{""kind"": ""time_agg"", ""op"": ""min"", ""depth"": 0}",953.0,2,0,1,204780396,354164125,918663111,0.469,0,1,2,1615_accounts_receivable_net_prior_fy_end,accounts_receivable_net,accounts receivable net,CRF,"December 31, 2024",M_USD,977.0,1614_accounts_receivable_net_current_quarter_end,accounts_receivable_net,accounts receivable net,CRF,"October 31, 2025",M_USD,953.0,,,,,,,,,,,,,,,,,,,,,,,,,,,,,,,,,,,,,,,,,,
479,3,"What is the sum of minimum of total costs and expenses for AVX from Nine Months Ended October 31, 2024 to Nine Months Ended October 31, 2025 and result of maximum of accrued expenses and other for AVX from December 31, 2024 to October 31, 2025 scaled by growth in net cash from operating for AVX from Nine Months Ended October 31, 2024 to Nine Months Ended October 31, 2025 ?","sum(min(1247_total_costs_and_expenses_prior_year_ytd, 1246_total_costs_and_expenses_current_ytd), mul(max(1301_accrued_expenses_and_other_prior_fy_end, 1300_accrued_expenses_and_other_current_quarter_end), growth(1318_net_cash_from_operating_current_ytd, 1319_net_cash_from_operating_prior_ytd)))","{""op"": ""sum"", ""left"": {""op"": ""min"", ""left"": {""leaf"": ""1247_total_costs_and_expenses_prior_year_ytd"", ""depth"": 0}, ""right"": {""leaf"": ""1246_total_costs_and_expenses_current_ytd"", ""depth"": 0}, ""depth"": 1}, ""right"": {""op"": ""mul"", ""left"": {""op"": ""max"", ""left"": {""leaf"": ""1301_accrued_expenses_and_other_prior_fy_end"", ""depth"": 0}, ""right"": {""leaf"": ""1300_accrued_expenses_and_other_current_quarter_end"", ""depth"": 0}, ""depth"": 1}, ""right"": {""op"": ""growth"", ""left"": {""leaf"": ""1318_net_cash_from_operating_current_ytd"", ""depth"": 0}, ""right"": {""leaf"": ""1319_net_cash_from_operating_prior_ytd"", ""depth"": 0}, ""depth"": 1}, ""depth"": 2}, ""depth"": 3}","{""op"": ""sum"", ""left"": {""kind"": ""time_agg"", ""op"": ""min"", ""depth"": 0}, ""right"": {""op"": ""mul"", ""left"": {""kind"": ""time_agg"", ""op"": ""max"", ""depth"": 0}, ""right"": {""op"": ""growth"", ""left"": {""kind"": ""leaf"", ""semantic_type_in"": [""amount""], ""depth"": 0}, ""right"": {""kind"": ""leaf"", ""semantic_type_in"": [""amount""], ""depth"": 0}, ""depth"": 1, ""kind"": ""node""}, ""depth"": 2, ""kind"": ""node""}, ""depth"": 3, ""kind"": ""node""}",2238.76875,3,3,3,442098868,235592386,918663111,0.301,3,4,6,1247_total_costs_and_expenses_prior_year_ytd,total_costs_and_expenses,total costs and expenses,AVX,"Nine Months Ended October 31, 2024",M_USD,2283.0,1246_total_costs_and_expenses_current_ytd,total_costs_and_expenses,total costs and expenses,AVX,"Nine Months Ended October 31, 2025",M_USD,2241.0,1301_accrued_expenses_and_other_prior_fy_end,accrued_expenses_and_other,accrued expenses and other,AVX,"December 31, 2024",M_USD,51.0,1300_accrued_expenses_and_other_current_quarter_end,accrued_expenses_and_other,accrued expenses and other,AVX,"October 31, 2025",M_USD,50.0,1318_net_cash_from_operating_current_ytd,net_cash_from_operating,net cash from operating,AVX,"Nine Months Ended October 31, 2025",M_USD,918.0,1319_net_cash_from_operating_prior_ytd,net_cash_from_operating,net cash from operating,AVX,"Nine Months Ended October 31, 2024",M_USD,960.0,,,,,,,,,,,,,,
480,2,"what do we obtain as the minimum of accounts receivable net for HLT from December 31, 2024 to October 31, 2025","min(min(3271_accounts_receivable_net_prior_fy_end, 1486_accounts_receivable_net_current_quarter_end), 500_accounts_receivable_net_current_quarter_end)","{""op"": ""min"", ""left"": {""op"": ""min"", ""left"": {""leaf"": ""3271_accounts_receivable_net_prior_fy_end"", ""depth"": 0}, ""right"": {""leaf"": ""1486_accounts_receivable_net_current_quarter_end"", ""depth"": 0}, ""depth"": 1}, ""right"": {""leaf"": ""500_accounts_receivable_net_current_quarter_end"", ""depth"": 0}, ""depth"": 2}","{""kind"": ""time_agg"", ""op"": ""min"", ""depth"": 0}",1035.0,2,0,2,319283348,965785522,918663111,0.107,0,1,3,3271_accounts_receivable_net_prior_fy_end,accounts_receivable_net,accounts receivable net,HLT,"December 31, 2024",M_USD,1864.0,1486_accounts_receivable_net_current_quarter_end,accounts_receivable_net,accounts receivable net,HLT,"July 31, 2025",M_USD,1035.0,500_accounts_receivable_net_current_quarter_end,accounts_receivable_net,accounts receivable net,HLT,"October 31, 2025",M_USD,2372.0,,,,,,,,,,,,,,,,,,,,,,,,,,,,,,,,,,,
481,0,"what is the total revenues for AST in Six Months Ended July 31, 2025?",4780_total_revenues_current_ytd,"{""leaf"": ""4780_total_revenues_current_ytd"", ""depth"": 0}","{""kind"": ""leaf"", ""semantic_type_in"": [""amount""], ""depth"": 0}",42796.0,3,0,0,809136857,606209845,918663111,0.167,0,1,1,4780_total_revenues_current_ytd,total_revenues,total revenues,AST,"Six Months Ended July 31, 2025",M_USD,42796.0,,,,,,,,,,,,,,,,,,,,,,,,,,,,,,,,,,,,,,,,,,,,,,,,,
482,0,"Give the total current liabilities for BNK in October 31, 2025",4738_total_current_liabilities_current_quarter_end,"{""leaf"": ""4738_total_current_liabilities_current_quarter_end"", ""depth"": 0}","{""kind"": ""leaf"", ""semantic_type_in"": [""amount""], ""depth"": 0}",3715.0,2,0,0,720941469,547116662,918663111,0.574,0,1,1,4738_total_current_liabilities_current_quarter_end,total_current_liabilities,total current liabilities,BNK,"October 31, 2025",M_USD,3715.0,,,,,,,,,,,,,,,,,,,,,,,,,,,,,,,,,,,,,,,,,,,,,,,,,
483,0,"what's the value of the provision for income taxes for CLR in Three Months Ended October 31, 2024 ?",129_provision_for_income_taxes_prior_year_quarter,"{""leaf"": ""129_provision_for_income_taxes_prior_year_quarter"", ""depth"": 0}","{""kind"": ""leaf"", ""semantic_type_in"": [""amount""], ""depth"": 0}",386.0,4,0,0,4603846,430625118,918663111,0.337,0,1,1,129_provision_for_income_taxes_prior_year_quarter,provision_for_income_taxes,provision for income taxes,CLR,"Three Months Ended October 31, 2024",M_USD,386.0,,,,,,,,,,,,,,,,,,,,,,,,,,,,,,,,,,,,,,,,,,,,,,,,,
484,1,"You should calculate the minimum of prepaid expenses and other for STR from December 31, 2024 to July 31, 2025 .","min(3499_prepaid_expenses_and_other_prior_fy_end, 3498_prepaid_expenses_and_other_current_quarter_end)","{""op"": ""min"", ""left"": {""leaf"": ""3499_prepaid_expenses_and_other_prior_fy_end"", ""depth"": 0}, ""right"": {""leaf"": ""3498_prepaid_expenses_and_other_current_quarter_end"", ""depth"": 0}, ""depth"": 1}","{""kind"": ""time_agg"", ""op"": ""min"", ""depth"": 0}",654.0,1,0,1,530554896,814215489,918663111,0.599,0,1,2,3499_prepaid_expenses_and_other_prior_fy_end,prepaid_expenses_and_other,prepaid expenses and other,STR,"December 31, 2024",M_USD,669.0,3498_prepaid_expenses_and_other_current_quarter_end,prepaid_expenses_and_other,prepaid expenses and other,STR,"July 31, 2025",M_USD,654.0,,,,,,,,,,,,,,,,,,,,,,,,,,,,,,,,,,,,,,,,,,
485,2,"whats the value of the result of maximum of accounts receivable net for CRZ from December 31, 2024 to October 31, 2025 scaled by growth in accrued expenses and other for CRZ from December 31, 2024 to October 31, 2025","mul(max(4943_accounts_receivable_net_prior_fy_end, 4942_accounts_receivable_net_current_quarter_end), growth(4966_accrued_expenses_and_other_current_quarter_end, 4967_accrued_expenses_and_other_prior_fy_end))","{""op"": ""mul"", ""left"": {""op"": ""max"", ""left"": {""leaf"": ""4943_accounts_receivable_net_prior_fy_end"", ""depth"": 0}, ""right"": {""leaf"": ""4942_accounts_receivable_net_current_quarter_end"", ""depth"": 0}, ""depth"": 1}, ""right"": {""op"": ""growth"", ""left"": {""leaf"": ""4966_accrued_expenses_and_other_current_quarter_end"", ""depth"": 0}, ""right"": {""leaf"": ""4967_accrued_expenses_and_other_prior_fy_end"", ""depth"": 0}, ""depth"": 1}, ""depth"": 2}","{""op"": ""mul"", ""left"": {""kind"": ""time_agg"", ""op"": ""max"", ""depth"": 0}, ""right"": {""op"": ""growth"", ""left"": {""kind"": ""leaf"", ""semantic_type_in"": [""amount""], ""depth"": 0}, ""right"": {""kind"": ""leaf"", ""semantic_type_in"": [""amount""], ""depth"": 0}, ""depth"": 1, ""kind"": ""node""}, ""depth"": 2, ""kind"": ""node""}",60.828182941903584,2,2,2,833458688,849981698,918663111,0.134,2,3,4,4943_accounts_receivable_net_prior_fy_end,accounts_receivable_net,accounts receivable net,CRZ,"December 31, 2024",M_USD,1347.0,4942_accounts_receivable_net_current_quarter_end,accounts_receivable_net,accounts receivable net,CRZ,"October 31, 2025",M_USD,1406.0,4966_accrued_expenses_and_other_current_quarter_end,accrued_expenses_and_other,accrued expenses and other,CRZ,"October 31, 2025",M_USD,844.0,4967_accrued_expenses_and_other_prior_fy_end,accrued_expenses_and_other,accrued expenses and other,CRZ,"December 31, 2024",M_USD,809.0,,,,,,,,,,,,,,,,,,,,,,,,,,,,
486,4,"what is the value of the total current assets for BNK in October 31, 2025",total_current_assets,"{""derived"": ""total_current_assets"", ""expanded"": {""op"": ""sum"", ""left"": {""op"": ""sum"", ""left"": {""op"": ""sum"", ""left"": {""op"": ""sum"", ""left"": {""leaf"": ""4706_cash_and_cash_equivalents_current_quarter_end"", ""depth"": 0}, ""right"": {""leaf"": ""4708_short_term_investments_current_quarter_end"", ""depth"": 0}, ""depth"": 1}, ""right"": {""leaf"": ""4710_accounts_receivable_net_current_quarter_end"", ""depth"": 0}, ""depth"": 2}, ""right"": {""leaf"": ""4712_inventories_current_quarter_end"", ""depth"": 0}, ""depth"": 3}, ""right"": {""leaf"": ""4714_prepaid_expenses_and_other_current_quarter_end"", ""depth"": 0}, ""depth"": 4}, ""depth"": 4}","{""kind"": ""derived_concept"", ""name"": ""total_current_assets"", ""depth"": 0}",6907.0,1,0,4,260436688,443183924,918663111,0.467,0,1,5,4706_cash_and_cash_equivalents_current_quarter_end,cash_and_cash_equivalents,cash and cash equivalents,BNK,"October 31, 2025",M_USD,3550.0,4708_short_term_investments_current_quarter_end,short_term_investments,short term investments,BNK,"October 31, 2025",M_USD,1125.0,4710_accounts_receivable_net_current_quarter_end,accounts_receivable_net,accounts receivable net,BNK,"October 31, 2025",M_USD,1529.0,4712_inventories_current_quarter_end,inventories,inventories,BNK,"October 31, 2025",M_USD,51.0,4714_prepaid_expenses_and_other_current_quarter_end,prepaid_expenses_and_other,prepaid expenses and other,BNK,"October 31, 2025",M_USD,652.0,,,,,,,,,,,,,,,,,,,,,
487,2,"Give the average total revenues for STR from Three Months Ended July 31, 2024 to Three Months Ended July 31, 2025.","ratio(sum(3443_total_revenues_prior_year_quarter, 3442_total_revenues_current_quarter), 2.0)","{""op"": ""ratio"", ""left"": {""op"": ""sum"", ""left"": {""leaf"": ""3443_total_revenues_prior_year_quarter"", ""depth"": 0}, ""right"": {""leaf"": ""3442_total_revenues_current_quarter"", ""depth"": 0}, ""depth"": 1}, ""right"": {""literal"": 2.0, ""depth"": 0}, ""depth"": 2}","{""kind"": ""time_agg"", ""op"": ""avg"", ""depth"": 0}",11695.0,1,0,2,523801111,255972023,918663111,0.532,0,1,2,3443_total_revenues_prior_year_quarter,total_revenues,total revenues,STR,"Three Months Ended July 31, 2024",M_USD,11148.0,3442_total_revenues_current_quarter,total_revenues,total revenues,STR,"Three Months Ended July 31, 2025",M_USD,12242.0,,,,,,,,,,,,,,,,,,,,,,,,,,,,,,,,,,,,,,,,,,
488,2,"Whats the value of the average Patient service revenue for CRX from Three Months Ended October 31, 2024 to Three Months Ended October 31, 2025 ?","ratio(sum(5254_patient_service_revenue_prior_year_quarter, 5252_patient_service_revenue_current_quarter), 2.0)","{""op"": ""ratio"", ""left"": {""op"": ""sum"", ""left"": {""leaf"": ""5254_patient_service_revenue_prior_year_quarter"", ""depth"": 0}, ""right"": {""leaf"": ""5252_patient_service_revenue_current_quarter"", ""depth"": 0}, ""depth"": 1}, ""right"": {""literal"": 2.0, ""depth"": 0}, ""depth"": 2}","{""kind"": ""time_agg"", ""op"": ""avg"", ""depth"": 0}",7011.0,4,0,2,890725766,92048795,918663111,0.497,0,1,2,5254_patient_service_revenue_prior_year_quarter,patient_service_revenue,Patient service revenue,CRX,"Three Months Ended October 31, 2024",M_USD,9061.0,5252_patient_service_revenue_current_quarter,patient_service_revenue,Patient service revenue,CRX,"Three Months Ended October 31, 2025",M_USD,4961.0,,,,,,,,,,,,,,,,,,,,,,,,,,,,,,,,,,,,,,,,,,
489,1,"What's the value of the minimum of long term marketable securities for CLR from December 31, 2024 to October 31, 2025?","min(157_long_term_marketable_securities_prior_fy_end, 156_long_term_marketable_securities_current_quarter_end)","{""op"": ""min"", ""left"": {""leaf"": ""157_long_term_marketable_securities_prior_fy_end"", ""depth"": 0}, ""right"": {""leaf"": ""156_long_term_marketable_securities_current_quarter_end"", ""depth"": 0}, ""depth"": 1}","{""kind"": ""time_agg"", ""op"": ""min"", ""depth"": 0}",2201.0,3,0,1,347053282,543770002,918663111,0.128,0,1,2,157_long_term_marketable_securities_prior_fy_end,long_term_marketable_securities,long term marketable securities,CLR,"December 31, 2024",M_USD,2201.0,156_long_term_marketable_securities_current_quarter_end,long_term_marketable_securities,long term marketable securities,CLR,"October 31, 2025",M_USD,2297.0,,,,,,,,,,,,,,,,,,,,,,,,,,,,,,,,,,,,,,,,,,
490,3,"may you give the average property plant and equipment net for VTL from December 31, 2024 to July 31, 2025?","ratio(sum(sum(38_property_plant_and_equipment_net_current_quarter_end, 4097_property_plant_and_equipment_net_prior_fy_end), 4096_property_plant_and_equipment_net_current_quarter_end), 3.0)","{""op"": ""ratio"", ""left"": {""op"": ""sum"", ""left"": {""op"": ""sum"", ""left"": {""leaf"": ""38_property_plant_and_equipment_net_current_quarter_end"", ""depth"": 0}, ""right"": {""leaf"": ""4097_property_plant_and_equipment_net_prior_fy_end"", ""depth"": 0}, ""depth"": 1}, ""right"": {""leaf"": ""4096_property_plant_and_equipment_net_current_quarter_end"", ""depth"": 0}, ""depth"": 2}, ""right"": {""literal"": 3.0, ""depth"": 0}, ""depth"": 3}","{""kind"": ""time_agg"", ""op"": ""avg"", ""depth"": 0}",2539.6666666666665,4,0,3,215779526,9035270,918663111,0.263,0,1,3,38_property_plant_and_equipment_net_current_quarter_end,property_plant_and_equipment_net,property plant and equipment net,VTL,"April 30, 2025",M_USD,300.0,4097_property_plant_and_equipment_net_prior_fy_end,property_plant_and_equipment_net,property plant and equipment net,VTL,"December 31, 2024",M_USD,3443.0,4096_property_plant_and_equipment_net_current_quarter_end,property_plant_and_equipment_net,property plant and equipment net,VTL,"July 31, 2025",M_USD,3876.0,,,,,,,,,,,,,,,,,,,,,,,,,,,,,,,,,,,
491,1,"what is the value of the minimum of prepaid expenses and other for BRX from December 31, 2024 to July 31, 2025 ?","min(393_prepaid_expenses_and_other_prior_fy_end, 392_prepaid_expenses_and_other_current_quarter_end)","{""op"": ""min"", ""left"": {""leaf"": ""393_prepaid_expenses_and_other_prior_fy_end"", ""depth"": 0}, ""right"": {""leaf"": ""392_prepaid_expenses_and_other_current_quarter_end"", ""depth"": 0}, ""depth"": 1}","{""kind"": ""time_agg"", ""op"": ""min"", ""depth"": 0}",3040.0,3,0,1,586019716,330674814,918663111,0.295,0,1,2,393_prepaid_expenses_and_other_prior_fy_end,prepaid_expenses_and_other,prepaid expenses and other,BRX,"December 31, 2024",M_USD,3076.0,392_prepaid_expenses_and_other_current_quarter_end,prepaid_expenses_and_other,prepaid expenses and other,BRX,"July 31, 2025",M_USD,3040.0,,,,,,,,,,,,,,,,,,,,,,,,,,,,,,,,,,,,,,,,,,
492,2,"could you give the average total current liabilities for TPH from December 31, 2024 to October 31, 2025 ?","ratio(sum(2819_total_current_liabilities_prior_fy_end, 2818_total_current_liabilities_current_quarter_end), 2.0)","{""op"": ""ratio"", ""left"": {""op"": ""sum"", ""left"": {""leaf"": ""2819_total_current_liabilities_prior_fy_end"", ""depth"": 0}, ""right"": {""leaf"": ""2818_total_current_liabilities_current_quarter_end"", ""depth"": 0}, ""depth"": 1}, ""right"": {""literal"": 2.0, ""depth"": 0}, ""depth"": 2}","{""kind"": ""time_agg"", ""op"": ""avg"", ""depth"": 0}",5901.5,1,0,2,918998413,998952732,918663111,0.192,0,1,2,2819_total_current_liabilities_prior_fy_end,total_current_liabilities,total current liabilities,TPH,"December 31, 2024",M_USD,5848.0,2818_total_current_liabilities_current_quarter_end,total_current_liabilities,total current liabilities,TPH,"October 31, 2025",M_USD,5955.0,,,,,,,,,,,,,,,,,,,,,,,,,,,,,,,,,,,,,,,,,,
493,2,"what would be the average selling general and administrative for FAB from Six Months Ended July 31, 2024 to Six Months Ended July 31, 2025 ?","ratio(sum(3941_selling_general_and_administrative_prior_year_ytd, 3940_selling_general_and_administrative_current_ytd), 2.0)","{""op"": ""ratio"", ""left"": {""op"": ""sum"", ""left"": {""leaf"": ""3941_selling_general_and_administrative_prior_year_ytd"", ""depth"": 0}, ""right"": {""leaf"": ""3940_selling_general_and_administrative_current_ytd"", ""depth"": 0}, ""depth"": 1}, ""right"": {""literal"": 2.0, ""depth"": 0}, ""depth"": 2}","{""kind"": ""time_agg"", ""op"": ""avg"", ""depth"": 0}",8654.0,3,0,2,365614163,606139510,918663111,0.363,0,1,2,3941_selling_general_and_administrative_prior_year_ytd,selling_general_and_administrative,selling general and administrative,FAB,"Six Months Ended July 31, 2024",M_USD,9190.0,3940_selling_general_and_administrative_current_ytd,selling_general_and_administrative,selling general and administrative,FAB,"Six Months Ended July 31, 2025",M_USD,8118.0,,,,,,,,,,,,,,,,,,,,,,,,,,,,,,,,,,,,,,,,,,
494,0,"What's the value of the Royalties and other for CLR in Nine Months Ended October 31, 2025 ?",219_royalties_and_other_current_ytd,"{""leaf"": ""219_royalties_and_other_current_ytd"", ""depth"": 0}","{""kind"": ""leaf"", ""semantic_type_in"": [""amount""], ""depth"": 0}",3699.0,4,0,0,969375007,750607896,918663111,0.575,0,1,1,219_royalties_and_other_current_ytd,royalties_and_other,Royalties and other,CLR,"Nine Months Ended October 31, 2025",M_USD,3699.0,,,,,,,,,,,,,,,,,,,,,,,,,,,,,,,,,,,,,,,,,,,,,,,,,
495,1,"you should give the minimum of property plant and equipment net for PRD from December 31, 2024 to October 31, 2025 .","min(1865_property_plant_and_equipment_net_prior_fy_end, 1864_property_plant_and_equipment_net_current_quarter_end)","{""op"": ""min"", ""left"": {""leaf"": ""1865_property_plant_and_equipment_net_prior_fy_end"", ""depth"": 0}, ""right"": {""leaf"": ""1864_property_plant_and_equipment_net_current_quarter_end"", ""depth"": 0}, ""depth"": 1}","{""kind"": ""time_agg"", ""op"": ""min"", ""depth"": 0}",5594.0,2,0,1,998194411,298682945,918663111,0.218,0,1,2,1865_property_plant_and_equipment_net_prior_fy_end,property_plant_and_equipment_net,property plant and equipment net,PRD,"December 31, 2024",M_USD,5594.0,1864_property_plant_and_equipment_net_current_quarter_end,property_plant_and_equipment_net,property plant and equipment net,PRD,"October 31, 2025",M_USD,6190.0,,,,,,,,,,,,,,,,,,,,,,,,,,,,,,,,,,,,,,,,,,
496,1,"could you give the minimum of long term marketable securities for TPH from December 31, 2024 to October 31, 2025?","min(2799_long_term_marketable_securities_prior_fy_end, 2798_long_term_marketable_securities_current_quarter_end)","{""op"": ""min"", ""left"": {""leaf"": ""2799_long_term_marketable_securities_prior_fy_end"", ""depth"": 0}, ""right"": {""leaf"": ""2798_long_term_marketable_securities_current_quarter_end"", ""depth"": 0}, ""depth"": 1}","{""kind"": ""time_agg"", ""op"": ""min"", ""depth"": 0}",1989.0,2,0,1,203047623,860754660,918663111,0.475,0,1,2,2799_long_term_marketable_securities_prior_fy_end,long_term_marketable_securities,long term marketable securities,TPH,"December 31, 2024",M_USD,1989.0,2798_long_term_marketable_securities_current_quarter_end,long_term_marketable_securities,long term marketable securities,TPH,"October 31, 2025",M_USD,2025.0,,,,,,,,,,,,,,,,,,,,,,,,,,,,,,,,,,,,,,,,,,
497,3,"What is the value of the total current liabilities for BNK in October 31, 2025 ?",total_current_liabilities,"{""derived"": ""total_current_liabilities"", ""expanded"": {""op"": ""sum"", ""left"": {""op"": ""sum"", ""left"": {""op"": ""sum"", ""left"": {""leaf"": ""4730_accounts_payable_current_quarter_end"", ""depth"": 0}, ""right"": {""leaf"": ""4732_deferred_revenue_current_current_quarter_end"", ""depth"": 0}, ""depth"": 1}, ""right"": {""leaf"": ""4734_accrued_expenses_and_other_current_quarter_end"", ""depth"": 0}, ""depth"": 2}, ""right"": {""leaf"": ""4736_current_portion_of_long_term_debt_current_quarter_end"", ""depth"": 0}, ""depth"": 3}, ""depth"": 3}","{""kind"": ""derived_concept"", ""name"": ""total_current_liabilities"", ""depth"": 0}",3715.0,2,0,3,187293474,903923519,918663111,0.383,0,1,4,4730_accounts_payable_current_quarter_end,accounts_payable,accounts payable,BNK,"October 31, 2025",M_USD,1954.0,4732_deferred_revenue_current_current_quarter_end,deferred_revenue_current,deferred revenue current,BNK,"October 31, 2025",M_USD,728.0,4734_accrued_expenses_and_other_current_quarter_end,accrued_expenses_and_other,accrued expenses and other,BNK,"October 31, 2025",M_USD,631.0,4736_current_portion_of_long_term_debt_current_quarter_end,current_portion_of_long_term_debt,current portion of long term debt,BNK,"October 31, 2025",M_USD,402.0,,,,,,,,,,,,,,,,,,,,,,,,,,,,
498,1,"Which result follows from the minimum of other non current liabilities for PLX from September 30, 2025 to July 31, 2026?","min(4426_other_non_current_liabilities_current_quarter_end, 4427_other_non_current_liabilities_prior_fy_end)","{""op"": ""min"", ""left"": {""leaf"": ""4426_other_non_current_liabilities_current_quarter_end"", ""depth"": 0}, ""right"": {""leaf"": ""4427_other_non_current_liabilities_prior_fy_end"", ""depth"": 0}, ""depth"": 1}","{""kind"": ""time_agg"", ""op"": ""min"", ""depth"": 0}",473.0,1,0,1,608140320,560567011,918663111,0.361,0,1,2,4426_other_non_current_liabilities_current_quarter_end,other_non_current_liabilities,other non current liabilities,PLX,"July 31, 2026",M_USD,555.0,4427_other_non_current_liabilities_prior_fy_end,other_non_current_liabilities,other non current liabilities,PLX,"September 30, 2025",M_USD,473.0,,,,,,,,,,,,,,,,,,,,,,,,,,,,,,,,,,,,,,,,,,
499,2,"may you give the net income for VTL in Three Months Ended April 30, 2024",net_income,"{""derived"": ""net_income"", ""expanded"": {""op"": ""diff"", ""left"": {""derived"": ""operating_income"", ""expanded"": {""op"": ""diff"", ""left"": {""leaf"": ""1_total_revenues_prior_year_quarter"", ""depth"": 0}, ""right"": {""leaf"": ""11_total_costs_and_expenses_prior_year_quarter"", ""depth"": 0}, ""depth"": 1}, ""depth"": 1}, ""right"": {""leaf"": ""17_provision_for_income_taxes_prior_year_quarter"", ""depth"": 0}, ""depth"": 2}, ""depth"": 2}","{""kind"": ""derived_concept"", ""name"": ""net_income"", ""depth"": 0}",394.0,3,0,2,439870515,179434548,918663111,0.482,0,1,3,1_total_revenues_prior_year_quarter,total_revenues,total revenues,VTL,"Three Months Ended April 30, 2024",M_USD,1686.0,11_total_costs_and_expenses_prior_year_quarter,total_costs_and_expenses,total costs and expenses,VTL,"Three Months Ended April 30, 2024",M_USD,1184.0,17_provision_for_income_taxes_prior_year_quarter,provision_for_income_taxes,provision for income taxes,VTL,"Three Months Ended April 30, 2024",M_USD,108.0,,,,,,,,,,,,,,,,,,,,,,,,,,,,,,,,,,,
500,2,"Calculate the net income for TRD in Three Months Ended July 31, 2025.",net_income,"{""derived"": ""net_income"", ""expanded"": {""op"": ""diff"", ""left"": {""derived"": ""operating_income"", ""expanded"": {""op"": ""diff"", ""left"": {""leaf"": ""2254_total_revenues_current_quarter"", ""depth"": 0}, ""right"": {""leaf"": ""2274_total_costs_and_expenses_current_quarter"", ""depth"": 0}, ""depth"": 1}, ""depth"": 1}, ""right"": {""leaf"": ""2286_provision_for_income_taxes_current_quarter"", ""depth"": 0}, ""depth"": 2}, ""depth"": 2}","{""kind"": ""derived_concept"", ""name"": ""net_income"", ""depth"": 0}",2846.0,4,0,2,125582550,956292690,918663111,0.578,0,1,3,2254_total_revenues_current_quarter,total_revenues,total revenues,TRD,"Three Months Ended July 31, 2025",M_USD,72354.0,2274_total_costs_and_expenses_current_quarter,total_costs_and_expenses,total costs and expenses,TRD,"Three Months Ended July 31, 2025",M_USD,68782.0,2286_provision_for_income_taxes_current_quarter,provision_for_income_taxes,provision for income taxes,TRD,"Three Months Ended July 31, 2025",M_USD,726.0,,,,,,,,,,,,,,,,,,,,,,,,,,,,,,,,,,,
501,1,"What does the following give: minimum of total liabilities for JTX from December 31, 2024 to April 30, 2025?","min(4224_total_liabilities_current_quarter_end, 4225_total_liabilities_prior_fy_end)","{""op"": ""min"", ""left"": {""leaf"": ""4224_total_liabilities_current_quarter_end"", ""depth"": 0}, ""right"": {""leaf"": ""4225_total_liabilities_prior_fy_end"", ""depth"": 0}, ""depth"": 1}","{""kind"": ""time_agg"", ""op"": ""min"", ""depth"": 0}",13766.0,1,0,1,827253362,139985706,918663111,0.587,0,1,2,4224_total_liabilities_current_quarter_end,total_liabilities,total liabilities,JTX,"April 30, 2025",M_USD,13812.0,4225_total_liabilities_prior_fy_end,total_liabilities,total liabilities,JTX,"December 31, 2024",M_USD,13766.0,,,,,,,,,,,,,,,,,,,,,,,,,,,,,,,,,,,,,,,,,,
502,1,"may you give the maximum of total revenues for VTL from Six Months Ended July 31, 2024 to Six Months Ended July 31, 2025","max(4037_total_revenues_prior_year_ytd, 4036_total_revenues_current_ytd)","{""op"": ""max"", ""left"": {""leaf"": ""4037_total_revenues_prior_year_ytd"", ""depth"": 0}, ""right"": {""leaf"": ""4036_total_revenues_current_ytd"", ""depth"": 0}, ""depth"": 1}","{""kind"": ""time_agg"", ""op"": ""max"", ""depth"": 0}",30158.0,4,0,1,463573761,32252432,918663111,0.553,0,1,2,4037_total_revenues_prior_year_ytd,total_revenues,total revenues,VTL,"Six Months Ended July 31, 2024",M_USD,30158.0,4036_total_revenues_current_ytd,total_revenues,total revenues,VTL,"Six Months Ended July 31, 2025",M_USD,29544.0,,,,,,,,,,,,,,,,,,,,,,,,,,,,,,,,,,,,,,,,,,
503,2,"you should calculate the average net income for PLZ from Six Months Ended July 31, 2024 to Six Months Ended July 31, 2025","ratio(sum(2081_net_income_prior_year_ytd, 2080_net_income_current_ytd), 2.0)","{""op"": ""ratio"", ""left"": {""op"": ""sum"", ""left"": {""leaf"": ""2081_net_income_prior_year_ytd"", ""depth"": 0}, ""right"": {""leaf"": ""2080_net_income_current_ytd"", ""depth"": 0}, ""depth"": 1}, ""right"": {""literal"": 2.0, ""depth"": 0}, ""depth"": 2}","{""kind"": ""time_agg"", ""op"": ""avg"", ""depth"": 0}",10393.0,4,0,2,941893912,255175521,918663111,0.214,0,1,2,2081_net_income_prior_year_ytd,net_income,net income,PLZ,"Six Months Ended July 31, 2024",M_USD,10766.0,2080_net_income_current_ytd,net_income,net income,PLZ,"Six Months Ended July 31, 2025",M_USD,10020.0,,,,,,,,,,,,,,,,,,,,,,,,,,,,,,,,,,,,,,,,,,
504,4,"could you give the result of ratio of sum of sum of other non current liabilities for SUP in April 30, 2025 and other non current liabilities for SUP in December 31, 2024 and other non current liabilities for SUP in July 31, 2025 to 3.0 scaled by growth in accrued expenses and other for SUP from April 30, 2025 to July 31, 2025 ?","mul(ratio(sum(sum(868_other_non_current_liabilities_current_quarter_end, 2711_other_non_current_liabilities_prior_fy_end), 2710_other_non_current_liabilities_current_quarter_end), 3.0), growth(860_accrued_expenses_and_other_current_quarter_end, 2702_accrued_expenses_and_other_current_quarter_end))","{""op"": ""mul"", ""left"": {""op"": ""ratio"", ""left"": {""op"": ""sum"", ""left"": {""op"": ""sum"", ""left"": {""leaf"": ""868_other_non_current_liabilities_current_quarter_end"", ""depth"": 0}, ""right"": {""leaf"": ""2711_other_non_current_liabilities_prior_fy_end"", ""depth"": 0}, ""depth"": 1}, ""right"": {""leaf"": ""2710_other_non_current_liabilities_current_quarter_end"", ""depth"": 0}, ""depth"": 2}, ""right"": {""literal"": 3.0, ""depth"": 0}, ""depth"": 3}, ""right"": {""op"": ""growth"", ""left"": {""leaf"": ""860_accrued_expenses_and_other_current_quarter_end"", ""depth"": 0}, ""right"": {""leaf"": ""2702_accrued_expenses_and_other_current_quarter_end"", ""depth"": 0}, ""depth"": 1}, ""depth"": 4}","{""op"": ""mul"", ""left"": {""kind"": ""time_agg"", ""op"": ""avg"", ""depth"": 0}, ""right"": {""op"": ""growth"", ""left"": {""kind"": ""leaf"", ""semantic_type_in"": [""amount""], ""depth"": 0}, ""right"": {""kind"": ""leaf"", ""semantic_type_in"": [""amount""], ""depth"": 0}, ""depth"": 1, ""kind"": ""node""}, ""depth"": 2, ""kind"": ""node""}",-735.7611839892364,2,2,4,53894007,580954581,918663111,0.556,2,3,5,868_other_non_current_liabilities_current_quarter_end,other_non_current_liabilities,other non current liabilities,SUP,"April 30, 2025",M_USD,1274.0,2711_other_non_current_liabilities_prior_fy_end,other_non_current_liabilities,other non current liabilities,SUP,"December 31, 2024",M_USD,1399.0,2710_other_non_current_liabilities_current_quarter_end,other_non_current_liabilities,other non current liabilities,SUP,"July 31, 2025",M_USD,1315.0,860_accrued_expenses_and_other_current_quarter_end,accrued_expenses_and_other,accrued expenses and other,SUP,"April 30, 2025",M_USD,885.0,2702_accrued_expenses_and_other_current_quarter_end,accrued_expenses_and_other,accrued expenses and other,SUP,"July 31, 2025",M_USD,1982.0,,,,,,,,,,,,,,,,,,,,,
505,1,"What's the value of the minimum of deferred revenue current for CLD from December 31, 2024 to April 30, 2025 ?","min(3396_deferred_revenue_current_current_quarter_end, 3397_deferred_revenue_current_prior_fy_end)","{""op"": ""min"", ""left"": {""leaf"": ""3396_deferred_revenue_current_current_quarter_end"", ""depth"": 0}, ""right"": {""leaf"": ""3397_deferred_revenue_current_prior_fy_end"", ""depth"": 0}, ""depth"": 1}","{""kind"": ""time_agg"", ""op"": ""min"", ""depth"": 0}",297.0,4,0,1,443561235,330956523,918663111,0.3,0,1,2,3396_deferred_revenue_current_current_quarter_end,deferred_revenue_current,deferred revenue current,CLD,"April 30, 2025",M_USD,324.0,3397_deferred_revenue_current_prior_fy_end,deferred_revenue_current,deferred revenue current,CLD,"December 31, 2024",M_USD,297.0,,,,,,,,,,,,,,,,,,,,,,,,,,,,,,,,,,,,,,,,,,
506,2,"What would be the average net cash from operating for FIN from Three Months Ended April 30, 2024 to Three Months Ended April 30, 2025","ratio(sum(4321_net_cash_from_operating_prior_ytd, 4320_net_cash_from_operating_current_ytd), 2.0)","{""op"": ""ratio"", ""left"": {""op"": ""sum"", ""left"": {""leaf"": ""4321_net_cash_from_operating_prior_ytd"", ""depth"": 0}, ""right"": {""leaf"": ""4320_net_cash_from_operating_current_ytd"", ""depth"": 0}, ""depth"": 1}, ""right"": {""literal"": 2.0, ""depth"": 0}, ""depth"": 2}","{""kind"": ""time_agg"", ""op"": ""avg"", ""depth"": 0}",1211.5,2,0,2,723007843,98843725,918663111,0.187,0,1,2,4321_net_cash_from_operating_prior_ytd,net_cash_from_operating,net cash from operating,FIN,"Three Months Ended April 30, 2024",M_USD,1358.0,4320_net_cash_from_operating_current_ytd,net_cash_from_operating,net cash from operating,FIN,"Three Months Ended April 30, 2025",M_USD,1065.0,,,,,,,,,,,,,,,,,,,,,,,,,,,,,,,,,,,,,,,,,,
507,2,"You should calculate the average operating income for CRF from Nine Months Ended October 31, 2024 to Nine Months Ended October 31, 2025","ratio(sum(1589_operating_income_prior_year_ytd, 1588_operating_income_current_ytd), 2.0)","{""op"": ""ratio"", ""left"": {""op"": ""sum"", ""left"": {""leaf"": ""1589_operating_income_prior_year_ytd"", ""depth"": 0}, ""right"": {""leaf"": ""1588_operating_income_current_ytd"", ""depth"": 0}, ""depth"": 1}, ""right"": {""literal"": 2.0, ""depth"": 0}, ""depth"": 2}","{""kind"": ""time_agg"", ""op"": ""avg"", ""depth"": 0}",5431.5,1,0,2,293491477,462542771,918663111,0.367,0,1,2,1589_operating_income_prior_year_ytd,operating_income,operating income,CRF,"Nine Months Ended October 31, 2024",M_USD,5481.0,1588_operating_income_current_ytd,operating_income,operating income,CRF,"Nine Months Ended October 31, 2025",M_USD,5382.0,,,,,,,,,,,,,,,,,,,,,,,,,,,,,,,,,,,,,,,,,,
508,3,"What would be the result of ratio of sum of accrued expenses and other for FAB in December 31, 2024 and accrued expenses and other for FAB in July 31, 2025 to 2.0 scaled by growth in goodwill for FAB from December 31, 2024 to July 31, 2025","mul(ratio(sum(3999_accrued_expenses_and_other_prior_fy_end, 3998_accrued_expenses_and_other_current_quarter_end), 2.0), growth(3987_goodwill_prior_fy_end, 3986_goodwill_current_quarter_end))","{""op"": ""mul"", ""left"": {""op"": ""ratio"", ""left"": {""op"": ""sum"", ""left"": {""leaf"": ""3999_accrued_expenses_and_other_prior_fy_end"", ""depth"": 0}, ""right"": {""leaf"": ""3998_accrued_expenses_and_other_current_quarter_end"", ""depth"": 0}, ""depth"": 1}, ""right"": {""literal"": 2.0, ""depth"": 0}, ""depth"": 2}, ""right"": {""op"": ""growth"", ""left"": {""leaf"": ""3987_goodwill_prior_fy_end"", ""depth"": 0}, ""right"": {""leaf"": ""3986_goodwill_current_quarter_end"", ""depth"": 0}, ""depth"": 1}, ""depth"": 3}","{""op"": ""mul"", ""left"": {""kind"": ""time_agg"", ""op"": ""avg"", ""depth"": 0}, ""right"": {""op"": ""growth"", ""left"": {""kind"": ""leaf"", ""semantic_type_in"": [""amount""], ""depth"": 0}, ""right"": {""kind"": ""leaf"", ""semantic_type_in"": [""amount""], ""depth"": 0}, ""depth"": 1, ""kind"": ""node""}, ""depth"": 2, ""kind"": ""node""}",40.28188047202132,2,2,3,359704382,706534464,918663111,0.303,2,3,4,3999_accrued_expenses_and_other_prior_fy_end,accrued_expenses_and_other,accrued expenses and other,FAB,"December 31, 2024",M_USD,2699.0,3998_accrued_expenses_and_other_current_quarter_end,accrued_expenses_and_other,accrued expenses and other,FAB,"July 31, 2025",M_USD,2659.0,3987_goodwill_prior_fy_end,goodwill,goodwill,FAB,"December 31, 2024",M_USD,5333.0,3986_goodwill_current_quarter_end,goodwill,goodwill,FAB,"July 31, 2025",M_USD,5254.0,,,,,,,,,,,,,,,,,,,,,,,,,,,,
509,1,"What is the maximum of total costs and expenses for AST from Three Months Ended July 31, 2024 to Three Months Ended July 31, 2025","max(4795_total_costs_and_expenses_prior_year_quarter, 4794_total_costs_and_expenses_current_quarter)","{""op"": ""max"", ""left"": {""leaf"": ""4795_total_costs_and_expenses_prior_year_quarter"", ""depth"": 0}, ""right"": {""leaf"": ""4794_total_costs_and_expenses_current_quarter"", ""depth"": 0}, ""depth"": 1}","{""kind"": ""time_agg"", ""op"": ""max"", ""depth"": 0}",15751.0,2,0,1,714454061,488923568,918663111,0.236,0,1,2,4795_total_costs_and_expenses_prior_year_quarter,total_costs_and_expenses,total costs and expenses,AST,"Three Months Ended July 31, 2024",M_USD,15180.0,4794_total_costs_and_expenses_current_quarter,total_costs_and_expenses,total costs and expenses,AST,"Three Months Ended July 31, 2025",M_USD,15751.0,,,,,,,,,,,,,,,,,,,,,,,,,,,,,,,,,,,,,,,,,,
510,3,"What is the value of the total current liabilities for CIV in December 31, 2024 ?",total_current_liabilities,"{""derived"": ""total_current_liabilities"", ""expanded"": {""op"": ""sum"", ""left"": {""op"": ""sum"", ""left"": {""op"": ""sum"", ""left"": {""leaf"": ""3051_accounts_payable_prior_fy_end"", ""depth"": 0}, ""right"": {""leaf"": ""3053_deferred_revenue_current_prior_fy_end"", ""depth"": 0}, ""depth"": 1}, ""right"": {""leaf"": ""3055_accrued_expenses_and_other_prior_fy_end"", ""depth"": 0}, ""depth"": 2}, ""right"": {""leaf"": ""3057_current_portion_of_long_term_debt_prior_fy_end"", ""depth"": 0}, ""depth"": 3}, ""depth"": 3}","{""kind"": ""derived_concept"", ""name"": ""total_current_liabilities"", ""depth"": 0}",1521.0,1,0,3,885447529,516360445,918663111,0.51,0,1,4,3051_accounts_payable_prior_fy_end,accounts_payable,accounts payable,CIV,"December 31, 2024",M_USD,1118.0,3053_deferred_revenue_current_prior_fy_end,deferred_revenue_current,deferred revenue current,CIV,"December 31, 2024",M_USD,88.0,3055_accrued_expenses_and_other_prior_fy_end,accrued_expenses_and_other,accrued expenses and other,CIV,"December 31, 2024",M_USD,163.0,3057_current_portion_of_long_term_debt_prior_fy_end,current_portion_of_long_term_debt,current portion of long term debt,CIV,"December 31, 2024",M_USD,152.0,,,,,,,,,,,,,,,,,,,,,,,,,,,,
511,1,"Which quantity is given by the maximum of Technology services for SCI from Six Months Ended July 31, 2024 to Six Months Ended July 31, 2025","max(5135_technology_services_prior_year_ytd, 5131_technology_services_current_ytd)","{""op"": ""max"", ""left"": {""leaf"": ""5135_technology_services_prior_year_ytd"", ""depth"": 0}, ""right"": {""leaf"": ""5131_technology_services_current_ytd"", ""depth"": 0}, ""depth"": 1}","{""kind"": ""time_agg"", ""op"": ""max"", ""depth"": 0}",3668.0,1,0,1,183240058,727613869,918663111,0.551,0,1,2,5135_technology_services_prior_year_ytd,technology_services,Technology services,SCI,"Six Months Ended July 31, 2024",M_USD,3430.0,5131_technology_services_current_ytd,technology_services,Technology services,SCI,"Six Months Ended July 31, 2025",M_USD,3668.0,,,,,,,,,,,,,,,,,,,,,,,,,,,,,,,,,,,,,,,,,,
512,2,"What is the value of the average deferred revenue current for BNK from December 31, 2024 to October 31, 2025?","ratio(sum(4733_deferred_revenue_current_prior_fy_end, 4732_deferred_revenue_current_current_quarter_end), 2.0)","{""op"": ""ratio"", ""left"": {""op"": ""sum"", ""left"": {""leaf"": ""4733_deferred_revenue_current_prior_fy_end"", ""depth"": 0}, ""right"": {""leaf"": ""4732_deferred_revenue_current_current_quarter_end"", ""depth"": 0}, ""depth"": 1}, ""right"": {""literal"": 2.0, ""depth"": 0}, ""depth"": 2}","{""kind"": ""time_agg"", ""op"": ""avg"", ""depth"": 0}",674.5,1,0,2,675998649,889895742,918663111,0.142,0,1,2,4733_deferred_revenue_current_prior_fy_end,deferred_revenue_current,deferred revenue current,BNK,"December 31, 2024",M_USD,621.0,4732_deferred_revenue_current_current_quarter_end,deferred_revenue_current,deferred revenue current,BNK,"October 31, 2025",M_USD,728.0,,,,,,,,,,,,,,,,,,,,,,,,,,,,,,,,,,,,,,,,,,
513,2,"You should calculate the average gross profit for PRD from Three Months Ended October 31, 2024 to Three Months Ended October 31, 2025","ratio(sum(1811_gross_profit_prior_year_quarter, 1810_gross_profit_current_quarter), 2.0)","{""op"": ""ratio"", ""left"": {""op"": ""sum"", ""left"": {""leaf"": ""1811_gross_profit_prior_year_quarter"", ""depth"": 0}, ""right"": {""leaf"": ""1810_gross_profit_current_quarter"", ""depth"": 0}, ""depth"": 1}, ""right"": {""literal"": 2.0, ""depth"": 0}, ""depth"": 2}","{""kind"": ""time_agg"", ""op"": ""avg"", ""depth"": 0}",6199.5,1,0,2,579053231,780871076,918663111,0.113,0,1,2,1811_gross_profit_prior_year_quarter,gross_profit,gross profit,PRD,"Three Months Ended October 31, 2024",M_USD,5812.0,1810_gross_profit_current_quarter,gross_profit,gross profit,PRD,"Three Months Ended October 31, 2025",M_USD,6587.0,,,,,,,,,,,,,,,,,,,,,,,,,,,,,,,,,,,,,,,,,,
514,1,"What would be the minimum of total costs and expenses for GRD from Six Months Ended July 31, 2024 to Six Months Ended July 31, 2025","min(247_total_costs_and_expenses_prior_year_ytd, 246_total_costs_and_expenses_current_ytd)","{""op"": ""min"", ""left"": {""leaf"": ""247_total_costs_and_expenses_prior_year_ytd"", ""depth"": 0}, ""right"": {""leaf"": ""246_total_costs_and_expenses_current_ytd"", ""depth"": 0}, ""depth"": 1}","{""kind"": ""time_agg"", ""op"": ""min"", ""depth"": 0}",21374.0,1,0,1,771283145,60796895,918663111,0.457,0,1,2,247_total_costs_and_expenses_prior_year_ytd,total_costs_and_expenses,total costs and expenses,GRD,"Six Months Ended July 31, 2024",M_USD,24602.0,246_total_costs_and_expenses_current_ytd,total_costs_and_expenses,total costs and expenses,GRD,"Six Months Ended July 31, 2025",M_USD,21374.0,,,,,,,,,,,,,,,,,,,,,,,,,,,,,,,,,,,,,,,,,,
515,2,"determine the minimum of property plant and equipment net for VTL from December 31, 2024 to July 31, 2025 .","min(min(38_property_plant_and_equipment_net_current_quarter_end, 39_property_plant_and_equipment_net_prior_fy_end), 4096_property_plant_and_equipment_net_current_quarter_end)","{""op"": ""min"", ""left"": {""op"": ""min"", ""left"": {""leaf"": ""38_property_plant_and_equipment_net_current_quarter_end"", ""depth"": 0}, ""right"": {""leaf"": ""39_property_plant_and_equipment_net_prior_fy_end"", ""depth"": 0}, ""depth"": 1}, ""right"": {""leaf"": ""4096_property_plant_and_equipment_net_current_quarter_end"", ""depth"": 0}, ""depth"": 2}","{""kind"": ""time_agg"", ""op"": ""min"", ""depth"": 0}",300.0,2,0,2,309021283,594548266,918663111,0.57,0,1,3,38_property_plant_and_equipment_net_current_quarter_end,property_plant_and_equipment_net,property plant and equipment net,VTL,"April 30, 2025",M_USD,300.0,39_property_plant_and_equipment_net_prior_fy_end,property_plant_and_equipment_net,property plant and equipment net,VTL,"December 31, 2024",M_USD,304.0,4096_property_plant_and_equipment_net_current_quarter_end,property_plant_and_equipment_net,property plant and equipment net,VTL,"July 31, 2025",M_USD,3876.0,,,,,,,,,,,,,,,,,,,,,,,,,,,,,,,,,,,
516,1,"provide the maximum of net cash from operating for CRX from Nine Months Ended October 31, 2024 to Nine Months Ended October 31, 2025","max(5233_net_cash_from_operating_prior_ytd, 5232_net_cash_from_operating_current_ytd)","{""op"": ""max"", ""left"": {""leaf"": ""5233_net_cash_from_operating_prior_ytd"", ""depth"": 0}, ""right"": {""leaf"": ""5232_net_cash_from_operating_current_ytd"", ""depth"": 0}, ""depth"": 1}","{""kind"": ""time_agg"", ""op"": ""max"", ""depth"": 0}",7372.0,1,0,1,318365400,395513879,918663111,0.344,0,1,2,5233_net_cash_from_operating_prior_ytd,net_cash_from_operating,net cash from operating,CRX,"Nine Months Ended October 31, 2024",M_USD,7372.0,5232_net_cash_from_operating_current_ytd,net_cash_from_operating,net cash from operating,CRX,"Nine Months Ended October 31, 2025",M_USD,6994.0,,,,,,,,,,,,,,,,,,,,,,,,,,,,,,,,,,,,,,,,,,
517,1,"Give the maximum of other non current assets for HLT from July 31, 2025 to October 31, 2025.","max(1500_other_non_current_assets_current_quarter_end, 514_other_non_current_assets_current_quarter_end)","{""op"": ""max"", ""left"": {""leaf"": ""1500_other_non_current_assets_current_quarter_end"", ""depth"": 0}, ""right"": {""leaf"": ""514_other_non_current_assets_current_quarter_end"", ""depth"": 0}, ""depth"": 1}","{""kind"": ""time_agg"", ""op"": ""max"", ""depth"": 0}",1140.0,2,0,1,488632204,614152726,918663111,0.567,0,1,2,1500_other_non_current_assets_current_quarter_end,other_non_current_assets,other non current assets,HLT,"July 31, 2025",M_USD,603.0,514_other_non_current_assets_current_quarter_end,other_non_current_assets,other non current assets,HLT,"October 31, 2025",M_USD,1140.0,,,,,,,,,,,,,,,,,,,,,,,,,,,,,,,,,,,,,,,,,,
518,1,"Provide the maximum of long term debt for MED from December 31, 2024 to July 31, 2025.","max(1757_long_term_debt_prior_fy_end, 1756_long_term_debt_current_quarter_end)","{""op"": ""max"", ""left"": {""leaf"": ""1757_long_term_debt_prior_fy_end"", ""depth"": 0}, ""right"": {""leaf"": ""1756_long_term_debt_current_quarter_end"", ""depth"": 0}, ""depth"": 1}","{""kind"": ""time_agg"", ""op"": ""max"", ""depth"": 0}",5055.0,3,0,1,55300854,81074669,918663111,0.489,0,1,2,1757_long_term_debt_prior_fy_end,long_term_debt,long term debt,MED,"December 31, 2024",M_USD,5055.0,1756_long_term_debt_current_quarter_end,long_term_debt,long term debt,MED,"July 31, 2025",M_USD,4884.0,,,,,,,,,,,,,,,,,,,,,,,,,,,,,,,,,,,,,,,,,,
519,1,"Determine the minimum of selling general and administrative for CLR from Nine Months Ended October 31, 2024 to Nine Months Ended October 31, 2025 .","min(115_selling_general_and_administrative_prior_year_ytd, 114_selling_general_and_administrative_current_ytd)","{""op"": ""min"", ""left"": {""leaf"": ""115_selling_general_and_administrative_prior_year_ytd"", ""depth"": 0}, ""right"": {""leaf"": ""114_selling_general_and_administrative_current_ytd"", ""depth"": 0}, ""depth"": 1}","{""kind"": ""time_agg"", ""op"": ""min"", ""depth"": 0}",6150.0,3,0,1,934445602,411602381,918663111,0.315,0,1,2,115_selling_general_and_administrative_prior_year_ytd,selling_general_and_administrative,selling general and administrative,CLR,"Nine Months Ended October 31, 2024",M_USD,6699.0,114_selling_general_and_administrative_current_ytd,selling_general_and_administrative,selling general and administrative,CLR,"Nine Months Ended October 31, 2025",M_USD,6150.0,,,,,,,,,,,,,,,,,,,,,,,,,,,,,,,,,,,,,,,,,,
520,1,"What's the value of the minimum of provision for income taxes for CRF from Three Months Ended October 31, 2024 to Three Months Ended October 31, 2025?","min(1595_provision_for_income_taxes_prior_year_quarter, 1594_provision_for_income_taxes_current_quarter)","{""op"": ""min"", ""left"": {""leaf"": ""1595_provision_for_income_taxes_prior_year_quarter"", ""depth"": 0}, ""right"": {""leaf"": ""1594_provision_for_income_taxes_current_quarter"", ""depth"": 0}, ""depth"": 1}","{""kind"": ""time_agg"", ""op"": ""min"", ""depth"": 0}",404.0,4,0,1,58167576,995008164,918663111,0.498,0,1,2,1595_provision_for_income_taxes_prior_year_quarter,provision_for_income_taxes,provision for income taxes,CRF,"Three Months Ended October 31, 2024",M_USD,411.0,1594_provision_for_income_taxes_current_quarter,provision_for_income_taxes,provision for income taxes,CRF,"Three Months Ended October 31, 2025",M_USD,404.0,,,,,,,,,,,,,,,,,,,,,,,,,,,,,,,,,,,,,,,,,,
521,1,"Which value corresponds to the minimum of prepaid expenses and other for PLX from September 30, 2025 to July 31, 2026 ?","min(4398_prepaid_expenses_and_other_current_quarter_end, 4399_prepaid_expenses_and_other_prior_fy_end)","{""op"": ""min"", ""left"": {""leaf"": ""4398_prepaid_expenses_and_other_current_quarter_end"", ""depth"": 0}, ""right"": {""leaf"": ""4399_prepaid_expenses_and_other_prior_fy_end"", ""depth"": 0}, ""depth"": 1}","{""kind"": ""time_agg"", ""op"": ""min"", ""depth"": 0}",926.0,2,0,1,756980840,724762530,918663111,0.233,0,1,2,4398_prepaid_expenses_and_other_current_quarter_end,prepaid_expenses_and_other,prepaid expenses and other,PLX,"July 31, 2026",M_USD,1087.0,4399_prepaid_expenses_and_other_prior_fy_end,prepaid_expenses_and_other,prepaid expenses and other,PLX,"September 30, 2025",M_USD,926.0,,,,,,,,,,,,,,,,,,,,,,,,,,,,,,,,,,,,,,,,,,
522,0,"whats the value of the other non current assets for CRX in December 31, 2024 ?",5205_other_non_current_assets_prior_fy_end,"{""leaf"": ""5205_other_non_current_assets_prior_fy_end"", ""depth"": 0}","{""kind"": ""leaf"", ""semantic_type_in"": [""amount""], ""depth"": 0}",434.0,4,0,0,383825182,679893155,918663111,0.314,0,1,1,5205_other_non_current_assets_prior_fy_end,other_non_current_assets,other non current assets,CRX,"December 31, 2024",M_USD,434.0,,,,,,,,,,,,,,,,,,,,,,,,,,,,,,,,,,,,,,,,,,,,,,,,,
523,0,"Compute the cash and cash equivalents for CLR in October 31, 2025 .",144_cash_and_cash_equivalents_current_quarter_end,"{""leaf"": ""144_cash_and_cash_equivalents_current_quarter_end"", ""depth"": 0}","{""kind"": ""leaf"", ""semantic_type_in"": [""amount""], ""depth"": 0}",1694.0,4,0,0,542609282,965397682,918663111,0.508,0,1,1,144_cash_and_cash_equivalents_current_quarter_end,cash_and_cash_equivalents,cash and cash equivalents,CLR,"October 31, 2025",M_USD,1694.0,,,,,,,,,,,,,,,,,,,,,,,,,,,,,,,,,,,,,,,,,,,,,,,,,
524,1,"what do we obtain as the maximum of Advertising revenue for INF from Three Months Ended July 31, 2024 to Three Months Ended July 31, 2025?","max(3911_advertising_revenue_prior_year_quarter, 3907_advertising_revenue_current_quarter)","{""op"": ""max"", ""left"": {""leaf"": ""3911_advertising_revenue_prior_year_quarter"", ""depth"": 0}, ""right"": {""leaf"": ""3907_advertising_revenue_current_quarter"", ""depth"": 0}, ""depth"": 1}","{""kind"": ""time_agg"", ""op"": ""max"", ""depth"": 0}",2781.0,4,0,1,42552488,793555762,918663111,0.531,0,1,2,3911_advertising_revenue_prior_year_quarter,advertising_revenue,Advertising revenue,INF,"Three Months Ended July 31, 2024",M_USD,2566.0,3907_advertising_revenue_current_quarter,advertising_revenue,Advertising revenue,INF,"Three Months Ended July 31, 2025",M_USD,2781.0,,,,,,,,,,,,,,,,,,,,,,,,,,,,,,,,,,,,,,,,,,
525,1,"Could you give the minimum of selling general and administrative for STR from Three Months Ended July 31, 2024 to Three Months Ended July 31, 2025 ?","min(3459_selling_general_and_administrative_prior_year_quarter, 3458_selling_general_and_administrative_current_quarter)","{""op"": ""min"", ""left"": {""leaf"": ""3459_selling_general_and_administrative_prior_year_quarter"", ""depth"": 0}, ""right"": {""leaf"": ""3458_selling_general_and_administrative_current_quarter"", ""depth"": 0}, ""depth"": 1}","{""kind"": ""time_agg"", ""op"": ""min"", ""depth"": 0}",2587.0,4,0,1,566668010,301869022,918663111,0.239,0,1,2,3459_selling_general_and_administrative_prior_year_quarter,selling_general_and_administrative,selling general and administrative,STR,"Three Months Ended July 31, 2024",M_USD,2587.0,3458_selling_general_and_administrative_current_quarter,selling_general_and_administrative,selling general and administrative,STR,"Three Months Ended July 31, 2025",M_USD,2841.0,,,,,,,,,,,,,,,,,,,,,,,,,,,,,,,,,,,,,,,,,,
526,2,"compute the average stock based compensation for CRX from Nine Months Ended October 31, 2024 to Nine Months Ended October 31, 2025.","ratio(sum(5239_stock_based_compensation_prior_ytd, 5238_stock_based_compensation_current_ytd), 2.0)","{""op"": ""ratio"", ""left"": {""op"": ""sum"", ""left"": {""leaf"": ""5239_stock_based_compensation_prior_ytd"", ""depth"": 0}, ""right"": {""leaf"": ""5238_stock_based_compensation_current_ytd"", ""depth"": 0}, ""depth"": 1}, ""right"": {""literal"": 2.0, ""depth"": 0}, ""depth"": 2}","{""kind"": ""time_agg"", ""op"": ""avg"", ""depth"": 0}",334.0,3,0,2,157166201,642208250,918663111,0.169,0,1,2,5239_stock_based_compensation_prior_ytd,stock_based_compensation,stock based compensation,CRX,"Nine Months Ended October 31, 2024",M_USD,340.0,5238_stock_based_compensation_current_ytd,stock_based_compensation,stock based compensation,CRX,"Nine Months Ended October 31, 2025",M_USD,328.0,,,,,,,,,,,,,,,,,,,,,,,,,,,,,,,,,,,,,,,,,,
527,3,"whats the value of the minimum of cash and cash equivalents for CRX from December 31, 2024 to January 31, 2026 ?","min(min(min(5187_cash_and_cash_equivalents_prior_fy_end, 4590_cash_and_cash_equivalents_current_quarter_end), 5186_cash_and_cash_equivalents_current_quarter_end), 4591_cash_and_cash_equivalents_prior_fy_end)","{""op"": ""min"", ""left"": {""op"": ""min"", ""left"": {""op"": ""min"", ""left"": {""leaf"": ""5187_cash_and_cash_equivalents_prior_fy_end"", ""depth"": 0}, ""right"": {""leaf"": ""4590_cash_and_cash_equivalents_current_quarter_end"", ""depth"": 0}, ""depth"": 1}, ""right"": {""leaf"": ""5186_cash_and_cash_equivalents_current_quarter_end"", ""depth"": 0}, ""depth"": 2}, ""right"": {""leaf"": ""4591_cash_and_cash_equivalents_prior_fy_end"", ""depth"": 0}, ""depth"": 3}","{""kind"": ""time_agg"", ""op"": ""min"", ""depth"": 0}",1931.0,2,0,3,351920578,434897494,918663111,0.501,0,1,4,5187_cash_and_cash_equivalents_prior_fy_end,cash_and_cash_equivalents,cash and cash equivalents,CRX,"December 31, 2024",M_USD,1931.0,4590_cash_and_cash_equivalents_current_quarter_end,cash_and_cash_equivalents,cash and cash equivalents,CRX,"January 31, 2026",M_USD,6305.0,5186_cash_and_cash_equivalents_current_quarter_end,cash_and_cash_equivalents,cash and cash equivalents,CRX,"October 31, 2025",M_USD,2013.0,4591_cash_and_cash_equivalents_prior_fy_end,cash_and_cash_equivalents,cash and cash equivalents,CRX,"September 30, 2025",M_USD,5397.0,,,,,,,,,,,,,,,,,,,,,,,,,,,,
528,3,"Give the sum of maximum of cash and cash equivalents for IND from December 31, 2024 to April 30, 2025 and ratio of sum of provision for income taxes for IND in Three Months Ended April 30, 2024 and provision for income taxes for IND in Three Months Ended April 30, 2025 to 2.0.","sum(max(920_cash_and_cash_equivalents_current_quarter_end, 921_cash_and_cash_equivalents_prior_fy_end), ratio(sum(913_provision_for_income_taxes_prior_year_quarter, 912_provision_for_income_taxes_current_quarter), 2.0))","{""op"": ""sum"", ""left"": {""op"": ""max"", ""left"": {""leaf"": ""920_cash_and_cash_equivalents_current_quarter_end"", ""depth"": 0}, ""right"": {""leaf"": ""921_cash_and_cash_equivalents_prior_fy_end"", ""depth"": 0}, ""depth"": 1}, ""right"": {""op"": ""ratio"", ""left"": {""op"": ""sum"", ""left"": {""leaf"": ""913_provision_for_income_taxes_prior_year_quarter"", ""depth"": 0}, ""right"": {""leaf"": ""912_provision_for_income_taxes_current_quarter"", ""depth"": 0}, ""depth"": 1}, ""right"": {""literal"": 2.0, ""depth"": 0}, ""depth"": 2}, ""depth"": 3}","{""op"": ""sum"", ""left"": {""kind"": ""time_agg"", ""op"": ""max"", ""depth"": 0}, ""right"": {""kind"": ""time_agg"", ""op"": ""avg"", ""depth"": 0}, ""depth"": 1, ""kind"": ""node""}",1349.5,4,1,3,380816037,8399823,918663111,0.372,1,2,4,920_cash_and_cash_equivalents_current_quarter_end,cash_and_cash_equivalents,cash and cash equivalents,IND,"April 30, 2025",M_USD,920.0,921_cash_and_cash_equivalents_prior_fy_end,cash_and_cash_equivalents,cash and cash equivalents,IND,"December 31, 2024",M_USD,985.0,913_provision_for_income_taxes_prior_year_quarter,provision_for_income_taxes,provision for income taxes,IND,"Three Months Ended April 30, 2024",M_USD,384.0,912_provision_for_income_taxes_current_quarter,provision_for_income_taxes,provision for income taxes,IND,"Three Months Ended April 30, 2025",M_USD,345.0,,,,,,,,,,,,,,,,,,,,,,,,,,,,
529,1,"you should calculate the maximum of total non current assets for PRD from December 31, 2024 to October 31, 2025.","max(1871_total_non_current_assets_prior_fy_end, 1870_total_non_current_assets_current_quarter_end)","{""op"": ""max"", ""left"": {""leaf"": ""1871_total_non_current_assets_prior_fy_end"", ""depth"": 0}, ""right"": {""leaf"": ""1870_total_non_current_assets_current_quarter_end"", ""depth"": 0}, ""depth"": 1}","{""kind"": ""time_agg"", ""op"": ""max"", ""depth"": 0}",13523.0,4,0,1,9938847,114413006,918663111,0.128,0,1,2,1871_total_non_current_assets_prior_fy_end,total_non_current_assets,total non current assets,PRD,"December 31, 2024",M_USD,12221.0,1870_total_non_current_assets_current_quarter_end,total_non_current_assets,total non current assets,PRD,"October 31, 2025",M_USD,13523.0,,,,,,,,,,,,,,,,,,,,,,,,,,,,,,,,,,,,,,,,,,
530,1,"what's the value of the minimum of gross profit for CLR from Nine Months Ended October 31, 2024 to Nine Months Ended October 31, 2025","min(107_gross_profit_prior_year_ytd, 106_gross_profit_current_ytd)","{""op"": ""min"", ""left"": {""leaf"": ""107_gross_profit_prior_year_ytd"", ""depth"": 0}, ""right"": {""leaf"": ""106_gross_profit_current_ytd"", ""depth"": 0}, ""depth"": 1}","{""kind"": ""time_agg"", ""op"": ""min"", ""depth"": 0}",16977.0,4,0,1,868548818,877165378,918663111,0.528,0,1,2,107_gross_profit_prior_year_ytd,gross_profit,gross profit,CLR,"Nine Months Ended October 31, 2024",M_USD,18495.0,106_gross_profit_current_ytd,gross_profit,gross profit,CLR,"Nine Months Ended October 31, 2025",M_USD,16977.0,,,,,,,,,,,,,,,,,,,,,,,,,,,,,,,,,,,,,,,,,,
531,1,"whats the value of the maximum of cash and cash equivalents for CRZ from December 31, 2024 to October 31, 2025 ?","max(4939_cash_and_cash_equivalents_prior_fy_end, 4938_cash_and_cash_equivalents_current_quarter_end)","{""op"": ""max"", ""left"": {""leaf"": ""4939_cash_and_cash_equivalents_prior_fy_end"", ""depth"": 0}, ""right"": {""leaf"": ""4938_cash_and_cash_equivalents_current_quarter_end"", ""depth"": 0}, ""depth"": 1}","{""kind"": ""time_agg"", ""op"": ""max"", ""depth"": 0}",952.0,1,0,1,994620462,386626342,918663111,0.46,0,1,2,4939_cash_and_cash_equivalents_prior_fy_end,cash_and_cash_equivalents,cash and cash equivalents,CRZ,"December 31, 2024",M_USD,912.0,4938_cash_and_cash_equivalents_current_quarter_end,cash_and_cash_equivalents,cash and cash equivalents,CRZ,"October 31, 2025",M_USD,952.0,,,,,,,,,,,,,,,,,,,,,,,,,,,,,,,,,,,,,,,,,,
532,1,"What do we obtain as the maximum of provision for income taxes for HLT from Six Months Ended July 31, 2024 to Six Months Ended July 31, 2025 ?","max(2405_provision_for_income_taxes_prior_year_ytd, 3252_provision_for_income_taxes_current_ytd)","{""op"": ""max"", ""left"": {""leaf"": ""2405_provision_for_income_taxes_prior_year_ytd"", ""depth"": 0}, ""right"": {""leaf"": ""3252_provision_for_income_taxes_current_ytd"", ""depth"": 0}, ""depth"": 1}","{""kind"": ""time_agg"", ""op"": ""max"", ""depth"": 0}",1884.0,2,0,1,354181142,210138364,918663111,0.195,0,1,2,2405_provision_for_income_taxes_prior_year_ytd,provision_for_income_taxes,provision for income taxes,HLT,"Six Months Ended July 31, 2024",M_USD,920.0,3252_provision_for_income_taxes_current_ytd,provision_for_income_taxes,provision for income taxes,HLT,"Six Months Ended July 31, 2025",M_USD,1884.0,,,,,,,,,,,,,,,,,,,,,,,,,,,,,,,,,,,,,,,,,,
533,1,"provide the maximum of selling general and administrative for SUP from Three Months Ended April 30, 2024 to Three Months Ended April 30, 2025 .","max(817_selling_general_and_administrative_prior_year_quarter, 816_selling_general_and_administrative_current_quarter)","{""op"": ""max"", ""left"": {""leaf"": ""817_selling_general_and_administrative_prior_year_quarter"", ""depth"": 0}, ""right"": {""leaf"": ""816_selling_general_and_administrative_current_quarter"", ""depth"": 0}, ""depth"": 1}","{""kind"": ""time_agg"", ""op"": ""max"", ""depth"": 0}",2864.0,4,0,1,512795673,780065098,918663111,0.177,0,1,2,817_selling_general_and_administrative_prior_year_quarter,selling_general_and_administrative,selling general and administrative,SUP,"Three Months Ended April 30, 2024",M_USD,2820.0,816_selling_general_and_administrative_current_quarter,selling_general_and_administrative,selling general and administrative,SUP,"Three Months Ended April 30, 2025",M_USD,2864.0,,,,,,,,,,,,,,,,,,,,,,,,,,,,,,,,,,,,,,,,,,
534,1,"which result follows from the minimum of accounts receivable net for PLZ from December 31, 2024 to July 31, 2025 ?","min(2095_accounts_receivable_net_prior_fy_end, 2094_accounts_receivable_net_current_quarter_end)","{""op"": ""min"", ""left"": {""leaf"": ""2095_accounts_receivable_net_prior_fy_end"", ""depth"": 0}, ""right"": {""leaf"": ""2094_accounts_receivable_net_current_quarter_end"", ""depth"": 0}, ""depth"": 1}","{""kind"": ""time_agg"", ""op"": ""min"", ""depth"": 0}",7551.0,4,0,1,77405405,458750202,918663111,0.561,0,1,2,2095_accounts_receivable_net_prior_fy_end,accounts_receivable_net,accounts receivable net,PLZ,"December 31, 2024",M_USD,7551.0,2094_accounts_receivable_net_current_quarter_end,accounts_receivable_net,accounts receivable net,PLZ,"July 31, 2025",M_USD,7755.0,,,,,,,,,,,,,,,,,,,,,,,,,,,,,,,,,,,,,,,,,,
535,0,"what's the value of the accounts receivable net for CLR in December 31, 2024",149_accounts_receivable_net_prior_fy_end,"{""leaf"": ""149_accounts_receivable_net_prior_fy_end"", ""depth"": 0}","{""kind"": ""leaf"", ""semantic_type_in"": [""amount""], ""depth"": 0}",895.0,3,0,0,831902151,376643994,918663111,0.456,0,1,1,149_accounts_receivable_net_prior_fy_end,accounts_receivable_net,accounts receivable net,CLR,"December 31, 2024",M_USD,895.0,,,,,,,,,,,,,,,,,,,,,,,,,,,,,,,,,,,,,,,,,,,,,,,,,
536,4,"Could you give the sum of ratio of sum of sum of other non current liabilities for SUP in April 30, 2025 and other non current liabilities for SUP in December 31, 2024 and other non current liabilities for SUP in July 31, 2025 to 3.0 and difference between deferred revenue current and inventories for SUP in December 31, 2024 ?","sum(ratio(sum(sum(868_other_non_current_liabilities_current_quarter_end, 2711_other_non_current_liabilities_prior_fy_end), 2710_other_non_current_liabilities_current_quarter_end), 3.0), diff(2701_deferred_revenue_current_prior_fy_end, 839_inventories_prior_fy_end))","{""op"": ""sum"", ""left"": {""op"": ""ratio"", ""left"": {""op"": ""sum"", ""left"": {""op"": ""sum"", ""left"": {""leaf"": ""868_other_non_current_liabilities_current_quarter_end"", ""depth"": 0}, ""right"": {""leaf"": ""2711_other_non_current_liabilities_prior_fy_end"", ""depth"": 0}, ""depth"": 1}, ""right"": {""leaf"": ""2710_other_non_current_liabilities_current_quarter_end"", ""depth"": 0}, ""depth"": 2}, ""right"": {""literal"": 3.0, ""depth"": 0}, ""depth"": 3}, ""right"": {""op"": ""diff"", ""left"": {""leaf"": ""2701_deferred_revenue_current_prior_fy_end"", ""depth"": 0}, ""right"": {""leaf"": ""839_inventories_prior_fy_end"", ""depth"": 0}, ""depth"": 1}, ""depth"": 4}","{""op"": ""sum"", ""left"": {""kind"": ""time_agg"", ""op"": ""avg"", ""depth"": 0}, ""right"": {""op"": ""diff"", ""left"": {""kind"": ""leaf"", ""semantic_type_in"": [""amount""], ""depth"": 0}, ""right"": {""kind"": ""leaf"", ""semantic_type_in"": [""amount""], ""depth"": 0}, ""depth"": 1, ""kind"": ""node""}, ""depth"": 2, ""kind"": ""node""}",2.3333333333332575,2,2,4,822330233,365323561,918663111,0.12,2,3,5,868_other_non_current_liabilities_current_quarter_end,other_non_current_liabilities,other non current liabilities,SUP,"April 30, 2025",M_USD,1274.0,2711_other_non_current_liabilities_prior_fy_end,other_non_current_liabilities,other non current liabilities,SUP,"December 31, 2024",M_USD,1399.0,2710_other_non_current_liabilities_current_quarter_end,other_non_current_liabilities,other non current liabilities,SUP,"July 31, 2025",M_USD,1315.0,2701_deferred_revenue_current_prior_fy_end,deferred_revenue_current,deferred revenue current,SUP,"December 31, 2024",M_USD,1628.0,839_inventories_prior_fy_end,inventories,inventories,SUP,"December 31, 2024",M_USD,2955.0,,,,,,,,,,,,,,,,,,,,,
537,0,"calculate the property plant and equipment net for CLD in December 31, 2024",3385_property_plant_and_equipment_net_prior_fy_end,"{""leaf"": ""3385_property_plant_and_equipment_net_prior_fy_end"", ""depth"": 0}","{""kind"": ""leaf"", ""semantic_type_in"": [""amount""], ""depth"": 0}",2358.0,2,0,0,714945103,17873705,918663111,0.362,0,1,1,3385_property_plant_and_equipment_net_prior_fy_end,property_plant_and_equipment_net,property plant and equipment net,CLD,"December 31, 2024",M_USD,2358.0,,,,,,,,,,,,,,,,,,,,,,,,,,,,,,,,,,,,,,,,,,,,,,,,,
538,1,"what does the following give: maximum of depreciation and amortization for MDI from Nine Months Ended October 31, 2024 to Nine Months Ended October 31, 2025?","max(5677_depreciation_and_amortization_prior_ytd, 5676_depreciation_and_amortization_current_ytd)","{""op"": ""max"", ""left"": {""leaf"": ""5677_depreciation_and_amortization_prior_ytd"", ""depth"": 0}, ""right"": {""leaf"": ""5676_depreciation_and_amortization_current_ytd"", ""depth"": 0}, ""depth"": 1}","{""kind"": ""time_agg"", ""op"": ""max"", ""depth"": 0}",2418.0,2,0,1,834166494,40007552,918663111,0.421,0,1,2,5677_depreciation_and_amortization_prior_ytd,depreciation_and_amortization,depreciation and amortization,MDI,"Nine Months Ended October 31, 2024",M_USD,2138.0,5676_depreciation_and_amortization_current_ytd,depreciation_and_amortization,depreciation and amortization,MDI,"Nine Months Ended October 31, 2025",M_USD,2418.0,,,,,,,,,,,,,,,,,,,,,,,,,,,,,,,,,,,,,,,,,,
539,1,"Could you give the maximum of net income for TPH from Three Months Ended October 31, 2024 to Three Months Ended October 31, 2025","max(2775_net_income_prior_year_quarter, 2774_net_income_current_quarter)","{""op"": ""max"", ""left"": {""leaf"": ""2775_net_income_prior_year_quarter"", ""depth"": 0}, ""right"": {""leaf"": ""2774_net_income_current_quarter"", ""depth"": 0}, ""depth"": 1}","{""kind"": ""time_agg"", ""op"": ""max"", ""depth"": 0}",4894.0,3,0,1,112676125,154831232,918663111,0.108,0,1,2,2775_net_income_prior_year_quarter,net_income,net income,TPH,"Three Months Ended October 31, 2024",M_USD,4894.0,2774_net_income_current_quarter,net_income,net income,TPH,"Three Months Ended October 31, 2025",M_USD,4794.0,,,,,,,,,,,,,,,,,,,,,,,,,,,,,,,,,,,,,,,,,,
540,2,"Which result follows from the average other non current liabilities for PLX from September 30, 2025 to July 31, 2026 ?","ratio(sum(4426_other_non_current_liabilities_current_quarter_end, 4427_other_non_current_liabilities_prior_fy_end), 2.0)","{""op"": ""ratio"", ""left"": {""op"": ""sum"", ""left"": {""leaf"": ""4426_other_non_current_liabilities_current_quarter_end"", ""depth"": 0}, ""right"": {""leaf"": ""4427_other_non_current_liabilities_prior_fy_end"", ""depth"": 0}, ""depth"": 1}, ""right"": {""literal"": 2.0, ""depth"": 0}, ""depth"": 2}","{""kind"": ""time_agg"", ""op"": ""avg"", ""depth"": 0}",514.0,2,0,2,908264851,338123179,918663111,0.49,0,1,2,4426_other_non_current_liabilities_current_quarter_end,other_non_current_liabilities,other non current liabilities,PLX,"July 31, 2026",M_USD,555.0,4427_other_non_current_liabilities_prior_fy_end,other_non_current_liabilities,other non current liabilities,PLX,"September 30, 2025",M_USD,473.0,,,,,,,,,,,,,,,,,,,,,,,,,,,,,,,,,,,,,,,,,,
541,1,"provide the minimum of total non current liabilities for TRU from December 31, 2024 to July 31, 2025.","min(775_total_non_current_liabilities_prior_fy_end, 774_total_non_current_liabilities_current_quarter_end)","{""op"": ""min"", ""left"": {""leaf"": ""775_total_non_current_liabilities_prior_fy_end"", ""depth"": 0}, ""right"": {""leaf"": ""774_total_non_current_liabilities_current_quarter_end"", ""depth"": 0}, ""depth"": 1}","{""kind"": ""time_agg"", ""op"": ""min"", ""depth"": 0}",18655.0,3,0,1,408843602,580559108,918663111,0.289,0,1,2,775_total_non_current_liabilities_prior_fy_end,total_non_current_liabilities,total non current liabilities,TRU,"December 31, 2024",M_USD,19202.0,774_total_non_current_liabilities_current_quarter_end,total_non_current_liabilities,total non current liabilities,TRU,"July 31, 2025",M_USD,18655.0,,,,,,,,,,,,,,,,,,,,,,,,,,,,,,,,,,,,,,,,,,
542,1,"Compute the minimum of research and development for TPH from Nine Months Ended October 31, 2024 to Nine Months Ended October 31, 2025 .","min(2753_research_and_development_prior_year_ytd, 2752_research_and_development_current_ytd)","{""op"": ""min"", ""left"": {""leaf"": ""2753_research_and_development_prior_year_ytd"", ""depth"": 0}, ""right"": {""leaf"": ""2752_research_and_development_current_ytd"", ""depth"": 0}, ""depth"": 1}","{""kind"": ""time_agg"", ""op"": ""min"", ""depth"": 0}",11901.0,1,0,1,984303366,591413471,918663111,0.596,0,1,2,2753_research_and_development_prior_year_ytd,research_and_development,research and development,TPH,"Nine Months Ended October 31, 2024",M_USD,12147.0,2752_research_and_development_current_ytd,research_and_development,research and development,TPH,"Nine Months Ended October 31, 2025",M_USD,11901.0,,,,,,,,,,,,,,,,,,,,,,,,,,,,,,,,,,,,,,,,,,
543,1,"Calculate the minimum of total non current assets for STR from December 31, 2024 to July 31, 2025.","min(3511_total_non_current_assets_prior_fy_end, 3510_total_non_current_assets_current_quarter_end)","{""op"": ""min"", ""left"": {""leaf"": ""3511_total_non_current_assets_prior_fy_end"", ""depth"": 0}, ""right"": {""leaf"": ""3510_total_non_current_assets_current_quarter_end"", ""depth"": 0}, ""depth"": 1}","{""kind"": ""time_agg"", ""op"": ""min"", ""depth"": 0}",6189.0,2,0,1,311683313,17720027,918663111,0.134,0,1,2,3511_total_non_current_assets_prior_fy_end,total_non_current_assets,total non current assets,STR,"December 31, 2024",M_USD,6335.0,3510_total_non_current_assets_current_quarter_end,total_non_current_assets,total non current assets,STR,"July 31, 2025",M_USD,6189.0,,,,,,,,,,,,,,,,,,,,,,,,,,,,,,,,,,,,,,,,,,
544,2,"You should give the minimum of goodwill for MED from December 31, 2024 to October 31, 2025.","min(min(1979_goodwill_prior_fy_end, 1738_goodwill_current_quarter_end), 1048_goodwill_current_quarter_end)","{""op"": ""min"", ""left"": {""op"": ""min"", ""left"": {""leaf"": ""1979_goodwill_prior_fy_end"", ""depth"": 0}, ""right"": {""leaf"": ""1738_goodwill_current_quarter_end"", ""depth"": 0}, ""depth"": 1}, ""right"": {""leaf"": ""1048_goodwill_current_quarter_end"", ""depth"": 0}, ""depth"": 2}","{""kind"": ""time_agg"", ""op"": ""min"", ""depth"": 0}",842.0,1,0,2,608089450,428378098,918663111,0.153,0,1,3,1979_goodwill_prior_fy_end,goodwill,goodwill,MED,"December 31, 2024",M_USD,842.0,1738_goodwill_current_quarter_end,goodwill,goodwill,MED,"July 31, 2025",M_USD,2419.0,1048_goodwill_current_quarter_end,goodwill,goodwill,MED,"October 31, 2025",M_USD,1577.0,,,,,,,,,,,,,,,,,,,,,,,,,,,,,,,,,,,
545,1,"What would be the maximum of cash and cash equivalents for FAB from December 31, 2024 to July 31, 2025 ?","max(3971_cash_and_cash_equivalents_prior_fy_end, 3970_cash_and_cash_equivalents_current_quarter_end)","{""op"": ""max"", ""left"": {""leaf"": ""3971_cash_and_cash_equivalents_prior_fy_end"", ""depth"": 0}, ""right"": {""leaf"": ""3970_cash_and_cash_equivalents_current_quarter_end"", ""depth"": 0}, ""depth"": 1}","{""kind"": ""time_agg"", ""op"": ""max"", ""depth"": 0}",2476.0,2,0,1,305701793,113318610,918663111,0.32,0,1,2,3971_cash_and_cash_equivalents_prior_fy_end,cash_and_cash_equivalents,cash and cash equivalents,FAB,"December 31, 2024",M_USD,2476.0,3970_cash_and_cash_equivalents_current_quarter_end,cash_and_cash_equivalents,cash and cash equivalents,FAB,"July 31, 2025",M_USD,2439.0,,,,,,,,,,,,,,,,,,,,,,,,,,,,,,,,,,,,,,,,,,
546,1,"Which quantity is given by the maximum of provision for income taxes for SCI from Three Months Ended July 31, 2024 to Three Months Ended July 31, 2025 ?","max(5043_provision_for_income_taxes_prior_year_quarter, 5042_provision_for_income_taxes_current_quarter)","{""op"": ""max"", ""left"": {""leaf"": ""5043_provision_for_income_taxes_prior_year_quarter"", ""depth"": 0}, ""right"": {""leaf"": ""5042_provision_for_income_taxes_current_quarter"", ""depth"": 0}, ""depth"": 1}","{""kind"": ""time_agg"", ""op"": ""max"", ""depth"": 0}",244.0,4,0,1,296869377,850343722,918663111,0.319,0,1,2,5043_provision_for_income_taxes_prior_year_quarter,provision_for_income_taxes,provision for income taxes,SCI,"Three Months Ended July 31, 2024",M_USD,228.0,5042_provision_for_income_taxes_current_quarter,provision_for_income_taxes,provision for income taxes,SCI,"Three Months Ended July 31, 2025",M_USD,244.0,,,,,,,,,,,,,,,,,,,,,,,,,,,,,,,,,,,,,,,,,,
547,2,"May you give the maximum of long term marketable securities for VTL from December 31, 2024 to July 31, 2025","max(max(36_long_term_marketable_securities_current_quarter_end, 37_long_term_marketable_securities_prior_fy_end), 4094_long_term_marketable_securities_current_quarter_end)","{""op"": ""max"", ""left"": {""op"": ""max"", ""left"": {""leaf"": ""36_long_term_marketable_securities_current_quarter_end"", ""depth"": 0}, ""right"": {""leaf"": ""37_long_term_marketable_securities_prior_fy_end"", ""depth"": 0}, ""depth"": 1}, ""right"": {""leaf"": ""4094_long_term_marketable_securities_current_quarter_end"", ""depth"": 0}, ""depth"": 2}","{""kind"": ""time_agg"", ""op"": ""max"", ""depth"": 0}",1387.0,4,0,2,118170427,632243505,918663111,0.173,0,1,3,36_long_term_marketable_securities_current_quarter_end,long_term_marketable_securities,long term marketable securities,VTL,"April 30, 2025",M_USD,120.0,37_long_term_marketable_securities_prior_fy_end,long_term_marketable_securities,long term marketable securities,VTL,"December 31, 2024",M_USD,122.0,4094_long_term_marketable_securities_current_quarter_end,long_term_marketable_securities,long term marketable securities,VTL,"July 31, 2025",M_USD,1387.0,,,,,,,,,,,,,,,,,,,,,,,,,,,,,,,,,,,
548,1,"What's the value of the maximum of total non current liabilities for CIV from December 31, 2024 to October 31, 2025 ?","max(3065_total_non_current_liabilities_prior_fy_end, 3064_total_non_current_liabilities_current_quarter_end)","{""op"": ""max"", ""left"": {""leaf"": ""3065_total_non_current_liabilities_prior_fy_end"", ""depth"": 0}, ""right"": {""leaf"": ""3064_total_non_current_liabilities_current_quarter_end"", ""depth"": 0}, ""depth"": 1}","{""kind"": ""time_agg"", ""op"": ""max"", ""depth"": 0}",973.0,2,0,1,593698007,61575310,918663111,0.373,0,1,2,3065_total_non_current_liabilities_prior_fy_end,total_non_current_liabilities,total non current liabilities,CIV,"December 31, 2024",M_USD,909.0,3064_total_non_current_liabilities_current_quarter_end,total_non_current_liabilities,total non current liabilities,CIV,"October 31, 2025",M_USD,973.0,,,,,,,,,,,,,,,,,,,,,,,,,,,,,,,,,,,,,,,,,,
549,1,"What's the value of the minimum of stock based compensation for CLR from Nine Months Ended October 31, 2024 to Nine Months Ended October 31, 2025 ?","min(197_stock_based_compensation_prior_ytd, 196_stock_based_compensation_current_ytd)","{""op"": ""min"", ""left"": {""leaf"": ""197_stock_based_compensation_prior_ytd"", ""depth"": 0}, ""right"": {""leaf"": ""196_stock_based_compensation_current_ytd"", ""depth"": 0}, ""depth"": 1}","{""kind"": ""time_agg"", ""op"": ""min"", ""depth"": 0}",143.0,3,0,1,922007931,206808943,918663111,0.353,0,1,2,197_stock_based_compensation_prior_ytd,stock_based_compensation,stock based compensation,CLR,"Nine Months Ended October 31, 2024",M_USD,156.0,196_stock_based_compensation_current_ytd,stock_based_compensation,stock based compensation,CLR,"Nine Months Ended October 31, 2025",M_USD,143.0,,,,,,,,,,,,,,,,,,,,,,,,,,,,,,,,,,,,,,,,,,
550,1,"you should calculate the minimum of goodwill for DTA from December 31, 2024 to April 30, 2025","min(4510_goodwill_current_quarter_end, 4511_goodwill_prior_fy_end)","{""op"": ""min"", ""left"": {""leaf"": ""4510_goodwill_current_quarter_end"", ""depth"": 0}, ""right"": {""leaf"": ""4511_goodwill_prior_fy_end"", ""depth"": 0}, ""depth"": 1}","{""kind"": ""time_agg"", ""op"": ""min"", ""depth"": 0}",4495.0,3,0,1,551351883,564824655,918663111,0.568,0,1,2,4510_goodwill_current_quarter_end,goodwill,goodwill,DTA,"April 30, 2025",M_USD,4495.0,4511_goodwill_prior_fy_end,goodwill,goodwill,DTA,"December 31, 2024",M_USD,4564.0,,,,,,,,,,,,,,,,,,,,,,,,,,,,,,,,,,,,,,,,,,
551,1,"Which result follows from the minimum of inventories for PRD from December 31, 2024 to October 31, 2025?","min(1857_inventories_prior_fy_end, 1856_inventories_current_quarter_end)","{""op"": ""min"", ""left"": {""leaf"": ""1857_inventories_prior_fy_end"", ""depth"": 0}, ""right"": {""leaf"": ""1856_inventories_current_quarter_end"", ""depth"": 0}, ""depth"": 1}","{""kind"": ""time_agg"", ""op"": ""min"", ""depth"": 0}",3900.0,4,0,1,102281203,421299444,918663111,0.307,0,1,2,1857_inventories_prior_fy_end,inventories,inventories,PRD,"December 31, 2024",M_USD,3900.0,1856_inventories_current_quarter_end,inventories,inventories,PRD,"October 31, 2025",M_USD,4315.0,,,,,,,,,,,,,,,,,,,,,,,,,,,,,,,,,,,,,,,,,,
552,0,"What's the value of the stock based compensation for CLD in Three Months Ended April 30, 2024?",3775_stock_based_compensation_prior_ytd,"{""leaf"": ""3775_stock_based_compensation_prior_ytd"", ""depth"": 0}","{""kind"": ""leaf"", ""semantic_type_in"": [""amount""], ""depth"": 0}",62.0,1,0,0,116189865,665795133,918663111,0.365,0,1,1,3775_stock_based_compensation_prior_ytd,stock_based_compensation,stock based compensation,CLD,"Three Months Ended April 30, 2024",M_USD,62.0,,,,,,,,,,,,,,,,,,,,,,,,,,,,,,,,,,,,,,,,,,,,,,,,,
553,1,"Which result follows from the maximum of accounts receivable net for PLZ from December 31, 2024 to July 31, 2025","max(2095_accounts_receivable_net_prior_fy_end, 2094_accounts_receivable_net_current_quarter_end)","{""op"": ""max"", ""left"": {""leaf"": ""2095_accounts_receivable_net_prior_fy_end"", ""depth"": 0}, ""right"": {""leaf"": ""2094_accounts_receivable_net_current_quarter_end"", ""depth"": 0}, ""depth"": 1}","{""kind"": ""time_agg"", ""op"": ""max"", ""depth"": 0}",7755.0,1,0,1,673813345,131306678,918663111,0.552,0,1,2,2095_accounts_receivable_net_prior_fy_end,accounts_receivable_net,accounts receivable net,PLZ,"December 31, 2024",M_USD,7551.0,2094_accounts_receivable_net_current_quarter_end,accounts_receivable_net,accounts receivable net,PLZ,"July 31, 2025",M_USD,7755.0,,,,,,,,,,,,,,,,,,,,,,,,,,,,,,,,,,,,,,,,,,
554,1,"determine the minimum of cost of sales for VTL from Six Months Ended July 31, 2024 to Six Months Ended July 31, 2025.","min(4041_cost_of_sales_prior_year_ytd, 4040_cost_of_sales_current_ytd)","{""op"": ""min"", ""left"": {""leaf"": ""4041_cost_of_sales_prior_year_ytd"", ""depth"": 0}, ""right"": {""leaf"": ""4040_cost_of_sales_current_ytd"", ""depth"": 0}, ""depth"": 1}","{""kind"": ""time_agg"", ""op"": ""min"", ""depth"": 0}",18696.0,3,0,1,7361800,617383908,918663111,0.49,0,1,2,4041_cost_of_sales_prior_year_ytd,cost_of_sales,cost of sales,VTL,"Six Months Ended July 31, 2024",M_USD,19084.0,4040_cost_of_sales_current_ytd,cost_of_sales,cost of sales,VTL,"Six Months Ended July 31, 2025",M_USD,18696.0,,,,,,,,,,,,,,,,,,,,,,,,,,,,,,,,,,,,,,,,,,
555,1,"Which result follows from the minimum of total non current assets for PLZ from December 31, 2024 to July 31, 2025?","min(2111_total_non_current_assets_prior_fy_end, 2110_total_non_current_assets_current_quarter_end)","{""op"": ""min"", ""left"": {""leaf"": ""2111_total_non_current_assets_prior_fy_end"", ""depth"": 0}, ""right"": {""leaf"": ""2110_total_non_current_assets_current_quarter_end"", ""depth"": 0}, ""depth"": 1}","{""kind"": ""time_agg"", ""op"": ""min"", ""depth"": 0}",38618.0,3,0,1,993054112,682073314,918663111,0.191,0,1,2,2111_total_non_current_assets_prior_fy_end,total_non_current_assets,total non current assets,PLZ,"December 31, 2024",M_USD,38618.0,2110_total_non_current_assets_current_quarter_end,total_non_current_assets,total non current assets,PLZ,"July 31, 2025",M_USD,39663.0,,,,,,,,,,,,,,,,,,,,,,,,,,,,,,,,,,,,,,,,,,
556,1,"what does the following give: maximum of net income for JTX from Three Months Ended April 30, 2024 to Three Months Ended April 30, 2025","max(4179_net_income_prior_year_quarter, 4178_net_income_current_quarter)","{""op"": ""max"", ""left"": {""leaf"": ""4179_net_income_prior_year_quarter"", ""depth"": 0}, ""right"": {""leaf"": ""4178_net_income_current_quarter"", ""depth"": 0}, ""depth"": 1}","{""kind"": ""time_agg"", ""op"": ""max"", ""depth"": 0}",1421.0,1,0,1,324669130,78774455,918663111,0.574,0,1,2,4179_net_income_prior_year_quarter,net_income,net income,JTX,"Three Months Ended April 30, 2024",M_USD,1392.0,4178_net_income_current_quarter,net_income,net income,JTX,"Three Months Ended April 30, 2025",M_USD,1421.0,,,,,,,,,,,,,,,,,,,,,,,,,,,,,,,,,,,,,,,,,,
557,1,"Could you give the maximum of total assets for TPH from December 31, 2024 to October 31, 2025 ?","max(2809_total_assets_prior_fy_end, 2808_total_assets_current_quarter_end)","{""op"": ""max"", ""left"": {""leaf"": ""2809_total_assets_prior_fy_end"", ""depth"": 0}, ""right"": {""leaf"": ""2808_total_assets_current_quarter_end"", ""depth"": 0}, ""depth"": 1}","{""kind"": ""time_agg"", ""op"": ""max"", ""depth"": 0}",21850.0,1,0,1,934274914,963653258,918663111,0.114,0,1,2,2809_total_assets_prior_fy_end,total_assets,total assets,TPH,"December 31, 2024",M_USD,21458.0,2808_total_assets_current_quarter_end,total_assets,total assets,TPH,"October 31, 2025",M_USD,21850.0,,,,,,,,,,,,,,,,,,,,,,,,,,,,,,,,,,,,,,,,,,
558,1,"Calculate the minimum of research and development for TPH from Nine Months Ended October 31, 2024 to Nine Months Ended October 31, 2025 .","min(2753_research_and_development_prior_year_ytd, 2752_research_and_development_current_ytd)","{""op"": ""min"", ""left"": {""leaf"": ""2753_research_and_development_prior_year_ytd"", ""depth"": 0}, ""right"": {""leaf"": ""2752_research_and_development_current_ytd"", ""depth"": 0}, ""depth"": 1}","{""kind"": ""time_agg"", ""op"": ""min"", ""depth"": 0}",11901.0,3,0,1,847053625,398544975,918663111,0.545,0,1,2,2753_research_and_development_prior_year_ytd,research_and_development,research and development,TPH,"Nine Months Ended October 31, 2024",M_USD,12147.0,2752_research_and_development_current_ytd,research_and_development,research and development,TPH,"Nine Months Ended October 31, 2025",M_USD,11901.0,,,,,,,,,,,,,,,,,,,,,,,,,,,,,,,,,,,,,,,,,,
559,0,"What is the property plant and equipment net for AST in December 31, 2024?",4837_property_plant_and_equipment_net_prior_fy_end,"{""leaf"": ""4837_property_plant_and_equipment_net_prior_fy_end"", ""depth"": 0}","{""kind"": ""leaf"", ""semantic_type_in"": [""amount""], ""depth"": 0}",1391.0,2,0,0,831363162,179968407,918663111,0.509,0,1,1,4837_property_plant_and_equipment_net_prior_fy_end,property_plant_and_equipment_net,property plant and equipment net,AST,"December 31, 2024",M_USD,1391.0,,,,,,,,,,,,,,,,,,,,,,,,,,,,,,,,,,,,,,,,,,,,,,,,,
560,3,"You should calculate the sum of ratio of sum of net income for PRF in Three Months Ended April 30, 2024 and net income for PRF in Three Months Ended April 30, 2025 to 2.0 and ratio of sum of total liabilities for PRF in April 30, 2025 and total liabilities for PRF in December 31, 2024 to 2.0","sum(ratio(sum(2177_net_income_prior_year_quarter, 2176_net_income_current_quarter), 2.0), ratio(sum(2222_total_liabilities_current_quarter_end, 2223_total_liabilities_prior_fy_end), 2.0))","{""op"": ""sum"", ""left"": {""op"": ""ratio"", ""left"": {""op"": ""sum"", ""left"": {""leaf"": ""2177_net_income_prior_year_quarter"", ""depth"": 0}, ""right"": {""leaf"": ""2176_net_income_current_quarter"", ""depth"": 0}, ""depth"": 1}, ""right"": {""literal"": 2.0, ""depth"": 0}, ""depth"": 2}, ""right"": {""op"": ""ratio"", ""left"": {""op"": ""sum"", ""left"": {""leaf"": ""2222_total_liabilities_current_quarter_end"", ""depth"": 0}, ""right"": {""leaf"": ""2223_total_liabilities_prior_fy_end"", ""depth"": 0}, ""depth"": 1}, ""right"": {""literal"": 2.0, ""depth"": 0}, ""depth"": 2}, ""depth"": 3}","{""op"": ""sum"", ""left"": {""kind"": ""time_agg"", ""op"": ""avg"", ""depth"": 0}, ""right"": {""kind"": ""time_agg"", ""op"": ""avg"", ""depth"": 0}, ""depth"": 1, ""kind"": ""node""}",788.0,2,1,3,350511125,377813227,918663111,0.401,1,2,4,2177_net_income_prior_year_quarter,net_income,net income,PRF,"Three Months Ended April 30, 2024",M_USD,67.0,2176_net_income_current_quarter,net_income,net income,PRF,"Three Months Ended April 30, 2025",M_USD,70.0,2222_total_liabilities_current_quarter_end,total_liabilities,total liabilities,PRF,"April 30, 2025",M_USD,735.0,2223_total_liabilities_prior_fy_end,total_liabilities,total liabilities,PRF,"December 31, 2024",M_USD,704.0,,,,,,,,,,,,,,,,,,,,,,,,,,,,
561,2,"provide the average cost of sales for PRD from Three Months Ended October 31, 2024 to Three Months Ended October 31, 2025","ratio(sum(1807_cost_of_sales_prior_year_quarter, 1806_cost_of_sales_current_quarter), 2.0)","{""op"": ""ratio"", ""left"": {""op"": ""sum"", ""left"": {""leaf"": ""1807_cost_of_sales_prior_year_quarter"", ""depth"": 0}, ""right"": {""leaf"": ""1806_cost_of_sales_current_quarter"", ""depth"": 0}, ""depth"": 1}, ""right"": {""literal"": 2.0, ""depth"": 0}, ""depth"": 2}","{""kind"": ""time_agg"", ""op"": ""avg"", ""depth"": 0}",14156.0,1,0,2,994069706,949896697,918663111,0.534,0,1,2,1807_cost_of_sales_prior_year_quarter,cost_of_sales,cost of sales,PRD,"Three Months Ended October 31, 2024",M_USD,13271.0,1806_cost_of_sales_current_quarter,cost_of_sales,cost of sales,PRD,"Three Months Ended October 31, 2025",M_USD,15041.0,,,,,,,,,,,,,,,,,,,,,,,,,,,,,,,,,,,,,,,,,,
562,2,"could you give the average accrued expenses and other for STR from December 31, 2024 to July 31, 2025 ?","ratio(sum(3519_accrued_expenses_and_other_prior_fy_end, 3518_accrued_expenses_and_other_current_quarter_end), 2.0)","{""op"": ""ratio"", ""left"": {""op"": ""sum"", ""left"": {""leaf"": ""3519_accrued_expenses_and_other_prior_fy_end"", ""depth"": 0}, ""right"": {""leaf"": ""3518_accrued_expenses_and_other_current_quarter_end"", ""depth"": 0}, ""depth"": 1}, ""right"": {""literal"": 2.0, ""depth"": 0}, ""depth"": 2}","{""kind"": ""time_agg"", ""op"": ""avg"", ""depth"": 0}",598.0,4,0,2,863686275,197198985,918663111,0.425,0,1,2,3519_accrued_expenses_and_other_prior_fy_end,accrued_expenses_and_other,accrued expenses and other,STR,"December 31, 2024",M_USD,605.0,3518_accrued_expenses_and_other_current_quarter_end,accrued_expenses_and_other,accrued expenses and other,STR,"July 31, 2025",M_USD,591.0,,,,,,,,,,,,,,,,,,,,,,,,,,,,,,,,,,,,,,,,,,
563,1,"which quantity is given by the minimum of inventories for QRK from September 30, 2025 to April 30, 2026","min(3624_inventories_current_quarter_end, 3625_inventories_prior_fy_end)","{""op"": ""min"", ""left"": {""leaf"": ""3624_inventories_current_quarter_end"", ""depth"": 0}, ""right"": {""leaf"": ""3625_inventories_prior_fy_end"", ""depth"": 0}, ""depth"": 1}","{""kind"": ""time_agg"", ""op"": ""min"", ""depth"": 0}",2678.0,4,0,1,571723614,768644236,918663111,0.444,0,1,2,3624_inventories_current_quarter_end,inventories,inventories,QRK,"April 30, 2026",M_USD,2678.0,3625_inventories_prior_fy_end,inventories,inventories,QRK,"September 30, 2025",M_USD,2833.0,,,,,,,,,,,,,,,,,,,,,,,,,,,,,,,,,,,,,,,,,,
564,1,"You should calculate the maximum of selling general and administrative for QRK from Six Months Ended April 30, 2025 to Six Months Ended April 30, 2026 .","max(3589_selling_general_and_administrative_prior_year_ytd, 3588_selling_general_and_administrative_current_ytd)","{""op"": ""max"", ""left"": {""leaf"": ""3589_selling_general_and_administrative_prior_year_ytd"", ""depth"": 0}, ""right"": {""leaf"": ""3588_selling_general_and_administrative_current_ytd"", ""depth"": 0}, ""depth"": 1}","{""kind"": ""time_agg"", ""op"": ""max"", ""depth"": 0}",20966.0,2,0,1,935355328,482268809,918663111,0.48,0,1,2,3589_selling_general_and_administrative_prior_year_ytd,selling_general_and_administrative,selling general and administrative,QRK,"Six Months Ended April 30, 2025",M_USD,20966.0,3588_selling_general_and_administrative_current_ytd,selling_general_and_administrative,selling general and administrative,QRK,"Six Months Ended April 30, 2026",M_USD,18722.0,,,,,,,,,,,,,,,,,,,,,,,,,,,,,,,,,,,,,,,,,,
565,2,"which value corresponds to the average research and development for PLX from Nine Months Ended July 31, 2025 to Nine Months Ended July 31, 2026?","ratio(sum(4357_research_and_development_prior_year_ytd, 4356_research_and_development_current_ytd), 2.0)","{""op"": ""ratio"", ""left"": {""op"": ""sum"", ""left"": {""leaf"": ""4357_research_and_development_prior_year_ytd"", ""depth"": 0}, ""right"": {""leaf"": ""4356_research_and_development_current_ytd"", ""depth"": 0}, ""depth"": 1}, ""right"": {""literal"": 2.0, ""depth"": 0}, ""depth"": 2}","{""kind"": ""time_agg"", ""op"": ""avg"", ""depth"": 0}",5976.0,4,0,2,18048965,195944122,918663111,0.546,0,1,2,4357_research_and_development_prior_year_ytd,research_and_development,research and development,PLX,"Nine Months Ended July 31, 2025",M_USD,5934.0,4356_research_and_development_current_ytd,research_and_development,research and development,PLX,"Nine Months Ended July 31, 2026",M_USD,6018.0,,,,,,,,,,,,,,,,,,,,,,,,,,,,,,,,,,,,,,,,,,
566,0,"What would be the accounts receivable net for FIN in December 31, 2024",4279_accounts_receivable_net_prior_fy_end,"{""leaf"": ""4279_accounts_receivable_net_prior_fy_end"", ""depth"": 0}","{""kind"": ""leaf"", ""semantic_type_in"": [""amount""], ""depth"": 0}",1498.0,3,0,0,639097478,845370942,918663111,0.417,0,1,1,4279_accounts_receivable_net_prior_fy_end,accounts_receivable_net,accounts receivable net,FIN,"December 31, 2024",M_USD,1498.0,,,,,,,,,,,,,,,,,,,,,,,,,,,,,,,,,,,,,,,,,,,,,,,,,
567,4,"which value corresponds to the result of ratio of sum of cost of sales for PLX in Three Months Ended July 31, 2025 and cost of sales for PLX in Three Months Ended July 31, 2026 to 2.0 scaled by ratio of ratio of sum of total current liabilities for PLX in July 31, 2026 and total current liabilities for PLX in September 30, 2025 to 2.0 to maximum of long term marketable securities for PLX from September 30, 2025 to July 31, 2026","mul(ratio(sum(4347_cost_of_sales_prior_year_quarter, 4346_cost_of_sales_current_quarter), 2.0), ratio(ratio(sum(4422_total_current_liabilities_current_quarter_end, 4423_total_current_liabilities_prior_fy_end), 2.0), max(4402_long_term_marketable_securities_current_quarter_end, 4403_long_term_marketable_securities_prior_fy_end)))","{""op"": ""mul"", ""left"": {""op"": ""ratio"", ""left"": {""op"": ""sum"", ""left"": {""leaf"": ""4347_cost_of_sales_prior_year_quarter"", ""depth"": 0}, ""right"": {""leaf"": ""4346_cost_of_sales_current_quarter"", ""depth"": 0}, ""depth"": 1}, ""right"": {""literal"": 2.0, ""depth"": 0}, ""depth"": 2}, ""right"": {""op"": ""ratio"", ""left"": {""op"": ""ratio"", ""left"": {""op"": ""sum"", ""left"": {""leaf"": ""4422_total_current_liabilities_current_quarter_end"", ""depth"": 0}, ""right"": {""leaf"": ""4423_total_current_liabilities_prior_fy_end"", ""depth"": 0}, ""depth"": 1}, ""right"": {""literal"": 2.0, ""depth"": 0}, ""depth"": 2}, ""right"": {""op"": ""max"", ""left"": {""leaf"": ""4402_long_term_marketable_securities_current_quarter_end"", ""depth"": 0}, ""right"": {""leaf"": ""4403_long_term_marketable_securities_prior_fy_end"", ""depth"": 0}, ""depth"": 1}, ""depth"": 3}, ""depth"": 4}","{""op"": ""mul"", ""left"": {""kind"": ""time_agg"", ""op"": ""avg"", ""depth"": 0}, ""right"": {""op"": ""ratio"", ""left"": {""kind"": ""time_agg"", ""op"": ""avg"", ""depth"": 0}, ""right"": {""kind"": ""time_agg"", ""op"": ""max"", ""depth"": 0}, ""depth"": 1, ""kind"": ""node""}, ""depth"": 2, ""kind"": ""node""}",8128.741776315789,4,2,4,87957267,654398846,918663111,0.53,2,3,6,4347_cost_of_sales_prior_year_quarter,cost_of_sales,cost of sales,PLX,"Three Months Ended July 31, 2025",M_USD,6337.0,4346_cost_of_sales_current_quarter,cost_of_sales,cost of sales,PLX,"Three Months Ended July 31, 2026",M_USD,6428.0,4422_total_current_liabilities_current_quarter_end,total_current_liabilities,total current liabilities,PLX,"July 31, 2026",M_USD,4808.0,4423_total_current_liabilities_prior_fy_end,total_current_liabilities,total current liabilities,PLX,"September 30, 2025",M_USD,4097.0,4402_long_term_marketable_securities_current_quarter_end,long_term_marketable_securities,long term marketable securities,PLX,"July 31, 2026",M_USD,3496.0,4403_long_term_marketable_securities_prior_fy_end,long_term_marketable_securities,long term marketable securities,PLX,"September 30, 2025",M_USD,2978.0,,,,,,,,,,,,,,
568,2,"what would be the average total assets for GRD from December 31, 2024 to July 31, 2025 ?","ratio(sum(295_total_assets_prior_fy_end, 294_total_assets_current_quarter_end), 2.0)","{""op"": ""ratio"", ""left"": {""op"": ""sum"", ""left"": {""leaf"": ""295_total_assets_prior_fy_end"", ""depth"": 0}, ""right"": {""leaf"": ""294_total_assets_current_quarter_end"", ""depth"": 0}, ""depth"": 1}, ""right"": {""literal"": 2.0, ""depth"": 0}, ""depth"": 2}","{""kind"": ""time_agg"", ""op"": ""avg"", ""depth"": 0}",12013.5,2,0,2,346188318,240878538,918663111,0.231,0,1,2,295_total_assets_prior_fy_end,total_assets,total assets,GRD,"December 31, 2024",M_USD,12470.0,294_total_assets_current_quarter_end,total_assets,total assets,GRD,"July 31, 2025",M_USD,11557.0,,,,,,,,,,,,,,,,,,,,,,,,,,,,,,,,,,,,,,,,,,
569,1,"Whats the value of the minimum of cost of sales for CRX from Three Months Ended January 31, 2025 to Three Months Ended January 31, 2026","min(4569_cost_of_sales_prior_year_quarter, 4568_cost_of_sales_current_quarter)","{""op"": ""min"", ""left"": {""leaf"": ""4569_cost_of_sales_prior_year_quarter"", ""depth"": 0}, ""right"": {""leaf"": ""4568_cost_of_sales_current_quarter"", ""depth"": 0}, ""depth"": 1}","{""kind"": ""time_agg"", ""op"": ""min"", ""depth"": 0}",10827.0,4,0,1,240855380,216036193,918663111,0.156,0,1,2,4569_cost_of_sales_prior_year_quarter,cost_of_sales,cost of sales,CRX,"Three Months Ended January 31, 2025",M_USD,11203.0,4568_cost_of_sales_current_quarter,cost_of_sales,cost of sales,CRX,"Three Months Ended January 31, 2026",M_USD,10827.0,,,,,,,,,,,,,,,,,,,,,,,,,,,,,,,,,,,,,,,,,,
570,2,"may you calculate the minimum of other non current liabilities for TRD from December 31, 2024 to July 31, 2025 ?","min(min(5438_other_non_current_liabilities_current_quarter_end, 5439_other_non_current_liabilities_prior_fy_end), 2338_other_non_current_liabilities_current_quarter_end)","{""op"": ""min"", ""left"": {""op"": ""min"", ""left"": {""leaf"": ""5438_other_non_current_liabilities_current_quarter_end"", ""depth"": 0}, ""right"": {""leaf"": ""5439_other_non_current_liabilities_prior_fy_end"", ""depth"": 0}, ""depth"": 1}, ""right"": {""leaf"": ""2338_other_non_current_liabilities_current_quarter_end"", ""depth"": 0}, ""depth"": 2}","{""kind"": ""time_agg"", ""op"": ""min"", ""depth"": 0}",2219.0,2,0,2,181479902,41496839,918663111,0.489,0,1,3,5438_other_non_current_liabilities_current_quarter_end,other_non_current_liabilities,other non current liabilities,TRD,"April 30, 2025",M_USD,2393.0,5439_other_non_current_liabilities_prior_fy_end,other_non_current_liabilities,other non current liabilities,TRD,"December 31, 2024",M_USD,2219.0,2338_other_non_current_liabilities_current_quarter_end,other_non_current_liabilities,other non current liabilities,TRD,"July 31, 2025",M_USD,3143.0,,,,,,,,,,,,,,,,,,,,,,,,,,,,,,,,,,,
571,1,"what is the maximum of prepaid expenses and other for AST from December 31, 2024 to July 31, 2025 ?","max(4831_prepaid_expenses_and_other_prior_fy_end, 4830_prepaid_expenses_and_other_current_quarter_end)","{""op"": ""max"", ""left"": {""leaf"": ""4831_prepaid_expenses_and_other_prior_fy_end"", ""depth"": 0}, ""right"": {""leaf"": ""4830_prepaid_expenses_and_other_current_quarter_end"", ""depth"": 0}, ""depth"": 1}","{""kind"": ""time_agg"", ""op"": ""max"", ""depth"": 0}",498.0,2,0,1,23106852,749492465,918663111,0.465,0,1,2,4831_prepaid_expenses_and_other_prior_fy_end,prepaid_expenses_and_other,prepaid expenses and other,AST,"December 31, 2024",M_USD,495.0,4830_prepaid_expenses_and_other_current_quarter_end,prepaid_expenses_and_other,prepaid expenses and other,AST,"July 31, 2025",M_USD,498.0,,,,,,,,,,,,,,,,,,,,,,,,,,,,,,,,,,,,,,,,,,
572,1,"what is the minimum of research and development for AST from Three Months Ended July 31, 2024 to Three Months Ended July 31, 2025 ?","min(4787_research_and_development_prior_year_quarter, 4786_research_and_development_current_quarter)","{""op"": ""min"", ""left"": {""leaf"": ""4787_research_and_development_prior_year_quarter"", ""depth"": 0}, ""right"": {""leaf"": ""4786_research_and_development_current_quarter"", ""depth"": 0}, ""depth"": 1}","{""kind"": ""time_agg"", ""op"": ""min"", ""depth"": 0}",67.0,2,0,1,808931355,650526666,918663111,0.249,0,1,2,4787_research_and_development_prior_year_quarter,research_and_development,research and development,AST,"Three Months Ended July 31, 2024",M_USD,67.0,4786_research_and_development_current_quarter,research_and_development,research and development,AST,"Three Months Ended July 31, 2025",M_USD,70.0,,,,,,,,,,,,,,,,,,,,,,,,,,,,,,,,,,,,,,,,,,
573,1,"Whats the value of the minimum of operating income for CRF from Nine Months Ended October 31, 2024 to Nine Months Ended October 31, 2025 ?","min(1589_operating_income_prior_year_ytd, 1588_operating_income_current_ytd)","{""op"": ""min"", ""left"": {""leaf"": ""1589_operating_income_prior_year_ytd"", ""depth"": 0}, ""right"": {""leaf"": ""1588_operating_income_current_ytd"", ""depth"": 0}, ""depth"": 1}","{""kind"": ""time_agg"", ""op"": ""min"", ""depth"": 0}",5382.0,4,0,1,73808419,939509618,918663111,0.407,0,1,2,1589_operating_income_prior_year_ytd,operating_income,operating income,CRF,"Nine Months Ended October 31, 2024",M_USD,5481.0,1588_operating_income_current_ytd,operating_income,operating income,CRF,"Nine Months Ended October 31, 2025",M_USD,5382.0,,,,,,,,,,,,,,,,,,,,,,,,,,,,,,,,,,,,,,,,,,
574,1,"determine the maximum of long term debt for STR from December 31, 2024 to July 31, 2025.","max(3525_long_term_debt_prior_fy_end, 3524_long_term_debt_current_quarter_end)","{""op"": ""max"", ""left"": {""leaf"": ""3525_long_term_debt_prior_fy_end"", ""depth"": 0}, ""right"": {""leaf"": ""3524_long_term_debt_current_quarter_end"", ""depth"": 0}, ""depth"": 1}","{""kind"": ""time_agg"", ""op"": ""max"", ""depth"": 0}",3129.0,1,0,1,827912368,830772398,918663111,0.487,0,1,2,3525_long_term_debt_prior_fy_end,long_term_debt,long term debt,STR,"December 31, 2024",M_USD,3129.0,3524_long_term_debt_current_quarter_end,long_term_debt,long term debt,STR,"July 31, 2025",M_USD,3057.0,,,,,,,,,,,,,,,,,,,,,,,,,,,,,,,,,,,,,,,,,,
575,1,"What would be the maximum of other non current assets for FIN from December 31, 2024 to April 30, 2025?","max(4292_other_non_current_assets_current_quarter_end, 4293_other_non_current_assets_prior_fy_end)","{""op"": ""max"", ""left"": {""leaf"": ""4292_other_non_current_assets_current_quarter_end"", ""depth"": 0}, ""right"": {""leaf"": ""4293_other_non_current_assets_prior_fy_end"", ""depth"": 0}, ""depth"": 1}","{""kind"": ""time_agg"", ""op"": ""max"", ""depth"": 0}",777.0,4,0,1,661746833,818911497,918663111,0.226,0,1,2,4292_other_non_current_assets_current_quarter_end,other_non_current_assets,other non current assets,FIN,"April 30, 2025",M_USD,777.0,4293_other_non_current_assets_prior_fy_end,other_non_current_assets,other non current assets,FIN,"December 31, 2024",M_USD,692.0,,,,,,,,,,,,,,,,,,,,,,,,,,,,,,,,,,,,,,,,,,
576,3,"State the average current portion of long term debt for VTL from December 31, 2024 to July 31, 2025","ratio(sum(sum(54_current_portion_of_long_term_debt_current_quarter_end, 4113_current_portion_of_long_term_debt_prior_fy_end), 4112_current_portion_of_long_term_debt_current_quarter_end), 3.0)","{""op"": ""ratio"", ""left"": {""op"": ""sum"", ""left"": {""op"": ""sum"", ""left"": {""leaf"": ""54_current_portion_of_long_term_debt_current_quarter_end"", ""depth"": 0}, ""right"": {""leaf"": ""4113_current_portion_of_long_term_debt_prior_fy_end"", ""depth"": 0}, ""depth"": 1}, ""right"": {""leaf"": ""4112_current_portion_of_long_term_debt_current_quarter_end"", ""depth"": 0}, ""depth"": 2}, ""right"": {""literal"": 3.0, ""depth"": 0}, ""depth"": 3}","{""kind"": ""time_agg"", ""op"": ""avg"", ""depth"": 0}",388.3333333333333,3,0,3,921555966,152247016,918663111,0.221,0,1,3,54_current_portion_of_long_term_debt_current_quarter_end,current_portion_of_long_term_debt,current portion of long term debt,VTL,"April 30, 2025",M_USD,40.0,4113_current_portion_of_long_term_debt_prior_fy_end,current_portion_of_long_term_debt,current portion of long term debt,VTL,"December 31, 2024",M_USD,529.0,4112_current_portion_of_long_term_debt_current_quarter_end,current_portion_of_long_term_debt,current portion of long term debt,VTL,"July 31, 2025",M_USD,596.0,,,,,,,,,,,,,,,,,,,,,,,,,,,,,,,,,,,
577,1,"what is the value of the maximum of total costs and expenses for BNK from Nine Months Ended October 31, 2024 to Nine Months Ended October 31, 2025","max(4681_total_costs_and_expenses_prior_year_ytd, 4680_total_costs_and_expenses_current_ytd)","{""op"": ""max"", ""left"": {""leaf"": ""4681_total_costs_and_expenses_prior_year_ytd"", ""depth"": 0}, ""right"": {""leaf"": ""4680_total_costs_and_expenses_current_ytd"", ""depth"": 0}, ""depth"": 1}","{""kind"": ""time_agg"", ""op"": ""max"", ""depth"": 0}",32400.0,1,0,1,751788657,229793348,918663111,0.196,0,1,2,4681_total_costs_and_expenses_prior_year_ytd,total_costs_and_expenses,total costs and expenses,BNK,"Nine Months Ended October 31, 2024",M_USD,28977.0,4680_total_costs_and_expenses_current_ytd,total_costs_and_expenses,total costs and expenses,BNK,"Nine Months Ended October 31, 2025",M_USD,32400.0,,,,,,,,,,,,,,,,,,,,,,,,,,,,,,,,,,,,,,,,,,
578,1,"You should give the maximum of goodwill for STR from December 31, 2024 to July 31, 2025","max(3507_goodwill_prior_fy_end, 3506_goodwill_current_quarter_end)","{""op"": ""max"", ""left"": {""leaf"": ""3507_goodwill_prior_fy_end"", ""depth"": 0}, ""right"": {""leaf"": ""3506_goodwill_current_quarter_end"", ""depth"": 0}, ""depth"": 1}","{""kind"": ""time_agg"", ""op"": ""max"", ""depth"": 0}",3130.0,1,0,1,697798546,495190981,918663111,0.448,0,1,2,3507_goodwill_prior_fy_end,goodwill,goodwill,STR,"December 31, 2024",M_USD,3130.0,3506_goodwill_current_quarter_end,goodwill,goodwill,STR,"July 31, 2025",M_USD,3058.0,,,,,,,,,,,,,,,,,,,,,,,,,,,,,,,,,,,,,,,,,,
579,1,"may you calculate the minimum of Membership and other income for TRD from Six Months Ended July 31, 2024 to Six Months Ended July 31, 2025?","min(2369_membership_and_other_income_prior_year_ytd, 2368_membership_and_other_income_current_ytd)","{""op"": ""min"", ""left"": {""leaf"": ""2369_membership_and_other_income_prior_year_ytd"", ""depth"": 0}, ""right"": {""leaf"": ""2368_membership_and_other_income_current_ytd"", ""depth"": 0}, ""depth"": 1}","{""kind"": ""time_agg"", ""op"": ""min"", ""depth"": 0}",1484.0,3,0,1,449836338,10169138,918663111,0.408,0,1,2,2369_membership_and_other_income_prior_year_ytd,membership_and_other_income,Membership and other income,TRD,"Six Months Ended July 31, 2024",M_USD,1566.0,2368_membership_and_other_income_current_ytd,membership_and_other_income,Membership and other income,TRD,"Six Months Ended July 31, 2025",M_USD,1484.0,,,,,,,,,,,,,,,,,,,,,,,,,,,,,,,,,,,,,,,,,,
580,1,"provide the minimum of total costs and expenses for CLD from Three Months Ended April 30, 2024 to Three Months Ended April 30, 2025","min(3357_total_costs_and_expenses_prior_year_quarter, 3708_total_costs_and_expenses_current_quarter)","{""op"": ""min"", ""left"": {""leaf"": ""3357_total_costs_and_expenses_prior_year_quarter"", ""depth"": 0}, ""right"": {""leaf"": ""3708_total_costs_and_expenses_current_quarter"", ""depth"": 0}, ""depth"": 1}","{""kind"": ""time_agg"", ""op"": ""min"", ""depth"": 0}",2596.0,1,0,1,630209363,558896337,918663111,0.308,0,1,2,3357_total_costs_and_expenses_prior_year_quarter,total_costs_and_expenses,total costs and expenses,CLD,"Three Months Ended April 30, 2024",M_USD,11703.0,3708_total_costs_and_expenses_current_quarter,total_costs_and_expenses,total costs and expenses,CLD,"Three Months Ended April 30, 2025",M_USD,2596.0,,,,,,,,,,,,,,,,,,,,,,,,,,,,,,,,,,,,,,,,,,
581,2,"Provide the average total costs and expenses for TRU from Six Months Ended July 31, 2024 to Six Months Ended July 31, 2025.","ratio(sum(1131_total_costs_and_expenses_prior_year_ytd, 594_total_costs_and_expenses_current_ytd), 2.0)","{""op"": ""ratio"", ""left"": {""op"": ""sum"", ""left"": {""leaf"": ""1131_total_costs_and_expenses_prior_year_ytd"", ""depth"": 0}, ""right"": {""leaf"": ""594_total_costs_and_expenses_current_ytd"", ""depth"": 0}, ""depth"": 1}, ""right"": {""literal"": 2.0, ""depth"": 0}, ""depth"": 2}","{""kind"": ""time_agg"", ""op"": ""avg"", ""depth"": 0}",26496.0,4,0,2,865147318,501871881,918663111,0.29,0,1,2,1131_total_costs_and_expenses_prior_year_ytd,total_costs_and_expenses,total costs and expenses,TRU,"Six Months Ended July 31, 2024",M_USD,22542.0,594_total_costs_and_expenses_current_ytd,total_costs_and_expenses,total costs and expenses,TRU,"Six Months Ended July 31, 2025",M_USD,30450.0,,,,,,,,,,,,,,,,,,,,,,,,,,,,,,,,,,,,,,,,,,
582,1,"give the minimum of current portion of long term debt for HLT from July 31, 2025 to October 31, 2025","min(2448_current_portion_of_long_term_debt_current_quarter_end, 526_current_portion_of_long_term_debt_current_quarter_end)","{""op"": ""min"", ""left"": {""leaf"": ""2448_current_portion_of_long_term_debt_current_quarter_end"", ""depth"": 0}, ""right"": {""leaf"": ""526_current_portion_of_long_term_debt_current_quarter_end"", ""depth"": 0}, ""depth"": 1}","{""kind"": ""time_agg"", ""op"": ""min"", ""depth"": 0}",265.0,4,0,1,538747396,485898383,918663111,0.171,0,1,2,2448_current_portion_of_long_term_debt_current_quarter_end,current_portion_of_long_term_debt,current portion of long term debt,HLT,"July 31, 2025",M_USD,265.0,526_current_portion_of_long_term_debt_current_quarter_end,current_portion_of_long_term_debt,current portion of long term debt,HLT,"October 31, 2025",M_USD,718.0,,,,,,,,,,,,,,,,,,,,,,,,,,,,,,,,,,,,,,,,,,
583,2,"Could you give the average total revenues for SUP from Six Months Ended July 31, 2024 to Six Months Ended July 31, 2025","ratio(sum(2629_total_revenues_prior_year_ytd, 2628_total_revenues_current_ytd), 2.0)","{""op"": ""ratio"", ""left"": {""op"": ""sum"", ""left"": {""leaf"": ""2629_total_revenues_prior_year_ytd"", ""depth"": 0}, ""right"": {""leaf"": ""2628_total_revenues_current_ytd"", ""depth"": 0}, ""depth"": 1}, ""right"": {""literal"": 2.0, ""depth"": 0}, ""depth"": 2}","{""kind"": ""time_agg"", ""op"": ""avg"", ""depth"": 0}",55232.0,3,0,2,400028561,31278425,918663111,0.515,0,1,2,2629_total_revenues_prior_year_ytd,total_revenues,total revenues,SUP,"Six Months Ended July 31, 2024",M_USD,58336.0,2628_total_revenues_current_ytd,total_revenues,total revenues,SUP,"Six Months Ended July 31, 2025",M_USD,52128.0,,,,,,,,,,,,,,,,,,,,,,,,,,,,,,,,,,,,,,,,,,
584,2,"Which value corresponds to the average accounts receivable net for PLX from September 30, 2025 to July 31, 2026 ?","ratio(sum(4394_accounts_receivable_net_current_quarter_end, 4395_accounts_receivable_net_prior_fy_end), 2.0)","{""op"": ""ratio"", ""left"": {""op"": ""sum"", ""left"": {""leaf"": ""4394_accounts_receivable_net_current_quarter_end"", ""depth"": 0}, ""right"": {""leaf"": ""4395_accounts_receivable_net_prior_fy_end"", ""depth"": 0}, ""depth"": 1}, ""right"": {""literal"": 2.0, ""depth"": 0}, ""depth"": 2}","{""kind"": ""time_agg"", ""op"": ""avg"", ""depth"": 0}",2283.5,1,0,2,361293313,615869587,918663111,0.186,0,1,2,4394_accounts_receivable_net_current_quarter_end,accounts_receivable_net,accounts receivable net,PLX,"July 31, 2026",M_USD,2466.0,4395_accounts_receivable_net_prior_fy_end,accounts_receivable_net,accounts receivable net,PLX,"September 30, 2025",M_USD,2101.0,,,,,,,,,,,,,,,,,,,,,,,,,,,,,,,,,,,,,,,,,,
585,1,"which result follows from the maximum of other non current assets for PRD from December 31, 2024 to October 31, 2025 ?","max(1869_other_non_current_assets_prior_fy_end, 1868_other_non_current_assets_current_quarter_end)","{""op"": ""max"", ""left"": {""leaf"": ""1869_other_non_current_assets_prior_fy_end"", ""depth"": 0}, ""right"": {""leaf"": ""1868_other_non_current_assets_current_quarter_end"", ""depth"": 0}, ""depth"": 1}","{""kind"": ""time_agg"", ""op"": ""max"", ""depth"": 0}",1267.0,3,0,1,189823987,180161566,918663111,0.208,0,1,2,1869_other_non_current_assets_prior_fy_end,other_non_current_assets,other non current assets,PRD,"December 31, 2024",M_USD,1145.0,1868_other_non_current_assets_current_quarter_end,other_non_current_assets,other non current assets,PRD,"October 31, 2025",M_USD,1267.0,,,,,,,,,,,,,,,,,,,,,,,,,,,,,,,,,,,,,,,,,,
586,2,"May you give the average current portion of long term debt for MRT from December 31, 2024 to April 30, 2025?","ratio(sum(1398_current_portion_of_long_term_debt_current_quarter_end, 1399_current_portion_of_long_term_debt_prior_fy_end), 2.0)","{""op"": ""ratio"", ""left"": {""op"": ""sum"", ""left"": {""leaf"": ""1398_current_portion_of_long_term_debt_current_quarter_end"", ""depth"": 0}, ""right"": {""leaf"": ""1399_current_portion_of_long_term_debt_prior_fy_end"", ""depth"": 0}, ""depth"": 1}, ""right"": {""literal"": 2.0, ""depth"": 0}, ""depth"": 2}","{""kind"": ""time_agg"", ""op"": ""avg"", ""depth"": 0}",1898.5,4,0,2,783304735,996289625,918663111,0.189,0,1,2,1398_current_portion_of_long_term_debt_current_quarter_end,current_portion_of_long_term_debt,current portion of long term debt,MRT,"April 30, 2025",M_USD,2038.0,1399_current_portion_of_long_term_debt_prior_fy_end,current_portion_of_long_term_debt,current portion of long term debt,MRT,"December 31, 2024",M_USD,1759.0,,,,,,,,,,,,,,,,,,,,,,,,,,,,,,,,,,,,,,,,,,
587,1,"calculate the minimum of operating income for BRX from Three Months Ended July 31, 2024 to Three Months Ended July 31, 2025.","min(361_operating_income_prior_year_quarter, 360_operating_income_current_quarter)","{""op"": ""min"", ""left"": {""leaf"": ""361_operating_income_prior_year_quarter"", ""depth"": 0}, ""right"": {""leaf"": ""360_operating_income_current_quarter"", ""depth"": 0}, ""depth"": 1}","{""kind"": ""time_agg"", ""op"": ""min"", ""depth"": 0}",15417.0,1,0,1,819592885,268609192,918663111,0.173,0,1,2,361_operating_income_prior_year_quarter,operating_income,operating income,BRX,"Three Months Ended July 31, 2024",M_USD,15741.0,360_operating_income_current_quarter,operating_income,operating income,BRX,"Three Months Ended July 31, 2025",M_USD,15417.0,,,,,,,,,,,,,,,,,,,,,,,,,,,,,,,,,,,,,,,,,,
588,1,"Compute the maximum of long term debt for CIV from December 31, 2024 to October 31, 2025","max(3061_long_term_debt_prior_fy_end, 3060_long_term_debt_current_quarter_end)","{""op"": ""max"", ""left"": {""leaf"": ""3061_long_term_debt_prior_fy_end"", ""depth"": 0}, ""right"": {""leaf"": ""3060_long_term_debt_current_quarter_end"", ""depth"": 0}, ""depth"": 1}","{""kind"": ""time_agg"", ""op"": ""max"", ""depth"": 0}",857.0,2,0,1,958946597,190683375,918663111,0.174,0,1,2,3061_long_term_debt_prior_fy_end,long_term_debt,long term debt,CIV,"December 31, 2024",M_USD,801.0,3060_long_term_debt_current_quarter_end,long_term_debt,long term debt,CIV,"October 31, 2025",M_USD,857.0,,,,,,,,,,,,,,,,,,,,,,,,,,,,,,,,,,,,,,,,,,
589,1,"Which value corresponds to the maximum of long term marketable securities for MTX from December 31, 2024 to October 31, 2025?","max(5527_long_term_marketable_securities_prior_fy_end, 5526_long_term_marketable_securities_current_quarter_end)","{""op"": ""max"", ""left"": {""leaf"": ""5527_long_term_marketable_securities_prior_fy_end"", ""depth"": 0}, ""right"": {""leaf"": ""5526_long_term_marketable_securities_current_quarter_end"", ""depth"": 0}, ""depth"": 1}","{""kind"": ""time_agg"", ""op"": ""max"", ""depth"": 0}",2657.0,4,0,1,708989018,130922653,918663111,0.248,0,1,2,5527_long_term_marketable_securities_prior_fy_end,long_term_marketable_securities,long term marketable securities,MTX,"December 31, 2024",M_USD,2291.0,5526_long_term_marketable_securities_current_quarter_end,long_term_marketable_securities,long term marketable securities,MTX,"October 31, 2025",M_USD,2657.0,,,,,,,,,,,,,,,,,,,,,,,,,,,,,,,,,,,,,,,,,,
590,1,"give the maximum of depreciation and amortization for MRT from Three Months Ended April 30, 2024 to Three Months Ended April 30, 2025.","max(1419_depreciation_and_amortization_prior_ytd, 1418_depreciation_and_amortization_current_ytd)","{""op"": ""max"", ""left"": {""leaf"": ""1419_depreciation_and_amortization_prior_ytd"", ""depth"": 0}, ""right"": {""leaf"": ""1418_depreciation_and_amortization_current_ytd"", ""depth"": 0}, ""depth"": 1}","{""kind"": ""time_agg"", ""op"": ""max"", ""depth"": 0}",2477.0,3,0,1,519735022,446688769,918663111,0.579,0,1,2,1419_depreciation_and_amortization_prior_ytd,depreciation_and_amortization,depreciation and amortization,MRT,"Three Months Ended April 30, 2024",M_USD,2477.0,1418_depreciation_and_amortization_current_ytd,depreciation_and_amortization,depreciation and amortization,MRT,"Three Months Ended April 30, 2025",M_USD,2161.0,,,,,,,,,,,,,,,,,,,,,,,,,,,,,,,,,,,,,,,,,,
591,1,"may you calculate the minimum of property plant and equipment net for TRU from December 31, 2024 to July 31, 2025 ?","min(751_property_plant_and_equipment_net_prior_fy_end, 1170_property_plant_and_equipment_net_current_quarter_end)","{""op"": ""min"", ""left"": {""leaf"": ""751_property_plant_and_equipment_net_prior_fy_end"", ""depth"": 0}, ""right"": {""leaf"": ""1170_property_plant_and_equipment_net_current_quarter_end"", ""depth"": 0}, ""depth"": 1}","{""kind"": ""time_agg"", ""op"": ""min"", ""depth"": 0}",1448.0,3,0,1,706301522,536421235,918663111,0.164,0,1,2,751_property_plant_and_equipment_net_prior_fy_end,property_plant_and_equipment_net,property plant and equipment net,TRU,"December 31, 2024",M_USD,1692.0,1170_property_plant_and_equipment_net_current_quarter_end,property_plant_and_equipment_net,property plant and equipment net,TRU,"July 31, 2025",M_USD,1448.0,,,,,,,,,,,,,,,,,,,,,,,,,,,,,,,,,,,,,,,,,,
592,2,"Evaluate the sum of minimum of current portion of long term debt for INF from December 31, 2024 to July 31, 2025 and maximum of Advertising revenue for INF from Three Months Ended July 31, 2024 to Three Months Ended July 31, 2025.","sum(min(3873_current_portion_of_long_term_debt_prior_fy_end, 3872_current_portion_of_long_term_debt_current_quarter_end), max(3913_advertising_revenue_prior_year_quarter, 3907_advertising_revenue_current_quarter))","{""op"": ""sum"", ""left"": {""op"": ""min"", ""left"": {""leaf"": ""3873_current_portion_of_long_term_debt_prior_fy_end"", ""depth"": 0}, ""right"": {""leaf"": ""3872_current_portion_of_long_term_debt_current_quarter_end"", ""depth"": 0}, ""depth"": 1}, ""right"": {""op"": ""max"", ""left"": {""leaf"": ""3913_advertising_revenue_prior_year_quarter"", ""depth"": 0}, ""right"": {""leaf"": ""3907_advertising_revenue_current_quarter"", ""depth"": 0}, ""depth"": 1}, ""depth"": 2}","{""op"": ""sum"", ""left"": {""kind"": ""time_agg"", ""op"": ""min"", ""depth"": 0}, ""right"": {""kind"": ""time_agg"", ""op"": ""max"", ""depth"": 0}, ""depth"": 1, ""kind"": ""node""}",3485.0,2,1,2,280226387,806446931,918663111,0.512,1,2,4,3873_current_portion_of_long_term_debt_prior_fy_end,current_portion_of_long_term_debt,current portion of long term debt,INF,"December 31, 2024",M_USD,704.0,3872_current_portion_of_long_term_debt_current_quarter_end,current_portion_of_long_term_debt,current portion of long term debt,INF,"July 31, 2025",M_USD,705.0,3913_advertising_revenue_prior_year_quarter,advertising_revenue,Advertising revenue,INF,"Three Months Ended July 31, 2024",M_USD,1190.0,3907_advertising_revenue_current_quarter,advertising_revenue,Advertising revenue,INF,"Three Months Ended July 31, 2025",M_USD,2781.0,,,,,,,,,,,,,,,,,,,,,,,,,,,,
593,1,"you should calculate the maximum of selling general and administrative for FAB from Six Months Ended July 31, 2024 to Six Months Ended July 31, 2025 .","max(3941_selling_general_and_administrative_prior_year_ytd, 3940_selling_general_and_administrative_current_ytd)","{""op"": ""max"", ""left"": {""leaf"": ""3941_selling_general_and_administrative_prior_year_ytd"", ""depth"": 0}, ""right"": {""leaf"": ""3940_selling_general_and_administrative_current_ytd"", ""depth"": 0}, ""depth"": 1}","{""kind"": ""time_agg"", ""op"": ""max"", ""depth"": 0}",9190.0,2,0,1,121714245,608667156,918663111,0.332,0,1,2,3941_selling_general_and_administrative_prior_year_ytd,selling_general_and_administrative,selling general and administrative,FAB,"Six Months Ended July 31, 2024",M_USD,9190.0,3940_selling_general_and_administrative_current_ytd,selling_general_and_administrative,selling general and administrative,FAB,"Six Months Ended July 31, 2025",M_USD,8118.0,,,,,,,,,,,,,,,,,,,,,,,,,,,,,,,,,,,,,,,,,,
594,3,"whats the value of the result of ratio of sum of accrued expenses and other for CRZ in December 31, 2024 and accrued expenses and other for CRZ in October 31, 2025 to 2.0 scaled by growth in goodwill for CRZ from December 31, 2024 to October 31, 2025","mul(ratio(sum(4967_accrued_expenses_and_other_prior_fy_end, 4966_accrued_expenses_and_other_current_quarter_end), 2.0), growth(4955_goodwill_prior_fy_end, 4954_goodwill_current_quarter_end))","{""op"": ""mul"", ""left"": {""op"": ""ratio"", ""left"": {""op"": ""sum"", ""left"": {""leaf"": ""4967_accrued_expenses_and_other_prior_fy_end"", ""depth"": 0}, ""right"": {""leaf"": ""4966_accrued_expenses_and_other_current_quarter_end"", ""depth"": 0}, ""depth"": 1}, ""right"": {""literal"": 2.0, ""depth"": 0}, ""depth"": 2}, ""right"": {""op"": ""growth"", ""left"": {""leaf"": ""4955_goodwill_prior_fy_end"", ""depth"": 0}, ""right"": {""leaf"": ""4954_goodwill_current_quarter_end"", ""depth"": 0}, ""depth"": 1}, ""depth"": 3}","{""op"": ""mul"", ""left"": {""kind"": ""time_agg"", ""op"": ""avg"", ""depth"": 0}, ""right"": {""op"": ""growth"", ""left"": {""kind"": ""leaf"", ""semantic_type_in"": [""amount""], ""depth"": 0}, ""right"": {""kind"": ""leaf"", ""semantic_type_in"": [""amount""], ""depth"": 0}, ""depth"": 1, ""kind"": ""node""}, ""depth"": 2, ""kind"": ""node""}",-34.4375,2,2,3,151180327,440886336,918663111,0.168,2,3,4,4967_accrued_expenses_and_other_prior_fy_end,accrued_expenses_and_other,accrued expenses and other,CRZ,"December 31, 2024",M_USD,809.0,4966_accrued_expenses_and_other_current_quarter_end,accrued_expenses_and_other,accrued expenses and other,CRZ,"October 31, 2025",M_USD,844.0,4955_goodwill_prior_fy_end,goodwill,goodwill,CRZ,"December 31, 2024",M_USD,667.0,4954_goodwill_current_quarter_end,goodwill,goodwill,CRZ,"October 31, 2025",M_USD,696.0,,,,,,,,,,,,,,,,,,,,,,,,,,,,
595,2,"You should give the average prepaid expenses and other for PRD from December 31, 2024 to October 31, 2025 .","ratio(sum(1859_prepaid_expenses_and_other_prior_fy_end, 1858_prepaid_expenses_and_other_current_quarter_end), 2.0)","{""op"": ""ratio"", ""left"": {""op"": ""sum"", ""left"": {""leaf"": ""1859_prepaid_expenses_and_other_prior_fy_end"", ""depth"": 0}, ""right"": {""leaf"": ""1858_prepaid_expenses_and_other_current_quarter_end"", ""depth"": 0}, ""depth"": 1}, ""right"": {""literal"": 2.0, ""depth"": 0}, ""depth"": 2}","{""kind"": ""time_agg"", ""op"": ""avg"", ""depth"": 0}",1125.0,2,0,2,679190118,175942598,918663111,0.219,0,1,2,1859_prepaid_expenses_and_other_prior_fy_end,prepaid_expenses_and_other,prepaid expenses and other,PRD,"December 31, 2024",M_USD,1068.0,1858_prepaid_expenses_and_other_current_quarter_end,prepaid_expenses_and_other,prepaid expenses and other,PRD,"October 31, 2025",M_USD,1182.0,,,,,,,,,,,,,,,,,,,,,,,,,,,,,,,,,,,,,,,,,,
596,1,"what is the value of the minimum of provision for income taxes for BRX from Three Months Ended July 31, 2024 to Three Months Ended July 31, 2025 ?","min(369_provision_for_income_taxes_prior_year_quarter, 368_provision_for_income_taxes_current_quarter)","{""op"": ""min"", ""left"": {""leaf"": ""369_provision_for_income_taxes_prior_year_quarter"", ""depth"": 0}, ""right"": {""leaf"": ""368_provision_for_income_taxes_current_quarter"", ""depth"": 0}, ""depth"": 1}","{""kind"": ""time_agg"", ""op"": ""min"", ""depth"": 0}",3942.0,3,0,1,900554487,840081113,918663111,0.467,0,1,2,369_provision_for_income_taxes_prior_year_quarter,provision_for_income_taxes,provision for income taxes,BRX,"Three Months Ended July 31, 2024",M_USD,4025.0,368_provision_for_income_taxes_current_quarter,provision_for_income_taxes,provision for income taxes,BRX,"Three Months Ended July 31, 2025",M_USD,3942.0,,,,,,,,,,,,,,,,,,,,,,,,,,,,,,,,,,,,,,,,,,
597,0,"Whats the value of the total assets for CRX in January 31, 2026?",4612_total_assets_current_quarter_end,"{""leaf"": ""4612_total_assets_current_quarter_end"", ""depth"": 0}","{""kind"": ""leaf"", ""semantic_type_in"": [""amount""], ""depth"": 0}",49147.0,2,0,0,696017268,56066273,918663111,0.428,0,1,1,4612_total_assets_current_quarter_end,total_assets,total assets,CRX,"January 31, 2026",M_USD,49147.0,,,,,,,,,,,,,,,,,,,,,,,,,,,,,,,,,,,,,,,,,,,,,,,,,
598,1,"Determine the maximum of operating income for PRD from Nine Months Ended October 31, 2024 to Nine Months Ended October 31, 2025.","max(1829_operating_income_prior_year_ytd, 1828_operating_income_current_ytd)","{""op"": ""max"", ""left"": {""leaf"": ""1829_operating_income_prior_year_ytd"", ""depth"": 0}, ""right"": {""leaf"": ""1828_operating_income_current_ytd"", ""depth"": 0}, ""depth"": 1}","{""kind"": ""time_agg"", ""op"": ""max"", ""depth"": 0}",12273.0,2,0,1,712462406,613006729,918663111,0.545,0,1,2,1829_operating_income_prior_year_ytd,operating_income,operating income,PRD,"Nine Months Ended October 31, 2024",M_USD,10830.0,1828_operating_income_current_ytd,operating_income,operating income,PRD,"Nine Months Ended October 31, 2025",M_USD,12273.0,,,,,,,,,,,,,,,,,,,,,,,,,,,,,,,,,,,,,,,,,,
599,2,"Which value corresponds to the average current portion of long term debt for MTX from December 31, 2024 to October 31, 2025?","ratio(sum(5545_current_portion_of_long_term_debt_prior_fy_end, 5544_current_portion_of_long_term_debt_current_quarter_end), 2.0)","{""op"": ""ratio"", ""left"": {""op"": ""sum"", ""left"": {""leaf"": ""5545_current_portion_of_long_term_debt_prior_fy_end"", ""depth"": 0}, ""right"": {""leaf"": ""5544_current_portion_of_long_term_debt_current_quarter_end"", ""depth"": 0}, ""depth"": 1}, ""right"": {""literal"": 2.0, ""depth"": 0}, ""depth"": 2}","{""kind"": ""time_agg"", ""op"": ""avg"", ""depth"": 0}",1012.0,1,0,2,839533528,921927581,918663111,0.455,0,1,2,5545_current_portion_of_long_term_debt_prior_fy_end,current_portion_of_long_term_debt,current portion of long term debt,MTX,"December 31, 2024",M_USD,937.0,5544_current_portion_of_long_term_debt_current_quarter_end,current_portion_of_long_term_debt,current portion of long term debt,MTX,"October 31, 2025",M_USD,1087.0,,,,,,,,,,,,,,,,,,,,,,,,,,,,,,,,,,,,,,,,,,
600,2,"could you give the average stock based compensation for TPH from Nine Months Ended October 31, 2024 to Nine Months Ended October 31, 2025?","ratio(sum(2839_stock_based_compensation_prior_ytd, 2838_stock_based_compensation_current_ytd), 2.0)","{""op"": ""ratio"", ""left"": {""op"": ""sum"", ""left"": {""leaf"": ""2839_stock_based_compensation_prior_ytd"", ""depth"": 0}, ""right"": {""leaf"": ""2838_stock_based_compensation_current_ytd"", ""depth"": 0}, ""depth"": 1}, ""right"": {""literal"": 2.0, ""depth"": 0}, ""depth"": 2}","{""kind"": ""time_agg"", ""op"": ""avg"", ""depth"": 0}",524.5,1,0,2,117049154,379333253,918663111,0.47,0,1,2,2839_stock_based_compensation_prior_ytd,stock_based_compensation,stock based compensation,TPH,"Nine Months Ended October 31, 2024",M_USD,530.0,2838_stock_based_compensation_current_ytd,stock_based_compensation,stock based compensation,TPH,"Nine Months Ended October 31, 2025",M_USD,519.0,,,,,,,,,,,,,,,,,,,,,,,,,,,,,,,,,,,,,,,,,,
601,1,"May you calculate the maximum of net cash from operating for TRU from Six Months Ended July 31, 2024 to Six Months Ended July 31, 2025?","max(783_net_cash_from_operating_prior_ytd, 782_net_cash_from_operating_current_ytd)","{""op"": ""max"", ""left"": {""leaf"": ""783_net_cash_from_operating_prior_ytd"", ""depth"": 0}, ""right"": {""leaf"": ""782_net_cash_from_operating_current_ytd"", ""depth"": 0}, ""depth"": 1}","{""kind"": ""time_agg"", ""op"": ""max"", ""depth"": 0}",18139.0,1,0,1,297486026,835174839,918663111,0.125,0,1,2,783_net_cash_from_operating_prior_ytd,net_cash_from_operating,net cash from operating,TRU,"Six Months Ended July 31, 2024",M_USD,18139.0,782_net_cash_from_operating_current_ytd,net_cash_from_operating,net cash from operating,TRU,"Six Months Ended July 31, 2025",M_USD,16755.0,,,,,,,,,,,,,,,,,,,,,,,,,,,,,,,,,,,,,,,,,,
602,2,"determine the average gross profit for PLX from Three Months Ended July 31, 2025 to Three Months Ended July 31, 2026","ratio(sum(4351_gross_profit_prior_year_quarter, 4350_gross_profit_current_quarter), 2.0)","{""op"": ""ratio"", ""left"": {""op"": ""sum"", ""left"": {""leaf"": ""4351_gross_profit_prior_year_quarter"", ""depth"": 0}, ""right"": {""leaf"": ""4350_gross_profit_current_quarter"", ""depth"": 0}, ""depth"": 1}, ""right"": {""literal"": 2.0, ""depth"": 0}, ""depth"": 2}","{""kind"": ""time_agg"", ""op"": ""avg"", ""depth"": 0}",12006.5,1,0,2,870760643,711731449,918663111,0.325,0,1,2,4351_gross_profit_prior_year_quarter,gross_profit,gross profit,PLX,"Three Months Ended July 31, 2025",M_USD,11921.0,4350_gross_profit_current_quarter,gross_profit,gross profit,PLX,"Three Months Ended July 31, 2026",M_USD,12092.0,,,,,,,,,,,,,,,,,,,,,,,,,,,,,,,,,,,,,,,,,,
603,1,"what is the value of the operating income for BRX in Three Months Ended July 31, 2024 ?",operating_income,"{""derived"": ""operating_income"", ""expanded"": {""op"": ""diff"", ""left"": {""leaf"": ""337_total_revenues_prior_year_quarter"", ""depth"": 0}, ""right"": {""leaf"": ""357_total_costs_and_expenses_prior_year_quarter"", ""depth"": 0}, ""depth"": 1}, ""depth"": 1}","{""kind"": ""derived_concept"", ""name"": ""operating_income"", ""depth"": 0}",15741.0,2,0,1,634450177,334396215,918663111,0.393,0,1,2,337_total_revenues_prior_year_quarter,total_revenues,total revenues,BRX,"Three Months Ended July 31, 2024",M_USD,68239.0,357_total_costs_and_expenses_prior_year_quarter,total_costs_and_expenses,total costs and expenses,BRX,"Three Months Ended July 31, 2024",M_USD,52498.0,,,,,,,,,,,,,,,,,,,,,,,,,,,,,,,,,,,,,,,,,,
604,1,"Provide the maximum of other non current liabilities for DTA from December 31, 2024 to April 30, 2025","max(4530_other_non_current_liabilities_current_quarter_end, 4531_other_non_current_liabilities_prior_fy_end)","{""op"": ""max"", ""left"": {""leaf"": ""4530_other_non_current_liabilities_current_quarter_end"", ""depth"": 0}, ""right"": {""leaf"": ""4531_other_non_current_liabilities_prior_fy_end"", ""depth"": 0}, ""depth"": 1}","{""kind"": ""time_agg"", ""op"": ""max"", ""depth"": 0}",380.0,3,0,1,808225406,149678343,918663111,0.273,0,1,2,4530_other_non_current_liabilities_current_quarter_end,other_non_current_liabilities,other non current liabilities,DTA,"April 30, 2025",M_USD,374.0,4531_other_non_current_liabilities_prior_fy_end,other_non_current_liabilities,other non current liabilities,DTA,"December 31, 2024",M_USD,380.0,,,,,,,,,,,,,,,,,,,,,,,,,,,,,,,,,,,,,,,,,,
605,1,"what is the maximum of total non current assets for AST from December 31, 2024 to July 31, 2025","max(4843_total_non_current_assets_prior_fy_end, 4842_total_non_current_assets_current_quarter_end)","{""op"": ""max"", ""left"": {""leaf"": ""4843_total_non_current_assets_prior_fy_end"", ""depth"": 0}, ""right"": {""leaf"": ""4842_total_non_current_assets_current_quarter_end"", ""depth"": 0}, ""depth"": 1}","{""kind"": ""time_agg"", ""op"": ""max"", ""depth"": 0}",10336.0,2,0,1,124494492,177069751,918663111,0.122,0,1,2,4843_total_non_current_assets_prior_fy_end,total_non_current_assets,total non current assets,AST,"December 31, 2024",M_USD,10271.0,4842_total_non_current_assets_current_quarter_end,total_non_current_assets,total non current assets,AST,"July 31, 2025",M_USD,10336.0,,,,,,,,,,,,,,,,,,,,,,,,,,,,,,,,,,,,,,,,,,
606,2,"What's the value of the average accounts receivable net for CLR from December 31, 2024 to October 31, 2025?","ratio(sum(149_accounts_receivable_net_prior_fy_end, 148_accounts_receivable_net_current_quarter_end), 2.0)","{""op"": ""ratio"", ""left"": {""op"": ""sum"", ""left"": {""leaf"": ""149_accounts_receivable_net_prior_fy_end"", ""depth"": 0}, ""right"": {""leaf"": ""148_accounts_receivable_net_current_quarter_end"", ""depth"": 0}, ""depth"": 1}, ""right"": {""literal"": 2.0, ""depth"": 0}, ""depth"": 2}","{""kind"": ""time_agg"", ""op"": ""avg"", ""depth"": 0}",914.5,1,0,2,48794566,417195889,918663111,0.543,0,1,2,149_accounts_receivable_net_prior_fy_end,accounts_receivable_net,accounts receivable net,CLR,"December 31, 2024",M_USD,895.0,148_accounts_receivable_net_current_quarter_end,accounts_receivable_net,accounts receivable net,CLR,"October 31, 2025",M_USD,934.0,,,,,,,,,,,,,,,,,,,,,,,,,,,,,,,,,,,,,,,,,,
607,1,"which result follows from the maximum of total liabilities for PLZ from December 31, 2024 to July 31, 2025","max(2131_total_liabilities_prior_fy_end, 2130_total_liabilities_current_quarter_end)","{""op"": ""max"", ""left"": {""leaf"": ""2131_total_liabilities_prior_fy_end"", ""depth"": 0}, ""right"": {""leaf"": ""2130_total_liabilities_current_quarter_end"", ""depth"": 0}, ""depth"": 1}","{""kind"": ""time_agg"", ""op"": ""max"", ""depth"": 0}",56778.0,3,0,1,247907501,483661369,918663111,0.416,0,1,2,2131_total_liabilities_prior_fy_end,total_liabilities,total liabilities,PLZ,"December 31, 2024",M_USD,55282.0,2130_total_liabilities_current_quarter_end,total_liabilities,total liabilities,PLZ,"July 31, 2025",M_USD,56778.0,,,,,,,,,,,,,,,,,,,,,,,,,,,,,,,,,,,,,,,,,,
608,1,"Which quantity is given by the minimum of total assets for SCI from December 31, 2024 to July 31, 2025?","min(5081_total_assets_prior_fy_end, 5080_total_assets_current_quarter_end)","{""op"": ""min"", ""left"": {""leaf"": ""5081_total_assets_prior_fy_end"", ""depth"": 0}, ""right"": {""leaf"": ""5080_total_assets_current_quarter_end"", ""depth"": 0}, ""depth"": 1}","{""kind"": ""time_agg"", ""op"": ""min"", ""depth"": 0}",4500.0,4,0,1,914956649,224085305,918663111,0.449,0,1,2,5081_total_assets_prior_fy_end,total_assets,total assets,SCI,"December 31, 2024",M_USD,4500.0,5080_total_assets_current_quarter_end,total_assets,total assets,SCI,"July 31, 2025",M_USD,5158.0,,,,,,,,,,,,,,,,,,,,,,,,,,,,,,,,,,,,,,,,,,
609,2,"determine the average total assets for PLZ from December 31, 2024 to July 31, 2025.","ratio(sum(2113_total_assets_prior_fy_end, 2112_total_assets_current_quarter_end), 2.0)","{""op"": ""ratio"", ""left"": {""op"": ""sum"", ""left"": {""leaf"": ""2113_total_assets_prior_fy_end"", ""depth"": 0}, ""right"": {""leaf"": ""2112_total_assets_current_quarter_end"", ""depth"": 0}, ""depth"": 1}, ""right"": {""literal"": 2.0, ""depth"": 0}, ""depth"": 2}","{""kind"": ""time_agg"", ""op"": ""avg"", ""depth"": 0}",74815.5,2,0,2,923412531,950857028,918663111,0.285,0,1,2,2113_total_assets_prior_fy_end,total_assets,total assets,PLZ,"December 31, 2024",M_USD,73817.0,2112_total_assets_current_quarter_end,total_assets,total assets,PLZ,"July 31, 2025",M_USD,75814.0,,,,,,,,,,,,,,,,,,,,,,,,,,,,,,,,,,,,,,,,,,
610,2,"evaluate the average total non current assets for AVX from December 31, 2024 to October 31, 2025.","ratio(sum(1293_total_non_current_assets_prior_fy_end, 1292_total_non_current_assets_current_quarter_end), 2.0)","{""op"": ""ratio"", ""left"": {""op"": ""sum"", ""left"": {""leaf"": ""1293_total_non_current_assets_prior_fy_end"", ""depth"": 0}, ""right"": {""leaf"": ""1292_total_non_current_assets_current_quarter_end"", ""depth"": 0}, ""depth"": 1}, ""right"": {""literal"": 2.0, ""depth"": 0}, ""depth"": 2}","{""kind"": ""time_agg"", ""op"": ""avg"", ""depth"": 0}",892.0,3,0,2,17369577,585081322,918663111,0.203,0,1,2,1293_total_non_current_assets_prior_fy_end,total_non_current_assets,total non current assets,AVX,"December 31, 2024",M_USD,900.0,1292_total_non_current_assets_current_quarter_end,total_non_current_assets,total non current assets,AVX,"October 31, 2025",M_USD,884.0,,,,,,,,,,,,,,,,,,,,,,,,,,,,,,,,,,,,,,,,,,
611,1,"What is the value of the maximum of research and development for BRX from Three Months Ended July 31, 2024 to Three Months Ended July 31, 2025?","max(349_research_and_development_prior_year_quarter, 348_research_and_development_current_quarter)","{""op"": ""max"", ""left"": {""leaf"": ""349_research_and_development_prior_year_quarter"", ""depth"": 0}, ""right"": {""leaf"": ""348_research_and_development_current_quarter"", ""depth"": 0}, ""depth"": 1}","{""kind"": ""time_agg"", ""op"": ""max"", ""depth"": 0}",537.0,3,0,1,752923863,324923957,918663111,0.195,0,1,2,349_research_and_development_prior_year_quarter,research_and_development,research and development,BRX,"Three Months Ended July 31, 2024",M_USD,537.0,348_research_and_development_current_quarter,research_and_development,research and development,BRX,"Three Months Ended July 31, 2025",M_USD,526.0,,,,,,,,,,,,,,,,,,,,,,,,,,,,,,,,,,,,,,,,,,
612,1,"may you give the maximum of total liabilities for SCI from December 31, 2024 to July 31, 2025?","max(5099_total_liabilities_prior_fy_end, 5098_total_liabilities_current_quarter_end)","{""op"": ""max"", ""left"": {""leaf"": ""5099_total_liabilities_prior_fy_end"", ""depth"": 0}, ""right"": {""leaf"": ""5098_total_liabilities_current_quarter_end"", ""depth"": 0}, ""depth"": 1}","{""kind"": ""time_agg"", ""op"": ""max"", ""depth"": 0}",3551.0,2,0,1,418394848,925077550,918663111,0.149,0,1,2,5099_total_liabilities_prior_fy_end,total_liabilities,total liabilities,SCI,"December 31, 2024",M_USD,3098.0,5098_total_liabilities_current_quarter_end,total_liabilities,total liabilities,SCI,"July 31, 2025",M_USD,3551.0,,,,,,,,,,,,,,,,,,,,,,,,,,,,,,,,,,,,,,,,,,
613,1,"determine the maximum of research and development for GRD from Six Months Ended July 31, 2024 to Six Months Ended July 31, 2025.","max(239_research_and_development_prior_year_ytd, 238_research_and_development_current_ytd)","{""op"": ""max"", ""left"": {""leaf"": ""239_research_and_development_prior_year_ytd"", ""depth"": 0}, ""right"": {""leaf"": ""238_research_and_development_current_ytd"", ""depth"": 0}, ""depth"": 1}","{""kind"": ""time_agg"", ""op"": ""max"", ""depth"": 0}",234.0,1,0,1,111866709,669577883,918663111,0.131,0,1,2,239_research_and_development_prior_year_ytd,research_and_development,research and development,GRD,"Six Months Ended July 31, 2024",M_USD,234.0,238_research_and_development_current_ytd,research_and_development,research and development,GRD,"Six Months Ended July 31, 2025",M_USD,204.0,,,,,,,,,,,,,,,,,,,,,,,,,,,,,,,,,,,,,,,,,,
614,1,"whats the value of the maximum of Services for CRX from Three Months Ended January 31, 2025 to Three Months Ended January 31, 2026 ?","max(4661_services_prior_year_quarter, 4655_services_current_quarter)","{""op"": ""max"", ""left"": {""leaf"": ""4661_services_prior_year_quarter"", ""depth"": 0}, ""right"": {""leaf"": ""4655_services_current_quarter"", ""depth"": 0}, ""depth"": 1}","{""kind"": ""time_agg"", ""op"": ""max"", ""depth"": 0}",14457.0,1,0,1,561816179,270592134,918663111,0.516,0,1,2,4661_services_prior_year_quarter,services,Services,CRX,"Three Months Ended January 31, 2025",M_USD,5303.0,4655_services_current_quarter,services,Services,CRX,"Three Months Ended January 31, 2026",M_USD,14457.0,,,,,,,,,,,,,,,,,,,,,,,,,,,,,,,,,,,,,,,,,,
615,0,"Which quantity is given by the other non current assets for PRD in December 31, 2024?",1869_other_non_current_assets_prior_fy_end,"{""leaf"": ""1869_other_non_current_assets_prior_fy_end"", ""depth"": 0}","{""kind"": ""leaf"", ""semantic_type_in"": [""amount""], ""depth"": 0}",1145.0,3,0,0,316086287,452493335,918663111,0.41,0,1,1,1869_other_non_current_assets_prior_fy_end,other_non_current_assets,other non current assets,PRD,"December 31, 2024",M_USD,1145.0,,,,,,,,,,,,,,,,,,,,,,,,,,,,,,,,,,,,,,,,,,,,,,,,,
616,1,"which quantity is given by the minimum of long term debt for QRK from September 30, 2025 to April 30, 2026 ?","min(3652_long_term_debt_current_quarter_end, 3653_long_term_debt_prior_fy_end)","{""op"": ""min"", ""left"": {""leaf"": ""3652_long_term_debt_current_quarter_end"", ""depth"": 0}, ""right"": {""leaf"": ""3653_long_term_debt_prior_fy_end"", ""depth"": 0}, ""depth"": 1}","{""kind"": ""time_agg"", ""op"": ""min"", ""depth"": 0}",25535.0,4,0,1,536871527,318321892,918663111,0.13,0,1,2,3652_long_term_debt_current_quarter_end,long_term_debt,long term debt,QRK,"April 30, 2026",M_USD,25535.0,3653_long_term_debt_prior_fy_end,long_term_debt,long term debt,QRK,"September 30, 2025",M_USD,27014.0,,,,,,,,,,,,,,,,,,,,,,,,,,,,,,,,,,,,,,,,,,
617,1,"you should calculate the maximum of stock based compensation for FIN from Three Months Ended April 30, 2024 to Three Months Ended April 30, 2025 .","max(4327_stock_based_compensation_prior_ytd, 4326_stock_based_compensation_current_ytd)","{""op"": ""max"", ""left"": {""leaf"": ""4327_stock_based_compensation_prior_ytd"", ""depth"": 0}, ""right"": {""leaf"": ""4326_stock_based_compensation_current_ytd"", ""depth"": 0}, ""depth"": 1}","{""kind"": ""time_agg"", ""op"": ""max"", ""depth"": 0}",169.0,1,0,1,969922202,307540181,918663111,0.466,0,1,2,4327_stock_based_compensation_prior_ytd,stock_based_compensation,stock based compensation,FIN,"Three Months Ended April 30, 2024",M_USD,169.0,4326_stock_based_compensation_current_ytd,stock_based_compensation,stock based compensation,FIN,"Three Months Ended April 30, 2025",M_USD,161.0,,,,,,,,,,,,,,,,,,,,,,,,,,,,,,,,,,,,,,,,,,
618,1,"may you calculate the maximum of operating income for TRD from Three Months Ended July 31, 2024 to Three Months Ended July 31, 2025?","max(2279_operating_income_prior_year_quarter, 2278_operating_income_current_quarter)","{""op"": ""max"", ""left"": {""leaf"": ""2279_operating_income_prior_year_quarter"", ""depth"": 0}, ""right"": {""leaf"": ""2278_operating_income_current_quarter"", ""depth"": 0}, ""depth"": 1}","{""kind"": ""time_agg"", ""op"": ""max"", ""depth"": 0}",3770.0,1,0,1,51775717,541491612,918663111,0.33,0,1,2,2279_operating_income_prior_year_quarter,operating_income,operating income,TRD,"Three Months Ended July 31, 2024",M_USD,3770.0,2278_operating_income_current_quarter,operating_income,operating income,TRD,"Three Months Ended July 31, 2025",M_USD,3572.0,,,,,,,,,,,,,,,,,,,,,,,,,,,,,,,,,,,,,,,,,,
619,4,"provide the difference between total current liabilities and total assets for INF in July 31, 2025 .","diff(total_current_liabilities, 3864_total_assets_current_quarter_end)","{""op"": ""diff"", ""left"": {""derived"": ""total_current_liabilities"", ""expanded"": {""op"": ""sum"", ""left"": {""op"": ""sum"", ""left"": {""op"": ""sum"", ""left"": {""leaf"": ""3866_accounts_payable_current_quarter_end"", ""depth"": 0}, ""right"": {""leaf"": ""3868_deferred_revenue_current_current_quarter_end"", ""depth"": 0}, ""depth"": 1}, ""right"": {""leaf"": ""3870_accrued_expenses_and_other_current_quarter_end"", ""depth"": 0}, ""depth"": 2}, ""right"": {""leaf"": ""3872_current_portion_of_long_term_debt_current_quarter_end"", ""depth"": 0}, ""depth"": 3}, ""depth"": 3}, ""right"": {""leaf"": ""3864_total_assets_current_quarter_end"", ""depth"": 0}, ""depth"": 4}","{""op"": ""diff"", ""left"": {""kind"": ""derived_concept"", ""name"": ""total_current_liabilities"", ""depth"": 0}, ""right"": {""kind"": ""leaf"", ""semantic_type_in"": [""amount""], ""depth"": 0}, ""depth"": 1, ""kind"": ""node""}",-12717.0,3,1,4,785908399,371504480,918663111,0.23,1,2,5,3866_accounts_payable_current_quarter_end,accounts_payable,accounts payable,INF,"July 31, 2025",M_USD,4430.0,3868_deferred_revenue_current_current_quarter_end,deferred_revenue_current,deferred revenue current,INF,"July 31, 2025",M_USD,925.0,3870_accrued_expenses_and_other_current_quarter_end,accrued_expenses_and_other,accrued expenses and other,INF,"July 31, 2025",M_USD,1065.0,3872_current_portion_of_long_term_debt_current_quarter_end,current_portion_of_long_term_debt,current portion of long term debt,INF,"July 31, 2025",M_USD,705.0,3864_total_assets_current_quarter_end,total_assets,total assets,INF,"July 31, 2025",M_USD,19842.0,,,,,,,,,,,,,,,,,,,,,
620,1,"what is the minimum of selling general and administrative for BLD from Six Months Ended July 31, 2024 to Six Months Ended July 31, 2025","min(5285_selling_general_and_administrative_prior_year_ytd, 2884_selling_general_and_administrative_current_ytd)","{""op"": ""min"", ""left"": {""leaf"": ""5285_selling_general_and_administrative_prior_year_ytd"", ""depth"": 0}, ""right"": {""leaf"": ""2884_selling_general_and_administrative_current_ytd"", ""depth"": 0}, ""depth"": 1}","{""kind"": ""time_agg"", ""op"": ""min"", ""depth"": 0}",1450.0,2,0,1,144911418,215007519,918663111,0.464,0,1,2,5285_selling_general_and_administrative_prior_year_ytd,selling_general_and_administrative,selling general and administrative,BLD,"Six Months Ended July 31, 2024",M_USD,3262.0,2884_selling_general_and_administrative_current_ytd,selling_general_and_administrative,selling general and administrative,BLD,"Six Months Ended July 31, 2025",M_USD,1450.0,,,,,,,,,,,,,,,,,,,,,,,,,,,,,,,,,,,,,,,,,,
621,2,"What would be the average property plant and equipment net for FIN from December 31, 2024 to April 30, 2025 ?","ratio(sum(4288_property_plant_and_equipment_net_current_quarter_end, 4289_property_plant_and_equipment_net_prior_fy_end), 2.0)","{""op"": ""ratio"", ""left"": {""op"": ""sum"", ""left"": {""leaf"": ""4288_property_plant_and_equipment_net_current_quarter_end"", ""depth"": 0}, ""right"": {""leaf"": ""4289_property_plant_and_equipment_net_prior_fy_end"", ""depth"": 0}, ""depth"": 1}, ""right"": {""literal"": 2.0, ""depth"": 0}, ""depth"": 2}","{""kind"": ""time_agg"", ""op"": ""avg"", ""depth"": 0}",738.5,2,0,2,37542697,379069173,918663111,0.226,0,1,2,4288_property_plant_and_equipment_net_current_quarter_end,property_plant_and_equipment_net,property plant and equipment net,FIN,"April 30, 2025",M_USD,781.0,4289_property_plant_and_equipment_net_prior_fy_end,property_plant_and_equipment_net,property plant and equipment net,FIN,"December 31, 2024",M_USD,696.0,,,,,,,,,,,,,,,,,,,,,,,,,,,,,,,,,,,,,,,,,,
622,2,"State the average stock based compensation for CLD from Three Months Ended April 30, 2024 to Three Months Ended April 30, 2025","ratio(sum(3423_stock_based_compensation_prior_ytd, 3422_stock_based_compensation_current_ytd), 2.0)","{""op"": ""ratio"", ""left"": {""op"": ""sum"", ""left"": {""leaf"": ""3423_stock_based_compensation_prior_ytd"", ""depth"": 0}, ""right"": {""leaf"": ""3422_stock_based_compensation_current_ytd"", ""depth"": 0}, ""depth"": 1}, ""right"": {""literal"": 2.0, ""depth"": 0}, ""depth"": 2}","{""kind"": ""time_agg"", ""op"": ""avg"", ""depth"": 0}",159.0,2,0,2,481214531,520109476,918663111,0.499,0,1,2,3423_stock_based_compensation_prior_ytd,stock_based_compensation,stock based compensation,CLD,"Three Months Ended April 30, 2024",M_USD,156.0,3422_stock_based_compensation_current_ytd,stock_based_compensation,stock based compensation,CLD,"Three Months Ended April 30, 2025",M_USD,162.0,,,,,,,,,,,,,,,,,,,,,,,,,,,,,,,,,,,,,,,,,,
623,1,"could you give the minimum of accounts payable for TPH from December 31, 2024 to October 31, 2025","min(2811_accounts_payable_prior_fy_end, 2810_accounts_payable_current_quarter_end)","{""op"": ""min"", ""left"": {""leaf"": ""2811_accounts_payable_prior_fy_end"", ""depth"": 0}, ""right"": {""leaf"": ""2810_accounts_payable_current_quarter_end"", ""depth"": 0}, ""depth"": 1}","{""kind"": ""time_agg"", ""op"": ""min"", ""depth"": 0}",2183.0,3,0,1,551117017,760877040,918663111,0.15,0,1,2,2811_accounts_payable_prior_fy_end,accounts_payable,accounts payable,TPH,"December 31, 2024",M_USD,2183.0,2810_accounts_payable_current_quarter_end,accounts_payable,accounts payable,TPH,"October 31, 2025",M_USD,2223.0,,,,,,,,,,,,,,,,,,,,,,,,,,,,,,,,,,,,,,,,,,
624,1,"calculate the maximum of prepaid expenses and other for PRD from December 31, 2024 to October 31, 2025.","max(1859_prepaid_expenses_and_other_prior_fy_end, 1858_prepaid_expenses_and_other_current_quarter_end)","{""op"": ""max"", ""left"": {""leaf"": ""1859_prepaid_expenses_and_other_prior_fy_end"", ""depth"": 0}, ""right"": {""leaf"": ""1858_prepaid_expenses_and_other_current_quarter_end"", ""depth"": 0}, ""depth"": 1}","{""kind"": ""time_agg"", ""op"": ""max"", ""depth"": 0}",1182.0,4,0,1,819675635,176216515,918663111,0.527,0,1,2,1859_prepaid_expenses_and_other_prior_fy_end,prepaid_expenses_and_other,prepaid expenses and other,PRD,"December 31, 2024",M_USD,1068.0,1858_prepaid_expenses_and_other_current_quarter_end,prepaid_expenses_and_other,prepaid expenses and other,PRD,"October 31, 2025",M_USD,1182.0,,,,,,,,,,,,,,,,,,,,,,,,,,,,,,,,,,,,,,,,,,
625,2,"what is the average cash and cash equivalents for AVX from December 31, 2024 to October 31, 2025 ?","ratio(sum(1273_cash_and_cash_equivalents_prior_fy_end, 1272_cash_and_cash_equivalents_current_quarter_end), 2.0)","{""op"": ""ratio"", ""left"": {""op"": ""sum"", ""left"": {""leaf"": ""1273_cash_and_cash_equivalents_prior_fy_end"", ""depth"": 0}, ""right"": {""leaf"": ""1272_cash_and_cash_equivalents_current_quarter_end"", ""depth"": 0}, ""depth"": 1}, ""right"": {""literal"": 2.0, ""depth"": 0}, ""depth"": 2}","{""kind"": ""time_agg"", ""op"": ""avg"", ""depth"": 0}",212.0,2,0,2,740459296,328910420,918663111,0.23,0,1,2,1273_cash_and_cash_equivalents_prior_fy_end,cash_and_cash_equivalents,cash and cash equivalents,AVX,"December 31, 2024",M_USD,214.0,1272_cash_and_cash_equivalents_current_quarter_end,cash_and_cash_equivalents,cash and cash equivalents,AVX,"October 31, 2025",M_USD,210.0,,,,,,,,,,,,,,,,,,,,,,,,,,,,,,,,,,,,,,,,,,
626,1,"what's the value of the maximum of total costs and expenses for CLD from Three Months Ended April 30, 2024 to Three Months Ended April 30, 2025?","max(3709_total_costs_and_expenses_prior_year_quarter, 3356_total_costs_and_expenses_current_quarter)","{""op"": ""max"", ""left"": {""leaf"": ""3709_total_costs_and_expenses_prior_year_quarter"", ""depth"": 0}, ""right"": {""leaf"": ""3356_total_costs_and_expenses_current_quarter"", ""depth"": 0}, ""depth"": 1}","{""kind"": ""time_agg"", ""op"": ""max"", ""depth"": 0}",12120.0,2,0,1,903622194,847150659,918663111,0.35,0,1,2,3709_total_costs_and_expenses_prior_year_quarter,total_costs_and_expenses,total costs and expenses,CLD,"Three Months Ended April 30, 2024",M_USD,2591.0,3356_total_costs_and_expenses_current_quarter,total_costs_and_expenses,total costs and expenses,CLD,"Three Months Ended April 30, 2025",M_USD,12120.0,,,,,,,,,,,,,,,,,,,,,,,,,,,,,,,,,,,,,,,,,,
627,1,"Give the minimum of net cash from operating for MED from Nine Months Ended October 31, 2024 to Nine Months Ended October 31, 2025","min(1079_net_cash_from_operating_prior_ytd, 2008_net_cash_from_operating_current_ytd)","{""op"": ""min"", ""left"": {""leaf"": ""1079_net_cash_from_operating_prior_ytd"", ""depth"": 0}, ""right"": {""leaf"": ""2008_net_cash_from_operating_current_ytd"", ""depth"": 0}, ""depth"": 1}","{""kind"": ""time_agg"", ""op"": ""min"", ""depth"": 0}",2905.0,1,0,1,260523275,428823976,918663111,0.13,0,1,2,1079_net_cash_from_operating_prior_ytd,net_cash_from_operating,net cash from operating,MED,"Nine Months Ended October 31, 2024",M_USD,2905.0,2008_net_cash_from_operating_current_ytd,net_cash_from_operating,net cash from operating,MED,"Nine Months Ended October 31, 2025",M_USD,3107.0,,,,,,,,,,,,,,,,,,,,,,,,,,,,,,,,,,,,,,,,,,
628,1,"provide the maximum of total non current assets for QRK from September 30, 2025 to April 30, 2026.","max(3638_total_non_current_assets_current_quarter_end, 3639_total_non_current_assets_prior_fy_end)","{""op"": ""max"", ""left"": {""leaf"": ""3638_total_non_current_assets_current_quarter_end"", ""depth"": 0}, ""right"": {""leaf"": ""3639_total_non_current_assets_prior_fy_end"", ""depth"": 0}, ""depth"": 1}","{""kind"": ""time_agg"", ""op"": ""max"", ""depth"": 0}",57656.0,3,0,1,157307746,965107673,918663111,0.279,0,1,2,3638_total_non_current_assets_current_quarter_end,total_non_current_assets,total non current assets,QRK,"April 30, 2026",M_USD,54500.0,3639_total_non_current_assets_prior_fy_end,total_non_current_assets,total non current assets,QRK,"September 30, 2025",M_USD,57656.0,,,,,,,,,,,,,,,,,,,,,,,,,,,,,,,,,,,,,,,,,,
629,1,"Which quantity is given by the minimum of net cash from operating for SCI from Six Months Ended July 31, 2024 to Six Months Ended July 31, 2025 ?","min(5105_net_cash_from_operating_prior_ytd, 5104_net_cash_from_operating_current_ytd)","{""op"": ""min"", ""left"": {""leaf"": ""5105_net_cash_from_operating_prior_ytd"", ""depth"": 0}, ""right"": {""leaf"": ""5104_net_cash_from_operating_current_ytd"", ""depth"": 0}, ""depth"": 1}","{""kind"": ""time_agg"", ""op"": ""min"", ""depth"": 0}",1762.0,3,0,1,977642003,941615278,918663111,0.507,0,1,2,5105_net_cash_from_operating_prior_ytd,net_cash_from_operating,net cash from operating,SCI,"Six Months Ended July 31, 2024",M_USD,1762.0,5104_net_cash_from_operating_current_ytd,net_cash_from_operating,net cash from operating,SCI,"Six Months Ended July 31, 2025",M_USD,1884.0,,,,,,,,,,,,,,,,,,,,,,,,,,,,,,,,,,,,,,,,,,
630,2,"may you give the average total non current assets for MDI from December 31, 2024 to October 31, 2025","ratio(sum(5647_total_non_current_assets_prior_fy_end, 5646_total_non_current_assets_current_quarter_end), 2.0)","{""op"": ""ratio"", ""left"": {""op"": ""sum"", ""left"": {""leaf"": ""5647_total_non_current_assets_prior_fy_end"", ""depth"": 0}, ""right"": {""leaf"": ""5646_total_non_current_assets_current_quarter_end"", ""depth"": 0}, ""depth"": 1}, ""right"": {""literal"": 2.0, ""depth"": 0}, ""depth"": 2}","{""kind"": ""time_agg"", ""op"": ""avg"", ""depth"": 0}",9592.5,2,0,2,825087617,558259931,918663111,0.158,0,1,2,5647_total_non_current_assets_prior_fy_end,total_non_current_assets,total non current assets,MDI,"December 31, 2024",M_USD,9669.0,5646_total_non_current_assets_current_quarter_end,total_non_current_assets,total non current assets,MDI,"October 31, 2025",M_USD,9516.0,,,,,,,,,,,,,,,,,,,,,,,,,,,,,,,,,,,,,,,,,,
631,2,"Provide the average total liabilities for INF from December 31, 2024 to July 31, 2025.","ratio(sum(3883_total_liabilities_prior_fy_end, 3882_total_liabilities_current_quarter_end), 2.0)","{""op"": ""ratio"", ""left"": {""op"": ""sum"", ""left"": {""leaf"": ""3883_total_liabilities_prior_fy_end"", ""depth"": 0}, ""right"": {""leaf"": ""3882_total_liabilities_current_quarter_end"", ""depth"": 0}, ""depth"": 1}, ""right"": {""literal"": 2.0, ""depth"": 0}, ""depth"": 2}","{""kind"": ""time_agg"", ""op"": ""avg"", ""depth"": 0}",12084.0,2,0,2,130989996,777891820,918663111,0.346,0,1,2,3883_total_liabilities_prior_fy_end,total_liabilities,total liabilities,INF,"December 31, 2024",M_USD,12077.0,3882_total_liabilities_current_quarter_end,total_liabilities,total liabilities,INF,"July 31, 2025",M_USD,12091.0,,,,,,,,,,,,,,,,,,,,,,,,,,,,,,,,,,,,,,,,,,
632,1,"What does the following give: maximum of prepaid expenses and other for JTX from December 31, 2024 to April 30, 2025?","max(4192_prepaid_expenses_and_other_current_quarter_end, 4193_prepaid_expenses_and_other_prior_fy_end)","{""op"": ""max"", ""left"": {""leaf"": ""4192_prepaid_expenses_and_other_current_quarter_end"", ""depth"": 0}, ""right"": {""leaf"": ""4193_prepaid_expenses_and_other_prior_fy_end"", ""depth"": 0}, ""depth"": 1}","{""kind"": ""time_agg"", ""op"": ""max"", ""depth"": 0}",316.0,2,0,1,146888923,449844920,918663111,0.475,0,1,2,4192_prepaid_expenses_and_other_current_quarter_end,prepaid_expenses_and_other,prepaid expenses and other,JTX,"April 30, 2025",M_USD,316.0,4193_prepaid_expenses_and_other_prior_fy_end,prepaid_expenses_and_other,prepaid expenses and other,JTX,"December 31, 2024",M_USD,315.0,,,,,,,,,,,,,,,,,,,,,,,,,,,,,,,,,,,,,,,,,,
633,2,"which quantity is given by the average total current liabilities for PRF from December 31, 2024 to October 31, 2025 ?","ratio(sum(2215_total_current_liabilities_prior_fy_end, 2578_total_current_liabilities_current_quarter_end), 2.0)","{""op"": ""ratio"", ""left"": {""op"": ""sum"", ""left"": {""leaf"": ""2215_total_current_liabilities_prior_fy_end"", ""depth"": 0}, ""right"": {""leaf"": ""2578_total_current_liabilities_current_quarter_end"", ""depth"": 0}, ""depth"": 1}, ""right"": {""literal"": 2.0, ""depth"": 0}, ""depth"": 2}","{""kind"": ""time_agg"", ""op"": ""avg"", ""depth"": 0}",2087.5,1,0,2,2954428,402762614,918663111,0.353,0,1,2,2215_total_current_liabilities_prior_fy_end,total_current_liabilities,total current liabilities,PRF,"December 31, 2024",M_USD,438.0,2578_total_current_liabilities_current_quarter_end,total_current_liabilities,total current liabilities,PRF,"October 31, 2025",M_USD,3737.0,,,,,,,,,,,,,,,,,,,,,,,,,,,,,,,,,,,,,,,,,,
634,2,"State the average other non current assets for VRX from December 31, 2024 to July 31, 2025.","ratio(sum(3157_other_non_current_assets_prior_fy_end, 3156_other_non_current_assets_current_quarter_end), 2.0)","{""op"": ""ratio"", ""left"": {""op"": ""sum"", ""left"": {""leaf"": ""3157_other_non_current_assets_prior_fy_end"", ""depth"": 0}, ""right"": {""leaf"": ""3156_other_non_current_assets_current_quarter_end"", ""depth"": 0}, ""depth"": 1}, ""right"": {""literal"": 2.0, ""depth"": 0}, ""depth"": 2}","{""kind"": ""time_agg"", ""op"": ""avg"", ""depth"": 0}",490.0,2,0,2,798907161,613103741,918663111,0.252,0,1,2,3157_other_non_current_assets_prior_fy_end,other_non_current_assets,other non current assets,VRX,"December 31, 2024",M_USD,477.0,3156_other_non_current_assets_current_quarter_end,other_non_current_assets,other non current assets,VRX,"July 31, 2025",M_USD,503.0,,,,,,,,,,,,,,,,,,,,,,,,,,,,,,,,,,,,,,,,,,
635,2,"evaluate the maximum of other non current assets for MED from December 31, 2024 to October 31, 2025","max(max(1981_other_non_current_assets_prior_fy_end, 1740_other_non_current_assets_current_quarter_end), 1050_other_non_current_assets_current_quarter_end)","{""op"": ""max"", ""left"": {""op"": ""max"", ""left"": {""leaf"": ""1981_other_non_current_assets_prior_fy_end"", ""depth"": 0}, ""right"": {""leaf"": ""1740_other_non_current_assets_current_quarter_end"", ""depth"": 0}, ""depth"": 1}, ""right"": {""leaf"": ""1050_other_non_current_assets_current_quarter_end"", ""depth"": 0}, ""depth"": 2}","{""kind"": ""time_agg"", ""op"": ""max"", ""depth"": 0}",777.0,1,0,2,585015935,72285166,918663111,0.279,0,1,3,1981_other_non_current_assets_prior_fy_end,other_non_current_assets,other non current assets,MED,"December 31, 2024",M_USD,176.0,1740_other_non_current_assets_current_quarter_end,other_non_current_assets,other non current assets,MED,"July 31, 2025",M_USD,777.0,1050_other_non_current_assets_current_quarter_end,other_non_current_assets,other non current assets,MED,"October 31, 2025",M_USD,514.0,,,,,,,,,,,,,,,,,,,,,,,,,,,,,,,,,,,
636,2,"You should give the average long term debt for MRT from December 31, 2024 to April 30, 2025","ratio(sum(1402_long_term_debt_current_quarter_end, 1403_long_term_debt_prior_fy_end), 2.0)","{""op"": ""ratio"", ""left"": {""op"": ""sum"", ""left"": {""leaf"": ""1402_long_term_debt_current_quarter_end"", ""depth"": 0}, ""right"": {""leaf"": ""1403_long_term_debt_prior_fy_end"", ""depth"": 0}, ""depth"": 1}, ""right"": {""literal"": 2.0, ""depth"": 0}, ""depth"": 2}","{""kind"": ""time_agg"", ""op"": ""avg"", ""depth"": 0}",11566.0,1,0,2,212021546,826927073,918663111,0.404,0,1,2,1402_long_term_debt_current_quarter_end,long_term_debt,long term debt,MRT,"April 30, 2025",M_USD,12414.0,1403_long_term_debt_prior_fy_end,long_term_debt,long term debt,MRT,"December 31, 2024",M_USD,10718.0,,,,,,,,,,,,,,,,,,,,,,,,,,,,,,,,,,,,,,,,,,
637,2,"What does the following give: average total costs and expenses for JTX from Three Months Ended April 30, 2024 to Three Months Ended April 30, 2025 ?","ratio(sum(4171_total_costs_and_expenses_prior_year_quarter, 4170_total_costs_and_expenses_current_quarter), 2.0)","{""op"": ""ratio"", ""left"": {""op"": ""sum"", ""left"": {""leaf"": ""4171_total_costs_and_expenses_prior_year_quarter"", ""depth"": 0}, ""right"": {""leaf"": ""4170_total_costs_and_expenses_current_quarter"", ""depth"": 0}, ""depth"": 1}, ""right"": {""literal"": 2.0, ""depth"": 0}, ""depth"": 2}","{""kind"": ""time_agg"", ""op"": ""avg"", ""depth"": 0}",11213.5,2,0,2,33014589,799227461,918663111,0.573,0,1,2,4171_total_costs_and_expenses_prior_year_quarter,total_costs_and_expenses,total costs and expenses,JTX,"Three Months Ended April 30, 2024",M_USD,11096.0,4170_total_costs_and_expenses_current_quarter,total_costs_and_expenses,total costs and expenses,JTX,"Three Months Ended April 30, 2025",M_USD,11331.0,,,,,,,,,,,,,,,,,,,,,,,,,,,,,,,,,,,,,,,,,,
638,2,"Evaluate the average total revenues for VTL from Three Months Ended April 30, 2024 to Three Months Ended April 30, 2025.","ratio(sum(1_total_revenues_prior_year_quarter, 0_total_revenues_current_quarter), 2.0)","{""op"": ""ratio"", ""left"": {""op"": ""sum"", ""left"": {""leaf"": ""1_total_revenues_prior_year_quarter"", ""depth"": 0}, ""right"": {""leaf"": ""0_total_revenues_current_quarter"", ""depth"": 0}, ""depth"": 1}, ""right"": {""literal"": 2.0, ""depth"": 0}, ""depth"": 2}","{""kind"": ""time_agg"", ""op"": ""avg"", ""depth"": 0}",1694.0,2,0,2,448521374,768597082,918663111,0.399,0,1,2,1_total_revenues_prior_year_quarter,total_revenues,total revenues,VTL,"Three Months Ended April 30, 2024",M_USD,1686.0,0_total_revenues_current_quarter,total_revenues,total revenues,VTL,"Three Months Ended April 30, 2025",M_USD,1702.0,,,,,,,,,,,,,,,,,,,,,,,,,,,,,,,,,,,,,,,,,,
639,2,"state the average current portion of long term debt for CRF from December 31, 2024 to October 31, 2025","ratio(sum(1641_current_portion_of_long_term_debt_prior_fy_end, 1640_current_portion_of_long_term_debt_current_quarter_end), 2.0)","{""op"": ""ratio"", ""left"": {""op"": ""sum"", ""left"": {""leaf"": ""1641_current_portion_of_long_term_debt_prior_fy_end"", ""depth"": 0}, ""right"": {""leaf"": ""1640_current_portion_of_long_term_debt_current_quarter_end"", ""depth"": 0}, ""depth"": 1}, ""right"": {""literal"": 2.0, ""depth"": 0}, ""depth"": 2}","{""kind"": ""time_agg"", ""op"": ""avg"", ""depth"": 0}",625.0,1,0,2,395713797,728727720,918663111,0.445,0,1,2,1641_current_portion_of_long_term_debt_prior_fy_end,current_portion_of_long_term_debt,current portion of long term debt,CRF,"December 31, 2024",M_USD,633.0,1640_current_portion_of_long_term_debt_current_quarter_end,current_portion_of_long_term_debt,current portion of long term debt,CRF,"October 31, 2025",M_USD,617.0,,,,,,,,,,,,,,,,,,,,,,,,,,,,,,,,,,,,,,,,,,
640,2,"Which quantity is given by the average cash and cash equivalents for PRF from December 31, 2024 to April 30, 2025?","ratio(sum(2182_cash_and_cash_equivalents_current_quarter_end, 2547_cash_and_cash_equivalents_prior_fy_end), 2.0)","{""op"": ""ratio"", ""left"": {""op"": ""sum"", ""left"": {""leaf"": ""2182_cash_and_cash_equivalents_current_quarter_end"", ""depth"": 0}, ""right"": {""leaf"": ""2547_cash_and_cash_equivalents_prior_fy_end"", ""depth"": 0}, ""depth"": 1}, ""right"": {""literal"": 2.0, ""depth"": 0}, ""depth"": 2}","{""kind"": ""time_agg"", ""op"": ""avg"", ""depth"": 0}",502.0,4,0,2,210871404,393718643,918663111,0.449,0,1,2,2182_cash_and_cash_equivalents_current_quarter_end,cash_and_cash_equivalents,cash and cash equivalents,PRF,"April 30, 2025",M_USD,95.0,2547_cash_and_cash_equivalents_prior_fy_end,cash_and_cash_equivalents,cash and cash equivalents,PRF,"December 31, 2024",M_USD,909.0,,,,,,,,,,,,,,,,,,,,,,,,,,,,,,,,,,,,,,,,,,
641,1,"evaluate the maximum of Products for CRX from Three Months Ended January 31, 2025 to Three Months Ended January 31, 2026 .","max(4660_products_prior_year_quarter, 4654_products_current_quarter)","{""op"": ""max"", ""left"": {""leaf"": ""4660_products_prior_year_quarter"", ""depth"": 0}, ""right"": {""leaf"": ""4654_products_current_quarter"", ""depth"": 0}, ""depth"": 1}","{""kind"": ""time_agg"", ""op"": ""max"", ""depth"": 0}",22964.0,4,0,1,768705872,495559938,918663111,0.595,0,1,2,4660_products_prior_year_quarter,products,Products,CRX,"Three Months Ended January 31, 2025",M_USD,5900.0,4654_products_current_quarter,products,Products,CRX,"Three Months Ended January 31, 2026",M_USD,22964.0,,,,,,,,,,,,,,,,,,,,,,,,,,,,,,,,,,,,,,,,,,
642,1,"what does the following give: maximum of provision for income taxes for JTX from Three Months Ended April 30, 2024 to Three Months Ended April 30, 2025?","max(4177_provision_for_income_taxes_prior_year_quarter, 4176_provision_for_income_taxes_current_quarter)","{""op"": ""max"", ""left"": {""leaf"": ""4177_provision_for_income_taxes_prior_year_quarter"", ""depth"": 0}, ""right"": {""leaf"": ""4176_provision_for_income_taxes_current_quarter"", ""depth"": 0}, ""depth"": 1}","{""kind"": ""time_agg"", ""op"": ""max"", ""depth"": 0}",436.0,1,0,1,679965911,375979241,918663111,0.531,0,1,2,4177_provision_for_income_taxes_prior_year_quarter,provision_for_income_taxes,provision for income taxes,JTX,"Three Months Ended April 30, 2024",M_USD,427.0,4176_provision_for_income_taxes_current_quarter,provision_for_income_taxes,provision for income taxes,JTX,"Three Months Ended April 30, 2025",M_USD,436.0,,,,,,,,,,,,,,,,,,,,,,,,,,,,,,,,,,,,,,,,,,
643,1,"may you give the minimum of inventories for MTX from December 31, 2024 to October 31, 2025?","min(5521_inventories_prior_fy_end, 5520_inventories_current_quarter_end)","{""op"": ""min"", ""left"": {""leaf"": ""5521_inventories_prior_fy_end"", ""depth"": 0}, ""right"": {""leaf"": ""5520_inventories_current_quarter_end"", ""depth"": 0}, ""depth"": 1}","{""kind"": ""time_agg"", ""op"": ""min"", ""depth"": 0}",3467.0,1,0,1,971492247,974934607,918663111,0.197,0,1,2,5521_inventories_prior_fy_end,inventories,inventories,MTX,"December 31, 2024",M_USD,3467.0,5520_inventories_current_quarter_end,inventories,inventories,MTX,"October 31, 2025",M_USD,4021.0,,,,,,,,,,,,,,,,,,,,,,,,,,,,,,,,,,,,,,,,,,
644,1,"calculate the maximum of current portion of long term debt for CRZ from December 31, 2024 to October 31, 2025","max(4969_current_portion_of_long_term_debt_prior_fy_end, 4968_current_portion_of_long_term_debt_current_quarter_end)","{""op"": ""max"", ""left"": {""leaf"": ""4969_current_portion_of_long_term_debt_prior_fy_end"", ""depth"": 0}, ""right"": {""leaf"": ""4968_current_portion_of_long_term_debt_current_quarter_end"", ""depth"": 0}, ""depth"": 1}","{""kind"": ""time_agg"", ""op"": ""max"", ""depth"": 0}",447.0,4,0,1,37312651,344014096,918663111,0.493,0,1,2,4969_current_portion_of_long_term_debt_prior_fy_end,current_portion_of_long_term_debt,current portion of long term debt,CRZ,"December 31, 2024",M_USD,428.0,4968_current_portion_of_long_term_debt_current_quarter_end,current_portion_of_long_term_debt,current portion of long term debt,CRZ,"October 31, 2025",M_USD,447.0,,,,,,,,,,,,,,,,,,,,,,,,,,,,,,,,,,,,,,,,,,
645,2,"Compute the average short term investments for MDI from December 31, 2024 to October 31, 2025","ratio(sum(5629_short_term_investments_prior_fy_end, 5628_short_term_investments_current_quarter_end), 2.0)","{""op"": ""ratio"", ""left"": {""op"": ""sum"", ""left"": {""leaf"": ""5629_short_term_investments_prior_fy_end"", ""depth"": 0}, ""right"": {""leaf"": ""5628_short_term_investments_current_quarter_end"", ""depth"": 0}, ""depth"": 1}, ""right"": {""literal"": 2.0, ""depth"": 0}, ""depth"": 2}","{""kind"": ""time_agg"", ""op"": ""avg"", ""depth"": 0}",3992.0,4,0,2,485914141,947369772,918663111,0.235,0,1,2,5629_short_term_investments_prior_fy_end,short_term_investments,short term investments,MDI,"December 31, 2024",M_USD,4024.0,5628_short_term_investments_current_quarter_end,short_term_investments,short term investments,MDI,"October 31, 2025",M_USD,3960.0,,,,,,,,,,,,,,,,,,,,,,,,,,,,,,,,,,,,,,,,,,
646,1,"what is the minimum of cash and cash equivalents for AVX from December 31, 2024 to October 31, 2025?","min(1273_cash_and_cash_equivalents_prior_fy_end, 1272_cash_and_cash_equivalents_current_quarter_end)","{""op"": ""min"", ""left"": {""leaf"": ""1273_cash_and_cash_equivalents_prior_fy_end"", ""depth"": 0}, ""right"": {""leaf"": ""1272_cash_and_cash_equivalents_current_quarter_end"", ""depth"": 0}, ""depth"": 1}","{""kind"": ""time_agg"", ""op"": ""min"", ""depth"": 0}",210.0,3,0,1,428024614,767619118,918663111,0.422,0,1,2,1273_cash_and_cash_equivalents_prior_fy_end,cash_and_cash_equivalents,cash and cash equivalents,AVX,"December 31, 2024",M_USD,214.0,1272_cash_and_cash_equivalents_current_quarter_end,cash_and_cash_equivalents,cash and cash equivalents,AVX,"October 31, 2025",M_USD,210.0,,,,,,,,,,,,,,,,,,,,,,,,,,,,,,,,,,,,,,,,,,
647,1,"May you give the minimum of provision for income taxes for FIN from Three Months Ended April 30, 2024 to Three Months Ended April 30, 2025?","min(4267_provision_for_income_taxes_prior_year_quarter, 4266_provision_for_income_taxes_current_quarter)","{""op"": ""min"", ""left"": {""leaf"": ""4267_provision_for_income_taxes_prior_year_quarter"", ""depth"": 0}, ""right"": {""leaf"": ""4266_provision_for_income_taxes_current_quarter"", ""depth"": 0}, ""depth"": 1}","{""kind"": ""time_agg"", ""op"": ""min"", ""depth"": 0}",284.0,1,0,1,714232595,583925041,918663111,0.536,0,1,2,4267_provision_for_income_taxes_prior_year_quarter,provision_for_income_taxes,provision for income taxes,FIN,"Three Months Ended April 30, 2024",M_USD,298.0,4266_provision_for_income_taxes_current_quarter,provision_for_income_taxes,provision for income taxes,FIN,"Three Months Ended April 30, 2025",M_USD,284.0,,,,,,,,,,,,,,,,,,,,,,,,,,,,,,,,,,,,,,,,,,
648,0,"what is the net change in cash for AVX in Nine Months Ended October 31, 2024",1335_net_change_in_cash_prior_ytd,"{""leaf"": ""1335_net_change_in_cash_prior_ytd"", ""depth"": 0}","{""kind"": ""leaf"", ""semantic_type_in"": [""amount""], ""depth"": 0}",535.0,1,0,0,964279902,558053595,918663111,0.347,0,1,1,1335_net_change_in_cash_prior_ytd,net_change_in_cash,net change in cash,AVX,"Nine Months Ended October 31, 2024",M_USD,535.0,,,,,,,,,,,,,,,,,,,,,,,,,,,,,,,,,,,,,,,,,,,,,,,,,
649,2,"What is the value of the average total current assets for CIV from December 31, 2024 to October 31, 2025?","ratio(sum(3037_total_current_assets_prior_fy_end, 3036_total_current_assets_current_quarter_end), 2.0)","{""op"": ""ratio"", ""left"": {""op"": ""sum"", ""left"": {""leaf"": ""3037_total_current_assets_prior_fy_end"", ""depth"": 0}, ""right"": {""leaf"": ""3036_total_current_assets_current_quarter_end"", ""depth"": 0}, ""depth"": 1}, ""right"": {""literal"": 2.0, ""depth"": 0}, ""depth"": 2}","{""kind"": ""time_agg"", ""op"": ""avg"", ""depth"": 0}",1152.0,1,0,2,124077347,499539642,918663111,0.245,0,1,2,3037_total_current_assets_prior_fy_end,total_current_assets,total current assets,CIV,"December 31, 2024",M_USD,1113.0,3036_total_current_assets_current_quarter_end,total_current_assets,total current assets,CIV,"October 31, 2025",M_USD,1191.0,,,,,,,,,,,,,,,,,,,,,,,,,,,,,,,,,,,,,,,,,,
650,1,"What is the value of the maximum of selling general and administrative for BRX from Six Months Ended July 31, 2024 to Six Months Ended July 31, 2025","max(355_selling_general_and_administrative_prior_year_ytd, 354_selling_general_and_administrative_current_ytd)","{""op"": ""max"", ""left"": {""leaf"": ""355_selling_general_and_administrative_prior_year_ytd"", ""depth"": 0}, ""right"": {""leaf"": ""354_selling_general_and_administrative_current_ytd"", ""depth"": 0}, ""depth"": 1}","{""kind"": ""time_agg"", ""op"": ""max"", ""depth"": 0}",9776.0,1,0,1,486257681,173592080,918663111,0.293,0,1,2,355_selling_general_and_administrative_prior_year_ytd,selling_general_and_administrative,selling general and administrative,BRX,"Six Months Ended July 31, 2024",M_USD,9776.0,354_selling_general_and_administrative_current_ytd,selling_general_and_administrative,selling general and administrative,BRX,"Six Months Ended July 31, 2025",M_USD,9574.0,,,,,,,,,,,,,,,,,,,,,,,,,,,,,,,,,,,,,,,,,,
651,2,"Evaluate the average cost of sales for CLR from Nine Months Ended October 31, 2024 to Nine Months Ended October 31, 2025","ratio(sum(103_cost_of_sales_prior_year_ytd, 102_cost_of_sales_current_ytd), 2.0)","{""op"": ""ratio"", ""left"": {""op"": ""sum"", ""left"": {""leaf"": ""103_cost_of_sales_prior_year_ytd"", ""depth"": 0}, ""right"": {""leaf"": ""102_cost_of_sales_current_ytd"", ""depth"": 0}, ""depth"": 1}, ""right"": {""literal"": 2.0, ""depth"": 0}, ""depth"": 2}","{""kind"": ""time_agg"", ""op"": ""avg"", ""depth"": 0}",8308.5,4,0,2,172016190,761346655,918663111,0.173,0,1,2,103_cost_of_sales_prior_year_ytd,cost_of_sales,cost of sales,CLR,"Nine Months Ended October 31, 2024",M_USD,8664.0,102_cost_of_sales_current_ytd,cost_of_sales,cost of sales,CLR,"Nine Months Ended October 31, 2025",M_USD,7953.0,,,,,,,,,,,,,,,,,,,,,,,,,,,,,,,,,,,,,,,,,,
652,2,"Could you give the minimum of accounts payable for SUP from December 31, 2024 to July 31, 2025","min(min(856_accounts_payable_current_quarter_end, 857_accounts_payable_prior_fy_end), 2698_accounts_payable_current_quarter_end)","{""op"": ""min"", ""left"": {""op"": ""min"", ""left"": {""leaf"": ""856_accounts_payable_current_quarter_end"", ""depth"": 0}, ""right"": {""leaf"": ""857_accounts_payable_prior_fy_end"", ""depth"": 0}, ""depth"": 1}, ""right"": {""leaf"": ""2698_accounts_payable_current_quarter_end"", ""depth"": 0}, ""depth"": 2}","{""kind"": ""time_agg"", ""op"": ""min"", ""depth"": 0}",4511.0,1,0,2,681301462,656940525,918663111,0.304,0,1,3,856_accounts_payable_current_quarter_end,accounts_payable,accounts payable,SUP,"April 30, 2025",M_USD,4974.0,857_accounts_payable_prior_fy_end,accounts_payable,accounts payable,SUP,"December 31, 2024",M_USD,4511.0,2698_accounts_payable_current_quarter_end,accounts_payable,accounts payable,SUP,"July 31, 2025",M_USD,11069.0,,,,,,,,,,,,,,,,,,,,,,,,,,,,,,,,,,,
653,2,"Which value corresponds to the average stock based compensation for MRT from Three Months Ended April 30, 2024 to Three Months Ended April 30, 2025","ratio(sum(1421_stock_based_compensation_prior_ytd, 1420_stock_based_compensation_current_ytd), 2.0)","{""op"": ""ratio"", ""left"": {""op"": ""sum"", ""left"": {""leaf"": ""1421_stock_based_compensation_prior_ytd"", ""depth"": 0}, ""right"": {""leaf"": ""1420_stock_based_compensation_current_ytd"", ""depth"": 0}, ""depth"": 1}, ""right"": {""literal"": 2.0, ""depth"": 0}, ""depth"": 2}","{""kind"": ""time_agg"", ""op"": ""avg"", ""depth"": 0}",2504.5,2,0,2,787899304,365554300,918663111,0.305,0,1,2,1421_stock_based_compensation_prior_ytd,stock_based_compensation,stock based compensation,MRT,"Three Months Ended April 30, 2024",M_USD,2675.0,1420_stock_based_compensation_current_ytd,stock_based_compensation,stock based compensation,MRT,"Three Months Ended April 30, 2025",M_USD,2334.0,,,,,,,,,,,,,,,,,,,,,,,,,,,,,,,,,,,,,,,,,,
654,1,"which result follows from the minimum of Membership and other income for PLZ from Three Months Ended July 31, 2024 to Three Months Ended July 31, 2025","min(2155_membership_and_other_income_prior_year_quarter, 2154_membership_and_other_income_current_quarter)","{""op"": ""min"", ""left"": {""leaf"": ""2155_membership_and_other_income_prior_year_quarter"", ""depth"": 0}, ""right"": {""leaf"": ""2154_membership_and_other_income_current_quarter"", ""depth"": 0}, ""depth"": 1}","{""kind"": ""time_agg"", ""op"": ""min"", ""depth"": 0}",1069.0,1,0,1,915547470,845205374,918663111,0.235,0,1,2,2155_membership_and_other_income_prior_year_quarter,membership_and_other_income,Membership and other income,PLZ,"Three Months Ended July 31, 2024",M_USD,1149.0,2154_membership_and_other_income_current_quarter,membership_and_other_income,Membership and other income,PLZ,"Three Months Ended July 31, 2025",M_USD,1069.0,,,,,,,,,,,,,,,,,,,,,,,,,,,,,,,,,,,,,,,,,,
655,1,"Which quantity is given by the maximum of research and development for SCI from Three Months Ended July 31, 2024 to Three Months Ended July 31, 2025 ?","max(5023_research_and_development_prior_year_quarter, 5022_research_and_development_current_quarter)","{""op"": ""max"", ""left"": {""leaf"": ""5023_research_and_development_prior_year_quarter"", ""depth"": 0}, ""right"": {""leaf"": ""5022_research_and_development_current_quarter"", ""depth"": 0}, ""depth"": 1}","{""kind"": ""time_agg"", ""op"": ""max"", ""depth"": 0}",138.0,3,0,1,529513695,290699523,918663111,0.482,0,1,2,5023_research_and_development_prior_year_quarter,research_and_development,research and development,SCI,"Three Months Ended July 31, 2024",M_USD,129.0,5022_research_and_development_current_quarter,research_and_development,research and development,SCI,"Three Months Ended July 31, 2025",M_USD,138.0,,,,,,,,,,,,,,,,,,,,,,,,,,,,,,,,,,,,,,,,,,
656,0,"What is the operating income for BLD in Six Months Ended July 31, 2024 ?",5293_operating_income_prior_year_ytd,"{""leaf"": ""5293_operating_income_prior_year_ytd"", ""depth"": 0}","{""kind"": ""leaf"", ""semantic_type_in"": [""amount""], ""depth"": 0}",12936.0,1,0,0,591498494,661828677,918663111,0.462,0,1,1,5293_operating_income_prior_year_ytd,operating_income,operating income,BLD,"Six Months Ended July 31, 2024",M_USD,12936.0,,,,,,,,,,,,,,,,,,,,,,,,,,,,,,,,,,,,,,,,,,,,,,,,,
657,1,"give the maximum of total costs and expenses for CIV from Nine Months Ended October 31, 2024 to Nine Months Ended October 31, 2025 .","max(3001_total_costs_and_expenses_prior_year_ytd, 3000_total_costs_and_expenses_current_ytd)","{""op"": ""max"", ""left"": {""leaf"": ""3001_total_costs_and_expenses_prior_year_ytd"", ""depth"": 0}, ""right"": {""leaf"": ""3000_total_costs_and_expenses_current_ytd"", ""depth"": 0}, ""depth"": 1}","{""kind"": ""time_agg"", ""op"": ""max"", ""depth"": 0}",9525.0,4,0,1,476304360,579932470,918663111,0.43,0,1,2,3001_total_costs_and_expenses_prior_year_ytd,total_costs_and_expenses,total costs and expenses,CIV,"Nine Months Ended October 31, 2024",M_USD,9054.0,3000_total_costs_and_expenses_current_ytd,total_costs_and_expenses,total costs and expenses,CIV,"Nine Months Ended October 31, 2025",M_USD,9525.0,,,,,,,,,,,,,,,,,,,,,,,,,,,,,,,,,,,,,,,,,,
658,1,"You should calculate the maximum of depreciation and amortization for MTX from Nine Months Ended October 31, 2024 to Nine Months Ended October 31, 2025.","max(5565_depreciation_and_amortization_prior_ytd, 5564_depreciation_and_amortization_current_ytd)","{""op"": ""max"", ""left"": {""leaf"": ""5565_depreciation_and_amortization_prior_ytd"", ""depth"": 0}, ""right"": {""leaf"": ""5564_depreciation_and_amortization_current_ytd"", ""depth"": 0}, ""depth"": 1}","{""kind"": ""time_agg"", ""op"": ""max"", ""depth"": 0}",3831.0,3,0,1,961535461,72024924,918663111,0.264,0,1,2,5565_depreciation_and_amortization_prior_ytd,depreciation_and_amortization,depreciation and amortization,MTX,"Nine Months Ended October 31, 2024",M_USD,3831.0,5564_depreciation_and_amortization_current_ytd,depreciation_and_amortization,depreciation and amortization,MTX,"Nine Months Ended October 31, 2025",M_USD,3781.0,,,,,,,,,,,,,,,,,,,,,,,,,,,,,,,,,,,,,,,,,,
659,1,"could you give the maximum of other non current liabilities for STR from December 31, 2024 to July 31, 2025?","max(3527_other_non_current_liabilities_prior_fy_end, 3526_other_non_current_liabilities_current_quarter_end)","{""op"": ""max"", ""left"": {""leaf"": ""3527_other_non_current_liabilities_prior_fy_end"", ""depth"": 0}, ""right"": {""leaf"": ""3526_other_non_current_liabilities_current_quarter_end"", ""depth"": 0}, ""depth"": 1}","{""kind"": ""time_agg"", ""op"": ""max"", ""depth"": 0}",689.0,1,0,1,534451446,111660769,918663111,0.145,0,1,2,3527_other_non_current_liabilities_prior_fy_end,other_non_current_liabilities,other non current liabilities,STR,"December 31, 2024",M_USD,689.0,3526_other_non_current_liabilities_current_quarter_end,other_non_current_liabilities,other non current liabilities,STR,"July 31, 2025",M_USD,673.0,,,,,,,,,,,,,,,,,,,,,,,,,,,,,,,,,,,,,,,,,,
660,0,"Which quantity is given by the short term investments for PRF in April 30, 2025?",2184_short_term_investments_current_quarter_end,"{""leaf"": ""2184_short_term_investments_current_quarter_end"", ""depth"": 0}","{""kind"": ""leaf"", ""semantic_type_in"": [""amount""], ""depth"": 0}",47.0,1,0,0,25646899,452983418,918663111,0.472,0,1,1,2184_short_term_investments_current_quarter_end,short_term_investments,short term investments,PRF,"April 30, 2025",M_USD,47.0,,,,,,,,,,,,,,,,,,,,,,,,,,,,,,,,,,,,,,,,,,,,,,,,,
661,0,"what do we obtain as the other income expense net for INF in Six Months Ended July 31, 2024 ?",3825_other_income_expense_net_prior_year_ytd,"{""leaf"": ""3825_other_income_expense_net_prior_year_ytd"", ""depth"": 0}","{""kind"": ""leaf"", ""semantic_type_in"": [""amount""], ""depth"": 0}",532.0,2,0,0,533472199,737522920,918663111,0.196,0,1,1,3825_other_income_expense_net_prior_year_ytd,other_income_expense_net,other income expense net,INF,"Six Months Ended July 31, 2024",M_USD,532.0,,,,,,,,,,,,,,,,,,,,,,,,,,,,,,,,,,,,,,,,,,,,,,,,,
662,2,"which value corresponds to the average cost of sales for MTX from Nine Months Ended October 31, 2024 to Nine Months Ended October 31, 2025","ratio(sum(5473_cost_of_sales_prior_year_ytd, 5472_cost_of_sales_current_ytd), 2.0)","{""op"": ""ratio"", ""left"": {""op"": ""sum"", ""left"": {""leaf"": ""5473_cost_of_sales_prior_year_ytd"", ""depth"": 0}, ""right"": {""leaf"": ""5472_cost_of_sales_current_ytd"", ""depth"": 0}, ""depth"": 1}, ""right"": {""literal"": 2.0, ""depth"": 0}, ""depth"": 2}","{""kind"": ""time_agg"", ""op"": ""avg"", ""depth"": 0}",53550.0,1,0,2,680010818,245852340,918663111,0.324,0,1,2,5473_cost_of_sales_prior_year_ytd,cost_of_sales,cost of sales,MTX,"Nine Months Ended October 31, 2024",M_USD,53898.0,5472_cost_of_sales_current_ytd,cost_of_sales,cost of sales,MTX,"Nine Months Ended October 31, 2025",M_USD,53202.0,,,,,,,,,,,,,,,,,,,,,,,,,,,,,,,,,,,,,,,,,,
663,1,"What is the maximum of total revenues for AST from Three Months Ended July 31, 2024 to Three Months Ended July 31, 2025?","max(4779_total_revenues_prior_year_quarter, 4778_total_revenues_current_quarter)","{""op"": ""max"", ""left"": {""leaf"": ""4779_total_revenues_prior_year_quarter"", ""depth"": 0}, ""right"": {""leaf"": ""4778_total_revenues_current_quarter"", ""depth"": 0}, ""depth"": 1}","{""kind"": ""time_agg"", ""op"": ""max"", ""depth"": 0}",21398.0,1,0,1,761624607,882386489,918663111,0.4,0,1,2,4779_total_revenues_prior_year_quarter,total_revenues,total revenues,AST,"Three Months Ended July 31, 2024",M_USD,20623.0,4778_total_revenues_current_quarter,total_revenues,total revenues,AST,"Three Months Ended July 31, 2025",M_USD,21398.0,,,,,,,,,,,,,,,,,,,,,,,,,,,,,,,,,,,,,,,,,,
664,2,"which result follows from the average current portion of long term debt for PRF from December 31, 2024 to April 30, 2025 ?","ratio(sum(2212_current_portion_of_long_term_debt_current_quarter_end, 2577_current_portion_of_long_term_debt_prior_fy_end), 2.0)","{""op"": ""ratio"", ""left"": {""op"": ""sum"", ""left"": {""leaf"": ""2212_current_portion_of_long_term_debt_current_quarter_end"", ""depth"": 0}, ""right"": {""leaf"": ""2577_current_portion_of_long_term_debt_prior_fy_end"", ""depth"": 0}, ""depth"": 1}, ""right"": {""literal"": 2.0, ""depth"": 0}, ""depth"": 2}","{""kind"": ""time_agg"", ""op"": ""avg"", ""depth"": 0}",229.0,2,0,2,867134195,68522534,918663111,0.367,0,1,2,2212_current_portion_of_long_term_debt_current_quarter_end,current_portion_of_long_term_debt,current portion of long term debt,PRF,"April 30, 2025",M_USD,66.0,2577_current_portion_of_long_term_debt_prior_fy_end,current_portion_of_long_term_debt,current portion of long term debt,PRF,"December 31, 2024",M_USD,392.0,,,,,,,,,,,,,,,,,,,,,,,,,,,,,,,,,,,,,,,,,,
665,2,"may you calculate the average net income for VRX from Six Months Ended July 31, 2024 to Six Months Ended July 31, 2025 ?","ratio(sum(3129_net_income_prior_year_ytd, 3128_net_income_current_ytd), 2.0)","{""op"": ""ratio"", ""left"": {""op"": ""sum"", ""left"": {""leaf"": ""3129_net_income_prior_year_ytd"", ""depth"": 0}, ""right"": {""leaf"": ""3128_net_income_current_ytd"", ""depth"": 0}, ""depth"": 1}, ""right"": {""literal"": 2.0, ""depth"": 0}, ""depth"": 2}","{""kind"": ""time_agg"", ""op"": ""avg"", ""depth"": 0}",2560.0,2,0,2,505736805,932474605,918663111,0.516,0,1,2,3129_net_income_prior_year_ytd,net_income,net income,VRX,"Six Months Ended July 31, 2024",M_USD,2426.0,3128_net_income_current_ytd,net_income,net income,VRX,"Six Months Ended July 31, 2025",M_USD,2694.0,,,,,,,,,,,,,,,,,,,,,,,,,,,,,,,,,,,,,,,,,,
666,1,"Which result follows from the maximum of depreciation and amortization for PRD from Nine Months Ended October 31, 2024 to Nine Months Ended October 31, 2025?","max(1901_depreciation_and_amortization_prior_ytd, 1900_depreciation_and_amortization_current_ytd)","{""op"": ""max"", ""left"": {""leaf"": ""1901_depreciation_and_amortization_prior_ytd"", ""depth"": 0}, ""right"": {""leaf"": ""1900_depreciation_and_amortization_current_ytd"", ""depth"": 0}, ""depth"": 1}","{""kind"": ""time_agg"", ""op"": ""max"", ""depth"": 0}",2666.0,1,0,1,759694219,728857763,918663111,0.2,0,1,2,1901_depreciation_and_amortization_prior_ytd,depreciation_and_amortization,depreciation and amortization,PRD,"Nine Months Ended October 31, 2024",M_USD,2352.0,1900_depreciation_and_amortization_current_ytd,depreciation_and_amortization,depreciation and amortization,PRD,"Nine Months Ended October 31, 2025",M_USD,2666.0,,,,,,,,,,,,,,,,,,,,,,,,,,,,,,,,,,,,,,,,,,
667,2,"May you give the average other non current assets for BRX from December 31, 2024 to July 31, 2025 ?","ratio(sum(403_other_non_current_assets_prior_fy_end, 402_other_non_current_assets_current_quarter_end), 2.0)","{""op"": ""ratio"", ""left"": {""op"": ""sum"", ""left"": {""leaf"": ""403_other_non_current_assets_prior_fy_end"", ""depth"": 0}, ""right"": {""leaf"": ""402_other_non_current_assets_current_quarter_end"", ""depth"": 0}, ""depth"": 1}, ""right"": {""literal"": 2.0, ""depth"": 0}, ""depth"": 2}","{""kind"": ""time_agg"", ""op"": ""avg"", ""depth"": 0}",1872.0,2,0,2,973390444,614895561,918663111,0.236,0,1,2,403_other_non_current_assets_prior_fy_end,other_non_current_assets,other non current assets,BRX,"December 31, 2024",M_USD,1883.0,402_other_non_current_assets_current_quarter_end,other_non_current_assets,other non current assets,BRX,"July 31, 2025",M_USD,1861.0,,,,,,,,,,,,,,,,,,,,,,,,,,,,,,,,,,,,,,,,,,
668,1,"Whats the value of the minimum of total current assets for CRF from December 31, 2024 to October 31, 2025","min(1621_total_current_assets_prior_fy_end, 1620_total_current_assets_current_quarter_end)","{""op"": ""min"", ""left"": {""leaf"": ""1621_total_current_assets_prior_fy_end"", ""depth"": 0}, ""right"": {""leaf"": ""1620_total_current_assets_current_quarter_end"", ""depth"": 0}, ""depth"": 1}","{""kind"": ""time_agg"", ""op"": ""min"", ""depth"": 0}",5364.0,3,0,1,925751239,114227886,918663111,0.162,0,1,2,1621_total_current_assets_prior_fy_end,total_current_assets,total current assets,CRF,"December 31, 2024",M_USD,5501.0,1620_total_current_assets_current_quarter_end,total_current_assets,total current assets,CRF,"October 31, 2025",M_USD,5364.0,,,,,,,,,,,,,,,,,,,,,,,,,,,,,,,,,,,,,,,,,,
669,2,"What does the following give: difference between dividends paid and difference between cost of sales and Cargo and other for JTX in Three Months Ended April 30, 2024 ?","diff(4243_dividends_paid_prior_ytd, diff(4165_cost_of_sales_prior_year_quarter, 4251_cargo_and_other_prior_year_quarter))","{""op"": ""diff"", ""left"": {""leaf"": ""4243_dividends_paid_prior_ytd"", ""depth"": 0}, ""right"": {""op"": ""diff"", ""left"": {""leaf"": ""4165_cost_of_sales_prior_year_quarter"", ""depth"": 0}, ""right"": {""leaf"": ""4251_cargo_and_other_prior_year_quarter"", ""depth"": 0}, ""depth"": 1}, ""depth"": 2}","{""op"": ""diff"", ""left"": {""kind"": ""leaf"", ""semantic_type_in"": [""amount""], ""depth"": 0}, ""right"": {""op"": ""diff"", ""left"": {""kind"": ""leaf"", ""semantic_type_in"": [""amount""], ""depth"": 0}, ""right"": {""kind"": ""leaf"", ""semantic_type_in"": [""amount""], ""depth"": 0}, ""depth"": 1, ""kind"": ""node""}, ""depth"": 2, ""kind"": ""node""}",-8236.0,4,2,2,891428837,230537326,918663111,0.527,2,3,3,4243_dividends_paid_prior_ytd,dividends_paid,dividends paid,JTX,"Three Months Ended April 30, 2024",M_USD,-162.0,4165_cost_of_sales_prior_year_quarter,cost_of_sales,cost of sales,JTX,"Three Months Ended April 30, 2024",M_USD,9504.0,4251_cargo_and_other_prior_year_quarter,cargo_and_other,Cargo and other,JTX,"Three Months Ended April 30, 2024",M_USD,1430.0,,,,,,,,,,,,,,,,,,,,,,,,,,,,,,,,,,,
670,1,"You should give the maximum of total non current liabilities for PRD from December 31, 2024 to October 31, 2025.","max(1889_total_non_current_liabilities_prior_fy_end, 1888_total_non_current_liabilities_current_quarter_end)","{""op"": ""max"", ""left"": {""leaf"": ""1889_total_non_current_liabilities_prior_fy_end"", ""depth"": 0}, ""right"": {""leaf"": ""1888_total_non_current_liabilities_current_quarter_end"", ""depth"": 0}, ""depth"": 1}","{""kind"": ""time_agg"", ""op"": ""max"", ""depth"": 0}",6000.0,1,0,1,318048486,878368139,918663111,0.53,0,1,2,1889_total_non_current_liabilities_prior_fy_end,total_non_current_liabilities,total non current liabilities,PRD,"December 31, 2024",M_USD,5422.0,1888_total_non_current_liabilities_current_quarter_end,total_non_current_liabilities,total non current liabilities,PRD,"October 31, 2025",M_USD,6000.0,,,,,,,,,,,,,,,,,,,,,,,,,,,,,,,,,,,,,,,,,,
671,1,"Provide the operating income for VRX in Six Months Ended July 31, 2024 .",operating_income,"{""derived"": ""operating_income"", ""expanded"": {""op"": ""diff"", ""left"": {""leaf"": ""3093_total_revenues_prior_year_ytd"", ""depth"": 0}, ""right"": {""leaf"": ""3113_total_costs_and_expenses_prior_year_ytd"", ""depth"": 0}, ""depth"": 1}, ""depth"": 1}","{""kind"": ""derived_concept"", ""name"": ""operating_income"", ""depth"": 0}",3380.0,4,0,1,404374228,552126161,918663111,0.252,0,1,2,3093_total_revenues_prior_year_ytd,total_revenues,total revenues,VRX,"Six Months Ended July 31, 2024",M_USD,34142.0,3113_total_costs_and_expenses_prior_year_ytd,total_costs_and_expenses,total costs and expenses,VRX,"Six Months Ended July 31, 2024",M_USD,30762.0,,,,,,,,,,,,,,,,,,,,,,,,,,,,,,,,,,,,,,,,,,
672,1,"Determine the minimum of depreciation and amortization for CRF from Nine Months Ended October 31, 2024 to Nine Months Ended October 31, 2025.","min(1661_depreciation_and_amortization_prior_ytd, 1660_depreciation_and_amortization_current_ytd)","{""op"": ""min"", ""left"": {""leaf"": ""1661_depreciation_and_amortization_prior_ytd"", ""depth"": 0}, ""right"": {""leaf"": ""1660_depreciation_and_amortization_current_ytd"", ""depth"": 0}, ""depth"": 1}","{""kind"": ""time_agg"", ""op"": ""min"", ""depth"": 0}",1904.0,1,0,1,876331739,338229318,918663111,0.129,0,1,2,1661_depreciation_and_amortization_prior_ytd,depreciation_and_amortization,depreciation and amortization,CRF,"Nine Months Ended October 31, 2024",M_USD,1940.0,1660_depreciation_and_amortization_current_ytd,depreciation_and_amortization,depreciation and amortization,CRF,"Nine Months Ended October 31, 2025",M_USD,1904.0,,,,,,,,,,,,,,,,,,,,,,,,,,,,,,,,,,,,,,,,,,
673,1,"determine the maximum of operating income for BRX from Three Months Ended July 31, 2024 to Three Months Ended July 31, 2025.","max(361_operating_income_prior_year_quarter, 360_operating_income_current_quarter)","{""op"": ""max"", ""left"": {""leaf"": ""361_operating_income_prior_year_quarter"", ""depth"": 0}, ""right"": {""leaf"": ""360_operating_income_current_quarter"", ""depth"": 0}, ""depth"": 1}","{""kind"": ""time_agg"", ""op"": ""max"", ""depth"": 0}",15741.0,4,0,1,954780013,648440750,918663111,0.201,0,1,2,361_operating_income_prior_year_quarter,operating_income,operating income,BRX,"Three Months Ended July 31, 2024",M_USD,15741.0,360_operating_income_current_quarter,operating_income,operating income,BRX,"Three Months Ended July 31, 2025",M_USD,15417.0,,,,,,,,,,,,,,,,,,,,,,,,,,,,,,,,,,,,,,,,,,
674,1,"What do we obtain as the minimum of selling general and administrative for HLT from Six Months Ended July 31, 2024 to Six Months Ended July 31, 2025 ?","min(3237_selling_general_and_administrative_prior_year_ytd, 2388_selling_general_and_administrative_current_ytd)","{""op"": ""min"", ""left"": {""leaf"": ""3237_selling_general_and_administrative_prior_year_ytd"", ""depth"": 0}, ""right"": {""leaf"": ""2388_selling_general_and_administrative_current_ytd"", ""depth"": 0}, ""depth"": 1}","{""kind"": ""time_agg"", ""op"": ""min"", ""depth"": 0}",2632.0,1,0,1,544541865,16513597,918663111,0.125,0,1,2,3237_selling_general_and_administrative_prior_year_ytd,selling_general_and_administrative,selling general and administrative,HLT,"Six Months Ended July 31, 2024",M_USD,4906.0,2388_selling_general_and_administrative_current_ytd,selling_general_and_administrative,selling general and administrative,HLT,"Six Months Ended July 31, 2025",M_USD,2632.0,,,,,,,,,,,,,,,,,,,,,,,,,,,,,,,,,,,,,,,,,,
675,2,"which result follows from the average other non current assets for PLX from September 30, 2025 to July 31, 2026","ratio(sum(4408_other_non_current_assets_current_quarter_end, 4409_other_non_current_assets_prior_fy_end), 2.0)","{""op"": ""ratio"", ""left"": {""op"": ""sum"", ""left"": {""leaf"": ""4408_other_non_current_assets_current_quarter_end"", ""depth"": 0}, ""right"": {""leaf"": ""4409_other_non_current_assets_prior_fy_end"", ""depth"": 0}, ""depth"": 1}, ""right"": {""literal"": 2.0, ""depth"": 0}, ""depth"": 2}","{""kind"": ""time_agg"", ""op"": ""avg"", ""depth"": 0}",523.0,1,0,2,521398742,209540807,918663111,0.151,0,1,2,4408_other_non_current_assets_current_quarter_end,other_non_current_assets,other non current assets,PLX,"July 31, 2026",M_USD,565.0,4409_other_non_current_assets_prior_fy_end,other_non_current_assets,other non current assets,PLX,"September 30, 2025",M_USD,481.0,,,,,,,,,,,,,,,,,,,,,,,,,,,,,,,,,,,,,,,,,,
676,1,"evaluate the maximum of total non current liabilities for FIN from December 31, 2024 to April 30, 2025.","max(4312_total_non_current_liabilities_current_quarter_end, 4313_total_non_current_liabilities_prior_fy_end)","{""op"": ""max"", ""left"": {""leaf"": ""4312_total_non_current_liabilities_current_quarter_end"", ""depth"": 0}, ""right"": {""leaf"": ""4313_total_non_current_liabilities_prior_fy_end"", ""depth"": 0}, ""depth"": 1}","{""kind"": ""time_agg"", ""op"": ""max"", ""depth"": 0}",5332.0,3,0,1,651734857,11676054,918663111,0.142,0,1,2,4312_total_non_current_liabilities_current_quarter_end,total_non_current_liabilities,total non current liabilities,FIN,"April 30, 2025",M_USD,5332.0,4313_total_non_current_liabilities_prior_fy_end,total_non_current_liabilities,total non current liabilities,FIN,"December 31, 2024",M_USD,4751.0,,,,,,,,,,,,,,,,,,,,,,,,,,,,,,,,,,,,,,,,,,
677,2,"may you give the minimum of long term debt for PRF from December 31, 2024 to October 31, 2025?","min(min(2216_long_term_debt_current_quarter_end, 2581_long_term_debt_prior_fy_end), 2580_long_term_debt_current_quarter_end)","{""op"": ""min"", ""left"": {""op"": ""min"", ""left"": {""leaf"": ""2216_long_term_debt_current_quarter_end"", ""depth"": 0}, ""right"": {""leaf"": ""2581_long_term_debt_prior_fy_end"", ""depth"": 0}, ""depth"": 1}, ""right"": {""leaf"": ""2580_long_term_debt_current_quarter_end"", ""depth"": 0}, ""depth"": 2}","{""kind"": ""time_agg"", ""op"": ""min"", ""depth"": 0}",235.0,4,0,2,610676152,740320216,918663111,0.401,0,1,3,2216_long_term_debt_current_quarter_end,long_term_debt,long term debt,PRF,"April 30, 2025",M_USD,235.0,2581_long_term_debt_prior_fy_end,long_term_debt,long term debt,PRF,"December 31, 2024",M_USD,1589.0,2580_long_term_debt_current_quarter_end,long_term_debt,long term debt,PRF,"October 31, 2025",M_USD,1553.0,,,,,,,,,,,,,,,,,,,,,,,,,,,,,,,,,,,
678,2,"compute the average operating income for PRD from Nine Months Ended October 31, 2024 to Nine Months Ended October 31, 2025 .","ratio(sum(1829_operating_income_prior_year_ytd, 1828_operating_income_current_ytd), 2.0)","{""op"": ""ratio"", ""left"": {""op"": ""sum"", ""left"": {""leaf"": ""1829_operating_income_prior_year_ytd"", ""depth"": 0}, ""right"": {""leaf"": ""1828_operating_income_current_ytd"", ""depth"": 0}, ""depth"": 1}, ""right"": {""literal"": 2.0, ""depth"": 0}, ""depth"": 2}","{""kind"": ""time_agg"", ""op"": ""avg"", ""depth"": 0}",11551.5,4,0,2,907110958,750161111,918663111,0.563,0,1,2,1829_operating_income_prior_year_ytd,operating_income,operating income,PRD,"Nine Months Ended October 31, 2024",M_USD,10830.0,1828_operating_income_current_ytd,operating_income,operating income,PRD,"Nine Months Ended October 31, 2025",M_USD,12273.0,,,,,,,,,,,,,,,,,,,,,,,,,,,,,,,,,,,,,,,,,,
679,1,"determine the maximum of selling general and administrative for SUP from Six Months Ended July 31, 2024 to Six Months Ended July 31, 2025.","max(2645_selling_general_and_administrative_prior_year_ytd, 2644_selling_general_and_administrative_current_ytd)","{""op"": ""max"", ""left"": {""leaf"": ""2645_selling_general_and_administrative_prior_year_ytd"", ""depth"": 0}, ""right"": {""leaf"": ""2644_selling_general_and_administrative_current_ytd"", ""depth"": 0}, ""depth"": 1}","{""kind"": ""time_agg"", ""op"": ""max"", ""depth"": 0}",8510.0,1,0,1,208587109,502185843,918663111,0.301,0,1,2,2645_selling_general_and_administrative_prior_year_ytd,selling_general_and_administrative,selling general and administrative,SUP,"Six Months Ended July 31, 2024",M_USD,8510.0,2644_selling_general_and_administrative_current_ytd,selling_general_and_administrative,selling general and administrative,SUP,"Six Months Ended July 31, 2025",M_USD,7604.0,,,,,,,,,,,,,,,,,,,,,,,,,,,,,,,,,,,,,,,,,,
680,0,"evaluate the accounts receivable net for DTA in April 30, 2025",4498_accounts_receivable_net_current_quarter_end,"{""leaf"": ""4498_accounts_receivable_net_current_quarter_end"", ""depth"": 0}","{""kind"": ""leaf"", ""semantic_type_in"": [""amount""], ""depth"": 0}",2084.0,1,0,0,157777321,603634036,918663111,0.315,0,1,1,4498_accounts_receivable_net_current_quarter_end,accounts_receivable_net,accounts receivable net,DTA,"April 30, 2025",M_USD,2084.0,,,,,,,,,,,,,,,,,,,,,,,,,,,,,,,,,,,,,,,,,,,,,,,,,
681,1,"you should calculate the maximum of total assets for CRZ from December 31, 2024 to October 31, 2025 .","max(4961_total_assets_prior_fy_end, 4960_total_assets_current_quarter_end)","{""op"": ""max"", ""left"": {""leaf"": ""4961_total_assets_prior_fy_end"", ""depth"": 0}, ""right"": {""leaf"": ""4960_total_assets_current_quarter_end"", ""depth"": 0}, ""depth"": 1}","{""kind"": ""time_agg"", ""op"": ""max"", ""depth"": 0}",11195.0,2,0,1,393046519,763867279,918663111,0.173,0,1,2,4961_total_assets_prior_fy_end,total_assets,total assets,CRZ,"December 31, 2024",M_USD,10729.0,4960_total_assets_current_quarter_end,total_assets,total assets,CRZ,"October 31, 2025",M_USD,11195.0,,,,,,,,,,,,,,,,,,,,,,,,,,,,,,,,,,,,,,,,,,
682,2,"Whats the value of the average accounts payable for CRX from October 31, 2025 to January 31, 2026","ratio(sum(4614_accounts_payable_current_quarter_end, 5210_accounts_payable_current_quarter_end), 2.0)","{""op"": ""ratio"", ""left"": {""op"": ""sum"", ""left"": {""leaf"": ""4614_accounts_payable_current_quarter_end"", ""depth"": 0}, ""right"": {""leaf"": ""5210_accounts_payable_current_quarter_end"", ""depth"": 0}, ""depth"": 1}, ""right"": {""literal"": 2.0, ""depth"": 0}, ""depth"": 2}","{""kind"": ""time_agg"", ""op"": ""avg"", ""depth"": 0}",4440.5,1,0,2,534245063,492926585,918663111,0.599,0,1,2,4614_accounts_payable_current_quarter_end,accounts_payable,accounts payable,CRX,"January 31, 2026",M_USD,4687.0,5210_accounts_payable_current_quarter_end,accounts_payable,accounts payable,CRX,"October 31, 2025",M_USD,4194.0,,,,,,,,,,,,,,,,,,,,,,,,,,,,,,,,,,,,,,,,,,
683,1,"which quantity is given by the free cash flow for PRF in Nine Months Ended October 31, 2025?",free_cash_flow,"{""derived"": ""free_cash_flow"", ""expanded"": {""op"": ""diff"", ""left"": {""leaf"": ""2592_net_cash_from_operating_current_ytd"", ""depth"": 0}, ""right"": {""leaf"": ""2594_capital_expenditures_current_ytd"", ""depth"": 0}, ""depth"": 1}, ""depth"": 1}","{""kind"": ""derived_concept"", ""name"": ""free_cash_flow"", ""depth"": 0}",3103.0,1,0,1,360446344,415567374,918663111,0.572,0,1,2,2592_net_cash_from_operating_current_ytd,net_cash_from_operating,net cash from operating,PRF,"Nine Months Ended October 31, 2025",M_USD,2772.0,2594_capital_expenditures_current_ytd,capital_expenditures,capital expenditures,PRF,"Nine Months Ended October 31, 2025",M_USD,-331.0,,,,,,,,,,,,,,,,,,,,,,,,,,,,,,,,,,,,,,,,,,
684,1,"what is the maximum of stock based compensation for AVX from Nine Months Ended October 31, 2024 to Nine Months Ended October 31, 2025 ?","max(1325_stock_based_compensation_prior_ytd, 1324_stock_based_compensation_current_ytd)","{""op"": ""max"", ""left"": {""leaf"": ""1325_stock_based_compensation_prior_ytd"", ""depth"": 0}, ""right"": {""leaf"": ""1324_stock_based_compensation_current_ytd"", ""depth"": 0}, ""depth"": 1}","{""kind"": ""time_agg"", ""op"": ""max"", ""depth"": 0}",14.0,4,0,1,54893221,416207911,918663111,0.393,0,1,2,1325_stock_based_compensation_prior_ytd,stock_based_compensation,stock based compensation,AVX,"Nine Months Ended October 31, 2024",M_USD,14.0,1324_stock_based_compensation_current_ytd,stock_based_compensation,stock based compensation,AVX,"Nine Months Ended October 31, 2025",M_USD,14.0,,,,,,,,,,,,,,,,,,,,,,,,,,,,,,,,,,,,,,,,,,
685,1,"determine the minimum of total non current assets for MED from December 31, 2024 to July 31, 2025","min(1053_total_non_current_assets_prior_fy_end, 1742_total_non_current_assets_current_quarter_end)","{""op"": ""min"", ""left"": {""leaf"": ""1053_total_non_current_assets_prior_fy_end"", ""depth"": 0}, ""right"": {""leaf"": ""1742_total_non_current_assets_current_quarter_end"", ""depth"": 0}, ""depth"": 1}","{""kind"": ""time_agg"", ""op"": ""min"", ""depth"": 0}",4270.0,2,0,1,275371300,498041092,918663111,0.205,0,1,2,1053_total_non_current_assets_prior_fy_end,total_non_current_assets,total non current assets,MED,"December 31, 2024",M_USD,4270.0,1742_total_non_current_assets_current_quarter_end,total_non_current_assets,total non current assets,MED,"July 31, 2025",M_USD,11303.0,,,,,,,,,,,,,,,,,,,,,,,,,,,,,,,,,,,,,,,,,,
686,1,"you should give the minimum of cash and cash equivalents for VTL from December 31, 2024 to July 31, 2025 .","min(25_cash_and_cash_equivalents_prior_fy_end, 4082_cash_and_cash_equivalents_current_quarter_end)","{""op"": ""min"", ""left"": {""leaf"": ""25_cash_and_cash_equivalents_prior_fy_end"", ""depth"": 0}, ""right"": {""leaf"": ""4082_cash_and_cash_equivalents_current_quarter_end"", ""depth"": 0}, ""depth"": 1}","{""kind"": ""time_agg"", ""op"": ""min"", ""depth"": 0}",118.0,4,0,1,301859121,920819467,918663111,0.236,0,1,2,25_cash_and_cash_equivalents_prior_fy_end,cash_and_cash_equivalents,cash and cash equivalents,VTL,"December 31, 2024",M_USD,118.0,4082_cash_and_cash_equivalents_current_quarter_end,cash_and_cash_equivalents,cash and cash equivalents,VTL,"July 31, 2025",M_USD,1720.0,,,,,,,,,,,,,,,,,,,,,,,,,,,,,,,,,,,,,,,,,,
687,2,"evaluate the maximum of deferred revenue current for VTL from December 31, 2024 to July 31, 2025.","max(max(50_deferred_revenue_current_current_quarter_end, 4109_deferred_revenue_current_prior_fy_end), 4108_deferred_revenue_current_current_quarter_end)","{""op"": ""max"", ""left"": {""op"": ""max"", ""left"": {""leaf"": ""50_deferred_revenue_current_current_quarter_end"", ""depth"": 0}, ""right"": {""leaf"": ""4109_deferred_revenue_current_prior_fy_end"", ""depth"": 0}, ""depth"": 1}, ""right"": {""leaf"": ""4108_deferred_revenue_current_current_quarter_end"", ""depth"": 0}, ""depth"": 2}","{""kind"": ""time_agg"", ""op"": ""max"", ""depth"": 0}",1021.0,2,0,2,449701225,761642191,918663111,0.476,0,1,3,50_deferred_revenue_current_current_quarter_end,deferred_revenue_current,deferred revenue current,VTL,"April 30, 2025",M_USD,65.0,4109_deferred_revenue_current_prior_fy_end,deferred_revenue_current,deferred revenue current,VTL,"December 31, 2024",M_USD,907.0,4108_deferred_revenue_current_current_quarter_end,deferred_revenue_current,deferred revenue current,VTL,"July 31, 2025",M_USD,1021.0,,,,,,,,,,,,,,,,,,,,,,,,,,,,,,,,,,,
688,1,"Determine the minimum of stock based compensation for PRF from Three Months Ended April 30, 2024 to Three Months Ended April 30, 2025 .","min(2235_stock_based_compensation_prior_ytd, 2234_stock_based_compensation_current_ytd)","{""op"": ""min"", ""left"": {""leaf"": ""2235_stock_based_compensation_prior_ytd"", ""depth"": 0}, ""right"": {""leaf"": ""2234_stock_based_compensation_current_ytd"", ""depth"": 0}, ""depth"": 1}","{""kind"": ""time_agg"", ""op"": ""min"", ""depth"": 0}",16.0,2,0,1,572183537,211211867,918663111,0.192,0,1,2,2235_stock_based_compensation_prior_ytd,stock_based_compensation,stock based compensation,PRF,"Three Months Ended April 30, 2024",M_USD,16.0,2234_stock_based_compensation_current_ytd,stock_based_compensation,stock based compensation,PRF,"Three Months Ended April 30, 2025",M_USD,17.0,,,,,,,,,,,,,,,,,,,,,,,,,,,,,,,,,,,,,,,,,,
689,1,"State the minimum of stock based compensation for PRD from Nine Months Ended October 31, 2024 to Nine Months Ended October 31, 2025 .","min(1903_stock_based_compensation_prior_ytd, 1902_stock_based_compensation_current_ytd)","{""op"": ""min"", ""left"": {""leaf"": ""1903_stock_based_compensation_prior_ytd"", ""depth"": 0}, ""right"": {""leaf"": ""1902_stock_based_compensation_current_ytd"", ""depth"": 0}, ""depth"": 1}","{""kind"": ""time_agg"", ""op"": ""min"", ""depth"": 0}",310.0,2,0,1,778447654,546320312,918663111,0.119,0,1,2,1903_stock_based_compensation_prior_ytd,stock_based_compensation,stock based compensation,PRD,"Nine Months Ended October 31, 2024",M_USD,310.0,1902_stock_based_compensation_current_ytd,stock_based_compensation,stock based compensation,PRD,"Nine Months Ended October 31, 2025",M_USD,351.0,,,,,,,,,,,,,,,,,,,,,,,,,,,,,,,,,,,,,,,,,,
690,2,"Whats the value of the average provision for income taxes for DTA from Three Months Ended April 30, 2024 to Three Months Ended April 30, 2025","ratio(sum(4487_provision_for_income_taxes_prior_year_quarter, 4486_provision_for_income_taxes_current_quarter), 2.0)","{""op"": ""ratio"", ""left"": {""op"": ""sum"", ""left"": {""leaf"": ""4487_provision_for_income_taxes_prior_year_quarter"", ""depth"": 0}, ""right"": {""leaf"": ""4486_provision_for_income_taxes_current_quarter"", ""depth"": 0}, ""depth"": 1}, ""right"": {""literal"": 2.0, ""depth"": 0}, ""depth"": 2}","{""kind"": ""time_agg"", ""op"": ""avg"", ""depth"": 0}",575.0,4,0,2,133301173,569903678,918663111,0.457,0,1,2,4487_provision_for_income_taxes_prior_year_quarter,provision_for_income_taxes,provision for income taxes,DTA,"Three Months Ended April 30, 2024",M_USD,566.0,4486_provision_for_income_taxes_current_quarter,provision_for_income_taxes,provision for income taxes,DTA,"Three Months Ended April 30, 2025",M_USD,584.0,,,,,,,,,,,,,,,,,,,,,,,,,,,,,,,,,,,,,,,,,,
691,1,"what is the maximum of research and development for AST from Three Months Ended July 31, 2024 to Three Months Ended July 31, 2025?","max(4787_research_and_development_prior_year_quarter, 4786_research_and_development_current_quarter)","{""op"": ""max"", ""left"": {""leaf"": ""4787_research_and_development_prior_year_quarter"", ""depth"": 0}, ""right"": {""leaf"": ""4786_research_and_development_current_quarter"", ""depth"": 0}, ""depth"": 1}","{""kind"": ""time_agg"", ""op"": ""max"", ""depth"": 0}",70.0,3,0,1,926720201,392619425,918663111,0.295,0,1,2,4787_research_and_development_prior_year_quarter,research_and_development,research and development,AST,"Three Months Ended July 31, 2024",M_USD,67.0,4786_research_and_development_current_quarter,research_and_development,research and development,AST,"Three Months Ended July 31, 2025",M_USD,70.0,,,,,,,,,,,,,,,,,,,,,,,,,,,,,,,,,,,,,,,,,,
692,1,"which result follows from the maximum of cash and cash equivalents for PLX from September 30, 2025 to July 31, 2026","max(4390_cash_and_cash_equivalents_current_quarter_end, 4391_cash_and_cash_equivalents_prior_fy_end)","{""op"": ""max"", ""left"": {""leaf"": ""4390_cash_and_cash_equivalents_current_quarter_end"", ""depth"": 0}, ""right"": {""leaf"": ""4391_cash_and_cash_equivalents_prior_fy_end"", ""depth"": 0}, ""depth"": 1}","{""kind"": ""time_agg"", ""op"": ""max"", ""depth"": 0}",3302.0,4,0,1,592851868,914955018,918663111,0.405,0,1,2,4390_cash_and_cash_equivalents_current_quarter_end,cash_and_cash_equivalents,cash and cash equivalents,PLX,"July 31, 2026",M_USD,3302.0,4391_cash_and_cash_equivalents_prior_fy_end,cash_and_cash_equivalents,cash and cash equivalents,PLX,"September 30, 2025",M_USD,2813.0,,,,,,,,,,,,,,,,,,,,,,,,,,,,,,,,,,,,,,,,,,
693,1,"You should give the minimum of accounts payable for QRK from September 30, 2025 to April 30, 2026","min(3642_accounts_payable_current_quarter_end, 3643_accounts_payable_prior_fy_end)","{""op"": ""min"", ""left"": {""leaf"": ""3642_accounts_payable_current_quarter_end"", ""depth"": 0}, ""right"": {""leaf"": ""3643_accounts_payable_prior_fy_end"", ""depth"": 0}, ""depth"": 1}","{""kind"": ""time_agg"", ""op"": ""min"", ""depth"": 0}",10568.0,4,0,1,120129931,194921651,918663111,0.109,0,1,2,3642_accounts_payable_current_quarter_end,accounts_payable,accounts payable,QRK,"April 30, 2026",M_USD,10568.0,3643_accounts_payable_prior_fy_end,accounts_payable,accounts payable,QRK,"September 30, 2025",M_USD,11180.0,,,,,,,,,,,,,,,,,,,,,,,,,,,,,,,,,,,,,,,,,,
694,2,"what is the average short term investments for AVX from December 31, 2024 to October 31, 2025 ?","ratio(sum(1275_short_term_investments_prior_fy_end, 1274_short_term_investments_current_quarter_end), 2.0)","{""op"": ""ratio"", ""left"": {""op"": ""sum"", ""left"": {""leaf"": ""1275_short_term_investments_prior_fy_end"", ""depth"": 0}, ""right"": {""leaf"": ""1274_short_term_investments_current_quarter_end"", ""depth"": 0}, ""depth"": 1}, ""right"": {""literal"": 2.0, ""depth"": 0}, ""depth"": 2}","{""kind"": ""time_agg"", ""op"": ""avg"", ""depth"": 0}",84.0,2,0,2,973683542,819685047,918663111,0.548,0,1,2,1275_short_term_investments_prior_fy_end,short_term_investments,short term investments,AVX,"December 31, 2024",M_USD,85.0,1274_short_term_investments_current_quarter_end,short_term_investments,short term investments,AVX,"October 31, 2025",M_USD,83.0,,,,,,,,,,,,,,,,,,,,,,,,,,,,,,,,,,,,,,,,,,
695,2,"Determine the average cost of sales for TPH from Nine Months Ended October 31, 2024 to Nine Months Ended October 31, 2025","ratio(sum(2745_cost_of_sales_prior_year_ytd, 2744_cost_of_sales_current_ytd), 2.0)","{""op"": ""ratio"", ""left"": {""op"": ""sum"", ""left"": {""leaf"": ""2745_cost_of_sales_prior_year_ytd"", ""depth"": 0}, ""right"": {""leaf"": ""2744_cost_of_sales_current_ytd"", ""depth"": 0}, ""depth"": 1}, ""right"": {""literal"": 2.0, ""depth"": 0}, ""depth"": 2}","{""kind"": ""time_agg"", ""op"": ""avg"", ""depth"": 0}",15465.0,1,0,2,764580197,483693404,918663111,0.321,0,1,2,2745_cost_of_sales_prior_year_ytd,cost_of_sales,cost of sales,TPH,"Nine Months Ended October 31, 2024",M_USD,15624.0,2744_cost_of_sales_current_ytd,cost_of_sales,cost of sales,TPH,"Nine Months Ended October 31, 2025",M_USD,15306.0,,,,,,,,,,,,,,,,,,,,,,,,,,,,,,,,,,,,,,,,,,
696,2,"which result follows from the average accounts receivable net for PRD from December 31, 2024 to October 31, 2025","ratio(sum(1855_accounts_receivable_net_prior_fy_end, 1854_accounts_receivable_net_current_quarter_end), 2.0)","{""op"": ""ratio"", ""left"": {""op"": ""sum"", ""left"": {""leaf"": ""1855_accounts_receivable_net_prior_fy_end"", ""depth"": 0}, ""right"": {""leaf"": ""1854_accounts_receivable_net_current_quarter_end"", ""depth"": 0}, ""depth"": 1}, ""right"": {""literal"": 2.0, ""depth"": 0}, ""depth"": 2}","{""kind"": ""time_agg"", ""op"": ""avg"", ""depth"": 0}",1845.5,2,0,2,869551777,342096658,918663111,0.534,0,1,2,1855_accounts_receivable_net_prior_fy_end,accounts_receivable_net,accounts receivable net,PRD,"December 31, 2024",M_USD,1752.0,1854_accounts_receivable_net_current_quarter_end,accounts_receivable_net,accounts receivable net,PRD,"October 31, 2025",M_USD,1939.0,,,,,,,,,,,,,,,,,,,,,,,,,,,,,,,,,,,,,,,,,,
697,2,"what's the value of the average inventories for CRF from December 31, 2024 to October 31, 2025","ratio(sum(1617_inventories_prior_fy_end, 1616_inventories_current_quarter_end), 2.0)","{""op"": ""ratio"", ""left"": {""op"": ""sum"", ""left"": {""leaf"": ""1617_inventories_prior_fy_end"", ""depth"": 0}, ""right"": {""leaf"": ""1616_inventories_current_quarter_end"", ""depth"": 0}, ""depth"": 1}, ""right"": {""literal"": 2.0, ""depth"": 0}, ""depth"": 2}","{""kind"": ""time_agg"", ""op"": ""avg"", ""depth"": 0}",1543.5,1,0,2,198876347,82506697,918663111,0.106,0,1,2,1617_inventories_prior_fy_end,inventories,inventories,CRF,"December 31, 2024",M_USD,1563.0,1616_inventories_current_quarter_end,inventories,inventories,CRF,"October 31, 2025",M_USD,1524.0,,,,,,,,,,,,,,,,,,,,,,,,,,,,,,,,,,,,,,,,,,
698,1,"Which value corresponds to the minimum of total non current liabilities for MRT from December 31, 2024 to April 30, 2025?","min(1406_total_non_current_liabilities_current_quarter_end, 1407_total_non_current_liabilities_prior_fy_end)","{""op"": ""min"", ""left"": {""leaf"": ""1406_total_non_current_liabilities_current_quarter_end"", ""depth"": 0}, ""right"": {""leaf"": ""1407_total_non_current_liabilities_prior_fy_end"", ""depth"": 0}, ""depth"": 1}","{""kind"": ""time_agg"", ""op"": ""min"", ""depth"": 0}",12300.0,3,0,1,409819631,400134335,918663111,0.16,0,1,2,1406_total_non_current_liabilities_current_quarter_end,total_non_current_liabilities,total non current liabilities,MRT,"April 30, 2025",M_USD,14246.0,1407_total_non_current_liabilities_prior_fy_end,total_non_current_liabilities,total non current liabilities,MRT,"December 31, 2024",M_USD,12300.0,,,,,,,,,,,,,,,,,,,,,,,,,,,,,,,,,,,,,,,,,,
699,2,"May you calculate the average net income for TRD from Three Months Ended July 31, 2024 to Three Months Ended July 31, 2025?","ratio(sum(2291_net_income_prior_year_quarter, 2290_net_income_current_quarter), 2.0)","{""op"": ""ratio"", ""left"": {""op"": ""sum"", ""left"": {""leaf"": ""2291_net_income_prior_year_quarter"", ""depth"": 0}, ""right"": {""leaf"": ""2290_net_income_current_quarter"", ""depth"": 0}, ""depth"": 1}, ""right"": {""literal"": 2.0, ""depth"": 0}, ""depth"": 2}","{""kind"": ""time_agg"", ""op"": ""avg"", ""depth"": 0}",2634.0,3,0,2,498233581,690282326,918663111,0.395,0,1,2,2291_net_income_prior_year_quarter,net_income,net income,TRD,"Three Months Ended July 31, 2024",M_USD,2705.0,2290_net_income_current_quarter,net_income,net income,TRD,"Three Months Ended July 31, 2025",M_USD,2563.0,,,,,,,,,,,,,,,,,,,,,,,,,,,,,,,,,,,,,,,,,,
700,4,"state the difference between ratio of sum of sum of total non current assets for VTL in April 30, 2025 and total non current assets for VTL in December 31, 2024 and total non current assets for VTL in July 31, 2025 to 3.0 and ratio of sum of current portion of long term debt for VTL in December 31, 2024 and current portion of long term debt for VTL in July 31, 2025 to 2.0 .","diff(ratio(sum(sum(44_total_non_current_assets_current_quarter_end, 45_total_non_current_assets_prior_fy_end), 4102_total_non_current_assets_current_quarter_end), 3.0), ratio(sum(4113_current_portion_of_long_term_debt_prior_fy_end, 4112_current_portion_of_long_term_debt_current_quarter_end), 2.0))","{""op"": ""diff"", ""left"": {""op"": ""ratio"", ""left"": {""op"": ""sum"", ""left"": {""op"": ""sum"", ""left"": {""leaf"": ""44_total_non_current_assets_current_quarter_end"", ""depth"": 0}, ""right"": {""leaf"": ""45_total_non_current_assets_prior_fy_end"", ""depth"": 0}, ""depth"": 1}, ""right"": {""leaf"": ""4102_total_non_current_assets_current_quarter_end"", ""depth"": 0}, ""depth"": 2}, ""right"": {""literal"": 3.0, ""depth"": 0}, ""depth"": 3}, ""right"": {""op"": ""ratio"", ""left"": {""op"": ""sum"", ""left"": {""leaf"": ""4113_current_portion_of_long_term_debt_prior_fy_end"", ""depth"": 0}, ""right"": {""leaf"": ""4112_current_portion_of_long_term_debt_current_quarter_end"", ""depth"": 0}, ""depth"": 1}, ""right"": {""literal"": 2.0, ""depth"": 0}, ""depth"": 2}, ""depth"": 4}","{""op"": ""diff"", ""left"": {""kind"": ""time_agg"", ""op"": ""avg"", ""depth"": 0}, ""right"": {""kind"": ""time_agg"", ""op"": ""avg"", ""depth"": 0}, ""depth"": 1, ""kind"": ""node""}",2742.1666666666665,4,1,4,553062145,415526701,918663111,0.494,1,2,5,44_total_non_current_assets_current_quarter_end,total_non_current_assets,total non current assets,VTL,"April 30, 2025",M_USD,761.0,45_total_non_current_assets_prior_fy_end,total_non_current_assets,total non current assets,VTL,"December 31, 2024",M_USD,772.0,4102_total_non_current_assets_current_quarter_end,total_non_current_assets,total non current assets,VTL,"July 31, 2025",M_USD,8381.0,4113_current_portion_of_long_term_debt_prior_fy_end,current_portion_of_long_term_debt,current portion of long term debt,VTL,"December 31, 2024",M_USD,529.0,4112_current_portion_of_long_term_debt_current_quarter_end,current_portion_of_long_term_debt,current portion of long term debt,VTL,"July 31, 2025",M_USD,596.0,,,,,,,,,,,,,,,,,,,,,
701,1,"which result follows from the minimum of selling general and administrative for PLZ from Three Months Ended July 31, 2024 to Three Months Ended July 31, 2025?","min(2059_selling_general_and_administrative_prior_year_quarter, 2058_selling_general_and_administrative_current_quarter)","{""op"": ""min"", ""left"": {""leaf"": ""2059_selling_general_and_administrative_prior_year_quarter"", ""depth"": 0}, ""right"": {""leaf"": ""2058_selling_general_and_administrative_current_quarter"", ""depth"": 0}, ""depth"": 1}","{""kind"": ""time_agg"", ""op"": ""min"", ""depth"": 0}",15498.0,1,0,1,496550419,534642113,918663111,0.548,0,1,2,2059_selling_general_and_administrative_prior_year_quarter,selling_general_and_administrative,selling general and administrative,PLZ,"Three Months Ended July 31, 2024",M_USD,16654.0,2058_selling_general_and_administrative_current_quarter,selling_general_and_administrative,selling general and administrative,PLZ,"Three Months Ended July 31, 2025",M_USD,15498.0,,,,,,,,,,,,,,,,,,,,,,,,,,,,,,,,,,,,,,,,,,
702,1,"evaluate the maximum of short term investments for CLR from December 31, 2024 to October 31, 2025.","max(147_short_term_investments_prior_fy_end, 146_short_term_investments_current_quarter_end)","{""op"": ""max"", ""left"": {""leaf"": ""147_short_term_investments_prior_fy_end"", ""depth"": 0}, ""right"": {""leaf"": ""146_short_term_investments_current_quarter_end"", ""depth"": 0}, ""depth"": 1}","{""kind"": ""time_agg"", ""op"": ""max"", ""depth"": 0}",2083.0,1,0,1,709633265,314595854,918663111,0.442,0,1,2,147_short_term_investments_prior_fy_end,short_term_investments,short term investments,CLR,"December 31, 2024",M_USD,1996.0,146_short_term_investments_current_quarter_end,short_term_investments,short term investments,CLR,"October 31, 2025",M_USD,2083.0,,,,,,,,,,,,,,,,,,,,,,,,,,,,,,,,,,,,,,,,,,
703,2,"give the average accounts payable for PRF from December 31, 2024 to April 30, 2025","ratio(sum(2206_accounts_payable_current_quarter_end, 2207_accounts_payable_prior_fy_end), 2.0)","{""op"": ""ratio"", ""left"": {""op"": ""sum"", ""left"": {""leaf"": ""2206_accounts_payable_current_quarter_end"", ""depth"": 0}, ""right"": {""leaf"": ""2207_accounts_payable_prior_fy_end"", ""depth"": 0}, ""depth"": 1}, ""right"": {""literal"": 2.0, ""depth"": 0}, ""depth"": 2}","{""kind"": ""time_agg"", ""op"": ""avg"", ""depth"": 0}",232.0,4,0,2,284491231,780657795,918663111,0.506,0,1,2,2206_accounts_payable_current_quarter_end,accounts_payable,accounts payable,PRF,"April 30, 2025",M_USD,237.0,2207_accounts_payable_prior_fy_end,accounts_payable,accounts payable,PRF,"December 31, 2024",M_USD,227.0,,,,,,,,,,,,,,,,,,,,,,,,,,,,,,,,,,,,,,,,,,
704,2,"which value corresponds to the average Patient service revenue for MED from Nine Months Ended October 31, 2024 to Nine Months Ended October 31, 2025?","ratio(sum(2040_patient_service_revenue_prior_year_ytd, 2034_patient_service_revenue_current_ytd), 2.0)","{""op"": ""ratio"", ""left"": {""op"": ""sum"", ""left"": {""leaf"": ""2040_patient_service_revenue_prior_year_ytd"", ""depth"": 0}, ""right"": {""leaf"": ""2034_patient_service_revenue_current_ytd"", ""depth"": 0}, ""depth"": 1}, ""right"": {""literal"": 2.0, ""depth"": 0}, ""depth"": 2}","{""kind"": ""time_agg"", ""op"": ""avg"", ""depth"": 0}",6027.0,4,0,2,601406165,385424861,918663111,0.147,0,1,2,2040_patient_service_revenue_prior_year_ytd,patient_service_revenue,Patient service revenue,MED,"Nine Months Ended October 31, 2024",M_USD,3900.0,2034_patient_service_revenue_current_ytd,patient_service_revenue,Patient service revenue,MED,"Nine Months Ended October 31, 2025",M_USD,8154.0,,,,,,,,,,,,,,,,,,,,,,,,,,,,,,,,,,,,,,,,,,
705,2,"You should calculate the average prepaid expenses and other for MDI from December 31, 2024 to October 31, 2025","ratio(sum(5635_prepaid_expenses_and_other_prior_fy_end, 5634_prepaid_expenses_and_other_current_quarter_end), 2.0)","{""op"": ""ratio"", ""left"": {""op"": ""sum"", ""left"": {""leaf"": ""5635_prepaid_expenses_and_other_prior_fy_end"", ""depth"": 0}, ""right"": {""leaf"": ""5634_prepaid_expenses_and_other_current_quarter_end"", ""depth"": 0}, ""depth"": 1}, ""right"": {""literal"": 2.0, ""depth"": 0}, ""depth"": 2}","{""kind"": ""time_agg"", ""op"": ""avg"", ""depth"": 0}",484.0,1,0,2,695031994,54296106,918663111,0.307,0,1,2,5635_prepaid_expenses_and_other_prior_fy_end,prepaid_expenses_and_other,prepaid expenses and other,MDI,"December 31, 2024",M_USD,488.0,5634_prepaid_expenses_and_other_current_quarter_end,prepaid_expenses_and_other,prepaid expenses and other,MDI,"October 31, 2025",M_USD,480.0,,,,,,,,,,,,,,,,,,,,,,,,,,,,,,,,,,,,,,,,,,
706,1,"You should calculate the maximum of selling general and administrative for PLZ from Six Months Ended July 31, 2024 to Six Months Ended July 31, 2025 .","max(2061_selling_general_and_administrative_prior_year_ytd, 2060_selling_general_and_administrative_current_ytd)","{""op"": ""max"", ""left"": {""leaf"": ""2061_selling_general_and_administrative_prior_year_ytd"", ""depth"": 0}, ""right"": {""leaf"": ""2060_selling_general_and_administrative_current_ytd"", ""depth"": 0}, ""depth"": 1}","{""kind"": ""time_agg"", ""op"": ""max"", ""depth"": 0}",33308.0,2,0,1,693507166,155041237,918663111,0.501,0,1,2,2061_selling_general_and_administrative_prior_year_ytd,selling_general_and_administrative,selling general and administrative,PLZ,"Six Months Ended July 31, 2024",M_USD,33308.0,2060_selling_general_and_administrative_current_ytd,selling_general_and_administrative,selling general and administrative,PLZ,"Six Months Ended July 31, 2025",M_USD,30996.0,,,,,,,,,,,,,,,,,,,,,,,,,,,,,,,,,,,,,,,,,,
707,1,"which result follows from the minimum of other non current assets for PRD from December 31, 2024 to October 31, 2025?","min(1869_other_non_current_assets_prior_fy_end, 1868_other_non_current_assets_current_quarter_end)","{""op"": ""min"", ""left"": {""leaf"": ""1869_other_non_current_assets_prior_fy_end"", ""depth"": 0}, ""right"": {""leaf"": ""1868_other_non_current_assets_current_quarter_end"", ""depth"": 0}, ""depth"": 1}","{""kind"": ""time_agg"", ""op"": ""min"", ""depth"": 0}",1145.0,2,0,1,216765241,768214863,918663111,0.186,0,1,2,1869_other_non_current_assets_prior_fy_end,other_non_current_assets,other non current assets,PRD,"December 31, 2024",M_USD,1145.0,1868_other_non_current_assets_current_quarter_end,other_non_current_assets,other non current assets,PRD,"October 31, 2025",M_USD,1267.0,,,,,,,,,,,,,,,,,,,,,,,,,,,,,,,,,,,,,,,,,,
708,4,"whats the value of the sum of maximum of deferred revenue current for CRX from September 30, 2025 to October 31, 2025 and total current liabilities for CRX in December 31, 2024","sum(max(5212_deferred_revenue_current_current_quarter_end, 4617_deferred_revenue_current_prior_fy_end), total_current_liabilities)","{""op"": ""sum"", ""left"": {""op"": ""max"", ""left"": {""leaf"": ""5212_deferred_revenue_current_current_quarter_end"", ""depth"": 0}, ""right"": {""leaf"": ""4617_deferred_revenue_current_prior_fy_end"", ""depth"": 0}, ""depth"": 1}, ""right"": {""derived"": ""total_current_liabilities"", ""expanded"": {""op"": ""sum"", ""left"": {""op"": ""sum"", ""left"": {""op"": ""sum"", ""left"": {""leaf"": ""5211_accounts_payable_prior_fy_end"", ""depth"": 0}, ""right"": {""leaf"": ""5213_deferred_revenue_current_prior_fy_end"", ""depth"": 0}, ""depth"": 1}, ""right"": {""leaf"": ""5215_accrued_expenses_and_other_prior_fy_end"", ""depth"": 0}, ""depth"": 2}, ""right"": {""leaf"": ""5217_current_portion_of_long_term_debt_prior_fy_end"", ""depth"": 0}, ""depth"": 3}, ""depth"": 3}, ""depth"": 4}","{""op"": ""sum"", ""left"": {""kind"": ""time_agg"", ""op"": ""max"", ""depth"": 0}, ""right"": {""kind"": ""derived_concept"", ""name"": ""total_current_liabilities"", ""depth"": 0}, ""depth"": 1, ""kind"": ""node""}",8795.0,4,1,4,903877784,730513158,918663111,0.436,1,2,6,5212_deferred_revenue_current_current_quarter_end,deferred_revenue_current,deferred revenue current,CRX,"October 31, 2025",M_USD,945.0,4617_deferred_revenue_current_prior_fy_end,deferred_revenue_current,deferred revenue current,CRX,"September 30, 2025",M_USD,2441.0,5211_accounts_payable_prior_fy_end,accounts_payable,accounts payable,CRX,"December 31, 2024",M_USD,4024.0,5213_deferred_revenue_current_prior_fy_end,deferred_revenue_current,deferred revenue current,CRX,"December 31, 2024",M_USD,907.0,5215_accrued_expenses_and_other_prior_fy_end,accrued_expenses_and_other,accrued expenses and other,CRX,"December 31, 2024",M_USD,1108.0,5217_current_portion_of_long_term_debt_prior_fy_end,current_portion_of_long_term_debt,current portion of long term debt,CRX,"December 31, 2024",M_USD,315.0,,,,,,,,,,,,,,
709,1,"evaluate the minimum of total revenues for SUP from Three Months Ended July 31, 2024 to Three Months Ended July 31, 2025 .","min(2627_total_revenues_prior_year_quarter, 2626_total_revenues_current_quarter)","{""op"": ""min"", ""left"": {""leaf"": ""2627_total_revenues_prior_year_quarter"", ""depth"": 0}, ""right"": {""leaf"": ""2626_total_revenues_current_quarter"", ""depth"": 0}, ""depth"": 1}","{""kind"": ""time_agg"", ""op"": ""min"", ""depth"": 0}",26064.0,3,0,1,930899731,873515503,918663111,0.399,0,1,2,2627_total_revenues_prior_year_quarter,total_revenues,total revenues,SUP,"Three Months Ended July 31, 2024",M_USD,29168.0,2626_total_revenues_current_quarter,total_revenues,total revenues,SUP,"Three Months Ended July 31, 2025",M_USD,26064.0,,,,,,,,,,,,,,,,,,,,,,,,,,,,,,,,,,,,,,,,,,
710,2,"you should give the difference between minimum of total costs and expenses for PLX from Three Months Ended July 31, 2025 to Three Months Ended July 31, 2026 and maximum of operating income for PLX from Three Months Ended July 31, 2025 to Three Months Ended July 31, 2026 .","diff(min(4363_total_costs_and_expenses_prior_year_quarter, 4362_total_costs_and_expenses_current_quarter), max(4367_operating_income_prior_year_quarter, 4366_operating_income_current_quarter))","{""op"": ""diff"", ""left"": {""op"": ""min"", ""left"": {""leaf"": ""4363_total_costs_and_expenses_prior_year_quarter"", ""depth"": 0}, ""right"": {""leaf"": ""4362_total_costs_and_expenses_current_quarter"", ""depth"": 0}, ""depth"": 1}, ""right"": {""op"": ""max"", ""left"": {""leaf"": ""4367_operating_income_prior_year_quarter"", ""depth"": 0}, ""right"": {""leaf"": ""4366_operating_income_current_quarter"", ""depth"": 0}, ""depth"": 1}, ""depth"": 2}","{""op"": ""diff"", ""left"": {""kind"": ""time_agg"", ""op"": ""min"", ""depth"": 0}, ""right"": {""kind"": ""time_agg"", ""op"": ""max"", ""depth"": 0}, ""depth"": 1, ""kind"": ""node""}",2040.0,4,1,2,815678004,796981954,918663111,0.258,1,2,4,4363_total_costs_and_expenses_prior_year_quarter,total_costs_and_expenses,total costs and expenses,PLX,"Three Months Ended July 31, 2025",M_USD,10207.0,4362_total_costs_and_expenses_current_quarter,total_costs_and_expenses,total costs and expenses,PLX,"Three Months Ended July 31, 2026",M_USD,10353.0,4367_operating_income_prior_year_quarter,operating_income,operating income,PLX,"Three Months Ended July 31, 2025",M_USD,8051.0,4366_operating_income_current_quarter,operating_income,operating income,PLX,"Three Months Ended July 31, 2026",M_USD,8167.0,,,,,,,,,,,,,,,,,,,,,,,,,,,,
711,1,"What is the value of the maximum of total costs and expenses for BRX from Three Months Ended July 31, 2024 to Three Months Ended July 31, 2025 ?","max(357_total_costs_and_expenses_prior_year_quarter, 356_total_costs_and_expenses_current_quarter)","{""op"": ""max"", ""left"": {""leaf"": ""357_total_costs_and_expenses_prior_year_quarter"", ""depth"": 0}, ""right"": {""leaf"": ""356_total_costs_and_expenses_current_quarter"", ""depth"": 0}, ""depth"": 1}","{""kind"": ""time_agg"", ""op"": ""max"", ""depth"": 0}",52498.0,4,0,1,211416725,896749977,918663111,0.123,0,1,2,357_total_costs_and_expenses_prior_year_quarter,total_costs_and_expenses,total costs and expenses,BRX,"Three Months Ended July 31, 2024",M_USD,52498.0,356_total_costs_and_expenses_current_quarter,total_costs_and_expenses,total costs and expenses,BRX,"Three Months Ended July 31, 2025",M_USD,51416.0,,,,,,,,,,,,,,,,,,,,,,,,,,,,,,,,,,,,,,,,,,
712,1,"compute the maximum of selling general and administrative for QRK from Three Months Ended April 30, 2025 to Three Months Ended April 30, 2026 .","max(3587_selling_general_and_administrative_prior_year_quarter, 3586_selling_general_and_administrative_current_quarter)","{""op"": ""max"", ""left"": {""leaf"": ""3587_selling_general_and_administrative_prior_year_quarter"", ""depth"": 0}, ""right"": {""leaf"": ""3586_selling_general_and_administrative_current_quarter"", ""depth"": 0}, ""depth"": 1}","{""kind"": ""time_agg"", ""op"": ""max"", ""depth"": 0}",10483.0,1,0,1,838357038,45223312,918663111,0.225,0,1,2,3587_selling_general_and_administrative_prior_year_quarter,selling_general_and_administrative,selling general and administrative,QRK,"Three Months Ended April 30, 2025",M_USD,10483.0,3586_selling_general_and_administrative_current_quarter,selling_general_and_administrative,selling general and administrative,QRK,"Three Months Ended April 30, 2026",M_USD,9361.0,,,,,,,,,,,,,,,,,,,,,,,,,,,,,,,,,,,,,,,,,,
713,1,"You should calculate the minimum of total assets for INF from December 31, 2024 to July 31, 2025","min(3865_total_assets_prior_fy_end, 3864_total_assets_current_quarter_end)","{""op"": ""min"", ""left"": {""leaf"": ""3865_total_assets_prior_fy_end"", ""depth"": 0}, ""right"": {""leaf"": ""3864_total_assets_current_quarter_end"", ""depth"": 0}, ""depth"": 1}","{""kind"": ""time_agg"", ""op"": ""min"", ""depth"": 0}",19819.0,1,0,1,636290189,765545882,918663111,0.427,0,1,2,3865_total_assets_prior_fy_end,total_assets,total assets,INF,"December 31, 2024",M_USD,19819.0,3864_total_assets_current_quarter_end,total_assets,total assets,INF,"July 31, 2025",M_USD,19842.0,,,,,,,,,,,,,,,,,,,,,,,,,,,,,,,,,,,,,,,,,,
714,1,"What does the following give: maximum of other non current liabilities for MDI from December 31, 2024 to October 31, 2025","max(5663_other_non_current_liabilities_prior_fy_end, 5662_other_non_current_liabilities_current_quarter_end)","{""op"": ""max"", ""left"": {""leaf"": ""5663_other_non_current_liabilities_prior_fy_end"", ""depth"": 0}, ""right"": {""leaf"": ""5662_other_non_current_liabilities_current_quarter_end"", ""depth"": 0}, ""depth"": 1}","{""kind"": ""time_agg"", ""op"": ""max"", ""depth"": 0}",630.0,3,0,1,358129879,484407957,918663111,0.361,0,1,2,5663_other_non_current_liabilities_prior_fy_end,other_non_current_liabilities,other non current liabilities,MDI,"December 31, 2024",M_USD,630.0,5662_other_non_current_liabilities_current_quarter_end,other_non_current_liabilities,other non current liabilities,MDI,"October 31, 2025",M_USD,620.0,,,,,,,,,,,,,,,,,,,,,,,,,,,,,,,,,,,,,,,,,,
715,0,"what do we obtain as the total current assets for JTX in December 31, 2024?",4195_total_current_assets_prior_fy_end,"{""leaf"": ""4195_total_current_assets_prior_fy_end"", ""depth"": 0}","{""kind"": ""leaf"", ""semantic_type_in"": [""amount""], ""depth"": 0}",6099.0,2,0,0,876808672,447641528,918663111,0.345,0,1,1,4195_total_current_assets_prior_fy_end,total_current_assets,total current assets,JTX,"December 31, 2024",M_USD,6099.0,,,,,,,,,,,,,,,,,,,,,,,,,,,,,,,,,,,,,,,,,,,,,,,,,
716,2,"Could you give the average accrued expenses and other for STR from December 31, 2024 to July 31, 2025","ratio(sum(3519_accrued_expenses_and_other_prior_fy_end, 3518_accrued_expenses_and_other_current_quarter_end), 2.0)","{""op"": ""ratio"", ""left"": {""op"": ""sum"", ""left"": {""leaf"": ""3519_accrued_expenses_and_other_prior_fy_end"", ""depth"": 0}, ""right"": {""leaf"": ""3518_accrued_expenses_and_other_current_quarter_end"", ""depth"": 0}, ""depth"": 1}, ""right"": {""literal"": 2.0, ""depth"": 0}, ""depth"": 2}","{""kind"": ""time_agg"", ""op"": ""avg"", ""depth"": 0}",598.0,2,0,2,113157018,162025134,918663111,0.216,0,1,2,3519_accrued_expenses_and_other_prior_fy_end,accrued_expenses_and_other,accrued expenses and other,STR,"December 31, 2024",M_USD,605.0,3518_accrued_expenses_and_other_current_quarter_end,accrued_expenses_and_other,accrued expenses and other,STR,"July 31, 2025",M_USD,591.0,,,,,,,,,,,,,,,,,,,,,,,,,,,,,,,,,,,,,,,,,,
717,2,"What is the average total non current liabilities for AST from December 31, 2024 to July 31, 2025?","ratio(sum(4861_total_non_current_liabilities_prior_fy_end, 4860_total_non_current_liabilities_current_quarter_end), 2.0)","{""op"": ""ratio"", ""left"": {""op"": ""sum"", ""left"": {""leaf"": ""4861_total_non_current_liabilities_prior_fy_end"", ""depth"": 0}, ""right"": {""leaf"": ""4860_total_non_current_liabilities_current_quarter_end"", ""depth"": 0}, ""depth"": 1}, ""right"": {""literal"": 2.0, ""depth"": 0}, ""depth"": 2}","{""kind"": ""time_agg"", ""op"": ""avg"", ""depth"": 0}",12538.5,3,0,2,877875271,842841813,918663111,0.37,0,1,2,4861_total_non_current_liabilities_prior_fy_end,total_non_current_liabilities,total non current liabilities,AST,"December 31, 2024",M_USD,12499.0,4860_total_non_current_liabilities_current_quarter_end,total_non_current_liabilities,total non current liabilities,AST,"July 31, 2025",M_USD,12578.0,,,,,,,,,,,,,,,,,,,,,,,,,,,,,,,,,,,,,,,,,,
718,2,"You should give the difference between minimum of total liabilities for PRD from December 31, 2024 to October 31, 2025 and minimum of total non current liabilities for PRD from December 31, 2024 to October 31, 2025 .","diff(min(1891_total_liabilities_prior_fy_end, 1890_total_liabilities_current_quarter_end), min(1889_total_non_current_liabilities_prior_fy_end, 1888_total_non_current_liabilities_current_quarter_end))","{""op"": ""diff"", ""left"": {""op"": ""min"", ""left"": {""leaf"": ""1891_total_liabilities_prior_fy_end"", ""depth"": 0}, ""right"": {""leaf"": ""1890_total_liabilities_current_quarter_end"", ""depth"": 0}, ""depth"": 1}, ""right"": {""op"": ""min"", ""left"": {""leaf"": ""1889_total_non_current_liabilities_prior_fy_end"", ""depth"": 0}, ""right"": {""leaf"": ""1888_total_non_current_liabilities_current_quarter_end"", ""depth"": 0}, ""depth"": 1}, ""depth"": 2}","{""op"": ""diff"", ""left"": {""kind"": ""time_agg"", ""op"": ""min"", ""depth"": 0}, ""right"": {""kind"": ""time_agg"", ""op"": ""min"", ""depth"": 0}, ""depth"": 1, ""kind"": ""node""}",10276.0,4,1,2,369816816,899123573,918663111,0.242,1,2,4,1891_total_liabilities_prior_fy_end,total_liabilities,total liabilities,PRD,"December 31, 2024",M_USD,15698.0,1890_total_liabilities_current_quarter_end,total_liabilities,total liabilities,PRD,"October 31, 2025",M_USD,17371.0,1889_total_non_current_liabilities_prior_fy_end,total_non_current_liabilities,total non current liabilities,PRD,"December 31, 2024",M_USD,5422.0,1888_total_non_current_liabilities_current_quarter_end,total_non_current_liabilities,total non current liabilities,PRD,"October 31, 2025",M_USD,6000.0,,,,,,,,,,,,,,,,,,,,,,,,,,,,
719,1,"Which result follows from the minimum of total non current liabilities for PLX from September 30, 2025 to July 31, 2026 ?","min(4428_total_non_current_liabilities_current_quarter_end, 4429_total_non_current_liabilities_prior_fy_end)","{""op"": ""min"", ""left"": {""leaf"": ""4428_total_non_current_liabilities_current_quarter_end"", ""depth"": 0}, ""right"": {""leaf"": ""4429_total_non_current_liabilities_prior_fy_end"", ""depth"": 0}, ""depth"": 1}","{""kind"": ""time_agg"", ""op"": ""min"", ""depth"": 0}",2894.0,1,0,1,218613550,116843678,918663111,0.559,0,1,2,4428_total_non_current_liabilities_current_quarter_end,total_non_current_liabilities,total non current liabilities,PLX,"July 31, 2026",M_USD,3397.0,4429_total_non_current_liabilities_prior_fy_end,total_non_current_liabilities,total non current liabilities,PLX,"September 30, 2025",M_USD,2894.0,,,,,,,,,,,,,,,,,,,,,,,,,,,,,,,,,,,,,,,,,,
720,1,"what is the value of the maximum of other non current liabilities for BRX from December 31, 2024 to July 31, 2025?","max(421_other_non_current_liabilities_prior_fy_end, 420_other_non_current_liabilities_current_quarter_end)","{""op"": ""max"", ""left"": {""leaf"": ""421_other_non_current_liabilities_prior_fy_end"", ""depth"": 0}, ""right"": {""leaf"": ""420_other_non_current_liabilities_current_quarter_end"", ""depth"": 0}, ""depth"": 1}","{""kind"": ""time_agg"", ""op"": ""max"", ""depth"": 0}",4698.0,2,0,1,339968984,563708470,918663111,0.197,0,1,2,421_other_non_current_liabilities_prior_fy_end,other_non_current_liabilities,other non current liabilities,BRX,"December 31, 2024",M_USD,4698.0,420_other_non_current_liabilities_current_quarter_end,other_non_current_liabilities,other non current liabilities,BRX,"July 31, 2025",M_USD,4643.0,,,,,,,,,,,,,,,,,,,,,,,,,,,,,,,,,,,,,,,,,,
721,1,"Which value corresponds to the minimum of total current assets for MED from December 31, 2024 to July 31, 2025?","min(1973_total_current_assets_prior_fy_end, 1732_total_current_assets_current_quarter_end)","{""op"": ""min"", ""left"": {""leaf"": ""1973_total_current_assets_prior_fy_end"", ""depth"": 0}, ""right"": {""leaf"": ""1732_total_current_assets_current_quarter_end"", ""depth"": 0}, ""depth"": 1}","{""kind"": ""time_agg"", ""op"": ""min"", ""depth"": 0}",1686.0,3,0,1,879928731,916759790,918663111,0.506,0,1,2,1973_total_current_assets_prior_fy_end,total_current_assets,total current assets,MED,"December 31, 2024",M_USD,1686.0,1732_total_current_assets_current_quarter_end,total_current_assets,total current assets,MED,"July 31, 2025",M_USD,7229.0,,,,,,,,,,,,,,,,,,,,,,,,,,,,,,,,,,,,,,,,,,
722,2,"could you give the average other non current assets for STR from December 31, 2024 to July 31, 2025?","ratio(sum(3509_other_non_current_assets_prior_fy_end, 3508_other_non_current_assets_current_quarter_end), 2.0)","{""op"": ""ratio"", ""left"": {""op"": ""sum"", ""left"": {""leaf"": ""3509_other_non_current_assets_prior_fy_end"", ""depth"": 0}, ""right"": {""leaf"": ""3508_other_non_current_assets_current_quarter_end"", ""depth"": 0}, ""depth"": 1}, ""right"": {""literal"": 2.0, ""depth"": 0}, ""depth"": 2}","{""kind"": ""time_agg"", ""op"": ""avg"", ""depth"": 0}",458.5,1,0,2,857656228,697248354,918663111,0.588,0,1,2,3509_other_non_current_assets_prior_fy_end,other_non_current_assets,other non current assets,STR,"December 31, 2024",M_USD,464.0,3508_other_non_current_assets_current_quarter_end,other_non_current_assets,other non current assets,STR,"July 31, 2025",M_USD,453.0,,,,,,,,,,,,,,,,,,,,,,,,,,,,,,,,,,,,,,,,,,
723,1,"what is the value of the minimum of total revenues for BRX from Three Months Ended July 31, 2024 to Three Months Ended July 31, 2025?","min(337_total_revenues_prior_year_quarter, 336_total_revenues_current_quarter)","{""op"": ""min"", ""left"": {""leaf"": ""337_total_revenues_prior_year_quarter"", ""depth"": 0}, ""right"": {""leaf"": ""336_total_revenues_current_quarter"", ""depth"": 0}, ""depth"": 1}","{""kind"": ""time_agg"", ""op"": ""min"", ""depth"": 0}",66833.0,2,0,1,411614365,248455711,918663111,0.173,0,1,2,337_total_revenues_prior_year_quarter,total_revenues,total revenues,BRX,"Three Months Ended July 31, 2024",M_USD,68239.0,336_total_revenues_current_quarter,total_revenues,total revenues,BRX,"Three Months Ended July 31, 2025",M_USD,66833.0,,,,,,,,,,,,,,,,,,,,,,,,,,,,,,,,,,,,,,,,,,
724,0,"what is the provision for income taxes for AST in Six Months Ended July 31, 2024 ?",4809_provision_for_income_taxes_prior_year_ytd,"{""leaf"": ""4809_provision_for_income_taxes_prior_year_ytd"", ""depth"": 0}","{""kind"": ""leaf"", ""semantic_type_in"": [""amount""], ""depth"": 0}",2436.0,1,0,0,753972357,960261989,918663111,0.147,0,1,1,4809_provision_for_income_taxes_prior_year_ytd,provision_for_income_taxes,provision for income taxes,AST,"Six Months Ended July 31, 2024",M_USD,2436.0,,,,,,,,,,,,,,,,,,,,,,,,,,,,,,,,,,,,,,,,,,,,,,,,,
725,2,"What would be the sum of maximum of inventories for GRD from December 31, 2024 to July 31, 2025 and minimum of net income for GRD from Three Months Ended July 31, 2024 to Three Months Ended July 31, 2025","sum(max(279_inventories_prior_fy_end, 278_inventories_current_quarter_end), min(261_net_income_prior_year_quarter, 260_net_income_current_quarter))","{""op"": ""sum"", ""left"": {""op"": ""max"", ""left"": {""leaf"": ""279_inventories_prior_fy_end"", ""depth"": 0}, ""right"": {""leaf"": ""278_inventories_current_quarter_end"", ""depth"": 0}, ""depth"": 1}, ""right"": {""op"": ""min"", ""left"": {""leaf"": ""261_net_income_prior_year_quarter"", ""depth"": 0}, ""right"": {""leaf"": ""260_net_income_current_quarter"", ""depth"": 0}, ""depth"": 1}, ""depth"": 2}","{""op"": ""sum"", ""left"": {""kind"": ""time_agg"", ""op"": ""max"", ""depth"": 0}, ""right"": {""kind"": ""time_agg"", ""op"": ""min"", ""depth"": 0}, ""depth"": 1, ""kind"": ""node""}",1594.0,4,1,2,103707816,964836332,918663111,0.476,1,2,4,279_inventories_prior_fy_end,inventories,inventories,GRD,"December 31, 2024",M_USD,515.0,278_inventories_current_quarter_end,inventories,inventories,GRD,"July 31, 2025",M_USD,477.0,261_net_income_prior_year_quarter,net_income,net income,GRD,"Three Months Ended July 31, 2024",M_USD,1242.0,260_net_income_current_quarter,net_income,net income,GRD,"Three Months Ended July 31, 2025",M_USD,1079.0,,,,,,,,,,,,,,,,,,,,,,,,,,,,
726,1,"What's the value of the minimum of selling general and administrative for CLR from Nine Months Ended October 31, 2024 to Nine Months Ended October 31, 2025?","min(115_selling_general_and_administrative_prior_year_ytd, 114_selling_general_and_administrative_current_ytd)","{""op"": ""min"", ""left"": {""leaf"": ""115_selling_general_and_administrative_prior_year_ytd"", ""depth"": 0}, ""right"": {""leaf"": ""114_selling_general_and_administrative_current_ytd"", ""depth"": 0}, ""depth"": 1}","{""kind"": ""time_agg"", ""op"": ""min"", ""depth"": 0}",6150.0,4,0,1,482811863,176201653,918663111,0.583,0,1,2,115_selling_general_and_administrative_prior_year_ytd,selling_general_and_administrative,selling general and administrative,CLR,"Nine Months Ended October 31, 2024",M_USD,6699.0,114_selling_general_and_administrative_current_ytd,selling_general_and_administrative,selling general and administrative,CLR,"Nine Months Ended October 31, 2025",M_USD,6150.0,,,,,,,,,,,,,,,,,,,,,,,,,,,,,,,,,,,,,,,,,,
727,1,"evaluate the maximum of short term investments for MTX from December 31, 2024 to October 31, 2025 .","max(5517_short_term_investments_prior_fy_end, 5516_short_term_investments_current_quarter_end)","{""op"": ""max"", ""left"": {""leaf"": ""5517_short_term_investments_prior_fy_end"", ""depth"": 0}, ""right"": {""leaf"": ""5516_short_term_investments_current_quarter_end"", ""depth"": 0}, ""depth"": 1}","{""kind"": ""time_agg"", ""op"": ""max"", ""depth"": 0}",1908.0,4,0,1,900743659,18609908,918663111,0.339,0,1,2,5517_short_term_investments_prior_fy_end,short_term_investments,short term investments,MTX,"December 31, 2024",M_USD,1645.0,5516_short_term_investments_current_quarter_end,short_term_investments,short term investments,MTX,"October 31, 2025",M_USD,1908.0,,,,,,,,,,,,,,,,,,,,,,,,,,,,,,,,,,,,,,,,,,
728,1,"Could you give the maximum of property plant and equipment net for SUP from December 31, 2024 to April 30, 2025","max(846_property_plant_and_equipment_net_current_quarter_end, 2689_property_plant_and_equipment_net_prior_fy_end)","{""op"": ""max"", ""left"": {""leaf"": ""846_property_plant_and_equipment_net_current_quarter_end"", ""depth"": 0}, ""right"": {""leaf"": ""2689_property_plant_and_equipment_net_prior_fy_end"", ""depth"": 0}, ""depth"": 1}","{""kind"": ""time_agg"", ""op"": ""max"", ""depth"": 0}",3237.0,4,0,1,875777789,618972634,918663111,0.492,0,1,2,846_property_plant_and_equipment_net_current_quarter_end,property_plant_and_equipment_net,property plant and equipment net,SUP,"April 30, 2025",M_USD,3237.0,2689_property_plant_and_equipment_net_prior_fy_end,property_plant_and_equipment_net,property plant and equipment net,SUP,"December 31, 2024",M_USD,2436.0,,,,,,,,,,,,,,,,,,,,,,,,,,,,,,,,,,,,,,,,,,
729,2,"Evaluate the minimum of inventories for PRF from December 31, 2024 to October 31, 2025.","min(min(2188_inventories_current_quarter_end, 2553_inventories_prior_fy_end), 2552_inventories_current_quarter_end)","{""op"": ""min"", ""left"": {""op"": ""min"", ""left"": {""leaf"": ""2188_inventories_current_quarter_end"", ""depth"": 0}, ""right"": {""leaf"": ""2553_inventories_prior_fy_end"", ""depth"": 0}, ""depth"": 1}, ""right"": {""leaf"": ""2552_inventories_current_quarter_end"", ""depth"": 0}, ""depth"": 2}","{""kind"": ""time_agg"", ""op"": ""min"", ""depth"": 0}",13.0,1,0,2,245917557,542150809,918663111,0.215,0,1,3,2188_inventories_current_quarter_end,inventories,inventories,PRF,"April 30, 2025",M_USD,13.0,2553_inventories_prior_fy_end,inventories,inventories,PRF,"December 31, 2024",M_USD,128.0,2552_inventories_current_quarter_end,inventories,inventories,PRF,"October 31, 2025",M_USD,125.0,,,,,,,,,,,,,,,,,,,,,,,,,,,,,,,,,,,
730,1,"Compute the minimum of prepaid expenses and other for CLD from December 31, 2024 to April 30, 2025 .","min(3378_prepaid_expenses_and_other_current_quarter_end, 3379_prepaid_expenses_and_other_prior_fy_end)","{""op"": ""min"", ""left"": {""leaf"": ""3378_prepaid_expenses_and_other_current_quarter_end"", ""depth"": 0}, ""right"": {""leaf"": ""3379_prepaid_expenses_and_other_prior_fy_end"", ""depth"": 0}, ""depth"": 1}","{""kind"": ""time_agg"", ""op"": ""min"", ""depth"": 0}",400.0,4,0,1,767478687,969491274,918663111,0.171,0,1,2,3378_prepaid_expenses_and_other_current_quarter_end,prepaid_expenses_and_other,prepaid expenses and other,CLD,"April 30, 2025",M_USD,436.0,3379_prepaid_expenses_and_other_prior_fy_end,prepaid_expenses_and_other,prepaid expenses and other,CLD,"December 31, 2024",M_USD,400.0,,,,,,,,,,,,,,,,,,,,,,,,,,,,,,,,,,,,,,,,,,
731,1,"what would be the minimum of prepaid expenses and other for FIN from December 31, 2024 to April 30, 2025 ?","min(4282_prepaid_expenses_and_other_current_quarter_end, 4283_prepaid_expenses_and_other_prior_fy_end)","{""op"": ""min"", ""left"": {""leaf"": ""4282_prepaid_expenses_and_other_current_quarter_end"", ""depth"": 0}, ""right"": {""leaf"": ""4283_prepaid_expenses_and_other_prior_fy_end"", ""depth"": 0}, ""depth"": 1}","{""kind"": ""time_agg"", ""op"": ""min"", ""depth"": 0}",313.0,1,0,1,810815162,263512231,918663111,0.451,0,1,2,4282_prepaid_expenses_and_other_current_quarter_end,prepaid_expenses_and_other,prepaid expenses and other,FIN,"April 30, 2025",M_USD,351.0,4283_prepaid_expenses_and_other_prior_fy_end,prepaid_expenses_and_other,prepaid expenses and other,FIN,"December 31, 2024",M_USD,313.0,,,,,,,,,,,,,,,,,,,,,,,,,,,,,,,,,,,,,,,,,,
732,1,"what would be the minimum of provision for income taxes for DTA from Three Months Ended April 30, 2024 to Three Months Ended April 30, 2025?","min(4487_provision_for_income_taxes_prior_year_quarter, 4486_provision_for_income_taxes_current_quarter)","{""op"": ""min"", ""left"": {""leaf"": ""4487_provision_for_income_taxes_prior_year_quarter"", ""depth"": 0}, ""right"": {""leaf"": ""4486_provision_for_income_taxes_current_quarter"", ""depth"": 0}, ""depth"": 1}","{""kind"": ""time_agg"", ""op"": ""min"", ""depth"": 0}",566.0,3,0,1,753841693,675831575,918663111,0.39,0,1,2,4487_provision_for_income_taxes_prior_year_quarter,provision_for_income_taxes,provision for income taxes,DTA,"Three Months Ended April 30, 2024",M_USD,566.0,4486_provision_for_income_taxes_current_quarter,provision_for_income_taxes,provision for income taxes,DTA,"Three Months Ended April 30, 2025",M_USD,584.0,,,,,,,,,,,,,,,,,,,,,,,,,,,,,,,,,,,,,,,,,,
733,1,"What would be the maximum of total assets for FIN from December 31, 2024 to April 30, 2025","max(4296_total_assets_current_quarter_end, 4297_total_assets_prior_fy_end)","{""op"": ""max"", ""left"": {""leaf"": ""4296_total_assets_current_quarter_end"", ""depth"": 0}, ""right"": {""leaf"": ""4297_total_assets_prior_fy_end"", ""depth"": 0}, ""depth"": 1}","{""kind"": ""time_agg"", ""op"": ""max"", ""depth"": 0}",9491.0,3,0,1,465246671,782089120,918663111,0.322,0,1,2,4296_total_assets_current_quarter_end,total_assets,total assets,FIN,"April 30, 2025",M_USD,9491.0,4297_total_assets_prior_fy_end,total_assets,total assets,FIN,"December 31, 2024",M_USD,8457.0,,,,,,,,,,,,,,,,,,,,,,,,,,,,,,,,,,,,,,,,,,
734,3,"calculate the average long term debt for HLT from December 31, 2024 to October 31, 2025.","ratio(sum(sum(531_long_term_debt_prior_fy_end, 1516_long_term_debt_current_quarter_end), 530_long_term_debt_current_quarter_end), 3.0)","{""op"": ""ratio"", ""left"": {""op"": ""sum"", ""left"": {""op"": ""sum"", ""left"": {""leaf"": ""531_long_term_debt_prior_fy_end"", ""depth"": 0}, ""right"": {""leaf"": ""1516_long_term_debt_current_quarter_end"", ""depth"": 0}, ""depth"": 1}, ""right"": {""leaf"": ""530_long_term_debt_current_quarter_end"", ""depth"": 0}, ""depth"": 2}, ""right"": {""literal"": 3.0, ""depth"": 0}, ""depth"": 3}","{""kind"": ""time_agg"", ""op"": ""avg"", ""depth"": 0}",2687.0,3,0,3,457988742,859995732,918663111,0.541,0,1,3,531_long_term_debt_prior_fy_end,long_term_debt,long term debt,HLT,"December 31, 2024",M_USD,2997.0,1516_long_term_debt_current_quarter_end,long_term_debt,long term debt,HLT,"July 31, 2025",M_USD,2025.0,530_long_term_debt_current_quarter_end,long_term_debt,long term debt,HLT,"October 31, 2025",M_USD,3039.0,,,,,,,,,,,,,,,,,,,,,,,,,,,,,,,,,,,
735,0,"You should calculate the capital expenditures for TPH in Nine Months Ended October 31, 2024",2835_capital_expenditures_prior_ytd,"{""leaf"": ""2835_capital_expenditures_prior_ytd"", ""depth"": 0}","{""kind"": ""leaf"", ""semantic_type_in"": [""amount""], ""depth"": 0}",-2669.0,4,0,0,697828614,47670232,918663111,0.435,0,1,1,2835_capital_expenditures_prior_ytd,capital_expenditures,capital expenditures,TPH,"Nine Months Ended October 31, 2024",M_USD,-2669.0,,,,,,,,,,,,,,,,,,,,,,,,,,,,,,,,,,,,,,,,,,,,,,,,,
736,2,"Which quantity is given by the sum of minimum of total non current assets for PRF from December 31, 2024 to October 31, 2025 and other income expense net for PRF in Nine Months Ended October 31, 2024?","sum(min(2203_total_non_current_assets_prior_fy_end, 2566_total_non_current_assets_current_quarter_end), 2529_other_income_expense_net_prior_year_ytd)","{""op"": ""sum"", ""left"": {""op"": ""min"", ""left"": {""leaf"": ""2203_total_non_current_assets_prior_fy_end"", ""depth"": 0}, ""right"": {""leaf"": ""2566_total_non_current_assets_current_quarter_end"", ""depth"": 0}, ""depth"": 1}, ""right"": {""leaf"": ""2529_other_income_expense_net_prior_year_ytd"", ""depth"": 0}, ""depth"": 2}","{""op"": ""sum"", ""left"": {""kind"": ""time_agg"", ""op"": ""min"", ""depth"": 0}, ""right"": {""kind"": ""leaf"", ""semantic_type_in"": [""amount""], ""depth"": 0}, ""depth"": 1, ""kind"": ""node""}",396.0,3,1,2,340092360,93321004,918663111,0.258,1,2,3,2203_total_non_current_assets_prior_fy_end,total_non_current_assets,total non current assets,PRF,"December 31, 2024",M_USD,456.0,2566_total_non_current_assets_current_quarter_end,total_non_current_assets,total non current assets,PRF,"October 31, 2025",M_USD,2228.0,2529_other_income_expense_net_prior_year_ytd,other_income_expense_net,other income expense net,PRF,"Nine Months Ended October 31, 2024",M_USD,-60.0,,,,,,,,,,,,,,,,,,,,,,,,,,,,,,,,,,,
737,1,"which quantity is given by the minimum of accounts receivable net for QRK from September 30, 2025 to April 30, 2026?","min(3622_accounts_receivable_net_current_quarter_end, 3623_accounts_receivable_net_prior_fy_end)","{""op"": ""min"", ""left"": {""leaf"": ""3622_accounts_receivable_net_current_quarter_end"", ""depth"": 0}, ""right"": {""leaf"": ""3623_accounts_receivable_net_prior_fy_end"", ""depth"": 0}, ""depth"": 1}","{""kind"": ""time_agg"", ""op"": ""min"", ""depth"": 0}",12210.0,4,0,1,585993909,752865544,918663111,0.107,0,1,2,3622_accounts_receivable_net_current_quarter_end,accounts_receivable_net,accounts receivable net,QRK,"April 30, 2026",M_USD,12210.0,3623_accounts_receivable_net_prior_fy_end,accounts_receivable_net,accounts receivable net,QRK,"September 30, 2025",M_USD,12917.0,,,,,,,,,,,,,,,,,,,,,,,,,,,,,,,,,,,,,,,,,,
738,2,"What's the value of the average current portion of long term debt for CLD from December 31, 2024 to April 30, 2025 ?","ratio(sum(3752_current_portion_of_long_term_debt_current_quarter_end, 3401_current_portion_of_long_term_debt_prior_fy_end), 2.0)","{""op"": ""ratio"", ""left"": {""op"": ""sum"", ""left"": {""leaf"": ""3752_current_portion_of_long_term_debt_current_quarter_end"", ""depth"": 0}, ""right"": {""leaf"": ""3401_current_portion_of_long_term_debt_prior_fy_end"", ""depth"": 0}, ""depth"": 1}, ""right"": {""literal"": 2.0, ""depth"": 0}, ""depth"": 2}","{""kind"": ""time_agg"", ""op"": ""avg"", ""depth"": 0}",422.0,3,0,2,294440774,788759681,918663111,0.415,0,1,2,3752_current_portion_of_long_term_debt_current_quarter_end,current_portion_of_long_term_debt,current portion of long term debt,CLD,"April 30, 2025",M_USD,165.0,3401_current_portion_of_long_term_debt_prior_fy_end,current_portion_of_long_term_debt,current portion of long term debt,CLD,"December 31, 2024",M_USD,679.0,,,,,,,,,,,,,,,,,,,,,,,,,,,,,,,,,,,,,,,,,,
739,4,"Provide the total liabilities for STR in July 31, 2025",total_liabilities,"{""derived"": ""total_liabilities"", ""expanded"": {""op"": ""sum"", ""left"": {""derived"": ""total_current_liabilities"", ""expanded"": {""op"": ""sum"", ""left"": {""op"": ""sum"", ""left"": {""op"": ""sum"", ""left"": {""leaf"": ""3514_accounts_payable_current_quarter_end"", ""depth"": 0}, ""right"": {""leaf"": ""3516_deferred_revenue_current_current_quarter_end"", ""depth"": 0}, ""depth"": 1}, ""right"": {""leaf"": ""3518_accrued_expenses_and_other_current_quarter_end"", ""depth"": 0}, ""depth"": 2}, ""right"": {""leaf"": ""3520_current_portion_of_long_term_debt_current_quarter_end"", ""depth"": 0}, ""depth"": 3}, ""depth"": 3}, ""right"": {""leaf"": ""3528_total_non_current_liabilities_current_quarter_end"", ""depth"": 0}, ""depth"": 4}, ""depth"": 4}","{""kind"": ""derived_concept"", ""name"": ""total_liabilities"", ""depth"": 0}",8060.0,4,0,4,889569236,270865904,918663111,0.254,0,1,5,3514_accounts_payable_current_quarter_end,accounts_payable,accounts payable,STR,"July 31, 2025",M_USD,2793.0,3516_deferred_revenue_current_current_quarter_end,deferred_revenue_current,deferred revenue current,STR,"July 31, 2025",M_USD,286.0,3518_accrued_expenses_and_other_current_quarter_end,accrued_expenses_and_other,accrued expenses and other,STR,"July 31, 2025",M_USD,591.0,3520_current_portion_of_long_term_debt_current_quarter_end,current_portion_of_long_term_debt,current portion of long term debt,STR,"July 31, 2025",M_USD,660.0,3528_total_non_current_liabilities_current_quarter_end,total_non_current_liabilities,total non current liabilities,STR,"July 31, 2025",M_USD,3730.0,,,,,,,,,,,,,,,,,,,,,
740,1,"state the minimum of total costs and expenses for STR from Three Months Ended July 31, 2024 to Three Months Ended July 31, 2025 .","min(3463_total_costs_and_expenses_prior_year_quarter, 3462_total_costs_and_expenses_current_quarter)","{""op"": ""min"", ""left"": {""leaf"": ""3463_total_costs_and_expenses_prior_year_quarter"", ""depth"": 0}, ""right"": {""leaf"": ""3462_total_costs_and_expenses_current_quarter"", ""depth"": 0}, ""depth"": 1}","{""kind"": ""time_agg"", ""op"": ""min"", ""depth"": 0}",9520.0,4,0,1,714879281,364056138,918663111,0.585,0,1,2,3463_total_costs_and_expenses_prior_year_quarter,total_costs_and_expenses,total costs and expenses,STR,"Three Months Ended July 31, 2024",M_USD,9520.0,3462_total_costs_and_expenses_current_quarter,total_costs_and_expenses,total costs and expenses,STR,"Three Months Ended July 31, 2025",M_USD,10454.0,,,,,,,,,,,,,,,,,,,,,,,,,,,,,,,,,,,,,,,,,,
741,1,"What is the maximum of other non current assets for BLD from December 31, 2024 to July 31, 2025?","max(5333_other_non_current_assets_prior_fy_end, 5332_other_non_current_assets_current_quarter_end)","{""op"": ""max"", ""left"": {""leaf"": ""5333_other_non_current_assets_prior_fy_end"", ""depth"": 0}, ""right"": {""leaf"": ""5332_other_non_current_assets_current_quarter_end"", ""depth"": 0}, ""depth"": 1}","{""kind"": ""time_agg"", ""op"": ""max"", ""depth"": 0}",1494.0,1,0,1,104291066,432974475,918663111,0.408,0,1,2,5333_other_non_current_assets_prior_fy_end,other_non_current_assets,other non current assets,BLD,"December 31, 2024",M_USD,1358.0,5332_other_non_current_assets_current_quarter_end,other_non_current_assets,other non current assets,BLD,"July 31, 2025",M_USD,1494.0,,,,,,,,,,,,,,,,,,,,,,,,,,,,,,,,,,,,,,,,,,
742,2,"which quantity is given by the average research and development for SCI from Six Months Ended July 31, 2024 to Six Months Ended July 31, 2025","ratio(sum(5025_research_and_development_prior_year_ytd, 5024_research_and_development_current_ytd), 2.0)","{""op"": ""ratio"", ""left"": {""op"": ""sum"", ""left"": {""leaf"": ""5025_research_and_development_prior_year_ytd"", ""depth"": 0}, ""right"": {""leaf"": ""5024_research_and_development_current_ytd"", ""depth"": 0}, ""depth"": 1}, ""right"": {""literal"": 2.0, ""depth"": 0}, ""depth"": 2}","{""kind"": ""time_agg"", ""op"": ""avg"", ""depth"": 0}",267.0,2,0,2,494980200,261743255,918663111,0.381,0,1,2,5025_research_and_development_prior_year_ytd,research_and_development,research and development,SCI,"Six Months Ended July 31, 2024",M_USD,258.0,5024_research_and_development_current_ytd,research_and_development,research and development,SCI,"Six Months Ended July 31, 2025",M_USD,276.0,,,,,,,,,,,,,,,,,,,,,,,,,,,,,,,,,,,,,,,,,,
743,2,"evaluate the average accounts receivable net for AVX from December 31, 2024 to October 31, 2025.","ratio(sum(1277_accounts_receivable_net_prior_fy_end, 1276_accounts_receivable_net_current_quarter_end), 2.0)","{""op"": ""ratio"", ""left"": {""op"": ""sum"", ""left"": {""leaf"": ""1277_accounts_receivable_net_prior_fy_end"", ""depth"": 0}, ""right"": {""leaf"": ""1276_accounts_receivable_net_current_quarter_end"", ""depth"": 0}, ""depth"": 1}, ""right"": {""literal"": 2.0, ""depth"": 0}, ""depth"": 2}","{""kind"": ""time_agg"", ""op"": ""avg"", ""depth"": 0}",93.0,3,0,2,354234522,985539908,918663111,0.271,0,1,2,1277_accounts_receivable_net_prior_fy_end,accounts_receivable_net,accounts receivable net,AVX,"December 31, 2024",M_USD,94.0,1276_accounts_receivable_net_current_quarter_end,accounts_receivable_net,accounts receivable net,AVX,"October 31, 2025",M_USD,92.0,,,,,,,,,,,,,,,,,,,,,,,,,,,,,,,,,,,,,,,,,,
744,1,"Determine the minimum of net cash from operating for GRD from Six Months Ended July 31, 2024 to Six Months Ended July 31, 2025","min(319_net_cash_from_operating_prior_ytd, 318_net_cash_from_operating_current_ytd)","{""op"": ""min"", ""left"": {""leaf"": ""319_net_cash_from_operating_prior_ytd"", ""depth"": 0}, ""right"": {""leaf"": ""318_net_cash_from_operating_current_ytd"", ""depth"": 0}, ""depth"": 1}","{""kind"": ""time_agg"", ""op"": ""min"", ""depth"": 0}",3089.0,4,0,1,243487369,273804627,918663111,0.222,0,1,2,319_net_cash_from_operating_prior_ytd,net_cash_from_operating,net cash from operating,GRD,"Six Months Ended July 31, 2024",M_USD,3280.0,318_net_cash_from_operating_current_ytd,net_cash_from_operating,net cash from operating,GRD,"Six Months Ended July 31, 2025",M_USD,3089.0,,,,,,,,,,,,,,,,,,,,,,,,,,,,,,,,,,,,,,,,,,
745,2,"You should give the average other non current liabilities for VRX from December 31, 2024 to July 31, 2025.","ratio(sum(3175_other_non_current_liabilities_prior_fy_end, 3174_other_non_current_liabilities_current_quarter_end), 2.0)","{""op"": ""ratio"", ""left"": {""op"": ""sum"", ""left"": {""leaf"": ""3175_other_non_current_liabilities_prior_fy_end"", ""depth"": 0}, ""right"": {""leaf"": ""3174_other_non_current_liabilities_current_quarter_end"", ""depth"": 0}, ""depth"": 1}, ""right"": {""literal"": 2.0, ""depth"": 0}, ""depth"": 2}","{""kind"": ""time_agg"", ""op"": ""avg"", ""depth"": 0}",990.0,4,0,2,578537836,451273699,918663111,0.494,0,1,2,3175_other_non_current_liabilities_prior_fy_end,other_non_current_liabilities,other non current liabilities,VRX,"December 31, 2024",M_USD,964.0,3174_other_non_current_liabilities_current_quarter_end,other_non_current_liabilities,other non current liabilities,VRX,"July 31, 2025",M_USD,1016.0,,,,,,,,,,,,,,,,,,,,,,,,,,,,,,,,,,,,,,,,,,
746,1,"May you give the minimum of short term investments for VRX from December 31, 2024 to July 31, 2025","min(3141_short_term_investments_prior_fy_end, 3140_short_term_investments_current_quarter_end)","{""op"": ""min"", ""left"": {""leaf"": ""3141_short_term_investments_prior_fy_end"", ""depth"": 0}, ""right"": {""leaf"": ""3140_short_term_investments_current_quarter_end"", ""depth"": 0}, ""depth"": 1}","{""kind"": ""time_agg"", ""op"": ""min"", ""depth"": 0}",3931.0,2,0,1,453962516,905585033,918663111,0.288,0,1,2,3141_short_term_investments_prior_fy_end,short_term_investments,short term investments,VRX,"December 31, 2024",M_USD,3931.0,3140_short_term_investments_current_quarter_end,short_term_investments,short term investments,VRX,"July 31, 2025",M_USD,4141.0,,,,,,,,,,,,,,,,,,,,,,,,,,,,,,,,,,,,,,,,,,
747,1,"You should give the minimum of depreciation and amortization for AVX from Nine Months Ended October 31, 2024 to Nine Months Ended October 31, 2025.","min(1323_depreciation_and_amortization_prior_ytd, 1322_depreciation_and_amortization_current_ytd)","{""op"": ""min"", ""left"": {""leaf"": ""1323_depreciation_and_amortization_prior_ytd"", ""depth"": 0}, ""right"": {""leaf"": ""1322_depreciation_and_amortization_current_ytd"", ""depth"": 0}, ""depth"": 1}","{""kind"": ""time_agg"", ""op"": ""min"", ""depth"": 0}",220.0,3,0,1,562351213,559804931,918663111,0.508,0,1,2,1323_depreciation_and_amortization_prior_ytd,depreciation_and_amortization,depreciation and amortization,AVX,"Nine Months Ended October 31, 2024",M_USD,224.0,1322_depreciation_and_amortization_current_ytd,depreciation_and_amortization,depreciation and amortization,AVX,"Nine Months Ended October 31, 2025",M_USD,220.0,,,,,,,,,,,,,,,,,,,,,,,,,,,,,,,,,,,,,,,,,,
748,1,"could you give the maximum of research and development for SUP from Six Months Ended July 31, 2024 to Six Months Ended July 31, 2025 ?","max(2641_research_and_development_prior_year_ytd, 2640_research_and_development_current_ytd)","{""op"": ""max"", ""left"": {""leaf"": ""2641_research_and_development_prior_year_ytd"", ""depth"": 0}, ""right"": {""leaf"": ""2640_research_and_development_current_ytd"", ""depth"": 0}, ""depth"": 1}","{""kind"": ""time_agg"", ""op"": ""max"", ""depth"": 0}",518.0,1,0,1,286723519,233343307,918663111,0.306,0,1,2,2641_research_and_development_prior_year_ytd,research_and_development,research and development,SUP,"Six Months Ended July 31, 2024",M_USD,518.0,2640_research_and_development_current_ytd,research_and_development,research and development,SUP,"Six Months Ended July 31, 2025",M_USD,462.0,,,,,,,,,,,,,,,,,,,,,,,,,,,,,,,,,,,,,,,,,,
749,1,"which value corresponds to the minimum of property plant and equipment net for MED from December 31, 2024 to July 31, 2025 ?","min(1047_property_plant_and_equipment_net_prior_fy_end, 1736_property_plant_and_equipment_net_current_quarter_end)","{""op"": ""min"", ""left"": {""leaf"": ""1047_property_plant_and_equipment_net_prior_fy_end"", ""depth"": 0}, ""right"": {""leaf"": ""1736_property_plant_and_equipment_net_current_quarter_end"", ""depth"": 0}, ""depth"": 1}","{""kind"": ""time_agg"", ""op"": ""min"", ""depth"": 0}",1652.0,4,0,1,579189365,367758913,918663111,0.266,0,1,2,1047_property_plant_and_equipment_net_prior_fy_end,property_plant_and_equipment_net,property plant and equipment net,MED,"December 31, 2024",M_USD,1652.0,1736_property_plant_and_equipment_net_current_quarter_end,property_plant_and_equipment_net,property plant and equipment net,MED,"July 31, 2025",M_USD,4572.0,,,,,,,,,,,,,,,,,,,,,,,,,,,,,,,,,,,,,,,,,,
750,2,"You should give the net income for MTX in Three Months Ended October 31, 2024 .",net_income,"{""derived"": ""net_income"", ""expanded"": {""op"": ""diff"", ""left"": {""derived"": ""operating_income"", ""expanded"": {""op"": ""diff"", ""left"": {""leaf"": ""5467_total_revenues_prior_year_quarter"", ""depth"": 0}, ""right"": {""leaf"": ""5487_total_costs_and_expenses_prior_year_quarter"", ""depth"": 0}, ""depth"": 1}, ""depth"": 1}, ""right"": {""leaf"": ""5499_provision_for_income_taxes_prior_year_quarter"", ""depth"": 0}, ""depth"": 2}, ""depth"": 2}","{""kind"": ""derived_concept"", ""name"": ""net_income"", ""depth"": 0}",2885.0,3,0,2,501601379,708721335,918663111,0.401,0,1,3,5467_total_revenues_prior_year_quarter,total_revenues,total revenues,MTX,"Three Months Ended October 31, 2024",M_USD,24805.0,5487_total_costs_and_expenses_prior_year_quarter,total_costs_and_expenses,total costs and expenses,MTX,"Three Months Ended October 31, 2024",M_USD,20980.0,5499_provision_for_income_taxes_prior_year_quarter,provision_for_income_taxes,provision for income taxes,MTX,"Three Months Ended October 31, 2024",M_USD,940.0,,,,,,,,,,,,,,,,,,,,,,,,,,,,,,,,,,,
751,1,"What is the value of the maximum of gross profit for CIV from Nine Months Ended October 31, 2024 to Nine Months Ended October 31, 2025","max(2989_gross_profit_prior_year_ytd, 2988_gross_profit_current_ytd)","{""op"": ""max"", ""left"": {""leaf"": ""2989_gross_profit_prior_year_ytd"", ""depth"": 0}, ""right"": {""leaf"": ""2988_gross_profit_current_ytd"", ""depth"": 0}, ""depth"": 1}","{""kind"": ""time_agg"", ""op"": ""max"", ""depth"": 0}",1968.0,2,0,1,607309172,467845559,918663111,0.159,0,1,2,2989_gross_profit_prior_year_ytd,gross_profit,gross profit,CIV,"Nine Months Ended October 31, 2024",M_USD,1872.0,2988_gross_profit_current_ytd,gross_profit,gross profit,CIV,"Nine Months Ended October 31, 2025",M_USD,1968.0,,,,,,,,,,,,,,,,,,,,,,,,,,,,,,,,,,,,,,,,,,
752,1,"Could you give the maximum of other non current assets for STR from December 31, 2024 to July 31, 2025 ?","max(3509_other_non_current_assets_prior_fy_end, 3508_other_non_current_assets_current_quarter_end)","{""op"": ""max"", ""left"": {""leaf"": ""3509_other_non_current_assets_prior_fy_end"", ""depth"": 0}, ""right"": {""leaf"": ""3508_other_non_current_assets_current_quarter_end"", ""depth"": 0}, ""depth"": 1}","{""kind"": ""time_agg"", ""op"": ""max"", ""depth"": 0}",464.0,3,0,1,847353547,548015904,918663111,0.564,0,1,2,3509_other_non_current_assets_prior_fy_end,other_non_current_assets,other non current assets,STR,"December 31, 2024",M_USD,464.0,3508_other_non_current_assets_current_quarter_end,other_non_current_assets,other non current assets,STR,"July 31, 2025",M_USD,453.0,,,,,,,,,,,,,,,,,,,,,,,,,,,,,,,,,,,,,,,,,,
753,1,"What would be the minimum of operating income for GRD from Three Months Ended July 31, 2024 to Three Months Ended July 31, 2025?","min(249_operating_income_prior_year_quarter, 248_operating_income_current_quarter)","{""op"": ""min"", ""left"": {""leaf"": ""249_operating_income_prior_year_quarter"", ""depth"": 0}, ""right"": {""leaf"": ""248_operating_income_current_quarter"", ""depth"": 0}, ""depth"": 1}","{""kind"": ""time_agg"", ""op"": ""min"", ""depth"": 0}",1413.0,1,0,1,470550674,663076878,918663111,0.359,0,1,2,249_operating_income_prior_year_quarter,operating_income,operating income,GRD,"Three Months Ended July 31, 2024",M_USD,1627.0,248_operating_income_current_quarter,operating_income,operating income,GRD,"Three Months Ended July 31, 2025",M_USD,1413.0,,,,,,,,,,,,,,,,,,,,,,,,,,,,,,,,,,,,,,,,,,
754,2,"Compute the average operating income for PRF from Nine Months Ended October 31, 2024 to Nine Months Ended October 31, 2025 .","ratio(sum(2525_operating_income_prior_year_ytd, 2524_operating_income_current_ytd), 2.0)","{""op"": ""ratio"", ""left"": {""op"": ""sum"", ""left"": {""leaf"": ""2525_operating_income_prior_year_ytd"", ""depth"": 0}, ""right"": {""leaf"": ""2524_operating_income_current_ytd"", ""depth"": 0}, ""depth"": 1}, ""right"": {""literal"": 2.0, ""depth"": 0}, ""depth"": 2}","{""kind"": ""time_agg"", ""op"": ""avg"", ""depth"": 0}",4029.0,3,0,2,742024656,246669928,918663111,0.388,0,1,2,2525_operating_income_prior_year_ytd,operating_income,operating income,PRF,"Nine Months Ended October 31, 2024",M_USD,4317.0,2524_operating_income_current_ytd,operating_income,operating income,PRF,"Nine Months Ended October 31, 2025",M_USD,3741.0,,,,,,,,,,,,,,,,,,,,,,,,,,,,,,,,,,,,,,,,,,
755,0,"What is the value of the dividends paid for BRX in Six Months Ended July 31, 2025",442_dividends_paid_current_ytd,"{""leaf"": ""442_dividends_paid_current_ytd"", ""depth"": 0}","{""kind"": ""leaf"", ""semantic_type_in"": [""amount""], ""depth"": 0}",-2540.0,4,0,0,606761975,821097718,918663111,0.192,0,1,1,442_dividends_paid_current_ytd,dividends_paid,dividends paid,BRX,"Six Months Ended July 31, 2025",M_USD,-2540.0,,,,,,,,,,,,,,,,,,,,,,,,,,,,,,,,,,,,,,,,,,,,,,,,,
756,2,"Could you give the average net cash from operating for TPH from Nine Months Ended October 31, 2024 to Nine Months Ended October 31, 2025","ratio(sum(2833_net_cash_from_operating_prior_ytd, 2832_net_cash_from_operating_current_ytd), 2.0)","{""op"": ""ratio"", ""left"": {""op"": ""sum"", ""left"": {""leaf"": ""2833_net_cash_from_operating_prior_ytd"", ""depth"": 0}, ""right"": {""leaf"": ""2832_net_cash_from_operating_current_ytd"", ""depth"": 0}, ""depth"": 1}, ""right"": {""literal"": 2.0, ""depth"": 0}, ""depth"": 2}","{""kind"": ""time_agg"", ""op"": ""avg"", ""depth"": 0}",20006.0,2,0,2,607234019,903068377,918663111,0.586,0,1,2,2833_net_cash_from_operating_prior_ytd,net_cash_from_operating,net cash from operating,TPH,"Nine Months Ended October 31, 2024",M_USD,20243.0,2832_net_cash_from_operating_current_ytd,net_cash_from_operating,net cash from operating,TPH,"Nine Months Ended October 31, 2025",M_USD,19769.0,,,,,,,,,,,,,,,,,,,,,,,,,,,,,,,,,,,,,,,,,,
757,1,"What's the value of the minimum of cost of sales for CLD from Three Months Ended April 30, 2024 to Three Months Ended April 30, 2025 ?","min(3701_cost_of_sales_prior_year_quarter, 3700_cost_of_sales_current_quarter)","{""op"": ""min"", ""left"": {""leaf"": ""3701_cost_of_sales_prior_year_quarter"", ""depth"": 0}, ""right"": {""leaf"": ""3700_cost_of_sales_current_quarter"", ""depth"": 0}, ""depth"": 1}","{""kind"": ""time_agg"", ""op"": ""min"", ""depth"": 0}",1528.0,2,0,1,524530594,989599262,918663111,0.326,0,1,2,3701_cost_of_sales_prior_year_quarter,cost_of_sales,cost of sales,CLD,"Three Months Ended April 30, 2024",M_USD,1528.0,3700_cost_of_sales_current_quarter,cost_of_sales,cost of sales,CLD,"Three Months Ended April 30, 2025",M_USD,1531.0,,,,,,,,,,,,,,,,,,,,,,,,,,,,,,,,,,,,,,,,,,
758,1,"determine the maximum of total costs and expenses for BNK from Nine Months Ended October 31, 2024 to Nine Months Ended October 31, 2025","max(4681_total_costs_and_expenses_prior_year_ytd, 4680_total_costs_and_expenses_current_ytd)","{""op"": ""max"", ""left"": {""leaf"": ""4681_total_costs_and_expenses_prior_year_ytd"", ""depth"": 0}, ""right"": {""leaf"": ""4680_total_costs_and_expenses_current_ytd"", ""depth"": 0}, ""depth"": 1}","{""kind"": ""time_agg"", ""op"": ""max"", ""depth"": 0}",32400.0,1,0,1,197690660,168701799,918663111,0.171,0,1,2,4681_total_costs_and_expenses_prior_year_ytd,total_costs_and_expenses,total costs and expenses,BNK,"Nine Months Ended October 31, 2024",M_USD,28977.0,4680_total_costs_and_expenses_current_ytd,total_costs_and_expenses,total costs and expenses,BNK,"Nine Months Ended October 31, 2025",M_USD,32400.0,,,,,,,,,,,,,,,,,,,,,,,,,,,,,,,,,,,,,,,,,,
759,2,"What is the value of the average total liabilities for CIV from December 31, 2024 to October 31, 2025?","ratio(sum(3067_total_liabilities_prior_fy_end, 3066_total_liabilities_current_quarter_end), 2.0)","{""op"": ""ratio"", ""left"": {""op"": ""sum"", ""left"": {""leaf"": ""3067_total_liabilities_prior_fy_end"", ""depth"": 0}, ""right"": {""leaf"": ""3066_total_liabilities_current_quarter_end"", ""depth"": 0}, ""depth"": 1}, ""right"": {""literal"": 2.0, ""depth"": 0}, ""depth"": 2}","{""kind"": ""time_agg"", ""op"": ""avg"", ""depth"": 0}",2515.0,1,0,2,848846136,476058309,918663111,0.154,0,1,2,3067_total_liabilities_prior_fy_end,total_liabilities,total liabilities,CIV,"December 31, 2024",M_USD,2430.0,3066_total_liabilities_current_quarter_end,total_liabilities,total liabilities,CIV,"October 31, 2025",M_USD,2600.0,,,,,,,,,,,,,,,,,,,,,,,,,,,,,,,,,,,,,,,,,,
760,0,"What do we obtain as the inventories for INF in December 31, 2024",3849_inventories_prior_fy_end,"{""leaf"": ""3849_inventories_prior_fy_end"", ""depth"": 0}","{""kind"": ""leaf"", ""semantic_type_in"": [""amount""], ""depth"": 0}",197.0,4,0,0,750535895,918353382,918663111,0.441,0,1,1,3849_inventories_prior_fy_end,inventories,inventories,INF,"December 31, 2024",M_USD,197.0,,,,,,,,,,,,,,,,,,,,,,,,,,,,,,,,,,,,,,,,,,,,,,,,,
761,1,"give the maximum of total revenues for CLR from Three Months Ended October 31, 2024 to Three Months Ended October 31, 2025.","max(97_total_revenues_prior_year_quarter, 96_total_revenues_current_quarter)","{""op"": ""max"", ""left"": {""leaf"": ""97_total_revenues_prior_year_quarter"", ""depth"": 0}, ""right"": {""leaf"": ""96_total_revenues_current_quarter"", ""depth"": 0}, ""depth"": 1}","{""kind"": ""time_agg"", ""op"": ""max"", ""depth"": 0}",9053.0,1,0,1,83374394,956249837,918663111,0.307,0,1,2,97_total_revenues_prior_year_quarter,total_revenues,total revenues,CLR,"Three Months Ended October 31, 2024",M_USD,9053.0,96_total_revenues_current_quarter,total_revenues,total revenues,CLR,"Three Months Ended October 31, 2025",M_USD,8310.0,,,,,,,,,,,,,,,,,,,,,,,,,,,,,,,,,,,,,,,,,,
762,2,"what is the value of the average inventories for BRX from December 31, 2024 to July 31, 2025 ?","ratio(sum(391_inventories_prior_fy_end, 390_inventories_current_quarter_end), 2.0)","{""op"": ""ratio"", ""left"": {""op"": ""sum"", ""left"": {""leaf"": ""391_inventories_prior_fy_end"", ""depth"": 0}, ""right"": {""leaf"": ""390_inventories_current_quarter_end"", ""depth"": 0}, ""depth"": 1}, ""right"": {""literal"": 2.0, ""depth"": 0}, ""depth"": 2}","{""kind"": ""time_agg"", ""op"": ""avg"", ""depth"": 0}",2433.5,2,0,2,267669884,648495597,918663111,0.221,0,1,2,391_inventories_prior_fy_end,inventories,inventories,BRX,"December 31, 2024",M_USD,2448.0,390_inventories_current_quarter_end,inventories,inventories,BRX,"July 31, 2025",M_USD,2419.0,,,,,,,,,,,,,,,,,,,,,,,,,,,,,,,,,,,,,,,,,,
763,2,"May you calculate the average total costs and expenses for VRX from Three Months Ended July 31, 2024 to Three Months Ended July 31, 2025?","ratio(sum(3111_total_costs_and_expenses_prior_year_quarter, 3110_total_costs_and_expenses_current_quarter), 2.0)","{""op"": ""ratio"", ""left"": {""op"": ""sum"", ""left"": {""leaf"": ""3111_total_costs_and_expenses_prior_year_quarter"", ""depth"": 0}, ""right"": {""leaf"": ""3110_total_costs_and_expenses_current_quarter"", ""depth"": 0}, ""depth"": 1}, ""right"": {""literal"": 2.0, ""depth"": 0}, ""depth"": 2}","{""kind"": ""time_agg"", ""op"": ""avg"", ""depth"": 0}",16233.5,2,0,2,705455007,34386024,918663111,0.375,0,1,2,3111_total_costs_and_expenses_prior_year_quarter,total_costs_and_expenses,total costs and expenses,VRX,"Three Months Ended July 31, 2024",M_USD,15381.0,3110_total_costs_and_expenses_current_quarter,total_costs_and_expenses,total costs and expenses,VRX,"Three Months Ended July 31, 2025",M_USD,17086.0,,,,,,,,,,,,,,,,,,,,,,,,,,,,,,,,,,,,,,,,,,
764,1,"What is the minimum of current portion of long term debt for AVX from December 31, 2024 to October 31, 2025?","min(1303_current_portion_of_long_term_debt_prior_fy_end, 1302_current_portion_of_long_term_debt_current_quarter_end)","{""op"": ""min"", ""left"": {""leaf"": ""1303_current_portion_of_long_term_debt_prior_fy_end"", ""depth"": 0}, ""right"": {""leaf"": ""1302_current_portion_of_long_term_debt_current_quarter_end"", ""depth"": 0}, ""depth"": 1}","{""kind"": ""time_agg"", ""op"": ""min"", ""depth"": 0}",61.0,4,0,1,559860190,635694708,918663111,0.451,0,1,2,1303_current_portion_of_long_term_debt_prior_fy_end,current_portion_of_long_term_debt,current portion of long term debt,AVX,"December 31, 2024",M_USD,62.0,1302_current_portion_of_long_term_debt_current_quarter_end,current_portion_of_long_term_debt,current portion of long term debt,AVX,"October 31, 2025",M_USD,61.0,,,,,,,,,,,,,,,,,,,,,,,,,,,,,,,,,,,,,,,,,,
765,1,"May you give the gross profit for TRU in Three Months Ended July 31, 2025?",gross_profit,"{""derived"": ""gross_profit"", ""expanded"": {""op"": ""diff"", ""left"": {""leaf"": ""1112_total_revenues_current_quarter"", ""depth"": 0}, ""right"": {""leaf"": ""580_cost_of_sales_current_quarter"", ""depth"": 0}, ""depth"": 1}, ""depth"": 1}","{""kind"": ""derived_concept"", ""name"": ""gross_profit"", ""depth"": 0}",10382.0,1,0,1,546559698,426470252,918663111,0.182,0,1,2,1112_total_revenues_current_quarter,total_revenues,total revenues,TRU,"Three Months Ended July 31, 2025",M_USD,18644.0,580_cost_of_sales_current_quarter,cost_of_sales,cost of sales,TRU,"Three Months Ended July 31, 2025",M_USD,8262.0,,,,,,,,,,,,,,,,,,,,,,,,,,,,,,,,,,,,,,,,,,
766,2,"Could you give the average property plant and equipment net for TPH from December 31, 2024 to October 31, 2025 ?","ratio(sum(2801_property_plant_and_equipment_net_prior_fy_end, 2800_property_plant_and_equipment_net_current_quarter_end), 2.0)","{""op"": ""ratio"", ""left"": {""op"": ""sum"", ""left"": {""leaf"": ""2801_property_plant_and_equipment_net_prior_fy_end"", ""depth"": 0}, ""right"": {""leaf"": ""2800_property_plant_and_equipment_net_current_quarter_end"", ""depth"": 0}, ""depth"": 1}, ""right"": {""literal"": 2.0, ""depth"": 0}, ""depth"": 2}","{""kind"": ""time_agg"", ""op"": ""avg"", ""depth"": 0}",2958.0,3,0,2,148414830,676527079,918663111,0.366,0,1,2,2801_property_plant_and_equipment_net_prior_fy_end,property_plant_and_equipment_net,property plant and equipment net,TPH,"December 31, 2024",M_USD,2931.0,2800_property_plant_and_equipment_net_current_quarter_end,property_plant_and_equipment_net,property plant and equipment net,TPH,"October 31, 2025",M_USD,2985.0,,,,,,,,,,,,,,,,,,,,,,,,,,,,,,,,,,,,,,,,,,
767,1,"whats the value of the minimum of depreciation and amortization for CRX from Three Months Ended January 31, 2025 to Three Months Ended January 31, 2026","min(4641_depreciation_and_amortization_prior_ytd, 4640_depreciation_and_amortization_current_ytd)","{""op"": ""min"", ""left"": {""leaf"": ""4641_depreciation_and_amortization_prior_ytd"", ""depth"": 0}, ""right"": {""leaf"": ""4640_depreciation_and_amortization_current_ytd"", ""depth"": 0}, ""depth"": 1}","{""kind"": ""time_agg"", ""op"": ""min"", ""depth"": 0}",1766.0,1,0,1,872336308,760042025,918663111,0.413,0,1,2,4641_depreciation_and_amortization_prior_ytd,depreciation_and_amortization,depreciation and amortization,CRX,"Three Months Ended January 31, 2025",M_USD,1827.0,4640_depreciation_and_amortization_current_ytd,depreciation_and_amortization,depreciation and amortization,CRX,"Three Months Ended January 31, 2026",M_USD,1766.0,,,,,,,,,,,,,,,,,,,,,,,,,,,,,,,,,,,,,,,,,,
768,1,"State the maximum of total revenues for MED from Nine Months Ended October 31, 2024 to Nine Months Ended October 31, 2025.","max(987_total_revenues_prior_year_ytd, 1916_total_revenues_current_ytd)","{""op"": ""max"", ""left"": {""leaf"": ""987_total_revenues_prior_year_ytd"", ""depth"": 0}, ""right"": {""leaf"": ""1916_total_revenues_current_ytd"", ""depth"": 0}, ""depth"": 1}","{""kind"": ""time_agg"", ""op"": ""max"", ""depth"": 0}",21873.0,4,0,1,651155169,764549394,918663111,0.577,0,1,2,987_total_revenues_prior_year_ytd,total_revenues,total revenues,MED,"Nine Months Ended October 31, 2024",M_USD,21873.0,1916_total_revenues_current_ytd,total_revenues,total revenues,MED,"Nine Months Ended October 31, 2025",M_USD,11454.0,,,,,,,,,,,,,,,,,,,,,,,,,,,,,,,,,,,,,,,,,,
769,2,"What is the average long term marketable securities for BLD from December 31, 2024 to July 31, 2025 ?","ratio(sum(5327_long_term_marketable_securities_prior_fy_end, 2926_long_term_marketable_securities_current_quarter_end), 2.0)","{""op"": ""ratio"", ""left"": {""op"": ""sum"", ""left"": {""leaf"": ""5327_long_term_marketable_securities_prior_fy_end"", ""depth"": 0}, ""right"": {""leaf"": ""2926_long_term_marketable_securities_current_quarter_end"", ""depth"": 0}, ""depth"": 1}, ""right"": {""literal"": 2.0, ""depth"": 0}, ""depth"": 2}","{""kind"": ""time_agg"", ""op"": ""avg"", ""depth"": 0}",2711.0,4,0,2,646455388,696249573,918663111,0.198,0,1,2,5327_long_term_marketable_securities_prior_fy_end,long_term_marketable_securities,long term marketable securities,BLD,"December 31, 2024",M_USD,3811.0,2926_long_term_marketable_securities_current_quarter_end,long_term_marketable_securities,long term marketable securities,BLD,"July 31, 2025",M_USD,1611.0,,,,,,,,,,,,,,,,,,,,,,,,,,,,,,,,,,,,,,,,,,
770,0,"Calculate the total revenues for HLT in Nine Months Ended October 31, 2024",451_total_revenues_prior_year_ytd,"{""leaf"": ""451_total_revenues_prior_year_ytd"", ""depth"": 0}","{""kind"": ""leaf"", ""semantic_type_in"": [""amount""], ""depth"": 0}",39429.0,1,0,0,796499593,117158682,918663111,0.443,0,1,1,451_total_revenues_prior_year_ytd,total_revenues,total revenues,HLT,"Nine Months Ended October 31, 2024",M_USD,39429.0,,,,,,,,,,,,,,,,,,,,,,,,,,,,,,,,,,,,,,,,,,,,,,,,,
771,3,"What do we obtain as the average total current liabilities for HLT from December 31, 2024 to October 31, 2025 ?","ratio(sum(sum(3299_total_current_liabilities_prior_fy_end, 1514_total_current_liabilities_current_quarter_end), 528_total_current_liabilities_current_quarter_end), 3.0)","{""op"": ""ratio"", ""left"": {""op"": ""sum"", ""left"": {""op"": ""sum"", ""left"": {""leaf"": ""3299_total_current_liabilities_prior_fy_end"", ""depth"": 0}, ""right"": {""leaf"": ""1514_total_current_liabilities_current_quarter_end"", ""depth"": 0}, ""depth"": 1}, ""right"": {""leaf"": ""528_total_current_liabilities_current_quarter_end"", ""depth"": 0}, ""depth"": 2}, ""right"": {""literal"": 3.0, ""depth"": 0}, ""depth"": 3}","{""kind"": ""time_agg"", ""op"": ""avg"", ""depth"": 0}",4458.666666666667,1,0,3,871120012,877243154,918663111,0.278,0,1,3,3299_total_current_liabilities_prior_fy_end,total_current_liabilities,total current liabilities,HLT,"December 31, 2024",M_USD,4728.0,1514_total_current_liabilities_current_quarter_end,total_current_liabilities,total current liabilities,HLT,"July 31, 2025",M_USD,3040.0,528_total_current_liabilities_current_quarter_end,total_current_liabilities,total current liabilities,HLT,"October 31, 2025",M_USD,5608.0,,,,,,,,,,,,,,,,,,,,,,,,,,,,,,,,,,,
772,1,"May you calculate the maximum of total current assets for TRU from December 31, 2024 to July 31, 2025?","max(631_total_current_assets_prior_fy_end, 1166_total_current_assets_current_quarter_end)","{""op"": ""max"", ""left"": {""leaf"": ""631_total_current_assets_prior_fy_end"", ""depth"": 0}, ""right"": {""leaf"": ""1166_total_current_assets_current_quarter_end"", ""depth"": 0}, ""depth"": 1}","{""kind"": ""time_agg"", ""op"": ""max"", ""depth"": 0}",11017.0,2,0,1,93392,368635374,918663111,0.365,0,1,2,631_total_current_assets_prior_fy_end,total_current_assets,total current assets,TRU,"December 31, 2024",M_USD,11017.0,1166_total_current_assets_current_quarter_end,total_current_assets,total current assets,TRU,"July 31, 2025",M_USD,10070.0,,,,,,,,,,,,,,,,,,,,,,,,,,,,,,,,,,,,,,,,,,
773,2,"Which result follows from the average selling general and administrative for PRD from Three Months Ended October 31, 2024 to Three Months Ended October 31, 2025 ?","ratio(sum(1819_selling_general_and_administrative_prior_year_quarter, 1818_selling_general_and_administrative_current_quarter), 2.0)","{""op"": ""ratio"", ""left"": {""op"": ""sum"", ""left"": {""leaf"": ""1819_selling_general_and_administrative_prior_year_quarter"", ""depth"": 0}, ""right"": {""leaf"": ""1818_selling_general_and_administrative_current_quarter"", ""depth"": 0}, ""depth"": 1}, ""right"": {""literal"": 2.0, ""depth"": 0}, ""depth"": 2}","{""kind"": ""time_agg"", ""op"": ""avg"", ""depth"": 0}",1822.0,3,0,2,254927261,221577840,918663111,0.5,0,1,2,1819_selling_general_and_administrative_prior_year_quarter,selling_general_and_administrative,selling general and administrative,PRD,"Three Months Ended October 31, 2024",M_USD,1708.0,1818_selling_general_and_administrative_current_quarter,selling_general_and_administrative,selling general and administrative,PRD,"Three Months Ended October 31, 2025",M_USD,1936.0,,,,,,,,,,,,,,,,,,,,,,,,,,,,,,,,,,,,,,,,,,
774,1,"calculate the minimum of total non current assets for IND from December 31, 2024 to April 30, 2025.","min(940_total_non_current_assets_current_quarter_end, 941_total_non_current_assets_prior_fy_end)","{""op"": ""min"", ""left"": {""leaf"": ""940_total_non_current_assets_current_quarter_end"", ""depth"": 0}, ""right"": {""leaf"": ""941_total_non_current_assets_prior_fy_end"", ""depth"": 0}, ""depth"": 1}","{""kind"": ""time_agg"", ""op"": ""min"", ""depth"": 0}",11128.0,4,0,1,412870333,276378451,918663111,0.387,0,1,2,940_total_non_current_assets_current_quarter_end,total_non_current_assets,total non current assets,IND,"April 30, 2025",M_USD,11128.0,941_total_non_current_assets_prior_fy_end,total_non_current_assets,total non current assets,IND,"December 31, 2024",M_USD,11909.0,,,,,,,,,,,,,,,,,,,,,,,,,,,,,,,,,,,,,,,,,,
775,2,"You should calculate the average inventories for CRX from December 31, 2024 to January 31, 2026","ratio(sum(5193_inventories_prior_fy_end, 4596_inventories_current_quarter_end), 2.0)","{""op"": ""ratio"", ""left"": {""op"": ""sum"", ""left"": {""leaf"": ""5193_inventories_prior_fy_end"", ""depth"": 0}, ""right"": {""leaf"": ""4596_inventories_current_quarter_end"", ""depth"": 0}, ""depth"": 1}, ""right"": {""literal"": 2.0, ""depth"": 0}, ""depth"": 2}","{""kind"": ""time_agg"", ""op"": ""avg"", ""depth"": 0}",1156.5,4,0,2,933143435,860704957,918663111,0.13,0,1,2,5193_inventories_prior_fy_end,inventories,inventories,CRX,"December 31, 2024",M_USD,480.0,4596_inventories_current_quarter_end,inventories,inventories,CRX,"January 31, 2026",M_USD,1833.0,,,,,,,,,,,,,,,,,,,,,,,,,,,,,,,,,,,,,,,,,,
776,1,"Could you give the minimum of accrued expenses and other for TPH from December 31, 2024 to October 31, 2025?","min(2815_accrued_expenses_and_other_prior_fy_end, 2814_accrued_expenses_and_other_current_quarter_end)","{""op"": ""min"", ""left"": {""leaf"": ""2815_accrued_expenses_and_other_prior_fy_end"", ""depth"": 0}, ""right"": {""leaf"": ""2814_accrued_expenses_and_other_current_quarter_end"", ""depth"": 0}, ""depth"": 1}","{""kind"": ""time_agg"", ""op"": ""min"", ""depth"": 0}",1627.0,4,0,1,499908058,128975635,918663111,0.211,0,1,2,2815_accrued_expenses_and_other_prior_fy_end,accrued_expenses_and_other,accrued expenses and other,TPH,"December 31, 2024",M_USD,1627.0,2814_accrued_expenses_and_other_current_quarter_end,accrued_expenses_and_other,accrued expenses and other,TPH,"October 31, 2025",M_USD,1657.0,,,,,,,,,,,,,,,,,,,,,,,,,,,,,,,,,,,,,,,,,,
777,1,"What would be the minimum of current portion of long term debt for FAB from December 31, 2024 to July 31, 2025?","min(4001_current_portion_of_long_term_debt_prior_fy_end, 4000_current_portion_of_long_term_debt_current_quarter_end)","{""op"": ""min"", ""left"": {""leaf"": ""4001_current_portion_of_long_term_debt_prior_fy_end"", ""depth"": 0}, ""right"": {""leaf"": ""4000_current_portion_of_long_term_debt_current_quarter_end"", ""depth"": 0}, ""depth"": 1}","{""kind"": ""time_agg"", ""op"": ""min"", ""depth"": 0}",1030.0,1,0,1,815153446,109120169,918663111,0.294,0,1,2,4001_current_portion_of_long_term_debt_prior_fy_end,current_portion_of_long_term_debt,current portion of long term debt,FAB,"December 31, 2024",M_USD,1046.0,4000_current_portion_of_long_term_debt_current_quarter_end,current_portion_of_long_term_debt,current portion of long term debt,FAB,"July 31, 2025",M_USD,1030.0,,,,,,,,,,,,,,,,,,,,,,,,,,,,,,,,,,,,,,,,,,
778,1,"give the minimum of other non current liabilities for CLR from December 31, 2024 to October 31, 2025.","min(181_other_non_current_liabilities_prior_fy_end, 180_other_non_current_liabilities_current_quarter_end)","{""op"": ""min"", ""left"": {""leaf"": ""181_other_non_current_liabilities_prior_fy_end"", ""depth"": 0}, ""right"": {""leaf"": ""180_other_non_current_liabilities_current_quarter_end"", ""depth"": 0}, ""depth"": 1}","{""kind"": ""time_agg"", ""op"": ""min"", ""depth"": 0}",535.0,3,0,1,269902995,780291157,918663111,0.523,0,1,2,181_other_non_current_liabilities_prior_fy_end,other_non_current_liabilities,other non current liabilities,CLR,"December 31, 2024",M_USD,535.0,180_other_non_current_liabilities_current_quarter_end,other_non_current_liabilities,other non current liabilities,CLR,"October 31, 2025",M_USD,558.0,,,,,,,,,,,,,,,,,,,,,,,,,,,,,,,,,,,,,,,,,,
779,1,"what would be the minimum of total revenues for FIN from Three Months Ended April 30, 2024 to Three Months Ended April 30, 2025 ?","min(4253_total_revenues_prior_year_quarter, 4252_total_revenues_current_quarter)","{""op"": ""min"", ""left"": {""leaf"": ""4253_total_revenues_prior_year_quarter"", ""depth"": 0}, ""right"": {""leaf"": ""4252_total_revenues_current_quarter"", ""depth"": 0}, ""depth"": 1}","{""kind"": ""time_agg"", ""op"": ""min"", ""depth"": 0}",10421.0,3,0,1,880585702,987990278,918663111,0.286,0,1,2,4253_total_revenues_prior_year_quarter,total_revenues,total revenues,FIN,"Three Months Ended April 30, 2024",M_USD,10926.0,4252_total_revenues_current_quarter,total_revenues,total revenues,FIN,"Three Months Ended April 30, 2025",M_USD,10421.0,,,,,,,,,,,,,,,,,,,,,,,,,,,,,,,,,,,,,,,,,,
780,2,"could you give the average property plant and equipment net for STR from December 31, 2024 to July 31, 2025?","ratio(sum(3505_property_plant_and_equipment_net_prior_fy_end, 3504_property_plant_and_equipment_net_current_quarter_end), 2.0)","{""op"": ""ratio"", ""left"": {""op"": ""sum"", ""left"": {""leaf"": ""3505_property_plant_and_equipment_net_prior_fy_end"", ""depth"": 0}, ""right"": {""leaf"": ""3504_property_plant_and_equipment_net_current_quarter_end"", ""depth"": 0}, ""depth"": 1}, ""right"": {""literal"": 2.0, ""depth"": 0}, ""depth"": 2}","{""kind"": ""time_agg"", ""op"": ""avg"", ""depth"": 0}",1129.0,4,0,2,792520280,850946823,918663111,0.442,0,1,2,3505_property_plant_and_equipment_net_prior_fy_end,property_plant_and_equipment_net,property plant and equipment net,STR,"December 31, 2024",M_USD,1142.0,3504_property_plant_and_equipment_net_current_quarter_end,property_plant_and_equipment_net,property plant and equipment net,STR,"July 31, 2025",M_USD,1116.0,,,,,,,,,,,,,,,,,,,,,,,,,,,,,,,,,,,,,,,,,,
781,1,"Which result follows from the minimum of total non current assets for PLX from September 30, 2025 to July 31, 2026","min(4410_total_non_current_assets_current_quarter_end, 4411_total_non_current_assets_prior_fy_end)","{""op"": ""min"", ""left"": {""leaf"": ""4410_total_non_current_assets_current_quarter_end"", ""depth"": 0}, ""right"": {""leaf"": ""4411_total_non_current_assets_prior_fy_end"", ""depth"": 0}, ""depth"": 1}","{""kind"": ""time_agg"", ""op"": ""min"", ""depth"": 0}",9948.0,2,0,1,589799630,969993278,918663111,0.575,0,1,2,4410_total_non_current_assets_current_quarter_end,total_non_current_assets,total non current assets,PLX,"July 31, 2026",M_USD,11677.0,4411_total_non_current_assets_prior_fy_end,total_non_current_assets,total non current assets,PLX,"September 30, 2025",M_USD,9948.0,,,,,,,,,,,,,,,,,,,,,,,,,,,,,,,,,,,,,,,,,,
782,1,"provide the maximum of provision for income taxes for FAB from Six Months Ended July 31, 2024 to Six Months Ended July 31, 2025.","max(3957_provision_for_income_taxes_prior_year_ytd, 3956_provision_for_income_taxes_current_ytd)","{""op"": ""max"", ""left"": {""leaf"": ""3957_provision_for_income_taxes_prior_year_ytd"", ""depth"": 0}, ""right"": {""leaf"": ""3956_provision_for_income_taxes_current_ytd"", ""depth"": 0}, ""depth"": 1}","{""kind"": ""time_agg"", ""op"": ""max"", ""depth"": 0}",3118.0,1,0,1,79691430,405683170,918663111,0.466,0,1,2,3957_provision_for_income_taxes_prior_year_ytd,provision_for_income_taxes,provision for income taxes,FAB,"Six Months Ended July 31, 2024",M_USD,3118.0,3956_provision_for_income_taxes_current_ytd,provision_for_income_taxes,provision for income taxes,FAB,"Six Months Ended July 31, 2025",M_USD,2754.0,,,,,,,,,,,,,,,,,,,,,,,,,,,,,,,,,,,,,,,,,,
783,1,"what do we obtain as the maximum of net income for IND from Three Months Ended April 30, 2024 to Three Months Ended April 30, 2025?","max(915_net_income_prior_year_quarter, 914_net_income_current_quarter)","{""op"": ""max"", ""left"": {""leaf"": ""915_net_income_prior_year_quarter"", ""depth"": 0}, ""right"": {""leaf"": ""914_net_income_current_quarter"", ""depth"": 0}, ""depth"": 1}","{""kind"": ""time_agg"", ""op"": ""max"", ""depth"": 0}",1598.0,4,0,1,558710421,410011505,918663111,0.184,0,1,2,915_net_income_prior_year_quarter,net_income,net income,IND,"Three Months Ended April 30, 2024",M_USD,1598.0,914_net_income_current_quarter,net_income,net income,IND,"Three Months Ended April 30, 2025",M_USD,1436.0,,,,,,,,,,,,,,,,,,,,,,,,,,,,,,,,,,,,,,,,,,
784,2,"Determine the average cost of sales for TRD from Three Months Ended July 31, 2024 to Three Months Ended July 31, 2025","ratio(sum(2259_cost_of_sales_prior_year_quarter, 2258_cost_of_sales_current_quarter), 2.0)","{""op"": ""ratio"", ""left"": {""op"": ""sum"", ""left"": {""leaf"": ""2259_cost_of_sales_prior_year_quarter"", ""depth"": 0}, ""right"": {""leaf"": ""2258_cost_of_sales_current_quarter"", ""depth"": 0}, ""depth"": 1}, ""right"": {""literal"": 2.0, ""depth"": 0}, ""depth"": 2}","{""kind"": ""time_agg"", ""op"": ""avg"", ""depth"": 0}",53201.0,1,0,2,963956103,759286033,918663111,0.599,0,1,2,2259_cost_of_sales_prior_year_quarter,cost_of_sales,cost of sales,TRD,"Three Months Ended July 31, 2024",M_USD,54643.0,2258_cost_of_sales_current_quarter,cost_of_sales,cost of sales,TRD,"Three Months Ended July 31, 2025",M_USD,51759.0,,,,,,,,,,,,,,,,,,,,,,,,,,,,,,,,,,,,,,,,,,
785,2,"which quantity is given by the average selling general and administrative for SCI from Three Months Ended July 31, 2024 to Three Months Ended July 31, 2025?","ratio(sum(5027_selling_general_and_administrative_prior_year_quarter, 5026_selling_general_and_administrative_current_quarter), 2.0)","{""op"": ""ratio"", ""left"": {""op"": ""sum"", ""left"": {""leaf"": ""5027_selling_general_and_administrative_prior_year_quarter"", ""depth"": 0}, ""right"": {""leaf"": ""5026_selling_general_and_administrative_current_quarter"", ""depth"": 0}, ""depth"": 1}, ""right"": {""literal"": 2.0, ""depth"": 0}, ""depth"": 2}","{""kind"": ""time_agg"", ""op"": ""avg"", ""depth"": 0}",834.0,2,0,2,925816060,368604903,918663111,0.4,0,1,2,5027_selling_general_and_administrative_prior_year_quarter,selling_general_and_administrative,selling general and administrative,SCI,"Three Months Ended July 31, 2024",M_USD,806.0,5026_selling_general_and_administrative_current_quarter,selling_general_and_administrative,selling general and administrative,SCI,"Three Months Ended July 31, 2025",M_USD,862.0,,,,,,,,,,,,,,,,,,,,,,,,,,,,,,,,,,,,,,,,,,
786,2,"whats the value of the average total non current assets for CRZ from December 31, 2024 to October 31, 2025 ?","ratio(sum(4959_total_non_current_assets_prior_fy_end, 4958_total_non_current_assets_current_quarter_end), 2.0)","{""op"": ""ratio"", ""left"": {""op"": ""sum"", ""left"": {""leaf"": ""4959_total_non_current_assets_prior_fy_end"", ""depth"": 0}, ""right"": {""leaf"": ""4958_total_non_current_assets_current_quarter_end"", ""depth"": 0}, ""depth"": 1}, ""right"": {""literal"": 2.0, ""depth"": 0}, ""depth"": 2}","{""kind"": ""time_agg"", ""op"": ""avg"", ""depth"": 0}",7380.0,1,0,2,190605739,429224976,918663111,0.342,0,1,2,4959_total_non_current_assets_prior_fy_end,total_non_current_assets,total non current assets,CRZ,"December 31, 2024",M_USD,7223.0,4958_total_non_current_assets_current_quarter_end,total_non_current_assets,total non current assets,CRZ,"October 31, 2025",M_USD,7537.0,,,,,,,,,,,,,,,,,,,,,,,,,,,,,,,,,,,,,,,,,,
787,1,"What does the following give: maximum of property plant and equipment net for MED from December 31, 2024 to July 31, 2025 ?","max(1047_property_plant_and_equipment_net_prior_fy_end, 1736_property_plant_and_equipment_net_current_quarter_end)","{""op"": ""max"", ""left"": {""leaf"": ""1047_property_plant_and_equipment_net_prior_fy_end"", ""depth"": 0}, ""right"": {""leaf"": ""1736_property_plant_and_equipment_net_current_quarter_end"", ""depth"": 0}, ""depth"": 1}","{""kind"": ""time_agg"", ""op"": ""max"", ""depth"": 0}",4572.0,1,0,1,942240783,795195397,918663111,0.389,0,1,2,1047_property_plant_and_equipment_net_prior_fy_end,property_plant_and_equipment_net,property plant and equipment net,MED,"December 31, 2024",M_USD,1652.0,1736_property_plant_and_equipment_net_current_quarter_end,property_plant_and_equipment_net,property plant and equipment net,MED,"July 31, 2025",M_USD,4572.0,,,,,,,,,,,,,,,,,,,,,,,,,,,,,,,,,,,,,,,,,,
788,3,"Whats the value of the difference between ratio of sum of total current assets for CRZ in December 31, 2024 and total current assets for CRZ in October 31, 2025 to 2.0 and minimum of cash and cash equivalents for CRZ from December 31, 2024 to October 31, 2025 ?","diff(ratio(sum(4949_total_current_assets_prior_fy_end, 4948_total_current_assets_current_quarter_end), 2.0), min(4939_cash_and_cash_equivalents_prior_fy_end, 4938_cash_and_cash_equivalents_current_quarter_end))","{""op"": ""diff"", ""left"": {""op"": ""ratio"", ""left"": {""op"": ""sum"", ""left"": {""leaf"": ""4949_total_current_assets_prior_fy_end"", ""depth"": 0}, ""right"": {""leaf"": ""4948_total_current_assets_current_quarter_end"", ""depth"": 0}, ""depth"": 1}, ""right"": {""literal"": 2.0, ""depth"": 0}, ""depth"": 2}, ""right"": {""op"": ""min"", ""left"": {""leaf"": ""4939_cash_and_cash_equivalents_prior_fy_end"", ""depth"": 0}, ""right"": {""leaf"": ""4938_cash_and_cash_equivalents_current_quarter_end"", ""depth"": 0}, ""depth"": 1}, ""depth"": 3}","{""op"": ""diff"", ""left"": {""kind"": ""time_agg"", ""op"": ""avg"", ""depth"": 0}, ""right"": {""kind"": ""time_agg"", ""op"": ""min"", ""depth"": 0}, ""depth"": 1, ""kind"": ""node""}",2670.0,2,1,3,80904869,415096283,918663111,0.491,1,2,4,4949_total_current_assets_prior_fy_end,total_current_assets,total current assets,CRZ,"December 31, 2024",M_USD,3506.0,4948_total_current_assets_current_quarter_end,total_current_assets,total current assets,CRZ,"October 31, 2025",M_USD,3658.0,4939_cash_and_cash_equivalents_prior_fy_end,cash_and_cash_equivalents,cash and cash equivalents,CRZ,"December 31, 2024",M_USD,912.0,4938_cash_and_cash_equivalents_current_quarter_end,cash_and_cash_equivalents,cash and cash equivalents,CRZ,"October 31, 2025",M_USD,952.0,,,,,,,,,,,,,,,,,,,,,,,,,,,,
789,1,"Calculate the maximum of inventories for TPH from December 31, 2024 to October 31, 2025","max(2793_inventories_prior_fy_end, 2792_inventories_current_quarter_end)","{""op"": ""max"", ""left"": {""leaf"": ""2793_inventories_prior_fy_end"", ""depth"": 0}, ""right"": {""leaf"": ""2792_inventories_current_quarter_end"", ""depth"": 0}, ""depth"": 1}","{""kind"": ""time_agg"", ""op"": ""max"", ""depth"": 0}",1968.0,3,0,1,962813861,628329821,918663111,0.467,0,1,2,2793_inventories_prior_fy_end,inventories,inventories,TPH,"December 31, 2024",M_USD,1933.0,2792_inventories_current_quarter_end,inventories,inventories,TPH,"October 31, 2025",M_USD,1968.0,,,,,,,,,,,,,,,,,,,,,,,,,,,,,,,,,,,,,,,,,,
790,1,"what would be the free cash flow for GRD in Six Months Ended July 31, 2024?",free_cash_flow,"{""derived"": ""free_cash_flow"", ""expanded"": {""op"": ""diff"", ""left"": {""leaf"": ""319_net_cash_from_operating_prior_ytd"", ""depth"": 0}, ""right"": {""leaf"": ""321_capital_expenditures_prior_ytd"", ""depth"": 0}, ""depth"": 1}, ""depth"": 1}","{""kind"": ""derived_concept"", ""name"": ""free_cash_flow"", ""depth"": 0}",4255.0,1,0,1,218794655,84505310,918663111,0.453,0,1,2,319_net_cash_from_operating_prior_ytd,net_cash_from_operating,net cash from operating,GRD,"Six Months Ended July 31, 2024",M_USD,3280.0,321_capital_expenditures_prior_ytd,capital_expenditures,capital expenditures,GRD,"Six Months Ended July 31, 2024",M_USD,-975.0,,,,,,,,,,,,,,,,,,,,,,,,,,,,,,,,,,,,,,,,,,
791,1,"Determine the minimum of gross profit for STR from Three Months Ended July 31, 2024 to Three Months Ended July 31, 2025.","min(3451_gross_profit_prior_year_quarter, 3450_gross_profit_current_quarter)","{""op"": ""min"", ""left"": {""leaf"": ""3451_gross_profit_prior_year_quarter"", ""depth"": 0}, ""right"": {""leaf"": ""3450_gross_profit_current_quarter"", ""depth"": 0}, ""depth"": 1}","{""kind"": ""time_agg"", ""op"": ""min"", ""depth"": 0}",5216.0,4,0,1,334049060,789321029,918663111,0.48,0,1,2,3451_gross_profit_prior_year_quarter,gross_profit,gross profit,STR,"Three Months Ended July 31, 2024",M_USD,5216.0,3450_gross_profit_current_quarter,gross_profit,gross profit,STR,"Three Months Ended July 31, 2025",M_USD,5728.0,,,,,,,,,,,,,,,,,,,,,,,,,,,,,,,,,,,,,,,,,,
792,1,"What is the maximum of current portion of long term debt for AST from December 31, 2024 to July 31, 2025 ?","max(4853_current_portion_of_long_term_debt_prior_fy_end, 4852_current_portion_of_long_term_debt_current_quarter_end)","{""op"": ""max"", ""left"": {""leaf"": ""4853_current_portion_of_long_term_debt_prior_fy_end"", ""depth"": 0}, ""right"": {""leaf"": ""4852_current_portion_of_long_term_debt_current_quarter_end"", ""depth"": 0}, ""depth"": 1}","{""kind"": ""time_agg"", ""op"": ""max"", ""depth"": 0}",955.0,3,0,1,481018501,415093236,918663111,0.31,0,1,2,4853_current_portion_of_long_term_debt_prior_fy_end,current_portion_of_long_term_debt,current portion of long term debt,AST,"December 31, 2024",M_USD,949.0,4852_current_portion_of_long_term_debt_current_quarter_end,current_portion_of_long_term_debt,current portion of long term debt,AST,"July 31, 2025",M_USD,955.0,,,,,,,,,,,,,,,,,,,,,,,,,,,,,,,,,,,,,,,,,,
793,3,"provide the difference between ratio of sum of total non current assets for MRT in April 30, 2025 and total non current assets for MRT in December 31, 2024 to 2.0 and ratio of sum of total assets for MRT in April 30, 2025 and total assets for MRT in December 31, 2024 to 2.0","diff(ratio(sum(1388_total_non_current_assets_current_quarter_end, 1389_total_non_current_assets_prior_fy_end), 2.0), ratio(sum(1390_total_assets_current_quarter_end, 1391_total_assets_prior_fy_end), 2.0))","{""op"": ""diff"", ""left"": {""op"": ""ratio"", ""left"": {""op"": ""sum"", ""left"": {""leaf"": ""1388_total_non_current_assets_current_quarter_end"", ""depth"": 0}, ""right"": {""leaf"": ""1389_total_non_current_assets_prior_fy_end"", ""depth"": 0}, ""depth"": 1}, ""right"": {""literal"": 2.0, ""depth"": 0}, ""depth"": 2}, ""right"": {""op"": ""ratio"", ""left"": {""op"": ""sum"", ""left"": {""leaf"": ""1390_total_assets_current_quarter_end"", ""depth"": 0}, ""right"": {""leaf"": ""1391_total_assets_prior_fy_end"", ""depth"": 0}, ""depth"": 1}, ""right"": {""literal"": 2.0, ""depth"": 0}, ""depth"": 2}, ""depth"": 3}","{""op"": ""diff"", ""left"": {""kind"": ""time_agg"", ""op"": ""avg"", ""depth"": 0}, ""right"": {""kind"": ""time_agg"", ""op"": ""avg"", ""depth"": 0}, ""depth"": 1, ""kind"": ""node""}",-41859.0,2,1,3,757590459,432186931,918663111,0.35,1,2,4,1388_total_non_current_assets_current_quarter_end,total_non_current_assets,total non current assets,MRT,"April 30, 2025",M_USD,43968.0,1389_total_non_current_assets_prior_fy_end,total_non_current_assets,total non current assets,MRT,"December 31, 2024",M_USD,37959.0,1390_total_assets_current_quarter_end,total_assets,total assets,MRT,"April 30, 2025",M_USD,88897.0,1391_total_assets_prior_fy_end,total_assets,total assets,MRT,"December 31, 2024",M_USD,76748.0,,,,,,,,,,,,,,,,,,,,,,,,,,,,
794,1,"Give the maximum of stock based compensation for PRD from Nine Months Ended October 31, 2024 to Nine Months Ended October 31, 2025 .","max(1903_stock_based_compensation_prior_ytd, 1902_stock_based_compensation_current_ytd)","{""op"": ""max"", ""left"": {""leaf"": ""1903_stock_based_compensation_prior_ytd"", ""depth"": 0}, ""right"": {""leaf"": ""1902_stock_based_compensation_current_ytd"", ""depth"": 0}, ""depth"": 1}","{""kind"": ""time_agg"", ""op"": ""max"", ""depth"": 0}",351.0,1,0,1,635788125,824451367,918663111,0.25,0,1,2,1903_stock_based_compensation_prior_ytd,stock_based_compensation,stock based compensation,PRD,"Nine Months Ended October 31, 2024",M_USD,310.0,1902_stock_based_compensation_current_ytd,stock_based_compensation,stock based compensation,PRD,"Nine Months Ended October 31, 2025",M_USD,351.0,,,,,,,,,,,,,,,,,,,,,,,,,,,,,,,,,,,,,,,,,,
795,1,"What would be the minimum of other non current liabilities for FIN from December 31, 2024 to April 30, 2025 ?","min(4310_other_non_current_liabilities_current_quarter_end, 4311_other_non_current_liabilities_prior_fy_end)","{""op"": ""min"", ""left"": {""leaf"": ""4310_other_non_current_liabilities_current_quarter_end"", ""depth"": 0}, ""right"": {""leaf"": ""4311_other_non_current_liabilities_prior_fy_end"", ""depth"": 0}, ""depth"": 1}","{""kind"": ""time_agg"", ""op"": ""min"", ""depth"": 0}",740.0,2,0,1,956931213,499356780,918663111,0.176,0,1,2,4310_other_non_current_liabilities_current_quarter_end,other_non_current_liabilities,other non current liabilities,FIN,"April 30, 2025",M_USD,830.0,4311_other_non_current_liabilities_prior_fy_end,other_non_current_liabilities,other non current liabilities,FIN,"December 31, 2024",M_USD,740.0,,,,,,,,,,,,,,,,,,,,,,,,,,,,,,,,,,,,,,,,,,
796,2,"What does the following give: average total current assets for JTX from December 31, 2024 to April 30, 2025 ?","ratio(sum(4194_total_current_assets_current_quarter_end, 4195_total_current_assets_prior_fy_end), 2.0)","{""op"": ""ratio"", ""left"": {""op"": ""sum"", ""left"": {""leaf"": ""4194_total_current_assets_current_quarter_end"", ""depth"": 0}, ""right"": {""leaf"": ""4195_total_current_assets_prior_fy_end"", ""depth"": 0}, ""depth"": 1}, ""right"": {""literal"": 2.0, ""depth"": 0}, ""depth"": 2}","{""kind"": ""time_agg"", ""op"": ""avg"", ""depth"": 0}",6109.5,3,0,2,299098896,519372187,918663111,0.343,0,1,2,4194_total_current_assets_current_quarter_end,total_current_assets,total current assets,JTX,"April 30, 2025",M_USD,6120.0,4195_total_current_assets_prior_fy_end,total_current_assets,total current assets,JTX,"December 31, 2024",M_USD,6099.0,,,,,,,,,,,,,,,,,,,,,,,,,,,,,,,,,,,,,,,,,,
797,2,"what is the value of the average long term marketable securities for BNK from December 31, 2024 to October 31, 2025 ?","ratio(sum(4719_long_term_marketable_securities_prior_fy_end, 4718_long_term_marketable_securities_current_quarter_end), 2.0)","{""op"": ""ratio"", ""left"": {""op"": ""sum"", ""left"": {""leaf"": ""4719_long_term_marketable_securities_prior_fy_end"", ""depth"": 0}, ""right"": {""leaf"": ""4718_long_term_marketable_securities_current_quarter_end"", ""depth"": 0}, ""depth"": 1}, ""right"": {""literal"": 2.0, ""depth"": 0}, ""depth"": 2}","{""kind"": ""time_agg"", ""op"": ""avg"", ""depth"": 0}",6452.5,3,0,2,832231252,903229032,918663111,0.113,0,1,2,4719_long_term_marketable_securities_prior_fy_end,long_term_marketable_securities,long term marketable securities,BNK,"December 31, 2024",M_USD,5940.0,4718_long_term_marketable_securities_current_quarter_end,long_term_marketable_securities,long term marketable securities,BNK,"October 31, 2025",M_USD,6965.0,,,,,,,,,,,,,,,,,,,,,,,,,,,,,,,,,,,,,,,,,,
798,2,"What is the average cash and cash equivalents for AST from December 31, 2024 to July 31, 2025?","ratio(sum(4823_cash_and_cash_equivalents_prior_fy_end, 4822_cash_and_cash_equivalents_current_quarter_end), 2.0)","{""op"": ""ratio"", ""left"": {""op"": ""sum"", ""left"": {""leaf"": ""4823_cash_and_cash_equivalents_prior_fy_end"", ""depth"": 0}, ""right"": {""leaf"": ""4822_cash_and_cash_equivalents_current_quarter_end"", ""depth"": 0}, ""depth"": 1}, ""right"": {""literal"": 2.0, ""depth"": 0}, ""depth"": 2}","{""kind"": ""time_agg"", ""op"": ""avg"", ""depth"": 0}",6162.5,1,0,2,898805977,92778631,918663111,0.454,0,1,2,4823_cash_and_cash_equivalents_prior_fy_end,cash_and_cash_equivalents,cash and cash equivalents,AST,"December 31, 2024",M_USD,6143.0,4822_cash_and_cash_equivalents_current_quarter_end,cash_and_cash_equivalents,cash and cash equivalents,AST,"July 31, 2025",M_USD,6182.0,,,,,,,,,,,,,,,,,,,,,,,,,,,,,,,,,,,,,,,,,,
799,1,"could you give the maximum of other non current assets for TPH from December 31, 2024 to October 31, 2025?","max(2805_other_non_current_assets_prior_fy_end, 2804_other_non_current_assets_current_quarter_end)","{""op"": ""max"", ""left"": {""leaf"": ""2805_other_non_current_assets_prior_fy_end"", ""depth"": 0}, ""right"": {""leaf"": ""2804_other_non_current_assets_current_quarter_end"", ""depth"": 0}, ""depth"": 1}","{""kind"": ""time_agg"", ""op"": ""max"", ""depth"": 0}",1072.0,1,0,1,463795720,315465602,918663111,0.363,0,1,2,2805_other_non_current_assets_prior_fy_end,other_non_current_assets,other non current assets,TPH,"December 31, 2024",M_USD,1053.0,2804_other_non_current_assets_current_quarter_end,other_non_current_assets,other non current assets,TPH,"October 31, 2025",M_USD,1072.0,,,,,,,,,,,,,,,,,,,,,,,,,,,,,,,,,,,,,,,,,,
800,1,"give the minimum of property plant and equipment net for SCI from December 31, 2024 to July 31, 2025 .","min(5073_property_plant_and_equipment_net_prior_fy_end, 5072_property_plant_and_equipment_net_current_quarter_end)","{""op"": ""min"", ""left"": {""leaf"": ""5073_property_plant_and_equipment_net_prior_fy_end"", ""depth"": 0}, ""right"": {""leaf"": ""5072_property_plant_and_equipment_net_current_quarter_end"", ""depth"": 0}, ""depth"": 1}","{""kind"": ""time_agg"", ""op"": ""min"", ""depth"": 0}",300.0,4,0,1,26576260,594458527,918663111,0.29,0,1,2,5073_property_plant_and_equipment_net_prior_fy_end,property_plant_and_equipment_net,property plant and equipment net,SCI,"December 31, 2024",M_USD,300.0,5072_property_plant_and_equipment_net_current_quarter_end,property_plant_and_equipment_net,property plant and equipment net,SCI,"July 31, 2025",M_USD,344.0,,,,,,,,,,,,,,,,,,,,,,,,,,,,,,,,,,,,,,,,,,
801,0,"what would be the gross profit for FAB in Six Months Ended July 31, 2025?",3932_gross_profit_current_ytd,"{""leaf"": ""3932_gross_profit_current_ytd"", ""depth"": 0}","{""kind"": ""leaf"", ""semantic_type_in"": [""amount""], ""depth"": 0}",24018.0,4,0,0,392099742,458770029,918663111,0.165,0,1,1,3932_gross_profit_current_ytd,gross_profit,gross profit,FAB,"Six Months Ended July 31, 2025",M_USD,24018.0,,,,,,,,,,,,,,,,,,,,,,,,,,,,,,,,,,,,,,,,,,,,,,,,,
802,1,"Which quantity is given by the maximum of selling general and administrative for QRK from Three Months Ended April 30, 2025 to Three Months Ended April 30, 2026 ?","max(3587_selling_general_and_administrative_prior_year_quarter, 3586_selling_general_and_administrative_current_quarter)","{""op"": ""max"", ""left"": {""leaf"": ""3587_selling_general_and_administrative_prior_year_quarter"", ""depth"": 0}, ""right"": {""leaf"": ""3586_selling_general_and_administrative_current_quarter"", ""depth"": 0}, ""depth"": 1}","{""kind"": ""time_agg"", ""op"": ""max"", ""depth"": 0}",10483.0,4,0,1,93161628,598473996,918663111,0.208,0,1,2,3587_selling_general_and_administrative_prior_year_quarter,selling_general_and_administrative,selling general and administrative,QRK,"Three Months Ended April 30, 2025",M_USD,10483.0,3586_selling_general_and_administrative_current_quarter,selling_general_and_administrative,selling general and administrative,QRK,"Three Months Ended April 30, 2026",M_USD,9361.0,,,,,,,,,,,,,,,,,,,,,,,,,,,,,,,,,,,,,,,,,,
803,1,"What's the value of the maximum of other non current liabilities for CRF from December 31, 2024 to October 31, 2025?","max(1647_other_non_current_liabilities_prior_fy_end, 1646_other_non_current_liabilities_current_quarter_end)","{""op"": ""max"", ""left"": {""leaf"": ""1647_other_non_current_liabilities_prior_fy_end"", ""depth"": 0}, ""right"": {""leaf"": ""1646_other_non_current_liabilities_current_quarter_end"", ""depth"": 0}, ""depth"": 1}","{""kind"": ""time_agg"", ""op"": ""max"", ""depth"": 0}",597.0,2,0,1,983771292,68257359,918663111,0.434,0,1,2,1647_other_non_current_liabilities_prior_fy_end,other_non_current_liabilities,other non current liabilities,CRF,"December 31, 2024",M_USD,597.0,1646_other_non_current_liabilities_current_quarter_end,other_non_current_liabilities,other non current liabilities,CRF,"October 31, 2025",M_USD,582.0,,,,,,,,,,,,,,,,,,,,,,,,,,,,,,,,,,,,,,,,,,
804,4,"what is the total liabilities for AVX in October 31, 2025",total_liabilities,"{""derived"": ""total_liabilities"", ""expanded"": {""op"": ""sum"", ""left"": {""derived"": ""total_current_liabilities"", ""expanded"": {""op"": ""sum"", ""left"": {""op"": ""sum"", ""left"": {""op"": ""sum"", ""left"": {""leaf"": ""1296_accounts_payable_current_quarter_end"", ""depth"": 0}, ""right"": {""leaf"": ""1298_deferred_revenue_current_current_quarter_end"", ""depth"": 0}, ""depth"": 1}, ""right"": {""leaf"": ""1300_accrued_expenses_and_other_current_quarter_end"", ""depth"": 0}, ""depth"": 2}, ""right"": {""leaf"": ""1302_current_portion_of_long_term_debt_current_quarter_end"", ""depth"": 0}, ""depth"": 3}, ""depth"": 3}, ""right"": {""leaf"": ""1310_total_non_current_liabilities_current_quarter_end"", ""depth"": 0}, ""depth"": 4}, ""depth"": 4}","{""kind"": ""derived_concept"", ""name"": ""total_liabilities"", ""depth"": 0}",958.0,2,0,4,589391532,735483500,918663111,0.591,0,1,5,1296_accounts_payable_current_quarter_end,accounts_payable,accounts payable,AVX,"October 31, 2025",M_USD,229.0,1298_deferred_revenue_current_current_quarter_end,deferred_revenue_current,deferred revenue current,AVX,"October 31, 2025",M_USD,49.0,1300_accrued_expenses_and_other_current_quarter_end,accrued_expenses_and_other,accrued expenses and other,AVX,"October 31, 2025",M_USD,50.0,1302_current_portion_of_long_term_debt_current_quarter_end,current_portion_of_long_term_debt,current portion of long term debt,AVX,"October 31, 2025",M_USD,61.0,1310_total_non_current_liabilities_current_quarter_end,total_non_current_liabilities,total non current liabilities,AVX,"October 31, 2025",M_USD,569.0,,,,,,,,,,,,,,,,,,,,,
805,0,"Provide the total shareholders equity for MED in October 31, 2025",1076_total_shareholders_equity_current_quarter_end,"{""leaf"": ""1076_total_shareholders_equity_current_quarter_end"", ""depth"": 0}","{""kind"": ""leaf"", ""semantic_type_in"": [""amount""], ""depth"": 0}",1414.0,4,0,0,208779740,88742869,918663111,0.484,0,1,1,1076_total_shareholders_equity_current_quarter_end,total_shareholders_equity,total shareholders equity,MED,"October 31, 2025",M_USD,1414.0,,,,,,,,,,,,,,,,,,,,,,,,,,,,,,,,,,,,,,,,,,,,,,,,,
806,2,"whats the value of the average accounts payable for CRF from December 31, 2024 to October 31, 2025?","ratio(sum(1635_accounts_payable_prior_fy_end, 1634_accounts_payable_current_quarter_end), 2.0)","{""op"": ""ratio"", ""left"": {""op"": ""sum"", ""left"": {""leaf"": ""1635_accounts_payable_prior_fy_end"", ""depth"": 0}, ""right"": {""leaf"": ""1634_accounts_payable_current_quarter_end"", ""depth"": 0}, ""depth"": 1}, ""right"": {""literal"": 2.0, ""depth"": 0}, ""depth"": 2}","{""kind"": ""time_agg"", ""op"": ""avg"", ""depth"": 0}",4225.0,1,0,2,167608576,853085342,918663111,0.592,0,1,2,1635_accounts_payable_prior_fy_end,accounts_payable,accounts payable,CRF,"December 31, 2024",M_USD,4278.0,1634_accounts_payable_current_quarter_end,accounts_payable,accounts payable,CRF,"October 31, 2025",M_USD,4172.0,,,,,,,,,,,,,,,,,,,,,,,,,,,,,,,,,,,,,,,,,,
807,0,"what is the share repurchases for BLD in Six Months Ended July 31, 2025?",5370_share_repurchases_current_ytd,"{""leaf"": ""5370_share_repurchases_current_ytd"", ""depth"": 0}","{""kind"": ""leaf"", ""semantic_type_in"": [""amount""], ""depth"": 0}",-378.0,4,0,0,379476375,639150284,918663111,0.541,0,1,1,5370_share_repurchases_current_ytd,share_repurchases,share repurchases,BLD,"Six Months Ended July 31, 2025",M_USD,-378.0,,,,,,,,,,,,,,,,,,,,,,,,,,,,,,,,,,,,,,,,,,,,,,,,,
808,2,"which value corresponds to the average operating income for MRT from Three Months Ended April 30, 2024 to Three Months Ended April 30, 2025 ?","ratio(sum(1357_operating_income_prior_year_quarter, 1356_operating_income_current_quarter), 2.0)","{""op"": ""ratio"", ""left"": {""op"": ""sum"", ""left"": {""leaf"": ""1357_operating_income_prior_year_quarter"", ""depth"": 0}, ""right"": {""leaf"": ""1356_operating_income_current_quarter"", ""depth"": 0}, ""depth"": 1}, ""right"": {""literal"": 2.0, ""depth"": 0}, ""depth"": 2}","{""kind"": ""time_agg"", ""op"": ""avg"", ""depth"": 0}",2520.0,1,0,2,447034744,225245466,918663111,0.424,0,1,2,1357_operating_income_prior_year_quarter,operating_income,operating income,MRT,"Three Months Ended April 30, 2024",M_USD,2691.0,1356_operating_income_current_quarter,operating_income,operating income,MRT,"Three Months Ended April 30, 2025",M_USD,2349.0,,,,,,,,,,,,,,,,,,,,,,,,,,,,,,,,,,,,,,,,,,
809,1,"Evaluate the maximum of property plant and equipment net for MRT from December 31, 2024 to April 30, 2025.","max(1382_property_plant_and_equipment_net_current_quarter_end, 1383_property_plant_and_equipment_net_prior_fy_end)","{""op"": ""max"", ""left"": {""leaf"": ""1382_property_plant_and_equipment_net_current_quarter_end"", ""depth"": 0}, ""right"": {""leaf"": ""1383_property_plant_and_equipment_net_prior_fy_end"", ""depth"": 0}, ""depth"": 1}","{""kind"": ""time_agg"", ""op"": ""max"", ""depth"": 0}",21726.0,3,0,1,444480271,990072559,918663111,0.507,0,1,2,1382_property_plant_and_equipment_net_current_quarter_end,property_plant_and_equipment_net,property plant and equipment net,MRT,"April 30, 2025",M_USD,21726.0,1383_property_plant_and_equipment_net_prior_fy_end,property_plant_and_equipment_net,property plant and equipment net,MRT,"December 31, 2024",M_USD,18757.0,,,,,,,,,,,,,,,,,,,,,,,,,,,,,,,,,,,,,,,,,,
810,2,"Determine the result of minimum of gross profit for MRT from Three Months Ended April 30, 2024 to Three Months Ended April 30, 2025 scaled by growth in total liabilities for MRT from December 31, 2024 to April 30, 2025.","mul(min(1349_gross_profit_prior_year_quarter, 1348_gross_profit_current_quarter), growth(1408_total_liabilities_current_quarter_end, 1409_total_liabilities_prior_fy_end))","{""op"": ""mul"", ""left"": {""op"": ""min"", ""left"": {""leaf"": ""1349_gross_profit_prior_year_quarter"", ""depth"": 0}, ""right"": {""leaf"": ""1348_gross_profit_current_quarter"", ""depth"": 0}, ""depth"": 1}, ""right"": {""op"": ""growth"", ""left"": {""leaf"": ""1408_total_liabilities_current_quarter_end"", ""depth"": 0}, ""right"": {""leaf"": ""1409_total_liabilities_prior_fy_end"", ""depth"": 0}, ""depth"": 1}, ""depth"": 2}","{""op"": ""mul"", ""left"": {""kind"": ""time_agg"", ""op"": ""min"", ""depth"": 0}, ""right"": {""op"": ""growth"", ""left"": {""kind"": ""leaf"", ""semantic_type_in"": [""amount""], ""depth"": 0}, ""right"": {""kind"": ""leaf"", ""semantic_type_in"": [""amount""], ""depth"": 0}, ""depth"": 1, ""kind"": ""node""}, ""depth"": 2, ""kind"": ""node""}",3654.436262310425,2,2,2,329092455,925141581,918663111,0.508,2,3,4,1349_gross_profit_prior_year_quarter,gross_profit,gross profit,MRT,"Three Months Ended April 30, 2024",M_USD,26457.0,1348_gross_profit_current_quarter,gross_profit,gross profit,MRT,"Three Months Ended April 30, 2025",M_USD,23086.0,1408_total_liabilities_current_quarter_end,total_liabilities,total liabilities,MRT,"April 30, 2025",M_USD,54455.0,1409_total_liabilities_prior_fy_end,total_liabilities,total liabilities,MRT,"December 31, 2024",M_USD,47013.0,,,,,,,,,,,,,,,,,,,,,,,,,,,,
811,1,"may you give the maximum of cash and cash equivalents for VTL from December 31, 2024 to July 31, 2025 ?","max(25_cash_and_cash_equivalents_prior_fy_end, 4082_cash_and_cash_equivalents_current_quarter_end)","{""op"": ""max"", ""left"": {""leaf"": ""25_cash_and_cash_equivalents_prior_fy_end"", ""depth"": 0}, ""right"": {""leaf"": ""4082_cash_and_cash_equivalents_current_quarter_end"", ""depth"": 0}, ""depth"": 1}","{""kind"": ""time_agg"", ""op"": ""max"", ""depth"": 0}",1720.0,4,0,1,400389664,693311837,918663111,0.54,0,1,2,25_cash_and_cash_equivalents_prior_fy_end,cash_and_cash_equivalents,cash and cash equivalents,VTL,"December 31, 2024",M_USD,118.0,4082_cash_and_cash_equivalents_current_quarter_end,cash_and_cash_equivalents,cash and cash equivalents,VTL,"July 31, 2025",M_USD,1720.0,,,,,,,,,,,,,,,,,,,,,,,,,,,,,,,,,,,,,,,,,,
812,0,"Could you give the cost of sales for SCI in Six Months Ended July 31, 2024",5017_cost_of_sales_prior_year_ytd,"{""leaf"": ""5017_cost_of_sales_prior_year_ytd"", ""depth"": 0}","{""kind"": ""leaf"", ""semantic_type_in"": [""amount""], ""depth"": 0}",6414.0,1,0,0,7364744,912698823,918663111,0.576,0,1,1,5017_cost_of_sales_prior_year_ytd,cost_of_sales,cost of sales,SCI,"Six Months Ended July 31, 2024",M_USD,6414.0,,,,,,,,,,,,,,,,,,,,,,,,,,,,,,,,,,,,,,,,,,,,,,,,,
813,2,"Provide the average accounts receivable net for FIN from December 31, 2024 to April 30, 2025.","ratio(sum(4278_accounts_receivable_net_current_quarter_end, 4279_accounts_receivable_net_prior_fy_end), 2.0)","{""op"": ""ratio"", ""left"": {""op"": ""sum"", ""left"": {""leaf"": ""4278_accounts_receivable_net_current_quarter_end"", ""depth"": 0}, ""right"": {""leaf"": ""4279_accounts_receivable_net_prior_fy_end"", ""depth"": 0}, ""depth"": 1}, ""right"": {""literal"": 2.0, ""depth"": 0}, ""depth"": 2}","{""kind"": ""time_agg"", ""op"": ""avg"", ""depth"": 0}",1589.5,1,0,2,136913623,219898453,918663111,0.429,0,1,2,4278_accounts_receivable_net_current_quarter_end,accounts_receivable_net,accounts receivable net,FIN,"April 30, 2025",M_USD,1681.0,4279_accounts_receivable_net_prior_fy_end,accounts_receivable_net,accounts receivable net,FIN,"December 31, 2024",M_USD,1498.0,,,,,,,,,,,,,,,,,,,,,,,,,,,,,,,,,,,,,,,,,,
814,2,"Could you give the maximum of deferred revenue current for SUP from December 31, 2024 to July 31, 2025 ?","max(max(858_deferred_revenue_current_current_quarter_end, 859_deferred_revenue_current_prior_fy_end), 2700_deferred_revenue_current_current_quarter_end)","{""op"": ""max"", ""left"": {""op"": ""max"", ""left"": {""leaf"": ""858_deferred_revenue_current_current_quarter_end"", ""depth"": 0}, ""right"": {""leaf"": ""859_deferred_revenue_current_prior_fy_end"", ""depth"": 0}, ""depth"": 1}, ""right"": {""leaf"": ""2700_deferred_revenue_current_current_quarter_end"", ""depth"": 0}, ""depth"": 2}","{""kind"": ""time_agg"", ""op"": ""max"", ""depth"": 0}",1531.0,1,0,2,123415144,746282558,918663111,0.458,0,1,3,858_deferred_revenue_current_current_quarter_end,deferred_revenue_current,deferred revenue current,SUP,"April 30, 2025",M_USD,1259.0,859_deferred_revenue_current_prior_fy_end,deferred_revenue_current,deferred revenue current,SUP,"December 31, 2024",M_USD,1142.0,2700_deferred_revenue_current_current_quarter_end,deferred_revenue_current,deferred revenue current,SUP,"July 31, 2025",M_USD,1531.0,,,,,,,,,,,,,,,,,,,,,,,,,,,,,,,,,,,
815,1,"may you give the gross profit for VRX in Three Months Ended July 31, 2024",gross_profit,"{""derived"": ""gross_profit"", ""expanded"": {""op"": ""diff"", ""left"": {""leaf"": ""3091_total_revenues_prior_year_quarter"", ""depth"": 0}, ""right"": {""leaf"": ""3095_cost_of_sales_prior_year_quarter"", ""depth"": 0}, ""depth"": 1}, ""depth"": 1}","{""kind"": ""derived_concept"", ""name"": ""gross_profit"", ""depth"": 0}",10846.0,1,0,1,735151001,496960087,918663111,0.56,0,1,2,3091_total_revenues_prior_year_quarter,total_revenues,total revenues,VRX,"Three Months Ended July 31, 2024",M_USD,17071.0,3095_cost_of_sales_prior_year_quarter,cost_of_sales,cost of sales,VRX,"Three Months Ended July 31, 2024",M_USD,6225.0,,,,,,,,,,,,,,,,,,,,,,,,,,,,,,,,,,,,,,,,,,
816,2,"Compute the average Other revenue for HLT from Six Months Ended July 31, 2024 to Six Months Ended July 31, 2025","ratio(sum(2495_other_revenue_prior_year_ytd, 2491_other_revenue_current_ytd), 2.0)","{""op"": ""ratio"", ""left"": {""op"": ""sum"", ""left"": {""leaf"": ""2495_other_revenue_prior_year_ytd"", ""depth"": 0}, ""right"": {""leaf"": ""2491_other_revenue_current_ytd"", ""depth"": 0}, ""depth"": 1}, ""right"": {""literal"": 2.0, ""depth"": 0}, ""depth"": 2}","{""kind"": ""time_agg"", ""op"": ""avg"", ""depth"": 0}",7150.0,1,0,2,67680720,582264380,918663111,0.319,0,1,2,2495_other_revenue_prior_year_ytd,other_revenue,Other revenue,HLT,"Six Months Ended July 31, 2024",M_USD,6842.0,2491_other_revenue_current_ytd,other_revenue,Other revenue,HLT,"Six Months Ended July 31, 2025",M_USD,7458.0,,,,,,,,,,,,,,,,,,,,,,,,,,,,,,,,,,,,,,,,,,
817,0,"which value corresponds to the total costs and expenses for MDI in Three Months Ended October 31, 2025?",5598_total_costs_and_expenses_current_quarter,"{""leaf"": ""5598_total_costs_and_expenses_current_quarter"", ""depth"": 0}","{""kind"": ""leaf"", ""semantic_type_in"": [""amount""], ""depth"": 0}",14919.0,2,0,0,626354828,295315398,918663111,0.318,0,1,1,5598_total_costs_and_expenses_current_quarter,total_costs_and_expenses,total costs and expenses,MDI,"Three Months Ended October 31, 2025",M_USD,14919.0,,,,,,,,,,,,,,,,,,,,,,,,,,,,,,,,,,,,,,,,,,,,,,,,,
818,1,"what's the value of the maximum of net cash from operating for CLR from Nine Months Ended October 31, 2024 to Nine Months Ended October 31, 2025","max(191_net_cash_from_operating_prior_ytd, 190_net_cash_from_operating_current_ytd)","{""op"": ""max"", ""left"": {""leaf"": ""191_net_cash_from_operating_prior_ytd"", ""depth"": 0}, ""right"": {""leaf"": ""190_net_cash_from_operating_current_ytd"", ""depth"": 0}, ""depth"": 1}","{""kind"": ""time_agg"", ""op"": ""max"", ""depth"": 0}",6517.0,3,0,1,123989742,68327873,918663111,0.407,0,1,2,191_net_cash_from_operating_prior_ytd,net_cash_from_operating,net cash from operating,CLR,"Nine Months Ended October 31, 2024",M_USD,6517.0,190_net_cash_from_operating_current_ytd,net_cash_from_operating,net cash from operating,CLR,"Nine Months Ended October 31, 2025",M_USD,6134.0,,,,,,,,,,,,,,,,,,,,,,,,,,,,,,,,,,,,,,,,,,
819,1,"which value corresponds to the minimum of gross profit for MRT from Three Months Ended April 30, 2024 to Three Months Ended April 30, 2025","min(1349_gross_profit_prior_year_quarter, 1348_gross_profit_current_quarter)","{""op"": ""min"", ""left"": {""leaf"": ""1349_gross_profit_prior_year_quarter"", ""depth"": 0}, ""right"": {""leaf"": ""1348_gross_profit_current_quarter"", ""depth"": 0}, ""depth"": 1}","{""kind"": ""time_agg"", ""op"": ""min"", ""depth"": 0}",23086.0,1,0,1,904789587,60241569,918663111,0.499,0,1,2,1349_gross_profit_prior_year_quarter,gross_profit,gross profit,MRT,"Three Months Ended April 30, 2024",M_USD,26457.0,1348_gross_profit_current_quarter,gross_profit,gross profit,MRT,"Three Months Ended April 30, 2025",M_USD,23086.0,,,,,,,,,,,,,,,,,,,,,,,,,,,,,,,,,,,,,,,,,,
820,1,"Compute the minimum of total current liabilities for INF from December 31, 2024 to July 31, 2025 .","min(3875_total_current_liabilities_prior_fy_end, 3874_total_current_liabilities_current_quarter_end)","{""op"": ""min"", ""left"": {""leaf"": ""3875_total_current_liabilities_prior_fy_end"", ""depth"": 0}, ""right"": {""leaf"": ""3874_total_current_liabilities_current_quarter_end"", ""depth"": 0}, ""depth"": 1}","{""kind"": ""time_agg"", ""op"": ""min"", ""depth"": 0}",7117.0,4,0,1,608050933,237897019,918663111,0.293,0,1,2,3875_total_current_liabilities_prior_fy_end,total_current_liabilities,total current liabilities,INF,"December 31, 2024",M_USD,7117.0,3874_total_current_liabilities_current_quarter_end,total_current_liabilities,total current liabilities,INF,"July 31, 2025",M_USD,7125.0,,,,,,,,,,,,,,,,,,,,,,,,,,,,,,,,,,,,,,,,,,
821,1,"may you give the maximum of net cash from operating for GRD from Six Months Ended July 31, 2024 to Six Months Ended July 31, 2025?","max(319_net_cash_from_operating_prior_ytd, 318_net_cash_from_operating_current_ytd)","{""op"": ""max"", ""left"": {""leaf"": ""319_net_cash_from_operating_prior_ytd"", ""depth"": 0}, ""right"": {""leaf"": ""318_net_cash_from_operating_current_ytd"", ""depth"": 0}, ""depth"": 1}","{""kind"": ""time_agg"", ""op"": ""max"", ""depth"": 0}",3280.0,4,0,1,159482708,806675120,918663111,0.531,0,1,2,319_net_cash_from_operating_prior_ytd,net_cash_from_operating,net cash from operating,GRD,"Six Months Ended July 31, 2024",M_USD,3280.0,318_net_cash_from_operating_current_ytd,net_cash_from_operating,net cash from operating,GRD,"Six Months Ended July 31, 2025",M_USD,3089.0,,,,,,,,,,,,,,,,,,,,,,,,,,,,,,,,,,,,,,,,,,
822,3,"What is the result of minimum of total assets for BLD from December 31, 2024 to July 31, 2025 scaled by ratio of maximum of current portion of long term debt for BLD from December 31, 2024 to July 31, 2025 to maximum of goodwill for BLD from December 31, 2024 to July 31, 2025 ?","mul(min(5337_total_assets_prior_fy_end, 2936_total_assets_current_quarter_end), ratio(max(2945_current_portion_of_long_term_debt_prior_fy_end, 5344_current_portion_of_long_term_debt_current_quarter_end), max(5331_goodwill_prior_fy_end, 2930_goodwill_current_quarter_end)))","{""op"": ""mul"", ""left"": {""op"": ""min"", ""left"": {""leaf"": ""5337_total_assets_prior_fy_end"", ""depth"": 0}, ""right"": {""leaf"": ""2936_total_assets_current_quarter_end"", ""depth"": 0}, ""depth"": 1}, ""right"": {""op"": ""ratio"", ""left"": {""op"": ""max"", ""left"": {""leaf"": ""2945_current_portion_of_long_term_debt_prior_fy_end"", ""depth"": 0}, ""right"": {""leaf"": ""5344_current_portion_of_long_term_debt_current_quarter_end"", ""depth"": 0}, ""depth"": 1}, ""right"": {""op"": ""max"", ""left"": {""leaf"": ""5331_goodwill_prior_fy_end"", ""depth"": 0}, ""right"": {""leaf"": ""2930_goodwill_current_quarter_end"", ""depth"": 0}, ""depth"": 1}, ""depth"": 2}, ""depth"": 3}","{""op"": ""mul"", ""left"": {""kind"": ""time_agg"", ""op"": ""min"", ""depth"": 0}, ""right"": {""op"": ""ratio"", ""left"": {""kind"": ""time_agg"", ""op"": ""max"", ""depth"": 0}, ""right"": {""kind"": ""time_agg"", ""op"": ""max"", ""depth"": 0}, ""depth"": 1, ""kind"": ""node""}, ""depth"": 2, ""kind"": ""node""}",1333.9149722735674,3,2,3,603431424,702004366,918663111,0.226,2,3,6,5337_total_assets_prior_fy_end,total_assets,total assets,BLD,"December 31, 2024",M_USD,24355.0,2936_total_assets_current_quarter_end,total_assets,total assets,BLD,"July 31, 2025",M_USD,7844.0,2945_current_portion_of_long_term_debt_prior_fy_end,current_portion_of_long_term_debt,current portion of long term debt,BLD,"December 31, 2024",M_USD,542.0,5344_current_portion_of_long_term_debt_current_quarter_end,current_portion_of_long_term_debt,current portion of long term debt,BLD,"July 31, 2025",M_USD,552.0,5331_goodwill_prior_fy_end,goodwill,goodwill,BLD,"December 31, 2024",M_USD,3246.0,2930_goodwill_current_quarter_end,goodwill,goodwill,BLD,"July 31, 2025",M_USD,337.0,,,,,,,,,,,,,,
823,1,"whats the value of the minimum of inventories for CRZ from December 31, 2024 to October 31, 2025 ?","min(4945_inventories_prior_fy_end, 4944_inventories_current_quarter_end)","{""op"": ""min"", ""left"": {""leaf"": ""4945_inventories_prior_fy_end"", ""depth"": 0}, ""right"": {""leaf"": ""4944_inventories_current_quarter_end"", ""depth"": 0}, ""depth"": 1}","{""kind"": ""time_agg"", ""op"": ""min"", ""depth"": 0}",216.0,1,0,1,263806701,668302,918663111,0.378,0,1,2,4945_inventories_prior_fy_end,inventories,inventories,CRZ,"December 31, 2024",M_USD,216.0,4944_inventories_current_quarter_end,inventories,inventories,CRZ,"October 31, 2025",M_USD,225.0,,,,,,,,,,,,,,,,,,,,,,,,,,,,,,,,,,,,,,,,,,
824,4,"give the total current assets for MED in October 31, 2025.",total_current_assets,"{""derived"": ""total_current_assets"", ""expanded"": {""op"": ""sum"", ""left"": {""op"": ""sum"", ""left"": {""op"": ""sum"", ""left"": {""op"": ""sum"", ""left"": {""leaf"": ""1032_cash_and_cash_equivalents_current_quarter_end"", ""depth"": 0}, ""right"": {""leaf"": ""1964_short_term_investments_current_quarter_end"", ""depth"": 0}, ""depth"": 1}, ""right"": {""leaf"": ""1966_accounts_receivable_net_current_quarter_end"", ""depth"": 0}, ""depth"": 2}, ""right"": {""leaf"": ""1968_inventories_current_quarter_end"", ""depth"": 0}, ""depth"": 3}, ""right"": {""leaf"": ""1970_prepaid_expenses_and_other_current_quarter_end"", ""depth"": 0}, ""depth"": 4}, ""depth"": 4}","{""kind"": ""derived_concept"", ""name"": ""total_current_assets"", ""depth"": 0}",1809.0,4,0,4,931031598,158371604,918663111,0.405,0,1,5,1032_cash_and_cash_equivalents_current_quarter_end,cash_and_cash_equivalents,cash and cash equivalents,MED,"October 31, 2025",M_USD,597.0,1964_short_term_investments_current_quarter_end,short_term_investments,short term investments,MED,"October 31, 2025",M_USD,138.0,1966_accounts_receivable_net_current_quarter_end,accounts_receivable_net,accounts receivable net,MED,"October 31, 2025",M_USD,682.0,1968_inventories_current_quarter_end,inventories,inventories,MED,"October 31, 2025",M_USD,202.0,1970_prepaid_expenses_and_other_current_quarter_end,prepaid_expenses_and_other,prepaid expenses and other,MED,"October 31, 2025",M_USD,190.0,,,,,,,,,,,,,,,,,,,,,
825,1,"you should give the minimum of total revenues for CLR from Three Months Ended October 31, 2024 to Three Months Ended October 31, 2025","min(97_total_revenues_prior_year_quarter, 96_total_revenues_current_quarter)","{""op"": ""min"", ""left"": {""leaf"": ""97_total_revenues_prior_year_quarter"", ""depth"": 0}, ""right"": {""leaf"": ""96_total_revenues_current_quarter"", ""depth"": 0}, ""depth"": 1}","{""kind"": ""time_agg"", ""op"": ""min"", ""depth"": 0}",8310.0,1,0,1,41946113,672884790,918663111,0.288,0,1,2,97_total_revenues_prior_year_quarter,total_revenues,total revenues,CLR,"Three Months Ended October 31, 2024",M_USD,9053.0,96_total_revenues_current_quarter,total_revenues,total revenues,CLR,"Three Months Ended October 31, 2025",M_USD,8310.0,,,,,,,,,,,,,,,,,,,,,,,,,,,,,,,,,,,,,,,,,,
826,2,"evaluate the average total non current assets for PRF from December 31, 2024 to October 31, 2025 .","ratio(sum(2203_total_non_current_assets_prior_fy_end, 2566_total_non_current_assets_current_quarter_end), 2.0)","{""op"": ""ratio"", ""left"": {""op"": ""sum"", ""left"": {""leaf"": ""2203_total_non_current_assets_prior_fy_end"", ""depth"": 0}, ""right"": {""leaf"": ""2566_total_non_current_assets_current_quarter_end"", ""depth"": 0}, ""depth"": 1}, ""right"": {""literal"": 2.0, ""depth"": 0}, ""depth"": 2}","{""kind"": ""time_agg"", ""op"": ""avg"", ""depth"": 0}",1342.0,3,0,2,830434705,26857389,918663111,0.313,0,1,2,2203_total_non_current_assets_prior_fy_end,total_non_current_assets,total non current assets,PRF,"December 31, 2024",M_USD,456.0,2566_total_non_current_assets_current_quarter_end,total_non_current_assets,total non current assets,PRF,"October 31, 2025",M_USD,2228.0,,,,,,,,,,,,,,,,,,,,,,,,,,,,,,,,,,,,,,,,,,
827,1,"You should give the minimum of long term marketable securities for FIN from December 31, 2024 to April 30, 2025","min(4286_long_term_marketable_securities_current_quarter_end, 4287_long_term_marketable_securities_prior_fy_end)","{""op"": ""min"", ""left"": {""leaf"": ""4286_long_term_marketable_securities_current_quarter_end"", ""depth"": 0}, ""right"": {""leaf"": ""4287_long_term_marketable_securities_prior_fy_end"", ""depth"": 0}, ""depth"": 1}","{""kind"": ""time_agg"", ""op"": ""min"", ""depth"": 0}",1975.0,4,0,1,636721506,648048431,918663111,0.188,0,1,2,4286_long_term_marketable_securities_current_quarter_end,long_term_marketable_securities,long term marketable securities,FIN,"April 30, 2025",M_USD,2216.0,4287_long_term_marketable_securities_prior_fy_end,long_term_marketable_securities,long term marketable securities,FIN,"December 31, 2024",M_USD,1975.0,,,,,,,,,,,,,,,,,,,,,,,,,,,,,,,,,,,,,,,,,,
828,2,"Which value corresponds to the average stock based compensation for MED from Six Months Ended July 31, 2024 to Six Months Ended July 31, 2025?","ratio(sum(1775_stock_based_compensation_prior_ytd, 1774_stock_based_compensation_current_ytd), 2.0)","{""op"": ""ratio"", ""left"": {""op"": ""sum"", ""left"": {""leaf"": ""1775_stock_based_compensation_prior_ytd"", ""depth"": 0}, ""right"": {""leaf"": ""1774_stock_based_compensation_current_ytd"", ""depth"": 0}, ""depth"": 1}, ""right"": {""literal"": 2.0, ""depth"": 0}, ""depth"": 2}","{""kind"": ""time_agg"", ""op"": ""avg"", ""depth"": 0}",159.5,4,0,2,891254828,315111665,918663111,0.567,0,1,2,1775_stock_based_compensation_prior_ytd,stock_based_compensation,stock based compensation,MED,"Six Months Ended July 31, 2024",M_USD,154.0,1774_stock_based_compensation_current_ytd,stock_based_compensation,stock based compensation,MED,"Six Months Ended July 31, 2025",M_USD,165.0,,,,,,,,,,,,,,,,,,,,,,,,,,,,,,,,,,,,,,,,,,
829,0,"Which quantity is given by the other income expense net for PRF in Nine Months Ended October 31, 2025 ?",2528_other_income_expense_net_current_ytd,"{""leaf"": ""2528_other_income_expense_net_current_ytd"", ""depth"": 0}","{""kind"": ""leaf"", ""semantic_type_in"": [""amount""], ""depth"": 0}",-51.0,1,0,0,143235104,444061052,918663111,0.419,0,1,1,2528_other_income_expense_net_current_ytd,other_income_expense_net,other income expense net,PRF,"Nine Months Ended October 31, 2025",M_USD,-51.0,,,,,,,,,,,,,,,,,,,,,,,,,,,,,,,,,,,,,,,,,,,,,,,,,
830,1,"Which value corresponds to the difference between total non current liabilities and total current assets for MED in October 31, 2025?","diff(1070_total_non_current_liabilities_current_quarter_end, 1972_total_current_assets_current_quarter_end)","{""op"": ""diff"", ""left"": {""leaf"": ""1070_total_non_current_liabilities_current_quarter_end"", ""depth"": 0}, ""right"": {""leaf"": ""1972_total_current_assets_current_quarter_end"", ""depth"": 0}, ""depth"": 1}","{""op"": ""diff"", ""left"": {""kind"": ""leaf"", ""semantic_type_in"": [""amount""], ""depth"": 0}, ""right"": {""kind"": ""leaf"", ""semantic_type_in"": [""amount""], ""depth"": 0}, ""depth"": 1, ""kind"": ""node""}",558.0,1,1,1,585222345,304576906,918663111,0.453,1,2,2,1070_total_non_current_liabilities_current_quarter_end,total_non_current_liabilities,total non current liabilities,MED,"October 31, 2025",M_USD,2182.0,1972_total_current_assets_current_quarter_end,total_current_assets,total current assets,MED,"October 31, 2025",M_USD,1624.0,,,,,,,,,,,,,,,,,,,,,,,,,,,,,,,,,,,,,,,,,,
831,1,"What is the maximum of net income for AST from Six Months Ended July 31, 2024 to Six Months Ended July 31, 2025","max(4813_net_income_prior_year_ytd, 4812_net_income_current_ytd)","{""op"": ""max"", ""left"": {""leaf"": ""4813_net_income_prior_year_ytd"", ""depth"": 0}, ""right"": {""leaf"": ""4812_net_income_current_ytd"", ""depth"": 0}, ""depth"": 1}","{""kind"": ""time_agg"", ""op"": ""max"", ""depth"": 0}",9458.0,4,0,1,781319982,434382560,918663111,0.13,0,1,2,4813_net_income_prior_year_ytd,net_income,net income,AST,"Six Months Ended July 31, 2024",M_USD,9116.0,4812_net_income_current_ytd,net_income,net income,AST,"Six Months Ended July 31, 2025",M_USD,9458.0,,,,,,,,,,,,,,,,,,,,,,,,,,,,,,,,,,,,,,,,,,
832,0,"You should give the net income for QRK in Six Months Ended April 30, 2025 .",3609_net_income_prior_year_ytd,"{""leaf"": ""3609_net_income_prior_year_ytd"", ""depth"": 0}","{""kind"": ""leaf"", ""semantic_type_in"": [""amount""], ""depth"": 0}",59560.0,1,0,0,851138713,771233336,918663111,0.196,0,1,1,3609_net_income_prior_year_ytd,net_income,net income,QRK,"Six Months Ended April 30, 2025",M_USD,59560.0,,,,,,,,,,,,,,,,,,,,,,,,,,,,,,,,,,,,,,,,,,,,,,,,,
833,1,"Which quantity is given by the maximum of total non current liabilities for QRK from September 30, 2025 to April 30, 2026?","max(3656_total_non_current_liabilities_current_quarter_end, 3657_total_non_current_liabilities_prior_fy_end)","{""op"": ""max"", ""left"": {""leaf"": ""3656_total_non_current_liabilities_current_quarter_end"", ""depth"": 0}, ""right"": {""leaf"": ""3657_total_non_current_liabilities_prior_fy_end"", ""depth"": 0}, ""depth"": 1}","{""kind"": ""time_agg"", ""op"": ""max"", ""depth"": 0}",32408.0,2,0,1,845613409,53720864,918663111,0.394,0,1,2,3656_total_non_current_liabilities_current_quarter_end,total_non_current_liabilities,total non current liabilities,QRK,"April 30, 2026",M_USD,30634.0,3657_total_non_current_liabilities_prior_fy_end,total_non_current_liabilities,total non current liabilities,QRK,"September 30, 2025",M_USD,32408.0,,,,,,,,,,,,,,,,,,,,,,,,,,,,,,,,,,,,,,,,,,
834,1,"What is the minimum of accrued expenses and other for AST from December 31, 2024 to July 31, 2025","min(4851_accrued_expenses_and_other_prior_fy_end, 4850_accrued_expenses_and_other_current_quarter_end)","{""op"": ""min"", ""left"": {""leaf"": ""4851_accrued_expenses_and_other_prior_fy_end"", ""depth"": 0}, ""right"": {""leaf"": ""4850_accrued_expenses_and_other_current_quarter_end"", ""depth"": 0}, ""depth"": 1}","{""kind"": ""time_agg"", ""op"": ""min"", ""depth"": 0}",911.0,2,0,1,828290470,317737573,918663111,0.104,0,1,2,4851_accrued_expenses_and_other_prior_fy_end,accrued_expenses_and_other,accrued expenses and other,AST,"December 31, 2024",M_USD,911.0,4850_accrued_expenses_and_other_current_quarter_end,accrued_expenses_and_other,accrued expenses and other,AST,"July 31, 2025",M_USD,917.0,,,,,,,,,,,,,,,,,,,,,,,,,,,,,,,,,,,,,,,,,,
835,3,"Evaluate the sum of ratio of sum of depreciation and amortization for CRX in Nine Months Ended October 31, 2024 and depreciation and amortization for CRX in Nine Months Ended October 31, 2025 to 2.0 and maximum of total assets for CRX from September 30, 2025 to January 31, 2026.","sum(ratio(sum(5237_depreciation_and_amortization_prior_ytd, 5236_depreciation_and_amortization_current_ytd), 2.0), max(max(4612_total_assets_current_quarter_end, 5208_total_assets_current_quarter_end), 4613_total_assets_prior_fy_end))","{""op"": ""sum"", ""left"": {""op"": ""ratio"", ""left"": {""op"": ""sum"", ""left"": {""leaf"": ""5237_depreciation_and_amortization_prior_ytd"", ""depth"": 0}, ""right"": {""leaf"": ""5236_depreciation_and_amortization_current_ytd"", ""depth"": 0}, ""depth"": 1}, ""right"": {""literal"": 2.0, ""depth"": 0}, ""depth"": 2}, ""right"": {""op"": ""max"", ""left"": {""op"": ""max"", ""left"": {""leaf"": ""4612_total_assets_current_quarter_end"", ""depth"": 0}, ""right"": {""leaf"": ""5208_total_assets_current_quarter_end"", ""depth"": 0}, ""depth"": 1}, ""right"": {""leaf"": ""4613_total_assets_prior_fy_end"", ""depth"": 0}, ""depth"": 2}, ""depth"": 3}","{""op"": ""sum"", ""left"": {""kind"": ""time_agg"", ""op"": ""avg"", ""depth"": 0}, ""right"": {""kind"": ""time_agg"", ""op"": ""max"", ""depth"": 0}, ""depth"": 1, ""kind"": ""node""}",51125.0,4,1,3,863866075,971502821,918663111,0.162,1,2,5,5237_depreciation_and_amortization_prior_ytd,depreciation_and_amortization,depreciation and amortization,CRX,"Nine Months Ended October 31, 2024",M_USD,2015.0,5236_depreciation_and_amortization_current_ytd,depreciation_and_amortization,depreciation and amortization,CRX,"Nine Months Ended October 31, 2025",M_USD,1941.0,4612_total_assets_current_quarter_end,total_assets,total assets,CRX,"January 31, 2026",M_USD,49147.0,5208_total_assets_current_quarter_end,total_assets,total assets,CRX,"October 31, 2025",M_USD,14912.0,4613_total_assets_prior_fy_end,total_assets,total assets,CRX,"September 30, 2025",M_USD,42068.0,,,,,,,,,,,,,,,,,,,,,
836,1,"evaluate the minimum of total assets for CIV from December 31, 2024 to October 31, 2025 .","min(3049_total_assets_prior_fy_end, 3048_total_assets_current_quarter_end)","{""op"": ""min"", ""left"": {""leaf"": ""3049_total_assets_prior_fy_end"", ""depth"": 0}, ""right"": {""leaf"": ""3048_total_assets_current_quarter_end"", ""depth"": 0}, ""depth"": 1}","{""kind"": ""time_agg"", ""op"": ""min"", ""depth"": 0}",2446.0,4,0,1,346528796,781157699,918663111,0.178,0,1,2,3049_total_assets_prior_fy_end,total_assets,total assets,CIV,"December 31, 2024",M_USD,2446.0,3048_total_assets_current_quarter_end,total_assets,total assets,CIV,"October 31, 2025",M_USD,2617.0,,,,,,,,,,,,,,,,,,,,,,,,,,,,,,,,,,,,,,,,,,
837,2,"evaluate the average total non current assets for AVX from December 31, 2024 to October 31, 2025","ratio(sum(1293_total_non_current_assets_prior_fy_end, 1292_total_non_current_assets_current_quarter_end), 2.0)","{""op"": ""ratio"", ""left"": {""op"": ""sum"", ""left"": {""leaf"": ""1293_total_non_current_assets_prior_fy_end"", ""depth"": 0}, ""right"": {""leaf"": ""1292_total_non_current_assets_current_quarter_end"", ""depth"": 0}, ""depth"": 1}, ""right"": {""literal"": 2.0, ""depth"": 0}, ""depth"": 2}","{""kind"": ""time_agg"", ""op"": ""avg"", ""depth"": 0}",892.0,4,0,2,591489288,306706648,918663111,0.356,0,1,2,1293_total_non_current_assets_prior_fy_end,total_non_current_assets,total non current assets,AVX,"December 31, 2024",M_USD,900.0,1292_total_non_current_assets_current_quarter_end,total_non_current_assets,total non current assets,AVX,"October 31, 2025",M_USD,884.0,,,,,,,,,,,,,,,,,,,,,,,,,,,,,,,,,,,,,,,,,,
838,2,"you should give the average total assets for FIN from December 31, 2024 to April 30, 2025.","ratio(sum(4296_total_assets_current_quarter_end, 4297_total_assets_prior_fy_end), 2.0)","{""op"": ""ratio"", ""left"": {""op"": ""sum"", ""left"": {""leaf"": ""4296_total_assets_current_quarter_end"", ""depth"": 0}, ""right"": {""leaf"": ""4297_total_assets_prior_fy_end"", ""depth"": 0}, ""depth"": 1}, ""right"": {""literal"": 2.0, ""depth"": 0}, ""depth"": 2}","{""kind"": ""time_agg"", ""op"": ""avg"", ""depth"": 0}",8974.0,4,0,2,916851667,860088224,918663111,0.501,0,1,2,4296_total_assets_current_quarter_end,total_assets,total assets,FIN,"April 30, 2025",M_USD,9491.0,4297_total_assets_prior_fy_end,total_assets,total assets,FIN,"December 31, 2024",M_USD,8457.0,,,,,,,,,,,,,,,,,,,,,,,,,,,,,,,,,,,,,,,,,,
839,2,"what's the value of the average prepaid expenses and other for CLD from December 31, 2024 to April 30, 2025?","ratio(sum(3378_prepaid_expenses_and_other_current_quarter_end, 3731_prepaid_expenses_and_other_prior_fy_end), 2.0)","{""op"": ""ratio"", ""left"": {""op"": ""sum"", ""left"": {""leaf"": ""3378_prepaid_expenses_and_other_current_quarter_end"", ""depth"": 0}, ""right"": {""leaf"": ""3731_prepaid_expenses_and_other_prior_fy_end"", ""depth"": 0}, ""depth"": 1}, ""right"": {""literal"": 2.0, ""depth"": 0}, ""depth"": 2}","{""kind"": ""time_agg"", ""op"": ""avg"", ""depth"": 0}",276.0,4,0,2,755719356,348207264,918663111,0.412,0,1,2,3378_prepaid_expenses_and_other_current_quarter_end,prepaid_expenses_and_other,prepaid expenses and other,CLD,"April 30, 2025",M_USD,436.0,3731_prepaid_expenses_and_other_prior_fy_end,prepaid_expenses_and_other,prepaid expenses and other,CLD,"December 31, 2024",M_USD,116.0,,,,,,,,,,,,,,,,,,,,,,,,,,,,,,,,,,,,,,,,,,
840,1,"provide the minimum of total assets for CLD from December 31, 2024 to April 30, 2025.","min(3392_total_assets_current_quarter_end, 3393_total_assets_prior_fy_end)","{""op"": ""min"", ""left"": {""leaf"": ""3392_total_assets_current_quarter_end"", ""depth"": 0}, ""right"": {""leaf"": ""3393_total_assets_prior_fy_end"", ""depth"": 0}, ""depth"": 1}","{""kind"": ""time_agg"", ""op"": ""min"", ""depth"": 0}",17689.0,4,0,1,267862845,503989732,918663111,0.117,0,1,2,3392_total_assets_current_quarter_end,total_assets,total assets,CLD,"April 30, 2025",M_USD,19297.0,3393_total_assets_prior_fy_end,total_assets,total assets,CLD,"December 31, 2024",M_USD,17689.0,,,,,,,,,,,,,,,,,,,,,,,,,,,,,,,,,,,,,,,,,,
841,2,"compute the average cost of sales for TRU from Six Months Ended July 31, 2024 to Six Months Ended July 31, 2025 .","ratio(sum(583_cost_of_sales_prior_year_ytd, 582_cost_of_sales_current_ytd), 2.0)","{""op"": ""ratio"", ""left"": {""op"": ""sum"", ""left"": {""leaf"": ""583_cost_of_sales_prior_year_ytd"", ""depth"": 0}, ""right"": {""leaf"": ""582_cost_of_sales_current_ytd"", ""depth"": 0}, ""depth"": 1}, ""right"": {""literal"": 2.0, ""depth"": 0}, ""depth"": 2}","{""kind"": ""time_agg"", ""op"": ""avg"", ""depth"": 0}",15486.0,4,0,2,90496256,810772591,918663111,0.302,0,1,2,583_cost_of_sales_prior_year_ytd,cost_of_sales,cost of sales,TRU,"Six Months Ended July 31, 2024",M_USD,14448.0,582_cost_of_sales_current_ytd,cost_of_sales,cost of sales,TRU,"Six Months Ended July 31, 2025",M_USD,16524.0,,,,,,,,,,,,,,,,,,,,,,,,,,,,,,,,,,,,,,,,,,
842,1,"what is the value of the maximum of goodwill for BNK from December 31, 2024 to October 31, 2025?","max(4723_goodwill_prior_fy_end, 4722_goodwill_current_quarter_end)","{""op"": ""max"", ""left"": {""leaf"": ""4723_goodwill_prior_fy_end"", ""depth"": 0}, ""right"": {""leaf"": ""4722_goodwill_current_quarter_end"", ""depth"": 0}, ""depth"": 1}","{""kind"": ""time_agg"", ""op"": ""max"", ""depth"": 0}",1783.0,2,0,1,817038445,632196170,918663111,0.352,0,1,2,4723_goodwill_prior_fy_end,goodwill,goodwill,BNK,"December 31, 2024",M_USD,1521.0,4722_goodwill_current_quarter_end,goodwill,goodwill,BNK,"October 31, 2025",M_USD,1783.0,,,,,,,,,,,,,,,,,,,,,,,,,,,,,,,,,,,,,,,,,,
843,2,"May you calculate the average inventories for TRD from December 31, 2024 to April 30, 2025 ?","ratio(sum(5408_inventories_current_quarter_end, 2309_inventories_prior_fy_end), 2.0)","{""op"": ""ratio"", ""left"": {""op"": ""sum"", ""left"": {""leaf"": ""5408_inventories_current_quarter_end"", ""depth"": 0}, ""right"": {""leaf"": ""2309_inventories_prior_fy_end"", ""depth"": 0}, ""depth"": 1}, ""right"": {""literal"": 2.0, ""depth"": 0}, ""depth"": 2}","{""kind"": ""time_agg"", ""op"": ""avg"", ""depth"": 0}",10066.0,2,0,2,163668468,677491739,918663111,0.558,0,1,2,5408_inventories_current_quarter_end,inventories,inventories,TRD,"April 30, 2025",M_USD,5677.0,2309_inventories_prior_fy_end,inventories,inventories,TRD,"December 31, 2024",M_USD,14455.0,,,,,,,,,,,,,,,,,,,,,,,,,,,,,,,,,,,,,,,,,,
844,1,"may you give the minimum of other non current liabilities for MRT from December 31, 2024 to April 30, 2025 ?","min(1404_other_non_current_liabilities_current_quarter_end, 1405_other_non_current_liabilities_prior_fy_end)","{""op"": ""min"", ""left"": {""leaf"": ""1404_other_non_current_liabilities_current_quarter_end"", ""depth"": 0}, ""right"": {""leaf"": ""1405_other_non_current_liabilities_prior_fy_end"", ""depth"": 0}, ""depth"": 1}","{""kind"": ""time_agg"", ""op"": ""min"", ""depth"": 0}",1582.0,2,0,1,207375642,891548595,918663111,0.215,0,1,2,1404_other_non_current_liabilities_current_quarter_end,other_non_current_liabilities,other non current liabilities,MRT,"April 30, 2025",M_USD,1832.0,1405_other_non_current_liabilities_prior_fy_end,other_non_current_liabilities,other non current liabilities,MRT,"December 31, 2024",M_USD,1582.0,,,,,,,,,,,,,,,,,,,,,,,,,,,,,,,,,,,,,,,,,,
845,1,"what does the following give: minimum of operating income for MDI from Nine Months Ended October 31, 2024 to Nine Months Ended October 31, 2025 ?","min(5605_operating_income_prior_year_ytd, 5604_operating_income_current_ytd)","{""op"": ""min"", ""left"": {""leaf"": ""5605_operating_income_prior_year_ytd"", ""depth"": 0}, ""right"": {""leaf"": ""5604_operating_income_current_ytd"", ""depth"": 0}, ""depth"": 1}","{""kind"": ""time_agg"", ""op"": ""min"", ""depth"": 0}",9921.0,3,0,1,158874914,354254653,918663111,0.539,0,1,2,5605_operating_income_prior_year_ytd,operating_income,operating income,MDI,"Nine Months Ended October 31, 2024",M_USD,9921.0,5604_operating_income_current_ytd,operating_income,operating income,MDI,"Nine Months Ended October 31, 2025",M_USD,11220.0,,,,,,,,,,,,,,,,,,,,,,,,,,,,,,,,,,,,,,,,,,
846,1,"which value corresponds to the maximum of long term debt for MED from July 31, 2025 to October 31, 2025","max(1756_long_term_debt_current_quarter_end, 1996_long_term_debt_current_quarter_end)","{""op"": ""max"", ""left"": {""leaf"": ""1756_long_term_debt_current_quarter_end"", ""depth"": 0}, ""right"": {""leaf"": ""1996_long_term_debt_current_quarter_end"", ""depth"": 0}, ""depth"": 1}","{""kind"": ""time_agg"", ""op"": ""max"", ""depth"": 0}",4884.0,2,0,1,820743777,524992306,918663111,0.24,0,1,2,1756_long_term_debt_current_quarter_end,long_term_debt,long term debt,MED,"July 31, 2025",M_USD,4884.0,1996_long_term_debt_current_quarter_end,long_term_debt,long term debt,MED,"October 31, 2025",M_USD,833.0,,,,,,,,,,,,,,,,,,,,,,,,,,,,,,,,,,,,,,,,,,
847,4,"Whats the value of the average long term marketable securities for CRX from December 31, 2024 to January 31, 2026?","ratio(sum(sum(sum(5199_long_term_marketable_securities_prior_fy_end, 4602_long_term_marketable_securities_current_quarter_end), 5198_long_term_marketable_securities_current_quarter_end), 4603_long_term_marketable_securities_prior_fy_end), 4.0)","{""op"": ""ratio"", ""left"": {""op"": ""sum"", ""left"": {""op"": ""sum"", ""left"": {""op"": ""sum"", ""left"": {""leaf"": ""5199_long_term_marketable_securities_prior_fy_end"", ""depth"": 0}, ""right"": {""leaf"": ""4602_long_term_marketable_securities_current_quarter_end"", ""depth"": 0}, ""depth"": 1}, ""right"": {""leaf"": ""5198_long_term_marketable_securities_current_quarter_end"", ""depth"": 0}, ""depth"": 2}, ""right"": {""leaf"": ""4603_long_term_marketable_securities_prior_fy_end"", ""depth"": 0}, ""depth"": 3}, ""right"": {""literal"": 4.0, ""depth"": 0}, ""depth"": 4}","{""kind"": ""time_agg"", ""op"": ""avg"", ""depth"": 0}",5371.5,2,0,4,909168380,861908325,918663111,0.464,0,1,4,5199_long_term_marketable_securities_prior_fy_end,long_term_marketable_securities,long term marketable securities,CRX,"December 31, 2024",M_USD,2747.0,4602_long_term_marketable_securities_current_quarter_end,long_term_marketable_securities,long term marketable securities,CRX,"January 31, 2026",M_USD,8554.0,5198_long_term_marketable_securities_current_quarter_end,long_term_marketable_securities,long term marketable securities,CRX,"October 31, 2025",M_USD,2863.0,4603_long_term_marketable_securities_prior_fy_end,long_term_marketable_securities,long term marketable securities,CRX,"September 30, 2025",M_USD,7322.0,,,,,,,,,,,,,,,,,,,,,,,,,,,,
848,2,"You should calculate the average accounts receivable net for AVX from December 31, 2024 to October 31, 2025.","ratio(sum(1277_accounts_receivable_net_prior_fy_end, 1276_accounts_receivable_net_current_quarter_end), 2.0)","{""op"": ""ratio"", ""left"": {""op"": ""sum"", ""left"": {""leaf"": ""1277_accounts_receivable_net_prior_fy_end"", ""depth"": 0}, ""right"": {""leaf"": ""1276_accounts_receivable_net_current_quarter_end"", ""depth"": 0}, ""depth"": 1}, ""right"": {""literal"": 2.0, ""depth"": 0}, ""depth"": 2}","{""kind"": ""time_agg"", ""op"": ""avg"", ""depth"": 0}",93.0,2,0,2,182367240,791302904,918663111,0.16,0,1,2,1277_accounts_receivable_net_prior_fy_end,accounts_receivable_net,accounts receivable net,AVX,"December 31, 2024",M_USD,94.0,1276_accounts_receivable_net_current_quarter_end,accounts_receivable_net,accounts receivable net,AVX,"October 31, 2025",M_USD,92.0,,,,,,,,,,,,,,,,,,,,,,,,,,,,,,,,,,,,,,,,,,
849,1,"Compute the minimum of prepaid expenses and other for QRK from September 30, 2025 to April 30, 2026 .","min(3626_prepaid_expenses_and_other_current_quarter_end, 3627_prepaid_expenses_and_other_prior_fy_end)","{""op"": ""min"", ""left"": {""leaf"": ""3626_prepaid_expenses_and_other_current_quarter_end"", ""depth"": 0}, ""right"": {""leaf"": ""3627_prepaid_expenses_and_other_prior_fy_end"", ""depth"": 0}, ""depth"": 1}","{""kind"": ""time_agg"", ""op"": ""min"", ""depth"": 0}",4210.0,2,0,1,262848634,555076427,918663111,0.477,0,1,2,3626_prepaid_expenses_and_other_current_quarter_end,prepaid_expenses_and_other,prepaid expenses and other,QRK,"April 30, 2026",M_USD,4210.0,3627_prepaid_expenses_and_other_prior_fy_end,prepaid_expenses_and_other,prepaid expenses and other,QRK,"September 30, 2025",M_USD,4454.0,,,,,,,,,,,,,,,,,,,,,,,,,,,,,,,,,,,,,,,,,,
850,1,"Provide the maximum of long term marketable securities for MRT from December 31, 2024 to April 30, 2025 .","max(1380_long_term_marketable_securities_current_quarter_end, 1381_long_term_marketable_securities_prior_fy_end)","{""op"": ""max"", ""left"": {""leaf"": ""1380_long_term_marketable_securities_current_quarter_end"", ""depth"": 0}, ""right"": {""leaf"": ""1381_long_term_marketable_securities_prior_fy_end"", ""depth"": 0}, ""depth"": 1}","{""kind"": ""time_agg"", ""op"": ""max"", ""depth"": 0}",4129.0,3,0,1,291080626,554215548,918663111,0.159,0,1,2,1380_long_term_marketable_securities_current_quarter_end,long_term_marketable_securities,long term marketable securities,MRT,"April 30, 2025",M_USD,4129.0,1381_long_term_marketable_securities_prior_fy_end,long_term_marketable_securities,long term marketable securities,MRT,"December 31, 2024",M_USD,3565.0,,,,,,,,,,,,,,,,,,,,,,,,,,,,,,,,,,,,,,,,,,
851,2,"compute the average total current liabilities for JTX from December 31, 2024 to April 30, 2025","ratio(sum(4216_total_current_liabilities_current_quarter_end, 4217_total_current_liabilities_prior_fy_end), 2.0)","{""op"": ""ratio"", ""left"": {""op"": ""sum"", ""left"": {""leaf"": ""4216_total_current_liabilities_current_quarter_end"", ""depth"": 0}, ""right"": {""leaf"": ""4217_total_current_liabilities_prior_fy_end"", ""depth"": 0}, ""depth"": 1}, ""right"": {""literal"": 2.0, ""depth"": 0}, ""depth"": 2}","{""kind"": ""time_agg"", ""op"": ""avg"", ""depth"": 0}",5369.0,3,0,2,502748141,334104165,918663111,0.236,0,1,2,4216_total_current_liabilities_current_quarter_end,total_current_liabilities,total current liabilities,JTX,"April 30, 2025",M_USD,5378.0,4217_total_current_liabilities_prior_fy_end,total_current_liabilities,total current liabilities,JTX,"December 31, 2024",M_USD,5360.0,,,,,,,,,,,,,,,,,,,,,,,,,,,,,,,,,,,,,,,,,,
852,0,"What is the value of the inventories for BNK in October 31, 2025",4712_inventories_current_quarter_end,"{""leaf"": ""4712_inventories_current_quarter_end"", ""depth"": 0}","{""kind"": ""leaf"", ""semantic_type_in"": [""amount""], ""depth"": 0}",51.0,4,0,0,203895312,45948475,918663111,0.179,0,1,1,4712_inventories_current_quarter_end,inventories,inventories,BNK,"October 31, 2025",M_USD,51.0,,,,,,,,,,,,,,,,,,,,,,,,,,,,,,,,,,,,,,,,,,,,,,,,,
853,1,"What do we obtain as the maximum of accounts payable for HLT from December 31, 2024 to July 31, 2025 ?","max(2443_accounts_payable_prior_fy_end, 2442_accounts_payable_current_quarter_end)","{""op"": ""max"", ""left"": {""leaf"": ""2443_accounts_payable_prior_fy_end"", ""depth"": 0}, ""right"": {""leaf"": ""2442_accounts_payable_current_quarter_end"", ""depth"": 0}, ""depth"": 1}","{""kind"": ""time_agg"", ""op"": ""max"", ""depth"": 0}",1567.0,3,0,1,39896434,4746997,918663111,0.401,0,1,2,2443_accounts_payable_prior_fy_end,accounts_payable,accounts payable,HLT,"December 31, 2024",M_USD,1356.0,2442_accounts_payable_current_quarter_end,accounts_payable,accounts payable,HLT,"July 31, 2025",M_USD,1567.0,,,,,,,,,,,,,,,,,,,,,,,,,,,,,,,,,,,,,,,,,,
854,2,"May you calculate the average operating income for TRD from Three Months Ended July 31, 2024 to Three Months Ended July 31, 2025?","ratio(sum(2279_operating_income_prior_year_quarter, 2278_operating_income_current_quarter), 2.0)","{""op"": ""ratio"", ""left"": {""op"": ""sum"", ""left"": {""leaf"": ""2279_operating_income_prior_year_quarter"", ""depth"": 0}, ""right"": {""leaf"": ""2278_operating_income_current_quarter"", ""depth"": 0}, ""depth"": 1}, ""right"": {""literal"": 2.0, ""depth"": 0}, ""depth"": 2}","{""kind"": ""time_agg"", ""op"": ""avg"", ""depth"": 0}",3671.0,3,0,2,434154704,827548075,918663111,0.218,0,1,2,2279_operating_income_prior_year_quarter,operating_income,operating income,TRD,"Three Months Ended July 31, 2024",M_USD,3770.0,2278_operating_income_current_quarter,operating_income,operating income,TRD,"Three Months Ended July 31, 2025",M_USD,3572.0,,,,,,,,,,,,,,,,,,,,,,,,,,,,,,,,,,,,,,,,,,
855,1,"could you give the maximum of property plant and equipment net for SUP from December 31, 2024 to July 31, 2025?","max(847_property_plant_and_equipment_net_prior_fy_end, 2688_property_plant_and_equipment_net_current_quarter_end)","{""op"": ""max"", ""left"": {""leaf"": ""847_property_plant_and_equipment_net_prior_fy_end"", ""depth"": 0}, ""right"": {""leaf"": ""2688_property_plant_and_equipment_net_current_quarter_end"", ""depth"": 0}, ""depth"": 1}","{""kind"": ""time_agg"", ""op"": ""max"", ""depth"": 0}",2936.0,3,0,1,597814692,362324920,918663111,0.577,0,1,2,847_property_plant_and_equipment_net_prior_fy_end,property_plant_and_equipment_net,property plant and equipment net,SUP,"December 31, 2024",M_USD,2936.0,2688_property_plant_and_equipment_net_current_quarter_end,property_plant_and_equipment_net,property plant and equipment net,SUP,"July 31, 2025",M_USD,2290.0,,,,,,,,,,,,,,,,,,,,,,,,,,,,,,,,,,,,,,,,,,
856,2,"give the minimum of property plant and equipment net for SUP from December 31, 2024 to July 31, 2025.","min(min(846_property_plant_and_equipment_net_current_quarter_end, 2689_property_plant_and_equipment_net_prior_fy_end), 2688_property_plant_and_equipment_net_current_quarter_end)","{""op"": ""min"", ""left"": {""op"": ""min"", ""left"": {""leaf"": ""846_property_plant_and_equipment_net_current_quarter_end"", ""depth"": 0}, ""right"": {""leaf"": ""2689_property_plant_and_equipment_net_prior_fy_end"", ""depth"": 0}, ""depth"": 1}, ""right"": {""leaf"": ""2688_property_plant_and_equipment_net_current_quarter_end"", ""depth"": 0}, ""depth"": 2}","{""kind"": ""time_agg"", ""op"": ""min"", ""depth"": 0}",2290.0,2,0,2,858871038,8078522,918663111,0.221,0,1,3,846_property_plant_and_equipment_net_current_quarter_end,property_plant_and_equipment_net,property plant and equipment net,SUP,"April 30, 2025",M_USD,3237.0,2689_property_plant_and_equipment_net_prior_fy_end,property_plant_and_equipment_net,property plant and equipment net,SUP,"December 31, 2024",M_USD,2436.0,2688_property_plant_and_equipment_net_current_quarter_end,property_plant_and_equipment_net,property plant and equipment net,SUP,"July 31, 2025",M_USD,2290.0,,,,,,,,,,,,,,,,,,,,,,,,,,,,,,,,,,,
857,4,"may you calculate the total current assets for TRD in April 30, 2025?",total_current_assets,"{""derived"": ""total_current_assets"", ""expanded"": {""op"": ""sum"", ""left"": {""op"": ""sum"", ""left"": {""op"": ""sum"", ""left"": {""op"": ""sum"", ""left"": {""leaf"": ""5402_cash_and_cash_equivalents_current_quarter_end"", ""depth"": 0}, ""right"": {""leaf"": ""5404_short_term_investments_current_quarter_end"", ""depth"": 0}, ""depth"": 1}, ""right"": {""leaf"": ""5406_accounts_receivable_net_current_quarter_end"", ""depth"": 0}, ""depth"": 2}, ""right"": {""leaf"": ""5408_inventories_current_quarter_end"", ""depth"": 0}, ""depth"": 3}, ""right"": {""leaf"": ""5410_prepaid_expenses_and_other_current_quarter_end"", ""depth"": 0}, ""depth"": 4}, ""depth"": 4}","{""kind"": ""derived_concept"", ""name"": ""total_current_assets"", ""depth"": 0}",14351.0,4,0,4,817203769,815988557,918663111,0.442,0,1,5,5402_cash_and_cash_equivalents_current_quarter_end,cash_and_cash_equivalents,cash and cash equivalents,TRD,"April 30, 2025",M_USD,1211.0,5404_short_term_investments_current_quarter_end,short_term_investments,short term investments,TRD,"April 30, 2025",M_USD,1176.0,5406_accounts_receivable_net_current_quarter_end,accounts_receivable_net,accounts receivable net,TRD,"April 30, 2025",M_USD,5243.0,5408_inventories_current_quarter_end,inventories,inventories,TRD,"April 30, 2025",M_USD,5677.0,5410_prepaid_expenses_and_other_current_quarter_end,prepaid_expenses_and_other,prepaid expenses and other,TRD,"April 30, 2025",M_USD,1044.0,,,,,,,,,,,,,,,,,,,,,
858,2,"Calculate the average gross profit for SUP from Six Months Ended July 31, 2024 to Six Months Ended July 31, 2025 .","ratio(sum(2637_gross_profit_prior_year_ytd, 2636_gross_profit_current_ytd), 2.0)","{""op"": ""ratio"", ""left"": {""op"": ""sum"", ""left"": {""leaf"": ""2637_gross_profit_prior_year_ytd"", ""depth"": 0}, ""right"": {""leaf"": ""2636_gross_profit_current_ytd"", ""depth"": 0}, ""depth"": 1}, ""right"": {""literal"": 2.0, ""depth"": 0}, ""depth"": 2}","{""kind"": ""time_agg"", ""op"": ""avg"", ""depth"": 0}",11850.0,4,0,2,442383991,219913138,918663111,0.564,0,1,2,2637_gross_profit_prior_year_ytd,gross_profit,gross profit,SUP,"Six Months Ended July 31, 2024",M_USD,12516.0,2636_gross_profit_current_ytd,gross_profit,gross profit,SUP,"Six Months Ended July 31, 2025",M_USD,11184.0,,,,,,,,,,,,,,,,,,,,,,,,,,,,,,,,,,,,,,,,,,
859,4,"determine the total current assets for PLZ in December 31, 2024 .",total_current_assets,"{""derived"": ""total_current_assets"", ""expanded"": {""op"": ""sum"", ""left"": {""op"": ""sum"", ""left"": {""op"": ""sum"", ""left"": {""op"": ""sum"", ""left"": {""leaf"": ""2091_cash_and_cash_equivalents_prior_fy_end"", ""depth"": 0}, ""right"": {""leaf"": ""2093_short_term_investments_prior_fy_end"", ""depth"": 0}, ""depth"": 1}, ""right"": {""leaf"": ""2095_accounts_receivable_net_prior_fy_end"", ""depth"": 0}, ""depth"": 2}, ""right"": {""leaf"": ""2097_inventories_prior_fy_end"", ""depth"": 0}, ""depth"": 3}, ""right"": {""leaf"": ""2099_prepaid_expenses_and_other_prior_fy_end"", ""depth"": 0}, ""depth"": 4}, ""depth"": 4}","{""kind"": ""derived_concept"", ""name"": ""total_current_assets"", ""depth"": 0}",35199.0,1,0,4,817461753,268198926,918663111,0.176,0,1,5,2091_cash_and_cash_equivalents_prior_fy_end,cash_and_cash_equivalents,cash and cash equivalents,PLZ,"December 31, 2024",M_USD,6326.0,2093_short_term_investments_prior_fy_end,short_term_investments,short term investments,PLZ,"December 31, 2024",M_USD,8455.0,2095_accounts_receivable_net_prior_fy_end,accounts_receivable_net,accounts receivable net,PLZ,"December 31, 2024",M_USD,7551.0,2097_inventories_prior_fy_end,inventories,inventories,PLZ,"December 31, 2024",M_USD,9691.0,2099_prepaid_expenses_and_other_prior_fy_end,prepaid_expenses_and_other,prepaid expenses and other,PLZ,"December 31, 2024",M_USD,3176.0,,,,,,,,,,,,,,,,,,,,,
860,1,"compute the minimum of accrued expenses and other for CRF from December 31, 2024 to October 31, 2025","min(1639_accrued_expenses_and_other_prior_fy_end, 1638_accrued_expenses_and_other_current_quarter_end)","{""op"": ""min"", ""left"": {""leaf"": ""1639_accrued_expenses_and_other_prior_fy_end"", ""depth"": 0}, ""right"": {""leaf"": ""1638_accrued_expenses_and_other_current_quarter_end"", ""depth"": 0}, ""depth"": 1}","{""kind"": ""time_agg"", ""op"": ""min"", ""depth"": 0}",986.0,3,0,1,30201781,760361248,918663111,0.435,0,1,2,1639_accrued_expenses_and_other_prior_fy_end,accrued_expenses_and_other,accrued expenses and other,CRF,"December 31, 2024",M_USD,1011.0,1638_accrued_expenses_and_other_current_quarter_end,accrued_expenses_and_other,accrued expenses and other,CRF,"October 31, 2025",M_USD,986.0,,,,,,,,,,,,,,,,,,,,,,,,,,,,,,,,,,,,,,,,,,
861,2,"What would be the average total non current assets for FIN from December 31, 2024 to April 30, 2025?","ratio(sum(4294_total_non_current_assets_current_quarter_end, 4295_total_non_current_assets_prior_fy_end), 2.0)","{""op"": ""ratio"", ""left"": {""op"": ""sum"", ""left"": {""leaf"": ""4294_total_non_current_assets_current_quarter_end"", ""depth"": 0}, ""right"": {""leaf"": ""4295_total_non_current_assets_prior_fy_end"", ""depth"": 0}, ""depth"": 1}, ""right"": {""literal"": 2.0, ""depth"": 0}, ""depth"": 2}","{""kind"": ""time_agg"", ""op"": ""avg"", ""depth"": 0}",4184.0,2,0,2,591834962,441784642,918663111,0.308,0,1,2,4294_total_non_current_assets_current_quarter_end,total_non_current_assets,total non current assets,FIN,"April 30, 2025",M_USD,4425.0,4295_total_non_current_assets_prior_fy_end,total_non_current_assets,total non current assets,FIN,"December 31, 2024",M_USD,3943.0,,,,,,,,,,,,,,,,,,,,,,,,,,,,,,,,,,,,,,,,,,
862,1,"what is the value of the minimum of inventories for CIV from December 31, 2024 to October 31, 2025 ?","min(3033_inventories_prior_fy_end, 3032_inventories_current_quarter_end)","{""op"": ""min"", ""left"": {""leaf"": ""3033_inventories_prior_fy_end"", ""depth"": 0}, ""right"": {""leaf"": ""3032_inventories_current_quarter_end"", ""depth"": 0}, ""depth"": 1}","{""kind"": ""time_agg"", ""op"": ""min"", ""depth"": 0}",205.0,4,0,1,47392891,986433746,918663111,0.303,0,1,2,3033_inventories_prior_fy_end,inventories,inventories,CIV,"December 31, 2024",M_USD,205.0,3032_inventories_current_quarter_end,inventories,inventories,CIV,"October 31, 2025",M_USD,219.0,,,,,,,,,,,,,,,,,,,,,,,,,,,,,,,,,,,,,,,,,,
863,1,"may you calculate the minimum of provision for income taxes for VRX from Six Months Ended July 31, 2024 to Six Months Ended July 31, 2025","min(3125_provision_for_income_taxes_prior_year_ytd, 3124_provision_for_income_taxes_current_ytd)","{""op"": ""min"", ""left"": {""leaf"": ""3125_provision_for_income_taxes_prior_year_ytd"", ""depth"": 0}, ""right"": {""leaf"": ""3124_provision_for_income_taxes_current_ytd"", ""depth"": 0}, ""depth"": 1}","{""kind"": ""time_agg"", ""op"": ""min"", ""depth"": 0}",386.0,1,0,1,808577593,678807807,918663111,0.528,0,1,2,3125_provision_for_income_taxes_prior_year_ytd,provision_for_income_taxes,provision for income taxes,VRX,"Six Months Ended July 31, 2024",M_USD,386.0,3124_provision_for_income_taxes_current_ytd,provision_for_income_taxes,provision for income taxes,VRX,"Six Months Ended July 31, 2025",M_USD,430.0,,,,,,,,,,,,,,,,,,,,,,,,,,,,,,,,,,,,,,,,,,
864,2,"may you give the average accrued expenses and other for BNK from December 31, 2024 to October 31, 2025?","ratio(sum(4735_accrued_expenses_and_other_prior_fy_end, 4734_accrued_expenses_and_other_current_quarter_end), 2.0)","{""op"": ""ratio"", ""left"": {""op"": ""sum"", ""left"": {""leaf"": ""4735_accrued_expenses_and_other_prior_fy_end"", ""depth"": 0}, ""right"": {""leaf"": ""4734_accrued_expenses_and_other_current_quarter_end"", ""depth"": 0}, ""depth"": 1}, ""right"": {""literal"": 2.0, ""depth"": 0}, ""depth"": 2}","{""kind"": ""time_agg"", ""op"": ""avg"", ""depth"": 0}",584.5,1,0,2,580778282,991385969,918663111,0.417,0,1,2,4735_accrued_expenses_and_other_prior_fy_end,accrued_expenses_and_other,accrued expenses and other,BNK,"December 31, 2024",M_USD,538.0,4734_accrued_expenses_and_other_current_quarter_end,accrued_expenses_and_other,accrued expenses and other,BNK,"October 31, 2025",M_USD,631.0,,,,,,,,,,,,,,,,,,,,,,,,,,,,,,,,,,,,,,,,,,
865,1,"May you calculate the minimum of total revenues for TRD from Three Months Ended July 31, 2024 to Three Months Ended July 31, 2025?","min(2255_total_revenues_prior_year_quarter, 2254_total_revenues_current_quarter)","{""op"": ""min"", ""left"": {""leaf"": ""2255_total_revenues_prior_year_quarter"", ""depth"": 0}, ""right"": {""leaf"": ""2254_total_revenues_current_quarter"", ""depth"": 0}, ""depth"": 1}","{""kind"": ""time_agg"", ""op"": ""min"", ""depth"": 0}",72354.0,2,0,1,23378491,360981997,918663111,0.42,0,1,2,2255_total_revenues_prior_year_quarter,total_revenues,total revenues,TRD,"Three Months Ended July 31, 2024",M_USD,76385.0,2254_total_revenues_current_quarter,total_revenues,total revenues,TRD,"Three Months Ended July 31, 2025",M_USD,72354.0,,,,,,,,,,,,,,,,,,,,,,,,,,,,,,,,,,,,,,,,,,
866,0,"Calculate the other non current assets for JTX in December 31, 2024",4203_other_non_current_assets_prior_fy_end,"{""leaf"": ""4203_other_non_current_assets_prior_fy_end"", ""depth"": 0}","{""kind"": ""leaf"", ""semantic_type_in"": [""amount""], ""depth"": 0}",290.0,2,0,0,398813347,714776715,918663111,0.22,0,1,1,4203_other_non_current_assets_prior_fy_end,other_non_current_assets,other non current assets,JTX,"December 31, 2024",M_USD,290.0,,,,,,,,,,,,,,,,,,,,,,,,,,,,,,,,,,,,,,,,,,,,,,,,,
867,1,"determine the minimum of total liabilities for GRD from December 31, 2024 to July 31, 2025","min(313_total_liabilities_prior_fy_end, 312_total_liabilities_current_quarter_end)","{""op"": ""min"", ""left"": {""leaf"": ""313_total_liabilities_prior_fy_end"", ""depth"": 0}, ""right"": {""leaf"": ""312_total_liabilities_current_quarter_end"", ""depth"": 0}, ""depth"": 1}","{""kind"": ""time_agg"", ""op"": ""min"", ""depth"": 0}",9865.0,1,0,1,24959934,819578505,918663111,0.289,0,1,2,313_total_liabilities_prior_fy_end,total_liabilities,total liabilities,GRD,"December 31, 2024",M_USD,10644.0,312_total_liabilities_current_quarter_end,total_liabilities,total liabilities,GRD,"July 31, 2025",M_USD,9865.0,,,,,,,,,,,,,,,,,,,,,,,,,,,,,,,,,,,,,,,,,,
868,3,"May you calculate the average short term investments for TRD from December 31, 2024 to July 31, 2025?","ratio(sum(sum(5404_short_term_investments_current_quarter_end, 5405_short_term_investments_prior_fy_end), 2304_short_term_investments_current_quarter_end), 3.0)","{""op"": ""ratio"", ""left"": {""op"": ""sum"", ""left"": {""op"": ""sum"", ""left"": {""leaf"": ""5404_short_term_investments_current_quarter_end"", ""depth"": 0}, ""right"": {""leaf"": ""5405_short_term_investments_prior_fy_end"", ""depth"": 0}, ""depth"": 1}, ""right"": {""leaf"": ""2304_short_term_investments_current_quarter_end"", ""depth"": 0}, ""depth"": 2}, ""right"": {""literal"": 3.0, ""depth"": 0}, ""depth"": 3}","{""kind"": ""time_agg"", ""op"": ""avg"", ""depth"": 0}",1308.0,4,0,3,780980649,729205235,918663111,0.3,0,1,3,5404_short_term_investments_current_quarter_end,short_term_investments,short term investments,TRD,"April 30, 2025",M_USD,1176.0,5405_short_term_investments_prior_fy_end,short_term_investments,short term investments,TRD,"December 31, 2024",M_USD,1090.0,2304_short_term_investments_current_quarter_end,short_term_investments,short term investments,TRD,"July 31, 2025",M_USD,1658.0,,,,,,,,,,,,,,,,,,,,,,,,,,,,,,,,,,,
869,1,"provide the maximum of net income for TRU from Three Months Ended July 31, 2024 to Three Months Ended July 31, 2025","max(609_net_income_prior_year_quarter, 608_net_income_current_quarter)","{""op"": ""max"", ""left"": {""leaf"": ""609_net_income_prior_year_quarter"", ""depth"": 0}, ""right"": {""leaf"": ""608_net_income_current_quarter"", ""depth"": 0}, ""depth"": 1}","{""kind"": ""time_agg"", ""op"": ""max"", ""depth"": 0}",2746.0,4,0,1,168244219,548784875,918663111,0.374,0,1,2,609_net_income_prior_year_quarter,net_income,net income,TRU,"Three Months Ended July 31, 2024",M_USD,2401.0,608_net_income_current_quarter,net_income,net income,TRU,"Three Months Ended July 31, 2025",M_USD,2746.0,,,,,,,,,,,,,,,,,,,,,,,,,,,,,,,,,,,,,,,,,,
870,2,"What does the following give: average total current liabilities for MDI from December 31, 2024 to October 31, 2025?","ratio(sum(5659_total_current_liabilities_prior_fy_end, 5658_total_current_liabilities_current_quarter_end), 2.0)","{""op"": ""ratio"", ""left"": {""op"": ""sum"", ""left"": {""leaf"": ""5659_total_current_liabilities_prior_fy_end"", ""depth"": 0}, ""right"": {""leaf"": ""5658_total_current_liabilities_current_quarter_end"", ""depth"": 0}, ""depth"": 1}, ""right"": {""literal"": 2.0, ""depth"": 0}, ""depth"": 2}","{""kind"": ""time_agg"", ""op"": ""avg"", ""depth"": 0}",8037.5,1,0,2,923939321,419991792,918663111,0.163,0,1,2,5659_total_current_liabilities_prior_fy_end,total_current_liabilities,total current liabilities,MDI,"December 31, 2024",M_USD,8102.0,5658_total_current_liabilities_current_quarter_end,total_current_liabilities,total current liabilities,MDI,"October 31, 2025",M_USD,7973.0,,,,,,,,,,,,,,,,,,,,,,,,,,,,,,,,,,,,,,,,,,
871,1,"Evaluate the minimum of accounts payable for STR from December 31, 2024 to July 31, 2025.","min(3515_accounts_payable_prior_fy_end, 3514_accounts_payable_current_quarter_end)","{""op"": ""min"", ""left"": {""leaf"": ""3515_accounts_payable_prior_fy_end"", ""depth"": 0}, ""right"": {""leaf"": ""3514_accounts_payable_current_quarter_end"", ""depth"": 0}, ""depth"": 1}","{""kind"": ""time_agg"", ""op"": ""min"", ""depth"": 0}",2793.0,3,0,1,295553793,833929784,918663111,0.253,0,1,2,3515_accounts_payable_prior_fy_end,accounts_payable,accounts payable,STR,"December 31, 2024",M_USD,2859.0,3514_accounts_payable_current_quarter_end,accounts_payable,accounts payable,STR,"July 31, 2025",M_USD,2793.0,,,,,,,,,,,,,,,,,,,,,,,,,,,,,,,,,,,,,,,,,,
872,2,"what do we obtain as the average accrued expenses and other for INF from December 31, 2024 to July 31, 2025?","ratio(sum(3871_accrued_expenses_and_other_prior_fy_end, 3870_accrued_expenses_and_other_current_quarter_end), 2.0)","{""op"": ""ratio"", ""left"": {""op"": ""sum"", ""left"": {""leaf"": ""3871_accrued_expenses_and_other_prior_fy_end"", ""depth"": 0}, ""right"": {""leaf"": ""3870_accrued_expenses_and_other_current_quarter_end"", ""depth"": 0}, ""depth"": 1}, ""right"": {""literal"": 2.0, ""depth"": 0}, ""depth"": 2}","{""kind"": ""time_agg"", ""op"": ""avg"", ""depth"": 0}",1064.5,1,0,2,360343445,86217117,918663111,0.284,0,1,2,3871_accrued_expenses_and_other_prior_fy_end,accrued_expenses_and_other,accrued expenses and other,INF,"December 31, 2024",M_USD,1064.0,3870_accrued_expenses_and_other_current_quarter_end,accrued_expenses_and_other,accrued expenses and other,INF,"July 31, 2025",M_USD,1065.0,,,,,,,,,,,,,,,,,,,,,,,,,,,,,,,,,,,,,,,,,,
873,1,"May you give the minimum of cost of sales for VTL from Six Months Ended July 31, 2024 to Six Months Ended July 31, 2025?","min(4041_cost_of_sales_prior_year_ytd, 4040_cost_of_sales_current_ytd)","{""op"": ""min"", ""left"": {""leaf"": ""4041_cost_of_sales_prior_year_ytd"", ""depth"": 0}, ""right"": {""leaf"": ""4040_cost_of_sales_current_ytd"", ""depth"": 0}, ""depth"": 1}","{""kind"": ""time_agg"", ""op"": ""min"", ""depth"": 0}",18696.0,3,0,1,184629160,487366730,918663111,0.174,0,1,2,4041_cost_of_sales_prior_year_ytd,cost_of_sales,cost of sales,VTL,"Six Months Ended July 31, 2024",M_USD,19084.0,4040_cost_of_sales_current_ytd,cost_of_sales,cost of sales,VTL,"Six Months Ended July 31, 2025",M_USD,18696.0,,,,,,,,,,,,,,,,,,,,,,,,,,,,,,,,,,,,,,,,,,
874,1,"what is the minimum of total current liabilities for AST from December 31, 2024 to July 31, 2025 ?","min(4855_total_current_liabilities_prior_fy_end, 4854_total_current_liabilities_current_quarter_end)","{""op"": ""min"", ""left"": {""leaf"": ""4855_total_current_liabilities_prior_fy_end"", ""depth"": 0}, ""right"": {""leaf"": ""4854_total_current_liabilities_current_quarter_end"", ""depth"": 0}, ""depth"": 1}","{""kind"": ""time_agg"", ""op"": ""min"", ""depth"": 0}",5674.0,2,0,1,284622968,983900656,918663111,0.166,0,1,2,4855_total_current_liabilities_prior_fy_end,total_current_liabilities,total current liabilities,AST,"December 31, 2024",M_USD,5674.0,4854_total_current_liabilities_current_quarter_end,total_current_liabilities,total current liabilities,AST,"July 31, 2025",M_USD,5710.0,,,,,,,,,,,,,,,,,,,,,,,,,,,,,,,,,,,,,,,,,,
875,2,"State the average accrued expenses and other for MTX from December 31, 2024 to October 31, 2025 .","ratio(sum(5543_accrued_expenses_and_other_prior_fy_end, 5542_accrued_expenses_and_other_current_quarter_end), 2.0)","{""op"": ""ratio"", ""left"": {""op"": ""sum"", ""left"": {""leaf"": ""5543_accrued_expenses_and_other_prior_fy_end"", ""depth"": 0}, ""right"": {""leaf"": ""5542_accrued_expenses_and_other_current_quarter_end"", ""depth"": 0}, ""depth"": 1}, ""right"": {""literal"": 2.0, ""depth"": 0}, ""depth"": 2}","{""kind"": ""time_agg"", ""op"": ""avg"", ""depth"": 0}",1887.5,2,0,2,568654271,404804900,918663111,0.112,0,1,2,5543_accrued_expenses_and_other_prior_fy_end,accrued_expenses_and_other,accrued expenses and other,MTX,"December 31, 2024",M_USD,1748.0,5542_accrued_expenses_and_other_current_quarter_end,accrued_expenses_and_other,accrued expenses and other,MTX,"October 31, 2025",M_USD,2027.0,,,,,,,,,,,,,,,,,,,,,,,,,,,,,,,,,,,,,,,,,,
876,2,"What is the value of the average operating income for BNK from Three Months Ended October 31, 2024 to Three Months Ended October 31, 2025 ?","ratio(sum(4683_operating_income_prior_year_quarter, 4682_operating_income_current_quarter), 2.0)","{""op"": ""ratio"", ""left"": {""op"": ""sum"", ""left"": {""leaf"": ""4683_operating_income_prior_year_quarter"", ""depth"": 0}, ""right"": {""leaf"": ""4682_operating_income_current_quarter"", ""depth"": 0}, ""depth"": 1}, ""right"": {""literal"": 2.0, ""depth"": 0}, ""depth"": 2}","{""kind"": ""time_agg"", ""op"": ""avg"", ""depth"": 0}",2513.5,2,0,2,804089107,691052098,918663111,0.168,0,1,2,4683_operating_income_prior_year_quarter,operating_income,operating income,BNK,"Three Months Ended October 31, 2024",M_USD,2374.0,4682_operating_income_current_quarter,operating_income,operating income,BNK,"Three Months Ended October 31, 2025",M_USD,2653.0,,,,,,,,,,,,,,,,,,,,,,,,,,,,,,,,,,,,,,,,,,
877,1,"could you give the minimum of research and development for TPH from Nine Months Ended October 31, 2024 to Nine Months Ended October 31, 2025?","min(2753_research_and_development_prior_year_ytd, 2752_research_and_development_current_ytd)","{""op"": ""min"", ""left"": {""leaf"": ""2753_research_and_development_prior_year_ytd"", ""depth"": 0}, ""right"": {""leaf"": ""2752_research_and_development_current_ytd"", ""depth"": 0}, ""depth"": 1}","{""kind"": ""time_agg"", ""op"": ""min"", ""depth"": 0}",11901.0,4,0,1,589970255,368314422,918663111,0.154,0,1,2,2753_research_and_development_prior_year_ytd,research_and_development,research and development,TPH,"Nine Months Ended October 31, 2024",M_USD,12147.0,2752_research_and_development_current_ytd,research_and_development,research and development,TPH,"Nine Months Ended October 31, 2025",M_USD,11901.0,,,,,,,,,,,,,,,,,,,,,,,,,,,,,,,,,,,,,,,,,,
878,1,"provide the maximum of long term marketable securities for TRU from December 31, 2024 to July 31, 2025 .","max(1169_long_term_marketable_securities_prior_fy_end, 748_long_term_marketable_securities_current_quarter_end)","{""op"": ""max"", ""left"": {""leaf"": ""1169_long_term_marketable_securities_prior_fy_end"", ""depth"": 0}, ""right"": {""leaf"": ""748_long_term_marketable_securities_current_quarter_end"", ""depth"": 0}, ""depth"": 1}","{""kind"": ""time_agg"", ""op"": ""max"", ""depth"": 0}",15727.0,1,0,1,940374135,22317006,918663111,0.31,0,1,2,1169_long_term_marketable_securities_prior_fy_end,long_term_marketable_securities,long term marketable securities,TRU,"December 31, 2024",M_USD,5110.0,748_long_term_marketable_securities_current_quarter_end,long_term_marketable_securities,long term marketable securities,TRU,"July 31, 2025",M_USD,15727.0,,,,,,,,,,,,,,,,,,,,,,,,,,,,,,,,,,,,,,,,,,
879,1,"could you give the minimum of total costs and expenses for STR from Six Months Ended July 31, 2024 to Six Months Ended July 31, 2025 ?","min(3465_total_costs_and_expenses_prior_year_ytd, 3464_total_costs_and_expenses_current_ytd)","{""op"": ""min"", ""left"": {""leaf"": ""3465_total_costs_and_expenses_prior_year_ytd"", ""depth"": 0}, ""right"": {""leaf"": ""3464_total_costs_and_expenses_current_ytd"", ""depth"": 0}, ""depth"": 1}","{""kind"": ""time_agg"", ""op"": ""min"", ""depth"": 0}",19040.0,1,0,1,714696775,259968657,918663111,0.177,0,1,2,3465_total_costs_and_expenses_prior_year_ytd,total_costs_and_expenses,total costs and expenses,STR,"Six Months Ended July 31, 2024",M_USD,19040.0,3464_total_costs_and_expenses_current_ytd,total_costs_and_expenses,total costs and expenses,STR,"Six Months Ended July 31, 2025",M_USD,20908.0,,,,,,,,,,,,,,,,,,,,,,,,,,,,,,,,,,,,,,,,,,
880,1,"What does the following give: maximum of goodwill for MDI from December 31, 2024 to October 31, 2025?","max(5643_goodwill_prior_fy_end, 5642_goodwill_current_quarter_end)","{""op"": ""max"", ""left"": {""leaf"": ""5643_goodwill_prior_fy_end"", ""depth"": 0}, ""right"": {""leaf"": ""5642_goodwill_current_quarter_end"", ""depth"": 0}, ""depth"": 1}","{""kind"": ""time_agg"", ""op"": ""max"", ""depth"": 0}",2031.0,3,0,1,444805316,702282547,918663111,0.115,0,1,2,5643_goodwill_prior_fy_end,goodwill,goodwill,MDI,"December 31, 2024",M_USD,2031.0,5642_goodwill_current_quarter_end,goodwill,goodwill,MDI,"October 31, 2025",M_USD,1999.0,,,,,,,,,,,,,,,,,,,,,,,,,,,,,,,,,,,,,,,,,,
881,2,"give the average total liabilities for FAB from December 31, 2024 to July 31, 2025.","ratio(sum(4011_total_liabilities_prior_fy_end, 4010_total_liabilities_current_quarter_end), 2.0)","{""op"": ""ratio"", ""left"": {""op"": ""sum"", ""left"": {""leaf"": ""4011_total_liabilities_prior_fy_end"", ""depth"": 0}, ""right"": {""leaf"": ""4010_total_liabilities_current_quarter_end"", ""depth"": 0}, ""depth"": 1}, ""right"": {""literal"": 2.0, ""depth"": 0}, ""depth"": 2}","{""kind"": ""time_agg"", ""op"": ""avg"", ""depth"": 0}",26798.0,3,0,2,250249174,805246667,918663111,0.581,0,1,2,4011_total_liabilities_prior_fy_end,total_liabilities,total liabilities,FAB,"December 31, 2024",M_USD,26999.0,4010_total_liabilities_current_quarter_end,total_liabilities,total liabilities,FAB,"July 31, 2025",M_USD,26597.0,,,,,,,,,,,,,,,,,,,,,,,,,,,,,,,,,,,,,,,,,,
882,2,"what do we obtain as the average long term marketable securities for HLT from December 31, 2024 to July 31, 2025","ratio(sum(3279_long_term_marketable_securities_prior_fy_end, 2430_long_term_marketable_securities_current_quarter_end), 2.0)","{""op"": ""ratio"", ""left"": {""op"": ""sum"", ""left"": {""leaf"": ""3279_long_term_marketable_securities_prior_fy_end"", ""depth"": 0}, ""right"": {""leaf"": ""2430_long_term_marketable_securities_current_quarter_end"", ""depth"": 0}, ""depth"": 1}, ""right"": {""literal"": 2.0, ""depth"": 0}, ""depth"": 2}","{""kind"": ""time_agg"", ""op"": ""avg"", ""depth"": 0}",1505.5,1,0,2,263961237,3242936,918663111,0.507,0,1,2,3279_long_term_marketable_securities_prior_fy_end,long_term_marketable_securities,long term marketable securities,HLT,"December 31, 2024",M_USD,1532.0,2430_long_term_marketable_securities_current_quarter_end,long_term_marketable_securities,long term marketable securities,HLT,"July 31, 2025",M_USD,1479.0,,,,,,,,,,,,,,,,,,,,,,,,,,,,,,,,,,,,,,,,,,
883,1,"Provide the minimum of property plant and equipment net for CRX from December 31, 2024 to January 31, 2026.","min(5201_property_plant_and_equipment_net_prior_fy_end, 4604_property_plant_and_equipment_net_current_quarter_end)","{""op"": ""min"", ""left"": {""leaf"": ""5201_property_plant_and_equipment_net_prior_fy_end"", ""depth"": 0}, ""right"": {""leaf"": ""4604_property_plant_and_equipment_net_current_quarter_end"", ""depth"": 0}, ""depth"": 1}","{""kind"": ""time_agg"", ""op"": ""min"", ""depth"": 0}",2357.0,1,0,1,569926914,731061596,918663111,0.407,0,1,2,5201_property_plant_and_equipment_net_prior_fy_end,property_plant_and_equipment_net,property plant and equipment net,CRX,"December 31, 2024",M_USD,2357.0,4604_property_plant_and_equipment_net_current_quarter_end,property_plant_and_equipment_net,property plant and equipment net,CRX,"January 31, 2026",M_USD,4557.0,,,,,,,,,,,,,,,,,,,,,,,,,,,,,,,,,,,,,,,,,,
884,1,"determine the minimum of research and development for VTL from Three Months Ended July 31, 2024 to Three Months Ended July 31, 2025 .","min(4047_research_and_development_prior_year_quarter, 4046_research_and_development_current_quarter)","{""op"": ""min"", ""left"": {""leaf"": ""4047_research_and_development_prior_year_quarter"", ""depth"": 0}, ""right"": {""leaf"": ""4046_research_and_development_current_quarter"", ""depth"": 0}, ""depth"": 1}","{""kind"": ""time_agg"", ""op"": ""min"", ""depth"": 0}",1062.0,2,0,1,809647053,86578045,918663111,0.363,0,1,2,4047_research_and_development_prior_year_quarter,research_and_development,research and development,VTL,"Three Months Ended July 31, 2024",M_USD,1084.0,4046_research_and_development_current_quarter,research_and_development,research and development,VTL,"Three Months Ended July 31, 2025",M_USD,1062.0,,,,,,,,,,,,,,,,,,,,,,,,,,,,,,,,,,,,,,,,,,
885,1,"Calculate the maximum of short term investments for FAB from December 31, 2024 to July 31, 2025 .","max(3973_short_term_investments_prior_fy_end, 3972_short_term_investments_current_quarter_end)","{""op"": ""max"", ""left"": {""leaf"": ""3973_short_term_investments_prior_fy_end"", ""depth"": 0}, ""right"": {""leaf"": ""3972_short_term_investments_current_quarter_end"", ""depth"": 0}, ""depth"": 1}","{""kind"": ""time_agg"", ""op"": ""max"", ""depth"": 0}",2385.0,2,0,1,889116562,862811265,918663111,0.138,0,1,2,3973_short_term_investments_prior_fy_end,short_term_investments,short term investments,FAB,"December 31, 2024",M_USD,2385.0,3972_short_term_investments_current_quarter_end,short_term_investments,short term investments,FAB,"July 31, 2025",M_USD,2349.0,,,,,,,,,,,,,,,,,,,,,,,,,,,,,,,,,,,,,,,,,,
886,2,"Which value corresponds to the average gross profit for MED from Three Months Ended July 31, 2024 to Three Months Ended July 31, 2025?","ratio(sum(1683_gross_profit_prior_year_quarter, 1682_gross_profit_current_quarter), 2.0)","{""op"": ""ratio"", ""left"": {""op"": ""sum"", ""left"": {""leaf"": ""1683_gross_profit_prior_year_quarter"", ""depth"": 0}, ""right"": {""leaf"": ""1682_gross_profit_current_quarter"", ""depth"": 0}, ""depth"": 1}, ""right"": {""literal"": 2.0, ""depth"": 0}, ""depth"": 2}","{""kind"": ""time_agg"", ""op"": ""avg"", ""depth"": 0}",8364.5,3,0,2,72908195,348398981,918663111,0.287,0,1,2,1683_gross_profit_prior_year_quarter,gross_profit,gross profit,MED,"Three Months Ended July 31, 2024",M_USD,8071.0,1682_gross_profit_current_quarter,gross_profit,gross profit,MED,"Three Months Ended July 31, 2025",M_USD,8658.0,,,,,,,,,,,,,,,,,,,,,,,,,,,,,,,,,,,,,,,,,,
887,1,"May you calculate the minimum of provision for income taxes for VRX from Six Months Ended July 31, 2024 to Six Months Ended July 31, 2025 ?","min(3125_provision_for_income_taxes_prior_year_ytd, 3124_provision_for_income_taxes_current_ytd)","{""op"": ""min"", ""left"": {""leaf"": ""3125_provision_for_income_taxes_prior_year_ytd"", ""depth"": 0}, ""right"": {""leaf"": ""3124_provision_for_income_taxes_current_ytd"", ""depth"": 0}, ""depth"": 1}","{""kind"": ""time_agg"", ""op"": ""min"", ""depth"": 0}",386.0,1,0,1,584234395,342871551,918663111,0.456,0,1,2,3125_provision_for_income_taxes_prior_year_ytd,provision_for_income_taxes,provision for income taxes,VRX,"Six Months Ended July 31, 2024",M_USD,386.0,3124_provision_for_income_taxes_current_ytd,provision_for_income_taxes,provision for income taxes,VRX,"Six Months Ended July 31, 2025",M_USD,430.0,,,,,,,,,,,,,,,,,,,,,,,,,,,,,,,,,,,,,,,,,,
888,1,"What would be the maximum of gross profit for GRD from Six Months Ended July 31, 2024 to Six Months Ended July 31, 2025 ?","max(235_gross_profit_prior_year_ytd, 234_gross_profit_current_ytd)","{""op"": ""max"", ""left"": {""leaf"": ""235_gross_profit_prior_year_ytd"", ""depth"": 0}, ""right"": {""leaf"": ""234_gross_profit_current_ytd"", ""depth"": 0}, ""depth"": 1}","{""kind"": ""time_agg"", ""op"": ""max"", ""depth"": 0}",6494.0,4,0,1,129841342,140767813,918663111,0.222,0,1,2,235_gross_profit_prior_year_ytd,gross_profit,gross profit,GRD,"Six Months Ended July 31, 2024",M_USD,6494.0,234_gross_profit_current_ytd,gross_profit,gross profit,GRD,"Six Months Ended July 31, 2025",M_USD,5642.0,,,,,,,,,,,,,,,,,,,,,,,,,,,,,,,,,,,,,,,,,,
889,2,"provide the maximum of total current liabilities for HLT from December 31, 2024 to October 31, 2025.","max(max(1515_total_current_liabilities_prior_fy_end, 1514_total_current_liabilities_current_quarter_end), 528_total_current_liabilities_current_quarter_end)","{""op"": ""max"", ""left"": {""op"": ""max"", ""left"": {""leaf"": ""1515_total_current_liabilities_prior_fy_end"", ""depth"": 0}, ""right"": {""leaf"": ""1514_total_current_liabilities_current_quarter_end"", ""depth"": 0}, ""depth"": 1}, ""right"": {""leaf"": ""528_total_current_liabilities_current_quarter_end"", ""depth"": 0}, ""depth"": 2}","{""kind"": ""time_agg"", ""op"": ""max"", ""depth"": 0}",5608.0,1,0,2,955453092,818709277,918663111,0.443,0,1,3,1515_total_current_liabilities_prior_fy_end,total_current_liabilities,total current liabilities,HLT,"December 31, 2024",M_USD,3033.0,1514_total_current_liabilities_current_quarter_end,total_current_liabilities,total current liabilities,HLT,"July 31, 2025",M_USD,3040.0,528_total_current_liabilities_current_quarter_end,total_current_liabilities,total current liabilities,HLT,"October 31, 2025",M_USD,5608.0,,,,,,,,,,,,,,,,,,,,,,,,,,,,,,,,,,,
890,1,"Give the maximum of provision for income taxes for MRT from Three Months Ended April 30, 2024 to Three Months Ended April 30, 2025 .","max(1361_provision_for_income_taxes_prior_year_quarter, 1360_provision_for_income_taxes_current_quarter)","{""op"": ""max"", ""left"": {""leaf"": ""1361_provision_for_income_taxes_prior_year_quarter"", ""depth"": 0}, ""right"": {""leaf"": ""1360_provision_for_income_taxes_current_quarter"", ""depth"": 0}, ""depth"": 1}","{""kind"": ""time_agg"", ""op"": ""max"", ""depth"": 0}",444.0,4,0,1,404377669,486130375,918663111,0.348,0,1,2,1361_provision_for_income_taxes_prior_year_quarter,provision_for_income_taxes,provision for income taxes,MRT,"Three Months Ended April 30, 2024",M_USD,444.0,1360_provision_for_income_taxes_current_quarter,provision_for_income_taxes,provision for income taxes,MRT,"Three Months Ended April 30, 2025",M_USD,388.0,,,,,,,,,,,,,,,,,,,,,,,,,,,,,,,,,,,,,,,,,,
891,3,"compute the minimum of prepaid expenses and other for CRX from December 31, 2024 to January 31, 2026","min(min(min(5195_prepaid_expenses_and_other_prior_fy_end, 4598_prepaid_expenses_and_other_current_quarter_end), 5194_prepaid_expenses_and_other_current_quarter_end), 4599_prepaid_expenses_and_other_prior_fy_end)","{""op"": ""min"", ""left"": {""op"": ""min"", ""left"": {""op"": ""min"", ""left"": {""leaf"": ""5195_prepaid_expenses_and_other_prior_fy_end"", ""depth"": 0}, ""right"": {""leaf"": ""4598_prepaid_expenses_and_other_current_quarter_end"", ""depth"": 0}, ""depth"": 1}, ""right"": {""leaf"": ""5194_prepaid_expenses_and_other_current_quarter_end"", ""depth"": 0}, ""depth"": 2}, ""right"": {""leaf"": ""4599_prepaid_expenses_and_other_prior_fy_end"", ""depth"": 0}, ""depth"": 3}","{""kind"": ""time_agg"", ""op"": ""min"", ""depth"": 0}",507.0,4,0,3,734198151,129599279,918663111,0.124,0,1,4,5195_prepaid_expenses_and_other_prior_fy_end,prepaid_expenses_and_other,prepaid expenses and other,CRX,"December 31, 2024",M_USD,507.0,4598_prepaid_expenses_and_other_current_quarter_end,prepaid_expenses_and_other,prepaid expenses and other,CRX,"January 31, 2026",M_USD,1617.0,5194_prepaid_expenses_and_other_current_quarter_end,prepaid_expenses_and_other,prepaid expenses and other,CRX,"October 31, 2025",M_USD,528.0,4599_prepaid_expenses_and_other_prior_fy_end,prepaid_expenses_and_other,prepaid expenses and other,CRX,"September 30, 2025",M_USD,1384.0,,,,,,,,,,,,,,,,,,,,,,,,,,,,
892,2,"which value corresponds to the maximum of total current liabilities for MED from December 31, 2024 to October 31, 2025 ?","max(max(1065_total_current_liabilities_prior_fy_end, 1754_total_current_liabilities_current_quarter_end), 1064_total_current_liabilities_current_quarter_end)","{""op"": ""max"", ""left"": {""op"": ""max"", ""left"": {""leaf"": ""1065_total_current_liabilities_prior_fy_end"", ""depth"": 0}, ""right"": {""leaf"": ""1754_total_current_liabilities_current_quarter_end"", ""depth"": 0}, ""depth"": 1}, ""right"": {""leaf"": ""1064_total_current_liabilities_current_quarter_end"", ""depth"": 0}, ""depth"": 2}","{""kind"": ""time_agg"", ""op"": ""max"", ""depth"": 0}",5024.0,1,0,2,685244103,492321809,918663111,0.41,0,1,3,1065_total_current_liabilities_prior_fy_end,total_current_liabilities,total current liabilities,MED,"December 31, 2024",M_USD,3577.0,1754_total_current_liabilities_current_quarter_end,total_current_liabilities,total current liabilities,MED,"July 31, 2025",M_USD,5024.0,1064_total_current_liabilities_current_quarter_end,total_current_liabilities,total current liabilities,MED,"October 31, 2025",M_USD,3840.0,,,,,,,,,,,,,,,,,,,,,,,,,,,,,,,,,,,
893,2,"Calculate the average research and development for MTX from Nine Months Ended October 31, 2024 to Nine Months Ended October 31, 2025 .","ratio(sum(5481_research_and_development_prior_year_ytd, 5480_research_and_development_current_ytd), 2.0)","{""op"": ""ratio"", ""left"": {""op"": ""sum"", ""left"": {""leaf"": ""5481_research_and_development_prior_year_ytd"", ""depth"": 0}, ""right"": {""leaf"": ""5480_research_and_development_current_ytd"", ""depth"": 0}, ""depth"": 1}, ""right"": {""literal"": 2.0, ""depth"": 0}, ""depth"": 2}","{""kind"": ""time_agg"", ""op"": ""avg"", ""depth"": 0}",1866.0,1,0,2,421724867,990114347,918663111,0.384,0,1,2,5481_research_and_development_prior_year_ytd,research_and_development,research and development,MTX,"Nine Months Ended October 31, 2024",M_USD,1878.0,5480_research_and_development_current_ytd,research_and_development,research and development,MTX,"Nine Months Ended October 31, 2025",M_USD,1854.0,,,,,,,,,,,,,,,,,,,,,,,,,,,,,,,,,,,,,,,,,,
894,2,"what would be the average accounts payable for FAB from December 31, 2024 to July 31, 2025?","ratio(sum(3995_accounts_payable_prior_fy_end, 3994_accounts_payable_current_quarter_end), 2.0)","{""op"": ""ratio"", ""left"": {""op"": ""sum"", ""left"": {""leaf"": ""3995_accounts_payable_prior_fy_end"", ""depth"": 0}, ""right"": {""leaf"": ""3994_accounts_payable_current_quarter_end"", ""depth"": 0}, ""depth"": 1}, ""right"": {""literal"": 2.0, ""depth"": 0}, ""depth"": 2}","{""kind"": ""time_agg"", ""op"": ""avg"", ""depth"": 0}",11015.5,3,0,2,527670937,53836506,918663111,0.214,0,1,2,3995_accounts_payable_prior_fy_end,accounts_payable,accounts payable,FAB,"December 31, 2024",M_USD,11098.0,3994_accounts_payable_current_quarter_end,accounts_payable,accounts payable,FAB,"July 31, 2025",M_USD,10933.0,,,,,,,,,,,,,,,,,,,,,,,,,,,,,,,,,,,,,,,,,,
895,1,"May you calculate the minimum of current portion of long term debt for VRX from December 31, 2024 to July 31, 2025 ?","min(3169_current_portion_of_long_term_debt_prior_fy_end, 3168_current_portion_of_long_term_debt_current_quarter_end)","{""op"": ""min"", ""left"": {""leaf"": ""3169_current_portion_of_long_term_debt_prior_fy_end"", ""depth"": 0}, ""right"": {""leaf"": ""3168_current_portion_of_long_term_debt_current_quarter_end"", ""depth"": 0}, ""depth"": 1}","{""kind"": ""time_agg"", ""op"": ""min"", ""depth"": 0}",515.0,4,0,1,681372619,894026310,918663111,0.541,0,1,2,3169_current_portion_of_long_term_debt_prior_fy_end,current_portion_of_long_term_debt,current portion of long term debt,VRX,"December 31, 2024",M_USD,515.0,3168_current_portion_of_long_term_debt_current_quarter_end,current_portion_of_long_term_debt,current portion of long term debt,VRX,"July 31, 2025",M_USD,543.0,,,,,,,,,,,,,,,,,,,,,,,,,,,,,,,,,,,,,,,,,,
896,2,"Could you give the average cost of sales for TPH from Three Months Ended October 31, 2024 to Three Months Ended October 31, 2025?","ratio(sum(2743_cost_of_sales_prior_year_quarter, 2742_cost_of_sales_current_quarter), 2.0)","{""op"": ""ratio"", ""left"": {""op"": ""sum"", ""left"": {""leaf"": ""2743_cost_of_sales_prior_year_quarter"", ""depth"": 0}, ""right"": {""leaf"": ""2742_cost_of_sales_current_quarter"", ""depth"": 0}, ""depth"": 1}, ""right"": {""literal"": 2.0, ""depth"": 0}, ""depth"": 2}","{""kind"": ""time_agg"", ""op"": ""avg"", ""depth"": 0}",5155.0,2,0,2,283592683,969586297,918663111,0.163,0,1,2,2743_cost_of_sales_prior_year_quarter,cost_of_sales,cost of sales,TPH,"Three Months Ended October 31, 2024",M_USD,5208.0,2742_cost_of_sales_current_quarter,cost_of_sales,cost of sales,TPH,"Three Months Ended October 31, 2025",M_USD,5102.0,,,,,,,,,,,,,,,,,,,,,,,,,,,,,,,,,,,,,,,,,,
897,1,"Which value corresponds to the maximum of property plant and equipment net for MTX from December 31, 2024 to October 31, 2025 ?","max(5529_property_plant_and_equipment_net_prior_fy_end, 5528_property_plant_and_equipment_net_current_quarter_end)","{""op"": ""max"", ""left"": {""leaf"": ""5529_property_plant_and_equipment_net_prior_fy_end"", ""depth"": 0}, ""right"": {""leaf"": ""5528_property_plant_and_equipment_net_current_quarter_end"", ""depth"": 0}, ""depth"": 1}","{""kind"": ""time_agg"", ""op"": ""max"", ""depth"": 0}",7398.0,1,0,1,778117019,969948374,918663111,0.131,0,1,2,5529_property_plant_and_equipment_net_prior_fy_end,property_plant_and_equipment_net,property plant and equipment net,MTX,"December 31, 2024",M_USD,6379.0,5528_property_plant_and_equipment_net_current_quarter_end,property_plant_and_equipment_net,property plant and equipment net,MTX,"October 31, 2025",M_USD,7398.0,,,,,,,,,,,,,,,,,,,,,,,,,,,,,,,,,,,,,,,,,,
898,1,"You should give the maximum of deferred revenue current for FIN from December 31, 2024 to April 30, 2025.","max(4300_deferred_revenue_current_current_quarter_end, 4301_deferred_revenue_current_prior_fy_end)","{""op"": ""max"", ""left"": {""leaf"": ""4300_deferred_revenue_current_current_quarter_end"", ""depth"": 0}, ""right"": {""leaf"": ""4301_deferred_revenue_current_prior_fy_end"", ""depth"": 0}, ""depth"": 1}","{""kind"": ""time_agg"", ""op"": ""max"", ""depth"": 0}",438.0,2,0,1,438094827,495678401,918663111,0.23,0,1,2,4300_deferred_revenue_current_current_quarter_end,deferred_revenue_current,deferred revenue current,FIN,"April 30, 2025",M_USD,438.0,4301_deferred_revenue_current_prior_fy_end,deferred_revenue_current,deferred revenue current,FIN,"December 31, 2024",M_USD,390.0,,,,,,,,,,,,,,,,,,,,,,,,,,,,,,,,,,,,,,,,,,
899,2,"What do we obtain as the maximum of accrued expenses and other for HLT from December 31, 2024 to October 31, 2025","max(max(3295_accrued_expenses_and_other_prior_fy_end, 1510_accrued_expenses_and_other_current_quarter_end), 524_accrued_expenses_and_other_current_quarter_end)","{""op"": ""max"", ""left"": {""op"": ""max"", ""left"": {""leaf"": ""3295_accrued_expenses_and_other_prior_fy_end"", ""depth"": 0}, ""right"": {""leaf"": ""1510_accrued_expenses_and_other_current_quarter_end"", ""depth"": 0}, ""depth"": 1}, ""right"": {""leaf"": ""524_accrued_expenses_and_other_current_quarter_end"", ""depth"": 0}, ""depth"": 2}","{""kind"": ""time_agg"", ""op"": ""max"", ""depth"": 0}",1143.0,4,0,2,894448679,522431604,918663111,0.495,0,1,3,3295_accrued_expenses_and_other_prior_fy_end,accrued_expenses_and_other,accrued expenses and other,HLT,"December 31, 2024",M_USD,662.0,1510_accrued_expenses_and_other_current_quarter_end,accrued_expenses_and_other,accrued expenses and other,HLT,"July 31, 2025",M_USD,853.0,524_accrued_expenses_and_other_current_quarter_end,accrued_expenses_and_other,accrued expenses and other,HLT,"October 31, 2025",M_USD,1143.0,,,,,,,,,,,,,,,,,,,,,,,,,,,,,,,,,,,
900,4,"which value corresponds to the total liabilities for MDI in December 31, 2024",total_liabilities,"{""derived"": ""total_liabilities"", ""expanded"": {""op"": ""sum"", ""left"": {""derived"": ""total_current_liabilities"", ""expanded"": {""op"": ""sum"", ""left"": {""op"": ""sum"", ""left"": {""op"": ""sum"", ""left"": {""leaf"": ""5651_accounts_payable_prior_fy_end"", ""depth"": 0}, ""right"": {""leaf"": ""5653_deferred_revenue_current_prior_fy_end"", ""depth"": 0}, ""depth"": 1}, ""right"": {""leaf"": ""5655_accrued_expenses_and_other_prior_fy_end"", ""depth"": 0}, ""depth"": 2}, ""right"": {""leaf"": ""5657_current_portion_of_long_term_debt_prior_fy_end"", ""depth"": 0}, ""depth"": 3}, ""depth"": 3}, ""right"": {""leaf"": ""5665_total_non_current_liabilities_prior_fy_end"", ""depth"": 0}, ""depth"": 4}, ""depth"": 4}","{""kind"": ""derived_concept"", ""name"": ""total_liabilities"", ""depth"": 0}",14760.0,4,0,4,699714182,482351723,918663111,0.242,0,1,5,5651_accounts_payable_prior_fy_end,accounts_payable,accounts payable,MDI,"December 31, 2024",M_USD,5468.0,5653_deferred_revenue_current_prior_fy_end,deferred_revenue_current,deferred revenue current,MDI,"December 31, 2024",M_USD,395.0,5655_accrued_expenses_and_other_prior_fy_end,accrued_expenses_and_other,accrued expenses and other,MDI,"December 31, 2024",M_USD,1514.0,5657_current_portion_of_long_term_debt_prior_fy_end,current_portion_of_long_term_debt,current portion of long term debt,MDI,"December 31, 2024",M_USD,725.0,5665_total_non_current_liabilities_prior_fy_end,total_non_current_liabilities,total non current liabilities,MDI,"December 31, 2024",M_USD,6658.0,,,,,,,,,,,,,,,,,,,,,
901,1,"calculate the minimum of total non current assets for TPH from December 31, 2024 to October 31, 2025.","min(2807_total_non_current_assets_prior_fy_end, 2806_total_non_current_assets_current_quarter_end)","{""op"": ""min"", ""left"": {""leaf"": ""2807_total_non_current_assets_prior_fy_end"", ""depth"": 0}, ""right"": {""leaf"": ""2806_total_non_current_assets_current_quarter_end"", ""depth"": 0}, ""depth"": 1}","{""kind"": ""time_agg"", ""op"": ""min"", ""depth"": 0}",12930.0,4,0,1,473750722,34060058,918663111,0.535,0,1,2,2807_total_non_current_assets_prior_fy_end,total_non_current_assets,total non current assets,TPH,"December 31, 2024",M_USD,12930.0,2806_total_non_current_assets_current_quarter_end,total_non_current_assets,total non current assets,TPH,"October 31, 2025",M_USD,13166.0,,,,,,,,,,,,,,,,,,,,,,,,,,,,,,,,,,,,,,,,,,
902,2,"whats the value of the average Products for CRX from Three Months Ended January 31, 2025 to Three Months Ended January 31, 2026 ?","ratio(sum(4660_products_prior_year_quarter, 4654_products_current_quarter), 2.0)","{""op"": ""ratio"", ""left"": {""op"": ""sum"", ""left"": {""leaf"": ""4660_products_prior_year_quarter"", ""depth"": 0}, ""right"": {""leaf"": ""4654_products_current_quarter"", ""depth"": 0}, ""depth"": 1}, ""right"": {""literal"": 2.0, ""depth"": 0}, ""depth"": 2}","{""kind"": ""time_agg"", ""op"": ""avg"", ""depth"": 0}",14432.0,2,0,2,798033003,376295292,918663111,0.457,0,1,2,4660_products_prior_year_quarter,products,Products,CRX,"Three Months Ended January 31, 2025",M_USD,5900.0,4654_products_current_quarter,products,Products,CRX,"Three Months Ended January 31, 2026",M_USD,22964.0,,,,,,,,,,,,,,,,,,,,,,,,,,,,,,,,,,,,,,,,,,
903,2,"may you give the average total current liabilities for MTX from December 31, 2024 to October 31, 2025?","ratio(sum(5547_total_current_liabilities_prior_fy_end, 5546_total_current_liabilities_current_quarter_end), 2.0)","{""op"": ""ratio"", ""left"": {""op"": ""sum"", ""left"": {""leaf"": ""5547_total_current_liabilities_prior_fy_end"", ""depth"": 0}, ""right"": {""leaf"": ""5546_total_current_liabilities_current_quarter_end"", ""depth"": 0}, ""depth"": 1}, ""right"": {""literal"": 2.0, ""depth"": 0}, ""depth"": 2}","{""kind"": ""time_agg"", ""op"": ""avg"", ""depth"": 0}",8749.5,1,0,2,87043034,813925068,918663111,0.451,0,1,2,5547_total_current_liabilities_prior_fy_end,total_current_liabilities,total current liabilities,MTX,"December 31, 2024",M_USD,8102.0,5546_total_current_liabilities_current_quarter_end,total_current_liabilities,total current liabilities,MTX,"October 31, 2025",M_USD,9397.0,,,,,,,,,,,,,,,,,,,,,,,,,,,,,,,,,,,,,,,,,,
904,1,"You should calculate the maximum of total assets for PRD from December 31, 2024 to October 31, 2025 .","max(1873_total_assets_prior_fy_end, 1872_total_assets_current_quarter_end)","{""op"": ""max"", ""left"": {""leaf"": ""1873_total_assets_prior_fy_end"", ""depth"": 0}, ""right"": {""leaf"": ""1872_total_assets_current_quarter_end"", ""depth"": 0}, ""depth"": 1}","{""kind"": ""time_agg"", ""op"": ""max"", ""depth"": 0}",25192.0,1,0,1,679104871,419338877,918663111,0.27,0,1,2,1873_total_assets_prior_fy_end,total_assets,total assets,PRD,"December 31, 2024",M_USD,22767.0,1872_total_assets_current_quarter_end,total_assets,total assets,PRD,"October 31, 2025",M_USD,25192.0,,,,,,,,,,,,,,,,,,,,,,,,,,,,,,,,,,,,,,,,,,
905,2,"What is the average long term marketable securities for AVX from December 31, 2024 to October 31, 2025","ratio(sum(1285_long_term_marketable_securities_prior_fy_end, 1284_long_term_marketable_securities_current_quarter_end), 2.0)","{""op"": ""ratio"", ""left"": {""op"": ""sum"", ""left"": {""leaf"": ""1285_long_term_marketable_securities_prior_fy_end"", ""depth"": 0}, ""right"": {""leaf"": ""1284_long_term_marketable_securities_current_quarter_end"", ""depth"": 0}, ""depth"": 1}, ""right"": {""literal"": 2.0, ""depth"": 0}, ""depth"": 2}","{""kind"": ""time_agg"", ""op"": ""avg"", ""depth"": 0}",374.5,4,0,2,940315005,98314192,918663111,0.133,0,1,2,1285_long_term_marketable_securities_prior_fy_end,long_term_marketable_securities,long term marketable securities,AVX,"December 31, 2024",M_USD,378.0,1284_long_term_marketable_securities_current_quarter_end,long_term_marketable_securities,long term marketable securities,AVX,"October 31, 2025",M_USD,371.0,,,,,,,,,,,,,,,,,,,,,,,,,,,,,,,,,,,,,,,,,,
906,2,"what do we obtain as the minimum of short term investments for HLT from December 31, 2024 to October 31, 2025?","min(min(499_short_term_investments_prior_fy_end, 1484_short_term_investments_current_quarter_end), 498_short_term_investments_current_quarter_end)","{""op"": ""min"", ""left"": {""op"": ""min"", ""left"": {""leaf"": ""499_short_term_investments_prior_fy_end"", ""depth"": 0}, ""right"": {""leaf"": ""1484_short_term_investments_current_quarter_end"", ""depth"": 0}, ""depth"": 1}, ""right"": {""leaf"": ""498_short_term_investments_current_quarter_end"", ""depth"": 0}, ""depth"": 2}","{""kind"": ""time_agg"", ""op"": ""min"", ""depth"": 0}",732.0,4,0,2,426596340,732444351,918663111,0.304,0,1,3,499_short_term_investments_prior_fy_end,short_term_investments,short term investments,HLT,"December 31, 2024",M_USD,2155.0,1484_short_term_investments_current_quarter_end,short_term_investments,short term investments,HLT,"July 31, 2025",M_USD,732.0,498_short_term_investments_current_quarter_end,short_term_investments,short term investments,HLT,"October 31, 2025",M_USD,2185.0,,,,,,,,,,,,,,,,,,,,,,,,,,,,,,,,,,,
907,1,"may you give the minimum of total liabilities for JTX from December 31, 2024 to April 30, 2025?","min(4224_total_liabilities_current_quarter_end, 4225_total_liabilities_prior_fy_end)","{""op"": ""min"", ""left"": {""leaf"": ""4224_total_liabilities_current_quarter_end"", ""depth"": 0}, ""right"": {""leaf"": ""4225_total_liabilities_prior_fy_end"", ""depth"": 0}, ""depth"": 1}","{""kind"": ""time_agg"", ""op"": ""min"", ""depth"": 0}",13766.0,3,0,1,380669456,667977358,918663111,0.549,0,1,2,4224_total_liabilities_current_quarter_end,total_liabilities,total liabilities,JTX,"April 30, 2025",M_USD,13812.0,4225_total_liabilities_prior_fy_end,total_liabilities,total liabilities,JTX,"December 31, 2024",M_USD,13766.0,,,,,,,,,,,,,,,,,,,,,,,,,,,,,,,,,,,,,,,,,,
908,1,"Which value corresponds to the minimum of long term debt for MTX from December 31, 2024 to October 31, 2025?","min(5549_long_term_debt_prior_fy_end, 5548_long_term_debt_current_quarter_end)","{""op"": ""min"", ""left"": {""leaf"": ""5549_long_term_debt_prior_fy_end"", ""depth"": 0}, ""right"": {""leaf"": ""5548_long_term_debt_current_quarter_end"", ""depth"": 0}, ""depth"": 1}","{""kind"": ""time_agg"", ""op"": ""min"", ""depth"": 0}",6481.0,3,0,1,874270784,237892826,918663111,0.313,0,1,2,5549_long_term_debt_prior_fy_end,long_term_debt,long term debt,MTX,"December 31, 2024",M_USD,6481.0,5548_long_term_debt_current_quarter_end,long_term_debt,long term debt,MTX,"October 31, 2025",M_USD,7516.0,,,,,,,,,,,,,,,,,,,,,,,,,,,,,,,,,,,,,,,,,,
909,1,"You should calculate the maximum of research and development for QRK from Six Months Ended April 30, 2025 to Six Months Ended April 30, 2026 .","max(3585_research_and_development_prior_year_ytd, 3584_research_and_development_current_ytd)","{""op"": ""max"", ""left"": {""leaf"": ""3585_research_and_development_prior_year_ytd"", ""depth"": 0}, ""right"": {""leaf"": ""3584_research_and_development_current_ytd"", ""depth"": 0}, ""depth"": 1}","{""kind"": ""time_agg"", ""op"": ""max"", ""depth"": 0}",18926.0,1,0,1,613443144,303966578,918663111,0.155,0,1,2,3585_research_and_development_prior_year_ytd,research_and_development,research and development,QRK,"Six Months Ended April 30, 2025",M_USD,18926.0,3584_research_and_development_current_ytd,research_and_development,research and development,QRK,"Six Months Ended April 30, 2026",M_USD,16900.0,,,,,,,,,,,,,,,,,,,,,,,,,,,,,,,,,,,,,,,,,,
910,1,"Could you give the minimum of research and development for STR from Six Months Ended July 31, 2024 to Six Months Ended July 31, 2025?","min(3457_research_and_development_prior_year_ytd, 3456_research_and_development_current_ytd)","{""op"": ""min"", ""left"": {""leaf"": ""3457_research_and_development_prior_year_ytd"", ""depth"": 0}, ""right"": {""leaf"": ""3456_research_and_development_current_ytd"", ""depth"": 0}, ""depth"": 1}","{""kind"": ""time_agg"", ""op"": ""min"", ""depth"": 0}",2002.0,2,0,1,802048943,98957938,918663111,0.198,0,1,2,3457_research_and_development_prior_year_ytd,research_and_development,research and development,STR,"Six Months Ended July 31, 2024",M_USD,2002.0,3456_research_and_development_current_ytd,research_and_development,research and development,STR,"Six Months Ended July 31, 2025",M_USD,2198.0,,,,,,,,,,,,,,,,,,,,,,,,,,,,,,,,,,,,,,,,,,
911,1,"which value corresponds to the minimum of operating income for MRT from Three Months Ended April 30, 2024 to Three Months Ended April 30, 2025 ?","min(1357_operating_income_prior_year_quarter, 1356_operating_income_current_quarter)","{""op"": ""min"", ""left"": {""leaf"": ""1357_operating_income_prior_year_quarter"", ""depth"": 0}, ""right"": {""leaf"": ""1356_operating_income_current_quarter"", ""depth"": 0}, ""depth"": 1}","{""kind"": ""time_agg"", ""op"": ""min"", ""depth"": 0}",2349.0,2,0,1,642789808,428382283,918663111,0.115,0,1,2,1357_operating_income_prior_year_quarter,operating_income,operating income,MRT,"Three Months Ended April 30, 2024",M_USD,2691.0,1356_operating_income_current_quarter,operating_income,operating income,MRT,"Three Months Ended April 30, 2025",M_USD,2349.0,,,,,,,,,,,,,,,,,,,,,,,,,,,,,,,,,,,,,,,,,,
912,1,"What does the following give: minimum of total revenues for INF from Three Months Ended July 31, 2024 to Three Months Ended July 31, 2025 ?","min(3795_total_revenues_prior_year_quarter, 3794_total_revenues_current_quarter)","{""op"": ""min"", ""left"": {""leaf"": ""3795_total_revenues_prior_year_quarter"", ""depth"": 0}, ""right"": {""leaf"": ""3794_total_revenues_current_quarter"", ""depth"": 0}, ""depth"": 1}","{""kind"": ""time_agg"", ""op"": ""min"", ""depth"": 0}",14473.0,2,0,1,993859098,251412512,918663111,0.211,0,1,2,3795_total_revenues_prior_year_quarter,total_revenues,total revenues,INF,"Three Months Ended July 31, 2024",M_USD,14473.0,3794_total_revenues_current_quarter,total_revenues,total revenues,INF,"Three Months Ended July 31, 2025",M_USD,15684.0,,,,,,,,,,,,,,,,,,,,,,,,,,,,,,,,,,,,,,,,,,
913,1,"compute the maximum of provision for income taxes for PLZ from Six Months Ended July 31, 2024 to Six Months Ended July 31, 2025 .","max(2077_provision_for_income_taxes_prior_year_ytd, 2076_provision_for_income_taxes_current_ytd)","{""op"": ""max"", ""left"": {""leaf"": ""2077_provision_for_income_taxes_prior_year_ytd"", ""depth"": 0}, ""right"": {""leaf"": ""2076_provision_for_income_taxes_current_ytd"", ""depth"": 0}, ""depth"": 1}","{""kind"": ""time_agg"", ""op"": ""max"", ""depth"": 0}",3734.0,3,0,1,194315049,926698761,918663111,0.369,0,1,2,2077_provision_for_income_taxes_prior_year_ytd,provision_for_income_taxes,provision for income taxes,PLZ,"Six Months Ended July 31, 2024",M_USD,3734.0,2076_provision_for_income_taxes_current_ytd,provision_for_income_taxes,provision for income taxes,PLZ,"Six Months Ended July 31, 2025",M_USD,3474.0,,,,,,,,,,,,,,,,,,,,,,,,,,,,,,,,,,,,,,,,,,
914,1,"Determine the maximum of inventories for TPH from December 31, 2024 to October 31, 2025.","max(2793_inventories_prior_fy_end, 2792_inventories_current_quarter_end)","{""op"": ""max"", ""left"": {""leaf"": ""2793_inventories_prior_fy_end"", ""depth"": 0}, ""right"": {""leaf"": ""2792_inventories_current_quarter_end"", ""depth"": 0}, ""depth"": 1}","{""kind"": ""time_agg"", ""op"": ""max"", ""depth"": 0}",1968.0,2,0,1,329075991,549482010,918663111,0.414,0,1,2,2793_inventories_prior_fy_end,inventories,inventories,TPH,"December 31, 2024",M_USD,1933.0,2792_inventories_current_quarter_end,inventories,inventories,TPH,"October 31, 2025",M_USD,1968.0,,,,,,,,,,,,,,,,,,,,,,,,,,,,,,,,,,,,,,,,,,
915,4,"what is the total current assets for BLD in July 31, 2025",total_current_assets,"{""derived"": ""total_current_assets"", ""expanded"": {""op"": ""sum"", ""left"": {""op"": ""sum"", ""left"": {""op"": ""sum"", ""left"": {""op"": ""sum"", ""left"": {""leaf"": ""2914_cash_and_cash_equivalents_current_quarter_end"", ""depth"": 0}, ""right"": {""leaf"": ""2916_short_term_investments_current_quarter_end"", ""depth"": 0}, ""depth"": 1}, ""right"": {""leaf"": ""5318_accounts_receivable_net_current_quarter_end"", ""depth"": 0}, ""depth"": 2}, ""right"": {""leaf"": ""5320_inventories_current_quarter_end"", ""depth"": 0}, ""depth"": 3}, ""right"": {""leaf"": ""5322_prepaid_expenses_and_other_current_quarter_end"", ""depth"": 0}, ""depth"": 4}, ""depth"": 4}","{""kind"": ""derived_concept"", ""name"": ""total_current_assets"", ""depth"": 0}",9848.0,3,0,4,903036022,390404922,918663111,0.347,0,1,5,2914_cash_and_cash_equivalents_current_quarter_end,cash_and_cash_equivalents,cash and cash equivalents,BLD,"July 31, 2025",M_USD,915.0,2916_short_term_investments_current_quarter_end,short_term_investments,short term investments,BLD,"July 31, 2025",M_USD,1243.0,5318_accounts_receivable_net_current_quarter_end,accounts_receivable_net,accounts receivable net,BLD,"July 31, 2025",M_USD,3417.0,5320_inventories_current_quarter_end,inventories,inventories,BLD,"July 31, 2025",M_USD,3107.0,5322_prepaid_expenses_and_other_current_quarter_end,prepaid_expenses_and_other,prepaid expenses and other,BLD,"July 31, 2025",M_USD,1166.0,,,,,,,,,,,,,,,,,,,,,
916,0,"State the accounts receivable net for HLT in October 31, 2025",500_accounts_receivable_net_current_quarter_end,"{""leaf"": ""500_accounts_receivable_net_current_quarter_end"", ""depth"": 0}","{""kind"": ""leaf"", ""semantic_type_in"": [""amount""], ""depth"": 0}",2372.0,3,0,0,602806022,138700142,918663111,0.129,0,1,1,500_accounts_receivable_net_current_quarter_end,accounts_receivable_net,accounts receivable net,HLT,"October 31, 2025",M_USD,2372.0,,,,,,,,,,,,,,,,,,,,,,,,,,,,,,,,,,,,,,,,,,,,,,,,,
917,2,"may you give the maximum of long term debt for VTL from December 31, 2024 to July 31, 2025","max(max(58_long_term_debt_current_quarter_end, 4117_long_term_debt_prior_fy_end), 4116_long_term_debt_current_quarter_end)","{""op"": ""max"", ""left"": {""op"": ""max"", ""left"": {""leaf"": ""58_long_term_debt_current_quarter_end"", ""depth"": 0}, ""right"": {""leaf"": ""4117_long_term_debt_prior_fy_end"", ""depth"": 0}, ""depth"": 1}, ""right"": {""leaf"": ""4116_long_term_debt_current_quarter_end"", ""depth"": 0}, ""depth"": 2}","{""kind"": ""time_agg"", ""op"": ""max"", ""depth"": 0}",4690.0,4,0,2,310586654,631097593,918663111,0.502,0,1,3,58_long_term_debt_current_quarter_end,long_term_debt,long term debt,VTL,"April 30, 2025",M_USD,648.0,4117_long_term_debt_prior_fy_end,long_term_debt,long term debt,VTL,"December 31, 2024",M_USD,4166.0,4116_long_term_debt_current_quarter_end,long_term_debt,long term debt,VTL,"July 31, 2025",M_USD,4690.0,,,,,,,,,,,,,,,,,,,,,,,,,,,,,,,,,,,
918,2,"May you give the average gross profit for FAB from Six Months Ended July 31, 2024 to Six Months Ended July 31, 2025","ratio(sum(3933_gross_profit_prior_year_ytd, 3932_gross_profit_current_ytd), 2.0)","{""op"": ""ratio"", ""left"": {""op"": ""sum"", ""left"": {""leaf"": ""3933_gross_profit_prior_year_ytd"", ""depth"": 0}, ""right"": {""leaf"": ""3932_gross_profit_current_ytd"", ""depth"": 0}, ""depth"": 1}, ""right"": {""literal"": 2.0, ""depth"": 0}, ""depth"": 2}","{""kind"": ""time_agg"", ""op"": ""avg"", ""depth"": 0}",25605.0,4,0,2,585328123,593743530,918663111,0.465,0,1,2,3933_gross_profit_prior_year_ytd,gross_profit,gross profit,FAB,"Six Months Ended July 31, 2024",M_USD,27192.0,3932_gross_profit_current_ytd,gross_profit,gross profit,FAB,"Six Months Ended July 31, 2025",M_USD,24018.0,,,,,,,,,,,,,,,,,,,,,,,,,,,,,,,,,,,,,,,,,,
919,2,"you should calculate the average other non current assets for STR from December 31, 2024 to July 31, 2025.","ratio(sum(3509_other_non_current_assets_prior_fy_end, 3508_other_non_current_assets_current_quarter_end), 2.0)","{""op"": ""ratio"", ""left"": {""op"": ""sum"", ""left"": {""leaf"": ""3509_other_non_current_assets_prior_fy_end"", ""depth"": 0}, ""right"": {""leaf"": ""3508_other_non_current_assets_current_quarter_end"", ""depth"": 0}, ""depth"": 1}, ""right"": {""literal"": 2.0, ""depth"": 0}, ""depth"": 2}","{""kind"": ""time_agg"", ""op"": ""avg"", ""depth"": 0}",458.5,4,0,2,433698241,535295290,918663111,0.393,0,1,2,3509_other_non_current_assets_prior_fy_end,other_non_current_assets,other non current assets,STR,"December 31, 2024",M_USD,464.0,3508_other_non_current_assets_current_quarter_end,other_non_current_assets,other non current assets,STR,"July 31, 2025",M_USD,453.0,,,,,,,,,,,,,,,,,,,,,,,,,,,,,,,,,,,,,,,,,,
920,2,"what is the value of the average other non current liabilities for BNK from December 31, 2024 to October 31, 2025?","ratio(sum(4743_other_non_current_liabilities_prior_fy_end, 4742_other_non_current_liabilities_current_quarter_end), 2.0)","{""op"": ""ratio"", ""left"": {""op"": ""sum"", ""left"": {""leaf"": ""4743_other_non_current_liabilities_prior_fy_end"", ""depth"": 0}, ""right"": {""leaf"": ""4742_other_non_current_liabilities_current_quarter_end"", ""depth"": 0}, ""depth"": 1}, ""right"": {""literal"": 2.0, ""depth"": 0}, ""depth"": 2}","{""kind"": ""time_agg"", ""op"": ""avg"", ""depth"": 0}",358.5,2,0,2,492113925,995460192,918663111,0.326,0,1,2,4743_other_non_current_liabilities_prior_fy_end,other_non_current_liabilities,other non current liabilities,BNK,"December 31, 2024",M_USD,330.0,4742_other_non_current_liabilities_current_quarter_end,other_non_current_liabilities,other non current liabilities,BNK,"October 31, 2025",M_USD,387.0,,,,,,,,,,,,,,,,,,,,,,,,,,,,,,,,,,,,,,,,,,
921,1,"which quantity is given by the minimum of provision for income taxes for QRK from Three Months Ended April 30, 2025 to Three Months Ended April 30, 2026 ?","min(3603_provision_for_income_taxes_prior_year_quarter, 3602_provision_for_income_taxes_current_quarter)","{""op"": ""min"", ""left"": {""leaf"": ""3603_provision_for_income_taxes_prior_year_quarter"", ""depth"": 0}, ""right"": {""leaf"": ""3602_provision_for_income_taxes_current_quarter"", ""depth"": 0}, ""depth"": 1}","{""kind"": ""time_agg"", ""op"": ""min"", ""depth"": 0}",5425.0,3,0,1,94314075,806224552,918663111,0.382,0,1,2,3603_provision_for_income_taxes_prior_year_quarter,provision_for_income_taxes,provision for income taxes,QRK,"Three Months Ended April 30, 2025",M_USD,6075.0,3602_provision_for_income_taxes_current_quarter,provision_for_income_taxes,provision for income taxes,QRK,"Three Months Ended April 30, 2026",M_USD,5425.0,,,,,,,,,,,,,,,,,,,,,,,,,,,,,,,,,,,,,,,,,,
922,0,"You should give the total costs and expenses for MED in Nine Months Ended October 31, 2025",1006_total_costs_and_expenses_current_ytd,"{""leaf"": ""1006_total_costs_and_expenses_current_ytd"", ""depth"": 0}","{""kind"": ""leaf"", ""semantic_type_in"": [""amount""], ""depth"": 0}",18117.0,2,0,0,154033582,310322222,918663111,0.138,0,1,1,1006_total_costs_and_expenses_current_ytd,total_costs_and_expenses,total costs and expenses,MED,"Nine Months Ended October 31, 2025",M_USD,18117.0,,,,,,,,,,,,,,,,,,,,,,,,,,,,,,,,,,,,,,,,,,,,,,,,,
923,1,"Which value corresponds to the maximum of Products for PLX from Nine Months Ended July 31, 2025 to Nine Months Ended July 31, 2026","max(4466_products_prior_year_ytd, 4462_products_current_ytd)","{""op"": ""max"", ""left"": {""leaf"": ""4466_products_prior_year_ytd"", ""depth"": 0}, ""right"": {""leaf"": ""4462_products_current_ytd"", ""depth"": 0}, ""depth"": 1}","{""kind"": ""time_agg"", ""op"": ""max"", ""depth"": 0}",48420.0,1,0,1,932323196,46857714,918663111,0.497,0,1,2,4466_products_prior_year_ytd,products,Products,PLX,"Nine Months Ended July 31, 2025",M_USD,47736.0,4462_products_current_ytd,products,Products,PLX,"Nine Months Ended July 31, 2026",M_USD,48420.0,,,,,,,,,,,,,,,,,,,,,,,,,,,,,,,,,,,,,,,,,,
924,1,"You should give the minimum of depreciation and amortization for BRX from Six Months Ended July 31, 2024 to Six Months Ended July 31, 2025.","min(435_depreciation_and_amortization_prior_ytd, 434_depreciation_and_amortization_current_ytd)","{""op"": ""min"", ""left"": {""leaf"": ""435_depreciation_and_amortization_prior_ytd"", ""depth"": 0}, ""right"": {""leaf"": ""434_depreciation_and_amortization_current_ytd"", ""depth"": 0}, ""depth"": 1}","{""kind"": ""time_agg"", ""op"": ""min"", ""depth"": 0}",12376.0,3,0,1,783890771,390201997,918663111,0.15,0,1,2,435_depreciation_and_amortization_prior_ytd,depreciation_and_amortization,depreciation and amortization,BRX,"Six Months Ended July 31, 2024",M_USD,12636.0,434_depreciation_and_amortization_current_ytd,depreciation_and_amortization,depreciation and amortization,BRX,"Six Months Ended July 31, 2025",M_USD,12376.0,,,,,,,,,,,,,,,,,,,,,,,,,,,,,,,,,,,,,,,,,,
925,2,"compute the average operating income for PLX from Three Months Ended July 31, 2025 to Three Months Ended July 31, 2026","ratio(sum(4367_operating_income_prior_year_quarter, 4366_operating_income_current_quarter), 2.0)","{""op"": ""ratio"", ""left"": {""op"": ""sum"", ""left"": {""leaf"": ""4367_operating_income_prior_year_quarter"", ""depth"": 0}, ""right"": {""leaf"": ""4366_operating_income_current_quarter"", ""depth"": 0}, ""depth"": 1}, ""right"": {""literal"": 2.0, ""depth"": 0}, ""depth"": 2}","{""kind"": ""time_agg"", ""op"": ""avg"", ""depth"": 0}",8109.0,1,0,2,80811108,808951342,918663111,0.394,0,1,2,4367_operating_income_prior_year_quarter,operating_income,operating income,PLX,"Three Months Ended July 31, 2025",M_USD,8051.0,4366_operating_income_current_quarter,operating_income,operating income,PLX,"Three Months Ended July 31, 2026",M_USD,8167.0,,,,,,,,,,,,,,,,,,,,,,,,,,,,,,,,,,,,,,,,,,
926,1,"Provide the maximum of research and development for CIV from Nine Months Ended October 31, 2024 to Nine Months Ended October 31, 2025 .","max(2993_research_and_development_prior_year_ytd, 2992_research_and_development_current_ytd)","{""op"": ""max"", ""left"": {""leaf"": ""2993_research_and_development_prior_year_ytd"", ""depth"": 0}, ""right"": {""leaf"": ""2992_research_and_development_current_ytd"", ""depth"": 0}, ""depth"": 1}","{""kind"": ""time_agg"", ""op"": ""max"", ""depth"": 0}",51.0,3,0,1,30096577,123093368,918663111,0.173,0,1,2,2993_research_and_development_prior_year_ytd,research_and_development,research and development,CIV,"Nine Months Ended October 31, 2024",M_USD,48.0,2992_research_and_development_current_ytd,research_and_development,research and development,CIV,"Nine Months Ended October 31, 2025",M_USD,51.0,,,,,,,,,,,,,,,,,,,,,,,,,,,,,,,,,,,,,,,,,,
927,1,"Provide the minimum of deferred revenue current for INF from December 31, 2024 to July 31, 2025 .","min(3869_deferred_revenue_current_prior_fy_end, 3868_deferred_revenue_current_current_quarter_end)","{""op"": ""min"", ""left"": {""leaf"": ""3869_deferred_revenue_current_prior_fy_end"", ""depth"": 0}, ""right"": {""leaf"": ""3868_deferred_revenue_current_current_quarter_end"", ""depth"": 0}, ""depth"": 1}","{""kind"": ""time_agg"", ""op"": ""min"", ""depth"": 0}",924.0,4,0,1,53399873,881113138,918663111,0.216,0,1,2,3869_deferred_revenue_current_prior_fy_end,deferred_revenue_current,deferred revenue current,INF,"December 31, 2024",M_USD,924.0,3868_deferred_revenue_current_current_quarter_end,deferred_revenue_current,deferred revenue current,INF,"July 31, 2025",M_USD,925.0,,,,,,,,,,,,,,,,,,,,,,,,,,,,,,,,,,,,,,,,,,
928,2,"Calculate the average cash and cash equivalents for BLD from December 31, 2024 to July 31, 2025","ratio(sum(2915_cash_and_cash_equivalents_prior_fy_end, 2914_cash_and_cash_equivalents_current_quarter_end), 2.0)","{""op"": ""ratio"", ""left"": {""op"": ""sum"", ""left"": {""leaf"": ""2915_cash_and_cash_equivalents_prior_fy_end"", ""depth"": 0}, ""right"": {""leaf"": ""2914_cash_and_cash_equivalents_current_quarter_end"", ""depth"": 0}, ""depth"": 1}, ""right"": {""literal"": 2.0, ""depth"": 0}, ""depth"": 2}","{""kind"": ""time_agg"", ""op"": ""avg"", ""depth"": 0}",916.0,3,0,2,696610329,531360795,918663111,0.278,0,1,2,2915_cash_and_cash_equivalents_prior_fy_end,cash_and_cash_equivalents,cash and cash equivalents,BLD,"December 31, 2024",M_USD,917.0,2914_cash_and_cash_equivalents_current_quarter_end,cash_and_cash_equivalents,cash and cash equivalents,BLD,"July 31, 2025",M_USD,915.0,,,,,,,,,,,,,,,,,,,,,,,,,,,,,,,,,,,,,,,,,,
929,0,"Compute the accounts receivable net for FIN in December 31, 2024.",4279_accounts_receivable_net_prior_fy_end,"{""leaf"": ""4279_accounts_receivable_net_prior_fy_end"", ""depth"": 0}","{""kind"": ""leaf"", ""semantic_type_in"": [""amount""], ""depth"": 0}",1498.0,1,0,0,680060951,340430434,918663111,0.598,0,1,1,4279_accounts_receivable_net_prior_fy_end,accounts_receivable_net,accounts receivable net,FIN,"December 31, 2024",M_USD,1498.0,,,,,,,,,,,,,,,,,,,,,,,,,,,,,,,,,,,,,,,,,,,,,,,,,
930,2,"determine the average provision for income taxes for TRD from Three Months Ended July 31, 2024 to Three Months Ended July 31, 2025 .","ratio(sum(2287_provision_for_income_taxes_prior_year_quarter, 2286_provision_for_income_taxes_current_quarter), 2.0)","{""op"": ""ratio"", ""left"": {""op"": ""sum"", ""left"": {""leaf"": ""2287_provision_for_income_taxes_prior_year_quarter"", ""depth"": 0}, ""right"": {""leaf"": ""2286_provision_for_income_taxes_current_quarter"", ""depth"": 0}, ""depth"": 1}, ""right"": {""literal"": 2.0, ""depth"": 0}, ""depth"": 2}","{""kind"": ""time_agg"", ""op"": ""avg"", ""depth"": 0}",746.0,3,0,2,101253750,231344374,918663111,0.386,0,1,2,2287_provision_for_income_taxes_prior_year_quarter,provision_for_income_taxes,provision for income taxes,TRD,"Three Months Ended July 31, 2024",M_USD,766.0,2286_provision_for_income_taxes_current_quarter,provision_for_income_taxes,provision for income taxes,TRD,"Three Months Ended July 31, 2025",M_USD,726.0,,,,,,,,,,,,,,,,,,,,,,,,,,,,,,,,,,,,,,,,,,
931,2,"What does the following give: minimum of long term marketable securities for MED from December 31, 2024 to October 31, 2025","min(min(1735_long_term_marketable_securities_prior_fy_end, 1734_long_term_marketable_securities_current_quarter_end), 1044_long_term_marketable_securities_current_quarter_end)","{""op"": ""min"", ""left"": {""op"": ""min"", ""left"": {""leaf"": ""1735_long_term_marketable_securities_prior_fy_end"", ""depth"": 0}, ""right"": {""leaf"": ""1734_long_term_marketable_securities_current_quarter_end"", ""depth"": 0}, ""depth"": 1}, ""right"": {""leaf"": ""1044_long_term_marketable_securities_current_quarter_end"", ""depth"": 0}, ""depth"": 2}","{""kind"": ""time_agg"", ""op"": ""min"", ""depth"": 0}",719.0,3,0,2,497289334,97239799,918663111,0.414,0,1,3,1735_long_term_marketable_securities_prior_fy_end,long_term_marketable_securities,long term marketable securities,MED,"December 31, 2024",M_USD,3659.0,1734_long_term_marketable_securities_current_quarter_end,long_term_marketable_securities,long term marketable securities,MED,"July 31, 2025",M_USD,3535.0,1044_long_term_marketable_securities_current_quarter_end,long_term_marketable_securities,long term marketable securities,MED,"October 31, 2025",M_USD,719.0,,,,,,,,,,,,,,,,,,,,,,,,,,,,,,,,,,,
932,2,"What do we obtain as the average total revenues for IND from Three Months Ended April 30, 2024 to Three Months Ended April 30, 2025?","ratio(sum(897_total_revenues_prior_year_quarter, 896_total_revenues_current_quarter), 2.0)","{""op"": ""ratio"", ""left"": {""op"": ""sum"", ""left"": {""leaf"": ""897_total_revenues_prior_year_quarter"", ""depth"": 0}, ""right"": {""leaf"": ""896_total_revenues_current_quarter"", ""depth"": 0}, ""depth"": 1}, ""right"": {""literal"": 2.0, ""depth"": 0}, ""depth"": 2}","{""kind"": ""time_agg"", ""op"": ""avg"", ""depth"": 0}",22400.5,1,0,2,900174689,189606948,918663111,0.416,0,1,2,897_total_revenues_prior_year_quarter,total_revenues,total revenues,IND,"Three Months Ended April 30, 2024",M_USD,23597.0,896_total_revenues_current_quarter,total_revenues,total revenues,IND,"Three Months Ended April 30, 2025",M_USD,21204.0,,,,,,,,,,,,,,,,,,,,,,,,,,,,,,,,,,,,,,,,,,
933,1,"You should give the minimum of cash and cash equivalents for MTX from December 31, 2024 to October 31, 2025 .","min(5515_cash_and_cash_equivalents_prior_fy_end, 5514_cash_and_cash_equivalents_current_quarter_end)","{""op"": ""min"", ""left"": {""leaf"": ""5515_cash_and_cash_equivalents_prior_fy_end"", ""depth"": 0}, ""right"": {""leaf"": ""5514_cash_and_cash_equivalents_current_quarter_end"", ""depth"": 0}, ""depth"": 1}","{""kind"": ""time_agg"", ""op"": ""min"", ""depth"": 0}",1466.0,2,0,1,558055040,725475623,918663111,0.177,0,1,2,5515_cash_and_cash_equivalents_prior_fy_end,cash_and_cash_equivalents,cash and cash equivalents,MTX,"December 31, 2024",M_USD,1466.0,5514_cash_and_cash_equivalents_current_quarter_end,cash_and_cash_equivalents,cash and cash equivalents,MTX,"October 31, 2025",M_USD,1700.0,,,,,,,,,,,,,,,,,,,,,,,,,,,,,,,,,,,,,,,,,,
934,0,"whats the value of the provision for income taxes for CRX in Three Months Ended October 31, 2025 ?",5170_provision_for_income_taxes_current_quarter,"{""leaf"": ""5170_provision_for_income_taxes_current_quarter"", ""depth"": 0}","{""kind"": ""leaf"", ""semantic_type_in"": [""amount""], ""depth"": 0}",669.0,3,0,0,711946832,241639303,918663111,0.19,0,1,1,5170_provision_for_income_taxes_current_quarter,provision_for_income_taxes,provision for income taxes,CRX,"Three Months Ended October 31, 2025",M_USD,669.0,,,,,,,,,,,,,,,,,,,,,,,,,,,,,,,,,,,,,,,,,,,,,,,,,
935,2,"What is the value of the average current portion of long term debt for BNK from December 31, 2024 to October 31, 2025","ratio(sum(4737_current_portion_of_long_term_debt_prior_fy_end, 4736_current_portion_of_long_term_debt_current_quarter_end), 2.0)","{""op"": ""ratio"", ""left"": {""op"": ""sum"", ""left"": {""leaf"": ""4737_current_portion_of_long_term_debt_prior_fy_end"", ""depth"": 0}, ""right"": {""leaf"": ""4736_current_portion_of_long_term_debt_current_quarter_end"", ""depth"": 0}, ""depth"": 1}, ""right"": {""literal"": 2.0, ""depth"": 0}, ""depth"": 2}","{""kind"": ""time_agg"", ""op"": ""avg"", ""depth"": 0}",372.5,4,0,2,657781358,476183820,918663111,0.452,0,1,2,4737_current_portion_of_long_term_debt_prior_fy_end,current_portion_of_long_term_debt,current portion of long term debt,BNK,"December 31, 2024",M_USD,343.0,4736_current_portion_of_long_term_debt_current_quarter_end,current_portion_of_long_term_debt,current portion of long term debt,BNK,"October 31, 2025",M_USD,402.0,,,,,,,,,,,,,,,,,,,,,,,,,,,,,,,,,,,,,,,,,,
936,1,"You should give the maximum of goodwill for IND from December 31, 2024 to April 30, 2025","max(936_goodwill_current_quarter_end, 937_goodwill_prior_fy_end)","{""op"": ""max"", ""left"": {""leaf"": ""936_goodwill_current_quarter_end"", ""depth"": 0}, ""right"": {""leaf"": ""937_goodwill_prior_fy_end"", ""depth"": 0}, ""depth"": 1}","{""kind"": ""time_agg"", ""op"": ""max"", ""depth"": 0}",4954.0,4,0,1,845722564,189599679,918663111,0.221,0,1,2,936_goodwill_current_quarter_end,goodwill,goodwill,IND,"April 30, 2025",M_USD,4629.0,937_goodwill_prior_fy_end,goodwill,goodwill,IND,"December 31, 2024",M_USD,4954.0,,,,,,,,,,,,,,,,,,,,,,,,,,,,,,,,,,,,,,,,,,
937,2,"what's the value of the average selling general and administrative for CRF from Nine Months Ended October 31, 2024 to Nine Months Ended October 31, 2025 ?","ratio(sum(1581_selling_general_and_administrative_prior_year_ytd, 1580_selling_general_and_administrative_current_ytd), 2.0)","{""op"": ""ratio"", ""left"": {""op"": ""sum"", ""left"": {""leaf"": ""1581_selling_general_and_administrative_prior_year_ytd"", ""depth"": 0}, ""right"": {""leaf"": ""1580_selling_general_and_administrative_current_ytd"", ""depth"": 0}, ""depth"": 1}, ""right"": {""literal"": 2.0, ""depth"": 0}, ""depth"": 2}","{""kind"": ""time_agg"", ""op"": ""avg"", ""depth"": 0}",3394.5,3,0,2,743786101,378275299,918663111,0.238,0,1,2,1581_selling_general_and_administrative_prior_year_ytd,selling_general_and_administrative,selling general and administrative,CRF,"Nine Months Ended October 31, 2024",M_USD,3426.0,1580_selling_general_and_administrative_current_ytd,selling_general_and_administrative,selling general and administrative,CRF,"Nine Months Ended October 31, 2025",M_USD,3363.0,,,,,,,,,,,,,,,,,,,,,,,,,,,,,,,,,,,,,,,,,,
938,2,"Whats the value of the maximum of deferred revenue current for CRX from December 31, 2024 to January 31, 2026 ?","max(max(5213_deferred_revenue_current_prior_fy_end, 4616_deferred_revenue_current_current_quarter_end), 5212_deferred_revenue_current_current_quarter_end)","{""op"": ""max"", ""left"": {""op"": ""max"", ""left"": {""leaf"": ""5213_deferred_revenue_current_prior_fy_end"", ""depth"": 0}, ""right"": {""leaf"": ""4616_deferred_revenue_current_current_quarter_end"", ""depth"": 0}, ""depth"": 1}, ""right"": {""leaf"": ""5212_deferred_revenue_current_current_quarter_end"", ""depth"": 0}, ""depth"": 2}","{""kind"": ""time_agg"", ""op"": ""max"", ""depth"": 0}",2852.0,2,0,2,191763633,279388062,918663111,0.328,0,1,3,5213_deferred_revenue_current_prior_fy_end,deferred_revenue_current,deferred revenue current,CRX,"December 31, 2024",M_USD,907.0,4616_deferred_revenue_current_current_quarter_end,deferred_revenue_current,deferred revenue current,CRX,"January 31, 2026",M_USD,2852.0,5212_deferred_revenue_current_current_quarter_end,deferred_revenue_current,deferred revenue current,CRX,"October 31, 2025",M_USD,945.0,,,,,,,,,,,,,,,,,,,,,,,,,,,,,,,,,,,
939,2,"may you give the average total revenues for VTL from Three Months Ended July 31, 2024 to Three Months Ended July 31, 2025?","ratio(sum(4035_total_revenues_prior_year_quarter, 4034_total_revenues_current_quarter), 2.0)","{""op"": ""ratio"", ""left"": {""op"": ""sum"", ""left"": {""leaf"": ""4035_total_revenues_prior_year_quarter"", ""depth"": 0}, ""right"": {""leaf"": ""4034_total_revenues_current_quarter"", ""depth"": 0}, ""depth"": 1}, ""right"": {""literal"": 2.0, ""depth"": 0}, ""depth"": 2}","{""kind"": ""time_agg"", ""op"": ""avg"", ""depth"": 0}",14925.5,4,0,2,947510247,474931138,918663111,0.115,0,1,2,4035_total_revenues_prior_year_quarter,total_revenues,total revenues,VTL,"Three Months Ended July 31, 2024",M_USD,15079.0,4034_total_revenues_current_quarter,total_revenues,total revenues,VTL,"Three Months Ended July 31, 2025",M_USD,14772.0,,,,,,,,,,,,,,,,,,,,,,,,,,,,,,,,,,,,,,,,,,
940,2,"State the average Membership and other income for TRD from Six Months Ended July 31, 2024 to Six Months Ended July 31, 2025","ratio(sum(2369_membership_and_other_income_prior_year_ytd, 2368_membership_and_other_income_current_ytd), 2.0)","{""op"": ""ratio"", ""left"": {""op"": ""sum"", ""left"": {""leaf"": ""2369_membership_and_other_income_prior_year_ytd"", ""depth"": 0}, ""right"": {""leaf"": ""2368_membership_and_other_income_current_ytd"", ""depth"": 0}, ""depth"": 1}, ""right"": {""literal"": 2.0, ""depth"": 0}, ""depth"": 2}","{""kind"": ""time_agg"", ""op"": ""avg"", ""depth"": 0}",1525.0,3,0,2,166373025,384350322,918663111,0.18,0,1,2,2369_membership_and_other_income_prior_year_ytd,membership_and_other_income,Membership and other income,TRD,"Six Months Ended July 31, 2024",M_USD,1566.0,2368_membership_and_other_income_current_ytd,membership_and_other_income,Membership and other income,TRD,"Six Months Ended July 31, 2025",M_USD,1484.0,,,,,,,,,,,,,,,,,,,,,,,,,,,,,,,,,,,,,,,,,,
941,3,"what's the value of the result of ratio of sum of total revenues for CLR in Nine Months Ended October 31, 2024 and total revenues for CLR in Nine Months Ended October 31, 2025 to 2.0 scaled by growth in total assets for CLR from December 31, 2024 to October 31, 2025?","mul(ratio(sum(99_total_revenues_prior_year_ytd, 98_total_revenues_current_ytd), 2.0), growth(167_total_assets_prior_fy_end, 166_total_assets_current_quarter_end))","{""op"": ""mul"", ""left"": {""op"": ""ratio"", ""left"": {""op"": ""sum"", ""left"": {""leaf"": ""99_total_revenues_prior_year_ytd"", ""depth"": 0}, ""right"": {""leaf"": ""98_total_revenues_current_ytd"", ""depth"": 0}, ""depth"": 1}, ""right"": {""literal"": 2.0, ""depth"": 0}, ""depth"": 2}, ""right"": {""op"": ""growth"", ""left"": {""leaf"": ""167_total_assets_prior_fy_end"", ""depth"": 0}, ""right"": {""leaf"": ""166_total_assets_current_quarter_end"", ""depth"": 0}, ""depth"": 1}, ""depth"": 3}","{""op"": ""mul"", ""left"": {""kind"": ""time_agg"", ""op"": ""avg"", ""depth"": 0}, ""right"": {""op"": ""growth"", ""left"": {""kind"": ""leaf"", ""semantic_type_in"": [""amount""], ""depth"": 0}, ""right"": {""kind"": ""leaf"", ""semantic_type_in"": [""amount""], ""depth"": 0}, ""depth"": 1, ""kind"": ""node""}, ""depth"": 2, ""kind"": ""node""}",-1089.6353336942232,2,2,3,364573686,306020425,918663111,0.489,2,3,4,99_total_revenues_prior_year_ytd,total_revenues,total revenues,CLR,"Nine Months Ended October 31, 2024",M_USD,27159.0,98_total_revenues_current_ytd,total_revenues,total revenues,CLR,"Nine Months Ended October 31, 2025",M_USD,24930.0,167_total_assets_prior_fy_end,total_assets,total assets,CLR,"December 31, 2024",M_USD,12390.0,166_total_assets_current_quarter_end,total_assets,total assets,CLR,"October 31, 2025",M_USD,12931.0,,,,,,,,,,,,,,,,,,,,,,,,,,,,
942,1,"What is the difference between total assets and accounts payable for BLD in December 31, 2024?","diff(2937_total_assets_prior_fy_end, 5339_accounts_payable_prior_fy_end)","{""op"": ""diff"", ""left"": {""leaf"": ""2937_total_assets_prior_fy_end"", ""depth"": 0}, ""right"": {""leaf"": ""5339_accounts_payable_prior_fy_end"", ""depth"": 0}, ""depth"": 1}","{""op"": ""diff"", ""left"": {""kind"": ""leaf"", ""semantic_type_in"": [""amount""], ""depth"": 0}, ""right"": {""kind"": ""leaf"", ""semantic_type_in"": [""amount""], ""depth"": 0}, ""depth"": 1, ""kind"": ""node""}",810.0,1,1,1,555663896,917504421,918663111,0.241,1,2,2,2937_total_assets_prior_fy_end,total_assets,total assets,BLD,"December 31, 2024",M_USD,7861.0,5339_accounts_payable_prior_fy_end,accounts_payable,accounts payable,BLD,"December 31, 2024",M_USD,7051.0,,,,,,,,,,,,,,,,,,,,,,,,,,,,,,,,,,,,,,,,,,
943,2,"May you calculate the average gross profit for TRD from Three Months Ended April 30, 2024 to Three Months Ended April 30, 2025?","ratio(sum(5383_gross_profit_prior_year_quarter, 5382_gross_profit_current_quarter), 2.0)","{""op"": ""ratio"", ""left"": {""op"": ""sum"", ""left"": {""leaf"": ""5383_gross_profit_prior_year_quarter"", ""depth"": 0}, ""right"": {""leaf"": ""5382_gross_profit_current_quarter"", ""depth"": 0}, ""depth"": 1}, ""right"": {""literal"": 2.0, ""depth"": 0}, ""depth"": 2}","{""kind"": ""time_agg"", ""op"": ""avg"", ""depth"": 0}",6775.5,4,0,2,909757368,335027972,918663111,0.467,0,1,2,5383_gross_profit_prior_year_quarter,gross_profit,gross profit,TRD,"Three Months Ended April 30, 2024",M_USD,7076.0,5382_gross_profit_current_quarter,gross_profit,gross profit,TRD,"Three Months Ended April 30, 2025",M_USD,6475.0,,,,,,,,,,,,,,,,,,,,,,,,,,,,,,,,,,,,,,,,,,
944,1,"May you calculate the maximum of accounts receivable net for VRX from December 31, 2024 to July 31, 2025 ?","max(3143_accounts_receivable_net_prior_fy_end, 3142_accounts_receivable_net_current_quarter_end)","{""op"": ""max"", ""left"": {""leaf"": ""3143_accounts_receivable_net_prior_fy_end"", ""depth"": 0}, ""right"": {""leaf"": ""3142_accounts_receivable_net_current_quarter_end"", ""depth"": 0}, ""depth"": 1}","{""kind"": ""time_agg"", ""op"": ""max"", ""depth"": 0}",3085.0,2,0,1,551173972,446853954,918663111,0.25,0,1,2,3143_accounts_receivable_net_prior_fy_end,accounts_receivable_net,accounts receivable net,VRX,"December 31, 2024",M_USD,2928.0,3142_accounts_receivable_net_current_quarter_end,accounts_receivable_net,accounts receivable net,VRX,"July 31, 2025",M_USD,3085.0,,,,,,,,,,,,,,,,,,,,,,,,,,,,,,,,,,,,,,,,,,
945,1,"could you give the maximum of total non current liabilities for STR from December 31, 2024 to July 31, 2025 ?","max(3529_total_non_current_liabilities_prior_fy_end, 3528_total_non_current_liabilities_current_quarter_end)","{""op"": ""max"", ""left"": {""leaf"": ""3529_total_non_current_liabilities_prior_fy_end"", ""depth"": 0}, ""right"": {""leaf"": ""3528_total_non_current_liabilities_current_quarter_end"", ""depth"": 0}, ""depth"": 1}","{""kind"": ""time_agg"", ""op"": ""max"", ""depth"": 0}",3818.0,3,0,1,553130166,844525829,918663111,0.259,0,1,2,3529_total_non_current_liabilities_prior_fy_end,total_non_current_liabilities,total non current liabilities,STR,"December 31, 2024",M_USD,3818.0,3528_total_non_current_liabilities_current_quarter_end,total_non_current_liabilities,total non current liabilities,STR,"July 31, 2025",M_USD,3730.0,,,,,,,,,,,,,,,,,,,,,,,,,,,,,,,,,,,,,,,,,,
946,2,"you should calculate the average goodwill for STR from December 31, 2024 to July 31, 2025","ratio(sum(3507_goodwill_prior_fy_end, 3506_goodwill_current_quarter_end), 2.0)","{""op"": ""ratio"", ""left"": {""op"": ""sum"", ""left"": {""leaf"": ""3507_goodwill_prior_fy_end"", ""depth"": 0}, ""right"": {""leaf"": ""3506_goodwill_current_quarter_end"", ""depth"": 0}, ""depth"": 1}, ""right"": {""literal"": 2.0, ""depth"": 0}, ""depth"": 2}","{""kind"": ""time_agg"", ""op"": ""avg"", ""depth"": 0}",3094.0,2,0,2,529651614,620326092,918663111,0.143,0,1,2,3507_goodwill_prior_fy_end,goodwill,goodwill,STR,"December 31, 2024",M_USD,3130.0,3506_goodwill_current_quarter_end,goodwill,goodwill,STR,"July 31, 2025",M_USD,3058.0,,,,,,,,,,,,,,,,,,,,,,,,,,,,,,,,,,,,,,,,,,
947,2,"What do we obtain as the average long term marketable securities for GRD from December 31, 2024 to July 31, 2025","ratio(sum(285_long_term_marketable_securities_prior_fy_end, 284_long_term_marketable_securities_current_quarter_end), 2.0)","{""op"": ""ratio"", ""left"": {""op"": ""sum"", ""left"": {""leaf"": ""285_long_term_marketable_securities_prior_fy_end"", ""depth"": 0}, ""right"": {""leaf"": ""284_long_term_marketable_securities_current_quarter_end"", ""depth"": 0}, ""depth"": 1}, ""right"": {""literal"": 2.0, ""depth"": 0}, ""depth"": 2}","{""kind"": ""time_agg"", ""op"": ""avg"", ""depth"": 0}",1164.0,2,0,2,806732466,602962906,918663111,0.405,0,1,2,285_long_term_marketable_securities_prior_fy_end,long_term_marketable_securities,long term marketable securities,GRD,"December 31, 2024",M_USD,1208.0,284_long_term_marketable_securities_current_quarter_end,long_term_marketable_securities,long term marketable securities,GRD,"July 31, 2025",M_USD,1120.0,,,,,,,,,,,,,,,,,,,,,,,,,,,,,,,,,,,,,,,,,,
948,1,"Could you give the minimum of gross profit for TPH from Nine Months Ended October 31, 2024 to Nine Months Ended October 31, 2025","min(2749_gross_profit_prior_year_ytd, 2748_gross_profit_current_ytd)","{""op"": ""min"", ""left"": {""leaf"": ""2749_gross_profit_prior_year_ytd"", ""depth"": 0}, ""right"": {""leaf"": ""2748_gross_profit_current_ytd"", ""depth"": 0}, ""depth"": 1}","{""kind"": ""time_agg"", ""op"": ""min"", ""depth"": 0}",44721.0,2,0,1,296102733,650247308,918663111,0.328,0,1,2,2749_gross_profit_prior_year_ytd,gross_profit,gross profit,TPH,"Nine Months Ended October 31, 2024",M_USD,45648.0,2748_gross_profit_current_ytd,gross_profit,gross profit,TPH,"Nine Months Ended October 31, 2025",M_USD,44721.0,,,,,,,,,,,,,,,,,,,,,,,,,,,,,,,,,,,,,,,,,,
949,1,"what is the minimum of accrued expenses and other for AST from December 31, 2024 to July 31, 2025?","min(4851_accrued_expenses_and_other_prior_fy_end, 4850_accrued_expenses_and_other_current_quarter_end)","{""op"": ""min"", ""left"": {""leaf"": ""4851_accrued_expenses_and_other_prior_fy_end"", ""depth"": 0}, ""right"": {""leaf"": ""4850_accrued_expenses_and_other_current_quarter_end"", ""depth"": 0}, ""depth"": 1}","{""kind"": ""time_agg"", ""op"": ""min"", ""depth"": 0}",911.0,2,0,1,956740038,502589106,918663111,0.494,0,1,2,4851_accrued_expenses_and_other_prior_fy_end,accrued_expenses_and_other,accrued expenses and other,AST,"December 31, 2024",M_USD,911.0,4850_accrued_expenses_and_other_current_quarter_end,accrued_expenses_and_other,accrued expenses and other,AST,"July 31, 2025",M_USD,917.0,,,,,,,,,,,,,,,,,,,,,,,,,,,,,,,,,,,,,,,,,,
950,2,"Whats the value of the average property plant and equipment net for CRZ from December 31, 2024 to October 31, 2025 ?","ratio(sum(4953_property_plant_and_equipment_net_prior_fy_end, 4952_property_plant_and_equipment_net_current_quarter_end), 2.0)","{""op"": ""ratio"", ""left"": {""op"": ""sum"", ""left"": {""leaf"": ""4953_property_plant_and_equipment_net_prior_fy_end"", ""depth"": 0}, ""right"": {""leaf"": ""4952_property_plant_and_equipment_net_current_quarter_end"", ""depth"": 0}, ""depth"": 1}, ""right"": {""literal"": 2.0, ""depth"": 0}, ""depth"": 2}","{""kind"": ""time_agg"", ""op"": ""avg"", ""depth"": 0}",5019.0,2,0,2,629442854,910840112,918663111,0.238,0,1,2,4953_property_plant_and_equipment_net_prior_fy_end,property_plant_and_equipment_net,property plant and equipment net,CRZ,"December 31, 2024",M_USD,4912.0,4952_property_plant_and_equipment_net_current_quarter_end,property_plant_and_equipment_net,property plant and equipment net,CRZ,"October 31, 2025",M_USD,5126.0,,,,,,,,,,,,,,,,,,,,,,,,,,,,,,,,,,,,,,,,,,
951,2,"Evaluate the average other non current assets for VTL from December 31, 2024 to April 30, 2025 .","ratio(sum(42_other_non_current_assets_current_quarter_end, 4101_other_non_current_assets_prior_fy_end), 2.0)","{""op"": ""ratio"", ""left"": {""op"": ""sum"", ""left"": {""leaf"": ""42_other_non_current_assets_current_quarter_end"", ""depth"": 0}, ""right"": {""leaf"": ""4101_other_non_current_assets_prior_fy_end"", ""depth"": 0}, ""depth"": 1}, ""right"": {""literal"": 2.0, ""depth"": 0}, ""depth"": 2}","{""kind"": ""time_agg"", ""op"": ""avg"", ""depth"": 0}",190.5,3,0,2,218011394,956371524,918663111,0.489,0,1,2,42_other_non_current_assets_current_quarter_end,other_non_current_assets,other non current assets,VTL,"April 30, 2025",M_USD,80.0,4101_other_non_current_assets_prior_fy_end,other_non_current_assets,other non current assets,VTL,"December 31, 2024",M_USD,301.0,,,,,,,,,,,,,,,,,,,,,,,,,,,,,,,,,,,,,,,,,,
952,2,"You should calculate the average property plant and equipment net for CIV from December 31, 2024 to October 31, 2025 .","ratio(sum(3041_property_plant_and_equipment_net_prior_fy_end, 3040_property_plant_and_equipment_net_current_quarter_end), 2.0)","{""op"": ""ratio"", ""left"": {""op"": ""sum"", ""left"": {""leaf"": ""3041_property_plant_and_equipment_net_prior_fy_end"", ""depth"": 0}, ""right"": {""leaf"": ""3040_property_plant_and_equipment_net_current_quarter_end"", ""depth"": 0}, ""depth"": 1}, ""right"": {""literal"": 2.0, ""depth"": 0}, ""depth"": 2}","{""kind"": ""time_agg"", ""op"": ""avg"", ""depth"": 0}",788.5,1,0,2,736235648,697977107,918663111,0.267,0,1,2,3041_property_plant_and_equipment_net_prior_fy_end,property_plant_and_equipment_net,property plant and equipment net,CIV,"December 31, 2024",M_USD,762.0,3040_property_plant_and_equipment_net_current_quarter_end,property_plant_and_equipment_net,property plant and equipment net,CIV,"October 31, 2025",M_USD,815.0,,,,,,,,,,,,,,,,,,,,,,,,,,,,,,,,,,,,,,,,,,
953,1,"state the maximum of cost of sales for VRX from Three Months Ended July 31, 2024 to Three Months Ended July 31, 2025.","max(3095_cost_of_sales_prior_year_quarter, 3094_cost_of_sales_current_quarter)","{""op"": ""max"", ""left"": {""leaf"": ""3095_cost_of_sales_prior_year_quarter"", ""depth"": 0}, ""right"": {""leaf"": ""3094_cost_of_sales_current_quarter"", ""depth"": 0}, ""depth"": 1}","{""kind"": ""time_agg"", ""op"": ""max"", ""depth"": 0}",6915.0,4,0,1,760593992,247543432,918663111,0.208,0,1,2,3095_cost_of_sales_prior_year_quarter,cost_of_sales,cost of sales,VRX,"Three Months Ended July 31, 2024",M_USD,6225.0,3094_cost_of_sales_current_quarter,cost_of_sales,cost of sales,VRX,"Three Months Ended July 31, 2025",M_USD,6915.0,,,,,,,,,,,,,,,,,,,,,,,,,,,,,,,,,,,,,,,,,,
954,1,"calculate the maximum of stock based compensation for QRK from Six Months Ended April 30, 2025 to Six Months Ended April 30, 2026 .","max(3671_stock_based_compensation_prior_ytd, 3670_stock_based_compensation_current_ytd)","{""op"": ""max"", ""left"": {""leaf"": ""3671_stock_based_compensation_prior_ytd"", ""depth"": 0}, ""right"": {""leaf"": ""3670_stock_based_compensation_current_ytd"", ""depth"": 0}, ""depth"": 1}","{""kind"": ""time_agg"", ""op"": ""max"", ""depth"": 0}",1770.0,3,0,1,90599844,554933489,918663111,0.217,0,1,2,3671_stock_based_compensation_prior_ytd,stock_based_compensation,stock based compensation,QRK,"Six Months Ended April 30, 2025",M_USD,1770.0,3670_stock_based_compensation_current_ytd,stock_based_compensation,stock based compensation,QRK,"Six Months Ended April 30, 2026",M_USD,1581.0,,,,,,,,,,,,,,,,,,,,,,,,,,,,,,,,,,,,,,,,,,
955,0,"Which value corresponds to the net cash from operating for JTX in Three Months Ended April 30, 2024",4231_net_cash_from_operating_prior_ytd,"{""leaf"": ""4231_net_cash_from_operating_prior_ytd"", ""depth"": 0}","{""kind"": ""leaf"", ""semantic_type_in"": [""amount""], ""depth"": 0}",2745.0,3,0,0,863308376,332708668,918663111,0.29,0,1,1,4231_net_cash_from_operating_prior_ytd,net_cash_from_operating,net cash from operating,JTX,"Three Months Ended April 30, 2024",M_USD,2745.0,,,,,,,,,,,,,,,,,,,,,,,,,,,,,,,,,,,,,,,,,,,,,,,,,
956,1,"What does the following give: minimum of operating income for JTX from Three Months Ended April 30, 2024 to Three Months Ended April 30, 2025 ?","min(4173_operating_income_prior_year_quarter, 4172_operating_income_current_quarter)","{""op"": ""min"", ""left"": {""leaf"": ""4173_operating_income_prior_year_quarter"", ""depth"": 0}, ""right"": {""leaf"": ""4172_operating_income_current_quarter"", ""depth"": 0}, ""depth"": 1}","{""kind"": ""time_agg"", ""op"": ""min"", ""depth"": 0}",2227.0,1,0,1,836404185,167860237,918663111,0.414,0,1,2,4173_operating_income_prior_year_quarter,operating_income,operating income,JTX,"Three Months Ended April 30, 2024",M_USD,2227.0,4172_operating_income_current_quarter,operating_income,operating income,JTX,"Three Months Ended April 30, 2025",M_USD,2274.0,,,,,,,,,,,,,,,,,,,,,,,,,,,,,,,,,,,,,,,,,,
957,3,"Determine the sum of ratio of sum of accounts payable for INF in December 31, 2024 and accounts payable for INF in July 31, 2025 to 2.0 and minimum of total current liabilities for INF from December 31, 2024 to July 31, 2025.","sum(ratio(sum(3867_accounts_payable_prior_fy_end, 3866_accounts_payable_current_quarter_end), 2.0), min(3875_total_current_liabilities_prior_fy_end, 3874_total_current_liabilities_current_quarter_end))","{""op"": ""sum"", ""left"": {""op"": ""ratio"", ""left"": {""op"": ""sum"", ""left"": {""leaf"": ""3867_accounts_payable_prior_fy_end"", ""depth"": 0}, ""right"": {""leaf"": ""3866_accounts_payable_current_quarter_end"", ""depth"": 0}, ""depth"": 1}, ""right"": {""literal"": 2.0, ""depth"": 0}, ""depth"": 2}, ""right"": {""op"": ""min"", ""left"": {""leaf"": ""3875_total_current_liabilities_prior_fy_end"", ""depth"": 0}, ""right"": {""leaf"": ""3874_total_current_liabilities_current_quarter_end"", ""depth"": 0}, ""depth"": 1}, ""depth"": 3}","{""op"": ""sum"", ""left"": {""kind"": ""time_agg"", ""op"": ""avg"", ""depth"": 0}, ""right"": {""kind"": ""time_agg"", ""op"": ""min"", ""depth"": 0}, ""depth"": 1, ""kind"": ""node""}",11544.5,2,1,3,752304855,30430650,918663111,0.248,1,2,4,3867_accounts_payable_prior_fy_end,accounts_payable,accounts payable,INF,"December 31, 2024",M_USD,4425.0,3866_accounts_payable_current_quarter_end,accounts_payable,accounts payable,INF,"July 31, 2025",M_USD,4430.0,3875_total_current_liabilities_prior_fy_end,total_current_liabilities,total current liabilities,INF,"December 31, 2024",M_USD,7117.0,3874_total_current_liabilities_current_quarter_end,total_current_liabilities,total current liabilities,INF,"July 31, 2025",M_USD,7125.0,,,,,,,,,,,,,,,,,,,,,,,,,,,,
958,1,"which result follows from the maximum of cost of sales for PRF from Three Months Ended April 30, 2024 to Three Months Ended April 30, 2025","max(2161_cost_of_sales_prior_year_quarter, 2160_cost_of_sales_current_quarter)","{""op"": ""max"", ""left"": {""leaf"": ""2161_cost_of_sales_prior_year_quarter"", ""depth"": 0}, ""right"": {""leaf"": ""2160_cost_of_sales_current_quarter"", ""depth"": 0}, ""depth"": 1}","{""kind"": ""time_agg"", ""op"": ""max"", ""depth"": 0}",680.0,2,0,1,724436998,680797319,918663111,0.103,0,1,2,2161_cost_of_sales_prior_year_quarter,cost_of_sales,cost of sales,PRF,"Three Months Ended April 30, 2024",M_USD,658.0,2160_cost_of_sales_current_quarter,cost_of_sales,cost of sales,PRF,"Three Months Ended April 30, 2025",M_USD,680.0,,,,,,,,,,,,,,,,,,,,,,,,,,,,,,,,,,,,,,,,,,
959,1,"may you calculate the maximum of Royalties and other for VRX from Six Months Ended July 31, 2024 to Six Months Ended July 31, 2025","max(3217_royalties_and_other_prior_year_ytd, 3213_royalties_and_other_current_ytd)","{""op"": ""max"", ""left"": {""leaf"": ""3217_royalties_and_other_prior_year_ytd"", ""depth"": 0}, ""right"": {""leaf"": ""3213_royalties_and_other_current_ytd"", ""depth"": 0}, ""depth"": 1}","{""kind"": ""time_agg"", ""op"": ""max"", ""depth"": 0}",4778.0,2,0,1,656619637,993871505,918663111,0.42,0,1,2,3217_royalties_and_other_prior_year_ytd,royalties_and_other,Royalties and other,VRX,"Six Months Ended July 31, 2024",M_USD,4302.0,3213_royalties_and_other_current_ytd,royalties_and_other,Royalties and other,VRX,"Six Months Ended July 31, 2025",M_USD,4778.0,,,,,,,,,,,,,,,,,,,,,,,,,,,,,,,,,,,,,,,,,,
960,2,"What would be the average inventories for FIN from December 31, 2024 to April 30, 2025?","ratio(sum(4280_inventories_current_quarter_end, 4281_inventories_prior_fy_end), 2.0)","{""op"": ""ratio"", ""left"": {""op"": ""sum"", ""left"": {""leaf"": ""4280_inventories_current_quarter_end"", ""depth"": 0}, ""right"": {""leaf"": ""4281_inventories_prior_fy_end"", ""depth"": 0}, ""depth"": 1}, ""right"": {""literal"": 2.0, ""depth"": 0}, ""depth"": 2}","{""kind"": ""time_agg"", ""op"": ""avg"", ""depth"": 0}",31.0,1,0,2,131694563,834206812,918663111,0.248,0,1,2,4280_inventories_current_quarter_end,inventories,inventories,FIN,"April 30, 2025",M_USD,33.0,4281_inventories_prior_fy_end,inventories,inventories,FIN,"December 31, 2024",M_USD,29.0,,,,,,,,,,,,,,,,,,,,,,,,,,,,,,,,,,,,,,,,,,
961,1,"what's the value of the minimum of gross profit for CLR from Three Months Ended October 31, 2024 to Three Months Ended October 31, 2025","min(105_gross_profit_prior_year_quarter, 104_gross_profit_current_quarter)","{""op"": ""min"", ""left"": {""leaf"": ""105_gross_profit_prior_year_quarter"", ""depth"": 0}, ""right"": {""leaf"": ""104_gross_profit_current_quarter"", ""depth"": 0}, ""depth"": 1}","{""kind"": ""time_agg"", ""op"": ""min"", ""depth"": 0}",5659.0,1,0,1,955310498,759472000,918663111,0.371,0,1,2,105_gross_profit_prior_year_quarter,gross_profit,gross profit,CLR,"Three Months Ended October 31, 2024",M_USD,6165.0,104_gross_profit_current_quarter,gross_profit,gross profit,CLR,"Three Months Ended October 31, 2025",M_USD,5659.0,,,,,,,,,,,,,,,,,,,,,,,,,,,,,,,,,,,,,,,,,,
962,1,"Which result follows from the minimum of selling general and administrative for PRD from Three Months Ended October 31, 2024 to Three Months Ended October 31, 2025","min(1819_selling_general_and_administrative_prior_year_quarter, 1818_selling_general_and_administrative_current_quarter)","{""op"": ""min"", ""left"": {""leaf"": ""1819_selling_general_and_administrative_prior_year_quarter"", ""depth"": 0}, ""right"": {""leaf"": ""1818_selling_general_and_administrative_current_quarter"", ""depth"": 0}, ""depth"": 1}","{""kind"": ""time_agg"", ""op"": ""min"", ""depth"": 0}",1708.0,2,0,1,315950311,554554070,918663111,0.521,0,1,2,1819_selling_general_and_administrative_prior_year_quarter,selling_general_and_administrative,selling general and administrative,PRD,"Three Months Ended October 31, 2024",M_USD,1708.0,1818_selling_general_and_administrative_current_quarter,selling_general_and_administrative,selling general and administrative,PRD,"Three Months Ended October 31, 2025",M_USD,1936.0,,,,,,,,,,,,,,,,,,,,,,,,,,,,,,,,,,,,,,,,,,
963,2,"Which quantity is given by the average gross profit for QRK from Three Months Ended April 30, 2025 to Three Months Ended April 30, 2026","ratio(sum(3579_gross_profit_prior_year_quarter, 3578_gross_profit_current_quarter), 2.0)","{""op"": ""ratio"", ""left"": {""op"": ""sum"", ""left"": {""leaf"": ""3579_gross_profit_prior_year_quarter"", ""depth"": 0}, ""right"": {""leaf"": ""3578_gross_profit_current_quarter"", ""depth"": 0}, ""depth"": 1}, ""right"": {""literal"": 2.0, ""depth"": 0}, ""depth"": 2}","{""kind"": ""time_agg"", ""op"": ""avg"", ""depth"": 0}",52068.5,2,0,2,211254134,820621709,918663111,0.195,0,1,2,3579_gross_profit_prior_year_quarter,gross_profit,gross profit,QRK,"Three Months Ended April 30, 2025",M_USD,55012.0,3578_gross_profit_current_quarter,gross_profit,gross profit,QRK,"Three Months Ended April 30, 2026",M_USD,49125.0,,,,,,,,,,,,,,,,,,,,,,,,,,,,,,,,,,,,,,,,,,
964,0,"which value corresponds to the total current assets for MED in October 31, 2025?",1972_total_current_assets_current_quarter_end,"{""leaf"": ""1972_total_current_assets_current_quarter_end"", ""depth"": 0}","{""kind"": ""leaf"", ""semantic_type_in"": [""amount""], ""depth"": 0}",1624.0,1,0,0,938641555,816949179,918663111,0.467,0,1,1,1972_total_current_assets_current_quarter_end,total_current_assets,total current assets,MED,"October 31, 2025",M_USD,1624.0,,,,,,,,,,,,,,,,,,,,,,,,,,,,,,,,,,,,,,,,,,,,,,,,,
965,1,"which value corresponds to the minimum of total costs and expenses for MED from Three Months Ended October 31, 2024 to Three Months Ended October 31, 2025 ?","min(1935_total_costs_and_expenses_prior_year_quarter, 1934_total_costs_and_expenses_current_quarter)","{""op"": ""min"", ""left"": {""leaf"": ""1935_total_costs_and_expenses_prior_year_quarter"", ""depth"": 0}, ""right"": {""leaf"": ""1934_total_costs_and_expenses_current_quarter"", ""depth"": 0}, ""depth"": 1}","{""kind"": ""time_agg"", ""op"": ""min"", ""depth"": 0}",2791.0,4,0,1,425368682,526213124,918663111,0.421,0,1,2,1935_total_costs_and_expenses_prior_year_quarter,total_costs_and_expenses,total costs and expenses,MED,"Three Months Ended October 31, 2024",M_USD,2916.0,1934_total_costs_and_expenses_current_quarter,total_costs_and_expenses,total costs and expenses,MED,"Three Months Ended October 31, 2025",M_USD,2791.0,,,,,,,,,,,,,,,,,,,,,,,,,,,,,,,,,,,,,,,,,,
966,0,"What is the inventories for BLD in July 31, 2025",2920_inventories_current_quarter_end,"{""leaf"": ""2920_inventories_current_quarter_end"", ""depth"": 0}","{""kind"": ""leaf"", ""semantic_type_in"": [""amount""], ""depth"": 0}",436.0,1,0,0,471738002,471566907,918663111,0.217,0,1,1,2920_inventories_current_quarter_end,inventories,inventories,BLD,"July 31, 2025",M_USD,436.0,,,,,,,,,,,,,,,,,,,,,,,,,,,,,,,,,,,,,,,,,,,,,,,,,
967,2,"may you calculate the average other non current liabilities for TRU from December 31, 2024 to July 31, 2025","ratio(sum(773_other_non_current_liabilities_prior_fy_end, 772_other_non_current_liabilities_current_quarter_end), 2.0)","{""op"": ""ratio"", ""left"": {""op"": ""sum"", ""left"": {""leaf"": ""773_other_non_current_liabilities_prior_fy_end"", ""depth"": 0}, ""right"": {""leaf"": ""772_other_non_current_liabilities_current_quarter_end"", ""depth"": 0}, ""depth"": 1}, ""right"": {""literal"": 2.0, ""depth"": 0}, ""depth"": 2}","{""kind"": ""time_agg"", ""op"": ""avg"", ""depth"": 0}",1207.5,2,0,2,735690777,298848874,918663111,0.549,0,1,2,773_other_non_current_liabilities_prior_fy_end,other_non_current_liabilities,other non current liabilities,TRU,"December 31, 2024",M_USD,1225.0,772_other_non_current_liabilities_current_quarter_end,other_non_current_liabilities,other non current liabilities,TRU,"July 31, 2025",M_USD,1190.0,,,,,,,,,,,,,,,,,,,,,,,,,,,,,,,,,,,,,,,,,,
968,1,"what do we obtain as the maximum of accounts payable for GRD from December 31, 2024 to July 31, 2025 ?","max(297_accounts_payable_prior_fy_end, 296_accounts_payable_current_quarter_end)","{""op"": ""max"", ""left"": {""leaf"": ""297_accounts_payable_prior_fy_end"", ""depth"": 0}, ""right"": {""leaf"": ""296_accounts_payable_current_quarter_end"", ""depth"": 0}, ""depth"": 1}","{""kind"": ""time_agg"", ""op"": ""max"", ""depth"": 0}",4284.0,1,0,1,243451234,638704759,918663111,0.247,0,1,2,297_accounts_payable_prior_fy_end,accounts_payable,accounts payable,GRD,"December 31, 2024",M_USD,4284.0,296_accounts_payable_current_quarter_end,accounts_payable,accounts payable,GRD,"July 31, 2025",M_USD,3970.0,,,,,,,,,,,,,,,,,,,,,,,,,,,,,,,,,,,,,,,,,,
969,2,"which result follows from the average other non current liabilities for PLX from September 30, 2025 to July 31, 2026?","ratio(sum(4426_other_non_current_liabilities_current_quarter_end, 4427_other_non_current_liabilities_prior_fy_end), 2.0)","{""op"": ""ratio"", ""left"": {""op"": ""sum"", ""left"": {""leaf"": ""4426_other_non_current_liabilities_current_quarter_end"", ""depth"": 0}, ""right"": {""leaf"": ""4427_other_non_current_liabilities_prior_fy_end"", ""depth"": 0}, ""depth"": 1}, ""right"": {""literal"": 2.0, ""depth"": 0}, ""depth"": 2}","{""kind"": ""time_agg"", ""op"": ""avg"", ""depth"": 0}",514.0,4,0,2,745696724,573052225,918663111,0.564,0,1,2,4426_other_non_current_liabilities_current_quarter_end,other_non_current_liabilities,other non current liabilities,PLX,"July 31, 2026",M_USD,555.0,4427_other_non_current_liabilities_prior_fy_end,other_non_current_liabilities,other non current liabilities,PLX,"September 30, 2025",M_USD,473.0,,,,,,,,,,,,,,,,,,,,,,,,,,,,,,,,,,,,,,,,,,
970,1,"May you calculate the maximum of provision for income taxes for TRD from Three Months Ended April 30, 2024 to Three Months Ended April 30, 2025 ?","max(5395_provision_for_income_taxes_prior_year_quarter, 5394_provision_for_income_taxes_current_quarter)","{""op"": ""max"", ""left"": {""leaf"": ""5395_provision_for_income_taxes_prior_year_quarter"", ""depth"": 0}, ""right"": {""leaf"": ""5394_provision_for_income_taxes_current_quarter"", ""depth"": 0}, ""depth"": 1}","{""kind"": ""time_agg"", ""op"": ""max"", ""depth"": 0}",782.0,4,0,1,664373169,344131554,918663111,0.337,0,1,2,5395_provision_for_income_taxes_prior_year_quarter,provision_for_income_taxes,provision for income taxes,TRD,"Three Months Ended April 30, 2024",M_USD,782.0,5394_provision_for_income_taxes_current_quarter,provision_for_income_taxes,provision for income taxes,TRD,"Three Months Ended April 30, 2025",M_USD,716.0,,,,,,,,,,,,,,,,,,,,,,,,,,,,,,,,,,,,,,,,,,
971,1,"What does the following give: maximum of Patient service revenue for MED from Six Months Ended July 31, 2024 to Six Months Ended July 31, 2025","max(1800_patient_service_revenue_prior_year_ytd, 1796_patient_service_revenue_current_ytd)","{""op"": ""max"", ""left"": {""leaf"": ""1800_patient_service_revenue_prior_year_ytd"", ""depth"": 0}, ""right"": {""leaf"": ""1796_patient_service_revenue_current_ytd"", ""depth"": 0}, ""depth"": 1}","{""kind"": ""time_agg"", ""op"": ""max"", ""depth"": 0}",10726.0,2,0,1,193614827,920427585,918663111,0.353,0,1,2,1800_patient_service_revenue_prior_year_ytd,patient_service_revenue,Patient service revenue,MED,"Six Months Ended July 31, 2024",M_USD,10000.0,1796_patient_service_revenue_current_ytd,patient_service_revenue,Patient service revenue,MED,"Six Months Ended July 31, 2025",M_USD,10726.0,,,,,,,,,,,,,,,,,,,,,,,,,,,,,,,,,,,,,,,,,,
972,1,"what would be the maximum of deferred revenue current for DTA from December 31, 2024 to April 30, 2025","max(4520_deferred_revenue_current_current_quarter_end, 4521_deferred_revenue_current_prior_fy_end)","{""op"": ""max"", ""left"": {""leaf"": ""4520_deferred_revenue_current_current_quarter_end"", ""depth"": 0}, ""right"": {""leaf"": ""4521_deferred_revenue_current_prior_fy_end"", ""depth"": 0}, ""depth"": 1}","{""kind"": ""time_agg"", ""op"": ""max"", ""depth"": 0}",905.0,2,0,1,62855833,255861762,918663111,0.45,0,1,2,4520_deferred_revenue_current_current_quarter_end,deferred_revenue_current,deferred revenue current,DTA,"April 30, 2025",M_USD,891.0,4521_deferred_revenue_current_prior_fy_end,deferred_revenue_current,deferred revenue current,DTA,"December 31, 2024",M_USD,905.0,,,,,,,,,,,,,,,,,,,,,,,,,,,,,,,,,,,,,,,,,,
973,2,"May you give the average other non current assets for VTL from December 31, 2024 to April 30, 2025 ?","ratio(sum(42_other_non_current_assets_current_quarter_end, 43_other_non_current_assets_prior_fy_end), 2.0)","{""op"": ""ratio"", ""left"": {""op"": ""sum"", ""left"": {""leaf"": ""42_other_non_current_assets_current_quarter_end"", ""depth"": 0}, ""right"": {""leaf"": ""43_other_non_current_assets_prior_fy_end"", ""depth"": 0}, ""depth"": 1}, ""right"": {""literal"": 2.0, ""depth"": 0}, ""depth"": 2}","{""kind"": ""time_agg"", ""op"": ""avg"", ""depth"": 0}",80.5,1,0,2,668455613,382600090,918663111,0.288,0,1,2,42_other_non_current_assets_current_quarter_end,other_non_current_assets,other non current assets,VTL,"April 30, 2025",M_USD,80.0,43_other_non_current_assets_prior_fy_end,other_non_current_assets,other non current assets,VTL,"December 31, 2024",M_USD,81.0,,,,,,,,,,,,,,,,,,,,,,,,,,,,,,,,,,,,,,,,,,
974,1,"what is the maximum of accounts receivable net for AST from December 31, 2024 to July 31, 2025?","max(4827_accounts_receivable_net_prior_fy_end, 4826_accounts_receivable_net_current_quarter_end)","{""op"": ""max"", ""left"": {""leaf"": ""4827_accounts_receivable_net_prior_fy_end"", ""depth"": 0}, ""right"": {""leaf"": ""4826_accounts_receivable_net_current_quarter_end"", ""depth"": 0}, ""depth"": 1}","{""kind"": ""time_agg"", ""op"": ""max"", ""depth"": 0}",2948.0,2,0,1,585202734,609047904,918663111,0.584,0,1,2,4827_accounts_receivable_net_prior_fy_end,accounts_receivable_net,accounts receivable net,AST,"December 31, 2024",M_USD,2930.0,4826_accounts_receivable_net_current_quarter_end,accounts_receivable_net,accounts receivable net,AST,"July 31, 2025",M_USD,2948.0,,,,,,,,,,,,,,,,,,,,,,,,,,,,,,,,,,,,,,,,,,
975,1,"which result follows from the maximum of total costs and expenses for PLZ from Three Months Ended July 31, 2024 to Three Months Ended July 31, 2025 ?","max(2063_total_costs_and_expenses_prior_year_quarter, 2062_total_costs_and_expenses_current_quarter)","{""op"": ""max"", ""left"": {""leaf"": ""2063_total_costs_and_expenses_prior_year_quarter"", ""depth"": 0}, ""right"": {""leaf"": ""2062_total_costs_and_expenses_current_quarter"", ""depth"": 0}, ""depth"": 1}","{""kind"": ""time_agg"", ""op"": ""max"", ""depth"": 0}",72184.0,3,0,1,265362392,13155422,918663111,0.227,0,1,2,2063_total_costs_and_expenses_prior_year_quarter,total_costs_and_expenses,total costs and expenses,PLZ,"Three Months Ended July 31, 2024",M_USD,72184.0,2062_total_costs_and_expenses_current_quarter,total_costs_and_expenses,total costs and expenses,PLZ,"Three Months Ended July 31, 2025",M_USD,67174.0,,,,,,,,,,,,,,,,,,,,,,,,,,,,,,,,,,,,,,,,,,
976,1,"give the minimum of long term marketable securities for MRT from December 31, 2024 to April 30, 2025.","min(1380_long_term_marketable_securities_current_quarter_end, 1381_long_term_marketable_securities_prior_fy_end)","{""op"": ""min"", ""left"": {""leaf"": ""1380_long_term_marketable_securities_current_quarter_end"", ""depth"": 0}, ""right"": {""leaf"": ""1381_long_term_marketable_securities_prior_fy_end"", ""depth"": 0}, ""depth"": 1}","{""kind"": ""time_agg"", ""op"": ""min"", ""depth"": 0}",3565.0,3,0,1,308318538,341208289,918663111,0.49,0,1,2,1380_long_term_marketable_securities_current_quarter_end,long_term_marketable_securities,long term marketable securities,MRT,"April 30, 2025",M_USD,4129.0,1381_long_term_marketable_securities_prior_fy_end,long_term_marketable_securities,long term marketable securities,MRT,"December 31, 2024",M_USD,3565.0,,,,,,,,,,,,,,,,,,,,,,,,,,,,,,,,,,,,,,,,,,
977,2,"which quantity is given by the average total current liabilities for SCI from December 31, 2024 to July 31, 2025?","ratio(sum(5091_total_current_liabilities_prior_fy_end, 5090_total_current_liabilities_current_quarter_end), 2.0)","{""op"": ""ratio"", ""left"": {""op"": ""sum"", ""left"": {""leaf"": ""5091_total_current_liabilities_prior_fy_end"", ""depth"": 0}, ""right"": {""leaf"": ""5090_total_current_liabilities_current_quarter_end"", ""depth"": 0}, ""depth"": 1}, ""right"": {""literal"": 2.0, ""depth"": 0}, ""depth"": 2}","{""kind"": ""time_agg"", ""op"": ""avg"", ""depth"": 0}",2175.5,1,0,2,317860530,896785082,918663111,0.311,0,1,2,5091_total_current_liabilities_prior_fy_end,total_current_liabilities,total current liabilities,SCI,"December 31, 2024",M_USD,2027.0,5090_total_current_liabilities_current_quarter_end,total_current_liabilities,total current liabilities,SCI,"July 31, 2025",M_USD,2324.0,,,,,,,,,,,,,,,,,,,,,,,,,,,,,,,,,,,,,,,,,,
978,1,"You should calculate the minimum of cash and cash equivalents for STR from December 31, 2024 to July 31, 2025.","min(3491_cash_and_cash_equivalents_prior_fy_end, 3490_cash_and_cash_equivalents_current_quarter_end)","{""op"": ""min"", ""left"": {""leaf"": ""3491_cash_and_cash_equivalents_prior_fy_end"", ""depth"": 0}, ""right"": {""leaf"": ""3490_cash_and_cash_equivalents_current_quarter_end"", ""depth"": 0}, ""depth"": 1}","{""kind"": ""time_agg"", ""op"": ""min"", ""depth"": 0}",2181.0,3,0,1,340360034,236202695,918663111,0.229,0,1,2,3491_cash_and_cash_equivalents_prior_fy_end,cash_and_cash_equivalents,cash and cash equivalents,STR,"December 31, 2024",M_USD,2232.0,3490_cash_and_cash_equivalents_current_quarter_end,cash_and_cash_equivalents,cash and cash equivalents,STR,"July 31, 2025",M_USD,2181.0,,,,,,,,,,,,,,,,,,,,,,,,,,,,,,,,,,,,,,,,,,
979,1,"provide the maximum of stock based compensation for AST from Six Months Ended July 31, 2024 to Six Months Ended July 31, 2025","max(4875_stock_based_compensation_prior_ytd, 4874_stock_based_compensation_current_ytd)","{""op"": ""max"", ""left"": {""leaf"": ""4875_stock_based_compensation_prior_ytd"", ""depth"": 0}, ""right"": {""leaf"": ""4874_stock_based_compensation_current_ytd"", ""depth"": 0}, ""depth"": 1}","{""kind"": ""time_agg"", ""op"": ""max"", ""depth"": 0}",562.0,1,0,1,470355265,161144249,918663111,0.288,0,1,2,4875_stock_based_compensation_prior_ytd,stock_based_compensation,stock based compensation,AST,"Six Months Ended July 31, 2024",M_USD,542.0,4874_stock_based_compensation_current_ytd,stock_based_compensation,stock based compensation,AST,"Six Months Ended July 31, 2025",M_USD,562.0,,,,,,,,,,,,,,,,,,,,,,,,,,,,,,,,,,,,,,,,,,
980,2,"may you calculate the average total current assets for TRU from December 31, 2024 to July 31, 2025?","ratio(sum(631_total_current_assets_prior_fy_end, 746_total_current_assets_current_quarter_end), 2.0)","{""op"": ""ratio"", ""left"": {""op"": ""sum"", ""left"": {""leaf"": ""631_total_current_assets_prior_fy_end"", ""depth"": 0}, ""right"": {""leaf"": ""746_total_current_assets_current_quarter_end"", ""depth"": 0}, ""depth"": 1}, ""right"": {""literal"": 2.0, ""depth"": 0}, ""depth"": 2}","{""kind"": ""time_agg"", ""op"": ""avg"", ""depth"": 0}",15100.5,3,0,2,646299982,929544386,918663111,0.54,0,1,2,631_total_current_assets_prior_fy_end,total_current_assets,total current assets,TRU,"December 31, 2024",M_USD,11017.0,746_total_current_assets_current_quarter_end,total_current_assets,total current assets,TRU,"July 31, 2025",M_USD,19184.0,,,,,,,,,,,,,,,,,,,,,,,,,,,,,,,,,,,,,,,,,,
981,4,"Which quantity is given by the total liabilities for QRK in April 30, 2026 ?",total_liabilities,"{""derived"": ""total_liabilities"", ""expanded"": {""op"": ""sum"", ""left"": {""derived"": ""total_current_liabilities"", ""expanded"": {""op"": ""sum"", ""left"": {""op"": ""sum"", ""left"": {""op"": ""sum"", ""left"": {""leaf"": ""3642_accounts_payable_current_quarter_end"", ""depth"": 0}, ""right"": {""leaf"": ""3644_deferred_revenue_current_current_quarter_end"", ""depth"": 0}, ""depth"": 1}, ""right"": {""leaf"": ""3646_accrued_expenses_and_other_current_quarter_end"", ""depth"": 0}, ""depth"": 2}, ""right"": {""leaf"": ""3648_current_portion_of_long_term_debt_current_quarter_end"", ""depth"": 0}, ""depth"": 3}, ""depth"": 3}, ""right"": {""leaf"": ""3656_total_non_current_liabilities_current_quarter_end"", ""depth"": 0}, ""depth"": 4}, ""depth"": 4}","{""kind"": ""derived_concept"", ""name"": ""total_liabilities"", ""depth"": 0}",53490.0,2,0,4,849423600,353263220,918663111,0.562,0,1,5,3642_accounts_payable_current_quarter_end,accounts_payable,accounts payable,QRK,"April 30, 2026",M_USD,10568.0,3644_deferred_revenue_current_current_quarter_end,deferred_revenue_current,deferred revenue current,QRK,"April 30, 2026",M_USD,3509.0,3646_accrued_expenses_and_other_current_quarter_end,accrued_expenses_and_other,accrued expenses and other,QRK,"April 30, 2026",M_USD,4702.0,3648_current_portion_of_long_term_debt_current_quarter_end,current_portion_of_long_term_debt,current portion of long term debt,QRK,"April 30, 2026",M_USD,4077.0,3656_total_non_current_liabilities_current_quarter_end,total_non_current_liabilities,total non current liabilities,QRK,"April 30, 2026",M_USD,30634.0,,,,,,,,,,,,,,,,,,,,,
982,1,"Compute the minimum of net income for FAB from Six Months Ended July 31, 2024 to Six Months Ended July 31, 2025.","min(3961_net_income_prior_year_ytd, 3960_net_income_current_ytd)","{""op"": ""min"", ""left"": {""leaf"": ""3961_net_income_prior_year_ytd"", ""depth"": 0}, ""right"": {""leaf"": ""3960_net_income_current_ytd"", ""depth"": 0}, ""depth"": 1}","{""kind"": ""time_agg"", ""op"": ""min"", ""depth"": 0}",9660.0,1,0,1,238691752,16882317,918663111,0.58,0,1,2,3961_net_income_prior_year_ytd,net_income,net income,FAB,"Six Months Ended July 31, 2024",M_USD,10938.0,3960_net_income_current_ytd,net_income,net income,FAB,"Six Months Ended July 31, 2025",M_USD,9660.0,,,,,,,,,,,,,,,,,,,,,,,,,,,,,,,,,,,,,,,,,,
983,1,"You should give the maximum of deferred revenue current for AVX from December 31, 2024 to October 31, 2025","max(1299_deferred_revenue_current_prior_fy_end, 1298_deferred_revenue_current_current_quarter_end)","{""op"": ""max"", ""left"": {""leaf"": ""1299_deferred_revenue_current_prior_fy_end"", ""depth"": 0}, ""right"": {""leaf"": ""1298_deferred_revenue_current_current_quarter_end"", ""depth"": 0}, ""depth"": 1}","{""kind"": ""time_agg"", ""op"": ""max"", ""depth"": 0}",50.0,1,0,1,517598715,338164825,918663111,0.122,0,1,2,1299_deferred_revenue_current_prior_fy_end,deferred_revenue_current,deferred revenue current,AVX,"December 31, 2024",M_USD,50.0,1298_deferred_revenue_current_current_quarter_end,deferred_revenue_current,deferred revenue current,AVX,"October 31, 2025",M_USD,49.0,,,,,,,,,,,,,,,,,,,,,,,,,,,,,,,,,,,,,,,,,,
984,0,"may you calculate the research and development for SUP in Three Months Ended April 30, 2024 ?",815_research_and_development_prior_year_quarter,"{""leaf"": ""815_research_and_development_prior_year_quarter"", ""depth"": 0}","{""kind"": ""leaf"", ""semantic_type_in"": [""amount""], ""depth"": 0}",195.0,2,0,0,620228,189646206,918663111,0.196,0,1,1,815_research_and_development_prior_year_quarter,research_and_development,research and development,SUP,"Three Months Ended April 30, 2024",M_USD,195.0,,,,,,,,,,,,,,,,,,,,,,,,,,,,,,,,,,,,,,,,,,,,,,,,,
985,0,"you should calculate the depreciation and amortization for PRD in Nine Months Ended October 31, 2025 .",1900_depreciation_and_amortization_current_ytd,"{""leaf"": ""1900_depreciation_and_amortization_current_ytd"", ""depth"": 0}","{""kind"": ""leaf"", ""semantic_type_in"": [""amount""], ""depth"": 0}",2666.0,3,0,0,393473913,286928233,918663111,0.263,0,1,1,1900_depreciation_and_amortization_current_ytd,depreciation_and_amortization,depreciation and amortization,PRD,"Nine Months Ended October 31, 2025",M_USD,2666.0,,,,,,,,,,,,,,,,,,,,,,,,,,,,,,,,,,,,,,,,,,,,,,,,,
986,2,"evaluate the average total costs and expenses for QRK from Six Months Ended April 30, 2025 to Six Months Ended April 30, 2026 .","ratio(sum(3593_total_costs_and_expenses_prior_year_ytd, 3592_total_costs_and_expenses_current_ytd), 2.0)","{""op"": ""ratio"", ""left"": {""op"": ""sum"", ""left"": {""leaf"": ""3593_total_costs_and_expenses_prior_year_ytd"", ""depth"": 0}, ""right"": {""leaf"": ""3592_total_costs_and_expenses_current_ytd"", ""depth"": 0}, ""depth"": 1}, ""right"": {""literal"": 2.0, ""depth"": 0}, ""depth"": 2}","{""kind"": ""time_agg"", ""op"": ""avg"", ""depth"": 0}",91423.0,1,0,2,344089145,767297665,918663111,0.256,0,1,2,3593_total_costs_and_expenses_prior_year_ytd,total_costs_and_expenses,total costs and expenses,QRK,"Six Months Ended April 30, 2025",M_USD,96592.0,3592_total_costs_and_expenses_current_ytd,total_costs_and_expenses,total costs and expenses,QRK,"Six Months Ended April 30, 2026",M_USD,86254.0,,,,,,,,,,,,,,,,,,,,,,,,,,,,,,,,,,,,,,,,,,
987,1,"Which result follows from the minimum of total current assets for PLZ from December 31, 2024 to July 31, 2025","min(2101_total_current_assets_prior_fy_end, 2100_total_current_assets_current_quarter_end)","{""op"": ""min"", ""left"": {""leaf"": ""2101_total_current_assets_prior_fy_end"", ""depth"": 0}, ""right"": {""leaf"": ""2100_total_current_assets_current_quarter_end"", ""depth"": 0}, ""depth"": 1}","{""kind"": ""time_agg"", ""op"": ""min"", ""depth"": 0}",35199.0,3,0,1,922233194,239894563,918663111,0.434,0,1,2,2101_total_current_assets_prior_fy_end,total_current_assets,total current assets,PLZ,"December 31, 2024",M_USD,35199.0,2100_total_current_assets_current_quarter_end,total_current_assets,total current assets,PLZ,"July 31, 2025",M_USD,36151.0,,,,,,,,,,,,,,,,,,,,,,,,,,,,,,,,,,,,,,,,,,
988,1,"give the minimum of selling general and administrative for CRZ from Nine Months Ended October 31, 2024 to Nine Months Ended October 31, 2025.","min(4909_selling_general_and_administrative_prior_year_ytd, 4908_selling_general_and_administrative_current_ytd)","{""op"": ""min"", ""left"": {""leaf"": ""4909_selling_general_and_administrative_prior_year_ytd"", ""depth"": 0}, ""right"": {""leaf"": ""4908_selling_general_and_administrative_current_ytd"", ""depth"": 0}, ""depth"": 1}","{""kind"": ""time_agg"", ""op"": ""min"", ""depth"": 0}",2346.0,1,0,1,927764557,800442067,918663111,0.368,0,1,2,4909_selling_general_and_administrative_prior_year_ytd,selling_general_and_administrative,selling general and administrative,CRZ,"Nine Months Ended October 31, 2024",M_USD,2394.0,4908_selling_general_and_administrative_current_ytd,selling_general_and_administrative,selling general and administrative,CRZ,"Nine Months Ended October 31, 2025",M_USD,2346.0,,,,,,,,,,,,,,,,,,,,,,,,,,,,,,,,,,,,,,,,,,
989,1,"what's the value of the minimum of selling general and administrative for CLD from Three Months Ended April 30, 2024 to Three Months Ended April 30, 2025","min(3707_selling_general_and_administrative_prior_year_quarter, 3354_selling_general_and_administrative_current_quarter)","{""op"": ""min"", ""left"": {""leaf"": ""3707_selling_general_and_administrative_prior_year_quarter"", ""depth"": 0}, ""right"": {""leaf"": ""3354_selling_general_and_administrative_current_quarter"", ""depth"": 0}, ""depth"": 1}","{""kind"": ""time_agg"", ""op"": ""min"", ""depth"": 0}",591.0,3,0,1,432883813,90908093,918663111,0.358,0,1,2,3707_selling_general_and_administrative_prior_year_quarter,selling_general_and_administrative,selling general and administrative,CLD,"Three Months Ended April 30, 2024",M_USD,591.0,3354_selling_general_and_administrative_current_quarter,selling_general_and_administrative,selling general and administrative,CLD,"Three Months Ended April 30, 2025",M_USD,3494.0,,,,,,,,,,,,,,,,,,,,,,,,,,,,,,,,,,,,,,,,,,
990,1,"calculate the maximum of net income for SCI from Three Months Ended July 31, 2024 to Three Months Ended July 31, 2025 .","max(5047_net_income_prior_year_quarter, 5046_net_income_current_quarter)","{""op"": ""max"", ""left"": {""leaf"": ""5047_net_income_prior_year_quarter"", ""depth"": 0}, ""right"": {""leaf"": ""5046_net_income_current_quarter"", ""depth"": 0}, ""depth"": 1}","{""kind"": ""time_agg"", ""op"": ""max"", ""depth"": 0}",770.0,2,0,1,669613917,838954036,918663111,0.192,0,1,2,5047_net_income_prior_year_quarter,net_income,net income,SCI,"Three Months Ended July 31, 2024",M_USD,720.0,5046_net_income_current_quarter,net_income,net income,SCI,"Three Months Ended July 31, 2025",M_USD,770.0,,,,,,,,,,,,,,,,,,,,,,,,,,,,,,,,,,,,,,,,,,
991,1,"State the maximum of total assets for IND from December 31, 2024 to April 30, 2025 .","max(942_total_assets_current_quarter_end, 943_total_assets_prior_fy_end)","{""op"": ""max"", ""left"": {""leaf"": ""942_total_assets_current_quarter_end"", ""depth"": 0}, ""right"": {""leaf"": ""943_total_assets_prior_fy_end"", ""depth"": 0}, ""depth"": 1}","{""kind"": ""time_agg"", ""op"": ""max"", ""depth"": 0}",21640.0,2,0,1,756732632,20747276,918663111,0.508,0,1,2,942_total_assets_current_quarter_end,total_assets,total assets,IND,"April 30, 2025",M_USD,20221.0,943_total_assets_prior_fy_end,total_assets,total assets,IND,"December 31, 2024",M_USD,21640.0,,,,,,,,,,,,,,,,,,,,,,,,,,,,,,,,,,,,,,,,,,
992,1,"give the maximum of total non current liabilities for CIV from December 31, 2024 to October 31, 2025.","max(3065_total_non_current_liabilities_prior_fy_end, 3064_total_non_current_liabilities_current_quarter_end)","{""op"": ""max"", ""left"": {""leaf"": ""3065_total_non_current_liabilities_prior_fy_end"", ""depth"": 0}, ""right"": {""leaf"": ""3064_total_non_current_liabilities_current_quarter_end"", ""depth"": 0}, ""depth"": 1}","{""kind"": ""time_agg"", ""op"": ""max"", ""depth"": 0}",973.0,2,0,1,674835784,76529384,918663111,0.429,0,1,2,3065_total_non_current_liabilities_prior_fy_end,total_non_current_liabilities,total non current liabilities,CIV,"December 31, 2024",M_USD,909.0,3064_total_non_current_liabilities_current_quarter_end,total_non_current_liabilities,total non current liabilities,CIV,"October 31, 2025",M_USD,973.0,,,,,,,,,,,,,,,,,,,,,,,,,,,,,,,,,,,,,,,,,,
993,0,"which result follows from the net cash from investing for PLZ in Six Months Ended July 31, 2024",2145_net_cash_from_investing_prior_ytd,"{""leaf"": ""2145_net_cash_from_investing_prior_ytd"", ""depth"": 0}","{""kind"": ""leaf"", ""semantic_type_in"": [""amount""], ""depth"": 0}",-8249.0,3,0,0,544121811,812393895,918663111,0.109,0,1,1,2145_net_cash_from_investing_prior_ytd,net_cash_from_investing,net cash from investing,PLZ,"Six Months Ended July 31, 2024",M_USD,-8249.0,,,,,,,,,,,,,,,,,,,,,,,,,,,,,,,,,,,,,,,,,,,,,,,,,
994,2,"state the average selling general and administrative for PLX from Three Months Ended July 31, 2025 to Three Months Ended July 31, 2026 .","ratio(sum(4359_selling_general_and_administrative_prior_year_quarter, 4358_selling_general_and_administrative_current_quarter), 2.0)","{""op"": ""ratio"", ""left"": {""op"": ""sum"", ""left"": {""leaf"": ""4359_selling_general_and_administrative_prior_year_quarter"", ""depth"": 0}, ""right"": {""leaf"": ""4358_selling_general_and_administrative_current_quarter"", ""depth"": 0}, ""depth"": 1}, ""right"": {""literal"": 2.0, ""depth"": 0}, ""depth"": 2}","{""kind"": ""time_agg"", ""op"": ""avg"", ""depth"": 0}",1905.5,3,0,2,276758815,236663751,918663111,0.255,0,1,2,4359_selling_general_and_administrative_prior_year_quarter,selling_general_and_administrative,selling general and administrative,PLX,"Three Months Ended July 31, 2025",M_USD,1892.0,4358_selling_general_and_administrative_current_quarter,selling_general_and_administrative,selling general and administrative,PLX,"Three Months Ended July 31, 2026",M_USD,1919.0,,,,,,,,,,,,,,,,,,,,,,,,,,,,,,,,,,,,,,,,,,
995,1,"compute the maximum of goodwill for IND from December 31, 2024 to April 30, 2025","max(936_goodwill_current_quarter_end, 937_goodwill_prior_fy_end)","{""op"": ""max"", ""left"": {""leaf"": ""936_goodwill_current_quarter_end"", ""depth"": 0}, ""right"": {""leaf"": ""937_goodwill_prior_fy_end"", ""depth"": 0}, ""depth"": 1}","{""kind"": ""time_agg"", ""op"": ""max"", ""depth"": 0}",4954.0,2,0,1,382422099,628829313,918663111,0.479,0,1,2,936_goodwill_current_quarter_end,goodwill,goodwill,IND,"April 30, 2025",M_USD,4629.0,937_goodwill_prior_fy_end,goodwill,goodwill,IND,"December 31, 2024",M_USD,4954.0,,,,,,,,,,,,,,,,,,,,,,,,,,,,,,,,,,,,,,,,,,
996,0,"May you calculate the cash and cash equivalents for SUP in December 31, 2024?",833_cash_and_cash_equivalents_prior_fy_end,"{""leaf"": ""833_cash_and_cash_equivalents_prior_fy_end"", ""depth"": 0}","{""kind"": ""leaf"", ""semantic_type_in"": [""amount""], ""depth"": 0}",1322.0,2,0,0,328108417,596463299,918663111,0.446,0,1,1,833_cash_and_cash_equivalents_prior_fy_end,cash_and_cash_equivalents,cash and cash equivalents,SUP,"December 31, 2024",M_USD,1322.0,,,,,,,,,,,,,,,,,,,,,,,,,,,,,,,,,,,,,,,,,,,,,,,,,
997,1,"Give the maximum of net cash from operating for MED from Nine Months Ended October 31, 2024 to Nine Months Ended October 31, 2025.","max(1079_net_cash_from_operating_prior_ytd, 1078_net_cash_from_operating_current_ytd)","{""op"": ""max"", ""left"": {""leaf"": ""1079_net_cash_from_operating_prior_ytd"", ""depth"": 0}, ""right"": {""leaf"": ""1078_net_cash_from_operating_current_ytd"", ""depth"": 0}, ""depth"": 1}","{""kind"": ""time_agg"", ""op"": ""max"", ""depth"": 0}",2905.0,2,0,1,110224227,616094103,918663111,0.181,0,1,2,1079_net_cash_from_operating_prior_ytd,net_cash_from_operating,net cash from operating,MED,"Nine Months Ended October 31, 2024",M_USD,2905.0,1078_net_cash_from_operating_current_ytd,net_cash_from_operating,net cash from operating,MED,"Nine Months Ended October 31, 2025",M_USD,2600.0,,,,,,,,,,,,,,,,,,,,,,,,,,,,,,,,,,,,,,,,,,
998,1,"what's the value of the minimum of other non current assets for CLR from December 31, 2024 to October 31, 2025 ?","min(163_other_non_current_assets_prior_fy_end, 162_other_non_current_assets_current_quarter_end)","{""op"": ""min"", ""left"": {""leaf"": ""163_other_non_current_assets_prior_fy_end"", ""depth"": 0}, ""right"": {""leaf"": ""162_other_non_current_assets_current_quarter_end"", ""depth"": 0}, ""depth"": 1}","{""kind"": ""time_agg"", ""op"": ""min"", ""depth"": 0}",447.0,3,0,1,555144022,105846248,918663111,0.413,0,1,2,163_other_non_current_assets_prior_fy_end,other_non_current_assets,other non current assets,CLR,"December 31, 2024",M_USD,447.0,162_other_non_current_assets_current_quarter_end,other_non_current_assets,other non current assets,CLR,"October 31, 2025",M_USD,467.0,,,,,,,,,,,,,,,,,,,,,,,,,,,,,,,,,,,,,,,,,,
999,2,"could you give the maximum of total assets for SUP from December 31, 2024 to July 31, 2025 ?","max(max(854_total_assets_current_quarter_end, 855_total_assets_prior_fy_end), 2696_total_assets_current_quarter_end)","{""op"": ""max"", ""left"": {""op"": ""max"", ""left"": {""leaf"": ""854_total_assets_current_quarter_end"", ""depth"": 0}, ""right"": {""leaf"": ""855_total_assets_prior_fy_end"", ""depth"": 0}, ""depth"": 1}, ""right"": {""leaf"": ""2696_total_assets_current_quarter_end"", ""depth"": 0}, ""depth"": 2}","{""kind"": ""time_agg"", ""op"": ""max"", ""depth"": 0}",18881.0,3,0,2,404125051,202355995,918663111,0.213,0,1,3,854_total_assets_current_quarter_end,total_assets,total assets,SUP,"April 30, 2025",M_USD,16403.0,855_total_assets_prior_fy_end,total_assets,total assets,SUP,"December 31, 2024",M_USD,14877.0,2696_total_assets_current_quarter_end,total_assets,total assets,SUP,"July 31, 2025",M_USD,18881.0,,,,,,,,,,,,,,,,,,,,,,,,,,,,,,,,,,,
1000,1,"which result follows from the maximum of total revenues for PLZ from Three Months Ended July 31, 2024 to Three Months Ended July 31, 2025?","max(2043_total_revenues_prior_year_quarter, 2042_total_revenues_current_quarter)","{""op"": ""max"", ""left"": {""leaf"": ""2043_total_revenues_prior_year_quarter"", ""depth"": 0}, ""right"": {""leaf"": ""2042_total_revenues_current_quarter"", ""depth"": 0}, ""depth"": 1}","{""kind"": ""time_agg"", ""op"": ""max"", ""depth"": 0}",79530.0,4,0,1,548649608,253838081,918663111,0.123,0,1,2,2043_total_revenues_prior_year_quarter,total_revenues,total revenues,PLZ,"Three Months Ended July 31, 2024",M_USD,79530.0,2042_total_revenues_current_quarter,total_revenues,total revenues,PLZ,"Three Months Ended July 31, 2025",M_USD,74010.0,,,,,,,,,,,,,,,,,,,,,,,,,,,,,,,,,,,,,,,,,,
