question_id,depth,question,expression,expression_json,template_expression,answer,template_depth_requested,template_actual_depth,bound_expression_depth,tree_seed,binding_seed,master_seed,derived_prob,template_internal_nodes,template_leaf_slots,bound_leaf_count,leaf_1_key,leaf_1_concept,leaf_1_label,leaf_1_entity,leaf_1_period,leaf_1_unit,leaf_1_value,leaf_2_key,leaf_2_concept,leaf_2_label,leaf_2_entity,leaf_2_period,leaf_2_unit,leaf_2_value,leaf_3_key,leaf_3_concept,leaf_3_label,leaf_3_entity,leaf_3_period,leaf_3_unit,leaf_3_value,leaf_4_key,leaf_4_concept,leaf_4_label,leaf_4_entity,leaf_4_period,leaf_4_unit,leaf_4_value,leaf_5_key,leaf_5_concept,leaf_5_label,leaf_5_entity,leaf_5_period,leaf_5_unit,leaf_5_value,leaf_6_key,leaf_6_concept,leaf_6_label,leaf_6_entity,leaf_6_period,leaf_6_unit,leaf_6_value,leaf_7_key,leaf_7_concept,leaf_7_label,leaf_7_entity,leaf_7_period,leaf_7_unit,leaf_7_value,leaf_8_key,leaf_8_concept,leaf_8_label,leaf_8_entity,leaf_8_period,leaf_8_unit,leaf_8_value,leaf_9_key,leaf_9_concept,leaf_9_label,leaf_9_entity,leaf_9_period,leaf_9_unit,leaf_9_value,leaf_10_key,leaf_10_concept,leaf_10_label,leaf_10_entity,leaf_10_period,leaf_10_unit,leaf_10_value,leaf_11_key,leaf_11_concept,leaf_11_label,leaf_11_entity,leaf_11_period,leaf_11_unit,leaf_11_value,leaf_12_key,leaf_12_concept,leaf_12_label,leaf_12_entity,leaf_12_period,leaf_12_unit,leaf_12_value
3,2,"determine the income before taxes for VTL in Three Months Ended April 30, 2025 .",income_before_taxes,"{""derived"": ""income_before_taxes"", ""expanded"": {""op"": ""sum"", ""left"": {""derived"": ""operating_income"", ""expanded"": {""op"": ""diff"", ""left"": {""leaf"": ""0_total_revenues_current_quarter"", ""depth"": 0}, ""right"": {""leaf"": ""10_total_costs_and_expenses_current_quarter"", ""depth"": 0}, ""depth"": 1}, ""depth"": 1}, ""right"": {""leaf"": ""14_other_income_expense_net_current_quarter"", ""depth"": 0}, ""depth"": 2}, ""depth"": 2}","{""kind"": ""derived_concept"", ""name"": ""income_before_taxes"", ""depth"": 0}",509.0,4,0,2,255555531,299012686,42,0.207,0,1,3,0_total_revenues_current_quarter,total_revenues,total revenues,VTL,"Three Months Ended April 30, 2025",M_USD,1702.0,10_total_costs_and_expenses_current_quarter,total_costs_and_expenses,total costs and expenses,VTL,"Three Months Ended April 30, 2025",M_USD,1196.0,14_other_income_expense_net_current_quarter,other_income_expense_net,other income expense net,VTL,"Three Months Ended April 30, 2025",M_USD,3.0,,,,,,,,,,,,,,,,,,,,,,,,,,,,,,,,,,,,,,,,,,,,,,,,,,,,,,,,,,,,,,,
4,2,"What is the average property plant and equipment net for BLD from December 31, 2024 to July 31, 2025 ?","ratio(sum(2701_property_plant_and_equipment_net_prior_fy_end, 2700_property_plant_and_equipment_net_current_quarter_end), 2.0)","{""op"": ""ratio"", ""left"": {""op"": ""sum"", ""left"": {""leaf"": ""2701_property_plant_and_equipment_net_prior_fy_end"", ""depth"": 0}, ""right"": {""leaf"": ""2700_property_plant_and_equipment_net_current_quarter_end"", ""depth"": 0}, ""depth"": 1}, ""right"": {""literal"": 2.0, ""depth"": 0}, ""depth"": 2}","{""kind"": ""time_agg"", ""op"": ""avg"", ""depth"": 0}",1132.0,4,0,2,260916298,842478695,42,0.504,0,1,2,2701_property_plant_and_equipment_net_prior_fy_end,property_plant_and_equipment_net,property plant and equipment net,BLD,"December 31, 2024",M_USD,1133.0,2700_property_plant_and_equipment_net_current_quarter_end,property_plant_and_equipment_net,property plant and equipment net,BLD,"July 31, 2025",M_USD,1131.0,,,,,,,,,,,,,,,,,,,,,,,,,,,,,,,,,,,,,,,,,,,,,,,,,,,,,,,,,,,,,,,,,,,,,,
5,2,"What would be the average proceeds from maturities of securities for CRZ from Nine Months Ended October 31, 2024 to Nine Months Ended October 31, 2025?","ratio(sum(5097_proceeds_from_maturities_of_securities_prior_ytd, 5096_proceeds_from_maturities_of_securities_current_ytd), 2.0)","{""op"": ""ratio"", ""left"": {""op"": ""sum"", ""left"": {""leaf"": ""5097_proceeds_from_maturities_of_securities_prior_ytd"", ""depth"": 0}, ""right"": {""leaf"": ""5096_proceeds_from_maturities_of_securities_current_ytd"", ""depth"": 0}, ""depth"": 1}, ""right"": {""literal"": 2.0, ""depth"": 0}, ""depth"": 2}","{""kind"": ""time_agg"", ""op"": ""avg"", ""depth"": 0}",143.5,1,0,2,782839238,58165865,42,0.13,0,1,2,5097_proceeds_from_maturities_of_securities_prior_ytd,proceeds_from_maturities_of_securities,proceeds from maturities of securities,CRZ,"Nine Months Ended October 31, 2024",M_USD,145.0,5096_proceeds_from_maturities_of_securities_current_ytd,proceeds_from_maturities_of_securities,proceeds from maturities of securities,CRZ,"Nine Months Ended October 31, 2025",M_USD,142.0,,,,,,,,,,,,,,,,,,,,,,,,,,,,,,,,,,,,,,,,,,,,,,,,,,,,,,,,,,,,,,,,,,,,,,
6,2,"Could you give the average net income for NET from Three Months Ended October 31, 2024 to Three Months Ended October 31, 2025?","ratio(sum(6449_net_income_prior_year_quarter, 6448_net_income_current_quarter), 2.0)","{""op"": ""ratio"", ""left"": {""op"": ""sum"", ""left"": {""leaf"": ""6449_net_income_prior_year_quarter"", ""depth"": 0}, ""right"": {""leaf"": ""6448_net_income_current_quarter"", ""depth"": 0}, ""depth"": 1}, ""right"": {""literal"": 2.0, ""depth"": 0}, ""depth"": 2}","{""kind"": ""time_agg"", ""op"": ""avg"", ""depth"": 0}",3840.5,4,0,2,991348895,80943908,42,0.504,0,1,2,6449_net_income_prior_year_quarter,net_income,net income,NET,"Three Months Ended October 31, 2024",M_USD,3602.0,6448_net_income_current_quarter,net_income,net income,NET,"Three Months Ended October 31, 2025",M_USD,4079.0,,,,,,,,,,,,,,,,,,,,,,,,,,,,,,,,,,,,,,,,,,,,,,,,,,,,,,,,,,,,,,,,,,,,,,
14,2,"Which value corresponds to the average inventories for IND from December 31, 2024 to April 30, 2025 ?","ratio(sum(1122_inventories_current_quarter_end, 1123_inventories_prior_fy_end), 2.0)","{""op"": ""ratio"", ""left"": {""op"": ""sum"", ""left"": {""leaf"": ""1122_inventories_current_quarter_end"", ""depth"": 0}, ""right"": {""leaf"": ""1123_inventories_prior_fy_end"", ""depth"": 0}, ""depth"": 1}, ""right"": {""literal"": 2.0, ""depth"": 0}, ""depth"": 2}","{""kind"": ""time_agg"", ""op"": ""avg"", ""depth"": 0}",3984.0,4,0,2,852442674,668737754,42,0.131,0,1,2,1122_inventories_current_quarter_end,inventories,inventories,IND,"April 30, 2025",M_USD,3849.0,1123_inventories_prior_fy_end,inventories,inventories,IND,"December 31, 2024",M_USD,4119.0,,,,,,,,,,,,,,,,,,,,,,,,,,,,,,,,,,,,,,,,,,,,,,,,,,,,,,,,,,,,,,,,,,,,,,
18,2,"State the average current portion of long term debt for VRX from December 31, 2024 to July 31, 2025 .","ratio(sum(3037_current_portion_of_long_term_debt_prior_fy_end, 3036_current_portion_of_long_term_debt_current_quarter_end), 2.0)","{""op"": ""ratio"", ""left"": {""op"": ""sum"", ""left"": {""leaf"": ""3037_current_portion_of_long_term_debt_prior_fy_end"", ""depth"": 0}, ""right"": {""leaf"": ""3036_current_portion_of_long_term_debt_current_quarter_end"", ""depth"": 0}, ""depth"": 1}, ""right"": {""literal"": 2.0, ""depth"": 0}, ""depth"": 2}","{""kind"": ""time_agg"", ""op"": ""avg"", ""depth"": 0}",529.0,5,0,2,576876906,422043490,42,0.164,0,1,2,3037_current_portion_of_long_term_debt_prior_fy_end,current_portion_of_long_term_debt,current portion of long term debt,VRX,"December 31, 2024",M_USD,515.0,3036_current_portion_of_long_term_debt_current_quarter_end,current_portion_of_long_term_debt,current portion of long term debt,VRX,"July 31, 2025",M_USD,543.0,,,,,,,,,,,,,,,,,,,,,,,,,,,,,,,,,,,,,,,,,,,,,,,,,,,,,,,,,,,,,,,,,,,,,,
25,2,"what does the following give: average total current assets for GLP from December 31, 2024 to October 31, 2025?","ratio(sum(6947_total_current_assets_prior_fy_end, 6946_total_current_assets_current_quarter_end), 2.0)","{""op"": ""ratio"", ""left"": {""op"": ""sum"", ""left"": {""leaf"": ""6947_total_current_assets_prior_fy_end"", ""depth"": 0}, ""right"": {""leaf"": ""6946_total_current_assets_current_quarter_end"", ""depth"": 0}, ""depth"": 1}, ""right"": {""literal"": 2.0, ""depth"": 0}, ""depth"": 2}","{""kind"": ""time_agg"", ""op"": ""avg"", ""depth"": 0}",26705.0,4,0,2,182649071,953408941,42,0.18,0,1,2,6947_total_current_assets_prior_fy_end,total_current_assets,total current assets,GLP,"December 31, 2024",M_USD,25159.0,6946_total_current_assets_current_quarter_end,total_current_assets,total current assets,GLP,"October 31, 2025",M_USD,28251.0,,,,,,,,,,,,,,,,,,,,,,,,,,,,,,,,,,,,,,,,,,,,,,,,,,,,,,,,,,,,,,,,,,,,,,
28,2,"What's the value of the average net income for CLR from Three Months Ended October 31, 2024 to Three Months Ended October 31, 2025?","ratio(sum(169_net_income_prior_year_quarter, 168_net_income_current_quarter), 2.0)","{""op"": ""ratio"", ""left"": {""op"": ""sum"", ""left"": {""leaf"": ""169_net_income_prior_year_quarter"", ""depth"": 0}, ""right"": {""leaf"": ""168_net_income_current_quarter"", ""depth"": 0}, ""depth"": 1}, ""right"": {""literal"": 2.0, ""depth"": 0}, ""depth"": 2}","{""kind"": ""time_agg"", ""op"": ""avg"", ""depth"": 0}",1687.5,5,0,2,997106977,346421355,42,0.125,0,1,2,169_net_income_prior_year_quarter,net_income,net income,CLR,"Three Months Ended October 31, 2024",M_USD,1760.0,168_net_income_current_quarter,net_income,net income,CLR,"Three Months Ended October 31, 2025",M_USD,1615.0,,,,,,,,,,,,,,,,,,,,,,,,,,,,,,,,,,,,,,,,,,,,,,,,,,,,,,,,,,,,,,,,,,,,,,
29,2,"Calculate the average gross profit for CRX from Three Months Ended January 31, 2025 to Three Months Ended January 31, 2026 .","ratio(sum(4519_gross_profit_prior_year_quarter, 4518_gross_profit_current_quarter), 2.0)","{""op"": ""ratio"", ""left"": {""op"": ""sum"", ""left"": {""leaf"": ""4519_gross_profit_prior_year_quarter"", ""depth"": 0}, ""right"": {""leaf"": ""4518_gross_profit_current_quarter"", ""depth"": 0}, ""depth"": 1}, ""right"": {""literal"": 2.0, ""depth"": 0}, ""depth"": 2}","{""kind"": ""time_agg"", ""op"": ""avg"", ""depth"": 0}",27054.5,5,0,2,171122762,446602768,42,0.369,0,1,2,4519_gross_profit_prior_year_quarter,gross_profit,gross profit,CRX,"Three Months Ended January 31, 2025",M_USD,27515.0,4518_gross_profit_current_quarter,gross_profit,gross profit,CRX,"Three Months Ended January 31, 2026",M_USD,26594.0,,,,,,,,,,,,,,,,,,,,,,,,,,,,,,,,,,,,,,,,,,,,,,,,,,,,,,,,,,,,,,,,,,,,,,
40,2,"Give the average accounts payable for SKY from December 31, 2024 to April 30, 2025.","ratio(sum(5860_accounts_payable_current_quarter_end, 5861_accounts_payable_prior_fy_end), 2.0)","{""op"": ""ratio"", ""left"": {""op"": ""sum"", ""left"": {""leaf"": ""5860_accounts_payable_current_quarter_end"", ""depth"": 0}, ""right"": {""leaf"": ""5861_accounts_payable_prior_fy_end"", ""depth"": 0}, ""depth"": 1}, ""right"": {""literal"": 2.0, ""depth"": 0}, ""depth"": 2}","{""kind"": ""time_agg"", ""op"": ""avg"", ""depth"": 0}",3146.5,2,0,2,483493761,444517369,42,0.192,0,1,2,5860_accounts_payable_current_quarter_end,accounts_payable,accounts payable,SKY,"April 30, 2025",M_USD,3137.0,5861_accounts_payable_prior_fy_end,accounts_payable,accounts payable,SKY,"December 31, 2024",M_USD,3156.0,,,,,,,,,,,,,,,,,,,,,,,,,,,,,,,,,,,,,,,,,,,,,,,,,,,,,,,,,,,,,,,,,,,,,,
43,2,"what would be the average accrued expenses and other for FAB from December 31, 2024 to July 31, 2025","ratio(sum(3871_accrued_expenses_and_other_prior_fy_end, 3870_accrued_expenses_and_other_current_quarter_end), 2.0)","{""op"": ""ratio"", ""left"": {""op"": ""sum"", ""left"": {""leaf"": ""3871_accrued_expenses_and_other_prior_fy_end"", ""depth"": 0}, ""right"": {""leaf"": ""3870_accrued_expenses_and_other_current_quarter_end"", ""depth"": 0}, ""depth"": 1}, ""right"": {""literal"": 2.0, ""depth"": 0}, ""depth"": 2}","{""kind"": ""time_agg"", ""op"": ""avg"", ""depth"": 0}",2679.0,3,0,2,30678197,37747372,42,0.53,0,1,2,3871_accrued_expenses_and_other_prior_fy_end,accrued_expenses_and_other,accrued expenses and other,FAB,"December 31, 2024",M_USD,2699.0,3870_accrued_expenses_and_other_current_quarter_end,accrued_expenses_and_other,accrued expenses and other,FAB,"July 31, 2025",M_USD,2659.0,,,,,,,,,,,,,,,,,,,,,,,,,,,,,,,,,,,,,,,,,,,,,,,,,,,,,,,,,,,,,,,,,,,,,,
51,2,"May you calculate the average selling general and administrative for PLZ from Six Months Ended July 31, 2024 to Six Months Ended July 31, 2025","ratio(sum(2021_selling_general_and_administrative_prior_year_ytd, 2020_selling_general_and_administrative_current_ytd), 2.0)","{""op"": ""ratio"", ""left"": {""op"": ""sum"", ""left"": {""leaf"": ""2021_selling_general_and_administrative_prior_year_ytd"", ""depth"": 0}, ""right"": {""leaf"": ""2020_selling_general_and_administrative_current_ytd"", ""depth"": 0}, ""depth"": 1}, ""right"": {""literal"": 2.0, ""depth"": 0}, ""depth"": 2}","{""kind"": ""time_agg"", ""op"": ""avg"", ""depth"": 0}",32152.0,5,0,2,720341458,868979067,42,0.139,0,1,2,2021_selling_general_and_administrative_prior_year_ytd,selling_general_and_administrative,selling general and administrative,PLZ,"Six Months Ended July 31, 2024",M_USD,33308.0,2020_selling_general_and_administrative_current_ytd,selling_general_and_administrative,selling general and administrative,PLZ,"Six Months Ended July 31, 2025",M_USD,30996.0,,,,,,,,,,,,,,,,,,,,,,,,,,,,,,,,,,,,,,,,,,,,,,,,,,,,,,,,,,,,,,,,,,,,,,
54,2,"Which result follows from the average accounts payable for MED from December 31, 2024 to October 31, 2025?","ratio(sum(1289_accounts_payable_prior_fy_end, 1288_accounts_payable_current_quarter_end), 2.0)","{""op"": ""ratio"", ""left"": {""op"": ""sum"", ""left"": {""leaf"": ""1289_accounts_payable_prior_fy_end"", ""depth"": 0}, ""right"": {""leaf"": ""1288_accounts_payable_current_quarter_end"", ""depth"": 0}, ""depth"": 1}, ""right"": {""literal"": 2.0, ""depth"": 0}, ""depth"": 2}","{""kind"": ""time_agg"", ""op"": ""avg"", ""depth"": 0}",2484.0,3,0,2,640031190,497044149,42,0.378,0,1,2,1289_accounts_payable_prior_fy_end,accounts_payable,accounts payable,MED,"December 31, 2024",M_USD,2396.0,1288_accounts_payable_current_quarter_end,accounts_payable,accounts payable,MED,"October 31, 2025",M_USD,2572.0,,,,,,,,,,,,,,,,,,,,,,,,,,,,,,,,,,,,,,,,,,,,,,,,,,,,,,,,,,,,,,,,,,,,,,
57,2,"Evaluate the average other non current liabilities for TPH from December 31, 2024 to October 31, 2025 .","ratio(sum(2547_other_non_current_liabilities_prior_fy_end, 2546_other_non_current_liabilities_current_quarter_end), 2.0)","{""op"": ""ratio"", ""left"": {""op"": ""sum"", ""left"": {""leaf"": ""2547_other_non_current_liabilities_prior_fy_end"", ""depth"": 0}, ""right"": {""leaf"": ""2546_other_non_current_liabilities_current_quarter_end"", ""depth"": 0}, ""depth"": 1}, ""right"": {""literal"": 2.0, ""depth"": 0}, ""depth"": 2}","{""kind"": ""time_agg"", ""op"": ""avg"", ""depth"": 0}",921.5,3,0,2,56665940,970217298,42,0.368,0,1,2,2547_other_non_current_liabilities_prior_fy_end,other_non_current_liabilities,other non current liabilities,TPH,"December 31, 2024",M_USD,913.0,2546_other_non_current_liabilities_current_quarter_end,other_non_current_liabilities,other non current liabilities,TPH,"October 31, 2025",M_USD,930.0,,,,,,,,,,,,,,,,,,,,,,,,,,,,,,,,,,,,,,,,,,,,,,,,,,,,,,,,,,,,,,,,,,,,,,
59,2,"which value corresponds to the income before taxes for GRD in Three Months Ended July 31, 2024",income_before_taxes,"{""derived"": ""income_before_taxes"", ""expanded"": {""op"": ""sum"", ""left"": {""derived"": ""operating_income"", ""expanded"": {""op"": ""diff"", ""left"": {""leaf"": ""309_total_revenues_prior_year_quarter"", ""depth"": 0}, ""right"": {""leaf"": ""329_total_costs_and_expenses_prior_year_quarter"", ""depth"": 0}, ""depth"": 1}, ""depth"": 1}, ""right"": {""leaf"": ""337_other_income_expense_net_prior_year_quarter"", ""depth"": 0}, ""depth"": 2}, ""depth"": 2}","{""kind"": ""derived_concept"", ""name"": ""income_before_taxes"", ""depth"": 0}",1659.0,3,0,2,264842906,266106987,42,0.317,0,1,3,309_total_revenues_prior_year_quarter,total_revenues,total revenues,GRD,"Three Months Ended July 31, 2024",M_USD,13928.0,329_total_costs_and_expenses_prior_year_quarter,total_costs_and_expenses,total costs and expenses,GRD,"Three Months Ended July 31, 2024",M_USD,12301.0,337_other_income_expense_net_prior_year_quarter,other_income_expense_net,other income expense net,GRD,"Three Months Ended July 31, 2024",M_USD,32.0,,,,,,,,,,,,,,,,,,,,,,,,,,,,,,,,,,,,,,,,,,,,,,,,,,,,,,,,,,,,,,,
63,2,"provide the average long term debt for TPH from December 31, 2024 to October 31, 2025","ratio(sum(2545_long_term_debt_prior_fy_end, 2544_long_term_debt_current_quarter_end), 2.0)","{""op"": ""ratio"", ""left"": {""op"": ""sum"", ""left"": {""leaf"": ""2545_long_term_debt_prior_fy_end"", ""depth"": 0}, ""right"": {""leaf"": ""2544_long_term_debt_current_quarter_end"", ""depth"": 0}, ""depth"": 1}, ""right"": {""literal"": 2.0, ""depth"": 0}, ""depth"": 2}","{""kind"": ""time_agg"", ""op"": ""avg"", ""depth"": 0}",9844.5,5,0,2,791755809,807751428,42,0.536,0,1,2,2545_long_term_debt_prior_fy_end,long_term_debt,long term debt,TPH,"December 31, 2024",M_USD,9755.0,2544_long_term_debt_current_quarter_end,long_term_debt,long term debt,TPH,"October 31, 2025",M_USD,9934.0,,,,,,,,,,,,,,,,,,,,,,,,,,,,,,,,,,,,,,,,,,,,,,,,,,,,,,,,,,,,,,,,,,,,,,
69,2,"which value corresponds to the sum of maximum of total non current liabilities for HRZ from December 31, 2024 to April 30, 2025 and maximum of comprehensive income for HRZ from Three Months Ended April 30, 2024 to Three Months Ended April 30, 2025 ?","sum(max(7232_total_non_current_liabilities_current_quarter_end, 7233_total_non_current_liabilities_prior_fy_end), max(7293_comprehensive_income_prior_year_quarter, 7292_comprehensive_income_current_quarter))","{""op"": ""sum"", ""left"": {""op"": ""max"", ""left"": {""leaf"": ""7232_total_non_current_liabilities_current_quarter_end"", ""depth"": 0}, ""right"": {""leaf"": ""7233_total_non_current_liabilities_prior_fy_end"", ""depth"": 0}, ""depth"": 1}, ""right"": {""op"": ""max"", ""left"": {""leaf"": ""7293_comprehensive_income_prior_year_quarter"", ""depth"": 0}, ""right"": {""leaf"": ""7292_comprehensive_income_current_quarter"", ""depth"": 0}, ""depth"": 1}, ""depth"": 2}","{""op"": ""sum"", ""left"": {""kind"": ""time_agg"", ""op"": ""max"", ""depth"": 0}, ""right"": {""kind"": ""time_agg"", ""op"": ""max"", ""depth"": 0}, ""depth"": 1, ""kind"": ""node""}",3510.0,3,1,2,734776489,969485382,42,0.521,1,2,4,7232_total_non_current_liabilities_current_quarter_end,total_non_current_liabilities,total non current liabilities,HRZ,"April 30, 2025",M_USD,2489.0,7233_total_non_current_liabilities_prior_fy_end,total_non_current_liabilities,total non current liabilities,HRZ,"December 31, 2024",M_USD,2607.0,7293_comprehensive_income_prior_year_quarter,comprehensive_income,comprehensive income,HRZ,"Three Months Ended April 30, 2024",M_USD,903.0,7292_comprehensive_income_current_quarter,comprehensive_income,comprehensive income,HRZ,"Three Months Ended April 30, 2025",M_USD,797.0,,,,,,,,,,,,,,,,,,,,,,,,,,,,,,,,,,,,,,,,,,,,,,,,,,,,,,,,
72,2,"What do we obtain as the average other non current assets for FNB from December 31, 2024 to October 31, 2025","ratio(sum(6135_other_non_current_assets_prior_fy_end, 6134_other_non_current_assets_current_quarter_end), 2.0)","{""op"": ""ratio"", ""left"": {""op"": ""sum"", ""left"": {""leaf"": ""6135_other_non_current_assets_prior_fy_end"", ""depth"": 0}, ""right"": {""leaf"": ""6134_other_non_current_assets_current_quarter_end"", ""depth"": 0}, ""depth"": 1}, ""right"": {""literal"": 2.0, ""depth"": 0}, ""depth"": 2}","{""kind"": ""time_agg"", ""op"": ""avg"", ""depth"": 0}",579.0,3,0,2,168405336,600250339,42,0.561,0,1,2,6135_other_non_current_assets_prior_fy_end,other_non_current_assets,other non current assets,FNB,"December 31, 2024",M_USD,570.0,6134_other_non_current_assets_current_quarter_end,other_non_current_assets,other non current assets,FNB,"October 31, 2025",M_USD,588.0,,,,,,,,,,,,,,,,,,,,,,,,,,,,,,,,,,,,,,,,,,,,,,,,,,,,,,,,,,,,,,,,,,,,,,
75,2,"which quantity is given by the average gross profit for MRT from Three Months Ended April 30, 2024 to Three Months Ended April 30, 2025?","ratio(sum(1561_gross_profit_prior_year_quarter, 1560_gross_profit_current_quarter), 2.0)","{""op"": ""ratio"", ""left"": {""op"": ""sum"", ""left"": {""leaf"": ""1561_gross_profit_prior_year_quarter"", ""depth"": 0}, ""right"": {""leaf"": ""1560_gross_profit_current_quarter"", ""depth"": 0}, ""depth"": 1}, ""right"": {""literal"": 2.0, ""depth"": 0}, ""depth"": 2}","{""kind"": ""time_agg"", ""op"": ""avg"", ""depth"": 0}",24771.5,2,0,2,155263481,61544356,42,0.354,0,1,2,1561_gross_profit_prior_year_quarter,gross_profit,gross profit,MRT,"Three Months Ended April 30, 2024",M_USD,26457.0,1560_gross_profit_current_quarter,gross_profit,gross profit,MRT,"Three Months Ended April 30, 2025",M_USD,23086.0,,,,,,,,,,,,,,,,,,,,,,,,,,,,,,,,,,,,,,,,,,,,,,,,,,,,,,,,,,,,,,,,,,,,,,
77,2,"whats the value of the average comprehensive income for CLR from Three Months Ended October 31, 2024 to Three Months Ended October 31, 2025","ratio(sum(289_comprehensive_income_prior_year_quarter, 288_comprehensive_income_current_quarter), 2.0)","{""op"": ""ratio"", ""left"": {""op"": ""sum"", ""left"": {""leaf"": ""289_comprehensive_income_prior_year_quarter"", ""depth"": 0}, ""right"": {""leaf"": ""288_comprehensive_income_current_quarter"", ""depth"": 0}, ""depth"": 1}, ""right"": {""literal"": 2.0, ""depth"": 0}, ""depth"": 2}","{""kind"": ""time_agg"", ""op"": ""avg"", ""depth"": 0}",1711.5,5,0,2,607841924,360412697,42,0.25,0,1,2,289_comprehensive_income_prior_year_quarter,comprehensive_income,comprehensive income,CLR,"Three Months Ended October 31, 2024",M_USD,1776.0,288_comprehensive_income_current_quarter,comprehensive_income,comprehensive income,CLR,"Three Months Ended October 31, 2025",M_USD,1647.0,,,,,,,,,,,,,,,,,,,,,,,,,,,,,,,,,,,,,,,,,,,,,,,,,,,,,,,,,,,,,,,,,,,,,,
78,2,"determine the average short term investments for WHL from December 31, 2024 to July 31, 2025","ratio(sum(7349_short_term_investments_prior_fy_end, 7348_short_term_investments_current_quarter_end), 2.0)","{""op"": ""ratio"", ""left"": {""op"": ""sum"", ""left"": {""leaf"": ""7349_short_term_investments_prior_fy_end"", ""depth"": 0}, ""right"": {""leaf"": ""7348_short_term_investments_current_quarter_end"", ""depth"": 0}, ""depth"": 1}, ""right"": {""literal"": 2.0, ""depth"": 0}, ""depth"": 2}","{""kind"": ""time_agg"", ""op"": ""avg"", ""depth"": 0}",270.0,3,0,2,788755899,825007816,42,0.504,0,1,2,7349_short_term_investments_prior_fy_end,short_term_investments,short term investments,WHL,"December 31, 2024",M_USD,263.0,7348_short_term_investments_current_quarter_end,short_term_investments,short term investments,WHL,"July 31, 2025",M_USD,277.0,,,,,,,,,,,,,,,,,,,,,,,,,,,,,,,,,,,,,,,,,,,,,,,,,,,,,,,,,,,,,,,,,,,,,,
81,2,"evaluate the average cost of services for CRX from Three Months Ended January 31, 2025 to Three Months Ended January 31, 2026","ratio(sum(4645_cos_services_prior_year_quarter, 4641_cos_services_current_quarter), 2.0)","{""op"": ""ratio"", ""left"": {""op"": ""sum"", ""left"": {""leaf"": ""4645_cos_services_prior_year_quarter"", ""depth"": 0}, ""right"": {""leaf"": ""4641_cos_services_current_quarter"", ""depth"": 0}, ""depth"": 1}, ""right"": {""literal"": 2.0, ""depth"": 0}, ""depth"": 2}","{""kind"": ""time_agg"", ""op"": ""avg"", ""depth"": 0}",5214.0,1,0,2,395837354,556769159,42,0.186,0,1,2,4645_cos_services_prior_year_quarter,cos_services,cost of services,CRX,"Three Months Ended January 31, 2025",M_USD,5303.0,4641_cos_services_current_quarter,cos_services,cost of services,CRX,"Three Months Ended January 31, 2026",M_USD,5125.0,,,,,,,,,,,,,,,,,,,,,,,,,,,,,,,,,,,,,,,,,,,,,,,,,,,,,,,,,,,,,,,,,,,,,,
86,2,"Which quantity is given by the average research and development for MRT from Three Months Ended April 30, 2024 to Three Months Ended April 30, 2025?","ratio(sum(1563_research_and_development_prior_year_quarter, 1562_research_and_development_current_quarter), 2.0)","{""op"": ""ratio"", ""left"": {""op"": ""sum"", ""left"": {""leaf"": ""1563_research_and_development_prior_year_quarter"", ""depth"": 0}, ""right"": {""leaf"": ""1562_research_and_development_current_quarter"", ""depth"": 0}, ""depth"": 1}, ""right"": {""literal"": 2.0, ""depth"": 0}, ""depth"": 2}","{""kind"": ""time_agg"", ""op"": ""avg"", ""depth"": 0}",306.0,2,0,2,450634913,882151713,42,0.258,0,1,2,1563_research_and_development_prior_year_quarter,research_and_development,research and development,MRT,"Three Months Ended April 30, 2024",M_USD,327.0,1562_research_and_development_current_quarter,research_and_development,research and development,MRT,"Three Months Ended April 30, 2025",M_USD,285.0,,,,,,,,,,,,,,,,,,,,,,,,,,,,,,,,,,,,,,,,,,,,,,,,,,,,,,,,,,,,,,,,,,,,,,
91,2,"What is the value of the average proceeds from stock option exercises for CAP from Nine Months Ended October 31, 2024 to Nine Months Ended October 31, 2025 ?","ratio(sum(5777_proceeds_from_stock_option_exercises_prior_ytd, 5776_proceeds_from_stock_option_exercises_current_ytd), 2.0)","{""op"": ""ratio"", ""left"": {""op"": ""sum"", ""left"": {""leaf"": ""5777_proceeds_from_stock_option_exercises_prior_ytd"", ""depth"": 0}, ""right"": {""leaf"": ""5776_proceeds_from_stock_option_exercises_current_ytd"", ""depth"": 0}, ""depth"": 1}, ""right"": {""literal"": 2.0, ""depth"": 0}, ""depth"": 2}","{""kind"": ""time_agg"", ""op"": ""avg"", ""depth"": 0}",67.0,1,0,2,797347186,646215549,42,0.121,0,1,2,5777_proceeds_from_stock_option_exercises_prior_ytd,proceeds_from_stock_option_exercises,proceeds from stock option exercises,CAP,"Nine Months Ended October 31, 2024",M_USD,75.0,5776_proceeds_from_stock_option_exercises_current_ytd,proceeds_from_stock_option_exercises,proceeds from stock option exercises,CAP,"Nine Months Ended October 31, 2025",M_USD,59.0,,,,,,,,,,,,,,,,,,,,,,,,,,,,,,,,,,,,,,,,,,,,,,,,,,,,,,,,,,,,,,,,,,,,,,
98,2,"What is the value of the average inventories for BRX from December 31, 2024 to July 31, 2025","ratio(sum(523_inventories_prior_fy_end, 522_inventories_current_quarter_end), 2.0)","{""op"": ""ratio"", ""left"": {""op"": ""sum"", ""left"": {""leaf"": ""523_inventories_prior_fy_end"", ""depth"": 0}, ""right"": {""leaf"": ""522_inventories_current_quarter_end"", ""depth"": 0}, ""depth"": 1}, ""right"": {""literal"": 2.0, ""depth"": 0}, ""depth"": 2}","{""kind"": ""time_agg"", ""op"": ""avg"", ""depth"": 0}",2433.5,1,0,2,148783057,235966701,42,0.464,0,1,2,523_inventories_prior_fy_end,inventories,inventories,BRX,"December 31, 2024",M_USD,2448.0,522_inventories_current_quarter_end,inventories,inventories,BRX,"July 31, 2025",M_USD,2419.0,,,,,,,,,,,,,,,,,,,,,,,,,,,,,,,,,,,,,,,,,,,,,,,,,,,,,,,,,,,,,,,,,,,,,,
100,2,"Which result follows from the average other non current liabilities for INF from December 31, 2024 to July 31, 2025?","ratio(sum(3703_other_non_current_liabilities_prior_fy_end, 3702_other_non_current_liabilities_current_quarter_end), 2.0)","{""op"": ""ratio"", ""left"": {""op"": ""sum"", ""left"": {""leaf"": ""3703_other_non_current_liabilities_prior_fy_end"", ""depth"": 0}, ""right"": {""leaf"": ""3702_other_non_current_liabilities_current_quarter_end"", ""depth"": 0}, ""depth"": 1}, ""right"": {""literal"": 2.0, ""depth"": 0}, ""depth"": 2}","{""kind"": ""time_agg"", ""op"": ""avg"", ""depth"": 0}",448.5,3,0,2,212468211,737722327,42,0.581,0,1,2,3703_other_non_current_liabilities_prior_fy_end,other_non_current_liabilities,other non current liabilities,INF,"December 31, 2024",M_USD,448.0,3702_other_non_current_liabilities_current_quarter_end,other_non_current_liabilities,other non current liabilities,INF,"July 31, 2025",M_USD,449.0,,,,,,,,,,,,,,,,,,,,,,,,,,,,,,,,,,,,,,,,,,,,,,,,,,,,,,,,,,,,,,,,,,,,,,
105,2,"State the average total non current liabilities for TXN from December 31, 2024 to April 30, 2025","ratio(sum(7646_total_non_current_liabilities_current_quarter_end, 7647_total_non_current_liabilities_prior_fy_end), 2.0)","{""op"": ""ratio"", ""left"": {""op"": ""sum"", ""left"": {""leaf"": ""7646_total_non_current_liabilities_current_quarter_end"", ""depth"": 0}, ""right"": {""leaf"": ""7647_total_non_current_liabilities_prior_fy_end"", ""depth"": 0}, ""depth"": 1}, ""right"": {""literal"": 2.0, ""depth"": 0}, ""depth"": 2}","{""kind"": ""time_agg"", ""op"": ""avg"", ""depth"": 0}",22103.0,5,0,2,208610937,892785957,42,0.53,0,1,2,7646_total_non_current_liabilities_current_quarter_end,total_non_current_liabilities,total non current liabilities,TXN,"April 30, 2025",M_USD,22635.0,7647_total_non_current_liabilities_prior_fy_end,total_non_current_liabilities,total non current liabilities,TXN,"December 31, 2024",M_USD,21571.0,,,,,,,,,,,,,,,,,,,,,,,,,,,,,,,,,,,,,,,,,,,,,,,,,,,,,,,,,,,,,,,,,,,,,,
106,2,"What do we obtain as the average short term investments for FIN from December 31, 2024 to April 30, 2025?","ratio(sum(4104_short_term_investments_current_quarter_end, 4105_short_term_investments_prior_fy_end), 2.0)","{""op"": ""ratio"", ""left"": {""op"": ""sum"", ""left"": {""leaf"": ""4104_short_term_investments_current_quarter_end"", ""depth"": 0}, ""right"": {""leaf"": ""4105_short_term_investments_prior_fy_end"", ""depth"": 0}, ""depth"": 1}, ""right"": {""literal"": 2.0, ""depth"": 0}, ""depth"": 2}","{""kind"": ""time_agg"", ""op"": ""avg"", ""depth"": 0}",1670.5,5,0,2,485621597,240583512,42,0.588,0,1,2,4104_short_term_investments_current_quarter_end,short_term_investments,short term investments,FIN,"April 30, 2025",M_USD,1767.0,4105_short_term_investments_prior_fy_end,short_term_investments,short term investments,FIN,"December 31, 2024",M_USD,1574.0,,,,,,,,,,,,,,,,,,,,,,,,,,,,,,,,,,,,,,,,,,,,,,,,,,,,,,,,,,,,,,,,,,,,,,
109,2,"Evaluate the average shares used basic for QRK from Six Months Ended April 30, 2025 to Six Months Ended April 30, 2026.","ratio(sum(3579_shares_used_basic_prior_year_ytd, 3578_shares_used_basic_current_ytd), 2.0)","{""op"": ""ratio"", ""left"": {""op"": ""sum"", ""left"": {""leaf"": ""3579_shares_used_basic_prior_year_ytd"", ""depth"": 0}, ""right"": {""leaf"": ""3578_shares_used_basic_current_ytd"", ""depth"": 0}, ""depth"": 1}, ""right"": {""literal"": 2.0, ""depth"": 0}, ""depth"": 2}","{""kind"": ""time_agg"", ""op"": ""avg"", ""depth"": 0}",14098182.0,5,0,2,398630206,557679799,42,0.226,0,1,2,3579_shares_used_basic_prior_year_ytd,shares_used_basic,shares used basic,QRK,"Six Months Ended April 30, 2025",M_shares,14509007.0,3578_shares_used_basic_current_ytd,shares_used_basic,shares used basic,QRK,"Six Months Ended April 30, 2026",M_shares,13687357.0,,,,,,,,,,,,,,,,,,,,,,,,,,,,,,,,,,,,,,,,,,,,,,,,,,,,,,,,,,,,,,,,,,,,,,
114,2,"what's the value of the average provision for income taxes for CIV from Three Months Ended October 31, 2024 to Three Months Ended October 31, 2025?","ratio(sum(2831_provision_for_income_taxes_prior_year_quarter, 2830_provision_for_income_taxes_current_quarter), 2.0)","{""op"": ""ratio"", ""left"": {""op"": ""sum"", ""left"": {""leaf"": ""2831_provision_for_income_taxes_prior_year_quarter"", ""depth"": 0}, ""right"": {""leaf"": ""2830_provision_for_income_taxes_current_quarter"", ""depth"": 0}, ""depth"": 1}, ""right"": {""literal"": 2.0, ""depth"": 0}, ""depth"": 2}","{""kind"": ""time_agg"", ""op"": ""avg"", ""depth"": 0}",73.0,3,0,2,352672163,101048210,42,0.558,0,1,2,2831_provision_for_income_taxes_prior_year_quarter,provision_for_income_taxes,provision for income taxes,CIV,"Three Months Ended October 31, 2024",M_USD,71.0,2830_provision_for_income_taxes_current_quarter,provision_for_income_taxes,provision for income taxes,CIV,"Three Months Ended October 31, 2025",M_USD,75.0,,,,,,,,,,,,,,,,,,,,,,,,,,,,,,,,,,,,,,,,,,,,,,,,,,,,,,,,,,,,,,,,,,,,,,
116,2,"Could you give the income before taxes for NET in Three Months Ended October 31, 2024",income_before_taxes,"{""derived"": ""income_before_taxes"", ""expanded"": {""op"": ""sum"", ""left"": {""derived"": ""operating_income"", ""expanded"": {""op"": ""diff"", ""left"": {""leaf"": ""6413_total_revenues_prior_year_quarter"", ""depth"": 0}, ""right"": {""leaf"": ""6433_total_costs_and_expenses_prior_year_quarter"", ""depth"": 0}, ""depth"": 1}, ""depth"": 1}, ""right"": {""leaf"": ""6441_other_income_expense_net_prior_year_quarter"", ""depth"": 0}, ""depth"": 2}, ""depth"": 2}","{""kind"": ""derived_concept"", ""name"": ""income_before_taxes"", ""depth"": 0}",4420.0,3,0,2,778891323,84573132,42,0.564,0,1,3,6413_total_revenues_prior_year_quarter,total_revenues,total revenues,NET,"Three Months Ended October 31, 2024",M_USD,17371.0,6433_total_costs_and_expenses_prior_year_quarter,total_costs_and_expenses,total costs and expenses,NET,"Three Months Ended October 31, 2024",M_USD,13090.0,6441_other_income_expense_net_prior_year_quarter,other_income_expense_net,other income expense net,NET,"Three Months Ended October 31, 2024",M_USD,139.0,,,,,,,,,,,,,,,,,,,,,,,,,,,,,,,,,,,,,,,,,,,,,,,,,,,,,,,,,,,,,,,
125,2,"what is the average total current liabilities for AST from December 31, 2024 to July 31, 2025?","ratio(sum(4887_total_current_liabilities_prior_fy_end, 4886_total_current_liabilities_current_quarter_end), 2.0)","{""op"": ""ratio"", ""left"": {""op"": ""sum"", ""left"": {""leaf"": ""4887_total_current_liabilities_prior_fy_end"", ""depth"": 0}, ""right"": {""leaf"": ""4886_total_current_liabilities_current_quarter_end"", ""depth"": 0}, ""depth"": 1}, ""right"": {""literal"": 2.0, ""depth"": 0}, ""depth"": 2}","{""kind"": ""time_agg"", ""op"": ""avg"", ""depth"": 0}",5692.0,2,0,2,888465406,754233642,42,0.498,0,1,2,4887_total_current_liabilities_prior_fy_end,total_current_liabilities,total current liabilities,AST,"December 31, 2024",M_USD,5674.0,4886_total_current_liabilities_current_quarter_end,total_current_liabilities,total current liabilities,AST,"July 31, 2025",M_USD,5710.0,,,,,,,,,,,,,,,,,,,,,,,,,,,,,,,,,,,,,,,,,,,,,,,,,,,,,,,,,,,,,,,,,,,,,,
126,2,"you should calculate the average total non current assets for PLZ from December 31, 2024 to July 31, 2025.","ratio(sum(2071_total_non_current_assets_prior_fy_end, 2070_total_non_current_assets_current_quarter_end), 2.0)","{""op"": ""ratio"", ""left"": {""op"": ""sum"", ""left"": {""leaf"": ""2071_total_non_current_assets_prior_fy_end"", ""depth"": 0}, ""right"": {""leaf"": ""2070_total_non_current_assets_current_quarter_end"", ""depth"": 0}, ""depth"": 1}, ""right"": {""literal"": 2.0, ""depth"": 0}, ""depth"": 2}","{""kind"": ""time_agg"", ""op"": ""avg"", ""depth"": 0}",39140.5,5,0,2,57124626,494177720,42,0.319,0,1,2,2071_total_non_current_assets_prior_fy_end,total_non_current_assets,total non current assets,PLZ,"December 31, 2024",M_USD,38618.0,2070_total_non_current_assets_current_quarter_end,total_non_current_assets,total non current assets,PLZ,"July 31, 2025",M_USD,39663.0,,,,,,,,,,,,,,,,,,,,,,,,,,,,,,,,,,,,,,,,,,,,,,,,,,,,,,,,,,,,,,,,,,,,,,
127,2,"may you give the income before taxes for QRK in Three Months Ended April 30, 2026",income_before_taxes,"{""derived"": ""income_before_taxes"", ""expanded"": {""op"": ""sum"", ""left"": {""derived"": ""operating_income"", ""expanded"": {""op"": ""diff"", ""left"": {""leaf"": ""3442_total_revenues_current_quarter"", ""depth"": 0}, ""right"": {""leaf"": ""3462_total_costs_and_expenses_current_quarter"", ""depth"": 0}, ""depth"": 1}, ""depth"": 1}, ""right"": {""leaf"": ""3470_other_income_expense_net_current_quarter"", ""depth"": 0}, ""depth"": 2}, ""depth"": 2}","{""kind"": ""derived_concept"", ""name"": ""income_before_taxes"", ""depth"": 0}",32019.0,4,0,2,945674668,102631097,42,0.475,0,1,3,3442_total_revenues_current_quarter,total_revenues,total revenues,QRK,"Three Months Ended April 30, 2026",M_USD,74441.0,3462_total_costs_and_expenses_current_quarter,total_costs_and_expenses,total costs and expenses,QRK,"Three Months Ended April 30, 2026",M_USD,43127.0,3470_other_income_expense_net_current_quarter,other_income_expense_net,other income expense net,QRK,"Three Months Ended April 30, 2026",M_USD,705.0,,,,,,,,,,,,,,,,,,,,,,,,,,,,,,,,,,,,,,,,,,,,,,,,,,,,,,,,,,,,,,,
128,2,"What is the average depreciation and amortization for BLD from Six Months Ended July 31, 2024 to Six Months Ended July 31, 2025?","ratio(sum(2737_depreciation_and_amortization_prior_ytd, 2736_depreciation_and_amortization_current_ytd), 2.0)","{""op"": ""ratio"", ""left"": {""op"": ""sum"", ""left"": {""leaf"": ""2737_depreciation_and_amortization_prior_ytd"", ""depth"": 0}, ""right"": {""leaf"": ""2736_depreciation_and_amortization_current_ytd"", ""depth"": 0}, ""depth"": 1}, ""right"": {""literal"": 2.0, ""depth"": 0}, ""depth"": 2}","{""kind"": ""time_agg"", ""op"": ""avg"", ""depth"": 0}",521.0,2,0,2,418304557,834762567,42,0.496,0,1,2,2737_depreciation_and_amortization_prior_ytd,depreciation_and_amortization,depreciation and amortization,BLD,"Six Months Ended July 31, 2024",M_USD,548.0,2736_depreciation_and_amortization_current_ytd,depreciation_and_amortization,depreciation and amortization,BLD,"Six Months Ended July 31, 2025",M_USD,494.0,,,,,,,,,,,,,,,,,,,,,,,,,,,,,,,,,,,,,,,,,,,,,,,,,,,,,,,,,,,,,,,,,,,,,,
143,2,"provide the average opening cash and equivalents for TPH from Nine Months Ended October 31, 2024 to Nine Months Ended October 31, 2025.","ratio(sum(2595_opening_cash_and_equivalents_prior_ytd, 2594_opening_cash_and_equivalents_current_ytd), 2.0)","{""op"": ""ratio"", ""left"": {""op"": ""sum"", ""left"": {""leaf"": ""2595_opening_cash_and_equivalents_prior_ytd"", ""depth"": 0}, ""right"": {""leaf"": ""2594_opening_cash_and_equivalents_current_ytd"", ""depth"": 0}, ""depth"": 1}, ""right"": {""literal"": 2.0, ""depth"": 0}, ""depth"": 2}","{""kind"": ""time_agg"", ""op"": ""avg"", ""depth"": 0}",2983.5,5,0,2,833304363,751557781,42,0.148,0,1,2,2595_opening_cash_and_equivalents_prior_ytd,opening_cash_and_equivalents,opening cash and equivalents,TPH,"Nine Months Ended October 31, 2024",M_USD,3014.0,2594_opening_cash_and_equivalents_current_ytd,opening_cash_and_equivalents,opening cash and equivalents,TPH,"Nine Months Ended October 31, 2025",M_USD,2953.0,,,,,,,,,,,,,,,,,,,,,,,,,,,,,,,,,,,,,,,,,,,,,,,,,,,,,,,,,,,,,,,,,,,,,,
144,2,"Calculate the sum of net cash from investing and gross profit for AVX in Nine Months Ended October 31, 2025","sum(1490_net_cash_from_investing_current_ytd, gross_profit)","{""op"": ""sum"", ""left"": {""leaf"": ""1490_net_cash_from_investing_current_ytd"", ""depth"": 0}, ""right"": {""derived"": ""gross_profit"", ""expanded"": {""op"": ""diff"", ""left"": {""leaf"": ""1394_total_revenues_current_ytd"", ""depth"": 0}, ""right"": {""leaf"": ""1398_cost_of_sales_current_ytd"", ""depth"": 0}, ""depth"": 1}, ""depth"": 1}, ""depth"": 2}","{""op"": ""sum"", ""left"": {""kind"": ""leaf"", ""semantic_type_in"": [""amount""], ""depth"": 0}, ""right"": {""kind"": ""derived_concept"", ""name"": ""gross_profit"", ""depth"": 0}, ""depth"": 1, ""kind"": ""node""}",911.0,3,1,2,303305498,827174952,42,0.444,1,2,3,1490_net_cash_from_investing_current_ytd,net_cash_from_investing,net cash from investing,AVX,"Nine Months Ended October 31, 2025",M_USD,-319.0,1394_total_revenues_current_ytd,total_revenues,total revenues,AVX,"Nine Months Ended October 31, 2025",M_USD,3159.0,1398_cost_of_sales_current_ytd,cost_of_sales,cost of sales,AVX,"Nine Months Ended October 31, 2025",M_USD,1929.0,,,,,,,,,,,,,,,,,,,,,,,,,,,,,,,,,,,,,,,,,,,,,,,,,,,,,,,,,,,,,,,
146,2,"Whats the value of the average cost of sales for CRF from Three Months Ended October 31, 2024 to Three Months Ended October 31, 2025 ?","ratio(sum(1687_cost_of_sales_prior_year_quarter, 1686_cost_of_sales_current_quarter), 2.0)","{""op"": ""ratio"", ""left"": {""op"": ""sum"", ""left"": {""leaf"": ""1687_cost_of_sales_prior_year_quarter"", ""depth"": 0}, ""right"": {""leaf"": ""1686_cost_of_sales_current_quarter"", ""depth"": 0}, ""depth"": 1}, ""right"": {""literal"": 2.0, ""depth"": 0}, ""depth"": 2}","{""kind"": ""time_agg"", ""op"": ""avg"", ""depth"": 0}",7635.0,5,0,2,657627978,994905795,42,0.198,0,1,2,1687_cost_of_sales_prior_year_quarter,cost_of_sales,cost of sales,CRF,"Three Months Ended October 31, 2024",M_USD,7706.0,1686_cost_of_sales_current_quarter,cost_of_sales,cost of sales,CRF,"Three Months Ended October 31, 2025",M_USD,7564.0,,,,,,,,,,,,,,,,,,,,,,,,,,,,,,,,,,,,,,,,,,,,,,,,,,,,,,,,,,,,,,,,,,,,,,
151,2,"Could you give the average cost of sales for MTX from Nine Months Ended October 31, 2024 to Nine Months Ended October 31, 2025","ratio(sum(5321_cost_of_sales_prior_year_ytd, 5320_cost_of_sales_current_ytd), 2.0)","{""op"": ""ratio"", ""left"": {""op"": ""sum"", ""left"": {""leaf"": ""5321_cost_of_sales_prior_year_ytd"", ""depth"": 0}, ""right"": {""leaf"": ""5320_cost_of_sales_current_ytd"", ""depth"": 0}, ""depth"": 1}, ""right"": {""literal"": 2.0, ""depth"": 0}, ""depth"": 2}","{""kind"": ""time_agg"", ""op"": ""avg"", ""depth"": 0}",53550.0,2,0,2,812263630,769863359,42,0.284,0,1,2,5321_cost_of_sales_prior_year_ytd,cost_of_sales,cost of sales,MTX,"Nine Months Ended October 31, 2024",M_USD,53898.0,5320_cost_of_sales_current_ytd,cost_of_sales,cost of sales,MTX,"Nine Months Ended October 31, 2025",M_USD,53202.0,,,,,,,,,,,,,,,,,,,,,,,,,,,,,,,,,,,,,,,,,,,,,,,,,,,,,,,,,,,,,,,,,,,,,,
153,2,"which quantity is given by the sum of maximum of Patient service revenue for MED from Three Months Ended October 31, 2024 to Three Months Ended October 31, 2025 and maximum of long term marketable securities for MED from December 31, 2024 to October 31, 2025 ?","sum(max(1380_patient_service_revenue_prior_year_quarter, 1376_patient_service_revenue_current_quarter), max(1277_long_term_marketable_securities_prior_fy_end, 1276_long_term_marketable_securities_current_quarter_end))","{""op"": ""sum"", ""left"": {""op"": ""max"", ""left"": {""leaf"": ""1380_patient_service_revenue_prior_year_quarter"", ""depth"": 0}, ""right"": {""leaf"": ""1376_patient_service_revenue_current_quarter"", ""depth"": 0}, ""depth"": 1}, ""right"": {""op"": ""max"", ""left"": {""leaf"": ""1277_long_term_marketable_securities_prior_fy_end"", ""depth"": 0}, ""right"": {""leaf"": ""1276_long_term_marketable_securities_current_quarter_end"", ""depth"": 0}, ""depth"": 1}, ""depth"": 2}","{""op"": ""sum"", ""left"": {""kind"": ""time_agg"", ""op"": ""max"", ""depth"": 0}, ""right"": {""kind"": ""time_agg"", ""op"": ""max"", ""depth"": 0}, ""depth"": 1, ""kind"": ""node""}",4936.0,3,1,2,774301128,725582010,42,0.27,1,2,4,1380_patient_service_revenue_prior_year_quarter,patient_service_revenue,Patient service revenue,MED,"Three Months Ended October 31, 2024",M_USD,4217.0,1376_patient_service_revenue_current_quarter,patient_service_revenue,Patient service revenue,MED,"Three Months Ended October 31, 2025",M_USD,4047.0,1277_long_term_marketable_securities_prior_fy_end,long_term_marketable_securities,long term marketable securities,MED,"December 31, 2024",M_USD,670.0,1276_long_term_marketable_securities_current_quarter_end,long_term_marketable_securities,long term marketable securities,MED,"October 31, 2025",M_USD,719.0,,,,,,,,,,,,,,,,,,,,,,,,,,,,,,,,,,,,,,,,,,,,,,,,,,,,,,,,
157,2,"Compute the average total non current assets for QRK from September 30, 2025 to April 30, 2026.","ratio(sum(3510_total_non_current_assets_current_quarter_end, 3511_total_non_current_assets_prior_fy_end), 2.0)","{""op"": ""ratio"", ""left"": {""op"": ""sum"", ""left"": {""leaf"": ""3510_total_non_current_assets_current_quarter_end"", ""depth"": 0}, ""right"": {""leaf"": ""3511_total_non_current_assets_prior_fy_end"", ""depth"": 0}, ""depth"": 1}, ""right"": {""literal"": 2.0, ""depth"": 0}, ""depth"": 2}","{""kind"": ""time_agg"", ""op"": ""avg"", ""depth"": 0}",56078.0,4,0,2,761152018,131190228,42,0.464,0,1,2,3510_total_non_current_assets_current_quarter_end,total_non_current_assets,total non current assets,QRK,"April 30, 2026",M_USD,54500.0,3511_total_non_current_assets_prior_fy_end,total_non_current_assets,total non current assets,QRK,"September 30, 2025",M_USD,57656.0,,,,,,,,,,,,,,,,,,,,,,,,,,,,,,,,,,,,,,,,,,,,,,,,,,,,,,,,,,,,,,,,,,,,,,
158,2,"What is the average total liabilities for BLD from December 31, 2024 to July 31, 2025","ratio(sum(2727_total_liabilities_prior_fy_end, 2726_total_liabilities_current_quarter_end), 2.0)","{""op"": ""ratio"", ""left"": {""op"": ""sum"", ""left"": {""leaf"": ""2727_total_liabilities_prior_fy_end"", ""depth"": 0}, ""right"": {""leaf"": ""2726_total_liabilities_current_quarter_end"", ""depth"": 0}, ""depth"": 1}, ""right"": {""literal"": 2.0, ""depth"": 0}, ""depth"": 2}","{""kind"": ""time_agg"", ""op"": ""avg"", ""depth"": 0}",7956.0,1,0,2,774438142,943385841,42,0.372,0,1,2,2727_total_liabilities_prior_fy_end,total_liabilities,total liabilities,BLD,"December 31, 2024",M_USD,7964.0,2726_total_liabilities_current_quarter_end,total_liabilities,total liabilities,BLD,"July 31, 2025",M_USD,7948.0,,,,,,,,,,,,,,,,,,,,,,,,,,,,,,,,,,,,,,,,,,,,,,,,,,,,,,,,,,,,,,,,,,,,,,
160,2,"What is the average cash and cash equivalents for AST from December 31, 2024 to July 31, 2025?","ratio(sum(4855_cash_and_cash_equivalents_prior_fy_end, 4854_cash_and_cash_equivalents_current_quarter_end), 2.0)","{""op"": ""ratio"", ""left"": {""op"": ""sum"", ""left"": {""leaf"": ""4855_cash_and_cash_equivalents_prior_fy_end"", ""depth"": 0}, ""right"": {""leaf"": ""4854_cash_and_cash_equivalents_current_quarter_end"", ""depth"": 0}, ""depth"": 1}, ""right"": {""literal"": 2.0, ""depth"": 0}, ""depth"": 2}","{""kind"": ""time_agg"", ""op"": ""avg"", ""depth"": 0}",6162.5,5,0,2,252630965,961209441,42,0.301,0,1,2,4855_cash_and_cash_equivalents_prior_fy_end,cash_and_cash_equivalents,cash and cash equivalents,AST,"December 31, 2024",M_USD,6143.0,4854_cash_and_cash_equivalents_current_quarter_end,cash_and_cash_equivalents,cash and cash equivalents,AST,"July 31, 2025",M_USD,6182.0,,,,,,,,,,,,,,,,,,,,,,,,,,,,,,,,,,,,,,,,,,,,,,,,,,,,,,,,,,,,,,,,,,,,,,
161,2,"State the average Other revenue for VTL from Three Months Ended April 30, 2024 to Three Months Ended April 30, 2025.","ratio(sum(129_other_revenue_prior_year_quarter, 125_other_revenue_current_quarter), 2.0)","{""op"": ""ratio"", ""left"": {""op"": ""sum"", ""left"": {""leaf"": ""129_other_revenue_prior_year_quarter"", ""depth"": 0}, ""right"": {""leaf"": ""125_other_revenue_current_quarter"", ""depth"": 0}, ""depth"": 1}, ""right"": {""literal"": 2.0, ""depth"": 0}, ""depth"": 2}","{""kind"": ""time_agg"", ""op"": ""avg"", ""depth"": 0}",309.5,5,0,2,139036162,343722233,42,0.388,0,1,2,129_other_revenue_prior_year_quarter,other_revenue,Other revenue,VTL,"Three Months Ended April 30, 2024",M_USD,308.0,125_other_revenue_current_quarter,other_revenue,Other revenue,VTL,"Three Months Ended April 30, 2025",M_USD,311.0,,,,,,,,,,,,,,,,,,,,,,,,,,,,,,,,,,,,,,,,,,,,,,,,,,,,,,,,,,,,,,,,,,,,,,
163,2,"you should give the average cash and cash equivalents for VTL from December 31, 2024 to April 30, 2025","ratio(sum(24_cash_and_cash_equivalents_current_quarter_end, 25_cash_and_cash_equivalents_prior_fy_end), 2.0)","{""op"": ""ratio"", ""left"": {""op"": ""sum"", ""left"": {""leaf"": ""24_cash_and_cash_equivalents_current_quarter_end"", ""depth"": 0}, ""right"": {""leaf"": ""25_cash_and_cash_equivalents_prior_fy_end"", ""depth"": 0}, ""depth"": 1}, ""right"": {""literal"": 2.0, ""depth"": 0}, ""depth"": 2}","{""kind"": ""time_agg"", ""op"": ""avg"", ""depth"": 0}",117.0,2,0,2,12384564,578853959,42,0.131,0,1,2,24_cash_and_cash_equivalents_current_quarter_end,cash_and_cash_equivalents,cash and cash equivalents,VTL,"April 30, 2025",M_USD,116.0,25_cash_and_cash_equivalents_prior_fy_end,cash_and_cash_equivalents,cash and cash equivalents,VTL,"December 31, 2024",M_USD,118.0,,,,,,,,,,,,,,,,,,,,,,,,,,,,,,,,,,,,,,,,,,,,,,,,,,,,,,,,,,,,,,,,,,,,,,
172,2,"evaluate the average total revenues for DTA from Three Months Ended April 30, 2024 to Three Months Ended April 30, 2025.","ratio(sum(4383_total_revenues_prior_year_quarter, 4382_total_revenues_current_quarter), 2.0)","{""op"": ""ratio"", ""left"": {""op"": ""sum"", ""left"": {""leaf"": ""4383_total_revenues_prior_year_quarter"", ""depth"": 0}, ""right"": {""leaf"": ""4382_total_revenues_current_quarter"", ""depth"": 0}, ""depth"": 1}, ""right"": {""literal"": 2.0, ""depth"": 0}, ""depth"": 2}","{""kind"": ""time_agg"", ""op"": ""avg"", ""depth"": 0}",18193.5,3,0,2,30053409,401431312,42,0.285,0,1,2,4383_total_revenues_prior_year_quarter,total_revenues,total revenues,DTA,"Three Months Ended April 30, 2024",M_USD,17902.0,4382_total_revenues_current_quarter,total_revenues,total revenues,DTA,"Three Months Ended April 30, 2025",M_USD,18485.0,,,,,,,,,,,,,,,,,,,,,,,,,,,,,,,,,,,,,,,,,,,,,,,,,,,,,,,,,,,,,,,,,,,,,,
174,2,"Which quantity is given by the average provision for income taxes for MED from Nine Months Ended October 31, 2024 to Nine Months Ended October 31, 2025","ratio(sum(1251_provision_for_income_taxes_prior_year_ytd, 1250_provision_for_income_taxes_current_ytd), 2.0)","{""op"": ""ratio"", ""left"": {""op"": ""sum"", ""left"": {""leaf"": ""1251_provision_for_income_taxes_prior_year_ytd"", ""depth"": 0}, ""right"": {""leaf"": ""1250_provision_for_income_taxes_current_ytd"", ""depth"": 0}, ""depth"": 1}, ""right"": {""literal"": 2.0, ""depth"": 0}, ""depth"": 2}","{""kind"": ""time_agg"", ""op"": ""avg"", ""depth"": 0}",594.0,5,0,2,284296673,698646390,42,0.392,0,1,2,1251_provision_for_income_taxes_prior_year_ytd,provision_for_income_taxes,provision for income taxes,MED,"Nine Months Ended October 31, 2024",M_USD,606.0,1250_provision_for_income_taxes_current_ytd,provision_for_income_taxes,provision for income taxes,MED,"Nine Months Ended October 31, 2025",M_USD,582.0,,,,,,,,,,,,,,,,,,,,,,,,,,,,,,,,,,,,,,,,,,,,,,,,,,,,,,,,,,,,,,,,,,,,,,
177,2,"Which result follows from the average provision for income taxes for MDI from Three Months Ended October 31, 2024 to Three Months Ended October 31, 2025?","ratio(sum(5507_provision_for_income_taxes_prior_year_quarter, 5506_provision_for_income_taxes_current_quarter), 2.0)","{""op"": ""ratio"", ""left"": {""op"": ""sum"", ""left"": {""leaf"": ""5507_provision_for_income_taxes_prior_year_quarter"", ""depth"": 0}, ""right"": {""leaf"": ""5506_provision_for_income_taxes_current_quarter"", ""depth"": 0}, ""depth"": 1}, ""right"": {""literal"": 2.0, ""depth"": 0}, ""depth"": 2}","{""kind"": ""time_agg"", ""op"": ""avg"", ""depth"": 0}",769.5,1,0,2,152566629,129114508,42,0.284,0,1,2,5507_provision_for_income_taxes_prior_year_quarter,provision_for_income_taxes,provision for income taxes,MDI,"Three Months Ended October 31, 2024",M_USD,722.0,5506_provision_for_income_taxes_current_quarter,provision_for_income_taxes,provision for income taxes,MDI,"Three Months Ended October 31, 2025",M_USD,817.0,,,,,,,,,,,,,,,,,,,,,,,,,,,,,,,,,,,,,,,,,,,,,,,,,,,,,,,,,,,,,,,,,,,,,,
192,2,"Whats the value of the average cost of technology services for CNS from Three Months Ended April 30, 2024 to Three Months Ended April 30, 2025","ratio(sum(6071_cos_technology_services_prior_year_quarter, 6067_cos_technology_services_current_quarter), 2.0)","{""op"": ""ratio"", ""left"": {""op"": ""sum"", ""left"": {""leaf"": ""6071_cos_technology_services_prior_year_quarter"", ""depth"": 0}, ""right"": {""leaf"": ""6067_cos_technology_services_current_quarter"", ""depth"": 0}, ""depth"": 1}, ""right"": {""literal"": 2.0, ""depth"": 0}, ""depth"": 2}","{""kind"": ""time_agg"", ""op"": ""avg"", ""depth"": 0}",937.5,5,0,2,263139796,248129275,42,0.531,0,1,2,6071_cos_technology_services_prior_year_quarter,cos_technology_services,cost of technology services,CNS,"Three Months Ended April 30, 2024",M_USD,913.0,6067_cos_technology_services_current_quarter,cos_technology_services,cost of technology services,CNS,"Three Months Ended April 30, 2025",M_USD,962.0,,,,,,,,,,,,,,,,,,,,,,,,,,,,,,,,,,,,,,,,,,,,,,,,,,,,,,,,,,,,,,,,,,,,,,
205,2,"which result follows from the average gross profit for MDI from Nine Months Ended October 31, 2024 to Nine Months Ended October 31, 2025 ?","ratio(sum(5485_gross_profit_prior_year_ytd, 5484_gross_profit_current_ytd), 2.0)","{""op"": ""ratio"", ""left"": {""op"": ""sum"", ""left"": {""leaf"": ""5485_gross_profit_prior_year_ytd"", ""depth"": 0}, ""right"": {""leaf"": ""5484_gross_profit_current_ytd"", ""depth"": 0}, ""depth"": 1}, ""right"": {""literal"": 2.0, ""depth"": 0}, ""depth"": 2}","{""kind"": ""time_agg"", ""op"": ""avg"", ""depth"": 0}",27654.0,1,0,2,241730484,551682876,42,0.162,0,1,2,5485_gross_profit_prior_year_ytd,gross_profit,gross profit,MDI,"Nine Months Ended October 31, 2024",M_USD,25953.0,5484_gross_profit_current_ytd,gross_profit,gross profit,MDI,"Nine Months Ended October 31, 2025",M_USD,29355.0,,,,,,,,,,,,,,,,,,,,,,,,,,,,,,,,,,,,,,,,,,,,,,,,,,,,,,,,,,,,,,,,,,,,,,
210,2,"Determine the average deferred revenue current for ZNX from December 31, 2024 to July 31, 2025.","ratio(sum(6311_deferred_revenue_current_prior_fy_end, 6310_deferred_revenue_current_current_quarter_end), 2.0)","{""op"": ""ratio"", ""left"": {""op"": ""sum"", ""left"": {""leaf"": ""6311_deferred_revenue_current_prior_fy_end"", ""depth"": 0}, ""right"": {""leaf"": ""6310_deferred_revenue_current_current_quarter_end"", ""depth"": 0}, ""depth"": 1}, ""right"": {""literal"": 2.0, ""depth"": 0}, ""depth"": 2}","{""kind"": ""time_agg"", ""op"": ""avg"", ""depth"": 0}",740.0,2,0,2,393874147,543677956,42,0.314,0,1,2,6311_deferred_revenue_current_prior_fy_end,deferred_revenue_current,deferred revenue current,ZNX,"December 31, 2024",M_USD,689.0,6310_deferred_revenue_current_current_quarter_end,deferred_revenue_current,deferred revenue current,ZNX,"July 31, 2025",M_USD,791.0,,,,,,,,,,,,,,,,,,,,,,,,,,,,,,,,,,,,,,,,,,,,,,,,,,,,,,,,,,,,,,,,,,,,,,
212,2,"Provide the average total revenues for TRU from Three Months Ended July 31, 2024 to Three Months Ended July 31, 2025 .","ratio(sum(805_total_revenues_prior_year_quarter, 804_total_revenues_current_quarter), 2.0)","{""op"": ""ratio"", ""left"": {""op"": ""sum"", ""left"": {""leaf"": ""805_total_revenues_prior_year_quarter"", ""depth"": 0}, ""right"": {""leaf"": ""804_total_revenues_current_quarter"", ""depth"": 0}, ""depth"": 1}, ""right"": {""literal"": 2.0, ""depth"": 0}, ""depth"": 2}","{""kind"": ""time_agg"", ""op"": ""avg"", ""depth"": 0}",17745.0,2,0,2,561264846,993545663,42,0.59,0,1,2,805_total_revenues_prior_year_quarter,total_revenues,total revenues,TRU,"Three Months Ended July 31, 2024",M_USD,16555.0,804_total_revenues_current_quarter,total_revenues,total revenues,TRU,"Three Months Ended July 31, 2025",M_USD,18935.0,,,,,,,,,,,,,,,,,,,,,,,,,,,,,,,,,,,,,,,,,,,,,,,,,,,,,,,,,,,,,,,,,,,,,,
214,2,"what is the average net cash from operating for AVX from Nine Months Ended October 31, 2024 to Nine Months Ended October 31, 2025 ?","ratio(sum(1483_net_cash_from_operating_prior_ytd, 1482_net_cash_from_operating_current_ytd), 2.0)","{""op"": ""ratio"", ""left"": {""op"": ""sum"", ""left"": {""leaf"": ""1483_net_cash_from_operating_prior_ytd"", ""depth"": 0}, ""right"": {""leaf"": ""1482_net_cash_from_operating_current_ytd"", ""depth"": 0}, ""depth"": 1}, ""right"": {""literal"": 2.0, ""depth"": 0}, ""depth"": 2}","{""kind"": ""time_agg"", ""op"": ""avg"", ""depth"": 0}",939.0,3,0,2,346253503,351949238,42,0.544,0,1,2,1483_net_cash_from_operating_prior_ytd,net_cash_from_operating,net cash from operating,AVX,"Nine Months Ended October 31, 2024",M_USD,960.0,1482_net_cash_from_operating_current_ytd,net_cash_from_operating,net cash from operating,AVX,"Nine Months Ended October 31, 2025",M_USD,918.0,,,,,,,,,,,,,,,,,,,,,,,,,,,,,,,,,,,,,,,,,,,,,,,,,,,,,,,,,,,,,,,,,,,,,,
222,2,"May you give the average total current assets for PRF from December 31, 2024 to April 30, 2025?","ratio(sum(2200_total_current_assets_current_quarter_end, 2201_total_current_assets_prior_fy_end), 2.0)","{""op"": ""ratio"", ""left"": {""op"": ""sum"", ""left"": {""leaf"": ""2200_total_current_assets_current_quarter_end"", ""depth"": 0}, ""right"": {""leaf"": ""2201_total_current_assets_prior_fy_end"", ""depth"": 0}, ""depth"": 1}, ""right"": {""literal"": 2.0, ""depth"": 0}, ""depth"": 2}","{""kind"": ""time_agg"", ""op"": ""avg"", ""depth"": 0}",380.0,2,0,2,687430791,686290977,42,0.387,0,1,2,2200_total_current_assets_current_quarter_end,total_current_assets,total current assets,PRF,"April 30, 2025",M_USD,388.0,2201_total_current_assets_prior_fy_end,total_current_assets,total current assets,PRF,"December 31, 2024",M_USD,372.0,,,,,,,,,,,,,,,,,,,,,,,,,,,,,,,,,,,,,,,,,,,,,,,,,,,,,,,,,,,,,,,,,,,,,,
226,2,"What would be the average accounts payable for DTA from December 31, 2024 to April 30, 2025","ratio(sum(4430_accounts_payable_current_quarter_end, 4431_accounts_payable_prior_fy_end), 2.0)","{""op"": ""ratio"", ""left"": {""op"": ""sum"", ""left"": {""leaf"": ""4430_accounts_payable_current_quarter_end"", ""depth"": 0}, ""right"": {""leaf"": ""4431_accounts_payable_prior_fy_end"", ""depth"": 0}, ""depth"": 1}, ""right"": {""literal"": 2.0, ""depth"": 0}, ""depth"": 2}","{""kind"": ""time_agg"", ""op"": ""avg"", ""depth"": 0}",5160.5,4,0,2,103475469,605076465,42,0.432,0,1,2,4430_accounts_payable_current_quarter_end,accounts_payable,accounts payable,DTA,"April 30, 2025",M_USD,5121.0,4431_accounts_payable_prior_fy_end,accounts_payable,accounts payable,DTA,"December 31, 2024",M_USD,5200.0,,,,,,,,,,,,,,,,,,,,,,,,,,,,,,,,,,,,,,,,,,,,,,,,,,,,,,,,,,,,,,,,,,,,,,
231,2,"You should calculate the income before taxes for MTX in Nine Months Ended October 31, 2025",income_before_taxes,"{""derived"": ""income_before_taxes"", ""expanded"": {""op"": ""sum"", ""left"": {""derived"": ""operating_income"", ""expanded"": {""op"": ""diff"", ""left"": {""leaf"": ""5316_total_revenues_current_ytd"", ""depth"": 0}, ""right"": {""leaf"": ""5336_total_costs_and_expenses_current_ytd"", ""depth"": 0}, ""depth"": 1}, ""depth"": 1}, ""right"": {""leaf"": ""5344_other_income_expense_net_current_ytd"", ""depth"": 0}, ""depth"": 2}, ""depth"": 2}","{""kind"": ""derived_concept"", ""name"": ""income_before_taxes"", ""depth"": 0}",11646.0,3,0,2,951715346,409616187,42,0.511,0,1,3,5316_total_revenues_current_ytd,total_revenues,total revenues,MTX,"Nine Months Ended October 31, 2025",M_USD,73452.0,5336_total_costs_and_expenses_current_ytd,total_costs_and_expenses,total costs and expenses,MTX,"Nine Months Ended October 31, 2025",M_USD,62127.0,5344_other_income_expense_net_current_ytd,other_income_expense_net,other income expense net,MTX,"Nine Months Ended October 31, 2025",M_USD,321.0,,,,,,,,,,,,,,,,,,,,,,,,,,,,,,,,,,,,,,,,,,,,,,,,,,,,,,,,,,,,,,,
234,2,"What would be the average short term investments for CRZ from December 31, 2024 to October 31, 2025?","ratio(sum(5021_short_term_investments_prior_fy_end, 5020_short_term_investments_current_quarter_end), 2.0)","{""op"": ""ratio"", ""left"": {""op"": ""sum"", ""left"": {""leaf"": ""5021_short_term_investments_prior_fy_end"", ""depth"": 0}, ""right"": {""leaf"": ""5020_short_term_investments_current_quarter_end"", ""depth"": 0}, ""depth"": 1}, ""right"": {""literal"": 2.0, ""depth"": 0}, ""depth"": 2}","{""kind"": ""time_agg"", ""op"": ""avg"", ""depth"": 0}",761.0,2,0,2,337112192,337020223,42,0.397,0,1,2,5021_short_term_investments_prior_fy_end,short_term_investments,short term investments,CRZ,"December 31, 2024",M_USD,745.0,5020_short_term_investments_current_quarter_end,short_term_investments,short term investments,CRZ,"October 31, 2025",M_USD,777.0,,,,,,,,,,,,,,,,,,,,,,,,,,,,,,,,,,,,,,,,,,,,,,,,,,,,,,,,,,,,,,,,,,,,,,
235,2,"May you give the average research and development for PRF from Three Months Ended April 30, 2024 to Three Months Ended April 30, 2025 ?","ratio(sum(2173_research_and_development_prior_year_quarter, 2172_research_and_development_current_quarter), 2.0)","{""op"": ""ratio"", ""left"": {""op"": ""sum"", ""left"": {""leaf"": ""2173_research_and_development_prior_year_quarter"", ""depth"": 0}, ""right"": {""leaf"": ""2172_research_and_development_current_quarter"", ""depth"": 0}, ""depth"": 1}, ""right"": {""literal"": 2.0, ""depth"": 0}, ""depth"": 2}","{""kind"": ""time_agg"", ""op"": ""avg"", ""depth"": 0}",86.5,5,0,2,83101094,878903995,42,0.37,0,1,2,2173_research_and_development_prior_year_quarter,research_and_development,research and development,PRF,"Three Months Ended April 30, 2024",M_USD,85.0,2172_research_and_development_current_quarter,research_and_development,research and development,PRF,"Three Months Ended April 30, 2025",M_USD,88.0,,,,,,,,,,,,,,,,,,,,,,,,,,,,,,,,,,,,,,,,,,,,,,,,,,,,,,,,,,,,,,,,,,,,,,
238,2,"what does the following give: average other non current liabilities for HLT from December 31, 2024 to October 31, 2025?","ratio(sum(713_other_non_current_liabilities_prior_fy_end, 712_other_non_current_liabilities_current_quarter_end), 2.0)","{""op"": ""ratio"", ""left"": {""op"": ""sum"", ""left"": {""leaf"": ""713_other_non_current_liabilities_prior_fy_end"", ""depth"": 0}, ""right"": {""leaf"": ""712_other_non_current_liabilities_current_quarter_end"", ""depth"": 0}, ""depth"": 1}, ""right"": {""literal"": 2.0, ""depth"": 0}, ""depth"": 2}","{""kind"": ""time_agg"", ""op"": ""avg"", ""depth"": 0}",832.0,2,0,2,633762907,686030276,42,0.408,0,1,2,713_other_non_current_liabilities_prior_fy_end,other_non_current_liabilities,other non current liabilities,HLT,"December 31, 2024",M_USD,826.0,712_other_non_current_liabilities_current_quarter_end,other_non_current_liabilities,other non current liabilities,HLT,"October 31, 2025",M_USD,838.0,,,,,,,,,,,,,,,,,,,,,,,,,,,,,,,,,,,,,,,,,,,,,,,,,,,,,,,,,,,,,,,,,,,,,,
242,2,"What's the value of the average long term marketable securities for CAP from December 31, 2024 to October 31, 2025","ratio(sum(5707_long_term_marketable_securities_prior_fy_end, 5706_long_term_marketable_securities_current_quarter_end), 2.0)","{""op"": ""ratio"", ""left"": {""op"": ""sum"", ""left"": {""leaf"": ""5707_long_term_marketable_securities_prior_fy_end"", ""depth"": 0}, ""right"": {""leaf"": ""5706_long_term_marketable_securities_current_quarter_end"", ""depth"": 0}, ""depth"": 1}, ""right"": {""literal"": 2.0, ""depth"": 0}, ""depth"": 2}","{""kind"": ""time_agg"", ""op"": ""avg"", ""depth"": 0}",6213.0,2,0,2,292246075,291947019,42,0.338,0,1,2,5707_long_term_marketable_securities_prior_fy_end,long_term_marketable_securities,long term marketable securities,CAP,"December 31, 2024",M_USD,6218.0,5706_long_term_marketable_securities_current_quarter_end,long_term_marketable_securities,long term marketable securities,CAP,"October 31, 2025",M_USD,6208.0,,,,,,,,,,,,,,,,,,,,,,,,,,,,,,,,,,,,,,,,,,,,,,,,,,,,,,,,,,,,,,,,,,,,,,
243,2,"calculate the average provision for income taxes for AVX from Nine Months Ended October 31, 2024 to Nine Months Ended October 31, 2025","ratio(sum(1423_provision_for_income_taxes_prior_year_ytd, 1422_provision_for_income_taxes_current_ytd), 2.0)","{""op"": ""ratio"", ""left"": {""op"": ""sum"", ""left"": {""leaf"": ""1423_provision_for_income_taxes_prior_year_ytd"", ""depth"": 0}, ""right"": {""leaf"": ""1422_provision_for_income_taxes_current_ytd"", ""depth"": 0}, ""depth"": 1}, ""right"": {""literal"": 2.0, ""depth"": 0}, ""depth"": 2}","{""kind"": ""time_agg"", ""op"": ""avg"", ""depth"": 0}",217.5,4,0,2,66653961,76406146,42,0.347,0,1,2,1423_provision_for_income_taxes_prior_year_ytd,provision_for_income_taxes,provision for income taxes,AVX,"Nine Months Ended October 31, 2024",M_USD,219.0,1422_provision_for_income_taxes_current_ytd,provision_for_income_taxes,provision for income taxes,AVX,"Nine Months Ended October 31, 2025",M_USD,216.0,,,,,,,,,,,,,,,,,,,,,,,,,,,,,,,,,,,,,,,,,,,,,,,,,,,,,,,,,,,,,,,,,,,,,,
247,2,"state the income before taxes for TXN in Three Months Ended April 30, 2024.",income_before_taxes,"{""derived"": ""income_before_taxes"", ""expanded"": {""op"": ""sum"", ""left"": {""derived"": ""operating_income"", ""expanded"": {""op"": ""diff"", ""left"": {""leaf"": ""7585_total_revenues_prior_year_quarter"", ""depth"": 0}, ""right"": {""leaf"": ""7595_total_costs_and_expenses_prior_year_quarter"", ""depth"": 0}, ""depth"": 1}, ""depth"": 1}, ""right"": {""leaf"": ""7599_other_income_expense_net_prior_year_quarter"", ""depth"": 0}, ""depth"": 2}, ""depth"": 2}","{""kind"": ""derived_concept"", ""name"": ""income_before_taxes"", ""depth"": 0}",21771.0,3,0,2,262896251,487001911,42,0.486,0,1,3,7585_total_revenues_prior_year_quarter,total_revenues,total revenues,TXN,"Three Months Ended April 30, 2024",M_USD,62821.0,7595_total_costs_and_expenses_prior_year_quarter,total_costs_and_expenses,total costs and expenses,TXN,"Three Months Ended April 30, 2024",M_USD,41206.0,7599_other_income_expense_net_prior_year_quarter,other_income_expense_net,other income expense net,TXN,"Three Months Ended April 30, 2024",M_USD,156.0,,,,,,,,,,,,,,,,,,,,,,,,,,,,,,,,,,,,,,,,,,,,,,,,,,,,,,,,,,,,,,,
251,2,"May you calculate the average total liabilities for PLZ from December 31, 2024 to July 31, 2025 ?","ratio(sum(2091_total_liabilities_prior_fy_end, 2090_total_liabilities_current_quarter_end), 2.0)","{""op"": ""ratio"", ""left"": {""op"": ""sum"", ""left"": {""leaf"": ""2091_total_liabilities_prior_fy_end"", ""depth"": 0}, ""right"": {""leaf"": ""2090_total_liabilities_current_quarter_end"", ""depth"": 0}, ""depth"": 1}, ""right"": {""literal"": 2.0, ""depth"": 0}, ""depth"": 2}","{""kind"": ""time_agg"", ""op"": ""avg"", ""depth"": 0}",56030.0,4,0,2,976661815,267262002,42,0.575,0,1,2,2091_total_liabilities_prior_fy_end,total_liabilities,total liabilities,PLZ,"December 31, 2024",M_USD,55282.0,2090_total_liabilities_current_quarter_end,total_liabilities,total liabilities,PLZ,"July 31, 2025",M_USD,56778.0,,,,,,,,,,,,,,,,,,,,,,,,,,,,,,,,,,,,,,,,,,,,,,,,,,,,,,,,,,,,,,,,,,,,,,
252,2,"determine the average total costs and expenses for ZNX from Six Months Ended July 31, 2024 to Six Months Ended July 31, 2025","ratio(sum(6259_total_costs_and_expenses_prior_year_ytd, 6258_total_costs_and_expenses_current_ytd), 2.0)","{""op"": ""ratio"", ""left"": {""op"": ""sum"", ""left"": {""leaf"": ""6259_total_costs_and_expenses_prior_year_ytd"", ""depth"": 0}, ""right"": {""leaf"": ""6258_total_costs_and_expenses_current_ytd"", ""depth"": 0}, ""depth"": 1}, ""right"": {""literal"": 2.0, ""depth"": 0}, ""depth"": 2}","{""kind"": ""time_agg"", ""op"": ""avg"", ""depth"": 0}",34610.0,5,0,2,441020874,279363689,42,0.321,0,1,2,6259_total_costs_and_expenses_prior_year_ytd,total_costs_and_expenses,total costs and expenses,ZNX,"Six Months Ended July 31, 2024",M_USD,34964.0,6258_total_costs_and_expenses_current_ytd,total_costs_and_expenses,total costs and expenses,ZNX,"Six Months Ended July 31, 2025",M_USD,34256.0,,,,,,,,,,,,,,,,,,,,,,,,,,,,,,,,,,,,,,,,,,,,,,,,,,,,,,,,,,,,,,,,,,,,,,
253,2,"give the income before taxes for SCI in Six Months Ended July 31, 2025.",income_before_taxes,"{""derived"": ""income_before_taxes"", ""expanded"": {""op"": ""sum"", ""left"": {""derived"": ""operating_income"", ""expanded"": {""op"": ""diff"", ""left"": {""leaf"": ""5140_total_revenues_current_ytd"", ""depth"": 0}, ""right"": {""leaf"": ""5160_total_costs_and_expenses_current_ytd"", ""depth"": 0}, ""depth"": 1}, ""depth"": 1}, ""right"": {""leaf"": ""5168_other_income_expense_net_current_ytd"", ""depth"": 0}, ""depth"": 2}, ""depth"": 2}","{""kind"": ""derived_concept"", ""name"": ""income_before_taxes"", ""depth"": 0}",2028.0,3,0,2,939296257,556046834,42,0.572,0,1,3,5140_total_revenues_current_ytd,total_revenues,total revenues,SCI,"Six Months Ended July 31, 2025",M_USD,10898.0,5160_total_costs_and_expenses_current_ytd,total_costs_and_expenses,total costs and expenses,SCI,"Six Months Ended July 31, 2025",M_USD,8860.0,5168_other_income_expense_net_current_ytd,other_income_expense_net,other income expense net,SCI,"Six Months Ended July 31, 2025",M_USD,-10.0,,,,,,,,,,,,,,,,,,,,,,,,,,,,,,,,,,,,,,,,,,,,,,,,,,,,,,,,,,,,,,,
258,2,"Calculate the average total non current liabilities for MTX from December 31, 2024 to October 31, 2025.","ratio(sum(5401_total_non_current_liabilities_prior_fy_end, 5400_total_non_current_liabilities_current_quarter_end), 2.0)","{""op"": ""ratio"", ""left"": {""op"": ""sum"", ""left"": {""leaf"": ""5401_total_non_current_liabilities_prior_fy_end"", ""depth"": 0}, ""right"": {""leaf"": ""5400_total_non_current_liabilities_current_quarter_end"", ""depth"": 0}, ""depth"": 1}, ""right"": {""literal"": 2.0, ""depth"": 0}, ""depth"": 2}","{""kind"": ""time_agg"", ""op"": ""avg"", ""depth"": 0}",7943.5,5,0,2,625682612,202369193,42,0.135,0,1,2,5401_total_non_current_liabilities_prior_fy_end,total_non_current_liabilities,total non current liabilities,MTX,"December 31, 2024",M_USD,7356.0,5400_total_non_current_liabilities_current_quarter_end,total_non_current_liabilities,total non current liabilities,MTX,"October 31, 2025",M_USD,8531.0,,,,,,,,,,,,,,,,,,,,,,,,,,,,,,,,,,,,,,,,,,,,,,,,,,,,,,,,,,,,,,,,,,,,,,
259,2,"Whats the value of the difference between research and development and gross profit for CLR in Nine Months Ended October 31, 2025 ?","diff(146_research_and_development_current_ytd, gross_profit)","{""op"": ""diff"", ""left"": {""leaf"": ""146_research_and_development_current_ytd"", ""depth"": 0}, ""right"": {""derived"": ""gross_profit"", ""expanded"": {""op"": ""diff"", ""left"": {""leaf"": ""134_total_revenues_current_ytd"", ""depth"": 0}, ""right"": {""leaf"": ""138_cost_of_sales_current_ytd"", ""depth"": 0}, ""depth"": 1}, ""depth"": 1}, ""depth"": 2}","{""op"": ""diff"", ""left"": {""kind"": ""leaf"", ""semantic_type_in"": [""amount""], ""depth"": 0}, ""right"": {""kind"": ""derived_concept"", ""name"": ""gross_profit"", ""depth"": 0}, ""depth"": 1, ""kind"": ""node""}",-12198.0,5,1,2,405105319,797147278,42,0.222,1,2,3,146_research_and_development_current_ytd,research_and_development,research and development,CLR,"Nine Months Ended October 31, 2025",M_USD,4779.0,134_total_revenues_current_ytd,total_revenues,total revenues,CLR,"Nine Months Ended October 31, 2025",M_USD,24930.0,138_cost_of_sales_current_ytd,cost_of_sales,cost of sales,CLR,"Nine Months Ended October 31, 2025",M_USD,7953.0,,,,,,,,,,,,,,,,,,,,,,,,,,,,,,,,,,,,,,,,,,,,,,,,,,,,,,,,,,,,,,,
263,2,"could you give the average inventories for MTX from December 31, 2024 to October 31, 2025","ratio(sum(5369_inventories_prior_fy_end, 5368_inventories_current_quarter_end), 2.0)","{""op"": ""ratio"", ""left"": {""op"": ""sum"", ""left"": {""leaf"": ""5369_inventories_prior_fy_end"", ""depth"": 0}, ""right"": {""leaf"": ""5368_inventories_current_quarter_end"", ""depth"": 0}, ""depth"": 1}, ""right"": {""literal"": 2.0, ""depth"": 0}, ""depth"": 2}","{""kind"": ""time_agg"", ""op"": ""avg"", ""depth"": 0}",3744.0,4,0,2,955836588,145926740,42,0.223,0,1,2,5369_inventories_prior_fy_end,inventories,inventories,MTX,"December 31, 2024",M_USD,3467.0,5368_inventories_current_quarter_end,inventories,inventories,MTX,"October 31, 2025",M_USD,4021.0,,,,,,,,,,,,,,,,,,,,,,,,,,,,,,,,,,,,,,,,,,,,,,,,,,,,,,,,,,,,,,,,,,,,,,
264,2,"calculate the income before taxes for VRX in Six Months Ended July 31, 2024 .",income_before_taxes,"{""derived"": ""income_before_taxes"", ""expanded"": {""op"": ""sum"", ""left"": {""derived"": ""operating_income"", ""expanded"": {""op"": ""diff"", ""left"": {""leaf"": ""2961_total_revenues_prior_year_ytd"", ""depth"": 0}, ""right"": {""leaf"": ""2981_total_costs_and_expenses_prior_year_ytd"", ""depth"": 0}, ""depth"": 1}, ""depth"": 1}, ""right"": {""leaf"": ""2989_other_income_expense_net_prior_year_ytd"", ""depth"": 0}, ""depth"": 2}, ""depth"": 2}","{""kind"": ""derived_concept"", ""name"": ""income_before_taxes"", ""depth"": 0}",2812.0,5,0,2,221775901,376843019,42,0.509,0,1,3,2961_total_revenues_prior_year_ytd,total_revenues,total revenues,VRX,"Six Months Ended July 31, 2024",M_USD,34142.0,2981_total_costs_and_expenses_prior_year_ytd,total_costs_and_expenses,total costs and expenses,VRX,"Six Months Ended July 31, 2024",M_USD,30762.0,2989_other_income_expense_net_prior_year_ytd,other_income_expense_net,other income expense net,VRX,"Six Months Ended July 31, 2024",M_USD,-568.0,,,,,,,,,,,,,,,,,,,,,,,,,,,,,,,,,,,,,,,,,,,,,,,,,,,,,,,,,,,,,,,
265,2,"Determine the average deferred revenue current for WHL from December 31, 2024 to July 31, 2025","ratio(sum(7373_deferred_revenue_current_prior_fy_end, 7372_deferred_revenue_current_current_quarter_end), 2.0)","{""op"": ""ratio"", ""left"": {""op"": ""sum"", ""left"": {""leaf"": ""7373_deferred_revenue_current_prior_fy_end"", ""depth"": 0}, ""right"": {""leaf"": ""7372_deferred_revenue_current_current_quarter_end"", ""depth"": 0}, ""depth"": 1}, ""right"": {""literal"": 2.0, ""depth"": 0}, ""depth"": 2}","{""kind"": ""time_agg"", ""op"": ""avg"", ""depth"": 0}",606.0,1,0,2,65525688,896649844,42,0.298,0,1,2,7373_deferred_revenue_current_prior_fy_end,deferred_revenue_current,deferred revenue current,WHL,"December 31, 2024",M_USD,590.0,7372_deferred_revenue_current_current_quarter_end,deferred_revenue_current,deferred revenue current,WHL,"July 31, 2025",M_USD,622.0,,,,,,,,,,,,,,,,,,,,,,,,,,,,,,,,,,,,,,,,,,,,,,,,,,,,,,,,,,,,,,,,,,,,,,
269,2,"you should give the average proceeds from maturities of securities for STR from Six Months Ended July 31, 2024 to Six Months Ended July 31, 2025 .","ratio(sum(3393_proceeds_from_maturities_of_securities_prior_ytd, 3392_proceeds_from_maturities_of_securities_current_ytd), 2.0)","{""op"": ""ratio"", ""left"": {""op"": ""sum"", ""left"": {""leaf"": ""3393_proceeds_from_maturities_of_securities_prior_ytd"", ""depth"": 0}, ""right"": {""leaf"": ""3392_proceeds_from_maturities_of_securities_current_ytd"", ""depth"": 0}, ""depth"": 1}, ""right"": {""literal"": 2.0, ""depth"": 0}, ""depth"": 2}","{""kind"": ""time_agg"", ""op"": ""avg"", ""depth"": 0}",100.5,1,0,2,825305364,880665491,42,0.575,0,1,2,3393_proceeds_from_maturities_of_securities_prior_ytd,proceeds_from_maturities_of_securities,proceeds from maturities of securities,STR,"Six Months Ended July 31, 2024",M_USD,96.0,3392_proceeds_from_maturities_of_securities_current_ytd,proceeds_from_maturities_of_securities,proceeds from maturities of securities,STR,"Six Months Ended July 31, 2025",M_USD,105.0,,,,,,,,,,,,,,,,,,,,,,,,,,,,,,,,,,,,,,,,,,,,,,,,,,,,,,,,,,,,,,,,,,,,,,
270,2,"What do we obtain as the income before taxes for GLP in Nine Months Ended October 31, 2024 ?",income_before_taxes,"{""derived"": ""income_before_taxes"", ""expanded"": {""op"": ""sum"", ""left"": {""derived"": ""operating_income"", ""expanded"": {""op"": ""diff"", ""left"": {""leaf"": ""6891_total_revenues_prior_year_ytd"", ""depth"": 0}, ""right"": {""leaf"": ""6911_total_costs_and_expenses_prior_year_ytd"", ""depth"": 0}, ""depth"": 1}, ""depth"": 1}, ""right"": {""leaf"": ""6919_other_income_expense_net_prior_year_ytd"", ""depth"": 0}, ""depth"": 2}, ""depth"": 2}","{""kind"": ""derived_concept"", ""name"": ""income_before_taxes"", ""depth"": 0}",58773.0,3,0,2,319301850,702593652,42,0.498,0,1,3,6891_total_revenues_prior_year_ytd,total_revenues,total revenues,GLP,"Nine Months Ended October 31, 2024",M_USD,321576.0,6911_total_costs_and_expenses_prior_year_ytd,total_costs_and_expenses,total costs and expenses,GLP,"Nine Months Ended October 31, 2024",M_USD,262515.0,6919_other_income_expense_net_prior_year_ytd,other_income_expense_net,other income expense net,GLP,"Nine Months Ended October 31, 2024",M_USD,-288.0,,,,,,,,,,,,,,,,,,,,,,,,,,,,,,,,,,,,,,,,,,,,,,,,,,,,,,,,,,,,,,,
274,2,"what would be the average accrued expenses and other for CRZ from December 31, 2024 to October 31, 2025?","ratio(sum(5047_accrued_expenses_and_other_prior_fy_end, 5046_accrued_expenses_and_other_current_quarter_end), 2.0)","{""op"": ""ratio"", ""left"": {""op"": ""sum"", ""left"": {""leaf"": ""5047_accrued_expenses_and_other_prior_fy_end"", ""depth"": 0}, ""right"": {""leaf"": ""5046_accrued_expenses_and_other_current_quarter_end"", ""depth"": 0}, ""depth"": 1}, ""right"": {""literal"": 2.0, ""depth"": 0}, ""depth"": 2}","{""kind"": ""time_agg"", ""op"": ""avg"", ""depth"": 0}",826.5,2,0,2,812681727,702500403,42,0.385,0,1,2,5047_accrued_expenses_and_other_prior_fy_end,accrued_expenses_and_other,accrued expenses and other,CRZ,"December 31, 2024",M_USD,809.0,5046_accrued_expenses_and_other_current_quarter_end,accrued_expenses_and_other,accrued expenses and other,CRZ,"October 31, 2025",M_USD,844.0,,,,,,,,,,,,,,,,,,,,,,,,,,,,,,,,,,,,,,,,,,,,,,,,,,,,,,,,,,,,,,,,,,,,,,
276,2,"which result follows from the income before taxes for JTX in Three Months Ended April 30, 2025 ?",income_before_taxes,"{""derived"": ""income_before_taxes"", ""expanded"": {""op"": ""sum"", ""left"": {""derived"": ""operating_income"", ""expanded"": {""op"": ""diff"", ""left"": {""leaf"": ""3954_total_revenues_current_quarter"", ""depth"": 0}, ""right"": {""leaf"": ""3962_total_costs_and_expenses_current_quarter"", ""depth"": 0}, ""depth"": 1}, ""depth"": 1}, ""right"": {""leaf"": ""3966_other_income_expense_net_current_quarter"", ""depth"": 0}, ""depth"": 2}, ""depth"": 2}","{""kind"": ""derived_concept"", ""name"": ""income_before_taxes"", ""depth"": 0}",1857.0,5,0,2,58771213,337576162,42,0.381,0,1,3,3954_total_revenues_current_quarter,total_revenues,total revenues,JTX,"Three Months Ended April 30, 2025",M_USD,13605.0,3962_total_costs_and_expenses_current_quarter,total_costs_and_expenses,total costs and expenses,JTX,"Three Months Ended April 30, 2025",M_USD,11331.0,3966_other_income_expense_net_current_quarter,other_income_expense_net,other income expense net,JTX,"Three Months Ended April 30, 2025",M_USD,-417.0,,,,,,,,,,,,,,,,,,,,,,,,,,,,,,,,,,,,,,,,,,,,,,,,,,,,,,,,,,,,,,,
277,2,"You should give the average total assets for AST from December 31, 2024 to July 31, 2025.","ratio(sum(4877_total_assets_prior_fy_end, 4876_total_assets_current_quarter_end), 2.0)","{""op"": ""ratio"", ""left"": {""op"": ""sum"", ""left"": {""leaf"": ""4877_total_assets_prior_fy_end"", ""depth"": 0}, ""right"": {""leaf"": ""4876_total_assets_current_quarter_end"", ""depth"": 0}, ""depth"": 1}, ""right"": {""literal"": 2.0, ""depth"": 0}, ""depth"": 2}","{""kind"": ""time_agg"", ""op"": ""avg"", ""depth"": 0}",27129.0,2,0,2,83050142,328642243,42,0.443,0,1,2,4877_total_assets_prior_fy_end,total_assets,total assets,AST,"December 31, 2024",M_USD,27044.0,4876_total_assets_current_quarter_end,total_assets,total assets,AST,"July 31, 2025",M_USD,27214.0,,,,,,,,,,,,,,,,,,,,,,,,,,,,,,,,,,,,,,,,,,,,,,,,,,,,,,,,,,,,,,,,,,,,,,
283,2,"You should calculate the average total current assets for CLD from December 31, 2024 to April 30, 2025.","ratio(sum(3168_total_current_assets_current_quarter_end, 3169_total_current_assets_prior_fy_end), 2.0)","{""op"": ""ratio"", ""left"": {""op"": ""sum"", ""left"": {""leaf"": ""3168_total_current_assets_current_quarter_end"", ""depth"": 0}, ""right"": {""leaf"": ""3169_total_current_assets_prior_fy_end"", ""depth"": 0}, ""depth"": 1}, ""right"": {""literal"": 2.0, ""depth"": 0}, ""depth"": 2}","{""kind"": ""time_agg"", ""op"": ""avg"", ""depth"": 0}",9574.0,5,0,2,26330091,344106950,42,0.35,0,1,2,3168_total_current_assets_current_quarter_end,total_current_assets,total current assets,CLD,"April 30, 2025",M_USD,9990.0,3169_total_current_assets_prior_fy_end,total_current_assets,total current assets,CLD,"December 31, 2024",M_USD,9158.0,,,,,,,,,,,,,,,,,,,,,,,,,,,,,,,,,,,,,,,,,,,,,,,,,,,,,,,,,,,,,,,,,,,,,,
286,2,"What does the following give: average total current assets for GLP from December 31, 2024 to October 31, 2025","ratio(sum(6947_total_current_assets_prior_fy_end, 6946_total_current_assets_current_quarter_end), 2.0)","{""op"": ""ratio"", ""left"": {""op"": ""sum"", ""left"": {""leaf"": ""6947_total_current_assets_prior_fy_end"", ""depth"": 0}, ""right"": {""leaf"": ""6946_total_current_assets_current_quarter_end"", ""depth"": 0}, ""depth"": 1}, ""right"": {""literal"": 2.0, ""depth"": 0}, ""depth"": 2}","{""kind"": ""time_agg"", ""op"": ""avg"", ""depth"": 0}",26705.0,2,0,2,891351252,744422814,42,0.358,0,1,2,6947_total_current_assets_prior_fy_end,total_current_assets,total current assets,GLP,"December 31, 2024",M_USD,25159.0,6946_total_current_assets_current_quarter_end,total_current_assets,total current assets,GLP,"October 31, 2025",M_USD,28251.0,,,,,,,,,,,,,,,,,,,,,,,,,,,,,,,,,,,,,,,,,,,,,,,,,,,,,,,,,,,,,,,,,,,,,,
288,2,"whats the value of the average total costs and expenses for CNS from Three Months Ended April 30, 2024 to Three Months Ended April 30, 2025?","ratio(sum(5951_total_costs_and_expenses_prior_year_quarter, 5950_total_costs_and_expenses_current_quarter), 2.0)","{""op"": ""ratio"", ""left"": {""op"": ""sum"", ""left"": {""leaf"": ""5951_total_costs_and_expenses_prior_year_quarter"", ""depth"": 0}, ""right"": {""leaf"": ""5950_total_costs_and_expenses_current_quarter"", ""depth"": 0}, ""depth"": 1}, ""right"": {""literal"": 2.0, ""depth"": 0}, ""depth"": 2}","{""kind"": ""time_agg"", ""op"": ""avg"", ""depth"": 0}",5406.0,2,0,2,189000670,363556679,42,0.138,0,1,2,5951_total_costs_and_expenses_prior_year_quarter,total_costs_and_expenses,total costs and expenses,CNS,"Three Months Ended April 30, 2024",M_USD,5264.0,5950_total_costs_and_expenses_current_quarter,total_costs_and_expenses,total costs and expenses,CNS,"Three Months Ended April 30, 2025",M_USD,5548.0,,,,,,,,,,,,,,,,,,,,,,,,,,,,,,,,,,,,,,,,,,,,,,,,,,,,,,,,,,,,,,,,,,,,,,
293,2,"Could you give the average property plant and equipment net for NET from December 31, 2024 to October 31, 2025 ?","ratio(sum(6475_property_plant_and_equipment_net_prior_fy_end, 6474_property_plant_and_equipment_net_current_quarter_end), 2.0)","{""op"": ""ratio"", ""left"": {""op"": ""sum"", ""left"": {""leaf"": ""6475_property_plant_and_equipment_net_prior_fy_end"", ""depth"": 0}, ""right"": {""leaf"": ""6474_property_plant_and_equipment_net_current_quarter_end"", ""depth"": 0}, ""depth"": 1}, ""right"": {""literal"": 2.0, ""depth"": 0}, ""depth"": 2}","{""kind"": ""time_agg"", ""op"": ""avg"", ""depth"": 0}",2096.5,5,0,2,764155748,191465139,42,0.524,0,1,2,6475_property_plant_and_equipment_net_prior_fy_end,property_plant_and_equipment_net,property plant and equipment net,NET,"December 31, 2024",M_USD,2121.0,6474_property_plant_and_equipment_net_current_quarter_end,property_plant_and_equipment_net,property plant and equipment net,NET,"October 31, 2025",M_USD,2072.0,,,,,,,,,,,,,,,,,,,,,,,,,,,,,,,,,,,,,,,,,,,,,,,,,,,,,,,,,,,,,,,,,,,,,,
300,2,"Evaluate the average proceeds from maturities of securities for TRU from Six Months Ended July 31, 2024 to Six Months Ended July 31, 2025 .","ratio(sum(927_proceeds_from_maturities_of_securities_prior_ytd, 926_proceeds_from_maturities_of_securities_current_ytd), 2.0)","{""op"": ""ratio"", ""left"": {""op"": ""sum"", ""left"": {""leaf"": ""927_proceeds_from_maturities_of_securities_prior_ytd"", ""depth"": 0}, ""right"": {""leaf"": ""926_proceeds_from_maturities_of_securities_current_ytd"", ""depth"": 0}, ""depth"": 1}, ""right"": {""literal"": 2.0, ""depth"": 0}, ""depth"": 2}","{""kind"": ""time_agg"", ""op"": ""avg"", ""depth"": 0}",557.5,4,0,2,259859956,974468292,42,0.247,0,1,2,927_proceeds_from_maturities_of_securities_prior_ytd,proceeds_from_maturities_of_securities,proceeds from maturities of securities,TRU,"Six Months Ended July 31, 2024",M_USD,520.0,926_proceeds_from_maturities_of_securities_current_ytd,proceeds_from_maturities_of_securities,proceeds from maturities of securities,TRU,"Six Months Ended July 31, 2025",M_USD,595.0,,,,,,,,,,,,,,,,,,,,,,,,,,,,,,,,,,,,,,,,,,,,,,,,,,,,,,,,,,,,,,,,,,,,,,
301,2,"provide the average prepaid expenses and other for TPH from December 31, 2024 to October 31, 2025 .","ratio(sum(2519_prepaid_expenses_and_other_prior_fy_end, 2518_prepaid_expenses_and_other_current_quarter_end), 2.0)","{""op"": ""ratio"", ""left"": {""op"": ""sum"", ""left"": {""leaf"": ""2519_prepaid_expenses_and_other_prior_fy_end"", ""depth"": 0}, ""right"": {""leaf"": ""2518_prepaid_expenses_and_other_current_quarter_end"", ""depth"": 0}, ""depth"": 1}, ""right"": {""literal"": 2.0, ""depth"": 0}, ""depth"": 2}","{""kind"": ""time_agg"", ""op"": ""avg"", ""depth"": 0}",1115.0,2,0,2,237777259,733254317,42,0.275,0,1,2,2519_prepaid_expenses_and_other_prior_fy_end,prepaid_expenses_and_other,prepaid expenses and other,TPH,"December 31, 2024",M_USD,1105.0,2518_prepaid_expenses_and_other_current_quarter_end,prepaid_expenses_and_other,prepaid expenses and other,TPH,"October 31, 2025",M_USD,1125.0,,,,,,,,,,,,,,,,,,,,,,,,,,,,,,,,,,,,,,,,,,,,,,,,,,,,,,,,,,,,,,,,,,,,,,
306,2,"whats the value of the average research and development for CRF from Nine Months Ended October 31, 2024 to Nine Months Ended October 31, 2025","ratio(sum(1697_research_and_development_prior_year_ytd, 1696_research_and_development_current_ytd), 2.0)","{""op"": ""ratio"", ""left"": {""op"": ""sum"", ""left"": {""leaf"": ""1697_research_and_development_prior_year_ytd"", ""depth"": 0}, ""right"": {""leaf"": ""1696_research_and_development_current_ytd"", ""depth"": 0}, ""depth"": 1}, ""right"": {""literal"": 2.0, ""depth"": 0}, ""depth"": 2}","{""kind"": ""time_agg"", ""op"": ""avg"", ""depth"": 0}",1224.0,2,0,2,231384624,642845741,42,0.199,0,1,2,1697_research_and_development_prior_year_ytd,research_and_development,research and development,CRF,"Nine Months Ended October 31, 2024",M_USD,1236.0,1696_research_and_development_current_ytd,research_and_development,research and development,CRF,"Nine Months Ended October 31, 2025",M_USD,1212.0,,,,,,,,,,,,,,,,,,,,,,,,,,,,,,,,,,,,,,,,,,,,,,,,,,,,,,,,,,,,,,,,,,,,,,
309,2,"compute the average accounts payable for PRF from December 31, 2024 to April 30, 2025","ratio(sum(2214_accounts_payable_current_quarter_end, 2215_accounts_payable_prior_fy_end), 2.0)","{""op"": ""ratio"", ""left"": {""op"": ""sum"", ""left"": {""leaf"": ""2214_accounts_payable_current_quarter_end"", ""depth"": 0}, ""right"": {""leaf"": ""2215_accounts_payable_prior_fy_end"", ""depth"": 0}, ""depth"": 1}, ""right"": {""literal"": 2.0, ""depth"": 0}, ""depth"": 2}","{""kind"": ""time_agg"", ""op"": ""avg"", ""depth"": 0}",232.0,4,0,2,664191446,102944918,42,0.438,0,1,2,2214_accounts_payable_current_quarter_end,accounts_payable,accounts payable,PRF,"April 30, 2025",M_USD,237.0,2215_accounts_payable_prior_fy_end,accounts_payable,accounts payable,PRF,"December 31, 2024",M_USD,227.0,,,,,,,,,,,,,,,,,,,,,,,,,,,,,,,,,,,,,,,,,,,,,,,,,,,,,,,,,,,,,,,,,,,,,,
317,2,"provide the average accounts payable for TPH from December 31, 2024 to October 31, 2025 .","ratio(sum(2535_accounts_payable_prior_fy_end, 2534_accounts_payable_current_quarter_end), 2.0)","{""op"": ""ratio"", ""left"": {""op"": ""sum"", ""left"": {""leaf"": ""2535_accounts_payable_prior_fy_end"", ""depth"": 0}, ""right"": {""leaf"": ""2534_accounts_payable_current_quarter_end"", ""depth"": 0}, ""depth"": 1}, ""right"": {""literal"": 2.0, ""depth"": 0}, ""depth"": 2}","{""kind"": ""time_agg"", ""op"": ""avg"", ""depth"": 0}",2203.0,1,0,2,219532141,588375406,42,0.101,0,1,2,2535_accounts_payable_prior_fy_end,accounts_payable,accounts payable,TPH,"December 31, 2024",M_USD,2183.0,2534_accounts_payable_current_quarter_end,accounts_payable,accounts payable,TPH,"October 31, 2025",M_USD,2223.0,,,,,,,,,,,,,,,,,,,,,,,,,,,,,,,,,,,,,,,,,,,,,,,,,,,,,,,,,,,,,,,,,,,,,,
321,2,"calculate the average provision for income taxes for FNB from Three Months Ended October 31, 2024 to Three Months Ended October 31, 2025.","ratio(sum(6101_provision_for_income_taxes_prior_year_quarter, 6100_provision_for_income_taxes_current_quarter), 2.0)","{""op"": ""ratio"", ""left"": {""op"": ""sum"", ""left"": {""leaf"": ""6101_provision_for_income_taxes_prior_year_quarter"", ""depth"": 0}, ""right"": {""leaf"": ""6100_provision_for_income_taxes_current_quarter"", ""depth"": 0}, ""depth"": 1}, ""right"": {""literal"": 2.0, ""depth"": 0}, ""depth"": 2}","{""kind"": ""time_agg"", ""op"": ""avg"", ""depth"": 0}",1088.0,4,0,2,66123173,748428419,42,0.546,0,1,2,6101_provision_for_income_taxes_prior_year_quarter,provision_for_income_taxes,provision for income taxes,FNB,"Three Months Ended October 31, 2024",M_USD,1137.0,6100_provision_for_income_taxes_current_quarter,provision_for_income_taxes,provision for income taxes,FNB,"Three Months Ended October 31, 2025",M_USD,1039.0,,,,,,,,,,,,,,,,,,,,,,,,,,,,,,,,,,,,,,,,,,,,,,,,,,,,,,,,,,,,,,,,,,,,,,
323,2,"may you give the sum of minimum of net cash from operating for SCI from Six Months Ended July 31, 2024 to Six Months Ended July 31, 2025 and maximum of total non current assets for SCI from December 31, 2024 to July 31, 2025 ?","sum(min(5233_net_cash_from_operating_prior_ytd, 5232_net_cash_from_operating_current_ytd), max(5207_total_non_current_assets_prior_fy_end, 5206_total_non_current_assets_current_quarter_end))","{""op"": ""sum"", ""left"": {""op"": ""min"", ""left"": {""leaf"": ""5233_net_cash_from_operating_prior_ytd"", ""depth"": 0}, ""right"": {""leaf"": ""5232_net_cash_from_operating_current_ytd"", ""depth"": 0}, ""depth"": 1}, ""right"": {""op"": ""max"", ""left"": {""leaf"": ""5207_total_non_current_assets_prior_fy_end"", ""depth"": 0}, ""right"": {""leaf"": ""5206_total_non_current_assets_current_quarter_end"", ""depth"": 0}, ""depth"": 1}, ""depth"": 2}","{""op"": ""sum"", ""left"": {""kind"": ""time_agg"", ""op"": ""min"", ""depth"": 0}, ""right"": {""kind"": ""time_agg"", ""op"": ""max"", ""depth"": 0}, ""depth"": 1, ""kind"": ""node""}",4454.0,5,1,2,707190562,620481765,42,0.406,1,2,4,5233_net_cash_from_operating_prior_ytd,net_cash_from_operating,net cash from operating,SCI,"Six Months Ended July 31, 2024",M_USD,1762.0,5232_net_cash_from_operating_current_ytd,net_cash_from_operating,net cash from operating,SCI,"Six Months Ended July 31, 2025",M_USD,1884.0,5207_total_non_current_assets_prior_fy_end,total_non_current_assets,total non current assets,SCI,"December 31, 2024",M_USD,2348.0,5206_total_non_current_assets_current_quarter_end,total_non_current_assets,total non current assets,SCI,"July 31, 2025",M_USD,2692.0,,,,,,,,,,,,,,,,,,,,,,,,,,,,,,,,,,,,,,,,,,,,,,,,,,,,,,,,
327,2,"what would be the income before taxes for FAB in Three Months Ended July 31, 2025?",income_before_taxes,"{""derived"": ""income_before_taxes"", ""expanded"": {""op"": ""sum"", ""left"": {""derived"": ""operating_income"", ""expanded"": {""op"": ""diff"", ""left"": {""leaf"": ""3794_total_revenues_current_quarter"", ""depth"": 0}, ""right"": {""leaf"": ""3814_total_costs_and_expenses_current_quarter"", ""depth"": 0}, ""depth"": 1}, ""depth"": 1}, ""right"": {""leaf"": ""3822_other_income_expense_net_current_quarter"", ""depth"": 0}, ""depth"": 2}, ""depth"": 2}","{""kind"": ""derived_concept"", ""name"": ""income_before_taxes"", ""depth"": 0}",6207.0,5,0,2,182901102,525095007,42,0.281,0,1,3,3794_total_revenues_current_quarter,total_revenues,total revenues,FAB,"Three Months Ended July 31, 2025",M_USD,29782.0,3814_total_costs_and_expenses_current_quarter,total_costs_and_expenses,total costs and expenses,FAB,"Three Months Ended July 31, 2025",M_USD,23355.0,3822_other_income_expense_net_current_quarter,other_income_expense_net,other income expense net,FAB,"Three Months Ended July 31, 2025",M_USD,-220.0,,,,,,,,,,,,,,,,,,,,,,,,,,,,,,,,,,,,,,,,,,,,,,,,,,,,,,,,,,,,,,,
330,2,"what do we obtain as the sum of minimum of total current liabilities for FIN from December 31, 2024 to April 30, 2025 and gross profit for FIN in Three Months Ended April 30, 2025 ?","sum(min(4134_total_current_liabilities_current_quarter_end, 4135_total_current_liabilities_prior_fy_end), gross_profit)","{""op"": ""sum"", ""left"": {""op"": ""min"", ""left"": {""leaf"": ""4134_total_current_liabilities_current_quarter_end"", ""depth"": 0}, ""right"": {""leaf"": ""4135_total_current_liabilities_prior_fy_end"", ""depth"": 0}, ""depth"": 1}, ""right"": {""derived"": ""gross_profit"", ""expanded"": {""op"": ""diff"", ""left"": {""leaf"": ""4080_total_revenues_current_quarter"", ""depth"": 0}, ""right"": {""leaf"": ""4082_cost_of_sales_current_quarter"", ""depth"": 0}, ""depth"": 1}, ""depth"": 1}, ""depth"": 2}","{""op"": ""sum"", ""left"": {""kind"": ""time_agg"", ""op"": ""min"", ""depth"": 0}, ""right"": {""kind"": ""derived_concept"", ""name"": ""gross_profit"", ""depth"": 0}, ""depth"": 1, ""kind"": ""node""}",8904.0,3,1,2,680657373,294222667,42,0.466,1,2,4,4134_total_current_liabilities_current_quarter_end,total_current_liabilities,total current liabilities,FIN,"April 30, 2025",M_USD,3547.0,4135_total_current_liabilities_prior_fy_end,total_current_liabilities,total current liabilities,FIN,"December 31, 2024",M_USD,3160.0,4080_total_revenues_current_quarter,total_revenues,total revenues,FIN,"Three Months Ended April 30, 2025",M_USD,10421.0,4082_cost_of_sales_current_quarter,cost_of_sales,cost of sales,FIN,"Three Months Ended April 30, 2025",M_USD,4677.0,,,,,,,,,,,,,,,,,,,,,,,,,,,,,,,,,,,,,,,,,,,,,,,,,,,,,,,,
332,2,"may you calculate the average research and development for PRD from Three Months Ended October 31, 2024 to Three Months Ended October 31, 2025?","ratio(sum(1855_research_and_development_prior_year_quarter, 1854_research_and_development_current_quarter), 2.0)","{""op"": ""ratio"", ""left"": {""op"": ""sum"", ""left"": {""leaf"": ""1855_research_and_development_prior_year_quarter"", ""depth"": 0}, ""right"": {""leaf"": ""1854_research_and_development_current_quarter"", ""depth"": 0}, ""depth"": 1}, ""right"": {""literal"": 2.0, ""depth"": 0}, ""depth"": 2}","{""kind"": ""time_agg"", ""op"": ""avg"", ""depth"": 0}",527.0,5,0,2,346853653,258323334,42,0.146,0,1,2,1855_research_and_development_prior_year_quarter,research_and_development,research and development,PRD,"Three Months Ended October 31, 2024",M_USD,494.0,1854_research_and_development_current_quarter,research_and_development,research and development,PRD,"Three Months Ended October 31, 2025",M_USD,560.0,,,,,,,,,,,,,,,,,,,,,,,,,,,,,,,,,,,,,,,,,,,,,,,,,,,,,,,,,,,,,,,,,,,,,,
334,2,"Whats the value of the average prepaid expenses and other for CRX from September 30, 2025 to January 31, 2026 ?","ratio(sum(4546_prepaid_expenses_and_other_current_quarter_end, 4547_prepaid_expenses_and_other_prior_fy_end), 2.0)","{""op"": ""ratio"", ""left"": {""op"": ""sum"", ""left"": {""leaf"": ""4546_prepaid_expenses_and_other_current_quarter_end"", ""depth"": 0}, ""right"": {""leaf"": ""4547_prepaid_expenses_and_other_prior_fy_end"", ""depth"": 0}, ""depth"": 1}, ""right"": {""literal"": 2.0, ""depth"": 0}, ""depth"": 2}","{""kind"": ""time_agg"", ""op"": ""avg"", ""depth"": 0}",1500.5,4,0,2,368451866,276225552,42,0.299,0,1,2,4546_prepaid_expenses_and_other_current_quarter_end,prepaid_expenses_and_other,prepaid expenses and other,CRX,"January 31, 2026",M_USD,1617.0,4547_prepaid_expenses_and_other_prior_fy_end,prepaid_expenses_and_other,prepaid expenses and other,CRX,"September 30, 2025",M_USD,1384.0,,,,,,,,,,,,,,,,,,,,,,,,,,,,,,,,,,,,,,,,,,,,,,,,,,,,,,,,,,,,,,,,,,,,,,
338,2,"what is the value of the average total non current assets for BNK from December 31, 2024 to October 31, 2025 ?","ratio(sum(4711_total_non_current_assets_prior_fy_end, 4710_total_non_current_assets_current_quarter_end), 2.0)","{""op"": ""ratio"", ""left"": {""op"": ""sum"", ""left"": {""leaf"": ""4711_total_non_current_assets_prior_fy_end"", ""depth"": 0}, ""right"": {""leaf"": ""4710_total_non_current_assets_current_quarter_end"", ""depth"": 0}, ""depth"": 1}, ""right"": {""literal"": 2.0, ""depth"": 0}, ""depth"": 2}","{""kind"": ""time_agg"", ""op"": ""avg"", ""depth"": 0}",9165.5,5,0,2,183107856,355363207,42,0.515,0,1,2,4711_total_non_current_assets_prior_fy_end,total_non_current_assets,total non current assets,BNK,"December 31, 2024",M_USD,8438.0,4710_total_non_current_assets_current_quarter_end,total_non_current_assets,total non current assets,BNK,"October 31, 2025",M_USD,9893.0,,,,,,,,,,,,,,,,,,,,,,,,,,,,,,,,,,,,,,,,,,,,,,,,,,,,,,,,,,,,,,,,,,,,,,
345,2,"may you give the average Technology services for PRF from Three Months Ended April 30, 2024 to Three Months Ended April 30, 2025 ?","ratio(sum(2295_technology_services_prior_year_quarter, 2291_technology_services_current_quarter), 2.0)","{""op"": ""ratio"", ""left"": {""op"": ""sum"", ""left"": {""leaf"": ""2295_technology_services_prior_year_quarter"", ""depth"": 0}, ""right"": {""leaf"": ""2291_technology_services_current_quarter"", ""depth"": 0}, ""depth"": 1}, ""right"": {""literal"": 2.0, ""depth"": 0}, ""depth"": 2}","{""kind"": ""time_agg"", ""op"": ""avg"", ""depth"": 0}",442.5,4,0,2,543581573,489964944,42,0.501,0,1,2,2295_technology_services_prior_year_quarter,technology_services,Technology services,PRF,"Three Months Ended April 30, 2024",M_USD,435.0,2291_technology_services_current_quarter,technology_services,Technology services,PRF,"Three Months Ended April 30, 2025",M_USD,450.0,,,,,,,,,,,,,,,,,,,,,,,,,,,,,,,,,,,,,,,,,,,,,,,,,,,,,,,,,,,,,,,,,,,,,,
346,2,"Could you give the average total liabilities for NVH from December 31, 2024 to October 31, 2025?","ratio(sum(6677_total_liabilities_prior_fy_end, 6676_total_liabilities_current_quarter_end), 2.0)","{""op"": ""ratio"", ""left"": {""op"": ""sum"", ""left"": {""leaf"": ""6677_total_liabilities_prior_fy_end"", ""depth"": 0}, ""right"": {""leaf"": ""6676_total_liabilities_current_quarter_end"", ""depth"": 0}, ""depth"": 1}, ""right"": {""literal"": 2.0, ""depth"": 0}, ""depth"": 2}","{""kind"": ""time_agg"", ""op"": ""avg"", ""depth"": 0}",16890.5,4,0,2,596927119,984834849,42,0.325,0,1,2,6677_total_liabilities_prior_fy_end,total_liabilities,total liabilities,NVH,"December 31, 2024",M_USD,16225.0,6676_total_liabilities_current_quarter_end,total_liabilities,total liabilities,NVH,"October 31, 2025",M_USD,17556.0,,,,,,,,,,,,,,,,,,,,,,,,,,,,,,,,,,,,,,,,,,,,,,,,,,,,,,,,,,,,,,,,,,,,,,
354,2,"Evaluate the average total current liabilities for CIV from December 31, 2024 to October 31, 2025.","ratio(sum(2879_total_current_liabilities_prior_fy_end, 2878_total_current_liabilities_current_quarter_end), 2.0)","{""op"": ""ratio"", ""left"": {""op"": ""sum"", ""left"": {""leaf"": ""2879_total_current_liabilities_prior_fy_end"", ""depth"": 0}, ""right"": {""leaf"": ""2878_total_current_liabilities_current_quarter_end"", ""depth"": 0}, ""depth"": 1}, ""right"": {""literal"": 2.0, ""depth"": 0}, ""depth"": 2}","{""kind"": ""time_agg"", ""op"": ""avg"", ""depth"": 0}",1574.0,3,0,2,675971206,649780952,42,0.297,0,1,2,2879_total_current_liabilities_prior_fy_end,total_current_liabilities,total current liabilities,CIV,"December 31, 2024",M_USD,1521.0,2878_total_current_liabilities_current_quarter_end,total_current_liabilities,total current liabilities,CIV,"October 31, 2025",M_USD,1627.0,,,,,,,,,,,,,,,,,,,,,,,,,,,,,,,,,,,,,,,,,,,,,,,,,,,,,,,,,,,,,,,,,,,,,,
361,2,"What is the average total non current assets for AST from December 31, 2024 to July 31, 2025","ratio(sum(4875_total_non_current_assets_prior_fy_end, 4874_total_non_current_assets_current_quarter_end), 2.0)","{""op"": ""ratio"", ""left"": {""op"": ""sum"", ""left"": {""leaf"": ""4875_total_non_current_assets_prior_fy_end"", ""depth"": 0}, ""right"": {""leaf"": ""4874_total_non_current_assets_current_quarter_end"", ""depth"": 0}, ""depth"": 1}, ""right"": {""literal"": 2.0, ""depth"": 0}, ""depth"": 2}","{""kind"": ""time_agg"", ""op"": ""avg"", ""depth"": 0}",10303.5,3,0,2,806460287,796161292,42,0.39,0,1,2,4875_total_non_current_assets_prior_fy_end,total_non_current_assets,total non current assets,AST,"December 31, 2024",M_USD,10271.0,4874_total_non_current_assets_current_quarter_end,total_non_current_assets,total non current assets,AST,"July 31, 2025",M_USD,10336.0,,,,,,,,,,,,,,,,,,,,,,,,,,,,,,,,,,,,,,,,,,,,,,,,,,,,,,,,,,,,,,,,,,,,,,
362,2,"Give the income before taxes for QRK in Three Months Ended April 30, 2025 .",income_before_taxes,"{""derived"": ""income_before_taxes"", ""expanded"": {""op"": ""sum"", ""left"": {""derived"": ""operating_income"", ""expanded"": {""op"": ""diff"", ""left"": {""leaf"": ""3443_total_revenues_prior_year_quarter"", ""depth"": 0}, ""right"": {""leaf"": ""3463_total_costs_and_expenses_prior_year_quarter"", ""depth"": 0}, ""depth"": 1}, ""depth"": 1}, ""right"": {""leaf"": ""3471_other_income_expense_net_prior_year_quarter"", ""depth"": 0}, ""depth"": 2}, ""depth"": 2}","{""kind"": ""derived_concept"", ""name"": ""income_before_taxes"", ""depth"": 0}",35855.0,4,0,2,477144620,396415414,42,0.551,0,1,3,3443_total_revenues_prior_year_quarter,total_revenues,total revenues,QRK,"Three Months Ended April 30, 2025",M_USD,83362.0,3463_total_costs_and_expenses_prior_year_quarter,total_costs_and_expenses,total costs and expenses,QRK,"Three Months Ended April 30, 2025",M_USD,48296.0,3471_other_income_expense_net_prior_year_quarter,other_income_expense_net,other income expense net,QRK,"Three Months Ended April 30, 2025",M_USD,789.0,,,,,,,,,,,,,,,,,,,,,,,,,,,,,,,,,,,,,,,,,,,,,,,,,,,,,,,,,,,,,,,
363,2,"provide the income before taxes for SUP in Three Months Ended April 30, 2024 .",income_before_taxes,"{""derived"": ""income_before_taxes"", ""expanded"": {""op"": ""sum"", ""left"": {""derived"": ""operating_income"", ""expanded"": {""op"": ""diff"", ""left"": {""leaf"": ""969_total_revenues_prior_year_quarter"", ""depth"": 0}, ""right"": {""leaf"": ""979_total_costs_and_expenses_prior_year_quarter"", ""depth"": 0}, ""depth"": 1}, ""depth"": 1}, ""right"": {""leaf"": ""983_other_income_expense_net_prior_year_quarter"", ""depth"": 0}, ""depth"": 2}, ""depth"": 2}","{""kind"": ""derived_concept"", ""name"": ""income_before_taxes"", ""depth"": 0}",949.0,5,0,2,934663268,718133198,42,0.524,0,1,3,969_total_revenues_prior_year_quarter,total_revenues,total revenues,SUP,"Three Months Ended April 30, 2024",M_USD,19739.0,979_total_costs_and_expenses_prior_year_quarter,total_costs_and_expenses,total costs and expenses,SUP,"Three Months Ended April 30, 2024",M_USD,18631.0,983_other_income_expense_net_prior_year_quarter,other_income_expense_net,other income expense net,SUP,"Three Months Ended April 30, 2024",M_USD,-159.0,,,,,,,,,,,,,,,,,,,,,,,,,,,,,,,,,,,,,,,,,,,,,,,,,,,,,,,,,,,,,,,
369,2,"May you give the average research and development for SCI from Six Months Ended July 31, 2024 to Six Months Ended July 31, 2025","ratio(sum(5153_research_and_development_prior_year_ytd, 5152_research_and_development_current_ytd), 2.0)","{""op"": ""ratio"", ""left"": {""op"": ""sum"", ""left"": {""leaf"": ""5153_research_and_development_prior_year_ytd"", ""depth"": 0}, ""right"": {""leaf"": ""5152_research_and_development_current_ytd"", ""depth"": 0}, ""depth"": 1}, ""right"": {""literal"": 2.0, ""depth"": 0}, ""depth"": 2}","{""kind"": ""time_agg"", ""op"": ""avg"", ""depth"": 0}",267.0,3,0,2,934614695,664875604,42,0.117,0,1,2,5153_research_and_development_prior_year_ytd,research_and_development,research and development,SCI,"Six Months Ended July 31, 2024",M_USD,258.0,5152_research_and_development_current_ytd,research_and_development,research and development,SCI,"Six Months Ended July 31, 2025",M_USD,276.0,,,,,,,,,,,,,,,,,,,,,,,,,,,,,,,,,,,,,,,,,,,,,,,,,,,,,,,,,,,,,,,,,,,,,,
370,2,"What is the income before taxes for AVX in Three Months Ended October 31, 2025 ?",income_before_taxes,"{""derived"": ""income_before_taxes"", ""expanded"": {""op"": ""sum"", ""left"": {""derived"": ""operating_income"", ""expanded"": {""op"": ""diff"", ""left"": {""leaf"": ""1392_total_revenues_current_quarter"", ""depth"": 0}, ""right"": {""leaf"": ""1408_total_costs_and_expenses_current_quarter"", ""depth"": 0}, ""depth"": 1}, ""depth"": 1}, ""right"": {""leaf"": ""1416_other_income_expense_net_current_quarter"", ""depth"": 0}, ""depth"": 2}, ""depth"": 2}","{""kind"": ""derived_concept"", ""name"": ""income_before_taxes"", ""depth"": 0}",280.0,4,0,2,82144667,714855410,42,0.499,0,1,3,1392_total_revenues_current_quarter,total_revenues,total revenues,AVX,"Three Months Ended October 31, 2025",M_USD,1053.0,1408_total_costs_and_expenses_current_quarter,total_costs_and_expenses,total costs and expenses,AVX,"Three Months Ended October 31, 2025",M_USD,747.0,1416_other_income_expense_net_current_quarter,other_income_expense_net,other income expense net,AVX,"Three Months Ended October 31, 2025",M_USD,-26.0,,,,,,,,,,,,,,,,,,,,,,,,,,,,,,,,,,,,,,,,,,,,,,,,,,,,,,,,,,,,,,,
374,2,"you should give the sum of comprehensive income for PLX in Three Months Ended July 31, 2026 and minimum of gross profit for PLX from Three Months Ended July 31, 2025 to Three Months Ended July 31, 2026.","sum(4362_comprehensive_income_current_quarter, min(4215_gross_profit_prior_year_quarter, 4214_gross_profit_current_quarter))","{""op"": ""sum"", ""left"": {""leaf"": ""4362_comprehensive_income_current_quarter"", ""depth"": 0}, ""right"": {""op"": ""min"", ""left"": {""leaf"": ""4215_gross_profit_prior_year_quarter"", ""depth"": 0}, ""right"": {""leaf"": ""4214_gross_profit_current_quarter"", ""depth"": 0}, ""depth"": 1}, ""depth"": 2}","{""op"": ""sum"", ""left"": {""kind"": ""leaf"", ""semantic_type_in"": [""amount""], ""depth"": 0}, ""right"": {""kind"": ""time_agg"", ""op"": ""min"", ""depth"": 0}, ""depth"": 1, ""kind"": ""node""}",18745.0,3,1,2,16380913,16658982,42,0.557,1,2,3,4362_comprehensive_income_current_quarter,comprehensive_income,comprehensive income,PLX,"Three Months Ended July 31, 2026",M_USD,6824.0,4215_gross_profit_prior_year_quarter,gross_profit,gross profit,PLX,"Three Months Ended July 31, 2025",M_USD,11921.0,4214_gross_profit_current_quarter,gross_profit,gross profit,PLX,"Three Months Ended July 31, 2026",M_USD,12092.0,,,,,,,,,,,,,,,,,,,,,,,,,,,,,,,,,,,,,,,,,,,,,,,,,,,,,,,,,,,,,,,
