question_id,depth,question,question_original,obstacle,useless_info_family_used,expression,expression_json,template_expression,answer,template_depth_requested,template_actual_depth,bound_expression_depth,tree_seed,binding_seed,master_seed,derived_prob,template_internal_nodes,template_leaf_slots,bound_leaf_count,leaf_1_key,leaf_1_concept,leaf_1_label,leaf_1_entity,leaf_1_period,leaf_1_unit,leaf_1_value,leaf_2_key,leaf_2_concept,leaf_2_label,leaf_2_entity,leaf_2_period,leaf_2_unit,leaf_2_value,leaf_3_key,leaf_3_concept,leaf_3_label,leaf_3_entity,leaf_3_period,leaf_3_unit,leaf_3_value,leaf_4_key,leaf_4_concept,leaf_4_label,leaf_4_entity,leaf_4_period,leaf_4_unit,leaf_4_value,leaf_5_key,leaf_5_concept,leaf_5_label,leaf_5_entity,leaf_5_period,leaf_5_unit,leaf_5_value,leaf_6_key,leaf_6_concept,leaf_6_label,leaf_6_entity,leaf_6_period,leaf_6_unit,leaf_6_value,leaf_7_key,leaf_7_concept,leaf_7_label,leaf_7_entity,leaf_7_period,leaf_7_unit,leaf_7_value,leaf_8_key,leaf_8_concept,leaf_8_label,leaf_8_entity,leaf_8_period,leaf_8_unit,leaf_8_value,leaf_9_key,leaf_9_concept,leaf_9_label,leaf_9_entity,leaf_9_period,leaf_9_unit,leaf_9_value
1,3,A later stress test may cut the final value in half. you should calculate the current assets for Titan Consumer Brands in 2023.,you should calculate the current assets for Titan Consumer Brands in 2023.,useless_info,current_assets,current_assets,"{""derived"": ""current_assets"", ""expanded"": {""op"": ""sum"", ""left"": {""op"": ""sum"", ""left"": {""op"": ""sum"", ""left"": {""leaf"": ""63_cash"", ""depth"": 0}, ""right"": {""leaf"": ""63_accounts_receivable"", ""depth"": 0}, ""depth"": 1}, ""right"": {""leaf"": ""63_inventories"", ""depth"": 0}, ""depth"": 2}, ""right"": {""leaf"": ""63_short_term_investments"", ""depth"": 0}, ""depth"": 3}, ""depth"": 3}","{""kind"": ""derived_concept"", ""name"": ""current_assets"", ""depth"": 0}",296099.0,2,0,3,211863083,334238522,481922417,0.584,0,1,4,63_cash,cash,cash,Titan Consumer Brands,2023,M_USD,225815.0,63_accounts_receivable,accounts_receivable,accounts receivable,Titan Consumer Brands,2023,M_USD,36229.0,63_inventories,inventories,inventories,Titan Consumer Brands,2023,M_USD,12620.0,63_short_term_investments,short_term_investments,short term investments,Titan Consumer Brands,2023,M_USD,21435.0,,,,,,,,,,,,,,,,,,,,,,,,,,,,,,,,,,,
1,4,You should give the longterm assets for Orion Financial Group in 2025. The company may write down 22% of long-lived assets next year.,You should give the longterm assets for Orion Financial Group in 2025.,useless_info,longterm_assets,longterm_assets,"{""derived"": ""longterm_assets"", ""expanded"": {""op"": ""diff"", ""left"": {""leaf"": ""59_total_assets"", ""depth"": 0}, ""right"": {""derived"": ""current_assets"", ""expanded"": {""op"": ""sum"", ""left"": {""op"": ""sum"", ""left"": {""op"": ""sum"", ""left"": {""leaf"": ""59_cash"", ""depth"": 0}, ""right"": {""leaf"": ""59_accounts_receivable"", ""depth"": 0}, ""depth"": 1}, ""right"": {""leaf"": ""59_inventories"", ""depth"": 0}, ""depth"": 2}, ""right"": {""leaf"": ""59_short_term_investments"", ""depth"": 0}, ""depth"": 3}, ""depth"": 3}, ""depth"": 4}, ""depth"": 4}","{""kind"": ""derived_concept"", ""name"": ""longterm_assets"", ""depth"": 0}",125859.0,4,0,4,937779993,581371327,481922417,0.262,0,1,5,59_total_assets,total_assets,total assets,Orion Financial Group,2025,M_USD,192213.0,59_cash,cash,cash,Orion Financial Group,2025,M_USD,43847.0,59_accounts_receivable,accounts_receivable,accounts receivable,Orion Financial Group,2025,M_USD,5376.0,59_inventories,inventories,inventories,Orion Financial Group,2025,M_USD,11315.0,59_short_term_investments,short_term_investments,short term investments,Orion Financial Group,2025,M_USD,5816.0,,,,,,,,,,,,,,,,,,,,,,,,,,,,
1,3,what is the value of the current assets for Atlas Global Industries in 2023 A later stress test may cut the final value in half.,what is the value of the current assets for Atlas Global Industries in 2023,useless_info,current_assets,current_assets,"{""derived"": ""current_assets"", ""expanded"": {""op"": ""sum"", ""left"": {""op"": ""sum"", ""left"": {""op"": ""sum"", ""left"": {""leaf"": ""27_cash"", ""depth"": 0}, ""right"": {""leaf"": ""27_accounts_receivable"", ""depth"": 0}, ""depth"": 1}, ""right"": {""leaf"": ""27_inventories"", ""depth"": 0}, ""depth"": 2}, ""right"": {""leaf"": ""27_short_term_investments"", ""depth"": 0}, ""depth"": 3}, ""depth"": 3}","{""kind"": ""derived_concept"", ""name"": ""current_assets"", ""depth"": 0}",48015.0,4,0,3,725447617,832331474,481922417,0.348,0,1,4,27_cash,cash,cash,Atlas Global Industries,2023,M_USD,22183.0,27_accounts_receivable,accounts_receivable,accounts receivable,Atlas Global Industries,2023,M_USD,7056.0,27_inventories,inventories,inventories,Atlas Global Industries,2023,M_USD,3957.0,27_short_term_investments,short_term_investments,short term investments,Atlas Global Industries,2023,M_USD,14819.0,,,,,,,,,,,,,,,,,,,,,,,,,,,,,,,,,,,
6,3,provide the current assets for Pacific Crest Energy in 2022. A later calculation may subtract 9% from the final result.,provide the current assets for Pacific Crest Energy in 2022.,useless_info,current_assets,current_assets,"{""derived"": ""current_assets"", ""expanded"": {""op"": ""sum"", ""left"": {""op"": ""sum"", ""left"": {""op"": ""sum"", ""left"": {""leaf"": ""50_cash"", ""depth"": 0}, ""right"": {""leaf"": ""50_accounts_receivable"", ""depth"": 0}, ""depth"": 1}, ""right"": {""leaf"": ""50_inventories"", ""depth"": 0}, ""depth"": 2}, ""right"": {""leaf"": ""50_short_term_investments"", ""depth"": 0}, ""depth"": 3}, ""depth"": 3}","{""kind"": ""derived_concept"", ""name"": ""current_assets"", ""depth"": 0}",95759.0,3,0,3,188053366,603698726,481922417,0.464,0,1,4,50_cash,cash,cash,Pacific Crest Energy,2022,M_USD,53690.0,50_accounts_receivable,accounts_receivable,accounts receivable,Pacific Crest Energy,2022,M_USD,10261.0,50_inventories,inventories,inventories,Pacific Crest Energy,2022,M_USD,3373.0,50_short_term_investments,short_term_investments,short term investments,Pacific Crest Energy,2022,M_USD,28435.0,,,,,,,,,,,,,,,,,,,,,,,,,,,,,,,,,,,
6,4,you should give the sum of current assets and operating income for Atlas Global Industries in 2023 . A later scenario may double the final value.,you should give the sum of current assets and operating income for Atlas Global Industries in 2023 .,useless_info,operating_income,"sum(current_assets, operating_income)","{""op"": ""sum"", ""left"": {""derived"": ""current_assets"", ""expanded"": {""op"": ""sum"", ""left"": {""op"": ""sum"", ""left"": {""op"": ""sum"", ""left"": {""leaf"": ""27_cash"", ""depth"": 0}, ""right"": {""leaf"": ""27_accounts_receivable"", ""depth"": 0}, ""depth"": 1}, ""right"": {""leaf"": ""27_inventories"", ""depth"": 0}, ""depth"": 2}, ""right"": {""leaf"": ""27_short_term_investments"", ""depth"": 0}, ""depth"": 3}, ""depth"": 3}, ""right"": {""derived"": ""operating_income"", ""expanded"": {""op"": ""diff"", ""left"": {""derived"": ""gross_profit"", ""expanded"": {""op"": ""diff"", ""left"": {""leaf"": ""27_revenue"", ""depth"": 0}, ""right"": {""leaf"": ""27_cost_of_goods_sold"", ""depth"": 0}, ""depth"": 1}, ""depth"": 1}, ""right"": {""leaf"": ""27_operating_expenses"", ""depth"": 0}, ""depth"": 2}, ""depth"": 2}, ""depth"": 4}","{""op"": ""sum"", ""left"": {""kind"": ""derived_concept"", ""name"": ""current_assets"", ""depth"": 0}, ""right"": {""kind"": ""derived_concept"", ""name"": ""operating_income"", ""depth"": 0}, ""depth"": 1, ""kind"": ""node""}",96138.0,4,1,4,218913391,225341976,481922417,0.468,1,2,7,27_cash,cash,cash,Atlas Global Industries,2023,M_USD,22183.0,27_accounts_receivable,accounts_receivable,accounts receivable,Atlas Global Industries,2023,M_USD,7056.0,27_inventories,inventories,inventories,Atlas Global Industries,2023,M_USD,3957.0,27_short_term_investments,short_term_investments,short term investments,Atlas Global Industries,2023,M_USD,14819.0,27_revenue,revenue,revenue,Atlas Global Industries,2023,M_USD,89374.0,27_cost_of_goods_sold,cost_of_goods_sold,cost of goods sold,Atlas Global Industries,2023,M_USD,32958.0,27_operating_expenses,operating_expenses,operating expenses,Atlas Global Industries,2023,M_USD,8293.0,,,,,,,,,,,,,,
6,4,determine the longterm assets for Pinnacle Health Group in 2022 The company may write down 6% of long-lived assets next year.,determine the longterm assets for Pinnacle Health Group in 2022,useless_info,longterm_assets,longterm_assets,"{""derived"": ""longterm_assets"", ""expanded"": {""op"": ""diff"", ""left"": {""leaf"": ""32_total_assets"", ""depth"": 0}, ""right"": {""derived"": ""current_assets"", ""expanded"": {""op"": ""sum"", ""left"": {""op"": ""sum"", ""left"": {""op"": ""sum"", ""left"": {""leaf"": ""32_cash"", ""depth"": 0}, ""right"": {""leaf"": ""32_accounts_receivable"", ""depth"": 0}, ""depth"": 1}, ""right"": {""leaf"": ""32_inventories"", ""depth"": 0}, ""depth"": 2}, ""right"": {""leaf"": ""32_short_term_investments"", ""depth"": 0}, ""depth"": 3}, ""depth"": 3}, ""depth"": 4}, ""depth"": 4}","{""kind"": ""derived_concept"", ""name"": ""longterm_assets"", ""depth"": 0}",9008.0,4,0,4,916527920,296609640,481922417,0.411,0,1,5,32_total_assets,total_assets,total assets,Pinnacle Health Group,2022,M_USD,13861.0,32_cash,cash,cash,Pinnacle Health Group,2022,M_USD,1722.0,32_accounts_receivable,accounts_receivable,accounts receivable,Pinnacle Health Group,2022,M_USD,1324.0,32_inventories,inventories,inventories,Pinnacle Health Group,2022,M_USD,1006.0,32_short_term_investments,short_term_investments,short term investments,Pinnacle Health Group,2022,M_USD,801.0,,,,,,,,,,,,,,,,,,,,,,,,,,,,
7,4,The company may suspend dividends for 8 months in 1921. what is the sum of dividends paid and current assets for Apex Dynamics Corp in 2024?,what is the sum of dividends paid and current assets for Apex Dynamics Corp in 2024?,useless_info,dividends_paid,"sum(4_dividends_paid, current_assets)","{""op"": ""sum"", ""left"": {""leaf"": ""4_dividends_paid"", ""depth"": 0}, ""right"": {""derived"": ""current_assets"", ""expanded"": {""op"": ""sum"", ""left"": {""op"": ""sum"", ""left"": {""op"": ""sum"", ""left"": {""leaf"": ""4_cash"", ""depth"": 0}, ""right"": {""leaf"": ""4_accounts_receivable"", ""depth"": 0}, ""depth"": 1}, ""right"": {""leaf"": ""4_inventories"", ""depth"": 0}, ""depth"": 2}, ""right"": {""leaf"": ""4_short_term_investments"", ""depth"": 0}, ""depth"": 3}, ""depth"": 3}, ""depth"": 4}","{""op"": ""sum"", ""left"": {""kind"": ""leaf"", ""semantic_type_in"": [""amount""], ""depth"": 0}, ""right"": {""kind"": ""derived_concept"", ""name"": ""current_assets"", ""depth"": 0}, ""depth"": 1, ""kind"": ""node""}",33056.0,4,1,4,718808949,395267790,481922417,0.157,1,2,5,4_dividends_paid,dividends_paid,dividends paid,Apex Dynamics Corp,2024,M_USD,0.0,4_cash,cash,cash,Apex Dynamics Corp,2024,M_USD,15788.0,4_accounts_receivable,accounts_receivable,accounts receivable,Apex Dynamics Corp,2024,M_USD,4495.0,4_inventories,inventories,inventories,Apex Dynamics Corp,2024,M_USD,2246.0,4_short_term_investments,short_term_investments,short term investments,Apex Dynamics Corp,2024,M_USD,10527.0,,,,,,,,,,,,,,,,,,,,,,,,,,,,
7,1,A later calculation may subtract 30% from the final result. What's the value of the gross profit for Atlas Global Industries in 2024 ?,What's the value of the gross profit for Atlas Global Industries in 2024 ?,useless_info,gross_profit,gross_profit,"{""derived"": ""gross_profit"", ""expanded"": {""op"": ""diff"", ""left"": {""leaf"": ""28_revenue"", ""depth"": 0}, ""right"": {""leaf"": ""28_cost_of_goods_sold"", ""depth"": 0}, ""depth"": 1}, ""depth"": 1}","{""kind"": ""derived_concept"", ""name"": ""gross_profit"", ""depth"": 0}",27481.0,4,0,1,754131902,457653687,481922417,0.565,0,1,2,28_revenue,revenue,revenue,Atlas Global Industries,2024,M_USD,91983.0,28_cost_of_goods_sold,cost_of_goods_sold,cost of goods sold,Atlas Global Industries,2024,M_USD,64502.0,,,,,,,,,,,,,,,,,,,,,,,,,,,,,,,,,,,,,,,,,,,,,,,,,
7,1,What do we obtain as the longterm liabilities for Crimson Pharmaceuticals in 2025? Someone may later tax the result by 34%.,What do we obtain as the longterm liabilities for Crimson Pharmaceuticals in 2025?,useless_info,longterm_liabilities,longterm_liabilities,"{""derived"": ""longterm_liabilities"", ""expanded"": {""op"": ""diff"", ""left"": {""leaf"": ""89_total_liabilities"", ""depth"": 0}, ""right"": {""leaf"": ""89_current_liabilities"", ""depth"": 0}, ""depth"": 1}, ""depth"": 1}","{""kind"": ""derived_concept"", ""name"": ""longterm_liabilities"", ""depth"": 0}",285836.0,3,0,1,513153543,263899980,481922417,0.251,0,1,2,89_total_liabilities,total_liabilities,total liabilities,Crimson Pharmaceuticals,2025,M_USD,499181.0,89_current_liabilities,current_liabilities,current liabilities,Crimson Pharmaceuticals,2025,M_USD,213345.0,,,,,,,,,,,,,,,,,,,,,,,,,,,,,,,,,,,,,,,,,,,,,,,,,
8,2,state the operating income for Pinnacle Health Group in 2025 . Auditors may adjust $29739 million of reported expenses in a later filing.,state the operating income for Pinnacle Health Group in 2025 .,useless_info,operating_income,operating_income,"{""derived"": ""operating_income"", ""expanded"": {""op"": ""diff"", ""left"": {""derived"": ""gross_profit"", ""expanded"": {""op"": ""diff"", ""left"": {""leaf"": ""35_revenue"", ""depth"": 0}, ""right"": {""leaf"": ""35_cost_of_goods_sold"", ""depth"": 0}, ""depth"": 1}, ""depth"": 1}, ""right"": {""leaf"": ""35_operating_expenses"", ""depth"": 0}, ""depth"": 2}, ""depth"": 2}","{""kind"": ""derived_concept"", ""name"": ""operating_income"", ""depth"": 0}",6091.0,4,0,2,592312220,604162762,481922417,0.372,0,1,3,35_revenue,revenue,revenue,Pinnacle Health Group,2025,M_USD,23323.0,35_cost_of_goods_sold,cost_of_goods_sold,cost of goods sold,Pinnacle Health Group,2025,M_USD,13776.0,35_operating_expenses,operating_expenses,operating expenses,Pinnacle Health Group,2025,M_USD,3456.0,,,,,,,,,,,,,,,,,,,,,,,,,,,,,,,,,,,,,,,,,,
8,1,Management expects gross margin to change by 11 percentage points in 1937. You should give the gross profit for Helix BioSciences in 2021,You should give the gross profit for Helix BioSciences in 2021,useless_info,gross_profit,gross_profit,"{""derived"": ""gross_profit"", ""expanded"": {""op"": ""diff"", ""left"": {""leaf"": ""73_revenue"", ""depth"": 0}, ""right"": {""leaf"": ""73_cost_of_goods_sold"", ""depth"": 0}, ""depth"": 1}, ""depth"": 1}","{""kind"": ""derived_concept"", ""name"": ""gross_profit"", ""depth"": 0}",131096.0,2,0,1,220742864,202657461,481922417,0.566,0,1,2,73_revenue,revenue,revenue,Helix BioSciences,2021,M_USD,200629.0,73_cost_of_goods_sold,cost_of_goods_sold,cost of goods sold,Helix BioSciences,2021,M_USD,69533.0,,,,,,,,,,,,,,,,,,,,,,,,,,,,,,,,,,,,,,,,,,,,,,,,,
9,3,A later calculation may subtract 14% from the final result. which result follows from the current assets for Ironclad Manufacturing in 2023,which result follows from the current assets for Ironclad Manufacturing in 2023,useless_info,current_assets,current_assets,"{""derived"": ""current_assets"", ""expanded"": {""op"": ""sum"", ""left"": {""op"": ""sum"", ""left"": {""op"": ""sum"", ""left"": {""leaf"": ""39_cash"", ""depth"": 0}, ""right"": {""leaf"": ""39_accounts_receivable"", ""depth"": 0}, ""depth"": 1}, ""right"": {""leaf"": ""39_inventories"", ""depth"": 0}, ""depth"": 2}, ""right"": {""leaf"": ""39_short_term_investments"", ""depth"": 0}, ""depth"": 3}, ""depth"": 3}","{""kind"": ""derived_concept"", ""name"": ""current_assets"", ""depth"": 0}",67540.0,2,0,3,666521551,687930504,481922417,0.556,0,1,4,39_cash,cash,cash,Ironclad Manufacturing,2023,M_USD,18106.0,39_accounts_receivable,accounts_receivable,accounts receivable,Ironclad Manufacturing,2023,M_USD,25432.0,39_inventories,inventories,inventories,Ironclad Manufacturing,2023,M_USD,11929.0,39_short_term_investments,short_term_investments,short term investments,Ironclad Manufacturing,2023,M_USD,12073.0,,,,,,,,,,,,,,,,,,,,,,,,,,,,,,,,,,,
9,1,What is the value of the gross profit for Atlas Global Industries in 2020 A proposed price increase of 16% has not been reflected in current revenue.,What is the value of the gross profit for Atlas Global Industries in 2020,useless_info,gross_profit,gross_profit,"{""derived"": ""gross_profit"", ""expanded"": {""op"": ""diff"", ""left"": {""leaf"": ""24_revenue"", ""depth"": 0}, ""right"": {""leaf"": ""24_cost_of_goods_sold"", ""depth"": 0}, ""depth"": 1}, ""depth"": 1}","{""kind"": ""derived_concept"", ""name"": ""gross_profit"", ""depth"": 0}",18704.0,3,0,1,991433091,784635698,481922417,0.326,0,1,2,24_revenue,revenue,revenue,Atlas Global Industries,2020,M_USD,72714.0,24_cost_of_goods_sold,cost_of_goods_sold,cost of goods sold,Atlas Global Industries,2020,M_USD,54010.0,,,,,,,,,,,,,,,,,,,,,,,,,,,,,,,,,,,,,,,,,,,,,,,,,
10,1,Debt investors are concerned about maturities over the next 13 months. what does the following give: longterm liabilities for Crimson Pharmaceuticals in 2021,what does the following give: longterm liabilities for Crimson Pharmaceuticals in 2021,useless_info,longterm_liabilities,longterm_liabilities,"{""derived"": ""longterm_liabilities"", ""expanded"": {""op"": ""diff"", ""left"": {""leaf"": ""85_total_liabilities"", ""depth"": 0}, ""right"": {""leaf"": ""85_current_liabilities"", ""depth"": 0}, ""depth"": 1}, ""depth"": 1}","{""kind"": ""derived_concept"", ""name"": ""longterm_liabilities"", ""depth"": 0}",155847.0,2,0,1,790045248,373785929,481922417,0.197,0,1,2,85_total_liabilities,total_liabilities,total liabilities,Crimson Pharmaceuticals,2021,M_USD,221096.0,85_current_liabilities,current_liabilities,current liabilities,Crimson Pharmaceuticals,2021,M_USD,65249.0,,,,,,,,,,,,,,,,,,,,,,,,,,,,,,,,,,,,,,,,,,,,,,,,,
11,3,A later stress test may cut the final value in half. what would be the pretax income for ClearPath Logistics in 2021,what would be the pretax income for ClearPath Logistics in 2021,useless_info,pretax_income,pretax_income,"{""derived"": ""pretax_income"", ""expanded"": {""op"": ""diff"", ""left"": {""derived"": ""operating_income"", ""expanded"": {""op"": ""diff"", ""left"": {""derived"": ""gross_profit"", ""expanded"": {""op"": ""diff"", ""left"": {""leaf"": ""79_revenue"", ""depth"": 0}, ""right"": {""leaf"": ""79_cost_of_goods_sold"", ""depth"": 0}, ""depth"": 1}, ""depth"": 1}, ""right"": {""leaf"": ""79_operating_expenses"", ""depth"": 0}, ""depth"": 2}, ""depth"": 2}, ""right"": {""leaf"": ""79_non_operating_expenses"", ""depth"": 0}, ""depth"": 3}, ""depth"": 3}","{""kind"": ""derived_concept"", ""name"": ""pretax_income"", ""depth"": 0}",38935.0,4,0,3,219733493,740091817,481922417,0.238,0,1,4,79_revenue,revenue,revenue,ClearPath Logistics,2021,M_USD,514684.0,79_cost_of_goods_sold,cost_of_goods_sold,cost of goods sold,ClearPath Logistics,2021,M_USD,364081.0,79_operating_expenses,operating_expenses,operating expenses,ClearPath Logistics,2021,M_USD,40902.0,79_non_operating_expenses,non_operating_expenses,non operating expenses,ClearPath Logistics,2021,M_USD,70766.0,,,,,,,,,,,,,,,,,,,,,,,,,,,,,,,,,,,
13,1,A later scenario may double the final value. What is the longterm liabilities for Apex Dynamics Corp in 2021 ?,What is the longterm liabilities for Apex Dynamics Corp in 2021 ?,useless_info,longterm_liabilities,longterm_liabilities,"{""derived"": ""longterm_liabilities"", ""expanded"": {""op"": ""diff"", ""left"": {""leaf"": ""1_total_liabilities"", ""depth"": 0}, ""right"": {""leaf"": ""1_current_liabilities"", ""depth"": 0}, ""depth"": 1}, ""depth"": 1}","{""kind"": ""derived_concept"", ""name"": ""longterm_liabilities"", ""depth"": 0}",67847.0,3,0,1,869151027,415512375,481922417,0.477,0,1,2,1_total_liabilities,total_liabilities,total liabilities,Apex Dynamics Corp,2021,M_USD,99211.0,1_current_liabilities,current_liabilities,current liabilities,Apex Dynamics Corp,2021,M_USD,31364.0,,,,,,,,,,,,,,,,,,,,,,,,,,,,,,,,,,,,,,,,,,,,,,,,,
13,1,Management expects gross margin to change by 12 percentage points in 1905. whats the value of the gross profit for ClearPath Logistics in 2024,whats the value of the gross profit for ClearPath Logistics in 2024,useless_info,gross_profit,gross_profit,"{""derived"": ""gross_profit"", ""expanded"": {""op"": ""diff"", ""left"": {""leaf"": ""82_revenue"", ""depth"": 0}, ""right"": {""leaf"": ""82_cost_of_goods_sold"", ""depth"": 0}, ""depth"": 1}, ""depth"": 1}","{""kind"": ""derived_concept"", ""name"": ""gross_profit"", ""depth"": 0}",415227.0,3,0,1,864723870,878095506,481922417,0.524,0,1,2,82_revenue,revenue,revenue,ClearPath Logistics,2024,M_USD,627730.0,82_cost_of_goods_sold,cost_of_goods_sold,cost of goods sold,ClearPath Logistics,2024,M_USD,212503.0,,,,,,,,,,,,,,,,,,,,,,,,,,,,,,,,,,,,,,,,,,,,,,,,,
14,4,A future bad-debt reserve could reduce reported receivables by 13%. what is the sum of sum of gross profit for Apex Dynamics Corp in 2023 and the maximum of cash for Apex Dynamics Corp using values from 2022 through 2024 and the minimum of accounts receivable for Apex Dynamics Corp using values from 2022 through 2024?,what is the sum of sum of gross profit for Apex Dynamics Corp in 2023 and the maximum of cash for Apex Dynamics Corp using values from 2022 through 2024 and the minimum of accounts receivable for Apex Dynamics Corp using values from 2022 through 2024?,useless_info,accounts_receivable,"sum(sum(gross_profit, max(max(2_cash, 3_cash), 4_cash)), min(min(2_accounts_receivable, 3_accounts_receivable), 4_accounts_receivable))","{""op"": ""sum"", ""left"": {""op"": ""sum"", ""left"": {""derived"": ""gross_profit"", ""expanded"": {""op"": ""diff"", ""left"": {""leaf"": ""3_revenue"", ""depth"": 0}, ""right"": {""leaf"": ""3_cost_of_goods_sold"", ""depth"": 0}, ""depth"": 1}, ""depth"": 1}, ""right"": {""op"": ""max"", ""left"": {""op"": ""max"", ""left"": {""leaf"": ""2_cash"", ""depth"": 0}, ""right"": {""leaf"": ""3_cash"", ""depth"": 0}, ""depth"": 1}, ""right"": {""leaf"": ""4_cash"", ""depth"": 0}, ""depth"": 2}, ""depth"": 3}, ""right"": {""op"": ""min"", ""left"": {""op"": ""min"", ""left"": {""leaf"": ""2_accounts_receivable"", ""depth"": 0}, ""right"": {""leaf"": ""3_accounts_receivable"", ""depth"": 0}, ""depth"": 1}, ""right"": {""leaf"": ""4_accounts_receivable"", ""depth"": 0}, ""depth"": 2}, ""depth"": 4}","{""op"": ""sum"", ""left"": {""op"": ""sum"", ""left"": {""kind"": ""derived_concept"", ""name"": ""gross_profit"", ""depth"": 0}, ""right"": {""kind"": ""time_agg"", ""op"": ""max"", ""depth"": 0}, ""depth"": 1, ""kind"": ""node""}, ""right"": {""kind"": ""time_agg"", ""op"": ""min"", ""depth"": 0}, ""depth"": 2, ""kind"": ""node""}",80345.0,4,2,4,67534105,888554055,481922417,0.336,2,3,8,3_revenue,revenue,revenue,Apex Dynamics Corp,2023,M_USD,88228.0,3_cost_of_goods_sold,cost_of_goods_sold,cost of goods sold,Apex Dynamics Corp,2023,M_USD,53607.0,2_cash,cash,cash,Apex Dynamics Corp,2022,M_USD,41229.0,3_cash,cash,cash,Apex Dynamics Corp,2023,M_USD,13282.0,4_cash,cash,cash,Apex Dynamics Corp,2024,M_USD,15788.0,2_accounts_receivable,accounts_receivable,accounts receivable,Apex Dynamics Corp,2022,M_USD,10946.0,3_accounts_receivable,accounts_receivable,accounts receivable,Apex Dynamics Corp,2023,M_USD,11694.0,4_accounts_receivable,accounts_receivable,accounts receivable,Apex Dynamics Corp,2024,M_USD,4495.0,,,,,,,
14,4,A future refinancing could change non-operating expenses by 19%. What is the sum of result of gross profit scaled by ratio of non operating expenses to sum of current liabilities and cost of goods sold for Apex Dynamics Corp in 2023 and the maximum of cash for Apex Dynamics Corp using values from 2020 through 2022,What is the sum of result of gross profit scaled by ratio of non operating expenses to sum of current liabilities and cost of goods sold for Apex Dynamics Corp in 2023 and the maximum of cash for Apex Dynamics Corp using values from 2020 through 2022,useless_info,non_operating_expenses,"sum(mul(gross_profit, ratio(3_non_operating_expenses, sum(3_current_liabilities, 3_cost_of_goods_sold))), max(max(0_cash, 1_cash), 2_cash))","{""op"": ""sum"", ""left"": {""op"": ""mul"", ""left"": {""derived"": ""gross_profit"", ""expanded"": {""op"": ""diff"", ""left"": {""leaf"": ""3_revenue"", ""depth"": 0}, ""right"": {""leaf"": ""3_cost_of_goods_sold"", ""depth"": 0}, ""depth"": 1}, ""depth"": 1}, ""right"": {""op"": ""ratio"", ""left"": {""leaf"": ""3_non_operating_expenses"", ""depth"": 0}, ""right"": {""op"": ""sum"", ""left"": {""leaf"": ""3_current_liabilities"", ""depth"": 0}, ""right"": {""leaf"": ""3_cost_of_goods_sold"", ""depth"": 0}, ""depth"": 1}, ""depth"": 2}, ""depth"": 3}, ""right"": {""op"": ""max"", ""left"": {""op"": ""max"", ""left"": {""leaf"": ""0_cash"", ""depth"": 0}, ""right"": {""leaf"": ""1_cash"", ""depth"": 0}, ""depth"": 1}, ""right"": {""leaf"": ""2_cash"", ""depth"": 0}, ""depth"": 2}, ""depth"": 4}","{""op"": ""sum"", ""left"": {""op"": ""mul"", ""left"": {""kind"": ""derived_concept"", ""name"": ""gross_profit"", ""depth"": 0}, ""right"": {""op"": ""ratio"", ""left"": {""kind"": ""leaf"", ""semantic_type_in"": [""amount""], ""depth"": 0}, ""right"": {""op"": ""sum"", ""left"": {""kind"": ""leaf"", ""semantic_type_in"": [""amount""], ""depth"": 0}, ""right"": {""kind"": ""leaf"", ""semantic_type_in"": [""amount""], ""depth"": 0}, ""depth"": 1, ""kind"": ""node""}, ""depth"": 2, ""kind"": ""node""}, ""depth"": 3, ""kind"": ""node""}, ""right"": {""kind"": ""time_agg"", ""op"": ""max"", ""depth"": 0}, ""depth"": 4, ""kind"": ""node""}",47704.2142189858,4,4,4,476712635,711353996,481922417,0.451,4,5,8,3_revenue,revenue,revenue,Apex Dynamics Corp,2023,M_USD,88228.0,3_cost_of_goods_sold,cost_of_goods_sold,cost of goods sold,Apex Dynamics Corp,2023,M_USD,53607.0,3_non_operating_expenses,non_operating_expenses,non operating expenses,Apex Dynamics Corp,2023,M_USD,15616.0,3_current_liabilities,current_liabilities,current liabilities,Apex Dynamics Corp,2023,M_USD,29887.0,3_cost_of_goods_sold,cost_of_goods_sold,cost of goods sold,Apex Dynamics Corp,2023,M_USD,53607.0,0_cash,cash,cash,Apex Dynamics Corp,2020,M_USD,2627.0,1_cash,cash,cash,Apex Dynamics Corp,2021,M_USD,7412.0,2_cash,cash,cash,Apex Dynamics Corp,2022,M_USD,41229.0,,,,,,,
15,3,what is the value of the current assets for Apex Dynamics Corp in 2022? The company may release $31383 million of trapped working capital next year.,what is the value of the current assets for Apex Dynamics Corp in 2022?,useless_info,current_assets,current_assets,"{""derived"": ""current_assets"", ""expanded"": {""op"": ""sum"", ""left"": {""op"": ""sum"", ""left"": {""op"": ""sum"", ""left"": {""leaf"": ""2_cash"", ""depth"": 0}, ""right"": {""leaf"": ""2_accounts_receivable"", ""depth"": 0}, ""depth"": 1}, ""right"": {""leaf"": ""2_inventories"", ""depth"": 0}, ""depth"": 2}, ""right"": {""leaf"": ""2_short_term_investments"", ""depth"": 0}, ""depth"": 3}, ""depth"": 3}","{""kind"": ""derived_concept"", ""name"": ""current_assets"", ""depth"": 0}",85277.0,3,0,3,501113908,736289574,481922417,0.588,0,1,4,2_cash,cash,cash,Apex Dynamics Corp,2022,M_USD,41229.0,2_accounts_receivable,accounts_receivable,accounts receivable,Apex Dynamics Corp,2022,M_USD,10946.0,2_inventories,inventories,inventories,Apex Dynamics Corp,2022,M_USD,6043.0,2_short_term_investments,short_term_investments,short term investments,Apex Dynamics Corp,2022,M_USD,27059.0,,,,,,,,,,,,,,,,,,,,,,,,,,,,,,,,,,,
15,1,A later calculation may subtract 17% from the final result. evaluate the longterm liabilities for SilverLine Retail Inc in 2022,evaluate the longterm liabilities for SilverLine Retail Inc in 2022,useless_info,longterm_liabilities,longterm_liabilities,"{""derived"": ""longterm_liabilities"", ""expanded"": {""op"": ""diff"", ""left"": {""leaf"": ""44_total_liabilities"", ""depth"": 0}, ""right"": {""leaf"": ""44_current_liabilities"", ""depth"": 0}, ""depth"": 1}, ""depth"": 1}","{""kind"": ""derived_concept"", ""name"": ""longterm_liabilities"", ""depth"": 0}",203738.0,2,0,1,635746762,473869986,481922417,0.155,0,1,2,44_total_liabilities,total_liabilities,total liabilities,SilverLine Retail Inc,2022,M_USD,295198.0,44_current_liabilities,current_liabilities,current liabilities,SilverLine Retail Inc,2022,M_USD,91460.0,,,,,,,,,,,,,,,,,,,,,,,,,,,,,,,,,,,,,,,,,,,,,,,,,
15,4,We plan to later discount the result by 32%. You should calculate the longterm assets for Titan Consumer Brands in 2022.,You should calculate the longterm assets for Titan Consumer Brands in 2022.,useless_info,longterm_assets,longterm_assets,"{""derived"": ""longterm_assets"", ""expanded"": {""op"": ""diff"", ""left"": {""leaf"": ""62_total_assets"", ""depth"": 0}, ""right"": {""derived"": ""current_assets"", ""expanded"": {""op"": ""sum"", ""left"": {""op"": ""sum"", ""left"": {""op"": ""sum"", ""left"": {""leaf"": ""62_cash"", ""depth"": 0}, ""right"": {""leaf"": ""62_accounts_receivable"", ""depth"": 0}, ""depth"": 1}, ""right"": {""leaf"": ""62_inventories"", ""depth"": 0}, ""depth"": 2}, ""right"": {""leaf"": ""62_short_term_investments"", ""depth"": 0}, ""depth"": 3}, ""depth"": 3}, ""depth"": 4}, ""depth"": 4}","{""kind"": ""derived_concept"", ""name"": ""longterm_assets"", ""depth"": 0}",232430.0,3,0,4,397603278,249637450,481922417,0.546,0,1,5,62_total_assets,total_assets,total assets,Titan Consumer Brands,2022,M_USD,435661.0,62_cash,cash,cash,Titan Consumer Brands,2022,M_USD,65913.0,62_accounts_receivable,accounts_receivable,accounts receivable,Titan Consumer Brands,2022,M_USD,59855.0,62_inventories,inventories,inventories,Titan Consumer Brands,2022,M_USD,18939.0,62_short_term_investments,short_term_investments,short term investments,Titan Consumer Brands,2022,M_USD,58524.0,,,,,,,,,,,,,,,,,,,,,,,,,,,,
18,3,A proposed debt exchange could change long-term liabilities by 45%. evaluate the sum of difference between inventories and longterm liabilities and operating income for SilverLine Retail Inc in 2022 .,evaluate the sum of difference between inventories and longterm liabilities and operating income for SilverLine Retail Inc in 2022 .,useless_info,longterm_liabilities,"sum(diff(44_inventories, longterm_liabilities), operating_income)","{""op"": ""sum"", ""left"": {""op"": ""diff"", ""left"": {""leaf"": ""44_inventories"", ""depth"": 0}, ""right"": {""derived"": ""longterm_liabilities"", ""expanded"": {""op"": ""diff"", ""left"": {""leaf"": ""44_total_liabilities"", ""depth"": 0}, ""right"": {""leaf"": ""44_current_liabilities"", ""depth"": 0}, ""depth"": 1}, ""depth"": 1}, ""depth"": 2}, ""right"": {""derived"": ""operating_income"", ""expanded"": {""op"": ""diff"", ""left"": {""derived"": ""gross_profit"", ""expanded"": {""op"": ""diff"", ""left"": {""leaf"": ""44_revenue"", ""depth"": 0}, ""right"": {""leaf"": ""44_cost_of_goods_sold"", ""depth"": 0}, ""depth"": 1}, ""depth"": 1}, ""right"": {""leaf"": ""44_operating_expenses"", ""depth"": 0}, ""depth"": 2}, ""depth"": 2}, ""depth"": 3}","{""op"": ""sum"", ""left"": {""op"": ""diff"", ""left"": {""kind"": ""leaf"", ""semantic_type_in"": [""amount""], ""depth"": 0}, ""right"": {""kind"": ""derived_concept"", ""name"": ""longterm_liabilities"", ""depth"": 0}, ""depth"": 1, ""kind"": ""node""}, ""right"": {""kind"": ""derived_concept"", ""name"": ""operating_income"", ""depth"": 0}, ""depth"": 2, ""kind"": ""node""}",7037.0,4,2,3,613143944,571827607,481922417,0.393,2,3,6,44_inventories,inventories,inventories,SilverLine Retail Inc,2022,M_USD,59502.0,44_total_liabilities,total_liabilities,total liabilities,SilverLine Retail Inc,2022,M_USD,295198.0,44_current_liabilities,current_liabilities,current liabilities,SilverLine Retail Inc,2022,M_USD,91460.0,44_revenue,revenue,revenue,SilverLine Retail Inc,2022,M_USD,698498.0,44_cost_of_goods_sold,cost_of_goods_sold,cost of goods sold,SilverLine Retail Inc,2022,M_USD,406130.0,44_operating_expenses,operating_expenses,operating expenses,SilverLine Retail Inc,2022,M_USD,141095.0,,,,,,,,,,,,,,,,,,,,,
19,3,could you give the current assets for Meridian Systems Inc in 2022? A later stress test may cut the final value in half.,could you give the current assets for Meridian Systems Inc in 2022?,useless_info,current_assets,current_assets,"{""derived"": ""current_assets"", ""expanded"": {""op"": ""sum"", ""left"": {""op"": ""sum"", ""left"": {""op"": ""sum"", ""left"": {""leaf"": ""8_cash"", ""depth"": 0}, ""right"": {""leaf"": ""8_accounts_receivable"", ""depth"": 0}, ""depth"": 1}, ""right"": {""leaf"": ""8_inventories"", ""depth"": 0}, ""depth"": 2}, ""right"": {""leaf"": ""8_short_term_investments"", ""depth"": 0}, ""depth"": 3}, ""depth"": 3}","{""kind"": ""derived_concept"", ""name"": ""current_assets"", ""depth"": 0}",63474.0,3,0,3,276131996,62038684,481922417,0.491,0,1,4,8_cash,cash,cash,Meridian Systems Inc,2022,M_USD,30172.0,8_accounts_receivable,accounts_receivable,accounts receivable,Meridian Systems Inc,2022,M_USD,18526.0,8_inventories,inventories,inventories,Meridian Systems Inc,2022,M_USD,3888.0,8_short_term_investments,short_term_investments,short term investments,Meridian Systems Inc,2022,M_USD,10888.0,,,,,,,,,,,,,,,,,,,,,,,,,,,,,,,,,,,
19,3,We plan to later discount the result by 14%. which quantity is given by the current assets for Ironclad Manufacturing in 2023?,which quantity is given by the current assets for Ironclad Manufacturing in 2023?,useless_info,current_assets,current_assets,"{""derived"": ""current_assets"", ""expanded"": {""op"": ""sum"", ""left"": {""op"": ""sum"", ""left"": {""op"": ""sum"", ""left"": {""leaf"": ""39_cash"", ""depth"": 0}, ""right"": {""leaf"": ""39_accounts_receivable"", ""depth"": 0}, ""depth"": 1}, ""right"": {""leaf"": ""39_inventories"", ""depth"": 0}, ""depth"": 2}, ""right"": {""leaf"": ""39_short_term_investments"", ""depth"": 0}, ""depth"": 3}, ""depth"": 3}","{""kind"": ""derived_concept"", ""name"": ""current_assets"", ""depth"": 0}",67540.0,2,0,3,778569909,79984407,481922417,0.451,0,1,4,39_cash,cash,cash,Ironclad Manufacturing,2023,M_USD,18106.0,39_accounts_receivable,accounts_receivable,accounts receivable,Ironclad Manufacturing,2023,M_USD,25432.0,39_inventories,inventories,inventories,Ironclad Manufacturing,2023,M_USD,11929.0,39_short_term_investments,short_term_investments,short term investments,Ironclad Manufacturing,2023,M_USD,12073.0,,,,,,,,,,,,,,,,,,,,,,,,,,,,,,,,,,,
23,4,Someone may later tax the result by 23%. May you give the longterm assets for NovaStar Technologies in 2020 ?,May you give the longterm assets for NovaStar Technologies in 2020 ?,useless_info,longterm_assets,longterm_assets,"{""derived"": ""longterm_assets"", ""expanded"": {""op"": ""diff"", ""left"": {""leaf"": ""18_total_assets"", ""depth"": 0}, ""right"": {""derived"": ""current_assets"", ""expanded"": {""op"": ""sum"", ""left"": {""op"": ""sum"", ""left"": {""op"": ""sum"", ""left"": {""leaf"": ""18_cash"", ""depth"": 0}, ""right"": {""leaf"": ""18_accounts_receivable"", ""depth"": 0}, ""depth"": 1}, ""right"": {""leaf"": ""18_inventories"", ""depth"": 0}, ""depth"": 2}, ""right"": {""leaf"": ""18_short_term_investments"", ""depth"": 0}, ""depth"": 3}, ""depth"": 3}, ""depth"": 4}, ""depth"": 4}","{""kind"": ""derived_concept"", ""name"": ""longterm_assets"", ""depth"": 0}",47153.0,3,0,4,707514822,548553712,481922417,0.267,0,1,5,18_total_assets,total_assets,total assets,NovaStar Technologies,2020,M_USD,103259.0,18_cash,cash,cash,NovaStar Technologies,2020,M_USD,24222.0,18_accounts_receivable,accounts_receivable,accounts receivable,NovaStar Technologies,2020,M_USD,13643.0,18_inventories,inventories,inventories,NovaStar Technologies,2020,M_USD,5488.0,18_short_term_investments,short_term_investments,short term investments,NovaStar Technologies,2020,M_USD,12753.0,,,,,,,,,,,,,,,,,,,,,,,,,,,,
25,1,what is the gross profit for Apex Dynamics Corp in 2022 ? A later stress test may cut the final value in half.,what is the gross profit for Apex Dynamics Corp in 2022 ?,useless_info,gross_profit,gross_profit,"{""derived"": ""gross_profit"", ""expanded"": {""op"": ""diff"", ""left"": {""leaf"": ""2_revenue"", ""depth"": 0}, ""right"": {""leaf"": ""2_cost_of_goods_sold"", ""depth"": 0}, ""depth"": 1}, ""depth"": 1}","{""kind"": ""derived_concept"", ""name"": ""gross_profit"", ""depth"": 0}",32961.0,3,0,1,765361559,713217223,481922417,0.492,0,1,2,2_revenue,revenue,revenue,Apex Dynamics Corp,2022,M_USD,79021.0,2_cost_of_goods_sold,cost_of_goods_sold,cost of goods sold,Apex Dynamics Corp,2022,M_USD,46060.0,,,,,,,,,,,,,,,,,,,,,,,,,,,,,,,,,,,,,,,,,,,,,,,,,
25,4,State the longterm assets for Pinnacle Health Group in 2023 . We plan to later discount the result by 13%.,State the longterm assets for Pinnacle Health Group in 2023 .,useless_info,longterm_assets,longterm_assets,"{""derived"": ""longterm_assets"", ""expanded"": {""op"": ""diff"", ""left"": {""leaf"": ""33_total_assets"", ""depth"": 0}, ""right"": {""derived"": ""current_assets"", ""expanded"": {""op"": ""sum"", ""left"": {""op"": ""sum"", ""left"": {""op"": ""sum"", ""left"": {""leaf"": ""33_cash"", ""depth"": 0}, ""right"": {""leaf"": ""33_accounts_receivable"", ""depth"": 0}, ""depth"": 1}, ""right"": {""leaf"": ""33_inventories"", ""depth"": 0}, ""depth"": 2}, ""right"": {""leaf"": ""33_short_term_investments"", ""depth"": 0}, ""depth"": 3}, ""depth"": 3}, ""depth"": 4}, ""depth"": 4}","{""kind"": ""derived_concept"", ""name"": ""longterm_assets"", ""depth"": 0}",9640.0,4,0,4,323268692,165667650,481922417,0.428,0,1,5,33_total_assets,total_assets,total assets,Pinnacle Health Group,2023,M_USD,15122.0,33_cash,cash,cash,Pinnacle Health Group,2023,M_USD,2062.0,33_accounts_receivable,accounts_receivable,accounts receivable,Pinnacle Health Group,2023,M_USD,1605.0,33_inventories,inventories,inventories,Pinnacle Health Group,2023,M_USD,1096.0,33_short_term_investments,short_term_investments,short term investments,Pinnacle Health Group,2023,M_USD,719.0,,,,,,,,,,,,,,,,,,,,,,,,,,,,
25,2,The result may later be adjusted downward by 42%. which result follows from the operating income for Ironclad Manufacturing in 2025,which result follows from the operating income for Ironclad Manufacturing in 2025,useless_info,operating_income,operating_income,"{""derived"": ""operating_income"", ""expanded"": {""op"": ""diff"", ""left"": {""derived"": ""gross_profit"", ""expanded"": {""op"": ""diff"", ""left"": {""leaf"": ""41_revenue"", ""depth"": 0}, ""right"": {""leaf"": ""41_cost_of_goods_sold"", ""depth"": 0}, ""depth"": 1}, ""depth"": 1}, ""right"": {""leaf"": ""41_operating_expenses"", ""depth"": 0}, ""depth"": 2}, ""depth"": 2}","{""kind"": ""derived_concept"", ""name"": ""operating_income"", ""depth"": 0}",194888.0,3,0,2,32254026,680762971,481922417,0.491,0,1,3,41_revenue,revenue,revenue,Ironclad Manufacturing,2025,M_USD,543407.0,41_cost_of_goods_sold,cost_of_goods_sold,cost of goods sold,Ironclad Manufacturing,2025,M_USD,270410.0,41_operating_expenses,operating_expenses,operating expenses,Ironclad Manufacturing,2025,M_USD,78109.0,,,,,,,,,,,,,,,,,,,,,,,,,,,,,,,,,,,,,,,,,,
26,3,A later stress test may cut the final value in half. What would be the current assets for Cobalt Semiconductor in 2025?,What would be the current assets for Cobalt Semiconductor in 2025?,useless_info,current_assets,current_assets,"{""derived"": ""current_assets"", ""expanded"": {""op"": ""sum"", ""left"": {""op"": ""sum"", ""left"": {""op"": ""sum"", ""left"": {""leaf"": ""71_cash"", ""depth"": 0}, ""right"": {""leaf"": ""71_accounts_receivable"", ""depth"": 0}, ""depth"": 1}, ""right"": {""leaf"": ""71_inventories"", ""depth"": 0}, ""depth"": 2}, ""right"": {""leaf"": ""71_short_term_investments"", ""depth"": 0}, ""depth"": 3}, ""depth"": 3}","{""kind"": ""derived_concept"", ""name"": ""current_assets"", ""depth"": 0}",18382.0,4,0,3,11856679,987316242,481922417,0.266,0,1,4,71_cash,cash,cash,Cobalt Semiconductor,2025,M_USD,5223.0,71_accounts_receivable,accounts_receivable,accounts receivable,Cobalt Semiconductor,2025,M_USD,7589.0,71_inventories,inventories,inventories,Cobalt Semiconductor,2025,M_USD,1873.0,71_short_term_investments,short_term_investments,short term investments,Cobalt Semiconductor,2025,M_USD,3697.0,,,,,,,,,,,,,,,,,,,,,,,,,,,,,,,,,,,
27,2,The result may later be adjusted downward by 43%. what would be the operating income for Cobalt Semiconductor in 2025?,what would be the operating income for Cobalt Semiconductor in 2025?,useless_info,operating_income,operating_income,"{""derived"": ""operating_income"", ""expanded"": {""op"": ""diff"", ""left"": {""derived"": ""gross_profit"", ""expanded"": {""op"": ""diff"", ""left"": {""leaf"": ""71_revenue"", ""depth"": 0}, ""right"": {""leaf"": ""71_cost_of_goods_sold"", ""depth"": 0}, ""depth"": 1}, ""depth"": 1}, ""right"": {""leaf"": ""71_operating_expenses"", ""depth"": 0}, ""depth"": 2}, ""depth"": 2}","{""kind"": ""derived_concept"", ""name"": ""operating_income"", ""depth"": 0}",15523.0,3,0,2,697999081,142790030,481922417,0.348,0,1,3,71_revenue,revenue,revenue,Cobalt Semiconductor,2025,M_USD,55356.0,71_cost_of_goods_sold,cost_of_goods_sold,cost of goods sold,Cobalt Semiconductor,2025,M_USD,30650.0,71_operating_expenses,operating_expenses,operating expenses,Cobalt Semiconductor,2025,M_USD,9183.0,,,,,,,,,,,,,,,,,,,,,,,,,,,,,,,,,,,,,,,,,,
27,1,What does the following give: gross profit for Crimson Pharmaceuticals in 2022? A later scenario may double the final value.,What does the following give: gross profit for Crimson Pharmaceuticals in 2022?,useless_info,gross_profit,gross_profit,"{""derived"": ""gross_profit"", ""expanded"": {""op"": ""diff"", ""left"": {""leaf"": ""86_revenue"", ""depth"": 0}, ""right"": {""leaf"": ""86_cost_of_goods_sold"", ""depth"": 0}, ""depth"": 1}, ""depth"": 1}","{""kind"": ""derived_concept"", ""name"": ""gross_profit"", ""depth"": 0}",385498.0,3,0,1,291788324,92327468,481922417,0.453,0,1,2,86_revenue,revenue,revenue,Crimson Pharmaceuticals,2022,M_USD,616787.0,86_cost_of_goods_sold,cost_of_goods_sold,cost of goods sold,Crimson Pharmaceuticals,2022,M_USD,231289.0,,,,,,,,,,,,,,,,,,,,,,,,,,,,,,,,,,,,,,,,,,,,,,,,,
27,2,what do we obtain as the sum of gross profit and total assets for Crimson Pharmaceuticals in 2021 ? A planned acquisition could increase total assets by 16% in 1982.,what do we obtain as the sum of gross profit and total assets for Crimson Pharmaceuticals in 2021 ?,useless_info,total_assets,"sum(gross_profit, 85_total_assets)","{""op"": ""sum"", ""left"": {""derived"": ""gross_profit"", ""expanded"": {""op"": ""diff"", ""left"": {""leaf"": ""85_revenue"", ""depth"": 0}, ""right"": {""leaf"": ""85_cost_of_goods_sold"", ""depth"": 0}, ""depth"": 1}, ""depth"": 1}, ""right"": {""leaf"": ""85_total_assets"", ""depth"": 0}, ""depth"": 2}","{""op"": ""sum"", ""left"": {""kind"": ""derived_concept"", ""name"": ""gross_profit"", ""depth"": 0}, ""right"": {""kind"": ""leaf"", ""semantic_type_in"": [""amount""], ""depth"": 0}, ""depth"": 1, ""kind"": ""node""}",739045.0,3,1,2,494676769,606126183,481922417,0.43,1,2,3,85_revenue,revenue,revenue,Crimson Pharmaceuticals,2021,M_USD,550238.0,85_cost_of_goods_sold,cost_of_goods_sold,cost of goods sold,Crimson Pharmaceuticals,2021,M_USD,249019.0,85_total_assets,total_assets,total assets,Crimson Pharmaceuticals,2021,M_USD,437826.0,,,,,,,,,,,,,,,,,,,,,,,,,,,,,,,,,,,,,,,,,,
27,2,The result may later be adjusted downward by 33%. Which value corresponds to the operating income for Helix BioSciences in 2020 ?,Which value corresponds to the operating income for Helix BioSciences in 2020 ?,useless_info,operating_income,operating_income,"{""derived"": ""operating_income"", ""expanded"": {""op"": ""diff"", ""left"": {""derived"": ""gross_profit"", ""expanded"": {""op"": ""diff"", ""left"": {""leaf"": ""72_revenue"", ""depth"": 0}, ""right"": {""leaf"": ""72_cost_of_goods_sold"", ""depth"": 0}, ""depth"": 1}, ""depth"": 1}, ""right"": {""leaf"": ""72_operating_expenses"", ""depth"": 0}, ""depth"": 2}, ""depth"": 2}","{""kind"": ""derived_concept"", ""name"": ""operating_income"", ""depth"": 0}",55735.0,3,0,2,811715217,560506418,481922417,0.488,0,1,3,72_revenue,revenue,revenue,Helix BioSciences,2020,M_USD,214045.0,72_cost_of_goods_sold,cost_of_goods_sold,cost of goods sold,Helix BioSciences,2020,M_USD,144323.0,72_operating_expenses,operating_expenses,operating expenses,Helix BioSciences,2020,M_USD,13987.0,,,,,,,,,,,,,,,,,,,,,,,,,,,,,,,,,,,,,,,,,,
28,4,compute the sum of current assets for Quantum Bridge Holdings in 2020 and the minimum of total assets for Quantum Bridge Holdings using values from 2020 through 2023. A proposed discount factor may reduce the final number by 32%.,compute the sum of current assets for Quantum Bridge Holdings in 2020 and the minimum of total assets for Quantum Bridge Holdings using values from 2020 through 2023.,useless_info,current_assets,"sum(current_assets, min(min(min(12_total_assets, 13_total_assets), 14_total_assets), 15_total_assets))","{""op"": ""sum"", ""left"": {""derived"": ""current_assets"", ""expanded"": {""op"": ""sum"", ""left"": {""op"": ""sum"", ""left"": {""op"": ""sum"", ""left"": {""leaf"": ""12_cash"", ""depth"": 0}, ""right"": {""leaf"": ""12_accounts_receivable"", ""depth"": 0}, ""depth"": 1}, ""right"": {""leaf"": ""12_inventories"", ""depth"": 0}, ""depth"": 2}, ""right"": {""leaf"": ""12_short_term_investments"", ""depth"": 0}, ""depth"": 3}, ""depth"": 3}, ""right"": {""op"": ""min"", ""left"": {""op"": ""min"", ""left"": {""op"": ""min"", ""left"": {""leaf"": ""12_total_assets"", ""depth"": 0}, ""right"": {""leaf"": ""13_total_assets"", ""depth"": 0}, ""depth"": 1}, ""right"": {""leaf"": ""14_total_assets"", ""depth"": 0}, ""depth"": 2}, ""right"": {""leaf"": ""15_total_assets"", ""depth"": 0}, ""depth"": 3}, ""depth"": 4}","{""op"": ""sum"", ""left"": {""kind"": ""derived_concept"", ""name"": ""current_assets"", ""depth"": 0}, ""right"": {""kind"": ""time_agg"", ""op"": ""min"", ""depth"": 0}, ""depth"": 1, ""kind"": ""node""}",91832.0,3,1,4,108926966,710911582,481922417,0.256,1,2,8,12_cash,cash,cash,Quantum Bridge Holdings,2020,M_USD,14184.0,12_accounts_receivable,accounts_receivable,accounts receivable,Quantum Bridge Holdings,2020,M_USD,8455.0,12_inventories,inventories,inventories,Quantum Bridge Holdings,2020,M_USD,3154.0,12_short_term_investments,short_term_investments,short term investments,Quantum Bridge Holdings,2020,M_USD,2565.0,12_total_assets,total_assets,total assets,Quantum Bridge Holdings,2020,M_USD,70101.0,13_total_assets,total_assets,total assets,Quantum Bridge Holdings,2021,M_USD,63474.0,14_total_assets,total_assets,total assets,Quantum Bridge Holdings,2022,M_USD,185116.0,15_total_assets,total_assets,total assets,Quantum Bridge Holdings,2023,M_USD,90463.0,,,,,,,
29,1,A later stress test may cut the final value in half. May you give the gross profit for Orion Financial Group in 2022 ?,May you give the gross profit for Orion Financial Group in 2022 ?,useless_info,gross_profit,gross_profit,"{""derived"": ""gross_profit"", ""expanded"": {""op"": ""diff"", ""left"": {""leaf"": ""56_revenue"", ""depth"": 0}, ""right"": {""leaf"": ""56_cost_of_goods_sold"", ""depth"": 0}, ""depth"": 1}, ""depth"": 1}","{""kind"": ""derived_concept"", ""name"": ""gross_profit"", ""depth"": 0}",51603.0,4,0,1,272878774,75178360,481922417,0.595,0,1,2,56_revenue,revenue,revenue,Orion Financial Group,2022,M_USD,115348.0,56_cost_of_goods_sold,cost_of_goods_sold,cost of goods sold,Orion Financial Group,2022,M_USD,63745.0,,,,,,,,,,,,,,,,,,,,,,,,,,,,,,,,,,,,,,,,,,,,,,,,,
30,1,determine the longterm liabilities for Pinnacle Health Group in 2024 Someone may later tax the result by 5%.,determine the longterm liabilities for Pinnacle Health Group in 2024,useless_info,longterm_liabilities,longterm_liabilities,"{""derived"": ""longterm_liabilities"", ""expanded"": {""op"": ""diff"", ""left"": {""leaf"": ""34_total_liabilities"", ""depth"": 0}, ""right"": {""leaf"": ""34_current_liabilities"", ""depth"": 0}, ""depth"": 1}, ""depth"": 1}","{""kind"": ""derived_concept"", ""name"": ""longterm_liabilities"", ""depth"": 0}",20061.0,3,0,1,585877327,373333029,481922417,0.466,0,1,2,34_total_liabilities,total_liabilities,total liabilities,Pinnacle Health Group,2024,M_USD,26839.0,34_current_liabilities,current_liabilities,current liabilities,Pinnacle Health Group,2024,M_USD,6778.0,,,,,,,,,,,,,,,,,,,,,,,,,,,,,,,,,,,,,,,,,,,,,,,,,
33,1,A later calculation may subtract 10% from the final result. May you give the gross profit for Orion Financial Group in 2023?,May you give the gross profit for Orion Financial Group in 2023?,useless_info,gross_profit,gross_profit,"{""derived"": ""gross_profit"", ""expanded"": {""op"": ""diff"", ""left"": {""leaf"": ""57_revenue"", ""depth"": 0}, ""right"": {""leaf"": ""57_cost_of_goods_sold"", ""depth"": 0}, ""depth"": 1}, ""depth"": 1}","{""kind"": ""derived_concept"", ""name"": ""gross_profit"", ""depth"": 0}",46713.0,2,0,1,417441325,386501872,481922417,0.481,0,1,2,57_revenue,revenue,revenue,Orion Financial Group,2023,M_USD,127775.0,57_cost_of_goods_sold,cost_of_goods_sold,cost of goods sold,Orion Financial Group,2023,M_USD,81062.0,,,,,,,,,,,,,,,,,,,,,,,,,,,,,,,,,,,,,,,,,,,,,,,,,
33,3,The result may later be adjusted downward by 14%. give the current assets for Orion Financial Group in 2022.,give the current assets for Orion Financial Group in 2022.,useless_info,current_assets,current_assets,"{""derived"": ""current_assets"", ""expanded"": {""op"": ""sum"", ""left"": {""op"": ""sum"", ""left"": {""op"": ""sum"", ""left"": {""leaf"": ""56_cash"", ""depth"": 0}, ""right"": {""leaf"": ""56_accounts_receivable"", ""depth"": 0}, ""depth"": 1}, ""right"": {""leaf"": ""56_inventories"", ""depth"": 0}, ""depth"": 2}, ""right"": {""leaf"": ""56_short_term_investments"", ""depth"": 0}, ""depth"": 3}, ""depth"": 3}","{""kind"": ""derived_concept"", ""name"": ""current_assets"", ""depth"": 0}",33146.0,4,0,3,94092089,961811900,481922417,0.53,0,1,4,56_cash,cash,cash,Orion Financial Group,2022,M_USD,8636.0,56_accounts_receivable,accounts_receivable,accounts receivable,Orion Financial Group,2022,M_USD,9324.0,56_inventories,inventories,inventories,Orion Financial Group,2022,M_USD,2433.0,56_short_term_investments,short_term_investments,short term investments,Orion Financial Group,2022,M_USD,12753.0,,,,,,,,,,,,,,,,,,,,,,,,,,,,,,,,,,,
35,1,We plan to later discount the result by 37%. compute the gross profit for Quantum Bridge Holdings in 2022.,compute the gross profit for Quantum Bridge Holdings in 2022.,useless_info,gross_profit,gross_profit,"{""derived"": ""gross_profit"", ""expanded"": {""op"": ""diff"", ""left"": {""leaf"": ""14_revenue"", ""depth"": 0}, ""right"": {""leaf"": ""14_cost_of_goods_sold"", ""depth"": 0}, ""depth"": 1}, ""depth"": 1}","{""kind"": ""derived_concept"", ""name"": ""gross_profit"", ""depth"": 0}",49297.0,4,0,1,602199853,14851649,481922417,0.566,0,1,2,14_revenue,revenue,revenue,Quantum Bridge Holdings,2022,M_USD,84608.0,14_cost_of_goods_sold,cost_of_goods_sold,cost of goods sold,Quantum Bridge Holdings,2022,M_USD,35311.0,,,,,,,,,,,,,,,,,,,,,,,,,,,,,,,,,,,,,,,,,,,,,,,,,
35,4,The company may write down 36% of long-lived assets next year. give the longterm assets for Orion Financial Group in 2022.,give the longterm assets for Orion Financial Group in 2022.,useless_info,longterm_assets,longterm_assets,"{""derived"": ""longterm_assets"", ""expanded"": {""op"": ""diff"", ""left"": {""leaf"": ""56_total_assets"", ""depth"": 0}, ""right"": {""derived"": ""current_assets"", ""expanded"": {""op"": ""sum"", ""left"": {""op"": ""sum"", ""left"": {""op"": ""sum"", ""left"": {""leaf"": ""56_cash"", ""depth"": 0}, ""right"": {""leaf"": ""56_accounts_receivable"", ""depth"": 0}, ""depth"": 1}, ""right"": {""leaf"": ""56_inventories"", ""depth"": 0}, ""depth"": 2}, ""right"": {""leaf"": ""56_short_term_investments"", ""depth"": 0}, ""depth"": 3}, ""depth"": 3}, ""depth"": 4}, ""depth"": 4}","{""kind"": ""derived_concept"", ""name"": ""longterm_assets"", ""depth"": 0}",56366.0,3,0,4,683696246,181676438,481922417,0.572,0,1,5,56_total_assets,total_assets,total assets,Orion Financial Group,2022,M_USD,89512.0,56_cash,cash,cash,Orion Financial Group,2022,M_USD,8636.0,56_accounts_receivable,accounts_receivable,accounts receivable,Orion Financial Group,2022,M_USD,9324.0,56_inventories,inventories,inventories,Orion Financial Group,2022,M_USD,2433.0,56_short_term_investments,short_term_investments,short term investments,Orion Financial Group,2022,M_USD,12753.0,,,,,,,,,,,,,,,,,,,,,,,,,,,,
35,2,Compute the operating income for Quantum Bridge Holdings in 2023. Someone may later tax the result by 6%.,Compute the operating income for Quantum Bridge Holdings in 2023.,useless_info,operating_income,operating_income,"{""derived"": ""operating_income"", ""expanded"": {""op"": ""diff"", ""left"": {""derived"": ""gross_profit"", ""expanded"": {""op"": ""diff"", ""left"": {""leaf"": ""15_revenue"", ""depth"": 0}, ""right"": {""leaf"": ""15_cost_of_goods_sold"", ""depth"": 0}, ""depth"": 1}, ""depth"": 1}, ""right"": {""leaf"": ""15_operating_expenses"", ""depth"": 0}, ""depth"": 2}, ""depth"": 2}","{""kind"": ""derived_concept"", ""name"": ""operating_income"", ""depth"": 0}",49098.0,3,0,2,469256676,731656979,481922417,0.521,0,1,3,15_revenue,revenue,revenue,Quantum Bridge Holdings,2023,M_USD,86108.0,15_cost_of_goods_sold,cost_of_goods_sold,cost of goods sold,Quantum Bridge Holdings,2023,M_USD,28498.0,15_operating_expenses,operating_expenses,operating expenses,Quantum Bridge Holdings,2023,M_USD,8512.0,,,,,,,,,,,,,,,,,,,,,,,,,,,,,,,,,,,,,,,,,,
35,3,Compute the current assets for Quantum Bridge Holdings in 2022. A later stress test may cut the final value in half.,Compute the current assets for Quantum Bridge Holdings in 2022.,useless_info,current_assets,current_assets,"{""derived"": ""current_assets"", ""expanded"": {""op"": ""sum"", ""left"": {""op"": ""sum"", ""left"": {""op"": ""sum"", ""left"": {""leaf"": ""14_cash"", ""depth"": 0}, ""right"": {""leaf"": ""14_accounts_receivable"", ""depth"": 0}, ""depth"": 1}, ""right"": {""leaf"": ""14_inventories"", ""depth"": 0}, ""depth"": 2}, ""right"": {""leaf"": ""14_short_term_investments"", ""depth"": 0}, ""depth"": 3}, ""depth"": 3}","{""kind"": ""derived_concept"", ""name"": ""current_assets"", ""depth"": 0}",42514.0,2,0,3,225496402,624527339,481922417,0.396,0,1,4,14_cash,cash,cash,Quantum Bridge Holdings,2022,M_USD,24174.0,14_accounts_receivable,accounts_receivable,accounts receivable,Quantum Bridge Holdings,2022,M_USD,11245.0,14_inventories,inventories,inventories,Quantum Bridge Holdings,2022,M_USD,5002.0,14_short_term_investments,short_term_investments,short term investments,Quantum Bridge Holdings,2022,M_USD,2093.0,,,,,,,,,,,,,,,,,,,,,,,,,,,,,,,,,,,
36,1,A proposed discount factor may reduce the final number by 40%. you should give the longterm liabilities for Pacific Crest Energy in 2020,you should give the longterm liabilities for Pacific Crest Energy in 2020,useless_info,longterm_liabilities,longterm_liabilities,"{""derived"": ""longterm_liabilities"", ""expanded"": {""op"": ""diff"", ""left"": {""leaf"": ""48_total_liabilities"", ""depth"": 0}, ""right"": {""leaf"": ""48_current_liabilities"", ""depth"": 0}, ""depth"": 1}, ""depth"": 1}","{""kind"": ""derived_concept"", ""name"": ""longterm_liabilities"", ""depth"": 0}",146454.0,3,0,1,592749060,479388878,481922417,0.469,0,1,2,48_total_liabilities,total_liabilities,total liabilities,Pacific Crest Energy,2020,M_USD,246479.0,48_current_liabilities,current_liabilities,current liabilities,Pacific Crest Energy,2020,M_USD,100025.0,,,,,,,,,,,,,,,,,,,,,,,,,,,,,,,,,,,,,,,,,,,,,,,,,
36,4,Provide the difference between result of sum of difference between revenue and dividends paid and total assets for Pacific Crest Energy in 2025 scaled by ratio of sum of accounts receivable and revenue for Pacific Crest Energy in 2025 to the minimum of inventories for Pacific Crest Energy using values from 2022 through 2023 and gross profit for Pacific Crest Energy in 2025 . We plan to later discount the result by 27%.,Provide the difference between result of sum of difference between revenue and dividends paid and total assets for Pacific Crest Energy in 2025 scaled by ratio of sum of accounts receivable and revenue for Pacific Crest Energy in 2025 to the minimum of inventories for Pacific Crest Energy using values from 2022 through 2023 and gross profit for Pacific Crest Energy in 2025 .,useless_info,accounts_receivable,"diff(mul(sum(diff(53_revenue, 53_dividends_paid), 53_total_assets), ratio(sum(53_accounts_receivable, 53_revenue), min(50_inventories, 51_inventories))), gross_profit)","{""op"": ""diff"", ""left"": {""op"": ""mul"", ""left"": {""op"": ""sum"", ""left"": {""op"": ""diff"", ""left"": {""leaf"": ""53_revenue"", ""depth"": 0}, ""right"": {""leaf"": ""53_dividends_paid"", ""depth"": 0}, ""depth"": 1}, ""right"": {""leaf"": ""53_total_assets"", ""depth"": 0}, ""depth"": 2}, ""right"": {""op"": ""ratio"", ""left"": {""op"": ""sum"", ""left"": {""leaf"": ""53_accounts_receivable"", ""depth"": 0}, ""right"": {""leaf"": ""53_revenue"", ""depth"": 0}, ""depth"": 1}, ""right"": {""op"": ""min"", ""left"": {""leaf"": ""50_inventories"", ""depth"": 0}, ""right"": {""leaf"": ""51_inventories"", ""depth"": 0}, ""depth"": 1}, ""depth"": 2}, ""depth"": 3}, ""right"": {""derived"": ""gross_profit"", ""expanded"": {""op"": ""diff"", ""left"": {""leaf"": ""53_revenue"", ""depth"": 0}, ""right"": {""leaf"": ""53_cost_of_goods_sold"", ""depth"": 0}, ""depth"": 1}, ""depth"": 1}, ""depth"": 4}","{""op"": ""diff"", ""left"": {""op"": ""mul"", ""left"": {""op"": ""sum"", ""left"": {""op"": ""diff"", ""left"": {""kind"": ""leaf"", ""semantic_type_in"": [""amount""], ""depth"": 0}, ""right"": {""kind"": ""leaf"", ""semantic_type_in"": [""amount""], ""depth"": 0}, ""depth"": 1, ""kind"": ""node""}, ""right"": {""kind"": ""leaf"", ""semantic_type_in"": [""amount""], ""depth"": 0}, ""depth"": 2, ""kind"": ""node""}, ""right"": {""op"": ""ratio"", ""left"": {""op"": ""sum"", ""left"": {""kind"": ""leaf"", ""semantic_type_in"": [""amount""], ""depth"": 0}, ""right"": {""kind"": ""leaf"", ""semantic_type_in"": [""amount""], ""depth"": 0}, ""depth"": 1, ""kind"": ""node""}, ""right"": {""kind"": ""time_agg"", ""op"": ""min"", ""depth"": 0}, ""depth"": 2, ""kind"": ""node""}, ""depth"": 3, ""kind"": ""node""}, ""right"": {""kind"": ""derived_concept"", ""name"": ""gross_profit"", ""depth"": 0}, ""depth"": 4, ""kind"": ""node""}",26712307.375630002,4,4,4,70129586,176325275,481922417,0.529,6,7,9,53_revenue,revenue,revenue,Pacific Crest Energy,2025,M_USD,218005.0,53_dividends_paid,dividends_paid,dividends paid,Pacific Crest Energy,2025,M_USD,901.0,53_total_assets,total_assets,total assets,Pacific Crest Energy,2025,M_USD,178551.0,53_accounts_receivable,accounts_receivable,accounts receivable,Pacific Crest Energy,2025,M_USD,10838.0,53_revenue,revenue,revenue,Pacific Crest Energy,2025,M_USD,218005.0,50_inventories,inventories,inventories,Pacific Crest Energy,2022,M_USD,3373.0,51_inventories,inventories,inventories,Pacific Crest Energy,2023,M_USD,6556.0,53_revenue,revenue,revenue,Pacific Crest Energy,2025,M_USD,218005.0,53_cost_of_goods_sold,cost_of_goods_sold,cost of goods sold,Pacific Crest Energy,2025,M_USD,86886.0
37,4,calculate the longterm assets for SilverLine Retail Inc in 2024 . We plan to later discount the result by 20%.,calculate the longterm assets for SilverLine Retail Inc in 2024 .,useless_info,longterm_assets,longterm_assets,"{""derived"": ""longterm_assets"", ""expanded"": {""op"": ""diff"", ""left"": {""leaf"": ""46_total_assets"", ""depth"": 0}, ""right"": {""derived"": ""current_assets"", ""expanded"": {""op"": ""sum"", ""left"": {""op"": ""sum"", ""left"": {""op"": ""sum"", ""left"": {""leaf"": ""46_cash"", ""depth"": 0}, ""right"": {""leaf"": ""46_accounts_receivable"", ""depth"": 0}, ""depth"": 1}, ""right"": {""leaf"": ""46_inventories"", ""depth"": 0}, ""depth"": 2}, ""right"": {""leaf"": ""46_short_term_investments"", ""depth"": 0}, ""depth"": 3}, ""depth"": 3}, ""depth"": 4}, ""depth"": 4}","{""kind"": ""derived_concept"", ""name"": ""longterm_assets"", ""depth"": 0}",365161.0,3,0,4,57483221,952928823,481922417,0.291,0,1,5,46_total_assets,total_assets,total assets,SilverLine Retail Inc,2024,M_USD,637517.0,46_cash,cash,cash,SilverLine Retail Inc,2024,M_USD,60999.0,46_accounts_receivable,accounts_receivable,accounts receivable,SilverLine Retail Inc,2024,M_USD,80829.0,46_inventories,inventories,inventories,SilverLine Retail Inc,2024,M_USD,80451.0,46_short_term_investments,short_term_investments,short term investments,SilverLine Retail Inc,2024,M_USD,50077.0,,,,,,,,,,,,,,,,,,,,,,,,,,,,
41,2,Which result follows from the difference between longterm liabilities and revenue for Ironclad Manufacturing in 2024 ? We plan to later discount the result by 6%.,Which result follows from the difference between longterm liabilities and revenue for Ironclad Manufacturing in 2024 ?,useless_info,longterm_liabilities,"diff(longterm_liabilities, 40_revenue)","{""op"": ""diff"", ""left"": {""derived"": ""longterm_liabilities"", ""expanded"": {""op"": ""diff"", ""left"": {""leaf"": ""40_total_liabilities"", ""depth"": 0}, ""right"": {""leaf"": ""40_current_liabilities"", ""depth"": 0}, ""depth"": 1}, ""depth"": 1}, ""right"": {""leaf"": ""40_revenue"", ""depth"": 0}, ""depth"": 2}","{""op"": ""diff"", ""left"": {""kind"": ""derived_concept"", ""name"": ""longterm_liabilities"", ""depth"": 0}, ""right"": {""kind"": ""leaf"", ""semantic_type_in"": [""amount""], ""depth"": 0}, ""depth"": 1, ""kind"": ""node""}",-238559.0,4,1,2,303490644,303768249,481922417,0.563,1,2,3,40_total_liabilities,total_liabilities,total liabilities,Ironclad Manufacturing,2024,M_USD,325872.0,40_current_liabilities,current_liabilities,current liabilities,Ironclad Manufacturing,2024,M_USD,103109.0,40_revenue,revenue,revenue,Ironclad Manufacturing,2024,M_USD,461322.0,,,,,,,,,,,,,,,,,,,,,,,,,,,,,,,,,,,,,,,,,,
44,3,The result may later be adjusted downward by 23%. What is the value of the current assets for Apex Dynamics Corp in 2021,What is the value of the current assets for Apex Dynamics Corp in 2021,useless_info,current_assets,current_assets,"{""derived"": ""current_assets"", ""expanded"": {""op"": ""sum"", ""left"": {""op"": ""sum"", ""left"": {""op"": ""sum"", ""left"": {""leaf"": ""1_cash"", ""depth"": 0}, ""right"": {""leaf"": ""1_accounts_receivable"", ""depth"": 0}, ""depth"": 1}, ""right"": {""leaf"": ""1_inventories"", ""depth"": 0}, ""depth"": 2}, ""right"": {""leaf"": ""1_short_term_investments"", ""depth"": 0}, ""depth"": 3}, ""depth"": 3}","{""kind"": ""derived_concept"", ""name"": ""current_assets"", ""depth"": 0}",25147.0,2,0,3,312425407,852165740,481922417,0.374,0,1,4,1_cash,cash,cash,Apex Dynamics Corp,2021,M_USD,7412.0,1_accounts_receivable,accounts_receivable,accounts receivable,Apex Dynamics Corp,2021,M_USD,6150.0,1_inventories,inventories,inventories,Apex Dynamics Corp,2021,M_USD,3372.0,1_short_term_investments,short_term_investments,short term investments,Apex Dynamics Corp,2021,M_USD,8213.0,,,,,,,,,,,,,,,,,,,,,,,,,,,,,,,,,,,
49,3,could you give the pretax income for Meridian Systems Inc in 2020 ? Credit markets worry after pretax income swung by 19%.,could you give the pretax income for Meridian Systems Inc in 2020 ?,useless_info,pretax_income,pretax_income,"{""derived"": ""pretax_income"", ""expanded"": {""op"": ""diff"", ""left"": {""derived"": ""operating_income"", ""expanded"": {""op"": ""diff"", ""left"": {""derived"": ""gross_profit"", ""expanded"": {""op"": ""diff"", ""left"": {""leaf"": ""6_revenue"", ""depth"": 0}, ""right"": {""leaf"": ""6_cost_of_goods_sold"", ""depth"": 0}, ""depth"": 1}, ""depth"": 1}, ""right"": {""leaf"": ""6_operating_expenses"", ""depth"": 0}, ""depth"": 2}, ""depth"": 2}, ""right"": {""leaf"": ""6_non_operating_expenses"", ""depth"": 0}, ""depth"": 3}, ""depth"": 3}","{""kind"": ""derived_concept"", ""name"": ""pretax_income"", ""depth"": 0}",56081.0,4,0,3,225642151,459372534,481922417,0.169,0,1,4,6_revenue,revenue,revenue,Meridian Systems Inc,2020,M_USD,150714.0,6_cost_of_goods_sold,cost_of_goods_sold,cost of goods sold,Meridian Systems Inc,2020,M_USD,52780.0,6_operating_expenses,operating_expenses,operating expenses,Meridian Systems Inc,2020,M_USD,20641.0,6_non_operating_expenses,non_operating_expenses,non operating expenses,Meridian Systems Inc,2020,M_USD,21212.0,,,,,,,,,,,,,,,,,,,,,,,,,,,,,,,,,,,
51,1,Someone may later tax the result by 6%. what do we obtain as the gross profit for Cobalt Semiconductor in 2023?,what do we obtain as the gross profit for Cobalt Semiconductor in 2023?,useless_info,gross_profit,gross_profit,"{""derived"": ""gross_profit"", ""expanded"": {""op"": ""diff"", ""left"": {""leaf"": ""69_revenue"", ""depth"": 0}, ""right"": {""leaf"": ""69_cost_of_goods_sold"", ""depth"": 0}, ""depth"": 1}, ""depth"": 1}","{""kind"": ""derived_concept"", ""name"": ""gross_profit"", ""depth"": 0}",28997.0,4,0,1,446039458,103788406,481922417,0.433,0,1,2,69_revenue,revenue,revenue,Cobalt Semiconductor,2023,M_USD,56007.0,69_cost_of_goods_sold,cost_of_goods_sold,cost of goods sold,Cobalt Semiconductor,2023,M_USD,27010.0,,,,,,,,,,,,,,,,,,,,,,,,,,,,,,,,,,,,,,,,,,,,,,,,,
52,3,Someone may later tax the result by 13%. whats the value of the pretax income for ClearPath Logistics in 2024,whats the value of the pretax income for ClearPath Logistics in 2024,useless_info,pretax_income,pretax_income,"{""derived"": ""pretax_income"", ""expanded"": {""op"": ""diff"", ""left"": {""derived"": ""operating_income"", ""expanded"": {""op"": ""diff"", ""left"": {""derived"": ""gross_profit"", ""expanded"": {""op"": ""diff"", ""left"": {""leaf"": ""82_revenue"", ""depth"": 0}, ""right"": {""leaf"": ""82_cost_of_goods_sold"", ""depth"": 0}, ""depth"": 1}, ""depth"": 1}, ""right"": {""leaf"": ""82_operating_expenses"", ""depth"": 0}, ""depth"": 2}, ""depth"": 2}, ""right"": {""leaf"": ""82_non_operating_expenses"", ""depth"": 0}, ""depth"": 3}, ""depth"": 3}","{""kind"": ""derived_concept"", ""name"": ""pretax_income"", ""depth"": 0}",221594.0,4,0,3,872758921,215987210,481922417,0.436,0,1,4,82_revenue,revenue,revenue,ClearPath Logistics,2024,M_USD,627730.0,82_cost_of_goods_sold,cost_of_goods_sold,cost of goods sold,ClearPath Logistics,2024,M_USD,212503.0,82_operating_expenses,operating_expenses,operating expenses,ClearPath Logistics,2024,M_USD,153750.0,82_non_operating_expenses,non_operating_expenses,non operating expenses,ClearPath Logistics,2024,M_USD,39883.0,,,,,,,,,,,,,,,,,,,,,,,,,,,,,,,,,,,
52,4,which quantity is given by the difference between current assets and revenue for Meridian Systems Inc in 2020 Credit markets worry about liquidity after current assets fell by 42%.,which quantity is given by the difference between current assets and revenue for Meridian Systems Inc in 2020,useless_info,current_assets,"diff(current_assets, 6_revenue)","{""op"": ""diff"", ""left"": {""derived"": ""current_assets"", ""expanded"": {""op"": ""sum"", ""left"": {""op"": ""sum"", ""left"": {""op"": ""sum"", ""left"": {""leaf"": ""6_cash"", ""depth"": 0}, ""right"": {""leaf"": ""6_accounts_receivable"", ""depth"": 0}, ""depth"": 1}, ""right"": {""leaf"": ""6_inventories"", ""depth"": 0}, ""depth"": 2}, ""right"": {""leaf"": ""6_short_term_investments"", ""depth"": 0}, ""depth"": 3}, ""depth"": 3}, ""right"": {""leaf"": ""6_revenue"", ""depth"": 0}, ""depth"": 4}","{""op"": ""diff"", ""left"": {""kind"": ""derived_concept"", ""name"": ""current_assets"", ""depth"": 0}, ""right"": {""kind"": ""leaf"", ""semantic_type_in"": [""amount""], ""depth"": 0}, ""depth"": 1, ""kind"": ""node""}",-104332.0,3,1,4,909968201,502092594,481922417,0.512,1,2,5,6_cash,cash,cash,Meridian Systems Inc,2020,M_USD,15632.0,6_accounts_receivable,accounts_receivable,accounts receivable,Meridian Systems Inc,2020,M_USD,8721.0,6_inventories,inventories,inventories,Meridian Systems Inc,2020,M_USD,7318.0,6_short_term_investments,short_term_investments,short term investments,Meridian Systems Inc,2020,M_USD,14711.0,6_revenue,revenue,revenue,Meridian Systems Inc,2020,M_USD,150714.0,,,,,,,,,,,,,,,,,,,,,,,,,,,,
52,1,We plan to later discount the result by 32%. What does the following give: longterm liabilities for Crimson Pharmaceuticals in 2020?,What does the following give: longterm liabilities for Crimson Pharmaceuticals in 2020?,useless_info,longterm_liabilities,longterm_liabilities,"{""derived"": ""longterm_liabilities"", ""expanded"": {""op"": ""diff"", ""left"": {""leaf"": ""84_total_liabilities"", ""depth"": 0}, ""right"": {""leaf"": ""84_current_liabilities"", ""depth"": 0}, ""depth"": 1}, ""depth"": 1}","{""kind"": ""derived_concept"", ""name"": ""longterm_liabilities"", ""depth"": 0}",89176.0,3,0,1,609243210,293696635,481922417,0.45,0,1,2,84_total_liabilities,total_liabilities,total liabilities,Crimson Pharmaceuticals,2020,M_USD,152160.0,84_current_liabilities,current_liabilities,current liabilities,Crimson Pharmaceuticals,2020,M_USD,62984.0,,,,,,,,,,,,,,,,,,,,,,,,,,,,,,,,,,,,,,,,,,,,,,,,,
52,3,A later calculation may subtract 18% from the final result. Whats the value of the current assets for ClearPath Logistics in 2020,Whats the value of the current assets for ClearPath Logistics in 2020,useless_info,current_assets,current_assets,"{""derived"": ""current_assets"", ""expanded"": {""op"": ""sum"", ""left"": {""op"": ""sum"", ""left"": {""op"": ""sum"", ""left"": {""leaf"": ""78_cash"", ""depth"": 0}, ""right"": {""leaf"": ""78_accounts_receivable"", ""depth"": 0}, ""depth"": 1}, ""right"": {""leaf"": ""78_inventories"", ""depth"": 0}, ""depth"": 2}, ""right"": {""leaf"": ""78_short_term_investments"", ""depth"": 0}, ""depth"": 3}, ""depth"": 3}","{""kind"": ""derived_concept"", ""name"": ""current_assets"", ""depth"": 0}",134161.0,2,0,3,951375368,689149268,481922417,0.562,0,1,4,78_cash,cash,cash,ClearPath Logistics,2020,M_USD,24389.0,78_accounts_receivable,accounts_receivable,accounts receivable,ClearPath Logistics,2020,M_USD,33576.0,78_inventories,inventories,inventories,ClearPath Logistics,2020,M_USD,22786.0,78_short_term_investments,short_term_investments,short term investments,ClearPath Logistics,2020,M_USD,53410.0,,,,,,,,,,,,,,,,,,,,,,,,,,,,,,,,,,,
52,1,A later scenario may double the final value. what's the value of the longterm liabilities for Atlas Global Industries in 2022,what's the value of the longterm liabilities for Atlas Global Industries in 2022,useless_info,longterm_liabilities,longterm_liabilities,"{""derived"": ""longterm_liabilities"", ""expanded"": {""op"": ""diff"", ""left"": {""leaf"": ""26_total_liabilities"", ""depth"": 0}, ""right"": {""leaf"": ""26_current_liabilities"", ""depth"": 0}, ""depth"": 1}, ""depth"": 1}","{""kind"": ""derived_concept"", ""name"": ""longterm_liabilities"", ""depth"": 0}",19465.0,2,0,1,233396339,547114667,481922417,0.352,0,1,2,26_total_liabilities,total_liabilities,total liabilities,Atlas Global Industries,2022,M_USD,34053.0,26_current_liabilities,current_liabilities,current liabilities,Atlas Global Industries,2022,M_USD,14588.0,,,,,,,,,,,,,,,,,,,,,,,,,,,,,,,,,,,,,,,,,,,,,,,,,
52,3,you should give the current assets for Orion Financial Group in 2024. A later stress test may cut the final value in half.,you should give the current assets for Orion Financial Group in 2024.,useless_info,current_assets,current_assets,"{""derived"": ""current_assets"", ""expanded"": {""op"": ""sum"", ""left"": {""op"": ""sum"", ""left"": {""op"": ""sum"", ""left"": {""leaf"": ""58_cash"", ""depth"": 0}, ""right"": {""leaf"": ""58_accounts_receivable"", ""depth"": 0}, ""depth"": 1}, ""right"": {""leaf"": ""58_inventories"", ""depth"": 0}, ""depth"": 2}, ""right"": {""leaf"": ""58_short_term_investments"", ""depth"": 0}, ""depth"": 3}, ""depth"": 3}","{""kind"": ""derived_concept"", ""name"": ""current_assets"", ""depth"": 0}",105547.0,3,0,3,754948437,753922353,481922417,0.433,0,1,4,58_cash,cash,cash,Orion Financial Group,2024,M_USD,58304.0,58_accounts_receivable,accounts_receivable,accounts receivable,Orion Financial Group,2024,M_USD,12144.0,58_inventories,inventories,inventories,Orion Financial Group,2024,M_USD,8221.0,58_short_term_investments,short_term_investments,short term investments,Orion Financial Group,2024,M_USD,26878.0,,,,,,,,,,,,,,,,,,,,,,,,,,,,,,,,,,,
52,3,compute the current assets for Quantum Bridge Holdings in 2023. Someone may later tax the result by 27%.,compute the current assets for Quantum Bridge Holdings in 2023.,useless_info,current_assets,current_assets,"{""derived"": ""current_assets"", ""expanded"": {""op"": ""sum"", ""left"": {""op"": ""sum"", ""left"": {""op"": ""sum"", ""left"": {""leaf"": ""15_cash"", ""depth"": 0}, ""right"": {""leaf"": ""15_accounts_receivable"", ""depth"": 0}, ""depth"": 1}, ""right"": {""leaf"": ""15_inventories"", ""depth"": 0}, ""depth"": 2}, ""right"": {""leaf"": ""15_short_term_investments"", ""depth"": 0}, ""depth"": 3}, ""depth"": 3}","{""kind"": ""derived_concept"", ""name"": ""current_assets"", ""depth"": 0}",44581.0,2,0,3,605561006,25895761,481922417,0.531,0,1,4,15_cash,cash,cash,Quantum Bridge Holdings,2023,M_USD,22294.0,15_accounts_receivable,accounts_receivable,accounts receivable,Quantum Bridge Holdings,2023,M_USD,10394.0,15_inventories,inventories,inventories,Quantum Bridge Holdings,2023,M_USD,2530.0,15_short_term_investments,short_term_investments,short term investments,Quantum Bridge Holdings,2023,M_USD,9363.0,,,,,,,,,,,,,,,,,,,,,,,,,,,,,,,,,,,
52,2,State the operating income for Pinnacle Health Group in 2023 . A proposed discount factor may reduce the final number by 17%.,State the operating income for Pinnacle Health Group in 2023 .,useless_info,operating_income,operating_income,"{""derived"": ""operating_income"", ""expanded"": {""op"": ""diff"", ""left"": {""derived"": ""gross_profit"", ""expanded"": {""op"": ""diff"", ""left"": {""leaf"": ""33_revenue"", ""depth"": 0}, ""right"": {""leaf"": ""33_cost_of_goods_sold"", ""depth"": 0}, ""depth"": 1}, ""depth"": 1}, ""right"": {""leaf"": ""33_operating_expenses"", ""depth"": 0}, ""depth"": 2}, ""depth"": 2}","{""kind"": ""derived_concept"", ""name"": ""operating_income"", ""depth"": 0}",5901.0,3,0,2,618652256,507111145,481922417,0.428,0,1,3,33_revenue,revenue,revenue,Pinnacle Health Group,2023,M_USD,19203.0,33_cost_of_goods_sold,cost_of_goods_sold,cost of goods sold,Pinnacle Health Group,2023,M_USD,9524.0,33_operating_expenses,operating_expenses,operating expenses,Pinnacle Health Group,2023,M_USD,3778.0,,,,,,,,,,,,,,,,,,,,,,,,,,,,,,,,,,,,,,,,,,
53,1,A later stress test may cut the final value in half. Which value corresponds to the gross profit for Helix BioSciences in 2025 ?,Which value corresponds to the gross profit for Helix BioSciences in 2025 ?,useless_info,gross_profit,gross_profit,"{""derived"": ""gross_profit"", ""expanded"": {""op"": ""diff"", ""left"": {""leaf"": ""77_revenue"", ""depth"": 0}, ""right"": {""leaf"": ""77_cost_of_goods_sold"", ""depth"": 0}, ""depth"": 1}, ""depth"": 1}","{""kind"": ""derived_concept"", ""name"": ""gross_profit"", ""depth"": 0}",112508.0,3,0,1,164181932,414253390,481922417,0.252,0,1,2,77_revenue,revenue,revenue,Helix BioSciences,2025,M_USD,334916.0,77_cost_of_goods_sold,cost_of_goods_sold,cost of goods sold,Helix BioSciences,2025,M_USD,222408.0,,,,,,,,,,,,,,,,,,,,,,,,,,,,,,,,,,,,,,,,,,,,,,,,,
54,4,We plan to later discount the result by 16%. provide the result of longterm liabilities for Pacific Crest Energy in 2023 scaled by ratio of total equity for Pacific Crest Energy in 2023 to the minimum of short term investments for Pacific Crest Energy using values from 2022 through 2024,provide the result of longterm liabilities for Pacific Crest Energy in 2023 scaled by ratio of total equity for Pacific Crest Energy in 2023 to the minimum of short term investments for Pacific Crest Energy using values from 2022 through 2024,useless_info,short_term_investments,"mul(longterm_liabilities, ratio(51_total_equity, min(min(50_short_term_investments, 51_short_term_investments), 52_short_term_investments)))","{""op"": ""mul"", ""left"": {""derived"": ""longterm_liabilities"", ""expanded"": {""op"": ""diff"", ""left"": {""leaf"": ""51_total_liabilities"", ""depth"": 0}, ""right"": {""leaf"": ""51_current_liabilities"", ""depth"": 0}, ""depth"": 1}, ""depth"": 1}, ""right"": {""op"": ""ratio"", ""left"": {""leaf"": ""51_total_equity"", ""depth"": 0}, ""right"": {""op"": ""min"", ""left"": {""op"": ""min"", ""left"": {""leaf"": ""50_short_term_investments"", ""depth"": 0}, ""right"": {""leaf"": ""51_short_term_investments"", ""depth"": 0}, ""depth"": 1}, ""right"": {""leaf"": ""52_short_term_investments"", ""depth"": 0}, ""depth"": 2}, ""depth"": 3}, ""depth"": 4}","{""op"": ""mul"", ""left"": {""kind"": ""derived_concept"", ""name"": ""longterm_liabilities"", ""depth"": 0}, ""right"": {""op"": ""ratio"", ""left"": {""kind"": ""leaf"", ""semantic_type_in"": [""amount""], ""depth"": 0}, ""right"": {""kind"": ""time_agg"", ""op"": ""min"", ""depth"": 0}, ""depth"": 1, ""kind"": ""node""}, ""depth"": 2, ""kind"": ""node""}",224651.41051995163,3,2,4,21023113,34015990,481922417,0.462,2,3,6,51_total_liabilities,total_liabilities,total liabilities,Pacific Crest Energy,2023,M_USD,64638.0,51_current_liabilities,current_liabilities,current liabilities,Pacific Crest Energy,2023,M_USD,27315.0,51_total_equity,total_equity,total equity,Pacific Crest Energy,2023,M_USD,129423.0,50_short_term_investments,short_term_investments,short term investments,Pacific Crest Energy,2022,M_USD,28435.0,51_short_term_investments,short_term_investments,short term investments,Pacific Crest Energy,2023,M_USD,28078.0,52_short_term_investments,short_term_investments,short term investments,Pacific Crest Energy,2024,M_USD,21502.0,,,,,,,,,,,,,,,,,,,,,
56,1,Management expects gross margin to change by 4 percentage points in 2005. which result follows from the gross profit for Ironclad Manufacturing in 2023?,which result follows from the gross profit for Ironclad Manufacturing in 2023?,useless_info,gross_profit,gross_profit,"{""derived"": ""gross_profit"", ""expanded"": {""op"": ""diff"", ""left"": {""leaf"": ""39_revenue"", ""depth"": 0}, ""right"": {""leaf"": ""39_cost_of_goods_sold"", ""depth"": 0}, ""depth"": 1}, ""depth"": 1}","{""kind"": ""derived_concept"", ""name"": ""gross_profit"", ""depth"": 0}",267446.0,2,0,1,78512860,131658020,481922417,0.438,0,1,2,39_revenue,revenue,revenue,Ironclad Manufacturing,2023,M_USD,397455.0,39_cost_of_goods_sold,cost_of_goods_sold,cost of goods sold,Ironclad Manufacturing,2023,M_USD,130009.0,,,,,,,,,,,,,,,,,,,,,,,,,,,,,,,,,,,,,,,,,,,,,,,,,
59,3,you should give the current assets for Cobalt Semiconductor in 2024 . Someone may later tax the result by 39%.,you should give the current assets for Cobalt Semiconductor in 2024 .,useless_info,current_assets,current_assets,"{""derived"": ""current_assets"", ""expanded"": {""op"": ""sum"", ""left"": {""op"": ""sum"", ""left"": {""op"": ""sum"", ""left"": {""leaf"": ""70_cash"", ""depth"": 0}, ""right"": {""leaf"": ""70_accounts_receivable"", ""depth"": 0}, ""depth"": 1}, ""right"": {""leaf"": ""70_inventories"", ""depth"": 0}, ""depth"": 2}, ""right"": {""leaf"": ""70_short_term_investments"", ""depth"": 0}, ""depth"": 3}, ""depth"": 3}","{""kind"": ""derived_concept"", ""name"": ""current_assets"", ""depth"": 0}",19839.0,2,0,3,264101005,999027769,481922417,0.581,0,1,4,70_cash,cash,cash,Cobalt Semiconductor,2024,M_USD,12572.0,70_accounts_receivable,accounts_receivable,accounts receivable,Cobalt Semiconductor,2024,M_USD,2888.0,70_inventories,inventories,inventories,Cobalt Semiconductor,2024,M_USD,1029.0,70_short_term_investments,short_term_investments,short term investments,Cobalt Semiconductor,2024,M_USD,3350.0,,,,,,,,,,,,,,,,,,,,,,,,,,,,,,,,,,,
60,1,Which quantity is given by the gross profit for Meridian Systems Inc in 2023 We plan to later discount the result by 29%.,Which quantity is given by the gross profit for Meridian Systems Inc in 2023,useless_info,gross_profit,gross_profit,"{""derived"": ""gross_profit"", ""expanded"": {""op"": ""diff"", ""left"": {""leaf"": ""9_revenue"", ""depth"": 0}, ""right"": {""leaf"": ""9_cost_of_goods_sold"", ""depth"": 0}, ""depth"": 1}, ""depth"": 1}","{""kind"": ""derived_concept"", ""name"": ""gross_profit"", ""depth"": 0}",72411.0,3,0,1,341063197,284122092,481922417,0.124,0,1,2,9_revenue,revenue,revenue,Meridian Systems Inc,2023,M_USD,166363.0,9_cost_of_goods_sold,cost_of_goods_sold,cost of goods sold,Meridian Systems Inc,2023,M_USD,93952.0,,,,,,,,,,,,,,,,,,,,,,,,,,,,,,,,,,,,,,,,,,,,,,,,,
60,1,A later calculation may subtract 32% from the final result. you should calculate the longterm liabilities for NovaStar Technologies in 2022,you should calculate the longterm liabilities for NovaStar Technologies in 2022,useless_info,longterm_liabilities,longterm_liabilities,"{""derived"": ""longterm_liabilities"", ""expanded"": {""op"": ""diff"", ""left"": {""leaf"": ""20_total_liabilities"", ""depth"": 0}, ""right"": {""leaf"": ""20_current_liabilities"", ""depth"": 0}, ""depth"": 1}, ""depth"": 1}","{""kind"": ""derived_concept"", ""name"": ""longterm_liabilities"", ""depth"": 0}",79960.0,3,0,1,435256461,168186874,481922417,0.524,0,1,2,20_total_liabilities,total_liabilities,total liabilities,NovaStar Technologies,2022,M_USD,116964.0,20_current_liabilities,current_liabilities,current liabilities,NovaStar Technologies,2022,M_USD,37004.0,,,,,,,,,,,,,,,,,,,,,,,,,,,,,,,,,,,,,,,,,,,,,,,,,
60,4,what is the longterm assets for Apex Dynamics Corp in 2025 ? We plan to later discount the result by 20%.,what is the longterm assets for Apex Dynamics Corp in 2025 ?,useless_info,longterm_assets,longterm_assets,"{""derived"": ""longterm_assets"", ""expanded"": {""op"": ""diff"", ""left"": {""leaf"": ""5_total_assets"", ""depth"": 0}, ""right"": {""derived"": ""current_assets"", ""expanded"": {""op"": ""sum"", ""left"": {""op"": ""sum"", ""left"": {""op"": ""sum"", ""left"": {""leaf"": ""5_cash"", ""depth"": 0}, ""right"": {""leaf"": ""5_accounts_receivable"", ""depth"": 0}, ""depth"": 1}, ""right"": {""leaf"": ""5_inventories"", ""depth"": 0}, ""depth"": 2}, ""right"": {""leaf"": ""5_short_term_investments"", ""depth"": 0}, ""depth"": 3}, ""depth"": 3}, ""depth"": 4}, ""depth"": 4}","{""kind"": ""derived_concept"", ""name"": ""longterm_assets"", ""depth"": 0}",112894.0,4,0,4,587037039,805771148,481922417,0.337,0,1,5,5_total_assets,total_assets,total assets,Apex Dynamics Corp,2025,M_USD,161365.0,5_cash,cash,cash,Apex Dynamics Corp,2025,M_USD,26014.0,5_accounts_receivable,accounts_receivable,accounts receivable,Apex Dynamics Corp,2025,M_USD,6230.0,5_inventories,inventories,inventories,Apex Dynamics Corp,2025,M_USD,4040.0,5_short_term_investments,short_term_investments,short term investments,Apex Dynamics Corp,2025,M_USD,12187.0,,,,,,,,,,,,,,,,,,,,,,,,,,,,
61,2,you should give the operating income for Pacific Crest Energy in 2024 . The result may later be adjusted downward by 23%.,you should give the operating income for Pacific Crest Energy in 2024 .,useless_info,operating_income,operating_income,"{""derived"": ""operating_income"", ""expanded"": {""op"": ""diff"", ""left"": {""derived"": ""gross_profit"", ""expanded"": {""op"": ""diff"", ""left"": {""leaf"": ""52_revenue"", ""depth"": 0}, ""right"": {""leaf"": ""52_cost_of_goods_sold"", ""depth"": 0}, ""depth"": 1}, ""depth"": 1}, ""right"": {""leaf"": ""52_operating_expenses"", ""depth"": 0}, ""depth"": 2}, ""depth"": 2}","{""kind"": ""derived_concept"", ""name"": ""operating_income"", ""depth"": 0}",81769.0,4,0,2,13562224,78336641,481922417,0.264,0,1,3,52_revenue,revenue,revenue,Pacific Crest Energy,2024,M_USD,190474.0,52_cost_of_goods_sold,cost_of_goods_sold,cost of goods sold,Pacific Crest Energy,2024,M_USD,87910.0,52_operating_expenses,operating_expenses,operating expenses,Pacific Crest Energy,2024,M_USD,20795.0,,,,,,,,,,,,,,,,,,,,,,,,,,,,,,,,,,,,,,,,,,
61,1,A proposed discount factor may reduce the final number by 36%. what do we obtain as the longterm liabilities for Cobalt Semiconductor in 2025 ?,what do we obtain as the longterm liabilities for Cobalt Semiconductor in 2025 ?,useless_info,longterm_liabilities,longterm_liabilities,"{""derived"": ""longterm_liabilities"", ""expanded"": {""op"": ""diff"", ""left"": {""leaf"": ""71_total_liabilities"", ""depth"": 0}, ""right"": {""leaf"": ""71_current_liabilities"", ""depth"": 0}, ""depth"": 1}, ""depth"": 1}","{""kind"": ""derived_concept"", ""name"": ""longterm_liabilities"", ""depth"": 0}",24441.0,3,0,1,251002209,596328226,481922417,0.286,0,1,2,71_total_liabilities,total_liabilities,total liabilities,Cobalt Semiconductor,2025,M_USD,38625.0,71_current_liabilities,current_liabilities,current liabilities,Cobalt Semiconductor,2025,M_USD,14184.0,,,,,,,,,,,,,,,,,,,,,,,,,,,,,,,,,,,,,,,,,,,,,,,,,
62,3,Give the current assets for Orion Financial Group in 2023. A later stress test may cut the final value in half.,Give the current assets for Orion Financial Group in 2023.,useless_info,current_assets,current_assets,"{""derived"": ""current_assets"", ""expanded"": {""op"": ""sum"", ""left"": {""op"": ""sum"", ""left"": {""op"": ""sum"", ""left"": {""leaf"": ""57_cash"", ""depth"": 0}, ""right"": {""leaf"": ""57_accounts_receivable"", ""depth"": 0}, ""depth"": 1}, ""right"": {""leaf"": ""57_inventories"", ""depth"": 0}, ""depth"": 2}, ""right"": {""leaf"": ""57_short_term_investments"", ""depth"": 0}, ""depth"": 3}, ""depth"": 3}","{""kind"": ""derived_concept"", ""name"": ""current_assets"", ""depth"": 0}",68614.0,4,0,3,475648697,139021678,481922417,0.22,0,1,4,57_cash,cash,cash,Orion Financial Group,2023,M_USD,13631.0,57_accounts_receivable,accounts_receivable,accounts receivable,Orion Financial Group,2023,M_USD,11364.0,57_inventories,inventories,inventories,Orion Financial Group,2023,M_USD,5922.0,57_short_term_investments,short_term_investments,short term investments,Orion Financial Group,2023,M_USD,37697.0,,,,,,,,,,,,,,,,,,,,,,,,,,,,,,,,,,,
62,1,A proposed price increase of 20% has not been reflected in current revenue. You should give the gross profit for ClearPath Logistics in 2023.,You should give the gross profit for ClearPath Logistics in 2023.,useless_info,gross_profit,gross_profit,"{""derived"": ""gross_profit"", ""expanded"": {""op"": ""diff"", ""left"": {""leaf"": ""81_revenue"", ""depth"": 0}, ""right"": {""leaf"": ""81_cost_of_goods_sold"", ""depth"": 0}, ""depth"": 1}, ""depth"": 1}","{""kind"": ""derived_concept"", ""name"": ""gross_profit"", ""depth"": 0}",320375.0,2,0,1,52660656,149823832,481922417,0.291,0,1,2,81_revenue,revenue,revenue,ClearPath Logistics,2023,M_USD,567556.0,81_cost_of_goods_sold,cost_of_goods_sold,cost of goods sold,ClearPath Logistics,2023,M_USD,247181.0,,,,,,,,,,,,,,,,,,,,,,,,,,,,,,,,,,,,,,,,,,,,,,,,,
66,4,what is the longterm assets for Apex Dynamics Corp in 2020 A proposed discount factor may reduce the final number by 14%.,what is the longterm assets for Apex Dynamics Corp in 2020,useless_info,longterm_assets,longterm_assets,"{""derived"": ""longterm_assets"", ""expanded"": {""op"": ""diff"", ""left"": {""leaf"": ""0_total_assets"", ""depth"": 0}, ""right"": {""derived"": ""current_assets"", ""expanded"": {""op"": ""sum"", ""left"": {""op"": ""sum"", ""left"": {""op"": ""sum"", ""left"": {""leaf"": ""0_cash"", ""depth"": 0}, ""right"": {""leaf"": ""0_accounts_receivable"", ""depth"": 0}, ""depth"": 1}, ""right"": {""leaf"": ""0_inventories"", ""depth"": 0}, ""depth"": 2}, ""right"": {""leaf"": ""0_short_term_investments"", ""depth"": 0}, ""depth"": 3}, ""depth"": 3}, ""depth"": 4}, ""depth"": 4}","{""kind"": ""derived_concept"", ""name"": ""longterm_assets"", ""depth"": 0}",56951.0,3,0,4,991714637,565990911,481922417,0.532,0,1,5,0_total_assets,total_assets,total assets,Apex Dynamics Corp,2020,M_USD,71017.0,0_cash,cash,cash,Apex Dynamics Corp,2020,M_USD,2627.0,0_accounts_receivable,accounts_receivable,accounts receivable,Apex Dynamics Corp,2020,M_USD,3346.0,0_inventories,inventories,inventories,Apex Dynamics Corp,2020,M_USD,1397.0,0_short_term_investments,short_term_investments,short term investments,Apex Dynamics Corp,2020,M_USD,6696.0,,,,,,,,,,,,,,,,,,,,,,,,,,,,
67,1,We plan to later discount the result by 24%. state the longterm liabilities for Pacific Crest Energy in 2020.,state the longterm liabilities for Pacific Crest Energy in 2020.,useless_info,longterm_liabilities,longterm_liabilities,"{""derived"": ""longterm_liabilities"", ""expanded"": {""op"": ""diff"", ""left"": {""leaf"": ""48_total_liabilities"", ""depth"": 0}, ""right"": {""leaf"": ""48_current_liabilities"", ""depth"": 0}, ""depth"": 1}, ""depth"": 1}","{""kind"": ""derived_concept"", ""name"": ""longterm_liabilities"", ""depth"": 0}",146454.0,2,0,1,632957632,997344710,481922417,0.336,0,1,2,48_total_liabilities,total_liabilities,total liabilities,Pacific Crest Energy,2020,M_USD,246479.0,48_current_liabilities,current_liabilities,current liabilities,Pacific Crest Energy,2020,M_USD,100025.0,,,,,,,,,,,,,,,,,,,,,,,,,,,,,,,,,,,,,,,,,,,,,,,,,
70,1,The result may later be adjusted downward by 7%. Evaluate the longterm liabilities for Titan Consumer Brands in 2021,Evaluate the longterm liabilities for Titan Consumer Brands in 2021,useless_info,longterm_liabilities,longterm_liabilities,"{""derived"": ""longterm_liabilities"", ""expanded"": {""op"": ""diff"", ""left"": {""leaf"": ""61_total_liabilities"", ""depth"": 0}, ""right"": {""leaf"": ""61_current_liabilities"", ""depth"": 0}, ""depth"": 1}, ""depth"": 1}","{""kind"": ""derived_concept"", ""name"": ""longterm_liabilities"", ""depth"": 0}",544268.0,3,0,1,46133068,789803074,481922417,0.269,0,1,2,61_total_liabilities,total_liabilities,total liabilities,Titan Consumer Brands,2021,M_USD,757557.0,61_current_liabilities,current_liabilities,current liabilities,Titan Consumer Brands,2021,M_USD,213289.0,,,,,,,,,,,,,,,,,,,,,,,,,,,,,,,,,,,,,,,,,,,,,,,,,
70,1,A later stress test may cut the final value in half. provide the longterm liabilities for Pacific Crest Energy in 2025 .,provide the longterm liabilities for Pacific Crest Energy in 2025 .,useless_info,longterm_liabilities,longterm_liabilities,"{""derived"": ""longterm_liabilities"", ""expanded"": {""op"": ""diff"", ""left"": {""leaf"": ""53_total_liabilities"", ""depth"": 0}, ""right"": {""leaf"": ""53_current_liabilities"", ""depth"": 0}, ""depth"": 1}, ""depth"": 1}","{""kind"": ""derived_concept"", ""name"": ""longterm_liabilities"", ""depth"": 0}",67258.0,2,0,1,283898582,948977407,481922417,0.375,0,1,2,53_total_liabilities,total_liabilities,total liabilities,Pacific Crest Energy,2025,M_USD,121657.0,53_current_liabilities,current_liabilities,current liabilities,Pacific Crest Energy,2025,M_USD,54399.0,,,,,,,,,,,,,,,,,,,,,,,,,,,,,,,,,,,,,,,,,,,,,,,,,
70,4,state the sum of longterm liabilities for Pinnacle Health Group in 2021 and result of the minimum of accounts receivable for Pinnacle Health Group using values from 2022 through 2024 scaled by ratio of total liabilities to cost of goods sold for Pinnacle Health Group in 2021 . Debt investors are concerned about maturities over the next 16 months.,state the sum of longterm liabilities for Pinnacle Health Group in 2021 and result of the minimum of accounts receivable for Pinnacle Health Group using values from 2022 through 2024 scaled by ratio of total liabilities to cost of goods sold for Pinnacle Health Group in 2021 .,useless_info,longterm_liabilities,"sum(longterm_liabilities, mul(min(min(32_accounts_receivable, 33_accounts_receivable), 34_accounts_receivable), ratio(31_total_liabilities, 31_cost_of_goods_sold)))","{""op"": ""sum"", ""left"": {""derived"": ""longterm_liabilities"", ""expanded"": {""op"": ""diff"", ""left"": {""leaf"": ""31_total_liabilities"", ""depth"": 0}, ""right"": {""leaf"": ""31_current_liabilities"", ""depth"": 0}, ""depth"": 1}, ""depth"": 1}, ""right"": {""op"": ""mul"", ""left"": {""op"": ""min"", ""left"": {""op"": ""min"", ""left"": {""leaf"": ""32_accounts_receivable"", ""depth"": 0}, ""right"": {""leaf"": ""33_accounts_receivable"", ""depth"": 0}, ""depth"": 1}, ""right"": {""leaf"": ""34_accounts_receivable"", ""depth"": 0}, ""depth"": 2}, ""right"": {""op"": ""ratio"", ""left"": {""leaf"": ""31_total_liabilities"", ""depth"": 0}, ""right"": {""leaf"": ""31_cost_of_goods_sold"", ""depth"": 0}, ""depth"": 1}, ""depth"": 3}, ""depth"": 4}","{""op"": ""sum"", ""left"": {""kind"": ""derived_concept"", ""name"": ""longterm_liabilities"", ""depth"": 0}, ""right"": {""op"": ""mul"", ""left"": {""kind"": ""time_agg"", ""op"": ""min"", ""depth"": 0}, ""right"": {""op"": ""ratio"", ""left"": {""kind"": ""leaf"", ""semantic_type_in"": [""amount""], ""depth"": 0}, ""right"": {""kind"": ""leaf"", ""semantic_type_in"": [""amount""], ""depth"": 0}, ""depth"": 1, ""kind"": ""node""}, ""depth"": 2, ""kind"": ""node""}, ""depth"": 3, ""kind"": ""node""}",3098.0386612810157,3,3,4,827077440,171778836,481922417,0.195,3,4,7,31_total_liabilities,total_liabilities,total liabilities,Pinnacle Health Group,2021,M_USD,3855.0,31_current_liabilities,current_liabilities,current liabilities,Pinnacle Health Group,2021,M_USD,1346.0,32_accounts_receivable,accounts_receivable,accounts receivable,Pinnacle Health Group,2022,M_USD,1324.0,33_accounts_receivable,accounts_receivable,accounts receivable,Pinnacle Health Group,2023,M_USD,1605.0,34_accounts_receivable,accounts_receivable,accounts receivable,Pinnacle Health Group,2024,M_USD,2682.0,31_total_liabilities,total_liabilities,total liabilities,Pinnacle Health Group,2021,M_USD,3855.0,31_cost_of_goods_sold,cost_of_goods_sold,cost of goods sold,Pinnacle Health Group,2021,M_USD,8665.0,,,,,,,,,,,,,,
72,3,A later stress test may cut the final value in half. may you calculate the current assets for NovaStar Technologies in 2025,may you calculate the current assets for NovaStar Technologies in 2025,useless_info,current_assets,current_assets,"{""derived"": ""current_assets"", ""expanded"": {""op"": ""sum"", ""left"": {""op"": ""sum"", ""left"": {""op"": ""sum"", ""left"": {""leaf"": ""23_cash"", ""depth"": 0}, ""right"": {""leaf"": ""23_accounts_receivable"", ""depth"": 0}, ""depth"": 1}, ""right"": {""leaf"": ""23_inventories"", ""depth"": 0}, ""depth"": 2}, ""right"": {""leaf"": ""23_short_term_investments"", ""depth"": 0}, ""depth"": 3}, ""depth"": 3}","{""kind"": ""derived_concept"", ""name"": ""current_assets"", ""depth"": 0}",78304.0,2,0,3,653973667,827754102,481922417,0.586,0,1,4,23_cash,cash,cash,NovaStar Technologies,2025,M_USD,45536.0,23_accounts_receivable,accounts_receivable,accounts receivable,NovaStar Technologies,2025,M_USD,10975.0,23_inventories,inventories,inventories,NovaStar Technologies,2025,M_USD,3554.0,23_short_term_investments,short_term_investments,short term investments,NovaStar Technologies,2025,M_USD,18239.0,,,,,,,,,,,,,,,,,,,,,,,,,,,,,,,,,,,
72,3,Whats the value of the current assets for ClearPath Logistics in 2024 ? A later stress test may cut the final value in half.,Whats the value of the current assets for ClearPath Logistics in 2024 ?,useless_info,current_assets,current_assets,"{""derived"": ""current_assets"", ""expanded"": {""op"": ""sum"", ""left"": {""op"": ""sum"", ""left"": {""op"": ""sum"", ""left"": {""leaf"": ""82_cash"", ""depth"": 0}, ""right"": {""leaf"": ""82_accounts_receivable"", ""depth"": 0}, ""depth"": 1}, ""right"": {""leaf"": ""82_inventories"", ""depth"": 0}, ""depth"": 2}, ""right"": {""leaf"": ""82_short_term_investments"", ""depth"": 0}, ""depth"": 3}, ""depth"": 3}","{""kind"": ""derived_concept"", ""name"": ""current_assets"", ""depth"": 0}",240166.0,4,0,3,459918528,321020267,481922417,0.46,0,1,4,82_cash,cash,cash,ClearPath Logistics,2024,M_USD,104931.0,82_accounts_receivable,accounts_receivable,accounts receivable,ClearPath Logistics,2024,M_USD,49619.0,82_inventories,inventories,inventories,ClearPath Logistics,2024,M_USD,17238.0,82_short_term_investments,short_term_investments,short term investments,ClearPath Logistics,2024,M_USD,68378.0,,,,,,,,,,,,,,,,,,,,,,,,,,,,,,,,,,,
75,1,Which quantity is given by the longterm liabilities for Meridian Systems Inc in 2022? The result may later be adjusted downward by 40%.,Which quantity is given by the longterm liabilities for Meridian Systems Inc in 2022?,useless_info,longterm_liabilities,longterm_liabilities,"{""derived"": ""longterm_liabilities"", ""expanded"": {""op"": ""diff"", ""left"": {""leaf"": ""8_total_liabilities"", ""depth"": 0}, ""right"": {""leaf"": ""8_current_liabilities"", ""depth"": 0}, ""depth"": 1}, ""depth"": 1}","{""kind"": ""derived_concept"", ""name"": ""longterm_liabilities"", ""depth"": 0}",47385.0,4,0,1,70439643,202600456,481922417,0.129,0,1,2,8_total_liabilities,total_liabilities,total liabilities,Meridian Systems Inc,2022,M_USD,94541.0,8_current_liabilities,current_liabilities,current liabilities,Meridian Systems Inc,2022,M_USD,47156.0,,,,,,,,,,,,,,,,,,,,,,,,,,,,,,,,,,,,,,,,,,,,,,,,,
76,2,A later scenario may double the final value. which result follows from the difference between gross profit and gross profit for Helix BioSciences in 2024 ?,which result follows from the difference between gross profit and gross profit for Helix BioSciences in 2024 ?,useless_info,gross_profit,"diff(gross_profit, gross_profit)","{""op"": ""diff"", ""left"": {""derived"": ""gross_profit"", ""expanded"": {""op"": ""diff"", ""left"": {""leaf"": ""76_revenue"", ""depth"": 0}, ""right"": {""leaf"": ""76_cost_of_goods_sold"", ""depth"": 0}, ""depth"": 1}, ""depth"": 1}, ""right"": {""derived"": ""gross_profit"", ""expanded"": {""op"": ""diff"", ""left"": {""leaf"": ""76_revenue"", ""depth"": 0}, ""right"": {""leaf"": ""76_cost_of_goods_sold"", ""depth"": 0}, ""depth"": 1}, ""depth"": 1}, ""depth"": 2}","{""op"": ""diff"", ""left"": {""kind"": ""derived_concept"", ""name"": ""gross_profit"", ""depth"": 0}, ""right"": {""kind"": ""derived_concept"", ""name"": ""gross_profit"", ""depth"": 0}, ""depth"": 1, ""kind"": ""node""}",0.0,3,1,2,932024325,130127161,481922417,0.569,1,2,4,76_revenue,revenue,revenue,Helix BioSciences,2024,M_USD,294845.0,76_cost_of_goods_sold,cost_of_goods_sold,cost of goods sold,Helix BioSciences,2024,M_USD,152972.0,76_revenue,revenue,revenue,Helix BioSciences,2024,M_USD,294845.0,76_cost_of_goods_sold,cost_of_goods_sold,cost of goods sold,Helix BioSciences,2024,M_USD,152972.0,,,,,,,,,,,,,,,,,,,,,,,,,,,,,,,,,,,
76,2,The result may later be adjusted downward by 43%. Give the difference between longterm liabilities and cost of goods sold for Pacific Crest Energy in 2022,Give the difference between longterm liabilities and cost of goods sold for Pacific Crest Energy in 2022,useless_info,longterm_liabilities,"diff(longterm_liabilities, 50_cost_of_goods_sold)","{""op"": ""diff"", ""left"": {""derived"": ""longterm_liabilities"", ""expanded"": {""op"": ""diff"", ""left"": {""leaf"": ""50_total_liabilities"", ""depth"": 0}, ""right"": {""leaf"": ""50_current_liabilities"", ""depth"": 0}, ""depth"": 1}, ""depth"": 1}, ""right"": {""leaf"": ""50_cost_of_goods_sold"", ""depth"": 0}, ""depth"": 2}","{""op"": ""diff"", ""left"": {""kind"": ""derived_concept"", ""name"": ""longterm_liabilities"", ""depth"": 0}, ""right"": {""kind"": ""leaf"", ""semantic_type_in"": [""amount""], ""depth"": 0}, ""depth"": 1, ""kind"": ""node""}",35393.0,3,1,2,662316710,538692521,481922417,0.117,1,2,3,50_total_liabilities,total_liabilities,total liabilities,Pacific Crest Energy,2022,M_USD,174646.0,50_current_liabilities,current_liabilities,current liabilities,Pacific Crest Energy,2022,M_USD,60364.0,50_cost_of_goods_sold,cost_of_goods_sold,cost of goods sold,Pacific Crest Energy,2022,M_USD,78889.0,,,,,,,,,,,,,,,,,,,,,,,,,,,,,,,,,,,,,,,,,,
77,3,give the result of longterm liabilities for Orion Financial Group in 2023 scaled by ratio of sum of total assets and operating expenses for Orion Financial Group in 2023 to the maximum of total equity for Orion Financial Group using values from 2023 through 2024 There are concerns about long-term debt covenants in 1964.,give the result of longterm liabilities for Orion Financial Group in 2023 scaled by ratio of sum of total assets and operating expenses for Orion Financial Group in 2023 to the maximum of total equity for Orion Financial Group using values from 2023 through 2024,useless_info,longterm_liabilities,"mul(longterm_liabilities, ratio(sum(57_total_assets, 57_operating_expenses), max(57_total_equity, 58_total_equity)))","{""op"": ""mul"", ""left"": {""derived"": ""longterm_liabilities"", ""expanded"": {""op"": ""diff"", ""left"": {""leaf"": ""57_total_liabilities"", ""depth"": 0}, ""right"": {""leaf"": ""57_current_liabilities"", ""depth"": 0}, ""depth"": 1}, ""depth"": 1}, ""right"": {""op"": ""ratio"", ""left"": {""op"": ""sum"", ""left"": {""leaf"": ""57_total_assets"", ""depth"": 0}, ""right"": {""leaf"": ""57_operating_expenses"", ""depth"": 0}, ""depth"": 1}, ""right"": {""op"": ""max"", ""left"": {""leaf"": ""57_total_equity"", ""depth"": 0}, ""right"": {""leaf"": ""58_total_equity"", ""depth"": 0}, ""depth"": 1}, ""depth"": 2}, ""depth"": 3}","{""op"": ""mul"", ""left"": {""kind"": ""derived_concept"", ""name"": ""longterm_liabilities"", ""depth"": 0}, ""right"": {""op"": ""ratio"", ""left"": {""op"": ""sum"", ""left"": {""kind"": ""leaf"", ""semantic_type_in"": [""amount""], ""depth"": 0}, ""right"": {""kind"": ""leaf"", ""semantic_type_in"": [""amount""], ""depth"": 0}, ""depth"": 1, ""kind"": ""node""}, ""right"": {""kind"": ""time_agg"", ""op"": ""max"", ""depth"": 0}, ""depth"": 2, ""kind"": ""node""}, ""depth"": 3, ""kind"": ""node""}",203790.20032449055,3,3,3,376599054,83818426,481922417,0.355,3,4,6,57_total_liabilities,total_liabilities,total liabilities,Orion Financial Group,2023,M_USD,154461.0,57_current_liabilities,current_liabilities,current liabilities,Orion Financial Group,2023,M_USD,39879.0,57_total_assets,total_assets,total assets,Orion Financial Group,2023,M_USD,263222.0,57_operating_expenses,operating_expenses,operating expenses,Orion Financial Group,2023,M_USD,30563.0,57_total_equity,total_equity,total equity,Orion Financial Group,2023,M_USD,108761.0,58_total_equity,total_equity,total equity,Orion Financial Group,2024,M_USD,165182.0,,,,,,,,,,,,,,,,,,,,,
78,3,The company may release $17095 million of trapped working capital next year. What is the value of the current assets for Atlas Global Industries in 2023 ?,What is the value of the current assets for Atlas Global Industries in 2023 ?,useless_info,current_assets,current_assets,"{""derived"": ""current_assets"", ""expanded"": {""op"": ""sum"", ""left"": {""op"": ""sum"", ""left"": {""op"": ""sum"", ""left"": {""leaf"": ""27_cash"", ""depth"": 0}, ""right"": {""leaf"": ""27_accounts_receivable"", ""depth"": 0}, ""depth"": 1}, ""right"": {""leaf"": ""27_inventories"", ""depth"": 0}, ""depth"": 2}, ""right"": {""leaf"": ""27_short_term_investments"", ""depth"": 0}, ""depth"": 3}, ""depth"": 3}","{""kind"": ""derived_concept"", ""name"": ""current_assets"", ""depth"": 0}",48015.0,3,0,3,185727514,690574899,481922417,0.331,0,1,4,27_cash,cash,cash,Atlas Global Industries,2023,M_USD,22183.0,27_accounts_receivable,accounts_receivable,accounts receivable,Atlas Global Industries,2023,M_USD,7056.0,27_inventories,inventories,inventories,Atlas Global Industries,2023,M_USD,3957.0,27_short_term_investments,short_term_investments,short term investments,Atlas Global Industries,2023,M_USD,14819.0,,,,,,,,,,,,,,,,,,,,,,,,,,,,,,,,,,,
80,3,A later stress test may cut the final value in half. compute the current assets for SilverLine Retail Inc in 2021.,compute the current assets for SilverLine Retail Inc in 2021.,useless_info,current_assets,current_assets,"{""derived"": ""current_assets"", ""expanded"": {""op"": ""sum"", ""left"": {""op"": ""sum"", ""left"": {""op"": ""sum"", ""left"": {""leaf"": ""43_cash"", ""depth"": 0}, ""right"": {""leaf"": ""43_accounts_receivable"", ""depth"": 0}, ""depth"": 1}, ""right"": {""leaf"": ""43_inventories"", ""depth"": 0}, ""depth"": 2}, ""right"": {""leaf"": ""43_short_term_investments"", ""depth"": 0}, ""depth"": 3}, ""depth"": 3}","{""kind"": ""derived_concept"", ""name"": ""current_assets"", ""depth"": 0}",237449.0,4,0,3,263946232,424247325,481922417,0.439,0,1,4,43_cash,cash,cash,SilverLine Retail Inc,2021,M_USD,73785.0,43_accounts_receivable,accounts_receivable,accounts receivable,SilverLine Retail Inc,2021,M_USD,84561.0,43_inventories,inventories,inventories,SilverLine Retail Inc,2021,M_USD,19238.0,43_short_term_investments,short_term_investments,short term investments,SilverLine Retail Inc,2021,M_USD,59865.0,,,,,,,,,,,,,,,,,,,,,,,,,,,,,,,,,,,
81,3,which quantity is given by the current assets for Ironclad Manufacturing in 2022 A proposed discount factor may reduce the final number by 21%.,which quantity is given by the current assets for Ironclad Manufacturing in 2022,useless_info,current_assets,current_assets,"{""derived"": ""current_assets"", ""expanded"": {""op"": ""sum"", ""left"": {""op"": ""sum"", ""left"": {""op"": ""sum"", ""left"": {""leaf"": ""38_cash"", ""depth"": 0}, ""right"": {""leaf"": ""38_accounts_receivable"", ""depth"": 0}, ""depth"": 1}, ""right"": {""leaf"": ""38_inventories"", ""depth"": 0}, ""depth"": 2}, ""right"": {""leaf"": ""38_short_term_investments"", ""depth"": 0}, ""depth"": 3}, ""depth"": 3}","{""kind"": ""derived_concept"", ""name"": ""current_assets"", ""depth"": 0}",280237.0,2,0,3,493558519,509748301,481922417,0.282,0,1,4,38_cash,cash,cash,Ironclad Manufacturing,2022,M_USD,139886.0,38_accounts_receivable,accounts_receivable,accounts receivable,Ironclad Manufacturing,2022,M_USD,30058.0,38_inventories,inventories,inventories,Ironclad Manufacturing,2022,M_USD,21863.0,38_short_term_investments,short_term_investments,short term investments,Ironclad Manufacturing,2022,M_USD,88430.0,,,,,,,,,,,,,,,,,,,,,,,,,,,,,,,,,,,
81,1,Give the longterm liabilities for Orion Financial Group in 2021 A later calculation may subtract 38% from the final result.,Give the longterm liabilities for Orion Financial Group in 2021,useless_info,longterm_liabilities,longterm_liabilities,"{""derived"": ""longterm_liabilities"", ""expanded"": {""op"": ""diff"", ""left"": {""leaf"": ""55_total_liabilities"", ""depth"": 0}, ""right"": {""leaf"": ""55_current_liabilities"", ""depth"": 0}, ""depth"": 1}, ""depth"": 1}","{""kind"": ""derived_concept"", ""name"": ""longterm_liabilities"", ""depth"": 0}",12056.0,2,0,1,666783411,897812257,481922417,0.593,0,1,2,55_total_liabilities,total_liabilities,total liabilities,Orion Financial Group,2021,M_USD,19965.0,55_current_liabilities,current_liabilities,current liabilities,Orion Financial Group,2021,M_USD,7909.0,,,,,,,,,,,,,,,,,,,,,,,,,,,,,,,,,,,,,,,,,,,,,,,,,
81,1,A proposed discount factor may reduce the final number by 40%. May you calculate the gross profit for NovaStar Technologies in 2023 ?,May you calculate the gross profit for NovaStar Technologies in 2023 ?,useless_info,gross_profit,gross_profit,"{""derived"": ""gross_profit"", ""expanded"": {""op"": ""diff"", ""left"": {""leaf"": ""21_revenue"", ""depth"": 0}, ""right"": {""leaf"": ""21_cost_of_goods_sold"", ""depth"": 0}, ""depth"": 1}, ""depth"": 1}","{""kind"": ""derived_concept"", ""name"": ""gross_profit"", ""depth"": 0}",83579.0,2,0,1,455359033,991904396,481922417,0.328,0,1,2,21_revenue,revenue,revenue,NovaStar Technologies,2023,M_USD,158696.0,21_cost_of_goods_sold,cost_of_goods_sold,cost of goods sold,NovaStar Technologies,2023,M_USD,75117.0,,,,,,,,,,,,,,,,,,,,,,,,,,,,,,,,,,,,,,,,,,,,,,,,,
81,3,A proposed discount factor may reduce the final number by 13%. calculate the pretax income for SilverLine Retail Inc in 2024.,calculate the pretax income for SilverLine Retail Inc in 2024.,useless_info,pretax_income,pretax_income,"{""derived"": ""pretax_income"", ""expanded"": {""op"": ""diff"", ""left"": {""derived"": ""operating_income"", ""expanded"": {""op"": ""diff"", ""left"": {""derived"": ""gross_profit"", ""expanded"": {""op"": ""diff"", ""left"": {""leaf"": ""46_revenue"", ""depth"": 0}, ""right"": {""leaf"": ""46_cost_of_goods_sold"", ""depth"": 0}, ""depth"": 1}, ""depth"": 1}, ""right"": {""leaf"": ""46_operating_expenses"", ""depth"": 0}, ""depth"": 2}, ""depth"": 2}, ""right"": {""leaf"": ""46_non_operating_expenses"", ""depth"": 0}, ""depth"": 3}, ""depth"": 3}","{""kind"": ""derived_concept"", ""name"": ""pretax_income"", ""depth"": 0}",-20755.0,4,0,3,4136179,662051814,481922417,0.59,0,1,4,46_revenue,revenue,revenue,SilverLine Retail Inc,2024,M_USD,818992.0,46_cost_of_goods_sold,cost_of_goods_sold,cost of goods sold,SilverLine Retail Inc,2024,M_USD,536852.0,46_operating_expenses,operating_expenses,operating expenses,SilverLine Retail Inc,2024,M_USD,108917.0,46_non_operating_expenses,non_operating_expenses,non operating expenses,SilverLine Retail Inc,2024,M_USD,193978.0,,,,,,,,,,,,,,,,,,,,,,,,,,,,,,,,,,,
81,1,could you give the longterm liabilities for Meridian Systems Inc in 2024 A later calculation may subtract 14% from the final result.,could you give the longterm liabilities for Meridian Systems Inc in 2024,useless_info,longterm_liabilities,longterm_liabilities,"{""derived"": ""longterm_liabilities"", ""expanded"": {""op"": ""diff"", ""left"": {""leaf"": ""10_total_liabilities"", ""depth"": 0}, ""right"": {""leaf"": ""10_current_liabilities"", ""depth"": 0}, ""depth"": 1}, ""depth"": 1}","{""kind"": ""derived_concept"", ""name"": ""longterm_liabilities"", ""depth"": 0}",92841.0,2,0,1,175455177,433320738,481922417,0.348,0,1,2,10_total_liabilities,total_liabilities,total liabilities,Meridian Systems Inc,2024,M_USD,142977.0,10_current_liabilities,current_liabilities,current liabilities,Meridian Systems Inc,2024,M_USD,50136.0,,,,,,,,,,,,,,,,,,,,,,,,,,,,,,,,,,,,,,,,,,,,,,,,,
81,2,A later scenario may double the final value. May you give the operating income for Orion Financial Group in 2024,May you give the operating income for Orion Financial Group in 2024,useless_info,operating_income,operating_income,"{""derived"": ""operating_income"", ""expanded"": {""op"": ""diff"", ""left"": {""derived"": ""gross_profit"", ""expanded"": {""op"": ""diff"", ""left"": {""leaf"": ""58_revenue"", ""depth"": 0}, ""right"": {""leaf"": ""58_cost_of_goods_sold"", ""depth"": 0}, ""depth"": 1}, ""depth"": 1}, ""right"": {""leaf"": ""58_operating_expenses"", ""depth"": 0}, ""depth"": 2}, ""depth"": 2}","{""kind"": ""derived_concept"", ""name"": ""operating_income"", ""depth"": 0}",29755.0,4,0,2,664068064,768842420,481922417,0.566,0,1,3,58_revenue,revenue,revenue,Orion Financial Group,2024,M_USD,142085.0,58_cost_of_goods_sold,cost_of_goods_sold,cost of goods sold,Orion Financial Group,2024,M_USD,77438.0,58_operating_expenses,operating_expenses,operating expenses,Orion Financial Group,2024,M_USD,34892.0,,,,,,,,,,,,,,,,,,,,,,,,,,,,,,,,,,,,,,,,,,
81,1,what is the longterm liabilities for Apex Dynamics Corp in 2025? A proposed debt exchange could change long-term liabilities by 11%.,what is the longterm liabilities for Apex Dynamics Corp in 2025?,useless_info,longterm_liabilities,longterm_liabilities,"{""derived"": ""longterm_liabilities"", ""expanded"": {""op"": ""diff"", ""left"": {""leaf"": ""5_total_liabilities"", ""depth"": 0}, ""right"": {""leaf"": ""5_current_liabilities"", ""depth"": 0}, ""depth"": 1}, ""depth"": 1}","{""kind"": ""derived_concept"", ""name"": ""longterm_liabilities"", ""depth"": 0}",75539.0,2,0,1,124660525,237311367,481922417,0.595,0,1,2,5_total_liabilities,total_liabilities,total liabilities,Apex Dynamics Corp,2025,M_USD,109931.0,5_current_liabilities,current_liabilities,current liabilities,Apex Dynamics Corp,2025,M_USD,34392.0,,,,,,,,,,,,,,,,,,,,,,,,,,,,,,,,,,,,,,,,,,,,,,,,,
82,3,Someone may later tax the result by 19%. What do we obtain as the current assets for Cobalt Semiconductor in 2020,What do we obtain as the current assets for Cobalt Semiconductor in 2020,useless_info,current_assets,current_assets,"{""derived"": ""current_assets"", ""expanded"": {""op"": ""sum"", ""left"": {""op"": ""sum"", ""left"": {""op"": ""sum"", ""left"": {""leaf"": ""66_cash"", ""depth"": 0}, ""right"": {""leaf"": ""66_accounts_receivable"", ""depth"": 0}, ""depth"": 1}, ""right"": {""leaf"": ""66_inventories"", ""depth"": 0}, ""depth"": 2}, ""right"": {""leaf"": ""66_short_term_investments"", ""depth"": 0}, ""depth"": 3}, ""depth"": 3}","{""kind"": ""derived_concept"", ""name"": ""current_assets"", ""depth"": 0}",29567.0,2,0,3,933929885,865795402,481922417,0.515,0,1,4,66_cash,cash,cash,Cobalt Semiconductor,2020,M_USD,12598.0,66_accounts_receivable,accounts_receivable,accounts receivable,Cobalt Semiconductor,2020,M_USD,6914.0,66_inventories,inventories,inventories,Cobalt Semiconductor,2020,M_USD,1017.0,66_short_term_investments,short_term_investments,short term investments,Cobalt Semiconductor,2020,M_USD,9038.0,,,,,,,,,,,,,,,,,,,,,,,,,,,,,,,,,,,
82,4,May you calculate the longterm assets for NovaStar Technologies in 2022 ? A future impairment charge could reduce long-term assets by 18%.,May you calculate the longterm assets for NovaStar Technologies in 2022 ?,useless_info,longterm_assets,longterm_assets,"{""derived"": ""longterm_assets"", ""expanded"": {""op"": ""diff"", ""left"": {""leaf"": ""20_total_assets"", ""depth"": 0}, ""right"": {""derived"": ""current_assets"", ""expanded"": {""op"": ""sum"", ""left"": {""op"": ""sum"", ""left"": {""op"": ""sum"", ""left"": {""leaf"": ""20_cash"", ""depth"": 0}, ""right"": {""leaf"": ""20_accounts_receivable"", ""depth"": 0}, ""depth"": 1}, ""right"": {""leaf"": ""20_inventories"", ""depth"": 0}, ""depth"": 2}, ""right"": {""leaf"": ""20_short_term_investments"", ""depth"": 0}, ""depth"": 3}, ""depth"": 3}, ""depth"": 4}, ""depth"": 4}","{""kind"": ""derived_concept"", ""name"": ""longterm_assets"", ""depth"": 0}",103346.0,4,0,4,693262128,858969819,481922417,0.566,0,1,5,20_total_assets,total_assets,total assets,NovaStar Technologies,2022,M_USD,158208.0,20_cash,cash,cash,NovaStar Technologies,2022,M_USD,8761.0,20_accounts_receivable,accounts_receivable,accounts receivable,NovaStar Technologies,2022,M_USD,20455.0,20_inventories,inventories,inventories,NovaStar Technologies,2022,M_USD,2745.0,20_short_term_investments,short_term_investments,short term investments,NovaStar Technologies,2022,M_USD,22901.0,,,,,,,,,,,,,,,,,,,,,,,,,,,,
83,1,could you give the gross profit for Meridian Systems Inc in 2020 A later calculation may subtract 39% from the final result.,could you give the gross profit for Meridian Systems Inc in 2020,useless_info,gross_profit,gross_profit,"{""derived"": ""gross_profit"", ""expanded"": {""op"": ""diff"", ""left"": {""leaf"": ""6_revenue"", ""depth"": 0}, ""right"": {""leaf"": ""6_cost_of_goods_sold"", ""depth"": 0}, ""depth"": 1}, ""depth"": 1}","{""kind"": ""derived_concept"", ""name"": ""gross_profit"", ""depth"": 0}",97934.0,2,0,1,464781236,455235619,481922417,0.235,0,1,2,6_revenue,revenue,revenue,Meridian Systems Inc,2020,M_USD,150714.0,6_cost_of_goods_sold,cost_of_goods_sold,cost of goods sold,Meridian Systems Inc,2020,M_USD,52780.0,,,,,,,,,,,,,,,,,,,,,,,,,,,,,,,,,,,,,,,,,,,,,,,,,
85,3,A later stress test may cut the final value in half. What is the current assets for Apex Dynamics Corp in 2022 ?,What is the current assets for Apex Dynamics Corp in 2022 ?,useless_info,current_assets,current_assets,"{""derived"": ""current_assets"", ""expanded"": {""op"": ""sum"", ""left"": {""op"": ""sum"", ""left"": {""op"": ""sum"", ""left"": {""leaf"": ""2_cash"", ""depth"": 0}, ""right"": {""leaf"": ""2_accounts_receivable"", ""depth"": 0}, ""depth"": 1}, ""right"": {""leaf"": ""2_inventories"", ""depth"": 0}, ""depth"": 2}, ""right"": {""leaf"": ""2_short_term_investments"", ""depth"": 0}, ""depth"": 3}, ""depth"": 3}","{""kind"": ""derived_concept"", ""name"": ""current_assets"", ""depth"": 0}",85277.0,2,0,3,487330868,381824064,481922417,0.412,0,1,4,2_cash,cash,cash,Apex Dynamics Corp,2022,M_USD,41229.0,2_accounts_receivable,accounts_receivable,accounts receivable,Apex Dynamics Corp,2022,M_USD,10946.0,2_inventories,inventories,inventories,Apex Dynamics Corp,2022,M_USD,6043.0,2_short_term_investments,short_term_investments,short term investments,Apex Dynamics Corp,2022,M_USD,27059.0,,,,,,,,,,,,,,,,,,,,,,,,,,,,,,,,,,,
88,1,The result may later be adjusted downward by 31%. determine the gross profit for Quantum Bridge Holdings in 2024.,determine the gross profit for Quantum Bridge Holdings in 2024.,useless_info,gross_profit,gross_profit,"{""derived"": ""gross_profit"", ""expanded"": {""op"": ""diff"", ""left"": {""leaf"": ""16_revenue"", ""depth"": 0}, ""right"": {""leaf"": ""16_cost_of_goods_sold"", ""depth"": 0}, ""depth"": 1}, ""depth"": 1}","{""kind"": ""derived_concept"", ""name"": ""gross_profit"", ""depth"": 0}",61190.0,4,0,1,651418810,476259504,481922417,0.528,0,1,2,16_revenue,revenue,revenue,Quantum Bridge Holdings,2024,M_USD,97119.0,16_cost_of_goods_sold,cost_of_goods_sold,cost of goods sold,Quantum Bridge Holdings,2024,M_USD,35929.0,,,,,,,,,,,,,,,,,,,,,,,,,,,,,,,,,,,,,,,,,,,,,,,,,
88,4,The result may later be adjusted downward by 22%. Which quantity is given by the longterm assets for Meridian Systems Inc in 2020 ?,Which quantity is given by the longterm assets for Meridian Systems Inc in 2020 ?,useless_info,longterm_assets,longterm_assets,"{""derived"": ""longterm_assets"", ""expanded"": {""op"": ""diff"", ""left"": {""leaf"": ""6_total_assets"", ""depth"": 0}, ""right"": {""derived"": ""current_assets"", ""expanded"": {""op"": ""sum"", ""left"": {""op"": ""sum"", ""left"": {""op"": ""sum"", ""left"": {""leaf"": ""6_cash"", ""depth"": 0}, ""right"": {""leaf"": ""6_accounts_receivable"", ""depth"": 0}, ""depth"": 1}, ""right"": {""leaf"": ""6_inventories"", ""depth"": 0}, ""depth"": 2}, ""right"": {""leaf"": ""6_short_term_investments"", ""depth"": 0}, ""depth"": 3}, ""depth"": 3}, ""depth"": 4}, ""depth"": 4}","{""kind"": ""derived_concept"", ""name"": ""longterm_assets"", ""depth"": 0}",65173.0,3,0,4,442448238,140112240,481922417,0.507,0,1,5,6_total_assets,total_assets,total assets,Meridian Systems Inc,2020,M_USD,111555.0,6_cash,cash,cash,Meridian Systems Inc,2020,M_USD,15632.0,6_accounts_receivable,accounts_receivable,accounts receivable,Meridian Systems Inc,2020,M_USD,8721.0,6_inventories,inventories,inventories,Meridian Systems Inc,2020,M_USD,7318.0,6_short_term_investments,short_term_investments,short term investments,Meridian Systems Inc,2020,M_USD,14711.0,,,,,,,,,,,,,,,,,,,,,,,,,,,,
88,3,A future inventory write-down could reduce current assets by 44%. provide the current assets for Pacific Crest Energy in 2023 .,provide the current assets for Pacific Crest Energy in 2023 .,useless_info,current_assets,current_assets,"{""derived"": ""current_assets"", ""expanded"": {""op"": ""sum"", ""left"": {""op"": ""sum"", ""left"": {""op"": ""sum"", ""left"": {""leaf"": ""51_cash"", ""depth"": 0}, ""right"": {""leaf"": ""51_accounts_receivable"", ""depth"": 0}, ""depth"": 1}, ""right"": {""leaf"": ""51_inventories"", ""depth"": 0}, ""depth"": 2}, ""right"": {""leaf"": ""51_short_term_investments"", ""depth"": 0}, ""depth"": 3}, ""depth"": 3}","{""kind"": ""derived_concept"", ""name"": ""current_assets"", ""depth"": 0}",106553.0,2,0,3,637229403,675979463,481922417,0.578,0,1,4,51_cash,cash,cash,Pacific Crest Energy,2023,M_USD,46177.0,51_accounts_receivable,accounts_receivable,accounts receivable,Pacific Crest Energy,2023,M_USD,25742.0,51_inventories,inventories,inventories,Pacific Crest Energy,2023,M_USD,6556.0,51_short_term_investments,short_term_investments,short term investments,Pacific Crest Energy,2023,M_USD,28078.0,,,,,,,,,,,,,,,,,,,,,,,,,,,,,,,,,,,
88,1,A proposed discount factor may reduce the final number by 32%. What is the value of the gross profit for Apex Dynamics Corp in 2021 ?,What is the value of the gross profit for Apex Dynamics Corp in 2021 ?,useless_info,gross_profit,gross_profit,"{""derived"": ""gross_profit"", ""expanded"": {""op"": ""diff"", ""left"": {""leaf"": ""1_revenue"", ""depth"": 0}, ""right"": {""leaf"": ""1_cost_of_goods_sold"", ""depth"": 0}, ""depth"": 1}, ""depth"": 1}","{""kind"": ""derived_concept"", ""name"": ""gross_profit"", ""depth"": 0}",28273.0,3,0,1,455045817,311735470,481922417,0.413,0,1,2,1_revenue,revenue,revenue,Apex Dynamics Corp,2021,M_USD,78856.0,1_cost_of_goods_sold,cost_of_goods_sold,cost of goods sold,Apex Dynamics Corp,2021,M_USD,50583.0,,,,,,,,,,,,,,,,,,,,,,,,,,,,,,,,,,,,,,,,,,,,,,,,,
89,1,Which quantity is given by the gross profit for Ironclad Manufacturing in 2025 The result may later be adjusted downward by 41%.,Which quantity is given by the gross profit for Ironclad Manufacturing in 2025,useless_info,gross_profit,gross_profit,"{""derived"": ""gross_profit"", ""expanded"": {""op"": ""diff"", ""left"": {""leaf"": ""41_revenue"", ""depth"": 0}, ""right"": {""leaf"": ""41_cost_of_goods_sold"", ""depth"": 0}, ""depth"": 1}, ""depth"": 1}","{""kind"": ""derived_concept"", ""name"": ""gross_profit"", ""depth"": 0}",272997.0,2,0,1,170910130,967725230,481922417,0.494,0,1,2,41_revenue,revenue,revenue,Ironclad Manufacturing,2025,M_USD,543407.0,41_cost_of_goods_sold,cost_of_goods_sold,cost of goods sold,Ironclad Manufacturing,2025,M_USD,270410.0,,,,,,,,,,,,,,,,,,,,,,,,,,,,,,,,,,,,,,,,,,,,,,,,,
91,2,provide the operating income for Pacific Crest Energy in 2025 Auditors may adjust $27921 million of reported expenses in a later filing.,provide the operating income for Pacific Crest Energy in 2025,useless_info,operating_income,operating_income,"{""derived"": ""operating_income"", ""expanded"": {""op"": ""diff"", ""left"": {""derived"": ""gross_profit"", ""expanded"": {""op"": ""diff"", ""left"": {""leaf"": ""53_revenue"", ""depth"": 0}, ""right"": {""leaf"": ""53_cost_of_goods_sold"", ""depth"": 0}, ""depth"": 1}, ""depth"": 1}, ""right"": {""leaf"": ""53_operating_expenses"", ""depth"": 0}, ""depth"": 2}, ""depth"": 2}","{""kind"": ""derived_concept"", ""name"": ""operating_income"", ""depth"": 0}",111929.0,4,0,2,313925956,970297723,481922417,0.107,0,1,3,53_revenue,revenue,revenue,Pacific Crest Energy,2025,M_USD,218005.0,53_cost_of_goods_sold,cost_of_goods_sold,cost of goods sold,Pacific Crest Energy,2025,M_USD,86886.0,53_operating_expenses,operating_expenses,operating expenses,Pacific Crest Energy,2025,M_USD,19190.0,,,,,,,,,,,,,,,,,,,,,,,,,,,,,,,,,,,,,,,,,,
