question_id,depth,question,expression,expression_json,template_expression,answer,template_depth_requested,template_actual_depth,bound_expression_depth,tree_seed,binding_seed,master_seed,derived_prob,template_internal_nodes,template_leaf_slots,bound_leaf_count,leaf_1_key,leaf_1_concept,leaf_1_label,leaf_1_entity,leaf_1_period,leaf_1_unit,leaf_1_value,leaf_2_key,leaf_2_concept,leaf_2_label,leaf_2_entity,leaf_2_period,leaf_2_unit,leaf_2_value,leaf_3_key,leaf_3_concept,leaf_3_label,leaf_3_entity,leaf_3_period,leaf_3_unit,leaf_3_value,leaf_4_key,leaf_4_concept,leaf_4_label,leaf_4_entity,leaf_4_period,leaf_4_unit,leaf_4_value,leaf_5_key,leaf_5_concept,leaf_5_label,leaf_5_entity,leaf_5_period,leaf_5_unit,leaf_5_value,leaf_6_key,leaf_6_concept,leaf_6_label,leaf_6_entity,leaf_6_period,leaf_6_unit,leaf_6_value,leaf_7_key,leaf_7_concept,leaf_7_label,leaf_7_entity,leaf_7_period,leaf_7_unit,leaf_7_value,leaf_8_key,leaf_8_concept,leaf_8_label,leaf_8_entity,leaf_8_period,leaf_8_unit,leaf_8_value,leaf_9_key,leaf_9_concept,leaf_9_label,leaf_9_entity,leaf_9_period,leaf_9_unit,leaf_9_value,leaf_10_key,leaf_10_concept,leaf_10_label,leaf_10_entity,leaf_10_period,leaf_10_unit,leaf_10_value
1,3,"What is the difference between gross profit for Helix BioSciences in 2025, scaled by the ratio of dividends paid for Helix BioSciences in 2025 to operating expenses for Helix BioSciences in 2025 and the minimum of the sum of non operating expenses for Helix BioSciences in 2022 and non operating expenses for Helix BioSciences in 2022 and non operating expenses for Helix BioSciences in 2023?","diff(mul(gross_profit, ratio(77_dividends_paid, 77_operating_expenses)), min(sum(74_non_operating_expenses, 74_non_operating_expenses), 75_non_operating_expenses))","{""op"": ""diff"", ""left"": {""op"": ""mul"", ""left"": {""derived"": ""gross_profit"", ""expanded"": {""op"": ""diff"", ""left"": {""leaf"": ""77_revenue"", ""depth"": 0}, ""right"": {""leaf"": ""77_cost_of_goods_sold"", ""depth"": 0}, ""depth"": 1}, ""depth"": 1}, ""right"": {""op"": ""ratio"", ""left"": {""leaf"": ""77_dividends_paid"", ""depth"": 0}, ""right"": {""leaf"": ""77_operating_expenses"", ""depth"": 0}, ""depth"": 1}, ""depth"": 2}, ""right"": {""op"": ""min"", ""left"": {""op"": ""sum"", ""left"": {""leaf"": ""74_non_operating_expenses"", ""depth"": 0}, ""right"": {""leaf"": ""74_non_operating_expenses"", ""depth"": 0}, ""depth"": 1}, ""right"": {""leaf"": ""75_non_operating_expenses"", ""depth"": 0}, ""depth"": 2}, ""depth"": 3}","{""kind"": ""node"", ""node_id"": ""N4"", ""op"": ""diff"", ""family"": ""amount"", ""depth"": 3, ""left"": {""kind"": ""node"", ""node_id"": ""N1"", ""op"": ""mul"", ""family"": ""amount"", ""depth"": 2, ""left"": {""kind"": ""derived_concept"", ""name"": ""gross_profit"", ""family"": ""amount"", ""concept_depth"": 1, ""context_group"": ""C0"", ""entity_group"": ""E1""}, ""right"": {""kind"": ""node"", ""node_id"": ""N0"", ""op"": ""ratio"", ""family"": ""ratio"", ""depth"": 1, ""left"": {""kind"": ""leaf"", ""name"": ""L0"", ""family"": ""amount"", ""semantic_type_in"": [""amount""], ""context_group"": ""C0"", ""entity_group"": ""E1""}, ""right"": {""kind"": ""leaf"", ""name"": ""L1"", ""family"": ""amount"", ""semantic_type_in"": [""amount""], ""context_group"": ""C0"", ""entity_group"": ""E1""}}}, ""right"": {""kind"": ""node"", ""node_id"": ""N3"", ""op"": ""min"", ""family"": ""amount"", ""depth"": 2, ""left"": {""kind"": ""node"", ""node_id"": ""N2"", ""op"": ""sum"", ""family"": ""amount"", ""depth"": 1, ""left"": {""kind"": ""leaf"", ""name"": ""L2"", ""family"": ""amount"", ""semantic_type_in"": [""amount""], ""context_group"": ""C4"", ""entity_group"": ""E1"", ""time_series_group"": ""Y2"", ""concept_group"": ""T3""}, ""right"": {""kind"": ""leaf"", ""name"": ""L3"", ""family"": ""amount"", ""semantic_type_in"": [""amount""], ""context_group"": ""C4"", ""entity_group"": ""E1"", ""time_series_group"": ""Y2"", ""concept_group"": ""T3""}}, ""right"": {""kind"": ""leaf"", ""name"": ""L4"", ""family"": ""amount"", ""semantic_type_in"": [""amount""], ""context_group"": ""C5"", ""entity_group"": ""E1"", ""time_series_group"": ""Y2"", ""concept_group"": ""T3""}, ""over_years_group"": ""Y2""}}",13728.163289502052,3,3,3,698216068,555232430,2345,0.545,5,6,7,77_revenue,revenue,revenue,Helix BioSciences,2025,USD,334919,77_cost_of_goods_sold,cost_of_goods_sold,cost of goods sold,Helix BioSciences,2025,USD,222410,77_dividends_paid,dividends_paid,dividends paid,Helix BioSciences,2025,USD,11109,77_operating_expenses,operating_expenses,operating expenses,Helix BioSciences,2025,USD,27834,74_non_operating_expenses,non_operating_expenses,non operating expenses,Helix BioSciences,2022,USD,15773,74_non_operating_expenses,non_operating_expenses,non operating expenses,Helix BioSciences,2022,USD,15773,75_non_operating_expenses,non_operating_expenses,non operating expenses,Helix BioSciences,2023,USD,31176,,,,,,,,,,,,,,,,,,,,,
2,0,What is total assets for Crimson Pharmaceuticals in 2022?,86_total_assets,"{""leaf"": ""86_total_assets"", ""depth"": 0}","{""kind"": ""leaf"", ""name"": ""L0"", ""family"": ""amount"", ""semantic_type_in"": [""amount""], ""context_group"": ""C0"", ""entity_group"": ""E1""}",442481.0,0,0,0,61948916,321489546,2345,0.457,0,1,1,86_total_assets,total_assets,total assets,Crimson Pharmaceuticals,2022,USD,442481,,,,,,,,,,,,,,,,,,,,,,,,,,,,,,,,,,,,,,,,,,,,,,,,,,,,,,,,,,,,,,,
3,2,"What is the maximum of current liabilities for Orion Financial Group using the values from 2021 and 2025, scaled by the growth in total equity for Orion Financial Group from 2020 to 2023?","mul(max(59_current_liabilities, 55_current_liabilities), growth(54_total_equity, 57_total_equity))","{""op"": ""mul"", ""left"": {""op"": ""max"", ""left"": {""leaf"": ""59_current_liabilities"", ""depth"": 0}, ""right"": {""leaf"": ""55_current_liabilities"", ""depth"": 0}, ""depth"": 1}, ""right"": {""op"": ""growth"", ""left"": {""leaf"": ""54_total_equity"", ""depth"": 0}, ""right"": {""leaf"": ""57_total_equity"", ""depth"": 0}, ""depth"": 1}, ""depth"": 2}","{""kind"": ""node"", ""node_id"": ""N2"", ""op"": ""mul"", ""family"": ""amount"", ""depth"": 2, ""left"": {""kind"": ""node"", ""node_id"": ""N0"", ""op"": ""max"", ""family"": ""amount"", ""depth"": 1, ""left"": {""kind"": ""leaf"", ""name"": ""L0"", ""family"": ""amount"", ""semantic_type_in"": [""amount""], ""context_group"": ""C4"", ""entity_group"": ""E1"", ""time_series_group"": ""Y2"", ""concept_group"": ""T3""}, ""right"": {""kind"": ""leaf"", ""name"": ""L1"", ""family"": ""amount"", ""semantic_type_in"": [""amount""], ""context_group"": ""C5"", ""entity_group"": ""E1"", ""time_series_group"": ""Y2"", ""concept_group"": ""T3""}, ""over_years_group"": ""Y2""}, ""right"": {""kind"": ""node"", ""node_id"": ""N1"", ""op"": ""growth"", ""family"": ""ratio"", ""depth"": 1, ""left"": {""kind"": ""leaf"", ""name"": ""L2"", ""family"": ""amount"", ""semantic_type_in"": [""amount""], ""context_group"": ""C8"", ""entity_group"": ""E1"", ""time_series_group"": ""Y6"", ""concept_group"": ""T7""}, ""right"": {""kind"": ""leaf"", ""name"": ""L3"", ""family"": ""amount"", ""semantic_type_in"": [""amount""], ""context_group"": ""C9"", ""entity_group"": ""E1"", ""time_series_group"": ""Y6"", ""concept_group"": ""T7""}, ""over_years_group"": ""Y6""}}",-15341.089140408785,2,2,2,937724111,396556182,2345,0.467,3,4,4,59_current_liabilities,current_liabilities,current liabilities,Orion Financial Group,2025,USD,22329,55_current_liabilities,current_liabilities,current liabilities,Orion Financial Group,2021,USD,7909,54_total_equity,total_equity,total equity,Orion Financial Group,2020,USD,34037,57_total_equity,total_equity,total equity,Orion Financial Group,2023,USD,108761,,,,,,,,,,,,,,,,,,,,,,,,,,,,,,,,,,,,,,,,,,
4,1,What is longterm liabilities for Pacific Crest Energy in 2023?,longterm_liabilities,"{""derived"": ""longterm_liabilities"", ""expanded"": {""op"": ""diff"", ""left"": {""leaf"": ""51_total_liabilities"", ""depth"": 0}, ""right"": {""leaf"": ""51_current_liabilities"", ""depth"": 0}, ""depth"": 1}, ""depth"": 1}","{""kind"": ""derived_concept"", ""name"": ""longterm_liabilities"", ""family"": ""amount"", ""concept_depth"": 1, ""context_group"": ""C0"", ""entity_group"": ""E1""}",37323.0,1,0,1,409695804,813104997,2345,0.585,0,1,2,51_total_liabilities,total_liabilities,total liabilities,Pacific Crest Energy,2023,USD,64637,51_current_liabilities,current_liabilities,current liabilities,Pacific Crest Energy,2023,USD,27314,,,,,,,,,,,,,,,,,,,,,,,,,,,,,,,,,,,,,,,,,,,,,,,,,,,,,,,,
5,0,What is accounts receivable for Ironclad Manufacturing in 2024?,40_accounts_receivable,"{""leaf"": ""40_accounts_receivable"", ""depth"": 0}","{""kind"": ""leaf"", ""name"": ""L0"", ""family"": ""amount"", ""semantic_type_in"": [""amount""], ""context_group"": ""C0"", ""entity_group"": ""E1""}",23748.0,0,0,0,544780313,351118590,2345,0.335,0,1,1,40_accounts_receivable,accounts_receivable,accounts receivable,Ironclad Manufacturing,2024,USD,23748,,,,,,,,,,,,,,,,,,,,,,,,,,,,,,,,,,,,,,,,,,,,,,,,,,,,,,,,,,,,,,,
6,2,What is the maximum of longterm liabilities for Orion Financial Group in 2020 and the difference between total equity for Orion Financial Group in 2021 and total equity for Orion Financial Group in 2021?,"max(longterm_liabilities, diff(55_total_equity, 55_total_equity))","{""op"": ""max"", ""left"": {""derived"": ""longterm_liabilities"", ""expanded"": {""op"": ""diff"", ""left"": {""leaf"": ""54_total_liabilities"", ""depth"": 0}, ""right"": {""leaf"": ""54_current_liabilities"", ""depth"": 0}, ""depth"": 1}, ""depth"": 1}, ""right"": {""op"": ""diff"", ""left"": {""leaf"": ""55_total_equity"", ""depth"": 0}, ""right"": {""leaf"": ""55_total_equity"", ""depth"": 0}, ""depth"": 1}, ""depth"": 2}","{""kind"": ""node"", ""node_id"": ""N1"", ""op"": ""max"", ""family"": ""amount"", ""depth"": 2, ""left"": {""kind"": ""derived_concept"", ""name"": ""longterm_liabilities"", ""family"": ""amount"", ""concept_depth"": 1, ""context_group"": ""C4"", ""entity_group"": ""E1"", ""time_series_group"": ""Y2"", ""concept_group"": ""T3""}, ""right"": {""kind"": ""node"", ""node_id"": ""N0"", ""op"": ""diff"", ""family"": ""amount"", ""depth"": 1, ""left"": {""kind"": ""leaf"", ""name"": ""L0"", ""family"": ""amount"", ""semantic_type_in"": [""amount""], ""context_group"": ""C5"", ""entity_group"": ""E1"", ""time_series_group"": ""Y2"", ""concept_group"": ""T3""}, ""right"": {""kind"": ""leaf"", ""name"": ""L1"", ""family"": ""amount"", ""semantic_type_in"": [""amount""], ""context_group"": ""C5"", ""entity_group"": ""E1"", ""time_series_group"": ""Y2"", ""concept_group"": ""T3""}}, ""over_years_group"": ""Y2""}",22505.0,2,2,2,710448866,281195422,2345,0.671,2,3,4,54_total_liabilities,total_liabilities,total liabilities,Orion Financial Group,2020,USD,33826,54_current_liabilities,current_liabilities,current liabilities,Orion Financial Group,2020,USD,11321,55_total_equity,total_equity,total equity,Orion Financial Group,2021,USD,59143,55_total_equity,total_equity,total equity,Orion Financial Group,2021,USD,59143,,,,,,,,,,,,,,,,,,,,,,,,,,,,,,,,,,,,,,,,,,
7,2,"What is the average of short term investments for Titan Consumer Brands in 2020, scaled by income tax for Titan Consumer Brands in 2020 and the difference between short term investments for Titan Consumer Brands in 2021 and short term investments for Titan Consumer Brands in 2021?","avg(mul(60_short_term_investments, 60_income_tax), diff(61_short_term_investments, 61_short_term_investments))","{""op"": ""avg"", ""left"": {""op"": ""mul"", ""left"": {""leaf"": ""60_short_term_investments"", ""depth"": 0}, ""right"": {""leaf"": ""60_income_tax"", ""depth"": 0}, ""depth"": 1}, ""right"": {""op"": ""diff"", ""left"": {""leaf"": ""61_short_term_investments"", ""depth"": 0}, ""right"": {""leaf"": ""61_short_term_investments"", ""depth"": 0}, ""depth"": 1}, ""depth"": 2}","{""kind"": ""node"", ""node_id"": ""N2"", ""op"": ""avg"", ""family"": ""amount"", ""depth"": 2, ""left"": {""kind"": ""node"", ""node_id"": ""N0"", ""op"": ""mul"", ""family"": ""amount"", ""depth"": 1, ""left"": {""kind"": ""leaf"", ""name"": ""L0"", ""family"": ""amount"", ""semantic_type_in"": [""amount""], ""context_group"": ""C4"", ""entity_group"": ""E1"", ""time_series_group"": ""Y2"", ""concept_group"": ""T3""}, ""right"": {""kind"": ""leaf"", ""name"": ""L1"", ""family"": ""ratio"", ""semantic_type_in"": [""ratio"", ""rate""], ""entity_group"": ""E1""}}, ""right"": {""kind"": ""node"", ""node_id"": ""N1"", ""op"": ""diff"", ""family"": ""amount"", ""depth"": 1, ""left"": {""kind"": ""leaf"", ""name"": ""L2"", ""family"": ""amount"", ""semantic_type_in"": [""amount""], ""context_group"": ""C5"", ""entity_group"": ""E1"", ""time_series_group"": ""Y2"", ""concept_group"": ""T3""}, ""right"": {""kind"": ""leaf"", ""name"": ""L3"", ""family"": ""amount"", ""semantic_type_in"": [""amount""], ""context_group"": ""C5"", ""entity_group"": ""E1"", ""time_series_group"": ""Y2"", ""concept_group"": ""T3""}}, ""over_years_group"": ""Y2""}",6632.0211624208605,2,2,2,212816442,676658233,2345,0.654,3,4,4,60_short_term_investments,short_term_investments,short term investments,Titan Consumer Brands,2020,USD,72012,60_income_tax,income_tax,income tax,Titan Consumer Brands,2020,ratio,0.1841921113820158,61_short_term_investments,short_term_investments,short term investments,Titan Consumer Brands,2021,USD,33790,61_short_term_investments,short_term_investments,short term investments,Titan Consumer Brands,2021,USD,33790,,,,,,,,,,,,,,,,,,,,,,,,,,,,,,,,,,,,,,,,,,
8,1,What is the minimum of operating expenses for Meridian Systems Inc using the values from 2021 and 2023?,"min(9_operating_expenses, 7_operating_expenses)","{""op"": ""min"", ""left"": {""leaf"": ""9_operating_expenses"", ""depth"": 0}, ""right"": {""leaf"": ""7_operating_expenses"", ""depth"": 0}, ""depth"": 1}","{""kind"": ""node"", ""node_id"": ""N0"", ""op"": ""min"", ""family"": ""amount"", ""depth"": 1, ""left"": {""kind"": ""leaf"", ""name"": ""L0"", ""family"": ""amount"", ""semantic_type_in"": [""amount""], ""context_group"": ""C4"", ""entity_group"": ""E1"", ""time_series_group"": ""Y2"", ""concept_group"": ""T3""}, ""right"": {""kind"": ""leaf"", ""name"": ""L1"", ""family"": ""amount"", ""semantic_type_in"": [""amount""], ""context_group"": ""C5"", ""entity_group"": ""E1"", ""time_series_group"": ""Y2"", ""concept_group"": ""T3""}, ""over_years_group"": ""Y2""}",8595.0,1,1,1,788267262,726326834,2345,0.323,1,2,2,9_operating_expenses,operating_expenses,operating expenses,Meridian Systems Inc,2023,USD,15975,7_operating_expenses,operating_expenses,operating expenses,Meridian Systems Inc,2021,USD,8595,,,,,,,,,,,,,,,,,,,,,,,,,,,,,,,,,,,,,,,,,,,,,,,,,,,,,,,,
9,2,What is operating income for NovaStar Technologies in 2024?,operating_income,"{""derived"": ""operating_income"", ""expanded"": {""op"": ""diff"", ""left"": {""derived"": ""gross_profit"", ""expanded"": {""op"": ""diff"", ""left"": {""leaf"": ""22_revenue"", ""depth"": 0}, ""right"": {""leaf"": ""22_cost_of_goods_sold"", ""depth"": 0}, ""depth"": 1}, ""depth"": 1}, ""right"": {""leaf"": ""22_operating_expenses"", ""depth"": 0}, ""depth"": 2}, ""depth"": 2}","{""kind"": ""derived_concept"", ""name"": ""operating_income"", ""family"": ""amount"", ""concept_depth"": 2, ""context_group"": ""C0"", ""entity_group"": ""E1""}",80626.0,3,0,2,770385089,389369136,2345,0.593,0,1,3,22_revenue,revenue,revenue,NovaStar Technologies,2024,USD,177984,22_cost_of_goods_sold,cost_of_goods_sold,cost of goods sold,NovaStar Technologies,2024,USD,77449,22_operating_expenses,operating_expenses,operating expenses,NovaStar Technologies,2024,USD,19909,,,,,,,,,,,,,,,,,,,,,,,,,,,,,,,,,,,,,,,,,,,,,,,,,
10,4,What is longterm assets for Orion Financial Group in 2024?,longterm_assets,"{""derived"": ""longterm_assets"", ""expanded"": {""op"": ""diff"", ""left"": {""leaf"": ""58_total_assets"", ""depth"": 0}, ""right"": {""derived"": ""current_assets"", ""expanded"": {""op"": ""sum"", ""left"": {""op"": ""sum"", ""left"": {""op"": ""sum"", ""left"": {""leaf"": ""58_cash"", ""depth"": 0}, ""right"": {""leaf"": ""58_accounts_receivable"", ""depth"": 0}, ""depth"": 1}, ""right"": {""leaf"": ""58_inventories"", ""depth"": 0}, ""depth"": 2}, ""right"": {""leaf"": ""58_short_term_investments"", ""depth"": 0}, ""depth"": 3}, ""depth"": 3}, ""depth"": 4}, ""depth"": 4}","{""kind"": ""derived_concept"", ""name"": ""longterm_assets"", ""family"": ""amount"", ""concept_depth"": 2, ""context_group"": ""C0"", ""entity_group"": ""E1""}",163671.0,3,0,4,562105804,930745905,2345,0.318,0,1,5,58_total_assets,total_assets,total assets,Orion Financial Group,2024,USD,269218,58_cash,cash,cash,Orion Financial Group,2024,USD,58304,58_accounts_receivable,accounts_receivable,accounts receivable,Orion Financial Group,2024,USD,12144,58_inventories,inventories,inventories,Orion Financial Group,2024,USD,8221,58_short_term_investments,short_term_investments,short term investments,Orion Financial Group,2024,USD,26878,,,,,,,,,,,,,,,,,,,,,,,,,,,,,,,,,,,
11,0,What is accounts receivable for Orion Financial Group in 2024?,58_accounts_receivable,"{""leaf"": ""58_accounts_receivable"", ""depth"": 0}","{""kind"": ""leaf"", ""name"": ""L0"", ""family"": ""amount"", ""semantic_type_in"": [""amount""], ""context_group"": ""C0"", ""entity_group"": ""E1""}",12144.0,0,0,0,454703166,626361667,2345,0.338,0,1,1,58_accounts_receivable,accounts_receivable,accounts receivable,Orion Financial Group,2024,USD,12144,,,,,,,,,,,,,,,,,,,,,,,,,,,,,,,,,,,,,,,,,,,,,,,,,,,,,,,,,,,,,,,
12,0,What is operating expenses for Cobalt Semiconductor in 2020?,66_operating_expenses,"{""leaf"": ""66_operating_expenses"", ""depth"": 0}","{""kind"": ""leaf"", ""name"": ""L0"", ""family"": ""amount"", ""semantic_type_in"": [""amount""], ""context_group"": ""C0"", ""entity_group"": ""E1""}",7582.0,0,0,0,802476304,89480432,2345,0.577,0,1,1,66_operating_expenses,operating_expenses,operating expenses,Cobalt Semiconductor,2020,USD,7582,,,,,,,,,,,,,,,,,,,,,,,,,,,,,,,,,,,,,,,,,,,,,,,,,,,,,,,,,,,,,,,
13,2,"What is the maximum of total liabilities for Atlas Global Industries in 2023, scaled by income tax for Atlas Global Industries in 2023 and total liabilities for Atlas Global Industries in 2021, scaled by income tax for Atlas Global Industries in 2021?","max(mul(27_total_liabilities, 27_income_tax), mul(25_total_liabilities, 25_income_tax))","{""op"": ""max"", ""left"": {""op"": ""mul"", ""left"": {""leaf"": ""27_total_liabilities"", ""depth"": 0}, ""right"": {""leaf"": ""27_income_tax"", ""depth"": 0}, ""depth"": 1}, ""right"": {""op"": ""mul"", ""left"": {""leaf"": ""25_total_liabilities"", ""depth"": 0}, ""right"": {""leaf"": ""25_income_tax"", ""depth"": 0}, ""depth"": 1}, ""depth"": 2}","{""kind"": ""node"", ""node_id"": ""N2"", ""op"": ""max"", ""family"": ""amount"", ""depth"": 2, ""left"": {""kind"": ""node"", ""node_id"": ""N0"", ""op"": ""mul"", ""family"": ""amount"", ""depth"": 1, ""left"": {""kind"": ""leaf"", ""name"": ""L0"", ""family"": ""amount"", ""semantic_type_in"": [""amount""], ""context_group"": ""C4"", ""entity_group"": ""E1"", ""time_series_group"": ""Y2"", ""concept_group"": ""T3""}, ""right"": {""kind"": ""leaf"", ""name"": ""L1"", ""family"": ""ratio"", ""semantic_type_in"": [""ratio"", ""rate""], ""entity_group"": ""E1""}}, ""right"": {""kind"": ""node"", ""node_id"": ""N1"", ""op"": ""mul"", ""family"": ""amount"", ""depth"": 1, ""left"": {""kind"": ""leaf"", ""name"": ""L2"", ""family"": ""amount"", ""semantic_type_in"": [""amount""], ""context_group"": ""C5"", ""entity_group"": ""E1"", ""time_series_group"": ""Y2"", ""concept_group"": ""T3""}, ""right"": {""kind"": ""leaf"", ""name"": ""L3"", ""family"": ""ratio"", ""semantic_type_in"": [""ratio"", ""rate""], ""entity_group"": ""E1""}}, ""over_years_group"": ""Y2""}",21061.33646278471,2,2,2,638629436,77335363,2345,0.451,3,4,4,27_total_liabilities,total_liabilities,total liabilities,Atlas Global Industries,2023,USD,33171,27_income_tax,income_tax,income tax,Atlas Global Industries,2023,ratio,0.1661762782076167,25_total_liabilities,total_liabilities,total liabilities,Atlas Global Industries,2021,USD,74292,25_income_tax,income_tax,income tax,Atlas Global Industries,2021,ratio,0.283494002891088,,,,,,,,,,,,,,,,,,,,,,,,,,,,,,,,,,,,,,,,,,
14,1,What is the difference between total liabilities for Cobalt Semiconductor in 2025 and non operating expenses for Cobalt Semiconductor in 2025?,"diff(71_total_liabilities, 71_non_operating_expenses)","{""op"": ""diff"", ""left"": {""leaf"": ""71_total_liabilities"", ""depth"": 0}, ""right"": {""leaf"": ""71_non_operating_expenses"", ""depth"": 0}, ""depth"": 1}","{""kind"": ""node"", ""node_id"": ""N0"", ""op"": ""diff"", ""family"": ""amount"", ""depth"": 1, ""left"": {""kind"": ""leaf"", ""name"": ""L0"", ""family"": ""amount"", ""semantic_type_in"": [""amount""], ""context_group"": ""C0"", ""entity_group"": ""E1""}, ""right"": {""kind"": ""leaf"", ""name"": ""L1"", ""family"": ""amount"", ""semantic_type_in"": [""amount""], ""context_group"": ""C0"", ""entity_group"": ""E1""}}",28316.0,1,1,1,519320689,658481818,2345,0.322,1,2,2,71_total_liabilities,total_liabilities,total liabilities,Cobalt Semiconductor,2025,USD,38625,71_non_operating_expenses,non_operating_expenses,non operating expenses,Cobalt Semiconductor,2025,USD,10309,,,,,,,,,,,,,,,,,,,,,,,,,,,,,,,,,,,,,,,,,,,,,,,,,,,,,,,,
15,0,What is total assets for Apex Dynamics Corp in 2025?,5_total_assets,"{""leaf"": ""5_total_assets"", ""depth"": 0}","{""kind"": ""leaf"", ""name"": ""L0"", ""family"": ""amount"", ""semantic_type_in"": [""amount""], ""context_group"": ""C0"", ""entity_group"": ""E1""}",161367.0,3,0,0,185357697,828192259,2345,0.671,0,1,1,5_total_assets,total_assets,total assets,Apex Dynamics Corp,2025,USD,161367,,,,,,,,,,,,,,,,,,,,,,,,,,,,,,,,,,,,,,,,,,,,,,,,,,,,,,,,,,,,,,,
16,0,What is total equity for Cobalt Semiconductor in 2024?,70_total_equity,"{""leaf"": ""70_total_equity"", ""depth"": 0}","{""kind"": ""leaf"", ""name"": ""L0"", ""family"": ""amount"", ""semantic_type_in"": [""amount""], ""context_group"": ""C0"", ""entity_group"": ""E1""}",18804.0,3,0,0,868435052,622027158,2345,0.434,0,1,1,70_total_equity,total_equity,total equity,Cobalt Semiconductor,2024,USD,18804,,,,,,,,,,,,,,,,,,,,,,,,,,,,,,,,,,,,,,,,,,,,,,,,,,,,,,,,,,,,,,,
17,2,"What is the difference between the sum of accounts receivable for Apex Dynamics Corp in 2024 and current liabilities for Apex Dynamics Corp in 2024 and operating expenses for Apex Dynamics Corp in 2024, scaled by income tax for Apex Dynamics Corp in 2024?","diff(sum(4_accounts_receivable, 4_current_liabilities), mul(4_operating_expenses, 4_income_tax))","{""op"": ""diff"", ""left"": {""op"": ""sum"", ""left"": {""leaf"": ""4_accounts_receivable"", ""depth"": 0}, ""right"": {""leaf"": ""4_current_liabilities"", ""depth"": 0}, ""depth"": 1}, ""right"": {""op"": ""mul"", ""left"": {""leaf"": ""4_operating_expenses"", ""depth"": 0}, ""right"": {""leaf"": ""4_income_tax"", ""depth"": 0}, ""depth"": 1}, ""depth"": 2}","{""kind"": ""node"", ""node_id"": ""N2"", ""op"": ""diff"", ""family"": ""amount"", ""depth"": 2, ""left"": {""kind"": ""node"", ""node_id"": ""N0"", ""op"": ""sum"", ""family"": ""amount"", ""depth"": 1, ""left"": {""kind"": ""leaf"", ""name"": ""L0"", ""family"": ""amount"", ""semantic_type_in"": [""amount""], ""context_group"": ""C0"", ""entity_group"": ""E1""}, ""right"": {""kind"": ""leaf"", ""name"": ""L1"", ""family"": ""amount"", ""semantic_type_in"": [""amount""], ""context_group"": ""C0"", ""entity_group"": ""E1""}}, ""right"": {""kind"": ""node"", ""node_id"": ""N1"", ""op"": ""mul"", ""family"": ""amount"", ""depth"": 1, ""left"": {""kind"": ""leaf"", ""name"": ""L2"", ""family"": ""amount"", ""semantic_type_in"": [""amount""], ""context_group"": ""C0"", ""entity_group"": ""E1""}, ""right"": {""kind"": ""leaf"", ""name"": ""L3"", ""family"": ""ratio"", ""semantic_type_in"": [""ratio"", ""rate""], ""entity_group"": ""E1""}}}",28395.204995863063,2,2,2,698675754,16258360,2345,0.336,3,4,4,4_accounts_receivable,accounts_receivable,accounts receivable,Apex Dynamics Corp,2024,USD,4495,4_current_liabilities,current_liabilities,current liabilities,Apex Dynamics Corp,2024,USD,25829,4_operating_expenses,operating_expenses,operating expenses,Apex Dynamics Corp,2024,USD,13533,4_income_tax,income_tax,income tax,Apex Dynamics Corp,2024,ratio,0.1425253088108281,,,,,,,,,,,,,,,,,,,,,,,,,,,,,,,,,,,,,,,,,,
18,0,What is cash for Pinnacle Health Group in 2023?,33_cash,"{""leaf"": ""33_cash"", ""depth"": 0}","{""kind"": ""leaf"", ""name"": ""L0"", ""family"": ""amount"", ""semantic_type_in"": [""amount""], ""context_group"": ""C0"", ""entity_group"": ""E1""}",2062.0,0,0,0,336146424,907016594,2345,0.366,0,1,1,33_cash,cash,cash,Pinnacle Health Group,2023,USD,2062,,,,,,,,,,,,,,,,,,,,,,,,,,,,,,,,,,,,,,,,,,,,,,,,,,,,,,,,,,,,,,,
19,0,What is operating expenses for Pacific Crest Energy in 2025?,53_operating_expenses,"{""leaf"": ""53_operating_expenses"", ""depth"": 0}","{""kind"": ""leaf"", ""name"": ""L0"", ""family"": ""amount"", ""semantic_type_in"": [""amount""], ""context_group"": ""C0"", ""entity_group"": ""E1""}",19190.0,0,0,0,432085959,619864769,2345,0.512,0,1,1,53_operating_expenses,operating_expenses,operating expenses,Pacific Crest Energy,2025,USD,19190,,,,,,,,,,,,,,,,,,,,,,,,,,,,,,,,,,,,,,,,,,,,,,,,,,,,,,,,,,,,,,,
20,1,What is the minimum of current liabilities for Pacific Crest Energy using the values from 2021 and 2022?,"min(49_current_liabilities, 50_current_liabilities)","{""op"": ""min"", ""left"": {""leaf"": ""49_current_liabilities"", ""depth"": 0}, ""right"": {""leaf"": ""50_current_liabilities"", ""depth"": 0}, ""depth"": 1}","{""kind"": ""node"", ""node_id"": ""N0"", ""op"": ""min"", ""family"": ""amount"", ""depth"": 1, ""left"": {""kind"": ""leaf"", ""name"": ""L0"", ""family"": ""amount"", ""semantic_type_in"": [""amount""], ""context_group"": ""C4"", ""entity_group"": ""E1"", ""time_series_group"": ""Y2"", ""concept_group"": ""T3""}, ""right"": {""kind"": ""leaf"", ""name"": ""L1"", ""family"": ""amount"", ""semantic_type_in"": [""amount""], ""context_group"": ""C5"", ""entity_group"": ""E1"", ""time_series_group"": ""Y2"", ""concept_group"": ""T3""}, ""over_years_group"": ""Y2""}",43731.0,1,1,1,986244822,651902315,2345,0.588,1,2,2,49_current_liabilities,current_liabilities,current liabilities,Pacific Crest Energy,2021,USD,43731,50_current_liabilities,current_liabilities,current liabilities,Pacific Crest Energy,2022,USD,60364,,,,,,,,,,,,,,,,,,,,,,,,,,,,,,,,,,,,,,,,,,,,,,,,,,,,,,,,
21,0,What is total equity for Ironclad Manufacturing in 2025?,41_total_equity,"{""leaf"": ""41_total_equity"", ""depth"": 0}","{""kind"": ""leaf"", ""name"": ""L0"", ""family"": ""amount"", ""semantic_type_in"": [""amount""], ""context_group"": ""C0"", ""entity_group"": ""E1""}",314401.0,0,0,0,497781879,747183949,2345,0.492,0,1,1,41_total_equity,total_equity,total equity,Ironclad Manufacturing,2025,USD,314401,,,,,,,,,,,,,,,,,,,,,,,,,,,,,,,,,,,,,,,,,,,,,,,,,,,,,,,,,,,,,,,
22,1,What is the maximum of revenue for Apex Dynamics Corp using the values from 2022 and 2025?,"max(5_revenue, 2_revenue)","{""op"": ""max"", ""left"": {""leaf"": ""5_revenue"", ""depth"": 0}, ""right"": {""leaf"": ""2_revenue"", ""depth"": 0}, ""depth"": 1}","{""kind"": ""node"", ""node_id"": ""N0"", ""op"": ""max"", ""family"": ""amount"", ""depth"": 1, ""left"": {""kind"": ""leaf"", ""name"": ""L0"", ""family"": ""amount"", ""semantic_type_in"": [""amount""], ""context_group"": ""C4"", ""entity_group"": ""E1"", ""time_series_group"": ""Y2"", ""concept_group"": ""T3""}, ""right"": {""kind"": ""leaf"", ""name"": ""L1"", ""family"": ""amount"", ""semantic_type_in"": [""amount""], ""context_group"": ""C5"", ""entity_group"": ""E1"", ""time_series_group"": ""Y2"", ""concept_group"": ""T3""}, ""over_years_group"": ""Y2""}",79389.0,1,1,1,921247098,800245682,2345,0.318,1,2,2,5_revenue,revenue,revenue,Apex Dynamics Corp,2025,USD,79389,2_revenue,revenue,revenue,Apex Dynamics Corp,2022,USD,79022,,,,,,,,,,,,,,,,,,,,,,,,,,,,,,,,,,,,,,,,,,,,,,,,,,,,,,,,
23,0,What is non operating expenses for Pinnacle Health Group in 2024?,34_non_operating_expenses,"{""leaf"": ""34_non_operating_expenses"", ""depth"": 0}","{""kind"": ""leaf"", ""name"": ""L0"", ""family"": ""amount"", ""semantic_type_in"": [""amount""], ""context_group"": ""C0"", ""entity_group"": ""E1""}",4612.0,0,0,0,960798823,275725212,2345,0.472,0,1,1,34_non_operating_expenses,non_operating_expenses,non operating expenses,Pinnacle Health Group,2024,USD,4612,,,,,,,,,,,,,,,,,,,,,,,,,,,,,,,,,,,,,,,,,,,,,,,,,,,,,,,,,,,,,,,
24,1,What is gross profit for Titan Consumer Brands in 2021?,gross_profit,"{""derived"": ""gross_profit"", ""expanded"": {""op"": ""diff"", ""left"": {""leaf"": ""61_revenue"", ""depth"": 0}, ""right"": {""leaf"": ""61_cost_of_goods_sold"", ""depth"": 0}, ""depth"": 1}, ""depth"": 1}","{""kind"": ""derived_concept"", ""name"": ""gross_profit"", ""family"": ""amount"", ""concept_depth"": 1, ""context_group"": ""C0"", ""entity_group"": ""E1""}",323622.0,1,0,1,421501741,697862280,2345,0.468,0,1,2,61_revenue,revenue,revenue,Titan Consumer Brands,2021,USD,471764,61_cost_of_goods_sold,cost_of_goods_sold,cost of goods sold,Titan Consumer Brands,2021,USD,148142,,,,,,,,,,,,,,,,,,,,,,,,,,,,,,,,,,,,,,,,,,,,,,,,,,,,,,,,
25,2,What is the sum of the average of operating expenses for Apex Dynamics Corp using the values from 2021 and 2025 and gross profit for Apex Dynamics Corp in 2022?,"sum(avg(5_operating_expenses, 1_operating_expenses), gross_profit)","{""op"": ""sum"", ""left"": {""op"": ""avg"", ""left"": {""leaf"": ""5_operating_expenses"", ""depth"": 0}, ""right"": {""leaf"": ""1_operating_expenses"", ""depth"": 0}, ""depth"": 1}, ""right"": {""derived"": ""gross_profit"", ""expanded"": {""op"": ""diff"", ""left"": {""leaf"": ""2_revenue"", ""depth"": 0}, ""right"": {""leaf"": ""2_cost_of_goods_sold"", ""depth"": 0}, ""depth"": 1}, ""depth"": 1}, ""depth"": 2}","{""kind"": ""node"", ""node_id"": ""N1"", ""op"": ""sum"", ""family"": ""amount"", ""depth"": 2, ""left"": {""kind"": ""node"", ""node_id"": ""N0"", ""op"": ""avg"", ""family"": ""amount"", ""depth"": 1, ""left"": {""kind"": ""leaf"", ""name"": ""L0"", ""family"": ""amount"", ""semantic_type_in"": [""amount""], ""context_group"": ""C4"", ""entity_group"": ""E1"", ""time_series_group"": ""Y2"", ""concept_group"": ""T3""}, ""right"": {""kind"": ""leaf"", ""name"": ""L1"", ""family"": ""amount"", ""semantic_type_in"": [""amount""], ""context_group"": ""C5"", ""entity_group"": ""E1"", ""time_series_group"": ""Y2"", ""concept_group"": ""T3""}, ""over_years_group"": ""Y2""}, ""right"": {""kind"": ""derived_concept"", ""name"": ""gross_profit"", ""family"": ""amount"", ""concept_depth"": 1, ""context_group"": ""C0"", ""entity_group"": ""E1""}}",44176.5,2,2,2,313184064,994772748,2345,0.637,2,3,4,5_operating_expenses,operating_expenses,operating expenses,Apex Dynamics Corp,2025,USD,15970,1_operating_expenses,operating_expenses,operating expenses,Apex Dynamics Corp,2021,USD,6461,2_revenue,revenue,revenue,Apex Dynamics Corp,2022,USD,79022,2_cost_of_goods_sold,cost_of_goods_sold,cost of goods sold,Apex Dynamics Corp,2022,USD,46061,,,,,,,,,,,,,,,,,,,,,,,,,,,,,,,,,,,,,,,,,,
26,0,What is accounts receivable for Quantum Bridge Holdings in 2021?,13_accounts_receivable,"{""leaf"": ""13_accounts_receivable"", ""depth"": 0}","{""kind"": ""leaf"", ""name"": ""L0"", ""family"": ""amount"", ""semantic_type_in"": [""amount""], ""context_group"": ""C0"", ""entity_group"": ""E1""}",10585.0,2,0,0,266352732,366846521,2345,0.493,0,1,1,13_accounts_receivable,accounts_receivable,accounts receivable,Quantum Bridge Holdings,2021,USD,10585,,,,,,,,,,,,,,,,,,,,,,,,,,,,,,,,,,,,,,,,,,,,,,,,,,,,,,,,,,,,,,,
27,1,"What is operating expenses for Meridian Systems Inc in 2023, scaled by income tax for Meridian Systems Inc in 2023?","mul(9_operating_expenses, 9_income_tax)","{""op"": ""mul"", ""left"": {""leaf"": ""9_operating_expenses"", ""depth"": 0}, ""right"": {""leaf"": ""9_income_tax"", ""depth"": 0}, ""depth"": 1}","{""kind"": ""node"", ""node_id"": ""N0"", ""op"": ""mul"", ""family"": ""amount"", ""depth"": 1, ""left"": {""kind"": ""leaf"", ""name"": ""L0"", ""family"": ""amount"", ""semantic_type_in"": [""amount""], ""context_group"": ""C0"", ""entity_group"": ""E1""}, ""right"": {""kind"": ""leaf"", ""name"": ""L1"", ""family"": ""ratio"", ""semantic_type_in"": [""ratio"", ""rate""], ""entity_group"": ""E1""}}",1824.322909798859,1,1,1,311189293,978690846,2345,0.61,1,2,2,9_operating_expenses,operating_expenses,operating expenses,Meridian Systems Inc,2023,USD,15975,9_income_tax,income_tax,income tax,Meridian Systems Inc,2023,ratio,0.1141986172018065,,,,,,,,,,,,,,,,,,,,,,,,,,,,,,,,,,,,,,,,,,,,,,,,,,,,,,,,
28,0,What is total liabilities for SilverLine Retail Inc in 2024?,46_total_liabilities,"{""leaf"": ""46_total_liabilities"", ""depth"": 0}","{""kind"": ""leaf"", ""name"": ""L0"", ""family"": ""amount"", ""semantic_type_in"": [""amount""], ""context_group"": ""C0"", ""entity_group"": ""E1""}",328593.0,0,0,0,95137358,188220471,2345,0.412,0,1,1,46_total_liabilities,total_liabilities,total liabilities,SilverLine Retail Inc,2024,USD,328593,,,,,,,,,,,,,,,,,,,,,,,,,,,,,,,,,,,,,,,,,,,,,,,,,,,,,,,,,,,,,,,
29,1,What is the difference between cash for NovaStar Technologies in 2020 and operating expenses for NovaStar Technologies in 2020?,"diff(18_cash, 18_operating_expenses)","{""op"": ""diff"", ""left"": {""leaf"": ""18_cash"", ""depth"": 0}, ""right"": {""leaf"": ""18_operating_expenses"", ""depth"": 0}, ""depth"": 1}","{""kind"": ""node"", ""node_id"": ""N0"", ""op"": ""diff"", ""family"": ""amount"", ""depth"": 1, ""left"": {""kind"": ""leaf"", ""name"": ""L0"", ""family"": ""amount"", ""semantic_type_in"": [""amount""], ""context_group"": ""C0"", ""entity_group"": ""E1""}, ""right"": {""kind"": ""leaf"", ""name"": ""L1"", ""family"": ""amount"", ""semantic_type_in"": [""amount""], ""context_group"": ""C0"", ""entity_group"": ""E1""}}",1995.0,1,1,1,584711632,187776776,2345,0.492,1,2,2,18_cash,cash,cash,NovaStar Technologies,2020,USD,24222,18_operating_expenses,operating_expenses,operating expenses,NovaStar Technologies,2020,USD,22227,,,,,,,,,,,,,,,,,,,,,,,,,,,,,,,,,,,,,,,,,,,,,,,,,,,,,,,,
30,2,"What is total assets for SilverLine Retail Inc in 2022, scaled by income tax for SilverLine Retail Inc in 2022, scaled by the growth in dividends paid for SilverLine Retail Inc from 2020 to 2025?","mul(mul(44_total_assets, 44_income_tax), growth(47_dividends_paid, 42_dividends_paid))","{""op"": ""mul"", ""left"": {""op"": ""mul"", ""left"": {""leaf"": ""44_total_assets"", ""depth"": 0}, ""right"": {""leaf"": ""44_income_tax"", ""depth"": 0}, ""depth"": 1}, ""right"": {""op"": ""growth"", ""left"": {""leaf"": ""47_dividends_paid"", ""depth"": 0}, ""right"": {""leaf"": ""42_dividends_paid"", ""depth"": 0}, ""depth"": 1}, ""depth"": 2}","{""kind"": ""node"", ""node_id"": ""N2"", ""op"": ""mul"", ""family"": ""amount"", ""depth"": 2, ""left"": {""kind"": ""node"", ""node_id"": ""N0"", ""op"": ""mul"", ""family"": ""amount"", ""depth"": 1, ""left"": {""kind"": ""leaf"", ""name"": ""L0"", ""family"": ""amount"", ""semantic_type_in"": [""amount""], ""context_group"": ""C0"", ""entity_group"": ""E1""}, ""right"": {""kind"": ""leaf"", ""name"": ""L1"", ""family"": ""ratio"", ""semantic_type_in"": [""ratio"", ""rate""], ""entity_group"": ""E1""}}, ""right"": {""kind"": ""node"", ""node_id"": ""N1"", ""op"": ""growth"", ""family"": ""ratio"", ""depth"": 1, ""left"": {""kind"": ""leaf"", ""name"": ""L2"", ""family"": ""amount"", ""semantic_type_in"": [""amount""], ""context_group"": ""C4"", ""entity_group"": ""E1"", ""time_series_group"": ""Y2"", ""concept_group"": ""T3""}, ""right"": {""kind"": ""leaf"", ""name"": ""L3"", ""family"": ""amount"", ""semantic_type_in"": [""amount""], ""context_group"": ""C5"", ""entity_group"": ""E1"", ""time_series_group"": ""Y2"", ""concept_group"": ""T3""}, ""over_years_group"": ""Y2""}}",207732.93743318034,2,2,2,431551887,28846119,2345,0.626,3,4,4,44_total_assets,total_assets,total assets,SilverLine Retail Inc,2022,USD,494265,44_income_tax,income_tax,income tax,SilverLine Retail Inc,2022,ratio,0.2098439278170663,47_dividends_paid,dividends_paid,dividends paid,SilverLine Retail Inc,2025,USD,123141,42_dividends_paid,dividends_paid,dividends paid,SilverLine Retail Inc,2020,USD,41008,,,,,,,,,,,,,,,,,,,,,,,,,,,,,,,,,,,,,,,,,,
31,0,What is dividends paid for Pacific Crest Energy in 2025?,53_dividends_paid,"{""leaf"": ""53_dividends_paid"", ""depth"": 0}","{""kind"": ""leaf"", ""name"": ""L0"", ""family"": ""amount"", ""semantic_type_in"": [""amount""], ""context_group"": ""C0"", ""entity_group"": ""E1""}",1558.0,1,0,0,39552529,607093683,2345,0.604,0,1,1,53_dividends_paid,dividends_paid,dividends paid,Pacific Crest Energy,2025,USD,1558,,,,,,,,,,,,,,,,,,,,,,,,,,,,,,,,,,,,,,,,,,,,,,,,,,,,,,,,,,,,,,,
32,1,What is the minimum of total assets for ClearPath Logistics using the values from 2021 and 2024?,"min(79_total_assets, 82_total_assets)","{""op"": ""min"", ""left"": {""leaf"": ""79_total_assets"", ""depth"": 0}, ""right"": {""leaf"": ""82_total_assets"", ""depth"": 0}, ""depth"": 1}","{""kind"": ""node"", ""node_id"": ""N0"", ""op"": ""min"", ""family"": ""amount"", ""depth"": 1, ""left"": {""kind"": ""leaf"", ""name"": ""L0"", ""family"": ""amount"", ""semantic_type_in"": [""amount""], ""context_group"": ""C4"", ""entity_group"": ""E1"", ""time_series_group"": ""Y2"", ""concept_group"": ""T3""}, ""right"": {""kind"": ""leaf"", ""name"": ""L1"", ""family"": ""amount"", ""semantic_type_in"": [""amount""], ""context_group"": ""C5"", ""entity_group"": ""E1"", ""time_series_group"": ""Y2"", ""concept_group"": ""T3""}, ""over_years_group"": ""Y2""}",690728.0,1,1,1,974574290,745442384,2345,0.575,1,2,2,79_total_assets,total_assets,total assets,ClearPath Logistics,2021,USD,908620,82_total_assets,total_assets,total assets,ClearPath Logistics,2024,USD,690728,,,,,,,,,,,,,,,,,,,,,,,,,,,,,,,,,,,,,,,,,,,,,,,,,,,,,,,,
33,1,What is the difference between capex for Quantum Bridge Holdings in 2020 and cost of goods sold for Quantum Bridge Holdings in 2020?,"diff(12_capex, 12_cost_of_goods_sold)","{""op"": ""diff"", ""left"": {""leaf"": ""12_capex"", ""depth"": 0}, ""right"": {""leaf"": ""12_cost_of_goods_sold"", ""depth"": 0}, ""depth"": 1}","{""kind"": ""node"", ""node_id"": ""N0"", ""op"": ""diff"", ""family"": ""amount"", ""depth"": 3, ""left"": {""kind"": ""leaf"", ""name"": ""L0"", ""family"": ""amount"", ""semantic_type_in"": [""amount""], ""context_group"": ""C0"", ""entity_group"": ""E1""}, ""right"": {""kind"": ""leaf"", ""name"": ""L1"", ""family"": ""amount"", ""semantic_type_in"": [""amount""], ""context_group"": ""C0"", ""entity_group"": ""E1""}}",-31599.0,3,1,1,26269280,897388049,2345,0.321,1,2,2,12_capex,capex,capex,Quantum Bridge Holdings,2020,USD,6279,12_cost_of_goods_sold,cost_of_goods_sold,cost of goods sold,Quantum Bridge Holdings,2020,USD,37878,,,,,,,,,,,,,,,,,,,,,,,,,,,,,,,,,,,,,,,,,,,,,,,,,,,,,,,,
34,0,What is total equity for Crimson Pharmaceuticals in 2020?,84_total_equity,"{""leaf"": ""84_total_equity"", ""depth"": 0}","{""kind"": ""leaf"", ""name"": ""L0"", ""family"": ""amount"", ""semantic_type_in"": [""amount""], ""context_group"": ""C0"", ""entity_group"": ""E1""}",381473.0,1,0,0,279095838,136427695,2345,0.304,0,1,1,84_total_equity,total_equity,total equity,Crimson Pharmaceuticals,2020,USD,381473,,,,,,,,,,,,,,,,,,,,,,,,,,,,,,,,,,,,,,,,,,,,,,,,,,,,,,,,,,,,,,,
35,1,What is gross profit for Apex Dynamics Corp in 2021?,gross_profit,"{""derived"": ""gross_profit"", ""expanded"": {""op"": ""diff"", ""left"": {""leaf"": ""1_revenue"", ""depth"": 0}, ""right"": {""leaf"": ""1_cost_of_goods_sold"", ""depth"": 0}, ""depth"": 1}, ""depth"": 1}","{""kind"": ""derived_concept"", ""name"": ""gross_profit"", ""family"": ""amount"", ""concept_depth"": 1, ""context_group"": ""C0"", ""entity_group"": ""E1""}",28273.0,2,0,1,892387153,681971938,2345,0.488,0,1,2,1_revenue,revenue,revenue,Apex Dynamics Corp,2021,USD,78857,1_cost_of_goods_sold,cost_of_goods_sold,cost of goods sold,Apex Dynamics Corp,2021,USD,50584,,,,,,,,,,,,,,,,,,,,,,,,,,,,,,,,,,,,,,,,,,,,,,,,,,,,,,,,
36,1,What is the difference between capex for NovaStar Technologies in 2023 and short term investments for NovaStar Technologies in 2023?,"diff(21_capex, 21_short_term_investments)","{""op"": ""diff"", ""left"": {""leaf"": ""21_capex"", ""depth"": 0}, ""right"": {""leaf"": ""21_short_term_investments"", ""depth"": 0}, ""depth"": 1}","{""kind"": ""node"", ""node_id"": ""N0"", ""op"": ""diff"", ""family"": ""amount"", ""depth"": 1, ""left"": {""kind"": ""leaf"", ""name"": ""L0"", ""family"": ""amount"", ""semantic_type_in"": [""amount""], ""context_group"": ""C0"", ""entity_group"": ""E1""}, ""right"": {""kind"": ""leaf"", ""name"": ""L1"", ""family"": ""amount"", ""semantic_type_in"": [""amount""], ""context_group"": ""C0"", ""entity_group"": ""E1""}}",-42979.0,1,1,1,849080932,3478555,2345,0.448,1,2,2,21_capex,capex,capex,NovaStar Technologies,2023,USD,11607,21_short_term_investments,short_term_investments,short term investments,NovaStar Technologies,2023,USD,54586,,,,,,,,,,,,,,,,,,,,,,,,,,,,,,,,,,,,,,,,,,,,,,,,,,,,,,,,
37,0,What is current liabilities for Crimson Pharmaceuticals in 2024?,88_current_liabilities,"{""leaf"": ""88_current_liabilities"", ""depth"": 0}","{""kind"": ""leaf"", ""name"": ""L0"", ""family"": ""amount"", ""semantic_type_in"": [""amount""], ""context_group"": ""C0"", ""entity_group"": ""E1""}",82551.0,2,0,0,261849276,354838200,2345,0.63,0,1,1,88_current_liabilities,current_liabilities,current liabilities,Crimson Pharmaceuticals,2024,USD,82551,,,,,,,,,,,,,,,,,,,,,,,,,,,,,,,,,,,,,,,,,,,,,,,,,,,,,,,,,,,,,,,
38,3,"What is the maximum of cost of goods sold for Atlas Global Industries in 2024, scaled by income tax for Atlas Global Industries in 2024 and the difference between cost of goods sold for Atlas Global Industries in 2023 and cost of goods sold for Atlas Global Industries in 2023, scaled by the ratio of the minimum of current liabilities for Atlas Global Industries using the values from 2020 and 2025 to the sum of short term investments for Atlas Global Industries in 2024 and total liabilities for Atlas Global Industries in 2024?","mul(max(mul(28_cost_of_goods_sold, 28_income_tax), diff(27_cost_of_goods_sold, 27_cost_of_goods_sold)), ratio(min(24_current_liabilities, 29_current_liabilities), sum(28_short_term_investments, 28_total_liabilities)))","{""op"": ""mul"", ""left"": {""op"": ""max"", ""left"": {""op"": ""mul"", ""left"": {""leaf"": ""28_cost_of_goods_sold"", ""depth"": 0}, ""right"": {""leaf"": ""28_income_tax"", ""depth"": 0}, ""depth"": 1}, ""right"": {""op"": ""diff"", ""left"": {""leaf"": ""27_cost_of_goods_sold"", ""depth"": 0}, ""right"": {""leaf"": ""27_cost_of_goods_sold"", ""depth"": 0}, ""depth"": 1}, ""depth"": 2}, ""right"": {""op"": ""ratio"", ""left"": {""op"": ""min"", ""left"": {""leaf"": ""24_current_liabilities"", ""depth"": 0}, ""right"": {""leaf"": ""29_current_liabilities"", ""depth"": 0}, ""depth"": 1}, ""right"": {""op"": ""sum"", ""left"": {""leaf"": ""28_short_term_investments"", ""depth"": 0}, ""right"": {""leaf"": ""28_total_liabilities"", ""depth"": 0}, ""depth"": 1}, ""depth"": 2}, ""depth"": 3}","{""kind"": ""node"", ""node_id"": ""N6"", ""op"": ""mul"", ""family"": ""amount"", ""depth"": 3, ""left"": {""kind"": ""node"", ""node_id"": ""N2"", ""op"": ""max"", ""family"": ""amount"", ""depth"": 2, ""left"": {""kind"": ""node"", ""node_id"": ""N0"", ""op"": ""mul"", ""family"": ""amount"", ""depth"": 1, ""left"": {""kind"": ""leaf"", ""name"": ""L0"", ""family"": ""amount"", ""semantic_type_in"": [""amount""], ""context_group"": ""C4"", ""entity_group"": ""E1"", ""time_series_group"": ""Y2"", ""concept_group"": ""T3""}, ""right"": {""kind"": ""leaf"", ""name"": ""L1"", ""family"": ""ratio"", ""semantic_type_in"": [""ratio"", ""rate""], ""entity_group"": ""E1""}}, ""right"": {""kind"": ""node"", ""node_id"": ""N1"", ""op"": ""diff"", ""family"": ""amount"", ""depth"": 1, ""left"": {""kind"": ""leaf"", ""name"": ""L2"", ""family"": ""amount"", ""semantic_type_in"": [""amount""], ""context_group"": ""C5"", ""entity_group"": ""E1"", ""time_series_group"": ""Y2"", ""concept_group"": ""T3""}, ""right"": {""kind"": ""leaf"", ""name"": ""L3"", ""family"": ""amount"", ""semantic_type_in"": [""amount""], ""context_group"": ""C5"", ""entity_group"": ""E1"", ""time_series_group"": ""Y2"", ""concept_group"": ""T3""}}, ""over_years_group"": ""Y2""}, ""right"": {""kind"": ""node"", ""node_id"": ""N5"", ""op"": ""ratio"", ""family"": ""ratio"", ""depth"": 2, ""left"": {""kind"": ""node"", ""node_id"": ""N3"", ""op"": ""min"", ""family"": ""amount"", ""depth"": 1, ""left"": {""kind"": ""leaf"", ""name"": ""L4"", ""family"": ""amount"", ""semantic_type_in"": [""amount""], ""context_group"": ""C8"", ""entity_group"": ""E1"", ""time_series_group"": ""Y6"", ""concept_group"": ""T7""}, ""right"": {""kind"": ""leaf"", ""name"": ""L5"", ""family"": ""amount"", ""semantic_type_in"": [""amount""], ""context_group"": ""C9"", ""entity_group"": ""E1"", ""time_series_group"": ""Y6"", ""concept_group"": ""T7""}, ""over_years_group"": ""Y6""}, ""right"": {""kind"": ""node"", ""node_id"": ""N4"", ""op"": ""sum"", ""family"": ""amount"", ""depth"": 1, ""left"": {""kind"": ""leaf"", ""name"": ""L6"", ""family"": ""amount"", ""semantic_type_in"": [""amount""], ""context_group"": ""C0"", ""entity_group"": ""E1""}, ""right"": {""kind"": ""leaf"", ""name"": ""L7"", ""family"": ""amount"", ""semantic_type_in"": [""amount""], ""context_group"": ""C0"", ""entity_group"": ""E1""}}}}",4006.759489559427,3,3,3,903653514,881503901,2345,0.364,7,8,8,28_cost_of_goods_sold,cost_of_goods_sold,cost of goods sold,Atlas Global Industries,2024,USD,64502,28_income_tax,income_tax,income tax,Atlas Global Industries,2024,ratio,0.2469268121512715,27_cost_of_goods_sold,cost_of_goods_sold,cost of goods sold,Atlas Global Industries,2023,USD,32958,27_cost_of_goods_sold,cost_of_goods_sold,cost of goods sold,Atlas Global Industries,2023,USD,32958,24_current_liabilities,current_liabilities,current liabilities,Atlas Global Industries,2020,USD,14619,29_current_liabilities,current_liabilities,current liabilities,Atlas Global Industries,2025,USD,29300,28_short_term_investments,short_term_investments,short term investments,Atlas Global Industries,2024,USD,4705,28_total_liabilities,total_liabilities,total liabilities,Atlas Global Industries,2024,USD,53407,,,,,,,,,,,,,,
39,0,What is total assets for Atlas Global Industries in 2022?,26_total_assets,"{""leaf"": ""26_total_assets"", ""depth"": 0}","{""kind"": ""leaf"", ""name"": ""L0"", ""family"": ""amount"", ""semantic_type_in"": [""amount""], ""context_group"": ""C0"", ""entity_group"": ""E1""}",66524.0,0,0,0,795336001,43434500,2345,0.511,0,1,1,26_total_assets,total_assets,total assets,Atlas Global Industries,2022,USD,66524,,,,,,,,,,,,,,,,,,,,,,,,,,,,,,,,,,,,,,,,,,,,,,,,,,,,,,,,,,,,,,,
40,3,"What is the minimum of total equity for Crimson Pharmaceuticals in 2023, scaled by the growth in short term investments for Crimson Pharmaceuticals from 2023 to 2024 and the difference between the difference between total equity for Crimson Pharmaceuticals in 2022 and total equity for Crimson Pharmaceuticals in 2022 and the sum of total equity for Crimson Pharmaceuticals in 2022 and total equity for Crimson Pharmaceuticals in 2022?","min(mul(87_total_equity, growth(87_short_term_investments, 88_short_term_investments)), diff(diff(86_total_equity, 86_total_equity), sum(86_total_equity, 86_total_equity)))","{""op"": ""min"", ""left"": {""op"": ""mul"", ""left"": {""leaf"": ""87_total_equity"", ""depth"": 0}, ""right"": {""op"": ""growth"", ""left"": {""leaf"": ""87_short_term_investments"", ""depth"": 0}, ""right"": {""leaf"": ""88_short_term_investments"", ""depth"": 0}, ""depth"": 1}, ""depth"": 2}, ""right"": {""op"": ""diff"", ""left"": {""op"": ""diff"", ""left"": {""leaf"": ""86_total_equity"", ""depth"": 0}, ""right"": {""leaf"": ""86_total_equity"", ""depth"": 0}, ""depth"": 1}, ""right"": {""op"": ""sum"", ""left"": {""leaf"": ""86_total_equity"", ""depth"": 0}, ""right"": {""leaf"": ""86_total_equity"", ""depth"": 0}, ""depth"": 1}, ""depth"": 2}, ""depth"": 3}","{""kind"": ""node"", ""node_id"": ""N5"", ""op"": ""min"", ""family"": ""amount"", ""depth"": 3, ""left"": {""kind"": ""node"", ""node_id"": ""N1"", ""op"": ""mul"", ""family"": ""amount"", ""depth"": 2, ""left"": {""kind"": ""leaf"", ""name"": ""L0"", ""family"": ""amount"", ""semantic_type_in"": [""amount""], ""context_group"": ""C4"", ""entity_group"": ""E1"", ""time_series_group"": ""Y2"", ""concept_group"": ""T3""}, ""right"": {""kind"": ""node"", ""node_id"": ""N0"", ""op"": ""growth"", ""family"": ""ratio"", ""depth"": 1, ""left"": {""kind"": ""leaf"", ""name"": ""L1"", ""family"": ""amount"", ""semantic_type_in"": [""amount""], ""context_group"": ""C7"", ""entity_group"": ""E1"", ""time_series_group"": ""Y5"", ""concept_group"": ""T6""}, ""right"": {""kind"": ""leaf"", ""name"": ""L2"", ""family"": ""amount"", ""semantic_type_in"": [""amount""], ""context_group"": ""C8"", ""entity_group"": ""E1"", ""time_series_group"": ""Y5"", ""concept_group"": ""T6""}, ""over_years_group"": ""Y5""}}, ""right"": {""kind"": ""node"", ""node_id"": ""N4"", ""op"": ""diff"", ""family"": ""amount"", ""depth"": 2, ""left"": {""kind"": ""node"", ""node_id"": ""N2"", ""op"": ""diff"", ""family"": ""amount"", ""depth"": 1, ""left"": {""kind"": ""leaf"", ""name"": ""L3"", ""family"": ""amount"", ""semantic_type_in"": [""amount""], ""context_group"": ""C9"", ""entity_group"": ""E1"", ""time_series_group"": ""Y2"", ""concept_group"": ""T3""}, ""right"": {""kind"": ""leaf"", ""name"": ""L4"", ""family"": ""amount"", ""semantic_type_in"": [""amount""], ""context_group"": ""C9"", ""entity_group"": ""E1"", ""time_series_group"": ""Y2"", ""concept_group"": ""T3""}}, ""right"": {""kind"": ""node"", ""node_id"": ""N3"", ""op"": ""sum"", ""family"": ""amount"", ""depth"": 1, ""left"": {""kind"": ""leaf"", ""name"": ""L5"", ""family"": ""amount"", ""semantic_type_in"": [""amount""], ""context_group"": ""C9"", ""entity_group"": ""E1"", ""time_series_group"": ""Y2"", ""concept_group"": ""T3""}, ""right"": {""kind"": ""leaf"", ""name"": ""L6"", ""family"": ""amount"", ""semantic_type_in"": [""amount""], ""context_group"": ""C9"", ""entity_group"": ""E1"", ""time_series_group"": ""Y2"", ""concept_group"": ""T3""}}}, ""over_years_group"": ""Y2""}",-298964.0,3,3,3,213442893,911824628,2345,0.456,6,7,7,87_total_equity,total_equity,total equity,Crimson Pharmaceuticals,2023,USD,291813,87_short_term_investments,short_term_investments,short term investments,Crimson Pharmaceuticals,2023,USD,48515,88_short_term_investments,short_term_investments,short term investments,Crimson Pharmaceuticals,2024,USD,48824,86_total_equity,total_equity,total equity,Crimson Pharmaceuticals,2022,USD,149482,86_total_equity,total_equity,total equity,Crimson Pharmaceuticals,2022,USD,149482,86_total_equity,total_equity,total equity,Crimson Pharmaceuticals,2022,USD,149482,86_total_equity,total_equity,total equity,Crimson Pharmaceuticals,2022,USD,149482,,,,,,,,,,,,,,,,,,,,,
41,5,What is the difference between the average of current assets for Quantum Bridge Holdings in 2022 and the difference between total liabilities for Quantum Bridge Holdings in 2024 and total liabilities for Quantum Bridge Holdings in 2024 and the average of the sum of operating expenses for Quantum Bridge Holdings in 2024 and operating expenses for Quantum Bridge Holdings in 2024 and the difference between operating expenses for Quantum Bridge Holdings in 2021 and operating expenses for Quantum Bridge Holdings in 2021?,"diff(avg(current_assets, diff(16_total_liabilities, 16_total_liabilities)), avg(sum(16_operating_expenses, 16_operating_expenses), diff(13_operating_expenses, 13_operating_expenses)))","{""op"": ""diff"", ""left"": {""op"": ""avg"", ""left"": {""derived"": ""current_assets"", ""expanded"": {""op"": ""sum"", ""left"": {""op"": ""sum"", ""left"": {""op"": ""sum"", ""left"": {""leaf"": ""14_cash"", ""depth"": 0}, ""right"": {""leaf"": ""14_accounts_receivable"", ""depth"": 0}, ""depth"": 1}, ""right"": {""leaf"": ""14_inventories"", ""depth"": 0}, ""depth"": 2}, ""right"": {""leaf"": ""14_short_term_investments"", ""depth"": 0}, ""depth"": 3}, ""depth"": 3}, ""right"": {""op"": ""diff"", ""left"": {""leaf"": ""16_total_liabilities"", ""depth"": 0}, ""right"": {""leaf"": ""16_total_liabilities"", ""depth"": 0}, ""depth"": 1}, ""depth"": 4}, ""right"": {""op"": ""avg"", ""left"": {""op"": ""sum"", ""left"": {""leaf"": ""16_operating_expenses"", ""depth"": 0}, ""right"": {""leaf"": ""16_operating_expenses"", ""depth"": 0}, ""depth"": 1}, ""right"": {""op"": ""diff"", ""left"": {""leaf"": ""13_operating_expenses"", ""depth"": 0}, ""right"": {""leaf"": ""13_operating_expenses"", ""depth"": 0}, ""depth"": 1}, ""depth"": 2}, ""depth"": 5}","{""kind"": ""node"", ""node_id"": ""N5"", ""op"": ""diff"", ""family"": ""amount"", ""depth"": 3, ""left"": {""kind"": ""node"", ""node_id"": ""N1"", ""op"": ""avg"", ""family"": ""amount"", ""depth"": 2, ""left"": {""kind"": ""derived_concept"", ""name"": ""current_assets"", ""family"": ""amount"", ""concept_depth"": 1, ""context_group"": ""C4"", ""entity_group"": ""E1"", ""time_series_group"": ""Y2"", ""concept_group"": ""T3""}, ""right"": {""kind"": ""node"", ""node_id"": ""N0"", ""op"": ""diff"", ""family"": ""amount"", ""depth"": 1, ""left"": {""kind"": ""leaf"", ""name"": ""L0"", ""family"": ""amount"", ""semantic_type_in"": [""amount""], ""context_group"": ""C5"", ""entity_group"": ""E1"", ""time_series_group"": ""Y2"", ""concept_group"": ""T3""}, ""right"": {""kind"": ""leaf"", ""name"": ""L1"", ""family"": ""amount"", ""semantic_type_in"": [""amount""], ""context_group"": ""C5"", ""entity_group"": ""E1"", ""time_series_group"": ""Y2"", ""concept_group"": ""T3""}}, ""over_years_group"": ""Y2""}, ""right"": {""kind"": ""node"", ""node_id"": ""N4"", ""op"": ""avg"", ""family"": ""amount"", ""depth"": 2, ""left"": {""kind"": ""node"", ""node_id"": ""N2"", ""op"": ""sum"", ""family"": ""amount"", ""depth"": 1, ""left"": {""kind"": ""leaf"", ""name"": ""L2"", ""family"": ""amount"", ""semantic_type_in"": [""amount""], ""context_group"": ""C8"", ""entity_group"": ""E1"", ""time_series_group"": ""Y6"", ""concept_group"": ""T7""}, ""right"": {""kind"": ""leaf"", ""name"": ""L3"", ""family"": ""amount"", ""semantic_type_in"": [""amount""], ""context_group"": ""C8"", ""entity_group"": ""E1"", ""time_series_group"": ""Y6"", ""concept_group"": ""T7""}}, ""right"": {""kind"": ""node"", ""node_id"": ""N3"", ""op"": ""diff"", ""family"": ""amount"", ""depth"": 1, ""left"": {""kind"": ""leaf"", ""name"": ""L4"", ""family"": ""amount"", ""semantic_type_in"": [""amount""], ""context_group"": ""C9"", ""entity_group"": ""E1"", ""time_series_group"": ""Y6"", ""concept_group"": ""T7""}, ""right"": {""kind"": ""leaf"", ""name"": ""L5"", ""family"": ""amount"", ""semantic_type_in"": [""amount""], ""context_group"": ""C9"", ""entity_group"": ""E1"", ""time_series_group"": ""Y6"", ""concept_group"": ""T7""}}, ""over_years_group"": ""Y6""}}",10928.0,3,3,5,599047920,921616819,2345,0.522,6,7,10,14_cash,cash,cash,Quantum Bridge Holdings,2022,USD,24174,14_accounts_receivable,accounts_receivable,accounts receivable,Quantum Bridge Holdings,2022,USD,11245,14_inventories,inventories,inventories,Quantum Bridge Holdings,2022,USD,5002,14_short_term_investments,short_term_investments,short term investments,Quantum Bridge Holdings,2022,USD,2093,16_total_liabilities,total_liabilities,total liabilities,Quantum Bridge Holdings,2024,USD,62366,16_total_liabilities,total_liabilities,total liabilities,Quantum Bridge Holdings,2024,USD,62366,16_operating_expenses,operating_expenses,operating expenses,Quantum Bridge Holdings,2024,USD,10329,16_operating_expenses,operating_expenses,operating expenses,Quantum Bridge Holdings,2024,USD,10329,13_operating_expenses,operating_expenses,operating expenses,Quantum Bridge Holdings,2021,USD,13105,13_operating_expenses,operating_expenses,operating expenses,Quantum Bridge Holdings,2021,USD,13105
42,1,What is the difference between cost of goods sold for Meridian Systems Inc in 2025 and total assets for Meridian Systems Inc in 2025?,"diff(11_cost_of_goods_sold, 11_total_assets)","{""op"": ""diff"", ""left"": {""leaf"": ""11_cost_of_goods_sold"", ""depth"": 0}, ""right"": {""leaf"": ""11_total_assets"", ""depth"": 0}, ""depth"": 1}","{""kind"": ""node"", ""node_id"": ""N0"", ""op"": ""diff"", ""family"": ""amount"", ""depth"": 1, ""left"": {""kind"": ""leaf"", ""name"": ""L0"", ""family"": ""amount"", ""semantic_type_in"": [""amount""], ""context_group"": ""C0"", ""entity_group"": ""E1""}, ""right"": {""kind"": ""leaf"", ""name"": ""L1"", ""family"": ""amount"", ""semantic_type_in"": [""amount""], ""context_group"": ""C0"", ""entity_group"": ""E1""}}",-63871.0,1,1,1,725472676,624526372,2345,0.532,1,2,2,11_cost_of_goods_sold,cost_of_goods_sold,cost of goods sold,Meridian Systems Inc,2025,USD,83722,11_total_assets,total_assets,total assets,Meridian Systems Inc,2025,USD,147593,,,,,,,,,,,,,,,,,,,,,,,,,,,,,,,,,,,,,,,,,,,,,,,,,,,,,,,,
43,3,What is the maximum of the difference between the difference between non operating expenses for Ironclad Manufacturing in 2025 and non operating expenses for Ironclad Manufacturing in 2025 and the sum of non operating expenses for Ironclad Manufacturing in 2025 and non operating expenses for Ironclad Manufacturing in 2025 and non operating expenses for Ironclad Manufacturing in 2022?,"max(diff(diff(41_non_operating_expenses, 41_non_operating_expenses), sum(41_non_operating_expenses, 41_non_operating_expenses)), 38_non_operating_expenses)","{""op"": ""max"", ""left"": {""op"": ""diff"", ""left"": {""op"": ""diff"", ""left"": {""leaf"": ""41_non_operating_expenses"", ""depth"": 0}, ""right"": {""leaf"": ""41_non_operating_expenses"", ""depth"": 0}, ""depth"": 1}, ""right"": {""op"": ""sum"", ""left"": {""leaf"": ""41_non_operating_expenses"", ""depth"": 0}, ""right"": {""leaf"": ""41_non_operating_expenses"", ""depth"": 0}, ""depth"": 1}, ""depth"": 2}, ""right"": {""leaf"": ""38_non_operating_expenses"", ""depth"": 0}, ""depth"": 3}","{""kind"": ""node"", ""node_id"": ""N3"", ""op"": ""max"", ""family"": ""amount"", ""depth"": 3, ""left"": {""kind"": ""node"", ""node_id"": ""N2"", ""op"": ""diff"", ""family"": ""amount"", ""depth"": 2, ""left"": {""kind"": ""node"", ""node_id"": ""N0"", ""op"": ""diff"", ""family"": ""amount"", ""depth"": 1, ""left"": {""kind"": ""leaf"", ""name"": ""L0"", ""family"": ""amount"", ""semantic_type_in"": [""amount""], ""context_group"": ""C4"", ""entity_group"": ""E1"", ""time_series_group"": ""Y2"", ""concept_group"": ""T3""}, ""right"": {""kind"": ""leaf"", ""name"": ""L1"", ""family"": ""amount"", ""semantic_type_in"": [""amount""], ""context_group"": ""C4"", ""entity_group"": ""E1"", ""time_series_group"": ""Y2"", ""concept_group"": ""T3""}}, ""right"": {""kind"": ""node"", ""node_id"": ""N1"", ""op"": ""sum"", ""family"": ""amount"", ""depth"": 1, ""left"": {""kind"": ""leaf"", ""name"": ""L2"", ""family"": ""amount"", ""semantic_type_in"": [""amount""], ""context_group"": ""C4"", ""entity_group"": ""E1"", ""time_series_group"": ""Y2"", ""concept_group"": ""T3""}, ""right"": {""kind"": ""leaf"", ""name"": ""L3"", ""family"": ""amount"", ""semantic_type_in"": [""amount""], ""context_group"": ""C4"", ""entity_group"": ""E1"", ""time_series_group"": ""Y2"", ""concept_group"": ""T3""}}}, ""right"": {""kind"": ""leaf"", ""name"": ""L4"", ""family"": ""amount"", ""semantic_type_in"": [""amount""], ""context_group"": ""C5"", ""entity_group"": ""E1"", ""time_series_group"": ""Y2"", ""concept_group"": ""T3""}, ""over_years_group"": ""Y2""}",78160.0,3,3,3,62928700,832202042,2345,0.419,4,5,5,41_non_operating_expenses,non_operating_expenses,non operating expenses,Ironclad Manufacturing,2025,USD,60220,41_non_operating_expenses,non_operating_expenses,non operating expenses,Ironclad Manufacturing,2025,USD,60220,41_non_operating_expenses,non_operating_expenses,non operating expenses,Ironclad Manufacturing,2025,USD,60220,41_non_operating_expenses,non_operating_expenses,non operating expenses,Ironclad Manufacturing,2025,USD,60220,38_non_operating_expenses,non_operating_expenses,non operating expenses,Ironclad Manufacturing,2022,USD,78160,,,,,,,,,,,,,,,,,,,,,,,,,,,,,,,,,,,
44,0,What is capex for Atlas Global Industries in 2022?,26_capex,"{""leaf"": ""26_capex"", ""depth"": 0}","{""kind"": ""leaf"", ""name"": ""L0"", ""family"": ""amount"", ""semantic_type_in"": [""amount""], ""context_group"": ""C0"", ""entity_group"": ""E1""}",4078.0,0,0,0,680000362,328674506,2345,0.367,0,1,1,26_capex,capex,capex,Atlas Global Industries,2022,USD,4078,,,,,,,,,,,,,,,,,,,,,,,,,,,,,,,,,,,,,,,,,,,,,,,,,,,,,,,,,,,,,,,
45,0,What is revenue for Crimson Pharmaceuticals in 2025?,89_revenue,"{""leaf"": ""89_revenue"", ""depth"": 0}","{""kind"": ""leaf"", ""name"": ""L0"", ""family"": ""amount"", ""semantic_type_in"": [""amount""], ""context_group"": ""C0"", ""entity_group"": ""E1""}",797936.0,0,0,0,600237305,276126484,2345,0.349,0,1,1,89_revenue,revenue,revenue,Crimson Pharmaceuticals,2025,USD,797936,,,,,,,,,,,,,,,,,,,,,,,,,,,,,,,,,,,,,,,,,,,,,,,,,,,,,,,,,,,,,,,
46,1,What is the sum of revenue for Apex Dynamics Corp in 2020 and total equity for Apex Dynamics Corp in 2020?,"sum(0_revenue, 0_total_equity)","{""op"": ""sum"", ""left"": {""leaf"": ""0_revenue"", ""depth"": 0}, ""right"": {""leaf"": ""0_total_equity"", ""depth"": 0}, ""depth"": 1}","{""kind"": ""node"", ""node_id"": ""N0"", ""op"": ""sum"", ""family"": ""amount"", ""depth"": 1, ""left"": {""kind"": ""leaf"", ""name"": ""L0"", ""family"": ""amount"", ""semantic_type_in"": [""amount""], ""context_group"": ""C0"", ""entity_group"": ""E1""}, ""right"": {""kind"": ""leaf"", ""name"": ""L1"", ""family"": ""amount"", ""semantic_type_in"": [""amount""], ""context_group"": ""C0"", ""entity_group"": ""E1""}}",92318.0,1,1,1,50473302,718260593,2345,0.301,1,2,2,0_revenue,revenue,revenue,Apex Dynamics Corp,2020,USD,67781,0_total_equity,total_equity,total equity,Apex Dynamics Corp,2020,USD,24537,,,,,,,,,,,,,,,,,,,,,,,,,,,,,,,,,,,,,,,,,,,,,,,,,,,,,,,,
47,2,"What is the average of total liabilities for Quantum Bridge Holdings in 2020, scaled by income tax for Quantum Bridge Holdings in 2020 and total liabilities for Quantum Bridge Holdings in 2023?","avg(mul(12_total_liabilities, 12_income_tax), 15_total_liabilities)","{""op"": ""avg"", ""left"": {""op"": ""mul"", ""left"": {""leaf"": ""12_total_liabilities"", ""depth"": 0}, ""right"": {""leaf"": ""12_income_tax"", ""depth"": 0}, ""depth"": 1}, ""right"": {""leaf"": ""15_total_liabilities"", ""depth"": 0}, ""depth"": 2}","{""kind"": ""node"", ""node_id"": ""N1"", ""op"": ""avg"", ""family"": ""amount"", ""depth"": 2, ""left"": {""kind"": ""node"", ""node_id"": ""N0"", ""op"": ""mul"", ""family"": ""amount"", ""depth"": 1, ""left"": {""kind"": ""leaf"", ""name"": ""L0"", ""family"": ""amount"", ""semantic_type_in"": [""amount""], ""context_group"": ""C4"", ""entity_group"": ""E1"", ""time_series_group"": ""Y2"", ""concept_group"": ""T3""}, ""right"": {""kind"": ""leaf"", ""name"": ""L1"", ""family"": ""ratio"", ""semantic_type_in"": [""ratio"", ""rate""], ""entity_group"": ""E1""}}, ""right"": {""kind"": ""leaf"", ""name"": ""L2"", ""family"": ""amount"", ""semantic_type_in"": [""amount""], ""context_group"": ""C5"", ""entity_group"": ""E1"", ""time_series_group"": ""Y2"", ""concept_group"": ""T3""}, ""over_years_group"": ""Y2""}",27686.014721590713,2,2,2,130124420,240363674,2345,0.621,2,3,3,12_total_liabilities,total_liabilities,total liabilities,Quantum Bridge Holdings,2020,USD,48679,12_income_tax,income_tax,income tax,Quantum Bridge Holdings,2020,ratio,0.157049845789384,15_total_liabilities,total_liabilities,total liabilities,Quantum Bridge Holdings,2023,USD,47727,,,,,,,,,,,,,,,,,,,,,,,,,,,,,,,,,,,,,,,,,,,,,,,,,
48,0,What is cash for SilverLine Retail Inc in 2024?,46_cash,"{""leaf"": ""46_cash"", ""depth"": 0}","{""kind"": ""leaf"", ""name"": ""L0"", ""family"": ""amount"", ""semantic_type_in"": [""amount""], ""context_group"": ""C0"", ""entity_group"": ""E1""}",60999.0,0,0,0,159871671,259694888,2345,0.324,0,1,1,46_cash,cash,cash,SilverLine Retail Inc,2024,USD,60999,,,,,,,,,,,,,,,,,,,,,,,,,,,,,,,,,,,,,,,,,,,,,,,,,,,,,,,,,,,,,,,
49,0,What is revenue for SilverLine Retail Inc in 2023?,45_revenue,"{""leaf"": ""45_revenue"", ""depth"": 0}","{""kind"": ""leaf"", ""name"": ""L0"", ""family"": ""amount"", ""semantic_type_in"": [""amount""], ""context_group"": ""C0"", ""entity_group"": ""E1""}",821170.0,2,0,0,66251181,662001782,2345,0.305,0,1,1,45_revenue,revenue,revenue,SilverLine Retail Inc,2023,USD,821170,,,,,,,,,,,,,,,,,,,,,,,,,,,,,,,,,,,,,,,,,,,,,,,,,,,,,,,,,,,,,,,
50,1,What is the maximum of dividends paid for Meridian Systems Inc using the values from 2021 and 2022?,"max(7_dividends_paid, 8_dividends_paid)","{""op"": ""max"", ""left"": {""leaf"": ""7_dividends_paid"", ""depth"": 0}, ""right"": {""leaf"": ""8_dividends_paid"", ""depth"": 0}, ""depth"": 1}","{""kind"": ""node"", ""node_id"": ""N0"", ""op"": ""max"", ""family"": ""amount"", ""depth"": 1, ""left"": {""kind"": ""leaf"", ""name"": ""L0"", ""family"": ""amount"", ""semantic_type_in"": [""amount""], ""context_group"": ""C4"", ""entity_group"": ""E1"", ""time_series_group"": ""Y2"", ""concept_group"": ""T3""}, ""right"": {""kind"": ""leaf"", ""name"": ""L1"", ""family"": ""amount"", ""semantic_type_in"": [""amount""], ""context_group"": ""C5"", ""entity_group"": ""E1"", ""time_series_group"": ""Y2"", ""concept_group"": ""T3""}, ""over_years_group"": ""Y2""}",15773.0,1,1,1,784889291,646191809,2345,0.597,1,2,2,7_dividends_paid,dividends_paid,dividends paid,Meridian Systems Inc,2021,USD,2447,8_dividends_paid,dividends_paid,dividends paid,Meridian Systems Inc,2022,USD,15773,,,,,,,,,,,,,,,,,,,,,,,,,,,,,,,,,,,,,,,,,,,,,,,,,,,,,,,,
51,1,What is the average of operating expenses for Pinnacle Health Group using the values from 2020 and 2024?,"avg(30_operating_expenses, 34_operating_expenses)","{""op"": ""avg"", ""left"": {""leaf"": ""30_operating_expenses"", ""depth"": 0}, ""right"": {""leaf"": ""34_operating_expenses"", ""depth"": 0}, ""depth"": 1}","{""kind"": ""node"", ""node_id"": ""N0"", ""op"": ""avg"", ""family"": ""amount"", ""depth"": 1, ""left"": {""kind"": ""leaf"", ""name"": ""L0"", ""family"": ""amount"", ""semantic_type_in"": [""amount""], ""context_group"": ""C4"", ""entity_group"": ""E1"", ""time_series_group"": ""Y2"", ""concept_group"": ""T3""}, ""right"": {""kind"": ""leaf"", ""name"": ""L1"", ""family"": ""amount"", ""semantic_type_in"": [""amount""], ""context_group"": ""C5"", ""entity_group"": ""E1"", ""time_series_group"": ""Y2"", ""concept_group"": ""T3""}, ""over_years_group"": ""Y2""}",1522.0,1,1,1,408085022,863093440,2345,0.578,1,2,2,30_operating_expenses,operating_expenses,operating expenses,Pinnacle Health Group,2020,USD,1876,34_operating_expenses,operating_expenses,operating expenses,Pinnacle Health Group,2024,USD,1168,,,,,,,,,,,,,,,,,,,,,,,,,,,,,,,,,,,,,,,,,,,,,,,,,,,,,,,,
52,0,What is current liabilities for Cobalt Semiconductor in 2020?,66_current_liabilities,"{""leaf"": ""66_current_liabilities"", ""depth"": 0}","{""kind"": ""leaf"", ""name"": ""L0"", ""family"": ""amount"", ""semantic_type_in"": [""amount""], ""context_group"": ""C0"", ""entity_group"": ""E1""}",15174.0,3,0,0,829086978,735639109,2345,0.623,0,1,1,66_current_liabilities,current_liabilities,current liabilities,Cobalt Semiconductor,2020,USD,15174,,,,,,,,,,,,,,,,,,,,,,,,,,,,,,,,,,,,,,,,,,,,,,,,,,,,,,,,,,,,,,,
53,0,What is total liabilities for Quantum Bridge Holdings in 2021?,13_total_liabilities,"{""leaf"": ""13_total_liabilities"", ""depth"": 0}","{""kind"": ""leaf"", ""name"": ""L0"", ""family"": ""amount"", ""semantic_type_in"": [""amount""], ""context_group"": ""C0"", ""entity_group"": ""E1""}",20731.0,0,0,0,414428720,10824482,2345,0.591,0,1,1,13_total_liabilities,total_liabilities,total liabilities,Quantum Bridge Holdings,2021,USD,20731,,,,,,,,,,,,,,,,,,,,,,,,,,,,,,,,,,,,,,,,,,,,,,,,,,,,,,,,,,,,,,,
54,3,"What is the minimum of the sum of longterm liabilities for Orion Financial Group in 2024 and revenue for Orion Financial Group in 2024 and the difference between revenue for Orion Financial Group in 2022, scaled by income tax for Orion Financial Group in 2022 and revenue for Orion Financial Group in 2022, scaled by income tax for Orion Financial Group in 2022?","min(sum(longterm_liabilities, 58_revenue), diff(mul(56_revenue, 56_income_tax), mul(56_revenue, 56_income_tax)))","{""op"": ""min"", ""left"": {""op"": ""sum"", ""left"": {""derived"": ""longterm_liabilities"", ""expanded"": {""op"": ""diff"", ""left"": {""leaf"": ""58_total_liabilities"", ""depth"": 0}, ""right"": {""leaf"": ""58_current_liabilities"", ""depth"": 0}, ""depth"": 1}, ""depth"": 1}, ""right"": {""leaf"": ""58_revenue"", ""depth"": 0}, ""depth"": 2}, ""right"": {""op"": ""diff"", ""left"": {""op"": ""mul"", ""left"": {""leaf"": ""56_revenue"", ""depth"": 0}, ""right"": {""leaf"": ""56_income_tax"", ""depth"": 0}, ""depth"": 1}, ""right"": {""op"": ""mul"", ""left"": {""leaf"": ""56_revenue"", ""depth"": 0}, ""right"": {""leaf"": ""56_income_tax"", ""depth"": 0}, ""depth"": 1}, ""depth"": 2}, ""depth"": 3}","{""kind"": ""node"", ""node_id"": ""N4"", ""op"": ""min"", ""family"": ""amount"", ""depth"": 3, ""left"": {""kind"": ""node"", ""node_id"": ""N0"", ""op"": ""sum"", ""family"": ""amount"", ""depth"": 2, ""left"": {""kind"": ""derived_concept"", ""name"": ""longterm_liabilities"", ""family"": ""amount"", ""concept_depth"": 1, ""context_group"": ""C4"", ""entity_group"": ""E1"", ""time_series_group"": ""Y2"", ""concept_group"": ""T3""}, ""right"": {""kind"": ""leaf"", ""name"": ""L0"", ""family"": ""amount"", ""semantic_type_in"": [""amount""], ""context_group"": ""C4"", ""entity_group"": ""E1"", ""time_series_group"": ""Y2"", ""concept_group"": ""T3""}}, ""right"": {""kind"": ""node"", ""node_id"": ""N3"", ""op"": ""diff"", ""family"": ""amount"", ""depth"": 2, ""left"": {""kind"": ""node"", ""node_id"": ""N1"", ""op"": ""mul"", ""family"": ""amount"", ""depth"": 1, ""left"": {""kind"": ""leaf"", ""name"": ""L1"", ""family"": ""amount"", ""semantic_type_in"": [""amount""], ""context_group"": ""C5"", ""entity_group"": ""E1"", ""time_series_group"": ""Y2"", ""concept_group"": ""T3""}, ""right"": {""kind"": ""leaf"", ""name"": ""L2"", ""family"": ""ratio"", ""semantic_type_in"": [""ratio"", ""rate""], ""entity_group"": ""E1""}}, ""right"": {""kind"": ""node"", ""node_id"": ""N2"", ""op"": ""mul"", ""family"": ""amount"", ""depth"": 1, ""left"": {""kind"": ""leaf"", ""name"": ""L3"", ""family"": ""amount"", ""semantic_type_in"": [""amount""], ""context_group"": ""C5"", ""entity_group"": ""E1"", ""time_series_group"": ""Y2"", ""concept_group"": ""T3""}, ""right"": {""kind"": ""leaf"", ""name"": ""L4"", ""family"": ""ratio"", ""semantic_type_in"": [""ratio"", ""rate""], ""entity_group"": ""E1""}}}, ""over_years_group"": ""Y2""}",0.0,3,3,3,295808688,638230384,2345,0.508,5,6,7,58_total_liabilities,total_liabilities,total liabilities,Orion Financial Group,2024,USD,104036,58_current_liabilities,current_liabilities,current liabilities,Orion Financial Group,2024,USD,41540,58_revenue,revenue,revenue,Orion Financial Group,2024,USD,142085,56_revenue,revenue,revenue,Orion Financial Group,2022,USD,115348,56_income_tax,income_tax,income tax,Orion Financial Group,2022,ratio,0.1126434082320391,56_revenue,revenue,revenue,Orion Financial Group,2022,USD,115348,56_income_tax,income_tax,income tax,Orion Financial Group,2022,ratio,0.1126434082320391,,,,,,,,,,,,,,,,,,,,,
55,0,What is accounts receivable for Meridian Systems Inc in 2024?,10_accounts_receivable,"{""leaf"": ""10_accounts_receivable"", ""depth"": 0}","{""kind"": ""leaf"", ""name"": ""L0"", ""family"": ""amount"", ""semantic_type_in"": [""amount""], ""context_group"": ""C0"", ""entity_group"": ""E1""}",20351.0,3,0,0,513554354,616049909,2345,0.45,0,1,1,10_accounts_receivable,accounts_receivable,accounts receivable,Meridian Systems Inc,2024,USD,20351,,,,,,,,,,,,,,,,,,,,,,,,,,,,,,,,,,,,,,,,,,,,,,,,,,,,,,,,,,,,,,,
56,0,What is capex for Ironclad Manufacturing in 2024?,40_capex,"{""leaf"": ""40_capex"", ""depth"": 0}","{""kind"": ""leaf"", ""name"": ""L0"", ""family"": ""amount"", ""semantic_type_in"": [""amount""], ""context_group"": ""C0"", ""entity_group"": ""E1""}",11427.0,1,0,0,804743540,441902692,2345,0.475,0,1,1,40_capex,capex,capex,Ironclad Manufacturing,2024,USD,11427,,,,,,,,,,,,,,,,,,,,,,,,,,,,,,,,,,,,,,,,,,,,,,,,,,,,,,,,,,,,,,,
57,0,What is dividends paid for Crimson Pharmaceuticals in 2023?,87_dividends_paid,"{""leaf"": ""87_dividends_paid"", ""depth"": 0}","{""kind"": ""leaf"", ""name"": ""L0"", ""family"": ""amount"", ""semantic_type_in"": [""amount""], ""context_group"": ""C0"", ""entity_group"": ""E1""}",35183.0,0,0,0,978676207,371617920,2345,0.458,0,1,1,87_dividends_paid,dividends_paid,dividends paid,Crimson Pharmaceuticals,2023,USD,35183,,,,,,,,,,,,,,,,,,,,,,,,,,,,,,,,,,,,,,,,,,,,,,,,,,,,,,,,,,,,,,,
58,1,"What is total assets for Atlas Global Industries in 2022, scaled by income tax for Atlas Global Industries in 2022?","mul(26_total_assets, 26_income_tax)","{""op"": ""mul"", ""left"": {""leaf"": ""26_total_assets"", ""depth"": 0}, ""right"": {""leaf"": ""26_income_tax"", ""depth"": 0}, ""depth"": 1}","{""kind"": ""node"", ""node_id"": ""N0"", ""op"": ""mul"", ""family"": ""amount"", ""depth"": 1, ""left"": {""kind"": ""leaf"", ""name"": ""L0"", ""family"": ""amount"", ""semantic_type_in"": [""amount""], ""context_group"": ""C0"", ""entity_group"": ""E1""}, ""right"": {""kind"": ""leaf"", ""name"": ""L1"", ""family"": ""ratio"", ""semantic_type_in"": [""ratio"", ""rate""], ""entity_group"": ""E1""}}",16654.639789032004,1,1,1,100026373,488124920,2345,0.443,1,2,2,26_total_assets,total_assets,total assets,Atlas Global Industries,2022,USD,66524,26_income_tax,income_tax,income tax,Atlas Global Industries,2022,ratio,0.2503553573001023,,,,,,,,,,,,,,,,,,,,,,,,,,,,,,,,,,,,,,,,,,,,,,,,,,,,,,,,
59,3,What is the sum of cash for Pinnacle Health Group in 2022 and the minimum of the difference between short term investments for Pinnacle Health Group in 2024 and short term investments for Pinnacle Health Group in 2024 and longterm liabilities for Pinnacle Health Group in 2025?,"sum(32_cash, min(diff(34_short_term_investments, 34_short_term_investments), longterm_liabilities))","{""op"": ""sum"", ""left"": {""leaf"": ""32_cash"", ""depth"": 0}, ""right"": {""op"": ""min"", ""left"": {""op"": ""diff"", ""left"": {""leaf"": ""34_short_term_investments"", ""depth"": 0}, ""right"": {""leaf"": ""34_short_term_investments"", ""depth"": 0}, ""depth"": 1}, ""right"": {""derived"": ""longterm_liabilities"", ""expanded"": {""op"": ""diff"", ""left"": {""leaf"": ""35_total_liabilities"", ""depth"": 0}, ""right"": {""leaf"": ""35_current_liabilities"", ""depth"": 0}, ""depth"": 1}, ""depth"": 1}, ""depth"": 2}, ""depth"": 3}","{""kind"": ""node"", ""node_id"": ""N2"", ""op"": ""sum"", ""family"": ""amount"", ""depth"": 3, ""left"": {""kind"": ""leaf"", ""name"": ""L0"", ""family"": ""amount"", ""semantic_type_in"": [""amount""], ""context_group"": ""C0"", ""entity_group"": ""E1""}, ""right"": {""kind"": ""node"", ""node_id"": ""N1"", ""op"": ""min"", ""family"": ""amount"", ""depth"": 2, ""left"": {""kind"": ""node"", ""node_id"": ""N0"", ""op"": ""diff"", ""family"": ""amount"", ""depth"": 1, ""left"": {""kind"": ""leaf"", ""name"": ""L1"", ""family"": ""amount"", ""semantic_type_in"": [""amount""], ""context_group"": ""C4"", ""entity_group"": ""E1"", ""time_series_group"": ""Y2"", ""concept_group"": ""T3""}, ""right"": {""kind"": ""leaf"", ""name"": ""L2"", ""family"": ""amount"", ""semantic_type_in"": [""amount""], ""context_group"": ""C4"", ""entity_group"": ""E1"", ""time_series_group"": ""Y2"", ""concept_group"": ""T3""}}, ""right"": {""kind"": ""derived_concept"", ""name"": ""longterm_liabilities"", ""family"": ""amount"", ""concept_depth"": 1, ""context_group"": ""C5"", ""entity_group"": ""E1"", ""time_series_group"": ""Y2"", ""concept_group"": ""T3""}, ""over_years_group"": ""Y2""}}",1722.0,3,3,3,760617059,807370467,2345,0.608,3,4,5,32_cash,cash,cash,Pinnacle Health Group,2022,USD,1722,34_short_term_investments,short_term_investments,short term investments,Pinnacle Health Group,2024,USD,1839,34_short_term_investments,short_term_investments,short term investments,Pinnacle Health Group,2024,USD,1839,35_total_liabilities,total_liabilities,total liabilities,Pinnacle Health Group,2025,USD,28202,35_current_liabilities,current_liabilities,current liabilities,Pinnacle Health Group,2025,USD,10051,,,,,,,,,,,,,,,,,,,,,,,,,,,,,,,,,,,
60,2,"What is the average of inventories for Orion Financial Group using the values from 2022 and 2024, scaled by the ratio of operating expenses for Orion Financial Group in 2022 to dividends paid for Orion Financial Group in 2022?","mul(avg(56_inventories, 58_inventories), ratio(56_operating_expenses, 56_dividends_paid))","{""op"": ""mul"", ""left"": {""op"": ""avg"", ""left"": {""leaf"": ""56_inventories"", ""depth"": 0}, ""right"": {""leaf"": ""58_inventories"", ""depth"": 0}, ""depth"": 1}, ""right"": {""op"": ""ratio"", ""left"": {""leaf"": ""56_operating_expenses"", ""depth"": 0}, ""right"": {""leaf"": ""56_dividends_paid"", ""depth"": 0}, ""depth"": 1}, ""depth"": 2}","{""kind"": ""node"", ""node_id"": ""N2"", ""op"": ""mul"", ""family"": ""amount"", ""depth"": 2, ""left"": {""kind"": ""node"", ""node_id"": ""N0"", ""op"": ""avg"", ""family"": ""amount"", ""depth"": 1, ""left"": {""kind"": ""leaf"", ""name"": ""L0"", ""family"": ""amount"", ""semantic_type_in"": [""amount""], ""context_group"": ""C4"", ""entity_group"": ""E1"", ""time_series_group"": ""Y2"", ""concept_group"": ""T3""}, ""right"": {""kind"": ""leaf"", ""name"": ""L1"", ""family"": ""amount"", ""semantic_type_in"": [""amount""], ""context_group"": ""C5"", ""entity_group"": ""E1"", ""time_series_group"": ""Y2"", ""concept_group"": ""T3""}, ""over_years_group"": ""Y2""}, ""right"": {""kind"": ""node"", ""node_id"": ""N1"", ""op"": ""ratio"", ""family"": ""ratio"", ""depth"": 1, ""left"": {""kind"": ""leaf"", ""name"": ""L2"", ""family"": ""amount"", ""semantic_type_in"": [""amount""], ""context_group"": ""C0"", ""entity_group"": ""E1""}, ""right"": {""kind"": ""leaf"", ""name"": ""L3"", ""family"": ""amount"", ""semantic_type_in"": [""amount""], ""context_group"": ""C0"", ""entity_group"": ""E1""}}}",26188.810168251646,2,2,2,748231667,702679040,2345,0.312,3,4,4,56_inventories,inventories,inventories,Orion Financial Group,2022,USD,2433,58_inventories,inventories,inventories,Orion Financial Group,2024,USD,8221,56_operating_expenses,operating_expenses,operating expenses,Orion Financial Group,2022,USD,26882,56_dividends_paid,dividends_paid,dividends paid,Orion Financial Group,2022,USD,5468,,,,,,,,,,,,,,,,,,,,,,,,,,,,,,,,,,,,,,,,,,
61,0,What is total liabilities for Apex Dynamics Corp in 2024?,4_total_liabilities,"{""leaf"": ""4_total_liabilities"", ""depth"": 0}","{""kind"": ""leaf"", ""name"": ""L0"", ""family"": ""amount"", ""semantic_type_in"": [""amount""], ""context_group"": ""C0"", ""entity_group"": ""E1""}",67132.0,0,0,0,256408908,181380620,2345,0.603,0,1,1,4_total_liabilities,total_liabilities,total liabilities,Apex Dynamics Corp,2024,USD,67132,,,,,,,,,,,,,,,,,,,,,,,,,,,,,,,,,,,,,,,,,,,,,,,,,,,,,,,,,,,,,,,
62,2,"What is total equity for Pacific Crest Energy in 2024, scaled by the ratio of short term investments for Pacific Crest Energy in 2024 to total equity for Pacific Crest Energy in 2024?","mul(52_total_equity, ratio(52_short_term_investments, 52_total_equity))","{""op"": ""mul"", ""left"": {""leaf"": ""52_total_equity"", ""depth"": 0}, ""right"": {""op"": ""ratio"", ""left"": {""leaf"": ""52_short_term_investments"", ""depth"": 0}, ""right"": {""leaf"": ""52_total_equity"", ""depth"": 0}, ""depth"": 1}, ""depth"": 2}","{""kind"": ""node"", ""node_id"": ""N1"", ""op"": ""mul"", ""family"": ""amount"", ""depth"": 2, ""left"": {""kind"": ""leaf"", ""name"": ""L0"", ""family"": ""amount"", ""semantic_type_in"": [""amount""], ""context_group"": ""C0"", ""entity_group"": ""E1""}, ""right"": {""kind"": ""node"", ""node_id"": ""N0"", ""op"": ""ratio"", ""family"": ""ratio"", ""depth"": 1, ""left"": {""kind"": ""leaf"", ""name"": ""L1"", ""family"": ""amount"", ""semantic_type_in"": [""amount""], ""context_group"": ""C0"", ""entity_group"": ""E1""}, ""right"": {""kind"": ""leaf"", ""name"": ""L2"", ""family"": ""amount"", ""semantic_type_in"": [""amount""], ""context_group"": ""C0"", ""entity_group"": ""E1""}}}",21502.0,2,2,2,334955452,433880261,2345,0.48,2,3,3,52_total_equity,total_equity,total equity,Pacific Crest Energy,2024,USD,62045,52_short_term_investments,short_term_investments,short term investments,Pacific Crest Energy,2024,USD,21502,52_total_equity,total_equity,total equity,Pacific Crest Energy,2024,USD,62045,,,,,,,,,,,,,,,,,,,,,,,,,,,,,,,,,,,,,,,,,,,,,,,,,
63,0,What is non operating expenses for Atlas Global Industries in 2020?,24_non_operating_expenses,"{""leaf"": ""24_non_operating_expenses"", ""depth"": 0}","{""kind"": ""leaf"", ""name"": ""L0"", ""family"": ""amount"", ""semantic_type_in"": [""amount""], ""context_group"": ""C0"", ""entity_group"": ""E1""}",14812.0,0,0,0,434327463,836238312,2345,0.348,0,1,1,24_non_operating_expenses,non_operating_expenses,non operating expenses,Atlas Global Industries,2020,USD,14812,,,,,,,,,,,,,,,,,,,,,,,,,,,,,,,,,,,,,,,,,,,,,,,,,,,,,,,,,,,,,,,
64,3,What is current assets for Orion Financial Group in 2022?,current_assets,"{""derived"": ""current_assets"", ""expanded"": {""op"": ""sum"", ""left"": {""op"": ""sum"", ""left"": {""op"": ""sum"", ""left"": {""leaf"": ""56_cash"", ""depth"": 0}, ""right"": {""leaf"": ""56_accounts_receivable"", ""depth"": 0}, ""depth"": 1}, ""right"": {""leaf"": ""56_inventories"", ""depth"": 0}, ""depth"": 2}, ""right"": {""leaf"": ""56_short_term_investments"", ""depth"": 0}, ""depth"": 3}, ""depth"": 3}","{""kind"": ""derived_concept"", ""name"": ""current_assets"", ""family"": ""amount"", ""concept_depth"": 1, ""context_group"": ""C0"", ""entity_group"": ""E1""}",33146.0,3,0,3,240729921,939424987,2345,0.404,0,1,4,56_cash,cash,cash,Orion Financial Group,2022,USD,8636,56_accounts_receivable,accounts_receivable,accounts receivable,Orion Financial Group,2022,USD,9324,56_inventories,inventories,inventories,Orion Financial Group,2022,USD,2433,56_short_term_investments,short_term_investments,short term investments,Orion Financial Group,2022,USD,12753,,,,,,,,,,,,,,,,,,,,,,,,,,,,,,,,,,,,,,,,,,
65,2,"What is the minimum of short term investments for Cobalt Semiconductor in 2022, scaled by income tax for Cobalt Semiconductor in 2022 and short term investments for Cobalt Semiconductor in 2023, scaled by income tax for Cobalt Semiconductor in 2023?","min(mul(68_short_term_investments, 68_income_tax), mul(69_short_term_investments, 69_income_tax))","{""op"": ""min"", ""left"": {""op"": ""mul"", ""left"": {""leaf"": ""68_short_term_investments"", ""depth"": 0}, ""right"": {""leaf"": ""68_income_tax"", ""depth"": 0}, ""depth"": 1}, ""right"": {""op"": ""mul"", ""left"": {""leaf"": ""69_short_term_investments"", ""depth"": 0}, ""right"": {""leaf"": ""69_income_tax"", ""depth"": 0}, ""depth"": 1}, ""depth"": 2}","{""kind"": ""node"", ""node_id"": ""N2"", ""op"": ""min"", ""family"": ""amount"", ""depth"": 2, ""left"": {""kind"": ""node"", ""node_id"": ""N0"", ""op"": ""mul"", ""family"": ""amount"", ""depth"": 1, ""left"": {""kind"": ""leaf"", ""name"": ""L0"", ""family"": ""amount"", ""semantic_type_in"": [""amount""], ""context_group"": ""C4"", ""entity_group"": ""E1"", ""time_series_group"": ""Y2"", ""concept_group"": ""T3""}, ""right"": {""kind"": ""leaf"", ""name"": ""L1"", ""family"": ""ratio"", ""semantic_type_in"": [""ratio"", ""rate""], ""entity_group"": ""E1""}}, ""right"": {""kind"": ""node"", ""node_id"": ""N1"", ""op"": ""mul"", ""family"": ""amount"", ""depth"": 1, ""left"": {""kind"": ""leaf"", ""name"": ""L2"", ""family"": ""amount"", ""semantic_type_in"": [""amount""], ""context_group"": ""C5"", ""entity_group"": ""E1"", ""time_series_group"": ""Y2"", ""concept_group"": ""T3""}, ""right"": {""kind"": ""leaf"", ""name"": ""L3"", ""family"": ""ratio"", ""semantic_type_in"": [""ratio"", ""rate""], ""entity_group"": ""E1""}}, ""over_years_group"": ""Y2""}",598.2527207532148,2,2,2,607797876,539439572,2345,0.321,3,4,4,68_short_term_investments,short_term_investments,short term investments,Cobalt Semiconductor,2022,USD,4097,68_income_tax,income_tax,income tax,Cobalt Semiconductor,2022,ratio,0.1460221432153319,69_short_term_investments,short_term_investments,short term investments,Cobalt Semiconductor,2023,USD,4666,69_income_tax,income_tax,income tax,Cobalt Semiconductor,2023,ratio,0.2895228618653495,,,,,,,,,,,,,,,,,,,,,,,,,,,,,,,,,,,,,,,,,,
66,2,What is the minimum of the difference between current liabilities for Atlas Global Industries in 2024 and current liabilities for Atlas Global Industries in 2024 and the sum of current liabilities for Atlas Global Industries in 2023 and current liabilities for Atlas Global Industries in 2023?,"min(diff(28_current_liabilities, 28_current_liabilities), sum(27_current_liabilities, 27_current_liabilities))","{""op"": ""min"", ""left"": {""op"": ""diff"", ""left"": {""leaf"": ""28_current_liabilities"", ""depth"": 0}, ""right"": {""leaf"": ""28_current_liabilities"", ""depth"": 0}, ""depth"": 1}, ""right"": {""op"": ""sum"", ""left"": {""leaf"": ""27_current_liabilities"", ""depth"": 0}, ""right"": {""leaf"": ""27_current_liabilities"", ""depth"": 0}, ""depth"": 1}, ""depth"": 2}","{""kind"": ""node"", ""node_id"": ""N2"", ""op"": ""min"", ""family"": ""amount"", ""depth"": 2, ""left"": {""kind"": ""node"", ""node_id"": ""N0"", ""op"": ""diff"", ""family"": ""amount"", ""depth"": 1, ""left"": {""kind"": ""leaf"", ""name"": ""L0"", ""family"": ""amount"", ""semantic_type_in"": [""amount""], ""context_group"": ""C4"", ""entity_group"": ""E1"", ""time_series_group"": ""Y2"", ""concept_group"": ""T3""}, ""right"": {""kind"": ""leaf"", ""name"": ""L1"", ""family"": ""amount"", ""semantic_type_in"": [""amount""], ""context_group"": ""C4"", ""entity_group"": ""E1"", ""time_series_group"": ""Y2"", ""concept_group"": ""T3""}}, ""right"": {""kind"": ""node"", ""node_id"": ""N1"", ""op"": ""sum"", ""family"": ""amount"", ""depth"": 1, ""left"": {""kind"": ""leaf"", ""name"": ""L2"", ""family"": ""amount"", ""semantic_type_in"": [""amount""], ""context_group"": ""C5"", ""entity_group"": ""E1"", ""time_series_group"": ""Y2"", ""concept_group"": ""T3""}, ""right"": {""kind"": ""leaf"", ""name"": ""L3"", ""family"": ""amount"", ""semantic_type_in"": [""amount""], ""context_group"": ""C5"", ""entity_group"": ""E1"", ""time_series_group"": ""Y2"", ""concept_group"": ""T3""}}, ""over_years_group"": ""Y2""}",0.0,2,2,2,304334932,700219690,2345,0.582,3,4,4,28_current_liabilities,current_liabilities,current liabilities,Atlas Global Industries,2024,USD,22282,28_current_liabilities,current_liabilities,current liabilities,Atlas Global Industries,2024,USD,22282,27_current_liabilities,current_liabilities,current liabilities,Atlas Global Industries,2023,USD,8455,27_current_liabilities,current_liabilities,current liabilities,Atlas Global Industries,2023,USD,8455,,,,,,,,,,,,,,,,,,,,,,,,,,,,,,,,,,,,,,,,,,
67,3,What is the sum of the maximum of current assets for Quantum Bridge Holdings using the values from 2022 and 2025 and operating income for Quantum Bridge Holdings in 2025?,"sum(max(sum(17_short_term_investments, 17_short_term_investments), sum(14_short_term_investments, 14_short_term_investments)), operating_income)","{""op"": ""sum"", ""left"": {""op"": ""max"", ""left"": {""op"": ""sum"", ""left"": {""leaf"": ""17_short_term_investments"", ""depth"": 0}, ""right"": {""leaf"": ""17_short_term_investments"", ""depth"": 0}, ""depth"": 1}, ""right"": {""op"": ""sum"", ""left"": {""leaf"": ""14_short_term_investments"", ""depth"": 0}, ""right"": {""leaf"": ""14_short_term_investments"", ""depth"": 0}, ""depth"": 1}, ""depth"": 2}, ""right"": {""derived"": ""operating_income"", ""expanded"": {""op"": ""diff"", ""left"": {""derived"": ""gross_profit"", ""expanded"": {""op"": ""diff"", ""left"": {""leaf"": ""17_revenue"", ""depth"": 0}, ""right"": {""leaf"": ""17_cost_of_goods_sold"", ""depth"": 0}, ""depth"": 1}, ""depth"": 1}, ""right"": {""leaf"": ""17_operating_expenses"", ""depth"": 0}, ""depth"": 2}, ""depth"": 2}, ""depth"": 3}","{""kind"": ""node"", ""node_id"": ""N3"", ""op"": ""sum"", ""family"": ""amount"", ""depth"": 3, ""left"": {""kind"": ""node"", ""node_id"": ""N2"", ""op"": ""max"", ""family"": ""amount"", ""depth"": 2, ""left"": {""kind"": ""node"", ""node_id"": ""N0"", ""op"": ""sum"", ""family"": ""amount"", ""depth"": 1, ""left"": {""kind"": ""leaf"", ""name"": ""L0"", ""family"": ""amount"", ""semantic_type_in"": [""amount""], ""context_group"": ""C4"", ""entity_group"": ""E1"", ""time_series_group"": ""Y2"", ""concept_group"": ""T3""}, ""right"": {""kind"": ""leaf"", ""name"": ""L1"", ""family"": ""amount"", ""semantic_type_in"": [""amount""], ""context_group"": ""C4"", ""entity_group"": ""E1"", ""time_series_group"": ""Y2"", ""concept_group"": ""T3""}}, ""right"": {""kind"": ""node"", ""node_id"": ""N1"", ""op"": ""sum"", ""family"": ""amount"", ""depth"": 1, ""left"": {""kind"": ""leaf"", ""name"": ""L2"", ""family"": ""amount"", ""semantic_type_in"": [""amount""], ""context_group"": ""C5"", ""entity_group"": ""E1"", ""time_series_group"": ""Y2"", ""concept_group"": ""T3""}, ""right"": {""kind"": ""leaf"", ""name"": ""L3"", ""family"": ""amount"", ""semantic_type_in"": [""amount""], ""context_group"": ""C5"", ""entity_group"": ""E1"", ""time_series_group"": ""Y2"", ""concept_group"": ""T3""}}, ""over_years_group"": ""Y2""}, ""right"": {""kind"": ""derived_concept"", ""name"": ""operating_income"", ""family"": ""amount"", ""concept_depth"": 2, ""context_group"": ""C0"", ""entity_group"": ""E1""}}",40484.0,3,3,3,432999987,474772205,2345,0.376,4,5,7,17_short_term_investments,short_term_investments,short term investments,Quantum Bridge Holdings,2025,USD,5710,17_short_term_investments,short_term_investments,short term investments,Quantum Bridge Holdings,2025,USD,5710,14_short_term_investments,short_term_investments,short term investments,Quantum Bridge Holdings,2022,USD,2093,14_short_term_investments,short_term_investments,short term investments,Quantum Bridge Holdings,2022,USD,2093,17_revenue,revenue,revenue,Quantum Bridge Holdings,2025,USD,93742,17_cost_of_goods_sold,cost_of_goods_sold,cost of goods sold,Quantum Bridge Holdings,2025,USD,46761,17_operating_expenses,operating_expenses,operating expenses,Quantum Bridge Holdings,2025,USD,17917,,,,,,,,,,,,,,,,,,,,,
68,2,"What is the average of short term investments for Atlas Global Industries using the values from 2022 and 2025, scaled by the growth in non operating expenses for Atlas Global Industries from 2020 to 2023?","mul(avg(26_short_term_investments, 29_short_term_investments), growth(24_non_operating_expenses, 27_non_operating_expenses))","{""op"": ""mul"", ""left"": {""op"": ""avg"", ""left"": {""leaf"": ""26_short_term_investments"", ""depth"": 0}, ""right"": {""leaf"": ""29_short_term_investments"", ""depth"": 0}, ""depth"": 1}, ""right"": {""op"": ""growth"", ""left"": {""leaf"": ""24_non_operating_expenses"", ""depth"": 0}, ""right"": {""leaf"": ""27_non_operating_expenses"", ""depth"": 0}, ""depth"": 1}, ""depth"": 2}","{""kind"": ""node"", ""node_id"": ""N2"", ""op"": ""mul"", ""family"": ""amount"", ""depth"": 2, ""left"": {""kind"": ""node"", ""node_id"": ""N0"", ""op"": ""avg"", ""family"": ""amount"", ""depth"": 1, ""left"": {""kind"": ""leaf"", ""name"": ""L0"", ""family"": ""amount"", ""semantic_type_in"": [""amount""], ""context_group"": ""C4"", ""entity_group"": ""E1"", ""time_series_group"": ""Y2"", ""concept_group"": ""T3""}, ""right"": {""kind"": ""leaf"", ""name"": ""L1"", ""family"": ""amount"", ""semantic_type_in"": [""amount""], ""context_group"": ""C5"", ""entity_group"": ""E1"", ""time_series_group"": ""Y2"", ""concept_group"": ""T3""}, ""over_years_group"": ""Y2""}, ""right"": {""kind"": ""node"", ""node_id"": ""N1"", ""op"": ""growth"", ""family"": ""ratio"", ""depth"": 1, ""left"": {""kind"": ""leaf"", ""name"": ""L2"", ""family"": ""amount"", ""semantic_type_in"": [""amount""], ""context_group"": ""C8"", ""entity_group"": ""E1"", ""time_series_group"": ""Y6"", ""concept_group"": ""T7""}, ""right"": {""kind"": ""leaf"", ""name"": ""L3"", ""family"": ""amount"", ""semantic_type_in"": [""amount""], ""context_group"": ""C9"", ""entity_group"": ""E1"", ""time_series_group"": ""Y6"", ""concept_group"": ""T7""}, ""over_years_group"": ""Y6""}}",1682.9101312689331,2,2,2,586716792,782076948,2345,0.666,3,4,4,26_short_term_investments,short_term_investments,short term investments,Atlas Global Industries,2022,USD,4762,29_short_term_investments,short_term_investments,short term investments,Atlas Global Industries,2025,USD,8899,24_non_operating_expenses,non_operating_expenses,non operating expenses,Atlas Global Industries,2020,USD,14812,27_non_operating_expenses,non_operating_expenses,non operating expenses,Atlas Global Industries,2023,USD,11884,,,,,,,,,,,,,,,,,,,,,,,,,,,,,,,,,,,,,,,,,,
69,1,What is the maximum of revenue for NovaStar Technologies using the values from 2022 and 2025?,"max(20_revenue, 23_revenue)","{""op"": ""max"", ""left"": {""leaf"": ""20_revenue"", ""depth"": 0}, ""right"": {""leaf"": ""23_revenue"", ""depth"": 0}, ""depth"": 1}","{""kind"": ""node"", ""node_id"": ""N0"", ""op"": ""max"", ""family"": ""amount"", ""depth"": 1, ""left"": {""kind"": ""leaf"", ""name"": ""L0"", ""family"": ""amount"", ""semantic_type_in"": [""amount""], ""context_group"": ""C4"", ""entity_group"": ""E1"", ""time_series_group"": ""Y2"", ""concept_group"": ""T3""}, ""right"": {""kind"": ""leaf"", ""name"": ""L1"", ""family"": ""amount"", ""semantic_type_in"": [""amount""], ""context_group"": ""C5"", ""entity_group"": ""E1"", ""time_series_group"": ""Y2"", ""concept_group"": ""T3""}, ""over_years_group"": ""Y2""}",192649.0,1,1,1,40968308,356232302,2345,0.674,1,2,2,20_revenue,revenue,revenue,NovaStar Technologies,2022,USD,149264,23_revenue,revenue,revenue,NovaStar Technologies,2025,USD,192649,,,,,,,,,,,,,,,,,,,,,,,,,,,,,,,,,,,,,,,,,,,,,,,,,,,,,,,,
70,3,What is current assets for Apex Dynamics Corp in 2021?,current_assets,"{""derived"": ""current_assets"", ""expanded"": {""op"": ""sum"", ""left"": {""op"": ""sum"", ""left"": {""op"": ""sum"", ""left"": {""leaf"": ""1_cash"", ""depth"": 0}, ""right"": {""leaf"": ""1_accounts_receivable"", ""depth"": 0}, ""depth"": 1}, ""right"": {""leaf"": ""1_inventories"", ""depth"": 0}, ""depth"": 2}, ""right"": {""leaf"": ""1_short_term_investments"", ""depth"": 0}, ""depth"": 3}, ""depth"": 3}","{""kind"": ""derived_concept"", ""name"": ""current_assets"", ""family"": ""amount"", ""concept_depth"": 1, ""context_group"": ""C0"", ""entity_group"": ""E1""}",25147.0,1,0,3,932483564,58805010,2345,0.521,0,1,4,1_cash,cash,cash,Apex Dynamics Corp,2021,USD,7412,1_accounts_receivable,accounts_receivable,accounts receivable,Apex Dynamics Corp,2021,USD,6150,1_inventories,inventories,inventories,Apex Dynamics Corp,2021,USD,3372,1_short_term_investments,short_term_investments,short term investments,Apex Dynamics Corp,2021,USD,8213,,,,,,,,,,,,,,,,,,,,,,,,,,,,,,,,,,,,,,,,,,
71,0,What is non operating expenses for Cobalt Semiconductor in 2021?,67_non_operating_expenses,"{""leaf"": ""67_non_operating_expenses"", ""depth"": 0}","{""kind"": ""leaf"", ""name"": ""L0"", ""family"": ""amount"", ""semantic_type_in"": [""amount""], ""context_group"": ""C0"", ""entity_group"": ""E1""}",3812.0,0,0,0,470943210,995385518,2345,0.456,0,1,1,67_non_operating_expenses,non_operating_expenses,non operating expenses,Cobalt Semiconductor,2021,USD,3812,,,,,,,,,,,,,,,,,,,,,,,,,,,,,,,,,,,,,,,,,,,,,,,,,,,,,,,,,,,,,,,
72,0,What is inventories for Helix BioSciences in 2025?,77_inventories,"{""leaf"": ""77_inventories"", ""depth"": 0}","{""kind"": ""leaf"", ""name"": ""L0"", ""family"": ""amount"", ""semantic_type_in"": [""amount""], ""context_group"": ""C0"", ""entity_group"": ""E1""}",26091.0,2,0,0,28917366,908577320,2345,0.574,0,1,1,77_inventories,inventories,inventories,Helix BioSciences,2025,USD,26091,,,,,,,,,,,,,,,,,,,,,,,,,,,,,,,,,,,,,,,,,,,,,,,,,,,,,,,,,,,,,,,
73,0,What is current liabilities for Helix BioSciences in 2023?,75_current_liabilities,"{""leaf"": ""75_current_liabilities"", ""depth"": 0}","{""kind"": ""leaf"", ""name"": ""L0"", ""family"": ""amount"", ""semantic_type_in"": [""amount""], ""context_group"": ""C0"", ""entity_group"": ""E1""}",54427.0,3,0,0,838054728,290218295,2345,0.449,0,1,1,75_current_liabilities,current_liabilities,current liabilities,Helix BioSciences,2023,USD,54427,,,,,,,,,,,,,,,,,,,,,,,,,,,,,,,,,,,,,,,,,,,,,,,,,,,,,,,,,,,,,,,
74,0,What is non operating expenses for Meridian Systems Inc in 2020?,6_non_operating_expenses,"{""leaf"": ""6_non_operating_expenses"", ""depth"": 0}","{""kind"": ""leaf"", ""name"": ""L0"", ""family"": ""amount"", ""semantic_type_in"": [""amount""], ""context_group"": ""C0"", ""entity_group"": ""E1""}",21212.0,0,0,0,366742096,174645467,2345,0.437,0,1,1,6_non_operating_expenses,non_operating_expenses,non operating expenses,Meridian Systems Inc,2020,USD,21212,,,,,,,,,,,,,,,,,,,,,,,,,,,,,,,,,,,,,,,,,,,,,,,,,,,,,,,,,,,,,,,
75,0,What is accounts receivable for Pacific Crest Energy in 2022?,50_accounts_receivable,"{""leaf"": ""50_accounts_receivable"", ""depth"": 0}","{""kind"": ""leaf"", ""name"": ""L0"", ""family"": ""amount"", ""semantic_type_in"": [""amount""], ""context_group"": ""C0"", ""entity_group"": ""E1""}",10261.0,1,0,0,665926690,70768526,2345,0.448,0,1,1,50_accounts_receivable,accounts_receivable,accounts receivable,Pacific Crest Energy,2022,USD,10261,,,,,,,,,,,,,,,,,,,,,,,,,,,,,,,,,,,,,,,,,,,,,,,,,,,,,,,,,,,,,,,
76,2,What is the difference between revenue for Ironclad Manufacturing in 2020 and longterm liabilities for Ironclad Manufacturing in 2020?,"diff(36_revenue, longterm_liabilities)","{""op"": ""diff"", ""left"": {""leaf"": ""36_revenue"", ""depth"": 0}, ""right"": {""derived"": ""longterm_liabilities"", ""expanded"": {""op"": ""diff"", ""left"": {""leaf"": ""36_total_liabilities"", ""depth"": 0}, ""right"": {""leaf"": ""36_current_liabilities"", ""depth"": 0}, ""depth"": 1}, ""depth"": 1}, ""depth"": 2}","{""kind"": ""node"", ""node_id"": ""N0"", ""op"": ""diff"", ""family"": ""amount"", ""depth"": 2, ""left"": {""kind"": ""leaf"", ""name"": ""L0"", ""family"": ""amount"", ""semantic_type_in"": [""amount""], ""context_group"": ""C0"", ""entity_group"": ""E1""}, ""right"": {""kind"": ""derived_concept"", ""name"": ""longterm_liabilities"", ""family"": ""amount"", ""concept_depth"": 1, ""context_group"": ""C0"", ""entity_group"": ""E1""}}",279795.0,2,1,2,476747966,63431413,2345,0.327,1,2,3,36_revenue,revenue,revenue,Ironclad Manufacturing,2020,USD,365060,36_total_liabilities,total_liabilities,total liabilities,Ironclad Manufacturing,2020,USD,157361,36_current_liabilities,current_liabilities,current liabilities,Ironclad Manufacturing,2020,USD,72096,,,,,,,,,,,,,,,,,,,,,,,,,,,,,,,,,,,,,,,,,,,,,,,,,
77,1,What is gross profit for Titan Consumer Brands in 2023?,gross_profit,"{""derived"": ""gross_profit"", ""expanded"": {""op"": ""diff"", ""left"": {""leaf"": ""63_revenue"", ""depth"": 0}, ""right"": {""leaf"": ""63_cost_of_goods_sold"", ""depth"": 0}, ""depth"": 1}, ""depth"": 1}","{""kind"": ""derived_concept"", ""name"": ""gross_profit"", ""family"": ""amount"", ""concept_depth"": 1, ""context_group"": ""C0"", ""entity_group"": ""E1""}",127016.0,1,0,1,469896638,310521459,2345,0.607,0,1,2,63_revenue,revenue,revenue,Titan Consumer Brands,2023,USD,468895,63_cost_of_goods_sold,cost_of_goods_sold,cost of goods sold,Titan Consumer Brands,2023,USD,341879,,,,,,,,,,,,,,,,,,,,,,,,,,,,,,,,,,,,,,,,,,,,,,,,,,,,,,,,
78,2,What is the minimum of the difference between cash for Pacific Crest Energy in 2023 and cash for Pacific Crest Energy in 2023 and gross profit for Pacific Crest Energy in 2021?,"min(diff(51_cash, 51_cash), gross_profit)","{""op"": ""min"", ""left"": {""op"": ""diff"", ""left"": {""leaf"": ""51_cash"", ""depth"": 0}, ""right"": {""leaf"": ""51_cash"", ""depth"": 0}, ""depth"": 1}, ""right"": {""derived"": ""gross_profit"", ""expanded"": {""op"": ""diff"", ""left"": {""leaf"": ""49_revenue"", ""depth"": 0}, ""right"": {""leaf"": ""49_cost_of_goods_sold"", ""depth"": 0}, ""depth"": 1}, ""depth"": 1}, ""depth"": 2}","{""kind"": ""node"", ""node_id"": ""N1"", ""op"": ""min"", ""family"": ""amount"", ""depth"": 2, ""left"": {""kind"": ""node"", ""node_id"": ""N0"", ""op"": ""diff"", ""family"": ""amount"", ""depth"": 1, ""left"": {""kind"": ""leaf"", ""name"": ""L0"", ""family"": ""amount"", ""semantic_type_in"": [""amount""], ""context_group"": ""C4"", ""entity_group"": ""E1"", ""time_series_group"": ""Y2"", ""concept_group"": ""T3""}, ""right"": {""kind"": ""leaf"", ""name"": ""L1"", ""family"": ""amount"", ""semantic_type_in"": [""amount""], ""context_group"": ""C4"", ""entity_group"": ""E1"", ""time_series_group"": ""Y2"", ""concept_group"": ""T3""}}, ""right"": {""kind"": ""derived_concept"", ""name"": ""gross_profit"", ""family"": ""amount"", ""concept_depth"": 1, ""context_group"": ""C5"", ""entity_group"": ""E1"", ""time_series_group"": ""Y2"", ""concept_group"": ""T3""}, ""over_years_group"": ""Y2""}",0.0,2,2,2,881133005,500848207,2345,0.669,2,3,4,51_cash,cash,cash,Pacific Crest Energy,2023,USD,46177,51_cash,cash,cash,Pacific Crest Energy,2023,USD,46177,49_revenue,revenue,revenue,Pacific Crest Energy,2021,USD,190597,49_cost_of_goods_sold,cost_of_goods_sold,cost of goods sold,Pacific Crest Energy,2021,USD,110939,,,,,,,,,,,,,,,,,,,,,,,,,,,,,,,,,,,,,,,,,,
79,0,What is total assets for Cobalt Semiconductor in 2022?,68_total_assets,"{""leaf"": ""68_total_assets"", ""depth"": 0}","{""kind"": ""leaf"", ""name"": ""L0"", ""family"": ""amount"", ""semantic_type_in"": [""amount""], ""context_group"": ""C0"", ""entity_group"": ""E1""}",57651.0,0,0,0,30635721,874093584,2345,0.357,0,1,1,68_total_assets,total_assets,total assets,Cobalt Semiconductor,2022,USD,57651,,,,,,,,,,,,,,,,,,,,,,,,,,,,,,,,,,,,,,,,,,,,,,,,,,,,,,,,,,,,,,,
80,2,"What is the maximum of total equity for Orion Financial Group in 2024, scaled by income tax for Orion Financial Group in 2024 and the difference between total equity for Orion Financial Group in 2023 and total equity for Orion Financial Group in 2023?","max(mul(58_total_equity, 58_income_tax), diff(57_total_equity, 57_total_equity))","{""op"": ""max"", ""left"": {""op"": ""mul"", ""left"": {""leaf"": ""58_total_equity"", ""depth"": 0}, ""right"": {""leaf"": ""58_income_tax"", ""depth"": 0}, ""depth"": 1}, ""right"": {""op"": ""diff"", ""left"": {""leaf"": ""57_total_equity"", ""depth"": 0}, ""right"": {""leaf"": ""57_total_equity"", ""depth"": 0}, ""depth"": 1}, ""depth"": 2}","{""kind"": ""node"", ""node_id"": ""N2"", ""op"": ""max"", ""family"": ""amount"", ""depth"": 2, ""left"": {""kind"": ""node"", ""node_id"": ""N0"", ""op"": ""mul"", ""family"": ""amount"", ""depth"": 1, ""left"": {""kind"": ""leaf"", ""name"": ""L0"", ""family"": ""amount"", ""semantic_type_in"": [""amount""], ""context_group"": ""C4"", ""entity_group"": ""E1"", ""time_series_group"": ""Y2"", ""concept_group"": ""T3""}, ""right"": {""kind"": ""leaf"", ""name"": ""L1"", ""family"": ""ratio"", ""semantic_type_in"": [""ratio"", ""rate""], ""entity_group"": ""E1""}}, ""right"": {""kind"": ""node"", ""node_id"": ""N1"", ""op"": ""diff"", ""family"": ""amount"", ""depth"": 1, ""left"": {""kind"": ""leaf"", ""name"": ""L2"", ""family"": ""amount"", ""semantic_type_in"": [""amount""], ""context_group"": ""C5"", ""entity_group"": ""E1"", ""time_series_group"": ""Y2"", ""concept_group"": ""T3""}, ""right"": {""kind"": ""leaf"", ""name"": ""L3"", ""family"": ""amount"", ""semantic_type_in"": [""amount""], ""context_group"": ""C5"", ""entity_group"": ""E1"", ""time_series_group"": ""Y2"", ""concept_group"": ""T3""}}, ""over_years_group"": ""Y2""}",29671.300493560204,2,2,2,819051938,958155077,2345,0.321,3,4,4,58_total_equity,total_equity,total equity,Orion Financial Group,2024,USD,165182,58_income_tax,income_tax,income tax,Orion Financial Group,2024,ratio,0.1796279285488746,57_total_equity,total_equity,total equity,Orion Financial Group,2023,USD,108761,57_total_equity,total_equity,total equity,Orion Financial Group,2023,USD,108761,,,,,,,,,,,,,,,,,,,,,,,,,,,,,,,,,,,,,,,,,,
81,0,What is capex for Meridian Systems Inc in 2025?,11_capex,"{""leaf"": ""11_capex"", ""depth"": 0}","{""kind"": ""leaf"", ""name"": ""L0"", ""family"": ""amount"", ""semantic_type_in"": [""amount""], ""context_group"": ""C0"", ""entity_group"": ""E1""}",6556.0,0,0,0,207766805,324874135,2345,0.663,0,1,1,11_capex,capex,capex,Meridian Systems Inc,2025,USD,6556,,,,,,,,,,,,,,,,,,,,,,,,,,,,,,,,,,,,,,,,,,,,,,,,,,,,,,,,,,,,,,,
82,0,What is capex for Quantum Bridge Holdings in 2020?,12_capex,"{""leaf"": ""12_capex"", ""depth"": 0}","{""kind"": ""leaf"", ""name"": ""L0"", ""family"": ""amount"", ""semantic_type_in"": [""amount""], ""context_group"": ""C0"", ""entity_group"": ""E1""}",6279.0,0,0,0,65304903,835091020,2345,0.478,0,1,1,12_capex,capex,capex,Quantum Bridge Holdings,2020,USD,6279,,,,,,,,,,,,,,,,,,,,,,,,,,,,,,,,,,,,,,,,,,,,,,,,,,,,,,,,,,,,,,,
83,3,"What is the minimum of gross profit for NovaStar Technologies in 2021 and the sum of operating expenses for NovaStar Technologies in 2025 and operating expenses for NovaStar Technologies in 2025, scaled by the growth between total equity for NovaStar Technologies in 2020, scaled by income tax for NovaStar Technologies in 2020 and the sum of total equity for NovaStar Technologies in 2024 and total equity for NovaStar Technologies in 2024?","mul(min(gross_profit, sum(23_operating_expenses, 23_operating_expenses)), growth(mul(18_total_equity, 18_income_tax), sum(22_total_equity, 22_total_equity)))","{""op"": ""mul"", ""left"": {""op"": ""min"", ""left"": {""derived"": ""gross_profit"", ""expanded"": {""op"": ""diff"", ""left"": {""leaf"": ""19_revenue"", ""depth"": 0}, ""right"": {""leaf"": ""19_cost_of_goods_sold"", ""depth"": 0}, ""depth"": 1}, ""depth"": 1}, ""right"": {""op"": ""sum"", ""left"": {""leaf"": ""23_operating_expenses"", ""depth"": 0}, ""right"": {""leaf"": ""23_operating_expenses"", ""depth"": 0}, ""depth"": 1}, ""depth"": 2}, ""right"": {""op"": ""growth"", ""left"": {""op"": ""mul"", ""left"": {""leaf"": ""18_total_equity"", ""depth"": 0}, ""right"": {""leaf"": ""18_income_tax"", ""depth"": 0}, ""depth"": 1}, ""right"": {""op"": ""sum"", ""left"": {""leaf"": ""22_total_equity"", ""depth"": 0}, ""right"": {""leaf"": ""22_total_equity"", ""depth"": 0}, ""depth"": 1}, ""depth"": 2}, ""depth"": 3}","{""kind"": ""node"", ""node_id"": ""N5"", ""op"": ""mul"", ""family"": ""amount"", ""depth"": 3, ""left"": {""kind"": ""node"", ""node_id"": ""N1"", ""op"": ""min"", ""family"": ""amount"", ""depth"": 2, ""left"": {""kind"": ""derived_concept"", ""name"": ""gross_profit"", ""family"": ""amount"", ""concept_depth"": 1, ""context_group"": ""C4"", ""entity_group"": ""E1"", ""time_series_group"": ""Y2"", ""concept_group"": ""T3""}, ""right"": {""kind"": ""node"", ""node_id"": ""N0"", ""op"": ""sum"", ""family"": ""amount"", ""depth"": 1, ""left"": {""kind"": ""leaf"", ""name"": ""L0"", ""family"": ""amount"", ""semantic_type_in"": [""amount""], ""context_group"": ""C5"", ""entity_group"": ""E1"", ""time_series_group"": ""Y2"", ""concept_group"": ""T3""}, ""right"": {""kind"": ""leaf"", ""name"": ""L1"", ""family"": ""amount"", ""semantic_type_in"": [""amount""], ""context_group"": ""C5"", ""entity_group"": ""E1"", ""time_series_group"": ""Y2"", ""concept_group"": ""T3""}}, ""over_years_group"": ""Y2""}, ""right"": {""kind"": ""node"", ""node_id"": ""N4"", ""op"": ""growth"", ""family"": ""ratio"", ""depth"": 2, ""left"": {""kind"": ""node"", ""node_id"": ""N2"", ""op"": ""mul"", ""family"": ""amount"", ""depth"": 1, ""left"": {""kind"": ""leaf"", ""name"": ""L2"", ""family"": ""amount"", ""semantic_type_in"": [""amount""], ""context_group"": ""C8"", ""entity_group"": ""E1"", ""time_series_group"": ""Y6"", ""concept_group"": ""T7""}, ""right"": {""kind"": ""leaf"", ""name"": ""L3"", ""family"": ""ratio"", ""semantic_type_in"": [""ratio"", ""rate""], ""entity_group"": ""E1""}}, ""right"": {""kind"": ""node"", ""node_id"": ""N3"", ""op"": ""sum"", ""family"": ""amount"", ""depth"": 1, ""left"": {""kind"": ""leaf"", ""name"": ""L4"", ""family"": ""amount"", ""semantic_type_in"": [""amount""], ""context_group"": ""C9"", ""entity_group"": ""E1"", ""time_series_group"": ""Y6"", ""concept_group"": ""T7""}, ""right"": {""kind"": ""leaf"", ""name"": ""L5"", ""family"": ""amount"", ""semantic_type_in"": [""amount""], ""context_group"": ""C9"", ""entity_group"": ""E1"", ""time_series_group"": ""Y6"", ""concept_group"": ""T7""}}, ""over_years_group"": ""Y6""}}",-40629.40591934592,3,3,3,617620166,842695544,2345,0.637,6,7,8,19_revenue,revenue,revenue,NovaStar Technologies,2021,USD,125355,19_cost_of_goods_sold,cost_of_goods_sold,cost of goods sold,NovaStar Technologies,2021,USD,83341,23_operating_expenses,operating_expenses,operating expenses,NovaStar Technologies,2025,USD,27548,23_operating_expenses,operating_expenses,operating expenses,NovaStar Technologies,2025,USD,27548,18_total_equity,total_equity,total equity,NovaStar Technologies,2020,USD,60129,18_income_tax,income_tax,income tax,NovaStar Technologies,2020,ratio,0.1812754779664233,22_total_equity,total_equity,total equity,NovaStar Technologies,2024,USD,165373,22_total_equity,total_equity,total equity,NovaStar Technologies,2024,USD,165373,,,,,,,,,,,,,,
84,0,What is cash for Orion Financial Group in 2025?,59_cash,"{""leaf"": ""59_cash"", ""depth"": 0}","{""kind"": ""leaf"", ""name"": ""L0"", ""family"": ""amount"", ""semantic_type_in"": [""amount""], ""context_group"": ""C0"", ""entity_group"": ""E1""}",43847.0,2,0,0,101816843,884591853,2345,0.345,0,1,1,59_cash,cash,cash,Orion Financial Group,2025,USD,43847,,,,,,,,,,,,,,,,,,,,,,,,,,,,,,,,,,,,,,,,,,,,,,,,,,,,,,,,,,,,,,,
85,0,What is capex for Titan Consumer Brands in 2022?,62_capex,"{""leaf"": ""62_capex"", ""depth"": 0}","{""kind"": ""leaf"", ""name"": ""L0"", ""family"": ""amount"", ""semantic_type_in"": [""amount""], ""context_group"": ""C0"", ""entity_group"": ""E1""}",24547.0,0,0,0,75121593,526824166,2345,0.47,0,1,1,62_capex,capex,capex,Titan Consumer Brands,2022,USD,24547,,,,,,,,,,,,,,,,,,,,,,,,,,,,,,,,,,,,,,,,,,,,,,,,,,,,,,,,,,,,,,,
86,1,What is longterm liabilities for Apex Dynamics Corp in 2023?,longterm_liabilities,"{""derived"": ""longterm_liabilities"", ""expanded"": {""op"": ""diff"", ""left"": {""leaf"": ""3_total_liabilities"", ""depth"": 0}, ""right"": {""leaf"": ""3_current_liabilities"", ""depth"": 0}, ""depth"": 1}, ""depth"": 1}","{""kind"": ""derived_concept"", ""name"": ""longterm_liabilities"", ""family"": ""amount"", ""concept_depth"": 1, ""context_group"": ""C0"", ""entity_group"": ""E1""}",60388.0,1,0,1,195843160,253508343,2345,0.357,0,1,2,3_total_liabilities,total_liabilities,total liabilities,Apex Dynamics Corp,2023,USD,90276,3_current_liabilities,current_liabilities,current liabilities,Apex Dynamics Corp,2023,USD,29888,,,,,,,,,,,,,,,,,,,,,,,,,,,,,,,,,,,,,,,,,,,,,,,,,,,,,,,,
87,0,What is non operating expenses for Orion Financial Group in 2020?,54_non_operating_expenses,"{""leaf"": ""54_non_operating_expenses"", ""depth"": 0}","{""kind"": ""leaf"", ""name"": ""L0"", ""family"": ""amount"", ""semantic_type_in"": [""amount""], ""context_group"": ""C0"", ""entity_group"": ""E1""}",13741.0,3,0,0,540311585,854065742,2345,0.529,0,1,1,54_non_operating_expenses,non_operating_expenses,non operating expenses,Orion Financial Group,2020,USD,13741,,,,,,,,,,,,,,,,,,,,,,,,,,,,,,,,,,,,,,,,,,,,,,,,,,,,,,,,,,,,,,,
88,1,"What is total equity for Ironclad Manufacturing in 2023, scaled by income tax for Ironclad Manufacturing in 2023?","mul(39_total_equity, 39_income_tax)","{""op"": ""mul"", ""left"": {""leaf"": ""39_total_equity"", ""depth"": 0}, ""right"": {""leaf"": ""39_income_tax"", ""depth"": 0}, ""depth"": 1}","{""kind"": ""node"", ""node_id"": ""N0"", ""op"": ""mul"", ""family"": ""amount"", ""depth"": 1, ""left"": {""kind"": ""leaf"", ""name"": ""L0"", ""family"": ""amount"", ""semantic_type_in"": [""amount""], ""context_group"": ""C0"", ""entity_group"": ""E1""}, ""right"": {""kind"": ""leaf"", ""name"": ""L1"", ""family"": ""ratio"", ""semantic_type_in"": [""ratio"", ""rate""], ""entity_group"": ""E1""}}",47425.3750705124,1,1,1,860536148,538894714,2345,0.566,1,2,2,39_total_equity,total_equity,total equity,Ironclad Manufacturing,2023,USD,187788,39_income_tax,income_tax,income tax,Ironclad Manufacturing,2023,ratio,0.2525474208709417,,,,,,,,,,,,,,,,,,,,,,,,,,,,,,,,,,,,,,,,,,,,,,,,,,,,,,,,
89,0,What is revenue for Cobalt Semiconductor in 2021?,67_revenue,"{""leaf"": ""67_revenue"", ""depth"": 0}","{""kind"": ""leaf"", ""name"": ""L0"", ""family"": ""amount"", ""semantic_type_in"": [""amount""], ""context_group"": ""C0"", ""entity_group"": ""E1""}",52818.0,2,0,0,18871488,759058258,2345,0.34,0,1,1,67_revenue,revenue,revenue,Cobalt Semiconductor,2021,USD,52818,,,,,,,,,,,,,,,,,,,,,,,,,,,,,,,,,,,,,,,,,,,,,,,,,,,,,,,,,,,,,,,
90,2,What is operating income for Ironclad Manufacturing in 2021?,operating_income,"{""derived"": ""operating_income"", ""expanded"": {""op"": ""diff"", ""left"": {""derived"": ""gross_profit"", ""expanded"": {""op"": ""diff"", ""left"": {""leaf"": ""37_revenue"", ""depth"": 0}, ""right"": {""leaf"": ""37_cost_of_goods_sold"", ""depth"": 0}, ""depth"": 1}, ""depth"": 1}, ""right"": {""leaf"": ""37_operating_expenses"", ""depth"": 0}, ""depth"": 2}, ""depth"": 2}","{""kind"": ""derived_concept"", ""name"": ""operating_income"", ""family"": ""amount"", ""concept_depth"": 2, ""context_group"": ""C0"", ""entity_group"": ""E1""}",193081.0,2,0,2,890289418,104530560,2345,0.557,0,1,3,37_revenue,revenue,revenue,Ironclad Manufacturing,2021,USD,340508,37_cost_of_goods_sold,cost_of_goods_sold,cost of goods sold,Ironclad Manufacturing,2021,USD,110507,37_operating_expenses,operating_expenses,operating expenses,Ironclad Manufacturing,2021,USD,36920,,,,,,,,,,,,,,,,,,,,,,,,,,,,,,,,,,,,,,,,,,,,,,,,,
