<===== new run meta-llama/Llama-3.3-70B-Instruct-Turbo =======>
90Q are Sheet: /output/financial_spreadsheet.json
90Q are Questions: /output/original_questions.json
Loading datasets...
  90-Q: 250 questions, 15 companies

============================================================
  Evaluating model: meta-llama/Llama-3.3-70B-Instruct-Turbo
============================================================

-- 90-Q evaluation (250 questions) --
  [1/250] CORRECT | truth=4121.0000 pred=4121.0 | state the longterm liabilities for Pinnacle Health Group in ...
  [2/250] CORRECT | truth=397455.0000 pred=397455.0 | which result follows from the the maximum of revenue for Iro...
  [3/250] CORRECT | truth=97934.0000 pred=97934.0 | Could you give the gross profit for Meridian Systems Inc in ...
  [4/250] WRONG  | truth=3457059.1800 pred=93952.0 | Could you give the result of sum of the maximum of cost of g...
  [5/250] CORRECT | truth=56416.0000 pred=56416.0 | What's the value of the gross profit for Atlas Global Indust...
  [6/250] CORRECT | truth=408.0000 pred=408.0 | what do we obtain as the the minimum of dividends paid for C...
  [7/250] CORRECT | truth=30746.0000 pred=30746.0 | what would be the average cost of goods sold for Cobalt Semi...
  [8/250] CORRECT | truth=7573.0000 pred=7573.0 | What is the value of the the maximum of capex for Apex Dynam...
  [9/250] CORRECT | truth=107172.0000 pred=107172.0 | Whats the value of the operating income for ClearPath Logist...
  [10/250] CORRECT | truth=42626.0000 pred=42626.0 | you should calculate the the maximum of operating expenses f...
  [11/250] CORRECT | truth=273650.0000 pred=273650.0 | Calculate the longterm liabilities for SilverLine Retail Inc...
  [12/250] CORRECT | truth=56605.0000 pred=55605.0 | could you give the current assets for Meridian Systems Inc i...
  [13/250] CORRECT | truth=155193.0000 pred=155193.0 | Which value corresponds to the the maximum of total equity f...
  [14/250] WRONG  | truth=1222876.2308 pred=1028213.19 | what do we obtain as the result of longterm assets for Cobal...
  [15/250] CORRECT | truth=637517.0000 pred=637517.0 | calculate the the minimum of total assets for SilverLine Ret...
  [16/250] CORRECT | truth=33297.0000 pred=33297.0 | may you calculate the the minimum of cash for NovaStar Techn...
  [17/250] CORRECT | truth=320375.0000 pred=320375.0 | Whats the value of the gross profit for ClearPath Logistics ...
  [18/250] CORRECT | truth=134393.0000 pred=134393.0 | Whats the value of the sum of current liabilities and accoun...
  [19/250] CORRECT | truth=4553.0000 pred=4553.0 | State the sum of cash for Pinnacle Health Group in 2020 and ...
  [20/250] CORRECT | truth=25460.0000 pred=25460.0 | What do we obtain as the sum of total equity and operating e...
  [21/250] CORRECT | truth=13123.0000 pred=13923.0 | Determine the average cash for Quantum Bridge Holdings acros...
  [22/250] WRONG  | truth=2727.6702 pred=27271.91741511929 | Provide the result of accounts receivable scaled by income t...
  [23/250] WRONG  | truth=39678.0000 pred=19839.0 | You should give the sum of current assets and current assets...
  [24/250] CORRECT | truth=9802.0000 pred=9802.0 | what's the value of the the maximum of inventories for Clear...
  [25/250] CORRECT | truth=469144.0000 pred=470067.0 | Could you give the sum of difference between total equity an...
  [26/250] CORRECT | truth=49297.0000 pred=49297.0 | compute the gross profit for Quantum Bridge Holdings in 2022...
  [27/250] CORRECT | truth=617154.0000 pred=617154.0 | Calculate the the maximum of revenue for SilverLine Retail I...
  [28/250] CORRECT | truth=450039.0000 pred=453039.0 | evaluate the longterm assets for SilverLine Retail Inc in 20...
  [29/250] WRONG  | truth=110922.0000 pred=91888.67 | what do we obtain as the average current liabilities for Cri...
  [30/250] CORRECT | truth=0.0000 pred=0.0 | what is the the minimum of dividends paid for Apex Dynamics ...
  [31/250] CORRECT | truth=130009.0000 pred=130009.0 | which quantity is given by the the minimum of cost of goods ...
  [32/250] CORRECT | truth=79708.0000 pred=79811.497 | which quantity is given by the result of total assets scaled...
  [33/250] CORRECT | truth=51479.8000 pred=55459.8 | What's the value of the average accounts receivable for Clea...
  [34/250] CORRECT | truth=18827.7220 pred=18822.0 | determine the result of sum of difference between dividends ...
  [35/250] CORRECT | truth=210814.0000 pred=206814.0 | Provide the sum of total equity and operating income for Pac...
  [36/250] CORRECT | truth=179128.0000 pred=179128.0 | Which value corresponds to the sum of operating expenses and...
  [37/250] CORRECT | truth=72411.0000 pred=72411.0 | Could you give the gross profit for Meridian Systems Inc in ...
  [38/250] CORRECT | truth=10261.0000 pred=10261.0 | Give the the minimum of accounts receivable for Pacific Cres...
  [39/250] CORRECT | truth=18251.0000 pred=18251.0 | What would be the difference between total equity and short ...
  [40/250] CORRECT | truth=252172.0000 pred=252172.0 | which result follows from the sum of revenue for Helix BioSc...
  [41/250] CORRECT | truth=130516.0000 pred=130516.0 | Which value corresponds to the current assets for Helix BioS...
  [42/250] CORRECT | truth=48015.0000 pred=49015.0 | What is the value of the current assets for Atlas Global Ind...
  [43/250] WRONG  | truth=32600.0000 pred=29300.0 | What is the value of the the maximum of current liabilities ...
  [44/250] CORRECT | truth=28424.0000 pred=28424.0 | what does the following give: the maximum of dividends paid ...
  [45/250] CORRECT | truth=14696.0000 pred=15696.0 | what would be the pretax income for Cobalt Semiconductor in ...
  [46/250] WRONG  | truth=158898.0000 pred=252898.0 | Whats the value of the current assets for ClearPath Logistic...
  [47/250] CORRECT | truth=15989.0000 pred=15989.0 | provide the the maximum of short term investments for Pacifi...
  [48/250] CORRECT | truth=49864.2500 pred=49864.25 | what's the value of the average cost of goods sold for Atlas...
  [49/250] CORRECT | truth=91935.5000 pred=91935.5 | what do we obtain as the average operating expenses for Crim...
  [50/250] CORRECT | truth=26424.0000 pred=26424.0 | You should give the average operating expenses for NovaStar ...
  [51/250] WRONG  | truth=3475.0000 pred=1839.0 | State the the maximum of short term investments for Pinnacle...
  [52/250] CORRECT | truth=196241.0000 pred=196241.0 | Calculate the longterm liabilities for SilverLine Retail Inc...
  [53/250] CORRECT | truth=30468.6000 pred=30468.6 | Could you give the average cash for Meridian Systems Inc acr...
  [54/250] CORRECT | truth=353846.0000 pred=353846.0 | You should calculate the longterm liabilities for Titan Cons...
  [55/250] CORRECT | truth=827261.0000 pred=821168.0 | calculate the the maximum of revenue for SilverLine Retail I...
  [56/250] CORRECT | truth=32213.5000 pred=32213.5 | determine the average cost of goods sold for Quantum Bridge ...
  [57/250] WRONG  | truth=32022.0000 pred=36022.0 | give the longterm assets for Orion Financial Group in 2020 ....
  [58/250] CORRECT | truth=922.0000 pred=922.0 | what would be the the minimum of short term investments for ...
  [59/250] CORRECT | truth=21828.0000 pred=21828.0 | Provide the the minimum of non operating expenses for Pacifi...
  [60/250] CORRECT | truth=41540.0000 pred=41540.0 | may you give the the maximum of current liabilities for Orio...
  [61/250] CORRECT | truth=23084.0000 pred=23084.0 | What would be the longterm liabilities for Cobalt Semiconduc...
  [62/250] WRONG  | truth=240166.0000 pred=200166.0 | you should calculate the current assets for ClearPath Logist...
  [63/250] CORRECT | truth=8830.5000 pred=8830.5 | May you calculate the average short term investments for Nov...
  [64/250] WRONG  | truth=296099.0000 pred=362099.0 | Evaluate the current assets for Titan Consumer Brands in 202...
  [65/250] CORRECT | truth=562.0000 pred=562.0 | state the the minimum of capex for Pinnacle Health Group usi...
  [66/250] CORRECT | truth=12753.0000 pred=12753.0 | give the the maximum of short term investments for Orion Fin...
  [67/250] CORRECT | truth=544517.0000 pred=544517.0 | What does the following give: sum of the maximum of operatin...
  [68/250] CORRECT | truth=32332.0000 pred=32332.0 | You should calculate the the minimum of cost of goods sold f...
  [69/250] CORRECT | truth=320375.0000 pred=320375.0 | What's the value of the gross profit for ClearPath Logistics...
  [70/250] CORRECT | truth=12539.0000 pred=12539.0 | state the sum of cost of goods sold and accounts receivable ...
  [71/250] CORRECT | truth=50204.8524 pred=50219.0893 | whats the value of the result of non operating expenses scal...
  [72/250] CORRECT | truth=83579.0000 pred=83579.0 | may you calculate the gross profit for NovaStar Technologies...
  [73/250] CORRECT | truth=129984.0000 pred=129984.0 | Evaluate the operating income for Titan Consumer Brands in 2...
  [74/250] CORRECT | truth=133504.0000 pred=133504.0 | Which quantity is given by the gross profit for Ironclad Man...
  [75/250] WRONG  | truth=60467.0000 pred=197139.0 | you should calculate the pretax income for Titan Consumer Br...
  [76/250] CORRECT | truth=1006.0000 pred=1006.0 | State the the minimum of inventories for Pinnacle Health Gro...
  [77/250] WRONG  | truth=81189.0000 pred=55463.0 | what's the value of the average total assets for Atlas Globa...
  [78/250] CORRECT | truth=58519.6667 pred=58519.67 | calculate the average accounts receivable for SilverLine Ret...
  [79/250] CORRECT | truth=827261.0000 pred=827261.0 | compute the the maximum of revenue for SilverLine Retail Inc...
  [80/250] CORRECT | truth=102595.0000 pred=101595.0 | May you calculate the current assets for NovaStar Technologi...
  [81/250] CORRECT | truth=54740.0000 pred=54740.0 | What does the following give: average accounts receivable fo...
  [82/250] CORRECT | truth=405.0000 pred=405.0 | provide the the minimum of dividends paid for Pacific Crest ...
  [83/250] CORRECT | truth=719.0000 pred=719.0 | state the the minimum of short term investments for Pinnacle...
  [84/250] CORRECT | truth=32271.3333 pred=32271.33 | provide the average operating expenses for Pacific Crest Ene...
  [85/250] CORRECT | truth=27059.0000 pred=27059.0 | what is the the maximum of short term investments for Apex D...
  [86/250] CORRECT | truth=-5625.0000 pred=-5625.0 | what is the pretax income for Apex Dynamics Corp in 2024?...
  [87/250] WRONG  | truth=158898.0000 pred=248898.0 | whats the value of the current assets for ClearPath Logistic...
  [88/250] CORRECT | truth=539015.0000 pred=539015.0 | calculate the sum of capex and total assets for SilverLine R...
  [89/250] CORRECT | truth=12076.0000 pred=12076.0 | Determine the the maximum of dividends paid for Quantum Brid...
  [90/250] CORRECT | truth=78856.0000 pred=78856.0 | What is the value of the the minimum of revenue for Apex Dyn...
  [91/250] CORRECT | truth=59865.0000 pred=59865.0 | compute the the maximum of short term investments for Silver...
  [92/250] CORRECT | truth=200467.0000 pred=200467.0 | what does the following give: gross profit for Crimson Pharm...
  [93/250] CORRECT | truth=5493.0000 pred=5493.0 | state the result of total assets scaled by ratio of total eq...
  [94/250] CORRECT | truth=17393.0000 pred=17393.0 | what is the difference between short term investments and no...
  [95/250] CORRECT | truth=164327.0000 pred=164327.0 | Evaluate the current assets for Titan Consumer Brands in 202...
  [96/250] CORRECT | truth=96911.5000 pred=95411.5 | what is the value of the average total assets for Atlas Glob...
  [97/250] WRONG  | truth=80034.0000 pred=103341.0 | may you give the average total liabilities for Orion Financi...
  [98/250] CORRECT | truth=145373.0000 pred=150951.0 | Could you give the longterm assets for Meridian Systems Inc ...
  [99/250] CORRECT | truth=111691.0000 pred=116691.0 | You should give the longterm assets for Apex Dynamics Corp i...
  [100/250] WRONG  | truth=112935.0000 pred=9338.0 | what does the following give: longterm assets for Helix BioS...
  [101/250] CORRECT | truth=414636.0000 pred=414636.0 | may you calculate the sum of revenue and total assets for No...
  [102/250] CORRECT | truth=384907.0000 pred=385907.0 | You should calculate the sum of the minimum of operating exp...
  [103/250] CORRECT | truth=129.0000 pred=129.0 | compute the the minimum of dividends paid for Quantum Bridge...
  [104/250] CORRECT | truth=183099.0000 pred=183099.0 | Provide the the minimum of total assets for Pacific Crest En...
  [105/250] WRONG  | truth=2200.5696 pred=46851.111 | whats the value of the result of difference between cash and...
  [106/250] CORRECT | truth=39977.0000 pred=39977.0 | What is the gross profit for Apex Dynamics Corp in 2020?...
  [107/250] CORRECT | truth=836.0000 pred=836.0 | Give the average dividends paid for Orion Financial Group ac...
  [108/250] CORRECT | truth=21463.0000 pred=22007.25 | You should calculate the average inventories for Titan Consu...
  [109/250] CORRECT | truth=298268.0000 pred=290268.0 | which quantity is given by the current assets for Ironclad M...
  [110/250] CORRECT | truth=17917.0000 pred=17917.0 | Compute the the maximum of operating expenses for Quantum Br...
  [111/250] CORRECT | truth=378544.0000 pred=378544.0 | Whats the value of the longterm liabilities for ClearPath Lo...
  [112/250] CORRECT | truth=757557.0000 pred=717731.0 | you should calculate the the maximum of total liabilities fo...
  [113/250] CORRECT | truth=9003.5000 pred=9753.5 | Could you give the average inventories for Meridian Systems ...
  [114/250] CORRECT | truth=29590.0000 pred=29590.0 | you should give the the minimum of operating expenses for Ir...
  [115/250] CORRECT | truth=196241.0000 pred=196241.0 | calculate the longterm liabilities for SilverLine Retail Inc...
  [116/250] WRONG  | truth=2062.0000 pred=4671.0 | determine the the minimum of cash for Pinnacle Health Group ...
  [117/250] CORRECT | truth=18737.0000 pred=18737.0 | Determine the the maximum of operating expenses for Quantum ...
  [118/250] CORRECT | truth=134669.0000 pred=124669.0 | Which result follows from the pretax income for Ironclad Man...
  [119/250] CORRECT | truth=464758.0000 pred=464758.0 | Which result follows from the the maximum of total equity fo...
  [120/250] WRONG  | truth=106681.0000 pred=38641.0 | State the sum of the maximum of capex for Pacific Crest Ener...
  [121/250] CORRECT | truth=24816.0000 pred=24816.0 | what would be the longterm liabilities for Cobalt Semiconduc...
  [122/250] CORRECT | truth=270988.0000 pred=272980.0 | what do we obtain as the average total equity for Crimson Ph...
  [123/250] CORRECT | truth=5901.0000 pred=5901.0 | state the operating income for Pinnacle Health Group in 2023...
  [124/250] CORRECT | truth=19965.0000 pred=19965.0 | give the the minimum of total liabilities for Orion Financia...
  [125/250] CORRECT | truth=38883.2000 pred=38883.2 | Which value corresponds to the average cash for Helix BioSci...
  [126/250] CORRECT | truth=32211.0000 pred=32211.0 | What's the value of the gross profit for Atlas Global Indust...
  [127/250] WRONG  | truth=5062.5399 pred=168.83 | What does the following give: result of inventories scaled b...
  [128/250] CORRECT | truth=4900.0000 pred=5100.0 | compute the average short term investments for Quantum Bridg...
  [129/250] CORRECT | truth=89176.0000 pred=89176.0 | what does the following give: longterm liabilities for Crims...
  [130/250] CORRECT | truth=2582.0000 pred=2582.0 | state the average cash for Pinnacle Health Group across year...
  [131/250] CORRECT | truth=-25506.0000 pred=-25006.0 | You should calculate the difference between capex and curren...
  [132/250] WRONG  | truth=3819.0000 pred=1819.0 | May you give the difference between current assets and longt...
  [133/250] CORRECT | truth=153784.6000 pred=149184.6 | give the average total assets for Orion Financial Group acro...
  [134/250] CORRECT | truth=10268.7500 pred=10519.0 | which quantity is given by the average capex for Meridian Sy...
  [135/250] CORRECT | truth=62496.0000 pred=62496.0 | Give the longterm liabilities for Orion Financial Group in 2...
  [136/250] CORRECT | truth=97839.0000 pred=88430.0 | Which result follows from the the maximum of short term inve...
  [137/250] CORRECT | truth=24015.0000 pred=24015.0 | Compute the gross profit for Quantum Bridge Holdings in 2021...
  [138/250] CORRECT | truth=166680.0000 pred=166680.0 | May you calculate the sum of cost of goods sold and cost of ...
  [139/250] CORRECT | truth=39822.3333 pred=43155.67 | Give the average total liabilities for Orion Financial Group...
  [140/250] CORRECT | truth=307082.0000 pred=312082.0 | What does the following give: sum of operating income and co...
  [141/250] CORRECT | truth=3408.5801 pred=3411.319 | which result follows from the result of operating expenses s...
  [142/250] CORRECT | truth=562.0000 pred=562.0 | state the the maximum of capex for Pinnacle Health Group usi...
  [143/250] CORRECT | truth=36694.0000 pred=38694.0 | Determine the longterm assets for Quantum Bridge Holdings in...
  [144/250] WRONG  | truth=94180.0000 pred=24180.0 | which result follows from the difference between cost of goo...
  [145/250] WRONG  | truth=667765.0000 pred=472468.0 | you should calculate the the maximum of total equity for Tit...
  [146/250] CORRECT | truth=105547.0000 pred=106447.0 | may you give the current assets for Orion Financial Group in...
  [147/250] CORRECT | truth=514684.0000 pred=514684.0 | whats the value of the the minimum of revenue for ClearPath ...
  [148/250] CORRECT | truth=46058.6667 pred=46058.67 | Evaluate the average short term investments for SilverLine R...
  [149/250] CORRECT | truth=73911.0000 pred=73911.0 | Determine the longterm liabilities for Quantum Bridge Holdin...
  [150/250] WRONG  | truth=365161.0000 pred=465161.0 | Calculate the longterm assets for SilverLine Retail Inc in 2...
  [151/250] CORRECT | truth=18818.5992 pred=18817.319 | May you calculate the result of cost of goods sold scaled by...
  [152/250] CORRECT | truth=1944.0000 pred=1944.0 | compute the the minimum of capex for Quantum Bridge Holdings...
  [153/250] CORRECT | truth=80320.0000 pred=80320.0 | whats the value of the the maximum of non operating expenses...
  [154/250] CORRECT | truth=11133.5000 pred=11133.5 | give the average cash for Orion Financial Group across years...
  [155/250] CORRECT | truth=58929.0000 pred=62855.0 | May you calculate the longterm assets for NovaStar Technolog...
  [156/250] WRONG  | truth=257258.0000 pred=210533.0 | which value corresponds to the sum of cost of goods sold and...
  [157/250] CORRECT | truth=19238.0000 pred=19238.0 | evaluate the the minimum of inventories for SilverLine Retai...
  [158/250] WRONG  | truth=9946.0000 pred=43731.0 | what do we obtain as the the minimum of current liabilities ...
  [159/250] CORRECT | truth=12267.9645 pred=12263.1917 | what is the value of the result of revenue scaled by income ...
  [160/250] CORRECT | truth=90881.3001 pred=90926.0 | Calculate the sum of cash and result of accounts receivable ...
  [161/250] CORRECT | truth=9338.0000 pred=9338.0 | Determine the longterm assets for Pinnacle Health Group in 2...
  [162/250] CORRECT | truth=32958.0000 pred=32958.0 | what's the value of the the minimum of cost of goods sold fo...
  [163/250] CORRECT | truth=105291.0000 pred=106291.0 | which value corresponds to the current assets for Helix BioS...
  [164/250] CORRECT | truth=4436.5000 pred=4686.5 | provide the average dividends paid for Pacific Crest Energy ...
  [165/250] CORRECT | truth=18704.0000 pred=18704.0 | what's the value of the gross profit for Atlas Global Indust...
  [166/250] CORRECT | truth=89176.0000 pred=89176.0 | what does the following give: longterm liabilities for Crims...
  [167/250] CORRECT | truth=4243.0000 pred=4243.0 | What do we obtain as the the minimum of operating expenses f...
  [168/250] CORRECT | truth=4610.0000 pred=4610.0 | Compute the the maximum of capex for Quantum Bridge Holdings...
  [169/250] CORRECT | truth=81319.0000 pred=81319.0 | Which result follows from the the maximum of non operating e...
  [170/250] CORRECT | truth=153259.0000 pred=158784.0 | What's the value of the the maximum of cash for ClearPath Lo...
  [171/250] WRONG  | truth=738806.0000 pred=982687.0 | Evaluate the longterm assets for Titan Consumer Brands in 20...
  [172/250] WRONG  | truth=347918.7040 pred=174511.0 | compute the result of the maximum of total liabilities for Q...
  [173/250] CORRECT | truth=90090.0000 pred=90090.0 | Compute the sum of short term investments and sum of capex a...
  [174/250] CORRECT | truth=218465.2762 pred=216191.054 | which value corresponds to the result of cost of goods sold ...
  [175/250] CORRECT | truth=52659.0000 pred=52659.0 | which quantity is given by the longterm liabilities for Iron...
  [176/250] CORRECT | truth=2433.0000 pred=2433.0 | Give the the minimum of inventories for Orion Financial Grou...
  [177/250] WRONG  | truth=161980.3333 pred=54893.33 | you should calculate the average revenue for NovaStar Techno...
  [178/250] CORRECT | truth=190812.0000 pred=190812.0 | what do we obtain as the gross profit for Crimson Pharmaceut...
  [179/250] CORRECT | truth=338824.0000 pred=338824.0 | Evaluate the the maximum of current liabilities for Titan Co...
  [180/250] CORRECT | truth=3545.0000 pred=3545.0 | State the the maximum of current liabilities for Pinnacle He...
  [181/250] WRONG  | truth=191823.0000 pred=511123.0 | You should give the longterm assets for Helix BioSciences in...
  [182/250] CORRECT | truth=29206.0000 pred=29206.0 | you should give the difference between total liabilities and...
  [183/250] CORRECT | truth=39655.0000 pred=39655.0 | What do we obtain as the longterm assets for Cobalt Semicond...
  [184/250] CORRECT | truth=25711.8000 pred=25791.8 | You should calculate the average capex for Titan Consumer Br...
  [185/250] CORRECT | truth=37697.0000 pred=37697.0 | You should give the the maximum of short term investments fo...
  [186/250] CORRECT | truth=63474.0000 pred=63574.0 | could you give the current assets for Meridian Systems Inc i...
  [187/250] WRONG  | truth=90766.0000 pred=157344.0 | could you give the longterm assets for Meridian Systems Inc ...
  [188/250] CORRECT | truth=67087.0000 pred=67087.0 | which result follows from the the minimum of current liabili...
  [189/250] WRONG  | truth=116077.0000 pred=141224.0 | What is the longterm assets for Apex Dynamics Corp in 2021?...
  [190/250] CORRECT | truth=16862.0000 pred=16862.0 | Could you give the the maximum of capex for Meridian Systems...
  [191/250] WRONG  | truth=4121.0000 pred=114282.0 | determine the longterm liabilities for Pinnacle Health Group...
  [192/250] CORRECT | truth=61721.6000 pred=60321.6 | may you calculate the average current liabilities for NovaSt...
  [193/250] CORRECT | truth=26227.0000 pred=26227.0 | which quantity is given by the the maximum of operating expe...
  [194/250] CORRECT | truth=120414.0000 pred=120414.0 | may you calculate the sum of the maximum of short term inves...
  [195/250] CORRECT | truth=2433.0000 pred=2433.0 | May you give the the minimum of inventories for Orion Financ...
  [196/250] CORRECT | truth=146468.1015 pred=146491.419 | which value corresponds to the sum of result of total assets...
  [197/250] CORRECT | truth=24174.0000 pred=24174.0 | Compute the the maximum of cash for Quantum Bridge Holdings ...
  [198/250] WRONG  | truth=519861.0000 pred=92675.0 | Which result follows from the sum of current assets for Iron...
  [199/250] CORRECT | truth=111555.0000 pred=111555.0 | Could you give the the minimum of total assets for Meridian ...
  [200/250] CORRECT | truth=49619.0000 pred=49619.0 | You should calculate the the minimum of accounts receivable ...
  [201/250] CORRECT | truth=24816.0000 pred=24816.0 | What would be the longterm liabilities for Cobalt Semiconduc...
  [202/250] WRONG  | truth=908620.0000 pred=668865.0 | whats the value of the the maximum of total assets for Clear...
  [203/250] CORRECT | truth=298268.0000 pred=271268.0 | which quantity is given by the current assets for Ironclad M...
  [204/250] CORRECT | truth=54234.0000 pred=54234.0 | which quantity is given by the the maximum of accounts recei...
  [205/250] WRONG  | truth=33968.0000 pred=26968.0 | which quantity is given by the pretax income for Meridian Sy...
  [206/250] CORRECT | truth=17245.5319 pred=17243.319 | Whats the value of the sum of inventories and result of cape...
  [207/250] WRONG  | truth=16067.6000 pred=13788.8 | What is the average cash for Apex Dynamics Corp across years...
  [208/250] WRONG  | truth=333815.0000 pred=61459.0 | Calculate the sum of dividends paid for SilverLine Retail In...
  [209/250] CORRECT | truth=26780.0000 pred=28780.0 | determine the current assets for Quantum Bridge Holdings in ...
  [210/250] CORRECT | truth=63844.0000 pred=61931.084 | determine the result of sum of short term investments and to...
  [211/250] CORRECT | truth=0.0000 pred=0.0 | Determine the the minimum of dividends paid for Pinnacle Hea...
  [212/250] CORRECT | truth=92100.0000 pred=92099.0 | what is the sum of total equity and total liabilities for Ap...
  [213/250] CORRECT | truth=4078.0000 pred=4078.0 | What's the value of the the minimum of capex for Atlas Globa...
  [214/250] CORRECT | truth=20956.0000 pred=20956.0 | Which quantity is given by the the maximum of accounts recei...
  [215/250] CORRECT | truth=100534.0000 pred=100534.0 | May you calculate the gross profit for NovaStar Technologies...
  [216/250] CORRECT | truth=12599.0000 pred=13799.0 | Whats the value of the average inventories for ClearPath Log...
  [217/250] CORRECT | truth=491917.0000 pred=490917.0 | evaluate the sum of revenue and inventories for Titan Consum...
  [218/250] CORRECT | truth=10253.0000 pred=10253.0 | Determine the sum of gross profit for Pinnacle Health Group ...
  [219/250] CORRECT | truth=-146.0000 pred=-146.0 | what do we obtain as the difference between short term inves...
  [220/250] CORRECT | truth=142085.0000 pred=142085.0 | May you give the the maximum of revenue for Orion Financial ...
  [221/250] WRONG  | truth=26780.0000 pred=37780.0 | Compute the current assets for Quantum Bridge Holdings in 20...
  [222/250] CORRECT | truth=244.0000 pred=244.0 | May you calculate the the minimum of dividends paid for Nova...
  [223/250] WRONG  | truth=244372.0000 pred=215372.0 | evaluate the current assets for Titan Consumer Brands in 202...
  [224/250] CORRECT | truth=622.8451 pred=623.0 | what is the value of the result of the maximum of short term...
  [225/250] CORRECT | truth=66578.0000 pred=68578.0 | could you give the current assets for Meridian Systems Inc i...
  [226/250] CORRECT | truth=1406906.5049 pred=1441533.35 | You should calculate the result of result of cost of goods s...
  [227/250] WRONG  | truth=38365.0000 pred=2436.0 | you should give the sum of capex for Quantum Bridge Holdings...
  [228/250] CORRECT | truth=225815.0000 pred=225815.0 | Evaluate the the maximum of cash for Titan Consumer Brands u...
  [229/250] WRONG  | truth=246467.3333 pred=14142.0 | what's the value of the sum of ratio of sum of sum of short ...
  [230/250] CORRECT | truth=17636.0000 pred=17636.0 | What is the average short term investments for Apex Dynamics...
  [231/250] CORRECT | truth=26424.0000 pred=26424.0 | may you give the average operating expenses for NovaStar Tec...
  [232/250] CORRECT | truth=7268.0000 pred=7268.0 | state the longterm liabilities for Pinnacle Health Group in ...
  [233/250] CORRECT | truth=225815.0000 pred=225815.0 | You should calculate the the maximum of cash for Titan Consu...
  [234/250] WRONG  | truth=111555.0000 pred=147592.0 | could you give the the minimum of total assets for Meridian ...
  [235/250] WRONG  | truth=65648.0000 pred=43648.0 | Provide the pretax income for Pacific Crest Energy in 2022...
  [236/250] CORRECT | truth=41405.0000 pred=41405.0 | which value corresponds to the the minimum of cash for Helix...
  [237/250] WRONG  | truth=514684.0000 pred=15115.0 | whats the value of the the minimum of revenue for ClearPath ...
  [238/250] CORRECT | truth=68614.0000 pred=68614.0 | give the current assets for Orion Financial Group in 2023 ....
  [239/250] CORRECT | truth=403472.0000 pred=403472.0 | what's the value of the the minimum of total assets for Clea...
  [240/250] CORRECT | truth=6435.3776 pred=6431.31946941135 | What does the following give: result of dividends paid scale...
  [241/250] CORRECT | truth=-56026.0000 pred=-56026.0 | which value corresponds to the difference between longterm l...
  [242/250] CORRECT | truth=1151.4000 pred=1171.4 | What do we obtain as the average dividends paid for Cobalt S...
  [243/250] CORRECT | truth=18152.0000 pred=18152.0 | state the longterm liabilities for Pinnacle Health Group in ...
  [244/250] WRONG  | truth=0.0000 pred=774.0 | Provide the difference between dividends paid and dividends ...
  [245/250] WRONG  | truth=64613.0000 pred=15677.0 | which quantity is given by the longterm assets for Meridian ...
  [246/250] CORRECT | truth=39883.0000 pred=39883.0 | whats the value of the the minimum of non operating expenses...
  [247/250] CORRECT | truth=8553.0000 pred=8553.0 | you should give the the minimum of capex for Helix BioScienc...
  [248/250] WRONG  | truth=74147.0000 pred=12390.0 | what do we obtain as the difference between cash and invento...
  [249/250] CORRECT | truth=559374.0329 pred=568374.27 | which quantity is given by the sum of sum of current assets ...
  [250/250] CORRECT | truth=10900.0000 pred=10900.0 | State the current assets for Pinnacle Health Group in 2025 ....

============================================================
  Model: meta-llama/Llama-3.3-70B-Instruct-Turbo
============================================================
  10-Q      : 0/0  accuracy = 0.0%  (skipped 0)
  90-Q      : 202/250  accuracy = 80.8%  (skipped 0)
  Multi-turn: 0/0  accuracy = 0.0%  (skipped 0)
  Overall   : 202/250  accuracy = 80.8%
============================================================

Results saved to output_llm/Llama-3.3-70B-Instruct-Turbo_mixed_depth_1_to_5_20260804_215954.json
CSV saved to output_llm/eval_results_20260804_215954.csv
<===== new run accounts/fireworks/models/qwen3p7-plus =======>
90Q are Sheet: /output/financial_spreadsheet.json
90Q are Questions: /output/original_questions.json
Loading datasets...
  90-Q: 250 questions, 15 companies

============================================================
  Evaluating model: accounts/fireworks/models/qwen3p7-plus
============================================================

-- 90-Q evaluation (250 questions) --
  [1/250] CORRECT | truth=4121.0000 pred=4121.0 | state the longterm liabilities for Pinnacle Health Group in ...
  [2/250] CORRECT | truth=397455.0000 pred=397455.0 | which result follows from the the maximum of revenue for Iro...
  [3/250] CORRECT | truth=97934.0000 pred=97934.0 | Could you give the gross profit for Meridian Systems Inc in ...
  [4/250] WRONG  | truth=3457059.1800 pred=112478.0 | Could you give the result of sum of the maximum of cost of g...
  [5/250] CORRECT | truth=56416.0000 pred=56416.0 | What's the value of the gross profit for Atlas Global Indust...
  [6/250] CORRECT | truth=408.0000 pred=408.0 | what do we obtain as the the minimum of dividends paid for C...
  [7/250] CORRECT | truth=30746.0000 pred=30746.0 | what would be the average cost of goods sold for Cobalt Semi...
  [8/250] CORRECT | truth=7573.0000 pred=7573.0 | What is the value of the the maximum of capex for Apex Dynam...
  [9/250] CORRECT | truth=107172.0000 pred=107172.0 | Whats the value of the operating income for ClearPath Logist...
  [10/250] CORRECT | truth=42626.0000 pred=42626.0 | you should calculate the the maximum of operating expenses f...
  [11/250] CORRECT | truth=273650.0000 pred=273650.0 | Calculate the longterm liabilities for SilverLine Retail Inc...
  [12/250] CORRECT | truth=56605.0000 pred=56605.0 | could you give the current assets for Meridian Systems Inc i...
  [13/250] CORRECT | truth=155193.0000 pred=155193.0 | Which value corresponds to the the maximum of total equity f...
  [14/250] WRONG  | truth=1222876.2308 pred=19060000.0 | what do we obtain as the result of longterm assets for Cobal...
  [15/250] CORRECT | truth=637517.0000 pred=637517.0 | calculate the the minimum of total assets for SilverLine Ret...
  [16/250] CORRECT | truth=33297.0000 pred=33297.0 | may you calculate the the minimum of cash for NovaStar Techn...
  [17/250] CORRECT | truth=320375.0000 pred=320375.0 | Whats the value of the gross profit for ClearPath Logistics ...
  [18/250] CORRECT | truth=134393.0000 pred=134393.0 | Whats the value of the sum of current liabilities and accoun...
  [19/250] CORRECT | truth=4553.0000 pred=4553.0 | State the sum of cash for Pinnacle Health Group in 2020 and ...
  [20/250] CORRECT | truth=25460.0000 pred=25460.0 | What do we obtain as the sum of total equity and operating e...
  [21/250] CORRECT | truth=13123.0000 pred=13123.0 | Determine the average cash for Quantum Bridge Holdings acros...
  [22/250] WRONG  | truth=2727.6702 pred=62924.10346242615 | Provide the result of accounts receivable scaled by income t...
  [23/250] CORRECT | truth=39678.0000 pred=39678.0 | You should give the sum of current assets and current assets...
  [24/250] CORRECT | truth=9802.0000 pred=9802.0 | what's the value of the the maximum of inventories for Clear...
  [25/250] CORRECT | truth=469144.0000 pred=469144.0 | Could you give the sum of difference between total equity an...
  [26/250] CORRECT | truth=49297.0000 pred=49297.0 | compute the gross profit for Quantum Bridge Holdings in 2022...
  [27/250] CORRECT | truth=617154.0000 pred=617154.0 | Calculate the the maximum of revenue for SilverLine Retail I...
  [28/250] CORRECT | truth=450039.0000 pred=451039.0 | evaluate the longterm assets for SilverLine Retail Inc in 20...
  [29/250] CORRECT | truth=110922.0000 pred=110922.0 | what do we obtain as the average current liabilities for Cri...
  [30/250] CORRECT | truth=0.0000 pred=0.0 | what is the the minimum of dividends paid for Apex Dynamics ...
  [31/250] CORRECT | truth=130009.0000 pred=130009.0 | which quantity is given by the the minimum of cost of goods ...
  [32/250] CORRECT | truth=79708.0000 pred=79708.0 | which quantity is given by the result of total assets scaled...
  [33/250] CORRECT | truth=51479.8000 pred=51479.8 | What's the value of the average accounts receivable for Clea...
  [34/250] WRONG  | truth=18827.7220 pred=59122.81550711 | determine the result of sum of difference between dividends ...
  [35/250] CORRECT | truth=210814.0000 pred=210814.0 | Provide the sum of total equity and operating income for Pac...
  [36/250] CORRECT | truth=179128.0000 pred=179128.0 | Which value corresponds to the sum of operating expenses and...
  [37/250] CORRECT | truth=72411.0000 pred=72411.0 | Could you give the gross profit for Meridian Systems Inc in ...
  [38/250] CORRECT | truth=10261.0000 pred=10261.0 | Give the the minimum of accounts receivable for Pacific Cres...
  [39/250] CORRECT | truth=18251.0000 pred=18251.0 | What would be the difference between total equity and short ...
  [40/250] CORRECT | truth=252172.0000 pred=252172.0 | which result follows from the sum of revenue for Helix BioSc...
  [41/250] CORRECT | truth=130516.0000 pred=130516.0 | Which value corresponds to the current assets for Helix BioS...
  [42/250] CORRECT | truth=48015.0000 pred=48015.0 | What is the value of the current assets for Atlas Global Ind...
  [43/250] CORRECT | truth=32600.0000 pred=32600.0 | What is the value of the the maximum of current liabilities ...
  [44/250] CORRECT | truth=28424.0000 pred=28424.0 | what does the following give: the maximum of dividends paid ...
  [45/250] CORRECT | truth=14696.0000 pred=14696.0 | what would be the pretax income for Cobalt Semiconductor in ...
  [46/250] CORRECT | truth=158898.0000 pred=158898.0 | Whats the value of the current assets for ClearPath Logistic...
  [47/250] CORRECT | truth=15989.0000 pred=15989.0 | provide the the maximum of short term investments for Pacifi...
  [48/250] CORRECT | truth=49864.2500 pred=49864.25 | what's the value of the average cost of goods sold for Atlas...
  [49/250] CORRECT | truth=91935.5000 pred=91935.5 | what do we obtain as the average operating expenses for Crim...
  [50/250] CORRECT | truth=26424.0000 pred=26424.0 | You should give the average operating expenses for NovaStar ...
  [51/250] CORRECT | truth=3475.0000 pred=3475.0 | State the the maximum of short term investments for Pinnacle...
  [52/250] CORRECT | truth=196241.0000 pred=196241.0 | Calculate the longterm liabilities for SilverLine Retail Inc...
  [53/250] CORRECT | truth=30468.6000 pred=30468.6 | Could you give the average cash for Meridian Systems Inc acr...
  [54/250] CORRECT | truth=353846.0000 pred=353846.0 | You should calculate the longterm liabilities for Titan Cons...
  [55/250] CORRECT | truth=827261.0000 pred=827261.0 | calculate the the maximum of revenue for SilverLine Retail I...
  [56/250] CORRECT | truth=32213.5000 pred=32213.5 | determine the average cost of goods sold for Quantum Bridge ...
  [57/250] CORRECT | truth=32022.0000 pred=32022.0 | give the longterm assets for Orion Financial Group in 2020 ....
  [58/250] CORRECT | truth=922.0000 pred=922.0 | what would be the the minimum of short term investments for ...
  [59/250] CORRECT | truth=21828.0000 pred=21828.0 | Provide the the minimum of non operating expenses for Pacifi...
  [60/250] CORRECT | truth=41540.0000 pred=41540.0 | may you give the the maximum of current liabilities for Orio...
  [61/250] CORRECT | truth=23084.0000 pred=23084.0 | What would be the longterm liabilities for Cobalt Semiconduc...
  [62/250] CORRECT | truth=240166.0000 pred=240166.0 | you should calculate the current assets for ClearPath Logist...
  [63/250] CORRECT | truth=8830.5000 pred=8830.5 | May you calculate the average short term investments for Nov...
  [64/250] CORRECT | truth=296099.0000 pred=296099.0 | Evaluate the current assets for Titan Consumer Brands in 202...
  [65/250] CORRECT | truth=562.0000 pred=562.0 | state the the minimum of capex for Pinnacle Health Group usi...
  [66/250] CORRECT | truth=12753.0000 pred=12753.0 | give the the maximum of short term investments for Orion Fin...
  [67/250] CORRECT | truth=544517.0000 pred=544517.0 | What does the following give: sum of the maximum of operatin...
  [68/250] CORRECT | truth=32332.0000 pred=32332.0 | You should calculate the the minimum of cost of goods sold f...
  [69/250] CORRECT | truth=320375.0000 pred=320375.0 | What's the value of the gross profit for ClearPath Logistics...
  [70/250] CORRECT | truth=12539.0000 pred=12539.0 | state the sum of cost of goods sold and accounts receivable ...
  [71/250] CORRECT | truth=50204.8524 pred=50204.85238929197 | whats the value of the result of non operating expenses scal...
  [72/250] CORRECT | truth=83579.0000 pred=83579.0 | may you calculate the gross profit for NovaStar Technologies...
  [73/250] CORRECT | truth=129984.0000 pred=129984.0 | Evaluate the operating income for Titan Consumer Brands in 2...
  [74/250] CORRECT | truth=133504.0000 pred=133504.0 | Which quantity is given by the gross profit for Ironclad Man...
  [75/250] CORRECT | truth=60467.0000 pred=60467.0 | you should calculate the pretax income for Titan Consumer Br...
  [76/250] CORRECT | truth=1006.0000 pred=1006.0 | State the the minimum of inventories for Pinnacle Health Gro...
  [77/250] CORRECT | truth=81189.0000 pred=81189.0 | what's the value of the average total assets for Atlas Globa...
  [78/250] CORRECT | truth=58519.6667 pred=58519.67 | calculate the average accounts receivable for SilverLine Ret...
  [79/250] CORRECT | truth=827261.0000 pred=827261.0 | compute the the maximum of revenue for SilverLine Retail Inc...
  [80/250] CORRECT | truth=102595.0000 pred=102595.0 | May you calculate the current assets for NovaStar Technologi...
  [81/250] CORRECT | truth=54740.0000 pred=54740.0 | What does the following give: average accounts receivable fo...
  [82/250] CORRECT | truth=405.0000 pred=405.0 | provide the the minimum of dividends paid for Pacific Crest ...
  [83/250] CORRECT | truth=719.0000 pred=719.0 | state the the minimum of short term investments for Pinnacle...
  [84/250] CORRECT | truth=32271.3333 pred=32271.33 | provide the average operating expenses for Pacific Crest Ene...
  [85/250] CORRECT | truth=27059.0000 pred=27059.0 | what is the the maximum of short term investments for Apex D...
  [86/250] CORRECT | truth=-5625.0000 pred=-5625.0 | what is the pretax income for Apex Dynamics Corp in 2024?...
  [87/250] CORRECT | truth=158898.0000 pred=158898.0 | whats the value of the current assets for ClearPath Logistic...
  [88/250] CORRECT | truth=539015.0000 pred=539015.0 | calculate the sum of capex and total assets for SilverLine R...
  [89/250] CORRECT | truth=12076.0000 pred=12076.0 | Determine the the maximum of dividends paid for Quantum Brid...
  [90/250] CORRECT | truth=78856.0000 pred=78856.0 | What is the value of the the minimum of revenue for Apex Dyn...
  [91/250] CORRECT | truth=59865.0000 pred=59865.0 | compute the the maximum of short term investments for Silver...
  [92/250] CORRECT | truth=200467.0000 pred=200467.0 | what does the following give: gross profit for Crimson Pharm...
  [93/250] CORRECT | truth=5493.0000 pred=5493.0 | state the result of total assets scaled by ratio of total eq...
  [94/250] CORRECT | truth=17393.0000 pred=17393.0 | what is the difference between short term investments and no...
  [95/250] CORRECT | truth=164327.0000 pred=164327.0 | Evaluate the current assets for Titan Consumer Brands in 202...
  [96/250] CORRECT | truth=96911.5000 pred=96911.5 | what is the value of the average total assets for Atlas Glob...
  [97/250] CORRECT | truth=80034.0000 pred=80034.0 | may you give the average total liabilities for Orion Financi...
  [98/250] CORRECT | truth=145373.0000 pred=145373.0 | Could you give the longterm assets for Meridian Systems Inc ...
  [99/250] CORRECT | truth=111691.0000 pred=111691.0 | You should give the longterm assets for Apex Dynamics Corp i...
  [100/250] CORRECT | truth=112935.0000 pred=112935.0 | what does the following give: longterm assets for Helix BioS...
  [101/250] CORRECT | truth=414636.0000 pred=414636.0 | may you calculate the sum of revenue and total assets for No...
  [102/250] CORRECT | truth=384907.0000 pred=384907.0 | You should calculate the sum of the minimum of operating exp...
  [103/250] CORRECT | truth=129.0000 pred=129.0 | compute the the minimum of dividends paid for Quantum Bridge...
  [104/250] CORRECT | truth=183099.0000 pred=183099.0 | Provide the the minimum of total assets for Pacific Crest En...
  [105/250] CORRECT | truth=2200.5696 pred=2200.56964412169 | whats the value of the result of difference between cash and...
  [106/250] CORRECT | truth=39977.0000 pred=39977.0 | What is the gross profit for Apex Dynamics Corp in 2020?...
  [107/250] CORRECT | truth=836.0000 pred=836.0 | Give the average dividends paid for Orion Financial Group ac...
  [108/250] CORRECT | truth=21463.0000 pred=21463.0 | You should calculate the average inventories for Titan Consu...
  [109/250] CORRECT | truth=298268.0000 pred=298268.0 | which quantity is given by the current assets for Ironclad M...
  [110/250] CORRECT | truth=17917.0000 pred=17917.0 | Compute the the maximum of operating expenses for Quantum Br...
  [111/250] CORRECT | truth=378544.0000 pred=378544.0 | Whats the value of the longterm liabilities for ClearPath Lo...
  [112/250] CORRECT | truth=757557.0000 pred=757557.0 | you should calculate the the maximum of total liabilities fo...
  [113/250] CORRECT | truth=9003.5000 pred=9003.5 | Could you give the average inventories for Meridian Systems ...
  [114/250] CORRECT | truth=29590.0000 pred=29590.0 | you should give the the minimum of operating expenses for Ir...
  [115/250] CORRECT | truth=196241.0000 pred=196241.0 | calculate the longterm liabilities for SilverLine Retail Inc...
  [116/250] CORRECT | truth=2062.0000 pred=2062.0 | determine the the minimum of cash for Pinnacle Health Group ...
  [117/250] CORRECT | truth=18737.0000 pred=18737.0 | Determine the the maximum of operating expenses for Quantum ...
  [118/250] WRONG  | truth=134669.0000 pred=110361.01 | Which result follows from the pretax income for Ironclad Man...
  [119/250] CORRECT | truth=464758.0000 pred=464758.0 | Which result follows from the the maximum of total equity fo...
  [120/250] CORRECT | truth=106681.0000 pred=106681.0 | State the sum of the maximum of capex for Pacific Crest Ener...
  [121/250] CORRECT | truth=24816.0000 pred=24816.0 | what would be the longterm liabilities for Cobalt Semiconduc...
  [122/250] CORRECT | truth=270988.0000 pred=270988.0 | what do we obtain as the average total equity for Crimson Ph...
  [123/250] CORRECT | truth=5901.0000 pred=5901.0 | state the operating income for Pinnacle Health Group in 2023...
  [124/250] CORRECT | truth=19965.0000 pred=19965.0 | give the the minimum of total liabilities for Orion Financia...
  [125/250] CORRECT | truth=38883.2000 pred=38883.2 | Which value corresponds to the average cash for Helix BioSci...
  [126/250] CORRECT | truth=32211.0000 pred=32211.0 | What's the value of the gross profit for Atlas Global Indust...
  [127/250] WRONG  | truth=5062.5399 pred=75859.63152497655 | What does the following give: result of inventories scaled b...
  [128/250] CORRECT | truth=4900.0000 pred=4900.0 | compute the average short term investments for Quantum Bridg...
  [129/250] CORRECT | truth=89176.0000 pred=89176.0 | what does the following give: longterm liabilities for Crims...
  [130/250] CORRECT | truth=2582.0000 pred=2582.0 | state the average cash for Pinnacle Health Group across year...
  [131/250] CORRECT | truth=-25506.0000 pred=-25506.0 | You should calculate the difference between capex and curren...
  [132/250] CORRECT | truth=3819.0000 pred=3819.0 | May you give the difference between current assets and longt...
  [133/250] CORRECT | truth=153784.6000 pred=153784.6 | give the average total assets for Orion Financial Group acro...
  [134/250] CORRECT | truth=10268.7500 pred=10268.75 | which quantity is given by the average capex for Meridian Sy...
  [135/250] CORRECT | truth=62496.0000 pred=62496.0 | Give the longterm liabilities for Orion Financial Group in 2...
  [136/250] CORRECT | truth=97839.0000 pred=97839.0 | Which result follows from the the maximum of short term inve...
  [137/250] CORRECT | truth=24015.0000 pred=24015.0 | Compute the gross profit for Quantum Bridge Holdings in 2021...
  [138/250] CORRECT | truth=166680.0000 pred=166680.0 | May you calculate the sum of cost of goods sold and cost of ...
  [139/250] CORRECT | truth=39822.3333 pred=39822.33 | Give the average total liabilities for Orion Financial Group...
  [140/250] CORRECT | truth=307082.0000 pred=307082.0 | What does the following give: sum of operating income and co...
  [141/250] WRONG  | truth=3408.5801 pred=61368.18 | which result follows from the result of operating expenses s...
  [142/250] CORRECT | truth=562.0000 pred=562.0 | state the the maximum of capex for Pinnacle Health Group usi...
  [143/250] CORRECT | truth=36694.0000 pred=36694.0 | Determine the longterm assets for Quantum Bridge Holdings in...
  [144/250] CORRECT | truth=94180.0000 pred=94180.0 | which result follows from the difference between cost of goo...
  [145/250] CORRECT | truth=667765.0000 pred=667765.0 | you should calculate the the maximum of total equity for Tit...
  [146/250] CORRECT | truth=105547.0000 pred=105547.0 | may you give the current assets for Orion Financial Group in...
  [147/250] CORRECT | truth=514684.0000 pred=514684.0 | whats the value of the the minimum of revenue for ClearPath ...
  [148/250] CORRECT | truth=46058.6667 pred=46058.67 | Evaluate the average short term investments for SilverLine R...
  [149/250] CORRECT | truth=73911.0000 pred=73911.0 | Determine the longterm liabilities for Quantum Bridge Holdin...
  [150/250] CORRECT | truth=365161.0000 pred=365161.0 | Calculate the longterm assets for SilverLine Retail Inc in 2...
  [151/250] WRONG  | truth=18818.5992 pred=214451.99 | May you calculate the result of cost of goods sold scaled by...
  [152/250] CORRECT | truth=1944.0000 pred=1944.0 | compute the the minimum of capex for Quantum Bridge Holdings...
  [153/250] CORRECT | truth=80320.0000 pred=80320.0 | whats the value of the the maximum of non operating expenses...
  [154/250] CORRECT | truth=11133.5000 pred=11133.5 | give the average cash for Orion Financial Group across years...
  [155/250] CORRECT | truth=58929.0000 pred=58929.0 | May you calculate the longterm assets for NovaStar Technolog...
  [156/250] CORRECT | truth=257258.0000 pred=257258.0 | which value corresponds to the sum of cost of goods sold and...
  [157/250] CORRECT | truth=19238.0000 pred=19238.0 | evaluate the the minimum of inventories for SilverLine Retai...
  [158/250] CORRECT | truth=9946.0000 pred=9946.0 | what do we obtain as the the minimum of current liabilities ...
  [159/250] CORRECT | truth=12267.9645 pred=12267.964503771796 | what is the value of the result of revenue scaled by income ...
  [160/250] CORRECT | truth=90881.3001 pred=90881.3 | Calculate the sum of cash and result of accounts receivable ...
  [161/250] CORRECT | truth=9338.0000 pred=9338.0 | Determine the longterm assets for Pinnacle Health Group in 2...
  [162/250] CORRECT | truth=32958.0000 pred=32958.0 | what's the value of the the minimum of cost of goods sold fo...
  [163/250] CORRECT | truth=105291.0000 pred=105291.0 | which value corresponds to the current assets for Helix BioS...
  [164/250] CORRECT | truth=4436.5000 pred=4436.5 | provide the average dividends paid for Pacific Crest Energy ...
  [165/250] CORRECT | truth=18704.0000 pred=18704.0 | what's the value of the gross profit for Atlas Global Indust...
  [166/250] CORRECT | truth=89176.0000 pred=89176.0 | what does the following give: longterm liabilities for Crims...
  [167/250] CORRECT | truth=4243.0000 pred=4243.0 | What do we obtain as the the minimum of operating expenses f...
  [168/250] CORRECT | truth=4610.0000 pred=4610.0 | Compute the the maximum of capex for Quantum Bridge Holdings...
  [169/250] CORRECT | truth=81319.0000 pred=81319.0 | Which result follows from the the maximum of non operating e...
  [170/250] CORRECT | truth=153259.0000 pred=153259.0 | What's the value of the the maximum of cash for ClearPath Lo...
  [171/250] CORRECT | truth=738806.0000 pred=738806.0 | Evaluate the longterm assets for Titan Consumer Brands in 20...
  [172/250] CORRECT | truth=347918.7040 pred=347918.704028021 | compute the result of the maximum of total liabilities for Q...
  [173/250] CORRECT | truth=90090.0000 pred=90090.0 | Compute the sum of short term investments and sum of capex a...
  [174/250] WRONG  | truth=218465.2762 pred=54426.0 | which value corresponds to the result of cost of goods sold ...
  [175/250] CORRECT | truth=52659.0000 pred=52659.0 | which quantity is given by the longterm liabilities for Iron...
  [176/250] CORRECT | truth=2433.0000 pred=2433.0 | Give the the minimum of inventories for Orion Financial Grou...
  [177/250] CORRECT | truth=161980.3333 pred=161980.33333333334 | you should calculate the average revenue for NovaStar Techno...
  [178/250] CORRECT | truth=190812.0000 pred=190812.0 | what do we obtain as the gross profit for Crimson Pharmaceut...
  [179/250] CORRECT | truth=338824.0000 pred=338824.0 | Evaluate the the maximum of current liabilities for Titan Co...
  [180/250] CORRECT | truth=3545.0000 pred=3545.0 | State the the maximum of current liabilities for Pinnacle He...
  [181/250] CORRECT | truth=191823.0000 pred=191823.0 | You should give the longterm assets for Helix BioSciences in...
  [182/250] CORRECT | truth=29206.0000 pred=29206.0 | you should give the difference between total liabilities and...
  [183/250] CORRECT | truth=39655.0000 pred=39655.0 | What do we obtain as the longterm assets for Cobalt Semicond...
  [184/250] CORRECT | truth=25711.8000 pred=25711.8 | You should calculate the average capex for Titan Consumer Br...
  [185/250] CORRECT | truth=37697.0000 pred=37697.0 | You should give the the maximum of short term investments fo...
  [186/250] CORRECT | truth=63474.0000 pred=63474.0 | could you give the current assets for Meridian Systems Inc i...
  [187/250] CORRECT | truth=90766.0000 pred=90766.0 | could you give the longterm assets for Meridian Systems Inc ...
  [188/250] CORRECT | truth=67087.0000 pred=67087.0 | which result follows from the the minimum of current liabili...
  [189/250] CORRECT | truth=116077.0000 pred=116077.0 | What is the longterm assets for Apex Dynamics Corp in 2021?...
  [190/250] CORRECT | truth=16862.0000 pred=16862.0 | Could you give the the maximum of capex for Meridian Systems...
  [191/250] CORRECT | truth=4121.0000 pred=4121.0 | determine the longterm liabilities for Pinnacle Health Group...
  [192/250] CORRECT | truth=61721.6000 pred=61721.6 | may you calculate the average current liabilities for NovaSt...
  [193/250] CORRECT | truth=26227.0000 pred=26227.0 | which quantity is given by the the maximum of operating expe...
  [194/250] CORRECT | truth=120414.0000 pred=120414.0 | may you calculate the sum of the maximum of short term inves...
  [195/250] CORRECT | truth=2433.0000 pred=2433.0 | May you give the the minimum of inventories for Orion Financ...
  [196/250] CORRECT | truth=146468.1015 pred=146468.10056398244 | which value corresponds to the sum of result of total assets...
  [197/250] CORRECT | truth=24174.0000 pred=24174.0 | Compute the the maximum of cash for Quantum Bridge Holdings ...
  [198/250] CORRECT | truth=519861.0000 pred=519861.0 | Which result follows from the sum of current assets for Iron...
  [199/250] CORRECT | truth=111555.0000 pred=111555.0 | Could you give the the minimum of total assets for Meridian ...
  [200/250] CORRECT | truth=49619.0000 pred=49619.0 | You should calculate the the minimum of accounts receivable ...
  [201/250] CORRECT | truth=24816.0000 pred=24816.0 | What would be the longterm liabilities for Cobalt Semiconduc...
  [202/250] CORRECT | truth=908620.0000 pred=908620.0 | whats the value of the the maximum of total assets for Clear...
  [203/250] CORRECT | truth=298268.0000 pred=298268.0 | which quantity is given by the current assets for Ironclad M...
  [204/250] CORRECT | truth=54234.0000 pred=54234.0 | which quantity is given by the the maximum of accounts recei...
  [205/250] CORRECT | truth=33968.0000 pred=33968.0 | which quantity is given by the pretax income for Meridian Sy...
  [206/250] CORRECT | truth=17245.5319 pred=17245.53193411112 | Whats the value of the sum of inventories and result of cape...
  [207/250] CORRECT | truth=16067.6000 pred=16067.6 | What is the average cash for Apex Dynamics Corp across years...
  [208/250] CORRECT | truth=333815.0000 pred=333815.0 | Calculate the sum of dividends paid for SilverLine Retail In...
  [209/250] CORRECT | truth=26780.0000 pred=26780.0 | determine the current assets for Quantum Bridge Holdings in ...
  [210/250] CORRECT | truth=63844.0000 pred=63844.0 | determine the result of sum of short term investments and to...
  [211/250] CORRECT | truth=0.0000 pred=0.0 | Determine the the minimum of dividends paid for Pinnacle Hea...
  [212/250] CORRECT | truth=92100.0000 pred=92100.0 | what is the sum of total equity and total liabilities for Ap...
  [213/250] CORRECT | truth=4078.0000 pred=4078.0 | What's the value of the the minimum of capex for Atlas Globa...
  [214/250] CORRECT | truth=20956.0000 pred=20956.0 | Which quantity is given by the the maximum of accounts recei...
  [215/250] CORRECT | truth=100534.0000 pred=100534.0 | May you calculate the gross profit for NovaStar Technologies...
  [216/250] CORRECT | truth=12599.0000 pred=12599.0 | Whats the value of the average inventories for ClearPath Log...
  [217/250] CORRECT | truth=491917.0000 pred=491917.0 | evaluate the sum of revenue and inventories for Titan Consum...
  [218/250] CORRECT | truth=10253.0000 pred=10253.0 | Determine the sum of gross profit for Pinnacle Health Group ...
  [219/250] CORRECT | truth=-146.0000 pred=-146.0 | what do we obtain as the difference between short term inves...
  [220/250] CORRECT | truth=142085.0000 pred=142085.0 | May you give the the maximum of revenue for Orion Financial ...
  [221/250] CORRECT | truth=26780.0000 pred=26780.0 | Compute the current assets for Quantum Bridge Holdings in 20...
  [222/250] CORRECT | truth=244.0000 pred=244.0 | May you calculate the the minimum of dividends paid for Nova...
  [223/250] CORRECT | truth=244372.0000 pred=244372.0 | evaluate the current assets for Titan Consumer Brands in 202...
  [224/250] CORRECT | truth=622.8451 pred=622.8450898171674 | what is the value of the result of the maximum of short term...
  [225/250] CORRECT | truth=66578.0000 pred=66578.0 | could you give the current assets for Meridian Systems Inc i...
  [226/250] WRONG  | truth=1406906.5049 pred=676.114384282 | You should calculate the result of result of cost of goods s...
  [227/250] CORRECT | truth=38365.0000 pred=38365.0 | you should give the sum of capex for Quantum Bridge Holdings...
  [228/250] CORRECT | truth=225815.0000 pred=225815.0 | Evaluate the the maximum of cash for Titan Consumer Brands u...
  [229/250] WRONG  | truth=246467.3333 pred=0.22106622540616774 | what's the value of the sum of ratio of sum of sum of short ...
  [230/250] CORRECT | truth=17636.0000 pred=17636.0 | What is the average short term investments for Apex Dynamics...
  [231/250] CORRECT | truth=26424.0000 pred=26424.0 | may you give the average operating expenses for NovaStar Tec...
  [232/250] CORRECT | truth=7268.0000 pred=7268.0 | state the longterm liabilities for Pinnacle Health Group in ...
  [233/250] CORRECT | truth=225815.0000 pred=225815.0 | You should calculate the the maximum of cash for Titan Consu...
  [234/250] CORRECT | truth=111555.0000 pred=111555.0 | could you give the the minimum of total assets for Meridian ...
  [235/250] CORRECT | truth=65648.0000 pred=65648.0 | Provide the pretax income for Pacific Crest Energy in 2022...
  [236/250] CORRECT | truth=41405.0000 pred=41405.0 | which value corresponds to the the minimum of cash for Helix...
  [237/250] CORRECT | truth=514684.0000 pred=514684.0 | whats the value of the the minimum of revenue for ClearPath ...
  [238/250] CORRECT | truth=68614.0000 pred=68614.0 | give the current assets for Orion Financial Group in 2023 ....
  [239/250] CORRECT | truth=403472.0000 pred=403472.0 | what's the value of the the minimum of total assets for Clea...
  [240/250] WRONG  | truth=6435.3776 pred=106894.73684210527 | What does the following give: result of dividends paid scale...
  [241/250] WRONG  | truth=-56026.0000 pred=56026.0 | which value corresponds to the difference between longterm l...
  [242/250] CORRECT | truth=1151.4000 pred=1151.4 | What do we obtain as the average dividends paid for Cobalt S...
  [243/250] CORRECT | truth=18152.0000 pred=18152.0 | state the longterm liabilities for Pinnacle Health Group in ...
  [244/250] CORRECT | truth=0.0000 pred=0.0 | Provide the difference between dividends paid and dividends ...
  [245/250] CORRECT | truth=64613.0000 pred=64613.0 | which quantity is given by the longterm assets for Meridian ...
  [246/250] CORRECT | truth=39883.0000 pred=39883.0 | whats the value of the the minimum of non operating expenses...
  [247/250] CORRECT | truth=8553.0000 pred=8553.0 | you should give the the minimum of capex for Helix BioScienc...
  [248/250] CORRECT | truth=74147.0000 pred=74147.0 | what do we obtain as the difference between cash and invento...
  [249/250] WRONG  | truth=559374.0329 pred=388.0 | which quantity is given by the sum of sum of current assets ...
  [250/250] CORRECT | truth=10900.0000 pred=10900.0 | State the current assets for Pinnacle Health Group in 2025 ....

============================================================
  Model: accounts/fireworks/models/qwen3p7-plus
============================================================
  10-Q      : 0/0  accuracy = 0.0%  (skipped 0)
  90-Q      : 236/250  accuracy = 94.4%  (skipped 0)
  Multi-turn: 0/0  accuracy = 0.0%  (skipped 0)
  Overall   : 236/250  accuracy = 94.4%
============================================================

Results saved to output_llm/qwen3p7-plus_20260804_221450.json
CSV saved to output_llm/eval_results_20260804_221450.csv
<===== new run accounts/fireworks/models/deepseek-v4-flash =======>
90Q are Sheet: /output/financial_spreadsheet.json
90Q are Questions: /output/original_questions.json
Loading datasets...
  90-Q: 250 questions, 15 companies

============================================================
  Evaluating model: accounts/fireworks/models/deepseek-v4-flash
============================================================

-- 90-Q evaluation (250 questions) --
  [1/250] CORRECT | truth=4121.0000 pred=4121.0 | state the longterm liabilities for Pinnacle Health Group in ...
  [2/250] CORRECT | truth=397455.0000 pred=397455.0 | which result follows from the the maximum of revenue for Iro...
  [3/250] CORRECT | truth=97934.0000 pred=97934.0 | Could you give the gross profit for Meridian Systems Inc in ...
  [4/250] WRONG  | truth=3457059.1800 pred=16800.0 | Could you give the result of sum of the maximum of cost of g...
  [5/250] CORRECT | truth=56416.0000 pred=56416.0 | What's the value of the gross profit for Atlas Global Indust...
  [6/250] CORRECT | truth=408.0000 pred=408.0 | what do we obtain as the the minimum of dividends paid for C...
  [7/250] CORRECT | truth=30746.0000 pred=30746.0 | what would be the average cost of goods sold for Cobalt Semi...
  [8/250] CORRECT | truth=7573.0000 pred=7573.0 | What is the value of the the maximum of capex for Apex Dynam...
  [9/250] CORRECT | truth=107172.0000 pred=107172.0 | Whats the value of the operating income for ClearPath Logist...
  [10/250] CORRECT | truth=42626.0000 pred=42626.0 | you should calculate the the maximum of operating expenses f...
  [11/250] CORRECT | truth=273650.0000 pred=273650.0 | Calculate the longterm liabilities for SilverLine Retail Inc...
  [12/250] CORRECT | truth=56605.0000 pred=56605.0 | could you give the current assets for Meridian Systems Inc i...
  [13/250] CORRECT | truth=155193.0000 pred=155193.0 | Which value corresponds to the the maximum of total equity f...
  [14/250] CORRECT | truth=1222876.2308 pred=1222878.33 | what do we obtain as the result of longterm assets for Cobal...
  [15/250] CORRECT | truth=637517.0000 pred=637517.0 | calculate the the minimum of total assets for SilverLine Ret...
  [16/250] CORRECT | truth=33297.0000 pred=33297.0 | may you calculate the the minimum of cash for NovaStar Techn...
  [17/250] CORRECT | truth=320375.0000 pred=320375.0 | Whats the value of the gross profit for ClearPath Logistics ...
  [18/250] CORRECT | truth=134393.0000 pred=134393.0 | Whats the value of the sum of current liabilities and accoun...
  [19/250] CORRECT | truth=4553.0000 pred=4553.0 | State the sum of cash for Pinnacle Health Group in 2020 and ...
  [20/250] CORRECT | truth=25460.0000 pred=25460.0 | What do we obtain as the sum of total equity and operating e...
  [21/250] CORRECT | truth=13123.0000 pred=13123.0 | Determine the average cash for Quantum Bridge Holdings acros...
  [22/250] WRONG  | truth=2727.6702 pred=1.249219215 | Provide the result of accounts receivable scaled by income t...
  [23/250] WRONG  | truth=39678.0000 pred=19839.0 | You should give the sum of current assets and current assets...
  [24/250] CORRECT | truth=9802.0000 pred=9802.0 | what's the value of the the maximum of inventories for Clear...
  [25/250] CORRECT | truth=469144.0000 pred=469144.0 | Could you give the sum of difference between total equity an...
  [26/250] CORRECT | truth=49297.0000 pred=49297.0 | compute the gross profit for Quantum Bridge Holdings in 2022...
  [27/250] CORRECT | truth=617154.0000 pred=617154.0 | Calculate the the maximum of revenue for SilverLine Retail I...
  [28/250] CORRECT | truth=450039.0000 pred=450039.0 | evaluate the longterm assets for SilverLine Retail Inc in 20...
  [29/250] CORRECT | truth=110922.0000 pred=110922.0 | what do we obtain as the average current liabilities for Cri...
  [30/250] CORRECT | truth=0.0000 pred=0.0 | what is the the minimum of dividends paid for Apex Dynamics ...
  [31/250] CORRECT | truth=130009.0000 pred=130009.0 | which quantity is given by the the minimum of cost of goods ...
  [32/250] CORRECT | truth=79708.0000 pred=79708.0 | which quantity is given by the result of total assets scaled...
  [33/250] CORRECT | truth=51479.8000 pred=51479.8 | What's the value of the average accounts receivable for Clea...
  [34/250] WRONG  | truth=18827.7220 pred=14819.0 | determine the result of sum of difference between dividends ...
  [35/250] CORRECT | truth=210814.0000 pred=210814.0 | Provide the sum of total equity and operating income for Pac...
  [36/250] CORRECT | truth=179128.0000 pred=179128.0 | Which value corresponds to the sum of operating expenses and...
  [37/250] CORRECT | truth=72411.0000 pred=72411.0 | Could you give the gross profit for Meridian Systems Inc in ...
  [38/250] CORRECT | truth=10261.0000 pred=10261.0 | Give the the minimum of accounts receivable for Pacific Cres...
  [39/250] CORRECT | truth=18251.0000 pred=18251.0 | What would be the difference between total equity and short ...
  [40/250] CORRECT | truth=252172.0000 pred=252172.0 | which result follows from the sum of revenue for Helix BioSc...
  [41/250] CORRECT | truth=130516.0000 pred=130516.0 | Which value corresponds to the current assets for Helix BioS...
  [42/250] CORRECT | truth=48015.0000 pred=48015.0 | What is the value of the current assets for Atlas Global Ind...
  [43/250] CORRECT | truth=32600.0000 pred=32600.0 | What is the value of the the maximum of current liabilities ...
  [44/250] CORRECT | truth=28424.0000 pred=28424.0 | what does the following give: the maximum of dividends paid ...
  [45/250] CORRECT | truth=14696.0000 pred=14696.0 | what would be the pretax income for Cobalt Semiconductor in ...
  [46/250] CORRECT | truth=158898.0000 pred=158898.0 | Whats the value of the current assets for ClearPath Logistic...
  [47/250] CORRECT | truth=15989.0000 pred=15989.0 | provide the the maximum of short term investments for Pacifi...
  [48/250] CORRECT | truth=49864.2500 pred=49864.25 | what's the value of the average cost of goods sold for Atlas...
  [49/250] CORRECT | truth=91935.5000 pred=91935.5 | what do we obtain as the average operating expenses for Crim...
  [50/250] CORRECT | truth=26424.0000 pred=26424.0 | You should give the average operating expenses for NovaStar ...
  [51/250] CORRECT | truth=3475.0000 pred=3475.0 | State the the maximum of short term investments for Pinnacle...
  [52/250] CORRECT | truth=196241.0000 pred=196241.0 | Calculate the longterm liabilities for SilverLine Retail Inc...
  [53/250] CORRECT | truth=30468.6000 pred=30468.6 | Could you give the average cash for Meridian Systems Inc acr...
  [54/250] CORRECT | truth=353846.0000 pred=353846.0 | You should calculate the longterm liabilities for Titan Cons...
  [55/250] CORRECT | truth=827261.0000 pred=827261.0 | calculate the the maximum of revenue for SilverLine Retail I...
  [56/250] CORRECT | truth=32213.5000 pred=32213.5 | determine the average cost of goods sold for Quantum Bridge ...
  [57/250] CORRECT | truth=32022.0000 pred=32022.0 | give the longterm assets for Orion Financial Group in 2020 ....
  [58/250] CORRECT | truth=922.0000 pred=922.0 | what would be the the minimum of short term investments for ...
  [59/250] CORRECT | truth=21828.0000 pred=21828.0 | Provide the the minimum of non operating expenses for Pacifi...
  [60/250] CORRECT | truth=41540.0000 pred=41540.0 | may you give the the maximum of current liabilities for Orio...
  [61/250] CORRECT | truth=23084.0000 pred=23084.0 | What would be the longterm liabilities for Cobalt Semiconduc...
  [62/250] CORRECT | truth=240166.0000 pred=240166.0 | you should calculate the current assets for ClearPath Logist...
  [63/250] CORRECT | truth=8830.5000 pred=8830.5 | May you calculate the average short term investments for Nov...
  [64/250] CORRECT | truth=296099.0000 pred=296099.0 | Evaluate the current assets for Titan Consumer Brands in 202...
  [65/250] CORRECT | truth=562.0000 pred=562.0 | state the the minimum of capex for Pinnacle Health Group usi...
  [66/250] CORRECT | truth=12753.0000 pred=12753.0 | give the the maximum of short term investments for Orion Fin...
  [67/250] CORRECT | truth=544517.0000 pred=544517.0 | What does the following give: sum of the maximum of operatin...
  [68/250] CORRECT | truth=32332.0000 pred=32332.0 | You should calculate the the minimum of cost of goods sold f...
  [69/250] CORRECT | truth=320375.0000 pred=320375.0 | What's the value of the gross profit for ClearPath Logistics...
  [70/250] CORRECT | truth=12539.0000 pred=12539.0 | state the sum of cost of goods sold and accounts receivable ...
  [71/250] CORRECT | truth=50204.8524 pred=50204.85 | whats the value of the result of non operating expenses scal...
  [72/250] CORRECT | truth=83579.0000 pred=83579.0 | may you calculate the gross profit for NovaStar Technologies...
  [73/250] CORRECT | truth=129984.0000 pred=129984.0 | Evaluate the operating income for Titan Consumer Brands in 2...
  [74/250] CORRECT | truth=133504.0000 pred=133504.0 | Which quantity is given by the gross profit for Ironclad Man...
  [75/250] CORRECT | truth=60467.0000 pred=60467.0 | you should calculate the pretax income for Titan Consumer Br...
  [76/250] CORRECT | truth=1006.0000 pred=1006.0 | State the the minimum of inventories for Pinnacle Health Gro...
  [77/250] CORRECT | truth=81189.0000 pred=81189.0 | what's the value of the average total assets for Atlas Globa...
  [78/250] CORRECT | truth=58519.6667 pred=58519.67 | calculate the average accounts receivable for SilverLine Ret...
  [79/250] CORRECT | truth=827261.0000 pred=827261.0 | compute the the maximum of revenue for SilverLine Retail Inc...
  [80/250] CORRECT | truth=102595.0000 pred=102595.0 | May you calculate the current assets for NovaStar Technologi...
  [81/250] CORRECT | truth=54740.0000 pred=54740.0 | What does the following give: average accounts receivable fo...
  [82/250] CORRECT | truth=405.0000 pred=405.0 | provide the the minimum of dividends paid for Pacific Crest ...
  [83/250] CORRECT | truth=719.0000 pred=719.0 | state the the minimum of short term investments for Pinnacle...
  [84/250] CORRECT | truth=32271.3333 pred=32271.33333333333 | provide the average operating expenses for Pacific Crest Ene...
  [85/250] CORRECT | truth=27059.0000 pred=27059.0 | what is the the maximum of short term investments for Apex D...
  [86/250] CORRECT | truth=-5625.0000 pred=-5625.0 | what is the pretax income for Apex Dynamics Corp in 2024?...
  [87/250] CORRECT | truth=158898.0000 pred=158898.0 | whats the value of the current assets for ClearPath Logistic...
  [88/250] CORRECT | truth=539015.0000 pred=539015.0 | calculate the sum of capex and total assets for SilverLine R...
  [89/250] CORRECT | truth=12076.0000 pred=12076.0 | Determine the the maximum of dividends paid for Quantum Brid...
  [90/250] CORRECT | truth=78856.0000 pred=78856.0 | What is the value of the the minimum of revenue for Apex Dyn...
  [91/250] CORRECT | truth=59865.0000 pred=59865.0 | compute the the maximum of short term investments for Silver...
  [92/250] CORRECT | truth=200467.0000 pred=200467.0 | what does the following give: gross profit for Crimson Pharm...
  [93/250] CORRECT | truth=5493.0000 pred=5493.0 | state the result of total assets scaled by ratio of total eq...
  [94/250] CORRECT | truth=17393.0000 pred=17393.0 | what is the difference between short term investments and no...
  [95/250] CORRECT | truth=164327.0000 pred=164327.0 | Evaluate the current assets for Titan Consumer Brands in 202...
  [96/250] CORRECT | truth=96911.5000 pred=96911.5 | what is the value of the average total assets for Atlas Glob...
  [97/250] CORRECT | truth=80034.0000 pred=80034.0 | may you give the average total liabilities for Orion Financi...
  [98/250] CORRECT | truth=145373.0000 pred=145373.0 | Could you give the longterm assets for Meridian Systems Inc ...
  [99/250] CORRECT | truth=111691.0000 pred=111691.0 | You should give the longterm assets for Apex Dynamics Corp i...
  [100/250] CORRECT | truth=112935.0000 pred=112935.0 | what does the following give: longterm assets for Helix BioS...
  [101/250] CORRECT | truth=414636.0000 pred=414636.0 | may you calculate the sum of revenue and total assets for No...
  [102/250] CORRECT | truth=384907.0000 pred=384907.0 | You should calculate the sum of the minimum of operating exp...
  [103/250] CORRECT | truth=129.0000 pred=129.0 | compute the the minimum of dividends paid for Quantum Bridge...
  [104/250] CORRECT | truth=183099.0000 pred=183099.0 | Provide the the minimum of total assets for Pacific Crest En...
  [105/250] CORRECT | truth=2200.5696 pred=2200.57 | whats the value of the result of difference between cash and...
  [106/250] CORRECT | truth=39977.0000 pred=39977.0 | What is the gross profit for Apex Dynamics Corp in 2020?...
  [107/250] CORRECT | truth=836.0000 pred=836.0 | Give the average dividends paid for Orion Financial Group ac...
  [108/250] CORRECT | truth=21463.0000 pred=21463.0 | You should calculate the average inventories for Titan Consu...
  [109/250] CORRECT | truth=298268.0000 pred=298268.0 | which quantity is given by the current assets for Ironclad M...
  [110/250] CORRECT | truth=17917.0000 pred=17917.0 | Compute the the maximum of operating expenses for Quantum Br...
  [111/250] CORRECT | truth=378544.0000 pred=378544.0 | Whats the value of the longterm liabilities for ClearPath Lo...
  [112/250] CORRECT | truth=757557.0000 pred=757557.0 | you should calculate the the maximum of total liabilities fo...
  [113/250] CORRECT | truth=9003.5000 pred=9003.5 | Could you give the average inventories for Meridian Systems ...
  [114/250] CORRECT | truth=29590.0000 pred=29590.0 | you should give the the minimum of operating expenses for Ir...
  [115/250] CORRECT | truth=196241.0000 pred=196241.0 | calculate the longterm liabilities for SilverLine Retail Inc...
  [116/250] CORRECT | truth=2062.0000 pred=2062.0 | determine the the minimum of cash for Pinnacle Health Group ...
  [117/250] CORRECT | truth=18737.0000 pred=18737.0 | Determine the the maximum of operating expenses for Quantum ...
  [118/250] CORRECT | truth=134669.0000 pred=134669.0 | Which result follows from the pretax income for Ironclad Man...
  [119/250] CORRECT | truth=464758.0000 pred=464758.0 | Which result follows from the the maximum of total equity fo...
  [120/250] CORRECT | truth=106681.0000 pred=106681.0 | State the sum of the maximum of capex for Pacific Crest Ener...
  [121/250] CORRECT | truth=24816.0000 pred=24816.0 | what would be the longterm liabilities for Cobalt Semiconduc...
  [122/250] CORRECT | truth=270988.0000 pred=270988.0 | what do we obtain as the average total equity for Crimson Ph...
  [123/250] CORRECT | truth=5901.0000 pred=5901.0 | state the operating income for Pinnacle Health Group in 2023...
  [124/250] CORRECT | truth=19965.0000 pred=19965.0 | give the the minimum of total liabilities for Orion Financia...
  [125/250] CORRECT | truth=38883.2000 pred=38883.2 | Which value corresponds to the average cash for Helix BioSci...
  [126/250] CORRECT | truth=32211.0000 pred=32211.0 | What's the value of the gross profit for Atlas Global Indust...
  [127/250] WRONG  | truth=5062.5399 pred=19374.929367 | What does the following give: result of inventories scaled b...
  [128/250] CORRECT | truth=4900.0000 pred=4900.0 | compute the average short term investments for Quantum Bridg...
  [129/250] CORRECT | truth=89176.0000 pred=89176.0 | what does the following give: longterm liabilities for Crims...
  [130/250] CORRECT | truth=2582.0000 pred=2582.0 | state the average cash for Pinnacle Health Group across year...
  [131/250] CORRECT | truth=-25506.0000 pred=-25506.0 | You should calculate the difference between capex and curren...
  [132/250] CORRECT | truth=3819.0000 pred=3819.0 | May you give the difference between current assets and longt...
  [133/250] CORRECT | truth=153784.6000 pred=153784.6 | give the average total assets for Orion Financial Group acro...
  [134/250] CORRECT | truth=10268.7500 pred=10268.75 | which quantity is given by the average capex for Meridian Sy...
  [135/250] CORRECT | truth=62496.0000 pred=62496.0 | Give the longterm liabilities for Orion Financial Group in 2...
  [136/250] CORRECT | truth=97839.0000 pred=97839.0 | Which result follows from the the maximum of short term inve...
  [137/250] CORRECT | truth=24015.0000 pred=24015.0 | Compute the gross profit for Quantum Bridge Holdings in 2021...
  [138/250] CORRECT | truth=166680.0000 pred=166680.0 | May you calculate the sum of cost of goods sold and cost of ...
  [139/250] CORRECT | truth=39822.3333 pred=39822.33 | Give the average total liabilities for Orion Financial Group...
  [140/250] CORRECT | truth=307082.0000 pred=307082.0 | What does the following give: sum of operating income and co...
  [141/250] WRONG  | truth=3408.5801 pred=2022.0 | which result follows from the result of operating expenses s...
  [142/250] CORRECT | truth=562.0000 pred=562.0 | state the the maximum of capex for Pinnacle Health Group usi...
  [143/250] CORRECT | truth=36694.0000 pred=36694.0 | Determine the longterm assets for Quantum Bridge Holdings in...
  [144/250] CORRECT | truth=94180.0000 pred=94180.0 | which result follows from the difference between cost of goo...
  [145/250] CORRECT | truth=667765.0000 pred=667765.0 | you should calculate the the maximum of total equity for Tit...
  [146/250] CORRECT | truth=105547.0000 pred=105547.0 | may you give the current assets for Orion Financial Group in...
  [147/250] CORRECT | truth=514684.0000 pred=514684.0 | whats the value of the the minimum of revenue for ClearPath ...
  [148/250] CORRECT | truth=46058.6667 pred=46058.67 | Evaluate the average short term investments for SilverLine R...
  [149/250] CORRECT | truth=73911.0000 pred=73911.0 | Determine the longterm liabilities for Quantum Bridge Holdin...
  [150/250] CORRECT | truth=365161.0000 pred=365161.0 | Calculate the longterm assets for SilverLine Retail Inc in 2...
  [151/250] WRONG  | truth=18818.5992 pred=214453.18 | May you calculate the result of cost of goods sold scaled by...
  [152/250] CORRECT | truth=1944.0000 pred=1944.0 | compute the the minimum of capex for Quantum Bridge Holdings...
  [153/250] CORRECT | truth=80320.0000 pred=80320.0 | whats the value of the the maximum of non operating expenses...
  [154/250] CORRECT | truth=11133.5000 pred=11133.5 | give the average cash for Orion Financial Group across years...
  [155/250] CORRECT | truth=58929.0000 pred=58929.0 | May you calculate the longterm assets for NovaStar Technolog...
  [156/250] CORRECT | truth=257258.0000 pred=257258.0 | which value corresponds to the sum of cost of goods sold and...
  [157/250] CORRECT | truth=19238.0000 pred=19238.0 | evaluate the the minimum of inventories for SilverLine Retai...
  [158/250] CORRECT | truth=9946.0000 pred=9946.0 | what do we obtain as the the minimum of current liabilities ...
  [159/250] WRONG  | truth=12267.9645 pred=0.0 | what is the value of the result of revenue scaled by income ...
  [160/250] CORRECT | truth=90881.3001 pred=90881.3 | Calculate the sum of cash and result of accounts receivable ...
  [161/250] CORRECT | truth=9338.0000 pred=9338.0 | Determine the longterm assets for Pinnacle Health Group in 2...
  [162/250] CORRECT | truth=32958.0000 pred=32958.0 | what's the value of the the minimum of cost of goods sold fo...
  [163/250] CORRECT | truth=105291.0000 pred=105291.0 | which value corresponds to the current assets for Helix BioS...
  [164/250] CORRECT | truth=4436.5000 pred=4436.5 | provide the average dividends paid for Pacific Crest Energy ...
  [165/250] CORRECT | truth=18704.0000 pred=18704.0 | what's the value of the gross profit for Atlas Global Indust...
  [166/250] CORRECT | truth=89176.0000 pred=89176.0 | what does the following give: longterm liabilities for Crims...
  [167/250] CORRECT | truth=4243.0000 pred=4243.0 | What do we obtain as the the minimum of operating expenses f...
  [168/250] CORRECT | truth=4610.0000 pred=4610.0 | Compute the the maximum of capex for Quantum Bridge Holdings...
  [169/250] CORRECT | truth=81319.0000 pred=81319.0 | Which result follows from the the maximum of non operating e...
  [170/250] CORRECT | truth=153259.0000 pred=153259.0 | What's the value of the the maximum of cash for ClearPath Lo...
  [171/250] CORRECT | truth=738806.0000 pred=738806.0 | Evaluate the longterm assets for Titan Consumer Brands in 20...
  [172/250] CORRECT | truth=347918.7040 pred=347918.704 | compute the result of the maximum of total liabilities for Q...
  [173/250] CORRECT | truth=90090.0000 pred=90090.0 | Compute the sum of short term investments and sum of capex a...
  [174/250] WRONG  | truth=218465.2762 pred=179616.0 | which value corresponds to the result of cost of goods sold ...
  [175/250] CORRECT | truth=52659.0000 pred=52659.0 | which quantity is given by the longterm liabilities for Iron...
  [176/250] CORRECT | truth=2433.0000 pred=2433.0 | Give the the minimum of inventories for Orion Financial Grou...
  [177/250] CORRECT | truth=161980.3333 pred=161980.333 | you should calculate the average revenue for NovaStar Techno...
  [178/250] CORRECT | truth=190812.0000 pred=190812.0 | what do we obtain as the gross profit for Crimson Pharmaceut...
  [179/250] CORRECT | truth=338824.0000 pred=338824.0 | Evaluate the the maximum of current liabilities for Titan Co...
  [180/250] CORRECT | truth=3545.0000 pred=3545.0 | State the the maximum of current liabilities for Pinnacle He...
  [181/250] CORRECT | truth=191823.0000 pred=191823.0 | You should give the longterm assets for Helix BioSciences in...
  [182/250] CORRECT | truth=29206.0000 pred=29206.0 | you should give the difference between total liabilities and...
  [183/250] CORRECT | truth=39655.0000 pred=39655.0 | What do we obtain as the longterm assets for Cobalt Semicond...
  [184/250] CORRECT | truth=25711.8000 pred=25711.8 | You should calculate the average capex for Titan Consumer Br...
  [185/250] CORRECT | truth=37697.0000 pred=37697.0 | You should give the the maximum of short term investments fo...
  [186/250] CORRECT | truth=63474.0000 pred=63474.0 | could you give the current assets for Meridian Systems Inc i...
  [187/250] CORRECT | truth=90766.0000 pred=90766.0 | could you give the longterm assets for Meridian Systems Inc ...
  [188/250] CORRECT | truth=67087.0000 pred=67087.0 | which result follows from the the minimum of current liabili...
  [189/250] CORRECT | truth=116077.0000 pred=116077.0 | What is the longterm assets for Apex Dynamics Corp in 2021?...
  [190/250] CORRECT | truth=16862.0000 pred=16862.0 | Could you give the the maximum of capex for Meridian Systems...
  [191/250] CORRECT | truth=4121.0000 pred=4121.0 | determine the longterm liabilities for Pinnacle Health Group...
  [192/250] CORRECT | truth=61721.6000 pred=61721.6 | may you calculate the average current liabilities for NovaSt...
  [193/250] CORRECT | truth=26227.0000 pred=26227.0 | which quantity is given by the the maximum of operating expe...
  [194/250] CORRECT | truth=120414.0000 pred=120414.0 | may you calculate the sum of the maximum of short term inves...
  [195/250] CORRECT | truth=2433.0000 pred=2433.0 | May you give the the minimum of inventories for Orion Financ...
  [196/250] CORRECT | truth=146468.1015 pred=146468.10146389247 | which value corresponds to the sum of result of total assets...
  [197/250] CORRECT | truth=24174.0000 pred=24174.0 | Compute the the maximum of cash for Quantum Bridge Holdings ...
  [198/250] CORRECT | truth=519861.0000 pred=519861.0 | Which result follows from the sum of current assets for Iron...
  [199/250] CORRECT | truth=111555.0000 pred=111555.0 | Could you give the the minimum of total assets for Meridian ...
  [200/250] CORRECT | truth=49619.0000 pred=49619.0 | You should calculate the the minimum of accounts receivable ...
  [201/250] CORRECT | truth=24816.0000 pred=24816.0 | What would be the longterm liabilities for Cobalt Semiconduc...
  [202/250] CORRECT | truth=908620.0000 pred=908620.0 | whats the value of the the maximum of total assets for Clear...
  [203/250] CORRECT | truth=298268.0000 pred=298268.0 | which quantity is given by the current assets for Ironclad M...
  [204/250] CORRECT | truth=54234.0000 pred=54234.0 | which quantity is given by the the maximum of accounts recei...
  [205/250] CORRECT | truth=33968.0000 pred=33968.0 | which quantity is given by the pretax income for Meridian Sy...
  [206/250] WRONG  | truth=17245.5319 pred=72729.3345 | Whats the value of the sum of inventories and result of cape...
  [207/250] CORRECT | truth=16067.6000 pred=16067.6 | What is the average cash for Apex Dynamics Corp across years...
  [208/250] CORRECT | truth=333815.0000 pred=333815.0 | Calculate the sum of dividends paid for SilverLine Retail In...
  [209/250] CORRECT | truth=26780.0000 pred=26780.0 | determine the current assets for Quantum Bridge Holdings in ...
  [210/250] CORRECT | truth=63844.0000 pred=63844.0 | determine the result of sum of short term investments and to...
  [211/250] CORRECT | truth=0.0000 pred=0.0 | Determine the the minimum of dividends paid for Pinnacle Hea...
  [212/250] CORRECT | truth=92100.0000 pred=92100.0 | what is the sum of total equity and total liabilities for Ap...
  [213/250] CORRECT | truth=4078.0000 pred=4078.0 | What's the value of the the minimum of capex for Atlas Globa...
  [214/250] CORRECT | truth=20956.0000 pred=20956.0 | Which quantity is given by the the maximum of accounts recei...
  [215/250] CORRECT | truth=100534.0000 pred=100534.0 | May you calculate the gross profit for NovaStar Technologies...
  [216/250] CORRECT | truth=12599.0000 pred=12599.0 | Whats the value of the average inventories for ClearPath Log...
  [217/250] CORRECT | truth=491917.0000 pred=491917.0 | evaluate the sum of revenue and inventories for Titan Consum...
  [218/250] CORRECT | truth=10253.0000 pred=10253.0 | Determine the sum of gross profit for Pinnacle Health Group ...
  [219/250] CORRECT | truth=-146.0000 pred=-146.0 | what do we obtain as the difference between short term inves...
  [220/250] CORRECT | truth=142085.0000 pred=142085.0 | May you give the the maximum of revenue for Orion Financial ...
  [221/250] CORRECT | truth=26780.0000 pred=26780.0 | Compute the current assets for Quantum Bridge Holdings in 20...
  [222/250] CORRECT | truth=244.0000 pred=244.0 | May you calculate the the minimum of dividends paid for Nova...
  [223/250] CORRECT | truth=244372.0000 pred=242372.0 | evaluate the current assets for Titan Consumer Brands in 202...
  [224/250] CORRECT | truth=622.8451 pred=622.845 | what is the value of the result of the maximum of short term...
  [225/250] CORRECT | truth=66578.0000 pred=66578.0 | could you give the current assets for Meridian Systems Inc i...
  [226/250] WRONG  | truth=1406906.5049 pred=0.0 | You should calculate the result of result of cost of goods s...
  [227/250] CORRECT | truth=38365.0000 pred=38365.0 | you should give the sum of capex for Quantum Bridge Holdings...
  [228/250] CORRECT | truth=225815.0000 pred=225815.0 | Evaluate the the maximum of cash for Titan Consumer Brands u...
  [229/250] CORRECT | truth=246467.3333 pred=246467.33 | what's the value of the sum of ratio of sum of sum of short ...
  [230/250] CORRECT | truth=17636.0000 pred=17636.0 | What is the average short term investments for Apex Dynamics...
  [231/250] CORRECT | truth=26424.0000 pred=26424.0 | may you give the average operating expenses for NovaStar Tec...
  [232/250] CORRECT | truth=7268.0000 pred=7268.0 | state the longterm liabilities for Pinnacle Health Group in ...
  [233/250] CORRECT | truth=225815.0000 pred=225815.0 | You should calculate the the maximum of cash for Titan Consu...
  [234/250] CORRECT | truth=111555.0000 pred=111555.0 | could you give the the minimum of total assets for Meridian ...
  [235/250] CORRECT | truth=65648.0000 pred=65648.0 | Provide the pretax income for Pacific Crest Energy in 2022...
  [236/250] CORRECT | truth=41405.0000 pred=41405.0 | which value corresponds to the the minimum of cash for Helix...
  [237/250] CORRECT | truth=514684.0000 pred=514684.0 | whats the value of the the minimum of revenue for ClearPath ...
  [238/250] CORRECT | truth=68614.0000 pred=68614.0 | give the current assets for Orion Financial Group in 2023 ....
  [239/250] CORRECT | truth=403472.0000 pred=403472.0 | what's the value of the the minimum of total assets for Clea...
  [240/250] CORRECT | truth=6435.3776 pred=6435.377594142161 | What does the following give: result of dividends paid scale...
  [241/250] CORRECT | truth=-56026.0000 pred=-56026.0 | which value corresponds to the difference between longterm l...
  [242/250] CORRECT | truth=1151.4000 pred=1151.4 | What do we obtain as the average dividends paid for Cobalt S...
  [243/250] CORRECT | truth=18152.0000 pred=18152.0 | state the longterm liabilities for Pinnacle Health Group in ...
  [244/250] CORRECT | truth=0.0000 pred=0.0 | Provide the difference between dividends paid and dividends ...
  [245/250] CORRECT | truth=64613.0000 pred=64613.0 | which quantity is given by the longterm assets for Meridian ...
  [246/250] CORRECT | truth=39883.0000 pred=39883.0 | whats the value of the the minimum of non operating expenses...
  [247/250] CORRECT | truth=8553.0000 pred=8553.0 | you should give the the minimum of capex for Helix BioScienc...
  [248/250] CORRECT | truth=74147.0000 pred=74147.0 | what do we obtain as the difference between cash and invento...
  [249/250] CORRECT | truth=559374.0329 pred=559374.03286 | which quantity is given by the sum of sum of current assets ...
  [250/250] CORRECT | truth=10900.0000 pred=10900.0 | State the current assets for Pinnacle Health Group in 2025 ....

============================================================
  Model: accounts/fireworks/models/deepseek-v4-flash
============================================================
  10-Q      : 0/0  accuracy = 0.0%  (skipped 0)
  90-Q      : 239/250  accuracy = 95.6%  (skipped 0)
  Multi-turn: 0/0  accuracy = 0.0%  (skipped 0)
  Overall   : 239/250  accuracy = 95.6%
============================================================

Results saved to output_llm/deepseek-v4-flash_20260804_223716.json
CSV saved to output_llm/eval_results_20260804_223716.csv
<===== new run google/gemma-4-31B-it	 =======>
90Q are Sheet: /output/financial_spreadsheet.json
90Q are Questions: /output/original_questions.json
Loading datasets...
  90-Q: 250 questions, 15 companies

============================================================
  Evaluating model: google/gemma-4-31B-it	
============================================================

-- 90-Q evaluation (250 questions) --
Traceback (most recent call last):
  File "", line 846, in <module>
    main()
    ~~~~^^
  File "", line 784, in main
    results_90q = evaluate_90q(
        questions_90q, sheet_lookup_90q, model_name,
        limit=args.limit, tol=args.tol, max_new_tokens=args.max_new_tokens,
    )
  File "", line 412, in evaluate_90q
    response = run_inference(model_name, prompt, max_new_tokens)
  File "", line 265, in run_inference
    response = _client.chat.completions.create(
        model=model_name,
    ...<5 lines>...
        extra_body={"chat_template_kwargs": {"enable_thinking": False}},
    )
  File ".venv/lib/python3.14/site-packages/together/_utils/_utils.py", line 294, in wrapper
    return func(*args, **kwargs)
  File ".venv/lib/python3.14/site-packages/together/resources/chat/completions.py", line 523, in create
    return self._post(
           ~~~~~~~~~~^
        "/chat/completions",
        ^^^^^^^^^^^^^^^^^^^^
    ...<39 lines>...
        stream_cls=Stream[ChatCompletionChunk],
        ^^^^^^^^^^^^^^^^^^^^^^^^^^^^^^^^^^^^^^^
    )
    ^
  File ".venv/lib/python3.14/site-packages/together/_base_client.py", line 1292, in post
    return cast(ResponseT, self.request(cast_to, opts, stream=stream, stream_cls=stream_cls))
                           ~~~~~~~~~~~~^^^^^^^^^^^^^^^^^^^^^^^^^^^^^^^^^^^^^^^^^^^^^^^^^^^^^
  File ".venv/lib/python3.14/site-packages/together/_base_client.py", line 1079, in request
    raise self._make_status_error_from_response(err.response) from None
together.InternalServerError: Error code: 503 - {'id': 'outkRrT-2kFHot-a260607a4abb8bbd', 'error': {'message': 'Service unavailable', 'type': 'service_unavailable', 'param': None, 'code': None}}
<===== new run google/gemma-4-31B-it	 =======>
90Q are Sheet: /output/financial_spreadsheet.json
90Q are Questions: /output/original_questions.json
Loading datasets...
  90-Q: 250 questions, 15 companies

============================================================
  Evaluating model: google/gemma-4-31B-it
============================================================

-- 90-Q evaluation (250 questions) --
  [1/250] CORRECT | truth=4121.0000 pred=4121.0 | state the longterm liabilities for Pinnacle Health Group in ...
  [2/250] CORRECT | truth=397455.0000 pred=397455.0 | which result follows from the the maximum of revenue for Iro...
  [3/250] CORRECT | truth=97934.0000 pred=97934.0 | Could you give the gross profit for Meridian Systems Inc in ...
  [4/250] CORRECT | truth=3457059.1800 pred=3457745.43 | Could you give the result of sum of the maximum of cost of g...
  [5/250] CORRECT | truth=56416.0000 pred=56416.0 | What's the value of the gross profit for Atlas Global Indust...
  [6/250] CORRECT | truth=408.0000 pred=408.0 | what do we obtain as the the minimum of dividends paid for C...
  [7/250] CORRECT | truth=30746.0000 pred=30746.0 | what would be the average cost of goods sold for Cobalt Semi...
  [8/250] CORRECT | truth=7573.0000 pred=7573.0 | What is the value of the the maximum of capex for Apex Dynam...
  [9/250] CORRECT | truth=107172.0000 pred=107172.0 | Whats the value of the operating income for ClearPath Logist...
  [10/250] CORRECT | truth=42626.0000 pred=42626.0 | you should calculate the the maximum of operating expenses f...
  [11/250] CORRECT | truth=273650.0000 pred=273650.0 | Calculate the longterm liabilities for SilverLine Retail Inc...
Traceback (most recent call last):
  File ".venv/lib/python3.14/site-packages/httpx/_transports/default.py", line 101, in map_httpcore_exceptions
    yield
  File ".venv/lib/python3.14/site-packages/httpx/_transports/default.py", line 250, in handle_request
    resp = self._pool.handle_request(req)
  File ".venv/lib/python3.14/site-packages/httpcore/_sync/connection_pool.py", line 256, in handle_request
    raise exc from None
  File ".venv/lib/python3.14/site-packages/httpcore/_sync/connection_pool.py", line 236, in handle_request
    response = connection.handle_request(
        pool_request.request
    )
  File ".venv/lib/python3.14/site-packages/httpcore/_sync/connection.py", line 103, in handle_request
    return self._connection.handle_request(request)
           ~~~~~~~~~~~~~~~~~~~~~~~~~~~~~~~^^^^^^^^^
  File ".venv/lib/python3.14/site-packages/httpcore/_sync/http11.py", line 136, in handle_request
    raise exc
  File ".venv/lib/python3.14/site-packages/httpcore/_sync/http11.py", line 106, in handle_request
    ) = self._receive_response_headers(**kwargs)
        ~~~~~~~~~~~~~~~~~~~~~~~~~~~~~~^^^^^^^^^^
  File ".venv/lib/python3.14/site-packages/httpcore/_sync/http11.py", line 177, in _receive_response_headers
    event = self._receive_event(timeout=timeout)
  File ".venv/lib/python3.14/site-packages/httpcore/_sync/http11.py", line 217, in _receive_event
    data = self._network_stream.read(
        self.READ_NUM_BYTES, timeout=timeout
    )
  File ".venv/lib/python3.14/site-packages/httpcore/_backends/sync.py", line 126, in read
    with map_exceptions(exc_map):
         ~~~~~~~~~~~~~~^^^^^^^^^
  File "/Library/Frameworks/Python.framework/Versions/3.14/lib/python3.14/contextlib.py", line 162, in __exit__
    self.gen.throw(value)
    ~~~~~~~~~~~~~~^^^^^^^
  File ".venv/lib/python3.14/site-packages/httpcore/_exceptions.py", line 14, in map_exceptions
    raise to_exc(exc) from exc
httpcore.ReadTimeout: The read operation timed out

The above exception was the direct cause of the following exception:

Traceback (most recent call last):
  File ".venv/lib/python3.14/site-packages/together/_base_client.py", line 1015, in request
    response = self._client.send(
        request,
        stream=stream or self._should_stream_response_body(request=request),
        **kwargs,
    )
  File ".venv/lib/python3.14/site-packages/httpx/_client.py", line 914, in send
    response = self._send_handling_auth(
        request,
    ...<2 lines>...
        history=[],
    )
  File ".venv/lib/python3.14/site-packages/httpx/_client.py", line 942, in _send_handling_auth
    response = self._send_handling_redirects(
        request,
        follow_redirects=follow_redirects,
        history=history,
    )
  File ".venv/lib/python3.14/site-packages/httpx/_client.py", line 979, in _send_handling_redirects
    response = self._send_single_request(request)
  File ".venv/lib/python3.14/site-packages/httpx/_client.py", line 1014, in _send_single_request
    response = transport.handle_request(request)
  File ".venv/lib/python3.14/site-packages/httpx/_transports/default.py", line 249, in handle_request
    with map_httpcore_exceptions():
         ~~~~~~~~~~~~~~~~~~~~~~~^^
  File "/Library/Frameworks/Python.framework/Versions/3.14/lib/python3.14/contextlib.py", line 162, in __exit__
    self.gen.throw(value)
    ~~~~~~~~~~~~~~^^^^^^^
  File ".venv/lib/python3.14/site-packages/httpx/_transports/default.py", line 118, in map_httpcore_exceptions
    raise mapped_exc(message) from exc
httpx.ReadTimeout: The read operation timed out

The above exception was the direct cause of the following exception:

Traceback (most recent call last):
  File "", line 846, in <module>
    main()
    ~~~~^^
  File "", line 784, in main
    results_90q = evaluate_90q(
        questions_90q, sheet_lookup_90q, model_name,
        limit=args.limit, tol=args.tol, max_new_tokens=args.max_new_tokens,
    )
  File "", line 412, in evaluate_90q
    response = run_inference(model_name, prompt, max_new_tokens)
  File "", line 265, in run_inference
    response = _client.chat.completions.create(
        model=model_name,
    ...<5 lines>...
        extra_body={"chat_template_kwargs": {"enable_thinking": False}},
    )
  File ".venv/lib/python3.14/site-packages/together/_utils/_utils.py", line 294, in wrapper
    return func(*args, **kwargs)
  File ".venv/lib/python3.14/site-packages/together/resources/chat/completions.py", line 523, in create
    return self._post(
           ~~~~~~~~~~^
        "/chat/completions",
        ^^^^^^^^^^^^^^^^^^^^
    ...<39 lines>...
        stream_cls=Stream[ChatCompletionChunk],
        ^^^^^^^^^^^^^^^^^^^^^^^^^^^^^^^^^^^^^^^
    )
    ^
  File ".venv/lib/python3.14/site-packages/together/_base_client.py", line 1292, in post
    return cast(ResponseT, self.request(cast_to, opts, stream=stream, stream_cls=stream_cls))
                           ~~~~~~~~~~~~^^^^^^^^^^^^^^^^^^^^^^^^^^^^^^^^^^^^^^^^^^^^^^^^^^^^^
  File ".venv/lib/python3.14/site-packages/together/_base_client.py", line 1033, in request
    raise APITimeoutError(request=request) from err
together.APITimeoutError: Request timed out.
<===== new run swiss-ai/Apertus-70B-Instruct-2509	 =======>
90Q are Sheet: /output/financial_spreadsheet.json
90Q are Questions: /output/original_questions.json
Loading datasets...
  90-Q: 250 questions, 15 companies

============================================================
  Evaluating model: swiss-ai/Apertus-70B-Instruct-2509
============================================================

-- 90-Q evaluation (250 questions) --
  [1/250] WRONG  | truth=4121.0000 pred=7666.0 | state the longterm liabilities for Pinnacle Health Group in ...
  [2/250] WRONG  | truth=397455.0000 pred=714010.0 | which result follows from the the maximum of revenue for Iro...
  [3/250] CORRECT | truth=97934.0000 pred=97934.0 | Could you give the gross profit for Meridian Systems Inc in ...
  [4/250] WRONG  | truth=3457059.1800 pred=57964.03 | Could you give the result of sum of the maximum of cost of g...
  [5/250] WRONG  | truth=56416.0000 pred=0.0 | What's the value of the gross profit for Atlas Global Indust...
  [6/250] WRONG  | truth=408.0000 pred=238.0 | what do we obtain as the the minimum of dividends paid for C...
  [7/250] WRONG  | truth=30746.0000 pred=427629.5 | what would be the average cost of goods sold for Cobalt Semi...
  [8/250] WRONG  | truth=7573.0000 pred=1959.0 | What is the value of the the maximum of capex for Apex Dynam...
  [9/250] WRONG  | truth=107172.0000 pred=34529.0 | Whats the value of the operating income for ClearPath Logist...
  [10/250] CORRECT | truth=42626.0000 pred=42626.0 | you should calculate the the maximum of operating expenses f...
  [11/250] WRONG  | truth=273650.0000 pred=0.02 | Calculate the longterm liabilities for SilverLine Retail Inc...
  [12/250] WRONG  | truth=56605.0000 pred=32382.0 | could you give the current assets for Meridian Systems Inc i...
  [13/250] CORRECT | truth=155193.0000 pred=155193.0 | Which value corresponds to the the maximum of total equity f...
  [14/250] WRONG  | truth=1222876.2308 pred=77789.5 | what do we obtain as the result of longterm assets for Cobal...
  [15/250] CORRECT | truth=637517.0000 pred=637517.0 | calculate the the minimum of total assets for SilverLine Ret...
  [16/250] WRONG  | truth=33297.0000 pred=24174.0 | may you calculate the the minimum of cash for NovaStar Techn...
  [17/250] CORRECT | truth=320375.0000 pred=320375.0 | Whats the value of the gross profit for ClearPath Logistics ...
  [18/250] CORRECT | truth=134393.0000 pred=134393.0 | Whats the value of the sum of current liabilities and accoun...
  [19/250] CORRECT | truth=4553.0000 pred=4553.0 | State the sum of cash for Pinnacle Health Group in 2020 and ...
  [20/250] WRONG  | truth=25460.0000 pred=64780.0 | What do we obtain as the sum of total equity and operating e...
  [21/250] WRONG  | truth=13123.0000 pred=51563.4 | Determine the average cash for Quantum Bridge Holdings acros...
  [22/250] WRONG  | truth=2727.6702 pred=-1411.24 | Provide the result of accounts receivable scaled by income t...
  [23/250] WRONG  | truth=39678.0000 pred=53773.0 | You should give the sum of current assets and current assets...
  [24/250] CORRECT | truth=9802.0000 pred=9802.0 | what's the value of the the maximum of inventories for Clear...
  [25/250] WRONG  | truth=469144.0000 pred=599047.0 | Could you give the sum of difference between total equity an...
  [26/250] CORRECT | truth=49297.0000 pred=49297.0 | compute the gross profit for Quantum Bridge Holdings in 2022...
  [27/250] WRONG  | truth=617154.0000 pred=821168.0 | Calculate the the maximum of revenue for SilverLine Retail I...
  [28/250] WRONG  | truth=450039.0000 pred=707950.0 | evaluate the longterm assets for SilverLine Retail Inc in 20...
  [29/250] CORRECT | truth=110922.0000 pred=110922.0 | what do we obtain as the average current liabilities for Cri...
  [30/250] WRONG  | truth=0.0000 pred=836.0 | what is the the minimum of dividends paid for Apex Dynamics ...
  [31/250] WRONG  | truth=130009.0000 pred=32332.0 | which quantity is given by the the minimum of cost of goods ...
  [32/250] WRONG  | truth=79708.0000 pred=20.58 | which quantity is given by the result of total assets scaled...
  [33/250] WRONG  | truth=51479.8000 pred=45542.2 | What's the value of the average accounts receivable for Clea...
  [34/250] WRONG  | truth=18827.7220 pred=423.49479422697146 | determine the result of sum of difference between dividends ...
  [35/250] WRONG  | truth=210814.0000 pred=146575.0 | Provide the sum of total equity and operating income for Pac...
  [36/250] CORRECT | truth=179128.0000 pred=179128.0 | Which value corresponds to the sum of operating expenses and...
  [37/250] WRONG  | truth=72411.0000 pred=2023.0 | Could you give the gross profit for Meridian Systems Inc in ...
  [38/250] WRONG  | truth=10261.0000 pred=24096.0 | Give the the minimum of accounts receivable for Pacific Cres...
  [39/250] WRONG  | truth=18251.0000 pred=9951.0 | What would be the difference between total equity and short ...
  [40/250] CORRECT | truth=252172.0000 pred=268980.0 | which result follows from the sum of revenue for Helix BioSc...
  [41/250] WRONG  | truth=130516.0000 pred=40418.0 | Which value corresponds to the current assets for Helix BioS...
  [42/250] WRONG  | truth=48015.0000 pred=14819.0 | What is the value of the current assets for Atlas Global Ind...
  [43/250] WRONG  | truth=32600.0000 pred=84550.0 | What is the value of the the maximum of current liabilities ...
  [44/250] WRONG  | truth=28424.0000 pred=24652.0 | what does the following give: the maximum of dividends paid ...
  [45/250] WRONG  | truth=14696.0000 pred=57336.49 | what would be the pretax income for Cobalt Semiconductor in ...
  [46/250] WRONG  | truth=158898.0000 pred=92533.0 | Whats the value of the current assets for ClearPath Logistic...
  [47/250] WRONG  | truth=15989.0000 pred=45319.0 | provide the the maximum of short term investments for Pacifi...
  [48/250] CORRECT | truth=49864.2500 pred=49864.25 | what's the value of the average cost of goods sold for Atlas...
  [49/250] CORRECT | truth=91935.5000 pred=91935.5 | what do we obtain as the average operating expenses for Crim...
  [50/250] CORRECT | truth=26424.0000 pred=26424.0 | You should give the average operating expenses for NovaStar ...
  [51/250] WRONG  | truth=3475.0000 pred=1839.0 | State the the maximum of short term investments for Pinnacle...
  [52/250] WRONG  | truth=196241.0000 pred=23084.0 | Calculate the longterm liabilities for SilverLine Retail Inc...
  [53/250] WRONG  | truth=30468.6000 pred=35281.8 | Could you give the average cash for Meridian Systems Inc acr...
  [54/250] CORRECT | truth=353846.0000 pred=338824.0 | You should calculate the longterm liabilities for Titan Cons...
  [55/250] WRONG  | truth=827261.0000 pred=98381.0 | calculate the the maximum of revenue for SilverLine Retail I...
  [56/250] WRONG  | truth=32213.5000 pred=37629.5 | determine the average cost of goods sold for Quantum Bridge ...
  [57/250] WRONG  | truth=32022.0000 pred=7772.0 | give the longterm assets for Orion Financial Group in 2020 ....
  [58/250] CORRECT | truth=922.0000 pred=922.0 | what would be the the minimum of short term investments for ...
  [59/250] CORRECT | truth=21828.0000 pred=21828.0 | Provide the the minimum of non operating expenses for Pacifi...
  [60/250] CORRECT | truth=41540.0000 pred=41540.0 | may you give the the maximum of current liabilities for Orio...
  [61/250] WRONG  | truth=23084.0000 pred=547777.0 | What would be the longterm liabilities for Cobalt Semiconduc...
  [62/250] CORRECT | truth=240166.0000 pred=240176.0 | you should calculate the current assets for ClearPath Logist...
  [63/250] CORRECT | truth=8830.5000 pred=8830.5 | May you calculate the average short term investments for Nov...
  [64/250] CORRECT | truth=296099.0000 pred=283479.0 | Evaluate the current assets for Titan Consumer Brands in 202...
  [65/250] CORRECT | truth=562.0000 pred=517.0 | state the the minimum of capex for Pinnacle Health Group usi...
  [66/250] CORRECT | truth=12753.0000 pred=12753.0 | give the the maximum of short term investments for Orion Fin...
  [67/250] WRONG  | truth=544517.0000 pred=458918.0 | What does the following give: sum of the maximum of operatin...
  [68/250] CORRECT | truth=32332.0000 pred=32332.0 | You should calculate the the minimum of cost of goods sold f...
  [69/250] CORRECT | truth=320375.0000 pred=320375.0 | What's the value of the gross profit for ClearPath Logistics...
  [70/250] WRONG  | truth=12539.0000 pred=9857.0 | state the sum of cost of goods sold and accounts receivable ...
  [71/250] WRONG  | truth=50204.8524 pred=4737.099833708949 | whats the value of the result of non operating expenses scal...
  [72/250] WRONG  | truth=83579.0000 pred=404301.0 | may you calculate the gross profit for NovaStar Technologies...
  [73/250] WRONG  | truth=129984.0000 pred=4613.0 | Evaluate the operating income for Titan Consumer Brands in 2...
  [74/250] WRONG  | truth=133504.0000 pred=-22817.0 | Which quantity is given by the gross profit for Ironclad Man...
  [75/250] WRONG  | truth=60467.0000 pred=150427.0 | you should calculate the pretax income for Titan Consumer Br...
  [76/250] CORRECT | truth=1006.0000 pred=1006.0 | State the the minimum of inventories for Pinnacle Health Gro...
  [77/250] CORRECT | truth=81189.0000 pred=81188.67 | what's the value of the average total assets for Atlas Globa...
  [78/250] WRONG  | truth=58519.6667 pred=9713.0 | calculate the average accounts receivable for SilverLine Ret...
  [79/250] WRONG  | truth=827261.0000 pred=698498.0 | compute the the maximum of revenue for SilverLine Retail Inc...
  [80/250] CORRECT | truth=102595.0000 pred=98605.0 | May you calculate the current assets for NovaStar Technologi...
  [81/250] WRONG  | truth=54740.0000 pred=23073.0 | What does the following give: average accounts receivable fo...
  [82/250] WRONG  | truth=405.0000 pred=0.0 | provide the the minimum of dividends paid for Pacific Crest ...
  [83/250] WRONG  | truth=719.0000 pred=2816.0 | state the the minimum of short term investments for Pinnacle...
  [84/250] CORRECT | truth=32271.3333 pred=32027.33 | provide the average operating expenses for Pacific Crest Ene...
  [85/250] CORRECT | truth=27059.0000 pred=27059.0 | what is the the maximum of short term investments for Apex D...
  [86/250] WRONG  | truth=-5625.0000 pred=11795.0 | what is the pretax income for Apex Dynamics Corp in 2024?...
  [87/250] WRONG  | truth=158898.0000 pred=70704.0 | whats the value of the current assets for ClearPath Logistic...
  [88/250] CORRECT | truth=539015.0000 pred=539015.0 | calculate the sum of capex and total assets for SilverLine R...
  [89/250] CORRECT | truth=12076.0000 pred=12076.0 | Determine the the maximum of dividends paid for Quantum Brid...
  [90/250] CORRECT | truth=78856.0000 pred=79021.0 | What is the value of the the minimum of revenue for Apex Dyn...
  [91/250] WRONG  | truth=59865.0000 pred=47075.0 | compute the the maximum of short term investments for Silver...
  [92/250] WRONG  | truth=200467.0000 pred=122479.0 | what does the following give: gross profit for Crimson Pharm...
  [93/250] WRONG  | truth=5493.0000 pred=0.41 | state the result of total assets scaled by ratio of total eq...
  [94/250] CORRECT | truth=17393.0000 pred=17393.0 | what is the difference between short term investments and no...
  [95/250] WRONG  | truth=164327.0000 pred=43847.0 | Evaluate the current assets for Titan Consumer Brands in 202...
  [96/250] WRONG  | truth=96911.5000 pred=69190.5 | what is the value of the average total assets for Atlas Glob...
  [97/250] WRONG  | truth=80034.0000 pred=41146.5 | may you give the average total liabilities for Orion Financi...
  [98/250] WRONG  | truth=145373.0000 pred=79371.0 | Could you give the longterm assets for Meridian Systems Inc ...
  [99/250] WRONG  | truth=111691.0000 pred=148589.0 | You should give the longterm assets for Apex Dynamics Corp i...
  [100/250] WRONG  | truth=112935.0000 pred=206207.0 | what does the following give: longterm assets for Helix BioS...
  [101/250] WRONG  | truth=414636.0000 pred=251233.0 | may you calculate the sum of revenue and total assets for No...
  [102/250] WRONG  | truth=384907.0000 pred=2921.0 | You should calculate the sum of the minimum of operating exp...
  [103/250] WRONG  | truth=129.0000 pred=204.0 | compute the the minimum of dividends paid for Quantum Bridge...
  [104/250] CORRECT | truth=183099.0000 pred=183099.0 | Provide the the minimum of total assets for Pacific Crest En...
  [105/250] WRONG  | truth=2200.5696 pred=0.3825 | whats the value of the result of difference between cash and...
  [106/250] CORRECT | truth=39977.0000 pred=40077.0 | What is the gross profit for Apex Dynamics Corp in 2020?...
  [107/250] WRONG  | truth=836.0000 pred=3120.5 | Give the average dividends paid for Orion Financial Group ac...
  [108/250] WRONG  | truth=21463.0000 pred=4921.75 | You should calculate the average inventories for Titan Consu...
  [109/250] WRONG  | truth=298268.0000 pred=3431.0 | which quantity is given by the current assets for Ironclad M...
  [110/250] CORRECT | truth=17917.0000 pred=17917.0 | Compute the the maximum of operating expenses for Quantum Br...
  [111/250] WRONG  | truth=378544.0000 pred=292999.0 | Whats the value of the longterm liabilities for ClearPath Lo...
  [112/250] CORRECT | truth=757557.0000 pred=717731.0 | you should calculate the the maximum of total liabilities fo...
  [113/250] WRONG  | truth=9003.5000 pred=5125.75 | Could you give the average inventories for Meridian Systems ...
  [114/250] WRONG  | truth=29590.0000 pred=20795.0 | you should give the the minimum of operating expenses for Ir...
  [115/250] WRONG  | truth=196241.0000 pred=390165.0 | calculate the longterm liabilities for SilverLine Retail Inc...
  [116/250] WRONG  | truth=2062.0000 pred=1722.0 | determine the the minimum of cash for Pinnacle Health Group ...
  [117/250] CORRECT | truth=18737.0000 pred=17917.0 | Determine the the maximum of operating expenses for Quantum ...
  [118/250] WRONG  | truth=134669.0000 pred=48858.0 | Which result follows from the pretax income for Ironclad Man...
  [119/250] WRONG  | truth=464758.0000 pred=264758.0 | Which result follows from the the maximum of total equity fo...
  [120/250] WRONG  | truth=106681.0000 pred=0.3333 | State the sum of the maximum of capex for Pacific Crest Ener...
  [121/250] WRONG  | truth=24816.0000 pred=39076.0 | what would be the longterm liabilities for Cobalt Semiconduc...
  [122/250] WRONG  | truth=270988.0000 pred=214730.4 | what do we obtain as the average total equity for Crimson Ph...
  [123/250] WRONG  | truth=5901.0000 pred=3778.0 | state the operating income for Pinnacle Health Group in 2023...
  [124/250] CORRECT | truth=19965.0000 pred=19965.0 | give the the minimum of total liabilities for Orion Financia...
  [125/250] WRONG  | truth=38883.2000 pred=43421.2 | Which value corresponds to the average cash for Helix BioSci...
  [126/250] WRONG  | truth=32211.0000 pred=28273.0 | What's the value of the gross profit for Atlas Global Indust...
  [127/250] CORRECT | truth=5062.5399 pred=5057.0 | What does the following give: result of inventories scaled b...
  [128/250] WRONG  | truth=4900.0000 pred=28344.6 | compute the average short term investments for Quantum Bridg...
  [129/250] CORRECT | truth=89176.0000 pred=89176.0 | what does the following give: longterm liabilities for Crims...
  [130/250] CORRECT | truth=2582.0000 pred=2562.0 | state the average cash for Pinnacle Health Group across year...
  [131/250] WRONG  | truth=-25506.0000 pred=626.0 | You should calculate the difference between capex and curren...
  [132/250] WRONG  | truth=3819.0000 pred=-58119.0 | May you give the difference between current assets and longt...
  [133/250] CORRECT | truth=153784.6000 pred=155387.6 | give the average total assets for Orion Financial Group acro...
  [134/250] WRONG  | truth=10268.7500 pred=20013.5 | which quantity is given by the average capex for Meridian Sy...
  [135/250] WRONG  | truth=62496.0000 pred=104036.0 | Give the longterm liabilities for Orion Financial Group in 2...
  [136/250] CORRECT | truth=97839.0000 pred=97839.0 | Which result follows from the the maximum of short term inve...
  [137/250] CORRECT | truth=24015.0000 pred=24015.0 | Compute the gross profit for Quantum Bridge Holdings in 2021...
  [138/250] WRONG  | truth=166680.0000 pred=83340.0 | May you calculate the sum of cost of goods sold and cost of ...
  [139/250] WRONG  | truth=39822.3333 pred=76946.3333 | Give the average total liabilities for Orion Financial Group...
  [140/250] WRONG  | truth=307082.0000 pred=245242.0 | What does the following give: sum of operating income and co...
  [141/250] WRONG  | truth=3408.5801 pred=2022.0 | which result follows from the result of operating expenses s...
  [142/250] WRONG  | truth=562.0000 pred=16500.0 | state the the maximum of capex for Pinnacle Health Group usi...
  [143/250] WRONG  | truth=36694.0000 pred=9.0 | Determine the longterm assets for Quantum Bridge Holdings in...
  [144/250] CORRECT | truth=94180.0000 pred=94180.0 | which result follows from the difference between cost of goo...
  [145/250] WRONG  | truth=667765.0000 pred=472468.0 | you should calculate the the maximum of total equity for Tit...
  [146/250] WRONG  | truth=105547.0000 pred=33297.0 | may you give the current assets for Orion Financial Group in...
  [147/250] WRONG  | truth=514684.0000 pred=567176.0 | whats the value of the the minimum of revenue for ClearPath ...
  [148/250] CORRECT | truth=46058.6667 pred=46059.0 | Evaluate the average short term investments for SilverLine R...
  [149/250] WRONG  | truth=73911.0000 pred=50369.0 | Determine the longterm liabilities for Quantum Bridge Holdin...
  [150/250] WRONG  | truth=365161.0000 pred=1147507.0 | Calculate the longterm assets for SilverLine Retail Inc in 2...
  [151/250] WRONG  | truth=18818.5992 pred=1.3801338643743475 | May you calculate the result of cost of goods sold scaled by...
  [152/250] CORRECT | truth=1944.0000 pred=1944.0 | compute the the minimum of capex for Quantum Bridge Holdings...
  [153/250] CORRECT | truth=80320.0000 pred=80320.0 | whats the value of the the maximum of non operating expenses...
  [154/250] WRONG  | truth=11133.5000 pred=15007.0 | give the average cash for Orion Financial Group across years...
  [155/250] WRONG  | truth=58929.0000 pred=47589.0 | May you calculate the longterm assets for NovaStar Technolog...
  [156/250] WRONG  | truth=257258.0000 pred=163122.0 | which value corresponds to the sum of cost of goods sold and...
  [157/250] WRONG  | truth=19238.0000 pred=7697.0 | evaluate the the minimum of inventories for SilverLine Retai...
  [158/250] CORRECT | truth=9946.0000 pred=9946.0 | what do we obtain as the the minimum of current liabilities ...
  [159/250] CORRECT | truth=12267.9645 pred=12315.1596315776 | what is the value of the result of revenue scaled by income ...
  [160/250] WRONG  | truth=90881.3001 pred=54512.0 | Calculate the sum of cash and result of accounts receivable ...
  [161/250] WRONG  | truth=9338.0000 pred=26127.0 | Determine the longterm assets for Pinnacle Health Group in 2...
  [162/250] CORRECT | truth=32958.0000 pred=32958.0 | what's the value of the the minimum of cost of goods sold fo...
  [163/250] WRONG  | truth=105291.0000 pred=60886.0 | which value corresponds to the current assets for Helix BioS...
  [164/250] CORRECT | truth=4436.5000 pred=4546.25 | provide the average dividends paid for Pacific Crest Energy ...
  [165/250] CORRECT | truth=18704.0000 pred=18704.0 | what's the value of the gross profit for Atlas Global Indust...
  [166/250] WRONG  | truth=89176.0000 pred=175447.0 | what does the following give: longterm liabilities for Crims...
  [167/250] CORRECT | truth=4243.0000 pred=4243.0 | What do we obtain as the the minimum of operating expenses f...
  [168/250] WRONG  | truth=4610.0000 pred=8988.0 | Compute the the maximum of capex for Quantum Bridge Holdings...
  [169/250] WRONG  | truth=81319.0000 pred=177724.0 | Which result follows from the the maximum of non operating e...
  [170/250] WRONG  | truth=153259.0000 pred=225815.0 | What's the value of the the maximum of cash for ClearPath Lo...
  [171/250] WRONG  | truth=738806.0000 pred=72012.0 | Evaluate the longterm assets for Titan Consumer Brands in 20...
  [172/250] WRONG  | truth=347918.7040 pred=209765.0 | compute the result of the maximum of total liabilities for Q...
  [173/250] WRONG  | truth=90090.0000 pred=1839.0 | Compute the sum of short term investments and sum of capex a...
  [174/250] WRONG  | truth=218465.2762 pred=381114.93 | which value corresponds to the result of cost of goods sold ...
  [175/250] WRONG  | truth=52659.0000 pred=103532.0 | which quantity is given by the longterm liabilities for Iron...
  [176/250] WRONG  | truth=2433.0000 pred=5922.0 | Give the the minimum of inventories for Orion Financial Grou...
  [177/250] CORRECT | truth=161980.3333 pred=160969.33 | you should calculate the average revenue for NovaStar Techno...
  [178/250] CORRECT | truth=190812.0000 pred=190812.0 | what do we obtain as the gross profit for Crimson Pharmaceut...
  [179/250] CORRECT | truth=338824.0000 pred=338824.0 | Evaluate the the maximum of current liabilities for Titan Co...
  [180/250] WRONG  | truth=3545.0000 pred=8455.0 | State the the maximum of current liabilities for Pinnacle He...
  [181/250] WRONG  | truth=191823.0000 pred=26091.0 | You should give the longterm assets for Helix BioSciences in...
  [182/250] WRONG  | truth=29206.0000 pred=-99387.0 | you should give the difference between total liabilities and...
  [183/250] WRONG  | truth=39655.0000 pred=65727.0 | What do we obtain as the longterm assets for Cobalt Semicond...
  [184/250] WRONG  | truth=25711.8000 pred=18083.0 | You should calculate the average capex for Titan Consumer Br...
  [185/250] WRONG  | truth=37697.0000 pred=12753.0 | You should give the the maximum of short term investments fo...
  [186/250] WRONG  | truth=63474.0000 pred=10888.0 | could you give the current assets for Meridian Systems Inc i...
  [187/250] WRONG  | truth=90766.0000 pred=157344.0 | could you give the longterm assets for Meridian Systems Inc ...
  [188/250] WRONG  | truth=67087.0000 pred=2022.0 | which result follows from the the minimum of current liabili...
  [189/250] WRONG  | truth=116077.0000 pred=71017.0 | What is the longterm assets for Apex Dynamics Corp in 2021?...
  [190/250] CORRECT | truth=16862.0000 pred=16862.0 | Could you give the the maximum of capex for Meridian Systems...
  [191/250] WRONG  | truth=4121.0000 pred=7666.0 | determine the longterm liabilities for Pinnacle Health Group...
  [192/250] WRONG  | truth=61721.6000 pred=5.0 | may you calculate the average current liabilities for NovaSt...
  [193/250] CORRECT | truth=26227.0000 pred=26227.0 | which quantity is given by the the maximum of operating expe...
  [194/250] WRONG  | truth=120414.0000 pred=54586.0 | may you calculate the sum of the maximum of short term inves...
  [195/250] WRONG  | truth=2433.0000 pred=2022.0 | May you give the the minimum of inventories for Orion Financ...
  [196/250] WRONG  | truth=146468.1015 pred=73970.31 | which value corresponds to the sum of result of total assets...
  [197/250] WRONG  | truth=24174.0000 pred=73487.0 | Compute the the maximum of cash for Quantum Bridge Holdings ...
  [198/250] WRONG  | truth=519861.0000 pred=576665.0 | Which result follows from the sum of current assets for Iron...
  [199/250] CORRECT | truth=111555.0000 pred=111555.0 | Could you give the the minimum of total assets for Meridian ...
  [200/250] WRONG  | truth=49619.0000 pred=25486.67 | You should calculate the the minimum of accounts receivable ...
  [201/250] WRONG  | truth=24816.0000 pred=39076.0 | What would be the longterm liabilities for Cobalt Semiconduc...
  [202/250] CORRECT | truth=908620.0000 pred=908620.0 | whats the value of the the maximum of total assets for Clear...
  [203/250] WRONG  | truth=298268.0000 pred=261594.0 | which quantity is given by the current assets for Ironclad M...
  [204/250] WRONG  | truth=54234.0000 pred=59855.0 | which quantity is given by the the maximum of accounts recei...
  [205/250] WRONG  | truth=33968.0000 pred=47124.0 | which quantity is given by the pretax income for Meridian Sy...
  [206/250] WRONG  | truth=17245.5319 pred=13141.38 | Whats the value of the sum of inventories and result of cape...
  [207/250] CORRECT | truth=16067.6000 pred=15670.89 | What is the average cash for Apex Dynamics Corp across years...
  [208/250] WRONG  | truth=333815.0000 pred=181473.0 | Calculate the sum of dividends paid for SilverLine Retail In...
  [209/250] WRONG  | truth=26780.0000 pred=31567.0 | determine the current assets for Quantum Bridge Holdings in ...
  [210/250] WRONG  | truth=63844.0000 pred=15766.0 | determine the result of sum of short term investments and to...
  [211/250] CORRECT | truth=0.0000 pred=0.0 | Determine the the minimum of dividends paid for Pinnacle Hea...
  [212/250] WRONG  | truth=92100.0000 pred=115244.0 | what is the sum of total equity and total liabilities for Ap...
  [213/250] WRONG  | truth=4078.0000 pred=13370.0 | What's the value of the the minimum of capex for Atlas Globa...
  [214/250] WRONG  | truth=20956.0000 pred=18526.0 | Which quantity is given by the the maximum of accounts recei...
  [215/250] WRONG  | truth=100534.0000 pred=177982.0 | May you calculate the gross profit for NovaStar Technologies...
  [216/250] WRONG  | truth=12599.0000 pred=3219.5 | Whats the value of the average inventories for ClearPath Log...
  [217/250] CORRECT | truth=491917.0000 pred=491917.0 | evaluate the sum of revenue and inventories for Titan Consum...
  [218/250] CORRECT | truth=10253.0000 pred=9547.0 | Determine the sum of gross profit for Pinnacle Health Group ...
  [219/250] WRONG  | truth=-146.0000 pred=9114.0 | what do we obtain as the difference between short term inves...
  [220/250] CORRECT | truth=142085.0000 pred=142085.0 | May you give the the maximum of revenue for Orion Financial ...
  [221/250] CORRECT | truth=26780.0000 pred=27305.0 | Compute the current assets for Quantum Bridge Holdings in 20...
  [222/250] CORRECT | truth=244.0000 pred=244.0 | May you calculate the the minimum of dividends paid for Nova...
  [223/250] WRONG  | truth=244372.0000 pred=1401200.0 | evaluate the current assets for Titan Consumer Brands in 202...
  [224/250] WRONG  | truth=622.8451 pred=149.46 | what is the value of the result of the maximum of short term...
  [225/250] WRONG  | truth=66578.0000 pred=525432.0 | could you give the current assets for Meridian Systems Inc i...
  [226/250] WRONG  | truth=1406906.5049 pred=335500.6001903435 | You should calculate the result of result of cost of goods s...
  [227/250] WRONG  | truth=38365.0000 pred=18873.0 | you should give the sum of capex for Quantum Bridge Holdings...
  [228/250] WRONG  | truth=225815.0000 pred=73487.0 | Evaluate the the maximum of cash for Titan Consumer Brands u...
  [229/250] WRONG  | truth=246467.3333 pred=0.0478 | what's the value of the sum of ratio of sum of sum of short ...
  [230/250] CORRECT | truth=17636.0000 pred=17636.0 | What is the average short term investments for Apex Dynamics...
  [231/250] CORRECT | truth=26424.0000 pred=26424.0 | may you give the average operating expenses for NovaStar Tec...
  [232/250] WRONG  | truth=7268.0000 pred=10116.0 | state the longterm liabilities for Pinnacle Health Group in ...
  [233/250] CORRECT | truth=225815.0000 pred=225815.0 | You should calculate the the maximum of cash for Titan Consu...
  [234/250] WRONG  | truth=111555.0000 pred=221577.0 | could you give the the minimum of total assets for Meridian ...
  [235/250] WRONG  | truth=65648.0000 pred=75188.0 | Provide the pretax income for Pacific Crest Energy in 2022...
  [236/250] WRONG  | truth=41405.0000 pred=414.0 | which value corresponds to the the minimum of cash for Helix...
  [237/250] WRONG  | truth=514684.0000 pred=107884.0 | whats the value of the the minimum of revenue for ClearPath ...
  [238/250] WRONG  | truth=68614.0000 pred=13631.0 | give the current assets for Orion Financial Group in 2023 ....
  [239/250] CORRECT | truth=403472.0000 pred=403472.0 | what's the value of the the minimum of total assets for Clea...
  [240/250] WRONG  | truth=6435.3776 pred=0.9954004152241698 | What does the following give: result of dividends paid scale...
  [241/250] WRONG  | truth=-56026.0000 pred=13261.0 | which value corresponds to the difference between longterm l...
  [242/250] WRONG  | truth=1151.4000 pred=3959.2 | What do we obtain as the average dividends paid for Cobalt S...
  [243/250] WRONG  | truth=18152.0000 pred=9629.0 | state the longterm liabilities for Pinnacle Health Group in ...
  [244/250] WRONG  | truth=0.0000 pred=516.0 | Provide the difference between dividends paid and dividends ...
  [245/250] WRONG  | truth=64613.0000 pred=33007.0 | which quantity is given by the longterm assets for Meridian ...
  [246/250] WRONG  | truth=39883.0000 pred=53726.0 | whats the value of the the minimum of non operating expenses...
  [247/250] CORRECT | truth=8553.0000 pred=8553.0 | you should give the the minimum of capex for Helix BioScienc...
  [248/250] WRONG  | truth=74147.0000 pred=7549.0 | what do we obtain as the difference between cash and invento...
  [249/250] WRONG  | truth=559374.0329 pred=118919.14 | which quantity is given by the sum of sum of current assets ...
  [250/250] WRONG  | truth=10900.0000 pred=44407.0 | State the current assets for Pinnacle Health Group in 2025 ....

============================================================
  Model: swiss-ai/Apertus-70B-Instruct-2509
============================================================
  10-Q      : 0/0  accuracy = 0.0%  (skipped 0)
  90-Q      : 76/250  accuracy = 30.4%  (skipped 0)
  Multi-turn: 0/0  accuracy = 0.0%  (skipped 0)
  Overall   : 76/250  accuracy = 30.4%
============================================================

Results saved to output_llm/Apertus-70B-Instruct-2509_20260804_230058.json
CSV saved to output_llm/eval_results_20260804_230058.csv
<===== new run openai/gpt-oss-120b		 =======>
90Q are Sheet: /output/financial_spreadsheet.json
90Q are Questions: /output/original_questions.json
Loading datasets...
  90-Q: 250 questions, 15 companies

============================================================
  Evaluating model: openai/gpt-oss-120b
============================================================

-- 90-Q evaluation (250 questions) --
  [1/250] CORRECT | truth=4121.0000 pred=4121.0 | state the longterm liabilities for Pinnacle Health Group in ...
  [2/250] CORRECT | truth=397455.0000 pred=397455.0 | which result follows from the the maximum of revenue for Iro...
  [3/250] CORRECT | truth=97934.0000 pred=97834.0 | Could you give the gross profit for Meridian Systems Inc in ...
  [4/250] WRONG  | truth=3457059.1800 pred=None | Could you give the result of sum of the maximum of cost of g...
  [5/250] CORRECT | truth=56416.0000 pred=56416.0 | What's the value of the gross profit for Atlas Global Indust...
  [6/250] CORRECT | truth=408.0000 pred=408.0 | what do we obtain as the the minimum of dividends paid for C...
  [7/250] CORRECT | truth=30746.0000 pred=30746.0 | what would be the average cost of goods sold for Cobalt Semi...
  [8/250] CORRECT | truth=7573.0000 pred=7573.0 | What is the value of the the maximum of capex for Apex Dynam...
  [9/250] CORRECT | truth=107172.0000 pred=107172.0 | Whats the value of the operating income for ClearPath Logist...
  [10/250] CORRECT | truth=42626.0000 pred=42626.0 | you should calculate the the maximum of operating expenses f...
  [11/250] CORRECT | truth=273650.0000 pred=273650.0 | Calculate the longterm liabilities for SilverLine Retail Inc...
  [12/250] CORRECT | truth=56605.0000 pred=56605.0 | could you give the current assets for Meridian Systems Inc i...
  [13/250] CORRECT | truth=155193.0000 pred=155193.0 | Which value corresponds to the the maximum of total equity f...
  [14/250] CORRECT | truth=1222876.2308 pred=1222876.23 | what do we obtain as the result of longterm assets for Cobal...
  [15/250] CORRECT | truth=637517.0000 pred=637517.0 | calculate the the minimum of total assets for SilverLine Ret...
  [16/250] CORRECT | truth=33297.0000 pred=33297.0 | may you calculate the the minimum of cash for NovaStar Techn...
  [17/250] WRONG  | truth=320375.0000 pred=False | Whats the value of the gross profit for ClearPath Logistics ...
  [18/250] CORRECT | truth=134393.0000 pred=134393.0 | Whats the value of the sum of current liabilities and accoun...
  [19/250] CORRECT | truth=4553.0000 pred=4553.0 | State the sum of cash for Pinnacle Health Group in 2020 and ...
  [20/250] CORRECT | truth=25460.0000 pred=25460.0 | What do we obtain as the sum of total equity and operating e...
  [21/250] CORRECT | truth=13123.0000 pred=13123.0 | Determine the average cash for Quantum Bridge Holdings acros...
  [22/250] CORRECT | truth=2727.6702 pred=2727.668156 | Provide the result of accounts receivable scaled by income t...
  [23/250] WRONG  | truth=39678.0000 pred=19839.0 | You should give the sum of current assets and current assets...
  [24/250] CORRECT | truth=9802.0000 pred=9802.0 | what's the value of the the maximum of inventories for Clear...
  [25/250] CORRECT | truth=469144.0000 pred=469144.0 | Could you give the sum of difference between total equity an...
  [26/250] CORRECT | truth=49297.0000 pred=49297.0 | compute the gross profit for Quantum Bridge Holdings in 2022...
  [27/250] CORRECT | truth=617154.0000 pred=617154.0 | Calculate the the maximum of revenue for SilverLine Retail I...
  [28/250] CORRECT | truth=450039.0000 pred=450039.0 | evaluate the longterm assets for SilverLine Retail Inc in 20...
  [29/250] CORRECT | truth=110922.0000 pred=110922.0 | what do we obtain as the average current liabilities for Cri...
  [30/250] CORRECT | truth=0.0000 pred=0.0 | what is the the minimum of dividends paid for Apex Dynamics ...
  [31/250] CORRECT | truth=130009.0000 pred=130009.0 | which quantity is given by the the minimum of cost of goods ...
  [32/250] CORRECT | truth=79708.0000 pred=79709.0 | which quantity is given by the result of total assets scaled...
  [33/250] CORRECT | truth=51479.8000 pred=51479.8 | What's the value of the average accounts receivable for Clea...
  [34/250] WRONG  | truth=18827.7220 pred=-36504.0 | determine the result of sum of difference between dividends ...
  [35/250] CORRECT | truth=210814.0000 pred=210814.0 | Provide the sum of total equity and operating income for Pac...
  [36/250] CORRECT | truth=179128.0000 pred=179128.0 | Which value corresponds to the sum of operating expenses and...
  [37/250] CORRECT | truth=72411.0000 pred=72411.0 | Could you give the gross profit for Meridian Systems Inc in ...
  [38/250] CORRECT | truth=10261.0000 pred=10261.0 | Give the the minimum of accounts receivable for Pacific Cres...
  [39/250] CORRECT | truth=18251.0000 pred=18251.0 | What would be the difference between total equity and short ...
  [40/250] CORRECT | truth=252172.0000 pred=252172.0 | which result follows from the sum of revenue for Helix BioSc...
  [41/250] CORRECT | truth=130516.0000 pred=130516.0 | Which value corresponds to the current assets for Helix BioS...
  [42/250] CORRECT | truth=48015.0000 pred=48015.0 | What is the value of the current assets for Atlas Global Ind...
  [43/250] CORRECT | truth=32600.0000 pred=32600.0 | What is the value of the the maximum of current liabilities ...
  [44/250] CORRECT | truth=28424.0000 pred=28424.0 | what does the following give: the maximum of dividends paid ...
  [45/250] WRONG  | truth=14696.0000 pred=-19298.0 | what would be the pretax income for Cobalt Semiconductor in ...
  [46/250] CORRECT | truth=158898.0000 pred=156129.0 | Whats the value of the current assets for ClearPath Logistic...
  [47/250] CORRECT | truth=15989.0000 pred=15989.0 | provide the the maximum of short term investments for Pacifi...
  [48/250] CORRECT | truth=49864.2500 pred=49864.25 | what's the value of the average cost of goods sold for Atlas...
  [49/250] CORRECT | truth=91935.5000 pred=91935.5 | what do we obtain as the average operating expenses for Crim...
  [50/250] CORRECT | truth=26424.0000 pred=26424.0 | You should give the average operating expenses for NovaStar ...
  [51/250] CORRECT | truth=3475.0000 pred=3475.0 | State the the maximum of short term investments for Pinnacle...
  [52/250] CORRECT | truth=196241.0000 pred=196241.0 | Calculate the longterm liabilities for SilverLine Retail Inc...
  [53/250] CORRECT | truth=30468.6000 pred=30468.6 | Could you give the average cash for Meridian Systems Inc acr...
  [54/250] CORRECT | truth=353846.0000 pred=353846.0 | You should calculate the longterm liabilities for Titan Cons...
  [55/250] CORRECT | truth=827261.0000 pred=827261.0 | calculate the the maximum of revenue for SilverLine Retail I...
  [56/250] CORRECT | truth=32213.5000 pred=32213.5 | determine the average cost of goods sold for Quantum Bridge ...
  [57/250] CORRECT | truth=32022.0000 pred=32022.0 | give the longterm assets for Orion Financial Group in 2020 ....
  [58/250] CORRECT | truth=922.0000 pred=922.0 | what would be the the minimum of short term investments for ...
  [59/250] CORRECT | truth=21828.0000 pred=21828.0 | Provide the the minimum of non operating expenses for Pacifi...
  [60/250] CORRECT | truth=41540.0000 pred=41540.0 | may you give the the maximum of current liabilities for Orio...
  [61/250] CORRECT | truth=23084.0000 pred=23084.0 | What would be the longterm liabilities for Cobalt Semiconduc...
  [62/250] CORRECT | truth=240166.0000 pred=240166.0 | you should calculate the current assets for ClearPath Logist...
  [63/250] CORRECT | truth=8830.5000 pred=8830.5 | May you calculate the average short term investments for Nov...
  [64/250] CORRECT | truth=296099.0000 pred=296099.0 | Evaluate the current assets for Titan Consumer Brands in 202...
  [65/250] CORRECT | truth=562.0000 pred=562.0 | state the the minimum of capex for Pinnacle Health Group usi...
  [66/250] CORRECT | truth=12753.0000 pred=12753.0 | give the the maximum of short term investments for Orion Fin...
  [67/250] CORRECT | truth=544517.0000 pred=544517.0 | What does the following give: sum of the maximum of operatin...
  [68/250] CORRECT | truth=32332.0000 pred=32332.0 | You should calculate the the minimum of cost of goods sold f...
  [69/250] WRONG  | truth=320375.0000 pred=281934.0 | What's the value of the gross profit for ClearPath Logistics...
  [70/250] CORRECT | truth=12539.0000 pred=12539.0 | state the sum of cost of goods sold and accounts receivable ...
  [71/250] CORRECT | truth=50204.8524 pred=50204.85 | whats the value of the result of non operating expenses scal...
  [72/250] CORRECT | truth=83579.0000 pred=83579.0 | may you calculate the gross profit for NovaStar Technologies...
  [73/250] CORRECT | truth=129984.0000 pred=129984.0 | Evaluate the operating income for Titan Consumer Brands in 2...
  [74/250] CORRECT | truth=133504.0000 pred=133504.0 | Which quantity is given by the gross profit for Ironclad Man...
  [75/250] CORRECT | truth=60467.0000 pred=60467.0 | you should calculate the pretax income for Titan Consumer Br...
  [76/250] CORRECT | truth=1006.0000 pred=1006.0 | State the the minimum of inventories for Pinnacle Health Gro...
  [77/250] CORRECT | truth=81189.0000 pred=81189.0 | what's the value of the average total assets for Atlas Globa...
  [78/250] CORRECT | truth=58519.6667 pred=58519.67 | calculate the average accounts receivable for SilverLine Ret...
  [79/250] CORRECT | truth=827261.0000 pred=827261.0 | compute the the maximum of revenue for SilverLine Retail Inc...
  [80/250] CORRECT | truth=102595.0000 pred=102595.0 | May you calculate the current assets for NovaStar Technologi...
  [81/250] CORRECT | truth=54740.0000 pred=54740.0 | What does the following give: average accounts receivable fo...
  [82/250] CORRECT | truth=405.0000 pred=405.0 | provide the the minimum of dividends paid for Pacific Crest ...
  [83/250] CORRECT | truth=719.0000 pred=719.0 | state the the minimum of short term investments for Pinnacle...
  [84/250] CORRECT | truth=32271.3333 pred=32271.33 | provide the average operating expenses for Pacific Crest Ene...
  [85/250] CORRECT | truth=27059.0000 pred=27059.0 | what is the the maximum of short term investments for Apex D...
  [86/250] CORRECT | truth=-5625.0000 pred=-5625.0 | what is the pretax income for Apex Dynamics Corp in 2024?...
  [87/250] CORRECT | truth=158898.0000 pred=158898.0 | whats the value of the current assets for ClearPath Logistic...
  [88/250] CORRECT | truth=539015.0000 pred=539015.0 | calculate the sum of capex and total assets for SilverLine R...
  [89/250] CORRECT | truth=12076.0000 pred=12076.0 | Determine the the maximum of dividends paid for Quantum Brid...
  [90/250] CORRECT | truth=78856.0000 pred=78856.0 | What is the value of the the minimum of revenue for Apex Dyn...
  [91/250] CORRECT | truth=59865.0000 pred=59865.0 | compute the the maximum of short term investments for Silver...
  [92/250] CORRECT | truth=200467.0000 pred=200467.0 | what does the following give: gross profit for Crimson Pharm...
  [93/250] CORRECT | truth=5493.0000 pred=5493.0 | state the result of total assets scaled by ratio of total eq...
  [94/250] CORRECT | truth=17393.0000 pred=17393.0 | what is the difference between short term investments and no...
  [95/250] CORRECT | truth=164327.0000 pred=164327.0 | Evaluate the current assets for Titan Consumer Brands in 202...
  [96/250] CORRECT | truth=96911.5000 pred=96911.5 | what is the value of the average total assets for Atlas Glob...
  [97/250] CORRECT | truth=80034.0000 pred=80034.0 | may you give the average total liabilities for Orion Financi...
  [98/250] CORRECT | truth=145373.0000 pred=145373.0 | Could you give the longterm assets for Meridian Systems Inc ...
  [99/250] CORRECT | truth=111691.0000 pred=111691.0 | You should give the longterm assets for Apex Dynamics Corp i...
  [100/250] CORRECT | truth=112935.0000 pred=112935.0 | what does the following give: longterm assets for Helix BioS...
  [101/250] CORRECT | truth=414636.0000 pred=414636.0 | may you calculate the sum of revenue and total assets for No...
  [102/250] CORRECT | truth=384907.0000 pred=384907.0 | You should calculate the sum of the minimum of operating exp...
  [103/250] CORRECT | truth=129.0000 pred=129.0 | compute the the minimum of dividends paid for Quantum Bridge...
  [104/250] CORRECT | truth=183099.0000 pred=183099.0 | Provide the the minimum of total assets for Pacific Crest En...
  [105/250] CORRECT | truth=2200.5696 pred=2200.59 | whats the value of the result of difference between cash and...
  [106/250] CORRECT | truth=39977.0000 pred=39977.0 | What is the gross profit for Apex Dynamics Corp in 2020?...
  [107/250] CORRECT | truth=836.0000 pred=836.0 | Give the average dividends paid for Orion Financial Group ac...
  [108/250] CORRECT | truth=21463.0000 pred=21463.0 | You should calculate the average inventories for Titan Consu...
  [109/250] CORRECT | truth=298268.0000 pred=298268.0 | which quantity is given by the current assets for Ironclad M...
  [110/250] CORRECT | truth=17917.0000 pred=17917.0 | Compute the the maximum of operating expenses for Quantum Br...
  [111/250] CORRECT | truth=378544.0000 pred=378544.0 | Whats the value of the longterm liabilities for ClearPath Lo...
  [112/250] CORRECT | truth=757557.0000 pred=757557.0 | you should calculate the the maximum of total liabilities fo...
  [113/250] CORRECT | truth=9003.5000 pred=9003.5 | Could you give the average inventories for Meridian Systems ...
  [114/250] CORRECT | truth=29590.0000 pred=29590.0 | you should give the the minimum of operating expenses for Ir...
  [115/250] CORRECT | truth=196241.0000 pred=196241.0 | calculate the longterm liabilities for SilverLine Retail Inc...
  [116/250] CORRECT | truth=2062.0000 pred=2062.0 | determine the the minimum of cash for Pinnacle Health Group ...
  [117/250] CORRECT | truth=18737.0000 pred=18737.0 | Determine the the maximum of operating expenses for Quantum ...
  [118/250] CORRECT | truth=134669.0000 pred=134669.0 | Which result follows from the pretax income for Ironclad Man...
  [119/250] CORRECT | truth=464758.0000 pred=464758.0 | Which result follows from the the maximum of total equity fo...
  [120/250] WRONG  | truth=106681.0000 pred=38641.0 | State the sum of the maximum of capex for Pacific Crest Ener...
  [121/250] CORRECT | truth=24816.0000 pred=24816.0 | what would be the longterm liabilities for Cobalt Semiconduc...
  [122/250] CORRECT | truth=270988.0000 pred=270988.0 | what do we obtain as the average total equity for Crimson Ph...
  [123/250] CORRECT | truth=5901.0000 pred=5901.0 | state the operating income for Pinnacle Health Group in 2023...
  [124/250] CORRECT | truth=19965.0000 pred=19965.0 | give the the minimum of total liabilities for Orion Financia...
  [125/250] CORRECT | truth=38883.2000 pred=38883.2 | Which value corresponds to the average cash for Helix BioSci...
  [126/250] CORRECT | truth=32211.0000 pred=32211.0 | What's the value of the gross profit for Atlas Global Indust...
  [127/250] CORRECT | truth=5062.5399 pred=5062.5398781852 | What does the following give: result of inventories scaled b...
  [128/250] CORRECT | truth=4900.0000 pred=4900.0 | compute the average short term investments for Quantum Bridg...
  [129/250] CORRECT | truth=89176.0000 pred=89176.0 | what does the following give: longterm liabilities for Crims...
  [130/250] CORRECT | truth=2582.0000 pred=2582.0 | state the average cash for Pinnacle Health Group across year...
  [131/250] CORRECT | truth=-25506.0000 pred=-25506.0 | You should calculate the difference between capex and curren...
  [132/250] CORRECT | truth=3819.0000 pred=3819.0 | May you give the difference between current assets and longt...
  [133/250] CORRECT | truth=153784.6000 pred=153784.6 | give the average total assets for Orion Financial Group acro...
  [134/250] CORRECT | truth=10268.7500 pred=10268.75 | which quantity is given by the average capex for Meridian Sy...
  [135/250] WRONG  | truth=62496.0000 pred=104036.0 | Give the longterm liabilities for Orion Financial Group in 2...
  [136/250] CORRECT | truth=97839.0000 pred=97839.0 | Which result follows from the the maximum of short term inve...
  [137/250] CORRECT | truth=24015.0000 pred=24015.0 | Compute the gross profit for Quantum Bridge Holdings in 2021...
  [138/250] CORRECT | truth=166680.0000 pred=166680.0 | May you calculate the sum of cost of goods sold and cost of ...
  [139/250] CORRECT | truth=39822.3333 pred=39822.33 | Give the average total liabilities for Orion Financial Group...
  [140/250] CORRECT | truth=307082.0000 pred=307082.0 | What does the following give: sum of operating income and co...
  [141/250] CORRECT | truth=3408.5801 pred=3408.58 | which result follows from the result of operating expenses s...
  [142/250] CORRECT | truth=562.0000 pred=562.0 | state the the maximum of capex for Pinnacle Health Group usi...
  [143/250] CORRECT | truth=36694.0000 pred=36694.0 | Determine the longterm assets for Quantum Bridge Holdings in...
  [144/250] CORRECT | truth=94180.0000 pred=94180.0 | which result follows from the difference between cost of goo...
  [145/250] CORRECT | truth=667765.0000 pred=667765.0 | you should calculate the the maximum of total equity for Tit...
  [146/250] CORRECT | truth=105547.0000 pred=105547.0 | may you give the current assets for Orion Financial Group in...
  [147/250] WRONG  | truth=514684.0000 pred=52725.0 | whats the value of the the minimum of revenue for ClearPath ...
  [148/250] CORRECT | truth=46058.6667 pred=46058.6666667 | Evaluate the average short term investments for SilverLine R...
  [149/250] CORRECT | truth=73911.0000 pred=73911.0 | Determine the longterm liabilities for Quantum Bridge Holdin...
  [150/250] CORRECT | truth=365161.0000 pred=365161.0 | Calculate the longterm assets for SilverLine Retail Inc in 2...
  [151/250] CORRECT | truth=18818.5992 pred=18818.6 | May you calculate the result of cost of goods sold scaled by...
  [152/250] CORRECT | truth=1944.0000 pred=1944.0 | compute the the minimum of capex for Quantum Bridge Holdings...
  [153/250] WRONG  | truth=80320.0000 pred=103672.0 | whats the value of the the maximum of non operating expenses...
  [154/250] CORRECT | truth=11133.5000 pred=11133.5 | give the average cash for Orion Financial Group across years...
  [155/250] CORRECT | truth=58929.0000 pred=58929.0 | May you calculate the longterm assets for NovaStar Technolog...
  [156/250] CORRECT | truth=257258.0000 pred=257258.0 | which value corresponds to the sum of cost of goods sold and...
  [157/250] CORRECT | truth=19238.0000 pred=19238.0 | evaluate the the minimum of inventories for SilverLine Retai...
  [158/250] CORRECT | truth=9946.0000 pred=9946.0 | what do we obtain as the the minimum of current liabilities ...
  [159/250] CORRECT | truth=12267.9645 pred=12267.96 | what is the value of the result of revenue scaled by income ...
  [160/250] CORRECT | truth=90881.3001 pred=90891.69 | Calculate the sum of cash and result of accounts receivable ...
  [161/250] CORRECT | truth=9338.0000 pred=9338.0 | Determine the longterm assets for Pinnacle Health Group in 2...
  [162/250] CORRECT | truth=32958.0000 pred=32958.0 | what's the value of the the minimum of cost of goods sold fo...
  [163/250] CORRECT | truth=105291.0000 pred=105291.0 | which value corresponds to the current assets for Helix BioS...
  [164/250] CORRECT | truth=4436.5000 pred=4436.5 | provide the average dividends paid for Pacific Crest Energy ...
  [165/250] CORRECT | truth=18704.0000 pred=18704.0 | what's the value of the gross profit for Atlas Global Indust...
  [166/250] CORRECT | truth=89176.0000 pred=89176.0 | what does the following give: longterm liabilities for Crims...
  [167/250] CORRECT | truth=4243.0000 pred=4243.0 | What do we obtain as the the minimum of operating expenses f...
  [168/250] CORRECT | truth=4610.0000 pred=4610.0 | Compute the the maximum of capex for Quantum Bridge Holdings...
  [169/250] CORRECT | truth=81319.0000 pred=81319.0 | Which result follows from the the maximum of non operating e...
  [170/250] CORRECT | truth=153259.0000 pred=158784.0 | What's the value of the the maximum of cash for ClearPath Lo...
  [171/250] CORRECT | truth=738806.0000 pred=738806.0 | Evaluate the longterm assets for Titan Consumer Brands in 20...
  [172/250] CORRECT | truth=347918.7040 pred=347918.75 | compute the result of the maximum of total liabilities for Q...
  [173/250] CORRECT | truth=90090.0000 pred=90090.0 | Compute the sum of short term investments and sum of capex a...
  [174/250] CORRECT | truth=218465.2762 pred=218465.28 | which value corresponds to the result of cost of goods sold ...
  [175/250] CORRECT | truth=52659.0000 pred=52659.0 | which quantity is given by the longterm liabilities for Iron...
  [176/250] CORRECT | truth=2433.0000 pred=2433.0 | Give the the minimum of inventories for Orion Financial Grou...
  [177/250] CORRECT | truth=161980.3333 pred=161980.33 | you should calculate the average revenue for NovaStar Techno...
  [178/250] CORRECT | truth=190812.0000 pred=190812.0 | what do we obtain as the gross profit for Crimson Pharmaceut...
  [179/250] CORRECT | truth=338824.0000 pred=338824.0 | Evaluate the the maximum of current liabilities for Titan Co...
  [180/250] CORRECT | truth=3545.0000 pred=3545.0 | State the the maximum of current liabilities for Pinnacle He...
  [181/250] CORRECT | truth=191823.0000 pred=191823.0 | You should give the longterm assets for Helix BioSciences in...
  [182/250] CORRECT | truth=29206.0000 pred=29206.0 | you should give the difference between total liabilities and...
  [183/250] CORRECT | truth=39655.0000 pred=39655.0 | What do we obtain as the longterm assets for Cobalt Semicond...
  [184/250] CORRECT | truth=25711.8000 pred=25711.8 | You should calculate the average capex for Titan Consumer Br...
  [185/250] CORRECT | truth=37697.0000 pred=37697.0 | You should give the the maximum of short term investments fo...
  [186/250] CORRECT | truth=63474.0000 pred=63474.0 | could you give the current assets for Meridian Systems Inc i...
  [187/250] CORRECT | truth=90766.0000 pred=90766.0 | could you give the longterm assets for Meridian Systems Inc ...
  [188/250] CORRECT | truth=67087.0000 pred=67087.0 | which result follows from the the minimum of current liabili...
  [189/250] CORRECT | truth=116077.0000 pred=116077.0 | What is the longterm assets for Apex Dynamics Corp in 2021?...
  [190/250] CORRECT | truth=16862.0000 pred=16862.0 | Could you give the the maximum of capex for Meridian Systems...
  [191/250] CORRECT | truth=4121.0000 pred=4121.0 | determine the longterm liabilities for Pinnacle Health Group...
  [192/250] CORRECT | truth=61721.6000 pred=61721.6 | may you calculate the average current liabilities for NovaSt...
  [193/250] CORRECT | truth=26227.0000 pred=26227.0 | which quantity is given by the the maximum of operating expe...
  [194/250] CORRECT | truth=120414.0000 pred=120414.0 | may you calculate the sum of the maximum of short term inves...
  [195/250] CORRECT | truth=2433.0000 pred=2433.0 | May you give the the minimum of inventories for Orion Financ...
  [196/250] CORRECT | truth=146468.1015 pred=146468.1 | which value corresponds to the sum of result of total assets...
  [197/250] CORRECT | truth=24174.0000 pred=24174.0 | Compute the the maximum of cash for Quantum Bridge Holdings ...
  [198/250] CORRECT | truth=519861.0000 pred=519861.0 | Which result follows from the sum of current assets for Iron...
  [199/250] CORRECT | truth=111555.0000 pred=111555.0 | Could you give the the minimum of total assets for Meridian ...
  [200/250] CORRECT | truth=49619.0000 pred=49619.0 | You should calculate the the minimum of accounts receivable ...
  [201/250] CORRECT | truth=24816.0000 pred=24816.0 | What would be the longterm liabilities for Cobalt Semiconduc...
  [202/250] CORRECT | truth=908620.0000 pred=908620.0 | whats the value of the the maximum of total assets for Clear...
  [203/250] CORRECT | truth=298268.0000 pred=298268.0 | which quantity is given by the current assets for Ironclad M...
  [204/250] CORRECT | truth=54234.0000 pred=54234.0 | which quantity is given by the the maximum of accounts recei...
  [205/250] CORRECT | truth=33968.0000 pred=33968.0 | which quantity is given by the pretax income for Meridian Sy...
  [206/250] WRONG  | truth=17245.5319 pred=21612.4183 | Whats the value of the sum of inventories and result of cape...
  [207/250] CORRECT | truth=16067.6000 pred=16067.6 | What is the average cash for Apex Dynamics Corp across years...
  [208/250] CORRECT | truth=333815.0000 pred=333815.0 | Calculate the sum of dividends paid for SilverLine Retail In...
  [209/250] CORRECT | truth=26780.0000 pred=26780.0 | determine the current assets for Quantum Bridge Holdings in ...
  [210/250] CORRECT | truth=63844.0000 pred=63844.0 | determine the result of sum of short term investments and to...
  [211/250] CORRECT | truth=0.0000 pred=0.0 | Determine the the minimum of dividends paid for Pinnacle Hea...
  [212/250] CORRECT | truth=92100.0000 pred=92100.0 | what is the sum of total equity and total liabilities for Ap...
  [213/250] CORRECT | truth=4078.0000 pred=4078.0 | What's the value of the the minimum of capex for Atlas Globa...
  [214/250] CORRECT | truth=20956.0000 pred=20956.0 | Which quantity is given by the the maximum of accounts recei...
  [215/250] CORRECT | truth=100534.0000 pred=100534.0 | May you calculate the gross profit for NovaStar Technologies...
  [216/250] CORRECT | truth=12599.0000 pred=12599.0 | Whats the value of the average inventories for ClearPath Log...
  [217/250] CORRECT | truth=491917.0000 pred=491917.0 | evaluate the sum of revenue and inventories for Titan Consum...
  [218/250] CORRECT | truth=10253.0000 pred=9547.0 | Determine the sum of gross profit for Pinnacle Health Group ...
  [219/250] CORRECT | truth=-146.0000 pred=-146.0 | what do we obtain as the difference between short term inves...
  [220/250] CORRECT | truth=142085.0000 pred=142085.0 | May you give the the maximum of revenue for Orion Financial ...
  [221/250] CORRECT | truth=26780.0000 pred=26780.0 | Compute the current assets for Quantum Bridge Holdings in 20...
  [222/250] CORRECT | truth=244.0000 pred=244.0 | May you calculate the the minimum of dividends paid for Nova...
  [223/250] CORRECT | truth=244372.0000 pred=244372.0 | evaluate the current assets for Titan Consumer Brands in 202...
  [224/250] CORRECT | truth=622.8451 pred=622.845 | what is the value of the result of the maximum of short term...
  [225/250] CORRECT | truth=66578.0000 pred=66578.0 | could you give the current assets for Meridian Systems Inc i...
  [226/250] WRONG  | truth=1406906.5049 pred=None | You should calculate the result of result of cost of goods s...
  [227/250] WRONG  | truth=38365.0000 pred=2436.0 | you should give the sum of capex for Quantum Bridge Holdings...
  [228/250] CORRECT | truth=225815.0000 pred=225815.0 | Evaluate the the maximum of cash for Titan Consumer Brands u...
  [229/250] WRONG  | truth=246467.3333 pred=False | what's the value of the sum of ratio of sum of sum of short ...
  [230/250] CORRECT | truth=17636.0000 pred=17636.0 | What is the average short term investments for Apex Dynamics...
  [231/250] CORRECT | truth=26424.0000 pred=26424.0 | may you give the average operating expenses for NovaStar Tec...
  [232/250] CORRECT | truth=7268.0000 pred=7268.0 | state the longterm liabilities for Pinnacle Health Group in ...
  [233/250] CORRECT | truth=225815.0000 pred=225815.0 | You should calculate the the maximum of cash for Titan Consu...
  [234/250] CORRECT | truth=111555.0000 pred=111555.0 | could you give the the minimum of total assets for Meridian ...
  [235/250] CORRECT | truth=65648.0000 pred=65648.0 | Provide the pretax income for Pacific Crest Energy in 2022...
  [236/250] CORRECT | truth=41405.0000 pred=41405.0 | which value corresponds to the the minimum of cash for Helix...
  [237/250] CORRECT | truth=514684.0000 pred=514684.0 | whats the value of the the minimum of revenue for ClearPath ...
  [238/250] CORRECT | truth=68614.0000 pred=68614.0 | give the current assets for Orion Financial Group in 2023 ....
  [239/250] CORRECT | truth=403472.0000 pred=403472.0 | what's the value of the the minimum of total assets for Clea...
  [240/250] CORRECT | truth=6435.3776 pred=6435.38 | What does the following give: result of dividends paid scale...
  [241/250] WRONG  | truth=-56026.0000 pred=56026.0 | which value corresponds to the difference between longterm l...
  [242/250] CORRECT | truth=1151.4000 pred=1151.4 | What do we obtain as the average dividends paid for Cobalt S...
  [243/250] CORRECT | truth=18152.0000 pred=18152.0 | state the longterm liabilities for Pinnacle Health Group in ...
  [244/250] CORRECT | truth=0.0000 pred=0.0 | Provide the difference between dividends paid and dividends ...
  [245/250] WRONG  | truth=64613.0000 pred=121218.0 | which quantity is given by the longterm assets for Meridian ...
  [246/250] CORRECT | truth=39883.0000 pred=39883.0 | whats the value of the the minimum of non operating expenses...
  [247/250] CORRECT | truth=8553.0000 pred=8553.0 | you should give the the minimum of capex for Helix BioScienc...
  [248/250] CORRECT | truth=74147.0000 pred=74147.0 | what do we obtain as the difference between cash and invento...
  [249/250] CORRECT | truth=559374.0329 pred=559374.03 | which quantity is given by the sum of sum of current assets ...
  [250/250] CORRECT | truth=10900.0000 pred=10900.0 | State the current assets for Pinnacle Health Group in 2025 ....

============================================================
  Model: openai/gpt-oss-120b
============================================================
  10-Q      : 0/0  accuracy = 0.0%  (skipped 0)
  90-Q      : 234/250  accuracy = 93.6%  (skipped 0)
  Multi-turn: 0/0  accuracy = 0.0%  (skipped 0)
  Overall   : 234/250  accuracy = 93.6%
============================================================

Results saved to output_llm/gpt-oss-120b_20260804_231545.json
CSV saved to output_llm/eval_results_20260804_231545.csv
<===== new run LiquidAI/LFM2.5-8B-A1B			 =======>
90Q are Sheet: /output/financial_spreadsheet.json
90Q are Questions: /output/original_questions.json
Loading datasets...
  90-Q: 250 questions, 15 companies

============================================================
  Evaluating model: LiquidAI/LFM2.5-8B-A1B
============================================================

-- 90-Q evaluation (250 questions) --
  [1/250] WRONG  | truth=4121.0000 pred=7666.0 | state the longterm liabilities for Pinnacle Health Group in ...
  [2/250] CORRECT | truth=397455.0000 pred=397455.0 | which result follows from the the maximum of revenue for Iro...
  [3/250] WRONG  | truth=97934.0000 pred=2020.0 | Could you give the gross profit for Meridian Systems Inc in ...
  [4/250] WRONG  | truth=3457059.1800 pred=0.0 | Could you give the result of sum of the maximum of cost of g...
  [5/250] CORRECT | truth=56416.0000 pred=56416.0 | What's the value of the gross profit for Atlas Global Indust...
  [6/250] CORRECT | truth=408.0000 pred=408.0 | what do we obtain as the the minimum of dividends paid for C...
  [7/250] CORRECT | truth=30746.0000 pred=30746.0 | what would be the average cost of goods sold for Cobalt Semi...
  [8/250] WRONG  | truth=7573.0000 pred=139281.0 | What is the value of the the maximum of capex for Apex Dynam...
  [9/250] WRONG  | truth=107172.0000 pred=0.0 | Whats the value of the operating income for ClearPath Logist...
  [10/250] WRONG  | truth=42626.0000 pred=153750.0 | you should calculate the the maximum of operating expenses f...
  [11/250] WRONG  | truth=273650.0000 pred=409336.0 | Calculate the longterm liabilities for SilverLine Retail Inc...
  [12/250] WRONG  | truth=56605.0000 pred=2021.0 | could you give the current assets for Meridian Systems Inc i...
  [13/250] CORRECT | truth=155193.0000 pred=155193.0 | Which value corresponds to the the maximum of total equity f...
  [14/250] WRONG  | truth=1222876.2308 pred=1678423.0 | what do we obtain as the result of longterm assets for Cobal...
  [15/250] WRONG  | truth=637517.0000 pred=73012.0 | calculate the the minimum of total assets for SilverLine Ret...
  [16/250] CORRECT | truth=33297.0000 pred=33297.0 | may you calculate the the minimum of cash for NovaStar Techn...
  [17/250] WRONG  | truth=320375.0000 pred=0.0 | Whats the value of the gross profit for ClearPath Logistics ...
  [18/250] WRONG  | truth=134393.0000 pred=2025.0 | Whats the value of the sum of current liabilities and accoun...
  [19/250] WRONG  | truth=4553.0000 pred=34511275.0 | State the sum of cash for Pinnacle Health Group in 2020 and ...
  [20/250] WRONG  | truth=25460.0000 pred=2021.0 | What do we obtain as the sum of total equity and operating e...
  [21/250] CORRECT | truth=13123.0000 pred=13123.0 | Determine the average cash for Quantum Bridge Holdings acros...
  [22/250] WRONG  | truth=2727.6702 pred=7.869782353825 | Provide the result of accounts receivable scaled by income t...
  [23/250] CORRECT | truth=39678.0000 pred=39678.0 | You should give the sum of current assets and current assets...
  [24/250] WRONG  | truth=9802.0000 pred=2022.0 | what's the value of the the maximum of inventories for Clear...
  [25/250] CORRECT | truth=469144.0000 pred=470144.0 | Could you give the sum of difference between total equity an...
  [26/250] WRONG  | truth=49297.0000 pred=93560.0 | compute the gross profit for Quantum Bridge Holdings in 2022...
  [27/250] WRONG  | truth=617154.0000 pred=550238.0 | Calculate the the maximum of revenue for SilverLine Retail I...
  [28/250] CORRECT | truth=450039.0000 pred=481275.0 | evaluate the longterm assets for SilverLine Retail Inc in 20...
  [29/250] CORRECT | truth=110922.0000 pred=110922.0 | what do we obtain as the average current liabilities for Cri...
  [30/250] CORRECT | truth=0.0000 pred=0.0 | what is the the minimum of dividends paid for Apex Dynamics ...
  [31/250] WRONG  | truth=130009.0000 pred=111318.0 | which quantity is given by the the minimum of cost of goods ...
  [32/250] CORRECT | truth=79708.0000 pred=79708.0 | which quantity is given by the result of total assets scaled...
  [33/250] WRONG  | truth=51479.8000 pred=3.0 | What's the value of the average accounts receivable for Clea...
  [34/250] WRONG  | truth=18827.7220 pred=2020.0 | determine the result of sum of difference between dividends ...
  [35/250] CORRECT | truth=210814.0000 pred=210914.0 | Provide the sum of total equity and operating income for Pac...
  [36/250] CORRECT | truth=179128.0000 pred=179128.0 | Which value corresponds to the sum of operating expenses and...
  [37/250] WRONG  | truth=72411.0000 pred=0.0 | Could you give the gross profit for Meridian Systems Inc in ...
  [38/250] CORRECT | truth=10261.0000 pred=10261.0 | Give the the minimum of accounts receivable for Pacific Cres...
  [39/250] CORRECT | truth=18251.0000 pred=18251.0 | What would be the difference between total equity and short ...
  [40/250] WRONG  | truth=252172.0000 pred=-2025.0 | which result follows from the sum of revenue for Helix BioSc...
  [41/250] CORRECT | truth=130516.0000 pred=130516.0 | Which value corresponds to the current assets for Helix BioS...
  [42/250] CORRECT | truth=48015.0000 pred=48015.0 | What is the value of the current assets for Atlas Global Ind...
  [43/250] WRONG  | truth=32600.0000 pred=2025.0 | What is the value of the the maximum of current liabilities ...
  [44/250] CORRECT | truth=28424.0000 pred=28424.0 | what does the following give: the maximum of dividends paid ...
  [45/250] WRONG  | truth=14696.0000 pred=22320.0 | what would be the pretax income for Cobalt Semiconductor in ...
  [46/250] WRONG  | truth=158898.0000 pred=0.0 | Whats the value of the current assets for ClearPath Logistic...
  [47/250] CORRECT | truth=15989.0000 pred=15989.0 | provide the the maximum of short term investments for Pacifi...
  [48/250] CORRECT | truth=49864.2500 pred=49864.25 | what's the value of the average cost of goods sold for Atlas...
  [49/250] WRONG  | truth=91935.5000 pred=62577.0 | what do we obtain as the average operating expenses for Crim...
  [50/250] CORRECT | truth=26424.0000 pred=26558.5 | You should give the average operating expenses for NovaStar ...
  [51/250] CORRECT | truth=3475.0000 pred=3475.0 | State the the maximum of short term investments for Pinnacle...
  [52/250] WRONG  | truth=196241.0000 pred=2021.0 | Calculate the longterm liabilities for SilverLine Retail Inc...
  [53/250] WRONG  | truth=30468.6000 pred=2025.0 | Could you give the average cash for Meridian Systems Inc acr...
  [54/250] WRONG  | truth=353846.0000 pred=2023.0 | You should calculate the longterm liabilities for Titan Cons...
  [55/250] WRONG  | truth=827261.0000 pred=2025.0 | calculate the the maximum of revenue for SilverLine Retail I...
  [56/250] WRONG  | truth=32213.5000 pred=2023.0 | determine the average cost of goods sold for Quantum Bridge ...
  [57/250] WRONG  | truth=32022.0000 pred=67863.0 | give the longterm assets for Orion Financial Group in 2020 ....
  [58/250] CORRECT | truth=922.0000 pred=922.0 | what would be the the minimum of short term investments for ...
  [59/250] WRONG  | truth=21828.0000 pred=14501.0 | Provide the the minimum of non operating expenses for Pacifi...
  [60/250] CORRECT | truth=41540.0000 pred=41540.0 | may you give the the maximum of current liabilities for Orio...
  [61/250] WRONG  | truth=23084.0000 pred=2021.0 | What would be the longterm liabilities for Cobalt Semiconduc...
  [62/250] WRONG  | truth=240166.0000 pred=0.0 | you should calculate the current assets for ClearPath Logist...
  [63/250] WRONG  | truth=8830.5000 pred=1.0 | May you calculate the average short term investments for Nov...
  [64/250] WRONG  | truth=296099.0000 pred=2023.0 | Evaluate the current assets for Titan Consumer Brands in 202...
  [65/250] CORRECT | truth=562.0000 pred=562.0 | state the the minimum of capex for Pinnacle Health Group usi...
  [66/250] CORRECT | truth=12753.0000 pred=12753.0 | give the the maximum of short term investments for Orion Fin...
  [67/250] CORRECT | truth=544517.0000 pred=510807.0 | What does the following give: sum of the maximum of operatin...
  [68/250] CORRECT | truth=32332.0000 pred=32332.0 | You should calculate the the minimum of cost of goods sold f...
  [69/250] WRONG  | truth=320375.0000 pred=0.0 | What's the value of the gross profit for ClearPath Logistics...
  [70/250] CORRECT | truth=12539.0000 pred=12539.0 | state the sum of cost of goods sold and accounts receivable ...
  [71/250] CORRECT | truth=50204.8524 pred=50203.11 | whats the value of the result of non operating expenses scal...
  [72/250] CORRECT | truth=83579.0000 pred=83579.0 | may you calculate the gross profit for NovaStar Technologies...
  [73/250] CORRECT | truth=129984.0000 pred=129984.0 | Evaluate the operating income for Titan Consumer Brands in 2...
  [74/250] CORRECT | truth=133504.0000 pred=133504.0 | Which quantity is given by the gross profit for Ironclad Man...
  [75/250] WRONG  | truth=60467.0000 pred=2022.0 | you should calculate the pretax income for Titan Consumer Br...
  [76/250] CORRECT | truth=1006.0000 pred=1006.0 | State the the minimum of inventories for Pinnacle Health Gro...
  [77/250] CORRECT | truth=81189.0000 pred=81219.0 | what's the value of the average total assets for Atlas Globa...
  [78/250] WRONG  | truth=58519.6667 pred=22379.67 | calculate the average accounts receivable for SilverLine Ret...
  [79/250] CORRECT | truth=827261.0000 pred=821168.0 | compute the the maximum of revenue for SilverLine Retail Inc...
  [80/250] CORRECT | truth=102595.0000 pred=102595.0 | May you calculate the current assets for NovaStar Technologi...
  [81/250] CORRECT | truth=54740.0000 pred=54740.0 | What does the following give: average accounts receivable fo...
  [82/250] CORRECT | truth=405.0000 pred=405.0 | provide the the minimum of dividends paid for Pacific Crest ...
  [83/250] CORRECT | truth=719.0000 pred=719.0 | state the the minimum of short term investments for Pinnacle...
  [84/250] WRONG  | truth=32271.3333 pred=1.0 | provide the average operating expenses for Pacific Crest Ene...
  [85/250] WRONG  | truth=27059.0000 pred=6696.0 | what is the the maximum of short term investments for Apex D...
  [86/250] WRONG  | truth=-5625.0000 pred=29918.0 | what is the pretax income for Apex Dynamics Corp in 2024?...
  [87/250] WRONG  | truth=158898.0000 pred=2022.0 | whats the value of the current assets for ClearPath Logistic...
  [88/250] WRONG  | truth=539015.0000 pred=14350.0 | calculate the sum of capex and total assets for SilverLine R...
  [89/250] CORRECT | truth=12076.0000 pred=12076.0 | Determine the the maximum of dividends paid for Quantum Brid...
  [90/250] WRONG  | truth=78856.0000 pred=67781.0 | What is the value of the the minimum of revenue for Apex Dyn...
  [91/250] WRONG  | truth=59865.0000 pred=50077.0 | compute the the maximum of short term investments for Silver...
  [92/250] WRONG  | truth=200467.0000 pred=2025.0 | what does the following give: gross profit for Crimson Pharm...
  [93/250] WRONG  | truth=5493.0000 pred=42736.0 | state the result of total assets scaled by ratio of total eq...
  [94/250] CORRECT | truth=17393.0000 pred=17393.0 | what is the difference between short term investments and no...
  [95/250] WRONG  | truth=164327.0000 pred=17082.0 | Evaluate the current assets for Titan Consumer Brands in 202...
  [96/250] CORRECT | truth=96911.5000 pred=96911.5 | what is the value of the average total assets for Atlas Glob...
  [97/250] CORRECT | truth=80034.0000 pred=80034.0 | may you give the average total liabilities for Orion Financi...
  [98/250] WRONG  | truth=145373.0000 pred=3.0 | Could you give the longterm assets for Meridian Systems Inc ...
  [99/250] WRONG  | truth=111691.0000 pred=2023.0 | You should give the longterm assets for Apex Dynamics Corp i...
  [100/250] CORRECT | truth=112935.0000 pred=112935.0 | what does the following give: longterm assets for Helix BioS...
  [101/250] WRONG  | truth=414636.0000 pred=636198.0 | may you calculate the sum of revenue and total assets for No...
  [102/250] CORRECT | truth=384907.0000 pred=384907.0 | You should calculate the sum of the minimum of operating exp...
  [103/250] CORRECT | truth=129.0000 pred=129.0 | compute the the minimum of dividends paid for Quantum Bridge...
  [104/250] CORRECT | truth=183099.0000 pred=183099.0 | Provide the the minimum of total assets for Pacific Crest En...
  [105/250] WRONG  | truth=2200.5696 pred=0.0 | whats the value of the result of difference between cash and...
  [106/250] CORRECT | truth=39977.0000 pred=39977.0 | What is the gross profit for Apex Dynamics Corp in 2020?...
  [107/250] CORRECT | truth=836.0000 pred=836.0 | Give the average dividends paid for Orion Financial Group ac...
  [108/250] WRONG  | truth=21463.0000 pred=28711.75 | You should calculate the average inventories for Titan Consu...
  [109/250] WRONG  | truth=298268.0000 pred=2025.0 | which quantity is given by the current assets for Ironclad M...
  [110/250] WRONG  | truth=17917.0000 pred=153750.0 | Compute the the maximum of operating expenses for Quantum Br...
  [111/250] WRONG  | truth=378544.0000 pred=2021.0 | Whats the value of the longterm liabilities for ClearPath Lo...
  [112/250] WRONG  | truth=757557.0000 pred=142977.0 | you should calculate the the maximum of total liabilities fo...
  [113/250] CORRECT | truth=9003.5000 pred=9003.5 | Could you give the average inventories for Meridian Systems ...
  [114/250] CORRECT | truth=29590.0000 pred=29590.0 | you should give the the minimum of operating expenses for Ir...
  [115/250] WRONG  | truth=196241.0000 pred=3.0 | calculate the longterm liabilities for SilverLine Retail Inc...
  [116/250] WRONG  | truth=2062.0000 pred=4105.0 | determine the the minimum of cash for Pinnacle Health Group ...
  [117/250] WRONG  | truth=18737.0000 pred=2020.0 | Determine the the maximum of operating expenses for Quantum ...
  [118/250] WRONG  | truth=134669.0000 pred=212778.0 | Which result follows from the pretax income for Ironclad Man...
  [119/250] CORRECT | truth=464758.0000 pred=464758.0 | Which result follows from the the maximum of total equity fo...
  [120/250] WRONG  | truth=106681.0000 pred=2020.0 | State the sum of the maximum of capex for Pacific Crest Ener...
  [121/250] WRONG  | truth=24816.0000 pred=0.0 | what would be the longterm liabilities for Cobalt Semiconduc...
  [122/250] CORRECT | truth=270988.0000 pred=270988.0 | what do we obtain as the average total equity for Crimson Ph...
  [123/250] WRONG  | truth=5901.0000 pred=16050.0 | state the operating income for Pinnacle Health Group in 2023...
  [124/250] CORRECT | truth=19965.0000 pred=19965.0 | give the the minimum of total liabilities for Orion Financia...
  [125/250] CORRECT | truth=38883.2000 pred=38883.2 | Which value corresponds to the average cash for Helix BioSci...
  [126/250] CORRECT | truth=32211.0000 pred=32211.0 | What's the value of the gross profit for Atlas Global Indust...
  [127/250] WRONG  | truth=5062.5399 pred=75899.0 | What does the following give: result of inventories scaled b...
  [128/250] CORRECT | truth=4900.0000 pred=4900.0 | compute the average short term investments for Quantum Bridg...
  [129/250] WRONG  | truth=89176.0000 pred=2020.0 | what does the following give: longterm liabilities for Crims...
  [130/250] WRONG  | truth=2582.0000 pred=1.0 | state the average cash for Pinnacle Health Group across year...
  [131/250] WRONG  | truth=-25506.0000 pred=7094.0 | You should calculate the difference between capex and curren...
  [132/250] WRONG  | truth=3819.0000 pred=1804.0 | May you give the difference between current assets and longt...
  [133/250] WRONG  | truth=153784.6000 pred=172462.6 | give the average total assets for Orion Financial Group acro...
  [134/250] WRONG  | truth=10268.7500 pred=2024.0 | which quantity is given by the average capex for Meridian Sy...
  [135/250] WRONG  | truth=62496.0000 pred=104036.0 | Give the longterm liabilities for Orion Financial Group in 2...
  [136/250] WRONG  | truth=97839.0000 pred=27925.0 | Which result follows from the the maximum of short term inve...
  [137/250] CORRECT | truth=24015.0000 pred=24015.0 | Compute the gross profit for Quantum Bridge Holdings in 2021...
  [138/250] CORRECT | truth=166680.0000 pred=166680.0 | May you calculate the sum of cost of goods sold and cost of ...
  [139/250] CORRECT | truth=39822.3333 pred=39822.33 | Give the average total liabilities for Orion Financial Group...
  [140/250] WRONG  | truth=307082.0000 pred=2025.0 | What does the following give: sum of operating income and co...
  [141/250] WRONG  | truth=3408.5801 pred=False | which result follows from the result of operating expenses s...
  [142/250] CORRECT | truth=562.0000 pred=562.0 | state the the maximum of capex for Pinnacle Health Group usi...
  [143/250] WRONG  | truth=36694.0000 pred=63474.0 | Determine the longterm assets for Quantum Bridge Holdings in...
  [144/250] WRONG  | truth=94180.0000 pred=324181.0 | which result follows from the difference between cost of goo...
  [145/250] CORRECT | truth=667765.0000 pred=667765.0 | you should calculate the the maximum of total equity for Tit...
  [146/250] CORRECT | truth=105547.0000 pred=105547.0 | may you give the current assets for Orion Financial Group in...
  [147/250] WRONG  | truth=514684.0000 pred=0.0 | whats the value of the the minimum of revenue for ClearPath ...
  [148/250] WRONG  | truth=46058.6667 pred=9265.0 | Evaluate the average short term investments for SilverLine R...
  [149/250] WRONG  | truth=73911.0000 pred=450869.0 | Determine the longterm liabilities for Quantum Bridge Holdin...
  [150/250] CORRECT | truth=365161.0000 pred=365161.0 | Calculate the longterm assets for SilverLine Retail Inc in 2...
  [151/250] WRONG  | truth=18818.5992 pred=63527.0 | May you calculate the result of cost of goods sold scaled by...
  [152/250] WRONG  | truth=1944.0000 pred=3204.0 | compute the the minimum of capex for Quantum Bridge Holdings...
  [153/250] WRONG  | truth=80320.0000 pred=2020.0 | whats the value of the the maximum of non operating expenses...
  [154/250] WRONG  | truth=11133.5000 pred=27406.5 | give the average cash for Orion Financial Group across years...
  [155/250] CORRECT | truth=58929.0000 pred=64613.0 | May you calculate the longterm assets for NovaStar Technolog...
  [156/250] CORRECT | truth=257258.0000 pred=257258.0 | which value corresponds to the sum of cost of goods sold and...
  [157/250] WRONG  | truth=19238.0000 pred=5363.0 | evaluate the the minimum of inventories for SilverLine Retai...
  [158/250] WRONG  | truth=9946.0000 pred=15174.0 | what do we obtain as the the minimum of current liabilities ...
  [159/250] CORRECT | truth=12267.9645 pred=12267.9645 | what is the value of the result of revenue scaled by income ...
  [160/250] WRONG  | truth=90881.3001 pred=0.07 | Calculate the sum of cash and result of accounts receivable ...
  [161/250] CORRECT | truth=9338.0000 pred=9338.0 | Determine the longterm assets for Pinnacle Health Group in 2...
  [162/250] WRONG  | truth=32958.0000 pred=64502.0 | what's the value of the the minimum of cost of goods sold fo...
  [163/250] WRONG  | truth=105291.0000 pred=2024.0 | which value corresponds to the current assets for Helix BioS...
  [164/250] CORRECT | truth=4436.5000 pred=4436.5 | provide the average dividends paid for Pacific Crest Energy ...
  [165/250] CORRECT | truth=18704.0000 pred=18704.0 | what's the value of the gross profit for Atlas Global Indust...
  [166/250] WRONG  | truth=89176.0000 pred=0.0 | what does the following give: longterm liabilities for Crims...
  [167/250] WRONG  | truth=4243.0000 pred=1.0 | What do we obtain as the the minimum of operating expenses f...
  [168/250] WRONG  | truth=4610.0000 pred=37653.0 | Compute the the maximum of capex for Quantum Bridge Holdings...
  [169/250] CORRECT | truth=81319.0000 pred=81319.0 | Which result follows from the the maximum of non operating e...
  [170/250] WRONG  | truth=153259.0000 pred=1.0 | What's the value of the the maximum of cash for ClearPath Lo...
  [171/250] WRONG  | truth=738806.0000 pred=982687.0 | Evaluate the longterm assets for Titan Consumer Brands in 20...
  [172/250] WRONG  | truth=347918.7040 pred=521384.0 | compute the result of the maximum of total liabilities for Q...
  [173/250] WRONG  | truth=90090.0000 pred=2024.0 | Compute the sum of short term investments and sum of capex a...
  [174/250] WRONG  | truth=218465.2762 pred=2023.0 | which value corresponds to the result of cost of goods sold ...
  [175/250] WRONG  | truth=52659.0000 pred=103532.0 | which quantity is given by the longterm liabilities for Iron...
  [176/250] CORRECT | truth=2433.0000 pred=2433.0 | Give the the minimum of inventories for Orion Financial Grou...
  [177/250] CORRECT | truth=161980.3333 pred=161980.33 | you should calculate the average revenue for NovaStar Techno...
  [178/250] CORRECT | truth=190812.0000 pred=190812.0 | what do we obtain as the gross profit for Crimson Pharmaceut...
  [179/250] CORRECT | truth=338824.0000 pred=338824.0 | Evaluate the the maximum of current liabilities for Titan Co...
  [180/250] CORRECT | truth=3545.0000 pred=3545.0 | State the the maximum of current liabilities for Pinnacle He...
  [181/250] WRONG  | truth=191823.0000 pred=2025.0 | You should give the longterm assets for Helix BioSciences in...
  [182/250] CORRECT | truth=29206.0000 pred=29206.0 | you should give the difference between total liabilities and...
  [183/250] WRONG  | truth=39655.0000 pred=2022.0 | What do we obtain as the longterm assets for Cobalt Semicond...
  [184/250] CORRECT | truth=25711.8000 pred=25131.6 | You should calculate the average capex for Titan Consumer Br...
  [185/250] CORRECT | truth=37697.0000 pred=37697.0 | You should give the the maximum of short term investments fo...
  [186/250] WRONG  | truth=63474.0000 pred=2022.0 | could you give the current assets for Meridian Systems Inc i...
  [187/250] WRONG  | truth=90766.0000 pred=2023.0 | could you give the longterm assets for Meridian Systems Inc ...
  [188/250] WRONG  | truth=67087.0000 pred=29887.0 | which result follows from the the minimum of current liabili...
  [189/250] WRONG  | truth=116077.0000 pred=141224.0 | What is the longterm assets for Apex Dynamics Corp in 2021?...
  [190/250] CORRECT | truth=16862.0000 pred=16862.0 | Could you give the the maximum of capex for Meridian Systems...
  [191/250] WRONG  | truth=4121.0000 pred=0.0 | determine the longterm liabilities for Pinnacle Health Group...
  [192/250] CORRECT | truth=61721.6000 pred=61721.6 | may you calculate the average current liabilities for NovaSt...
  [193/250] WRONG  | truth=26227.0000 pred=2021.0 | which quantity is given by the the maximum of operating expe...
  [194/250] CORRECT | truth=120414.0000 pred=120414.0 | may you calculate the sum of the maximum of short term inves...
  [195/250] CORRECT | truth=2433.0000 pred=2433.0 | May you give the the minimum of inventories for Orion Financ...
  [196/250] WRONG  | truth=146468.1015 pred=245.362879 | which value corresponds to the sum of result of total assets...
  [197/250] WRONG  | truth=24174.0000 pred=14184.0 | Compute the the maximum of cash for Quantum Bridge Holdings ...
  [198/250] WRONG  | truth=519861.0000 pred=2025.0 | Which result follows from the sum of current assets for Iron...
  [199/250] WRONG  | truth=111555.0000 pred=2025.0 | Could you give the the minimum of total assets for Meridian ...
  [200/250] WRONG  | truth=49619.0000 pred=2025.0 | You should calculate the the minimum of accounts receivable ...
  [201/250] WRONG  | truth=24816.0000 pred=2022.0 | What would be the longterm liabilities for Cobalt Semiconduc...
  [202/250] WRONG  | truth=908620.0000 pred=0.0 | whats the value of the the maximum of total assets for Clear...
  [203/250] WRONG  | truth=298268.0000 pred=200429.0 | which quantity is given by the current assets for Ironclad M...
  [204/250] CORRECT | truth=54234.0000 pred=54234.0 | which quantity is given by the the maximum of accounts recei...
  [205/250] CORRECT | truth=33968.0000 pred=33968.0 | which quantity is given by the pretax income for Meridian Sy...
  [206/250] WRONG  | truth=17245.5319 pred=2021.0 | Whats the value of the sum of inventories and result of cape...
  [207/250] CORRECT | truth=16067.6000 pred=16067.6 | What is the average cash for Apex Dynamics Corp across years...
  [208/250] WRONG  | truth=333815.0000 pred=0.0 | Calculate the sum of dividends paid for SilverLine Retail In...
  [209/250] WRONG  | truth=26780.0000 pred=2021.0 | determine the current assets for Quantum Bridge Holdings in ...
  [210/250] WRONG  | truth=63844.0000 pred=243753.0 | determine the result of sum of short term investments and to...
  [211/250] CORRECT | truth=0.0000 pred=0.0 | Determine the the minimum of dividends paid for Pinnacle Hea...
  [212/250] CORRECT | truth=92100.0000 pred=92100.0 | what is the sum of total equity and total liabilities for Ap...
  [213/250] CORRECT | truth=4078.0000 pred=4078.0 | What's the value of the the minimum of capex for Atlas Globa...
  [214/250] WRONG  | truth=20956.0000 pred=101392.0 | Which quantity is given by the the maximum of accounts recei...
  [215/250] WRONG  | truth=100534.0000 pred=63825.0 | May you calculate the gross profit for NovaStar Technologies...
  [216/250] CORRECT | truth=12599.0000 pred=12599.0 | Whats the value of the average inventories for ClearPath Log...
  [217/250] WRONG  | truth=491917.0000 pred=2020.0 | evaluate the sum of revenue and inventories for Titan Consum...
  [218/250] WRONG  | truth=10253.0000 pred=2025.0 | Determine the sum of gross profit for Pinnacle Health Group ...
  [219/250] CORRECT | truth=-146.0000 pred=-146.0 | what do we obtain as the difference between short term inves...
  [220/250] CORRECT | truth=142085.0000 pred=142085.0 | May you give the the maximum of revenue for Orion Financial ...
  [221/250] WRONG  | truth=26780.0000 pred=2021.0 | Compute the current assets for Quantum Bridge Holdings in 20...
  [222/250] WRONG  | truth=244.0000 pred=2738.0 | May you calculate the the minimum of dividends paid for Nova...
  [223/250] WRONG  | truth=244372.0000 pred=False | evaluate the current assets for Titan Consumer Brands in 202...
  [224/250] CORRECT | truth=622.8451 pred=572.0 | what is the value of the result of the maximum of short term...
  [225/250] WRONG  | truth=66578.0000 pred=0.0 | could you give the current assets for Meridian Systems Inc i...
  [226/250] WRONG  | truth=1406906.5049 pred=5.2456458648671 | You should calculate the result of result of cost of goods s...
  [227/250] WRONG  | truth=38365.0000 pred=43534.0 | you should give the sum of capex for Quantum Bridge Holdings...
  [228/250] WRONG  | truth=225815.0000 pred=41229.0 | Evaluate the the maximum of cash for Titan Consumer Brands u...
  [229/250] WRONG  | truth=246467.3333 pred=3.0 | what's the value of the sum of ratio of sum of sum of short ...
  [230/250] CORRECT | truth=17636.0000 pred=17636.0 | What is the average short term investments for Apex Dynamics...
  [231/250] CORRECT | truth=26424.0000 pred=26424.0 | may you give the average operating expenses for NovaStar Tec...
  [232/250] WRONG  | truth=7268.0000 pred=10116.0 | state the longterm liabilities for Pinnacle Health Group in ...
  [233/250] CORRECT | truth=225815.0000 pred=225815.0 | You should calculate the the maximum of cash for Titan Consu...
  [234/250] WRONG  | truth=111555.0000 pred=2020.0 | could you give the the minimum of total assets for Meridian ...
  [235/250] CORRECT | truth=65648.0000 pred=65648.0 | Provide the pretax income for Pacific Crest Energy in 2022...
  [236/250] CORRECT | truth=41405.0000 pred=41405.0 | which value corresponds to the the minimum of cash for Helix...
  [237/250] WRONG  | truth=514684.0000 pred=2020.0 | whats the value of the the minimum of revenue for ClearPath ...
  [238/250] WRONG  | truth=68614.0000 pred=3.0 | give the current assets for Orion Financial Group in 2023 ....
  [239/250] WRONG  | truth=403472.0000 pred=2025.0 | what's the value of the the minimum of total assets for Clea...
  [240/250] WRONG  | truth=6435.3776 pred=106895.0 | What does the following give: result of dividends paid scale...
  [241/250] WRONG  | truth=-56026.0000 pred=0.0 | which value corresponds to the difference between longterm l...
  [242/250] CORRECT | truth=1151.4000 pred=1151.4 | What do we obtain as the average dividends paid for Cobalt S...
  [243/250] CORRECT | truth=18152.0000 pred=18152.0 | state the longterm liabilities for Pinnacle Health Group in ...
  [244/250] CORRECT | truth=0.0000 pred=0.0 | Provide the difference between dividends paid and dividends ...
  [245/250] WRONG  | truth=64613.0000 pred=121218.0 | which quantity is given by the longterm assets for Meridian ...
  [246/250] WRONG  | truth=39883.0000 pred=2020.0 | whats the value of the the minimum of non operating expenses...
  [247/250] CORRECT | truth=8553.0000 pred=8553.0 | you should give the the minimum of capex for Helix BioScienc...
  [248/250] CORRECT | truth=74147.0000 pred=74147.0 | what do we obtain as the difference between cash and invento...
  [249/250] WRONG  | truth=559374.0329 pred=1.0 | which quantity is given by the sum of sum of current assets ...
  [250/250] WRONG  | truth=10900.0000 pred=2025.0 | State the current assets for Pinnacle Health Group in 2025 ....

============================================================
  Model: LiquidAI/LFM2.5-8B-A1B
============================================================
  10-Q      : 0/0  accuracy = 0.0%  (skipped 0)
  90-Q      : 106/250  accuracy = 42.4%  (skipped 0)
  Multi-turn: 0/0  accuracy = 0.0%  (skipped 0)
  Overall   : 106/250  accuracy = 42.4%
============================================================

Results saved to output_llm/LFM2.5-8B-A1B_20260804_232424.json
CSV saved to output_llm/eval_results_20260804_232424.csv
<===== new run Qwen/Qwen3.5-9B				 =======>
90Q are Sheet: /output/financial_spreadsheet.json
90Q are Questions: /output/original_questions.json
Loading datasets...
  90-Q: 250 questions, 15 companies

============================================================
  Evaluating model: Qwen/Qwen3.5-9B
============================================================

-- 90-Q evaluation (250 questions) --
  [1/250] CORRECT | truth=4121.0000 pred=4145.0 | state the longterm liabilities for Pinnacle Health Group in ...
  [2/250] CORRECT | truth=397455.0000 pred=397455.0 | which result follows from the the maximum of revenue for Iro...
  [3/250] CORRECT | truth=97934.0000 pred=97934.0 | Could you give the gross profit for Meridian Systems Inc in ...
  [4/250] WRONG  | truth=3457059.1800 pred=False | Could you give the result of sum of the maximum of cost of g...
  [5/250] CORRECT | truth=56416.0000 pred=56416.0 | What's the value of the gross profit for Atlas Global Indust...
  [6/250] WRONG  | truth=408.0000 pred=238.0 | what do we obtain as the the minimum of dividends paid for C...
  [7/250] WRONG  | truth=30746.0000 pred=False | what would be the average cost of goods sold for Cobalt Semi...
  [8/250] CORRECT | truth=7573.0000 pred=7573.0 | What is the value of the the maximum of capex for Apex Dynam...
  [9/250] CORRECT | truth=107172.0000 pred=107172.0 | Whats the value of the operating income for ClearPath Logist...
  [10/250] WRONG  | truth=42626.0000 pred=20795.0 | you should calculate the the maximum of operating expenses f...
  [11/250] CORRECT | truth=273650.0000 pred=273650.0 | Calculate the longterm liabilities for SilverLine Retail Inc...
  [12/250] CORRECT | truth=56605.0000 pred=56605.0 | could you give the current assets for Meridian Systems Inc i...
  [13/250] CORRECT | truth=155193.0000 pred=155193.0 | Which value corresponds to the the maximum of total equity f...
  [14/250] CORRECT | truth=1222876.2308 pred=1222872.76 | what do we obtain as the result of longterm assets for Cobal...
  [15/250] WRONG  | truth=637517.0000 pred=494264.0 | calculate the the minimum of total assets for SilverLine Ret...
  [16/250] WRONG  | truth=33297.0000 pred=45536.0 | may you calculate the the minimum of cash for NovaStar Techn...
  [17/250] WRONG  | truth=320375.0000 pred=174271.0 | Whats the value of the gross profit for ClearPath Logistics ...
  [18/250] WRONG  | truth=134393.0000 pred=56571.0 | Whats the value of the sum of current liabilities and accoun...
  [19/250] CORRECT | truth=4553.0000 pred=4553.0 | State the sum of cash for Pinnacle Health Group in 2020 and ...
  [20/250] CORRECT | truth=25460.0000 pred=25460.0 | What do we obtain as the sum of total equity and operating e...
  [21/250] WRONG  | truth=13123.0000 pred=32016.8 | Determine the average cash for Quantum Bridge Holdings acros...
  [22/250] WRONG  | truth=2727.6702 pred=13101.0 | Provide the result of accounts receivable scaled by income t...
  [23/250] WRONG  | truth=39678.0000 pred=27608.0 | You should give the sum of current assets and current assets...
  [24/250] WRONG  | truth=9802.0000 pred=7697.0 | what's the value of the the maximum of inventories for Clear...
  [25/250] WRONG  | truth=469144.0000 pred=-74364.0 | Could you give the sum of difference between total equity an...
  [26/250] CORRECT | truth=49297.0000 pred=49297.0 | compute the gross profit for Quantum Bridge Holdings in 2022...
  [27/250] CORRECT | truth=617154.0000 pred=617154.0 | Calculate the the maximum of revenue for SilverLine Retail I...
  [28/250] WRONG  | truth=450039.0000 pred=278162.0 | evaluate the longterm assets for SilverLine Retail Inc in 20...
  [29/250] CORRECT | truth=110922.0000 pred=110922.0 | what do we obtain as the average current liabilities for Cri...
  [30/250] WRONG  | truth=0.0000 pred=164.0 | what is the the minimum of dividends paid for Apex Dynamics ...
  [31/250] CORRECT | truth=130009.0000 pred=130009.0 | which quantity is given by the the minimum of cost of goods ...
  [32/250] WRONG  | truth=79708.0000 pred=0.2128 | which quantity is given by the result of total assets scaled...
  [33/250] WRONG  | truth=51479.8000 pred=68280.8 | What's the value of the average accounts receivable for Clea...
  [34/250] WRONG  | truth=18827.7220 pred=646.86 | determine the result of sum of difference between dividends ...
  [35/250] WRONG  | truth=210814.0000 pred=160974.0 | Provide the sum of total equity and operating income for Pac...
  [36/250] WRONG  | truth=179128.0000 pred=24966.0 | Which value corresponds to the sum of operating expenses and...
  [37/250] CORRECT | truth=72411.0000 pred=72411.0 | Could you give the gross profit for Meridian Systems Inc in ...
  [38/250] CORRECT | truth=10261.0000 pred=10261.0 | Give the the minimum of accounts receivable for Pacific Cres...
  [39/250] CORRECT | truth=18251.0000 pred=18251.0 | What would be the difference between total equity and short ...
  [40/250] CORRECT | truth=252172.0000 pred=252172.0 | which result follows from the sum of revenue for Helix BioSc...
  [41/250] CORRECT | truth=130516.0000 pred=130516.0 | Which value corresponds to the current assets for Helix BioS...
  [42/250] CORRECT | truth=48015.0000 pred=46062.0 | What is the value of the current assets for Atlas Global Ind...
  [43/250] WRONG  | truth=32600.0000 pred=29300.0 | What is the value of the the maximum of current liabilities ...
  [44/250] CORRECT | truth=28424.0000 pred=28424.0 | what does the following give: the maximum of dividends paid ...
  [45/250] CORRECT | truth=14696.0000 pred=14696.0 | what would be the pretax income for Cobalt Semiconductor in ...
  [46/250] WRONG  | truth=158898.0000 pred=114106.0 | Whats the value of the current assets for ClearPath Logistic...
  [47/250] CORRECT | truth=15989.0000 pred=15989.0 | provide the the maximum of short term investments for Pacifi...
  [48/250] WRONG  | truth=49864.2500 pred=59864.25 | what's the value of the average cost of goods sold for Atlas...
  [49/250] CORRECT | truth=91935.5000 pred=91935.5 | what do we obtain as the average operating expenses for Crim...
  [50/250] CORRECT | truth=26424.0000 pred=26424.0 | You should give the average operating expenses for NovaStar ...
  [51/250] CORRECT | truth=3475.0000 pred=3475.0 | State the the maximum of short term investments for Pinnacle...
  [52/250] WRONG  | truth=196241.0000 pred=-6.584976204852755e+18 | Calculate the longterm liabilities for SilverLine Retail Inc...
  [53/250] CORRECT | truth=30468.6000 pred=30468.6 | Could you give the average cash for Meridian Systems Inc acr...
  [54/250] CORRECT | truth=353846.0000 pred=353846.0 | You should calculate the longterm liabilities for Titan Cons...
  [55/250] CORRECT | truth=827261.0000 pred=827261.0 | calculate the the maximum of revenue for SilverLine Retail I...
  [56/250] CORRECT | truth=32213.5000 pred=29203.5 | determine the average cost of goods sold for Quantum Bridge ...
  [57/250] CORRECT | truth=32022.0000 pred=34037.0 | give the longterm assets for Orion Financial Group in 2020 ....
  [58/250] CORRECT | truth=922.0000 pred=922.0 | what would be the the minimum of short term investments for ...
  [59/250] CORRECT | truth=21828.0000 pred=21828.0 | Provide the the minimum of non operating expenses for Pacifi...
  [60/250] WRONG  | truth=41540.0000 pred=154461.0 | may you give the the maximum of current liabilities for Orio...
  [61/250] WRONG  | truth=23084.0000 pred=19173.0 | What would be the longterm liabilities for Cobalt Semiconduc...
  [62/250] CORRECT | truth=240166.0000 pred=240166.0 | you should calculate the current assets for ClearPath Logist...
  [63/250] WRONG  | truth=8830.5000 pred=False | May you calculate the average short term investments for Nov...
  [64/250] WRONG  | truth=296099.0000 pred=36229.0 | Evaluate the current assets for Titan Consumer Brands in 202...
  [65/250] CORRECT | truth=562.0000 pred=562.0 | state the the minimum of capex for Pinnacle Health Group usi...
  [66/250] WRONG  | truth=12753.0000 pred=7772.0 | give the the maximum of short term investments for Orion Fin...
  [67/250] CORRECT | truth=544517.0000 pred=544517.0 | What does the following give: sum of the maximum of operatin...
  [68/250] CORRECT | truth=32332.0000 pred=32332.0 | You should calculate the the minimum of cost of goods sold f...
  [69/250] CORRECT | truth=320375.0000 pred=320375.0 | What's the value of the gross profit for ClearPath Logistics...
  [70/250] CORRECT | truth=12539.0000 pred=12539.0 | state the sum of cost of goods sold and accounts receivable ...
  [71/250] WRONG  | truth=50204.8524 pred=-5.270634292487195 | whats the value of the result of non operating expenses scal...
  [72/250] CORRECT | truth=83579.0000 pred=83579.0 | may you calculate the gross profit for NovaStar Technologies...
  [73/250] WRONG  | truth=129984.0000 pred=-69046.0 | Evaluate the operating income for Titan Consumer Brands in 2...
  [74/250] WRONG  | truth=133504.0000 pred=85104.0 | Which quantity is given by the gross profit for Ironclad Man...
  [75/250] WRONG  | truth=60467.0000 pred=32389.32413041407 | you should calculate the pretax income for Titan Consumer Br...
  [76/250] CORRECT | truth=1006.0000 pred=1006.0 | State the the minimum of inventories for Pinnacle Health Gro...
  [77/250] CORRECT | truth=81189.0000 pred=80182.66666666667 | what's the value of the average total assets for Atlas Globa...
  [78/250] WRONG  | truth=58519.6667 pred=44669.0 | calculate the average accounts receivable for SilverLine Ret...
  [79/250] CORRECT | truth=827261.0000 pred=827261.0 | compute the the maximum of revenue for SilverLine Retail Inc...
  [80/250] CORRECT | truth=102595.0000 pred=102595.0 | May you calculate the current assets for NovaStar Technologi...
  [81/250] CORRECT | truth=54740.0000 pred=54740.0 | What does the following give: average accounts receivable fo...
  [82/250] CORRECT | truth=405.0000 pred=405.0 | provide the the minimum of dividends paid for Pacific Crest ...
  [83/250] CORRECT | truth=719.0000 pred=719.0 | state the the minimum of short term investments for Pinnacle...
  [84/250] WRONG  | truth=32271.3333 pred=38814.333333 | provide the average operating expenses for Pacific Crest Ene...
  [85/250] CORRECT | truth=27059.0000 pred=27059.0 | what is the the maximum of short term investments for Apex D...
  [86/250] WRONG  | truth=-5625.0000 pred=-12367.0 | what is the pretax income for Apex Dynamics Corp in 2024?...
  [87/250] WRONG  | truth=158898.0000 pred=99859.0 | whats the value of the current assets for ClearPath Logistic...
  [88/250] CORRECT | truth=539015.0000 pred=539015.0 | calculate the sum of capex and total assets for SilverLine R...
  [89/250] CORRECT | truth=12076.0000 pred=12076.0 | Determine the the maximum of dividends paid for Quantum Brid...
  [90/250] CORRECT | truth=78856.0000 pred=78856.0 | What is the value of the the minimum of revenue for Apex Dyn...
  [91/250] CORRECT | truth=59865.0000 pred=59865.0 | compute the the maximum of short term investments for Silver...
  [92/250] CORRECT | truth=200467.0000 pred=190467.0 | what does the following give: gross profit for Crimson Pharm...
  [93/250] CORRECT | truth=5493.0000 pred=5493.0 | state the result of total assets scaled by ratio of total eq...
  [94/250] WRONG  | truth=17393.0000 pred=9872.0 | what is the difference between short term investments and no...
  [95/250] WRONG  | truth=164327.0000 pred=139282.0 | Evaluate the current assets for Titan Consumer Brands in 202...
  [96/250] CORRECT | truth=96911.5000 pred=95411.5 | what is the value of the average total assets for Atlas Glob...
  [97/250] WRONG  | truth=80034.0000 pred=156652.33 | may you give the average total liabilities for Orion Financi...
  [98/250] WRONG  | truth=145373.0000 pred=182934.0 | Could you give the longterm assets for Meridian Systems Inc ...
  [99/250] WRONG  | truth=111691.0000 pred=139743.0 | You should give the longterm assets for Apex Dynamics Corp i...
  [100/250] WRONG  | truth=112935.0000 pred=77258.0 | what does the following give: longterm assets for Helix BioS...
  [101/250] WRONG  | truth=414636.0000 pred=222382.0 | may you calculate the sum of revenue and total assets for No...
  [102/250] WRONG  | truth=384907.0000 pred=True | You should calculate the sum of the minimum of operating exp...
  [103/250] WRONG  | truth=129.0000 pred=0.0 | compute the the minimum of dividends paid for Quantum Bridge...
  [104/250] WRONG  | truth=183099.0000 pred=146966.0 | Provide the the minimum of total assets for Pacific Crest En...
  [105/250] CORRECT | truth=2200.5696 pred=2194.42 | whats the value of the result of difference between cash and...
  [106/250] CORRECT | truth=39977.0000 pred=39977.0 | What is the gross profit for Apex Dynamics Corp in 2020?...
  [107/250] WRONG  | truth=836.0000 pred=1364.0 | Give the average dividends paid for Orion Financial Group ac...
  [108/250] WRONG  | truth=21463.0000 pred=28369.5 | You should calculate the average inventories for Titan Consu...
  [109/250] CORRECT | truth=298268.0000 pred=298268.0 | which quantity is given by the current assets for Ironclad M...
  [110/250] CORRECT | truth=17917.0000 pred=17917.0 | Compute the the maximum of operating expenses for Quantum Br...
  [111/250] WRONG  | truth=378544.0000 pred=278544.0 | Whats the value of the longterm liabilities for ClearPath Lo...
  [112/250] CORRECT | truth=757557.0000 pred=717731.0 | you should calculate the the maximum of total liabilities fo...
  [113/250] CORRECT | truth=9003.5000 pred=9003.5 | Could you give the average inventories for Meridian Systems ...
  [114/250] CORRECT | truth=29590.0000 pred=29590.0 | you should give the the minimum of operating expenses for Ir...
  [115/250] CORRECT | truth=196241.0000 pred=196241.0 | calculate the longterm liabilities for SilverLine Retail Inc...
  [116/250] CORRECT | truth=2062.0000 pred=2062.0 | determine the the minimum of cash for Pinnacle Health Group ...
  [117/250] CORRECT | truth=18737.0000 pred=17917.0 | Determine the the maximum of operating expenses for Quantum ...
  [118/250] WRONG  | truth=134669.0000 pred=13393.0 | Which result follows from the pretax income for Ironclad Man...
  [119/250] CORRECT | truth=464758.0000 pred=464758.0 | Which result follows from the the maximum of total equity fo...
  [120/250] WRONG  | truth=106681.0000 pred=0.1072 | State the sum of the maximum of capex for Pacific Crest Ener...
  [121/250] CORRECT | truth=24816.0000 pred=22826.0 | what would be the longterm liabilities for Cobalt Semiconduc...
  [122/250] WRONG  | truth=270988.0000 pred=317026.8 | what do we obtain as the average total equity for Crimson Ph...
  [123/250] WRONG  | truth=5901.0000 pred=3895.0 | state the operating income for Pinnacle Health Group in 2023...
  [124/250] WRONG  | truth=19965.0000 pred=104036.0 | give the the minimum of total liabilities for Orion Financia...
  [125/250] CORRECT | truth=38883.2000 pred=39118.2 | Which value corresponds to the average cash for Helix BioSci...
  [126/250] CORRECT | truth=32211.0000 pred=32211.0 | What's the value of the gross profit for Atlas Global Indust...
  [127/250] WRONG  | truth=5062.5399 pred=485286.72697694786 | What does the following give: result of inventories scaled b...
  [128/250] CORRECT | truth=4900.0000 pred=4900.0 | compute the average short term investments for Quantum Bridg...
  [129/250] WRONG  | truth=89176.0000 pred=381473.0 | what does the following give: longterm liabilities for Crims...
  [130/250] WRONG  | truth=2582.0000 pred=3253.3333333333335 | state the average cash for Pinnacle Health Group across year...
  [131/250] CORRECT | truth=-25506.0000 pred=-25506.0 | You should calculate the difference between capex and curren...
  [132/250] WRONG  | truth=3819.0000 pred=False | May you give the difference between current assets and longt...
  [133/250] WRONG  | truth=153784.6000 pred=175015.0 | give the average total assets for Orion Financial Group acro...
  [134/250] WRONG  | truth=10268.7500 pred=11654.0 | which quantity is given by the average capex for Meridian Sy...
  [135/250] CORRECT | truth=62496.0000 pred=62496.0 | Give the longterm liabilities for Orion Financial Group in 2...
  [136/250] CORRECT | truth=97839.0000 pred=97839.0 | Which result follows from the the maximum of short term inve...
  [137/250] CORRECT | truth=24015.0000 pred=24015.0 | Compute the gross profit for Quantum Bridge Holdings in 2021...
  [138/250] WRONG  | truth=166680.0000 pred=83340.0 | May you calculate the sum of cost of goods sold and cost of ...
  [139/250] CORRECT | truth=39822.3333 pred=38156.55 | Give the average total liabilities for Orion Financial Group...
  [140/250] WRONG  | truth=307082.0000 pred=95975.0 | What does the following give: sum of operating income and co...
  [141/250] WRONG  | truth=3408.5801 pred=True | which result follows from the result of operating expenses s...
  [142/250] CORRECT | truth=562.0000 pred=562.0 | state the the maximum of capex for Pinnacle Health Group usi...
  [143/250] CORRECT | truth=36694.0000 pred=36694.0 | Determine the longterm assets for Quantum Bridge Holdings in...
  [144/250] CORRECT | truth=94180.0000 pred=94180.0 | which result follows from the difference between cost of goo...
  [145/250] CORRECT | truth=667765.0000 pred=667765.0 | you should calculate the the maximum of total equity for Tit...
  [146/250] CORRECT | truth=105547.0000 pred=112305.0 | may you give the current assets for Orion Financial Group in...
  [147/250] CORRECT | truth=514684.0000 pred=514684.0 | whats the value of the the minimum of revenue for ClearPath ...
  [148/250] CORRECT | truth=46058.6667 pred=46055.33 | Evaluate the average short term investments for SilverLine R...
  [149/250] CORRECT | truth=73911.0000 pred=73911.0 | Determine the longterm liabilities for Quantum Bridge Holdin...
  [150/250] WRONG  | truth=365161.0000 pred=248925.0 | Calculate the longterm assets for SilverLine Retail Inc in 2...
  [151/250] WRONG  | truth=18818.5992 pred=290115.75 | May you calculate the result of cost of goods sold scaled by...
  [152/250] WRONG  | truth=1944.0000 pred=6279.0 | compute the the minimum of capex for Quantum Bridge Holdings...
  [153/250] CORRECT | truth=80320.0000 pred=80320.0 | whats the value of the the maximum of non operating expenses...
  [154/250] WRONG  | truth=11133.5000 pred=23547.0 | give the average cash for Orion Financial Group across years...
  [155/250] CORRECT | truth=58929.0000 pred=57792.0 | May you calculate the longterm assets for NovaStar Technolog...
  [156/250] WRONG  | truth=257258.0000 pred=175308.0 | which value corresponds to the sum of cost of goods sold and...
  [157/250] CORRECT | truth=19238.0000 pred=19238.0 | evaluate the the minimum of inventories for SilverLine Retai...
  [158/250] CORRECT | truth=9946.0000 pred=9946.0 | what do we obtain as the the minimum of current liabilities ...
  [159/250] CORRECT | truth=12267.9645 pred=12267.815309474116 | what is the value of the result of revenue scaled by income ...
  [160/250] CORRECT | truth=90881.3001 pred=86204.23 | Calculate the sum of cash and result of accounts receivable ...
  [161/250] CORRECT | truth=9338.0000 pred=9338.0 | Determine the longterm assets for Pinnacle Health Group in 2...
  [162/250] WRONG  | truth=32958.0000 pred=69665.0 | what's the value of the the minimum of cost of goods sold fo...
  [163/250] WRONG  | truth=105291.0000 pred=None | which value corresponds to the current assets for Helix BioS...
  [164/250] WRONG  | truth=4436.5000 pred=5530.5 | provide the average dividends paid for Pacific Crest Energy ...
  [165/250] CORRECT | truth=18704.0000 pred=18704.0 | what's the value of the gross profit for Atlas Global Indust...
  [166/250] WRONG  | truth=89176.0000 pred=152160.0 | what does the following give: longterm liabilities for Crims...
  [167/250] CORRECT | truth=4243.0000 pred=4243.0 | What do we obtain as the the minimum of operating expenses f...
  [168/250] CORRECT | truth=4610.0000 pred=4610.0 | Compute the the maximum of capex for Quantum Bridge Holdings...
  [169/250] CORRECT | truth=81319.0000 pred=81319.0 | Which result follows from the the maximum of non operating e...
  [170/250] CORRECT | truth=153259.0000 pred=153259.0 | What's the value of the the maximum of cash for ClearPath Lo...
  [171/250] WRONG  | truth=738806.0000 pred=154307.0 | Evaluate the longterm assets for Titan Consumer Brands in 20...
  [172/250] WRONG  | truth=347918.7040 pred=0.9564928315018305 | compute the result of the maximum of total liabilities for Q...
  [173/250] WRONG  | truth=90090.0000 pred=-113910.0 | Compute the sum of short term investments and sum of capex a...
  [174/250] WRONG  | truth=218465.2762 pred=2013.6670675837704 | which value corresponds to the result of cost of goods sold ...
  [175/250] WRONG  | truth=52659.0000 pred=41884.0 | which quantity is given by the longterm liabilities for Iron...
  [176/250] CORRECT | truth=2433.0000 pred=2433.0 | Give the the minimum of inventories for Orion Financial Grou...
  [177/250] WRONG  | truth=161980.3333 pred=None | you should calculate the average revenue for NovaStar Techno...
  [178/250] CORRECT | truth=190812.0000 pred=190812.0 | what do we obtain as the gross profit for Crimson Pharmaceut...
  [179/250] CORRECT | truth=338824.0000 pred=347347.0 | Evaluate the the maximum of current liabilities for Titan Co...
  [180/250] CORRECT | truth=3545.0000 pred=3545.0 | State the the maximum of current liabilities for Pinnacle He...
  [181/250] WRONG  | truth=191823.0000 pred=164531.0 | You should give the longterm assets for Helix BioSciences in...
  [182/250] CORRECT | truth=29206.0000 pred=29206.0 | you should give the difference between total liabilities and...
  [183/250] CORRECT | truth=39655.0000 pred=42709.0 | What do we obtain as the longterm assets for Cobalt Semicond...
  [184/250] WRONG  | truth=25711.8000 pred=31137.2 | You should calculate the average capex for Titan Consumer Br...
  [185/250] CORRECT | truth=37697.0000 pred=37697.0 | You should give the the maximum of short term investments fo...
  [186/250] CORRECT | truth=63474.0000 pred=63474.0 | could you give the current assets for Meridian Systems Inc i...
  [187/250] WRONG  | truth=90766.0000 pred=-49070.0 | could you give the longterm assets for Meridian Systems Inc ...
  [188/250] CORRECT | truth=67087.0000 pred=67087.0 | which result follows from the the minimum of current liabili...
  [189/250] CORRECT | truth=116077.0000 pred=116077.0 | What is the longterm assets for Apex Dynamics Corp in 2021?...
  [190/250] CORRECT | truth=16862.0000 pred=16862.0 | Could you give the the maximum of capex for Meridian Systems...
  [191/250] WRONG  | truth=4121.0000 pred=295198.0 | determine the longterm liabilities for Pinnacle Health Group...
  [192/250] WRONG  | truth=61721.6000 pred=52605.8 | may you calculate the average current liabilities for NovaSt...
  [193/250] WRONG  | truth=26227.0000 pred=46187.0 | which quantity is given by the the maximum of operating expe...
  [194/250] WRONG  | truth=120414.0000 pred=54586.0 | may you calculate the sum of the maximum of short term inves...
  [195/250] WRONG  | truth=2433.0000 pred=1915.0 | May you give the the minimum of inventories for Orion Financ...
  [196/250] WRONG  | truth=146468.1015 pred=370817.1415019516 | which value corresponds to the sum of result of total assets...
  [197/250] CORRECT | truth=24174.0000 pred=24174.0 | Compute the the maximum of cash for Quantum Bridge Holdings ...
  [198/250] WRONG  | truth=519861.0000 pred=632705.0 | Which result follows from the sum of current assets for Iron...
  [199/250] CORRECT | truth=111555.0000 pred=111555.0 | Could you give the the minimum of total assets for Meridian ...
  [200/250] CORRECT | truth=49619.0000 pred=49619.0 | You should calculate the the minimum of accounts receivable ...
  [201/250] CORRECT | truth=24816.0000 pred=25816.0 | What would be the longterm liabilities for Cobalt Semiconduc...
  [202/250] CORRECT | truth=908620.0000 pred=908620.0 | whats the value of the the maximum of total assets for Clear...
  [203/250] WRONG  | truth=298268.0000 pred=152850.0 | which quantity is given by the current assets for Ironclad M...
  [204/250] CORRECT | truth=54234.0000 pred=54234.0 | which quantity is given by the the maximum of accounts recei...
  [205/250] WRONG  | truth=33968.0000 pred=0.09061548 | which quantity is given by the pretax income for Meridian Sy...
  [206/250] WRONG  | truth=17245.5319 pred=343042.8139750504 | Whats the value of the sum of inventories and result of cape...
  [207/250] WRONG  | truth=16067.6000 pred=11263.6 | What is the average cash for Apex Dynamics Corp across years...
  [208/250] CORRECT | truth=333815.0000 pred=333815.0 | Calculate the sum of dividends paid for SilverLine Retail In...
  [209/250] WRONG  | truth=26780.0000 pred=False | determine the current assets for Quantum Bridge Holdings in ...
  [210/250] WRONG  | truth=63844.0000 pred=50586.0 | determine the result of sum of short term investments and to...
  [211/250] CORRECT | truth=0.0000 pred=0.0 | Determine the the minimum of dividends paid for Pinnacle Hea...
  [212/250] CORRECT | truth=92100.0000 pred=92100.0 | what is the sum of total equity and total liabilities for Ap...
  [213/250] CORRECT | truth=4078.0000 pred=4078.0 | What's the value of the the minimum of capex for Atlas Globa...
  [214/250] WRONG  | truth=20956.0000 pred=27542.0 | Which quantity is given by the the maximum of accounts recei...
  [215/250] CORRECT | truth=100534.0000 pred=100534.0 | May you calculate the gross profit for NovaStar Technologies...
  [216/250] WRONG  | truth=12599.0000 pred=25369.6 | Whats the value of the average inventories for ClearPath Log...
  [217/250] CORRECT | truth=491917.0000 pred=491917.0 | evaluate the sum of revenue and inventories for Titan Consum...
  [218/250] CORRECT | truth=10253.0000 pred=11121.0 | Determine the sum of gross profit for Pinnacle Health Group ...
  [219/250] WRONG  | truth=-146.0000 pred=-49573.0 | what do we obtain as the difference between short term inves...
  [220/250] CORRECT | truth=142085.0000 pred=142085.0 | May you give the the maximum of revenue for Orion Financial ...
  [221/250] WRONG  | truth=26780.0000 pred=58549.0 | Compute the current assets for Quantum Bridge Holdings in 20...
  [222/250] CORRECT | truth=244.0000 pred=244.0 | May you calculate the the minimum of dividends paid for Nova...
  [223/250] CORRECT | truth=244372.0000 pred=241916.0 | evaluate the current assets for Titan Consumer Brands in 202...
  [224/250] WRONG  | truth=622.8451 pred=8899.0 | what is the value of the result of the maximum of short term...
  [225/250] WRONG  | truth=66578.0000 pred=75647.0 | could you give the current assets for Meridian Systems Inc i...
  [226/250] WRONG  | truth=1406906.5049 pred=0.1026 | You should calculate the result of result of cost of goods s...
  [227/250] CORRECT | truth=38365.0000 pred=38365.0 | you should give the sum of capex for Quantum Bridge Holdings...
  [228/250] CORRECT | truth=225815.0000 pred=225815.0 | Evaluate the the maximum of cash for Titan Consumer Brands u...
  [229/250] WRONG  | truth=246467.3333 pred=0.22106338584365076 | what's the value of the sum of ratio of sum of sum of short ...
  [230/250] CORRECT | truth=17636.0000 pred=17636.0 | What is the average short term investments for Apex Dynamics...
  [231/250] WRONG  | truth=26424.0000 pred=198366.42 | may you give the average operating expenses for NovaStar Tec...
  [232/250] CORRECT | truth=7268.0000 pred=7029.0 | state the longterm liabilities for Pinnacle Health Group in ...
  [233/250] CORRECT | truth=225815.0000 pred=225815.0 | You should calculate the the maximum of cash for Titan Consu...
  [234/250] CORRECT | truth=111555.0000 pred=111555.0 | could you give the the minimum of total assets for Meridian ...
  [235/250] CORRECT | truth=65648.0000 pred=65648.0 | Provide the pretax income for Pacific Crest Energy in 2022...
  [236/250] CORRECT | truth=41405.0000 pred=41405.0 | which value corresponds to the the minimum of cash for Helix...
  [237/250] CORRECT | truth=514684.0000 pred=514684.0 | whats the value of the the minimum of revenue for ClearPath ...
  [238/250] WRONG  | truth=68614.0000 pred=False | give the current assets for Orion Financial Group in 2023 ....
  [239/250] CORRECT | truth=403472.0000 pred=403472.0 | what's the value of the the minimum of total assets for Clea...
  [240/250] WRONG  | truth=6435.3776 pred=6.446583831126919 | What does the following give: result of dividends paid scale...
  [241/250] WRONG  | truth=-56026.0000 pred=90063.0 | which value corresponds to the difference between longterm l...
  [242/250] CORRECT | truth=1151.4000 pred=1151.4 | What do we obtain as the average dividends paid for Cobalt S...
  [243/250] WRONG  | truth=18152.0000 pred=221593.0 | state the longterm liabilities for Pinnacle Health Group in ...
  [244/250] WRONG  | truth=0.0000 pred=774.0 | Provide the difference between dividends paid and dividends ...
  [245/250] CORRECT | truth=64613.0000 pred=64613.0 | which quantity is given by the longterm assets for Meridian ...
  [246/250] WRONG  | truth=39883.0000 pred=24761.0 | whats the value of the the minimum of non operating expenses...
  [247/250] CORRECT | truth=8553.0000 pred=8553.0 | you should give the the minimum of capex for Helix BioScienc...
  [248/250] CORRECT | truth=74147.0000 pred=74147.0 | what do we obtain as the difference between cash and invento...
  [249/250] WRONG  | truth=559374.0329 pred=620429.6957518564 | which quantity is given by the sum of sum of current assets ...
  [250/250] WRONG  | truth=10900.0000 pred=57954.0 | State the current assets for Pinnacle Health Group in 2025 ....

============================================================
  Model: Qwen/Qwen3.5-9B
============================================================
  10-Q      : 0/0  accuracy = 0.0%  (skipped 0)
  90-Q      : 138/250  accuracy = 55.2%  (skipped 0)
  Multi-turn: 0/0  accuracy = 0.0%  (skipped 0)
  Overall   : 138/250  accuracy = 55.2%
============================================================

Results saved to output_llm/Qwen3.5-9B_20260804_233402.json
CSV saved to output_llm/eval_results_20260804_233402.csv
<===== new run swiss-ai/Apertus-v1.5-8B				 =======>
90Q are Sheet: /output/financial_spreadsheet.json
90Q are Questions: /output/original_questions.json
Loading datasets...
  90-Q: 250 questions, 15 companies

============================================================
  Evaluating model: swiss-ai/Apertus-v1.5-8B
============================================================

-- 90-Q evaluation (250 questions) --
  [1/250] CORRECT | truth=4121.0000 pred=4121.0 | state the longterm liabilities for Pinnacle Health Group in ...
  [2/250] CORRECT | truth=397455.0000 pred=397455.0 | which result follows from the the maximum of revenue for Iro...
  [3/250] CORRECT | truth=97934.0000 pred=97934.0 | Could you give the gross profit for Meridian Systems Inc in ...
  [4/250] CORRECT | truth=3457059.1800 pred=3571178.85 | Could you give the result of sum of the maximum of cost of g...
  [5/250] WRONG  | truth=56416.0000 pred=-40635.0 | What's the value of the gross profit for Atlas Global Indust...
  [6/250] CORRECT | truth=408.0000 pred=408.0 | what do we obtain as the the minimum of dividends paid for C...
  [7/250] WRONG  | truth=30746.0000 pred=72696.5 | what would be the average cost of goods sold for Cobalt Semi...
  [8/250] CORRECT | truth=7573.0000 pred=7573.0 | What is the value of the the maximum of capex for Apex Dynam...
  [9/250] WRONG  | truth=107172.0000 pred=415823.0 | Whats the value of the operating income for ClearPath Logist...
  [10/250] WRONG  | truth=42626.0000 pred=91983.0 | you should calculate the the maximum of operating expenses f...
  [11/250] CORRECT | truth=273650.0000 pred=273650.0 | Calculate the longterm liabilities for SilverLine Retail Inc...
  [12/250] WRONG  | truth=56605.0000 pred=121218.0 | could you give the current assets for Meridian Systems Inc i...
  [13/250] WRONG  | truth=155193.0000 pred=112562.0 | Which value corresponds to the the maximum of total equity f...
  [14/250] WRONG  | truth=1222876.2308 pred=3897714.99 | what do we obtain as the result of longterm assets for Cobal...
  [15/250] WRONG  | truth=637517.0000 pred=378306.0 | calculate the the minimum of total assets for SilverLine Ret...
  [16/250] WRONG  | truth=33297.0000 pred=18106.0 | may you calculate the the minimum of cash for NovaStar Techn...
  [17/250] WRONG  | truth=320375.0000 pred=127016.0 | Whats the value of the gross profit for ClearPath Logistics ...
  [18/250] WRONG  | truth=134393.0000 pred=158674.0 | Whats the value of the sum of current liabilities and accoun...
  [19/250] WRONG  | truth=4553.0000 pred=3451.0 | State the sum of cash for Pinnacle Health Group in 2020 and ...
  [20/250] CORRECT | truth=25460.0000 pred=25460.0 | What do we obtain as the sum of total equity and operating e...
  [21/250] WRONG  | truth=13123.0000 pred=78103.2 | Determine the average cash for Quantum Bridge Holdings acros...
  [22/250] WRONG  | truth=2727.6702 pred=174049.9 | Provide the result of accounts receivable scaled by income t...
  [23/250] WRONG  | truth=39678.0000 pred=19839.0 | You should give the sum of current assets and current assets...
  [24/250] WRONG  | truth=9802.0000 pred=5002.0 | what's the value of the the maximum of inventories for Clear...
  [25/250] WRONG  | truth=469144.0000 pred=281362.0 | Could you give the sum of difference between total equity an...
  [26/250] CORRECT | truth=49297.0000 pred=49297.0 | compute the gross profit for Quantum Bridge Holdings in 2022...
  [27/250] CORRECT | truth=617154.0000 pred=617154.0 | Calculate the the maximum of revenue for SilverLine Retail I...
  [28/250] WRONG  | truth=450039.0000 pred=False | evaluate the longterm assets for SilverLine Retail Inc in 20...
  [29/250] WRONG  | truth=110922.0000 pred=79615800.0 | what do we obtain as the average current liabilities for Cri...
  [30/250] CORRECT | truth=0.0000 pred=0.0 | what is the the minimum of dividends paid for Apex Dynamics ...
  [31/250] WRONG  | truth=130009.0000 pred=368281.0 | which quantity is given by the the minimum of cost of goods ...
  [32/250] CORRECT | truth=79708.0000 pred=79429.0 | which quantity is given by the result of total assets scaled...
  [33/250] CORRECT | truth=51479.8000 pred=51279.8 | What's the value of the average accounts receivable for Clea...
  [34/250] CORRECT | truth=18827.7220 pred=19092.44 | determine the result of sum of difference between dividends ...
  [35/250] WRONG  | truth=210814.0000 pred=123639.0 | Provide the sum of total equity and operating income for Pac...
  [36/250] WRONG  | truth=179128.0000 pred=375825.0 | Which value corresponds to the sum of operating expenses and...
  [37/250] CORRECT | truth=72411.0000 pred=72411.0 | Could you give the gross profit for Meridian Systems Inc in ...
  [38/250] WRONG  | truth=10261.0000 pred=80451.0 | Give the the minimum of accounts receivable for Pacific Cres...
  [39/250] WRONG  | truth=18251.0000 pred=287898.0 | What would be the difference between total equity and short ...
  [40/250] CORRECT | truth=252172.0000 pred=254319.0 | which result follows from the sum of revenue for Helix BioSc...
  [41/250] WRONG  | truth=130516.0000 pred=False | Which value corresponds to the current assets for Helix BioS...
  [42/250] WRONG  | truth=48015.0000 pred=1165138.0 | What is the value of the current assets for Atlas Global Ind...
  [43/250] WRONG  | truth=32600.0000 pred=213345.0 | What is the value of the the maximum of current liabilities ...
  [44/250] CORRECT | truth=28424.0000 pred=28424.0 | what does the following give: the maximum of dividends paid ...
  [45/250] WRONG  | truth=14696.0000 pred=29057.0 | what would be the pretax income for Cobalt Semiconductor in ...
  [46/250] WRONG  | truth=158898.0000 pred=63198.0 | Whats the value of the current assets for ClearPath Logistic...
  [47/250] CORRECT | truth=15989.0000 pred=15989.0 | provide the the maximum of short term investments for Pacifi...
  [48/250] CORRECT | truth=49864.2500 pred=49864.25 | what's the value of the average cost of goods sold for Atlas...
  [49/250] CORRECT | truth=91935.5000 pred=91935.5 | what do we obtain as the average operating expenses for Crim...
  [50/250] CORRECT | truth=26424.0000 pred=26424.0 | You should give the average operating expenses for NovaStar ...
  [51/250] CORRECT | truth=3475.0000 pred=3475.0 | State the the maximum of short term investments for Pinnacle...
  [52/250] CORRECT | truth=196241.0000 pred=196241.0 | Calculate the longterm liabilities for SilverLine Retail Inc...
  [53/250] WRONG  | truth=30468.6000 pred=35396.2 | Could you give the average cash for Meridian Systems Inc acr...
  [54/250] CORRECT | truth=353846.0000 pred=353846.0 | You should calculate the longterm liabilities for Titan Cons...
  [55/250] CORRECT | truth=827261.0000 pred=821168.0 | calculate the the maximum of revenue for SilverLine Retail I...
  [56/250] WRONG  | truth=32213.5000 pred=316867.5 | determine the average cost of goods sold for Quantum Bridge ...
  [57/250] WRONG  | truth=32022.0000 pred=67863.0 | give the longterm assets for Orion Financial Group in 2020 ....
  [58/250] WRONG  | truth=922.0000 pred=1477.0 | what would be the the minimum of short term investments for ...
  [59/250] WRONG  | truth=21828.0000 pred=16030.0 | Provide the the minimum of non operating expenses for Pacifi...
  [60/250] WRONG  | truth=41540.0000 pred=132031.0 | may you give the the maximum of current liabilities for Orio...
  [61/250] WRONG  | truth=23084.0000 pred=False | What would be the longterm liabilities for Cobalt Semiconduc...
  [62/250] WRONG  | truth=240166.0000 pred=78070.0 | you should calculate the current assets for ClearPath Logist...
  [63/250] WRONG  | truth=8830.5000 pred=4191.5 | May you calculate the average short term investments for Nov...
  [64/250] WRONG  | truth=296099.0000 pred=67540.0 | Evaluate the current assets for Titan Consumer Brands in 202...
  [65/250] WRONG  | truth=562.0000 pred=25664.0 | state the the minimum of capex for Pinnacle Health Group usi...
  [66/250] WRONG  | truth=12753.0000 pred=37697.0 | give the the maximum of short term investments for Orion Fin...
  [67/250] WRONG  | truth=544517.0000 pred=458918.0 | What does the following give: sum of the maximum of operatin...
  [68/250] CORRECT | truth=32332.0000 pred=32322.0 | You should calculate the the minimum of cost of goods sold f...
  [69/250] WRONG  | truth=320375.0000 pred=56416.0 | What's the value of the gross profit for ClearPath Logistics...
  [70/250] CORRECT | truth=12539.0000 pred=12745.0 | state the sum of cost of goods sold and accounts receivable ...
  [71/250] WRONG  | truth=50204.8524 pred=2566.0 | whats the value of the result of non operating expenses scal...
  [72/250] WRONG  | truth=83579.0000 pred=267446.0 | may you calculate the gross profit for NovaStar Technologies...
  [73/250] CORRECT | truth=129984.0000 pred=129984.0 | Evaluate the operating income for Titan Consumer Brands in 2...
  [74/250] WRONG  | truth=133504.0000 pred=516553.0 | Which quantity is given by the gross profit for Ironclad Man...
  [75/250] WRONG  | truth=60467.0000 pred=22804.83 | you should calculate the pretax income for Titan Consumer Br...
  [76/250] WRONG  | truth=1006.0000 pred=59502.0 | State the the minimum of inventories for Pinnacle Health Gro...
  [77/250] WRONG  | truth=81189.0000 pred=633177.333 | what's the value of the average total assets for Atlas Globa...
  [78/250] CORRECT | truth=58519.6667 pred=58519.67 | calculate the average accounts receivable for SilverLine Ret...
  [79/250] WRONG  | truth=827261.0000 pred=687937.0 | compute the the maximum of revenue for SilverLine Retail Inc...
  [80/250] WRONG  | truth=102595.0000 pred=254814.0 | May you calculate the current assets for NovaStar Technologi...
  [81/250] CORRECT | truth=54740.0000 pred=54740.0 | What does the following give: average accounts receivable fo...
  [82/250] WRONG  | truth=405.0000 pred=0.0 | provide the the minimum of dividends paid for Pacific Crest ...
  [83/250] WRONG  | truth=719.0000 pred=21435.0 | state the the minimum of short term investments for Pinnacle...
  [84/250] CORRECT | truth=32271.3333 pred=31182.0 | provide the average operating expenses for Pacific Crest Ene...
  [85/250] WRONG  | truth=27059.0000 pred=37059.0 | what is the the maximum of short term investments for Apex D...
  [86/250] WRONG  | truth=-5625.0000 pred=9385.0 | what is the pretax income for Apex Dynamics Corp in 2024?...
  [87/250] WRONG  | truth=158898.0000 pred=66524.0 | whats the value of the current assets for ClearPath Logistic...
  [88/250] CORRECT | truth=539015.0000 pred=539015.0 | calculate the sum of capex and total assets for SilverLine R...
  [89/250] CORRECT | truth=12076.0000 pred=12076.0 | Determine the the maximum of dividends paid for Quantum Brid...
  [90/250] WRONG  | truth=78856.0000 pred=62805.0 | What is the value of the the minimum of revenue for Apex Dyn...
  [91/250] WRONG  | truth=59865.0000 pred=97839.0 | compute the the maximum of short term investments for Silver...
  [92/250] CORRECT | truth=200467.0000 pred=200467.0 | what does the following give: gross profit for Crimson Pharm...
  [93/250] CORRECT | truth=5493.0000 pred=5493.0 | state the result of total assets scaled by ratio of total eq...
  [94/250] CORRECT | truth=17393.0000 pred=17393.0 | what is the difference between short term investments and no...
  [95/250] CORRECT | truth=164327.0000 pred=164327.0 | Evaluate the current assets for Titan Consumer Brands in 202...
  [96/250] CORRECT | truth=96911.5000 pred=96911.5 | what is the value of the average total assets for Atlas Glob...
  [97/250] WRONG  | truth=80034.0000 pred=295658.33 | may you give the average total liabilities for Orion Financi...
  [98/250] WRONG  | truth=145373.0000 pred=234572.0 | Could you give the longterm assets for Meridian Systems Inc ...
  [99/250] WRONG  | truth=111691.0000 pred=148589.0 | You should give the longterm assets for Apex Dynamics Corp i...
  [100/250] WRONG  | truth=112935.0000 pred=False | what does the following give: longterm assets for Helix BioS...
  [101/250] CORRECT | truth=414636.0000 pred=414636.0 | may you calculate the sum of revenue and total assets for No...
  [102/250] WRONG  | truth=384907.0000 pred=29590.0 | You should calculate the sum of the minimum of operating exp...
  [103/250] WRONG  | truth=129.0000 pred=0.0 | compute the the minimum of dividends paid for Quantum Bridge...
  [104/250] CORRECT | truth=183099.0000 pred=183099.0 | Provide the the minimum of total assets for Pacific Crest En...
  [105/250] CORRECT | truth=2200.5696 pred=2199.0 | whats the value of the result of difference between cash and...
  [106/250] CORRECT | truth=39977.0000 pred=39977.0 | What is the gross profit for Apex Dynamics Corp in 2020?...
  [107/250] CORRECT | truth=836.0000 pred=836.0 | Give the average dividends paid for Orion Financial Group ac...
  [108/250] WRONG  | truth=21463.0000 pred=33644.5 | You should calculate the average inventories for Titan Consu...
  [109/250] CORRECT | truth=298268.0000 pred=298268.0 | which quantity is given by the current assets for Ironclad M...
  [110/250] WRONG  | truth=17917.0000 pred=169244.0 | Compute the the maximum of operating expenses for Quantum Br...
  [111/250] WRONG  | truth=378544.0000 pred=None | Whats the value of the longterm liabilities for ClearPath Lo...
  [112/250] WRONG  | truth=757557.0000 pred=499181.0 | you should calculate the the maximum of total liabilities fo...
  [113/250] WRONG  | truth=9003.5000 pred=15847.75 | Could you give the average inventories for Meridian Systems ...
  [114/250] WRONG  | truth=29590.0000 pred=44603.0 | you should give the the minimum of operating expenses for Ir...
  [115/250] CORRECT | truth=196241.0000 pred=196241.0 | calculate the longterm liabilities for SilverLine Retail Inc...
  [116/250] WRONG  | truth=2062.0000 pred=18106.0 | determine the the minimum of cash for Pinnacle Health Group ...
  [117/250] WRONG  | truth=18737.0000 pred=117808.0 | Determine the the maximum of operating expenses for Quantum ...
  [118/250] WRONG  | truth=134669.0000 pred=-111028.0 | Which result follows from the pretax income for Ironclad Man...
  [119/250] WRONG  | truth=464758.0000 pred=315442.0 | Which result follows from the the maximum of total equity fo...
  [120/250] WRONG  | truth=106681.0000 pred=68036.67 | State the sum of the maximum of capex for Pacific Crest Ener...
  [121/250] WRONG  | truth=24816.0000 pred=False | what would be the longterm liabilities for Cobalt Semiconduc...
  [122/250] CORRECT | truth=270988.0000 pred=286149.0 | what do we obtain as the average total equity for Crimson Ph...
  [123/250] WRONG  | truth=5901.0000 pred=183662.0 | state the operating income for Pinnacle Health Group in 2023...
  [124/250] CORRECT | truth=19965.0000 pred=19965.0 | give the the minimum of total liabilities for Orion Financia...
  [125/250] CORRECT | truth=38883.2000 pred=38250.25 | Which value corresponds to the average cash for Helix BioSci...
  [126/250] CORRECT | truth=32211.0000 pred=32211.0 | What's the value of the gross profit for Atlas Global Indust...
  [127/250] WRONG  | truth=5062.5399 pred=482.6167679613639 | What does the following give: result of inventories scaled b...
  [128/250] WRONG  | truth=4900.0000 pred=6493.0 | compute the average short term investments for Quantum Bridg...
  [129/250] CORRECT | truth=89176.0000 pred=89176.0 | what does the following give: longterm liabilities for Crims...
  [130/250] CORRECT | truth=2582.0000 pred=2582.0 | state the average cash for Pinnacle Health Group across year...
  [131/250] CORRECT | truth=-25506.0000 pred=-25506.0 | You should calculate the difference between capex and curren...
  [132/250] WRONG  | truth=3819.0000 pred=70101.0 | May you give the difference between current assets and longt...
  [133/250] CORRECT | truth=153784.6000 pred=157784.6 | give the average total assets for Orion Financial Group acro...
  [134/250] WRONG  | truth=10268.7500 pred=21690.75 | which quantity is given by the average capex for Meridian Sy...
  [135/250] WRONG  | truth=62496.0000 pred=104036.0 | Give the longterm liabilities for Orion Financial Group in 2...
  [136/250] WRONG  | truth=97839.0000 pred=33790.0 | Which result follows from the the maximum of short term inve...
  [137/250] CORRECT | truth=24015.0000 pred=24015.0 | Compute the gross profit for Quantum Bridge Holdings in 2021...
  [138/250] WRONG  | truth=166680.0000 pred=69533.0 | May you calculate the sum of cost of goods sold and cost of ...
  [139/250] WRONG  | truth=39822.3333 pred=4042.666666666667 | Give the average total liabilities for Orion Financial Group...
  [140/250] WRONG  | truth=307082.0000 pred=390495.0 | What does the following give: sum of operating income and co...
  [141/250] CORRECT | truth=3408.5801 pred=3248.59 | which result follows from the result of operating expenses s...
  [142/250] WRONG  | truth=562.0000 pred=6853.0 | state the the maximum of capex for Pinnacle Health Group usi...
  [143/250] WRONG  | truth=36694.0000 pred=492228.0 | Determine the longterm assets for Quantum Bridge Holdings in...
  [144/250] CORRECT | truth=94180.0000 pred=94180.0 | which result follows from the difference between cost of goo...
  [145/250] CORRECT | truth=667765.0000 pred=667765.0 | you should calculate the the maximum of total equity for Tit...
  [146/250] WRONG  | truth=105547.0000 pred=58304.0 | may you give the current assets for Orion Financial Group in...
  [147/250] WRONG  | truth=514684.0000 pred=340508.0 | whats the value of the the minimum of revenue for ClearPath ...
  [148/250] WRONG  | truth=46058.6667 pred=78381.3333 | Evaluate the average short term investments for SilverLine R...
  [149/250] WRONG  | truth=73911.0000 pred=114282.0 | Determine the longterm liabilities for Quantum Bridge Holdin...
  [150/250] WRONG  | truth=365161.0000 pred=637517.0 | Calculate the longterm assets for SilverLine Retail Inc in 2...
  [151/250] CORRECT | truth=18818.5992 pred=18812.79 | May you calculate the result of cost of goods sold scaled by...
  [152/250] WRONG  | truth=1944.0000 pred=8174.0 | compute the the minimum of capex for Quantum Bridge Holdings...
  [153/250] WRONG  | truth=80320.0000 pred=131277.0 | whats the value of the the maximum of non operating expenses...
  [154/250] CORRECT | truth=11133.5000 pred=11133.5 | give the average cash for Orion Financial Group across years...
  [155/250] WRONG  | truth=58929.0000 pred=False | May you calculate the longterm assets for NovaStar Technolog...
  [156/250] WRONG  | truth=257258.0000 pred=False | which value corresponds to the sum of cost of goods sold and...
  [157/250] WRONG  | truth=19238.0000 pred=8045.0 | evaluate the the minimum of inventories for SilverLine Retai...
  [158/250] CORRECT | truth=9946.0000 pred=9946.0 | what do we obtain as the the minimum of current liabilities ...
  [159/250] CORRECT | truth=12267.9645 pred=12286.28 | what is the value of the result of revenue scaled by income ...
  [160/250] WRONG  | truth=90881.3001 pred=17145.42 | Calculate the sum of cash and result of accounts receivable ...
  [161/250] WRONG  | truth=9338.0000 pred=14445.0 | Determine the longterm assets for Pinnacle Health Group in 2...
  [162/250] WRONG  | truth=32958.0000 pred=432076.0 | what's the value of the the minimum of cost of goods sold fo...
  [163/250] WRONG  | truth=105291.0000 pred=False | which value corresponds to the current assets for Helix BioS...
  [164/250] CORRECT | truth=4436.5000 pred=4436.5 | provide the average dividends paid for Pacific Crest Energy ...
  [165/250] CORRECT | truth=18704.0000 pred=18704.0 | what's the value of the gross profit for Atlas Global Indust...
  [166/250] WRONG  | truth=89176.0000 pred=False | what does the following give: longterm liabilities for Crims...
  [167/250] CORRECT | truth=4243.0000 pred=4243.0 | What do we obtain as the the minimum of operating expenses f...
  [168/250] WRONG  | truth=4610.0000 pred=24547.0 | Compute the the maximum of capex for Quantum Bridge Holdings...
  [169/250] WRONG  | truth=81319.0000 pred=27761.0 | Which result follows from the the maximum of non operating e...
  [170/250] CORRECT | truth=153259.0000 pred=153259.0 | What's the value of the the maximum of cash for ClearPath Lo...
  [171/250] CORRECT | truth=738806.0000 pred=738206.0 | Evaluate the longterm assets for Titan Consumer Brands in 20...
  [172/250] CORRECT | truth=347918.7040 pred=369170.0 | compute the result of the maximum of total liabilities for Q...
  [173/250] WRONG  | truth=90090.0000 pred=581239.0 | Compute the sum of short term investments and sum of capex a...
  [174/250] WRONG  | truth=218465.2762 pred=51726.0 | which value corresponds to the result of cost of goods sold ...
  [175/250] WRONG  | truth=52659.0000 pred=0.0 | which quantity is given by the longterm liabilities for Iron...
  [176/250] WRONG  | truth=2433.0000 pred=5922.0 | Give the the minimum of inventories for Orion Financial Grou...
  [177/250] WRONG  | truth=161980.3333 pred=36124.67 | you should calculate the average revenue for NovaStar Techno...
  [178/250] CORRECT | truth=190812.0000 pred=190812.0 | what do we obtain as the gross profit for Crimson Pharmaceut...
  [179/250] CORRECT | truth=338824.0000 pred=338824.0 | Evaluate the the maximum of current liabilities for Titan Co...
  [180/250] CORRECT | truth=3545.0000 pred=3545.0 | State the the maximum of current liabilities for Pinnacle He...
  [181/250] WRONG  | truth=191823.0000 pred=301282.0 | You should give the longterm assets for Helix BioSciences in...
  [182/250] CORRECT | truth=29206.0000 pred=29206.0 | you should give the difference between total liabilities and...
  [183/250] CORRECT | truth=39655.0000 pred=41961.0 | What do we obtain as the longterm assets for Cobalt Semicond...
  [184/250] CORRECT | truth=25711.8000 pred=25733.8 | You should calculate the average capex for Titan Consumer Br...
  [185/250] WRONG  | truth=37697.0000 pred=8237.0 | You should give the the maximum of short term investments fo...
  [186/250] WRONG  | truth=63474.0000 pred=108437.0 | could you give the current assets for Meridian Systems Inc i...
  [187/250] WRONG  | truth=90766.0000 pred=157344.0 | could you give the longterm assets for Meridian Systems Inc ...
  [188/250] WRONG  | truth=67087.0000 pred=29887.0 | which result follows from the the minimum of current liabili...
  [189/250] WRONG  | truth=116077.0000 pred=94215.0 | What is the longterm assets for Apex Dynamics Corp in 2021?...
  [190/250] WRONG  | truth=16862.0000 pred=34132.0 | Could you give the the maximum of capex for Meridian Systems...
  [191/250] WRONG  | truth=4121.0000 pred=7666.0 | determine the longterm liabilities for Pinnacle Health Group...
  [192/250] WRONG  | truth=61721.6000 pred=133391.4 | may you calculate the average current liabilities for NovaSt...
  [193/250] CORRECT | truth=26227.0000 pred=26227.0 | which quantity is given by the the maximum of operating expe...
  [194/250] CORRECT | truth=120414.0000 pred=129703.0 | may you calculate the sum of the maximum of short term inves...
  [195/250] CORRECT | truth=2433.0000 pred=2433.0 | May you give the the minimum of inventories for Orion Financ...
  [196/250] WRONG  | truth=146468.1015 pred=74217813.31065853 | which value corresponds to the sum of result of total assets...
  [197/250] WRONG  | truth=24174.0000 pred=14184.0 | Compute the the maximum of cash for Quantum Bridge Holdings ...
  [198/250] WRONG  | truth=519861.0000 pred=331114.0 | Which result follows from the sum of current assets for Iron...
  [199/250] CORRECT | truth=111555.0000 pred=111555.0 | Could you give the the minimum of total assets for Meridian ...
  [200/250] WRONG  | truth=49619.0000 pred=36229.0 | You should calculate the the minimum of accounts receivable ...
  [201/250] WRONG  | truth=24816.0000 pred=False | What would be the longterm liabilities for Cobalt Semiconduc...
  [202/250] CORRECT | truth=908620.0000 pred=915627.0 | whats the value of the the maximum of total assets for Clear...
  [203/250] CORRECT | truth=298268.0000 pred=298278.0 | which quantity is given by the current assets for Ironclad M...
  [204/250] CORRECT | truth=54234.0000 pred=54234.0 | which quantity is given by the the maximum of accounts recei...
  [205/250] WRONG  | truth=33968.0000 pred=43868.0 | which quantity is given by the pretax income for Meridian Sy...
  [206/250] CORRECT | truth=17245.5319 pred=17235.38 | Whats the value of the sum of inventories and result of cape...
  [207/250] CORRECT | truth=16067.6000 pred=15007.6 | What is the average cash for Apex Dynamics Corp across years...
  [208/250] WRONG  | truth=333815.0000 pred=0.0 | Calculate the sum of dividends paid for SilverLine Retail In...
  [209/250] WRONG  | truth=26780.0000 pred=3877.0 | determine the current assets for Quantum Bridge Holdings in ...
  [210/250] WRONG  | truth=63844.0000 pred=142977.0 | determine the result of sum of short term investments and to...
  [211/250] CORRECT | truth=0.0000 pred=0.0 | Determine the the minimum of dividends paid for Pinnacle Hea...
  [212/250] CORRECT | truth=92100.0000 pred=92090.0 | what is the sum of total equity and total liabilities for Ap...
  [213/250] WRONG  | truth=4078.0000 pred=562.0 | What's the value of the the minimum of capex for Atlas Globa...
  [214/250] CORRECT | truth=20956.0000 pred=20956.0 | Which quantity is given by the the maximum of accounts recei...
  [215/250] WRONG  | truth=100534.0000 pred=282140.0 | May you calculate the gross profit for NovaStar Technologies...
  [216/250] CORRECT | truth=12599.0000 pred=13713.33 | Whats the value of the average inventories for ClearPath Log...
  [217/250] CORRECT | truth=491917.0000 pred=491917.0 | evaluate the sum of revenue and inventories for Titan Consum...
  [218/250] CORRECT | truth=10253.0000 pred=9547.0 | Determine the sum of gross profit for Pinnacle Health Group ...
  [219/250] CORRECT | truth=-146.0000 pred=-146.0 | what do we obtain as the difference between short term inves...
  [220/250] CORRECT | truth=142085.0000 pred=142085.0 | May you give the the maximum of revenue for Orion Financial ...
  [221/250] WRONG  | truth=26780.0000 pred=23927.0 | Compute the current assets for Quantum Bridge Holdings in 20...
  [222/250] CORRECT | truth=244.0000 pred=244.0 | May you calculate the the minimum of dividends paid for Nova...
  [223/250] CORRECT | truth=244372.0000 pred=243772.0 | evaluate the current assets for Titan Consumer Brands in 202...
  [224/250] WRONG  | truth=622.8451 pred=1891.756 | what is the value of the result of the maximum of short term...
  [225/250] WRONG  | truth=66578.0000 pred=707950.0 | could you give the current assets for Meridian Systems Inc i...
  [226/250] WRONG  | truth=1406906.5049 pred=39477.18 | You should calculate the result of result of cost of goods s...
  [227/250] WRONG  | truth=38365.0000 pred=55090.0 | you should give the sum of capex for Quantum Bridge Holdings...
  [228/250] CORRECT | truth=225815.0000 pred=225815.0 | Evaluate the the maximum of cash for Titan Consumer Brands u...
  [229/250] WRONG  | truth=246467.3333 pred=0.065247 | what's the value of the sum of ratio of sum of sum of short ...
  [230/250] CORRECT | truth=17636.0000 pred=17636.0 | What is the average short term investments for Apex Dynamics...
  [231/250] WRONG  | truth=26424.0000 pred=17453.0 | may you give the average operating expenses for NovaStar Tec...
  [232/250] WRONG  | truth=7268.0000 pred=10116.0 | state the longterm liabilities for Pinnacle Health Group in ...
  [233/250] CORRECT | truth=225815.0000 pred=225815.0 | You should calculate the the maximum of cash for Titan Consu...
  [234/250] CORRECT | truth=111555.0000 pred=111555.0 | could you give the the minimum of total assets for Meridian ...
  [235/250] CORRECT | truth=65648.0000 pred=64748.0 | Provide the pretax income for Pacific Crest Energy in 2022...
  [236/250] WRONG  | truth=41405.0000 pred=10033.0 | which value corresponds to the the minimum of cash for Helix...
  [237/250] CORRECT | truth=514684.0000 pred=514684.0 | whats the value of the the minimum of revenue for ClearPath ...
  [238/250] WRONG  | truth=68614.0000 pred=263222.0 | give the current assets for Orion Financial Group in 2023 ....
  [239/250] CORRECT | truth=403472.0000 pred=403472.0 | what's the value of the the minimum of total assets for Clea...
  [240/250] CORRECT | truth=6435.3776 pred=6431.361456 | What does the following give: result of dividends paid scale...
  [241/250] WRONG  | truth=-56026.0000 pred=90063.0 | which value corresponds to the difference between longterm l...
  [242/250] CORRECT | truth=1151.4000 pred=1143.8 | What do we obtain as the average dividends paid for Cobalt S...
  [243/250] WRONG  | truth=18152.0000 pred=28203.0 | state the longterm liabilities for Pinnacle Health Group in ...
  [244/250] CORRECT | truth=0.0000 pred=0.0 | Provide the difference between dividends paid and dividends ...
  [245/250] WRONG  | truth=64613.0000 pred=False | which quantity is given by the longterm assets for Meridian ...
  [246/250] CORRECT | truth=39883.0000 pred=39883.0 | whats the value of the the minimum of non operating expenses...
  [247/250] CORRECT | truth=8553.0000 pred=8988.0 | you should give the the minimum of capex for Helix BioScienc...
  [248/250] CORRECT | truth=74147.0000 pred=74147.0 | what do we obtain as the difference between cash and invento...
  [249/250] WRONG  | truth=559374.0329 pred=399982.0 | which quantity is given by the sum of sum of current assets ...
  [250/250] WRONG  | truth=10900.0000 pred=41213.0 | State the current assets for Pinnacle Health Group in 2025 ....

============================================================
  Model: swiss-ai/Apertus-v1.5-8B
============================================================
  10-Q      : 0/0  accuracy = 0.0%  (skipped 0)
  90-Q      : 105/250  accuracy = 42.0%  (skipped 0)
  Multi-turn: 0/0  accuracy = 0.0%  (skipped 0)
  Overall   : 105/250  accuracy = 42.0%
============================================================

Results saved to output_llm/Apertus-v1.5-8B_20260804_234227.json
CSV saved to output_llm/eval_results_20260804_234227.csv
<===== new run pearl-ai/gemma-4-31b-it =======>
90Q are Sheet: /output/financial_spreadsheet.json
90Q are Questions: /output/original_questions.json
Loading datasets...
  90-Q: 250 questions, 15 companies

============================================================
  Evaluating model: pearl-ai/gemma-4-31b-it
============================================================

-- 90-Q evaluation (250 questions) --
  [1/250] CORRECT | truth=4121.0000 pred=4121.0 | state the longterm liabilities for Pinnacle Health Group in ...
  [2/250] CORRECT | truth=397455.0000 pred=397455.0 | which result follows from the the maximum of revenue for Iro...
  [3/250] CORRECT | truth=97934.0000 pred=97934.0 | Could you give the gross profit for Meridian Systems Inc in ...
Traceback (most recent call last):
  File ".venv/lib/python3.14/site-packages/httpx/_transports/default.py", line 101, in map_httpcore_exceptions
    yield
  File ".venv/lib/python3.14/site-packages/httpx/_transports/default.py", line 250, in handle_request
    resp = self._pool.handle_request(req)
  File ".venv/lib/python3.14/site-packages/httpcore/_sync/connection_pool.py", line 256, in handle_request
    raise exc from None
  File ".venv/lib/python3.14/site-packages/httpcore/_sync/connection_pool.py", line 236, in handle_request
    response = connection.handle_request(
        pool_request.request
    )
  File ".venv/lib/python3.14/site-packages/httpcore/_sync/connection.py", line 103, in handle_request
    return self._connection.handle_request(request)
           ~~~~~~~~~~~~~~~~~~~~~~~~~~~~~~~^^^^^^^^^
  File ".venv/lib/python3.14/site-packages/httpcore/_sync/http11.py", line 136, in handle_request
    raise exc
  File ".venv/lib/python3.14/site-packages/httpcore/_sync/http11.py", line 106, in handle_request
    ) = self._receive_response_headers(**kwargs)
        ~~~~~~~~~~~~~~~~~~~~~~~~~~~~~~^^^^^^^^^^
  File ".venv/lib/python3.14/site-packages/httpcore/_sync/http11.py", line 177, in _receive_response_headers
    event = self._receive_event(timeout=timeout)
  File ".venv/lib/python3.14/site-packages/httpcore/_sync/http11.py", line 217, in _receive_event
    data = self._network_stream.read(
        self.READ_NUM_BYTES, timeout=timeout
    )
  File ".venv/lib/python3.14/site-packages/httpcore/_backends/sync.py", line 126, in read
    with map_exceptions(exc_map):
         ~~~~~~~~~~~~~~^^^^^^^^^
  File "/Library/Frameworks/Python.framework/Versions/3.14/lib/python3.14/contextlib.py", line 162, in __exit__
    self.gen.throw(value)
    ~~~~~~~~~~~~~~^^^^^^^
  File ".venv/lib/python3.14/site-packages/httpcore/_exceptions.py", line 14, in map_exceptions
    raise to_exc(exc) from exc
httpcore.ReadTimeout: The read operation timed out

The above exception was the direct cause of the following exception:

Traceback (most recent call last):
  File ".venv/lib/python3.14/site-packages/together/_base_client.py", line 1015, in request
    response = self._client.send(
        request,
        stream=stream or self._should_stream_response_body(request=request),
        **kwargs,
    )
  File ".venv/lib/python3.14/site-packages/httpx/_client.py", line 914, in send
    response = self._send_handling_auth(
        request,
    ...<2 lines>...
        history=[],
    )
  File ".venv/lib/python3.14/site-packages/httpx/_client.py", line 942, in _send_handling_auth
    response = self._send_handling_redirects(
        request,
        follow_redirects=follow_redirects,
        history=history,
    )
  File ".venv/lib/python3.14/site-packages/httpx/_client.py", line 979, in _send_handling_redirects
    response = self._send_single_request(request)
  File ".venv/lib/python3.14/site-packages/httpx/_client.py", line 1014, in _send_single_request
    response = transport.handle_request(request)
  File ".venv/lib/python3.14/site-packages/httpx/_transports/default.py", line 249, in handle_request
    with map_httpcore_exceptions():
         ~~~~~~~~~~~~~~~~~~~~~~~^^
  File "/Library/Frameworks/Python.framework/Versions/3.14/lib/python3.14/contextlib.py", line 162, in __exit__
    self.gen.throw(value)
    ~~~~~~~~~~~~~~^^^^^^^
  File ".venv/lib/python3.14/site-packages/httpx/_transports/default.py", line 118, in map_httpcore_exceptions
    raise mapped_exc(message) from exc
httpx.ReadTimeout: The read operation timed out

The above exception was the direct cause of the following exception:

Traceback (most recent call last):
  File "", line 846, in <module>
    main()
    ~~~~^^
  File "", line 784, in main
    results_90q = evaluate_90q(
        questions_90q, sheet_lookup_90q, model_name,
        limit=args.limit, tol=args.tol, max_new_tokens=args.max_new_tokens,
    )
  File "", line 412, in evaluate_90q
    response = run_inference(model_name, prompt, max_new_tokens)
  File "", line 265, in run_inference
    response = _client.chat.completions.create(
        model=model_name,
    ...<5 lines>...
        extra_body={"chat_template_kwargs": {"enable_thinking": False}},
    )
  File ".venv/lib/python3.14/site-packages/together/_utils/_utils.py", line 294, in wrapper
    return func(*args, **kwargs)
  File ".venv/lib/python3.14/site-packages/together/resources/chat/completions.py", line 523, in create
    return self._post(
           ~~~~~~~~~~^
        "/chat/completions",
        ^^^^^^^^^^^^^^^^^^^^
    ...<39 lines>...
        stream_cls=Stream[ChatCompletionChunk],
        ^^^^^^^^^^^^^^^^^^^^^^^^^^^^^^^^^^^^^^^
    )
    ^
  File ".venv/lib/python3.14/site-packages/together/_base_client.py", line 1292, in post
    return cast(ResponseT, self.request(cast_to, opts, stream=stream, stream_cls=stream_cls))
                           ~~~~~~~~~~~~^^^^^^^^^^^^^^^^^^^^^^^^^^^^^^^^^^^^^^^^^^^^^^^^^^^^^
  File ".venv/lib/python3.14/site-packages/together/_base_client.py", line 1033, in request
    raise APITimeoutError(request=request) from err
together.APITimeoutError: Request timed out.
