question_id,depth,question,expression,expression_json,template_expression,answer,template_depth_requested,template_actual_depth,bound_expression_depth,tree_seed,binding_seed,master_seed,derived_prob,template_internal_nodes,template_leaf_slots,bound_leaf_count,leaf_1_key,leaf_1_concept,leaf_1_label,leaf_1_entity,leaf_1_period,leaf_1_unit,leaf_1_value,leaf_2_key,leaf_2_concept,leaf_2_label,leaf_2_entity,leaf_2_period,leaf_2_unit,leaf_2_value,leaf_3_key,leaf_3_concept,leaf_3_label,leaf_3_entity,leaf_3_period,leaf_3_unit,leaf_3_value,leaf_4_key,leaf_4_concept,leaf_4_label,leaf_4_entity,leaf_4_period,leaf_4_unit,leaf_4_value,leaf_5_key,leaf_5_concept,leaf_5_label,leaf_5_entity,leaf_5_period,leaf_5_unit,leaf_5_value,leaf_6_key,leaf_6_concept,leaf_6_label,leaf_6_entity,leaf_6_period,leaf_6_unit,leaf_6_value,leaf_7_key,leaf_7_concept,leaf_7_label,leaf_7_entity,leaf_7_period,leaf_7_unit,leaf_7_value,leaf_8_key,leaf_8_concept,leaf_8_label,leaf_8_entity,leaf_8_period,leaf_8_unit,leaf_8_value,leaf_9_key,leaf_9_concept,leaf_9_label,leaf_9_entity,leaf_9_period,leaf_9_unit,leaf_9_value,leaf_10_key,leaf_10_concept,leaf_10_label,leaf_10_entity,leaf_10_period,leaf_10_unit,leaf_10_value,leaf_11_key,leaf_11_concept,leaf_11_label,leaf_11_entity,leaf_11_period,leaf_11_unit,leaf_11_value,leaf_12_key,leaf_12_concept,leaf_12_label,leaf_12_entity,leaf_12_period,leaf_12_unit,leaf_12_value,leaf_13_key,leaf_13_concept,leaf_13_label,leaf_13_entity,leaf_13_period,leaf_13_unit,leaf_13_value,leaf_14_key,leaf_14_concept,leaf_14_label,leaf_14_entity,leaf_14_period,leaf_14_unit,leaf_14_value
3,1,"Could you give the maximum of shares used basic for MTX from Nine Months Ended October 31, 2024 to Nine Months Ended October 31, 2025?","max(5451_shares_used_basic_prior_year_ytd, 5450_shares_used_basic_current_ytd)","{""op"": ""max"", ""left"": {""leaf"": ""5451_shares_used_basic_prior_year_ytd"", ""depth"": 0}, ""right"": {""leaf"": ""5450_shares_used_basic_current_ytd"", ""depth"": 0}, ""depth"": 1}","{""kind"": ""time_agg"", ""op"": ""max"", ""depth"": 0}",3560619.0,1,0,1,50590821,924602213,42,0.176,0,1,2,5451_shares_used_basic_prior_year_ytd,shares_used_basic,shares used basic,MTX,"Nine Months Ended October 31, 2024",M_shares,3560619.0,5450_shares_used_basic_current_ytd,shares_used_basic,shares used basic,MTX,"Nine Months Ended October 31, 2025",M_shares,3468717.0,,,,,,,,,,,,,,,,,,,,,,,,,,,,,,,,,,,,,,,,,,,,,,,,,,,,,,,,,,,,,,,,,,,,,,,,,,,,,,,,,,,,
5,1,"state the minimum of proceeds from maturities of securities for VTL from Three Months Ended April 30, 2024 to Three Months Ended April 30, 2025","min(103_proceeds_from_maturities_of_securities_prior_ytd, 102_proceeds_from_maturities_of_securities_current_ytd)","{""op"": ""min"", ""left"": {""leaf"": ""103_proceeds_from_maturities_of_securities_prior_ytd"", ""depth"": 0}, ""right"": {""leaf"": ""102_proceeds_from_maturities_of_securities_current_ytd"", ""depth"": 0}, ""depth"": 1}","{""kind"": ""time_agg"", ""op"": ""min"", ""depth"": 0}",21.0,3,0,1,365260635,119778234,42,0.317,0,1,2,103_proceeds_from_maturities_of_securities_prior_ytd,proceeds_from_maturities_of_securities,proceeds from maturities of securities,VTL,"Three Months Ended April 30, 2024",M_USD,21.0,102_proceeds_from_maturities_of_securities_current_ytd,proceeds_from_maturities_of_securities,proceeds from maturities of securities,VTL,"Three Months Ended April 30, 2025",M_USD,21.0,,,,,,,,,,,,,,,,,,,,,,,,,,,,,,,,,,,,,,,,,,,,,,,,,,,,,,,,,,,,,,,,,,,,,,,,,,,,,,,,,,,,
6,1,"May you calculate the minimum of gross profit for PLX from Nine Months Ended July 31, 2025 to Nine Months Ended July 31, 2026","min(4217_gross_profit_prior_year_ytd, 4216_gross_profit_current_ytd)","{""op"": ""min"", ""left"": {""leaf"": ""4217_gross_profit_prior_year_ytd"", ""depth"": 0}, ""right"": {""leaf"": ""4216_gross_profit_current_ytd"", ""depth"": 0}, ""depth"": 1}","{""kind"": ""time_agg"", ""op"": ""min"", ""depth"": 0}",35763.0,5,0,1,818150683,191825997,42,0.556,0,1,2,4217_gross_profit_prior_year_ytd,gross_profit,gross profit,PLX,"Nine Months Ended July 31, 2025",M_USD,35763.0,4216_gross_profit_current_ytd,gross_profit,gross profit,PLX,"Nine Months Ended July 31, 2026",M_USD,36276.0,,,,,,,,,,,,,,,,,,,,,,,,,,,,,,,,,,,,,,,,,,,,,,,,,,,,,,,,,,,,,,,,,,,,,,,,,,,,,,,,,,,,
8,1,"whats the value of the maximum of net income for CRX from Three Months Ended January 31, 2025 to Three Months Ended January 31, 2026 ?","max(4533_net_income_prior_year_quarter, 4532_net_income_current_quarter)","{""op"": ""max"", ""left"": {""leaf"": ""4533_net_income_prior_year_quarter"", ""depth"": 0}, ""right"": {""leaf"": ""4532_net_income_current_quarter"", ""depth"": 0}, ""depth"": 1}","{""kind"": ""time_agg"", ""op"": ""max"", ""depth"": 0}",15405.0,1,0,1,204451095,101281557,42,0.429,0,1,2,4533_net_income_prior_year_quarter,net_income,net income,CRX,"Three Months Ended January 31, 2025",M_USD,15405.0,4532_net_income_current_quarter,net_income,net income,CRX,"Three Months Ended January 31, 2026",M_USD,14889.0,,,,,,,,,,,,,,,,,,,,,,,,,,,,,,,,,,,,,,,,,,,,,,,,,,,,,,,,,,,,,,,,,,,,,,,,,,,,,,,,,,,,
16,1,"what's the value of the free cash flow for CLD in Three Months Ended April 30, 2024 ?",free_cash_flow,"{""derived"": ""free_cash_flow"", ""expanded"": {""op"": ""sum"", ""left"": {""leaf"": ""3205_net_cash_from_operating_prior_ytd"", ""depth"": 0}, ""right"": {""leaf"": ""3207_capital_expenditures_prior_ytd"", ""depth"": 0}, ""depth"": 1}, ""depth"": 1}","{""kind"": ""derived_concept"", ""name"": ""free_cash_flow"", ""depth"": 0}",1742.0,5,0,1,86748119,345864933,42,0.174,0,1,2,3205_net_cash_from_operating_prior_ytd,net_cash_from_operating,net cash from operating,CLD,"Three Months Ended April 30, 2024",M_USD,2354.0,3207_capital_expenditures_prior_ytd,capital_expenditures,capital expenditures,CLD,"Three Months Ended April 30, 2024",M_USD,-612.0,,,,,,,,,,,,,,,,,,,,,,,,,,,,,,,,,,,,,,,,,,,,,,,,,,,,,,,,,,,,,,,,,,,,,,,,,,,,,,,,,,,,
17,1,"Evaluate the minimum of shares used basic for GBL from Three Months Ended April 30, 2024 to Three Months Ended April 30, 2025.","min(6875_shares_used_basic_prior_year_quarter, 6874_shares_used_basic_current_quarter)","{""op"": ""min"", ""left"": {""leaf"": ""6875_shares_used_basic_prior_year_quarter"", ""depth"": 0}, ""right"": {""leaf"": ""6874_shares_used_basic_current_quarter"", ""depth"": 0}, ""depth"": 1}","{""kind"": ""time_agg"", ""op"": ""min"", ""depth"": 0}",242006.0,5,0,1,135497187,295296179,42,0.417,0,1,2,6875_shares_used_basic_prior_year_quarter,shares_used_basic,shares used basic,GBL,"Three Months Ended April 30, 2024",M_shares,242006.0,6874_shares_used_basic_current_quarter,shares_used_basic,shares used basic,GBL,"Three Months Ended April 30, 2025",M_shares,245000.0,,,,,,,,,,,,,,,,,,,,,,,,,,,,,,,,,,,,,,,,,,,,,,,,,,,,,,,,,,,,,,,,,,,,,,,,,,,,,,,,,,,,
18,1,"compute the minimum of depreciation and amortization for FIN from Three Months Ended April 30, 2024 to Three Months Ended April 30, 2025","min(4153_depreciation_and_amortization_prior_ytd, 4152_depreciation_and_amortization_current_ytd)","{""op"": ""min"", ""left"": {""leaf"": ""4153_depreciation_and_amortization_prior_ytd"", ""depth"": 0}, ""right"": {""leaf"": ""4152_depreciation_and_amortization_current_ytd"", ""depth"": 0}, ""depth"": 1}","{""kind"": ""time_agg"", ""op"": ""min"", ""depth"": 0}",258.0,3,0,1,588793237,764668242,42,0.29,0,1,2,4153_depreciation_and_amortization_prior_ytd,depreciation_and_amortization,depreciation and amortization,FIN,"Three Months Ended April 30, 2024",M_USD,270.0,4152_depreciation_and_amortization_current_ytd,depreciation_and_amortization,depreciation and amortization,FIN,"Three Months Ended April 30, 2025",M_USD,258.0,,,,,,,,,,,,,,,,,,,,,,,,,,,,,,,,,,,,,,,,,,,,,,,,,,,,,,,,,,,,,,,,,,,,,,,,,,,,,,,,,,,,
21,1,"What do we obtain as the maximum of prepaid expenses and other for FAB from December 31, 2024 to July 31, 2025","max(3851_prepaid_expenses_and_other_prior_fy_end, 3850_prepaid_expenses_and_other_current_quarter_end)","{""op"": ""max"", ""left"": {""leaf"": ""3851_prepaid_expenses_and_other_prior_fy_end"", ""depth"": 0}, ""right"": {""leaf"": ""3850_prepaid_expenses_and_other_current_quarter_end"", ""depth"": 0}, ""depth"": 1}","{""kind"": ""time_agg"", ""op"": ""max"", ""depth"": 0}",706.0,5,0,1,846237594,108599066,42,0.485,0,1,2,3851_prepaid_expenses_and_other_prior_fy_end,prepaid_expenses_and_other,prepaid expenses and other,FAB,"December 31, 2024",M_USD,706.0,3850_prepaid_expenses_and_other_current_quarter_end,prepaid_expenses_and_other,prepaid expenses and other,FAB,"July 31, 2025",M_USD,695.0,,,,,,,,,,,,,,,,,,,,,,,,,,,,,,,,,,,,,,,,,,,,,,,,,,,,,,,,,,,,,,,,,,,,,,,,,,,,,,,,,,,,
22,1,"Whats the value of the gross profit for CRZ in Three Months Ended October 31, 2025 ?",gross_profit,"{""derived"": ""gross_profit"", ""expanded"": {""op"": ""diff"", ""left"": {""leaf"": ""4974_total_revenues_current_quarter"", ""depth"": 0}, ""right"": {""leaf"": ""4978_cost_of_sales_current_quarter"", ""depth"": 0}, ""depth"": 1}, ""depth"": 1}","{""kind"": ""derived_concept"", ""name"": ""gross_profit"", ""depth"": 0}",2787.0,2,0,1,72541521,370228863,42,0.466,0,1,2,4974_total_revenues_current_quarter,total_revenues,total revenues,CRZ,"Three Months Ended October 31, 2025",M_USD,8561.0,4978_cost_of_sales_current_quarter,cost_of_sales,cost of sales,CRZ,"Three Months Ended October 31, 2025",M_USD,5774.0,,,,,,,,,,,,,,,,,,,,,,,,,,,,,,,,,,,,,,,,,,,,,,,,,,,,,,,,,,,,,,,,,,,,,,,,,,,,,,,,,,,,
23,1,"What is the value of the maximum of shares used diluted for BRX from Six Months Ended July 31, 2024 to Six Months Ended July 31, 2025","max(609_shares_used_diluted_prior_year_ytd, 608_shares_used_diluted_current_ytd)","{""op"": ""max"", ""left"": {""leaf"": ""609_shares_used_diluted_prior_year_ytd"", ""depth"": 0}, ""right"": {""leaf"": ""608_shares_used_diluted_current_ytd"", ""depth"": 0}, ""depth"": 1}","{""kind"": ""time_agg"", ""op"": ""max"", ""depth"": 0}",2178710.0,1,0,1,357039137,143247463,42,0.276,0,1,2,609_shares_used_diluted_prior_year_ytd,shares_used_diluted,shares used diluted,BRX,"Six Months Ended July 31, 2024",M_shares,2178710.0,608_shares_used_diluted_current_ytd,shares_used_diluted,shares used diluted,BRX,"Six Months Ended July 31, 2025",M_shares,2176654.0,,,,,,,,,,,,,,,,,,,,,,,,,,,,,,,,,,,,,,,,,,,,,,,,,,,,,,,,,,,,,,,,,,,,,,,,,,,,,,,,,,,,
25,1,"give the maximum of shares used basic for SUP from Three Months Ended April 30, 2024 to Three Months Ended April 30, 2025","max(1079_shares_used_basic_prior_year_quarter, 1078_shares_used_basic_current_quarter)","{""op"": ""max"", ""left"": {""leaf"": ""1079_shares_used_basic_prior_year_quarter"", ""depth"": 0}, ""right"": {""leaf"": ""1078_shares_used_basic_current_quarter"", ""depth"": 0}, ""depth"": 1}","{""kind"": ""time_agg"", ""op"": ""max"", ""depth"": 0}",760000.0,4,0,1,702506364,722113500,42,0.243,0,1,2,1079_shares_used_basic_prior_year_quarter,shares_used_basic,shares used basic,SUP,"Three Months Ended April 30, 2024",M_shares,726297.0,1078_shares_used_basic_current_quarter,shares_used_basic,shares used basic,SUP,"Three Months Ended April 30, 2025",M_shares,760000.0,,,,,,,,,,,,,,,,,,,,,,,,,,,,,,,,,,,,,,,,,,,,,,,,,,,,,,,,,,,,,,,,,,,,,,,,,,,,,,,,,,,,
26,1,"which value corresponds to the minimum of proceeds from stock option exercises for IND from Three Months Ended April 30, 2024 to Three Months Ended April 30, 2025","min(1199_proceeds_from_stock_option_exercises_prior_ytd, 1198_proceeds_from_stock_option_exercises_current_ytd)","{""op"": ""min"", ""left"": {""leaf"": ""1199_proceeds_from_stock_option_exercises_prior_ytd"", ""depth"": 0}, ""right"": {""leaf"": ""1198_proceeds_from_stock_option_exercises_current_ytd"", ""depth"": 0}, ""depth"": 1}","{""kind"": ""time_agg"", ""op"": ""min"", ""depth"": 0}",147.0,1,0,1,8780419,909644407,42,0.315,0,1,2,1199_proceeds_from_stock_option_exercises_prior_ytd,proceeds_from_stock_option_exercises,proceeds from stock option exercises,IND,"Three Months Ended April 30, 2024",M_USD,171.0,1198_proceeds_from_stock_option_exercises_current_ytd,proceeds_from_stock_option_exercises,proceeds from stock option exercises,IND,"Three Months Ended April 30, 2025",M_USD,147.0,,,,,,,,,,,,,,,,,,,,,,,,,,,,,,,,,,,,,,,,,,,,,,,,,,,,,,,,,,,,,,,,,,,,,,,,,,,,,,,,,,,,
29,1,"Which result follows from the minimum of depreciation and amortization for MDI from Nine Months Ended October 31, 2024 to Nine Months Ended October 31, 2025","min(5573_depreciation_and_amortization_prior_ytd, 5572_depreciation_and_amortization_current_ytd)","{""op"": ""min"", ""left"": {""leaf"": ""5573_depreciation_and_amortization_prior_ytd"", ""depth"": 0}, ""right"": {""leaf"": ""5572_depreciation_and_amortization_current_ytd"", ""depth"": 0}, ""depth"": 1}","{""kind"": ""time_agg"", ""op"": ""min"", ""depth"": 0}",2138.0,3,0,1,374524558,601818966,42,0.244,0,1,2,5573_depreciation_and_amortization_prior_ytd,depreciation_and_amortization,depreciation and amortization,MDI,"Nine Months Ended October 31, 2024",M_USD,2138.0,5572_depreciation_and_amortization_current_ytd,depreciation_and_amortization,depreciation and amortization,MDI,"Nine Months Ended October 31, 2025",M_USD,2418.0,,,,,,,,,,,,,,,,,,,,,,,,,,,,,,,,,,,,,,,,,,,,,,,,,,,,,,,,,,,,,,,,,,,,,,,,,,,,,,,,,,,,
31,1,"Could you give the maximum of shares used basic for NVH from Three Months Ended October 31, 2024 to Three Months Ended October 31, 2025 ?","max(6723_shares_used_basic_prior_year_quarter, 6722_shares_used_basic_current_quarter)","{""op"": ""max"", ""left"": {""leaf"": ""6723_shares_used_basic_prior_year_quarter"", ""depth"": 0}, ""right"": {""leaf"": ""6722_shares_used_basic_current_quarter"", ""depth"": 0}, ""depth"": 1}","{""kind"": ""time_agg"", ""op"": ""max"", ""depth"": 0}",2370000.0,4,0,1,87907572,564258474,42,0.364,0,1,2,6723_shares_used_basic_prior_year_quarter,shares_used_basic,shares used basic,NVH,"Three Months Ended October 31, 2024",M_shares,2269314.0,6722_shares_used_basic_current_quarter,shares_used_basic,shares used basic,NVH,"Three Months Ended October 31, 2025",M_shares,2370000.0,,,,,,,,,,,,,,,,,,,,,,,,,,,,,,,,,,,,,,,,,,,,,,,,,,,,,,,,,,,,,,,,,,,,,,,,,,,,,,,,,,,,
32,1,"Determine the minimum of proceeds from stock option exercises for WHL from Six Months Ended July 31, 2024 to Six Months Ended July 31, 2025","min(7429_proceeds_from_stock_option_exercises_prior_ytd, 7428_proceeds_from_stock_option_exercises_current_ytd)","{""op"": ""min"", ""left"": {""leaf"": ""7429_proceeds_from_stock_option_exercises_prior_ytd"", ""depth"": 0}, ""right"": {""leaf"": ""7428_proceeds_from_stock_option_exercises_current_ytd"", ""depth"": 0}, ""depth"": 1}","{""kind"": ""time_agg"", ""op"": ""min"", ""depth"": 0}",46.0,2,0,1,576234459,160902774,42,0.264,0,1,2,7429_proceeds_from_stock_option_exercises_prior_ytd,proceeds_from_stock_option_exercises,proceeds from stock option exercises,WHL,"Six Months Ended July 31, 2024",M_USD,61.0,7428_proceeds_from_stock_option_exercises_current_ytd,proceeds_from_stock_option_exercises,proceeds from stock option exercises,WHL,"Six Months Ended July 31, 2025",M_USD,46.0,,,,,,,,,,,,,,,,,,,,,,,,,,,,,,,,,,,,,,,,,,,,,,,,,,,,,,,,,,,,,,,,,,,,,,,,,,,,,,,,,,,,
33,1,"calculate the gross profit for MRT in Three Months Ended April 30, 2025 .",gross_profit,"{""derived"": ""gross_profit"", ""expanded"": {""op"": ""diff"", ""left"": {""leaf"": ""1556_total_revenues_current_quarter"", ""depth"": 0}, ""right"": {""leaf"": ""1558_cost_of_sales_current_quarter"", ""depth"": 0}, ""depth"": 1}, ""depth"": 1}","{""kind"": ""derived_concept"", ""name"": ""gross_profit"", ""depth"": 0}",23540.0,3,0,1,256979659,592790631,42,0.488,0,1,2,1556_total_revenues_current_quarter,total_revenues,total revenues,MRT,"Three Months Ended April 30, 2025",M_USD,83208.0,1558_cost_of_sales_current_quarter,cost_of_sales,cost of sales,MRT,"Three Months Ended April 30, 2025",M_USD,59668.0,,,,,,,,,,,,,,,,,,,,,,,,,,,,,,,,,,,,,,,,,,,,,,,,,,,,,,,,,,,,,,,,,,,,,,,,,,,,,,,,,,,,
34,1,"What would be the minimum of total non current liabilities for CRZ from December 31, 2024 to October 31, 2025 ?","min(5057_total_non_current_liabilities_prior_fy_end, 5056_total_non_current_liabilities_current_quarter_end)","{""op"": ""min"", ""left"": {""leaf"": ""5057_total_non_current_liabilities_prior_fy_end"", ""depth"": 0}, ""right"": {""leaf"": ""5056_total_non_current_liabilities_current_quarter_end"", ""depth"": 0}, ""depth"": 1}","{""kind"": ""time_agg"", ""op"": ""min"", ""depth"": 0}",6044.0,3,0,1,331165907,280849661,42,0.356,0,1,2,5057_total_non_current_liabilities_prior_fy_end,total_non_current_liabilities,total non current liabilities,CRZ,"December 31, 2024",M_USD,6044.0,5056_total_non_current_liabilities_current_quarter_end,total_non_current_liabilities,total non current liabilities,CRZ,"October 31, 2025",M_USD,6307.0,,,,,,,,,,,,,,,,,,,,,,,,,,,,,,,,,,,,,,,,,,,,,,,,,,,,,,,,,,,,,,,,,,,,,,,,,,,,,,,,,,,,
37,1,"What does the following give: maximum of long term marketable securities for GLP from December 31, 2024 to October 31, 2025","max(6949_long_term_marketable_securities_prior_fy_end, 6948_long_term_marketable_securities_current_quarter_end)","{""op"": ""max"", ""left"": {""leaf"": ""6949_long_term_marketable_securities_prior_fy_end"", ""depth"": 0}, ""right"": {""leaf"": ""6948_long_term_marketable_securities_current_quarter_end"", ""depth"": 0}, ""depth"": 1}","{""kind"": ""time_agg"", ""op"": ""max"", ""depth"": 0}",6258.0,4,0,1,684205125,880428452,42,0.137,0,1,2,6949_long_term_marketable_securities_prior_fy_end,long_term_marketable_securities,long term marketable securities,GLP,"December 31, 2024",M_USD,5573.0,6948_long_term_marketable_securities_current_quarter_end,long_term_marketable_securities,long term marketable securities,GLP,"October 31, 2025",M_USD,6258.0,,,,,,,,,,,,,,,,,,,,,,,,,,,,,,,,,,,,,,,,,,,,,,,,,,,,,,,,,,,,,,,,,,,,,,,,,,,,,,,,,,,,
38,1,"Which quantity is given by the maximum of shares used diluted for MRT from Three Months Ended April 30, 2024 to Three Months Ended April 30, 2025?","max(1669_shares_used_diluted_prior_year_quarter, 1668_shares_used_diluted_current_quarter)","{""op"": ""max"", ""left"": {""leaf"": ""1669_shares_used_diluted_prior_year_quarter"", ""depth"": 0}, ""right"": {""leaf"": ""1668_shares_used_diluted_current_quarter"", ""depth"": 0}, ""depth"": 1}","{""kind"": ""time_agg"", ""op"": ""max"", ""depth"": 0}",5265923.0,4,0,1,338238241,994329973,42,0.45,0,1,2,1669_shares_used_diluted_prior_year_quarter,shares_used_diluted,shares used diluted,MRT,"Three Months Ended April 30, 2024",M_shares,5265923.0,1668_shares_used_diluted_current_quarter,shares_used_diluted,shares used diluted,MRT,"Three Months Ended April 30, 2025",M_shares,5165000.0,,,,,,,,,,,,,,,,,,,,,,,,,,,,,,,,,,,,,,,,,,,,,,,,,,,,,,,,,,,,,,,,,,,,,,,,,,,,,,,,,,,,
41,1,"what is the maximum of provision for income taxes for BLD from Six Months Ended July 31, 2024 to Six Months Ended July 31, 2025","max(2673_provision_for_income_taxes_prior_year_ytd, 2672_provision_for_income_taxes_current_ytd)","{""op"": ""max"", ""left"": {""leaf"": ""2673_provision_for_income_taxes_prior_year_ytd"", ""depth"": 0}, ""right"": {""leaf"": ""2672_provision_for_income_taxes_current_ytd"", ""depth"": 0}, ""depth"": 1}","{""kind"": ""time_agg"", ""op"": ""max"", ""depth"": 0}",460.0,5,0,1,966856259,554928450,42,0.439,0,1,2,2673_provision_for_income_taxes_prior_year_ytd,provision_for_income_taxes,provision for income taxes,BLD,"Six Months Ended July 31, 2024",M_USD,460.0,2672_provision_for_income_taxes_current_ytd,provision_for_income_taxes,provision for income taxes,BLD,"Six Months Ended July 31, 2025",M_USD,414.0,,,,,,,,,,,,,,,,,,,,,,,,,,,,,,,,,,,,,,,,,,,,,,,,,,,,,,,,,,,,,,,,,,,,,,,,,,,,,,,,,,,,
42,1,"What would be the free cash flow for DTA in Three Months Ended April 30, 2025",free_cash_flow,"{""derived"": ""free_cash_flow"", ""expanded"": {""op"": ""sum"", ""left"": {""leaf"": ""4452_net_cash_from_operating_current_ytd"", ""depth"": 0}, ""right"": {""leaf"": ""4454_capital_expenditures_current_ytd"", ""depth"": 0}, ""depth"": 1}, ""depth"": 1}","{""kind"": ""derived_concept"", ""name"": ""free_cash_flow"", ""depth"": 0}",1877.0,4,0,1,465694083,680202067,42,0.302,0,1,2,4452_net_cash_from_operating_current_ytd,net_cash_from_operating,net cash from operating,DTA,"Three Months Ended April 30, 2025",M_USD,3568.0,4454_capital_expenditures_current_ytd,capital_expenditures,capital expenditures,DTA,"Three Months Ended April 30, 2025",M_USD,-1691.0,,,,,,,,,,,,,,,,,,,,,,,,,,,,,,,,,,,,,,,,,,,,,,,,,,,,,,,,,,,,,,,,,,,,,,,,,,,,,,,,,,,,
43,1,"What do we obtain as the sum of total revenues and gross profit for FAB in Six Months Ended July 31, 2025 ?","sum(3796_total_revenues_current_ytd, 3804_gross_profit_current_ytd)","{""op"": ""sum"", ""left"": {""leaf"": ""3796_total_revenues_current_ytd"", ""depth"": 0}, ""right"": {""leaf"": ""3804_gross_profit_current_ytd"", ""depth"": 0}, ""depth"": 1}","{""op"": ""sum"", ""left"": {""kind"": ""leaf"", ""semantic_type_in"": [""amount""], ""depth"": 0}, ""right"": {""kind"": ""leaf"", ""semantic_type_in"": [""amount""], ""depth"": 0}, ""depth"": 1, ""kind"": ""node""}",83582.0,1,1,1,512604642,411582876,42,0.119,1,2,2,3796_total_revenues_current_ytd,total_revenues,total revenues,FAB,"Six Months Ended July 31, 2025",M_USD,59564.0,3804_gross_profit_current_ytd,gross_profit,gross profit,FAB,"Six Months Ended July 31, 2025",M_USD,24018.0,,,,,,,,,,,,,,,,,,,,,,,,,,,,,,,,,,,,,,,,,,,,,,,,,,,,,,,,,,,,,,,,,,,,,,,,,,,,,,,,,,,,
44,1,"State the free cash flow for TXN in Three Months Ended April 30, 2024",free_cash_flow,"{""derived"": ""free_cash_flow"", ""expanded"": {""op"": ""sum"", ""left"": {""leaf"": ""7655_net_cash_from_operating_prior_ytd"", ""depth"": 0}, ""right"": {""leaf"": ""7657_capital_expenditures_prior_ytd"", ""depth"": 0}, ""depth"": 1}, ""depth"": 1}","{""kind"": ""derived_concept"", ""name"": ""free_cash_flow"", ""depth"": 0}",15232.0,2,0,1,779977998,62971085,42,0.152,0,1,2,7655_net_cash_from_operating_prior_ytd,net_cash_from_operating,net cash from operating,TXN,"Three Months Ended April 30, 2024",M_USD,22675.0,7657_capital_expenditures_prior_ytd,capital_expenditures,capital expenditures,TXN,"Three Months Ended April 30, 2024",M_USD,-7443.0,,,,,,,,,,,,,,,,,,,,,,,,,,,,,,,,,,,,,,,,,,,,,,,,,,,,,,,,,,,,,,,,,,,,,,,,,,,,,,,,,,,,
45,1,"What's the value of the free cash flow for CLR in Nine Months Ended October 31, 2025",free_cash_flow,"{""derived"": ""free_cash_flow"", ""expanded"": {""op"": ""sum"", ""left"": {""leaf"": ""226_net_cash_from_operating_current_ytd"", ""depth"": 0}, ""right"": {""leaf"": ""228_capital_expenditures_current_ytd"", ""depth"": 0}, ""depth"": 1}, ""depth"": 1}","{""kind"": ""derived_concept"", ""name"": ""free_cash_flow"", ""depth"": 0}",4663.0,2,0,1,728419083,470473733,42,0.406,0,1,2,226_net_cash_from_operating_current_ytd,net_cash_from_operating,net cash from operating,CLR,"Nine Months Ended October 31, 2025",M_USD,6134.0,228_capital_expenditures_current_ytd,capital_expenditures,capital expenditures,CLR,"Nine Months Ended October 31, 2025",M_USD,-1471.0,,,,,,,,,,,,,,,,,,,,,,,,,,,,,,,,,,,,,,,,,,,,,,,,,,,,,,,,,,,,,,,,,,,,,,,,,,,,,,,,,,,,
46,1,"what is the maximum of cash and cash equivalents for BLD from December 31, 2024 to July 31, 2025 ?","max(2687_cash_and_cash_equivalents_prior_fy_end, 2686_cash_and_cash_equivalents_current_quarter_end)","{""op"": ""max"", ""left"": {""leaf"": ""2687_cash_and_cash_equivalents_prior_fy_end"", ""depth"": 0}, ""right"": {""leaf"": ""2686_cash_and_cash_equivalents_current_quarter_end"", ""depth"": 0}, ""depth"": 1}","{""kind"": ""time_agg"", ""op"": ""max"", ""depth"": 0}",917.0,5,0,1,836621291,385042651,42,0.114,0,1,2,2687_cash_and_cash_equivalents_prior_fy_end,cash_and_cash_equivalents,cash and cash equivalents,BLD,"December 31, 2024",M_USD,917.0,2686_cash_and_cash_equivalents_current_quarter_end,cash_and_cash_equivalents,cash and cash equivalents,BLD,"July 31, 2025",M_USD,915.0,,,,,,,,,,,,,,,,,,,,,,,,,,,,,,,,,,,,,,,,,,,,,,,,,,,,,,,,,,,,,,,,,,,,,,,,,,,,,,,,,,,,
47,1,"Whats the value of the minimum of total current assets for CRX from September 30, 2025 to January 31, 2026","min(4548_total_current_assets_current_quarter_end, 4549_total_current_assets_prior_fy_end)","{""op"": ""min"", ""left"": {""leaf"": ""4548_total_current_assets_current_quarter_end"", ""depth"": 0}, ""right"": {""leaf"": ""4549_total_current_assets_prior_fy_end"", ""depth"": 0}, ""depth"": 1}","{""kind"": ""time_agg"", ""op"": ""min"", ""depth"": 0}",19108.0,2,0,1,710509206,780236611,42,0.341,0,1,2,4548_total_current_assets_current_quarter_end,total_current_assets,total current assets,CRX,"January 31, 2026",M_USD,22323.0,4549_total_current_assets_prior_fy_end,total_current_assets,total current assets,CRX,"September 30, 2025",M_USD,19108.0,,,,,,,,,,,,,,,,,,,,,,,,,,,,,,,,,,,,,,,,,,,,,,,,,,,,,,,,,,,,,,,,,,,,,,,,,,,,,,,,,,,,
48,1,"what would be the minimum of accounts payable for CRZ from December 31, 2024 to October 31, 2025 ?","min(5043_accounts_payable_prior_fy_end, 5042_accounts_payable_current_quarter_end)","{""op"": ""min"", ""left"": {""leaf"": ""5043_accounts_payable_prior_fy_end"", ""depth"": 0}, ""right"": {""leaf"": ""5042_accounts_payable_current_quarter_end"", ""depth"": 0}, ""depth"": 1}","{""kind"": ""time_agg"", ""op"": ""min"", ""depth"": 0}",1841.0,4,0,1,712653878,726166835,42,0.174,0,1,2,5043_accounts_payable_prior_fy_end,accounts_payable,accounts payable,CRZ,"December 31, 2024",M_USD,1841.0,5042_accounts_payable_current_quarter_end,accounts_payable,accounts payable,CRZ,"October 31, 2025",M_USD,1921.0,,,,,,,,,,,,,,,,,,,,,,,,,,,,,,,,,,,,,,,,,,,,,,,,,,,,,,,,,,,,,,,,,,,,,,,,,,,,,,,,,,,,
49,1,"you should give the minimum of other non current assets for FAB from December 31, 2024 to July 31, 2025.","min(3861_other_non_current_assets_prior_fy_end, 3860_other_non_current_assets_current_quarter_end)","{""op"": ""min"", ""left"": {""leaf"": ""3861_other_non_current_assets_prior_fy_end"", ""depth"": 0}, ""right"": {""leaf"": ""3860_other_non_current_assets_current_quarter_end"", ""depth"": 0}, ""depth"": 1}","{""kind"": ""time_agg"", ""op"": ""min"", ""depth"": 0}",2158.0,5,0,1,887380851,599517559,42,0.127,0,1,2,3861_other_non_current_assets_prior_fy_end,other_non_current_assets,other non current assets,FAB,"December 31, 2024",M_USD,2191.0,3860_other_non_current_assets_current_quarter_end,other_non_current_assets,other non current assets,FAB,"July 31, 2025",M_USD,2158.0,,,,,,,,,,,,,,,,,,,,,,,,,,,,,,,,,,,,,,,,,,,,,,,,,,,,,,,,,,,,,,,,,,,,,,,,,,,,,,,,,,,,
50,1,"What is the value of the gross profit for CAP in Nine Months Ended October 31, 2025 ?",gross_profit,"{""derived"": ""gross_profit"", ""expanded"": {""op"": ""diff"", ""left"": {""leaf"": ""5652_total_revenues_current_ytd"", ""depth"": 0}, ""right"": {""leaf"": ""5656_cost_of_sales_current_ytd"", ""depth"": 0}, ""depth"": 1}, ""depth"": 1}","{""kind"": ""derived_concept"", ""name"": ""gross_profit"", ""depth"": 0}",43581.0,4,0,1,43400463,234955233,42,0.216,0,1,2,5652_total_revenues_current_ytd,total_revenues,total revenues,CAP,"Nine Months Ended October 31, 2025",M_USD,73152.0,5656_cost_of_sales_current_ytd,cost_of_sales,cost of sales,CAP,"Nine Months Ended October 31, 2025",M_USD,29571.0,,,,,,,,,,,,,,,,,,,,,,,,,,,,,,,,,,,,,,,,,,,,,,,,,,,,,,,,,,,,,,,,,,,,,,,,,,,,,,,,,,,,
55,1,"what's the value of the maximum of cost of sales for CAP from Three Months Ended October 31, 2024 to Three Months Ended October 31, 2025 ?","max(5655_cost_of_sales_prior_year_quarter, 5654_cost_of_sales_current_quarter)","{""op"": ""max"", ""left"": {""leaf"": ""5655_cost_of_sales_prior_year_quarter"", ""depth"": 0}, ""right"": {""leaf"": ""5654_cost_of_sales_current_quarter"", ""depth"": 0}, ""depth"": 1}","{""kind"": ""time_agg"", ""op"": ""max"", ""depth"": 0}",9857.0,4,0,1,379167941,719044151,42,0.303,0,1,2,5655_cost_of_sales_prior_year_quarter,cost_of_sales,cost of sales,CAP,"Three Months Ended October 31, 2024",M_USD,9455.0,5654_cost_of_sales_current_quarter,cost_of_sales,cost of sales,CAP,"Three Months Ended October 31, 2025",M_USD,9857.0,,,,,,,,,,,,,,,,,,,,,,,,,,,,,,,,,,,,,,,,,,,,,,,,,,,,,,,,,,,,,,,,,,,,,,,,,,,,,,,,,,,,
56,1,"may you give the gross profit for PRD in Three Months Ended October 31, 2025?",gross_profit,"{""derived"": ""gross_profit"", ""expanded"": {""op"": ""diff"", ""left"": {""leaf"": ""1842_total_revenues_current_quarter"", ""depth"": 0}, ""right"": {""leaf"": ""1846_cost_of_sales_current_quarter"", ""depth"": 0}, ""depth"": 1}, ""depth"": 1}","{""kind"": ""derived_concept"", ""name"": ""gross_profit"", ""depth"": 0}",6587.0,2,0,1,214390318,252180476,42,0.536,0,1,2,1842_total_revenues_current_quarter,total_revenues,total revenues,PRD,"Three Months Ended October 31, 2025",M_USD,21628.0,1846_cost_of_sales_current_quarter,cost_of_sales,cost of sales,PRD,"Three Months Ended October 31, 2025",M_USD,15041.0,,,,,,,,,,,,,,,,,,,,,,,,,,,,,,,,,,,,,,,,,,,,,,,,,,,,,,,,,,,,,,,,,,,,,,,,,,,,,,,,,,,,
57,1,"calculate the free cash flow for CAP in Nine Months Ended October 31, 2025",free_cash_flow,"{""derived"": ""free_cash_flow"", ""expanded"": {""op"": ""sum"", ""left"": {""leaf"": ""5740_net_cash_from_operating_current_ytd"", ""depth"": 0}, ""right"": {""leaf"": ""5742_capital_expenditures_current_ytd"", ""depth"": 0}, ""depth"": 1}, ""depth"": 1}","{""kind"": ""derived_concept"", ""name"": ""free_cash_flow"", ""depth"": 0}",11049.0,2,0,1,222026871,246109712,42,0.517,0,1,2,5740_net_cash_from_operating_current_ytd,net_cash_from_operating,net cash from operating,CAP,"Nine Months Ended October 31, 2025",M_USD,12787.0,5742_capital_expenditures_current_ytd,capital_expenditures,capital expenditures,CAP,"Nine Months Ended October 31, 2025",M_USD,-1738.0,,,,,,,,,,,,,,,,,,,,,,,,,,,,,,,,,,,,,,,,,,,,,,,,,,,,,,,,,,,,,,,,,,,,,,,,,,,,,,,,,,,,
58,1,"may you give the maximum of deferred revenue current for PRF from December 31, 2024 to April 30, 2025?","max(2216_deferred_revenue_current_current_quarter_end, 2217_deferred_revenue_current_prior_fy_end)","{""op"": ""max"", ""left"": {""leaf"": ""2216_deferred_revenue_current_current_quarter_end"", ""depth"": 0}, ""right"": {""leaf"": ""2217_deferred_revenue_current_prior_fy_end"", ""depth"": 0}, ""depth"": 1}","{""kind"": ""time_agg"", ""op"": ""max"", ""depth"": 0}",77.0,5,0,1,580645164,34963873,42,0.274,0,1,2,2216_deferred_revenue_current_current_quarter_end,deferred_revenue_current,deferred revenue current,PRF,"April 30, 2025",M_USD,77.0,2217_deferred_revenue_current_prior_fy_end,deferred_revenue_current,deferred revenue current,PRF,"December 31, 2024",M_USD,74.0,,,,,,,,,,,,,,,,,,,,,,,,,,,,,,,,,,,,,,,,,,,,,,,,,,,,,,,,,,,,,,,,,,,,,,,,,,,,,,,,,,,,
59,1,"You should calculate the maximum of accounts payable for FIN from December 31, 2024 to April 30, 2025","max(4126_accounts_payable_current_quarter_end, 4127_accounts_payable_prior_fy_end)","{""op"": ""max"", ""left"": {""leaf"": ""4126_accounts_payable_current_quarter_end"", ""depth"": 0}, ""right"": {""leaf"": ""4127_accounts_payable_prior_fy_end"", ""depth"": 0}, ""depth"": 1}","{""kind"": ""time_agg"", ""op"": ""max"", ""depth"": 0}",2202.0,2,0,1,923847605,736950507,42,0.329,0,1,2,4126_accounts_payable_current_quarter_end,accounts_payable,accounts payable,FIN,"April 30, 2025",M_USD,2202.0,4127_accounts_payable_prior_fy_end,accounts_payable,accounts payable,FIN,"December 31, 2024",M_USD,1962.0,,,,,,,,,,,,,,,,,,,,,,,,,,,,,,,,,,,,,,,,,,,,,,,,,,,,,,,,,,,,,,,,,,,,,,,,,,,,,,,,,,,,
61,1,"Evaluate the maximum of stock based compensation for CNS from Three Months Ended April 30, 2024 to Three Months Ended April 30, 2025.","max(6017_stock_based_compensation_prior_ytd, 6016_stock_based_compensation_current_ytd)","{""op"": ""max"", ""left"": {""leaf"": ""6017_stock_based_compensation_prior_ytd"", ""depth"": 0}, ""right"": {""leaf"": ""6016_stock_based_compensation_current_ytd"", ""depth"": 0}, ""depth"": 1}","{""kind"": ""time_agg"", ""op"": ""max"", ""depth"": 0}",84.0,3,0,1,282232003,254626229,42,0.336,0,1,2,6017_stock_based_compensation_prior_ytd,stock_based_compensation,stock based compensation,CNS,"Three Months Ended April 30, 2024",M_USD,80.0,6016_stock_based_compensation_current_ytd,stock_based_compensation,stock based compensation,CNS,"Three Months Ended April 30, 2025",M_USD,84.0,,,,,,,,,,,,,,,,,,,,,,,,,,,,,,,,,,,,,,,,,,,,,,,,,,,,,,,,,,,,,,,,,,,,,,,,,,,,,,,,,,,,
62,1,"Provide the gross profit for STR in Three Months Ended July 31, 2024",gross_profit,"{""derived"": ""gross_profit"", ""expanded"": {""op"": ""diff"", ""left"": {""leaf"": ""3267_total_revenues_prior_year_quarter"", ""depth"": 0}, ""right"": {""leaf"": ""3271_cost_of_sales_prior_year_quarter"", ""depth"": 0}, ""depth"": 1}, ""depth"": 1}","{""kind"": ""derived_concept"", ""name"": ""gross_profit"", ""depth"": 0}",5216.0,2,0,1,408970423,210521278,42,0.5,0,1,2,3267_total_revenues_prior_year_quarter,total_revenues,total revenues,STR,"Three Months Ended July 31, 2024",M_USD,11148.0,3271_cost_of_sales_prior_year_quarter,cost_of_sales,cost of sales,STR,"Three Months Ended July 31, 2024",M_USD,5932.0,,,,,,,,,,,,,,,,,,,,,,,,,,,,,,,,,,,,,,,,,,,,,,,,,,,,,,,,,,,,,,,,,,,,,,,,,,,,,,,,,,,,
63,1,"which result follows from the maximum of comprehensive income for INF from Six Months Ended July 31, 2024 to Six Months Ended July 31, 2025","max(3777_comprehensive_income_prior_year_ytd, 3776_comprehensive_income_current_ytd)","{""op"": ""max"", ""left"": {""leaf"": ""3777_comprehensive_income_prior_year_ytd"", ""depth"": 0}, ""right"": {""leaf"": ""3776_comprehensive_income_current_ytd"", ""depth"": 0}, ""depth"": 1}","{""kind"": ""time_agg"", ""op"": ""max"", ""depth"": 0}",5452.0,4,0,1,339009547,843244821,42,0.25,0,1,2,3777_comprehensive_income_prior_year_ytd,comprehensive_income,comprehensive income,INF,"Six Months Ended July 31, 2024",M_USD,5035.0,3776_comprehensive_income_current_ytd,comprehensive_income,comprehensive income,INF,"Six Months Ended July 31, 2025",M_USD,5452.0,,,,,,,,,,,,,,,,,,,,,,,,,,,,,,,,,,,,,,,,,,,,,,,,,,,,,,,,,,,,,,,,,,,,,,,,,,,,,,,,,,,,
64,1,"may you give the free cash flow for QRK in Six Months Ended April 30, 2026",free_cash_flow,"{""derived"": ""free_cash_flow"", ""expanded"": {""op"": ""sum"", ""left"": {""leaf"": ""3536_net_cash_from_operating_current_ytd"", ""depth"": 0}, ""right"": {""leaf"": ""3538_capital_expenditures_current_ytd"", ""depth"": 0}, ""depth"": 1}, ""depth"": 1}","{""kind"": ""derived_concept"", ""name"": ""free_cash_flow"", ""depth"": 0}",46708.0,2,0,1,335124877,346886458,42,0.415,0,1,2,3536_net_cash_from_operating_current_ytd,net_cash_from_operating,net cash from operating,QRK,"Six Months Ended April 30, 2026",M_USD,56654.0,3538_capital_expenditures_current_ytd,capital_expenditures,capital expenditures,QRK,"Six Months Ended April 30, 2026",M_USD,-9946.0,,,,,,,,,,,,,,,,,,,,,,,,,,,,,,,,,,,,,,,,,,,,,,,,,,,,,,,,,,,,,,,,,,,,,,,,,,,,,,,,,,,,
66,1,"which quantity is given by the minimum of goodwill for MED from December 31, 2024 to October 31, 2025","min(1281_goodwill_prior_fy_end, 1280_goodwill_current_quarter_end)","{""op"": ""min"", ""left"": {""leaf"": ""1281_goodwill_prior_fy_end"", ""depth"": 0}, ""right"": {""leaf"": ""1280_goodwill_current_quarter_end"", ""depth"": 0}, ""depth"": 1}","{""kind"": ""time_agg"", ""op"": ""min"", ""depth"": 0}",1469.0,5,0,1,502935000,295627385,42,0.557,0,1,2,1281_goodwill_prior_fy_end,goodwill,goodwill,MED,"December 31, 2024",M_USD,1469.0,1280_goodwill_current_quarter_end,goodwill,goodwill,MED,"October 31, 2025",M_USD,1577.0,,,,,,,,,,,,,,,,,,,,,,,,,,,,,,,,,,,,,,,,,,,,,,,,,,,,,,,,,,,,,,,,,,,,,,,,,,,,,,,,,,,,
71,1,"Could you give the minimum of Subscription revenue for NET from Three Months Ended October 31, 2024 to Three Months Ended October 31, 2025","min(6576_subscription_revenue_prior_year_quarter, 6572_subscription_revenue_current_quarter)","{""op"": ""min"", ""left"": {""leaf"": ""6576_subscription_revenue_prior_year_quarter"", ""depth"": 0}, ""right"": {""leaf"": ""6572_subscription_revenue_current_quarter"", ""depth"": 0}, ""depth"": 1}","{""kind"": ""time_agg"", ""op"": ""min"", ""depth"": 0}",11486.0,2,0,1,674992147,598663298,42,0.124,0,1,2,6576_subscription_revenue_prior_year_quarter,subscription_revenue,Subscription revenue,NET,"Three Months Ended October 31, 2024",M_USD,11486.0,6572_subscription_revenue_current_quarter,subscription_revenue,Subscription revenue,NET,"Three Months Ended October 31, 2025",M_USD,13008.0,,,,,,,,,,,,,,,,,,,,,,,,,,,,,,,,,,,,,,,,,,,,,,,,,,,,,,,,,,,,,,,,,,,,,,,,,,,,,,,,,,,,
72,1,"Determine the maximum of total current liabilities for VTL from December 31, 2024 to April 30, 2025.","max(56_total_current_liabilities_current_quarter_end, 57_total_current_liabilities_prior_fy_end)","{""op"": ""max"", ""left"": {""leaf"": ""56_total_current_liabilities_current_quarter_end"", ""depth"": 0}, ""right"": {""leaf"": ""57_total_current_liabilities_prior_fy_end"", ""depth"": 0}, ""depth"": 1}","{""kind"": ""time_agg"", ""op"": ""max"", ""depth"": 0}",553.0,5,0,1,916792220,34823688,42,0.519,0,1,2,56_total_current_liabilities_current_quarter_end,total_current_liabilities,total current liabilities,VTL,"April 30, 2025",M_USD,545.0,57_total_current_liabilities_prior_fy_end,total_current_liabilities,total current liabilities,VTL,"December 31, 2024",M_USD,553.0,,,,,,,,,,,,,,,,,,,,,,,,,,,,,,,,,,,,,,,,,,,,,,,,,,,,,,,,,,,,,,,,,,,,,,,,,,,,,,,,,,,,
73,1,"Provide the free cash flow for TRD in Six Months Ended July 31, 2024.",free_cash_flow,"{""derived"": ""free_cash_flow"", ""expanded"": {""op"": ""sum"", ""left"": {""leaf"": ""2393_net_cash_from_operating_prior_ytd"", ""depth"": 0}, ""right"": {""leaf"": ""2395_capital_expenditures_prior_ytd"", ""depth"": 0}, ""depth"": 1}, ""depth"": 1}","{""kind"": ""derived_concept"", ""name"": ""free_cash_flow"", ""depth"": 0}",1251.0,4,0,1,496573456,841801815,42,0.564,0,1,2,2393_net_cash_from_operating_prior_ytd,net_cash_from_operating,net cash from operating,TRD,"Six Months Ended July 31, 2024",M_USD,5635.0,2395_capital_expenditures_prior_ytd,capital_expenditures,capital expenditures,TRD,"Six Months Ended July 31, 2024",M_USD,-4384.0,,,,,,,,,,,,,,,,,,,,,,,,,,,,,,,,,,,,,,,,,,,,,,,,,,,,,,,,,,,,,,,,,,,,,,,,,,,,,,,,,,,,
74,1,"What is the maximum of selling general and administrative for AVX from Three Months Ended October 31, 2024 to Three Months Ended October 31, 2025?","max(1405_selling_general_and_administrative_prior_year_quarter, 1404_selling_general_and_administrative_current_quarter)","{""op"": ""max"", ""left"": {""leaf"": ""1405_selling_general_and_administrative_prior_year_quarter"", ""depth"": 0}, ""right"": {""leaf"": ""1404_selling_general_and_administrative_current_quarter"", ""depth"": 0}, ""depth"": 1}","{""kind"": ""time_agg"", ""op"": ""max"", ""depth"": 0}",103.0,3,0,1,858494527,983747709,42,0.133,0,1,2,1405_selling_general_and_administrative_prior_year_quarter,selling_general_and_administrative,selling general and administrative,AVX,"Three Months Ended October 31, 2024",M_USD,103.0,1404_selling_general_and_administrative_current_quarter,selling_general_and_administrative,selling general and administrative,AVX,"Three Months Ended October 31, 2025",M_USD,101.0,,,,,,,,,,,,,,,,,,,,,,,,,,,,,,,,,,,,,,,,,,,,,,,,,,,,,,,,,,,,,,,,,,,,,,,,,,,,,,,,,,,,
80,1,"you should give the maximum of total assets for MRT from December 31, 2024 to April 30, 2025.","max(1602_total_assets_current_quarter_end, 1603_total_assets_prior_fy_end)","{""op"": ""max"", ""left"": {""leaf"": ""1602_total_assets_current_quarter_end"", ""depth"": 0}, ""right"": {""leaf"": ""1603_total_assets_prior_fy_end"", ""depth"": 0}, ""depth"": 1}","{""kind"": ""time_agg"", ""op"": ""max"", ""depth"": 0}",88897.0,5,0,1,560447662,713197718,42,0.575,0,1,2,1602_total_assets_current_quarter_end,total_assets,total assets,MRT,"April 30, 2025",M_USD,88897.0,1603_total_assets_prior_fy_end,total_assets,total assets,MRT,"December 31, 2024",M_USD,76748.0,,,,,,,,,,,,,,,,,,,,,,,,,,,,,,,,,,,,,,,,,,,,,,,,,,,,,,,,,,,,,,,,,,,,,,,,,,,,,,,,,,,,
82,1,"which value corresponds to the free cash flow for HRZ in Three Months Ended April 30, 2025?",free_cash_flow,"{""derived"": ""free_cash_flow"", ""expanded"": {""op"": ""sum"", ""left"": {""leaf"": ""7240_net_cash_from_operating_current_ytd"", ""depth"": 0}, ""right"": {""leaf"": ""7242_capital_expenditures_current_ytd"", ""depth"": 0}, ""depth"": 1}, ""depth"": 1}","{""kind"": ""derived_concept"", ""name"": ""free_cash_flow"", ""depth"": 0}",529.0,2,0,1,720762108,398252144,42,0.584,0,1,2,7240_net_cash_from_operating_current_ytd,net_cash_from_operating,net cash from operating,HRZ,"Three Months Ended April 30, 2025",M_USD,1007.0,7242_capital_expenditures_current_ytd,capital_expenditures,capital expenditures,HRZ,"Three Months Ended April 30, 2025",M_USD,-478.0,,,,,,,,,,,,,,,,,,,,,,,,,,,,,,,,,,,,,,,,,,,,,,,,,,,,,,,,,,,,,,,,,,,,,,,,,,,,,,,,,,,,
85,1,"Evaluate the minimum of total costs and expenses for FNB from Nine Months Ended October 31, 2024 to Nine Months Ended October 31, 2025.","min(6091_total_costs_and_expenses_prior_year_ytd, 6090_total_costs_and_expenses_current_ytd)","{""op"": ""min"", ""left"": {""leaf"": ""6091_total_costs_and_expenses_prior_year_ytd"", ""depth"": 0}, ""right"": {""leaf"": ""6090_total_costs_and_expenses_current_ytd"", ""depth"": 0}, ""depth"": 1}","{""kind"": ""time_agg"", ""op"": ""min"", ""depth"": 0}",18909.0,1,0,1,646705600,409515396,42,0.299,0,1,2,6091_total_costs_and_expenses_prior_year_ytd,total_costs_and_expenses,total costs and expenses,FNB,"Nine Months Ended October 31, 2024",M_USD,20682.0,6090_total_costs_and_expenses_current_ytd,total_costs_and_expenses,total costs and expenses,FNB,"Nine Months Ended October 31, 2025",M_USD,18909.0,,,,,,,,,,,,,,,,,,,,,,,,,,,,,,,,,,,,,,,,,,,,,,,,,,,,,,,,,,,,,,,,,,,,,,,,,,,,,,,,,,,,
86,1,"May you give the minimum of total non current assets for SCI from December 31, 2024 to July 31, 2025","min(5207_total_non_current_assets_prior_fy_end, 5206_total_non_current_assets_current_quarter_end)","{""op"": ""min"", ""left"": {""leaf"": ""5207_total_non_current_assets_prior_fy_end"", ""depth"": 0}, ""right"": {""leaf"": ""5206_total_non_current_assets_current_quarter_end"", ""depth"": 0}, ""depth"": 1}","{""kind"": ""time_agg"", ""op"": ""min"", ""depth"": 0}",2348.0,3,0,1,714596978,103198935,42,0.356,0,1,2,5207_total_non_current_assets_prior_fy_end,total_non_current_assets,total non current assets,SCI,"December 31, 2024",M_USD,2348.0,5206_total_non_current_assets_current_quarter_end,total_non_current_assets,total non current assets,SCI,"July 31, 2025",M_USD,2692.0,,,,,,,,,,,,,,,,,,,,,,,,,,,,,,,,,,,,,,,,,,,,,,,,,,,,,,,,,,,,,,,,,,,,,,,,,,,,,,,,,,,,
89,1,"what does the following give: minimum of operating income for GLP from Three Months Ended October 31, 2024 to Three Months Ended October 31, 2025 ?","min(6913_operating_income_prior_year_quarter, 6912_operating_income_current_quarter)","{""op"": ""min"", ""left"": {""leaf"": ""6913_operating_income_prior_year_quarter"", ""depth"": 0}, ""right"": {""leaf"": ""6912_operating_income_current_quarter"", ""depth"": 0}, ""depth"": 1}","{""kind"": ""time_agg"", ""op"": ""min"", ""depth"": 0}",17768.0,1,0,1,539704301,963000688,42,0.16,0,1,2,6913_operating_income_prior_year_quarter,operating_income,operating income,GLP,"Three Months Ended October 31, 2024",M_USD,19687.0,6912_operating_income_current_quarter,operating_income,operating income,GLP,"Three Months Ended October 31, 2025",M_USD,17768.0,,,,,,,,,,,,,,,,,,,,,,,,,,,,,,,,,,,,,,,,,,,,,,,,,,,,,,,,,,,,,,,,,,,,,,,,,,,,,,,,,,,,
91,1,"Which quantity is given by the minimum of cash and cash equivalents for MRT from December 31, 2024 to April 30, 2025","min(1580_cash_and_cash_equivalents_current_quarter_end, 1581_cash_and_cash_equivalents_prior_fy_end)","{""op"": ""min"", ""left"": {""leaf"": ""1580_cash_and_cash_equivalents_current_quarter_end"", ""depth"": 0}, ""right"": {""leaf"": ""1581_cash_and_cash_equivalents_prior_fy_end"", ""depth"": 0}, ""depth"": 1}","{""kind"": ""time_agg"", ""op"": ""min"", ""depth"": 0}",4696.0,2,0,1,244360546,243660262,42,0.337,0,1,2,1580_cash_and_cash_equivalents_current_quarter_end,cash_and_cash_equivalents,cash and cash equivalents,MRT,"April 30, 2025",M_USD,5439.0,1581_cash_and_cash_equivalents_prior_fy_end,cash_and_cash_equivalents,cash and cash equivalents,MRT,"December 31, 2024",M_USD,4696.0,,,,,,,,,,,,,,,,,,,,,,,,,,,,,,,,,,,,,,,,,,,,,,,,,,,,,,,,,,,,,,,,,,,,,,,,,,,,,,,,,,,,
92,1,"Determine the minimum of cost of sales for WHL from Three Months Ended July 31, 2024 to Three Months Ended July 31, 2025 .","min(7303_cost_of_sales_prior_year_quarter, 7302_cost_of_sales_current_quarter)","{""op"": ""min"", ""left"": {""leaf"": ""7303_cost_of_sales_prior_year_quarter"", ""depth"": 0}, ""right"": {""leaf"": ""7302_cost_of_sales_current_quarter"", ""depth"": 0}, ""depth"": 1}","{""kind"": ""time_agg"", ""op"": ""min"", ""depth"": 0}",11977.0,2,0,1,92208503,336161542,42,0.314,0,1,2,7303_cost_of_sales_prior_year_quarter,cost_of_sales,cost of sales,WHL,"Three Months Ended July 31, 2024",M_USD,13254.0,7302_cost_of_sales_current_quarter,cost_of_sales,cost of sales,WHL,"Three Months Ended July 31, 2025",M_USD,11977.0,,,,,,,,,,,,,,,,,,,,,,,,,,,,,,,,,,,,,,,,,,,,,,,,,,,,,,,,,,,,,,,,,,,,,,,,,,,,,,,,,,,,
93,1,"state the gross profit for VRX in Three Months Ended July 31, 2025 .",gross_profit,"{""derived"": ""gross_profit"", ""expanded"": {""op"": ""diff"", ""left"": {""leaf"": ""2958_total_revenues_current_quarter"", ""depth"": 0}, ""right"": {""leaf"": ""2962_cost_of_sales_current_quarter"", ""depth"": 0}, ""depth"": 1}, ""depth"": 1}","{""kind"": ""derived_concept"", ""name"": ""gross_profit"", ""depth"": 0}",12049.0,2,0,1,414350655,304746849,42,0.217,0,1,2,2958_total_revenues_current_quarter,total_revenues,total revenues,VRX,"Three Months Ended July 31, 2025",M_USD,18964.0,2962_cost_of_sales_current_quarter,cost_of_sales,cost of sales,VRX,"Three Months Ended July 31, 2025",M_USD,6915.0,,,,,,,,,,,,,,,,,,,,,,,,,,,,,,,,,,,,,,,,,,,,,,,,,,,,,,,,,,,,,,,,,,,,,,,,,,,,,,,,,,,,
97,1,"Calculate the sum of retained earnings and total current liabilities for VTL in December 31, 2024.","sum(67_retained_earnings_prior_fy_end, 57_total_current_liabilities_prior_fy_end)","{""op"": ""sum"", ""left"": {""leaf"": ""67_retained_earnings_prior_fy_end"", ""depth"": 0}, ""right"": {""leaf"": ""57_total_current_liabilities_prior_fy_end"", ""depth"": 0}, ""depth"": 1}","{""op"": ""sum"", ""left"": {""kind"": ""leaf"", ""semantic_type_in"": [""amount""], ""depth"": 0}, ""right"": {""kind"": ""leaf"", ""semantic_type_in"": [""amount""], ""depth"": 0}, ""depth"": 1, ""kind"": ""node""}",562.0,1,1,1,406342236,655851235,42,0.588,1,2,2,67_retained_earnings_prior_fy_end,retained_earnings,retained earnings,VTL,"December 31, 2024",M_USD,9.0,57_total_current_liabilities_prior_fy_end,total_current_liabilities,total current liabilities,VTL,"December 31, 2024",M_USD,553.0,,,,,,,,,,,,,,,,,,,,,,,,,,,,,,,,,,,,,,,,,,,,,,,,,,,,,,,,,,,,,,,,,,,,,,,,,,,,,,,,,,,,
98,1,"What do we obtain as the minimum of cost of sales for GBL from Three Months Ended April 30, 2024 to Three Months Ended April 30, 2025 ?","min(6767_cost_of_sales_prior_year_quarter, 6766_cost_of_sales_current_quarter)","{""op"": ""min"", ""left"": {""leaf"": ""6767_cost_of_sales_prior_year_quarter"", ""depth"": 0}, ""right"": {""leaf"": ""6766_cost_of_sales_current_quarter"", ""depth"": 0}, ""depth"": 1}","{""kind"": ""time_agg"", ""op"": ""min"", ""depth"": 0}",26885.0,1,0,1,708914863,201793602,42,0.593,0,1,2,6767_cost_of_sales_prior_year_quarter,cost_of_sales,cost of sales,GBL,"Three Months Ended April 30, 2024",M_USD,27737.0,6766_cost_of_sales_current_quarter,cost_of_sales,cost of sales,GBL,"Three Months Ended April 30, 2025",M_USD,26885.0,,,,,,,,,,,,,,,,,,,,,,,,,,,,,,,,,,,,,,,,,,,,,,,,,,,,,,,,,,,,,,,,,,,,,,,,,,,,,,,,,,,,
101,1,"What is the minimum of shares used diluted for AST from Three Months Ended July 31, 2024 to Three Months Ended July 31, 2025?","min(4945_shares_used_diluted_prior_year_quarter, 4944_shares_used_diluted_current_quarter)","{""op"": ""min"", ""left"": {""leaf"": ""4945_shares_used_diluted_prior_year_quarter"", ""depth"": 0}, ""right"": {""leaf"": ""4944_shares_used_diluted_current_quarter"", ""depth"": 0}, ""depth"": 1}","{""kind"": ""time_agg"", ""op"": ""min"", ""depth"": 0}",6310000.0,2,0,1,153807016,575422885,42,0.135,0,1,2,4945_shares_used_diluted_prior_year_quarter,shares_used_diluted,shares used diluted,AST,"Three Months Ended July 31, 2024",M_shares,6565396.0,4944_shares_used_diluted_current_quarter,shares_used_diluted,shares used diluted,AST,"Three Months Ended July 31, 2025",M_shares,6310000.0,,,,,,,,,,,,,,,,,,,,,,,,,,,,,,,,,,,,,,,,,,,,,,,,,,,,,,,,,,,,,,,,,,,,,,,,,,,,,,,,,,,,
103,1,"Which quantity is given by the maximum of research and development for MRT from Three Months Ended April 30, 2024 to Three Months Ended April 30, 2025?","max(1563_research_and_development_prior_year_quarter, 1562_research_and_development_current_quarter)","{""op"": ""max"", ""left"": {""leaf"": ""1563_research_and_development_prior_year_quarter"", ""depth"": 0}, ""right"": {""leaf"": ""1562_research_and_development_current_quarter"", ""depth"": 0}, ""depth"": 1}","{""kind"": ""time_agg"", ""op"": ""max"", ""depth"": 0}",327.0,2,0,1,450634913,882151713,42,0.258,0,1,2,1563_research_and_development_prior_year_quarter,research_and_development,research and development,MRT,"Three Months Ended April 30, 2024",M_USD,327.0,1562_research_and_development_current_quarter,research_and_development,research and development,MRT,"Three Months Ended April 30, 2025",M_USD,285.0,,,,,,,,,,,,,,,,,,,,,,,,,,,,,,,,,,,,,,,,,,,,,,,,,,,,,,,,,,,,,,,,,,,,,,,,,,,,,,,,,,,,
104,1,"which value corresponds to the gross profit for GRD in Six Months Ended July 31, 2025",gross_profit,"{""derived"": ""gross_profit"", ""expanded"": {""op"": ""diff"", ""left"": {""leaf"": ""310_total_revenues_current_ytd"", ""depth"": 0}, ""right"": {""leaf"": ""314_cost_of_sales_current_ytd"", ""depth"": 0}, ""depth"": 1}, ""depth"": 1}","{""kind"": ""derived_concept"", ""name"": ""gross_profit"", ""depth"": 0}",5642.0,5,0,1,795961740,727794965,42,0.376,0,1,2,310_total_revenues_current_ytd,total_revenues,total revenues,GRD,"Six Months Ended July 31, 2025",M_USD,24200.0,314_cost_of_sales_current_ytd,cost_of_sales,cost of sales,GRD,"Six Months Ended July 31, 2025",M_USD,18558.0,,,,,,,,,,,,,,,,,,,,,,,,,,,,,,,,,,,,,,,,,,,,,,,,,,,,,,,,,,,,,,,,,,,,,,,,,,,,,,,,,,,,
105,1,"What is the value of the maximum of short term investments for CAP from December 31, 2024 to October 31, 2025 ?","max(5697_short_term_investments_prior_fy_end, 5696_short_term_investments_current_quarter_end)","{""op"": ""max"", ""left"": {""leaf"": ""5697_short_term_investments_prior_fy_end"", ""depth"": 0}, ""right"": {""leaf"": ""5696_short_term_investments_current_quarter_end"", ""depth"": 0}, ""depth"": 1}","{""kind"": ""time_agg"", ""op"": ""max"", ""depth"": 0}",7414.0,4,0,1,947062991,912283280,42,0.338,0,1,2,5697_short_term_investments_prior_fy_end,short_term_investments,short term investments,CAP,"December 31, 2024",M_USD,7414.0,5696_short_term_investments_current_quarter_end,short_term_investments,short term investments,CAP,"October 31, 2025",M_USD,7402.0,,,,,,,,,,,,,,,,,,,,,,,,,,,,,,,,,,,,,,,,,,,,,,,,,,,,,,,,,,,,,,,,,,,,,,,,,,,,,,,,,,,,
108,1,"You should calculate the maximum of accounts payable for IND from December 31, 2024 to April 30, 2025","max(1140_accounts_payable_current_quarter_end, 1141_accounts_payable_prior_fy_end)","{""op"": ""max"", ""left"": {""leaf"": ""1140_accounts_payable_current_quarter_end"", ""depth"": 0}, ""right"": {""leaf"": ""1141_accounts_payable_prior_fy_end"", ""depth"": 0}, ""depth"": 1}","{""kind"": ""time_agg"", ""op"": ""max"", ""depth"": 0}",8180.0,2,0,1,267370380,884130042,42,0.367,0,1,2,1140_accounts_payable_current_quarter_end,accounts_payable,accounts payable,IND,"April 30, 2025",M_USD,7644.0,1141_accounts_payable_prior_fy_end,accounts_payable,accounts payable,IND,"December 31, 2024",M_USD,8180.0,,,,,,,,,,,,,,,,,,,,,,,,,,,,,,,,,,,,,,,,,,,,,,,,,,,,,,,,,,,,,,,,,,,,,,,,,,,,,,,,,,,,
109,1,"Could you give the minimum of depreciation and amortization for NET from Nine Months Ended October 31, 2024 to Nine Months Ended October 31, 2025","min(6511_depreciation_and_amortization_prior_ytd, 6510_depreciation_and_amortization_current_ytd)","{""op"": ""min"", ""left"": {""leaf"": ""6511_depreciation_and_amortization_prior_ytd"", ""depth"": 0}, ""right"": {""leaf"": ""6510_depreciation_and_amortization_current_ytd"", ""depth"": 0}, ""depth"": 1}","{""kind"": ""time_agg"", ""op"": ""min"", ""depth"": 0}",2226.0,3,0,1,235449670,784343358,42,0.188,0,1,2,6511_depreciation_and_amortization_prior_ytd,depreciation_and_amortization,depreciation and amortization,NET,"Nine Months Ended October 31, 2024",M_USD,2226.0,6510_depreciation_and_amortization_current_ytd,depreciation_and_amortization,depreciation and amortization,NET,"Nine Months Ended October 31, 2025",M_USD,2521.0,,,,,,,,,,,,,,,,,,,,,,,,,,,,,,,,,,,,,,,,,,,,,,,,,,,,,,,,,,,,,,,,,,,,,,,,,,,,,,,,,,,,
110,1,"What do we obtain as the operating income for FIN in Three Months Ended April 30, 2024 ?",operating_income,"{""derived"": ""operating_income"", ""expanded"": {""op"": ""diff"", ""left"": {""leaf"": ""4081_total_revenues_prior_year_quarter"", ""depth"": 0}, ""right"": {""leaf"": ""4089_total_costs_and_expenses_prior_year_quarter"", ""depth"": 0}, ""depth"": 1}, ""depth"": 1}","{""kind"": ""derived_concept"", ""name"": ""operating_income"", ""depth"": 0}",1313.0,3,0,1,413801909,158244325,42,0.428,0,1,2,4081_total_revenues_prior_year_quarter,total_revenues,total revenues,FIN,"Three Months Ended April 30, 2024",M_USD,10926.0,4089_total_costs_and_expenses_prior_year_quarter,total_costs_and_expenses,total costs and expenses,FIN,"Three Months Ended April 30, 2024",M_USD,9613.0,,,,,,,,,,,,,,,,,,,,,,,,,,,,,,,,,,,,,,,,,,,,,,,,,,,,,,,,,,,,,,,,,,,,,,,,,,,,,,,,,,,,
111,1,"what does the following give: maximum of cash and cash equivalents for GBL from December 31, 2024 to April 30, 2025?","max(6788_cash_and_cash_equivalents_current_quarter_end, 6789_cash_and_cash_equivalents_prior_fy_end)","{""op"": ""max"", ""left"": {""leaf"": ""6788_cash_and_cash_equivalents_current_quarter_end"", ""depth"": 0}, ""right"": {""leaf"": ""6789_cash_and_cash_equivalents_prior_fy_end"", ""depth"": 0}, ""depth"": 1}","{""kind"": ""time_agg"", ""op"": ""max"", ""depth"": 0}",1174.0,4,0,1,242541514,989658086,42,0.443,0,1,2,6788_cash_and_cash_equivalents_current_quarter_end,cash_and_cash_equivalents,cash and cash equivalents,GBL,"April 30, 2025",M_USD,1174.0,6789_cash_and_cash_equivalents_prior_fy_end,cash_and_cash_equivalents,cash and cash equivalents,GBL,"December 31, 2024",M_USD,1014.0,,,,,,,,,,,,,,,,,,,,,,,,,,,,,,,,,,,,,,,,,,,,,,,,,,,,,,,,,,,,,,,,,,,,,,,,,,,,,,,,,,,,
112,1,"compute the maximum of total revenues for ZNX from Three Months Ended July 31, 2024 to Three Months Ended July 31, 2025.","max(6237_total_revenues_prior_year_quarter, 6236_total_revenues_current_quarter)","{""op"": ""max"", ""left"": {""leaf"": ""6237_total_revenues_prior_year_quarter"", ""depth"": 0}, ""right"": {""leaf"": ""6236_total_revenues_current_quarter"", ""depth"": 0}, ""depth"": 1}","{""kind"": ""time_agg"", ""op"": ""max"", ""depth"": 0}",23204.0,2,0,1,359536072,643827930,42,0.44,0,1,2,6237_total_revenues_prior_year_quarter,total_revenues,total revenues,ZNX,"Three Months Ended July 31, 2024",M_USD,23204.0,6236_total_revenues_current_quarter,total_revenues,total revenues,ZNX,"Three Months Ended July 31, 2025",M_USD,22734.0,,,,,,,,,,,,,,,,,,,,,,,,,,,,,,,,,,,,,,,,,,,,,,,,,,,,,,,,,,,,,,,,,,,,,,,,,,,,,,,,,,,,
114,1,"could you give the free cash flow for MRT in Three Months Ended April 30, 2024",free_cash_flow,"{""derived"": ""free_cash_flow"", ""expanded"": {""op"": ""sum"", ""left"": {""leaf"": ""1627_net_cash_from_operating_prior_ytd"", ""depth"": 0}, ""right"": {""leaf"": ""1629_capital_expenditures_prior_ytd"", ""depth"": 0}, ""depth"": 1}, ""depth"": 1}","{""kind"": ""derived_concept"", ""name"": ""free_cash_flow"", ""depth"": 0}",-272.0,2,0,1,833859910,744638825,42,0.452,0,1,2,1627_net_cash_from_operating_prior_ytd,net_cash_from_operating,net cash from operating,MRT,"Three Months Ended April 30, 2024",M_USD,3078.0,1629_capital_expenditures_prior_ytd,capital_expenditures,capital expenditures,MRT,"Three Months Ended April 30, 2024",M_USD,-3350.0,,,,,,,,,,,,,,,,,,,,,,,,,,,,,,,,,,,,,,,,,,,,,,,,,,,,,,,,,,,,,,,,,,,,,,,,,,,,,,,,,,,,
115,1,"may you give the maximum of cost of technology services for SCI from Three Months Ended July 31, 2024 to Three Months Ended July 31, 2025 ?","max(5305_cos_technology_services_prior_year_quarter, 5301_cos_technology_services_current_quarter)","{""op"": ""max"", ""left"": {""leaf"": ""5305_cos_technology_services_prior_year_quarter"", ""depth"": 0}, ""right"": {""leaf"": ""5301_cos_technology_services_current_quarter"", ""depth"": 0}, ""depth"": 1}","{""kind"": ""time_agg"", ""op"": ""max"", ""depth"": 0}",1277.0,2,0,1,747088874,755874366,42,0.289,0,1,2,5305_cos_technology_services_prior_year_quarter,cos_technology_services,cost of technology services,SCI,"Three Months Ended July 31, 2024",M_USD,1194.0,5301_cos_technology_services_current_quarter,cos_technology_services,cost of technology services,SCI,"Three Months Ended July 31, 2025",M_USD,1277.0,,,,,,,,,,,,,,,,,,,,,,,,,,,,,,,,,,,,,,,,,,,,,,,,,,,,,,,,,,,,,,,,,,,,,,,,,,,,,,,,,,,,
116,1,"give the maximum of provision for income taxes for STR from Six Months Ended July 31, 2024 to Six Months Ended July 31, 2025.","max(3301_provision_for_income_taxes_prior_year_ytd, 3300_provision_for_income_taxes_current_ytd)","{""op"": ""max"", ""left"": {""leaf"": ""3301_provision_for_income_taxes_prior_year_ytd"", ""depth"": 0}, ""right"": {""leaf"": ""3300_provision_for_income_taxes_current_ytd"", ""depth"": 0}, ""depth"": 1}","{""kind"": ""time_agg"", ""op"": ""max"", ""depth"": 0}",740.0,2,0,1,134360915,797934848,42,0.3,0,1,2,3301_provision_for_income_taxes_prior_year_ytd,provision_for_income_taxes,provision for income taxes,STR,"Six Months Ended July 31, 2024",M_USD,674.0,3300_provision_for_income_taxes_current_ytd,provision_for_income_taxes,provision for income taxes,STR,"Six Months Ended July 31, 2025",M_USD,740.0,,,,,,,,,,,,,,,,,,,,,,,,,,,,,,,,,,,,,,,,,,,,,,,,,,,,,,,,,,,,,,,,,,,,,,,,,,,,,,,,,,,,
118,1,"may you calculate the maximum of proceeds from stock option exercises for PRD from Nine Months Ended October 31, 2024 to Nine Months Ended October 31, 2025","max(1973_proceeds_from_stock_option_exercises_prior_ytd, 1972_proceeds_from_stock_option_exercises_current_ytd)","{""op"": ""max"", ""left"": {""leaf"": ""1973_proceeds_from_stock_option_exercises_prior_ytd"", ""depth"": 0}, ""right"": {""leaf"": ""1972_proceeds_from_stock_option_exercises_current_ytd"", ""depth"": 0}, ""depth"": 1}","{""kind"": ""time_agg"", ""op"": ""max"", ""depth"": 0}",55.0,3,0,1,176978815,58703244,42,0.423,0,1,2,1973_proceeds_from_stock_option_exercises_prior_ytd,proceeds_from_stock_option_exercises,proceeds from stock option exercises,PRD,"Nine Months Ended October 31, 2024",M_USD,55.0,1972_proceeds_from_stock_option_exercises_current_ytd,proceeds_from_stock_option_exercises,proceeds from stock option exercises,PRD,"Nine Months Ended October 31, 2025",M_USD,50.0,,,,,,,,,,,,,,,,,,,,,,,,,,,,,,,,,,,,,,,,,,,,,,,,,,,,,,,,,,,,,,,,,,,,,,,,,,,,,,,,,,,,
120,1,"Evaluate the maximum of Subscription revenue for NET from Three Months Ended October 31, 2024 to Three Months Ended October 31, 2025.","max(6576_subscription_revenue_prior_year_quarter, 6572_subscription_revenue_current_quarter)","{""op"": ""max"", ""left"": {""leaf"": ""6576_subscription_revenue_prior_year_quarter"", ""depth"": 0}, ""right"": {""leaf"": ""6572_subscription_revenue_current_quarter"", ""depth"": 0}, ""depth"": 1}","{""kind"": ""time_agg"", ""op"": ""max"", ""depth"": 0}",13008.0,1,0,1,621027598,104631910,42,0.209,0,1,2,6576_subscription_revenue_prior_year_quarter,subscription_revenue,Subscription revenue,NET,"Three Months Ended October 31, 2024",M_USD,11486.0,6572_subscription_revenue_current_quarter,subscription_revenue,Subscription revenue,NET,"Three Months Ended October 31, 2025",M_USD,13008.0,,,,,,,,,,,,,,,,,,,,,,,,,,,,,,,,,,,,,,,,,,,,,,,,,,,,,,,,,,,,,,,,,,,,,,,,,,,,,,,,,,,,
122,1,"which quantity is given by the free cash flow for MED in Nine Months Ended October 31, 2025",free_cash_flow,"{""derived"": ""free_cash_flow"", ""expanded"": {""op"": ""sum"", ""left"": {""leaf"": ""1310_net_cash_from_operating_current_ytd"", ""depth"": 0}, ""right"": {""leaf"": ""1312_capital_expenditures_current_ytd"", ""depth"": 0}, ""depth"": 1}, ""depth"": 1}","{""kind"": ""derived_concept"", ""name"": ""free_cash_flow"", ""depth"": 0}",1908.0,4,0,1,501484407,800146448,42,0.318,0,1,2,1310_net_cash_from_operating_current_ytd,net_cash_from_operating,net cash from operating,MED,"Nine Months Ended October 31, 2025",M_USD,2600.0,1312_capital_expenditures_current_ytd,capital_expenditures,capital expenditures,MED,"Nine Months Ended October 31, 2025",M_USD,-692.0,,,,,,,,,,,,,,,,,,,,,,,,,,,,,,,,,,,,,,,,,,,,,,,,,,,,,,,,,,,,,,,,,,,,,,,,,,,,,,,,,,,,
124,1,"Determine the operating income for WNG in Three Months Ended April 30, 2025",operating_income,"{""derived"": ""operating_income"", ""expanded"": {""op"": ""diff"", ""left"": {""leaf"": ""7458_total_revenues_current_quarter"", ""depth"": 0}, ""right"": {""leaf"": ""7466_total_costs_and_expenses_current_quarter"", ""depth"": 0}, ""depth"": 1}, ""depth"": 1}","{""kind"": ""derived_concept"", ""name"": ""operating_income"", ""depth"": 0}",2516.0,4,0,1,102134123,891044883,42,0.462,0,1,2,7458_total_revenues_current_quarter,total_revenues,total revenues,WNG,"Three Months Ended April 30, 2025",M_USD,13053.0,7466_total_costs_and_expenses_current_quarter,total_costs_and_expenses,total costs and expenses,WNG,"Three Months Ended April 30, 2025",M_USD,10537.0,,,,,,,,,,,,,,,,,,,,,,,,,,,,,,,,,,,,,,,,,,,,,,,,,,,,,,,,,,,,,,,,,,,,,,,,,,,,,,,,,,,,
125,1,"which result follows from the minimum of cash and cash equivalents for MDI from December 31, 2024 to October 31, 2025 ?","min(5523_cash_and_cash_equivalents_prior_fy_end, 5522_cash_and_cash_equivalents_current_quarter_end)","{""op"": ""min"", ""left"": {""leaf"": ""5523_cash_and_cash_equivalents_prior_fy_end"", ""depth"": 0}, ""right"": {""leaf"": ""5522_cash_and_cash_equivalents_current_quarter_end"", ""depth"": 0}, ""depth"": 1}","{""kind"": ""time_agg"", ""op"": ""min"", ""depth"": 0}",3356.0,3,0,1,50544007,422332178,42,0.448,0,1,2,5523_cash_and_cash_equivalents_prior_fy_end,cash_and_cash_equivalents,cash and cash equivalents,MDI,"December 31, 2024",M_USD,3410.0,5522_cash_and_cash_equivalents_current_quarter_end,cash_and_cash_equivalents,cash and cash equivalents,MDI,"October 31, 2025",M_USD,3356.0,,,,,,,,,,,,,,,,,,,,,,,,,,,,,,,,,,,,,,,,,,,,,,,,,,,,,,,,,,,,,,,,,,,,,,,,,,,,,,,,,,,,
126,1,"Calculate the minimum of depreciation and amortization for SUP from Three Months Ended April 30, 2024 to Three Months Ended April 30, 2025","min(1043_depreciation_and_amortization_prior_ytd, 1042_depreciation_and_amortization_current_ytd)","{""op"": ""min"", ""left"": {""leaf"": ""1043_depreciation_and_amortization_prior_ytd"", ""depth"": 0}, ""right"": {""leaf"": ""1042_depreciation_and_amortization_current_ytd"", ""depth"": 0}, ""depth"": 1}","{""kind"": ""time_agg"", ""op"": ""min"", ""depth"": 0}",435.0,1,0,1,663547759,110320118,42,0.212,0,1,2,1043_depreciation_and_amortization_prior_ytd,depreciation_and_amortization,depreciation and amortization,SUP,"Three Months Ended April 30, 2024",M_USD,435.0,1042_depreciation_and_amortization_current_ytd,depreciation_and_amortization,depreciation and amortization,SUP,"Three Months Ended April 30, 2025",M_USD,442.0,,,,,,,,,,,,,,,,,,,,,,,,,,,,,,,,,,,,,,,,,,,,,,,,,,,,,,,,,,,,,,,,,,,,,,,,,,,,,,,,,,,,
128,1,"which value corresponds to the maximum of cost of other revenue for HLT from Nine Months Ended October 31, 2024 to Nine Months Ended October 31, 2025 ?","max(803_cos_other_revenue_prior_year_ytd, 799_cos_other_revenue_current_ytd)","{""op"": ""max"", ""left"": {""leaf"": ""803_cos_other_revenue_prior_year_ytd"", ""depth"": 0}, ""right"": {""leaf"": ""799_cos_other_revenue_current_ytd"", ""depth"": 0}, ""depth"": 1}","{""kind"": ""time_agg"", ""op"": ""max"", ""depth"": 0}",7683.0,4,0,1,603495788,795024339,42,0.168,0,1,2,803_cos_other_revenue_prior_year_ytd,cos_other_revenue,cost of other revenue,HLT,"Nine Months Ended October 31, 2024",M_USD,6714.0,799_cos_other_revenue_current_ytd,cos_other_revenue,cost of other revenue,HLT,"Nine Months Ended October 31, 2025",M_USD,7683.0,,,,,,,,,,,,,,,,,,,,,,,,,,,,,,,,,,,,,,,,,,,,,,,,,,,,,,,,,,,,,,,,,,,,,,,,,,,,,,,,,,,,
129,1,"You should give the maximum of long term debt for SUP from December 31, 2024 to April 30, 2025 .","max(1026_long_term_debt_current_quarter_end, 1027_long_term_debt_prior_fy_end)","{""op"": ""max"", ""left"": {""leaf"": ""1026_long_term_debt_current_quarter_end"", ""depth"": 0}, ""right"": {""leaf"": ""1027_long_term_debt_prior_fy_end"", ""depth"": 0}, ""depth"": 1}","{""kind"": ""time_agg"", ""op"": ""max"", ""depth"": 0}",3335.0,1,0,1,59757124,994332651,42,0.25,0,1,2,1026_long_term_debt_current_quarter_end,long_term_debt,long term debt,SUP,"April 30, 2025",M_USD,3335.0,1027_long_term_debt_prior_fy_end,long_term_debt,long term debt,SUP,"December 31, 2024",M_USD,3025.0,,,,,,,,,,,,,,,,,,,,,,,,,,,,,,,,,,,,,,,,,,,,,,,,,,,,,,,,,,,,,,,,,,,,,,,,,,,,,,,,,,,,
130,1,"calculate the gross profit for INF in Six Months Ended July 31, 2024.",gross_profit,"{""derived"": ""gross_profit"", ""expanded"": {""op"": ""diff"", ""left"": {""leaf"": ""3621_total_revenues_prior_year_ytd"", ""depth"": 0}, ""right"": {""leaf"": ""3625_cost_of_sales_prior_year_ytd"", ""depth"": 0}, ""depth"": 1}, ""depth"": 1}","{""kind"": ""derived_concept"", ""name"": ""gross_profit"", ""depth"": 0}",14976.0,2,0,1,878911479,799506538,42,0.185,0,1,2,3621_total_revenues_prior_year_ytd,total_revenues,total revenues,INF,"Six Months Ended July 31, 2024",M_USD,28946.0,3625_cost_of_sales_prior_year_ytd,cost_of_sales,cost of sales,INF,"Six Months Ended July 31, 2024",M_USD,13970.0,,,,,,,,,,,,,,,,,,,,,,,,,,,,,,,,,,,,,,,,,,,,,,,,,,,,,,,,,,,,,,,,,,,,,,,,,,,,,,,,,,,,
133,1,"Determine the gross profit for WHL in Six Months Ended July 31, 2025.",gross_profit,"{""derived"": ""gross_profit"", ""expanded"": {""op"": ""diff"", ""left"": {""leaf"": ""7300_total_revenues_current_ytd"", ""depth"": 0}, ""right"": {""leaf"": ""7304_cost_of_sales_current_ytd"", ""depth"": 0}, ""depth"": 1}, ""depth"": 1}","{""kind"": ""derived_concept"", ""name"": ""gross_profit"", ""depth"": 0}",7180.0,5,0,1,55275164,645844522,42,0.265,0,1,2,7300_total_revenues_current_ytd,total_revenues,total revenues,WHL,"Six Months Ended July 31, 2025",M_USD,31134.0,7304_cost_of_sales_current_ytd,cost_of_sales,cost of sales,WHL,"Six Months Ended July 31, 2025",M_USD,23954.0,,,,,,,,,,,,,,,,,,,,,,,,,,,,,,,,,,,,,,,,,,,,,,,,,,,,,,,,,,,,,,,,,,,,,,,,,,,,,,,,,,,,
134,1,"Which result follows from the operating income for IND in Three Months Ended April 30, 2025 ?",operating_income,"{""derived"": ""operating_income"", ""expanded"": {""op"": ""diff"", ""left"": {""leaf"": ""1092_total_revenues_current_quarter"", ""depth"": 0}, ""right"": {""leaf"": ""1102_total_costs_and_expenses_current_quarter"", ""depth"": 0}, ""depth"": 1}, ""depth"": 1}","{""kind"": ""derived_concept"", ""name"": ""operating_income"", ""depth"": 0}",2009.0,3,0,1,240540953,881894010,42,0.561,0,1,2,1092_total_revenues_current_quarter,total_revenues,total revenues,IND,"Three Months Ended April 30, 2025",M_USD,21204.0,1102_total_costs_and_expenses_current_quarter,total_costs_and_expenses,total costs and expenses,IND,"Three Months Ended April 30, 2025",M_USD,19195.0,,,,,,,,,,,,,,,,,,,,,,,,,,,,,,,,,,,,,,,,,,,,,,,,,,,,,,,,,,,,,,,,,,,,,,,,,,,,,,,,,,,,
135,1,"What is the minimum of Passenger revenue for AVX from Three Months Ended October 31, 2024 to Three Months Ended October 31, 2025?","min(1550_passenger_revenue_prior_year_quarter, 1548_passenger_revenue_current_quarter)","{""op"": ""min"", ""left"": {""leaf"": ""1550_passenger_revenue_prior_year_quarter"", ""depth"": 0}, ""right"": {""leaf"": ""1548_passenger_revenue_current_quarter"", ""depth"": 0}, ""depth"": 1}","{""kind"": ""time_agg"", ""op"": ""min"", ""depth"": 0}",891.0,2,0,1,452480926,280118955,42,0.267,0,1,2,1550_passenger_revenue_prior_year_quarter,passenger_revenue,Passenger revenue,AVX,"Three Months Ended October 31, 2024",M_USD,907.0,1548_passenger_revenue_current_quarter,passenger_revenue,Passenger revenue,AVX,"Three Months Ended October 31, 2025",M_USD,891.0,,,,,,,,,,,,,,,,,,,,,,,,,,,,,,,,,,,,,,,,,,,,,,,,,,,,,,,,,,,,,,,,,,,,,,,,,,,,,,,,,,,,
136,1,"what does the following give: minimum of total current assets for GLP from December 31, 2024 to October 31, 2025 ?","min(6947_total_current_assets_prior_fy_end, 6946_total_current_assets_current_quarter_end)","{""op"": ""min"", ""left"": {""leaf"": ""6947_total_current_assets_prior_fy_end"", ""depth"": 0}, ""right"": {""leaf"": ""6946_total_current_assets_current_quarter_end"", ""depth"": 0}, ""depth"": 1}","{""kind"": ""time_agg"", ""op"": ""min"", ""depth"": 0}",25159.0,5,0,1,78288557,865073062,42,0.552,0,1,2,6947_total_current_assets_prior_fy_end,total_current_assets,total current assets,GLP,"December 31, 2024",M_USD,25159.0,6946_total_current_assets_current_quarter_end,total_current_assets,total current assets,GLP,"October 31, 2025",M_USD,28251.0,,,,,,,,,,,,,,,,,,,,,,,,,,,,,,,,,,,,,,,,,,,,,,,,,,,,,,,,,,,,,,,,,,,,,,,,,,,,,,,,,,,,
138,1,"What is the minimum of total non current assets for AVX from December 31, 2024 to October 31, 2025?","min(1457_total_non_current_assets_prior_fy_end, 1456_total_non_current_assets_current_quarter_end)","{""op"": ""min"", ""left"": {""leaf"": ""1457_total_non_current_assets_prior_fy_end"", ""depth"": 0}, ""right"": {""leaf"": ""1456_total_non_current_assets_current_quarter_end"", ""depth"": 0}, ""depth"": 1}","{""kind"": ""time_agg"", ""op"": ""min"", ""depth"": 0}",884.0,5,0,1,75981291,446934486,42,0.47,0,1,2,1457_total_non_current_assets_prior_fy_end,total_non_current_assets,total non current assets,AVX,"December 31, 2024",M_USD,900.0,1456_total_non_current_assets_current_quarter_end,total_non_current_assets,total non current assets,AVX,"October 31, 2025",M_USD,884.0,,,,,,,,,,,,,,,,,,,,,,,,,,,,,,,,,,,,,,,,,,,,,,,,,,,,,,,,,,,,,,,,,,,,,,,,,,,,,,,,,,,,
143,1,"what would be the maximum of shares used diluted for CRZ from Three Months Ended October 31, 2024 to Three Months Ended October 31, 2025 ?","max(5109_shares_used_diluted_prior_year_quarter, 5108_shares_used_diluted_current_quarter)","{""op"": ""max"", ""left"": {""leaf"": ""5109_shares_used_diluted_prior_year_quarter"", ""depth"": 0}, ""right"": {""leaf"": ""5108_shares_used_diluted_current_quarter"", ""depth"": 0}, ""depth"": 1}","{""kind"": ""time_agg"", ""op"": ""max"", ""depth"": 0}",733312.0,3,0,1,325294935,456320088,42,0.471,0,1,2,5109_shares_used_diluted_prior_year_quarter,shares_used_diluted,shares used diluted,CRZ,"Three Months Ended October 31, 2024",M_shares,733312.0,5108_shares_used_diluted_current_quarter,shares_used_diluted,shares used diluted,CRZ,"Three Months Ended October 31, 2025",M_shares,716000.0,,,,,,,,,,,,,,,,,,,,,,,,,,,,,,,,,,,,,,,,,,,,,,,,,,,,,,,,,,,,,,,,,,,,,,,,,,,,,,,,,,,,
145,1,"Compute the minimum of shares used basic for FIN from Three Months Ended April 30, 2024 to Three Months Ended April 30, 2025.","min(4189_shares_used_basic_prior_year_quarter, 4188_shares_used_basic_current_quarter)","{""op"": ""min"", ""left"": {""leaf"": ""4189_shares_used_basic_prior_year_quarter"", ""depth"": 0}, ""right"": {""leaf"": ""4188_shares_used_basic_current_quarter"", ""depth"": 0}, ""depth"": 1}","{""kind"": ""time_agg"", ""op"": ""min"", ""depth"": 0}",7356769.0,3,0,1,846912399,447652803,42,0.214,0,1,2,4189_shares_used_basic_prior_year_quarter,shares_used_basic,shares used basic,FIN,"Three Months Ended April 30, 2024",M_shares,7356769.0,4188_shares_used_basic_current_quarter,shares_used_basic,shares used basic,FIN,"Three Months Ended April 30, 2025",M_shares,7640000.0,,,,,,,,,,,,,,,,,,,,,,,,,,,,,,,,,,,,,,,,,,,,,,,,,,,,,,,,,,,,,,,,,,,,,,,,,,,,,,,,,,,,
148,1,"May you calculate the minimum of selling general and administrative for PLX from Three Months Ended July 31, 2025 to Three Months Ended July 31, 2026?","min(4223_selling_general_and_administrative_prior_year_quarter, 4222_selling_general_and_administrative_current_quarter)","{""op"": ""min"", ""left"": {""leaf"": ""4223_selling_general_and_administrative_prior_year_quarter"", ""depth"": 0}, ""right"": {""leaf"": ""4222_selling_general_and_administrative_current_quarter"", ""depth"": 0}, ""depth"": 1}","{""kind"": ""time_agg"", ""op"": ""min"", ""depth"": 0}",1892.0,5,0,1,352017789,614967553,42,0.481,0,1,2,4223_selling_general_and_administrative_prior_year_quarter,selling_general_and_administrative,selling general and administrative,PLX,"Three Months Ended July 31, 2025",M_USD,1892.0,4222_selling_general_and_administrative_current_quarter,selling_general_and_administrative,selling general and administrative,PLX,"Three Months Ended July 31, 2026",M_USD,1919.0,,,,,,,,,,,,,,,,,,,,,,,,,,,,,,,,,,,,,,,,,,,,,,,,,,,,,,,,,,,,,,,,,,,,,,,,,,,,,,,,,,,,
149,1,"state the minimum of Non-interest income for TRU from Three Months Ended July 31, 2024 to Three Months Ended July 31, 2025 .","min(963_non_interest_income_prior_year_quarter, 961_non_interest_income_current_quarter)","{""op"": ""min"", ""left"": {""leaf"": ""963_non_interest_income_prior_year_quarter"", ""depth"": 0}, ""right"": {""leaf"": ""961_non_interest_income_current_quarter"", ""depth"": 0}, ""depth"": 1}","{""kind"": ""time_agg"", ""op"": ""min"", ""depth"": 0}",7081.0,4,0,1,387867336,971847476,42,0.474,0,1,2,963_non_interest_income_prior_year_quarter,non_interest_income,Non-interest income,TRU,"Three Months Ended July 31, 2024",M_USD,7081.0,961_non_interest_income_current_quarter,non_interest_income,Non-interest income,TRU,"Three Months Ended July 31, 2025",M_USD,8099.0,,,,,,,,,,,,,,,,,,,,,,,,,,,,,,,,,,,,,,,,,,,,,,,,,,,,,,,,,,,,,,,,,,,,,,,,,,,,,,,,,,,,
150,1,"Provide the operating income for TRD in Six Months Ended July 31, 2024 .",operating_income,"{""derived"": ""operating_income"", ""expanded"": {""op"": ""diff"", ""left"": {""leaf"": ""2301_total_revenues_prior_year_ytd"", ""depth"": 0}, ""right"": {""leaf"": ""2321_total_costs_and_expenses_prior_year_ytd"", ""depth"": 0}, ""depth"": 1}, ""depth"": 1}","{""kind"": ""derived_concept"", ""name"": ""operating_income"", ""depth"": 0}",7540.0,5,0,1,97218961,764145083,42,0.557,0,1,2,2301_total_revenues_prior_year_ytd,total_revenues,total revenues,TRD,"Six Months Ended July 31, 2024",M_USD,152770.0,2321_total_costs_and_expenses_prior_year_ytd,total_costs_and_expenses,total costs and expenses,TRD,"Six Months Ended July 31, 2024",M_USD,145230.0,,,,,,,,,,,,,,,,,,,,,,,,,,,,,,,,,,,,,,,,,,,,,,,,,,,,,,,,,,,,,,,,,,,,,,,,,,,,,,,,,,,,
151,1,"could you give the maximum of total revenues for MTX from Nine Months Ended October 31, 2024 to Nine Months Ended October 31, 2025?","max(5317_total_revenues_prior_year_ytd, 5316_total_revenues_current_ytd)","{""op"": ""max"", ""left"": {""leaf"": ""5317_total_revenues_prior_year_ytd"", ""depth"": 0}, ""right"": {""leaf"": ""5316_total_revenues_current_ytd"", ""depth"": 0}, ""depth"": 1}","{""kind"": ""time_agg"", ""op"": ""max"", ""depth"": 0}",74415.0,2,0,1,88274038,347716573,42,0.321,0,1,2,5317_total_revenues_prior_year_ytd,total_revenues,total revenues,MTX,"Nine Months Ended October 31, 2024",M_USD,74415.0,5316_total_revenues_current_ytd,total_revenues,total revenues,MTX,"Nine Months Ended October 31, 2025",M_USD,73452.0,,,,,,,,,,,,,,,,,,,,,,,,,,,,,,,,,,,,,,,,,,,,,,,,,,,,,,,,,,,,,,,,,,,,,,,,,,,,,,,,,,,,
152,1,"What is the value of the minimum of net cash from operating for BNK from Nine Months Ended October 31, 2024 to Nine Months Ended October 31, 2025?","min(4737_net_cash_from_operating_prior_ytd, 4736_net_cash_from_operating_current_ytd)","{""op"": ""min"", ""left"": {""leaf"": ""4737_net_cash_from_operating_prior_ytd"", ""depth"": 0}, ""right"": {""leaf"": ""4736_net_cash_from_operating_current_ytd"", ""depth"": 0}, ""depth"": 1}","{""kind"": ""time_agg"", ""op"": ""min"", ""depth"": 0}",5261.0,5,0,1,43779506,264036974,42,0.178,0,1,2,4737_net_cash_from_operating_prior_ytd,net_cash_from_operating,net cash from operating,BNK,"Nine Months Ended October 31, 2024",M_USD,5261.0,4736_net_cash_from_operating_current_ytd,net_cash_from_operating,net cash from operating,BNK,"Nine Months Ended October 31, 2025",M_USD,5923.0,,,,,,,,,,,,,,,,,,,,,,,,,,,,,,,,,,,,,,,,,,,,,,,,,,,,,,,,,,,,,,,,,,,,,,,,,,,,,,,,,,,,
154,1,"calculate the maximum of other non current liabilities for MDI from December 31, 2024 to October 31, 2025.","max(5559_other_non_current_liabilities_prior_fy_end, 5558_other_non_current_liabilities_current_quarter_end)","{""op"": ""max"", ""left"": {""leaf"": ""5559_other_non_current_liabilities_prior_fy_end"", ""depth"": 0}, ""right"": {""leaf"": ""5558_other_non_current_liabilities_current_quarter_end"", ""depth"": 0}, ""depth"": 1}","{""kind"": ""time_agg"", ""op"": ""max"", ""depth"": 0}",630.0,5,0,1,183976198,23745996,42,0.324,0,1,2,5559_other_non_current_liabilities_prior_fy_end,other_non_current_liabilities,other non current liabilities,MDI,"December 31, 2024",M_USD,630.0,5558_other_non_current_liabilities_current_quarter_end,other_non_current_liabilities,other non current liabilities,MDI,"October 31, 2025",M_USD,620.0,,,,,,,,,,,,,,,,,,,,,,,,,,,,,,,,,,,,,,,,,,,,,,,,,,,,,,,,,,,,,,,,,,,,,,,,,,,,,,,,,,,,
155,1,"what is the value of the minimum of prepaid expenses and other for BNK from December 31, 2024 to October 31, 2025","min(4699_prepaid_expenses_and_other_prior_fy_end, 4698_prepaid_expenses_and_other_current_quarter_end)","{""op"": ""min"", ""left"": {""leaf"": ""4699_prepaid_expenses_and_other_prior_fy_end"", ""depth"": 0}, ""right"": {""leaf"": ""4698_prepaid_expenses_and_other_current_quarter_end"", ""depth"": 0}, ""depth"": 1}","{""kind"": ""time_agg"", ""op"": ""min"", ""depth"": 0}",556.0,1,0,1,758393530,158785076,42,0.441,0,1,2,4699_prepaid_expenses_and_other_prior_fy_end,prepaid_expenses_and_other,prepaid expenses and other,BNK,"December 31, 2024",M_USD,556.0,4698_prepaid_expenses_and_other_current_quarter_end,prepaid_expenses_and_other,prepaid expenses and other,BNK,"October 31, 2025",M_USD,652.0,,,,,,,,,,,,,,,,,,,,,,,,,,,,,,,,,,,,,,,,,,,,,,,,,,,,,,,,,,,,,,,,,,,,,,,,,,,,,,,,,,,,
156,1,"which quantity is given by the free cash flow for MDI in Nine Months Ended October 31, 2025?",free_cash_flow,"{""derived"": ""free_cash_flow"", ""expanded"": {""op"": ""sum"", ""left"": {""leaf"": ""5568_net_cash_from_operating_current_ytd"", ""depth"": 0}, ""right"": {""leaf"": ""5570_capital_expenditures_current_ytd"", ""depth"": 0}, ""depth"": 1}, ""depth"": 1}","{""kind"": ""derived_concept"", ""name"": ""free_cash_flow"", ""depth"": 0}",3925.0,4,0,1,712824006,157460250,42,0.149,0,1,2,5568_net_cash_from_operating_current_ytd,net_cash_from_operating,net cash from operating,MDI,"Nine Months Ended October 31, 2025",M_USD,9076.0,5570_capital_expenditures_current_ytd,capital_expenditures,capital expenditures,MDI,"Nine Months Ended October 31, 2025",M_USD,-5151.0,,,,,,,,,,,,,,,,,,,,,,,,,,,,,,,,,,,,,,,,,,,,,,,,,,,,,,,,,,,,,,,,,,,,,,,,,,,,,,,,,,,,
157,1,"which value corresponds to the minimum of total costs and expenses for IND from Three Months Ended April 30, 2024 to Three Months Ended April 30, 2025","min(1103_total_costs_and_expenses_prior_year_quarter, 1102_total_costs_and_expenses_current_quarter)","{""op"": ""min"", ""left"": {""leaf"": ""1103_total_costs_and_expenses_prior_year_quarter"", ""depth"": 0}, ""right"": {""leaf"": ""1102_total_costs_and_expenses_current_quarter"", ""depth"": 0}, ""depth"": 1}","{""kind"": ""time_agg"", ""op"": ""min"", ""depth"": 0}",19195.0,1,0,1,195242415,480320597,42,0.585,0,1,2,1103_total_costs_and_expenses_prior_year_quarter,total_costs_and_expenses,total costs and expenses,IND,"Three Months Ended April 30, 2024",M_USD,21361.0,1102_total_costs_and_expenses_current_quarter,total_costs_and_expenses,total costs and expenses,IND,"Three Months Ended April 30, 2025",M_USD,19195.0,,,,,,,,,,,,,,,,,,,,,,,,,,,,,,,,,,,,,,,,,,,,,,,,,,,,,,,,,,,,,,,,,,,,,,,,,,,,,,,,,,,,
158,1,"which quantity is given by the maximum of stock based compensation for MTX from Nine Months Ended October 31, 2024 to Nine Months Ended October 31, 2025","max(5415_stock_based_compensation_prior_ytd, 5414_stock_based_compensation_current_ytd)","{""op"": ""max"", ""left"": {""leaf"": ""5415_stock_based_compensation_prior_ytd"", ""depth"": 0}, ""right"": {""leaf"": ""5414_stock_based_compensation_current_ytd"", ""depth"": 0}, ""depth"": 1}","{""kind"": ""time_agg"", ""op"": ""max"", ""depth"": 0}",409.0,1,0,1,558809180,970963114,42,0.345,0,1,2,5415_stock_based_compensation_prior_ytd,stock_based_compensation,stock based compensation,MTX,"Nine Months Ended October 31, 2024",M_USD,409.0,5414_stock_based_compensation_current_ytd,stock_based_compensation,stock based compensation,MTX,"Nine Months Ended October 31, 2025",M_USD,404.0,,,,,,,,,,,,,,,,,,,,,,,,,,,,,,,,,,,,,,,,,,,,,,,,,,,,,,,,,,,,,,,,,,,,,,,,,,,,,,,,,,,,
159,1,"Which value corresponds to the free cash flow for GRD in Six Months Ended July 31, 2024",free_cash_flow,"{""derived"": ""free_cash_flow"", ""expanded"": {""op"": ""sum"", ""left"": {""leaf"": ""403_net_cash_from_operating_prior_ytd"", ""depth"": 0}, ""right"": {""leaf"": ""405_capital_expenditures_prior_ytd"", ""depth"": 0}, ""depth"": 1}, ""depth"": 1}","{""kind"": ""derived_concept"", ""name"": ""free_cash_flow"", ""depth"": 0}",2305.0,4,0,1,834473242,755957283,42,0.208,0,1,2,403_net_cash_from_operating_prior_ytd,net_cash_from_operating,net cash from operating,GRD,"Six Months Ended July 31, 2024",M_USD,3280.0,405_capital_expenditures_prior_ytd,capital_expenditures,capital expenditures,GRD,"Six Months Ended July 31, 2024",M_USD,-975.0,,,,,,,,,,,,,,,,,,,,,,,,,,,,,,,,,,,,,,,,,,,,,,,,,,,,,,,,,,,,,,,,,,,,,,,,,,,,,,,,,,,,
160,1,"what do we obtain as the maximum of proceeds from maturities of securities for FIN from Three Months Ended April 30, 2024 to Three Months Ended April 30, 2025","max(4181_proceeds_from_maturities_of_securities_prior_ytd, 4180_proceeds_from_maturities_of_securities_current_ytd)","{""op"": ""max"", ""left"": {""leaf"": ""4181_proceeds_from_maturities_of_securities_prior_ytd"", ""depth"": 0}, ""right"": {""leaf"": ""4180_proceeds_from_maturities_of_securities_current_ytd"", ""depth"": 0}, ""depth"": 1}","{""kind"": ""time_agg"", ""op"": ""max"", ""depth"": 0}",372.0,1,0,1,440886010,101955830,42,0.442,0,1,2,4181_proceeds_from_maturities_of_securities_prior_ytd,proceeds_from_maturities_of_securities,proceeds from maturities of securities,FIN,"Three Months Ended April 30, 2024",M_USD,372.0,4180_proceeds_from_maturities_of_securities_current_ytd,proceeds_from_maturities_of_securities,proceeds from maturities of securities,FIN,"Three Months Ended April 30, 2025",M_USD,355.0,,,,,,,,,,,,,,,,,,,,,,,,,,,,,,,,,,,,,,,,,,,,,,,,,,,,,,,,,,,,,,,,,,,,,,,,,,,,,,,,,,,,
161,1,"what does the following give: minimum of total current liabilities for GBL from December 31, 2024 to April 30, 2025 ?","min(6820_total_current_liabilities_current_quarter_end, 6821_total_current_liabilities_prior_fy_end)","{""op"": ""min"", ""left"": {""leaf"": ""6820_total_current_liabilities_current_quarter_end"", ""depth"": 0}, ""right"": {""leaf"": ""6821_total_current_liabilities_prior_fy_end"", ""depth"": 0}, ""depth"": 1}","{""kind"": ""time_agg"", ""op"": ""min"", ""depth"": 0}",19275.0,5,0,1,295001062,748538764,42,0.294,0,1,2,6820_total_current_liabilities_current_quarter_end,total_current_liabilities,total current liabilities,GBL,"April 30, 2025",M_USD,22326.0,6821_total_current_liabilities_prior_fy_end,total_current_liabilities,total current liabilities,GBL,"December 31, 2024",M_USD,19275.0,,,,,,,,,,,,,,,,,,,,,,,,,,,,,,,,,,,,,,,,,,,,,,,,,,,,,,,,,,,,,,,,,,,,,,,,,,,,,,,,,,,,
164,1,"Whats the value of the gross profit for CRX in Three Months Ended January 31, 2025 ?",gross_profit,"{""derived"": ""gross_profit"", ""expanded"": {""op"": ""diff"", ""left"": {""leaf"": ""4515_total_revenues_prior_year_quarter"", ""depth"": 0}, ""right"": {""leaf"": ""4517_cost_of_sales_prior_year_quarter"", ""depth"": 0}, ""depth"": 1}, ""depth"": 1}","{""kind"": ""derived_concept"", ""name"": ""gross_profit"", ""depth"": 0}",27515.0,3,0,1,870021632,485877250,42,0.576,0,1,2,4515_total_revenues_prior_year_quarter,total_revenues,total revenues,CRX,"Three Months Ended January 31, 2025",M_USD,38718.0,4517_cost_of_sales_prior_year_quarter,cost_of_sales,cost of sales,CRX,"Three Months Ended January 31, 2025",M_USD,11203.0,,,,,,,,,,,,,,,,,,,,,,,,,,,,,,,,,,,,,,,,,,,,,,,,,,,,,,,,,,,,,,,,,,,,,,,,,,,,,,,,,,,,
165,1,"whats the value of the minimum of total current liabilities for CNS from December 31, 2024 to April 30, 2025 ?","min(5996_total_current_liabilities_current_quarter_end, 5997_total_current_liabilities_prior_fy_end)","{""op"": ""min"", ""left"": {""leaf"": ""5996_total_current_liabilities_current_quarter_end"", ""depth"": 0}, ""right"": {""leaf"": ""5997_total_current_liabilities_prior_fy_end"", ""depth"": 0}, ""depth"": 1}","{""kind"": ""time_agg"", ""op"": ""min"", ""depth"": 0}",3034.0,3,0,1,999113653,252463639,42,0.433,0,1,2,5996_total_current_liabilities_current_quarter_end,total_current_liabilities,total current liabilities,CNS,"April 30, 2025",M_USD,3304.0,5997_total_current_liabilities_prior_fy_end,total_current_liabilities,total current liabilities,CNS,"December 31, 2024",M_USD,3034.0,,,,,,,,,,,,,,,,,,,,,,,,,,,,,,,,,,,,,,,,,,,,,,,,,,,,,,,,,,,,,,,,,,,,,,,,,,,,,,,,,,,,
166,1,"may you calculate the maximum of property plant and equipment net for PLZ from December 31, 2024 to July 31, 2025 ?","max(2065_property_plant_and_equipment_net_prior_fy_end, 2064_property_plant_and_equipment_net_current_quarter_end)","{""op"": ""max"", ""left"": {""leaf"": ""2065_property_plant_and_equipment_net_prior_fy_end"", ""depth"": 0}, ""right"": {""leaf"": ""2064_property_plant_and_equipment_net_current_quarter_end"", ""depth"": 0}, ""depth"": 1}","{""kind"": ""time_agg"", ""op"": ""max"", ""depth"": 0}",14896.0,3,0,1,903147174,915974337,42,0.295,0,1,2,2065_property_plant_and_equipment_net_prior_fy_end,property_plant_and_equipment_net,property plant and equipment net,PLZ,"December 31, 2024",M_USD,14504.0,2064_property_plant_and_equipment_net_current_quarter_end,property_plant_and_equipment_net,property plant and equipment net,PLZ,"July 31, 2025",M_USD,14896.0,,,,,,,,,,,,,,,,,,,,,,,,,,,,,,,,,,,,,,,,,,,,,,,,,,,,,,,,,,,,,,,,,,,,,,,,,,,,,,,,,,,,
167,1,"which value corresponds to the gross profit for HLT in Three Months Ended October 31, 2025",gross_profit,"{""derived"": ""gross_profit"", ""expanded"": {""op"": ""diff"", ""left"": {""leaf"": ""628_total_revenues_current_quarter"", ""depth"": 0}, ""right"": {""leaf"": ""632_cost_of_sales_current_quarter"", ""depth"": 0}, ""depth"": 1}, ""depth"": 1}","{""kind"": ""derived_concept"", ""name"": ""gross_profit"", ""depth"": 0}",5920.0,2,0,1,197527570,7987240,42,0.577,0,1,2,628_total_revenues_current_quarter,total_revenues,total revenues,HLT,"Three Months Ended October 31, 2025",M_USD,15036.0,632_cost_of_sales_current_quarter,cost_of_sales,cost of sales,HLT,"Three Months Ended October 31, 2025",M_USD,9116.0,,,,,,,,,,,,,,,,,,,,,,,,,,,,,,,,,,,,,,,,,,,,,,,,,,,,,,,,,,,,,,,,,,,,,,,,,,,,,,,,,,,,
169,1,"What's the value of the maximum of shares used diluted for CLR from Three Months Ended October 31, 2024 to Three Months Ended October 31, 2025?","max(271_shares_used_diluted_prior_year_quarter, 270_shares_used_diluted_current_quarter)","{""op"": ""max"", ""left"": {""leaf"": ""271_shares_used_diluted_prior_year_quarter"", ""depth"": 0}, ""right"": {""leaf"": ""270_shares_used_diluted_current_quarter"", ""depth"": 0}, ""depth"": 1}","{""kind"": ""time_agg"", ""op"": ""max"", ""depth"": 0}",3369128.0,5,0,1,730526382,707236841,42,0.237,0,1,2,271_shares_used_diluted_prior_year_quarter,shares_used_diluted,shares used diluted,CLR,"Three Months Ended October 31, 2024",M_shares,3369128.0,270_shares_used_diluted_current_quarter,shares_used_diluted,shares used diluted,CLR,"Three Months Ended October 31, 2025",M_shares,3301000.0,,,,,,,,,,,,,,,,,,,,,,,,,,,,,,,,,,,,,,,,,,,,,,,,,,,,,,,,,,,,,,,,,,,,,,,,,,,,,,,,,,,,
170,1,"What would be the gross profit for FAB in Six Months Ended July 31, 2025",gross_profit,"{""derived"": ""gross_profit"", ""expanded"": {""op"": ""diff"", ""left"": {""leaf"": ""3796_total_revenues_current_ytd"", ""depth"": 0}, ""right"": {""leaf"": ""3800_cost_of_sales_current_ytd"", ""depth"": 0}, ""depth"": 1}, ""depth"": 1}","{""kind"": ""derived_concept"", ""name"": ""gross_profit"", ""depth"": 0}",24018.0,2,0,1,465245234,497767932,42,0.131,0,1,2,3796_total_revenues_current_ytd,total_revenues,total revenues,FAB,"Six Months Ended July 31, 2025",M_USD,59564.0,3800_cost_of_sales_current_ytd,cost_of_sales,cost of sales,FAB,"Six Months Ended July 31, 2025",M_USD,35546.0,,,,,,,,,,,,,,,,,,,,,,,,,,,,,,,,,,,,,,,,,,,,,,,,,,,,,,,,,,,,,,,,,,,,,,,,,,,,,,,,,,,,
171,1,"may you calculate the minimum of accounts payable for PLZ from December 31, 2024 to July 31, 2025 ?","min(2075_accounts_payable_prior_fy_end, 2074_accounts_payable_current_quarter_end)","{""op"": ""min"", ""left"": {""leaf"": ""2075_accounts_payable_prior_fy_end"", ""depth"": 0}, ""right"": {""leaf"": ""2074_accounts_payable_current_quarter_end"", ""depth"": 0}, ""depth"": 1}","{""kind"": ""time_agg"", ""op"": ""min"", ""depth"": 0}",21700.0,1,0,1,954488503,895167865,42,0.474,0,1,2,2075_accounts_payable_prior_fy_end,accounts_payable,accounts payable,PLZ,"December 31, 2024",M_USD,21700.0,2074_accounts_payable_current_quarter_end,accounts_payable,accounts payable,PLZ,"July 31, 2025",M_USD,22287.0,,,,,,,,,,,,,,,,,,,,,,,,,,,,,,,,,,,,,,,,,,,,,,,,,,,,,,,,,,,,,,,,,,,,,,,,,,,,,,,,,,,,
172,1,"may you calculate the minimum of gross profit for PLX from Nine Months Ended July 31, 2025 to Nine Months Ended July 31, 2026","min(4217_gross_profit_prior_year_ytd, 4216_gross_profit_current_ytd)","{""op"": ""min"", ""left"": {""leaf"": ""4217_gross_profit_prior_year_ytd"", ""depth"": 0}, ""right"": {""leaf"": ""4216_gross_profit_current_ytd"", ""depth"": 0}, ""depth"": 1}","{""kind"": ""time_agg"", ""op"": ""min"", ""depth"": 0}",35763.0,5,0,1,774428419,398180063,42,0.227,0,1,2,4217_gross_profit_prior_year_ytd,gross_profit,gross profit,PLX,"Nine Months Ended July 31, 2025",M_USD,35763.0,4216_gross_profit_current_ytd,gross_profit,gross profit,PLX,"Nine Months Ended July 31, 2026",M_USD,36276.0,,,,,,,,,,,,,,,,,,,,,,,,,,,,,,,,,,,,,,,,,,,,,,,,,,,,,,,,,,,,,,,,,,,,,,,,,,,,,,,,,,,,
175,1,"You should give the minimum of accounts payable for HLT from December 31, 2024 to October 31, 2025","min(701_accounts_payable_prior_fy_end, 700_accounts_payable_current_quarter_end)","{""op"": ""min"", ""left"": {""leaf"": ""701_accounts_payable_prior_fy_end"", ""depth"": 0}, ""right"": {""leaf"": ""700_accounts_payable_current_quarter_end"", ""depth"": 0}, ""depth"": 1}","{""kind"": ""time_agg"", ""op"": ""min"", ""depth"": 0}",2716.0,5,0,1,571381693,341722477,42,0.1,0,1,2,701_accounts_payable_prior_fy_end,accounts_payable,accounts payable,HLT,"December 31, 2024",M_USD,2716.0,700_accounts_payable_current_quarter_end,accounts_payable,accounts payable,HLT,"October 31, 2025",M_USD,2754.0,,,,,,,,,,,,,,,,,,,,,,,,,,,,,,,,,,,,,,,,,,,,,,,,,,,,,,,,,,,,,,,,,,,,,,,,,,,,,,,,,,,,
178,1,"Which value corresponds to the maximum of selling general and administrative for HRZ from Three Months Ended April 30, 2024 to Three Months Ended April 30, 2025","max(7179_selling_general_and_administrative_prior_year_quarter, 7178_selling_general_and_administrative_current_quarter)","{""op"": ""max"", ""left"": {""leaf"": ""7179_selling_general_and_administrative_prior_year_quarter"", ""depth"": 0}, ""right"": {""leaf"": ""7178_selling_general_and_administrative_current_quarter"", ""depth"": 0}, ""depth"": 1}","{""kind"": ""time_agg"", ""op"": ""max"", ""depth"": 0}",347.0,4,0,1,965152986,684319101,42,0.46,0,1,2,7179_selling_general_and_administrative_prior_year_quarter,selling_general_and_administrative,selling general and administrative,HRZ,"Three Months Ended April 30, 2024",M_USD,347.0,7178_selling_general_and_administrative_current_quarter,selling_general_and_administrative,selling general and administrative,HRZ,"Three Months Ended April 30, 2025",M_USD,322.0,,,,,,,,,,,,,,,,,,,,,,,,,,,,,,,,,,,,,,,,,,,,,,,,,,,,,,,,,,,,,,,,,,,,,,,,,,,,,,,,,,,,
181,1,"what does the following give: minimum of provision for income taxes for GRD from Three Months Ended July 31, 2024 to Three Months Ended July 31, 2025 ?","min(341_provision_for_income_taxes_prior_year_quarter, 340_provision_for_income_taxes_current_quarter)","{""op"": ""min"", ""left"": {""leaf"": ""341_provision_for_income_taxes_prior_year_quarter"", ""depth"": 0}, ""right"": {""leaf"": ""340_provision_for_income_taxes_current_quarter"", ""depth"": 0}, ""depth"": 1}","{""kind"": ""time_agg"", ""op"": ""min"", ""depth"": 0}",362.0,2,0,1,703726191,625513051,42,0.578,0,1,2,341_provision_for_income_taxes_prior_year_quarter,provision_for_income_taxes,provision for income taxes,GRD,"Three Months Ended July 31, 2024",M_USD,417.0,340_provision_for_income_taxes_current_quarter,provision_for_income_taxes,provision for income taxes,GRD,"Three Months Ended July 31, 2025",M_USD,362.0,,,,,,,,,,,,,,,,,,,,,,,,,,,,,,,,,,,,,,,,,,,,,,,,,,,,,,,,,,,,,,,,,,,,,,,,,,,,,,,,,,,,
183,1,"compute the maximum of provision for income taxes for JTX from Three Months Ended April 30, 2024 to Three Months Ended April 30, 2025.","max(3969_provision_for_income_taxes_prior_year_quarter, 3968_provision_for_income_taxes_current_quarter)","{""op"": ""max"", ""left"": {""leaf"": ""3969_provision_for_income_taxes_prior_year_quarter"", ""depth"": 0}, ""right"": {""leaf"": ""3968_provision_for_income_taxes_current_quarter"", ""depth"": 0}, ""depth"": 1}","{""kind"": ""time_agg"", ""op"": ""max"", ""depth"": 0}",436.0,2,0,1,970744710,580411499,42,0.153,0,1,2,3969_provision_for_income_taxes_prior_year_quarter,provision_for_income_taxes,provision for income taxes,JTX,"Three Months Ended April 30, 2024",M_USD,427.0,3968_provision_for_income_taxes_current_quarter,provision_for_income_taxes,provision for income taxes,JTX,"Three Months Ended April 30, 2025",M_USD,436.0,,,,,,,,,,,,,,,,,,,,,,,,,,,,,,,,,,,,,,,,,,,,,,,,,,,,,,,,,,,,,,,,,,,,,,,,,,,,,,,,,,,,
185,1,"Whats the value of the maximum of proceeds from stock option exercises for CNS from Three Months Ended April 30, 2024 to Three Months Ended April 30, 2025?","max(6047_proceeds_from_stock_option_exercises_prior_ytd, 6046_proceeds_from_stock_option_exercises_current_ytd)","{""op"": ""max"", ""left"": {""leaf"": ""6047_proceeds_from_stock_option_exercises_prior_ytd"", ""depth"": 0}, ""right"": {""leaf"": ""6046_proceeds_from_stock_option_exercises_current_ytd"", ""depth"": 0}, ""depth"": 1}","{""kind"": ""time_agg"", ""op"": ""max"", ""depth"": 0}",15.0,3,0,1,639067440,276049186,42,0.578,0,1,2,6047_proceeds_from_stock_option_exercises_prior_ytd,proceeds_from_stock_option_exercises,proceeds from stock option exercises,CNS,"Three Months Ended April 30, 2024",M_USD,15.0,6046_proceeds_from_stock_option_exercises_current_ytd,proceeds_from_stock_option_exercises,proceeds from stock option exercises,CNS,"Three Months Ended April 30, 2025",M_USD,12.0,,,,,,,,,,,,,,,,,,,,,,,,,,,,,,,,,,,,,,,,,,,,,,,,,,,,,,,,,,,,,,,,,,,,,,,,,,,,,,,,,,,,
187,1,"What would be the minimum of cash and cash equivalents for DTA from December 31, 2024 to April 30, 2025","min(4406_cash_and_cash_equivalents_current_quarter_end, 4407_cash_and_cash_equivalents_prior_fy_end)","{""op"": ""min"", ""left"": {""leaf"": ""4406_cash_and_cash_equivalents_current_quarter_end"", ""depth"": 0}, ""right"": {""leaf"": ""4407_cash_and_cash_equivalents_prior_fy_end"", ""depth"": 0}, ""depth"": 1}","{""kind"": ""time_agg"", ""op"": ""min"", ""depth"": 0}",3532.0,3,0,1,856624381,974693202,42,0.303,0,1,2,4406_cash_and_cash_equivalents_current_quarter_end,cash_and_cash_equivalents,cash and cash equivalents,DTA,"April 30, 2025",M_USD,3532.0,4407_cash_and_cash_equivalents_prior_fy_end,cash_and_cash_equivalents,cash and cash equivalents,DTA,"December 31, 2024",M_USD,3586.0,,,,,,,,,,,,,,,,,,,,,,,,,,,,,,,,,,,,,,,,,,,,,,,,,,,,,,,,,,,,,,,,,,,,,,,,,,,,,,,,,,,,
190,1,"Evaluate the gross profit for INF in Three Months Ended July 31, 2025 .",gross_profit,"{""derived"": ""gross_profit"", ""expanded"": {""op"": ""diff"", ""left"": {""leaf"": ""3618_total_revenues_current_quarter"", ""depth"": 0}, ""right"": {""leaf"": ""3622_cost_of_sales_current_quarter"", ""depth"": 0}, ""depth"": 1}, ""depth"": 1}","{""kind"": ""derived_concept"", ""name"": ""gross_profit"", ""depth"": 0}",8114.0,4,0,1,903273028,448484824,42,0.33,0,1,2,3618_total_revenues_current_quarter,total_revenues,total revenues,INF,"Three Months Ended July 31, 2025",M_USD,15684.0,3622_cost_of_sales_current_quarter,cost_of_sales,cost of sales,INF,"Three Months Ended July 31, 2025",M_USD,7570.0,,,,,,,,,,,,,,,,,,,,,,,,,,,,,,,,,,,,,,,,,,,,,,,,,,,,,,,,,,,,,,,,,,,,,,,,,,,,,,,,,,,,
191,1,"which result follows from the minimum of accounts payable for MED from December 31, 2024 to October 31, 2025","min(1289_accounts_payable_prior_fy_end, 1288_accounts_payable_current_quarter_end)","{""op"": ""min"", ""left"": {""leaf"": ""1289_accounts_payable_prior_fy_end"", ""depth"": 0}, ""right"": {""leaf"": ""1288_accounts_payable_current_quarter_end"", ""depth"": 0}, ""depth"": 1}","{""kind"": ""time_agg"", ""op"": ""min"", ""depth"": 0}",2396.0,4,0,1,549911488,863483699,42,0.281,0,1,2,1289_accounts_payable_prior_fy_end,accounts_payable,accounts payable,MED,"December 31, 2024",M_USD,2396.0,1288_accounts_payable_current_quarter_end,accounts_payable,accounts payable,MED,"October 31, 2025",M_USD,2572.0,,,,,,,,,,,,,,,,,,,,,,,,,,,,,,,,,,,,,,,,,,,,,,,,,,,,,,,,,,,,,,,,,,,,,,,,,,,,,,,,,,,,
192,1,"calculate the minimum of proceeds from maturities of securities for TRD from Six Months Ended July 31, 2024 to Six Months Ended July 31, 2025 .","min(2425_proceeds_from_maturities_of_securities_prior_ytd, 2424_proceeds_from_maturities_of_securities_current_ytd)","{""op"": ""min"", ""left"": {""leaf"": ""2425_proceeds_from_maturities_of_securities_prior_ytd"", ""depth"": 0}, ""right"": {""leaf"": ""2424_proceeds_from_maturities_of_securities_current_ytd"", ""depth"": 0}, ""depth"": 1}","{""kind"": ""time_agg"", ""op"": ""min"", ""depth"": 0}",358.0,1,0,1,947109223,895525718,42,0.144,0,1,2,2425_proceeds_from_maturities_of_securities_prior_ytd,proceeds_from_maturities_of_securities,proceeds from maturities of securities,TRD,"Six Months Ended July 31, 2024",M_USD,378.0,2424_proceeds_from_maturities_of_securities_current_ytd,proceeds_from_maturities_of_securities,proceeds from maturities of securities,TRD,"Six Months Ended July 31, 2025",M_USD,358.0,,,,,,,,,,,,,,,,,,,,,,,,,,,,,,,,,,,,,,,,,,,,,,,,,,,,,,,,,,,,,,,,,,,,,,,,,,,,,,,,,,,,
195,1,"What is the minimum of selling general and administrative for BLD from Six Months Ended July 31, 2024 to Six Months Ended July 31, 2025 ?","min(2657_selling_general_and_administrative_prior_year_ytd, 2656_selling_general_and_administrative_current_ytd)","{""op"": ""min"", ""left"": {""leaf"": ""2657_selling_general_and_administrative_prior_year_ytd"", ""depth"": 0}, ""right"": {""leaf"": ""2656_selling_general_and_administrative_current_ytd"", ""depth"": 0}, ""depth"": 1}","{""kind"": ""time_agg"", ""op"": ""min"", ""depth"": 0}",1450.0,1,0,1,749194074,975235389,42,0.386,0,1,2,2657_selling_general_and_administrative_prior_year_ytd,selling_general_and_administrative,selling general and administrative,BLD,"Six Months Ended July 31, 2024",M_USD,1608.0,2656_selling_general_and_administrative_current_ytd,selling_general_and_administrative,selling general and administrative,BLD,"Six Months Ended July 31, 2025",M_USD,1450.0,,,,,,,,,,,,,,,,,,,,,,,,,,,,,,,,,,,,,,,,,,,,,,,,,,,,,,,,,,,,,,,,,,,,,,,,,,,,,,,,,,,,
196,1,"you should give the operating income for SCI in Three Months Ended July 31, 2025.",operating_income,"{""derived"": ""operating_income"", ""expanded"": {""op"": ""diff"", ""left"": {""leaf"": ""5138_total_revenues_current_quarter"", ""depth"": 0}, ""right"": {""leaf"": ""5158_total_costs_and_expenses_current_quarter"", ""depth"": 0}, ""depth"": 1}, ""depth"": 1}","{""kind"": ""derived_concept"", ""name"": ""operating_income"", ""depth"": 0}",1019.0,5,0,1,834211109,770307182,42,0.594,0,1,2,5138_total_revenues_current_quarter,total_revenues,total revenues,SCI,"Three Months Ended July 31, 2025",M_USD,5449.0,5158_total_costs_and_expenses_current_quarter,total_costs_and_expenses,total costs and expenses,SCI,"Three Months Ended July 31, 2025",M_USD,4430.0,,,,,,,,,,,,,,,,,,,,,,,,,,,,,,,,,,,,,,,,,,,,,,,,,,,,,,,,,,,,,,,,,,,,,,,,,,,,,,,,,,,,
197,1,"Which quantity is given by the minimum of provision for income taxes for MED from Nine Months Ended October 31, 2024 to Nine Months Ended October 31, 2025","min(1251_provision_for_income_taxes_prior_year_ytd, 1250_provision_for_income_taxes_current_ytd)","{""op"": ""min"", ""left"": {""leaf"": ""1251_provision_for_income_taxes_prior_year_ytd"", ""depth"": 0}, ""right"": {""leaf"": ""1250_provision_for_income_taxes_current_ytd"", ""depth"": 0}, ""depth"": 1}","{""kind"": ""time_agg"", ""op"": ""min"", ""depth"": 0}",582.0,5,0,1,284296673,698646390,42,0.392,0,1,2,1251_provision_for_income_taxes_prior_year_ytd,provision_for_income_taxes,provision for income taxes,MED,"Nine Months Ended October 31, 2024",M_USD,606.0,1250_provision_for_income_taxes_current_ytd,provision_for_income_taxes,provision for income taxes,MED,"Nine Months Ended October 31, 2025",M_USD,582.0,,,,,,,,,,,,,,,,,,,,,,,,,,,,,,,,,,,,,,,,,,,,,,,,,,,,,,,,,,,,,,,,,,,,,,,,,,,,,,,,,,,,
198,1,"give the maximum of property plant and equipment net for SKY from December 31, 2024 to April 30, 2025 .","max(5850_property_plant_and_equipment_net_current_quarter_end, 5851_property_plant_and_equipment_net_prior_fy_end)","{""op"": ""max"", ""left"": {""leaf"": ""5850_property_plant_and_equipment_net_current_quarter_end"", ""depth"": 0}, ""right"": {""leaf"": ""5851_property_plant_and_equipment_net_prior_fy_end"", ""depth"": 0}, ""depth"": 1}","{""kind"": ""time_agg"", ""op"": ""max"", ""depth"": 0}",4844.0,5,0,1,59954031,486195859,42,0.306,0,1,2,5850_property_plant_and_equipment_net_current_quarter_end,property_plant_and_equipment_net,property plant and equipment net,SKY,"April 30, 2025",M_USD,4815.0,5851_property_plant_and_equipment_net_prior_fy_end,property_plant_and_equipment_net,property plant and equipment net,SKY,"December 31, 2024",M_USD,4844.0,,,,,,,,,,,,,,,,,,,,,,,,,,,,,,,,,,,,,,,,,,,,,,,,,,,,,,,,,,,,,,,,,,,,,,,,,,,,,,,,,,,,
200,1,"may you calculate the maximum of other non current assets for PRD from December 31, 2024 to October 31, 2025 ?","max(1909_other_non_current_assets_prior_fy_end, 1908_other_non_current_assets_current_quarter_end)","{""op"": ""max"", ""left"": {""leaf"": ""1909_other_non_current_assets_prior_fy_end"", ""depth"": 0}, ""right"": {""leaf"": ""1908_other_non_current_assets_current_quarter_end"", ""depth"": 0}, ""depth"": 1}","{""kind"": ""time_agg"", ""op"": ""max"", ""depth"": 0}",1267.0,3,0,1,675705488,751904849,42,0.508,0,1,2,1909_other_non_current_assets_prior_fy_end,other_non_current_assets,other non current assets,PRD,"December 31, 2024",M_USD,1145.0,1908_other_non_current_assets_current_quarter_end,other_non_current_assets,other non current assets,PRD,"October 31, 2025",M_USD,1267.0,,,,,,,,,,,,,,,,,,,,,,,,,,,,,,,,,,,,,,,,,,,,,,,,,,,,,,,,,,,,,,,,,,,,,,,,,,,,,,,,,,,,
202,1,"State the gross profit for VRX in Six Months Ended July 31, 2024.",gross_profit,"{""derived"": ""gross_profit"", ""expanded"": {""op"": ""diff"", ""left"": {""leaf"": ""2961_total_revenues_prior_year_ytd"", ""depth"": 0}, ""right"": {""leaf"": ""2965_cost_of_sales_prior_year_ytd"", ""depth"": 0}, ""depth"": 1}, ""depth"": 1}","{""kind"": ""derived_concept"", ""name"": ""gross_profit"", ""depth"": 0}",21692.0,5,0,1,306111860,243111206,42,0.54,0,1,2,2961_total_revenues_prior_year_ytd,total_revenues,total revenues,VRX,"Six Months Ended July 31, 2024",M_USD,34142.0,2965_cost_of_sales_prior_year_ytd,cost_of_sales,cost of sales,VRX,"Six Months Ended July 31, 2024",M_USD,12450.0,,,,,,,,,,,,,,,,,,,,,,,,,,,,,,,,,,,,,,,,,,,,,,,,,,,,,,,,,,,,,,,,,,,,,,,,,,,,,,,,,,,,
203,1,"What would be the free cash flow for CRZ in Nine Months Ended October 31, 2025",free_cash_flow,"{""derived"": ""free_cash_flow"", ""expanded"": {""op"": ""sum"", ""left"": {""leaf"": ""5064_net_cash_from_operating_current_ytd"", ""depth"": 0}, ""right"": {""leaf"": ""5066_capital_expenditures_current_ytd"", ""depth"": 0}, ""depth"": 1}, ""depth"": 1}","{""kind"": ""derived_concept"", ""name"": ""free_cash_flow"", ""depth"": 0}",2525.0,5,0,1,572496167,689927700,42,0.391,0,1,2,5064_net_cash_from_operating_current_ytd,net_cash_from_operating,net cash from operating,CRZ,"Nine Months Ended October 31, 2025",M_USD,4319.0,5066_capital_expenditures_current_ytd,capital_expenditures,capital expenditures,CRZ,"Nine Months Ended October 31, 2025",M_USD,-1794.0,,,,,,,,,,,,,,,,,,,,,,,,,,,,,,,,,,,,,,,,,,,,,,,,,,,,,,,,,,,,,,,,,,,,,,,,,,,,,,,,,,,,
207,1,"What does the following give: maximum of net cash from operating for GRD from Six Months Ended July 31, 2024 to Six Months Ended July 31, 2025 ?","max(403_net_cash_from_operating_prior_ytd, 402_net_cash_from_operating_current_ytd)","{""op"": ""max"", ""left"": {""leaf"": ""403_net_cash_from_operating_prior_ytd"", ""depth"": 0}, ""right"": {""leaf"": ""402_net_cash_from_operating_current_ytd"", ""depth"": 0}, ""depth"": 1}","{""kind"": ""time_agg"", ""op"": ""max"", ""depth"": 0}",3280.0,5,0,1,159323633,776889251,42,0.212,0,1,2,403_net_cash_from_operating_prior_ytd,net_cash_from_operating,net cash from operating,GRD,"Six Months Ended July 31, 2024",M_USD,3280.0,402_net_cash_from_operating_current_ytd,net_cash_from_operating,net cash from operating,GRD,"Six Months Ended July 31, 2025",M_USD,3089.0,,,,,,,,,,,,,,,,,,,,,,,,,,,,,,,,,,,,,,,,,,,,,,,,,,,,,,,,,,,,,,,,,,,,,,,,,,,,,,,,,,,,
208,1,"compute the maximum of total costs and expenses for BLD from Six Months Ended July 31, 2024 to Six Months Ended July 31, 2025.","max(2661_total_costs_and_expenses_prior_year_ytd, 2660_total_costs_and_expenses_current_ytd)","{""op"": ""max"", ""left"": {""leaf"": ""2661_total_costs_and_expenses_prior_year_ytd"", ""depth"": 0}, ""right"": {""leaf"": ""2660_total_costs_and_expenses_current_ytd"", ""depth"": 0}, ""depth"": 1}","{""kind"": ""time_agg"", ""op"": ""max"", ""depth"": 0}",19422.0,5,0,1,567757106,759112695,42,0.296,0,1,2,2661_total_costs_and_expenses_prior_year_ytd,total_costs_and_expenses,total costs and expenses,BLD,"Six Months Ended July 31, 2024",M_USD,19422.0,2660_total_costs_and_expenses_current_ytd,total_costs_and_expenses,total costs and expenses,BLD,"Six Months Ended July 31, 2025",M_USD,17504.0,,,,,,,,,,,,,,,,,,,,,,,,,,,,,,,,,,,,,,,,,,,,,,,,,,,,,,,,,,,,,,,,,,,,,,,,,,,,,,,,,,,,
209,1,"Give the minimum of shares used diluted for STR from Six Months Ended July 31, 2024 to Six Months Ended July 31, 2025","min(3407_shares_used_diluted_prior_year_ytd, 3406_shares_used_diluted_current_ytd)","{""op"": ""min"", ""left"": {""leaf"": ""3407_shares_used_diluted_prior_year_ytd"", ""depth"": 0}, ""right"": {""leaf"": ""3406_shares_used_diluted_current_ytd"", ""depth"": 0}, ""depth"": 1}","{""kind"": ""time_agg"", ""op"": ""min"", ""depth"": 0}",3040679.0,1,0,1,901495260,506111764,42,0.378,0,1,2,3407_shares_used_diluted_prior_year_ytd,shares_used_diluted,shares used diluted,STR,"Six Months Ended July 31, 2024",M_shares,3040679.0,3406_shares_used_diluted_current_ytd,shares_used_diluted,shares used diluted,STR,"Six Months Ended July 31, 2025",M_shares,3179656.0,,,,,,,,,,,,,,,,,,,,,,,,,,,,,,,,,,,,,,,,,,,,,,,,,,,,,,,,,,,,,,,,,,,,,,,,,,,,,,,,,,,,
212,1,"Determine the maximum of selling general and administrative for ZNX from Six Months Ended July 31, 2024 to Six Months Ended July 31, 2025","max(6255_selling_general_and_administrative_prior_year_ytd, 6254_selling_general_and_administrative_current_ytd)","{""op"": ""max"", ""left"": {""leaf"": ""6255_selling_general_and_administrative_prior_year_ytd"", ""depth"": 0}, ""right"": {""leaf"": ""6254_selling_general_and_administrative_current_ytd"", ""depth"": 0}, ""depth"": 1}","{""kind"": ""time_agg"", ""op"": ""max"", ""depth"": 0}",11854.0,5,0,1,547240037,773764645,42,0.3,0,1,2,6255_selling_general_and_administrative_prior_year_ytd,selling_general_and_administrative,selling general and administrative,ZNX,"Six Months Ended July 31, 2024",M_USD,11854.0,6254_selling_general_and_administrative_current_ytd,selling_general_and_administrative,selling general and administrative,ZNX,"Six Months Ended July 31, 2025",M_USD,11614.0,,,,,,,,,,,,,,,,,,,,,,,,,,,,,,,,,,,,,,,,,,,,,,,,,,,,,,,,,,,,,,,,,,,,,,,,,,,,,,,,,,,,
213,1,"state the maximum of accrued expenses and other for TRU from December 31, 2024 to July 31, 2025.","max(877_accrued_expenses_and_other_prior_fy_end, 876_accrued_expenses_and_other_current_quarter_end)","{""op"": ""max"", ""left"": {""leaf"": ""877_accrued_expenses_and_other_prior_fy_end"", ""depth"": 0}, ""right"": {""leaf"": ""876_accrued_expenses_and_other_current_quarter_end"", ""depth"": 0}, ""depth"": 1}","{""kind"": ""time_agg"", ""op"": ""max"", ""depth"": 0}",1272.0,4,0,1,584708979,345484075,42,0.145,0,1,2,877_accrued_expenses_and_other_prior_fy_end,accrued_expenses_and_other,accrued expenses and other,TRU,"December 31, 2024",M_USD,1149.0,876_accrued_expenses_and_other_current_quarter_end,accrued_expenses_and_other,accrued expenses and other,TRU,"July 31, 2025",M_USD,1272.0,,,,,,,,,,,,,,,,,,,,,,,,,,,,,,,,,,,,,,,,,,,,,,,,,,,,,,,,,,,,,,,,,,,,,,,,,,,,,,,,,,,,
214,1,"you should calculate the minimum of total non current assets for QRK from September 30, 2025 to April 30, 2026.","min(3510_total_non_current_assets_current_quarter_end, 3511_total_non_current_assets_prior_fy_end)","{""op"": ""min"", ""left"": {""leaf"": ""3510_total_non_current_assets_current_quarter_end"", ""depth"": 0}, ""right"": {""leaf"": ""3511_total_non_current_assets_prior_fy_end"", ""depth"": 0}, ""depth"": 1}","{""kind"": ""time_agg"", ""op"": ""min"", ""depth"": 0}",54500.0,5,0,1,264247146,421859610,42,0.121,0,1,2,3510_total_non_current_assets_current_quarter_end,total_non_current_assets,total non current assets,QRK,"April 30, 2026",M_USD,54500.0,3511_total_non_current_assets_prior_fy_end,total_non_current_assets,total non current assets,QRK,"September 30, 2025",M_USD,57656.0,,,,,,,,,,,,,,,,,,,,,,,,,,,,,,,,,,,,,,,,,,,,,,,,,,,,,,,,,,,,,,,,,,,,,,,,,,,,,,,,,,,,
215,1,"give the maximum of depreciation and amortization for STR from Six Months Ended July 31, 2024 to Six Months Ended July 31, 2025.","max(3365_depreciation_and_amortization_prior_ytd, 3364_depreciation_and_amortization_current_ytd)","{""op"": ""max"", ""left"": {""leaf"": ""3365_depreciation_and_amortization_prior_ytd"", ""depth"": 0}, ""right"": {""leaf"": ""3364_depreciation_and_amortization_current_ytd"", ""depth"": 0}, ""depth"": 1}","{""kind"": ""time_agg"", ""op"": ""max"", ""depth"": 0}",1826.0,5,0,1,959175018,112574430,42,0.6,0,1,2,3365_depreciation_and_amortization_prior_ytd,depreciation_and_amortization,depreciation and amortization,STR,"Six Months Ended July 31, 2024",M_USD,1663.0,3364_depreciation_and_amortization_current_ytd,depreciation_and_amortization,depreciation and amortization,STR,"Six Months Ended July 31, 2025",M_USD,1826.0,,,,,,,,,,,,,,,,,,,,,,,,,,,,,,,,,,,,,,,,,,,,,,,,,,,,,,,,,,,,,,,,,,,,,,,,,,,,,,,,,,,,
217,1,"Determine the gross profit for WHL in Six Months Ended July 31, 2025",gross_profit,"{""derived"": ""gross_profit"", ""expanded"": {""op"": ""diff"", ""left"": {""leaf"": ""7300_total_revenues_current_ytd"", ""depth"": 0}, ""right"": {""leaf"": ""7304_cost_of_sales_current_ytd"", ""depth"": 0}, ""depth"": 1}, ""depth"": 1}","{""kind"": ""derived_concept"", ""name"": ""gross_profit"", ""depth"": 0}",7180.0,2,0,1,806605556,382553091,42,0.278,0,1,2,7300_total_revenues_current_ytd,total_revenues,total revenues,WHL,"Six Months Ended July 31, 2025",M_USD,31134.0,7304_cost_of_sales_current_ytd,cost_of_sales,cost of sales,WHL,"Six Months Ended July 31, 2025",M_USD,23954.0,,,,,,,,,,,,,,,,,,,,,,,,,,,,,,,,,,,,,,,,,,,,,,,,,,,,,,,,,,,,,,,,,,,,,,,,,,,,,,,,,,,,
218,1,"what would be the minimum of total liabilities for CRZ from December 31, 2024 to October 31, 2025 ?","min(5059_total_liabilities_prior_fy_end, 5058_total_liabilities_current_quarter_end)","{""op"": ""min"", ""left"": {""leaf"": ""5059_total_liabilities_prior_fy_end"", ""depth"": 0}, ""right"": {""leaf"": ""5058_total_liabilities_current_quarter_end"", ""depth"": 0}, ""depth"": 1}","{""kind"": ""time_agg"", ""op"": ""min"", ""depth"": 0}",9563.0,1,0,1,805039950,299537351,42,0.501,0,1,2,5059_total_liabilities_prior_fy_end,total_liabilities,total liabilities,CRZ,"December 31, 2024",M_USD,9563.0,5058_total_liabilities_current_quarter_end,total_liabilities,total liabilities,CRZ,"October 31, 2025",M_USD,9979.0,,,,,,,,,,,,,,,,,,,,,,,,,,,,,,,,,,,,,,,,,,,,,,,,,,,,,,,,,,,,,,,,,,,,,,,,,,,,,,,,,,,,
220,1,"Could you give the maximum of current portion of long term debt for MTX from December 31, 2024 to October 31, 2025?","max(5393_current_portion_of_long_term_debt_prior_fy_end, 5392_current_portion_of_long_term_debt_current_quarter_end)","{""op"": ""max"", ""left"": {""leaf"": ""5393_current_portion_of_long_term_debt_prior_fy_end"", ""depth"": 0}, ""right"": {""leaf"": ""5392_current_portion_of_long_term_debt_current_quarter_end"", ""depth"": 0}, ""depth"": 1}","{""kind"": ""time_agg"", ""op"": ""max"", ""depth"": 0}",1087.0,1,0,1,566820349,455141926,42,0.512,0,1,2,5393_current_portion_of_long_term_debt_prior_fy_end,current_portion_of_long_term_debt,current portion of long term debt,MTX,"December 31, 2024",M_USD,937.0,5392_current_portion_of_long_term_debt_current_quarter_end,current_portion_of_long_term_debt,current portion of long term debt,MTX,"October 31, 2025",M_USD,1087.0,,,,,,,,,,,,,,,,,,,,,,,,,,,,,,,,,,,,,,,,,,,,,,,,,,,,,,,,,,,,,,,,,,,,,,,,,,,,,,,,,,,,
221,1,"Which value corresponds to the maximum of long term marketable securities for HLT from December 31, 2024 to October 31, 2025?","max(689_long_term_marketable_securities_prior_fy_end, 688_long_term_marketable_securities_current_quarter_end)","{""op"": ""max"", ""left"": {""leaf"": ""689_long_term_marketable_securities_prior_fy_end"", ""depth"": 0}, ""right"": {""leaf"": ""688_long_term_marketable_securities_current_quarter_end"", ""depth"": 0}, ""depth"": 1}","{""kind"": ""time_agg"", ""op"": ""max"", ""depth"": 0}",1310.0,5,0,1,783810899,689191955,42,0.293,0,1,2,689_long_term_marketable_securities_prior_fy_end,long_term_marketable_securities,long term marketable securities,HLT,"December 31, 2024",M_USD,1292.0,688_long_term_marketable_securities_current_quarter_end,long_term_marketable_securities,long term marketable securities,HLT,"October 31, 2025",M_USD,1310.0,,,,,,,,,,,,,,,,,,,,,,,,,,,,,,,,,,,,,,,,,,,,,,,,,,,,,,,,,,,,,,,,,,,,,,,,,,,,,,,,,,,,
222,1,"you should calculate the gross profit for JTX in Three Months Ended April 30, 2024 .",gross_profit,"{""derived"": ""gross_profit"", ""expanded"": {""op"": ""diff"", ""left"": {""leaf"": ""3955_total_revenues_prior_year_quarter"", ""depth"": 0}, ""right"": {""leaf"": ""3957_cost_of_sales_prior_year_quarter"", ""depth"": 0}, ""depth"": 1}, ""depth"": 1}","{""kind"": ""derived_concept"", ""name"": ""gross_profit"", ""depth"": 0}",3819.0,4,0,1,871983778,642696676,42,0.18,0,1,2,3955_total_revenues_prior_year_quarter,total_revenues,total revenues,JTX,"Three Months Ended April 30, 2024",M_USD,13323.0,3957_cost_of_sales_prior_year_quarter,cost_of_sales,cost of sales,JTX,"Three Months Ended April 30, 2024",M_USD,9504.0,,,,,,,,,,,,,,,,,,,,,,,,,,,,,,,,,,,,,,,,,,,,,,,,,,,,,,,,,,,,,,,,,,,,,,,,,,,,,,,,,,,,
225,1,"determine the maximum of total current assets for WHL from December 31, 2024 to July 31, 2025.","max(7357_total_current_assets_prior_fy_end, 7356_total_current_assets_current_quarter_end)","{""op"": ""max"", ""left"": {""leaf"": ""7357_total_current_assets_prior_fy_end"", ""depth"": 0}, ""right"": {""leaf"": ""7356_total_current_assets_current_quarter_end"", ""depth"": 0}, ""depth"": 1}","{""kind"": ""time_agg"", ""op"": ""max"", ""depth"": 0}",6799.0,2,0,1,775950369,65714543,42,0.149,0,1,2,7357_total_current_assets_prior_fy_end,total_current_assets,total current assets,WHL,"December 31, 2024",M_USD,6454.0,7356_total_current_assets_current_quarter_end,total_current_assets,total current assets,WHL,"July 31, 2025",M_USD,6799.0,,,,,,,,,,,,,,,,,,,,,,,,,,,,,,,,,,,,,,,,,,,,,,,,,,,,,,,,,,,,,,,,,,,,,,,,,,,,,,,,,,,,
226,1,"Which value corresponds to the maximum of provision for income taxes for INF from Three Months Ended July 31, 2024 to Three Months Ended July 31, 2025?","max(3651_provision_for_income_taxes_prior_year_quarter, 3650_provision_for_income_taxes_current_quarter)","{""op"": ""max"", ""left"": {""leaf"": ""3651_provision_for_income_taxes_prior_year_quarter"", ""depth"": 0}, ""right"": {""leaf"": ""3650_provision_for_income_taxes_current_quarter"", ""depth"": 0}, ""depth"": 1}","{""kind"": ""time_agg"", ""op"": ""max"", ""depth"": 0}",709.0,4,0,1,833563700,199407161,42,0.248,0,1,2,3651_provision_for_income_taxes_prior_year_quarter,provision_for_income_taxes,provision for income taxes,INF,"Three Months Ended July 31, 2024",M_USD,654.0,3650_provision_for_income_taxes_current_quarter,provision_for_income_taxes,provision for income taxes,INF,"Three Months Ended July 31, 2025",M_USD,709.0,,,,,,,,,,,,,,,,,,,,,,,,,,,,,,,,,,,,,,,,,,,,,,,,,,,,,,,,,,,,,,,,,,,,,,,,,,,,,,,,,,,,
230,1,"Give the operating income for SCI in Three Months Ended July 31, 2025",operating_income,"{""derived"": ""operating_income"", ""expanded"": {""op"": ""diff"", ""left"": {""leaf"": ""5138_total_revenues_current_quarter"", ""depth"": 0}, ""right"": {""leaf"": ""5158_total_costs_and_expenses_current_quarter"", ""depth"": 0}, ""depth"": 1}, ""depth"": 1}","{""kind"": ""derived_concept"", ""name"": ""operating_income"", ""depth"": 0}",1019.0,3,0,1,429287287,25845386,42,0.499,0,1,2,5138_total_revenues_current_quarter,total_revenues,total revenues,SCI,"Three Months Ended July 31, 2025",M_USD,5449.0,5158_total_costs_and_expenses_current_quarter,total_costs_and_expenses,total costs and expenses,SCI,"Three Months Ended July 31, 2025",M_USD,4430.0,,,,,,,,,,,,,,,,,,,,,,,,,,,,,,,,,,,,,,,,,,,,,,,,,,,,,,,,,,,,,,,,,,,,,,,,,,,,,,,,,,,,
231,1,"what does the following give: minimum of stock based compensation for GLP from Nine Months Ended October 31, 2024 to Nine Months Ended October 31, 2025","min(6989_stock_based_compensation_prior_ytd, 6988_stock_based_compensation_current_ytd)","{""op"": ""min"", ""left"": {""leaf"": ""6989_stock_based_compensation_prior_ytd"", ""depth"": 0}, ""right"": {""leaf"": ""6988_stock_based_compensation_current_ytd"", ""depth"": 0}, ""depth"": 1}","{""kind"": ""time_agg"", ""op"": ""min"", ""depth"": 0}",1812.0,1,0,1,684704189,346445855,42,0.522,0,1,2,6989_stock_based_compensation_prior_ytd,stock_based_compensation,stock based compensation,GLP,"Nine Months Ended October 31, 2024",M_USD,2008.0,6988_stock_based_compensation_current_ytd,stock_based_compensation,stock based compensation,GLP,"Nine Months Ended October 31, 2025",M_USD,1812.0,,,,,,,,,,,,,,,,,,,,,,,,,,,,,,,,,,,,,,,,,,,,,,,,,,,,,,,,,,,,,,,,,,,,,,,,,,,,,,,,,,,,
232,1,"What do we obtain as the minimum of goodwill for GBL from December 31, 2024 to April 30, 2025 ?","min(6804_goodwill_current_quarter_end, 6805_goodwill_prior_fy_end)","{""op"": ""min"", ""left"": {""leaf"": ""6804_goodwill_current_quarter_end"", ""depth"": 0}, ""right"": {""leaf"": ""6805_goodwill_prior_fy_end"", ""depth"": 0}, ""depth"": 1}","{""kind"": ""time_agg"", ""op"": ""min"", ""depth"": 0}",1727.0,2,0,1,754226243,346666309,42,0.486,0,1,2,6804_goodwill_current_quarter_end,goodwill,goodwill,GBL,"April 30, 2025",M_USD,2000.0,6805_goodwill_prior_fy_end,goodwill,goodwill,GBL,"December 31, 2024",M_USD,1727.0,,,,,,,,,,,,,,,,,,,,,,,,,,,,,,,,,,,,,,,,,,,,,,,,,,,,,,,,,,,,,,,,,,,,,,,,,,,,,,,,,,,,
234,1,"May you calculate the minimum of accounts payable for PLZ from December 31, 2024 to July 31, 2025?","min(2075_accounts_payable_prior_fy_end, 2074_accounts_payable_current_quarter_end)","{""op"": ""min"", ""left"": {""leaf"": ""2075_accounts_payable_prior_fy_end"", ""depth"": 0}, ""right"": {""leaf"": ""2074_accounts_payable_current_quarter_end"", ""depth"": 0}, ""depth"": 1}","{""kind"": ""time_agg"", ""op"": ""min"", ""depth"": 0}",21700.0,5,0,1,165699765,631346991,42,0.496,0,1,2,2075_accounts_payable_prior_fy_end,accounts_payable,accounts payable,PLZ,"December 31, 2024",M_USD,21700.0,2074_accounts_payable_current_quarter_end,accounts_payable,accounts payable,PLZ,"July 31, 2025",M_USD,22287.0,,,,,,,,,,,,,,,,,,,,,,,,,,,,,,,,,,,,,,,,,,,,,,,,,,,,,,,,,,,,,,,,,,,,,,,,,,,,,,,,,,,,
235,1,"State the maximum of provision for income taxes for TXN from Three Months Ended April 30, 2024 to Three Months Ended April 30, 2025 .","max(7601_provision_for_income_taxes_prior_year_quarter, 7600_provision_for_income_taxes_current_quarter)","{""op"": ""max"", ""left"": {""leaf"": ""7601_provision_for_income_taxes_prior_year_quarter"", ""depth"": 0}, ""right"": {""leaf"": ""7600_provision_for_income_taxes_current_quarter"", ""depth"": 0}, ""depth"": 1}","{""kind"": ""time_agg"", ""op"": ""max"", ""depth"": 0}",6053.0,5,0,1,531966288,484192935,42,0.194,0,1,2,7601_provision_for_income_taxes_prior_year_quarter,provision_for_income_taxes,provision for income taxes,TXN,"Three Months Ended April 30, 2024",M_USD,6053.0,7600_provision_for_income_taxes_current_quarter,provision_for_income_taxes,provision for income taxes,TXN,"Three Months Ended April 30, 2025",M_USD,5233.0,,,,,,,,,,,,,,,,,,,,,,,,,,,,,,,,,,,,,,,,,,,,,,,,,,,,,,,,,,,,,,,,,,,,,,,,,,,,,,,,,,,,
237,1,"evaluate the minimum of cost of sales for MTX from Three Months Ended October 31, 2024 to Three Months Ended October 31, 2025","min(5319_cost_of_sales_prior_year_quarter, 5318_cost_of_sales_current_quarter)","{""op"": ""min"", ""left"": {""leaf"": ""5319_cost_of_sales_prior_year_quarter"", ""depth"": 0}, ""right"": {""leaf"": ""5318_cost_of_sales_current_quarter"", ""depth"": 0}, ""depth"": 1}","{""kind"": ""time_agg"", ""op"": ""min"", ""depth"": 0}",17734.0,4,0,1,884861600,40365781,42,0.496,0,1,2,5319_cost_of_sales_prior_year_quarter,cost_of_sales,cost of sales,MTX,"Three Months Ended October 31, 2024",M_USD,17966.0,5318_cost_of_sales_current_quarter,cost_of_sales,cost of sales,MTX,"Three Months Ended October 31, 2025",M_USD,17734.0,,,,,,,,,,,,,,,,,,,,,,,,,,,,,,,,,,,,,,,,,,,,,,,,,,,,,,,,,,,,,,,,,,,,,,,,,,,,,,,,,,,,
239,1,"whats the value of the free cash flow for CRF in Nine Months Ended October 31, 2024",free_cash_flow,"{""derived"": ""free_cash_flow"", ""expanded"": {""op"": ""sum"", ""left"": {""leaf"": ""1777_net_cash_from_operating_prior_ytd"", ""depth"": 0}, ""right"": {""leaf"": ""1779_capital_expenditures_prior_ytd"", ""depth"": 0}, ""depth"": 1}, ""depth"": 1}","{""kind"": ""derived_concept"", ""name"": ""free_cash_flow"", ""depth"": 0}",5803.0,4,0,1,734851529,543922629,42,0.576,0,1,2,1777_net_cash_from_operating_prior_ytd,net_cash_from_operating,net cash from operating,CRF,"Nine Months Ended October 31, 2024",M_USD,7127.0,1779_capital_expenditures_prior_ytd,capital_expenditures,capital expenditures,CRF,"Nine Months Ended October 31, 2024",M_USD,-1324.0,,,,,,,,,,,,,,,,,,,,,,,,,,,,,,,,,,,,,,,,,,,,,,,,,,,,,,,,,,,,,,,,,,,,,,,,,,,,,,,,,,,,
240,1,"which quantity is given by the maximum of long term debt for MRK from December 31, 2024 to April 30, 2025","max(7106_long_term_debt_current_quarter_end, 7107_long_term_debt_prior_fy_end)","{""op"": ""max"", ""left"": {""leaf"": ""7106_long_term_debt_current_quarter_end"", ""depth"": 0}, ""right"": {""leaf"": ""7107_long_term_debt_prior_fy_end"", ""depth"": 0}, ""depth"": 1}","{""kind"": ""time_agg"", ""op"": ""max"", ""depth"": 0}",9879.0,1,0,1,462732680,294846466,42,0.103,0,1,2,7106_long_term_debt_current_quarter_end,long_term_debt,long term debt,MRK,"April 30, 2025",M_USD,9879.0,7107_long_term_debt_prior_fy_end,long_term_debt,long term debt,MRK,"December 31, 2024",M_USD,9292.0,,,,,,,,,,,,,,,,,,,,,,,,,,,,,,,,,,,,,,,,,,,,,,,,,,,,,,,,,,,,,,,,,,,,,,,,,,,,,,,,,,,,
244,1,"determine the gross profit for WHL in Six Months Ended July 31, 2024.",gross_profit,"{""derived"": ""gross_profit"", ""expanded"": {""op"": ""diff"", ""left"": {""leaf"": ""7301_total_revenues_prior_year_ytd"", ""depth"": 0}, ""right"": {""leaf"": ""7305_cost_of_sales_prior_year_ytd"", ""depth"": 0}, ""depth"": 1}, ""depth"": 1}","{""kind"": ""derived_concept"", ""name"": ""gross_profit"", ""depth"": 0}",7946.0,2,0,1,928820233,241899474,42,0.269,0,1,2,7301_total_revenues_prior_year_ytd,total_revenues,total revenues,WHL,"Six Months Ended July 31, 2024",M_USD,34454.0,7305_cost_of_sales_prior_year_ytd,cost_of_sales,cost of sales,WHL,"Six Months Ended July 31, 2024",M_USD,26508.0,,,,,,,,,,,,,,,,,,,,,,,,,,,,,,,,,,,,,,,,,,,,,,,,,,,,,,,,,,,,,,,,,,,,,,,,,,,,,,,,,,,,
245,1,"what do we obtain as the minimum of stock based compensation for FNB from Nine Months Ended October 31, 2024 to Nine Months Ended October 31, 2025 ?","min(6169_stock_based_compensation_prior_ytd, 6168_stock_based_compensation_current_ytd)","{""op"": ""min"", ""left"": {""leaf"": ""6169_stock_based_compensation_prior_ytd"", ""depth"": 0}, ""right"": {""leaf"": ""6168_stock_based_compensation_current_ytd"", ""depth"": 0}, ""depth"": 1}","{""kind"": ""time_agg"", ""op"": ""min"", ""depth"": 0}",276.0,1,0,1,741436988,478986627,42,0.5,0,1,2,6169_stock_based_compensation_prior_ytd,stock_based_compensation,stock based compensation,FNB,"Nine Months Ended October 31, 2024",M_USD,302.0,6168_stock_based_compensation_current_ytd,stock_based_compensation,stock based compensation,FNB,"Nine Months Ended October 31, 2025",M_USD,276.0,,,,,,,,,,,,,,,,,,,,,,,,,,,,,,,,,,,,,,,,,,,,,,,,,,,,,,,,,,,,,,,,,,,,,,,,,,,,,,,,,,,,
246,1,"Calculate the maximum of total assets for AST from December 31, 2024 to July 31, 2025.","max(4877_total_assets_prior_fy_end, 4876_total_assets_current_quarter_end)","{""op"": ""max"", ""left"": {""leaf"": ""4877_total_assets_prior_fy_end"", ""depth"": 0}, ""right"": {""leaf"": ""4876_total_assets_current_quarter_end"", ""depth"": 0}, ""depth"": 1}","{""kind"": ""time_agg"", ""op"": ""max"", ""depth"": 0}",27214.0,5,0,1,334126591,394755256,42,0.369,0,1,2,4877_total_assets_prior_fy_end,total_assets,total assets,AST,"December 31, 2024",M_USD,27044.0,4876_total_assets_current_quarter_end,total_assets,total assets,AST,"July 31, 2025",M_USD,27214.0,,,,,,,,,,,,,,,,,,,,,,,,,,,,,,,,,,,,,,,,,,,,,,,,,,,,,,,,,,,,,,,,,,,,,,,,,,,,,,,,,,,,
250,1,"Evaluate the operating income for NVH in Nine Months Ended October 31, 2024",operating_income,"{""derived"": ""operating_income"", ""expanded"": {""op"": ""diff"", ""left"": {""leaf"": ""6591_total_revenues_prior_year_ytd"", ""depth"": 0}, ""right"": {""leaf"": ""6611_total_costs_and_expenses_prior_year_ytd"", ""depth"": 0}, ""depth"": 1}, ""depth"": 1}","{""kind"": ""derived_concept"", ""name"": ""operating_income"", ""depth"": 0}",12366.0,3,0,1,114001826,145576909,42,0.271,0,1,2,6591_total_revenues_prior_year_ytd,total_revenues,total revenues,NVH,"Nine Months Ended October 31, 2024",M_USD,60279.0,6611_total_costs_and_expenses_prior_year_ytd,total_costs_and_expenses,total costs and expenses,NVH,"Nine Months Ended October 31, 2024",M_USD,47913.0,,,,,,,,,,,,,,,,,,,,,,,,,,,,,,,,,,,,,,,,,,,,,,,,,,,,,,,,,,,,,,,,,,,,,,,,,,,,,,,,,,,,
251,1,"Determine the maximum of stock based compensation for WHL from Six Months Ended July 31, 2024 to Six Months Ended July 31, 2025.","max(7399_stock_based_compensation_prior_ytd, 7398_stock_based_compensation_current_ytd)","{""op"": ""max"", ""left"": {""leaf"": ""7399_stock_based_compensation_prior_ytd"", ""depth"": 0}, ""right"": {""leaf"": ""7398_stock_based_compensation_current_ytd"", ""depth"": 0}, ""depth"": 1}","{""kind"": ""time_agg"", ""op"": ""max"", ""depth"": 0}",419.0,2,0,1,26776473,589532168,42,0.556,0,1,2,7399_stock_based_compensation_prior_ytd,stock_based_compensation,stock based compensation,WHL,"Six Months Ended July 31, 2024",M_USD,419.0,7398_stock_based_compensation_current_ytd,stock_based_compensation,stock based compensation,WHL,"Six Months Ended July 31, 2025",M_USD,379.0,,,,,,,,,,,,,,,,,,,,,,,,,,,,,,,,,,,,,,,,,,,,,,,,,,,,,,,,,,,,,,,,,,,,,,,,,,,,,,,,,,,,
252,1,"May you give the maximum of deferred revenue current for SCI from December 31, 2024 to July 31, 2025?","max(5213_deferred_revenue_current_prior_fy_end, 5212_deferred_revenue_current_current_quarter_end)","{""op"": ""max"", ""left"": {""leaf"": ""5213_deferred_revenue_current_prior_fy_end"", ""depth"": 0}, ""right"": {""leaf"": ""5212_deferred_revenue_current_current_quarter_end"", ""depth"": 0}, ""depth"": 1}","{""kind"": ""time_agg"", ""op"": ""max"", ""depth"": 0}",338.0,4,0,1,926609381,378472089,42,0.275,0,1,2,5213_deferred_revenue_current_prior_fy_end,deferred_revenue_current,deferred revenue current,SCI,"December 31, 2024",M_USD,295.0,5212_deferred_revenue_current_current_quarter_end,deferred_revenue_current,deferred revenue current,SCI,"July 31, 2025",M_USD,338.0,,,,,,,,,,,,,,,,,,,,,,,,,,,,,,,,,,,,,,,,,,,,,,,,,,,,,,,,,,,,,,,,,,,,,,,,,,,,,,,,,,,,
254,1,"What is the value of the gross profit for CAP in Three Months Ended October 31, 2024?",gross_profit,"{""derived"": ""gross_profit"", ""expanded"": {""op"": ""diff"", ""left"": {""leaf"": ""5651_total_revenues_prior_year_quarter"", ""depth"": 0}, ""right"": {""leaf"": ""5655_cost_of_sales_prior_year_quarter"", ""depth"": 0}, ""depth"": 1}, ""depth"": 1}","{""kind"": ""derived_concept"", ""name"": ""gross_profit"", ""depth"": 0}",13935.0,5,0,1,936926618,287406296,42,0.199,0,1,2,5651_total_revenues_prior_year_quarter,total_revenues,total revenues,CAP,"Three Months Ended October 31, 2024",M_USD,23390.0,5655_cost_of_sales_prior_year_quarter,cost_of_sales,cost of sales,CAP,"Three Months Ended October 31, 2024",M_USD,9455.0,,,,,,,,,,,,,,,,,,,,,,,,,,,,,,,,,,,,,,,,,,,,,,,,,,,,,,,,,,,,,,,,,,,,,,,,,,,,,,,,,,,,
255,1,"May you give the operating income for PRD in Three Months Ended October 31, 2025?",operating_income,"{""derived"": ""operating_income"", ""expanded"": {""op"": ""diff"", ""left"": {""leaf"": ""1842_total_revenues_current_quarter"", ""depth"": 0}, ""right"": {""leaf"": ""1862_total_costs_and_expenses_current_quarter"", ""depth"": 0}, ""depth"": 1}, ""depth"": 1}","{""kind"": ""derived_concept"", ""name"": ""operating_income"", ""depth"": 0}",4091.0,4,0,1,571243180,288986794,42,0.332,0,1,2,1842_total_revenues_current_quarter,total_revenues,total revenues,PRD,"Three Months Ended October 31, 2025",M_USD,21628.0,1862_total_costs_and_expenses_current_quarter,total_costs_and_expenses,total costs and expenses,PRD,"Three Months Ended October 31, 2025",M_USD,17537.0,,,,,,,,,,,,,,,,,,,,,,,,,,,,,,,,,,,,,,,,,,,,,,,,,,,,,,,,,,,,,,,,,,,,,,,,,,,,,,,,,,,,
256,1,"Compute the maximum of research and development for FNB from Nine Months Ended October 31, 2024 to Nine Months Ended October 31, 2025.","max(6083_research_and_development_prior_year_ytd, 6082_research_and_development_current_ytd)","{""op"": ""max"", ""left"": {""leaf"": ""6083_research_and_development_prior_year_ytd"", ""depth"": 0}, ""right"": {""leaf"": ""6082_research_and_development_current_ytd"", ""depth"": 0}, ""depth"": 1}","{""kind"": ""time_agg"", ""op"": ""max"", ""depth"": 0}",105.0,2,0,1,211606308,301038634,42,0.559,0,1,2,6083_research_and_development_prior_year_ytd,research_and_development,research and development,FNB,"Nine Months Ended October 31, 2024",M_USD,105.0,6082_research_and_development_current_ytd,research_and_development,research and development,FNB,"Nine Months Ended October 31, 2025",M_USD,96.0,,,,,,,,,,,,,,,,,,,,,,,,,,,,,,,,,,,,,,,,,,,,,,,,,,,,,,,,,,,,,,,,,,,,,,,,,,,,,,,,,,,,
257,1,"Give the minimum of accounts receivable net for STR from December 31, 2024 to July 31, 2025 .","min(3319_accounts_receivable_net_prior_fy_end, 3318_accounts_receivable_net_current_quarter_end)","{""op"": ""min"", ""left"": {""leaf"": ""3319_accounts_receivable_net_prior_fy_end"", ""depth"": 0}, ""right"": {""leaf"": ""3318_accounts_receivable_net_current_quarter_end"", ""depth"": 0}, ""depth"": 1}","{""kind"": ""time_agg"", ""op"": ""min"", ""depth"": 0}",1728.0,2,0,1,24867468,706450849,42,0.58,0,1,2,3319_accounts_receivable_net_prior_fy_end,accounts_receivable_net,accounts receivable net,STR,"December 31, 2024",M_USD,1769.0,3318_accounts_receivable_net_current_quarter_end,accounts_receivable_net,accounts receivable net,STR,"July 31, 2025",M_USD,1728.0,,,,,,,,,,,,,,,,,,,,,,,,,,,,,,,,,,,,,,,,,,,,,,,,,,,,,,,,,,,,,,,,,,,,,,,,,,,,,,,,,,,,
259,1,"Which result follows from the maximum of current portion of long term debt for INF from December 31, 2024 to July 31, 2025","max(3697_current_portion_of_long_term_debt_prior_fy_end, 3696_current_portion_of_long_term_debt_current_quarter_end)","{""op"": ""max"", ""left"": {""leaf"": ""3697_current_portion_of_long_term_debt_prior_fy_end"", ""depth"": 0}, ""right"": {""leaf"": ""3696_current_portion_of_long_term_debt_current_quarter_end"", ""depth"": 0}, ""depth"": 1}","{""kind"": ""time_agg"", ""op"": ""max"", ""depth"": 0}",705.0,2,0,1,814360633,354991663,42,0.139,0,1,2,3697_current_portion_of_long_term_debt_prior_fy_end,current_portion_of_long_term_debt,current portion of long term debt,INF,"December 31, 2024",M_USD,704.0,3696_current_portion_of_long_term_debt_current_quarter_end,current_portion_of_long_term_debt,current portion of long term debt,INF,"July 31, 2025",M_USD,705.0,,,,,,,,,,,,,,,,,,,,,,,,,,,,,,,,,,,,,,,,,,,,,,,,,,,,,,,,,,,,,,,,,,,,,,,,,,,,,,,,,,,,
262,1,"whats the value of the operating income for CRF in Nine Months Ended October 31, 2025 ?",operating_income,"{""derived"": ""operating_income"", ""expanded"": {""op"": ""diff"", ""left"": {""leaf"": ""1684_total_revenues_current_ytd"", ""depth"": 0}, ""right"": {""leaf"": ""1704_total_costs_and_expenses_current_ytd"", ""depth"": 0}, ""depth"": 1}, ""depth"": 1}","{""kind"": ""derived_concept"", ""name"": ""operating_income"", ""depth"": 0}",5382.0,3,0,1,232180445,415850822,42,0.307,0,1,2,1684_total_revenues_current_ytd,total_revenues,total revenues,CRF,"Nine Months Ended October 31, 2025",M_USD,32649.0,1704_total_costs_and_expenses_current_ytd,total_costs_and_expenses,total costs and expenses,CRF,"Nine Months Ended October 31, 2025",M_USD,27267.0,,,,,,,,,,,,,,,,,,,,,,,,,,,,,,,,,,,,,,,,,,,,,,,,,,,,,,,,,,,,,,,,,,,,,,,,,,,,,,,,,,,,
266,1,"what does the following give: maximum of total liabilities for GRD from December 31, 2024 to July 31, 2025","max(397_total_liabilities_prior_fy_end, 396_total_liabilities_current_quarter_end)","{""op"": ""max"", ""left"": {""leaf"": ""397_total_liabilities_prior_fy_end"", ""depth"": 0}, ""right"": {""leaf"": ""396_total_liabilities_current_quarter_end"", ""depth"": 0}, ""depth"": 1}","{""kind"": ""time_agg"", ""op"": ""max"", ""depth"": 0}",10644.0,2,0,1,166148276,507001451,42,0.248,0,1,2,397_total_liabilities_prior_fy_end,total_liabilities,total liabilities,GRD,"December 31, 2024",M_USD,10644.0,396_total_liabilities_current_quarter_end,total_liabilities,total liabilities,GRD,"July 31, 2025",M_USD,9865.0,,,,,,,,,,,,,,,,,,,,,,,,,,,,,,,,,,,,,,,,,,,,,,,,,,,,,,,,,,,,,,,,,,,,,,,,,,,,,,,,,,,,
269,1,"what's the value of the maximum of Advertising revenue for CLD from Three Months Ended April 30, 2024 to Three Months Ended April 30, 2025 ?","max(3263_advertising_revenue_prior_year_quarter, 3259_advertising_revenue_current_quarter)","{""op"": ""max"", ""left"": {""leaf"": ""3263_advertising_revenue_prior_year_quarter"", ""depth"": 0}, ""right"": {""leaf"": ""3259_advertising_revenue_current_quarter"", ""depth"": 0}, ""depth"": 1}","{""kind"": ""time_agg"", ""op"": ""max"", ""depth"": 0}",2800.0,5,0,1,748673952,978525186,42,0.412,0,1,2,3263_advertising_revenue_prior_year_quarter,advertising_revenue,Advertising revenue,CLD,"Three Months Ended April 30, 2024",M_USD,2704.0,3259_advertising_revenue_current_quarter,advertising_revenue,Advertising revenue,CLD,"Three Months Ended April 30, 2025",M_USD,2800.0,,,,,,,,,,,,,,,,,,,,,,,,,,,,,,,,,,,,,,,,,,,,,,,,,,,,,,,,,,,,,,,,,,,,,,,,,,,,,,,,,,,,
271,1,"What would be the minimum of Advertising revenue for DTA from Three Months Ended April 30, 2024 to Three Months Ended April 30, 2025?","min(4511_advertising_revenue_prior_year_quarter, 4507_advertising_revenue_current_quarter)","{""op"": ""min"", ""left"": {""leaf"": ""4511_advertising_revenue_prior_year_quarter"", ""depth"": 0}, ""right"": {""leaf"": ""4507_advertising_revenue_current_quarter"", ""depth"": 0}, ""depth"": 1}","{""kind"": ""time_agg"", ""op"": ""min"", ""depth"": 0}",4219.0,1,0,1,391897069,47550454,42,0.383,0,1,2,4511_advertising_revenue_prior_year_quarter,advertising_revenue,Advertising revenue,DTA,"Three Months Ended April 30, 2024",M_USD,4219.0,4507_advertising_revenue_current_quarter,advertising_revenue,Advertising revenue,DTA,"Three Months Ended April 30, 2025",M_USD,4356.0,,,,,,,,,,,,,,,,,,,,,,,,,,,,,,,,,,,,,,,,,,,,,,,,,,,,,,,,,,,,,,,,,,,,,,,,,,,,,,,,,,,,
275,1,"what would be the gross profit for DTA in Three Months Ended April 30, 2024?",gross_profit,"{""derived"": ""gross_profit"", ""expanded"": {""op"": ""diff"", ""left"": {""leaf"": ""4383_total_revenues_prior_year_quarter"", ""depth"": 0}, ""right"": {""leaf"": ""4385_cost_of_sales_prior_year_quarter"", ""depth"": 0}, ""depth"": 1}, ""depth"": 1}","{""kind"": ""derived_concept"", ""name"": ""gross_profit"", ""depth"": 0}",8464.0,2,0,1,914194103,330052331,42,0.547,0,1,2,4383_total_revenues_prior_year_quarter,total_revenues,total revenues,DTA,"Three Months Ended April 30, 2024",M_USD,17902.0,4385_cost_of_sales_prior_year_quarter,cost_of_sales,cost of sales,DTA,"Three Months Ended April 30, 2024",M_USD,9438.0,,,,,,,,,,,,,,,,,,,,,,,,,,,,,,,,,,,,,,,,,,,,,,,,,,,,,,,,,,,,,,,,,,,,,,,,,,,,,,,,,,,,
276,1,"Could you give the minimum of opening cash and equivalents for MTX from Nine Months Ended October 31, 2024 to Nine Months Ended October 31, 2025 ?","min(5447_opening_cash_and_equivalents_prior_ytd, 5446_opening_cash_and_equivalents_current_ytd)","{""op"": ""min"", ""left"": {""leaf"": ""5447_opening_cash_and_equivalents_prior_ytd"", ""depth"": 0}, ""right"": {""leaf"": ""5446_opening_cash_and_equivalents_current_ytd"", ""depth"": 0}, ""depth"": 1}","{""kind"": ""time_agg"", ""op"": ""min"", ""depth"": 0}",1338.0,1,0,1,672682307,32825556,42,0.384,0,1,2,5447_opening_cash_and_equivalents_prior_ytd,opening_cash_and_equivalents,opening cash and equivalents,MTX,"Nine Months Ended October 31, 2024",M_USD,1356.0,5446_opening_cash_and_equivalents_current_ytd,opening_cash_and_equivalents,opening cash and equivalents,MTX,"Nine Months Ended October 31, 2025",M_USD,1338.0,,,,,,,,,,,,,,,,,,,,,,,,,,,,,,,,,,,,,,,,,,,,,,,,,,,,,,,,,,,,,,,,,,,,,,,,,,,,,,,,,,,,
277,1,"determine the maximum of total non current liabilities for WNG from December 31, 2024 to April 30, 2025.","max(7518_total_non_current_liabilities_current_quarter_end, 7519_total_non_current_liabilities_prior_fy_end)","{""op"": ""max"", ""left"": {""leaf"": ""7518_total_non_current_liabilities_current_quarter_end"", ""depth"": 0}, ""right"": {""leaf"": ""7519_total_non_current_liabilities_prior_fy_end"", ""depth"": 0}, ""depth"": 1}","{""kind"": ""time_agg"", ""op"": ""max"", ""depth"": 0}",9483.0,1,0,1,10183118,645756371,42,0.309,0,1,2,7518_total_non_current_liabilities_current_quarter_end,total_non_current_liabilities,total non current liabilities,WNG,"April 30, 2025",M_USD,9483.0,7519_total_non_current_liabilities_prior_fy_end,total_non_current_liabilities,total non current liabilities,WNG,"December 31, 2024",M_USD,8214.0,,,,,,,,,,,,,,,,,,,,,,,,,,,,,,,,,,,,,,,,,,,,,,,,,,,,,,,,,,,,,,,,,,,,,,,,,,,,,,,,,,,,
278,1,"You should calculate the maximum of property plant and equipment net for TRU from December 31, 2024 to July 31, 2025 .","max(863_property_plant_and_equipment_net_prior_fy_end, 862_property_plant_and_equipment_net_current_quarter_end)","{""op"": ""max"", ""left"": {""leaf"": ""863_property_plant_and_equipment_net_prior_fy_end"", ""depth"": 0}, ""right"": {""leaf"": ""862_property_plant_and_equipment_net_current_quarter_end"", ""depth"": 0}, ""depth"": 1}","{""kind"": ""time_agg"", ""op"": ""max"", ""depth"": 0}",1247.0,2,0,1,280997218,637694585,42,0.561,0,1,2,863_property_plant_and_equipment_net_prior_fy_end,property_plant_and_equipment_net,property plant and equipment net,TRU,"December 31, 2024",M_USD,1127.0,862_property_plant_and_equipment_net_current_quarter_end,property_plant_and_equipment_net,property plant and equipment net,TRU,"July 31, 2025",M_USD,1247.0,,,,,,,,,,,,,,,,,,,,,,,,,,,,,,,,,,,,,,,,,,,,,,,,,,,,,,,,,,,,,,,,,,,,,,,,,,,,,,,,,,,,
281,1,"what do we obtain as the maximum of total costs and expenses for FIN from Three Months Ended April 30, 2024 to Three Months Ended April 30, 2025 ?","max(4089_total_costs_and_expenses_prior_year_quarter, 4088_total_costs_and_expenses_current_quarter)","{""op"": ""max"", ""left"": {""leaf"": ""4089_total_costs_and_expenses_prior_year_quarter"", ""depth"": 0}, ""right"": {""leaf"": ""4088_total_costs_and_expenses_current_quarter"", ""depth"": 0}, ""depth"": 1}","{""kind"": ""time_agg"", ""op"": ""max"", ""depth"": 0}",9613.0,1,0,1,286445481,680805896,42,0.237,0,1,2,4089_total_costs_and_expenses_prior_year_quarter,total_costs_and_expenses,total costs and expenses,FIN,"Three Months Ended April 30, 2024",M_USD,9613.0,4088_total_costs_and_expenses_current_quarter,total_costs_and_expenses,total costs and expenses,FIN,"Three Months Ended April 30, 2025",M_USD,9170.0,,,,,,,,,,,,,,,,,,,,,,,,,,,,,,,,,,,,,,,,,,,,,,,,,,,,,,,,,,,,,,,,,,,,,,,,,,,,,,,,,,,,
282,1,"Which quantity is given by the operating income for MED in Three Months Ended October 31, 2025?",operating_income,"{""derived"": ""operating_income"", ""expanded"": {""op"": ""diff"", ""left"": {""leaf"": ""1216_total_revenues_current_quarter"", ""depth"": 0}, ""right"": {""leaf"": ""1236_total_costs_and_expenses_current_quarter"", ""depth"": 0}, ""depth"": 1}, ""depth"": 1}","{""kind"": ""derived_concept"", ""name"": ""operating_income"", ""depth"": 0}",958.0,4,0,1,952270601,681895408,42,0.503,0,1,2,1216_total_revenues_current_quarter,total_revenues,total revenues,MED,"Three Months Ended October 31, 2025",M_USD,6997.0,1236_total_costs_and_expenses_current_quarter,total_costs_and_expenses,total costs and expenses,MED,"Three Months Ended October 31, 2025",M_USD,6039.0,,,,,,,,,,,,,,,,,,,,,,,,,,,,,,,,,,,,,,,,,,,,,,,,,,,,,,,,,,,,,,,,,,,,,,,,,,,,,,,,,,,,
283,1,"What is the value of the maximum of Non-interest income for CAP from Nine Months Ended October 31, 2024 to Nine Months Ended October 31, 2025","max(5813_non_interest_income_prior_year_ytd, 5811_non_interest_income_current_ytd)","{""op"": ""max"", ""left"": {""leaf"": ""5813_non_interest_income_prior_year_ytd"", ""depth"": 0}, ""right"": {""leaf"": ""5811_non_interest_income_current_ytd"", ""depth"": 0}, ""depth"": 1}","{""kind"": ""time_agg"", ""op"": ""max"", ""depth"": 0}",14490.0,4,0,1,646932629,258127262,42,0.392,0,1,2,5813_non_interest_income_prior_year_ytd,non_interest_income,Non-interest income,CAP,"Nine Months Ended October 31, 2024",M_USD,13899.0,5811_non_interest_income_current_ytd,non_interest_income,Non-interest income,CAP,"Nine Months Ended October 31, 2025",M_USD,14490.0,,,,,,,,,,,,,,,,,,,,,,,,,,,,,,,,,,,,,,,,,,,,,,,,,,,,,,,,,,,,,,,,,,,,,,,,,,,,,,,,,,,,
285,1,"Could you give the maximum of other non current assets for NET from December 31, 2024 to October 31, 2025","max(6479_other_non_current_assets_prior_fy_end, 6478_other_non_current_assets_current_quarter_end)","{""op"": ""max"", ""left"": {""leaf"": ""6479_other_non_current_assets_prior_fy_end"", ""depth"": 0}, ""right"": {""leaf"": ""6478_other_non_current_assets_current_quarter_end"", ""depth"": 0}, ""depth"": 1}","{""kind"": ""time_agg"", ""op"": ""max"", ""depth"": 0}",1176.0,3,0,1,824813330,316771692,42,0.398,0,1,2,6479_other_non_current_assets_prior_fy_end,other_non_current_assets,other non current assets,NET,"December 31, 2024",M_USD,1176.0,6478_other_non_current_assets_current_quarter_end,other_non_current_assets,other non current assets,NET,"October 31, 2025",M_USD,1149.0,,,,,,,,,,,,,,,,,,,,,,,,,,,,,,,,,,,,,,,,,,,,,,,,,,,,,,,,,,,,,,,,,,,,,,,,,,,,,,,,,,,,
286,1,"What does the following give: minimum of shares used diluted for GLP from Three Months Ended October 31, 2024 to Three Months Ended October 31, 2025 ?","min(7027_shares_used_diluted_prior_year_quarter, 7026_shares_used_diluted_current_quarter)","{""op"": ""min"", ""left"": {""leaf"": ""7027_shares_used_diluted_prior_year_quarter"", ""depth"": 0}, ""right"": {""leaf"": ""7026_shares_used_diluted_current_quarter"", ""depth"": 0}, ""depth"": 1}","{""kind"": ""time_agg"", ""op"": ""min"", ""depth"": 0}",4318546.0,4,0,1,378627603,605086674,42,0.321,0,1,2,7027_shares_used_diluted_prior_year_quarter,shares_used_diluted,shares used diluted,GLP,"Three Months Ended October 31, 2024",M_shares,4318546.0,7026_shares_used_diluted_current_quarter,shares_used_diluted,shares used diluted,GLP,"Three Months Ended October 31, 2025",M_shares,4389000.0,,,,,,,,,,,,,,,,,,,,,,,,,,,,,,,,,,,,,,,,,,,,,,,,,,,,,,,,,,,,,,,,,,,,,,,,,,,,,,,,,,,,
288,1,"What is the minimum of research and development for AVX from Nine Months Ended October 31, 2024 to Nine Months Ended October 31, 2025","min(1403_research_and_development_prior_year_ytd, 1402_research_and_development_current_ytd)","{""op"": ""min"", ""left"": {""leaf"": ""1403_research_and_development_prior_year_ytd"", ""depth"": 0}, ""right"": {""leaf"": ""1402_research_and_development_current_ytd"", ""depth"": 0}, ""depth"": 1}","{""kind"": ""time_agg"", ""op"": ""min"", ""depth"": 0}",9.0,5,0,1,724326118,184843163,42,0.551,0,1,2,1403_research_and_development_prior_year_ytd,research_and_development,research and development,AVX,"Nine Months Ended October 31, 2024",M_USD,9.0,1402_research_and_development_current_ytd,research_and_development,research and development,AVX,"Nine Months Ended October 31, 2025",M_USD,9.0,,,,,,,,,,,,,,,,,,,,,,,,,,,,,,,,,,,,,,,,,,,,,,,,,,,,,,,,,,,,,,,,,,,,,,,,,,,,,,,,,,,,
291,1,"May you calculate the maximum of cost of sales for PLX from Three Months Ended July 31, 2025 to Three Months Ended July 31, 2026?","max(4211_cost_of_sales_prior_year_quarter, 4210_cost_of_sales_current_quarter)","{""op"": ""max"", ""left"": {""leaf"": ""4211_cost_of_sales_prior_year_quarter"", ""depth"": 0}, ""right"": {""leaf"": ""4210_cost_of_sales_current_quarter"", ""depth"": 0}, ""depth"": 1}","{""kind"": ""time_agg"", ""op"": ""max"", ""depth"": 0}",6428.0,2,0,1,835972766,771804245,42,0.32,0,1,2,4211_cost_of_sales_prior_year_quarter,cost_of_sales,cost of sales,PLX,"Three Months Ended July 31, 2025",M_USD,6337.0,4210_cost_of_sales_current_quarter,cost_of_sales,cost of sales,PLX,"Three Months Ended July 31, 2026",M_USD,6428.0,,,,,,,,,,,,,,,,,,,,,,,,,,,,,,,,,,,,,,,,,,,,,,,,,,,,,,,,,,,,,,,,,,,,,,,,,,,,,,,,,,,,
292,1,"may you give the maximum of goodwill for PRF from December 31, 2024 to April 30, 2025","max(2206_goodwill_current_quarter_end, 2207_goodwill_prior_fy_end)","{""op"": ""max"", ""left"": {""leaf"": ""2206_goodwill_current_quarter_end"", ""depth"": 0}, ""right"": {""leaf"": ""2207_goodwill_prior_fy_end"", ""depth"": 0}, ""depth"": 1}","{""kind"": ""time_agg"", ""op"": ""max"", ""depth"": 0}",285.0,2,0,1,838567330,657784823,42,0.534,0,1,2,2206_goodwill_current_quarter_end,goodwill,goodwill,PRF,"April 30, 2025",M_USD,285.0,2207_goodwill_prior_fy_end,goodwill,goodwill,PRF,"December 31, 2024",M_USD,273.0,,,,,,,,,,,,,,,,,,,,,,,,,,,,,,,,,,,,,,,,,,,,,,,,,,,,,,,,,,,,,,,,,,,,,,,,,,,,,,,,,,,,
294,1,"What does the following give: maximum of shares used diluted for GRD from Three Months Ended July 31, 2024 to Three Months Ended July 31, 2025?","max(447_shares_used_diluted_prior_year_quarter, 446_shares_used_diluted_current_quarter)","{""op"": ""max"", ""left"": {""leaf"": ""447_shares_used_diluted_prior_year_quarter"", ""depth"": 0}, ""right"": {""leaf"": ""446_shares_used_diluted_current_quarter"", ""depth"": 0}, ""depth"": 1}","{""kind"": ""time_agg"", ""op"": ""max"", ""depth"": 0}",1216124.0,2,0,1,985767259,655386946,42,0.461,0,1,2,447_shares_used_diluted_prior_year_quarter,shares_used_diluted,shares used diluted,GRD,"Three Months Ended July 31, 2024",M_shares,1216124.0,446_shares_used_diluted_current_quarter,shares_used_diluted,shares used diluted,GRD,"Three Months Ended July 31, 2025",M_shares,1185000.0,,,,,,,,,,,,,,,,,,,,,,,,,,,,,,,,,,,,,,,,,,,,,,,,,,,,,,,,,,,,,,,,,,,,,,,,,,,,,,,,,,,,
298,1,"Which value corresponds to the minimum of total revenues for HRZ from Three Months Ended April 30, 2024 to Three Months Ended April 30, 2025?","min(7173_total_revenues_prior_year_quarter, 7172_total_revenues_current_quarter)","{""op"": ""min"", ""left"": {""leaf"": ""7173_total_revenues_prior_year_quarter"", ""depth"": 0}, ""right"": {""leaf"": ""7172_total_revenues_current_quarter"", ""depth"": 0}, ""depth"": 1}","{""kind"": ""time_agg"", ""op"": ""min"", ""depth"": 0}",4486.0,4,0,1,234569285,221948928,42,0.24,0,1,2,7173_total_revenues_prior_year_quarter,total_revenues,total revenues,HRZ,"Three Months Ended April 30, 2024",M_USD,4838.0,7172_total_revenues_current_quarter,total_revenues,total revenues,HRZ,"Three Months Ended April 30, 2025",M_USD,4486.0,,,,,,,,,,,,,,,,,,,,,,,,,,,,,,,,,,,,,,,,,,,,,,,,,,,,,,,,,,,,,,,,,,,,,,,,,,,,,,,,,,,,
300,1,"Which result follows from the minimum of Advertising revenue for MDI from Three Months Ended October 31, 2024 to Three Months Ended October 31, 2025 ?","min(5639_advertising_revenue_prior_year_quarter, 5635_advertising_revenue_current_quarter)","{""op"": ""min"", ""left"": {""leaf"": ""5639_advertising_revenue_prior_year_quarter"", ""depth"": 0}, ""right"": {""leaf"": ""5635_advertising_revenue_current_quarter"", ""depth"": 0}, ""depth"": 1}","{""kind"": ""time_agg"", ""op"": ""min"", ""depth"": 0}",5255.0,4,0,1,80790045,886384163,42,0.478,0,1,2,5639_advertising_revenue_prior_year_quarter,advertising_revenue,Advertising revenue,MDI,"Three Months Ended October 31, 2024",M_USD,5255.0,5635_advertising_revenue_current_quarter,advertising_revenue,Advertising revenue,MDI,"Three Months Ended October 31, 2025",M_USD,5944.0,,,,,,,,,,,,,,,,,,,,,,,,,,,,,,,,,,,,,,,,,,,,,,,,,,,,,,,,,,,,,,,,,,,,,,,,,,,,,,,,,,,,
302,1,"evaluate the gross profit for STR in Six Months Ended July 31, 2025 .",gross_profit,"{""derived"": ""gross_profit"", ""expanded"": {""op"": ""diff"", ""left"": {""leaf"": ""3268_total_revenues_current_ytd"", ""depth"": 0}, ""right"": {""leaf"": ""3272_cost_of_sales_current_ytd"", ""depth"": 0}, ""depth"": 1}, ""depth"": 1}","{""kind"": ""derived_concept"", ""name"": ""gross_profit"", ""depth"": 0}",11456.0,2,0,1,97753234,16857943,42,0.468,0,1,2,3268_total_revenues_current_ytd,total_revenues,total revenues,STR,"Six Months Ended July 31, 2025",M_USD,24484.0,3272_cost_of_sales_current_ytd,cost_of_sales,cost of sales,STR,"Six Months Ended July 31, 2025",M_USD,13028.0,,,,,,,,,,,,,,,,,,,,,,,,,,,,,,,,,,,,,,,,,,,,,,,,,,,,,,,,,,,,,,,,,,,,,,,,,,,,,,,,,,,,
305,1,"What's the value of the maximum of total current liabilities for CLR from December 31, 2024 to October 31, 2025 ?","max(213_total_current_liabilities_prior_fy_end, 212_total_current_liabilities_current_quarter_end)","{""op"": ""max"", ""left"": {""leaf"": ""213_total_current_liabilities_prior_fy_end"", ""depth"": 0}, ""right"": {""leaf"": ""212_total_current_liabilities_current_quarter_end"", ""depth"": 0}, ""depth"": 1}","{""kind"": ""time_agg"", ""op"": ""max"", ""depth"": 0}",2073.0,1,0,1,600465575,115365325,42,0.243,0,1,2,213_total_current_liabilities_prior_fy_end,total_current_liabilities,total current liabilities,CLR,"December 31, 2024",M_USD,1986.0,212_total_current_liabilities_current_quarter_end,total_current_liabilities,total current liabilities,CLR,"October 31, 2025",M_USD,2073.0,,,,,,,,,,,,,,,,,,,,,,,,,,,,,,,,,,,,,,,,,,,,,,,,,,,,,,,,,,,,,,,,,,,,,,,,,,,,,,,,,,,,
306,1,"evaluate the maximum of accrued expenses and other for TPH from December 31, 2024 to October 31, 2025","max(2539_accrued_expenses_and_other_prior_fy_end, 2538_accrued_expenses_and_other_current_quarter_end)","{""op"": ""max"", ""left"": {""leaf"": ""2539_accrued_expenses_and_other_prior_fy_end"", ""depth"": 0}, ""right"": {""leaf"": ""2538_accrued_expenses_and_other_current_quarter_end"", ""depth"": 0}, ""depth"": 1}","{""kind"": ""time_agg"", ""op"": ""max"", ""depth"": 0}",1657.0,2,0,1,806624002,527038018,42,0.458,0,1,2,2539_accrued_expenses_and_other_prior_fy_end,accrued_expenses_and_other,accrued expenses and other,TPH,"December 31, 2024",M_USD,1627.0,2538_accrued_expenses_and_other_current_quarter_end,accrued_expenses_and_other,accrued expenses and other,TPH,"October 31, 2025",M_USD,1657.0,,,,,,,,,,,,,,,,,,,,,,,,,,,,,,,,,,,,,,,,,,,,,,,,,,,,,,,,,,,,,,,,,,,,,,,,,,,,,,,,,,,,
314,1,"Which value corresponds to the minimum of comprehensive income for HRZ from Three Months Ended April 30, 2024 to Three Months Ended April 30, 2025 ?","min(7293_comprehensive_income_prior_year_quarter, 7292_comprehensive_income_current_quarter)","{""op"": ""min"", ""left"": {""leaf"": ""7293_comprehensive_income_prior_year_quarter"", ""depth"": 0}, ""right"": {""leaf"": ""7292_comprehensive_income_current_quarter"", ""depth"": 0}, ""depth"": 1}","{""kind"": ""time_agg"", ""op"": ""min"", ""depth"": 0}",797.0,5,0,1,965332900,500300436,42,0.44,0,1,2,7293_comprehensive_income_prior_year_quarter,comprehensive_income,comprehensive income,HRZ,"Three Months Ended April 30, 2024",M_USD,903.0,7292_comprehensive_income_current_quarter,comprehensive_income,comprehensive income,HRZ,"Three Months Ended April 30, 2025",M_USD,797.0,,,,,,,,,,,,,,,,,,,,,,,,,,,,,,,,,,,,,,,,,,,,,,,,,,,,,,,,,,,,,,,,,,,,,,,,,,,,,,,,,,,,
317,1,"calculate the minimum of operating income for NVH from Three Months Ended October 31, 2024 to Three Months Ended October 31, 2025 .","min(6613_operating_income_prior_year_quarter, 6612_operating_income_current_quarter)","{""op"": ""min"", ""left"": {""leaf"": ""6613_operating_income_prior_year_quarter"", ""depth"": 0}, ""right"": {""leaf"": ""6612_operating_income_current_quarter"", ""depth"": 0}, ""depth"": 1}","{""kind"": ""time_agg"", ""op"": ""min"", ""depth"": 0}",3745.0,5,0,1,914776296,141201484,42,0.278,0,1,2,6613_operating_income_prior_year_quarter,operating_income,operating income,NVH,"Three Months Ended October 31, 2024",M_USD,4122.0,6612_operating_income_current_quarter,operating_income,operating income,NVH,"Three Months Ended October 31, 2025",M_USD,3745.0,,,,,,,,,,,,,,,,,,,,,,,,,,,,,,,,,,,,,,,,,,,,,,,,,,,,,,,,,,,,,,,,,,,,,,,,,,,,,,,,,,,,
319,1,"what would be the gross profit for CRZ in Three Months Ended October 31, 2024",gross_profit,"{""derived"": ""gross_profit"", ""expanded"": {""op"": ""diff"", ""left"": {""leaf"": ""4975_total_revenues_prior_year_quarter"", ""depth"": 0}, ""right"": {""leaf"": ""4979_cost_of_sales_prior_year_quarter"", ""depth"": 0}, ""depth"": 1}, ""depth"": 1}","{""kind"": ""derived_concept"", ""name"": ""gross_profit"", ""depth"": 0}",2845.0,2,0,1,934277131,381117417,42,0.59,0,1,2,4975_total_revenues_prior_year_quarter,total_revenues,total revenues,CRZ,"Three Months Ended October 31, 2024",M_USD,8737.0,4979_cost_of_sales_prior_year_quarter,cost_of_sales,cost of sales,CRZ,"Three Months Ended October 31, 2024",M_USD,5892.0,,,,,,,,,,,,,,,,,,,,,,,,,,,,,,,,,,,,,,,,,,,,,,,,,,,,,,,,,,,,,,,,,,,,,,,,,,,,,,,,,,,,
323,1,"Determine the minimum of shares used basic for WHL from Six Months Ended July 31, 2024 to Six Months Ended July 31, 2025 .","min(7435_shares_used_basic_prior_year_ytd, 7434_shares_used_basic_current_ytd)","{""op"": ""min"", ""left"": {""leaf"": ""7435_shares_used_basic_prior_year_ytd"", ""depth"": 0}, ""right"": {""leaf"": ""7434_shares_used_basic_current_ytd"", ""depth"": 0}, ""depth"": 1}","{""kind"": ""time_agg"", ""op"": ""min"", ""depth"": 0}",2550582.0,5,0,1,924182002,455876655,42,0.253,0,1,2,7435_shares_used_basic_prior_year_ytd,shares_used_basic,shares used basic,WHL,"Six Months Ended July 31, 2024",M_shares,2670132.0,7434_shares_used_basic_current_ytd,shares_used_basic,shares used basic,WHL,"Six Months Ended July 31, 2025",M_shares,2550582.0,,,,,,,,,,,,,,,,,,,,,,,,,,,,,,,,,,,,,,,,,,,,,,,,,,,,,,,,,,,,,,,,,,,,,,,,,,,,,,,,,,,,
326,1,"which value corresponds to the maximum of accounts receivable net for HRZ from December 31, 2024 to April 30, 2025?","max(7198_accounts_receivable_net_current_quarter_end, 7199_accounts_receivable_net_prior_fy_end)","{""op"": ""max"", ""left"": {""leaf"": ""7198_accounts_receivable_net_current_quarter_end"", ""depth"": 0}, ""right"": {""leaf"": ""7199_accounts_receivable_net_prior_fy_end"", ""depth"": 0}, ""depth"": 1}","{""kind"": ""time_agg"", ""op"": ""max"", ""depth"": 0}",708.0,1,0,1,234126548,42404521,42,0.122,0,1,2,7198_accounts_receivable_net_current_quarter_end,accounts_receivable_net,accounts receivable net,HRZ,"April 30, 2025",M_USD,676.0,7199_accounts_receivable_net_prior_fy_end,accounts_receivable_net,accounts receivable net,HRZ,"December 31, 2024",M_USD,708.0,,,,,,,,,,,,,,,,,,,,,,,,,,,,,,,,,,,,,,,,,,,,,,,,,,,,,,,,,,,,,,,,,,,,,,,,,,,,,,,,,,,,
330,1,"what do we obtain as the free cash flow for GBL in Three Months Ended April 30, 2024?",free_cash_flow,"{""derived"": ""free_cash_flow"", ""expanded"": {""op"": ""sum"", ""left"": {""leaf"": ""6835_net_cash_from_operating_prior_ytd"", ""depth"": 0}, ""right"": {""leaf"": ""6837_capital_expenditures_prior_ytd"", ""depth"": 0}, ""depth"": 1}, ""depth"": 1}","{""kind"": ""derived_concept"", ""name"": ""free_cash_flow"", ""depth"": 0}",672.0,3,0,1,618328829,284516534,42,0.596,0,1,2,6835_net_cash_from_operating_prior_ytd,net_cash_from_operating,net cash from operating,GBL,"Three Months Ended April 30, 2024",M_USD,1729.0,6837_capital_expenditures_prior_ytd,capital_expenditures,capital expenditures,GBL,"Three Months Ended April 30, 2024",M_USD,-1057.0,,,,,,,,,,,,,,,,,,,,,,,,,,,,,,,,,,,,,,,,,,,,,,,,,,,,,,,,,,,,,,,,,,,,,,,,,,,,,,,,,,,,
331,1,"Give the maximum of total current assets for SUP from December 31, 2024 to April 30, 2025","max(1002_total_current_assets_current_quarter_end, 1003_total_current_assets_prior_fy_end)","{""op"": ""max"", ""left"": {""leaf"": ""1002_total_current_assets_current_quarter_end"", ""depth"": 0}, ""right"": {""leaf"": ""1003_total_current_assets_prior_fy_end"", ""depth"": 0}, ""depth"": 1}","{""kind"": ""time_agg"", ""op"": ""max"", ""depth"": 0}",8916.0,3,0,1,321352271,192878204,42,0.289,0,1,2,1002_total_current_assets_current_quarter_end,total_current_assets,total current assets,SUP,"April 30, 2025",M_USD,8916.0,1003_total_current_assets_prior_fy_end,total_current_assets,total current assets,SUP,"December 31, 2024",M_USD,8086.0,,,,,,,,,,,,,,,,,,,,,,,,,,,,,,,,,,,,,,,,,,,,,,,,,,,,,,,,,,,,,,,,,,,,,,,,,,,,,,,,,,,,
334,1,"what's the value of the minimum of total assets for CIV from December 31, 2024 to October 31, 2025?","min(2869_total_assets_prior_fy_end, 2868_total_assets_current_quarter_end)","{""op"": ""min"", ""left"": {""leaf"": ""2869_total_assets_prior_fy_end"", ""depth"": 0}, ""right"": {""leaf"": ""2868_total_assets_current_quarter_end"", ""depth"": 0}, ""depth"": 1}","{""kind"": ""time_agg"", ""op"": ""min"", ""depth"": 0}",2446.0,1,0,1,170022476,734604200,42,0.116,0,1,2,2869_total_assets_prior_fy_end,total_assets,total assets,CIV,"December 31, 2024",M_USD,2446.0,2868_total_assets_current_quarter_end,total_assets,total assets,CIV,"October 31, 2025",M_USD,2617.0,,,,,,,,,,,,,,,,,,,,,,,,,,,,,,,,,,,,,,,,,,,,,,,,,,,,,,,,,,,,,,,,,,,,,,,,,,,,,,,,,,,,
335,1,"what do we obtain as the maximum of net cash from operating for FNB from Nine Months Ended October 31, 2024 to Nine Months Ended October 31, 2025","max(6163_net_cash_from_operating_prior_ytd, 6162_net_cash_from_operating_current_ytd)","{""op"": ""max"", ""left"": {""leaf"": ""6163_net_cash_from_operating_prior_ytd"", ""depth"": 0}, ""right"": {""leaf"": ""6162_net_cash_from_operating_current_ytd"", ""depth"": 0}, ""depth"": 1}","{""kind"": ""time_agg"", ""op"": ""max"", ""depth"": 0}",11785.0,2,0,1,950932855,62462327,42,0.225,0,1,2,6163_net_cash_from_operating_prior_ytd,net_cash_from_operating,net cash from operating,FNB,"Nine Months Ended October 31, 2024",M_USD,11785.0,6162_net_cash_from_operating_current_ytd,net_cash_from_operating,net cash from operating,FNB,"Nine Months Ended October 31, 2025",M_USD,10752.0,,,,,,,,,,,,,,,,,,,,,,,,,,,,,,,,,,,,,,,,,,,,,,,,,,,,,,,,,,,,,,,,,,,,,,,,,,,,,,,,,,,,
337,1,"What would be the minimum of total assets for DTA from December 31, 2024 to April 30, 2025","min(4428_total_assets_current_quarter_end, 4429_total_assets_prior_fy_end)","{""op"": ""min"", ""left"": {""leaf"": ""4428_total_assets_current_quarter_end"", ""depth"": 0}, ""right"": {""leaf"": ""4429_total_assets_prior_fy_end"", ""depth"": 0}, ""depth"": 1}","{""kind"": ""time_agg"", ""op"": ""min"", ""depth"": 0}",25123.0,5,0,1,172958277,741505708,42,0.432,0,1,2,4428_total_assets_current_quarter_end,total_assets,total assets,DTA,"April 30, 2025",M_USD,25123.0,4429_total_assets_prior_fy_end,total_assets,total assets,DTA,"December 31, 2024",M_USD,25509.0,,,,,,,,,,,,,,,,,,,,,,,,,,,,,,,,,,,,,,,,,,,,,,,,,,,,,,,,,,,,,,,,,,,,,,,,,,,,,,,,,,,,
338,1,"What does the following give: maximum of provision for income taxes for GRD from Three Months Ended July 31, 2024 to Three Months Ended July 31, 2025?","max(341_provision_for_income_taxes_prior_year_quarter, 340_provision_for_income_taxes_current_quarter)","{""op"": ""max"", ""left"": {""leaf"": ""341_provision_for_income_taxes_prior_year_quarter"", ""depth"": 0}, ""right"": {""leaf"": ""340_provision_for_income_taxes_current_quarter"", ""depth"": 0}, ""depth"": 1}","{""kind"": ""time_agg"", ""op"": ""max"", ""depth"": 0}",417.0,4,0,1,890355677,482192085,42,0.521,0,1,2,341_provision_for_income_taxes_prior_year_quarter,provision_for_income_taxes,provision for income taxes,GRD,"Three Months Ended July 31, 2024",M_USD,417.0,340_provision_for_income_taxes_current_quarter,provision_for_income_taxes,provision for income taxes,GRD,"Three Months Ended July 31, 2025",M_USD,362.0,,,,,,,,,,,,,,,,,,,,,,,,,,,,,,,,,,,,,,,,,,,,,,,,,,,,,,,,,,,,,,,,,,,,,,,,,,,,,,,,,,,,
341,1,"what does the following give: minimum of proceeds from stock option exercises for GBL from Three Months Ended April 30, 2024 to Three Months Ended April 30, 2025","min(6871_proceeds_from_stock_option_exercises_prior_ytd, 6870_proceeds_from_stock_option_exercises_current_ytd)","{""op"": ""min"", ""left"": {""leaf"": ""6871_proceeds_from_stock_option_exercises_prior_ytd"", ""depth"": 0}, ""right"": {""leaf"": ""6870_proceeds_from_stock_option_exercises_current_ytd"", ""depth"": 0}, ""depth"": 1}","{""kind"": ""time_agg"", ""op"": ""min"", ""depth"": 0}",185.0,3,0,1,167975656,668827846,42,0.118,0,1,2,6871_proceeds_from_stock_option_exercises_prior_ytd,proceeds_from_stock_option_exercises,proceeds from stock option exercises,GBL,"Three Months Ended April 30, 2024",M_USD,239.0,6870_proceeds_from_stock_option_exercises_current_ytd,proceeds_from_stock_option_exercises,proceeds from stock option exercises,GBL,"Three Months Ended April 30, 2025",M_USD,185.0,,,,,,,,,,,,,,,,,,,,,,,,,,,,,,,,,,,,,,,,,,,,,,,,,,,,,,,,,,,,,,,,,,,,,,,,,,,,,,,,,,,,
343,1,"Determine the minimum of total current assets for WNG from December 31, 2024 to April 30, 2025","min(7490_total_current_assets_current_quarter_end, 7491_total_current_assets_prior_fy_end)","{""op"": ""min"", ""left"": {""leaf"": ""7490_total_current_assets_current_quarter_end"", ""depth"": 0}, ""right"": {""leaf"": ""7491_total_current_assets_prior_fy_end"", ""depth"": 0}, ""depth"": 1}","{""kind"": ""time_agg"", ""op"": ""min"", ""depth"": 0}",5251.0,3,0,1,268933715,631318959,42,0.209,0,1,2,7490_total_current_assets_current_quarter_end,total_current_assets,total current assets,WNG,"April 30, 2025",M_USD,6062.0,7491_total_current_assets_prior_fy_end,total_current_assets,total current assets,WNG,"December 31, 2024",M_USD,5251.0,,,,,,,,,,,,,,,,,,,,,,,,,,,,,,,,,,,,,,,,,,,,,,,,,,,,,,,,,,,,,,,,,,,,,,,,,,,,,,,,,,,,
345,1,"What is the value of the maximum of prepaid expenses and other for BNK from December 31, 2024 to October 31, 2025","max(4699_prepaid_expenses_and_other_prior_fy_end, 4698_prepaid_expenses_and_other_current_quarter_end)","{""op"": ""max"", ""left"": {""leaf"": ""4699_prepaid_expenses_and_other_prior_fy_end"", ""depth"": 0}, ""right"": {""leaf"": ""4698_prepaid_expenses_and_other_current_quarter_end"", ""depth"": 0}, ""depth"": 1}","{""kind"": ""time_agg"", ""op"": ""max"", ""depth"": 0}",652.0,3,0,1,55377729,490739913,42,0.411,0,1,2,4699_prepaid_expenses_and_other_prior_fy_end,prepaid_expenses_and_other,prepaid expenses and other,BNK,"December 31, 2024",M_USD,556.0,4698_prepaid_expenses_and_other_current_quarter_end,prepaid_expenses_and_other,prepaid expenses and other,BNK,"October 31, 2025",M_USD,652.0,,,,,,,,,,,,,,,,,,,,,,,,,,,,,,,,,,,,,,,,,,,,,,,,,,,,,,,,,,,,,,,,,,,,,,,,,,,,,,,,,,,,
346,1,"calculate the maximum of comprehensive income for TPH from Nine Months Ended October 31, 2024 to Nine Months Ended October 31, 2025","max(2621_comprehensive_income_prior_year_ytd, 2620_comprehensive_income_current_ytd)","{""op"": ""max"", ""left"": {""leaf"": ""2621_comprehensive_income_prior_year_ytd"", ""depth"": 0}, ""right"": {""leaf"": ""2620_comprehensive_income_current_ytd"", ""depth"": 0}, ""depth"": 1}","{""kind"": ""time_agg"", ""op"": ""max"", ""depth"": 0}",14986.0,4,0,1,909711750,184858805,42,0.102,0,1,2,2621_comprehensive_income_prior_year_ytd,comprehensive_income,comprehensive income,TPH,"Nine Months Ended October 31, 2024",M_USD,14986.0,2620_comprehensive_income_current_ytd,comprehensive_income,comprehensive income,TPH,"Nine Months Ended October 31, 2025",M_USD,14706.0,,,,,,,,,,,,,,,,,,,,,,,,,,,,,,,,,,,,,,,,,,,,,,,,,,,,,,,,,,,,,,,,,,,,,,,,,,,,,,,,,,,,
349,1,"What is the maximum of long term marketable securities for AVX from December 31, 2024 to October 31, 2025?","max(1449_long_term_marketable_securities_prior_fy_end, 1448_long_term_marketable_securities_current_quarter_end)","{""op"": ""max"", ""left"": {""leaf"": ""1449_long_term_marketable_securities_prior_fy_end"", ""depth"": 0}, ""right"": {""leaf"": ""1448_long_term_marketable_securities_current_quarter_end"", ""depth"": 0}, ""depth"": 1}","{""kind"": ""time_agg"", ""op"": ""max"", ""depth"": 0}",378.0,3,0,1,139234020,143808855,42,0.164,0,1,2,1449_long_term_marketable_securities_prior_fy_end,long_term_marketable_securities,long term marketable securities,AVX,"December 31, 2024",M_USD,378.0,1448_long_term_marketable_securities_current_quarter_end,long_term_marketable_securities,long term marketable securities,AVX,"October 31, 2025",M_USD,371.0,,,,,,,,,,,,,,,,,,,,,,,,,,,,,,,,,,,,,,,,,,,,,,,,,,,,,,,,,,,,,,,,,,,,,,,,,,,,,,,,,,,,
350,1,"Give the operating income for QRK in Three Months Ended April 30, 2025 .",operating_income,"{""derived"": ""operating_income"", ""expanded"": {""op"": ""diff"", ""left"": {""leaf"": ""3443_total_revenues_prior_year_quarter"", ""depth"": 0}, ""right"": {""leaf"": ""3463_total_costs_and_expenses_prior_year_quarter"", ""depth"": 0}, ""depth"": 1}, ""depth"": 1}","{""kind"": ""derived_concept"", ""name"": ""operating_income"", ""depth"": 0}",35066.0,4,0,1,477144620,396415414,42,0.551,0,1,2,3443_total_revenues_prior_year_quarter,total_revenues,total revenues,QRK,"Three Months Ended April 30, 2025",M_USD,83362.0,3463_total_costs_and_expenses_prior_year_quarter,total_costs_and_expenses,total costs and expenses,QRK,"Three Months Ended April 30, 2025",M_USD,48296.0,,,,,,,,,,,,,,,,,,,,,,,,,,,,,,,,,,,,,,,,,,,,,,,,,,,,,,,,,,,,,,,,,,,,,,,,,,,,,,,,,,,,
351,1,"give the maximum of operating income for SUP from Three Months Ended April 30, 2024 to Three Months Ended April 30, 2025 .","max(981_operating_income_prior_year_quarter, 980_operating_income_current_quarter)","{""op"": ""max"", ""left"": {""leaf"": ""981_operating_income_prior_year_quarter"", ""depth"": 0}, ""right"": {""leaf"": ""980_operating_income_current_quarter"", ""depth"": 0}, ""depth"": 1}","{""kind"": ""time_agg"", ""op"": ""max"", ""depth"": 0}",1124.0,5,0,1,934663268,718133198,42,0.524,0,1,2,981_operating_income_prior_year_quarter,operating_income,operating income,SUP,"Three Months Ended April 30, 2024",M_USD,1108.0,980_operating_income_current_quarter,operating_income,operating income,SUP,"Three Months Ended April 30, 2025",M_USD,1124.0,,,,,,,,,,,,,,,,,,,,,,,,,,,,,,,,,,,,,,,,,,,,,,,,,,,,,,,,,,,,,,,,,,,,,,,,,,,,,,,,,,,,
352,1,"you should calculate the maximum of cash and cash equivalents for PRD from December 31, 2024 to October 31, 2025","max(1891_cash_and_cash_equivalents_prior_fy_end, 1890_cash_and_cash_equivalents_current_quarter_end)","{""op"": ""max"", ""left"": {""leaf"": ""1891_cash_and_cash_equivalents_prior_fy_end"", ""depth"": 0}, ""right"": {""leaf"": ""1890_cash_and_cash_equivalents_current_quarter_end"", ""depth"": 0}, ""depth"": 1}","{""kind"": ""time_agg"", ""op"": ""max"", ""depth"": 0}",2546.0,1,0,1,376539759,793966332,42,0.319,0,1,2,1891_cash_and_cash_equivalents_prior_fy_end,cash_and_cash_equivalents,cash and cash equivalents,PRD,"December 31, 2024",M_USD,2301.0,1890_cash_and_cash_equivalents_current_quarter_end,cash_and_cash_equivalents,cash and cash equivalents,PRD,"October 31, 2025",M_USD,2546.0,,,,,,,,,,,,,,,,,,,,,,,,,,,,,,,,,,,,,,,,,,,,,,,,,,,,,,,,,,,,,,,,,,,,,,,,,,,,,,,,,,,,
353,1,"Give the gross profit for SCI in Three Months Ended July 31, 2025",gross_profit,"{""derived"": ""gross_profit"", ""expanded"": {""op"": ""diff"", ""left"": {""leaf"": ""5138_total_revenues_current_quarter"", ""depth"": 0}, ""right"": {""leaf"": ""5142_cost_of_sales_current_quarter"", ""depth"": 0}, ""depth"": 1}, ""depth"": 1}","{""kind"": ""derived_concept"", ""name"": ""gross_profit"", ""depth"": 0}",2019.0,3,0,1,934614695,664875604,42,0.117,0,1,2,5138_total_revenues_current_quarter,total_revenues,total revenues,SCI,"Three Months Ended July 31, 2025",M_USD,5449.0,5142_cost_of_sales_current_quarter,cost_of_sales,cost of sales,SCI,"Three Months Ended July 31, 2025",M_USD,3430.0,,,,,,,,,,,,,,,,,,,,,,,,,,,,,,,,,,,,,,,,,,,,,,,,,,,,,,,,,,,,,,,,,,,,,,,,,,,,,,,,,,,,
358,1,"Whats the value of the maximum of short term investments for CNS from December 31, 2024 to April 30, 2025 ?","max(5966_short_term_investments_current_quarter_end, 5967_short_term_investments_prior_fy_end)","{""op"": ""max"", ""left"": {""leaf"": ""5966_short_term_investments_current_quarter_end"", ""depth"": 0}, ""right"": {""leaf"": ""5967_short_term_investments_prior_fy_end"", ""depth"": 0}, ""depth"": 1}","{""kind"": ""time_agg"", ""op"": ""max"", ""depth"": 0}",1155.0,4,0,1,682053695,393766945,42,0.585,0,1,2,5966_short_term_investments_current_quarter_end,short_term_investments,short term investments,CNS,"April 30, 2025",M_USD,1155.0,5967_short_term_investments_prior_fy_end,short_term_investments,short term investments,CNS,"December 31, 2024",M_USD,1061.0,,,,,,,,,,,,,,,,,,,,,,,,,,,,,,,,,,,,,,,,,,,,,,,,,,,,,,,,,,,,,,,,,,,,,,,,,,,,,,,,,,,,
361,1,"What would be the minimum of Subscription revenue for DTA from Three Months Ended April 30, 2024 to Three Months Ended April 30, 2025 ?","min(4510_subscription_revenue_prior_year_quarter, 4506_subscription_revenue_current_quarter)","{""op"": ""min"", ""left"": {""leaf"": ""4510_subscription_revenue_prior_year_quarter"", ""depth"": 0}, ""right"": {""leaf"": ""4506_subscription_revenue_current_quarter"", ""depth"": 0}, ""depth"": 1}","{""kind"": ""time_agg"", ""op"": ""min"", ""depth"": 0}",13683.0,3,0,1,960521927,947370582,42,0.163,0,1,2,4510_subscription_revenue_prior_year_quarter,subscription_revenue,Subscription revenue,DTA,"Three Months Ended April 30, 2024",M_USD,13683.0,4506_subscription_revenue_current_quarter,subscription_revenue,Subscription revenue,DTA,"Three Months Ended April 30, 2025",M_USD,14129.0,,,,,,,,,,,,,,,,,,,,,,,,,,,,,,,,,,,,,,,,,,,,,,,,,,,,,,,,,,,,,,,,,,,,,,,,,,,,,,,,,,,,
362,1,"Which quantity is given by the gross profit for MDI in Three Months Ended October 31, 2024 ?",gross_profit,"{""derived"": ""gross_profit"", ""expanded"": {""op"": ""diff"", ""left"": {""leaf"": ""5475_total_revenues_prior_year_quarter"", ""depth"": 0}, ""right"": {""leaf"": ""5479_cost_of_sales_prior_year_quarter"", ""depth"": 0}, ""depth"": 1}, ""depth"": 1}","{""kind"": ""derived_concept"", ""name"": ""gross_profit"", ""depth"": 0}",8651.0,2,0,1,276081082,348699555,42,0.481,0,1,2,5475_total_revenues_prior_year_quarter,total_revenues,total revenues,MDI,"Three Months Ended October 31, 2024",M_USD,16497.0,5479_cost_of_sales_prior_year_quarter,cost_of_sales,cost of sales,MDI,"Three Months Ended October 31, 2024",M_USD,7846.0,,,,,,,,,,,,,,,,,,,,,,,,,,,,,,,,,,,,,,,,,,,,,,,,,,,,,,,,,,,,,,,,,,,,,,,,,,,,,,,,,,,,
363,1,"which value corresponds to the maximum of accounts receivable net for HRZ from December 31, 2024 to April 30, 2025?","max(7198_accounts_receivable_net_current_quarter_end, 7199_accounts_receivable_net_prior_fy_end)","{""op"": ""max"", ""left"": {""leaf"": ""7198_accounts_receivable_net_current_quarter_end"", ""depth"": 0}, ""right"": {""leaf"": ""7199_accounts_receivable_net_prior_fy_end"", ""depth"": 0}, ""depth"": 1}","{""kind"": ""time_agg"", ""op"": ""max"", ""depth"": 0}",708.0,1,0,1,228916135,510891795,42,0.566,0,1,2,7198_accounts_receivable_net_current_quarter_end,accounts_receivable_net,accounts receivable net,HRZ,"April 30, 2025",M_USD,676.0,7199_accounts_receivable_net_prior_fy_end,accounts_receivable_net,accounts receivable net,HRZ,"December 31, 2024",M_USD,708.0,,,,,,,,,,,,,,,,,,,,,,,,,,,,,,,,,,,,,,,,,,,,,,,,,,,,,,,,,,,,,,,,,,,,,,,,,,,,,,,,,,,,
364,1,"state the free cash flow for TXN in Three Months Ended April 30, 2025 .",free_cash_flow,"{""derived"": ""free_cash_flow"", ""expanded"": {""op"": ""sum"", ""left"": {""leaf"": ""7654_net_cash_from_operating_current_ytd"", ""depth"": 0}, ""right"": {""leaf"": ""7656_capital_expenditures_current_ytd"", ""depth"": 0}, ""depth"": 1}, ""depth"": 1}","{""kind"": ""derived_concept"", ""name"": ""free_cash_flow"", ""depth"": 0}",14562.0,3,0,1,386816435,167757872,42,0.518,0,1,2,7654_net_cash_from_operating_current_ytd,net_cash_from_operating,net cash from operating,TXN,"Three Months Ended April 30, 2025",M_USD,20997.0,7656_capital_expenditures_current_ytd,capital_expenditures,capital expenditures,TXN,"Three Months Ended April 30, 2025",M_USD,-6435.0,,,,,,,,,,,,,,,,,,,,,,,,,,,,,,,,,,,,,,,,,,,,,,,,,,,,,,,,,,,,,,,,,,,,,,,,,,,,,,,,,,,,
367,1,"You should calculate the gross profit for HLT in Nine Months Ended October 31, 2024",gross_profit,"{""derived"": ""gross_profit"", ""expanded"": {""op"": ""diff"", ""left"": {""leaf"": ""631_total_revenues_prior_year_ytd"", ""depth"": 0}, ""right"": {""leaf"": ""635_cost_of_sales_prior_year_ytd"", ""depth"": 0}, ""depth"": 1}, ""depth"": 1}","{""kind"": ""derived_concept"", ""name"": ""gross_profit"", ""depth"": 0}",15528.0,2,0,1,598744655,725489577,42,0.461,0,1,2,631_total_revenues_prior_year_ytd,total_revenues,total revenues,HLT,"Nine Months Ended October 31, 2024",M_USD,39429.0,635_cost_of_sales_prior_year_ytd,cost_of_sales,cost of sales,HLT,"Nine Months Ended October 31, 2024",M_USD,23901.0,,,,,,,,,,,,,,,,,,,,,,,,,,,,,,,,,,,,,,,,,,,,,,,,,,,,,,,,,,,,,,,,,,,,,,,,,,,,,,,,,,,,
371,1,"calculate the operating income for AVX in Three Months Ended October 31, 2025.",operating_income,"{""derived"": ""operating_income"", ""expanded"": {""op"": ""diff"", ""left"": {""leaf"": ""1392_total_revenues_current_quarter"", ""depth"": 0}, ""right"": {""leaf"": ""1408_total_costs_and_expenses_current_quarter"", ""depth"": 0}, ""depth"": 1}, ""depth"": 1}","{""kind"": ""derived_concept"", ""name"": ""operating_income"", ""depth"": 0}",306.0,4,0,1,818509307,759565408,42,0.395,0,1,2,1392_total_revenues_current_quarter,total_revenues,total revenues,AVX,"Three Months Ended October 31, 2025",M_USD,1053.0,1408_total_costs_and_expenses_current_quarter,total_costs_and_expenses,total costs and expenses,AVX,"Three Months Ended October 31, 2025",M_USD,747.0,,,,,,,,,,,,,,,,,,,,,,,,,,,,,,,,,,,,,,,,,,,,,,,,,,,,,,,,,,,,,,,,,,,,,,,,,,,,,,,,,,,,
373,1,"Which quantity is given by the minimum of shares used diluted for MRK from Three Months Ended April 30, 2024 to Three Months Ended April 30, 2025?","min(7161_shares_used_diluted_prior_year_quarter, 7160_shares_used_diluted_current_quarter)","{""op"": ""min"", ""left"": {""leaf"": ""7161_shares_used_diluted_prior_year_quarter"", ""depth"": 0}, ""right"": {""leaf"": ""7160_shares_used_diluted_current_quarter"", ""depth"": 0}, ""depth"": 1}","{""kind"": ""time_agg"", ""op"": ""min"", ""depth"": 0}",1667093.0,5,0,1,411833544,987116110,42,0.142,0,1,2,7161_shares_used_diluted_prior_year_quarter,shares_used_diluted,shares used diluted,MRK,"Three Months Ended April 30, 2024",M_shares,1667093.0,7160_shares_used_diluted_current_quarter,shares_used_diluted,shares used diluted,MRK,"Three Months Ended April 30, 2025",M_shares,1727000.0,,,,,,,,,,,,,,,,,,,,,,,,,,,,,,,,,,,,,,,,,,,,,,,,,,,,,,,,,,,,,,,,,,,,,,,,,,,,,,,,,,,,
375,1,"What is the value of the maximum of accounts payable for BNK from December 31, 2024 to October 31, 2025?","max(4715_accounts_payable_prior_fy_end, 4714_accounts_payable_current_quarter_end)","{""op"": ""max"", ""left"": {""leaf"": ""4715_accounts_payable_prior_fy_end"", ""depth"": 0}, ""right"": {""leaf"": ""4714_accounts_payable_current_quarter_end"", ""depth"": 0}, ""depth"": 1}","{""kind"": ""time_agg"", ""op"": ""max"", ""depth"": 0}",1954.0,2,0,1,340100809,521921154,42,0.137,0,1,2,4715_accounts_payable_prior_fy_end,accounts_payable,accounts payable,BNK,"December 31, 2024",M_USD,1666.0,4714_accounts_payable_current_quarter_end,accounts_payable,accounts payable,BNK,"October 31, 2025",M_USD,1954.0,,,,,,,,,,,,,,,,,,,,,,,,,,,,,,,,,,,,,,,,,,,,,,,,,,,,,,,,,,,,,,,,,,,,,,,,,,,,,,,,,,,,
376,1,"May you calculate the minimum of proceeds from maturities of securities for PLZ from Six Months Ended July 31, 2024 to Six Months Ended July 31, 2025","min(2129_proceeds_from_maturities_of_securities_prior_ytd, 2128_proceeds_from_maturities_of_securities_current_ytd)","{""op"": ""min"", ""left"": {""leaf"": ""2129_proceeds_from_maturities_of_securities_prior_ytd"", ""depth"": 0}, ""right"": {""leaf"": ""2128_proceeds_from_maturities_of_securities_current_ytd"", ""depth"": 0}, ""depth"": 1}","{""kind"": ""time_agg"", ""op"": ""min"", ""depth"": 0}",657.0,1,0,1,969201868,67753311,42,0.115,0,1,2,2129_proceeds_from_maturities_of_securities_prior_ytd,proceeds_from_maturities_of_securities,proceeds from maturities of securities,PLZ,"Six Months Ended July 31, 2024",M_USD,706.0,2128_proceeds_from_maturities_of_securities_current_ytd,proceeds_from_maturities_of_securities,proceeds from maturities of securities,PLZ,"Six Months Ended July 31, 2025",M_USD,657.0,,,,,,,,,,,,,,,,,,,,,,,,,,,,,,,,,,,,,,,,,,,,,,,,,,,,,,,,,,,,,,,,,,,,,,,,,,,,,,,,,,,,
377,1,"what's the value of the minimum of net cash from operating for CLD from Three Months Ended April 30, 2024 to Three Months Ended April 30, 2025 ?","min(3205_net_cash_from_operating_prior_ytd, 3204_net_cash_from_operating_current_ytd)","{""op"": ""min"", ""left"": {""leaf"": ""3205_net_cash_from_operating_prior_ytd"", ""depth"": 0}, ""right"": {""leaf"": ""3204_net_cash_from_operating_current_ytd"", ""depth"": 0}, ""depth"": 1}","{""kind"": ""time_agg"", ""op"": ""min"", ""depth"": 0}",2186.0,4,0,1,99080074,971940740,42,0.28,0,1,2,3205_net_cash_from_operating_prior_ytd,net_cash_from_operating,net cash from operating,CLD,"Three Months Ended April 30, 2024",M_USD,2354.0,3204_net_cash_from_operating_current_ytd,net_cash_from_operating,net cash from operating,CLD,"Three Months Ended April 30, 2025",M_USD,2186.0,,,,,,,,,,,,,,,,,,,,,,,,,,,,,,,,,,,,,,,,,,,,,,,,,,,,,,,,,,,,,,,,,,,,,,,,,,,,,,,,,,,,
380,1,"What would be the maximum of accounts receivable net for CRX from September 30, 2025 to January 31, 2026?","max(4542_accounts_receivable_net_current_quarter_end, 4543_accounts_receivable_net_prior_fy_end)","{""op"": ""max"", ""left"": {""leaf"": ""4542_accounts_receivable_net_current_quarter_end"", ""depth"": 0}, ""right"": {""leaf"": ""4543_accounts_receivable_net_prior_fy_end"", ""depth"": 0}, ""depth"": 1}","{""kind"": ""time_agg"", ""op"": ""max"", ""depth"": 0}",5929.0,1,0,1,810319888,60051194,42,0.42,0,1,2,4542_accounts_receivable_net_current_quarter_end,accounts_receivable_net,accounts receivable net,CRX,"January 31, 2026",M_USD,5929.0,4543_accounts_receivable_net_prior_fy_end,accounts_receivable_net,accounts receivable net,CRX,"September 30, 2025",M_USD,5075.0,,,,,,,,,,,,,,,,,,,,,,,,,,,,,,,,,,,,,,,,,,,,,,,,,,,,,,,,,,,,,,,,,,,,,,,,,,,,,,,,,,,,
381,1,"Whats the value of the maximum of total current assets for CRX from September 30, 2025 to January 31, 2026","max(4548_total_current_assets_current_quarter_end, 4549_total_current_assets_prior_fy_end)","{""op"": ""max"", ""left"": {""leaf"": ""4548_total_current_assets_current_quarter_end"", ""depth"": 0}, ""right"": {""leaf"": ""4549_total_current_assets_prior_fy_end"", ""depth"": 0}, ""depth"": 1}","{""kind"": ""time_agg"", ""op"": ""max"", ""depth"": 0}",22323.0,1,0,1,29335052,812250827,42,0.238,0,1,2,4548_total_current_assets_current_quarter_end,total_current_assets,total current assets,CRX,"January 31, 2026",M_USD,22323.0,4549_total_current_assets_prior_fy_end,total_current_assets,total current assets,CRX,"September 30, 2025",M_USD,19108.0,,,,,,,,,,,,,,,,,,,,,,,,,,,,,,,,,,,,,,,,,,,,,,,,,,,,,,,,,,,,,,,,,,,,,,,,,,,,,,,,,,,,
383,1,"which value corresponds to the maximum of shares used diluted for INF from Six Months Ended July 31, 2024 to Six Months Ended July 31, 2025?","max(3759_shares_used_diluted_prior_year_ytd, 3758_shares_used_diluted_current_ytd)","{""op"": ""max"", ""left"": {""leaf"": ""3759_shares_used_diluted_prior_year_ytd"", ""depth"": 0}, ""right"": {""leaf"": ""3758_shares_used_diluted_current_ytd"", ""depth"": 0}, ""depth"": 1}","{""kind"": ""time_agg"", ""op"": ""max"", ""depth"": 0}",4384557.0,3,0,1,6193065,26039105,42,0.223,0,1,2,3759_shares_used_diluted_prior_year_ytd,shares_used_diluted,shares used diluted,INF,"Six Months Ended July 31, 2024",M_shares,4262804.0,3758_shares_used_diluted_current_ytd,shares_used_diluted,shares used diluted,INF,"Six Months Ended July 31, 2025",M_shares,4384557.0,,,,,,,,,,,,,,,,,,,,,,,,,,,,,,,,,,,,,,,,,,,,,,,,,,,,,,,,,,,,,,,,,,,,,,,,,,,,,,,,,,,,
384,1,"what would be the operating income for FAB in Six Months Ended July 31, 2025",operating_income,"{""derived"": ""operating_income"", ""expanded"": {""op"": ""diff"", ""left"": {""leaf"": ""3796_total_revenues_current_ytd"", ""depth"": 0}, ""right"": {""leaf"": ""3816_total_costs_and_expenses_current_ytd"", ""depth"": 0}, ""depth"": 1}, ""depth"": 1}","{""kind"": ""derived_concept"", ""name"": ""operating_income"", ""depth"": 0}",12854.0,3,0,1,343469379,206656322,42,0.35,0,1,2,3796_total_revenues_current_ytd,total_revenues,total revenues,FAB,"Six Months Ended July 31, 2025",M_USD,59564.0,3816_total_costs_and_expenses_current_ytd,total_costs_and_expenses,total costs and expenses,FAB,"Six Months Ended July 31, 2025",M_USD,46710.0,,,,,,,,,,,,,,,,,,,,,,,,,,,,,,,,,,,,,,,,,,,,,,,,,,,,,,,,,,,,,,,,,,,,,,,,,,,,,,,,,,,,
385,1,"Whats the value of the maximum of long term debt for CRF from December 31, 2024 to October 31, 2025?","max(1765_long_term_debt_prior_fy_end, 1764_long_term_debt_current_quarter_end)","{""op"": ""max"", ""left"": {""leaf"": ""1765_long_term_debt_prior_fy_end"", ""depth"": 0}, ""right"": {""leaf"": ""1764_long_term_debt_current_quarter_end"", ""depth"": 0}, ""depth"": 1}","{""kind"": ""time_agg"", ""op"": ""max"", ""depth"": 0}",1842.0,3,0,1,526503647,721459162,42,0.14,0,1,2,1765_long_term_debt_prior_fy_end,long_term_debt,long term debt,CRF,"December 31, 2024",M_USD,1842.0,1764_long_term_debt_current_quarter_end,long_term_debt,long term debt,CRF,"October 31, 2025",M_USD,1796.0,,,,,,,,,,,,,,,,,,,,,,,,,,,,,,,,,,,,,,,,,,,,,,,,,,,,,,,,,,,,,,,,,,,,,,,,,,,,,,,,,,,,
386,1,"You should calculate the minimum of cash and cash equivalents for FAB from December 31, 2024 to July 31, 2025","min(3843_cash_and_cash_equivalents_prior_fy_end, 3842_cash_and_cash_equivalents_current_quarter_end)","{""op"": ""min"", ""left"": {""leaf"": ""3843_cash_and_cash_equivalents_prior_fy_end"", ""depth"": 0}, ""right"": {""leaf"": ""3842_cash_and_cash_equivalents_current_quarter_end"", ""depth"": 0}, ""depth"": 1}","{""kind"": ""time_agg"", ""op"": ""min"", ""depth"": 0}",2439.0,5,0,1,175718630,847572923,42,0.469,0,1,2,3843_cash_and_cash_equivalents_prior_fy_end,cash_and_cash_equivalents,cash and cash equivalents,FAB,"December 31, 2024",M_USD,2476.0,3842_cash_and_cash_equivalents_current_quarter_end,cash_and_cash_equivalents,cash and cash equivalents,FAB,"July 31, 2025",M_USD,2439.0,,,,,,,,,,,,,,,,,,,,,,,,,,,,,,,,,,,,,,,,,,,,,,,,,,,,,,,,,,,,,,,,,,,,,,,,,,,,,,,,,,,,
387,1,"compute the gross profit for CLD in Three Months Ended April 30, 2025 .",gross_profit,"{""derived"": ""gross_profit"", ""expanded"": {""op"": ""diff"", ""left"": {""leaf"": ""3134_total_revenues_current_quarter"", ""depth"": 0}, ""right"": {""leaf"": ""3136_cost_of_sales_current_quarter"", ""depth"": 0}, ""depth"": 1}, ""depth"": 1}","{""kind"": ""derived_concept"", ""name"": ""gross_profit"", ""depth"": 0}",7278.0,4,0,1,295529092,59994092,42,0.446,0,1,2,3134_total_revenues_current_quarter,total_revenues,total revenues,CLD,"Three Months Ended April 30, 2025",M_USD,13833.0,3136_cost_of_sales_current_quarter,cost_of_sales,cost of sales,CLD,"Three Months Ended April 30, 2025",M_USD,6555.0,,,,,,,,,,,,,,,,,,,,,,,,,,,,,,,,,,,,,,,,,,,,,,,,,,,,,,,,,,,,,,,,,,,,,,,,,,,,,,,,,,,,
388,1,"evaluate the maximum of total assets for HLT from December 31, 2024 to October 31, 2025.","max(699_total_assets_prior_fy_end, 698_total_assets_current_quarter_end)","{""op"": ""max"", ""left"": {""leaf"": ""699_total_assets_prior_fy_end"", ""depth"": 0}, ""right"": {""leaf"": ""698_total_assets_current_quarter_end"", ""depth"": 0}, ""depth"": 1}","{""kind"": ""time_agg"", ""op"": ""max"", ""depth"": 0}",14928.0,1,0,1,700415473,232417160,42,0.57,0,1,2,699_total_assets_prior_fy_end,total_assets,total assets,HLT,"December 31, 2024",M_USD,14722.0,698_total_assets_current_quarter_end,total_assets,total assets,HLT,"October 31, 2025",M_USD,14928.0,,,,,,,,,,,,,,,,,,,,,,,,,,,,,,,,,,,,,,,,,,,,,,,,,,,,,,,,,,,,,,,,,,,,,,,,,,,,,,,,,,,,
392,1,"could you give the minimum of proceeds from maturities of securities for NET from Nine Months Ended October 31, 2024 to Nine Months Ended October 31, 2025","min(6539_proceeds_from_maturities_of_securities_prior_ytd, 6538_proceeds_from_maturities_of_securities_current_ytd)","{""op"": ""min"", ""left"": {""leaf"": ""6539_proceeds_from_maturities_of_securities_prior_ytd"", ""depth"": 0}, ""right"": {""leaf"": ""6538_proceeds_from_maturities_of_securities_current_ytd"", ""depth"": 0}, ""depth"": 1}","{""kind"": ""time_agg"", ""op"": ""min"", ""depth"": 0}",155.0,1,0,1,417405575,103097575,42,0.338,0,1,2,6539_proceeds_from_maturities_of_securities_prior_ytd,proceeds_from_maturities_of_securities,proceeds from maturities of securities,NET,"Nine Months Ended October 31, 2024",M_USD,155.0,6538_proceeds_from_maturities_of_securities_current_ytd,proceeds_from_maturities_of_securities,proceeds from maturities of securities,NET,"Nine Months Ended October 31, 2025",M_USD,175.0,,,,,,,,,,,,,,,,,,,,,,,,,,,,,,,,,,,,,,,,,,,,,,,,,,,,,,,,,,,,,,,,,,,,,,,,,,,,,,,,,,,,
400,1,"what is the value of the maximum of proceeds from maturities of securities for BNK from Nine Months Ended October 31, 2024 to Nine Months Ended October 31, 2025","max(4769_proceeds_from_maturities_of_securities_prior_ytd, 4768_proceeds_from_maturities_of_securities_current_ytd)","{""op"": ""max"", ""left"": {""leaf"": ""4769_proceeds_from_maturities_of_securities_prior_ytd"", ""depth"": 0}, ""right"": {""leaf"": ""4768_proceeds_from_maturities_of_securities_current_ytd"", ""depth"": 0}, ""depth"": 1}","{""kind"": ""time_agg"", ""op"": ""max"", ""depth"": 0}",1296.0,4,0,1,220359149,281645509,42,0.117,0,1,2,4769_proceeds_from_maturities_of_securities_prior_ytd,proceeds_from_maturities_of_securities,proceeds from maturities of securities,BNK,"Nine Months Ended October 31, 2024",M_USD,1159.0,4768_proceeds_from_maturities_of_securities_current_ytd,proceeds_from_maturities_of_securities,proceeds from maturities of securities,BNK,"Nine Months Ended October 31, 2025",M_USD,1296.0,,,,,,,,,,,,,,,,,,,,,,,,,,,,,,,,,,,,,,,,,,,,,,,,,,,,,,,,,,,,,,,,,,,,,,,,,,,,,,,,,,,,
403,1,"What is the minimum of proceeds from maturities of securities for AST from Six Months Ended July 31, 2024 to Six Months Ended July 31, 2025","min(4933_proceeds_from_maturities_of_securities_prior_ytd, 4932_proceeds_from_maturities_of_securities_current_ytd)","{""op"": ""min"", ""left"": {""leaf"": ""4933_proceeds_from_maturities_of_securities_prior_ytd"", ""depth"": 0}, ""right"": {""leaf"": ""4932_proceeds_from_maturities_of_securities_current_ytd"", ""depth"": 0}, ""depth"": 1}","{""kind"": ""time_agg"", ""op"": ""min"", ""depth"": 0}",467.0,4,0,1,514539152,835056307,42,0.134,0,1,2,4933_proceeds_from_maturities_of_securities_prior_ytd,proceeds_from_maturities_of_securities,proceeds from maturities of securities,AST,"Six Months Ended July 31, 2024",M_USD,467.0,4932_proceeds_from_maturities_of_securities_current_ytd,proceeds_from_maturities_of_securities,proceeds from maturities of securities,AST,"Six Months Ended July 31, 2025",M_USD,485.0,,,,,,,,,,,,,,,,,,,,,,,,,,,,,,,,,,,,,,,,,,,,,,,,,,,,,,,,,,,,,,,,,,,,,,,,,,,,,,,,,,,,
405,1,"You should give the maximum of research and development for MRK from Three Months Ended April 30, 2024 to Three Months Ended April 30, 2025.","max(7055_research_and_development_prior_year_quarter, 7054_research_and_development_current_quarter)","{""op"": ""max"", ""left"": {""leaf"": ""7055_research_and_development_prior_year_quarter"", ""depth"": 0}, ""right"": {""leaf"": ""7054_research_and_development_current_quarter"", ""depth"": 0}, ""depth"": 1}","{""kind"": ""time_agg"", ""op"": ""max"", ""depth"": 0}",179.0,3,0,1,592072963,287495386,42,0.498,0,1,2,7055_research_and_development_prior_year_quarter,research_and_development,research and development,MRK,"Three Months Ended April 30, 2024",M_USD,179.0,7054_research_and_development_current_quarter,research_and_development,research and development,MRK,"Three Months Ended April 30, 2025",M_USD,153.0,,,,,,,,,,,,,,,,,,,,,,,,,,,,,,,,,,,,,,,,,,,,,,,,,,,,,,,,,,,,,,,,,,,,,,,,,,,,,,,,,,,,
406,1,"Calculate the minimum of total revenues for MDI from Nine Months Ended October 31, 2024 to Nine Months Ended October 31, 2025 .","min(5477_total_revenues_prior_year_ytd, 5476_total_revenues_current_ytd)","{""op"": ""min"", ""left"": {""leaf"": ""5477_total_revenues_prior_year_ytd"", ""depth"": 0}, ""right"": {""leaf"": ""5476_total_revenues_current_ytd"", ""depth"": 0}, ""depth"": 1}","{""kind"": ""time_agg"", ""op"": ""min"", ""depth"": 0}",49491.0,3,0,1,903266750,892672276,42,0.127,0,1,2,5477_total_revenues_prior_year_ytd,total_revenues,total revenues,MDI,"Nine Months Ended October 31, 2024",M_USD,49491.0,5476_total_revenues_current_ytd,total_revenues,total revenues,MDI,"Nine Months Ended October 31, 2025",M_USD,55977.0,,,,,,,,,,,,,,,,,,,,,,,,,,,,,,,,,,,,,,,,,,,,,,,,,,,,,,,,,,,,,,,,,,,,,,,,,,,,,,,,,,,,
408,1,"May you give the maximum of selling general and administrative for PRF from Three Months Ended April 30, 2024 to Three Months Ended April 30, 2025 ?","max(2175_selling_general_and_administrative_prior_year_quarter, 2174_selling_general_and_administrative_current_quarter)","{""op"": ""max"", ""left"": {""leaf"": ""2175_selling_general_and_administrative_prior_year_quarter"", ""depth"": 0}, ""right"": {""leaf"": ""2174_selling_general_and_administrative_current_quarter"", ""depth"": 0}, ""depth"": 1}","{""kind"": ""time_agg"", ""op"": ""max"", ""depth"": 0}",272.0,3,0,1,227654972,364696912,42,0.513,0,1,2,2175_selling_general_and_administrative_prior_year_quarter,selling_general_and_administrative,selling general and administrative,PRF,"Three Months Ended April 30, 2024",M_USD,263.0,2174_selling_general_and_administrative_current_quarter,selling_general_and_administrative,selling general and administrative,PRF,"Three Months Ended April 30, 2025",M_USD,272.0,,,,,,,,,,,,,,,,,,,,,,,,,,,,,,,,,,,,,,,,,,,,,,,,,,,,,,,,,,,,,,,,,,,,,,,,,,,,,,,,,,,,
410,1,"what would be the minimum of proceeds from maturities of securities for DTA from Three Months Ended April 30, 2024 to Three Months Ended April 30, 2025?","min(4485_proceeds_from_maturities_of_securities_prior_ytd, 4484_proceeds_from_maturities_of_securities_current_ytd)","{""op"": ""min"", ""left"": {""leaf"": ""4485_proceeds_from_maturities_of_securities_prior_ytd"", ""depth"": 0}, ""right"": {""leaf"": ""4484_proceeds_from_maturities_of_securities_current_ytd"", ""depth"": 0}, ""depth"": 1}","{""kind"": ""time_agg"", ""op"": ""min"", ""depth"": 0}",1024.0,4,0,1,694194952,2505007,42,0.447,0,1,2,4485_proceeds_from_maturities_of_securities_prior_ytd,proceeds_from_maturities_of_securities,proceeds from maturities of securities,DTA,"Three Months Ended April 30, 2024",M_USD,1024.0,4484_proceeds_from_maturities_of_securities_current_ytd,proceeds_from_maturities_of_securities,proceeds from maturities of securities,DTA,"Three Months Ended April 30, 2025",M_USD,1057.0,,,,,,,,,,,,,,,,,,,,,,,,,,,,,,,,,,,,,,,,,,,,,,,,,,,,,,,,,,,,,,,,,,,,,,,,,,,,,,,,,,,,
411,1,"Evaluate the minimum of comprehensive income for PRD from Three Months Ended October 31, 2024 to Three Months Ended October 31, 2025","min(1999_comprehensive_income_prior_year_quarter, 1998_comprehensive_income_current_quarter)","{""op"": ""min"", ""left"": {""leaf"": ""1999_comprehensive_income_prior_year_quarter"", ""depth"": 0}, ""right"": {""leaf"": ""1998_comprehensive_income_current_quarter"", ""depth"": 0}, ""depth"": 1}","{""kind"": ""time_agg"", ""op"": ""min"", ""depth"": 0}",2909.0,3,0,1,55609860,814124142,42,0.436,0,1,2,1999_comprehensive_income_prior_year_quarter,comprehensive_income,comprehensive income,PRD,"Three Months Ended October 31, 2024",M_USD,2909.0,1998_comprehensive_income_current_quarter,comprehensive_income,comprehensive income,PRD,"Three Months Ended October 31, 2025",M_USD,3361.0,,,,,,,,,,,,,,,,,,,,,,,,,,,,,,,,,,,,,,,,,,,,,,,,,,,,,,,,,,,,,,,,,,,,,,,,,,,,,,,,,,,,
414,1,"you should calculate the maximum of shares used basic for BNK from Nine Months Ended October 31, 2024 to Nine Months Ended October 31, 2025.","max(4779_shares_used_basic_prior_year_ytd, 4778_shares_used_basic_current_ytd)","{""op"": ""max"", ""left"": {""leaf"": ""4779_shares_used_basic_prior_year_ytd"", ""depth"": 0}, ""right"": {""leaf"": ""4778_shares_used_basic_current_ytd"", ""depth"": 0}, ""depth"": 1}","{""kind"": ""time_agg"", ""op"": ""max"", ""depth"": 0}",6889313.0,5,0,1,870015374,246355615,42,0.221,0,1,2,4779_shares_used_basic_prior_year_ytd,shares_used_basic,shares used basic,BNK,"Nine Months Ended October 31, 2024",M_shares,6889313.0,4778_shares_used_basic_current_ytd,shares_used_basic,shares used basic,BNK,"Nine Months Ended October 31, 2025",M_shares,6332095.0,,,,,,,,,,,,,,,,,,,,,,,,,,,,,,,,,,,,,,,,,,,,,,,,,,,,,,,,,,,,,,,,,,,,,,,,,,,,,,,,,,,,
416,1,"provide the free cash flow for TRD in Six Months Ended July 31, 2024.",free_cash_flow,"{""derived"": ""free_cash_flow"", ""expanded"": {""op"": ""sum"", ""left"": {""leaf"": ""2393_net_cash_from_operating_prior_ytd"", ""depth"": 0}, ""right"": {""leaf"": ""2395_capital_expenditures_prior_ytd"", ""depth"": 0}, ""depth"": 1}, ""depth"": 1}","{""kind"": ""derived_concept"", ""name"": ""free_cash_flow"", ""depth"": 0}",1251.0,2,0,1,84905522,115227852,42,0.486,0,1,2,2393_net_cash_from_operating_prior_ytd,net_cash_from_operating,net cash from operating,TRD,"Six Months Ended July 31, 2024",M_USD,5635.0,2395_capital_expenditures_prior_ytd,capital_expenditures,capital expenditures,TRD,"Six Months Ended July 31, 2024",M_USD,-4384.0,,,,,,,,,,,,,,,,,,,,,,,,,,,,,,,,,,,,,,,,,,,,,,,,,,,,,,,,,,,,,,,,,,,,,,,,,,,,,,,,,,,,
417,1,"evaluate the minimum of total non current assets for PRF from December 31, 2024 to April 30, 2025.","min(2210_total_non_current_assets_current_quarter_end, 2211_total_non_current_assets_prior_fy_end)","{""op"": ""min"", ""left"": {""leaf"": ""2210_total_non_current_assets_current_quarter_end"", ""depth"": 0}, ""right"": {""leaf"": ""2211_total_non_current_assets_prior_fy_end"", ""depth"": 0}, ""depth"": 1}","{""kind"": ""time_agg"", ""op"": ""min"", ""depth"": 0}",456.0,2,0,1,966690720,460538252,42,0.556,0,1,2,2210_total_non_current_assets_current_quarter_end,total_non_current_assets,total non current assets,PRF,"April 30, 2025",M_USD,476.0,2211_total_non_current_assets_prior_fy_end,total_non_current_assets,total non current assets,PRF,"December 31, 2024",M_USD,456.0,,,,,,,,,,,,,,,,,,,,,,,,,,,,,,,,,,,,,,,,,,,,,,,,,,,,,,,,,,,,,,,,,,,,,,,,,,,,,,,,,,,,
418,1,"you should give the minimum of gross profit for VRX from Six Months Ended July 31, 2024 to Six Months Ended July 31, 2025 .","min(2969_gross_profit_prior_year_ytd, 2968_gross_profit_current_ytd)","{""op"": ""min"", ""left"": {""leaf"": ""2969_gross_profit_prior_year_ytd"", ""depth"": 0}, ""right"": {""leaf"": ""2968_gross_profit_current_ytd"", ""depth"": 0}, ""depth"": 1}","{""kind"": ""time_agg"", ""op"": ""min"", ""depth"": 0}",21692.0,1,0,1,484901335,122992767,42,0.106,0,1,2,2969_gross_profit_prior_year_ytd,gross_profit,gross profit,VRX,"Six Months Ended July 31, 2024",M_USD,21692.0,2968_gross_profit_current_ytd,gross_profit,gross profit,VRX,"Six Months Ended July 31, 2025",M_USD,24098.0,,,,,,,,,,,,,,,,,,,,,,,,,,,,,,,,,,,,,,,,,,,,,,,,,,,,,,,,,,,,,,,,,,,,,,,,,,,,,,,,,,,,
419,1,"provide the gross profit for TRD in Three Months Ended July 31, 2024.",gross_profit,"{""derived"": ""gross_profit"", ""expanded"": {""op"": ""diff"", ""left"": {""leaf"": ""2299_total_revenues_prior_year_quarter"", ""depth"": 0}, ""right"": {""leaf"": ""2303_cost_of_sales_prior_year_quarter"", ""depth"": 0}, ""depth"": 1}, ""depth"": 1}","{""kind"": ""derived_concept"", ""name"": ""gross_profit"", ""depth"": 0}",21742.0,3,0,1,689816656,653523775,42,0.443,0,1,2,2299_total_revenues_prior_year_quarter,total_revenues,total revenues,TRD,"Three Months Ended July 31, 2024",M_USD,76385.0,2303_cost_of_sales_prior_year_quarter,cost_of_sales,cost of sales,TRD,"Three Months Ended July 31, 2024",M_USD,54643.0,,,,,,,,,,,,,,,,,,,,,,,,,,,,,,,,,,,,,,,,,,,,,,,,,,,,,,,,,,,,,,,,,,,,,,,,,,,,,,,,,,,,
420,1,"You should calculate the minimum of selling general and administrative for MTX from Three Months Ended October 31, 2024 to Three Months Ended October 31, 2025.","min(5331_selling_general_and_administrative_prior_year_quarter, 5330_selling_general_and_administrative_current_quarter)","{""op"": ""min"", ""left"": {""leaf"": ""5331_selling_general_and_administrative_prior_year_quarter"", ""depth"": 0}, ""right"": {""leaf"": ""5330_selling_general_and_administrative_current_quarter"", ""depth"": 0}, ""depth"": 1}","{""kind"": ""time_agg"", ""op"": ""min"", ""depth"": 0}",2357.0,4,0,1,772707059,746884761,42,0.299,0,1,2,5331_selling_general_and_administrative_prior_year_quarter,selling_general_and_administrative,selling general and administrative,MTX,"Three Months Ended October 31, 2024",M_USD,2388.0,5330_selling_general_and_administrative_current_quarter,selling_general_and_administrative,selling general and administrative,MTX,"Three Months Ended October 31, 2025",M_USD,2357.0,,,,,,,,,,,,,,,,,,,,,,,,,,,,,,,,,,,,,,,,,,,,,,,,,,,,,,,,,,,,,,,,,,,,,,,,,,,,,,,,,,,,
421,1,"what does the following give: minimum of provision for income taxes for GBL from Three Months Ended April 30, 2024 to Three Months Ended April 30, 2025","min(6781_provision_for_income_taxes_prior_year_quarter, 6780_provision_for_income_taxes_current_quarter)","{""op"": ""min"", ""left"": {""leaf"": ""6781_provision_for_income_taxes_prior_year_quarter"", ""depth"": 0}, ""right"": {""leaf"": ""6780_provision_for_income_taxes_current_quarter"", ""depth"": 0}, ""depth"": 1}","{""kind"": ""time_agg"", ""op"": ""min"", ""depth"": 0}",790.0,2,0,1,710429926,889422658,42,0.113,0,1,2,6781_provision_for_income_taxes_prior_year_quarter,provision_for_income_taxes,provision for income taxes,GBL,"Three Months Ended April 30, 2024",M_USD,815.0,6780_provision_for_income_taxes_current_quarter,provision_for_income_taxes,provision for income taxes,GBL,"Three Months Ended April 30, 2025",M_USD,790.0,,,,,,,,,,,,,,,,,,,,,,,,,,,,,,,,,,,,,,,,,,,,,,,,,,,,,,,,,,,,,,,,,,,,,,,,,,,,,,,,,,,,
423,1,"You should calculate the minimum of selling general and administrative for IND from Three Months Ended April 30, 2024 to Three Months Ended April 30, 2025 .","min(1101_selling_general_and_administrative_prior_year_quarter, 1100_selling_general_and_administrative_current_quarter)","{""op"": ""min"", ""left"": {""leaf"": ""1101_selling_general_and_administrative_prior_year_quarter"", ""depth"": 0}, ""right"": {""leaf"": ""1100_selling_general_and_administrative_current_quarter"", ""depth"": 0}, ""depth"": 1}","{""kind"": ""time_agg"", ""op"": ""min"", ""depth"": 0}",2692.0,1,0,1,63897432,478181045,42,0.519,0,1,2,1101_selling_general_and_administrative_prior_year_quarter,selling_general_and_administrative,selling general and administrative,IND,"Three Months Ended April 30, 2024",M_USD,2996.0,1100_selling_general_and_administrative_current_quarter,selling_general_and_administrative,selling general and administrative,IND,"Three Months Ended April 30, 2025",M_USD,2692.0,,,,,,,,,,,,,,,,,,,,,,,,,,,,,,,,,,,,,,,,,,,,,,,,,,,,,,,,,,,,,,,,,,,,,,,,,,,,,,,,,,,,
427,1,"state the operating income for TXN in Three Months Ended April 30, 2025.",operating_income,"{""derived"": ""operating_income"", ""expanded"": {""op"": ""diff"", ""left"": {""leaf"": ""7584_total_revenues_current_quarter"", ""depth"": 0}, ""right"": {""leaf"": ""7594_total_costs_and_expenses_current_quarter"", ""depth"": 0}, ""depth"": 1}, ""depth"": 1}","{""kind"": ""derived_concept"", ""name"": ""operating_income"", ""depth"": 0}",18687.0,3,0,1,59875575,579462904,42,0.195,0,1,2,7584_total_revenues_current_quarter,total_revenues,total revenues,TXN,"Three Months Ended April 30, 2025",M_USD,54312.0,7594_total_costs_and_expenses_current_quarter,total_costs_and_expenses,total costs and expenses,TXN,"Three Months Ended April 30, 2025",M_USD,35625.0,,,,,,,,,,,,,,,,,,,,,,,,,,,,,,,,,,,,,,,,,,,,,,,,,,,,,,,,,,,,,,,,,,,,,,,,,,,,,,,,,,,,
429,1,"Whats the value of the maximum of total current assets for CRF from December 31, 2024 to October 31, 2025?","max(1741_total_current_assets_prior_fy_end, 1740_total_current_assets_current_quarter_end)","{""op"": ""max"", ""left"": {""leaf"": ""1741_total_current_assets_prior_fy_end"", ""depth"": 0}, ""right"": {""leaf"": ""1740_total_current_assets_current_quarter_end"", ""depth"": 0}, ""depth"": 1}","{""kind"": ""time_agg"", ""op"": ""max"", ""depth"": 0}",5501.0,5,0,1,344667573,401933522,42,0.535,0,1,2,1741_total_current_assets_prior_fy_end,total_current_assets,total current assets,CRF,"December 31, 2024",M_USD,5501.0,1740_total_current_assets_current_quarter_end,total_current_assets,total current assets,CRF,"October 31, 2025",M_USD,5364.0,,,,,,,,,,,,,,,,,,,,,,,,,,,,,,,,,,,,,,,,,,,,,,,,,,,,,,,,,,,,,,,,,,,,,,,,,,,,,,,,,,,,
430,1,"could you give the gross profit for MTX in Three Months Ended October 31, 2024?",gross_profit,"{""derived"": ""gross_profit"", ""expanded"": {""op"": ""diff"", ""left"": {""leaf"": ""5315_total_revenues_prior_year_quarter"", ""depth"": 0}, ""right"": {""leaf"": ""5319_cost_of_sales_prior_year_quarter"", ""depth"": 0}, ""depth"": 1}, ""depth"": 1}","{""kind"": ""derived_concept"", ""name"": ""gross_profit"", ""depth"": 0}",6839.0,2,0,1,524341505,763901937,42,0.513,0,1,2,5315_total_revenues_prior_year_quarter,total_revenues,total revenues,MTX,"Three Months Ended October 31, 2024",M_USD,24805.0,5319_cost_of_sales_prior_year_quarter,cost_of_sales,cost of sales,MTX,"Three Months Ended October 31, 2024",M_USD,17966.0,,,,,,,,,,,,,,,,,,,,,,,,,,,,,,,,,,,,,,,,,,,,,,,,,,,,,,,,,,,,,,,,,,,,,,,,,,,,,,,,,,,,
434,1,"what would be the maximum of goodwill for FAB from December 31, 2024 to July 31, 2025","max(3859_goodwill_prior_fy_end, 3858_goodwill_current_quarter_end)","{""op"": ""max"", ""left"": {""leaf"": ""3859_goodwill_prior_fy_end"", ""depth"": 0}, ""right"": {""leaf"": ""3858_goodwill_current_quarter_end"", ""depth"": 0}, ""depth"": 1}","{""kind"": ""time_agg"", ""op"": ""max"", ""depth"": 0}",5333.0,3,0,1,830047911,757181339,42,0.486,0,1,2,3859_goodwill_prior_fy_end,goodwill,goodwill,FAB,"December 31, 2024",M_USD,5333.0,3858_goodwill_current_quarter_end,goodwill,goodwill,FAB,"July 31, 2025",M_USD,5254.0,,,,,,,,,,,,,,,,,,,,,,,,,,,,,,,,,,,,,,,,,,,,,,,,,,,,,,,,,,,,,,,,,,,,,,,,,,,,,,,,,,,,
435,1,"Evaluate the maximum of depreciation and amortization for VTL from Three Months Ended April 30, 2024 to Three Months Ended April 30, 2025","max(75_depreciation_and_amortization_prior_ytd, 74_depreciation_and_amortization_current_ytd)","{""op"": ""max"", ""left"": {""leaf"": ""75_depreciation_and_amortization_prior_ytd"", ""depth"": 0}, ""right"": {""leaf"": ""74_depreciation_and_amortization_current_ytd"", ""depth"": 0}, ""depth"": 1}","{""kind"": ""time_agg"", ""op"": ""max"", ""depth"": 0}",54.0,2,0,1,752484121,907640065,42,0.358,0,1,2,75_depreciation_and_amortization_prior_ytd,depreciation_and_amortization,depreciation and amortization,VTL,"Three Months Ended April 30, 2024",M_USD,53.0,74_depreciation_and_amortization_current_ytd,depreciation_and_amortization,depreciation and amortization,VTL,"Three Months Ended April 30, 2025",M_USD,54.0,,,,,,,,,,,,,,,,,,,,,,,,,,,,,,,,,,,,,,,,,,,,,,,,,,,,,,,,,,,,,,,,,,,,,,,,,,,,,,,,,,,,
437,1,"state the maximum of prepaid expenses and other for VTL from December 31, 2024 to April 30, 2025","max(32_prepaid_expenses_and_other_current_quarter_end, 33_prepaid_expenses_and_other_prior_fy_end)","{""op"": ""max"", ""left"": {""leaf"": ""32_prepaid_expenses_and_other_current_quarter_end"", ""depth"": 0}, ""right"": {""leaf"": ""33_prepaid_expenses_and_other_prior_fy_end"", ""depth"": 0}, ""depth"": 1}","{""kind"": ""time_agg"", ""op"": ""max"", ""depth"": 0}",80.0,2,0,1,824903405,473699797,42,0.289,0,1,2,32_prepaid_expenses_and_other_current_quarter_end,prepaid_expenses_and_other,prepaid expenses and other,VTL,"April 30, 2025",M_USD,79.0,33_prepaid_expenses_and_other_prior_fy_end,prepaid_expenses_and_other,prepaid expenses and other,VTL,"December 31, 2024",M_USD,80.0,,,,,,,,,,,,,,,,,,,,,,,,,,,,,,,,,,,,,,,,,,,,,,,,,,,,,,,,,,,,,,,,,,,,,,,,,,,,,,,,,,,,
438,1,"determine the minimum of inventories for ZNX from December 31, 2024 to July 31, 2025","min(6291_inventories_prior_fy_end, 6290_inventories_current_quarter_end)","{""op"": ""min"", ""left"": {""leaf"": ""6291_inventories_prior_fy_end"", ""depth"": 0}, ""right"": {""leaf"": ""6290_inventories_current_quarter_end"", ""depth"": 0}, ""depth"": 1}","{""kind"": ""time_agg"", ""op"": ""min"", ""depth"": 0}",2016.0,4,0,1,364482334,239148470,42,0.401,0,1,2,6291_inventories_prior_fy_end,inventories,inventories,ZNX,"December 31, 2024",M_USD,2016.0,6290_inventories_current_quarter_end,inventories,inventories,ZNX,"July 31, 2025",M_USD,2313.0,,,,,,,,,,,,,,,,,,,,,,,,,,,,,,,,,,,,,,,,,,,,,,,,,,,,,,,,,,,,,,,,,,,,,,,,,,,,,,,,,,,,
439,1,"Provide the gross profit for STR in Three Months Ended July 31, 2024.",gross_profit,"{""derived"": ""gross_profit"", ""expanded"": {""op"": ""diff"", ""left"": {""leaf"": ""3267_total_revenues_prior_year_quarter"", ""depth"": 0}, ""right"": {""leaf"": ""3271_cost_of_sales_prior_year_quarter"", ""depth"": 0}, ""depth"": 1}, ""depth"": 1}","{""kind"": ""derived_concept"", ""name"": ""gross_profit"", ""depth"": 0}",5216.0,3,0,1,480217856,479382789,42,0.267,0,1,2,3267_total_revenues_prior_year_quarter,total_revenues,total revenues,STR,"Three Months Ended July 31, 2024",M_USD,11148.0,3271_cost_of_sales_prior_year_quarter,cost_of_sales,cost of sales,STR,"Three Months Ended July 31, 2024",M_USD,5932.0,,,,,,,,,,,,,,,,,,,,,,,,,,,,,,,,,,,,,,,,,,,,,,,,,,,,,,,,,,,,,,,,,,,,,,,,,,,,,,,,,,,,
440,1,"you should calculate the minimum of opening cash and equivalents for CLD from Three Months Ended April 30, 2024 to Three Months Ended April 30, 2025 .","min(3243_opening_cash_and_equivalents_prior_ytd, 3242_opening_cash_and_equivalents_current_ytd)","{""op"": ""min"", ""left"": {""leaf"": ""3243_opening_cash_and_equivalents_prior_ytd"", ""depth"": 0}, ""right"": {""leaf"": ""3242_opening_cash_and_equivalents_current_ytd"", ""depth"": 0}, ""depth"": 1}","{""kind"": ""time_agg"", ""op"": ""min"", ""depth"": 0}",2620.0,1,0,1,468941797,446400951,42,0.421,0,1,2,3243_opening_cash_and_equivalents_prior_ytd,opening_cash_and_equivalents,opening cash and equivalents,CLD,"Three Months Ended April 30, 2024",M_USD,2620.0,3242_opening_cash_and_equivalents_current_ytd,opening_cash_and_equivalents,opening cash and equivalents,CLD,"Three Months Ended April 30, 2025",M_USD,2713.0,,,,,,,,,,,,,,,,,,,,,,,,,,,,,,,,,,,,,,,,,,,,,,,,,,,,,,,,,,,,,,,,,,,,,,,,,,,,,,,,,,,,
442,1,"state the operating income for TXN in Three Months Ended April 30, 2025 .",operating_income,"{""derived"": ""operating_income"", ""expanded"": {""op"": ""diff"", ""left"": {""leaf"": ""7584_total_revenues_current_quarter"", ""depth"": 0}, ""right"": {""leaf"": ""7594_total_costs_and_expenses_current_quarter"", ""depth"": 0}, ""depth"": 1}, ""depth"": 1}","{""kind"": ""derived_concept"", ""name"": ""operating_income"", ""depth"": 0}",18687.0,4,0,1,834173754,563170244,42,0.563,0,1,2,7584_total_revenues_current_quarter,total_revenues,total revenues,TXN,"Three Months Ended April 30, 2025",M_USD,54312.0,7594_total_costs_and_expenses_current_quarter,total_costs_and_expenses,total costs and expenses,TXN,"Three Months Ended April 30, 2025",M_USD,35625.0,,,,,,,,,,,,,,,,,,,,,,,,,,,,,,,,,,,,,,,,,,,,,,,,,,,,,,,,,,,,,,,,,,,,,,,,,,,,,,,,,,,,
443,1,"Provide the maximum of research and development for TRU from Three Months Ended July 31, 2024 to Three Months Ended July 31, 2025 .","max(813_research_and_development_prior_year_quarter, 812_research_and_development_current_quarter)","{""op"": ""max"", ""left"": {""leaf"": ""813_research_and_development_prior_year_quarter"", ""depth"": 0}, ""right"": {""leaf"": ""812_research_and_development_current_quarter"", ""depth"": 0}, ""depth"": 1}","{""kind"": ""time_agg"", ""op"": ""max"", ""depth"": 0}",51.0,1,0,1,412272354,337540102,42,0.427,0,1,2,813_research_and_development_prior_year_quarter,research_and_development,research and development,TRU,"Three Months Ended July 31, 2024",M_USD,45.0,812_research_and_development_current_quarter,research_and_development,research and development,TRU,"Three Months Ended July 31, 2025",M_USD,51.0,,,,,,,,,,,,,,,,,,,,,,,,,,,,,,,,,,,,,,,,,,,,,,,,,,,,,,,,,,,,,,,,,,,,,,,,,,,,,,,,,,,,
447,1,"State the operating income for VRX in Six Months Ended July 31, 2025 .",operating_income,"{""derived"": ""operating_income"", ""expanded"": {""op"": ""diff"", ""left"": {""leaf"": ""2960_total_revenues_current_ytd"", ""depth"": 0}, ""right"": {""leaf"": ""2980_total_costs_and_expenses_current_ytd"", ""depth"": 0}, ""depth"": 1}, ""depth"": 1}","{""kind"": ""derived_concept"", ""name"": ""operating_income"", ""depth"": 0}",3756.0,4,0,1,72476398,954526171,42,0.364,0,1,2,2960_total_revenues_current_ytd,total_revenues,total revenues,VRX,"Six Months Ended July 31, 2025",M_USD,37928.0,2980_total_costs_and_expenses_current_ytd,total_costs_and_expenses,total costs and expenses,VRX,"Six Months Ended July 31, 2025",M_USD,34172.0,,,,,,,,,,,,,,,,,,,,,,,,,,,,,,,,,,,,,,,,,,,,,,,,,,,,,,,,,,,,,,,,,,,,,,,,,,,,,,,,,,,,
448,1,"Whats the value of the minimum of total current liabilities for CNS from December 31, 2024 to April 30, 2025","min(5996_total_current_liabilities_current_quarter_end, 5997_total_current_liabilities_prior_fy_end)","{""op"": ""min"", ""left"": {""leaf"": ""5996_total_current_liabilities_current_quarter_end"", ""depth"": 0}, ""right"": {""leaf"": ""5997_total_current_liabilities_prior_fy_end"", ""depth"": 0}, ""depth"": 1}","{""kind"": ""time_agg"", ""op"": ""min"", ""depth"": 0}",3034.0,4,0,1,564876455,181243327,42,0.458,0,1,2,5996_total_current_liabilities_current_quarter_end,total_current_liabilities,total current liabilities,CNS,"April 30, 2025",M_USD,3304.0,5997_total_current_liabilities_prior_fy_end,total_current_liabilities,total current liabilities,CNS,"December 31, 2024",M_USD,3034.0,,,,,,,,,,,,,,,,,,,,,,,,,,,,,,,,,,,,,,,,,,,,,,,,,,,,,,,,,,,,,,,,,,,,,,,,,,,,,,,,,,,,
450,1,"what is the gross profit for AVX in Nine Months Ended October 31, 2024?",gross_profit,"{""derived"": ""gross_profit"", ""expanded"": {""op"": ""diff"", ""left"": {""leaf"": ""1395_total_revenues_prior_year_ytd"", ""depth"": 0}, ""right"": {""leaf"": ""1399_cost_of_sales_prior_year_ytd"", ""depth"": 0}, ""depth"": 1}, ""depth"": 1}","{""kind"": ""derived_concept"", ""name"": ""gross_profit"", ""depth"": 0}",1251.0,5,0,1,497841131,309478231,42,0.309,0,1,2,1395_total_revenues_prior_year_ytd,total_revenues,total revenues,AVX,"Nine Months Ended October 31, 2024",M_USD,3216.0,1399_cost_of_sales_prior_year_ytd,cost_of_sales,cost of sales,AVX,"Nine Months Ended October 31, 2024",M_USD,1965.0,,,,,,,,,,,,,,,,,,,,,,,,,,,,,,,,,,,,,,,,,,,,,,,,,,,,,,,,,,,,,,,,,,,,,,,,,,,,,,,,,,,,
451,1,"state the minimum of total non current liabilities for TRU from December 31, 2024 to July 31, 2025 .","min(887_total_non_current_liabilities_prior_fy_end, 886_total_non_current_liabilities_current_quarter_end)","{""op"": ""min"", ""left"": {""leaf"": ""887_total_non_current_liabilities_prior_fy_end"", ""depth"": 0}, ""right"": {""leaf"": ""886_total_non_current_liabilities_current_quarter_end"", ""depth"": 0}, ""depth"": 1}","{""kind"": ""time_agg"", ""op"": ""min"", ""depth"": 0}",7498.0,5,0,1,890701785,862415478,42,0.152,0,1,2,887_total_non_current_liabilities_prior_fy_end,total_non_current_liabilities,total non current liabilities,TRU,"December 31, 2024",M_USD,7498.0,886_total_non_current_liabilities_current_quarter_end,total_non_current_liabilities,total non current liabilities,TRU,"July 31, 2025",M_USD,8299.0,,,,,,,,,,,,,,,,,,,,,,,,,,,,,,,,,,,,,,,,,,,,,,,,,,,,,,,,,,,,,,,,,,,,,,,,,,,,,,,,,,,,
452,1,"Evaluate the minimum of selling general and administrative for MDI from Nine Months Ended October 31, 2024 to Nine Months Ended October 31, 2025.","min(5493_selling_general_and_administrative_prior_year_ytd, 5492_selling_general_and_administrative_current_ytd)","{""op"": ""min"", ""left"": {""leaf"": ""5493_selling_general_and_administrative_prior_year_ytd"", ""depth"": 0}, ""right"": {""leaf"": ""5492_selling_general_and_administrative_current_ytd"", ""depth"": 0}, ""depth"": 1}","{""kind"": ""time_agg"", ""op"": ""min"", ""depth"": 0}",7545.0,4,0,1,32102330,777260792,42,0.401,0,1,2,5493_selling_general_and_administrative_prior_year_ytd,selling_general_and_administrative,selling general and administrative,MDI,"Nine Months Ended October 31, 2024",M_USD,7545.0,5492_selling_general_and_administrative_current_ytd,selling_general_and_administrative,selling general and administrative,MDI,"Nine Months Ended October 31, 2025",M_USD,8535.0,,,,,,,,,,,,,,,,,,,,,,,,,,,,,,,,,,,,,,,,,,,,,,,,,,,,,,,,,,,,,,,,,,,,,,,,,,,,,,,,,,,,
456,1,"Whats the value of the operating income for CRF in Nine Months Ended October 31, 2025?",operating_income,"{""derived"": ""operating_income"", ""expanded"": {""op"": ""diff"", ""left"": {""leaf"": ""1684_total_revenues_current_ytd"", ""depth"": 0}, ""right"": {""leaf"": ""1704_total_costs_and_expenses_current_ytd"", ""depth"": 0}, ""depth"": 1}, ""depth"": 1}","{""kind"": ""derived_concept"", ""name"": ""operating_income"", ""depth"": 0}",5382.0,4,0,1,249725016,276352832,42,0.202,0,1,2,1684_total_revenues_current_ytd,total_revenues,total revenues,CRF,"Nine Months Ended October 31, 2025",M_USD,32649.0,1704_total_costs_and_expenses_current_ytd,total_costs_and_expenses,total costs and expenses,CRF,"Nine Months Ended October 31, 2025",M_USD,27267.0,,,,,,,,,,,,,,,,,,,,,,,,,,,,,,,,,,,,,,,,,,,,,,,,,,,,,,,,,,,,,,,,,,,,,,,,,,,,,,,,,,,,
461,1,"what does the following give: maximum of depreciation and amortization for GRD from Six Months Ended July 31, 2024 to Six Months Ended July 31, 2025?","max(407_depreciation_and_amortization_prior_ytd, 406_depreciation_and_amortization_current_ytd)","{""op"": ""max"", ""left"": {""leaf"": ""407_depreciation_and_amortization_prior_ytd"", ""depth"": 0}, ""right"": {""leaf"": ""406_depreciation_and_amortization_current_ytd"", ""depth"": 0}, ""depth"": 1}","{""kind"": ""time_agg"", ""op"": ""max"", ""depth"": 0}",646.0,5,0,1,977272346,105718082,42,0.525,0,1,2,407_depreciation_and_amortization_prior_ytd,depreciation_and_amortization,depreciation and amortization,GRD,"Six Months Ended July 31, 2024",M_USD,646.0,406_depreciation_and_amortization_current_ytd,depreciation_and_amortization,depreciation and amortization,GRD,"Six Months Ended July 31, 2025",M_USD,561.0,,,,,,,,,,,,,,,,,,,,,,,,,,,,,,,,,,,,,,,,,,,,,,,,,,,,,,,,,,,,,,,,,,,,,,,,,,,,,,,,,,,,
462,1,"Provide the minimum of short term investments for TRU from December 31, 2024 to July 31, 2025","min(851_short_term_investments_prior_fy_end, 850_short_term_investments_current_quarter_end)","{""op"": ""min"", ""left"": {""leaf"": ""851_short_term_investments_prior_fy_end"", ""depth"": 0}, ""right"": {""leaf"": ""850_short_term_investments_current_quarter_end"", ""depth"": 0}, ""depth"": 1}","{""kind"": ""time_agg"", ""op"": ""min"", ""depth"": 0}",3539.0,4,0,1,245312043,301174056,42,0.151,0,1,2,851_short_term_investments_prior_fy_end,short_term_investments,short term investments,TRU,"December 31, 2024",M_USD,3539.0,850_short_term_investments_current_quarter_end,short_term_investments,short term investments,TRU,"July 31, 2025",M_USD,3917.0,,,,,,,,,,,,,,,,,,,,,,,,,,,,,,,,,,,,,,,,,,,,,,,,,,,,,,,,,,,,,,,,,,,,,,,,,,,,,,,,,,,,
463,1,"What's the value of the minimum of proceeds from stock option exercises for CIV from Nine Months Ended October 31, 2024 to Nine Months Ended October 31, 2025","min(2929_proceeds_from_stock_option_exercises_prior_ytd, 2928_proceeds_from_stock_option_exercises_current_ytd)","{""op"": ""min"", ""left"": {""leaf"": ""2929_proceeds_from_stock_option_exercises_prior_ytd"", ""depth"": 0}, ""right"": {""leaf"": ""2928_proceeds_from_stock_option_exercises_current_ytd"", ""depth"": 0}, ""depth"": 1}","{""kind"": ""time_agg"", ""op"": ""min"", ""depth"": 0}",10.0,3,0,1,779955283,44834418,42,0.159,0,1,2,2929_proceeds_from_stock_option_exercises_prior_ytd,proceeds_from_stock_option_exercises,proceeds from stock option exercises,CIV,"Nine Months Ended October 31, 2024",M_USD,10.0,2928_proceeds_from_stock_option_exercises_current_ytd,proceeds_from_stock_option_exercises,proceeds from stock option exercises,CIV,"Nine Months Ended October 31, 2025",M_USD,10.0,,,,,,,,,,,,,,,,,,,,,,,,,,,,,,,,,,,,,,,,,,,,,,,,,,,,,,,,,,,,,,,,,,,,,,,,,,,,,,,,,,,,
464,1,"give the gross profit for QRK in Six Months Ended April 30, 2025.",gross_profit,"{""derived"": ""gross_profit"", ""expanded"": {""op"": ""diff"", ""left"": {""leaf"": ""3445_total_revenues_prior_year_ytd"", ""depth"": 0}, ""right"": {""leaf"": ""3449_cost_of_sales_prior_year_ytd"", ""depth"": 0}, ""depth"": 1}, ""depth"": 1}","{""kind"": ""derived_concept"", ""name"": ""gross_profit"", ""depth"": 0}",110024.0,4,0,1,210421326,810983003,42,0.48,0,1,2,3445_total_revenues_prior_year_ytd,total_revenues,total revenues,QRK,"Six Months Ended April 30, 2025",M_USD,166724.0,3449_cost_of_sales_prior_year_ytd,cost_of_sales,cost of sales,QRK,"Six Months Ended April 30, 2025",M_USD,56700.0,,,,,,,,,,,,,,,,,,,,,,,,,,,,,,,,,,,,,,,,,,,,,,,,,,,,,,,,,,,,,,,,,,,,,,,,,,,,,,,,,,,,
465,1,"What would be the operating income for FAB in Three Months Ended July 31, 2025 ?",operating_income,"{""derived"": ""operating_income"", ""expanded"": {""op"": ""diff"", ""left"": {""leaf"": ""3794_total_revenues_current_quarter"", ""depth"": 0}, ""right"": {""leaf"": ""3814_total_costs_and_expenses_current_quarter"", ""depth"": 0}, ""depth"": 1}, ""depth"": 1}","{""kind"": ""derived_concept"", ""name"": ""operating_income"", ""depth"": 0}",6427.0,5,0,1,469190734,448494707,42,0.279,0,1,2,3794_total_revenues_current_quarter,total_revenues,total revenues,FAB,"Three Months Ended July 31, 2025",M_USD,29782.0,3814_total_costs_and_expenses_current_quarter,total_costs_and_expenses,total costs and expenses,FAB,"Three Months Ended July 31, 2025",M_USD,23355.0,,,,,,,,,,,,,,,,,,,,,,,,,,,,,,,,,,,,,,,,,,,,,,,,,,,,,,,,,,,,,,,,,,,,,,,,,,,,,,,,,,,,
467,1,"what would be the maximum of provision for income taxes for FAB from Six Months Ended July 31, 2024 to Six Months Ended July 31, 2025 ?","max(3829_provision_for_income_taxes_prior_year_ytd, 3828_provision_for_income_taxes_current_ytd)","{""op"": ""max"", ""left"": {""leaf"": ""3829_provision_for_income_taxes_prior_year_ytd"", ""depth"": 0}, ""right"": {""leaf"": ""3828_provision_for_income_taxes_current_ytd"", ""depth"": 0}, ""depth"": 1}","{""kind"": ""time_agg"", ""op"": ""max"", ""depth"": 0}",3118.0,1,0,1,401639755,629102774,42,0.257,0,1,2,3829_provision_for_income_taxes_prior_year_ytd,provision_for_income_taxes,provision for income taxes,FAB,"Six Months Ended July 31, 2024",M_USD,3118.0,3828_provision_for_income_taxes_current_ytd,provision_for_income_taxes,provision for income taxes,FAB,"Six Months Ended July 31, 2025",M_USD,2754.0,,,,,,,,,,,,,,,,,,,,,,,,,,,,,,,,,,,,,,,,,,,,,,,,,,,,,,,,,,,,,,,,,,,,,,,,,,,,,,,,,,,,
468,1,"What's the value of the minimum of long term marketable securities for CLR from December 31, 2024 to October 31, 2025","min(193_long_term_marketable_securities_prior_fy_end, 192_long_term_marketable_securities_current_quarter_end)","{""op"": ""min"", ""left"": {""leaf"": ""193_long_term_marketable_securities_prior_fy_end"", ""depth"": 0}, ""right"": {""leaf"": ""192_long_term_marketable_securities_current_quarter_end"", ""depth"": 0}, ""depth"": 1}","{""kind"": ""time_agg"", ""op"": ""min"", ""depth"": 0}",2201.0,2,0,1,756045818,839888989,42,0.352,0,1,2,193_long_term_marketable_securities_prior_fy_end,long_term_marketable_securities,long term marketable securities,CLR,"December 31, 2024",M_USD,2201.0,192_long_term_marketable_securities_current_quarter_end,long_term_marketable_securities,long term marketable securities,CLR,"October 31, 2025",M_USD,2297.0,,,,,,,,,,,,,,,,,,,,,,,,,,,,,,,,,,,,,,,,,,,,,,,,,,,,,,,,,,,,,,,,,,,,,,,,,,,,,,,,,,,,
469,1,"state the maximum of Royalties and other for VRX from Six Months Ended July 31, 2024 to Six Months Ended July 31, 2025.","max(3131_royalties_and_other_prior_year_ytd, 3127_royalties_and_other_current_ytd)","{""op"": ""max"", ""left"": {""leaf"": ""3131_royalties_and_other_prior_year_ytd"", ""depth"": 0}, ""right"": {""leaf"": ""3127_royalties_and_other_current_ytd"", ""depth"": 0}, ""depth"": 1}","{""kind"": ""time_agg"", ""op"": ""max"", ""depth"": 0}",12484.0,3,0,1,102997602,952261156,42,0.356,0,1,2,3131_royalties_and_other_prior_year_ytd,royalties_and_other,Royalties and other,VRX,"Six Months Ended July 31, 2024",M_USD,11238.0,3127_royalties_and_other_current_ytd,royalties_and_other,Royalties and other,VRX,"Six Months Ended July 31, 2025",M_USD,12484.0,,,,,,,,,,,,,,,,,,,,,,,,,,,,,,,,,,,,,,,,,,,,,,,,,,,,,,,,,,,,,,,,,,,,,,,,,,,,,,,,,,,,
470,1,"May you give the operating income for QRK in Six Months Ended April 30, 2026",operating_income,"{""derived"": ""operating_income"", ""expanded"": {""op"": ""diff"", ""left"": {""leaf"": ""3444_total_revenues_current_ytd"", ""depth"": 0}, ""right"": {""leaf"": ""3464_total_costs_and_expenses_current_ytd"", ""depth"": 0}, ""depth"": 1}, ""depth"": 1}","{""kind"": ""derived_concept"", ""name"": ""operating_income"", ""depth"": 0}",62628.0,5,0,1,709482753,314921161,42,0.405,0,1,2,3444_total_revenues_current_ytd,total_revenues,total revenues,QRK,"Six Months Ended April 30, 2026",M_USD,148882.0,3464_total_costs_and_expenses_current_ytd,total_costs_and_expenses,total costs and expenses,QRK,"Six Months Ended April 30, 2026",M_USD,86254.0,,,,,,,,,,,,,,,,,,,,,,,,,,,,,,,,,,,,,,,,,,,,,,,,,,,,,,,,,,,,,,,,,,,,,,,,,,,,,,,,,,,,
471,1,"what is the value of the maximum of property plant and equipment net for CAP from December 31, 2024 to October 31, 2025 ?","max(5709_property_plant_and_equipment_net_prior_fy_end, 5708_property_plant_and_equipment_net_current_quarter_end)","{""op"": ""max"", ""left"": {""leaf"": ""5709_property_plant_and_equipment_net_prior_fy_end"", ""depth"": 0}, ""right"": {""leaf"": ""5708_property_plant_and_equipment_net_current_quarter_end"", ""depth"": 0}, ""depth"": 1}","{""kind"": ""time_agg"", ""op"": ""max"", ""depth"": 0}",1699.0,5,0,1,897632300,647407024,42,0.522,0,1,2,5709_property_plant_and_equipment_net_prior_fy_end,property_plant_and_equipment_net,property plant and equipment net,CAP,"December 31, 2024",M_USD,1699.0,5708_property_plant_and_equipment_net_current_quarter_end,property_plant_and_equipment_net,property plant and equipment net,CAP,"October 31, 2025",M_USD,1696.0,,,,,,,,,,,,,,,,,,,,,,,,,,,,,,,,,,,,,,,,,,,,,,,,,,,,,,,,,,,,,,,,,,,,,,,,,,,,,,,,,,,,
472,1,"give the minimum of depreciation and amortization for STR from Six Months Ended July 31, 2024 to Six Months Ended July 31, 2025 .","min(3365_depreciation_and_amortization_prior_ytd, 3364_depreciation_and_amortization_current_ytd)","{""op"": ""min"", ""left"": {""leaf"": ""3365_depreciation_and_amortization_prior_ytd"", ""depth"": 0}, ""right"": {""leaf"": ""3364_depreciation_and_amortization_current_ytd"", ""depth"": 0}, ""depth"": 1}","{""kind"": ""time_agg"", ""op"": ""min"", ""depth"": 0}",1663.0,5,0,1,373852837,990256589,42,0.456,0,1,2,3365_depreciation_and_amortization_prior_ytd,depreciation_and_amortization,depreciation and amortization,STR,"Six Months Ended July 31, 2024",M_USD,1663.0,3364_depreciation_and_amortization_current_ytd,depreciation_and_amortization,depreciation and amortization,STR,"Six Months Ended July 31, 2025",M_USD,1826.0,,,,,,,,,,,,,,,,,,,,,,,,,,,,,,,,,,,,,,,,,,,,,,,,,,,,,,,,,,,,,,,,,,,,,,,,,,,,,,,,,,,,
473,1,"What is the value of the gross profit for BRX in Six Months Ended July 31, 2024?",gross_profit,"{""derived"": ""gross_profit"", ""expanded"": {""op"": ""diff"", ""left"": {""leaf"": ""471_total_revenues_prior_year_ytd"", ""depth"": 0}, ""right"": {""leaf"": ""475_cost_of_sales_prior_year_ytd"", ""depth"": 0}, ""depth"": 1}, ""depth"": 1}","{""kind"": ""derived_concept"", ""name"": ""gross_profit"", ""depth"": 0}",42332.0,2,0,1,331463360,209880561,42,0.242,0,1,2,471_total_revenues_prior_year_ytd,total_revenues,total revenues,BRX,"Six Months Ended July 31, 2024",M_USD,136478.0,475_cost_of_sales_prior_year_ytd,cost_of_sales,cost of sales,BRX,"Six Months Ended July 31, 2024",M_USD,94146.0,,,,,,,,,,,,,,,,,,,,,,,,,,,,,,,,,,,,,,,,,,,,,,,,,,,,,,,,,,,,,,,,,,,,,,,,,,,,,,,,,,,,
474,1,"what's the value of the maximum of accrued expenses and other for CIV from December 31, 2024 to October 31, 2025","max(2875_accrued_expenses_and_other_prior_fy_end, 2874_accrued_expenses_and_other_current_quarter_end)","{""op"": ""max"", ""left"": {""leaf"": ""2875_accrued_expenses_and_other_prior_fy_end"", ""depth"": 0}, ""right"": {""leaf"": ""2874_accrued_expenses_and_other_current_quarter_end"", ""depth"": 0}, ""depth"": 1}","{""kind"": ""time_agg"", ""op"": ""max"", ""depth"": 0}",174.0,1,0,1,658105742,692792049,42,0.44,0,1,2,2875_accrued_expenses_and_other_prior_fy_end,accrued_expenses_and_other,accrued expenses and other,CIV,"December 31, 2024",M_USD,163.0,2874_accrued_expenses_and_other_current_quarter_end,accrued_expenses_and_other,accrued expenses and other,CIV,"October 31, 2025",M_USD,174.0,,,,,,,,,,,,,,,,,,,,,,,,,,,,,,,,,,,,,,,,,,,,,,,,,,,,,,,,,,,,,,,,,,,,,,,,,,,,,,,,,,,,
475,1,"may you give the minimum of long term marketable securities for QRK from September 30, 2025 to April 30, 2026","min(3502_long_term_marketable_securities_current_quarter_end, 3503_long_term_marketable_securities_prior_fy_end)","{""op"": ""min"", ""left"": {""leaf"": ""3502_long_term_marketable_securities_current_quarter_end"", ""depth"": 0}, ""right"": {""leaf"": ""3503_long_term_marketable_securities_prior_fy_end"", ""depth"": 0}, ""depth"": 1}","{""kind"": ""time_agg"", ""op"": ""min"", ""depth"": 0}",32121.0,2,0,1,515526452,539798532,42,0.52,0,1,2,3502_long_term_marketable_securities_current_quarter_end,long_term_marketable_securities,long term marketable securities,QRK,"April 30, 2026",M_USD,32121.0,3503_long_term_marketable_securities_prior_fy_end,long_term_marketable_securities,long term marketable securities,QRK,"September 30, 2025",M_USD,33981.0,,,,,,,,,,,,,,,,,,,,,,,,,,,,,,,,,,,,,,,,,,,,,,,,,,,,,,,,,,,,,,,,,,,,,,,,,,,,,,,,,,,,
476,1,"provide the free cash flow for STR in Six Months Ended July 31, 2025 .",free_cash_flow,"{""derived"": ""free_cash_flow"", ""expanded"": {""op"": ""sum"", ""left"": {""leaf"": ""3360_net_cash_from_operating_current_ytd"", ""depth"": 0}, ""right"": {""leaf"": ""3362_capital_expenditures_current_ytd"", ""depth"": 0}, ""depth"": 1}, ""depth"": 1}","{""kind"": ""derived_concept"", ""name"": ""free_cash_flow"", ""depth"": 0}",3432.0,4,0,1,586824304,336864073,42,0.359,0,1,2,3360_net_cash_from_operating_current_ytd,net_cash_from_operating,net cash from operating,STR,"Six Months Ended July 31, 2025",M_USD,4964.0,3362_capital_expenditures_current_ytd,capital_expenditures,capital expenditures,STR,"Six Months Ended July 31, 2025",M_USD,-1532.0,,,,,,,,,,,,,,,,,,,,,,,,,,,,,,,,,,,,,,,,,,,,,,,,,,,,,,,,,,,,,,,,,,,,,,,,,,,,,,,,,,,,
478,1,"Which result follows from the minimum of operating income for JTX from Three Months Ended April 30, 2024 to Three Months Ended April 30, 2025 ?","min(3965_operating_income_prior_year_quarter, 3964_operating_income_current_quarter)","{""op"": ""min"", ""left"": {""leaf"": ""3965_operating_income_prior_year_quarter"", ""depth"": 0}, ""right"": {""leaf"": ""3964_operating_income_current_quarter"", ""depth"": 0}, ""depth"": 1}","{""kind"": ""time_agg"", ""op"": ""min"", ""depth"": 0}",2227.0,4,0,1,30585865,182695234,42,0.474,0,1,2,3965_operating_income_prior_year_quarter,operating_income,operating income,JTX,"Three Months Ended April 30, 2024",M_USD,2227.0,3964_operating_income_current_quarter,operating_income,operating income,JTX,"Three Months Ended April 30, 2025",M_USD,2274.0,,,,,,,,,,,,,,,,,,,,,,,,,,,,,,,,,,,,,,,,,,,,,,,,,,,,,,,,,,,,,,,,,,,,,,,,,,,,,,,,,,,,
480,1,"May you calculate the gross profit for NVH in Nine Months Ended October 31, 2025",gross_profit,"{""derived"": ""gross_profit"", ""expanded"": {""op"": ""diff"", ""left"": {""leaf"": ""6590_total_revenues_current_ytd"", ""depth"": 0}, ""right"": {""leaf"": ""6594_cost_of_sales_current_ytd"", ""depth"": 0}, ""depth"": 1}, ""depth"": 1}","{""kind"": ""derived_concept"", ""name"": ""gross_profit"", ""depth"": 0}",21624.0,5,0,1,708971113,651162381,42,0.363,0,1,2,6590_total_revenues_current_ytd,total_revenues,total revenues,NVH,"Nine Months Ended October 31, 2025",M_USD,54768.0,6594_cost_of_sales_current_ytd,cost_of_sales,cost of sales,NVH,"Nine Months Ended October 31, 2025",M_USD,33144.0,,,,,,,,,,,,,,,,,,,,,,,,,,,,,,,,,,,,,,,,,,,,,,,,,,,,,,,,,,,,,,,,,,,,,,,,,,,,,,,,,,,,
481,1,"What is the value of the minimum of long term debt for BNK from December 31, 2024 to October 31, 2025?","min(4725_long_term_debt_prior_fy_end, 4724_long_term_debt_current_quarter_end)","{""op"": ""min"", ""left"": {""leaf"": ""4725_long_term_debt_prior_fy_end"", ""depth"": 0}, ""right"": {""leaf"": ""4724_long_term_debt_current_quarter_end"", ""depth"": 0}, ""depth"": 1}","{""kind"": ""time_agg"", ""op"": ""min"", ""depth"": 0}",3984.0,1,0,1,156874263,19048458,42,0.214,0,1,2,4725_long_term_debt_prior_fy_end,long_term_debt,long term debt,BNK,"December 31, 2024",M_USD,3984.0,4724_long_term_debt_current_quarter_end,long_term_debt,long term debt,BNK,"October 31, 2025",M_USD,4672.0,,,,,,,,,,,,,,,,,,,,,,,,,,,,,,,,,,,,,,,,,,,,,,,,,,,,,,,,,,,,,,,,,,,,,,,,,,,,,,,,,,,,
482,1,"determine the maximum of depreciation and amortization for VTL from Three Months Ended April 30, 2024 to Three Months Ended April 30, 2025 .","max(75_depreciation_and_amortization_prior_ytd, 74_depreciation_and_amortization_current_ytd)","{""op"": ""max"", ""left"": {""leaf"": ""75_depreciation_and_amortization_prior_ytd"", ""depth"": 0}, ""right"": {""leaf"": ""74_depreciation_and_amortization_current_ytd"", ""depth"": 0}, ""depth"": 1}","{""kind"": ""time_agg"", ""op"": ""max"", ""depth"": 0}",54.0,1,0,1,401492075,906137290,42,0.599,0,1,2,75_depreciation_and_amortization_prior_ytd,depreciation_and_amortization,depreciation and amortization,VTL,"Three Months Ended April 30, 2024",M_USD,53.0,74_depreciation_and_amortization_current_ytd,depreciation_and_amortization,depreciation and amortization,VTL,"Three Months Ended April 30, 2025",M_USD,54.0,,,,,,,,,,,,,,,,,,,,,,,,,,,,,,,,,,,,,,,,,,,,,,,,,,,,,,,,,,,,,,,,,,,,,,,,,,,,,,,,,,,,
483,1,"May you calculate the free cash flow for NET in Nine Months Ended October 31, 2024?",free_cash_flow,"{""derived"": ""free_cash_flow"", ""expanded"": {""op"": ""sum"", ""left"": {""leaf"": ""6507_net_cash_from_operating_prior_ytd"", ""depth"": 0}, ""right"": {""leaf"": ""6509_capital_expenditures_prior_ytd"", ""depth"": 0}, ""depth"": 1}, ""depth"": 1}","{""kind"": ""derived_concept"", ""name"": ""free_cash_flow"", ""depth"": 0}",7973.0,2,0,1,129378161,369848428,42,0.567,0,1,2,6507_net_cash_from_operating_prior_ytd,net_cash_from_operating,net cash from operating,NET,"Nine Months Ended October 31, 2024",M_USD,11531.0,6509_capital_expenditures_prior_ytd,capital_expenditures,capital expenditures,NET,"Nine Months Ended October 31, 2024",M_USD,-3558.0,,,,,,,,,,,,,,,,,,,,,,,,,,,,,,,,,,,,,,,,,,,,,,,,,,,,,,,,,,,,,,,,,,,,,,,,,,,,,,,,,,,,
486,1,"state the minimum of opening cash and equivalents for TRU from Six Months Ended July 31, 2024 to Six Months Ended July 31, 2025.","min(933_opening_cash_and_equivalents_prior_ytd, 932_opening_cash_and_equivalents_current_ytd)","{""op"": ""min"", ""left"": {""leaf"": ""933_opening_cash_and_equivalents_prior_ytd"", ""depth"": 0}, ""right"": {""leaf"": ""932_opening_cash_and_equivalents_current_ytd"", ""depth"": 0}, ""depth"": 1}","{""kind"": ""time_agg"", ""op"": ""min"", ""depth"": 0}",4738.0,2,0,1,689117713,654658919,42,0.149,0,1,2,933_opening_cash_and_equivalents_prior_ytd,opening_cash_and_equivalents,opening cash and equivalents,TRU,"Six Months Ended July 31, 2024",M_USD,4738.0,932_opening_cash_and_equivalents_current_ytd,opening_cash_and_equivalents,opening cash and equivalents,TRU,"Six Months Ended July 31, 2025",M_USD,5419.0,,,,,,,,,,,,,,,,,,,,,,,,,,,,,,,,,,,,,,,,,,,,,,,,,,,,,,,,,,,,,,,,,,,,,,,,,,,,,,,,,,,,
489,1,"What does the following give: maximum of stock based compensation for GLP from Nine Months Ended October 31, 2024 to Nine Months Ended October 31, 2025 ?","max(6989_stock_based_compensation_prior_ytd, 6988_stock_based_compensation_current_ytd)","{""op"": ""max"", ""left"": {""leaf"": ""6989_stock_based_compensation_prior_ytd"", ""depth"": 0}, ""right"": {""leaf"": ""6988_stock_based_compensation_current_ytd"", ""depth"": 0}, ""depth"": 1}","{""kind"": ""time_agg"", ""op"": ""max"", ""depth"": 0}",2008.0,3,0,1,663494165,720778096,42,0.598,0,1,2,6989_stock_based_compensation_prior_ytd,stock_based_compensation,stock based compensation,GLP,"Nine Months Ended October 31, 2024",M_USD,2008.0,6988_stock_based_compensation_current_ytd,stock_based_compensation,stock based compensation,GLP,"Nine Months Ended October 31, 2025",M_USD,1812.0,,,,,,,,,,,,,,,,,,,,,,,,,,,,,,,,,,,,,,,,,,,,,,,,,,,,,,,,,,,,,,,,,,,,,,,,,,,,,,,,,,,,
495,1,"What do we obtain as the minimum of total non current assets for FIN from December 31, 2024 to April 30, 2025?","min(4122_total_non_current_assets_current_quarter_end, 4123_total_non_current_assets_prior_fy_end)","{""op"": ""min"", ""left"": {""leaf"": ""4122_total_non_current_assets_current_quarter_end"", ""depth"": 0}, ""right"": {""leaf"": ""4123_total_non_current_assets_prior_fy_end"", ""depth"": 0}, ""depth"": 1}","{""kind"": ""time_agg"", ""op"": ""min"", ""depth"": 0}",3943.0,1,0,1,780230221,772679588,42,0.503,0,1,2,4122_total_non_current_assets_current_quarter_end,total_non_current_assets,total non current assets,FIN,"April 30, 2025",M_USD,4425.0,4123_total_non_current_assets_prior_fy_end,total_non_current_assets,total non current assets,FIN,"December 31, 2024",M_USD,3943.0,,,,,,,,,,,,,,,,,,,,,,,,,,,,,,,,,,,,,,,,,,,,,,,,,,,,,,,,,,,,,,,,,,,,,,,,,,,,,,,,,,,,
498,1,"Calculate the maximum of depreciation and amortization for BLD from Six Months Ended July 31, 2024 to Six Months Ended July 31, 2025","max(2737_depreciation_and_amortization_prior_ytd, 2736_depreciation_and_amortization_current_ytd)","{""op"": ""max"", ""left"": {""leaf"": ""2737_depreciation_and_amortization_prior_ytd"", ""depth"": 0}, ""right"": {""leaf"": ""2736_depreciation_and_amortization_current_ytd"", ""depth"": 0}, ""depth"": 1}","{""kind"": ""time_agg"", ""op"": ""max"", ""depth"": 0}",548.0,3,0,1,42556234,231269233,42,0.302,0,1,2,2737_depreciation_and_amortization_prior_ytd,depreciation_and_amortization,depreciation and amortization,BLD,"Six Months Ended July 31, 2024",M_USD,548.0,2736_depreciation_and_amortization_current_ytd,depreciation_and_amortization,depreciation and amortization,BLD,"Six Months Ended July 31, 2025",M_USD,494.0,,,,,,,,,,,,,,,,,,,,,,,,,,,,,,,,,,,,,,,,,,,,,,,,,,,,,,,,,,,,,,,,,,,,,,,,,,,,,,,,,,,,
499,1,"give the gross profit for SCI in Six Months Ended July 31, 2024.",gross_profit,"{""derived"": ""gross_profit"", ""expanded"": {""op"": ""diff"", ""left"": {""leaf"": ""5141_total_revenues_prior_year_ytd"", ""depth"": 0}, ""right"": {""leaf"": ""5145_cost_of_sales_prior_year_ytd"", ""depth"": 0}, ""depth"": 1}, ""depth"": 1}","{""kind"": ""derived_concept"", ""name"": ""gross_profit"", ""depth"": 0}",3776.0,4,0,1,260603757,479523066,42,0.579,0,1,2,5141_total_revenues_prior_year_ytd,total_revenues,total revenues,SCI,"Six Months Ended July 31, 2024",M_USD,10190.0,5145_cost_of_sales_prior_year_ytd,cost_of_sales,cost of sales,SCI,"Six Months Ended July 31, 2024",M_USD,6414.0,,,,,,,,,,,,,,,,,,,,,,,,,,,,,,,,,,,,,,,,,,,,,,,,,,,,,,,,,,,,,,,,,,,,,,,,,,,,,,,,,,,,
502,1,"give the free cash flow for SCI in Six Months Ended July 31, 2025.",free_cash_flow,"{""derived"": ""free_cash_flow"", ""expanded"": {""op"": ""sum"", ""left"": {""leaf"": ""5232_net_cash_from_operating_current_ytd"", ""depth"": 0}, ""right"": {""leaf"": ""5234_capital_expenditures_current_ytd"", ""depth"": 0}, ""depth"": 1}, ""depth"": 1}","{""kind"": ""derived_concept"", ""name"": ""free_cash_flow"", ""depth"": 0}",1611.0,2,0,1,983982580,527678474,42,0.318,0,1,2,5232_net_cash_from_operating_current_ytd,net_cash_from_operating,net cash from operating,SCI,"Six Months Ended July 31, 2025",M_USD,1884.0,5234_capital_expenditures_current_ytd,capital_expenditures,capital expenditures,SCI,"Six Months Ended July 31, 2025",M_USD,-273.0,,,,,,,,,,,,,,,,,,,,,,,,,,,,,,,,,,,,,,,,,,,,,,,,,,,,,,,,,,,,,,,,,,,,,,,,,,,,,,,,,,,,
503,1,"what's the value of the maximum of proceeds from stock option exercises for CLR from Nine Months Ended October 31, 2024 to Nine Months Ended October 31, 2025","max(263_proceeds_from_stock_option_exercises_prior_ytd, 262_proceeds_from_stock_option_exercises_current_ytd)","{""op"": ""max"", ""left"": {""leaf"": ""263_proceeds_from_stock_option_exercises_prior_ytd"", ""depth"": 0}, ""right"": {""leaf"": ""262_proceeds_from_stock_option_exercises_current_ytd"", ""depth"": 0}, ""depth"": 1}","{""kind"": ""time_agg"", ""op"": ""max"", ""depth"": 0}",31.0,5,0,1,296660396,885356213,42,0.394,0,1,2,263_proceeds_from_stock_option_exercises_prior_ytd,proceeds_from_stock_option_exercises,proceeds from stock option exercises,CLR,"Nine Months Ended October 31, 2024",M_USD,31.0,262_proceeds_from_stock_option_exercises_current_ytd,proceeds_from_stock_option_exercises,proceeds from stock option exercises,CLR,"Nine Months Ended October 31, 2025",M_USD,18.0,,,,,,,,,,,,,,,,,,,,,,,,,,,,,,,,,,,,,,,,,,,,,,,,,,,,,,,,,,,,,,,,,,,,,,,,,,,,,,,,,,,,
507,1,"What would be the gross profit for FAB in Six Months Ended July 31, 2024 ?",gross_profit,"{""derived"": ""gross_profit"", ""expanded"": {""op"": ""diff"", ""left"": {""leaf"": ""3797_total_revenues_prior_year_ytd"", ""depth"": 0}, ""right"": {""leaf"": ""3801_cost_of_sales_prior_year_ytd"", ""depth"": 0}, ""depth"": 1}, ""depth"": 1}","{""kind"": ""derived_concept"", ""name"": ""gross_profit"", ""depth"": 0}",27192.0,4,0,1,530246645,9722698,42,0.561,0,1,2,3797_total_revenues_prior_year_ytd,total_revenues,total revenues,FAB,"Six Months Ended July 31, 2024",M_USD,67432.0,3801_cost_of_sales_prior_year_ytd,cost_of_sales,cost of sales,FAB,"Six Months Ended July 31, 2024",M_USD,40240.0,,,,,,,,,,,,,,,,,,,,,,,,,,,,,,,,,,,,,,,,,,,,,,,,,,,,,,,,,,,,,,,,,,,,,,,,,,,,,,,,,,,,
510,1,"determine the maximum of stock based compensation for WNG from Three Months Ended April 30, 2024 to Three Months Ended April 30, 2025 .","max(7533_stock_based_compensation_prior_ytd, 7532_stock_based_compensation_current_ytd)","{""op"": ""max"", ""left"": {""leaf"": ""7533_stock_based_compensation_prior_ytd"", ""depth"": 0}, ""right"": {""leaf"": ""7532_stock_based_compensation_current_ytd"", ""depth"": 0}, ""depth"": 1}","{""kind"": ""time_agg"", ""op"": ""max"", ""depth"": 0}",281.0,2,0,1,852749154,279128210,42,0.513,0,1,2,7533_stock_based_compensation_prior_ytd,stock_based_compensation,stock based compensation,WNG,"Three Months Ended April 30, 2024",M_USD,281.0,7532_stock_based_compensation_current_ytd,stock_based_compensation,stock based compensation,WNG,"Three Months Ended April 30, 2025",M_USD,268.0,,,,,,,,,,,,,,,,,,,,,,,,,,,,,,,,,,,,,,,,,,,,,,,,,,,,,,,,,,,,,,,,,,,,,,,,,,,,,,,,,,,,
511,1,"What does the following give: minimum of total revenues for GLP from Nine Months Ended October 31, 2024 to Nine Months Ended October 31, 2025?","min(6891_total_revenues_prior_year_ytd, 6890_total_revenues_current_ytd)","{""op"": ""min"", ""left"": {""leaf"": ""6891_total_revenues_prior_year_ytd"", ""depth"": 0}, ""right"": {""leaf"": ""6890_total_revenues_current_ytd"", ""depth"": 0}, ""depth"": 1}","{""kind"": ""time_agg"", ""op"": ""min"", ""depth"": 0}",290220.0,2,0,1,903736443,591460311,42,0.207,0,1,2,6891_total_revenues_prior_year_ytd,total_revenues,total revenues,GLP,"Nine Months Ended October 31, 2024",M_USD,321576.0,6890_total_revenues_current_ytd,total_revenues,total revenues,GLP,"Nine Months Ended October 31, 2025",M_USD,290220.0,,,,,,,,,,,,,,,,,,,,,,,,,,,,,,,,,,,,,,,,,,,,,,,,,,,,,,,,,,,,,,,,,,,,,,,,,,,,,,,,,,,,
512,1,"May you calculate the minimum of selling general and administrative for PLX from Nine Months Ended July 31, 2025 to Nine Months Ended July 31, 2026","min(4225_selling_general_and_administrative_prior_year_ytd, 4224_selling_general_and_administrative_current_ytd)","{""op"": ""min"", ""left"": {""leaf"": ""4225_selling_general_and_administrative_prior_year_ytd"", ""depth"": 0}, ""right"": {""leaf"": ""4224_selling_general_and_administrative_current_ytd"", ""depth"": 0}, ""depth"": 1}","{""kind"": ""time_agg"", ""op"": ""min"", ""depth"": 0}",5676.0,2,0,1,693757145,831764748,42,0.422,0,1,2,4225_selling_general_and_administrative_prior_year_ytd,selling_general_and_administrative,selling general and administrative,PLX,"Nine Months Ended July 31, 2025",M_USD,5676.0,4224_selling_general_and_administrative_current_ytd,selling_general_and_administrative,selling general and administrative,PLX,"Nine Months Ended July 31, 2026",M_USD,5757.0,,,,,,,,,,,,,,,,,,,,,,,,,,,,,,,,,,,,,,,,,,,,,,,,,,,,,,,,,,,,,,,,,,,,,,,,,,,,,,,,,,,,
514,1,"give the maximum of depreciation and amortization for SKY from Three Months Ended April 30, 2024 to Three Months Ended April 30, 2025.","max(5887_depreciation_and_amortization_prior_ytd, 5886_depreciation_and_amortization_current_ytd)","{""op"": ""max"", ""left"": {""leaf"": ""5887_depreciation_and_amortization_prior_ytd"", ""depth"": 0}, ""right"": {""leaf"": ""5886_depreciation_and_amortization_current_ytd"", ""depth"": 0}, ""depth"": 1}","{""kind"": ""time_agg"", ""op"": ""max"", ""depth"": 0}",843.0,1,0,1,681154408,766678134,42,0.464,0,1,2,5887_depreciation_and_amortization_prior_ytd,depreciation_and_amortization,depreciation and amortization,SKY,"Three Months Ended April 30, 2024",M_USD,843.0,5886_depreciation_and_amortization_current_ytd,depreciation_and_amortization,depreciation and amortization,SKY,"Three Months Ended April 30, 2025",M_USD,791.0,,,,,,,,,,,,,,,,,,,,,,,,,,,,,,,,,,,,,,,,,,,,,,,,,,,,,,,,,,,,,,,,,,,,,,,,,,,,,,,,,,,,
515,1,"whats the value of the minimum of total non current assets for CNS from December 31, 2024 to April 30, 2025?","min(5984_total_non_current_assets_current_quarter_end, 5985_total_non_current_assets_prior_fy_end)","{""op"": ""min"", ""left"": {""leaf"": ""5984_total_non_current_assets_current_quarter_end"", ""depth"": 0}, ""right"": {""leaf"": ""5985_total_non_current_assets_prior_fy_end"", ""depth"": 0}, ""depth"": 1}","{""kind"": ""time_agg"", ""op"": ""min"", ""depth"": 0}",3292.0,3,0,1,991617765,50271086,42,0.393,0,1,2,5984_total_non_current_assets_current_quarter_end,total_non_current_assets,total non current assets,CNS,"April 30, 2025",M_USD,3585.0,5985_total_non_current_assets_prior_fy_end,total_non_current_assets,total non current assets,CNS,"December 31, 2024",M_USD,3292.0,,,,,,,,,,,,,,,,,,,,,,,,,,,,,,,,,,,,,,,,,,,,,,,,,,,,,,,,,,,,,,,,,,,,,,,,,,,,,,,,,,,,
517,1,"which quantity is given by the maximum of accrued expenses and other for MRT from December 31, 2024 to April 30, 2025","max(1608_accrued_expenses_and_other_current_quarter_end, 1609_accrued_expenses_and_other_prior_fy_end)","{""op"": ""max"", ""left"": {""leaf"": ""1608_accrued_expenses_and_other_current_quarter_end"", ""depth"": 0}, ""right"": {""leaf"": ""1609_accrued_expenses_and_other_prior_fy_end"", ""depth"": 0}, ""depth"": 1}","{""kind"": ""time_agg"", ""op"": ""max"", ""depth"": 0}",7089.0,5,0,1,129556502,964547023,42,0.34,0,1,2,1608_accrued_expenses_and_other_current_quarter_end,accrued_expenses_and_other,accrued expenses and other,MRT,"April 30, 2025",M_USD,7089.0,1609_accrued_expenses_and_other_prior_fy_end,accrued_expenses_and_other,accrued expenses and other,MRT,"December 31, 2024",M_USD,6120.0,,,,,,,,,,,,,,,,,,,,,,,,,,,,,,,,,,,,,,,,,,,,,,,,,,,,,,,,,,,,,,,,,,,,,,,,,,,,,,,,,,,,
518,1,"Could you give the maximum of net cash from operating for MTX from Nine Months Ended October 31, 2024 to Nine Months Ended October 31, 2025","max(5409_net_cash_from_operating_prior_ytd, 5408_net_cash_from_operating_current_ytd)","{""op"": ""max"", ""left"": {""leaf"": ""5409_net_cash_from_operating_prior_ytd"", ""depth"": 0}, ""right"": {""leaf"": ""5408_net_cash_from_operating_current_ytd"", ""depth"": 0}, ""depth"": 1}","{""kind"": ""time_agg"", ""op"": ""max"", ""depth"": 0}",11180.0,1,0,1,848264611,735115031,42,0.596,0,1,2,5409_net_cash_from_operating_prior_ytd,net_cash_from_operating,net cash from operating,MTX,"Nine Months Ended October 31, 2024",M_USD,11180.0,5408_net_cash_from_operating_current_ytd,net_cash_from_operating,net cash from operating,MTX,"Nine Months Ended October 31, 2025",M_USD,10320.0,,,,,,,,,,,,,,,,,,,,,,,,,,,,,,,,,,,,,,,,,,,,,,,,,,,,,,,,,,,,,,,,,,,,,,,,,,,,,,,,,,,,
522,1,"compute the gross profit for GLP in Three Months Ended October 31, 2024.",gross_profit,"{""derived"": ""gross_profit"", ""expanded"": {""op"": ""diff"", ""left"": {""leaf"": ""6889_total_revenues_prior_year_quarter"", ""depth"": 0}, ""right"": {""leaf"": ""6893_cost_of_sales_prior_year_quarter"", ""depth"": 0}, ""depth"": 1}, ""depth"": 1}","{""kind"": ""derived_concept"", ""name"": ""gross_profit"", ""depth"": 0}",30742.0,2,0,1,74698133,580737916,42,0.35,0,1,2,6889_total_revenues_prior_year_quarter,total_revenues,total revenues,GLP,"Three Months Ended October 31, 2024",M_USD,107192.0,6893_cost_of_sales_prior_year_quarter,cost_of_sales,cost of sales,GLP,"Three Months Ended October 31, 2024",M_USD,76450.0,,,,,,,,,,,,,,,,,,,,,,,,,,,,,,,,,,,,,,,,,,,,,,,,,,,,,,,,,,,,,,,,,,,,,,,,,,,,,,,,,,,,
526,1,"what would be the minimum of prepaid expenses and other for CRX from September 30, 2025 to January 31, 2026 ?","min(4546_prepaid_expenses_and_other_current_quarter_end, 4547_prepaid_expenses_and_other_prior_fy_end)","{""op"": ""min"", ""left"": {""leaf"": ""4546_prepaid_expenses_and_other_current_quarter_end"", ""depth"": 0}, ""right"": {""leaf"": ""4547_prepaid_expenses_and_other_prior_fy_end"", ""depth"": 0}, ""depth"": 1}","{""kind"": ""time_agg"", ""op"": ""min"", ""depth"": 0}",1384.0,4,0,1,548746774,681548742,42,0.195,0,1,2,4546_prepaid_expenses_and_other_current_quarter_end,prepaid_expenses_and_other,prepaid expenses and other,CRX,"January 31, 2026",M_USD,1617.0,4547_prepaid_expenses_and_other_prior_fy_end,prepaid_expenses_and_other,prepaid expenses and other,CRX,"September 30, 2025",M_USD,1384.0,,,,,,,,,,,,,,,,,,,,,,,,,,,,,,,,,,,,,,,,,,,,,,,,,,,,,,,,,,,,,,,,,,,,,,,,,,,,,,,,,,,,
527,1,"What is the operating income for AVX in Three Months Ended October 31, 2024",operating_income,"{""derived"": ""operating_income"", ""expanded"": {""op"": ""diff"", ""left"": {""leaf"": ""1393_total_revenues_prior_year_quarter"", ""depth"": 0}, ""right"": {""leaf"": ""1409_total_costs_and_expenses_prior_year_quarter"", ""depth"": 0}, ""depth"": 1}, ""depth"": 1}","{""kind"": ""derived_concept"", ""name"": ""operating_income"", ""depth"": 0}",311.0,4,0,1,946756670,530543820,42,0.464,0,1,2,1393_total_revenues_prior_year_quarter,total_revenues,total revenues,AVX,"Three Months Ended October 31, 2024",M_USD,1072.0,1409_total_costs_and_expenses_prior_year_quarter,total_costs_and_expenses,total costs and expenses,AVX,"Three Months Ended October 31, 2024",M_USD,761.0,,,,,,,,,,,,,,,,,,,,,,,,,,,,,,,,,,,,,,,,,,,,,,,,,,,,,,,,,,,,,,,,,,,,,,,,,,,,,,,,,,,,
529,1,"May you give the maximum of total non current liabilities for PRF from December 31, 2024 to April 30, 2025?","max(2228_total_non_current_liabilities_current_quarter_end, 2229_total_non_current_liabilities_prior_fy_end)","{""op"": ""max"", ""left"": {""leaf"": ""2228_total_non_current_liabilities_current_quarter_end"", ""depth"": 0}, ""right"": {""leaf"": ""2229_total_non_current_liabilities_prior_fy_end"", ""depth"": 0}, ""depth"": 1}","{""kind"": ""time_agg"", ""op"": ""max"", ""depth"": 0}",278.0,1,0,1,301967269,142657822,42,0.194,0,1,2,2228_total_non_current_liabilities_current_quarter_end,total_non_current_liabilities,total non current liabilities,PRF,"April 30, 2025",M_USD,278.0,2229_total_non_current_liabilities_prior_fy_end,total_non_current_liabilities,total non current liabilities,PRF,"December 31, 2024",M_USD,266.0,,,,,,,,,,,,,,,,,,,,,,,,,,,,,,,,,,,,,,,,,,,,,,,,,,,,,,,,,,,,,,,,,,,,,,,,,,,,,,,,,,,,
530,1,"Evaluate the gross profit for BRX in Three Months Ended July 31, 2025.",gross_profit,"{""derived"": ""gross_profit"", ""expanded"": {""op"": ""diff"", ""left"": {""leaf"": ""468_total_revenues_current_quarter"", ""depth"": 0}, ""right"": {""leaf"": ""472_cost_of_sales_current_quarter"", ""depth"": 0}, ""depth"": 1}, ""depth"": 1}","{""kind"": ""derived_concept"", ""name"": ""gross_profit"", ""depth"": 0}",20730.0,4,0,1,577374826,771011878,42,0.241,0,1,2,468_total_revenues_current_quarter,total_revenues,total revenues,BRX,"Three Months Ended July 31, 2025",M_USD,66833.0,472_cost_of_sales_current_quarter,cost_of_sales,cost of sales,BRX,"Three Months Ended July 31, 2025",M_USD,46103.0,,,,,,,,,,,,,,,,,,,,,,,,,,,,,,,,,,,,,,,,,,,,,,,,,,,,,,,,,,,,,,,,,,,,,,,,,,,,,,,,,,,,
532,1,"You should give the minimum of deferred revenue current for CIV from December 31, 2024 to October 31, 2025","min(2873_deferred_revenue_current_prior_fy_end, 2872_deferred_revenue_current_current_quarter_end)","{""op"": ""min"", ""left"": {""leaf"": ""2873_deferred_revenue_current_prior_fy_end"", ""depth"": 0}, ""right"": {""leaf"": ""2872_deferred_revenue_current_current_quarter_end"", ""depth"": 0}, ""depth"": 1}","{""kind"": ""time_agg"", ""op"": ""min"", ""depth"": 0}",88.0,4,0,1,131406828,466678621,42,0.352,0,1,2,2873_deferred_revenue_current_prior_fy_end,deferred_revenue_current,deferred revenue current,CIV,"December 31, 2024",M_USD,88.0,2872_deferred_revenue_current_current_quarter_end,deferred_revenue_current,deferred revenue current,CIV,"October 31, 2025",M_USD,94.0,,,,,,,,,,,,,,,,,,,,,,,,,,,,,,,,,,,,,,,,,,,,,,,,,,,,,,,,,,,,,,,,,,,,,,,,,,,,,,,,,,,,
534,1,"you should give the minimum of opening cash and equivalents for ZNX from Six Months Ended July 31, 2024 to Six Months Ended July 31, 2025 .","min(6369_opening_cash_and_equivalents_prior_ytd, 6368_opening_cash_and_equivalents_current_ytd)","{""op"": ""min"", ""left"": {""leaf"": ""6369_opening_cash_and_equivalents_prior_ytd"", ""depth"": 0}, ""right"": {""leaf"": ""6368_opening_cash_and_equivalents_current_ytd"", ""depth"": 0}, ""depth"": 1}","{""kind"": ""time_agg"", ""op"": ""min"", ""depth"": 0}",2918.0,1,0,1,87328112,537817984,42,0.28,0,1,2,6369_opening_cash_and_equivalents_prior_ytd,opening_cash_and_equivalents,opening cash and equivalents,ZNX,"Six Months Ended July 31, 2024",M_USD,2978.0,6368_opening_cash_and_equivalents_current_ytd,opening_cash_and_equivalents,opening cash and equivalents,ZNX,"Six Months Ended July 31, 2025",M_USD,2918.0,,,,,,,,,,,,,,,,,,,,,,,,,,,,,,,,,,,,,,,,,,,,,,,,,,,,,,,,,,,,,,,,,,,,,,,,,,,,,,,,,,,,
535,1,"may you calculate the maximum of total revenues for PLZ from Three Months Ended July 31, 2024 to Three Months Ended July 31, 2025 ?","max(2003_total_revenues_prior_year_quarter, 2002_total_revenues_current_quarter)","{""op"": ""max"", ""left"": {""leaf"": ""2003_total_revenues_prior_year_quarter"", ""depth"": 0}, ""right"": {""leaf"": ""2002_total_revenues_current_quarter"", ""depth"": 0}, ""depth"": 1}","{""kind"": ""time_agg"", ""op"": ""max"", ""depth"": 0}",79530.0,4,0,1,917653739,937437828,42,0.163,0,1,2,2003_total_revenues_prior_year_quarter,total_revenues,total revenues,PLZ,"Three Months Ended July 31, 2024",M_USD,79530.0,2002_total_revenues_current_quarter,total_revenues,total revenues,PLZ,"Three Months Ended July 31, 2025",M_USD,74010.0,,,,,,,,,,,,,,,,,,,,,,,,,,,,,,,,,,,,,,,,,,,,,,,,,,,,,,,,,,,,,,,,,,,,,,,,,,,,,,,,,,,,
538,1,"Which quantity is given by the minimum of cash and cash equivalents for MRK from December 31, 2024 to April 30, 2025","min(7072_cash_and_cash_equivalents_current_quarter_end, 7073_cash_and_cash_equivalents_prior_fy_end)","{""op"": ""min"", ""left"": {""leaf"": ""7072_cash_and_cash_equivalents_current_quarter_end"", ""depth"": 0}, ""right"": {""leaf"": ""7073_cash_and_cash_equivalents_prior_fy_end"", ""depth"": 0}, ""depth"": 1}","{""kind"": ""time_agg"", ""op"": ""min"", ""depth"": 0}",2477.0,3,0,1,844124947,498410669,42,0.201,0,1,2,7072_cash_and_cash_equivalents_current_quarter_end,cash_and_cash_equivalents,cash and cash equivalents,MRK,"April 30, 2025",M_USD,2634.0,7073_cash_and_cash_equivalents_prior_fy_end,cash_and_cash_equivalents,cash and cash equivalents,MRK,"December 31, 2024",M_USD,2477.0,,,,,,,,,,,,,,,,,,,,,,,,,,,,,,,,,,,,,,,,,,,,,,,,,,,,,,,,,,,,,,,,,,,,,,,,,,,,,,,,,,,,
539,1,"What is the value of the gross profit for CAP in Nine Months Ended October 31, 2025 ?",gross_profit,"{""derived"": ""gross_profit"", ""expanded"": {""op"": ""diff"", ""left"": {""leaf"": ""5652_total_revenues_current_ytd"", ""depth"": 0}, ""right"": {""leaf"": ""5656_cost_of_sales_current_ytd"", ""depth"": 0}, ""depth"": 1}, ""depth"": 1}","{""kind"": ""derived_concept"", ""name"": ""gross_profit"", ""depth"": 0}",43581.0,3,0,1,269518350,872850764,42,0.534,0,1,2,5652_total_revenues_current_ytd,total_revenues,total revenues,CAP,"Nine Months Ended October 31, 2025",M_USD,73152.0,5656_cost_of_sales_current_ytd,cost_of_sales,cost of sales,CAP,"Nine Months Ended October 31, 2025",M_USD,29571.0,,,,,,,,,,,,,,,,,,,,,,,,,,,,,,,,,,,,,,,,,,,,,,,,,,,,,,,,,,,,,,,,,,,,,,,,,,,,,,,,,,,,
545,1,"what is the value of the maximum of current portion of long term debt for BRX from December 31, 2024 to July 31, 2025 ?","max(547_current_portion_of_long_term_debt_prior_fy_end, 546_current_portion_of_long_term_debt_current_quarter_end)","{""op"": ""max"", ""left"": {""leaf"": ""547_current_portion_of_long_term_debt_prior_fy_end"", ""depth"": 0}, ""right"": {""leaf"": ""546_current_portion_of_long_term_debt_current_quarter_end"", ""depth"": 0}, ""depth"": 1}","{""kind"": ""time_agg"", ""op"": ""max"", ""depth"": 0}",2218.0,5,0,1,592139136,688066286,42,0.166,0,1,2,547_current_portion_of_long_term_debt_prior_fy_end,current_portion_of_long_term_debt,current portion of long term debt,BRX,"December 31, 2024",M_USD,2218.0,546_current_portion_of_long_term_debt_current_quarter_end,current_portion_of_long_term_debt,current portion of long term debt,BRX,"July 31, 2025",M_USD,2192.0,,,,,,,,,,,,,,,,,,,,,,,,,,,,,,,,,,,,,,,,,,,,,,,,,,,,,,,,,,,,,,,,,,,,,,,,,,,,,,,,,,,,
547,1,"Which result follows from the gross profit for INF in Three Months Ended July 31, 2024",gross_profit,"{""derived"": ""gross_profit"", ""expanded"": {""op"": ""diff"", ""left"": {""leaf"": ""3619_total_revenues_prior_year_quarter"", ""depth"": 0}, ""right"": {""leaf"": ""3623_cost_of_sales_prior_year_quarter"", ""depth"": 0}, ""depth"": 1}, ""depth"": 1}","{""kind"": ""derived_concept"", ""name"": ""gross_profit"", ""depth"": 0}",7488.0,5,0,1,945114635,623825924,42,0.414,0,1,2,3619_total_revenues_prior_year_quarter,total_revenues,total revenues,INF,"Three Months Ended July 31, 2024",M_USD,14473.0,3623_cost_of_sales_prior_year_quarter,cost_of_sales,cost of sales,INF,"Three Months Ended July 31, 2024",M_USD,6985.0,,,,,,,,,,,,,,,,,,,,,,,,,,,,,,,,,,,,,,,,,,,,,,,,,,,,,,,,,,,,,,,,,,,,,,,,,,,,,,,,,,,,
551,1,"Which result follows from the maximum of Cargo and other for JTX from Three Months Ended April 30, 2024 to Three Months Ended April 30, 2025","max(4079_cargo_and_other_prior_year_quarter, 4077_cargo_and_other_current_quarter)","{""op"": ""max"", ""left"": {""leaf"": ""4079_cargo_and_other_prior_year_quarter"", ""depth"": 0}, ""right"": {""leaf"": ""4077_cargo_and_other_current_quarter"", ""depth"": 0}, ""depth"": 1}","{""kind"": ""time_agg"", ""op"": ""max"", ""depth"": 0}",1460.0,1,0,1,153969672,981586237,42,0.425,0,1,2,4079_cargo_and_other_prior_year_quarter,cargo_and_other,Cargo and other,JTX,"Three Months Ended April 30, 2024",M_USD,1430.0,4077_cargo_and_other_current_quarter,cargo_and_other,Cargo and other,JTX,"Three Months Ended April 30, 2025",M_USD,1460.0,,,,,,,,,,,,,,,,,,,,,,,,,,,,,,,,,,,,,,,,,,,,,,,,,,,,,,,,,,,,,,,,,,,,,,,,,,,,,,,,,,,,
552,1,"State the maximum of long term marketable securities for VTL from December 31, 2024 to April 30, 2025 .","max(36_long_term_marketable_securities_current_quarter_end, 37_long_term_marketable_securities_prior_fy_end)","{""op"": ""max"", ""left"": {""leaf"": ""36_long_term_marketable_securities_current_quarter_end"", ""depth"": 0}, ""right"": {""leaf"": ""37_long_term_marketable_securities_prior_fy_end"", ""depth"": 0}, ""depth"": 1}","{""kind"": ""time_agg"", ""op"": ""max"", ""depth"": 0}",122.0,1,0,1,244712026,515527469,42,0.191,0,1,2,36_long_term_marketable_securities_current_quarter_end,long_term_marketable_securities,long term marketable securities,VTL,"April 30, 2025",M_USD,120.0,37_long_term_marketable_securities_prior_fy_end,long_term_marketable_securities,long term marketable securities,VTL,"December 31, 2024",M_USD,122.0,,,,,,,,,,,,,,,,,,,,,,,,,,,,,,,,,,,,,,,,,,,,,,,,,,,,,,,,,,,,,,,,,,,,,,,,,,,,,,,,,,,,
554,1,"Provide the minimum of research and development for TPH from Nine Months Ended October 31, 2024 to Nine Months Ended October 31, 2025.","min(2477_research_and_development_prior_year_ytd, 2476_research_and_development_current_ytd)","{""op"": ""min"", ""left"": {""leaf"": ""2477_research_and_development_prior_year_ytd"", ""depth"": 0}, ""right"": {""leaf"": ""2476_research_and_development_current_ytd"", ""depth"": 0}, ""depth"": 1}","{""kind"": ""time_agg"", ""op"": ""min"", ""depth"": 0}",11901.0,5,0,1,70479358,202105588,42,0.261,0,1,2,2477_research_and_development_prior_year_ytd,research_and_development,research and development,TPH,"Nine Months Ended October 31, 2024",M_USD,12147.0,2476_research_and_development_current_ytd,research_and_development,research and development,TPH,"Nine Months Ended October 31, 2025",M_USD,11901.0,,,,,,,,,,,,,,,,,,,,,,,,,,,,,,,,,,,,,,,,,,,,,,,,,,,,,,,,,,,,,,,,,,,,,,,,,,,,,,,,,,,,
555,1,"calculate the maximum of cash and cash equivalents for CRZ from December 31, 2024 to October 31, 2025","max(5019_cash_and_cash_equivalents_prior_fy_end, 5018_cash_and_cash_equivalents_current_quarter_end)","{""op"": ""max"", ""left"": {""leaf"": ""5019_cash_and_cash_equivalents_prior_fy_end"", ""depth"": 0}, ""right"": {""leaf"": ""5018_cash_and_cash_equivalents_current_quarter_end"", ""depth"": 0}, ""depth"": 1}","{""kind"": ""time_agg"", ""op"": ""max"", ""depth"": 0}",952.0,5,0,1,130402345,853785828,42,0.279,0,1,2,5019_cash_and_cash_equivalents_prior_fy_end,cash_and_cash_equivalents,cash and cash equivalents,CRZ,"December 31, 2024",M_USD,912.0,5018_cash_and_cash_equivalents_current_quarter_end,cash_and_cash_equivalents,cash and cash equivalents,CRZ,"October 31, 2025",M_USD,952.0,,,,,,,,,,,,,,,,,,,,,,,,,,,,,,,,,,,,,,,,,,,,,,,,,,,,,,,,,,,,,,,,,,,,,,,,,,,,,,,,,,,,
557,1,"Which result follows from the maximum of current portion of long term debt for INF from December 31, 2024 to July 31, 2025","max(3697_current_portion_of_long_term_debt_prior_fy_end, 3696_current_portion_of_long_term_debt_current_quarter_end)","{""op"": ""max"", ""left"": {""leaf"": ""3697_current_portion_of_long_term_debt_prior_fy_end"", ""depth"": 0}, ""right"": {""leaf"": ""3696_current_portion_of_long_term_debt_current_quarter_end"", ""depth"": 0}, ""depth"": 1}","{""kind"": ""time_agg"", ""op"": ""max"", ""depth"": 0}",705.0,4,0,1,971763730,607807862,42,0.579,0,1,2,3697_current_portion_of_long_term_debt_prior_fy_end,current_portion_of_long_term_debt,current portion of long term debt,INF,"December 31, 2024",M_USD,704.0,3696_current_portion_of_long_term_debt_current_quarter_end,current_portion_of_long_term_debt,current portion of long term debt,INF,"July 31, 2025",M_USD,705.0,,,,,,,,,,,,,,,,,,,,,,,,,,,,,,,,,,,,,,,,,,,,,,,,,,,,,,,,,,,,,,,,,,,,,,,,,,,,,,,,,,,,
558,1,"may you give the minimum of goodwill for QRK from September 30, 2025 to April 30, 2026","min(3506_goodwill_current_quarter_end, 3507_goodwill_prior_fy_end)","{""op"": ""min"", ""left"": {""leaf"": ""3506_goodwill_current_quarter_end"", ""depth"": 0}, ""right"": {""leaf"": ""3507_goodwill_prior_fy_end"", ""depth"": 0}, ""depth"": 1}","{""kind"": ""time_agg"", ""op"": ""min"", ""depth"": 0}",13656.0,1,0,1,105487508,158689877,42,0.33,0,1,2,3506_goodwill_current_quarter_end,goodwill,goodwill,QRK,"April 30, 2026",M_USD,13656.0,3507_goodwill_prior_fy_end,goodwill,goodwill,QRK,"September 30, 2025",M_USD,14447.0,,,,,,,,,,,,,,,,,,,,,,,,,,,,,,,,,,,,,,,,,,,,,,,,,,,,,,,,,,,,,,,,,,,,,,,,,,,,,,,,,,,,
559,1,"What would be the free cash flow for DTA in Three Months Ended April 30, 2025 ?",free_cash_flow,"{""derived"": ""free_cash_flow"", ""expanded"": {""op"": ""sum"", ""left"": {""leaf"": ""4452_net_cash_from_operating_current_ytd"", ""depth"": 0}, ""right"": {""leaf"": ""4454_capital_expenditures_current_ytd"", ""depth"": 0}, ""depth"": 1}, ""depth"": 1}","{""kind"": ""derived_concept"", ""name"": ""free_cash_flow"", ""depth"": 0}",1877.0,2,0,1,555991976,992324044,42,0.249,0,1,2,4452_net_cash_from_operating_current_ytd,net_cash_from_operating,net cash from operating,DTA,"Three Months Ended April 30, 2025",M_USD,3568.0,4454_capital_expenditures_current_ytd,capital_expenditures,capital expenditures,DTA,"Three Months Ended April 30, 2025",M_USD,-1691.0,,,,,,,,,,,,,,,,,,,,,,,,,,,,,,,,,,,,,,,,,,,,,,,,,,,,,,,,,,,,,,,,,,,,,,,,,,,,,,,,,,,,
560,1,"May you give the maximum of current portion of long term debt for PRF from December 31, 2024 to April 30, 2025 ?","max(2220_current_portion_of_long_term_debt_current_quarter_end, 2221_current_portion_of_long_term_debt_prior_fy_end)","{""op"": ""max"", ""left"": {""leaf"": ""2220_current_portion_of_long_term_debt_current_quarter_end"", ""depth"": 0}, ""right"": {""leaf"": ""2221_current_portion_of_long_term_debt_prior_fy_end"", ""depth"": 0}, ""depth"": 1}","{""kind"": ""time_agg"", ""op"": ""max"", ""depth"": 0}",66.0,5,0,1,928586182,90870195,42,0.374,0,1,2,2220_current_portion_of_long_term_debt_current_quarter_end,current_portion_of_long_term_debt,current portion of long term debt,PRF,"April 30, 2025",M_USD,66.0,2221_current_portion_of_long_term_debt_prior_fy_end,current_portion_of_long_term_debt,current portion of long term debt,PRF,"December 31, 2024",M_USD,63.0,,,,,,,,,,,,,,,,,,,,,,,,,,,,,,,,,,,,,,,,,,,,,,,,,,,,,,,,,,,,,,,,,,,,,,,,,,,,,,,,,,,,
563,1,"Determine the minimum of stock based compensation for WHL from Six Months Ended July 31, 2024 to Six Months Ended July 31, 2025.","min(7399_stock_based_compensation_prior_ytd, 7398_stock_based_compensation_current_ytd)","{""op"": ""min"", ""left"": {""leaf"": ""7399_stock_based_compensation_prior_ytd"", ""depth"": 0}, ""right"": {""leaf"": ""7398_stock_based_compensation_current_ytd"", ""depth"": 0}, ""depth"": 1}","{""kind"": ""time_agg"", ""op"": ""min"", ""depth"": 0}",379.0,2,0,1,721012194,92606308,42,0.316,0,1,2,7399_stock_based_compensation_prior_ytd,stock_based_compensation,stock based compensation,WHL,"Six Months Ended July 31, 2024",M_USD,419.0,7398_stock_based_compensation_current_ytd,stock_based_compensation,stock based compensation,WHL,"Six Months Ended July 31, 2025",M_USD,379.0,,,,,,,,,,,,,,,,,,,,,,,,,,,,,,,,,,,,,,,,,,,,,,,,,,,,,,,,,,,,,,,,,,,,,,,,,,,,,,,,,,,,
565,1,"Which value corresponds to the maximum of property plant and equipment net for HLT from December 31, 2024 to October 31, 2025","max(691_property_plant_and_equipment_net_prior_fy_end, 690_property_plant_and_equipment_net_current_quarter_end)","{""op"": ""max"", ""left"": {""leaf"": ""691_property_plant_and_equipment_net_prior_fy_end"", ""depth"": 0}, ""right"": {""leaf"": ""690_property_plant_and_equipment_net_current_quarter_end"", ""depth"": 0}, ""depth"": 1}","{""kind"": ""time_agg"", ""op"": ""max"", ""depth"": 0}",2354.0,4,0,1,201942748,31499062,42,0.152,0,1,2,691_property_plant_and_equipment_net_prior_fy_end,property_plant_and_equipment_net,property plant and equipment net,HLT,"December 31, 2024",M_USD,2322.0,690_property_plant_and_equipment_net_current_quarter_end,property_plant_and_equipment_net,property plant and equipment net,HLT,"October 31, 2025",M_USD,2354.0,,,,,,,,,,,,,,,,,,,,,,,,,,,,,,,,,,,,,,,,,,,,,,,,,,,,,,,,,,,,,,,,,,,,,,,,,,,,,,,,,,,,
574,1,"Provide the minimum of operating income for TRU from Six Months Ended July 31, 2024 to Six Months Ended July 31, 2025.","min(827_operating_income_prior_year_ytd, 826_operating_income_current_ytd)","{""op"": ""min"", ""left"": {""leaf"": ""827_operating_income_prior_year_ytd"", ""depth"": 0}, ""right"": {""leaf"": ""826_operating_income_current_ytd"", ""depth"": 0}, ""depth"": 1}","{""kind"": ""time_agg"", ""op"": ""min"", ""depth"": 0}",6486.0,4,0,1,842177712,332408838,42,0.512,0,1,2,827_operating_income_prior_year_ytd,operating_income,operating income,TRU,"Six Months Ended July 31, 2024",M_USD,6486.0,826_operating_income_current_ytd,operating_income,operating income,TRU,"Six Months Ended July 31, 2025",M_USD,7420.0,,,,,,,,,,,,,,,,,,,,,,,,,,,,,,,,,,,,,,,,,,,,,,,,,,,,,,,,,,,,,,,,,,,,,,,,,,,,,,,,,,,,
577,1,"May you give the minimum of goodwill for PRF from December 31, 2024 to April 30, 2025 ?","min(2206_goodwill_current_quarter_end, 2207_goodwill_prior_fy_end)","{""op"": ""min"", ""left"": {""leaf"": ""2206_goodwill_current_quarter_end"", ""depth"": 0}, ""right"": {""leaf"": ""2207_goodwill_prior_fy_end"", ""depth"": 0}, ""depth"": 1}","{""kind"": ""time_agg"", ""op"": ""min"", ""depth"": 0}",273.0,3,0,1,257236159,8209730,42,0.378,0,1,2,2206_goodwill_current_quarter_end,goodwill,goodwill,PRF,"April 30, 2025",M_USD,285.0,2207_goodwill_prior_fy_end,goodwill,goodwill,PRF,"December 31, 2024",M_USD,273.0,,,,,,,,,,,,,,,,,,,,,,,,,,,,,,,,,,,,,,,,,,,,,,,,,,,,,,,,,,,,,,,,,,,,,,,,,,,,,,,,,,,,
578,1,"Calculate the maximum of cost of other revenue for NVH from Three Months Ended October 31, 2024 to Three Months Ended October 31, 2025","max(6755_cos_other_revenue_prior_year_quarter, 6751_cos_other_revenue_current_quarter)","{""op"": ""max"", ""left"": {""leaf"": ""6755_cos_other_revenue_prior_year_quarter"", ""depth"": 0}, ""right"": {""leaf"": ""6751_cos_other_revenue_current_quarter"", ""depth"": 0}, ""depth"": 1}","{""kind"": ""time_agg"", ""op"": ""max"", ""depth"": 0}",4988.0,5,0,1,159467018,616250178,42,0.315,0,1,2,6755_cos_other_revenue_prior_year_quarter,cos_other_revenue,cost of other revenue,NVH,"Three Months Ended October 31, 2024",M_USD,4988.0,6751_cos_other_revenue_current_quarter,cos_other_revenue,cost of other revenue,NVH,"Three Months Ended October 31, 2025",M_USD,4532.0,,,,,,,,,,,,,,,,,,,,,,,,,,,,,,,,,,,,,,,,,,,,,,,,,,,,,,,,,,,,,,,,,,,,,,,,,,,,,,,,,,,,
579,1,"could you give the gross profit for MRT in Three Months Ended April 30, 2024",gross_profit,"{""derived"": ""gross_profit"", ""expanded"": {""op"": ""diff"", ""left"": {""leaf"": ""1557_total_revenues_prior_year_quarter"", ""depth"": 0}, ""right"": {""leaf"": ""1559_cost_of_sales_prior_year_quarter"", ""depth"": 0}, ""depth"": 1}, ""depth"": 1}","{""kind"": ""derived_concept"", ""name"": ""gross_profit"", ""depth"": 0}",26977.0,5,0,1,829571279,362394944,42,0.595,0,1,2,1557_total_revenues_prior_year_quarter,total_revenues,total revenues,MRT,"Three Months Ended April 30, 2024",M_USD,95359.0,1559_cost_of_sales_prior_year_quarter,cost_of_sales,cost of sales,MRT,"Three Months Ended April 30, 2024",M_USD,68382.0,,,,,,,,,,,,,,,,,,,,,,,,,,,,,,,,,,,,,,,,,,,,,,,,,,,,,,,,,,,,,,,,,,,,,,,,,,,,,,,,,,,,
580,1,"you should calculate the gross profit for MRK in Three Months Ended April 30, 2024 .",gross_profit,"{""derived"": ""gross_profit"", ""expanded"": {""op"": ""diff"", ""left"": {""leaf"": ""7049_total_revenues_prior_year_quarter"", ""depth"": 0}, ""right"": {""leaf"": ""7051_cost_of_sales_prior_year_quarter"", ""depth"": 0}, ""depth"": 1}, ""depth"": 1}","{""kind"": ""derived_concept"", ""name"": ""gross_profit"", ""depth"": 0}",11612.0,5,0,1,347604368,311763780,42,0.453,0,1,2,7049_total_revenues_prior_year_quarter,total_revenues,total revenues,MRK,"Three Months Ended April 30, 2024",M_USD,42874.0,7051_cost_of_sales_prior_year_quarter,cost_of_sales,cost of sales,MRK,"Three Months Ended April 30, 2024",M_USD,31262.0,,,,,,,,,,,,,,,,,,,,,,,,,,,,,,,,,,,,,,,,,,,,,,,,,,,,,,,,,,,,,,,,,,,,,,,,,,,,,,,,,,,,
582,1,"what do we obtain as the maximum of total current liabilities for FNB from December 31, 2024 to October 31, 2025 ?","max(6149_total_current_liabilities_prior_fy_end, 6148_total_current_liabilities_current_quarter_end)","{""op"": ""max"", ""left"": {""leaf"": ""6149_total_current_liabilities_prior_fy_end"", ""depth"": 0}, ""right"": {""leaf"": ""6148_total_current_liabilities_current_quarter_end"", ""depth"": 0}, ""depth"": 1}","{""kind"": ""time_agg"", ""op"": ""max"", ""depth"": 0}",3839.0,2,0,1,459094478,106879813,42,0.154,0,1,2,6149_total_current_liabilities_prior_fy_end,total_current_liabilities,total current liabilities,FNB,"December 31, 2024",M_USD,3719.0,6148_total_current_liabilities_current_quarter_end,total_current_liabilities,total current liabilities,FNB,"October 31, 2025",M_USD,3839.0,,,,,,,,,,,,,,,,,,,,,,,,,,,,,,,,,,,,,,,,,,,,,,,,,,,,,,,,,,,,,,,,,,,,,,,,,,,,,,,,,,,,
583,1,"Which result follows from the maximum of property plant and equipment net for INF from December 31, 2024 to July 31, 2025 ?","max(3681_property_plant_and_equipment_net_prior_fy_end, 3680_property_plant_and_equipment_net_current_quarter_end)","{""op"": ""max"", ""left"": {""leaf"": ""3681_property_plant_and_equipment_net_prior_fy_end"", ""depth"": 0}, ""right"": {""leaf"": ""3680_property_plant_and_equipment_net_current_quarter_end"", ""depth"": 0}, ""depth"": 1}","{""kind"": ""time_agg"", ""op"": ""max"", ""depth"": 0}",2392.0,2,0,1,627871395,612010561,42,0.543,0,1,2,3681_property_plant_and_equipment_net_prior_fy_end,property_plant_and_equipment_net,property plant and equipment net,INF,"December 31, 2024",M_USD,2389.0,3680_property_plant_and_equipment_net_current_quarter_end,property_plant_and_equipment_net,property plant and equipment net,INF,"July 31, 2025",M_USD,2392.0,,,,,,,,,,,,,,,,,,,,,,,,,,,,,,,,,,,,,,,,,,,,,,,,,,,,,,,,,,,,,,,,,,,,,,,,,,,,,,,,,,,,
584,1,"whats the value of the operating income for CNS in Three Months Ended April 30, 2025?",operating_income,"{""derived"": ""operating_income"", ""expanded"": {""op"": ""diff"", ""left"": {""leaf"": ""5940_total_revenues_current_quarter"", ""depth"": 0}, ""right"": {""leaf"": ""5950_total_costs_and_expenses_current_quarter"", ""depth"": 0}, ""depth"": 1}, ""depth"": 1}","{""kind"": ""derived_concept"", ""name"": ""operating_income"", ""depth"": 0}",888.0,5,0,1,871640723,308943009,42,0.429,0,1,2,5940_total_revenues_current_quarter,total_revenues,total revenues,CNS,"Three Months Ended April 30, 2025",M_USD,6436.0,5950_total_costs_and_expenses_current_quarter,total_costs_and_expenses,total costs and expenses,CNS,"Three Months Ended April 30, 2025",M_USD,5548.0,,,,,,,,,,,,,,,,,,,,,,,,,,,,,,,,,,,,,,,,,,,,,,,,,,,,,,,,,,,,,,,,,,,,,,,,,,,,,,,,,,,,
585,1,"which result follows from the maximum of other non current liabilities for MDI from December 31, 2024 to October 31, 2025","max(5559_other_non_current_liabilities_prior_fy_end, 5558_other_non_current_liabilities_current_quarter_end)","{""op"": ""max"", ""left"": {""leaf"": ""5559_other_non_current_liabilities_prior_fy_end"", ""depth"": 0}, ""right"": {""leaf"": ""5558_other_non_current_liabilities_current_quarter_end"", ""depth"": 0}, ""depth"": 1}","{""kind"": ""time_agg"", ""op"": ""max"", ""depth"": 0}",630.0,1,0,1,71210704,572440671,42,0.348,0,1,2,5559_other_non_current_liabilities_prior_fy_end,other_non_current_liabilities,other non current liabilities,MDI,"December 31, 2024",M_USD,630.0,5558_other_non_current_liabilities_current_quarter_end,other_non_current_liabilities,other non current liabilities,MDI,"October 31, 2025",M_USD,620.0,,,,,,,,,,,,,,,,,,,,,,,,,,,,,,,,,,,,,,,,,,,,,,,,,,,,,,,,,,,,,,,,,,,,,,,,,,,,,,,,,,,,
586,1,"You should calculate the maximum of accounts payable for FAB from December 31, 2024 to July 31, 2025","max(3867_accounts_payable_prior_fy_end, 3866_accounts_payable_current_quarter_end)","{""op"": ""max"", ""left"": {""leaf"": ""3867_accounts_payable_prior_fy_end"", ""depth"": 0}, ""right"": {""leaf"": ""3866_accounts_payable_current_quarter_end"", ""depth"": 0}, ""depth"": 1}","{""kind"": ""time_agg"", ""op"": ""max"", ""depth"": 0}",11098.0,1,0,1,12761863,682172896,42,0.556,0,1,2,3867_accounts_payable_prior_fy_end,accounts_payable,accounts payable,FAB,"December 31, 2024",M_USD,11098.0,3866_accounts_payable_current_quarter_end,accounts_payable,accounts payable,FAB,"July 31, 2025",M_USD,10933.0,,,,,,,,,,,,,,,,,,,,,,,,,,,,,,,,,,,,,,,,,,,,,,,,,,,,,,,,,,,,,,,,,,,,,,,,,,,,,,,,,,,,
588,1,"What would be the maximum of total current liabilities for DTA from December 31, 2024 to April 30, 2025","max(4438_total_current_liabilities_current_quarter_end, 4439_total_current_liabilities_prior_fy_end)","{""op"": ""max"", ""left"": {""leaf"": ""4438_total_current_liabilities_current_quarter_end"", ""depth"": 0}, ""right"": {""leaf"": ""4439_total_current_liabilities_prior_fy_end"", ""depth"": 0}, ""depth"": 1}","{""kind"": ""time_agg"", ""op"": ""max"", ""depth"": 0}",8800.0,3,0,1,691926148,982749200,42,0.111,0,1,2,4438_total_current_liabilities_current_quarter_end,total_current_liabilities,total current liabilities,DTA,"April 30, 2025",M_USD,8666.0,4439_total_current_liabilities_prior_fy_end,total_current_liabilities,total current liabilities,DTA,"December 31, 2024",M_USD,8800.0,,,,,,,,,,,,,,,,,,,,,,,,,,,,,,,,,,,,,,,,,,,,,,,,,,,,,,,,,,,,,,,,,,,,,,,,,,,,,,,,,,,,
589,1,"Which value corresponds to the minimum of comprehensive income for HRZ from Three Months Ended April 30, 2024 to Three Months Ended April 30, 2025 ?","min(7293_comprehensive_income_prior_year_quarter, 7292_comprehensive_income_current_quarter)","{""op"": ""min"", ""left"": {""leaf"": ""7293_comprehensive_income_prior_year_quarter"", ""depth"": 0}, ""right"": {""leaf"": ""7292_comprehensive_income_current_quarter"", ""depth"": 0}, ""depth"": 1}","{""kind"": ""time_agg"", ""op"": ""min"", ""depth"": 0}",797.0,3,0,1,281394765,514483307,42,0.19,0,1,2,7293_comprehensive_income_prior_year_quarter,comprehensive_income,comprehensive income,HRZ,"Three Months Ended April 30, 2024",M_USD,903.0,7292_comprehensive_income_current_quarter,comprehensive_income,comprehensive income,HRZ,"Three Months Ended April 30, 2025",M_USD,797.0,,,,,,,,,,,,,,,,,,,,,,,,,,,,,,,,,,,,,,,,,,,,,,,,,,,,,,,,,,,,,,,,,,,,,,,,,,,,,,,,,,,,
590,1,"evaluate the operating income for IND in Three Months Ended April 30, 2025.",operating_income,"{""derived"": ""operating_income"", ""expanded"": {""op"": ""diff"", ""left"": {""leaf"": ""1092_total_revenues_current_quarter"", ""depth"": 0}, ""right"": {""leaf"": ""1102_total_costs_and_expenses_current_quarter"", ""depth"": 0}, ""depth"": 1}, ""depth"": 1}","{""kind"": ""derived_concept"", ""name"": ""operating_income"", ""depth"": 0}",2009.0,5,0,1,272428235,175851837,42,0.223,0,1,2,1092_total_revenues_current_quarter,total_revenues,total revenues,IND,"Three Months Ended April 30, 2025",M_USD,21204.0,1102_total_costs_and_expenses_current_quarter,total_costs_and_expenses,total costs and expenses,IND,"Three Months Ended April 30, 2025",M_USD,19195.0,,,,,,,,,,,,,,,,,,,,,,,,,,,,,,,,,,,,,,,,,,,,,,,,,,,,,,,,,,,,,,,,,,,,,,,,,,,,,,,,,,,,
598,1,"You should give the maximum of operating income for CLR from Three Months Ended October 31, 2024 to Three Months Ended October 31, 2025","max(157_operating_income_prior_year_quarter, 156_operating_income_current_quarter)","{""op"": ""max"", ""left"": {""leaf"": ""157_operating_income_prior_year_quarter"", ""depth"": 0}, ""right"": {""leaf"": ""156_operating_income_current_quarter"", ""depth"": 0}, ""depth"": 1}","{""kind"": ""time_agg"", ""op"": ""max"", ""depth"": 0}",2197.0,5,0,1,496551472,111646734,42,0.317,0,1,2,157_operating_income_prior_year_quarter,operating_income,operating income,CLR,"Three Months Ended October 31, 2024",M_USD,2197.0,156_operating_income_current_quarter,operating_income,operating income,CLR,"Three Months Ended October 31, 2025",M_USD,2016.0,,,,,,,,,,,,,,,,,,,,,,,,,,,,,,,,,,,,,,,,,,,,,,,,,,,,,,,,,,,,,,,,,,,,,,,,,,,,,,,,,,,,
600,1,"what is the value of the maximum of total current liabilities for BNK from December 31, 2024 to October 31, 2025 ?","max(4723_total_current_liabilities_prior_fy_end, 4722_total_current_liabilities_current_quarter_end)","{""op"": ""max"", ""left"": {""leaf"": ""4723_total_current_liabilities_prior_fy_end"", ""depth"": 0}, ""right"": {""leaf"": ""4722_total_current_liabilities_current_quarter_end"", ""depth"": 0}, ""depth"": 1}","{""kind"": ""time_agg"", ""op"": ""max"", ""depth"": 0}",3715.0,5,0,1,544659719,92097288,42,0.491,0,1,2,4723_total_current_liabilities_prior_fy_end,total_current_liabilities,total current liabilities,BNK,"December 31, 2024",M_USD,3168.0,4722_total_current_liabilities_current_quarter_end,total_current_liabilities,total current liabilities,BNK,"October 31, 2025",M_USD,3715.0,,,,,,,,,,,,,,,,,,,,,,,,,,,,,,,,,,,,,,,,,,,,,,,,,,,,,,,,,,,,,,,,,,,,,,,,,,,,,,,,,,,,
601,1,"Could you give the maximum of proceeds from maturities of securities for NVH from Nine Months Ended October 31, 2024 to Nine Months Ended October 31, 2025?","max(6715_proceeds_from_maturities_of_securities_prior_ytd, 6714_proceeds_from_maturities_of_securities_current_ytd)","{""op"": ""max"", ""left"": {""leaf"": ""6715_proceeds_from_maturities_of_securities_prior_ytd"", ""depth"": 0}, ""right"": {""leaf"": ""6714_proceeds_from_maturities_of_securities_current_ytd"", ""depth"": 0}, ""depth"": 1}","{""kind"": ""time_agg"", ""op"": ""max"", ""depth"": 0}",306.0,5,0,1,62599793,841935215,42,0.578,0,1,2,6715_proceeds_from_maturities_of_securities_prior_ytd,proceeds_from_maturities_of_securities,proceeds from maturities of securities,NVH,"Nine Months Ended October 31, 2024",M_USD,306.0,6714_proceeds_from_maturities_of_securities_current_ytd,proceeds_from_maturities_of_securities,proceeds from maturities of securities,NVH,"Nine Months Ended October 31, 2025",M_USD,278.0,,,,,,,,,,,,,,,,,,,,,,,,,,,,,,,,,,,,,,,,,,,,,,,,,,,,,,,,,,,,,,,,,,,,,,,,,,,,,,,,,,,,
605,1,"you should give the maximum of provision for income taxes for PRD from Three Months Ended October 31, 2024 to Three Months Ended October 31, 2025.","max(1875_provision_for_income_taxes_prior_year_quarter, 1874_provision_for_income_taxes_current_quarter)","{""op"": ""max"", ""left"": {""leaf"": ""1875_provision_for_income_taxes_prior_year_quarter"", ""depth"": 0}, ""right"": {""leaf"": ""1874_provision_for_income_taxes_current_quarter"", ""depth"": 0}, ""depth"": 1}","{""kind"": ""time_agg"", ""op"": ""max"", ""depth"": 0}",773.0,1,0,1,421779073,165970989,42,0.203,0,1,2,1875_provision_for_income_taxes_prior_year_quarter,provision_for_income_taxes,provision for income taxes,PRD,"Three Months Ended October 31, 2024",M_USD,682.0,1874_provision_for_income_taxes_current_quarter,provision_for_income_taxes,provision for income taxes,PRD,"Three Months Ended October 31, 2025",M_USD,773.0,,,,,,,,,,,,,,,,,,,,,,,,,,,,,,,,,,,,,,,,,,,,,,,,,,,,,,,,,,,,,,,,,,,,,,,,,,,,,,,,,,,,
606,1,"Could you give the minimum of total non current assets for MTX from December 31, 2024 to October 31, 2025 ?","min(5383_total_non_current_assets_prior_fy_end, 5382_total_non_current_assets_current_quarter_end)","{""op"": ""min"", ""left"": {""leaf"": ""5383_total_non_current_assets_prior_fy_end"", ""depth"": 0}, ""right"": {""leaf"": ""5382_total_non_current_assets_current_quarter_end"", ""depth"": 0}, ""depth"": 1}","{""kind"": ""time_agg"", ""op"": ""min"", ""depth"": 0}",13715.0,5,0,1,450190996,888303869,42,0.122,0,1,2,5383_total_non_current_assets_prior_fy_end,total_non_current_assets,total non current assets,MTX,"December 31, 2024",M_USD,13715.0,5382_total_non_current_assets_current_quarter_end,total_non_current_assets,total non current assets,MTX,"October 31, 2025",M_USD,15906.0,,,,,,,,,,,,,,,,,,,,,,,,,,,,,,,,,,,,,,,,,,,,,,,,,,,,,,,,,,,,,,,,,,,,,,,,,,,,,,,,,,,,
608,1,"evaluate the maximum of total revenues for CLD from Three Months Ended April 30, 2024 to Three Months Ended April 30, 2025.","max(3135_total_revenues_prior_year_quarter, 3134_total_revenues_current_quarter)","{""op"": ""max"", ""left"": {""leaf"": ""3135_total_revenues_prior_year_quarter"", ""depth"": 0}, ""right"": {""leaf"": ""3134_total_revenues_current_quarter"", ""depth"": 0}, ""depth"": 1}","{""kind"": ""time_agg"", ""op"": ""max"", ""depth"": 0}",13833.0,1,0,1,41883407,879033300,42,0.473,0,1,2,3135_total_revenues_prior_year_quarter,total_revenues,total revenues,CLD,"Three Months Ended April 30, 2024",M_USD,13357.0,3134_total_revenues_current_quarter,total_revenues,total revenues,CLD,"Three Months Ended April 30, 2025",M_USD,13833.0,,,,,,,,,,,,,,,,,,,,,,,,,,,,,,,,,,,,,,,,,,,,,,,,,,,,,,,,,,,,,,,,,,,,,,,,,,,,,,,,,,,,
610,1,"may you calculate the gross profit for PLX in Nine Months Ended July 31, 2026",gross_profit,"{""derived"": ""gross_profit"", ""expanded"": {""op"": ""diff"", ""left"": {""leaf"": ""4208_total_revenues_current_ytd"", ""depth"": 0}, ""right"": {""leaf"": ""4212_cost_of_sales_current_ytd"", ""depth"": 0}, ""depth"": 1}, ""depth"": 1}","{""kind"": ""derived_concept"", ""name"": ""gross_profit"", ""depth"": 0}",36276.0,5,0,1,642636296,800752411,42,0.199,0,1,2,4208_total_revenues_current_ytd,total_revenues,total revenues,PLX,"Nine Months Ended July 31, 2026",M_USD,55560.0,4212_cost_of_sales_current_ytd,cost_of_sales,cost of sales,PLX,"Nine Months Ended July 31, 2026",M_USD,19284.0,,,,,,,,,,,,,,,,,,,,,,,,,,,,,,,,,,,,,,,,,,,,,,,,,,,,,,,,,,,,,,,,,,,,,,,,,,,,,,,,,,,,
611,1,"Calculate the maximum of other non current liabilities for GLP from December 31, 2024 to October 31, 2025 .","max(6973_other_non_current_liabilities_prior_fy_end, 6972_other_non_current_liabilities_current_quarter_end)","{""op"": ""max"", ""left"": {""leaf"": ""6973_other_non_current_liabilities_prior_fy_end"", ""depth"": 0}, ""right"": {""leaf"": ""6972_other_non_current_liabilities_current_quarter_end"", ""depth"": 0}, ""depth"": 1}","{""kind"": ""time_agg"", ""op"": ""max"", ""depth"": 0}",4903.0,2,0,1,806101318,612833213,42,0.507,0,1,2,6973_other_non_current_liabilities_prior_fy_end,other_non_current_liabilities,other non current liabilities,GLP,"December 31, 2024",M_USD,4366.0,6972_other_non_current_liabilities_current_quarter_end,other_non_current_liabilities,other non current liabilities,GLP,"October 31, 2025",M_USD,4903.0,,,,,,,,,,,,,,,,,,,,,,,,,,,,,,,,,,,,,,,,,,,,,,,,,,,,,,,,,,,,,,,,,,,,,,,,,,,,,,,,,,,,
614,1,"what do we obtain as the maximum of total costs and expenses for FAB from Three Months Ended July 31, 2024 to Three Months Ended July 31, 2025?","max(3815_total_costs_and_expenses_prior_year_quarter, 3814_total_costs_and_expenses_current_quarter)","{""op"": ""max"", ""left"": {""leaf"": ""3815_total_costs_and_expenses_prior_year_quarter"", ""depth"": 0}, ""right"": {""leaf"": ""3814_total_costs_and_expenses_current_quarter"", ""depth"": 0}, ""depth"": 1}","{""kind"": ""time_agg"", ""op"": ""max"", ""depth"": 0}",26439.0,2,0,1,782051387,657195286,42,0.257,0,1,2,3815_total_costs_and_expenses_prior_year_quarter,total_costs_and_expenses,total costs and expenses,FAB,"Three Months Ended July 31, 2024",M_USD,26439.0,3814_total_costs_and_expenses_current_quarter,total_costs_and_expenses,total costs and expenses,FAB,"Three Months Ended July 31, 2025",M_USD,23355.0,,,,,,,,,,,,,,,,,,,,,,,,,,,,,,,,,,,,,,,,,,,,,,,,,,,,,,,,,,,,,,,,,,,,,,,,,,,,,,,,,,,,
616,1,"you should give the maximum of property plant and equipment net for CNS from December 31, 2024 to April 30, 2025 .","max(5978_property_plant_and_equipment_net_current_quarter_end, 5979_property_plant_and_equipment_net_prior_fy_end)","{""op"": ""max"", ""left"": {""leaf"": ""5978_property_plant_and_equipment_net_current_quarter_end"", ""depth"": 0}, ""right"": {""leaf"": ""5979_property_plant_and_equipment_net_prior_fy_end"", ""depth"": 0}, ""depth"": 1}","{""kind"": ""time_agg"", ""op"": ""max"", ""depth"": 0}",314.0,4,0,1,83502328,217881771,42,0.35,0,1,2,5978_property_plant_and_equipment_net_current_quarter_end,property_plant_and_equipment_net,property plant and equipment net,CNS,"April 30, 2025",M_USD,314.0,5979_property_plant_and_equipment_net_prior_fy_end,property_plant_and_equipment_net,property plant and equipment net,CNS,"December 31, 2024",M_USD,288.0,,,,,,,,,,,,,,,,,,,,,,,,,,,,,,,,,,,,,,,,,,,,,,,,,,,,,,,,,,,,,,,,,,,,,,,,,,,,,,,,,,,,
617,1,"calculate the maximum of provision for income taxes for PRD from Three Months Ended October 31, 2024 to Three Months Ended October 31, 2025.","max(1875_provision_for_income_taxes_prior_year_quarter, 1874_provision_for_income_taxes_current_quarter)","{""op"": ""max"", ""left"": {""leaf"": ""1875_provision_for_income_taxes_prior_year_quarter"", ""depth"": 0}, ""right"": {""leaf"": ""1874_provision_for_income_taxes_current_quarter"", ""depth"": 0}, ""depth"": 1}","{""kind"": ""time_agg"", ""op"": ""max"", ""depth"": 0}",773.0,4,0,1,760717676,313334064,42,0.102,0,1,2,1875_provision_for_income_taxes_prior_year_quarter,provision_for_income_taxes,provision for income taxes,PRD,"Three Months Ended October 31, 2024",M_USD,682.0,1874_provision_for_income_taxes_current_quarter,provision_for_income_taxes,provision for income taxes,PRD,"Three Months Ended October 31, 2025",M_USD,773.0,,,,,,,,,,,,,,,,,,,,,,,,,,,,,,,,,,,,,,,,,,,,,,,,,,,,,,,,,,,,,,,,,,,,,,,,,,,,,,,,,,,,
618,1,"what does the following give: maximum of deferred revenue current for GBL from December 31, 2024 to April 30, 2025?","max(6814_deferred_revenue_current_current_quarter_end, 6815_deferred_revenue_current_prior_fy_end)","{""op"": ""max"", ""left"": {""leaf"": ""6814_deferred_revenue_current_current_quarter_end"", ""depth"": 0}, ""right"": {""leaf"": ""6815_deferred_revenue_current_prior_fy_end"", ""depth"": 0}, ""depth"": 1}","{""kind"": ""time_agg"", ""op"": ""max"", ""depth"": 0}",1664.0,5,0,1,143119906,309001561,42,0.565,0,1,2,6814_deferred_revenue_current_current_quarter_end,deferred_revenue_current,deferred revenue current,GBL,"April 30, 2025",M_USD,1664.0,6815_deferred_revenue_current_prior_fy_end,deferred_revenue_current,deferred revenue current,GBL,"December 31, 2024",M_USD,1437.0,,,,,,,,,,,,,,,,,,,,,,,,,,,,,,,,,,,,,,,,,,,,,,,,,,,,,,,,,,,,,,,,,,,,,,,,,,,,,,,,,,,,
620,1,"compute the maximum of provision for income taxes for MTX from Three Months Ended October 31, 2024 to Three Months Ended October 31, 2025 .","max(5347_provision_for_income_taxes_prior_year_quarter, 5346_provision_for_income_taxes_current_quarter)","{""op"": ""max"", ""left"": {""leaf"": ""5347_provision_for_income_taxes_prior_year_quarter"", ""depth"": 0}, ""right"": {""leaf"": ""5346_provision_for_income_taxes_current_quarter"", ""depth"": 0}, ""depth"": 1}","{""kind"": ""time_agg"", ""op"": ""max"", ""depth"": 0}",940.0,4,0,1,117767353,621038761,42,0.395,0,1,2,5347_provision_for_income_taxes_prior_year_quarter,provision_for_income_taxes,provision for income taxes,MTX,"Three Months Ended October 31, 2024",M_USD,940.0,5346_provision_for_income_taxes_current_quarter,provision_for_income_taxes,provision for income taxes,MTX,"Three Months Ended October 31, 2025",M_USD,928.0,,,,,,,,,,,,,,,,,,,,,,,,,,,,,,,,,,,,,,,,,,,,,,,,,,,,,,,,,,,,,,,,,,,,,,,,,,,,,,,,,,,,
623,1,"Which quantity is given by the minimum of total revenues for MRT from Three Months Ended April 30, 2024 to Three Months Ended April 30, 2025","min(1557_total_revenues_prior_year_quarter, 1556_total_revenues_current_quarter)","{""op"": ""min"", ""left"": {""leaf"": ""1557_total_revenues_prior_year_quarter"", ""depth"": 0}, ""right"": {""leaf"": ""1556_total_revenues_current_quarter"", ""depth"": 0}, ""depth"": 1}","{""kind"": ""time_agg"", ""op"": ""min"", ""depth"": 0}",83208.0,5,0,1,929228395,662390944,42,0.285,0,1,2,1557_total_revenues_prior_year_quarter,total_revenues,total revenues,MRT,"Three Months Ended April 30, 2024",M_USD,95359.0,1556_total_revenues_current_quarter,total_revenues,total revenues,MRT,"Three Months Ended April 30, 2025",M_USD,83208.0,,,,,,,,,,,,,,,,,,,,,,,,,,,,,,,,,,,,,,,,,,,,,,,,,,,,,,,,,,,,,,,,,,,,,,,,,,,,,,,,,,,,
625,1,"What would be the minimum of shares used basic for CRZ from Three Months Ended October 31, 2024 to Three Months Ended October 31, 2025 ?","min(5105_shares_used_basic_prior_year_quarter, 5104_shares_used_basic_current_quarter)","{""op"": ""min"", ""left"": {""leaf"": ""5105_shares_used_basic_prior_year_quarter"", ""depth"": 0}, ""right"": {""leaf"": ""5104_shares_used_basic_current_quarter"", ""depth"": 0}, ""depth"": 1}","{""kind"": ""time_agg"", ""op"": ""min"", ""depth"": 0}",702570.0,1,0,1,589014775,736609787,42,0.566,0,1,2,5105_shares_used_basic_prior_year_quarter,shares_used_basic,shares used basic,CRZ,"Three Months Ended October 31, 2024",M_shares,702570.0,5104_shares_used_basic_current_quarter,shares_used_basic,shares used basic,CRZ,"Three Months Ended October 31, 2025",M_shares,712000.0,,,,,,,,,,,,,,,,,,,,,,,,,,,,,,,,,,,,,,,,,,,,,,,,,,,,,,,,,,,,,,,,,,,,,,,,,,,,,,,,,,,,
626,1,"state the minimum of research and development for TXN from Three Months Ended April 30, 2024 to Three Months Ended April 30, 2025","min(7591_research_and_development_prior_year_quarter, 7590_research_and_development_current_quarter)","{""op"": ""min"", ""left"": {""leaf"": ""7591_research_and_development_prior_year_quarter"", ""depth"": 0}, ""right"": {""leaf"": ""7590_research_and_development_current_quarter"", ""depth"": 0}, ""depth"": 1}","{""kind"": ""time_agg"", ""op"": ""min"", ""depth"": 0}",132.0,5,0,1,645664702,275999191,42,0.161,0,1,2,7591_research_and_development_prior_year_quarter,research_and_development,research and development,TXN,"Three Months Ended April 30, 2024",M_USD,153.0,7590_research_and_development_current_quarter,research_and_development,research and development,TXN,"Three Months Ended April 30, 2025",M_USD,132.0,,,,,,,,,,,,,,,,,,,,,,,,,,,,,,,,,,,,,,,,,,,,,,,,,,,,,,,,,,,,,,,,,,,,,,,,,,,,,,,,,,,,
627,1,"May you calculate the gross profit for NVH in Three Months Ended October 31, 2025?",gross_profit,"{""derived"": ""gross_profit"", ""expanded"": {""op"": ""diff"", ""left"": {""leaf"": ""6588_total_revenues_current_quarter"", ""depth"": 0}, ""right"": {""leaf"": ""6592_cost_of_sales_current_quarter"", ""depth"": 0}, ""depth"": 1}, ""depth"": 1}","{""kind"": ""derived_concept"", ""name"": ""gross_profit"", ""depth"": 0}",7208.0,2,0,1,351328592,394205472,42,0.569,0,1,2,6588_total_revenues_current_quarter,total_revenues,total revenues,NVH,"Three Months Ended October 31, 2025",M_USD,18256.0,6592_cost_of_sales_current_quarter,cost_of_sales,cost of sales,NVH,"Three Months Ended October 31, 2025",M_USD,11048.0,,,,,,,,,,,,,,,,,,,,,,,,,,,,,,,,,,,,,,,,,,,,,,,,,,,,,,,,,,,,,,,,,,,,,,,,,,,,,,,,,,,,
629,1,"you should calculate the minimum of opening cash and equivalents for FIN from Three Months Ended April 30, 2024 to Three Months Ended April 30, 2025 .","min(4187_opening_cash_and_equivalents_prior_ytd, 4186_opening_cash_and_equivalents_current_ytd)","{""op"": ""min"", ""left"": {""leaf"": ""4187_opening_cash_and_equivalents_prior_ytd"", ""depth"": 0}, ""right"": {""leaf"": ""4186_opening_cash_and_equivalents_current_ytd"", ""depth"": 0}, ""depth"": 1}","{""kind"": ""time_agg"", ""op"": ""min"", ""depth"": 0}",1261.0,2,0,1,813979696,787384477,42,0.435,0,1,2,4187_opening_cash_and_equivalents_prior_ytd,opening_cash_and_equivalents,opening cash and equivalents,FIN,"Three Months Ended April 30, 2024",M_USD,1322.0,4186_opening_cash_and_equivalents_current_ytd,opening_cash_and_equivalents,opening cash and equivalents,FIN,"Three Months Ended April 30, 2025",M_USD,1261.0,,,,,,,,,,,,,,,,,,,,,,,,,,,,,,,,,,,,,,,,,,,,,,,,,,,,,,,,,,,,,,,,,,,,,,,,,,,,,,,,,,,,
631,1,"You should calculate the maximum of proceeds from stock option exercises for CRF from Nine Months Ended October 31, 2024 to Nine Months Ended October 31, 2025","max(1813_proceeds_from_stock_option_exercises_prior_ytd, 1812_proceeds_from_stock_option_exercises_current_ytd)","{""op"": ""max"", ""left"": {""leaf"": ""1813_proceeds_from_stock_option_exercises_prior_ytd"", ""depth"": 0}, ""right"": {""leaf"": ""1812_proceeds_from_stock_option_exercises_current_ytd"", ""depth"": 0}, ""depth"": 1}","{""kind"": ""time_agg"", ""op"": ""max"", ""depth"": 0}",55.0,1,0,1,71247945,532844714,42,0.161,0,1,2,1813_proceeds_from_stock_option_exercises_prior_ytd,proceeds_from_stock_option_exercises,proceeds from stock option exercises,CRF,"Nine Months Ended October 31, 2024",M_USD,32.0,1812_proceeds_from_stock_option_exercises_current_ytd,proceeds_from_stock_option_exercises,proceeds from stock option exercises,CRF,"Nine Months Ended October 31, 2025",M_USD,55.0,,,,,,,,,,,,,,,,,,,,,,,,,,,,,,,,,,,,,,,,,,,,,,,,,,,,,,,,,,,,,,,,,,,,,,,,,,,,,,,,,,,,
632,1,"whats the value of the maximum of cost of technology services for CNS from Three Months Ended April 30, 2024 to Three Months Ended April 30, 2025","max(6071_cos_technology_services_prior_year_quarter, 6067_cos_technology_services_current_quarter)","{""op"": ""max"", ""left"": {""leaf"": ""6071_cos_technology_services_prior_year_quarter"", ""depth"": 0}, ""right"": {""leaf"": ""6067_cos_technology_services_current_quarter"", ""depth"": 0}, ""depth"": 1}","{""kind"": ""time_agg"", ""op"": ""max"", ""depth"": 0}",962.0,2,0,1,916793616,97985698,42,0.16,0,1,2,6071_cos_technology_services_prior_year_quarter,cos_technology_services,cost of technology services,CNS,"Three Months Ended April 30, 2024",M_USD,913.0,6067_cos_technology_services_current_quarter,cos_technology_services,cost of technology services,CNS,"Three Months Ended April 30, 2025",M_USD,962.0,,,,,,,,,,,,,,,,,,,,,,,,,,,,,,,,,,,,,,,,,,,,,,,,,,,,,,,,,,,,,,,,,,,,,,,,,,,,,,,,,,,,
633,1,"what do we obtain as the free cash flow for FNB in Nine Months Ended October 31, 2024",free_cash_flow,"{""derived"": ""free_cash_flow"", ""expanded"": {""op"": ""sum"", ""left"": {""leaf"": ""6163_net_cash_from_operating_prior_ytd"", ""depth"": 0}, ""right"": {""leaf"": ""6165_capital_expenditures_prior_ytd"", ""depth"": 0}, ""depth"": 1}, ""depth"": 1}","{""kind"": ""derived_concept"", ""name"": ""free_cash_flow"", ""depth"": 0}",11046.0,3,0,1,708690505,174391279,42,0.379,0,1,2,6163_net_cash_from_operating_prior_ytd,net_cash_from_operating,net cash from operating,FNB,"Nine Months Ended October 31, 2024",M_USD,11785.0,6165_capital_expenditures_prior_ytd,capital_expenditures,capital expenditures,FNB,"Nine Months Ended October 31, 2024",M_USD,-739.0,,,,,,,,,,,,,,,,,,,,,,,,,,,,,,,,,,,,,,,,,,,,,,,,,,,,,,,,,,,,,,,,,,,,,,,,,,,,,,,,,,,,
634,1,"whats the value of the minimum of opening cash and equivalents for CRX from Three Months Ended January 31, 2025 to Three Months Ended January 31, 2026 ?","min(4623_opening_cash_and_equivalents_prior_ytd, 4622_opening_cash_and_equivalents_current_ytd)","{""op"": ""min"", ""left"": {""leaf"": ""4623_opening_cash_and_equivalents_prior_ytd"", ""depth"": 0}, ""right"": {""leaf"": ""4622_opening_cash_and_equivalents_current_ytd"", ""depth"": 0}, ""depth"": 1}","{""kind"": ""time_agg"", ""op"": ""min"", ""depth"": 0}",8013.0,4,0,1,652033452,752124287,42,0.484,0,1,2,4623_opening_cash_and_equivalents_prior_ytd,opening_cash_and_equivalents,opening cash and equivalents,CRX,"Three Months Ended January 31, 2025",M_USD,8291.0,4622_opening_cash_and_equivalents_current_ytd,opening_cash_and_equivalents,opening cash and equivalents,CRX,"Three Months Ended January 31, 2026",M_USD,8013.0,,,,,,,,,,,,,,,,,,,,,,,,,,,,,,,,,,,,,,,,,,,,,,,,,,,,,,,,,,,,,,,,,,,,,,,,,,,,,,,,,,,,
635,1,"What is the value of the minimum of total current assets for BNK from December 31, 2024 to October 31, 2025?","min(4701_total_current_assets_prior_fy_end, 4700_total_current_assets_current_quarter_end)","{""op"": ""min"", ""left"": {""leaf"": ""4701_total_current_assets_prior_fy_end"", ""depth"": 0}, ""right"": {""leaf"": ""4700_total_current_assets_current_quarter_end"", ""depth"": 0}, ""depth"": 1}","{""kind"": ""time_agg"", ""op"": ""min"", ""depth"": 0}",5889.0,5,0,1,834962903,189296401,42,0.151,0,1,2,4701_total_current_assets_prior_fy_end,total_current_assets,total current assets,BNK,"December 31, 2024",M_USD,5889.0,4700_total_current_assets_current_quarter_end,total_current_assets,total current assets,BNK,"October 31, 2025",M_USD,6907.0,,,,,,,,,,,,,,,,,,,,,,,,,,,,,,,,,,,,,,,,,,,,,,,,,,,,,,,,,,,,,,,,,,,,,,,,,,,,,,,,,,,,
637,1,"You should give the minimum of stock based compensation for CLD from Three Months Ended April 30, 2024 to Three Months Ended April 30, 2025.","min(3211_stock_based_compensation_prior_ytd, 3210_stock_based_compensation_current_ytd)","{""op"": ""min"", ""left"": {""leaf"": ""3211_stock_based_compensation_prior_ytd"", ""depth"": 0}, ""right"": {""leaf"": ""3210_stock_based_compensation_current_ytd"", ""depth"": 0}, ""depth"": 1}","{""kind"": ""time_agg"", ""op"": ""min"", ""depth"": 0}",156.0,2,0,1,235328303,139400776,42,0.47,0,1,2,3211_stock_based_compensation_prior_ytd,stock_based_compensation,stock based compensation,CLD,"Three Months Ended April 30, 2024",M_USD,156.0,3210_stock_based_compensation_current_ytd,stock_based_compensation,stock based compensation,CLD,"Three Months Ended April 30, 2025",M_USD,162.0,,,,,,,,,,,,,,,,,,,,,,,,,,,,,,,,,,,,,,,,,,,,,,,,,,,,,,,,,,,,,,,,,,,,,,,,,,,,,,,,,,,,
638,1,"Could you give the minimum of gross profit for NVH from Three Months Ended October 31, 2024 to Three Months Ended October 31, 2025 ?","min(6597_gross_profit_prior_year_quarter, 6596_gross_profit_current_quarter)","{""op"": ""min"", ""left"": {""leaf"": ""6597_gross_profit_prior_year_quarter"", ""depth"": 0}, ""right"": {""leaf"": ""6596_gross_profit_current_quarter"", ""depth"": 0}, ""depth"": 1}","{""kind"": ""time_agg"", ""op"": ""min"", ""depth"": 0}",7208.0,2,0,1,202942015,903330725,42,0.252,0,1,2,6597_gross_profit_prior_year_quarter,gross_profit,gross profit,NVH,"Three Months Ended October 31, 2024",M_USD,7933.0,6596_gross_profit_current_quarter,gross_profit,gross profit,NVH,"Three Months Ended October 31, 2025",M_USD,7208.0,,,,,,,,,,,,,,,,,,,,,,,,,,,,,,,,,,,,,,,,,,,,,,,,,,,,,,,,,,,,,,,,,,,,,,,,,,,,,,,,,,,,
640,1,"give the maximum of long term marketable securities for SKY from December 31, 2024 to April 30, 2025.","max(5848_long_term_marketable_securities_current_quarter_end, 5849_long_term_marketable_securities_prior_fy_end)","{""op"": ""max"", ""left"": {""leaf"": ""5848_long_term_marketable_securities_current_quarter_end"", ""depth"": 0}, ""right"": {""leaf"": ""5849_long_term_marketable_securities_prior_fy_end"", ""depth"": 0}, ""depth"": 1}","{""kind"": ""time_agg"", ""op"": ""max"", ""depth"": 0}",2485.0,1,0,1,121838342,261711614,42,0.2,0,1,2,5848_long_term_marketable_securities_current_quarter_end,long_term_marketable_securities,long term marketable securities,SKY,"April 30, 2025",M_USD,2470.0,5849_long_term_marketable_securities_prior_fy_end,long_term_marketable_securities,long term marketable securities,SKY,"December 31, 2024",M_USD,2485.0,,,,,,,,,,,,,,,,,,,,,,,,,,,,,,,,,,,,,,,,,,,,,,,,,,,,,,,,,,,,,,,,,,,,,,,,,,,,,,,,,,,,
641,1,"Determine the minimum of total non current assets for WHL from December 31, 2024 to July 31, 2025 .","min(7367_total_non_current_assets_prior_fy_end, 7366_total_non_current_assets_current_quarter_end)","{""op"": ""min"", ""left"": {""leaf"": ""7367_total_non_current_assets_prior_fy_end"", ""depth"": 0}, ""right"": {""leaf"": ""7366_total_non_current_assets_current_quarter_end"", ""depth"": 0}, ""depth"": 1}","{""kind"": ""time_agg"", ""op"": ""min"", ""depth"": 0}",5765.0,1,0,1,487145165,461543507,42,0.558,0,1,2,7367_total_non_current_assets_prior_fy_end,total_non_current_assets,total non current assets,WHL,"December 31, 2024",M_USD,5765.0,7366_total_non_current_assets_current_quarter_end,total_non_current_assets,total non current assets,WHL,"July 31, 2025",M_USD,6073.0,,,,,,,,,,,,,,,,,,,,,,,,,,,,,,,,,,,,,,,,,,,,,,,,,,,,,,,,,,,,,,,,,,,,,,,,,,,,,,,,,,,,
642,1,"state the operating income for TRU in Six Months Ended July 31, 2024 .",operating_income,"{""derived"": ""operating_income"", ""expanded"": {""op"": ""diff"", ""left"": {""leaf"": ""807_total_revenues_prior_year_ytd"", ""depth"": 0}, ""right"": {""leaf"": ""823_total_costs_and_expenses_prior_year_ytd"", ""depth"": 0}, ""depth"": 1}, ""depth"": 1}","{""kind"": ""derived_concept"", ""name"": ""operating_income"", ""depth"": 0}",6486.0,5,0,1,83956015,473217776,42,0.521,0,1,2,807_total_revenues_prior_year_ytd,total_revenues,total revenues,TRU,"Six Months Ended July 31, 2024",M_USD,33110.0,823_total_costs_and_expenses_prior_year_ytd,total_costs_and_expenses,total costs and expenses,TRU,"Six Months Ended July 31, 2024",M_USD,26624.0,,,,,,,,,,,,,,,,,,,,,,,,,,,,,,,,,,,,,,,,,,,,,,,,,,,,,,,,,,,,,,,,,,,,,,,,,,,,,,,,,,,,
643,1,"what do we obtain as the minimum of short term investments for FNB from December 31, 2024 to October 31, 2025","min(6119_short_term_investments_prior_fy_end, 6118_short_term_investments_current_quarter_end)","{""op"": ""min"", ""left"": {""leaf"": ""6119_short_term_investments_prior_fy_end"", ""depth"": 0}, ""right"": {""leaf"": ""6118_short_term_investments_current_quarter_end"", ""depth"": 0}, ""depth"": 1}","{""kind"": ""time_agg"", ""op"": ""min"", ""depth"": 0}",3518.0,5,0,1,207071920,812565348,42,0.517,0,1,2,6119_short_term_investments_prior_fy_end,short_term_investments,short term investments,FNB,"December 31, 2024",M_USD,3518.0,6118_short_term_investments_current_quarter_end,short_term_investments,short term investments,FNB,"October 31, 2025",M_USD,3632.0,,,,,,,,,,,,,,,,,,,,,,,,,,,,,,,,,,,,,,,,,,,,,,,,,,,,,,,,,,,,,,,,,,,,,,,,,,,,,,,,,,,,
644,1,"Which value corresponds to the gross profit for GLP in Three Months Ended October 31, 2024 ?",gross_profit,"{""derived"": ""gross_profit"", ""expanded"": {""op"": ""diff"", ""left"": {""leaf"": ""6889_total_revenues_prior_year_quarter"", ""depth"": 0}, ""right"": {""leaf"": ""6893_cost_of_sales_prior_year_quarter"", ""depth"": 0}, ""depth"": 1}, ""depth"": 1}","{""kind"": ""derived_concept"", ""name"": ""gross_profit"", ""depth"": 0}",30742.0,4,0,1,780472817,350932059,42,0.547,0,1,2,6889_total_revenues_prior_year_quarter,total_revenues,total revenues,GLP,"Three Months Ended October 31, 2024",M_USD,107192.0,6893_cost_of_sales_prior_year_quarter,cost_of_sales,cost of sales,GLP,"Three Months Ended October 31, 2024",M_USD,76450.0,,,,,,,,,,,,,,,,,,,,,,,,,,,,,,,,,,,,,,,,,,,,,,,,,,,,,,,,,,,,,,,,,,,,,,,,,,,,,,,,,,,,
645,1,"what is the minimum of total revenues for BLD from Three Months Ended July 31, 2024 to Three Months Ended July 31, 2025 ?","min(2639_total_revenues_prior_year_quarter, 2638_total_revenues_current_quarter)","{""op"": ""min"", ""left"": {""leaf"": ""2639_total_revenues_prior_year_quarter"", ""depth"": 0}, ""right"": {""leaf"": ""2638_total_revenues_current_quarter"", ""depth"": 0}, ""depth"": 1}","{""kind"": ""time_agg"", ""op"": ""min"", ""depth"": 0}",9700.0,4,0,1,470899222,302344761,42,0.41,0,1,2,2639_total_revenues_prior_year_quarter,total_revenues,total revenues,BLD,"Three Months Ended July 31, 2024",M_USD,10764.0,2638_total_revenues_current_quarter,total_revenues,total revenues,BLD,"Three Months Ended July 31, 2025",M_USD,9700.0,,,,,,,,,,,,,,,,,,,,,,,,,,,,,,,,,,,,,,,,,,,,,,,,,,,,,,,,,,,,,,,,,,,,,,,,,,,,,,,,,,,,
646,1,"give the maximum of long term debt for SUP from December 31, 2024 to April 30, 2025","max(1026_long_term_debt_current_quarter_end, 1027_long_term_debt_prior_fy_end)","{""op"": ""max"", ""left"": {""leaf"": ""1026_long_term_debt_current_quarter_end"", ""depth"": 0}, ""right"": {""leaf"": ""1027_long_term_debt_prior_fy_end"", ""depth"": 0}, ""depth"": 1}","{""kind"": ""time_agg"", ""op"": ""max"", ""depth"": 0}",3335.0,3,0,1,756226869,578821318,42,0.198,0,1,2,1026_long_term_debt_current_quarter_end,long_term_debt,long term debt,SUP,"April 30, 2025",M_USD,3335.0,1027_long_term_debt_prior_fy_end,long_term_debt,long term debt,SUP,"December 31, 2024",M_USD,3025.0,,,,,,,,,,,,,,,,,,,,,,,,,,,,,,,,,,,,,,,,,,,,,,,,,,,,,,,,,,,,,,,,,,,,,,,,,,,,,,,,,,,,
649,1,"Calculate the maximum of total current assets for PRF from December 31, 2024 to April 30, 2025.","max(2200_total_current_assets_current_quarter_end, 2201_total_current_assets_prior_fy_end)","{""op"": ""max"", ""left"": {""leaf"": ""2200_total_current_assets_current_quarter_end"", ""depth"": 0}, ""right"": {""leaf"": ""2201_total_current_assets_prior_fy_end"", ""depth"": 0}, ""depth"": 1}","{""kind"": ""time_agg"", ""op"": ""max"", ""depth"": 0}",388.0,2,0,1,736091065,568337530,42,0.53,0,1,2,2200_total_current_assets_current_quarter_end,total_current_assets,total current assets,PRF,"April 30, 2025",M_USD,388.0,2201_total_current_assets_prior_fy_end,total_current_assets,total current assets,PRF,"December 31, 2024",M_USD,372.0,,,,,,,,,,,,,,,,,,,,,,,,,,,,,,,,,,,,,,,,,,,,,,,,,,,,,,,,,,,,,,,,,,,,,,,,,,,,,,,,,,,,
651,1,"what do we obtain as the maximum of total current liabilities for FNB from December 31, 2024 to October 31, 2025?","max(6149_total_current_liabilities_prior_fy_end, 6148_total_current_liabilities_current_quarter_end)","{""op"": ""max"", ""left"": {""leaf"": ""6149_total_current_liabilities_prior_fy_end"", ""depth"": 0}, ""right"": {""leaf"": ""6148_total_current_liabilities_current_quarter_end"", ""depth"": 0}, ""depth"": 1}","{""kind"": ""time_agg"", ""op"": ""max"", ""depth"": 0}",3839.0,1,0,1,741210923,741053784,42,0.534,0,1,2,6149_total_current_liabilities_prior_fy_end,total_current_liabilities,total current liabilities,FNB,"December 31, 2024",M_USD,3719.0,6148_total_current_liabilities_current_quarter_end,total_current_liabilities,total current liabilities,FNB,"October 31, 2025",M_USD,3839.0,,,,,,,,,,,,,,,,,,,,,,,,,,,,,,,,,,,,,,,,,,,,,,,,,,,,,,,,,,,,,,,,,,,,,,,,,,,,,,,,,,,,
652,1,"whats the value of the maximum of total current liabilities for CRF from December 31, 2024 to October 31, 2025","max(1763_total_current_liabilities_prior_fy_end, 1762_total_current_liabilities_current_quarter_end)","{""op"": ""max"", ""left"": {""leaf"": ""1763_total_current_liabilities_prior_fy_end"", ""depth"": 0}, ""right"": {""leaf"": ""1762_total_current_liabilities_current_quarter_end"", ""depth"": 0}, ""depth"": 1}","{""kind"": ""time_agg"", ""op"": ""max"", ""depth"": 0}",6657.0,5,0,1,781416852,106408552,42,0.304,0,1,2,1763_total_current_liabilities_prior_fy_end,total_current_liabilities,total current liabilities,CRF,"December 31, 2024",M_USD,6657.0,1762_total_current_liabilities_current_quarter_end,total_current_liabilities,total current liabilities,CRF,"October 31, 2025",M_USD,6492.0,,,,,,,,,,,,,,,,,,,,,,,,,,,,,,,,,,,,,,,,,,,,,,,,,,,,,,,,,,,,,,,,,,,,,,,,,,,,,,,,,,,,
653,1,"What is the value of the free cash flow for CIV in Nine Months Ended October 31, 2024",free_cash_flow,"{""derived"": ""free_cash_flow"", ""expanded"": {""op"": ""sum"", ""left"": {""leaf"": ""2893_net_cash_from_operating_prior_ytd"", ""depth"": 0}, ""right"": {""leaf"": ""2895_capital_expenditures_prior_ytd"", ""depth"": 0}, ""depth"": 1}, ""depth"": 1}","{""kind"": ""derived_concept"", ""name"": ""free_cash_flow"", ""depth"": 0}",1127.0,2,0,1,755126400,507294360,42,0.416,0,1,2,2893_net_cash_from_operating_prior_ytd,net_cash_from_operating,net cash from operating,CIV,"Nine Months Ended October 31, 2024",M_USD,1353.0,2895_capital_expenditures_prior_ytd,capital_expenditures,capital expenditures,CIV,"Nine Months Ended October 31, 2024",M_USD,-226.0,,,,,,,,,,,,,,,,,,,,,,,,,,,,,,,,,,,,,,,,,,,,,,,,,,,,,,,,,,,,,,,,,,,,,,,,,,,,,,,,,,,,
658,1,"What would be the minimum of proceeds from maturities of securities for CRZ from Nine Months Ended October 31, 2024 to Nine Months Ended October 31, 2025","min(5097_proceeds_from_maturities_of_securities_prior_ytd, 5096_proceeds_from_maturities_of_securities_current_ytd)","{""op"": ""min"", ""left"": {""leaf"": ""5097_proceeds_from_maturities_of_securities_prior_ytd"", ""depth"": 0}, ""right"": {""leaf"": ""5096_proceeds_from_maturities_of_securities_current_ytd"", ""depth"": 0}, ""depth"": 1}","{""kind"": ""time_agg"", ""op"": ""min"", ""depth"": 0}",142.0,2,0,1,944602103,861907919,42,0.423,0,1,2,5097_proceeds_from_maturities_of_securities_prior_ytd,proceeds_from_maturities_of_securities,proceeds from maturities of securities,CRZ,"Nine Months Ended October 31, 2024",M_USD,145.0,5096_proceeds_from_maturities_of_securities_current_ytd,proceeds_from_maturities_of_securities,proceeds from maturities of securities,CRZ,"Nine Months Ended October 31, 2025",M_USD,142.0,,,,,,,,,,,,,,,,,,,,,,,,,,,,,,,,,,,,,,,,,,,,,,,,,,,,,,,,,,,,,,,,,,,,,,,,,,,,,,,,,,,,
659,1,"What is the value of the gross profit for BNK in Three Months Ended October 31, 2024 ?",gross_profit,"{""derived"": ""gross_profit"", ""expanded"": {""op"": ""diff"", ""left"": {""leaf"": ""4647_total_revenues_prior_year_quarter"", ""depth"": 0}, ""right"": {""leaf"": ""4651_cost_of_sales_prior_year_quarter"", ""depth"": 0}, ""depth"": 1}, ""depth"": 1}","{""kind"": ""derived_concept"", ""name"": ""gross_profit"", ""depth"": 0}",7758.0,3,0,1,733507783,90141045,42,0.185,0,1,2,4647_total_revenues_prior_year_quarter,total_revenues,total revenues,BNK,"Three Months Ended October 31, 2024",M_USD,12033.0,4651_cost_of_sales_prior_year_quarter,cost_of_sales,cost of sales,BNK,"Three Months Ended October 31, 2024",M_USD,4275.0,,,,,,,,,,,,,,,,,,,,,,,,,,,,,,,,,,,,,,,,,,,,,,,,,,,,,,,,,,,,,,,,,,,,,,,,,,,,,,,,,,,,
660,1,"may you give the minimum of current portion of long term debt for PRF from December 31, 2024 to April 30, 2025?","min(2220_current_portion_of_long_term_debt_current_quarter_end, 2221_current_portion_of_long_term_debt_prior_fy_end)","{""op"": ""min"", ""left"": {""leaf"": ""2220_current_portion_of_long_term_debt_current_quarter_end"", ""depth"": 0}, ""right"": {""leaf"": ""2221_current_portion_of_long_term_debt_prior_fy_end"", ""depth"": 0}, ""depth"": 1}","{""kind"": ""time_agg"", ""op"": ""min"", ""depth"": 0}",63.0,5,0,1,871418365,377411999,42,0.174,0,1,2,2220_current_portion_of_long_term_debt_current_quarter_end,current_portion_of_long_term_debt,current portion of long term debt,PRF,"April 30, 2025",M_USD,66.0,2221_current_portion_of_long_term_debt_prior_fy_end,current_portion_of_long_term_debt,current portion of long term debt,PRF,"December 31, 2024",M_USD,63.0,,,,,,,,,,,,,,,,,,,,,,,,,,,,,,,,,,,,,,,,,,,,,,,,,,,,,,,,,,,,,,,,,,,,,,,,,,,,,,,,,,,,
663,1,"what's the value of the maximum of opening cash and equivalents for CIV from Nine Months Ended October 31, 2024 to Nine Months Ended October 31, 2025","max(2931_opening_cash_and_equivalents_prior_ytd, 2930_opening_cash_and_equivalents_current_ytd)","{""op"": ""max"", ""left"": {""leaf"": ""2931_opening_cash_and_equivalents_prior_ytd"", ""depth"": 0}, ""right"": {""leaf"": ""2930_opening_cash_and_equivalents_current_ytd"", ""depth"": 0}, ""depth"": 1}","{""kind"": ""time_agg"", ""op"": ""max"", ""depth"": 0}",230.0,3,0,1,583468825,201574581,42,0.39,0,1,2,2931_opening_cash_and_equivalents_prior_ytd,opening_cash_and_equivalents,opening cash and equivalents,CIV,"Nine Months Ended October 31, 2024",M_USD,219.0,2930_opening_cash_and_equivalents_current_ytd,opening_cash_and_equivalents,opening cash and equivalents,CIV,"Nine Months Ended October 31, 2025",M_USD,230.0,,,,,,,,,,,,,,,,,,,,,,,,,,,,,,,,,,,,,,,,,,,,,,,,,,,,,,,,,,,,,,,,,,,,,,,,,,,,,,,,,,,,
665,1,"may you give the minimum of provision for income taxes for PRF from Three Months Ended April 30, 2024 to Three Months Ended April 30, 2025?","min(2183_provision_for_income_taxes_prior_year_quarter, 2182_provision_for_income_taxes_current_quarter)","{""op"": ""min"", ""left"": {""leaf"": ""2183_provision_for_income_taxes_prior_year_quarter"", ""depth"": 0}, ""right"": {""leaf"": ""2182_provision_for_income_taxes_current_quarter"", ""depth"": 0}, ""depth"": 1}","{""kind"": ""time_agg"", ""op"": ""min"", ""depth"": 0}",22.0,5,0,1,204261210,324793400,42,0.26,0,1,2,2183_provision_for_income_taxes_prior_year_quarter,provision_for_income_taxes,provision for income taxes,PRF,"Three Months Ended April 30, 2024",M_USD,22.0,2182_provision_for_income_taxes_current_quarter,provision_for_income_taxes,provision for income taxes,PRF,"Three Months Ended April 30, 2025",M_USD,23.0,,,,,,,,,,,,,,,,,,,,,,,,,,,,,,,,,,,,,,,,,,,,,,,,,,,,,,,,,,,,,,,,,,,,,,,,,,,,,,,,,,,,
666,1,"Provide the maximum of other non current liabilities for TRU from December 31, 2024 to July 31, 2025","max(885_other_non_current_liabilities_prior_fy_end, 884_other_non_current_liabilities_current_quarter_end)","{""op"": ""max"", ""left"": {""leaf"": ""885_other_non_current_liabilities_prior_fy_end"", ""depth"": 0}, ""right"": {""leaf"": ""884_other_non_current_liabilities_current_quarter_end"", ""depth"": 0}, ""depth"": 1}","{""kind"": ""time_agg"", ""op"": ""max"", ""depth"": 0}",737.0,3,0,1,957652677,595649580,42,0.493,0,1,2,885_other_non_current_liabilities_prior_fy_end,other_non_current_liabilities,other non current liabilities,TRU,"December 31, 2024",M_USD,666.0,884_other_non_current_liabilities_current_quarter_end,other_non_current_liabilities,other non current liabilities,TRU,"July 31, 2025",M_USD,737.0,,,,,,,,,,,,,,,,,,,,,,,,,,,,,,,,,,,,,,,,,,,,,,,,,,,,,,,,,,,,,,,,,,,,,,,,,,,,,,,,,,,,
668,1,"Which value corresponds to the minimum of stock based compensation for IND from Three Months Ended April 30, 2024 to Three Months Ended April 30, 2025","min(1169_stock_based_compensation_prior_ytd, 1168_stock_based_compensation_current_ytd)","{""op"": ""min"", ""left"": {""leaf"": ""1169_stock_based_compensation_prior_ytd"", ""depth"": 0}, ""right"": {""leaf"": ""1168_stock_based_compensation_current_ytd"", ""depth"": 0}, ""depth"": 1}","{""kind"": ""time_agg"", ""op"": ""min"", ""depth"": 0}",522.0,5,0,1,447050572,33637428,42,0.547,0,1,2,1169_stock_based_compensation_prior_ytd,stock_based_compensation,stock based compensation,IND,"Three Months Ended April 30, 2024",M_USD,581.0,1168_stock_based_compensation_current_ytd,stock_based_compensation,stock based compensation,IND,"Three Months Ended April 30, 2025",M_USD,522.0,,,,,,,,,,,,,,,,,,,,,,,,,,,,,,,,,,,,,,,,,,,,,,,,,,,,,,,,,,,,,,,,,,,,,,,,,,,,,,,,,,,,
669,1,"What does the following give: maximum of total costs and expenses for GLP from Nine Months Ended October 31, 2024 to Nine Months Ended October 31, 2025","max(6911_total_costs_and_expenses_prior_year_ytd, 6910_total_costs_and_expenses_current_ytd)","{""op"": ""max"", ""left"": {""leaf"": ""6911_total_costs_and_expenses_prior_year_ytd"", ""depth"": 0}, ""right"": {""leaf"": ""6910_total_costs_and_expenses_current_ytd"", ""depth"": 0}, ""depth"": 1}","{""kind"": ""time_agg"", ""op"": ""max"", ""depth"": 0}",262515.0,3,0,1,575694727,408569721,42,0.353,0,1,2,6911_total_costs_and_expenses_prior_year_ytd,total_costs_and_expenses,total costs and expenses,GLP,"Nine Months Ended October 31, 2024",M_USD,262515.0,6910_total_costs_and_expenses_current_ytd,total_costs_and_expenses,total costs and expenses,GLP,"Nine Months Ended October 31, 2025",M_USD,236916.0,,,,,,,,,,,,,,,,,,,,,,,,,,,,,,,,,,,,,,,,,,,,,,,,,,,,,,,,,,,,,,,,,,,,,,,,,,,,,,,,,,,,
670,1,"What's the value of the operating income for CIV in Three Months Ended October 31, 2025 ?",operating_income,"{""derived"": ""operating_income"", ""expanded"": {""op"": ""diff"", ""left"": {""leaf"": ""2798_total_revenues_current_quarter"", ""depth"": 0}, ""right"": {""leaf"": ""2818_total_costs_and_expenses_current_quarter"", ""depth"": 0}, ""depth"": 1}, ""depth"": 1}","{""kind"": ""derived_concept"", ""name"": ""operating_income"", ""depth"": 0}",309.0,4,0,1,641867677,575416215,42,0.495,0,1,2,2798_total_revenues_current_quarter,total_revenues,total revenues,CIV,"Three Months Ended October 31, 2025",M_USD,3484.0,2818_total_costs_and_expenses_current_quarter,total_costs_and_expenses,total costs and expenses,CIV,"Three Months Ended October 31, 2025",M_USD,3175.0,,,,,,,,,,,,,,,,,,,,,,,,,,,,,,,,,,,,,,,,,,,,,,,,,,,,,,,,,,,,,,,,,,,,,,,,,,,,,,,,,,,,
671,1,"Could you give the maximum of gross profit for MTX from Three Months Ended October 31, 2024 to Three Months Ended October 31, 2025","max(5323_gross_profit_prior_year_quarter, 5322_gross_profit_current_quarter)","{""op"": ""max"", ""left"": {""leaf"": ""5323_gross_profit_prior_year_quarter"", ""depth"": 0}, ""right"": {""leaf"": ""5322_gross_profit_current_quarter"", ""depth"": 0}, ""depth"": 1}","{""kind"": ""time_agg"", ""op"": ""max"", ""depth"": 0}",6839.0,3,0,1,734956531,273498606,42,0.272,0,1,2,5323_gross_profit_prior_year_quarter,gross_profit,gross profit,MTX,"Three Months Ended October 31, 2024",M_USD,6839.0,5322_gross_profit_current_quarter,gross_profit,gross profit,MTX,"Three Months Ended October 31, 2025",M_USD,6750.0,,,,,,,,,,,,,,,,,,,,,,,,,,,,,,,,,,,,,,,,,,,,,,,,,,,,,,,,,,,,,,,,,,,,,,,,,,,,,,,,,,,,
674,1,"What do we obtain as the minimum of short term investments for GBL from December 31, 2024 to April 30, 2025 ?","min(6790_short_term_investments_current_quarter_end, 6791_short_term_investments_prior_fy_end)","{""op"": ""min"", ""left"": {""leaf"": ""6790_short_term_investments_current_quarter_end"", ""depth"": 0}, ""right"": {""leaf"": ""6791_short_term_investments_prior_fy_end"", ""depth"": 0}, ""depth"": 1}","{""kind"": ""time_agg"", ""op"": ""min"", ""depth"": 0}",609.0,5,0,1,905573160,738611660,42,0.193,0,1,2,6790_short_term_investments_current_quarter_end,short_term_investments,short term investments,GBL,"April 30, 2025",M_USD,705.0,6791_short_term_investments_prior_fy_end,short_term_investments,short term investments,GBL,"December 31, 2024",M_USD,609.0,,,,,,,,,,,,,,,,,,,,,,,,,,,,,,,,,,,,,,,,,,,,,,,,,,,,,,,,,,,,,,,,,,,,,,,,,,,,,,,,,,,,
675,1,"State the maximum of provision for income taxes for TRU from Three Months Ended July 31, 2024 to Three Months Ended July 31, 2025 .","max(833_provision_for_income_taxes_prior_year_quarter, 832_provision_for_income_taxes_current_quarter)","{""op"": ""max"", ""left"": {""leaf"": ""833_provision_for_income_taxes_prior_year_quarter"", ""depth"": 0}, ""right"": {""leaf"": ""832_provision_for_income_taxes_current_quarter"", ""depth"": 0}, ""depth"": 1}","{""kind"": ""time_agg"", ""op"": ""max"", ""depth"": 0}",704.0,2,0,1,469063828,131944685,42,0.14,0,1,2,833_provision_for_income_taxes_prior_year_quarter,provision_for_income_taxes,provision for income taxes,TRU,"Three Months Ended July 31, 2024",M_USD,615.0,832_provision_for_income_taxes_current_quarter,provision_for_income_taxes,provision for income taxes,TRU,"Three Months Ended July 31, 2025",M_USD,704.0,,,,,,,,,,,,,,,,,,,,,,,,,,,,,,,,,,,,,,,,,,,,,,,,,,,,,,,,,,,,,,,,,,,,,,,,,,,,,,,,,,,,
677,1,"What's the value of the maximum of accounts receivable net for CAP from December 31, 2024 to October 31, 2025?","max(5699_accounts_receivable_net_prior_fy_end, 5698_accounts_receivable_net_current_quarter_end)","{""op"": ""max"", ""left"": {""leaf"": ""5699_accounts_receivable_net_prior_fy_end"", ""depth"": 0}, ""right"": {""leaf"": ""5698_accounts_receivable_net_current_quarter_end"", ""depth"": 0}, ""depth"": 1}","{""kind"": ""time_agg"", ""op"": ""max"", ""depth"": 0}",4081.0,3,0,1,927864569,554681046,42,0.441,0,1,2,5699_accounts_receivable_net_prior_fy_end,accounts_receivable_net,accounts receivable net,CAP,"December 31, 2024",M_USD,4081.0,5698_accounts_receivable_net_current_quarter_end,accounts_receivable_net,accounts receivable net,CAP,"October 31, 2025",M_USD,4074.0,,,,,,,,,,,,,,,,,,,,,,,,,,,,,,,,,,,,,,,,,,,,,,,,,,,,,,,,,,,,,,,,,,,,,,,,,,,,,,,,,,,,
678,1,"you should calculate the maximum of accounts payable for MDI from December 31, 2024 to October 31, 2025","max(5547_accounts_payable_prior_fy_end, 5546_accounts_payable_current_quarter_end)","{""op"": ""max"", ""left"": {""leaf"": ""5547_accounts_payable_prior_fy_end"", ""depth"": 0}, ""right"": {""leaf"": ""5546_accounts_payable_current_quarter_end"", ""depth"": 0}, ""depth"": 1}","{""kind"": ""time_agg"", ""op"": ""max"", ""depth"": 0}",5468.0,5,0,1,75990559,422086409,42,0.361,0,1,2,5547_accounts_payable_prior_fy_end,accounts_payable,accounts payable,MDI,"December 31, 2024",M_USD,5468.0,5546_accounts_payable_current_quarter_end,accounts_payable,accounts payable,MDI,"October 31, 2025",M_USD,5381.0,,,,,,,,,,,,,,,,,,,,,,,,,,,,,,,,,,,,,,,,,,,,,,,,,,,,,,,,,,,,,,,,,,,,,,,,,,,,,,,,,,,,
679,1,"May you give the operating income for PRD in Three Months Ended October 31, 2024 ?",operating_income,"{""derived"": ""operating_income"", ""expanded"": {""op"": ""diff"", ""left"": {""leaf"": ""1843_total_revenues_prior_year_quarter"", ""depth"": 0}, ""right"": {""leaf"": ""1863_total_costs_and_expenses_prior_year_quarter"", ""depth"": 0}, ""depth"": 1}, ""depth"": 1}","{""kind"": ""derived_concept"", ""name"": ""operating_income"", ""depth"": 0}",3610.0,5,0,1,316128956,575545706,42,0.328,0,1,2,1843_total_revenues_prior_year_quarter,total_revenues,total revenues,PRD,"Three Months Ended October 31, 2024",M_USD,19083.0,1863_total_costs_and_expenses_prior_year_quarter,total_costs_and_expenses,total costs and expenses,PRD,"Three Months Ended October 31, 2024",M_USD,15473.0,,,,,,,,,,,,,,,,,,,,,,,,,,,,,,,,,,,,,,,,,,,,,,,,,,,,,,,,,,,,,,,,,,,,,,,,,,,,,,,,,,,,
680,1,"Which result follows from the maximum of accounts payable for JTX from December 31, 2024 to April 30, 2025","max(4000_accounts_payable_current_quarter_end, 4001_accounts_payable_prior_fy_end)","{""op"": ""max"", ""left"": {""leaf"": ""4000_accounts_payable_current_quarter_end"", ""depth"": 0}, ""right"": {""leaf"": ""4001_accounts_payable_prior_fy_end"", ""depth"": 0}, ""depth"": 1}","{""kind"": ""time_agg"", ""op"": ""max"", ""depth"": 0}",3142.0,5,0,1,203391452,870137548,42,0.244,0,1,2,4000_accounts_payable_current_quarter_end,accounts_payable,accounts payable,JTX,"April 30, 2025",M_USD,3142.0,4001_accounts_payable_prior_fy_end,accounts_payable,accounts payable,JTX,"December 31, 2024",M_USD,3131.0,,,,,,,,,,,,,,,,,,,,,,,,,,,,,,,,,,,,,,,,,,,,,,,,,,,,,,,,,,,,,,,,,,,,,,,,,,,,,,,,,,,,
681,1,"may you calculate the maximum of proceeds from maturities of securities for PLZ from Six Months Ended July 31, 2024 to Six Months Ended July 31, 2025 ?","max(2129_proceeds_from_maturities_of_securities_prior_ytd, 2128_proceeds_from_maturities_of_securities_current_ytd)","{""op"": ""max"", ""left"": {""leaf"": ""2129_proceeds_from_maturities_of_securities_prior_ytd"", ""depth"": 0}, ""right"": {""leaf"": ""2128_proceeds_from_maturities_of_securities_current_ytd"", ""depth"": 0}, ""depth"": 1}","{""kind"": ""time_agg"", ""op"": ""max"", ""depth"": 0}",706.0,3,0,1,378806978,109953900,42,0.333,0,1,2,2129_proceeds_from_maturities_of_securities_prior_ytd,proceeds_from_maturities_of_securities,proceeds from maturities of securities,PLZ,"Six Months Ended July 31, 2024",M_USD,706.0,2128_proceeds_from_maturities_of_securities_current_ytd,proceeds_from_maturities_of_securities,proceeds from maturities of securities,PLZ,"Six Months Ended July 31, 2025",M_USD,657.0,,,,,,,,,,,,,,,,,,,,,,,,,,,,,,,,,,,,,,,,,,,,,,,,,,,,,,,,,,,,,,,,,,,,,,,,,,,,,,,,,,,,
683,1,"You should calculate the minimum of total non current liabilities for WHL from December 31, 2024 to July 31, 2025.","min(7385_total_non_current_liabilities_prior_fy_end, 7384_total_non_current_liabilities_current_quarter_end)","{""op"": ""min"", ""left"": {""leaf"": ""7385_total_non_current_liabilities_prior_fy_end"", ""depth"": 0}, ""right"": {""leaf"": ""7384_total_non_current_liabilities_current_quarter_end"", ""depth"": 0}, ""depth"": 1}","{""kind"": ""time_agg"", ""op"": ""min"", ""depth"": 0}",2843.0,1,0,1,509988763,897470459,42,0.552,0,1,2,7385_total_non_current_liabilities_prior_fy_end,total_non_current_liabilities,total non current liabilities,WHL,"December 31, 2024",M_USD,2843.0,7384_total_non_current_liabilities_current_quarter_end,total_non_current_liabilities,total non current liabilities,WHL,"July 31, 2025",M_USD,2996.0,,,,,,,,,,,,,,,,,,,,,,,,,,,,,,,,,,,,,,,,,,,,,,,,,,,,,,,,,,,,,,,,,,,,,,,,,,,,,,,,,,,,
685,1,"You should give the minimum of total current liabilities for GBL from December 31, 2024 to April 30, 2025.","min(6820_total_current_liabilities_current_quarter_end, 6821_total_current_liabilities_prior_fy_end)","{""op"": ""min"", ""left"": {""leaf"": ""6820_total_current_liabilities_current_quarter_end"", ""depth"": 0}, ""right"": {""leaf"": ""6821_total_current_liabilities_prior_fy_end"", ""depth"": 0}, ""depth"": 1}","{""kind"": ""time_agg"", ""op"": ""min"", ""depth"": 0}",19275.0,5,0,1,993946189,630549596,42,0.182,0,1,2,6820_total_current_liabilities_current_quarter_end,total_current_liabilities,total current liabilities,GBL,"April 30, 2025",M_USD,22326.0,6821_total_current_liabilities_prior_fy_end,total_current_liabilities,total current liabilities,GBL,"December 31, 2024",M_USD,19275.0,,,,,,,,,,,,,,,,,,,,,,,,,,,,,,,,,,,,,,,,,,,,,,,,,,,,,,,,,,,,,,,,,,,,,,,,,,,,,,,,,,,,
686,1,"determine the minimum of net cash from operating for ZNX from Six Months Ended July 31, 2024 to Six Months Ended July 31, 2025.","min(6331_net_cash_from_operating_prior_ytd, 6330_net_cash_from_operating_current_ytd)","{""op"": ""min"", ""left"": {""leaf"": ""6331_net_cash_from_operating_prior_ytd"", ""depth"": 0}, ""right"": {""leaf"": ""6330_net_cash_from_operating_current_ytd"", ""depth"": 0}, ""depth"": 1}","{""kind"": ""time_agg"", ""op"": ""min"", ""depth"": 0}",11807.0,5,0,1,569658097,767537711,42,0.258,0,1,2,6331_net_cash_from_operating_prior_ytd,net_cash_from_operating,net cash from operating,ZNX,"Six Months Ended July 31, 2024",M_USD,12469.0,6330_net_cash_from_operating_current_ytd,net_cash_from_operating,net cash from operating,ZNX,"Six Months Ended July 31, 2025",M_USD,11807.0,,,,,,,,,,,,,,,,,,,,,,,,,,,,,,,,,,,,,,,,,,,,,,,,,,,,,,,,,,,,,,,,,,,,,,,,,,,,,,,,,,,,
688,1,"You should give the minimum of proceeds from maturities of securities for TRU from Six Months Ended July 31, 2024 to Six Months Ended July 31, 2025 .","min(927_proceeds_from_maturities_of_securities_prior_ytd, 926_proceeds_from_maturities_of_securities_current_ytd)","{""op"": ""min"", ""left"": {""leaf"": ""927_proceeds_from_maturities_of_securities_prior_ytd"", ""depth"": 0}, ""right"": {""leaf"": ""926_proceeds_from_maturities_of_securities_current_ytd"", ""depth"": 0}, ""depth"": 1}","{""kind"": ""time_agg"", ""op"": ""min"", ""depth"": 0}",520.0,3,0,1,607953667,147151659,42,0.343,0,1,2,927_proceeds_from_maturities_of_securities_prior_ytd,proceeds_from_maturities_of_securities,proceeds from maturities of securities,TRU,"Six Months Ended July 31, 2024",M_USD,520.0,926_proceeds_from_maturities_of_securities_current_ytd,proceeds_from_maturities_of_securities,proceeds from maturities of securities,TRU,"Six Months Ended July 31, 2025",M_USD,595.0,,,,,,,,,,,,,,,,,,,,,,,,,,,,,,,,,,,,,,,,,,,,,,,,,,,,,,,,,,,,,,,,,,,,,,,,,,,,,,,,,,,,
689,1,"compute the minimum of total assets for ZNX from December 31, 2024 to July 31, 2025 .","min(6307_total_assets_prior_fy_end, 6306_total_assets_current_quarter_end)","{""op"": ""min"", ""left"": {""leaf"": ""6307_total_assets_prior_fy_end"", ""depth"": 0}, ""right"": {""leaf"": ""6306_total_assets_current_quarter_end"", ""depth"": 0}, ""depth"": 1}","{""kind"": ""time_agg"", ""op"": ""min"", ""depth"": 0}",24138.0,2,0,1,694486506,389799997,42,0.123,0,1,2,6307_total_assets_prior_fy_end,total_assets,total assets,ZNX,"December 31, 2024",M_USD,24138.0,6306_total_assets_current_quarter_end,total_assets,total assets,ZNX,"July 31, 2025",M_USD,27692.0,,,,,,,,,,,,,,,,,,,,,,,,,,,,,,,,,,,,,,,,,,,,,,,,,,,,,,,,,,,,,,,,,,,,,,,,,,,,,,,,,,,,
691,1,"What's the value of the minimum of deferred revenue current for CIV from December 31, 2024 to October 31, 2025","min(2873_deferred_revenue_current_prior_fy_end, 2872_deferred_revenue_current_current_quarter_end)","{""op"": ""min"", ""left"": {""leaf"": ""2873_deferred_revenue_current_prior_fy_end"", ""depth"": 0}, ""right"": {""leaf"": ""2872_deferred_revenue_current_current_quarter_end"", ""depth"": 0}, ""depth"": 1}","{""kind"": ""time_agg"", ""op"": ""min"", ""depth"": 0}",88.0,3,0,1,636526001,140243020,42,0.388,0,1,2,2873_deferred_revenue_current_prior_fy_end,deferred_revenue_current,deferred revenue current,CIV,"December 31, 2024",M_USD,88.0,2872_deferred_revenue_current_current_quarter_end,deferred_revenue_current,deferred revenue current,CIV,"October 31, 2025",M_USD,94.0,,,,,,,,,,,,,,,,,,,,,,,,,,,,,,,,,,,,,,,,,,,,,,,,,,,,,,,,,,,,,,,,,,,,,,,,,,,,,,,,,,,,
692,1,"Whats the value of the maximum of total costs and expenses for CRX from Three Months Ended January 31, 2025 to Three Months Ended January 31, 2026 ?","max(4525_total_costs_and_expenses_prior_year_quarter, 4524_total_costs_and_expenses_current_quarter)","{""op"": ""max"", ""left"": {""leaf"": ""4525_total_costs_and_expenses_prior_year_quarter"", ""depth"": 0}, ""right"": {""leaf"": ""4524_total_costs_and_expenses_current_quarter"", ""depth"": 0}, ""depth"": 1}","{""kind"": ""time_agg"", ""op"": ""max"", ""depth"": 0}",19920.0,3,0,1,519450014,239693134,42,0.471,0,1,2,4525_total_costs_and_expenses_prior_year_quarter,total_costs_and_expenses,total costs and expenses,CRX,"Three Months Ended January 31, 2025",M_USD,19920.0,4524_total_costs_and_expenses_current_quarter,total_costs_and_expenses,total costs and expenses,CRX,"Three Months Ended January 31, 2026",M_USD,19253.0,,,,,,,,,,,,,,,,,,,,,,,,,,,,,,,,,,,,,,,,,,,,,,,,,,,,,,,,,,,,,,,,,,,,,,,,,,,,,,,,,,,,
694,1,"what is the maximum of long term debt for AVX from December 31, 2024 to October 31, 2025","max(1471_long_term_debt_prior_fy_end, 1470_long_term_debt_current_quarter_end)","{""op"": ""max"", ""left"": {""leaf"": ""1471_long_term_debt_prior_fy_end"", ""depth"": 0}, ""right"": {""leaf"": ""1470_long_term_debt_current_quarter_end"", ""depth"": 0}, ""depth"": 1}","{""kind"": ""time_agg"", ""op"": ""max"", ""depth"": 0}",520.0,4,0,1,981669069,77322247,42,0.192,0,1,2,1471_long_term_debt_prior_fy_end,long_term_debt,long term debt,AVX,"December 31, 2024",M_USD,520.0,1470_long_term_debt_current_quarter_end,long_term_debt,long term debt,AVX,"October 31, 2025",M_USD,510.0,,,,,,,,,,,,,,,,,,,,,,,,,,,,,,,,,,,,,,,,,,,,,,,,,,,,,,,,,,,,,,,,,,,,,,,,,,,,,,,,,,,,
695,1,"State the minimum of proceeds from maturities of securities for VRX from Six Months Ended July 31, 2024 to Six Months Ended July 31, 2025.","min(3085_proceeds_from_maturities_of_securities_prior_ytd, 3084_proceeds_from_maturities_of_securities_current_ytd)","{""op"": ""min"", ""left"": {""leaf"": ""3085_proceeds_from_maturities_of_securities_prior_ytd"", ""depth"": 0}, ""right"": {""leaf"": ""3084_proceeds_from_maturities_of_securities_current_ytd"", ""depth"": 0}, ""depth"": 1}","{""kind"": ""time_agg"", ""op"": ""min"", ""depth"": 0}",363.0,3,0,1,834903747,158684514,42,0.173,0,1,2,3085_proceeds_from_maturities_of_securities_prior_ytd,proceeds_from_maturities_of_securities,proceeds from maturities of securities,VRX,"Six Months Ended July 31, 2024",M_USD,363.0,3084_proceeds_from_maturities_of_securities_current_ytd,proceeds_from_maturities_of_securities,proceeds from maturities of securities,VRX,"Six Months Ended July 31, 2025",M_USD,403.0,,,,,,,,,,,,,,,,,,,,,,,,,,,,,,,,,,,,,,,,,,,,,,,,,,,,,,,,,,,,,,,,,,,,,,,,,,,,,,,,,,,,
696,1,"evaluate the gross profit for INF in Three Months Ended July 31, 2024.",gross_profit,"{""derived"": ""gross_profit"", ""expanded"": {""op"": ""diff"", ""left"": {""leaf"": ""3619_total_revenues_prior_year_quarter"", ""depth"": 0}, ""right"": {""leaf"": ""3623_cost_of_sales_prior_year_quarter"", ""depth"": 0}, ""depth"": 1}, ""depth"": 1}","{""kind"": ""derived_concept"", ""name"": ""gross_profit"", ""depth"": 0}",7488.0,5,0,1,574162160,803764990,42,0.443,0,1,2,3619_total_revenues_prior_year_quarter,total_revenues,total revenues,INF,"Three Months Ended July 31, 2024",M_USD,14473.0,3623_cost_of_sales_prior_year_quarter,cost_of_sales,cost of sales,INF,"Three Months Ended July 31, 2024",M_USD,6985.0,,,,,,,,,,,,,,,,,,,,,,,,,,,,,,,,,,,,,,,,,,,,,,,,,,,,,,,,,,,,,,,,,,,,,,,,,,,,,,,,,,,,
697,1,"You should calculate the minimum of provision for income taxes for CIV from Three Months Ended October 31, 2024 to Three Months Ended October 31, 2025.","min(2831_provision_for_income_taxes_prior_year_quarter, 2830_provision_for_income_taxes_current_quarter)","{""op"": ""min"", ""left"": {""leaf"": ""2831_provision_for_income_taxes_prior_year_quarter"", ""depth"": 0}, ""right"": {""leaf"": ""2830_provision_for_income_taxes_current_quarter"", ""depth"": 0}, ""depth"": 1}","{""kind"": ""time_agg"", ""op"": ""min"", ""depth"": 0}",71.0,4,0,1,546308325,442058512,42,0.304,0,1,2,2831_provision_for_income_taxes_prior_year_quarter,provision_for_income_taxes,provision for income taxes,CIV,"Three Months Ended October 31, 2024",M_USD,71.0,2830_provision_for_income_taxes_current_quarter,provision_for_income_taxes,provision for income taxes,CIV,"Three Months Ended October 31, 2025",M_USD,75.0,,,,,,,,,,,,,,,,,,,,,,,,,,,,,,,,,,,,,,,,,,,,,,,,,,,,,,,,,,,,,,,,,,,,,,,,,,,,,,,,,,,,
701,1,"which result follows from the maximum of net cash from operating for MDI from Nine Months Ended October 31, 2024 to Nine Months Ended October 31, 2025","max(5569_net_cash_from_operating_prior_ytd, 5568_net_cash_from_operating_current_ytd)","{""op"": ""max"", ""left"": {""leaf"": ""5569_net_cash_from_operating_prior_ytd"", ""depth"": 0}, ""right"": {""leaf"": ""5568_net_cash_from_operating_current_ytd"", ""depth"": 0}, ""depth"": 1}","{""kind"": ""time_agg"", ""op"": ""max"", ""depth"": 0}",9076.0,1,0,1,942546338,652740886,42,0.522,0,1,2,5569_net_cash_from_operating_prior_ytd,net_cash_from_operating,net cash from operating,MDI,"Nine Months Ended October 31, 2024",M_USD,7942.0,5568_net_cash_from_operating_current_ytd,net_cash_from_operating,net cash from operating,MDI,"Nine Months Ended October 31, 2025",M_USD,9076.0,,,,,,,,,,,,,,,,,,,,,,,,,,,,,,,,,,,,,,,,,,,,,,,,,,,,,,,,,,,,,,,,,,,,,,,,,,,,,,,,,,,,
703,1,"whats the value of the minimum of accrued expenses and other for CLR from December 31, 2024 to October 31, 2025","min(209_accrued_expenses_and_other_prior_fy_end, 208_accrued_expenses_and_other_current_quarter_end)","{""op"": ""min"", ""left"": {""leaf"": ""209_accrued_expenses_and_other_prior_fy_end"", ""depth"": 0}, ""right"": {""leaf"": ""208_accrued_expenses_and_other_current_quarter_end"", ""depth"": 0}, ""depth"": 1}","{""kind"": ""time_agg"", ""op"": ""min"", ""depth"": 0}",486.0,5,0,1,505018168,24410186,42,0.402,0,1,2,209_accrued_expenses_and_other_prior_fy_end,accrued_expenses_and_other,accrued expenses and other,CLR,"December 31, 2024",M_USD,486.0,208_accrued_expenses_and_other_current_quarter_end,accrued_expenses_and_other,accrued expenses and other,CLR,"October 31, 2025",M_USD,507.0,,,,,,,,,,,,,,,,,,,,,,,,,,,,,,,,,,,,,,,,,,,,,,,,,,,,,,,,,,,,,,,,,,,,,,,,,,,,,,,,,,,,
705,1,"Whats the value of the minimum of shares used diluted for CNS from Three Months Ended April 30, 2024 to Three Months Ended April 30, 2025 ?","min(6053_shares_used_diluted_prior_year_quarter, 6052_shares_used_diluted_current_quarter)","{""op"": ""min"", ""left"": {""leaf"": ""6053_shares_used_diluted_prior_year_quarter"", ""depth"": 0}, ""right"": {""leaf"": ""6052_shares_used_diluted_current_quarter"", ""depth"": 0}, ""depth"": 1}","{""kind"": ""time_agg"", ""op"": ""min"", ""depth"": 0}",1755000.0,3,0,1,35673176,775584178,42,0.373,0,1,2,6053_shares_used_diluted_prior_year_quarter,shares_used_diluted,shares used diluted,CNS,"Three Months Ended April 30, 2024",M_shares,1775277.0,6052_shares_used_diluted_current_quarter,shares_used_diluted,shares used diluted,CNS,"Three Months Ended April 30, 2025",M_shares,1755000.0,,,,,,,,,,,,,,,,,,,,,,,,,,,,,,,,,,,,,,,,,,,,,,,,,,,,,,,,,,,,,,,,,,,,,,,,,,,,,,,,,,,,
707,1,"which result follows from the gross profit for INF in Three Months Ended July 31, 2025",gross_profit,"{""derived"": ""gross_profit"", ""expanded"": {""op"": ""diff"", ""left"": {""leaf"": ""3618_total_revenues_current_quarter"", ""depth"": 0}, ""right"": {""leaf"": ""3622_cost_of_sales_current_quarter"", ""depth"": 0}, ""depth"": 1}, ""depth"": 1}","{""kind"": ""derived_concept"", ""name"": ""gross_profit"", ""depth"": 0}",8114.0,4,0,1,704650556,666472032,42,0.486,0,1,2,3618_total_revenues_current_quarter,total_revenues,total revenues,INF,"Three Months Ended July 31, 2025",M_USD,15684.0,3622_cost_of_sales_current_quarter,cost_of_sales,cost of sales,INF,"Three Months Ended July 31, 2025",M_USD,7570.0,,,,,,,,,,,,,,,,,,,,,,,,,,,,,,,,,,,,,,,,,,,,,,,,,,,,,,,,,,,,,,,,,,,,,,,,,,,,,,,,,,,,
708,1,"calculate the minimum of total revenues for BLD from Three Months Ended July 31, 2024 to Three Months Ended July 31, 2025.","min(2639_total_revenues_prior_year_quarter, 2638_total_revenues_current_quarter)","{""op"": ""min"", ""left"": {""leaf"": ""2639_total_revenues_prior_year_quarter"", ""depth"": 0}, ""right"": {""leaf"": ""2638_total_revenues_current_quarter"", ""depth"": 0}, ""depth"": 1}","{""kind"": ""time_agg"", ""op"": ""min"", ""depth"": 0}",9700.0,1,0,1,758594907,149113582,42,0.449,0,1,2,2639_total_revenues_prior_year_quarter,total_revenues,total revenues,BLD,"Three Months Ended July 31, 2024",M_USD,10764.0,2638_total_revenues_current_quarter,total_revenues,total revenues,BLD,"Three Months Ended July 31, 2025",M_USD,9700.0,,,,,,,,,,,,,,,,,,,,,,,,,,,,,,,,,,,,,,,,,,,,,,,,,,,,,,,,,,,,,,,,,,,,,,,,,,,,,,,,,,,,
711,1,"Whats the value of the maximum of current portion of long term debt for CRX from September 30, 2025 to January 31, 2026 ?","max(4568_current_portion_of_long_term_debt_current_quarter_end, 4569_current_portion_of_long_term_debt_prior_fy_end)","{""op"": ""max"", ""left"": {""leaf"": ""4568_current_portion_of_long_term_debt_current_quarter_end"", ""depth"": 0}, ""right"": {""leaf"": ""4569_current_portion_of_long_term_debt_prior_fy_end"", ""depth"": 0}, ""depth"": 1}","{""kind"": ""time_agg"", ""op"": ""max"", ""depth"": 0}",2140.0,4,0,1,862563768,596671294,42,0.11,0,1,2,4568_current_portion_of_long_term_debt_current_quarter_end,current_portion_of_long_term_debt,current portion of long term debt,CRX,"January 31, 2026",M_USD,2140.0,4569_current_portion_of_long_term_debt_prior_fy_end,current_portion_of_long_term_debt,current portion of long term debt,CRX,"September 30, 2025",M_USD,1832.0,,,,,,,,,,,,,,,,,,,,,,,,,,,,,,,,,,,,,,,,,,,,,,,,,,,,,,,,,,,,,,,,,,,,,,,,,,,,,,,,,,,,
712,1,"Calculate the minimum of operating income for VTL from Three Months Ended April 30, 2024 to Three Months Ended April 30, 2025 .","min(13_operating_income_prior_year_quarter, 12_operating_income_current_quarter)","{""op"": ""min"", ""left"": {""leaf"": ""13_operating_income_prior_year_quarter"", ""depth"": 0}, ""right"": {""leaf"": ""12_operating_income_current_quarter"", ""depth"": 0}, ""depth"": 1}","{""kind"": ""time_agg"", ""op"": ""min"", ""depth"": 0}",502.0,4,0,1,165932977,823701256,42,0.27,0,1,2,13_operating_income_prior_year_quarter,operating_income,operating income,VTL,"Three Months Ended April 30, 2024",M_USD,502.0,12_operating_income_current_quarter,operating_income,operating income,VTL,"Three Months Ended April 30, 2025",M_USD,506.0,,,,,,,,,,,,,,,,,,,,,,,,,,,,,,,,,,,,,,,,,,,,,,,,,,,,,,,,,,,,,,,,,,,,,,,,,,,,,,,,,,,,
715,1,"compute the maximum of shares used diluted for BNK from Nine Months Ended October 31, 2024 to Nine Months Ended October 31, 2025.","max(4783_shares_used_diluted_prior_year_ytd, 4782_shares_used_diluted_current_ytd)","{""op"": ""max"", ""left"": {""leaf"": ""4783_shares_used_diluted_prior_year_ytd"", ""depth"": 0}, ""right"": {""leaf"": ""4782_shares_used_diluted_current_ytd"", ""depth"": 0}, ""depth"": 1}","{""kind"": ""time_agg"", ""op"": ""max"", ""depth"": 0}",6978277.0,4,0,1,71833796,352755848,42,0.54,0,1,2,4783_shares_used_diluted_prior_year_ytd,shares_used_diluted,shares used diluted,BNK,"Nine Months Ended October 31, 2024",M_shares,6442288.0,4782_shares_used_diluted_current_ytd,shares_used_diluted,shares used diluted,BNK,"Nine Months Ended October 31, 2025",M_shares,6978277.0,,,,,,,,,,,,,,,,,,,,,,,,,,,,,,,,,,,,,,,,,,,,,,,,,,,,,,,,,,,,,,,,,,,,,,,,,,,,,,,,,,,,
717,1,"Provide the minimum of stock based compensation for TRU from Six Months Ended July 31, 2024 to Six Months Ended July 31, 2025","min(901_stock_based_compensation_prior_ytd, 900_stock_based_compensation_current_ytd)","{""op"": ""min"", ""left"": {""leaf"": ""901_stock_based_compensation_prior_ytd"", ""depth"": 0}, ""right"": {""leaf"": ""900_stock_based_compensation_current_ytd"", ""depth"": 0}, ""depth"": 1}","{""kind"": ""time_agg"", ""op"": ""min"", ""depth"": 0}",364.0,2,0,1,531671926,792761189,42,0.453,0,1,2,901_stock_based_compensation_prior_ytd,stock_based_compensation,stock based compensation,TRU,"Six Months Ended July 31, 2024",M_USD,364.0,900_stock_based_compensation_current_ytd,stock_based_compensation,stock based compensation,TRU,"Six Months Ended July 31, 2025",M_USD,416.0,,,,,,,,,,,,,,,,,,,,,,,,,,,,,,,,,,,,,,,,,,,,,,,,,,,,,,,,,,,,,,,,,,,,,,,,,,,,,,,,,,,,
721,1,"Which value corresponds to the minimum of total assets for HRZ from December 31, 2024 to April 30, 2025?","min(7216_total_assets_current_quarter_end, 7217_total_assets_prior_fy_end)","{""op"": ""min"", ""left"": {""leaf"": ""7216_total_assets_current_quarter_end"", ""depth"": 0}, ""right"": {""leaf"": ""7217_total_assets_prior_fy_end"", ""depth"": 0}, ""depth"": 1}","{""kind"": ""time_agg"", ""op"": ""min"", ""depth"": 0}",6705.0,1,0,1,535815705,869998460,42,0.366,0,1,2,7216_total_assets_current_quarter_end,total_assets,total assets,HRZ,"April 30, 2025",M_USD,6705.0,7217_total_assets_prior_fy_end,total_assets,total assets,HRZ,"December 31, 2024",M_USD,7020.0,,,,,,,,,,,,,,,,,,,,,,,,,,,,,,,,,,,,,,,,,,,,,,,,,,,,,,,,,,,,,,,,,,,,,,,,,,,,,,,,,,,,
722,1,"State the gross profit for VRX in Three Months Ended July 31, 2025",gross_profit,"{""derived"": ""gross_profit"", ""expanded"": {""op"": ""diff"", ""left"": {""leaf"": ""2958_total_revenues_current_quarter"", ""depth"": 0}, ""right"": {""leaf"": ""2962_cost_of_sales_current_quarter"", ""depth"": 0}, ""depth"": 1}, ""depth"": 1}","{""kind"": ""derived_concept"", ""name"": ""gross_profit"", ""depth"": 0}",12049.0,4,0,1,869896894,161619738,42,0.448,0,1,2,2958_total_revenues_current_quarter,total_revenues,total revenues,VRX,"Three Months Ended July 31, 2025",M_USD,18964.0,2962_cost_of_sales_current_quarter,cost_of_sales,cost of sales,VRX,"Three Months Ended July 31, 2025",M_USD,6915.0,,,,,,,,,,,,,,,,,,,,,,,,,,,,,,,,,,,,,,,,,,,,,,,,,,,,,,,,,,,,,,,,,,,,,,,,,,,,,,,,,,,,
723,1,"Could you give the minimum of selling general and administrative for MTX from Three Months Ended October 31, 2024 to Three Months Ended October 31, 2025","min(5331_selling_general_and_administrative_prior_year_quarter, 5330_selling_general_and_administrative_current_quarter)","{""op"": ""min"", ""left"": {""leaf"": ""5331_selling_general_and_administrative_prior_year_quarter"", ""depth"": 0}, ""right"": {""leaf"": ""5330_selling_general_and_administrative_current_quarter"", ""depth"": 0}, ""depth"": 1}","{""kind"": ""time_agg"", ""op"": ""min"", ""depth"": 0}",2357.0,1,0,1,153430800,796750752,42,0.279,0,1,2,5331_selling_general_and_administrative_prior_year_quarter,selling_general_and_administrative,selling general and administrative,MTX,"Three Months Ended October 31, 2024",M_USD,2388.0,5330_selling_general_and_administrative_current_quarter,selling_general_and_administrative,selling general and administrative,MTX,"Three Months Ended October 31, 2025",M_USD,2357.0,,,,,,,,,,,,,,,,,,,,,,,,,,,,,,,,,,,,,,,,,,,,,,,,,,,,,,,,,,,,,,,,,,,,,,,,,,,,,,,,,,,,
725,1,"what is the value of the maximum of total assets for BRX from December 31, 2024 to July 31, 2025?","max(539_total_assets_prior_fy_end, 538_total_assets_current_quarter_end)","{""op"": ""max"", ""left"": {""leaf"": ""539_total_assets_prior_fy_end"", ""depth"": 0}, ""right"": {""leaf"": ""538_total_assets_current_quarter_end"", ""depth"": 0}, ""depth"": 1}","{""kind"": ""time_agg"", ""op"": ""max"", ""depth"": 0}",91174.0,3,0,1,834524110,370475925,42,0.457,0,1,2,539_total_assets_prior_fy_end,total_assets,total assets,BRX,"December 31, 2024",M_USD,91174.0,538_total_assets_current_quarter_end,total_assets,total assets,BRX,"July 31, 2025",M_USD,90108.0,,,,,,,,,,,,,,,,,,,,,,,,,,,,,,,,,,,,,,,,,,,,,,,,,,,,,,,,,,,,,,,,,,,,,,,,,,,,,,,,,,,,
727,1,"could you give the gross profit for MRT in Three Months Ended April 30, 2025 ?",gross_profit,"{""derived"": ""gross_profit"", ""expanded"": {""op"": ""diff"", ""left"": {""leaf"": ""1556_total_revenues_current_quarter"", ""depth"": 0}, ""right"": {""leaf"": ""1558_cost_of_sales_current_quarter"", ""depth"": 0}, ""depth"": 1}, ""depth"": 1}","{""kind"": ""derived_concept"", ""name"": ""gross_profit"", ""depth"": 0}",23540.0,2,0,1,562865591,852511875,42,0.234,0,1,2,1556_total_revenues_current_quarter,total_revenues,total revenues,MRT,"Three Months Ended April 30, 2025",M_USD,83208.0,1558_cost_of_sales_current_quarter,cost_of_sales,cost of sales,MRT,"Three Months Ended April 30, 2025",M_USD,59668.0,,,,,,,,,,,,,,,,,,,,,,,,,,,,,,,,,,,,,,,,,,,,,,,,,,,,,,,,,,,,,,,,,,,,,,,,,,,,,,,,,,,,
732,1,"calculate the maximum of total current liabilities for SUP from December 31, 2024 to April 30, 2025.","max(1024_total_current_liabilities_current_quarter_end, 1025_total_current_liabilities_prior_fy_end)","{""op"": ""max"", ""left"": {""leaf"": ""1024_total_current_liabilities_current_quarter_end"", ""depth"": 0}, ""right"": {""leaf"": ""1025_total_current_liabilities_prior_fy_end"", ""depth"": 0}, ""depth"": 1}","{""kind"": ""time_agg"", ""op"": ""max"", ""depth"": 0}",7671.0,2,0,1,513105731,246653978,42,0.345,0,1,2,1024_total_current_liabilities_current_quarter_end,total_current_liabilities,total current liabilities,SUP,"April 30, 2025",M_USD,7671.0,1025_total_current_liabilities_prior_fy_end,total_current_liabilities,total current liabilities,SUP,"December 31, 2024",M_USD,6958.0,,,,,,,,,,,,,,,,,,,,,,,,,,,,,,,,,,,,,,,,,,,,,,,,,,,,,,,,,,,,,,,,,,,,,,,,,,,,,,,,,,,,
734,1,"You should give the minimum of other non current liabilities for SKY from December 31, 2024 to April 30, 2025 .","min(5872_other_non_current_liabilities_current_quarter_end, 5873_other_non_current_liabilities_prior_fy_end)","{""op"": ""min"", ""left"": {""leaf"": ""5872_other_non_current_liabilities_current_quarter_end"", ""depth"": 0}, ""right"": {""leaf"": ""5873_other_non_current_liabilities_prior_fy_end"", ""depth"": 0}, ""depth"": 1}","{""kind"": ""time_agg"", ""op"": ""min"", ""depth"": 0}",439.0,2,0,1,505868321,751895162,42,0.427,0,1,2,5872_other_non_current_liabilities_current_quarter_end,other_non_current_liabilities,other non current liabilities,SKY,"April 30, 2025",M_USD,439.0,5873_other_non_current_liabilities_prior_fy_end,other_non_current_liabilities,other non current liabilities,SKY,"December 31, 2024",M_USD,442.0,,,,,,,,,,,,,,,,,,,,,,,,,,,,,,,,,,,,,,,,,,,,,,,,,,,,,,,,,,,,,,,,,,,,,,,,,,,,,,,,,,,,
735,1,"compute the maximum of proceeds from stock option exercises for ZNX from Six Months Ended July 31, 2024 to Six Months Ended July 31, 2025","max(6367_proceeds_from_stock_option_exercises_prior_ytd, 6366_proceeds_from_stock_option_exercises_current_ytd)","{""op"": ""max"", ""left"": {""leaf"": ""6367_proceeds_from_stock_option_exercises_prior_ytd"", ""depth"": 0}, ""right"": {""leaf"": ""6366_proceeds_from_stock_option_exercises_current_ytd"", ""depth"": 0}, ""depth"": 1}","{""kind"": ""time_agg"", ""op"": ""max"", ""depth"": 0}",53.0,2,0,1,748957271,932608381,42,0.58,0,1,2,6367_proceeds_from_stock_option_exercises_prior_ytd,proceeds_from_stock_option_exercises,proceeds from stock option exercises,ZNX,"Six Months Ended July 31, 2024",M_USD,42.0,6366_proceeds_from_stock_option_exercises_current_ytd,proceeds_from_stock_option_exercises,proceeds from stock option exercises,ZNX,"Six Months Ended July 31, 2025",M_USD,53.0,,,,,,,,,,,,,,,,,,,,,,,,,,,,,,,,,,,,,,,,,,,,,,,,,,,,,,,,,,,,,,,,,,,,,,,,,,,,,,,,,,,,
736,1,"could you give the operating income for MRT in Three Months Ended April 30, 2024",operating_income,"{""derived"": ""operating_income"", ""expanded"": {""op"": ""diff"", ""left"": {""leaf"": ""1557_total_revenues_prior_year_quarter"", ""depth"": 0}, ""right"": {""leaf"": ""1567_total_costs_and_expenses_prior_year_quarter"", ""depth"": 0}, ""depth"": 1}, ""depth"": 1}","{""kind"": ""derived_concept"", ""name"": ""operating_income"", ""depth"": 0}",2691.0,5,0,1,826954766,87205521,42,0.187,0,1,2,1557_total_revenues_prior_year_quarter,total_revenues,total revenues,MRT,"Three Months Ended April 30, 2024",M_USD,95359.0,1567_total_costs_and_expenses_prior_year_quarter,total_costs_and_expenses,total costs and expenses,MRT,"Three Months Ended April 30, 2024",M_USD,92668.0,,,,,,,,,,,,,,,,,,,,,,,,,,,,,,,,,,,,,,,,,,,,,,,,,,,,,,,,,,,,,,,,,,,,,,,,,,,,,,,,,,,,
737,1,"What is the minimum of operating income for AST from Six Months Ended July 31, 2024 to Six Months Ended July 31, 2025?","min(4833_operating_income_prior_year_ytd, 4832_operating_income_current_ytd)","{""op"": ""min"", ""left"": {""leaf"": ""4833_operating_income_prior_year_ytd"", ""depth"": 0}, ""right"": {""leaf"": ""4832_operating_income_current_ytd"", ""depth"": 0}, ""depth"": 1}","{""kind"": ""time_agg"", ""op"": ""min"", ""depth"": 0}",10886.0,3,0,1,678762702,999121157,42,0.302,0,1,2,4833_operating_income_prior_year_ytd,operating_income,operating income,AST,"Six Months Ended July 31, 2024",M_USD,10886.0,4832_operating_income_current_ytd,operating_income,operating income,AST,"Six Months Ended July 31, 2025",M_USD,11294.0,,,,,,,,,,,,,,,,,,,,,,,,,,,,,,,,,,,,,,,,,,,,,,,,,,,,,,,,,,,,,,,,,,,,,,,,,,,,,,,,,,,,
740,1,"Calculate the minimum of total current assets for TRU from December 31, 2024 to July 31, 2025.","min(859_total_current_assets_prior_fy_end, 858_total_current_assets_current_quarter_end)","{""op"": ""min"", ""left"": {""leaf"": ""859_total_current_assets_prior_fy_end"", ""depth"": 0}, ""right"": {""leaf"": ""858_total_current_assets_current_quarter_end"", ""depth"": 0}, ""depth"": 1}","{""kind"": ""time_agg"", ""op"": ""min"", ""depth"": 0}",11017.0,3,0,1,751558567,716102642,42,0.497,0,1,2,859_total_current_assets_prior_fy_end,total_current_assets,total current assets,TRU,"December 31, 2024",M_USD,11017.0,858_total_current_assets_current_quarter_end,total_current_assets,total current assets,TRU,"July 31, 2025",M_USD,12195.0,,,,,,,,,,,,,,,,,,,,,,,,,,,,,,,,,,,,,,,,,,,,,,,,,,,,,,,,,,,,,,,,,,,,,,,,,,,,,,,,,,,,
742,1,"state the minimum of net cash from operating for VTL from Three Months Ended April 30, 2024 to Three Months Ended April 30, 2025.","min(71_net_cash_from_operating_prior_ytd, 70_net_cash_from_operating_current_ytd)","{""op"": ""min"", ""left"": {""leaf"": ""71_net_cash_from_operating_prior_ytd"", ""depth"": 0}, ""right"": {""leaf"": ""70_net_cash_from_operating_current_ytd"", ""depth"": 0}, ""depth"": 1}","{""kind"": ""time_agg"", ""op"": ""min"", ""depth"": 0}",438.0,5,0,1,873524030,626981642,42,0.399,0,1,2,71_net_cash_from_operating_prior_ytd,net_cash_from_operating,net cash from operating,VTL,"Three Months Ended April 30, 2024",M_USD,438.0,70_net_cash_from_operating_current_ytd,net_cash_from_operating,net cash from operating,VTL,"Three Months Ended April 30, 2025",M_USD,492.0,,,,,,,,,,,,,,,,,,,,,,,,,,,,,,,,,,,,,,,,,,,,,,,,,,,,,,,,,,,,,,,,,,,,,,,,,,,,,,,,,,,,
748,1,"What would be the minimum of goodwill for CRZ from December 31, 2024 to October 31, 2025 ?","min(5035_goodwill_prior_fy_end, 5034_goodwill_current_quarter_end)","{""op"": ""min"", ""left"": {""leaf"": ""5035_goodwill_prior_fy_end"", ""depth"": 0}, ""right"": {""leaf"": ""5034_goodwill_current_quarter_end"", ""depth"": 0}, ""depth"": 1}","{""kind"": ""time_agg"", ""op"": ""min"", ""depth"": 0}",667.0,1,0,1,56045570,423566997,42,0.532,0,1,2,5035_goodwill_prior_fy_end,goodwill,goodwill,CRZ,"December 31, 2024",M_USD,667.0,5034_goodwill_current_quarter_end,goodwill,goodwill,CRZ,"October 31, 2025",M_USD,696.0,,,,,,,,,,,,,,,,,,,,,,,,,,,,,,,,,,,,,,,,,,,,,,,,,,,,,,,,,,,,,,,,,,,,,,,,,,,,,,,,,,,,
749,1,"Which result follows from the minimum of provision for income taxes for JTX from Three Months Ended April 30, 2024 to Three Months Ended April 30, 2025","min(3969_provision_for_income_taxes_prior_year_quarter, 3968_provision_for_income_taxes_current_quarter)","{""op"": ""min"", ""left"": {""leaf"": ""3969_provision_for_income_taxes_prior_year_quarter"", ""depth"": 0}, ""right"": {""leaf"": ""3968_provision_for_income_taxes_current_quarter"", ""depth"": 0}, ""depth"": 1}","{""kind"": ""time_agg"", ""op"": ""min"", ""depth"": 0}",427.0,3,0,1,706318136,227918122,42,0.141,0,1,2,3969_provision_for_income_taxes_prior_year_quarter,provision_for_income_taxes,provision for income taxes,JTX,"Three Months Ended April 30, 2024",M_USD,427.0,3968_provision_for_income_taxes_current_quarter,provision_for_income_taxes,provision for income taxes,JTX,"Three Months Ended April 30, 2025",M_USD,436.0,,,,,,,,,,,,,,,,,,,,,,,,,,,,,,,,,,,,,,,,,,,,,,,,,,,,,,,,,,,,,,,,,,,,,,,,,,,,,,,,,,,,
751,1,"what is the minimum of accounts receivable net for AST from December 31, 2024 to July 31, 2025 ?","min(4859_accounts_receivable_net_prior_fy_end, 4858_accounts_receivable_net_current_quarter_end)","{""op"": ""min"", ""left"": {""leaf"": ""4859_accounts_receivable_net_prior_fy_end"", ""depth"": 0}, ""right"": {""leaf"": ""4858_accounts_receivable_net_current_quarter_end"", ""depth"": 0}, ""depth"": 1}","{""kind"": ""time_agg"", ""op"": ""min"", ""depth"": 0}",2930.0,5,0,1,939051126,637645785,42,0.428,0,1,2,4859_accounts_receivable_net_prior_fy_end,accounts_receivable_net,accounts receivable net,AST,"December 31, 2024",M_USD,2930.0,4858_accounts_receivable_net_current_quarter_end,accounts_receivable_net,accounts receivable net,AST,"July 31, 2025",M_USD,2948.0,,,,,,,,,,,,,,,,,,,,,,,,,,,,,,,,,,,,,,,,,,,,,,,,,,,,,,,,,,,,,,,,,,,,,,,,,,,,,,,,,,,,
754,1,"which quantity is given by the maximum of total current liabilities for MRT from December 31, 2024 to April 30, 2025 ?","max(1612_total_current_liabilities_current_quarter_end, 1613_total_current_liabilities_prior_fy_end)","{""op"": ""max"", ""left"": {""leaf"": ""1612_total_current_liabilities_current_quarter_end"", ""depth"": 0}, ""right"": {""leaf"": ""1613_total_current_liabilities_prior_fy_end"", ""depth"": 0}, ""depth"": 1}","{""kind"": ""time_agg"", ""op"": ""max"", ""depth"": 0}",40209.0,3,0,1,915773633,935661324,42,0.306,0,1,2,1612_total_current_liabilities_current_quarter_end,total_current_liabilities,total current liabilities,MRT,"April 30, 2025",M_USD,40209.0,1613_total_current_liabilities_prior_fy_end,total_current_liabilities,total current liabilities,MRT,"December 31, 2024",M_USD,34713.0,,,,,,,,,,,,,,,,,,,,,,,,,,,,,,,,,,,,,,,,,,,,,,,,,,,,,,,,,,,,,,,,,,,,,,,,,,,,,,,,,,,,
755,1,"What does the following give: maximum of total assets for GRD from December 31, 2024 to July 31, 2025","max(379_total_assets_prior_fy_end, 378_total_assets_current_quarter_end)","{""op"": ""max"", ""left"": {""leaf"": ""379_total_assets_prior_fy_end"", ""depth"": 0}, ""right"": {""leaf"": ""378_total_assets_current_quarter_end"", ""depth"": 0}, ""depth"": 1}","{""kind"": ""time_agg"", ""op"": ""max"", ""depth"": 0}",12470.0,1,0,1,704660655,173006807,42,0.398,0,1,2,379_total_assets_prior_fy_end,total_assets,total assets,GRD,"December 31, 2024",M_USD,12470.0,378_total_assets_current_quarter_end,total_assets,total assets,GRD,"July 31, 2025",M_USD,11557.0,,,,,,,,,,,,,,,,,,,,,,,,,,,,,,,,,,,,,,,,,,,,,,,,,,,,,,,,,,,,,,,,,,,,,,,,,,,,,,,,,,,,
756,1,"evaluate the gross profit for IND in Three Months Ended April 30, 2025 .",gross_profit,"{""derived"": ""gross_profit"", ""expanded"": {""op"": ""diff"", ""left"": {""leaf"": ""1092_total_revenues_current_quarter"", ""depth"": 0}, ""right"": {""leaf"": ""1094_cost_of_sales_current_quarter"", ""depth"": 0}, ""depth"": 1}, ""depth"": 1}","{""kind"": ""derived_concept"", ""name"": ""gross_profit"", ""depth"": 0}",5961.0,2,0,1,904027701,29151620,42,0.472,0,1,2,1092_total_revenues_current_quarter,total_revenues,total revenues,IND,"Three Months Ended April 30, 2025",M_USD,21204.0,1094_cost_of_sales_current_quarter,cost_of_sales,cost of sales,IND,"Three Months Ended April 30, 2025",M_USD,15243.0,,,,,,,,,,,,,,,,,,,,,,,,,,,,,,,,,,,,,,,,,,,,,,,,,,,,,,,,,,,,,,,,,,,,,,,,,,,,,,,,,,,,
757,1,"Give the maximum of current portion of long term debt for SKY from December 31, 2024 to April 30, 2025 .","max(5866_current_portion_of_long_term_debt_current_quarter_end, 5867_current_portion_of_long_term_debt_prior_fy_end)","{""op"": ""max"", ""left"": {""leaf"": ""5866_current_portion_of_long_term_debt_current_quarter_end"", ""depth"": 0}, ""right"": {""leaf"": ""5867_current_portion_of_long_term_debt_prior_fy_end"", ""depth"": 0}, ""depth"": 1}","{""kind"": ""time_agg"", ""op"": ""max"", ""depth"": 0}",388.0,4,0,1,214976848,704458195,42,0.269,0,1,2,5866_current_portion_of_long_term_debt_current_quarter_end,current_portion_of_long_term_debt,current portion of long term debt,SKY,"April 30, 2025",M_USD,386.0,5867_current_portion_of_long_term_debt_prior_fy_end,current_portion_of_long_term_debt,current portion of long term debt,SKY,"December 31, 2024",M_USD,388.0,,,,,,,,,,,,,,,,,,,,,,,,,,,,,,,,,,,,,,,,,,,,,,,,,,,,,,,,,,,,,,,,,,,,,,,,,,,,,,,,,,,,
758,1,"What do we obtain as the maximum of long term marketable securities for FNB from December 31, 2024 to October 31, 2025","max(6129_long_term_marketable_securities_prior_fy_end, 6128_long_term_marketable_securities_current_quarter_end)","{""op"": ""max"", ""left"": {""leaf"": ""6129_long_term_marketable_securities_prior_fy_end"", ""depth"": 0}, ""right"": {""leaf"": ""6128_long_term_marketable_securities_current_quarter_end"", ""depth"": 0}, ""depth"": 1}","{""kind"": ""time_agg"", ""op"": ""max"", ""depth"": 0}",3948.0,3,0,1,540441968,761281726,42,0.545,0,1,2,6129_long_term_marketable_securities_prior_fy_end,long_term_marketable_securities,long term marketable securities,FNB,"December 31, 2024",M_USD,3824.0,6128_long_term_marketable_securities_current_quarter_end,long_term_marketable_securities,long term marketable securities,FNB,"October 31, 2025",M_USD,3948.0,,,,,,,,,,,,,,,,,,,,,,,,,,,,,,,,,,,,,,,,,,,,,,,,,,,,,,,,,,,,,,,,,,,,,,,,,,,,,,,,,,,,
759,1,"What do we obtain as the operating income for FNB in Nine Months Ended October 31, 2024",operating_income,"{""derived"": ""operating_income"", ""expanded"": {""op"": ""diff"", ""left"": {""leaf"": ""6075_total_revenues_prior_year_ytd"", ""depth"": 0}, ""right"": {""leaf"": ""6091_total_costs_and_expenses_prior_year_ytd"", ""depth"": 0}, ""depth"": 1}, ""depth"": 1}","{""kind"": ""derived_concept"", ""name"": ""operating_income"", ""depth"": 0}",14184.0,3,0,1,618585110,815079030,42,0.324,0,1,2,6075_total_revenues_prior_year_ytd,total_revenues,total revenues,FNB,"Nine Months Ended October 31, 2024",M_USD,34866.0,6091_total_costs_and_expenses_prior_year_ytd,total_costs_and_expenses,total costs and expenses,FNB,"Nine Months Ended October 31, 2024",M_USD,20682.0,,,,,,,,,,,,,,,,,,,,,,,,,,,,,,,,,,,,,,,,,,,,,,,,,,,,,,,,,,,,,,,,,,,,,,,,,,,,,,,,,,,,
764,1,"Which value corresponds to the free cash flow for HLT in Nine Months Ended October 31, 2025",free_cash_flow,"{""derived"": ""free_cash_flow"", ""expanded"": {""op"": ""sum"", ""left"": {""leaf"": ""722_net_cash_from_operating_current_ytd"", ""depth"": 0}, ""right"": {""leaf"": ""724_capital_expenditures_current_ytd"", ""depth"": 0}, ""depth"": 1}, ""depth"": 1}","{""kind"": ""derived_concept"", ""name"": ""free_cash_flow"", ""depth"": 0}",7493.0,5,0,1,923135603,174972349,42,0.261,0,1,2,722_net_cash_from_operating_current_ytd,net_cash_from_operating,net cash from operating,HLT,"Nine Months Ended October 31, 2025",M_USD,9422.0,724_capital_expenditures_current_ytd,capital_expenditures,capital expenditures,HLT,"Nine Months Ended October 31, 2025",M_USD,-1929.0,,,,,,,,,,,,,,,,,,,,,,,,,,,,,,,,,,,,,,,,,,,,,,,,,,,,,,,,,,,,,,,,,,,,,,,,,,,,,,,,,,,,
765,1,"give the maximum of depreciation and amortization for STR from Six Months Ended July 31, 2024 to Six Months Ended July 31, 2025","max(3365_depreciation_and_amortization_prior_ytd, 3364_depreciation_and_amortization_current_ytd)","{""op"": ""max"", ""left"": {""leaf"": ""3365_depreciation_and_amortization_prior_ytd"", ""depth"": 0}, ""right"": {""leaf"": ""3364_depreciation_and_amortization_current_ytd"", ""depth"": 0}, ""depth"": 1}","{""kind"": ""time_agg"", ""op"": ""max"", ""depth"": 0}",1826.0,3,0,1,664913939,284378630,42,0.406,0,1,2,3365_depreciation_and_amortization_prior_ytd,depreciation_and_amortization,depreciation and amortization,STR,"Six Months Ended July 31, 2024",M_USD,1663.0,3364_depreciation_and_amortization_current_ytd,depreciation_and_amortization,depreciation and amortization,STR,"Six Months Ended July 31, 2025",M_USD,1826.0,,,,,,,,,,,,,,,,,,,,,,,,,,,,,,,,,,,,,,,,,,,,,,,,,,,,,,,,,,,,,,,,,,,,,,,,,,,,,,,,,,,,
769,1,"Determine the maximum of research and development for WHL from Six Months Ended July 31, 2024 to Six Months Ended July 31, 2025.","max(7313_research_and_development_prior_year_ytd, 7312_research_and_development_current_ytd)","{""op"": ""max"", ""left"": {""leaf"": ""7313_research_and_development_prior_year_ytd"", ""depth"": 0}, ""right"": {""leaf"": ""7312_research_and_development_current_ytd"", ""depth"": 0}, ""depth"": 1}","{""kind"": ""time_agg"", ""op"": ""max"", ""depth"": 0}",118.0,2,0,1,709573262,634628348,42,0.581,0,1,2,7313_research_and_development_prior_year_ytd,research_and_development,research and development,WHL,"Six Months Ended July 31, 2024",M_USD,118.0,7312_research_and_development_current_ytd,research_and_development,research and development,WHL,"Six Months Ended July 31, 2025",M_USD,106.0,,,,,,,,,,,,,,,,,,,,,,,,,,,,,,,,,,,,,,,,,,,,,,,,,,,,,,,,,,,,,,,,,,,,,,,,,,,,,,,,,,,,
771,1,"compute the minimum of total non current assets for BNK from December 31, 2024 to October 31, 2025.","min(4711_total_non_current_assets_prior_fy_end, 4710_total_non_current_assets_current_quarter_end)","{""op"": ""min"", ""left"": {""leaf"": ""4711_total_non_current_assets_prior_fy_end"", ""depth"": 0}, ""right"": {""leaf"": ""4710_total_non_current_assets_current_quarter_end"", ""depth"": 0}, ""depth"": 1}","{""kind"": ""time_agg"", ""op"": ""min"", ""depth"": 0}",8438.0,5,0,1,549354561,574213727,42,0.551,0,1,2,4711_total_non_current_assets_prior_fy_end,total_non_current_assets,total non current assets,BNK,"December 31, 2024",M_USD,8438.0,4710_total_non_current_assets_current_quarter_end,total_non_current_assets,total non current assets,BNK,"October 31, 2025",M_USD,9893.0,,,,,,,,,,,,,,,,,,,,,,,,,,,,,,,,,,,,,,,,,,,,,,,,,,,,,,,,,,,,,,,,,,,,,,,,,,,,,,,,,,,,
772,1,"could you give the maximum of cost of advertising revenue for NET from Three Months Ended October 31, 2024 to Three Months Ended October 31, 2025 ?","max(6579_cos_advertising_revenue_prior_year_quarter, 6575_cos_advertising_revenue_current_quarter)","{""op"": ""max"", ""left"": {""leaf"": ""6579_cos_advertising_revenue_prior_year_quarter"", ""depth"": 0}, ""right"": {""leaf"": ""6575_cos_advertising_revenue_current_quarter"", ""depth"": 0}, ""depth"": 1}","{""kind"": ""time_agg"", ""op"": ""max"", ""depth"": 0}",3388.0,2,0,1,487703941,961383216,42,0.543,0,1,2,6579_cos_advertising_revenue_prior_year_quarter,cos_advertising_revenue,cost of advertising revenue,NET,"Three Months Ended October 31, 2024",M_USD,2992.0,6575_cos_advertising_revenue_current_quarter,cos_advertising_revenue,cost of advertising revenue,NET,"Three Months Ended October 31, 2025",M_USD,3388.0,,,,,,,,,,,,,,,,,,,,,,,,,,,,,,,,,,,,,,,,,,,,,,,,,,,,,,,,,,,,,,,,,,,,,,,,,,,,,,,,,,,,
773,1,"Calculate the gross profit for CAP in Nine Months Ended October 31, 2024",gross_profit,"{""derived"": ""gross_profit"", ""expanded"": {""op"": ""diff"", ""left"": {""leaf"": ""5653_total_revenues_prior_year_ytd"", ""depth"": 0}, ""right"": {""leaf"": ""5657_cost_of_sales_prior_year_ytd"", ""depth"": 0}, ""depth"": 1}, ""depth"": 1}","{""kind"": ""derived_concept"", ""name"": ""gross_profit"", ""depth"": 0}",41805.0,2,0,1,137998282,161424307,42,0.531,0,1,2,5653_total_revenues_prior_year_ytd,total_revenues,total revenues,CAP,"Nine Months Ended October 31, 2024",M_USD,70170.0,5657_cost_of_sales_prior_year_ytd,cost_of_sales,cost of sales,CAP,"Nine Months Ended October 31, 2024",M_USD,28365.0,,,,,,,,,,,,,,,,,,,,,,,,,,,,,,,,,,,,,,,,,,,,,,,,,,,,,,,,,,,,,,,,,,,,,,,,,,,,,,,,,,,,
774,1,"What would be the minimum of provision for income taxes for FAB from Three Months Ended July 31, 2024 to Three Months Ended July 31, 2025 ?","min(3827_provision_for_income_taxes_prior_year_quarter, 3826_provision_for_income_taxes_current_quarter)","{""op"": ""min"", ""left"": {""leaf"": ""3827_provision_for_income_taxes_prior_year_quarter"", ""depth"": 0}, ""right"": {""leaf"": ""3826_provision_for_income_taxes_current_quarter"", ""depth"": 0}, ""depth"": 1}","{""kind"": ""time_agg"", ""op"": ""min"", ""depth"": 0}",1377.0,2,0,1,606164064,966903639,42,0.493,0,1,2,3827_provision_for_income_taxes_prior_year_quarter,provision_for_income_taxes,provision for income taxes,FAB,"Three Months Ended July 31, 2024",M_USD,1559.0,3826_provision_for_income_taxes_current_quarter,provision_for_income_taxes,provision for income taxes,FAB,"Three Months Ended July 31, 2025",M_USD,1377.0,,,,,,,,,,,,,,,,,,,,,,,,,,,,,,,,,,,,,,,,,,,,,,,,,,,,,,,,,,,,,,,,,,,,,,,,,,,,,,,,,,,,
776,1,"You should give the operating income for CLR in Nine Months Ended October 31, 2025",operating_income,"{""derived"": ""operating_income"", ""expanded"": {""op"": ""diff"", ""left"": {""leaf"": ""134_total_revenues_current_ytd"", ""depth"": 0}, ""right"": {""leaf"": ""154_total_costs_and_expenses_current_ytd"", ""depth"": 0}, ""depth"": 1}, ""depth"": 1}","{""kind"": ""derived_concept"", ""name"": ""operating_income"", ""depth"": 0}",6048.0,5,0,1,418927606,45620917,42,0.171,0,1,2,134_total_revenues_current_ytd,total_revenues,total revenues,CLR,"Nine Months Ended October 31, 2025",M_USD,24930.0,154_total_costs_and_expenses_current_ytd,total_costs_and_expenses,total costs and expenses,CLR,"Nine Months Ended October 31, 2025",M_USD,18882.0,,,,,,,,,,,,,,,,,,,,,,,,,,,,,,,,,,,,,,,,,,,,,,,,,,,,,,,,,,,,,,,,,,,,,,,,,,,,,,,,,,,,
777,1,"What is the minimum of other non current assets for AVX from December 31, 2024 to October 31, 2025?","min(1455_other_non_current_assets_prior_fy_end, 1454_other_non_current_assets_current_quarter_end)","{""op"": ""min"", ""left"": {""leaf"": ""1455_other_non_current_assets_prior_fy_end"", ""depth"": 0}, ""right"": {""leaf"": ""1454_other_non_current_assets_current_quarter_end"", ""depth"": 0}, ""depth"": 1}","{""kind"": ""time_agg"", ""op"": ""min"", ""depth"": 0}",66.0,1,0,1,733480086,95780132,42,0.301,0,1,2,1455_other_non_current_assets_prior_fy_end,other_non_current_assets,other non current assets,AVX,"December 31, 2024",M_USD,67.0,1454_other_non_current_assets_current_quarter_end,other_non_current_assets,other non current assets,AVX,"October 31, 2025",M_USD,66.0,,,,,,,,,,,,,,,,,,,,,,,,,,,,,,,,,,,,,,,,,,,,,,,,,,,,,,,,,,,,,,,,,,,,,,,,,,,,,,,,,,,,
778,1,"Could you give the maximum of other non current assets for MTX from December 31, 2024 to October 31, 2025","max(5381_other_non_current_assets_prior_fy_end, 5380_other_non_current_assets_current_quarter_end)","{""op"": ""max"", ""left"": {""leaf"": ""5381_other_non_current_assets_prior_fy_end"", ""depth"": 0}, ""right"": {""leaf"": ""5380_other_non_current_assets_current_quarter_end"", ""depth"": 0}, ""depth"": 1}","{""kind"": ""time_agg"", ""op"": ""max"", ""depth"": 0}",1872.0,5,0,1,553994663,794575165,42,0.288,0,1,2,5381_other_non_current_assets_prior_fy_end,other_non_current_assets,other non current assets,MTX,"December 31, 2024",M_USD,1614.0,5380_other_non_current_assets_current_quarter_end,other_non_current_assets,other non current assets,MTX,"October 31, 2025",M_USD,1872.0,,,,,,,,,,,,,,,,,,,,,,,,,,,,,,,,,,,,,,,,,,,,,,,,,,,,,,,,,,,,,,,,,,,,,,,,,,,,,,,,,,,,
780,1,"What do we obtain as the minimum of prepaid expenses and other for FIN from December 31, 2024 to April 30, 2025?","min(4110_prepaid_expenses_and_other_current_quarter_end, 4111_prepaid_expenses_and_other_prior_fy_end)","{""op"": ""min"", ""left"": {""leaf"": ""4110_prepaid_expenses_and_other_current_quarter_end"", ""depth"": 0}, ""right"": {""leaf"": ""4111_prepaid_expenses_and_other_prior_fy_end"", ""depth"": 0}, ""depth"": 1}","{""kind"": ""time_agg"", ""op"": ""min"", ""depth"": 0}",313.0,5,0,1,826034431,947345274,42,0.476,0,1,2,4110_prepaid_expenses_and_other_current_quarter_end,prepaid_expenses_and_other,prepaid expenses and other,FIN,"April 30, 2025",M_USD,351.0,4111_prepaid_expenses_and_other_prior_fy_end,prepaid_expenses_and_other,prepaid expenses and other,FIN,"December 31, 2024",M_USD,313.0,,,,,,,,,,,,,,,,,,,,,,,,,,,,,,,,,,,,,,,,,,,,,,,,,,,,,,,,,,,,,,,,,,,,,,,,,,,,,,,,,,,,
781,1,"may you give the minimum of other non current liabilities for SCI from December 31, 2024 to July 31, 2025 ?","min(5223_other_non_current_liabilities_prior_fy_end, 5222_other_non_current_liabilities_current_quarter_end)","{""op"": ""min"", ""left"": {""leaf"": ""5223_other_non_current_liabilities_prior_fy_end"", ""depth"": 0}, ""right"": {""leaf"": ""5222_other_non_current_liabilities_current_quarter_end"", ""depth"": 0}, ""depth"": 1}","{""kind"": ""time_agg"", ""op"": ""min"", ""depth"": 0}",132.0,3,0,1,342840896,940912507,42,0.277,0,1,2,5223_other_non_current_liabilities_prior_fy_end,other_non_current_liabilities,other non current liabilities,SCI,"December 31, 2024",M_USD,132.0,5222_other_non_current_liabilities_current_quarter_end,other_non_current_liabilities,other non current liabilities,SCI,"July 31, 2025",M_USD,151.0,,,,,,,,,,,,,,,,,,,,,,,,,,,,,,,,,,,,,,,,,,,,,,,,,,,,,,,,,,,,,,,,,,,,,,,,,,,,,,,,,,,,
782,1,"may you calculate the gross profit for NVH in Three Months Ended October 31, 2025?",gross_profit,"{""derived"": ""gross_profit"", ""expanded"": {""op"": ""diff"", ""left"": {""leaf"": ""6588_total_revenues_current_quarter"", ""depth"": 0}, ""right"": {""leaf"": ""6592_cost_of_sales_current_quarter"", ""depth"": 0}, ""depth"": 1}, ""depth"": 1}","{""kind"": ""derived_concept"", ""name"": ""gross_profit"", ""depth"": 0}",7208.0,3,0,1,746352126,353964863,42,0.504,0,1,2,6588_total_revenues_current_quarter,total_revenues,total revenues,NVH,"Three Months Ended October 31, 2025",M_USD,18256.0,6592_cost_of_sales_current_quarter,cost_of_sales,cost of sales,NVH,"Three Months Ended October 31, 2025",M_USD,11048.0,,,,,,,,,,,,,,,,,,,,,,,,,,,,,,,,,,,,,,,,,,,,,,,,,,,,,,,,,,,,,,,,,,,,,,,,,,,,,,,,,,,,
786,1,"what's the value of the minimum of cash and cash equivalents for CIV from December 31, 2024 to October 31, 2025?","min(2847_cash_and_cash_equivalents_prior_fy_end, 2846_cash_and_cash_equivalents_current_quarter_end)","{""op"": ""min"", ""left"": {""leaf"": ""2847_cash_and_cash_equivalents_prior_fy_end"", ""depth"": 0}, ""right"": {""leaf"": ""2846_cash_and_cash_equivalents_current_quarter_end"", ""depth"": 0}, ""depth"": 1}","{""kind"": ""time_agg"", ""op"": ""min"", ""depth"": 0}",193.0,3,0,1,984051917,409044437,42,0.303,0,1,2,2847_cash_and_cash_equivalents_prior_fy_end,cash_and_cash_equivalents,cash and cash equivalents,CIV,"December 31, 2024",M_USD,193.0,2846_cash_and_cash_equivalents_current_quarter_end,cash_and_cash_equivalents,cash and cash equivalents,CIV,"October 31, 2025",M_USD,207.0,,,,,,,,,,,,,,,,,,,,,,,,,,,,,,,,,,,,,,,,,,,,,,,,,,,,,,,,,,,,,,,,,,,,,,,,,,,,,,,,,,,,
787,1,"calculate the free cash flow for CNS in Three Months Ended April 30, 2024.",free_cash_flow,"{""derived"": ""free_cash_flow"", ""expanded"": {""op"": ""sum"", ""left"": {""leaf"": ""6011_net_cash_from_operating_prior_ytd"", ""depth"": 0}, ""right"": {""leaf"": ""6013_capital_expenditures_prior_ytd"", ""depth"": 0}, ""depth"": 1}, ""depth"": 1}","{""kind"": ""derived_concept"", ""name"": ""free_cash_flow"", ""depth"": 0}",815.0,3,0,1,73259723,352006977,42,0.329,0,1,2,6011_net_cash_from_operating_prior_ytd,net_cash_from_operating,net cash from operating,CNS,"Three Months Ended April 30, 2024",M_USD,1005.0,6013_capital_expenditures_prior_ytd,capital_expenditures,capital expenditures,CNS,"Three Months Ended April 30, 2024",M_USD,-190.0,,,,,,,,,,,,,,,,,,,,,,,,,,,,,,,,,,,,,,,,,,,,,,,,,,,,,,,,,,,,,,,,,,,,,,,,,,,,,,,,,,,,
789,1,"what is the value of the maximum of net income for BRX from Six Months Ended July 31, 2024 to Six Months Ended July 31, 2025?","max(507_net_income_prior_year_ytd, 506_net_income_current_ytd)","{""op"": ""max"", ""left"": {""leaf"": ""507_net_income_prior_year_ytd"", ""depth"": 0}, ""right"": {""leaf"": ""506_net_income_current_ytd"", ""depth"": 0}, ""depth"": 1}","{""kind"": ""time_agg"", ""op"": ""max"", ""depth"": 0}",24114.0,5,0,1,81778243,813465978,42,0.447,0,1,2,507_net_income_prior_year_ytd,net_income,net income,BRX,"Six Months Ended July 31, 2024",M_USD,24114.0,506_net_income_current_ytd,net_income,net income,BRX,"Six Months Ended July 31, 2025",M_USD,23618.0,,,,,,,,,,,,,,,,,,,,,,,,,,,,,,,,,,,,,,,,,,,,,,,,,,,,,,,,,,,,,,,,,,,,,,,,,,,,,,,,,,,,
792,1,"what does the following give: maximum of long term marketable securities for GBL from December 31, 2024 to April 30, 2025?","max(6800_long_term_marketable_securities_current_quarter_end, 6801_long_term_marketable_securities_prior_fy_end)","{""op"": ""max"", ""left"": {""leaf"": ""6800_long_term_marketable_securities_current_quarter_end"", ""depth"": 0}, ""right"": {""leaf"": ""6801_long_term_marketable_securities_prior_fy_end"", ""depth"": 0}, ""depth"": 1}","{""kind"": ""time_agg"", ""op"": ""max"", ""depth"": 0}",921.0,3,0,1,361568339,108195551,42,0.378,0,1,2,6800_long_term_marketable_securities_current_quarter_end,long_term_marketable_securities,long term marketable securities,GBL,"April 30, 2025",M_USD,921.0,6801_long_term_marketable_securities_prior_fy_end,long_term_marketable_securities,long term marketable securities,GBL,"December 31, 2024",M_USD,795.0,,,,,,,,,,,,,,,,,,,,,,,,,,,,,,,,,,,,,,,,,,,,,,,,,,,,,,,,,,,,,,,,,,,,,,,,,,,,,,,,,,,,
793,1,"evaluate the maximum of proceeds from stock option exercises for QRK from Six Months Ended April 30, 2025 to Six Months Ended April 30, 2026.","max(3573_proceeds_from_stock_option_exercises_prior_ytd, 3572_proceeds_from_stock_option_exercises_current_ytd)","{""op"": ""max"", ""left"": {""leaf"": ""3573_proceeds_from_stock_option_exercises_prior_ytd"", ""depth"": 0}, ""right"": {""leaf"": ""3572_proceeds_from_stock_option_exercises_current_ytd"", ""depth"": 0}, ""depth"": 1}","{""kind"": ""time_agg"", ""op"": ""max"", ""depth"": 0}",434.0,5,0,1,874342357,628328321,42,0.3,0,1,2,3573_proceeds_from_stock_option_exercises_prior_ytd,proceeds_from_stock_option_exercises,proceeds from stock option exercises,QRK,"Six Months Ended April 30, 2025",M_USD,322.0,3572_proceeds_from_stock_option_exercises_current_ytd,proceeds_from_stock_option_exercises,proceeds from stock option exercises,QRK,"Six Months Ended April 30, 2026",M_USD,434.0,,,,,,,,,,,,,,,,,,,,,,,,,,,,,,,,,,,,,,,,,,,,,,,,,,,,,,,,,,,,,,,,,,,,,,,,,,,,,,,,,,,,
796,1,"which quantity is given by the gross profit for MED in Three Months Ended October 31, 2025 ?",gross_profit,"{""derived"": ""gross_profit"", ""expanded"": {""op"": ""diff"", ""left"": {""leaf"": ""1216_total_revenues_current_quarter"", ""depth"": 0}, ""right"": {""leaf"": ""1220_cost_of_sales_current_quarter"", ""depth"": 0}, ""depth"": 1}, ""depth"": 1}","{""kind"": ""derived_concept"", ""name"": ""gross_profit"", ""depth"": 0}",2571.0,2,0,1,148370903,63955876,42,0.447,0,1,2,1216_total_revenues_current_quarter,total_revenues,total revenues,MED,"Three Months Ended October 31, 2025",M_USD,6997.0,1220_cost_of_sales_current_quarter,cost_of_sales,cost of sales,MED,"Three Months Ended October 31, 2025",M_USD,4426.0,,,,,,,,,,,,,,,,,,,,,,,,,,,,,,,,,,,,,,,,,,,,,,,,,,,,,,,,,,,,,,,,,,,,,,,,,,,,,,,,,,,,
797,1,"What is the value of the maximum of inventories for BRX from December 31, 2024 to July 31, 2025 ?","max(523_inventories_prior_fy_end, 522_inventories_current_quarter_end)","{""op"": ""max"", ""left"": {""leaf"": ""523_inventories_prior_fy_end"", ""depth"": 0}, ""right"": {""leaf"": ""522_inventories_current_quarter_end"", ""depth"": 0}, ""depth"": 1}","{""kind"": ""time_agg"", ""op"": ""max"", ""depth"": 0}",2448.0,1,0,1,372707098,954094450,42,0.141,0,1,2,523_inventories_prior_fy_end,inventories,inventories,BRX,"December 31, 2024",M_USD,2448.0,522_inventories_current_quarter_end,inventories,inventories,BRX,"July 31, 2025",M_USD,2419.0,,,,,,,,,,,,,,,,,,,,,,,,,,,,,,,,,,,,,,,,,,,,,,,,,,,,,,,,,,,,,,,,,,,,,,,,,,,,,,,,,,,,
798,1,"what is the minimum of shares used basic for AVX from Three Months Ended October 31, 2024 to Three Months Ended October 31, 2025?","min(1523_shares_used_basic_prior_year_quarter, 1522_shares_used_basic_current_quarter)","{""op"": ""min"", ""left"": {""leaf"": ""1523_shares_used_basic_prior_year_quarter"", ""depth"": 0}, ""right"": {""leaf"": ""1522_shares_used_basic_current_quarter"", ""depth"": 0}, ""depth"": 1}","{""kind"": ""time_agg"", ""op"": ""min"", ""depth"": 0}",610000.0,5,0,1,663163337,259320088,42,0.341,0,1,2,1523_shares_used_basic_prior_year_quarter,shares_used_basic,shares used basic,AVX,"Three Months Ended October 31, 2024",M_shares,627728.0,1522_shares_used_basic_current_quarter,shares_used_basic,shares used basic,AVX,"Three Months Ended October 31, 2025",M_shares,610000.0,,,,,,,,,,,,,,,,,,,,,,,,,,,,,,,,,,,,,,,,,,,,,,,,,,,,,,,,,,,,,,,,,,,,,,,,,,,,,,,,,,,,
799,1,"What's the value of the gross profit for CIV in Nine Months Ended October 31, 2025?",gross_profit,"{""derived"": ""gross_profit"", ""expanded"": {""op"": ""diff"", ""left"": {""leaf"": ""2800_total_revenues_current_ytd"", ""depth"": 0}, ""right"": {""leaf"": ""2804_cost_of_sales_current_ytd"", ""depth"": 0}, ""depth"": 1}, ""depth"": 1}","{""kind"": ""derived_concept"", ""name"": ""gross_profit"", ""depth"": 0}",1968.0,2,0,1,800937292,795382513,42,0.123,0,1,2,2800_total_revenues_current_ytd,total_revenues,total revenues,CIV,"Nine Months Ended October 31, 2025",M_USD,10452.0,2804_cost_of_sales_current_ytd,cost_of_sales,cost of sales,CIV,"Nine Months Ended October 31, 2025",M_USD,8484.0,,,,,,,,,,,,,,,,,,,,,,,,,,,,,,,,,,,,,,,,,,,,,,,,,,,,,,,,,,,,,,,,,,,,,,,,,,,,,,,,,,,,
801,1,"what do we obtain as the minimum of long term debt for GBL from December 31, 2024 to April 30, 2025","min(6822_long_term_debt_current_quarter_end, 6823_long_term_debt_prior_fy_end)","{""op"": ""min"", ""left"": {""leaf"": ""6822_long_term_debt_current_quarter_end"", ""depth"": 0}, ""right"": {""leaf"": ""6823_long_term_debt_prior_fy_end"", ""depth"": 0}, ""depth"": 1}","{""kind"": ""time_agg"", ""op"": ""min"", ""depth"": 0}",5176.0,4,0,1,609845130,832029383,42,0.493,0,1,2,6822_long_term_debt_current_quarter_end,long_term_debt,long term debt,GBL,"April 30, 2025",M_USD,5995.0,6823_long_term_debt_prior_fy_end,long_term_debt,long term debt,GBL,"December 31, 2024",M_USD,5176.0,,,,,,,,,,,,,,,,,,,,,,,,,,,,,,,,,,,,,,,,,,,,,,,,,,,,,,,,,,,,,,,,,,,,,,,,,,,,,,,,,,,,
805,1,"You should calculate the maximum of shares used basic for CIV from Three Months Ended October 31, 2024 to Three Months Ended October 31, 2025.","max(2933_shares_used_basic_prior_year_quarter, 2932_shares_used_basic_current_quarter)","{""op"": ""max"", ""left"": {""leaf"": ""2933_shares_used_basic_prior_year_quarter"", ""depth"": 0}, ""right"": {""leaf"": ""2932_shares_used_basic_current_quarter"", ""depth"": 0}, ""depth"": 1}","{""kind"": ""time_agg"", ""op"": ""max"", ""depth"": 0}",490889.0,3,0,1,504479367,899644826,42,0.59,0,1,2,2933_shares_used_basic_prior_year_quarter,shares_used_basic,shares used basic,CIV,"Three Months Ended October 31, 2024",M_shares,490889.0,2932_shares_used_basic_current_quarter,shares_used_basic,shares used basic,CIV,"Three Months Ended October 31, 2025",M_shares,479000.0,,,,,,,,,,,,,,,,,,,,,,,,,,,,,,,,,,,,,,,,,,,,,,,,,,,,,,,,,,,,,,,,,,,,,,,,,,,,,,,,,,,,
806,1,"Calculate the minimum of total costs and expenses for BNK from Nine Months Ended October 31, 2024 to Nine Months Ended October 31, 2025.","min(4665_total_costs_and_expenses_prior_year_ytd, 4664_total_costs_and_expenses_current_ytd)","{""op"": ""min"", ""left"": {""leaf"": ""4665_total_costs_and_expenses_prior_year_ytd"", ""depth"": 0}, ""right"": {""leaf"": ""4664_total_costs_and_expenses_current_ytd"", ""depth"": 0}, ""depth"": 1}","{""kind"": ""time_agg"", ""op"": ""min"", ""depth"": 0}",28977.0,5,0,1,970033912,786162482,42,0.517,0,1,2,4665_total_costs_and_expenses_prior_year_ytd,total_costs_and_expenses,total costs and expenses,BNK,"Nine Months Ended October 31, 2024",M_USD,28977.0,4664_total_costs_and_expenses_current_ytd,total_costs_and_expenses,total costs and expenses,BNK,"Nine Months Ended October 31, 2025",M_USD,32400.0,,,,,,,,,,,,,,,,,,,,,,,,,,,,,,,,,,,,,,,,,,,,,,,,,,,,,,,,,,,,,,,,,,,,,,,,,,,,,,,,,,,,
808,1,"compute the minimum of inventories for BLD from December 31, 2024 to July 31, 2025 .","min(2693_inventories_prior_fy_end, 2692_inventories_current_quarter_end)","{""op"": ""min"", ""left"": {""leaf"": ""2693_inventories_prior_fy_end"", ""depth"": 0}, ""right"": {""leaf"": ""2692_inventories_current_quarter_end"", ""depth"": 0}, ""depth"": 1}","{""kind"": ""time_agg"", ""op"": ""min"", ""depth"": 0}",436.0,3,0,1,894862323,704107176,42,0.412,0,1,2,2693_inventories_prior_fy_end,inventories,inventories,BLD,"December 31, 2024",M_USD,437.0,2692_inventories_current_quarter_end,inventories,inventories,BLD,"July 31, 2025",M_USD,436.0,,,,,,,,,,,,,,,,,,,,,,,,,,,,,,,,,,,,,,,,,,,,,,,,,,,,,,,,,,,,,,,,,,,,,,,,,,,,,,,,,,,,
809,1,"could you give the minimum of opening cash and equivalents for MTX from Nine Months Ended October 31, 2024 to Nine Months Ended October 31, 2025 ?","min(5447_opening_cash_and_equivalents_prior_ytd, 5446_opening_cash_and_equivalents_current_ytd)","{""op"": ""min"", ""left"": {""leaf"": ""5447_opening_cash_and_equivalents_prior_ytd"", ""depth"": 0}, ""right"": {""leaf"": ""5446_opening_cash_and_equivalents_current_ytd"", ""depth"": 0}, ""depth"": 1}","{""kind"": ""time_agg"", ""op"": ""min"", ""depth"": 0}",1338.0,2,0,1,452454199,964662215,42,0.416,0,1,2,5447_opening_cash_and_equivalents_prior_ytd,opening_cash_and_equivalents,opening cash and equivalents,MTX,"Nine Months Ended October 31, 2024",M_USD,1356.0,5446_opening_cash_and_equivalents_current_ytd,opening_cash_and_equivalents,opening cash and equivalents,MTX,"Nine Months Ended October 31, 2025",M_USD,1338.0,,,,,,,,,,,,,,,,,,,,,,,,,,,,,,,,,,,,,,,,,,,,,,,,,,,,,,,,,,,,,,,,,,,,,,,,,,,,,,,,,,,,
811,1,"You should calculate the minimum of goodwill for BRX from December 31, 2024 to July 31, 2025","min(533_goodwill_prior_fy_end, 532_goodwill_current_quarter_end)","{""op"": ""min"", ""left"": {""leaf"": ""533_goodwill_prior_fy_end"", ""depth"": 0}, ""right"": {""leaf"": ""532_goodwill_current_quarter_end"", ""depth"": 0}, ""depth"": 1}","{""kind"": ""time_agg"", ""op"": ""min"", ""depth"": 0}",8575.0,2,0,1,210723129,3590453,42,0.503,0,1,2,533_goodwill_prior_fy_end,goodwill,goodwill,BRX,"December 31, 2024",M_USD,8676.0,532_goodwill_current_quarter_end,goodwill,goodwill,BRX,"July 31, 2025",M_USD,8575.0,,,,,,,,,,,,,,,,,,,,,,,,,,,,,,,,,,,,,,,,,,,,,,,,,,,,,,,,,,,,,,,,,,,,,,,,,,,,,,,,,,,,
813,1,"provide the minimum of current portion of long term debt for TPH from December 31, 2024 to October 31, 2025","min(2541_current_portion_of_long_term_debt_prior_fy_end, 2540_current_portion_of_long_term_debt_current_quarter_end)","{""op"": ""min"", ""left"": {""leaf"": ""2541_current_portion_of_long_term_debt_prior_fy_end"", ""depth"": 0}, ""right"": {""leaf"": ""2540_current_portion_of_long_term_debt_current_quarter_end"", ""depth"": 0}, ""depth"": 1}","{""kind"": ""time_agg"", ""op"": ""min"", ""depth"": 0}",811.0,1,0,1,799409005,315126825,42,0.508,0,1,2,2541_current_portion_of_long_term_debt_prior_fy_end,current_portion_of_long_term_debt,current portion of long term debt,TPH,"December 31, 2024",M_USD,811.0,2540_current_portion_of_long_term_debt_current_quarter_end,current_portion_of_long_term_debt,current portion of long term debt,TPH,"October 31, 2025",M_USD,826.0,,,,,,,,,,,,,,,,,,,,,,,,,,,,,,,,,,,,,,,,,,,,,,,,,,,,,,,,,,,,,,,,,,,,,,,,,,,,,,,,,,,,
814,1,"what would be the minimum of other non current liabilities for DTA from December 31, 2024 to April 30, 2025?","min(4442_other_non_current_liabilities_current_quarter_end, 4443_other_non_current_liabilities_prior_fy_end)","{""op"": ""min"", ""left"": {""leaf"": ""4442_other_non_current_liabilities_current_quarter_end"", ""depth"": 0}, ""right"": {""leaf"": ""4443_other_non_current_liabilities_prior_fy_end"", ""depth"": 0}, ""depth"": 1}","{""kind"": ""time_agg"", ""op"": ""min"", ""depth"": 0}",374.0,3,0,1,342572736,97204829,42,0.477,0,1,2,4442_other_non_current_liabilities_current_quarter_end,other_non_current_liabilities,other non current liabilities,DTA,"April 30, 2025",M_USD,374.0,4443_other_non_current_liabilities_prior_fy_end,other_non_current_liabilities,other non current liabilities,DTA,"December 31, 2024",M_USD,380.0,,,,,,,,,,,,,,,,,,,,,,,,,,,,,,,,,,,,,,,,,,,,,,,,,,,,,,,,,,,,,,,,,,,,,,,,,,,,,,,,,,,,
816,1,"whats the value of the operating income for CRX in Three Months Ended January 31, 2025",operating_income,"{""derived"": ""operating_income"", ""expanded"": {""op"": ""diff"", ""left"": {""leaf"": ""4515_total_revenues_prior_year_quarter"", ""depth"": 0}, ""right"": {""leaf"": ""4525_total_costs_and_expenses_prior_year_quarter"", ""depth"": 0}, ""depth"": 1}, ""depth"": 1}","{""kind"": ""derived_concept"", ""name"": ""operating_income"", ""depth"": 0}",18798.0,3,0,1,694816212,604232337,42,0.432,0,1,2,4515_total_revenues_prior_year_quarter,total_revenues,total revenues,CRX,"Three Months Ended January 31, 2025",M_USD,38718.0,4525_total_costs_and_expenses_prior_year_quarter,total_costs_and_expenses,total costs and expenses,CRX,"Three Months Ended January 31, 2025",M_USD,19920.0,,,,,,,,,,,,,,,,,,,,,,,,,,,,,,,,,,,,,,,,,,,,,,,,,,,,,,,,,,,,,,,,,,,,,,,,,,,,,,,,,,,,
817,1,"what is the maximum of deferred revenue current for AST from December 31, 2024 to July 31, 2025 ?","max(4881_deferred_revenue_current_prior_fy_end, 4880_deferred_revenue_current_current_quarter_end)","{""op"": ""max"", ""left"": {""leaf"": ""4881_deferred_revenue_current_prior_fy_end"", ""depth"": 0}, ""right"": {""leaf"": ""4880_deferred_revenue_current_current_quarter_end"", ""depth"": 0}, ""depth"": 1}","{""kind"": ""time_agg"", ""op"": ""max"", ""depth"": 0}",477.0,3,0,1,669890022,618448583,42,0.587,0,1,2,4881_deferred_revenue_current_prior_fy_end,deferred_revenue_current,deferred revenue current,AST,"December 31, 2024",M_USD,474.0,4880_deferred_revenue_current_current_quarter_end,deferred_revenue_current,deferred revenue current,AST,"July 31, 2025",M_USD,477.0,,,,,,,,,,,,,,,,,,,,,,,,,,,,,,,,,,,,,,,,,,,,,,,,,,,,,,,,,,,,,,,,,,,,,,,,,,,,,,,,,,,,
823,1,"whats the value of the minimum of cost of technology services for CNS from Three Months Ended April 30, 2024 to Three Months Ended April 30, 2025?","min(6071_cos_technology_services_prior_year_quarter, 6067_cos_technology_services_current_quarter)","{""op"": ""min"", ""left"": {""leaf"": ""6071_cos_technology_services_prior_year_quarter"", ""depth"": 0}, ""right"": {""leaf"": ""6067_cos_technology_services_current_quarter"", ""depth"": 0}, ""depth"": 1}","{""kind"": ""time_agg"", ""op"": ""min"", ""depth"": 0}",913.0,1,0,1,930503924,96377903,42,0.161,0,1,2,6071_cos_technology_services_prior_year_quarter,cos_technology_services,cost of technology services,CNS,"Three Months Ended April 30, 2024",M_USD,913.0,6067_cos_technology_services_current_quarter,cos_technology_services,cost of technology services,CNS,"Three Months Ended April 30, 2025",M_USD,962.0,,,,,,,,,,,,,,,,,,,,,,,,,,,,,,,,,,,,,,,,,,,,,,,,,,,,,,,,,,,,,,,,,,,,,,,,,,,,,,,,,,,,
824,1,"What's the value of the gross profit for CLR in Nine Months Ended October 31, 2025?",gross_profit,"{""derived"": ""gross_profit"", ""expanded"": {""op"": ""diff"", ""left"": {""leaf"": ""134_total_revenues_current_ytd"", ""depth"": 0}, ""right"": {""leaf"": ""138_cost_of_sales_current_ytd"", ""depth"": 0}, ""depth"": 1}, ""depth"": 1}","{""kind"": ""derived_concept"", ""name"": ""gross_profit"", ""depth"": 0}",16977.0,2,0,1,869163510,955343491,42,0.301,0,1,2,134_total_revenues_current_ytd,total_revenues,total revenues,CLR,"Nine Months Ended October 31, 2025",M_USD,24930.0,138_cost_of_sales_current_ytd,cost_of_sales,cost of sales,CLR,"Nine Months Ended October 31, 2025",M_USD,7953.0,,,,,,,,,,,,,,,,,,,,,,,,,,,,,,,,,,,,,,,,,,,,,,,,,,,,,,,,,,,,,,,,,,,,,,,,,,,,,,,,,,,,
825,1,"which result follows from the maximum of total revenues for INF from Six Months Ended July 31, 2024 to Six Months Ended July 31, 2025","max(3621_total_revenues_prior_year_ytd, 3620_total_revenues_current_ytd)","{""op"": ""max"", ""left"": {""leaf"": ""3621_total_revenues_prior_year_ytd"", ""depth"": 0}, ""right"": {""leaf"": ""3620_total_revenues_current_ytd"", ""depth"": 0}, ""depth"": 1}","{""kind"": ""time_agg"", ""op"": ""max"", ""depth"": 0}",31368.0,3,0,1,159567103,276755364,42,0.532,0,1,2,3621_total_revenues_prior_year_ytd,total_revenues,total revenues,INF,"Six Months Ended July 31, 2024",M_USD,28946.0,3620_total_revenues_current_ytd,total_revenues,total revenues,INF,"Six Months Ended July 31, 2025",M_USD,31368.0,,,,,,,,,,,,,,,,,,,,,,,,,,,,,,,,,,,,,,,,,,,,,,,,,,,,,,,,,,,,,,,,,,,,,,,,,,,,,,,,,,,,
826,1,"Whats the value of the maximum of accounts payable for CRF from December 31, 2024 to October 31, 2025?","max(1755_accounts_payable_prior_fy_end, 1754_accounts_payable_current_quarter_end)","{""op"": ""max"", ""left"": {""leaf"": ""1755_accounts_payable_prior_fy_end"", ""depth"": 0}, ""right"": {""leaf"": ""1754_accounts_payable_current_quarter_end"", ""depth"": 0}, ""depth"": 1}","{""kind"": ""time_agg"", ""op"": ""max"", ""depth"": 0}",4278.0,1,0,1,757612217,827904014,42,0.411,0,1,2,1755_accounts_payable_prior_fy_end,accounts_payable,accounts payable,CRF,"December 31, 2024",M_USD,4278.0,1754_accounts_payable_current_quarter_end,accounts_payable,accounts payable,CRF,"October 31, 2025",M_USD,4172.0,,,,,,,,,,,,,,,,,,,,,,,,,,,,,,,,,,,,,,,,,,,,,,,,,,,,,,,,,,,,,,,,,,,,,,,,,,,,,,,,,,,,
828,1,"may you calculate the minimum of long term debt for PLX from September 30, 2025 to July 31, 2026?","min(4288_long_term_debt_current_quarter_end, 4289_long_term_debt_prior_fy_end)","{""op"": ""min"", ""left"": {""leaf"": ""4288_long_term_debt_current_quarter_end"", ""depth"": 0}, ""right"": {""leaf"": ""4289_long_term_debt_prior_fy_end"", ""depth"": 0}, ""depth"": 1}","{""kind"": ""time_agg"", ""op"": ""min"", ""depth"": 0}",2421.0,3,0,1,762905178,476902701,42,0.449,0,1,2,4288_long_term_debt_current_quarter_end,long_term_debt,long term debt,PLX,"July 31, 2026",M_USD,2842.0,4289_long_term_debt_prior_fy_end,long_term_debt,long term debt,PLX,"September 30, 2025",M_USD,2421.0,,,,,,,,,,,,,,,,,,,,,,,,,,,,,,,,,,,,,,,,,,,,,,,,,,,,,,,,,,,,,,,,,,,,,,,,,,,,,,,,,,,,
830,1,"which quantity is given by the free cash flow for JTX in Three Months Ended April 30, 2025",free_cash_flow,"{""derived"": ""free_cash_flow"", ""expanded"": {""op"": ""sum"", ""left"": {""leaf"": ""4022_net_cash_from_operating_current_ytd"", ""depth"": 0}, ""right"": {""leaf"": ""4024_capital_expenditures_current_ytd"", ""depth"": 0}, ""depth"": 1}, ""depth"": 1}","{""kind"": ""derived_concept"", ""name"": ""free_cash_flow"", ""depth"": 0}",1455.0,2,0,1,803227475,320529560,42,0.42,0,1,2,4022_net_cash_from_operating_current_ytd,net_cash_from_operating,net cash from operating,JTX,"Three Months Ended April 30, 2025",M_USD,2578.0,4024_capital_expenditures_current_ytd,capital_expenditures,capital expenditures,JTX,"Three Months Ended April 30, 2025",M_USD,-1123.0,,,,,,,,,,,,,,,,,,,,,,,,,,,,,,,,,,,,,,,,,,,,,,,,,,,,,,,,,,,,,,,,,,,,,,,,,,,,,,,,,,,,
831,1,"May you give the minimum of total non current liabilities for PRF from December 31, 2024 to April 30, 2025?","min(2228_total_non_current_liabilities_current_quarter_end, 2229_total_non_current_liabilities_prior_fy_end)","{""op"": ""min"", ""left"": {""leaf"": ""2228_total_non_current_liabilities_current_quarter_end"", ""depth"": 0}, ""right"": {""leaf"": ""2229_total_non_current_liabilities_prior_fy_end"", ""depth"": 0}, ""depth"": 1}","{""kind"": ""time_agg"", ""op"": ""min"", ""depth"": 0}",266.0,3,0,1,20394207,401523503,42,0.371,0,1,2,2228_total_non_current_liabilities_current_quarter_end,total_non_current_liabilities,total non current liabilities,PRF,"April 30, 2025",M_USD,278.0,2229_total_non_current_liabilities_prior_fy_end,total_non_current_liabilities,total non current liabilities,PRF,"December 31, 2024",M_USD,266.0,,,,,,,,,,,,,,,,,,,,,,,,,,,,,,,,,,,,,,,,,,,,,,,,,,,,,,,,,,,,,,,,,,,,,,,,,,,,,,,,,,,,
832,1,"calculate the difference between repayments of debt and foreign currency translation for CRF in Nine Months Ended October 31, 2024","diff(1811_repayments_of_debt_prior_ytd, 1829_foreign_currency_translation_prior_year_ytd)","{""op"": ""diff"", ""left"": {""leaf"": ""1811_repayments_of_debt_prior_ytd"", ""depth"": 0}, ""right"": {""leaf"": ""1829_foreign_currency_translation_prior_year_ytd"", ""depth"": 0}, ""depth"": 1}","{""op"": ""diff"", ""left"": {""kind"": ""leaf"", ""semantic_type_in"": [""amount""], ""depth"": 0}, ""right"": {""kind"": ""leaf"", ""semantic_type_in"": [""amount""], ""depth"": 0}, ""depth"": 1, ""kind"": ""node""}",-341.0,1,1,1,225781873,547902880,42,0.348,1,2,2,1811_repayments_of_debt_prior_ytd,repayments_of_debt,repayments of debt,CRF,"Nine Months Ended October 31, 2024",M_USD,-325.0,1829_foreign_currency_translation_prior_year_ytd,foreign_currency_translation,foreign currency translation,CRF,"Nine Months Ended October 31, 2024",M_USD,16.0,,,,,,,,,,,,,,,,,,,,,,,,,,,,,,,,,,,,,,,,,,,,,,,,,,,,,,,,,,,,,,,,,,,,,,,,,,,,,,,,,,,,
834,1,"Provide the maximum of selling general and administrative for TRD from Six Months Ended July 31, 2024 to Six Months Ended July 31, 2025 .","max(2317_selling_general_and_administrative_prior_year_ytd, 2316_selling_general_and_administrative_current_ytd)","{""op"": ""max"", ""left"": {""leaf"": ""2317_selling_general_and_administrative_prior_year_ytd"", ""depth"": 0}, ""right"": {""leaf"": ""2316_selling_general_and_administrative_current_ytd"", ""depth"": 0}, ""depth"": 1}","{""kind"": ""time_agg"", ""op"": ""max"", ""depth"": 0}",35012.0,2,0,1,457911854,380377460,42,0.2,0,1,2,2317_selling_general_and_administrative_prior_year_ytd,selling_general_and_administrative,selling general and administrative,TRD,"Six Months Ended July 31, 2024",M_USD,35012.0,2316_selling_general_and_administrative_current_ytd,selling_general_and_administrative,selling general and administrative,TRD,"Six Months Ended July 31, 2025",M_USD,33164.0,,,,,,,,,,,,,,,,,,,,,,,,,,,,,,,,,,,,,,,,,,,,,,,,,,,,,,,,,,,,,,,,,,,,,,,,,,,,,,,,,,,,
835,1,"You should calculate the maximum of selling general and administrative for BLD from Six Months Ended July 31, 2024 to Six Months Ended July 31, 2025.","max(2657_selling_general_and_administrative_prior_year_ytd, 2656_selling_general_and_administrative_current_ytd)","{""op"": ""max"", ""left"": {""leaf"": ""2657_selling_general_and_administrative_prior_year_ytd"", ""depth"": 0}, ""right"": {""leaf"": ""2656_selling_general_and_administrative_current_ytd"", ""depth"": 0}, ""depth"": 1}","{""kind"": ""time_agg"", ""op"": ""max"", ""depth"": 0}",1608.0,1,0,1,715801868,904641168,42,0.284,0,1,2,2657_selling_general_and_administrative_prior_year_ytd,selling_general_and_administrative,selling general and administrative,BLD,"Six Months Ended July 31, 2024",M_USD,1608.0,2656_selling_general_and_administrative_current_ytd,selling_general_and_administrative,selling general and administrative,BLD,"Six Months Ended July 31, 2025",M_USD,1450.0,,,,,,,,,,,,,,,,,,,,,,,,,,,,,,,,,,,,,,,,,,,,,,,,,,,,,,,,,,,,,,,,,,,,,,,,,,,,,,,,,,,,
841,1,"which value corresponds to the minimum of proceeds from stock option exercises for HRZ from Three Months Ended April 30, 2024 to Three Months Ended April 30, 2025?","min(7277_proceeds_from_stock_option_exercises_prior_ytd, 7276_proceeds_from_stock_option_exercises_current_ytd)","{""op"": ""min"", ""left"": {""leaf"": ""7277_proceeds_from_stock_option_exercises_prior_ytd"", ""depth"": 0}, ""right"": {""leaf"": ""7276_proceeds_from_stock_option_exercises_current_ytd"", ""depth"": 0}, ""depth"": 1}","{""kind"": ""time_agg"", ""op"": ""min"", ""depth"": 0}",17.0,3,0,1,754463524,516237958,42,0.307,0,1,2,7277_proceeds_from_stock_option_exercises_prior_ytd,proceeds_from_stock_option_exercises,proceeds from stock option exercises,HRZ,"Three Months Ended April 30, 2024",M_USD,17.0,7276_proceeds_from_stock_option_exercises_current_ytd,proceeds_from_stock_option_exercises,proceeds from stock option exercises,HRZ,"Three Months Ended April 30, 2025",M_USD,28.0,,,,,,,,,,,,,,,,,,,,,,,,,,,,,,,,,,,,,,,,,,,,,,,,,,,,,,,,,,,,,,,,,,,,,,,,,,,,,,,,,,,,
843,1,"Whats the value of the minimum of stock based compensation for CNS from Three Months Ended April 30, 2024 to Three Months Ended April 30, 2025 ?","min(6017_stock_based_compensation_prior_ytd, 6016_stock_based_compensation_current_ytd)","{""op"": ""min"", ""left"": {""leaf"": ""6017_stock_based_compensation_prior_ytd"", ""depth"": 0}, ""right"": {""leaf"": ""6016_stock_based_compensation_current_ytd"", ""depth"": 0}, ""depth"": 1}","{""kind"": ""time_agg"", ""op"": ""min"", ""depth"": 0}",80.0,3,0,1,15156131,257844584,42,0.137,0,1,2,6017_stock_based_compensation_prior_ytd,stock_based_compensation,stock based compensation,CNS,"Three Months Ended April 30, 2024",M_USD,80.0,6016_stock_based_compensation_current_ytd,stock_based_compensation,stock based compensation,CNS,"Three Months Ended April 30, 2025",M_USD,84.0,,,,,,,,,,,,,,,,,,,,,,,,,,,,,,,,,,,,,,,,,,,,,,,,,,,,,,,,,,,,,,,,,,,,,,,,,,,,,,,,,,,,
844,1,"Evaluate the operating income for FIN in Three Months Ended April 30, 2024 .",operating_income,"{""derived"": ""operating_income"", ""expanded"": {""op"": ""diff"", ""left"": {""leaf"": ""4081_total_revenues_prior_year_quarter"", ""depth"": 0}, ""right"": {""leaf"": ""4089_total_costs_and_expenses_prior_year_quarter"", ""depth"": 0}, ""depth"": 1}, ""depth"": 1}","{""kind"": ""derived_concept"", ""name"": ""operating_income"", ""depth"": 0}",1313.0,5,0,1,304986091,150020167,42,0.491,0,1,2,4081_total_revenues_prior_year_quarter,total_revenues,total revenues,FIN,"Three Months Ended April 30, 2024",M_USD,10926.0,4089_total_costs_and_expenses_prior_year_quarter,total_costs_and_expenses,total costs and expenses,FIN,"Three Months Ended April 30, 2024",M_USD,9613.0,,,,,,,,,,,,,,,,,,,,,,,,,,,,,,,,,,,,,,,,,,,,,,,,,,,,,,,,,,,,,,,,,,,,,,,,,,,,,,,,,,,,
845,1,"what is the value of the maximum of total costs and expenses for BRX from Six Months Ended July 31, 2024 to Six Months Ended July 31, 2025","max(491_total_costs_and_expenses_prior_year_ytd, 490_total_costs_and_expenses_current_ytd)","{""op"": ""max"", ""left"": {""leaf"": ""491_total_costs_and_expenses_prior_year_ytd"", ""depth"": 0}, ""right"": {""leaf"": ""490_total_costs_and_expenses_current_ytd"", ""depth"": 0}, ""depth"": 1}","{""kind"": ""time_agg"", ""op"": ""max"", ""depth"": 0}",104996.0,4,0,1,602946691,625261836,42,0.363,0,1,2,491_total_costs_and_expenses_prior_year_ytd,total_costs_and_expenses,total costs and expenses,BRX,"Six Months Ended July 31, 2024",M_USD,104996.0,490_total_costs_and_expenses_current_ytd,total_costs_and_expenses,total costs and expenses,BRX,"Six Months Ended July 31, 2025",M_USD,102832.0,,,,,,,,,,,,,,,,,,,,,,,,,,,,,,,,,,,,,,,,,,,,,,,,,,,,,,,,,,,,,,,,,,,,,,,,,,,,,,,,,,,,
847,1,"Could you give the operating income for NET in Nine Months Ended October 31, 2025 ?",operating_income,"{""derived"": ""operating_income"", ""expanded"": {""op"": ""diff"", ""left"": {""leaf"": ""6414_total_revenues_current_ytd"", ""depth"": 0}, ""right"": {""leaf"": ""6434_total_costs_and_expenses_current_ytd"", ""depth"": 0}, ""depth"": 1}, ""depth"": 1}","{""kind"": ""derived_concept"", ""name"": ""operating_income"", ""depth"": 0}",14547.0,5,0,1,277614080,83481455,42,0.567,0,1,2,6414_total_revenues_current_ytd,total_revenues,total revenues,NET,"Nine Months Ended October 31, 2025",M_USD,59019.0,6434_total_costs_and_expenses_current_ytd,total_costs_and_expenses,total costs and expenses,NET,"Nine Months Ended October 31, 2025",M_USD,44472.0,,,,,,,,,,,,,,,,,,,,,,,,,,,,,,,,,,,,,,,,,,,,,,,,,,,,,,,,,,,,,,,,,,,,,,,,,,,,,,,,,,,,
848,1,"Whats the value of the maximum of gross profit for CRX from Three Months Ended January 31, 2025 to Three Months Ended January 31, 2026?","max(4519_gross_profit_prior_year_quarter, 4518_gross_profit_current_quarter)","{""op"": ""max"", ""left"": {""leaf"": ""4519_gross_profit_prior_year_quarter"", ""depth"": 0}, ""right"": {""leaf"": ""4518_gross_profit_current_quarter"", ""depth"": 0}, ""depth"": 1}","{""kind"": ""time_agg"", ""op"": ""max"", ""depth"": 0}",27515.0,4,0,1,388851613,417495172,42,0.492,0,1,2,4519_gross_profit_prior_year_quarter,gross_profit,gross profit,CRX,"Three Months Ended January 31, 2025",M_USD,27515.0,4518_gross_profit_current_quarter,gross_profit,gross profit,CRX,"Three Months Ended January 31, 2026",M_USD,26594.0,,,,,,,,,,,,,,,,,,,,,,,,,,,,,,,,,,,,,,,,,,,,,,,,,,,,,,,,,,,,,,,,,,,,,,,,,,,,,,,,,,,,
849,1,"what's the value of the minimum of total non current liabilities for CIV from December 31, 2024 to October 31, 2025","min(2885_total_non_current_liabilities_prior_fy_end, 2884_total_non_current_liabilities_current_quarter_end)","{""op"": ""min"", ""left"": {""leaf"": ""2885_total_non_current_liabilities_prior_fy_end"", ""depth"": 0}, ""right"": {""leaf"": ""2884_total_non_current_liabilities_current_quarter_end"", ""depth"": 0}, ""depth"": 1}","{""kind"": ""time_agg"", ""op"": ""min"", ""depth"": 0}",909.0,3,0,1,474490688,477917398,42,0.23,0,1,2,2885_total_non_current_liabilities_prior_fy_end,total_non_current_liabilities,total non current liabilities,CIV,"December 31, 2024",M_USD,909.0,2884_total_non_current_liabilities_current_quarter_end,total_non_current_liabilities,total non current liabilities,CIV,"October 31, 2025",M_USD,973.0,,,,,,,,,,,,,,,,,,,,,,,,,,,,,,,,,,,,,,,,,,,,,,,,,,,,,,,,,,,,,,,,,,,,,,,,,,,,,,,,,,,,
851,1,"what is the value of the maximum of shares used diluted for CAP from Nine Months Ended October 31, 2024 to Nine Months Ended October 31, 2025?","max(5787_shares_used_diluted_prior_year_ytd, 5786_shares_used_diluted_current_ytd)","{""op"": ""max"", ""left"": {""leaf"": ""5787_shares_used_diluted_prior_year_ytd"", ""depth"": 0}, ""right"": {""leaf"": ""5786_shares_used_diluted_current_ytd"", ""depth"": 0}, ""depth"": 1}","{""kind"": ""time_agg"", ""op"": ""max"", ""depth"": 0}",2859160.0,2,0,1,912315608,49241776,42,0.507,0,1,2,5787_shares_used_diluted_prior_year_ytd,shares_used_diluted,shares used diluted,CAP,"Nine Months Ended October 31, 2024",M_shares,2859160.0,5786_shares_used_diluted_current_ytd,shares_used_diluted,shares used diluted,CAP,"Nine Months Ended October 31, 2025",M_shares,2775219.0,,,,,,,,,,,,,,,,,,,,,,,,,,,,,,,,,,,,,,,,,,,,,,,,,,,,,,,,,,,,,,,,,,,,,,,,,,,,,,,,,,,,
854,1,"you should give the minimum of total liabilities for WHL from December 31, 2024 to July 31, 2025.","min(7387_total_liabilities_prior_fy_end, 7386_total_liabilities_current_quarter_end)","{""op"": ""min"", ""left"": {""leaf"": ""7387_total_liabilities_prior_fy_end"", ""depth"": 0}, ""right"": {""leaf"": ""7386_total_liabilities_current_quarter_end"", ""depth"": 0}, ""depth"": 1}","{""kind"": ""time_agg"", ""op"": ""min"", ""depth"": 0}",12311.0,5,0,1,1413428,195835086,42,0.158,0,1,2,7387_total_liabilities_prior_fy_end,total_liabilities,total liabilities,WHL,"December 31, 2024",M_USD,12311.0,7386_total_liabilities_current_quarter_end,total_liabilities,total liabilities,WHL,"July 31, 2025",M_USD,12971.0,,,,,,,,,,,,,,,,,,,,,,,,,,,,,,,,,,,,,,,,,,,,,,,,,,,,,,,,,,,,,,,,,,,,,,,,,,,,,,,,,,,,
859,1,"provide the gross profit for TPH in Nine Months Ended October 31, 2024",gross_profit,"{""derived"": ""gross_profit"", ""expanded"": {""op"": ""diff"", ""left"": {""leaf"": ""2465_total_revenues_prior_year_ytd"", ""depth"": 0}, ""right"": {""leaf"": ""2469_cost_of_sales_prior_year_ytd"", ""depth"": 0}, ""depth"": 1}, ""depth"": 1}","{""kind"": ""derived_concept"", ""name"": ""gross_profit"", ""depth"": 0}",45648.0,5,0,1,253789889,38511981,42,0.576,0,1,2,2465_total_revenues_prior_year_ytd,total_revenues,total revenues,TPH,"Nine Months Ended October 31, 2024",M_USD,61272.0,2469_cost_of_sales_prior_year_ytd,cost_of_sales,cost of sales,TPH,"Nine Months Ended October 31, 2024",M_USD,15624.0,,,,,,,,,,,,,,,,,,,,,,,,,,,,,,,,,,,,,,,,,,,,,,,,,,,,,,,,,,,,,,,,,,,,,,,,,,,,,,,,,,,,
860,1,"State the minimum of long term debt for VTL from December 31, 2024 to April 30, 2025","min(58_long_term_debt_current_quarter_end, 59_long_term_debt_prior_fy_end)","{""op"": ""min"", ""left"": {""leaf"": ""58_long_term_debt_current_quarter_end"", ""depth"": 0}, ""right"": {""leaf"": ""59_long_term_debt_prior_fy_end"", ""depth"": 0}, ""depth"": 1}","{""kind"": ""time_agg"", ""op"": ""min"", ""depth"": 0}",648.0,1,0,1,645996186,287676333,42,0.238,0,1,2,58_long_term_debt_current_quarter_end,long_term_debt,long term debt,VTL,"April 30, 2025",M_USD,648.0,59_long_term_debt_prior_fy_end,long_term_debt,long term debt,VTL,"December 31, 2024",M_USD,657.0,,,,,,,,,,,,,,,,,,,,,,,,,,,,,,,,,,,,,,,,,,,,,,,,,,,,,,,,,,,,,,,,,,,,,,,,,,,,,,,,,,,,
862,1,"State the free cash flow for TXN in Three Months Ended April 30, 2025 .",free_cash_flow,"{""derived"": ""free_cash_flow"", ""expanded"": {""op"": ""sum"", ""left"": {""leaf"": ""7654_net_cash_from_operating_current_ytd"", ""depth"": 0}, ""right"": {""leaf"": ""7656_capital_expenditures_current_ytd"", ""depth"": 0}, ""depth"": 1}, ""depth"": 1}","{""kind"": ""derived_concept"", ""name"": ""free_cash_flow"", ""depth"": 0}",14562.0,3,0,1,943792383,26693993,42,0.136,0,1,2,7654_net_cash_from_operating_current_ytd,net_cash_from_operating,net cash from operating,TXN,"Three Months Ended April 30, 2025",M_USD,20997.0,7656_capital_expenditures_current_ytd,capital_expenditures,capital expenditures,TXN,"Three Months Ended April 30, 2025",M_USD,-6435.0,,,,,,,,,,,,,,,,,,,,,,,,,,,,,,,,,,,,,,,,,,,,,,,,,,,,,,,,,,,,,,,,,,,,,,,,,,,,,,,,,,,,
863,1,"may you give the minimum of net cash from operating for SCI from Six Months Ended July 31, 2024 to Six Months Ended July 31, 2025","min(5233_net_cash_from_operating_prior_ytd, 5232_net_cash_from_operating_current_ytd)","{""op"": ""min"", ""left"": {""leaf"": ""5233_net_cash_from_operating_prior_ytd"", ""depth"": 0}, ""right"": {""leaf"": ""5232_net_cash_from_operating_current_ytd"", ""depth"": 0}, ""depth"": 1}","{""kind"": ""time_agg"", ""op"": ""min"", ""depth"": 0}",1762.0,4,0,1,553178936,476218714,42,0.462,0,1,2,5233_net_cash_from_operating_prior_ytd,net_cash_from_operating,net cash from operating,SCI,"Six Months Ended July 31, 2024",M_USD,1762.0,5232_net_cash_from_operating_current_ytd,net_cash_from_operating,net cash from operating,SCI,"Six Months Ended July 31, 2025",M_USD,1884.0,,,,,,,,,,,,,,,,,,,,,,,,,,,,,,,,,,,,,,,,,,,,,,,,,,,,,,,,,,,,,,,,,,,,,,,,,,,,,,,,,,,,
865,1,"Calculate the maximum of comprehensive income for MDI from Three Months Ended October 31, 2024 to Three Months Ended October 31, 2025","max(5631_comprehensive_income_prior_year_quarter, 5630_comprehensive_income_current_quarter)","{""op"": ""max"", ""left"": {""leaf"": ""5631_comprehensive_income_prior_year_quarter"", ""depth"": 0}, ""right"": {""leaf"": ""5630_comprehensive_income_current_quarter"", ""depth"": 0}, ""depth"": 1}","{""kind"": ""time_agg"", ""op"": ""max"", ""depth"": 0}",3019.0,1,0,1,184710863,268859649,42,0.577,0,1,2,5631_comprehensive_income_prior_year_quarter,comprehensive_income,comprehensive income,MDI,"Three Months Ended October 31, 2024",M_USD,2556.0,5630_comprehensive_income_current_quarter,comprehensive_income,comprehensive income,MDI,"Three Months Ended October 31, 2025",M_USD,3019.0,,,,,,,,,,,,,,,,,,,,,,,,,,,,,,,,,,,,,,,,,,,,,,,,,,,,,,,,,,,,,,,,,,,,,,,,,,,,,,,,,,,,
866,1,"what does the following give: minimum of comprehensive income for GLP from Nine Months Ended October 31, 2024 to Nine Months Ended October 31, 2025?","min(7047_comprehensive_income_prior_year_ytd, 7046_comprehensive_income_current_ytd)","{""op"": ""min"", ""left"": {""leaf"": ""7047_comprehensive_income_prior_year_ytd"", ""depth"": 0}, ""right"": {""leaf"": ""7046_comprehensive_income_current_ytd"", ""depth"": 0}, ""depth"": 1}","{""kind"": ""time_agg"", ""op"": ""min"", ""depth"": 0}",38559.0,3,0,1,77906259,503652755,42,0.285,0,1,2,7047_comprehensive_income_prior_year_ytd,comprehensive_income,comprehensive income,GLP,"Nine Months Ended October 31, 2024",M_USD,42765.0,7046_comprehensive_income_current_ytd,comprehensive_income,comprehensive income,GLP,"Nine Months Ended October 31, 2025",M_USD,38559.0,,,,,,,,,,,,,,,,,,,,,,,,,,,,,,,,,,,,,,,,,,,,,,,,,,,,,,,,,,,,,,,,,,,,,,,,,,,,,,,,,,,,
867,1,"Which value corresponds to the gross profit for HLT in Three Months Ended October 31, 2024?",gross_profit,"{""derived"": ""gross_profit"", ""expanded"": {""op"": ""diff"", ""left"": {""leaf"": ""629_total_revenues_prior_year_quarter"", ""depth"": 0}, ""right"": {""leaf"": ""633_cost_of_sales_prior_year_quarter"", ""depth"": 0}, ""depth"": 1}, ""depth"": 1}","{""kind"": ""derived_concept"", ""name"": ""gross_profit"", ""depth"": 0}",5176.0,3,0,1,344805772,635353450,42,0.565,0,1,2,629_total_revenues_prior_year_quarter,total_revenues,total revenues,HLT,"Three Months Ended October 31, 2024",M_USD,13143.0,633_cost_of_sales_prior_year_quarter,cost_of_sales,cost of sales,HLT,"Three Months Ended October 31, 2024",M_USD,7967.0,,,,,,,,,,,,,,,,,,,,,,,,,,,,,,,,,,,,,,,,,,,,,,,,,,,,,,,,,,,,,,,,,,,,,,,,,,,,,,,,,,,,
868,1,"give the maximum of property plant and equipment net for SKY from December 31, 2024 to April 30, 2025.","max(5850_property_plant_and_equipment_net_current_quarter_end, 5851_property_plant_and_equipment_net_prior_fy_end)","{""op"": ""max"", ""left"": {""leaf"": ""5850_property_plant_and_equipment_net_current_quarter_end"", ""depth"": 0}, ""right"": {""leaf"": ""5851_property_plant_and_equipment_net_prior_fy_end"", ""depth"": 0}, ""depth"": 1}","{""kind"": ""time_agg"", ""op"": ""max"", ""depth"": 0}",4844.0,2,0,1,473845039,803573193,42,0.376,0,1,2,5850_property_plant_and_equipment_net_current_quarter_end,property_plant_and_equipment_net,property plant and equipment net,SKY,"April 30, 2025",M_USD,4815.0,5851_property_plant_and_equipment_net_prior_fy_end,property_plant_and_equipment_net,property plant and equipment net,SKY,"December 31, 2024",M_USD,4844.0,,,,,,,,,,,,,,,,,,,,,,,,,,,,,,,,,,,,,,,,,,,,,,,,,,,,,,,,,,,,,,,,,,,,,,,,,,,,,,,,,,,,
869,1,"which result follows from the maximum of Passenger revenue for JTX from Three Months Ended April 30, 2024 to Three Months Ended April 30, 2025","max(4078_passenger_revenue_prior_year_quarter, 4076_passenger_revenue_current_quarter)","{""op"": ""max"", ""left"": {""leaf"": ""4078_passenger_revenue_prior_year_quarter"", ""depth"": 0}, ""right"": {""leaf"": ""4076_passenger_revenue_current_quarter"", ""depth"": 0}, ""depth"": 1}","{""kind"": ""time_agg"", ""op"": ""max"", ""depth"": 0}",12145.0,4,0,1,415117388,81981844,42,0.339,0,1,2,4078_passenger_revenue_prior_year_quarter,passenger_revenue,Passenger revenue,JTX,"Three Months Ended April 30, 2024",M_USD,11893.0,4076_passenger_revenue_current_quarter,passenger_revenue,Passenger revenue,JTX,"Three Months Ended April 30, 2025",M_USD,12145.0,,,,,,,,,,,,,,,,,,,,,,,,,,,,,,,,,,,,,,,,,,,,,,,,,,,,,,,,,,,,,,,,,,,,,,,,,,,,,,,,,,,,
875,1,"You should calculate the minimum of total liabilities for NVH from December 31, 2024 to October 31, 2025.","min(6677_total_liabilities_prior_fy_end, 6676_total_liabilities_current_quarter_end)","{""op"": ""min"", ""left"": {""leaf"": ""6677_total_liabilities_prior_fy_end"", ""depth"": 0}, ""right"": {""leaf"": ""6676_total_liabilities_current_quarter_end"", ""depth"": 0}, ""depth"": 1}","{""kind"": ""time_agg"", ""op"": ""min"", ""depth"": 0}",16225.0,2,0,1,93482577,145632083,42,0.414,0,1,2,6677_total_liabilities_prior_fy_end,total_liabilities,total liabilities,NVH,"December 31, 2024",M_USD,16225.0,6676_total_liabilities_current_quarter_end,total_liabilities,total liabilities,NVH,"October 31, 2025",M_USD,17556.0,,,,,,,,,,,,,,,,,,,,,,,,,,,,,,,,,,,,,,,,,,,,,,,,,,,,,,,,,,,,,,,,,,,,,,,,,,,,,,,,,,,,
876,1,"could you give the gross profit for MTX in Nine Months Ended October 31, 2024?",gross_profit,"{""derived"": ""gross_profit"", ""expanded"": {""op"": ""diff"", ""left"": {""leaf"": ""5317_total_revenues_prior_year_ytd"", ""depth"": 0}, ""right"": {""leaf"": ""5321_cost_of_sales_prior_year_ytd"", ""depth"": 0}, ""depth"": 1}, ""depth"": 1}","{""kind"": ""derived_concept"", ""name"": ""gross_profit"", ""depth"": 0}",20517.0,4,0,1,60908445,302969186,42,0.253,0,1,2,5317_total_revenues_prior_year_ytd,total_revenues,total revenues,MTX,"Nine Months Ended October 31, 2024",M_USD,74415.0,5321_cost_of_sales_prior_year_ytd,cost_of_sales,cost of sales,MTX,"Nine Months Ended October 31, 2024",M_USD,53898.0,,,,,,,,,,,,,,,,,,,,,,,,,,,,,,,,,,,,,,,,,,,,,,,,,,,,,,,,,,,,,,,,,,,,,,,,,,,,,,,,,,,,
877,1,"what is the value of the minimum of net cash from operating for BRX from Six Months Ended July 31, 2024 to Six Months Ended July 31, 2025 ?","min(563_net_cash_from_operating_prior_ytd, 562_net_cash_from_operating_current_ytd)","{""op"": ""min"", ""left"": {""leaf"": ""563_net_cash_from_operating_prior_ytd"", ""depth"": 0}, ""right"": {""leaf"": ""562_net_cash_from_operating_current_ytd"", ""depth"": 0}, ""depth"": 1}","{""kind"": ""time_agg"", ""op"": ""min"", ""depth"": 0}",37748.0,2,0,1,316062348,434921585,42,0.335,0,1,2,563_net_cash_from_operating_prior_ytd,net_cash_from_operating,net cash from operating,BRX,"Six Months Ended July 31, 2024",M_USD,37748.0,562_net_cash_from_operating_current_ytd,net_cash_from_operating,net cash from operating,BRX,"Six Months Ended July 31, 2025",M_USD,38927.0,,,,,,,,,,,,,,,,,,,,,,,,,,,,,,,,,,,,,,,,,,,,,,,,,,,,,,,,,,,,,,,,,,,,,,,,,,,,,,,,,,,,
878,1,"Evaluate the maximum of total revenues for FAB from Six Months Ended July 31, 2024 to Six Months Ended July 31, 2025.","max(3797_total_revenues_prior_year_ytd, 3796_total_revenues_current_ytd)","{""op"": ""max"", ""left"": {""leaf"": ""3797_total_revenues_prior_year_ytd"", ""depth"": 0}, ""right"": {""leaf"": ""3796_total_revenues_current_ytd"", ""depth"": 0}, ""depth"": 1}","{""kind"": ""time_agg"", ""op"": ""max"", ""depth"": 0}",67432.0,4,0,1,326819748,448992699,42,0.407,0,1,2,3797_total_revenues_prior_year_ytd,total_revenues,total revenues,FAB,"Six Months Ended July 31, 2024",M_USD,67432.0,3796_total_revenues_current_ytd,total_revenues,total revenues,FAB,"Six Months Ended July 31, 2025",M_USD,59564.0,,,,,,,,,,,,,,,,,,,,,,,,,,,,,,,,,,,,,,,,,,,,,,,,,,,,,,,,,,,,,,,,,,,,,,,,,,,,,,,,,,,,
879,1,"what is the value of the gross profit for CAP in Nine Months Ended October 31, 2024 ?",gross_profit,"{""derived"": ""gross_profit"", ""expanded"": {""op"": ""diff"", ""left"": {""leaf"": ""5653_total_revenues_prior_year_ytd"", ""depth"": 0}, ""right"": {""leaf"": ""5657_cost_of_sales_prior_year_ytd"", ""depth"": 0}, ""depth"": 1}, ""depth"": 1}","{""kind"": ""derived_concept"", ""name"": ""gross_profit"", ""depth"": 0}",41805.0,3,0,1,649436502,370533238,42,0.226,0,1,2,5653_total_revenues_prior_year_ytd,total_revenues,total revenues,CAP,"Nine Months Ended October 31, 2024",M_USD,70170.0,5657_cost_of_sales_prior_year_ytd,cost_of_sales,cost of sales,CAP,"Nine Months Ended October 31, 2024",M_USD,28365.0,,,,,,,,,,,,,,,,,,,,,,,,,,,,,,,,,,,,,,,,,,,,,,,,,,,,,,,,,,,,,,,,,,,,,,,,,,,,,,,,,,,,
882,1,"Which result follows from the operating income for INF in Six Months Ended July 31, 2025 ?",operating_income,"{""derived"": ""operating_income"", ""expanded"": {""op"": ""diff"", ""left"": {""leaf"": ""3620_total_revenues_current_ytd"", ""depth"": 0}, ""right"": {""leaf"": ""3640_total_costs_and_expenses_current_ytd"", ""depth"": 0}, ""depth"": 1}, ""depth"": 1}","{""kind"": ""derived_concept"", ""name"": ""operating_income"", ""depth"": 0}",6258.0,4,0,1,373853144,783190982,42,0.323,0,1,2,3620_total_revenues_current_ytd,total_revenues,total revenues,INF,"Six Months Ended July 31, 2025",M_USD,31368.0,3640_total_costs_and_expenses_current_ytd,total_costs_and_expenses,total costs and expenses,INF,"Six Months Ended July 31, 2025",M_USD,25110.0,,,,,,,,,,,,,,,,,,,,,,,,,,,,,,,,,,,,,,,,,,,,,,,,,,,,,,,,,,,,,,,,,,,,,,,,,,,,,,,,,,,,
888,1,"Which quantity is given by the minimum of inventories for MRT from December 31, 2024 to April 30, 2025?","min(1586_inventories_current_quarter_end, 1587_inventories_prior_fy_end)","{""op"": ""min"", ""left"": {""leaf"": ""1586_inventories_current_quarter_end"", ""depth"": 0}, ""right"": {""leaf"": ""1587_inventories_prior_fy_end"", ""depth"": 0}, ""depth"": 1}","{""kind"": ""time_agg"", ""op"": ""min"", ""depth"": 0}",14246.0,4,0,1,216028091,33731734,42,0.354,0,1,2,1586_inventories_current_quarter_end,inventories,inventories,MRT,"April 30, 2025",M_USD,16501.0,1587_inventories_prior_fy_end,inventories,inventories,MRT,"December 31, 2024",M_USD,14246.0,,,,,,,,,,,,,,,,,,,,,,,,,,,,,,,,,,,,,,,,,,,,,,,,,,,,,,,,,,,,,,,,,,,,,,,,,,,,,,,,,,,,
889,1,"may you calculate the minimum of long term debt for PRD from December 31, 2024 to October 31, 2025 ?","min(1925_long_term_debt_prior_fy_end, 1924_long_term_debt_current_quarter_end)","{""op"": ""min"", ""left"": {""leaf"": ""1925_long_term_debt_prior_fy_end"", ""depth"": 0}, ""right"": {""leaf"": ""1924_long_term_debt_current_quarter_end"", ""depth"": 0}, ""depth"": 1}","{""kind"": ""time_agg"", ""op"": ""min"", ""depth"": 0}",3985.0,1,0,1,963005162,90845278,42,0.498,0,1,2,1925_long_term_debt_prior_fy_end,long_term_debt,long term debt,PRD,"December 31, 2024",M_USD,3985.0,1924_long_term_debt_current_quarter_end,long_term_debt,long term debt,PRD,"October 31, 2025",M_USD,4410.0,,,,,,,,,,,,,,,,,,,,,,,,,,,,,,,,,,,,,,,,,,,,,,,,,,,,,,,,,,,,,,,,,,,,,,,,,,,,,,,,,,,,
891,1,"whats the value of the maximum of total non current assets for CLR from December 31, 2024 to October 31, 2025 ?","max(201_total_non_current_assets_prior_fy_end, 200_total_non_current_assets_current_quarter_end)","{""op"": ""max"", ""left"": {""leaf"": ""201_total_non_current_assets_prior_fy_end"", ""depth"": 0}, ""right"": {""leaf"": ""200_total_non_current_assets_current_quarter_end"", ""depth"": 0}, ""depth"": 1}","{""kind"": ""time_agg"", ""op"": ""max"", ""depth"": 0}",7450.0,2,0,1,156003868,558665466,42,0.267,0,1,2,201_total_non_current_assets_prior_fy_end,total_non_current_assets,total non current assets,CLR,"December 31, 2024",M_USD,7138.0,200_total_non_current_assets_current_quarter_end,total_non_current_assets,total non current assets,CLR,"October 31, 2025",M_USD,7450.0,,,,,,,,,,,,,,,,,,,,,,,,,,,,,,,,,,,,,,,,,,,,,,,,,,,,,,,,,,,,,,,,,,,,,,,,,,,,,,,,,,,,
892,1,"what's the value of the maximum of other non current liabilities for CIV from December 31, 2024 to October 31, 2025","max(2883_other_non_current_liabilities_prior_fy_end, 2882_other_non_current_liabilities_current_quarter_end)","{""op"": ""max"", ""left"": {""leaf"": ""2883_other_non_current_liabilities_prior_fy_end"", ""depth"": 0}, ""right"": {""leaf"": ""2882_other_non_current_liabilities_current_quarter_end"", ""depth"": 0}, ""depth"": 1}","{""kind"": ""time_agg"", ""op"": ""max"", ""depth"": 0}",116.0,1,0,1,458544691,635981621,42,0.168,0,1,2,2883_other_non_current_liabilities_prior_fy_end,other_non_current_liabilities,other non current liabilities,CIV,"December 31, 2024",M_USD,108.0,2882_other_non_current_liabilities_current_quarter_end,other_non_current_liabilities,other non current liabilities,CIV,"October 31, 2025",M_USD,116.0,,,,,,,,,,,,,,,,,,,,,,,,,,,,,,,,,,,,,,,,,,,,,,,,,,,,,,,,,,,,,,,,,,,,,,,,,,,,,,,,,,,,
894,1,"determine the maximum of accrued expenses and other for WNG from December 31, 2024 to April 30, 2025 .","max(7508_accrued_expenses_and_other_current_quarter_end, 7509_accrued_expenses_and_other_prior_fy_end)","{""op"": ""max"", ""left"": {""leaf"": ""7508_accrued_expenses_and_other_current_quarter_end"", ""depth"": 0}, ""right"": {""leaf"": ""7509_accrued_expenses_and_other_prior_fy_end"", ""depth"": 0}, ""depth"": 1}","{""kind"": ""time_agg"", ""op"": ""max"", ""depth"": 0}",1210.0,3,0,1,531537328,508980302,42,0.139,0,1,2,7508_accrued_expenses_and_other_current_quarter_end,accrued_expenses_and_other,accrued expenses and other,WNG,"April 30, 2025",M_USD,1210.0,7509_accrued_expenses_and_other_prior_fy_end,accrued_expenses_and_other,accrued expenses and other,WNG,"December 31, 2024",M_USD,1048.0,,,,,,,,,,,,,,,,,,,,,,,,,,,,,,,,,,,,,,,,,,,,,,,,,,,,,,,,,,,,,,,,,,,,,,,,,,,,,,,,,,,,
895,1,"you should calculate the maximum of cash and cash equivalents for CLR from December 31, 2024 to October 31, 2025","max(181_cash_and_cash_equivalents_prior_fy_end, 180_cash_and_cash_equivalents_current_quarter_end)","{""op"": ""max"", ""left"": {""leaf"": ""181_cash_and_cash_equivalents_prior_fy_end"", ""depth"": 0}, ""right"": {""leaf"": ""180_cash_and_cash_equivalents_current_quarter_end"", ""depth"": 0}, ""depth"": 1}","{""kind"": ""time_agg"", ""op"": ""max"", ""depth"": 0}",1694.0,5,0,1,445661901,789744407,42,0.291,0,1,2,181_cash_and_cash_equivalents_prior_fy_end,cash_and_cash_equivalents,cash and cash equivalents,CLR,"December 31, 2024",M_USD,1623.0,180_cash_and_cash_equivalents_current_quarter_end,cash_and_cash_equivalents,cash and cash equivalents,CLR,"October 31, 2025",M_USD,1694.0,,,,,,,,,,,,,,,,,,,,,,,,,,,,,,,,,,,,,,,,,,,,,,,,,,,,,,,,,,,,,,,,,,,,,,,,,,,,,,,,,,,,
897,1,"Calculate the minimum of research and development for SUP from Three Months Ended April 30, 2024 to Three Months Ended April 30, 2025.","min(975_research_and_development_prior_year_quarter, 974_research_and_development_current_quarter)","{""op"": ""min"", ""left"": {""leaf"": ""975_research_and_development_prior_year_quarter"", ""depth"": 0}, ""right"": {""leaf"": ""974_research_and_development_current_quarter"", ""depth"": 0}, ""depth"": 1}","{""kind"": ""time_agg"", ""op"": ""min"", ""depth"": 0}",195.0,2,0,1,907593308,754394974,42,0.414,0,1,2,975_research_and_development_prior_year_quarter,research_and_development,research and development,SUP,"Three Months Ended April 30, 2024",M_USD,195.0,974_research_and_development_current_quarter,research_and_development,research and development,SUP,"Three Months Ended April 30, 2025",M_USD,198.0,,,,,,,,,,,,,,,,,,,,,,,,,,,,,,,,,,,,,,,,,,,,,,,,,,,,,,,,,,,,,,,,,,,,,,,,,,,,,,,,,,,,
898,1,"What is the minimum of provision for income taxes for AVX from Three Months Ended October 31, 2024 to Three Months Ended October 31, 2025?","min(1421_provision_for_income_taxes_prior_year_quarter, 1420_provision_for_income_taxes_current_quarter)","{""op"": ""min"", ""left"": {""leaf"": ""1421_provision_for_income_taxes_prior_year_quarter"", ""depth"": 0}, ""right"": {""leaf"": ""1420_provision_for_income_taxes_current_quarter"", ""depth"": 0}, ""depth"": 1}","{""kind"": ""time_agg"", ""op"": ""min"", ""depth"": 0}",72.0,4,0,1,540580364,574406718,42,0.585,0,1,2,1421_provision_for_income_taxes_prior_year_quarter,provision_for_income_taxes,provision for income taxes,AVX,"Three Months Ended October 31, 2024",M_USD,73.0,1420_provision_for_income_taxes_current_quarter,provision_for_income_taxes,provision for income taxes,AVX,"Three Months Ended October 31, 2025",M_USD,72.0,,,,,,,,,,,,,,,,,,,,,,,,,,,,,,,,,,,,,,,,,,,,,,,,,,,,,,,,,,,,,,,,,,,,,,,,,,,,,,,,,,,,
899,1,"Compute the operating income for GBL in Three Months Ended April 30, 2024",operating_income,"{""derived"": ""operating_income"", ""expanded"": {""op"": ""diff"", ""left"": {""leaf"": ""6765_total_revenues_prior_year_quarter"", ""depth"": 0}, ""right"": {""leaf"": ""6775_total_costs_and_expenses_prior_year_quarter"", ""depth"": 0}, ""depth"": 1}, ""depth"": 1}","{""kind"": ""derived_concept"", ""name"": ""operating_income"", ""depth"": 0}",3241.0,4,0,1,62005001,373932622,42,0.505,0,1,2,6765_total_revenues_prior_year_quarter,total_revenues,total revenues,GBL,"Three Months Ended April 30, 2024",M_USD,36200.0,6775_total_costs_and_expenses_prior_year_quarter,total_costs_and_expenses,total costs and expenses,GBL,"Three Months Ended April 30, 2024",M_USD,32959.0,,,,,,,,,,,,,,,,,,,,,,,,,,,,,,,,,,,,,,,,,,,,,,,,,,,,,,,,,,,,,,,,,,,,,,,,,,,,,,,,,,,,
900,1,"evaluate the maximum of short term investments for STR from December 31, 2024 to July 31, 2025.","max(3317_short_term_investments_prior_fy_end, 3316_short_term_investments_current_quarter_end)","{""op"": ""max"", ""left"": {""leaf"": ""3317_short_term_investments_prior_fy_end"", ""depth"": 0}, ""right"": {""leaf"": ""3316_short_term_investments_current_quarter_end"", ""depth"": 0}, ""depth"": 1}","{""kind"": ""time_agg"", ""op"": ""max"", ""depth"": 0}",1173.0,2,0,1,545760299,963728218,42,0.224,0,1,2,3317_short_term_investments_prior_fy_end,short_term_investments,short term investments,STR,"December 31, 2024",M_USD,1173.0,3316_short_term_investments_current_quarter_end,short_term_investments,short term investments,STR,"July 31, 2025",M_USD,1146.0,,,,,,,,,,,,,,,,,,,,,,,,,,,,,,,,,,,,,,,,,,,,,,,,,,,,,,,,,,,,,,,,,,,,,,,,,,,,,,,,,,,,
901,1,"What do we obtain as the minimum of short term investments for FIN from December 31, 2024 to April 30, 2025?","min(4104_short_term_investments_current_quarter_end, 4105_short_term_investments_prior_fy_end)","{""op"": ""min"", ""left"": {""leaf"": ""4104_short_term_investments_current_quarter_end"", ""depth"": 0}, ""right"": {""leaf"": ""4105_short_term_investments_prior_fy_end"", ""depth"": 0}, ""depth"": 1}","{""kind"": ""time_agg"", ""op"": ""min"", ""depth"": 0}",1574.0,5,0,1,615185186,464887411,42,0.305,0,1,2,4104_short_term_investments_current_quarter_end,short_term_investments,short term investments,FIN,"April 30, 2025",M_USD,1767.0,4105_short_term_investments_prior_fy_end,short_term_investments,short term investments,FIN,"December 31, 2024",M_USD,1574.0,,,,,,,,,,,,,,,,,,,,,,,,,,,,,,,,,,,,,,,,,,,,,,,,,,,,,,,,,,,,,,,,,,,,,,,,,,,,,,,,,,,,
902,1,"Give the gross profit for STR in Six Months Ended July 31, 2024 .",gross_profit,"{""derived"": ""gross_profit"", ""expanded"": {""op"": ""diff"", ""left"": {""leaf"": ""3269_total_revenues_prior_year_ytd"", ""depth"": 0}, ""right"": {""leaf"": ""3273_cost_of_sales_prior_year_ytd"", ""depth"": 0}, ""depth"": 1}, ""depth"": 1}","{""kind"": ""derived_concept"", ""name"": ""gross_profit"", ""depth"": 0}",10432.0,2,0,1,131946446,691143749,42,0.313,0,1,2,3269_total_revenues_prior_year_ytd,total_revenues,total revenues,STR,"Six Months Ended July 31, 2024",M_USD,22296.0,3273_cost_of_sales_prior_year_ytd,cost_of_sales,cost of sales,STR,"Six Months Ended July 31, 2024",M_USD,11864.0,,,,,,,,,,,,,,,,,,,,,,,,,,,,,,,,,,,,,,,,,,,,,,,,,,,,,,,,,,,,,,,,,,,,,,,,,,,,,,,,,,,,
904,1,"Give the free cash flow for SKY in Three Months Ended April 30, 2024 .",free_cash_flow,"{""derived"": ""free_cash_flow"", ""expanded"": {""op"": ""sum"", ""left"": {""leaf"": ""5883_net_cash_from_operating_prior_ytd"", ""depth"": 0}, ""right"": {""leaf"": ""5885_capital_expenditures_prior_ytd"", ""depth"": 0}, ""depth"": 1}, ""depth"": 1}","{""kind"": ""derived_concept"", ""name"": ""free_cash_flow"", ""depth"": 0}",666.0,5,0,1,917223728,323114025,42,0.597,0,1,2,5883_net_cash_from_operating_prior_ytd,net_cash_from_operating,net cash from operating,SKY,"Three Months Ended April 30, 2024",M_USD,1884.0,5885_capital_expenditures_prior_ytd,capital_expenditures,capital expenditures,SKY,"Three Months Ended April 30, 2024",M_USD,-1218.0,,,,,,,,,,,,,,,,,,,,,,,,,,,,,,,,,,,,,,,,,,,,,,,,,,,,,,,,,,,,,,,,,,,,,,,,,,,,,,,,,,,,
905,1,"provide the maximum of long term debt for TRD from December 31, 2024 to July 31, 2025","max(2381_long_term_debt_prior_fy_end, 2380_long_term_debt_current_quarter_end)","{""op"": ""max"", ""left"": {""leaf"": ""2381_long_term_debt_prior_fy_end"", ""depth"": 0}, ""right"": {""leaf"": ""2380_long_term_debt_current_quarter_end"", ""depth"": 0}, ""depth"": 1}","{""kind"": ""time_agg"", ""op"": ""max"", ""depth"": 0}",19326.0,2,0,1,484906316,102717992,42,0.254,0,1,2,2381_long_term_debt_prior_fy_end,long_term_debt,long term debt,TRD,"December 31, 2024",M_USD,19326.0,2380_long_term_debt_current_quarter_end,long_term_debt,long term debt,TRD,"July 31, 2025",M_USD,19024.0,,,,,,,,,,,,,,,,,,,,,,,,,,,,,,,,,,,,,,,,,,,,,,,,,,,,,,,,,,,,,,,,,,,,,,,,,,,,,,,,,,,,
908,1,"Calculate the minimum of prepaid expenses and other for CNS from December 31, 2024 to April 30, 2025 .","min(5972_prepaid_expenses_and_other_current_quarter_end, 5973_prepaid_expenses_and_other_prior_fy_end)","{""op"": ""min"", ""left"": {""leaf"": ""5972_prepaid_expenses_and_other_current_quarter_end"", ""depth"": 0}, ""right"": {""leaf"": ""5973_prepaid_expenses_and_other_prior_fy_end"", ""depth"": 0}, ""depth"": 1}","{""kind"": ""time_agg"", ""op"": ""min"", ""depth"": 0}",160.0,1,0,1,605488335,50302000,42,0.443,0,1,2,5972_prepaid_expenses_and_other_current_quarter_end,prepaid_expenses_and_other,prepaid expenses and other,CNS,"April 30, 2025",M_USD,174.0,5973_prepaid_expenses_and_other_prior_fy_end,prepaid_expenses_and_other,prepaid expenses and other,CNS,"December 31, 2024",M_USD,160.0,,,,,,,,,,,,,,,,,,,,,,,,,,,,,,,,,,,,,,,,,,,,,,,,,,,,,,,,,,,,,,,,,,,,,,,,,,,,,,,,,,,,
911,1,"may you calculate the minimum of cost of services for PLX from Nine Months Ended July 31, 2025 to Nine Months Ended July 31, 2026 ?","min(4381_cos_services_prior_year_ytd, 4377_cos_services_current_ytd)","{""op"": ""min"", ""left"": {""leaf"": ""4381_cos_services_prior_year_ytd"", ""depth"": 0}, ""right"": {""leaf"": ""4377_cos_services_current_ytd"", ""depth"": 0}, ""depth"": 1}","{""kind"": ""time_agg"", ""op"": ""min"", ""depth"": 0}",3099.0,4,0,1,261028173,986497346,42,0.13,0,1,2,4381_cos_services_prior_year_ytd,cos_services,cost of services,PLX,"Nine Months Ended July 31, 2025",M_USD,3099.0,4377_cos_services_current_ytd,cos_services,cost of services,PLX,"Nine Months Ended July 31, 2026",M_USD,3144.0,,,,,,,,,,,,,,,,,,,,,,,,,,,,,,,,,,,,,,,,,,,,,,,,,,,,,,,,,,,,,,,,,,,,,,,,,,,,,,,,,,,,
912,1,"what is the maximum of shares used diluted for AST from Six Months Ended July 31, 2024 to Six Months Ended July 31, 2025?","max(4947_shares_used_diluted_prior_year_ytd, 4946_shares_used_diluted_current_ytd)","{""op"": ""max"", ""left"": {""leaf"": ""4947_shares_used_diluted_prior_year_ytd"", ""depth"": 0}, ""right"": {""leaf"": ""4946_shares_used_diluted_current_ytd"", ""depth"": 0}, ""depth"": 1}","{""kind"": ""time_agg"", ""op"": ""max"", ""depth"": 0}",6615496.0,1,0,1,42445941,424445942,42,0.293,0,1,2,4947_shares_used_diluted_prior_year_ytd,shares_used_diluted,shares used diluted,AST,"Six Months Ended July 31, 2024",M_shares,6264358.0,4946_shares_used_diluted_current_ytd,shares_used_diluted,shares used diluted,AST,"Six Months Ended July 31, 2025",M_shares,6615496.0,,,,,,,,,,,,,,,,,,,,,,,,,,,,,,,,,,,,,,,,,,,,,,,,,,,,,,,,,,,,,,,,,,,,,,,,,,,,,,,,,,,,
914,1,"what would be the maximum of stock based compensation for CRZ from Nine Months Ended October 31, 2024 to Nine Months Ended October 31, 2025","max(5071_stock_based_compensation_prior_ytd, 5070_stock_based_compensation_current_ytd)","{""op"": ""max"", ""left"": {""leaf"": ""5071_stock_based_compensation_prior_ytd"", ""depth"": 0}, ""right"": {""leaf"": ""5070_stock_based_compensation_current_ytd"", ""depth"": 0}, ""depth"": 1}","{""kind"": ""time_agg"", ""op"": ""max"", ""depth"": 0}",93.0,3,0,1,830150825,302645977,42,0.212,0,1,2,5071_stock_based_compensation_prior_ytd,stock_based_compensation,stock based compensation,CRZ,"Nine Months Ended October 31, 2024",M_USD,93.0,5070_stock_based_compensation_current_ytd,stock_based_compensation,stock based compensation,CRZ,"Nine Months Ended October 31, 2025",M_USD,91.0,,,,,,,,,,,,,,,,,,,,,,,,,,,,,,,,,,,,,,,,,,,,,,,,,,,,,,,,,,,,,,,,,,,,,,,,,,,,,,,,,,,,
916,1,"may you give the operating income for QRK in Six Months Ended April 30, 2026?",operating_income,"{""derived"": ""operating_income"", ""expanded"": {""op"": ""diff"", ""left"": {""leaf"": ""3444_total_revenues_current_ytd"", ""depth"": 0}, ""right"": {""leaf"": ""3464_total_costs_and_expenses_current_ytd"", ""depth"": 0}, ""depth"": 1}, ""depth"": 1}","{""kind"": ""derived_concept"", ""name"": ""operating_income"", ""depth"": 0}",62628.0,4,0,1,696481234,351930577,42,0.522,0,1,2,3444_total_revenues_current_ytd,total_revenues,total revenues,QRK,"Six Months Ended April 30, 2026",M_USD,148882.0,3464_total_costs_and_expenses_current_ytd,total_costs_and_expenses,total costs and expenses,QRK,"Six Months Ended April 30, 2026",M_USD,86254.0,,,,,,,,,,,,,,,,,,,,,,,,,,,,,,,,,,,,,,,,,,,,,,,,,,,,,,,,,,,,,,,,,,,,,,,,,,,,,,,,,,,,
917,1,"What is the value of the minimum of provision for income taxes for BNK from Nine Months Ended October 31, 2024 to Nine Months Ended October 31, 2025?","min(4677_provision_for_income_taxes_prior_year_ytd, 4676_provision_for_income_taxes_current_ytd)","{""op"": ""min"", ""left"": {""leaf"": ""4677_provision_for_income_taxes_prior_year_ytd"", ""depth"": 0}, ""right"": {""leaf"": ""4676_provision_for_income_taxes_current_ytd"", ""depth"": 0}, ""depth"": 1}","{""kind"": ""time_agg"", ""op"": ""min"", ""depth"": 0}",1422.0,4,0,1,315667614,236060614,42,0.303,0,1,2,4677_provision_for_income_taxes_prior_year_ytd,provision_for_income_taxes,provision for income taxes,BNK,"Nine Months Ended October 31, 2024",M_USD,1422.0,4676_provision_for_income_taxes_current_ytd,provision_for_income_taxes,provision for income taxes,BNK,"Nine Months Ended October 31, 2025",M_USD,1590.0,,,,,,,,,,,,,,,,,,,,,,,,,,,,,,,,,,,,,,,,,,,,,,,,,,,,,,,,,,,,,,,,,,,,,,,,,,,,,,,,,,,,
918,1,"compute the maximum of operating income for BRX from Three Months Ended July 31, 2024 to Three Months Ended July 31, 2025 .","max(493_operating_income_prior_year_quarter, 492_operating_income_current_quarter)","{""op"": ""max"", ""left"": {""leaf"": ""493_operating_income_prior_year_quarter"", ""depth"": 0}, ""right"": {""leaf"": ""492_operating_income_current_quarter"", ""depth"": 0}, ""depth"": 1}","{""kind"": ""time_agg"", ""op"": ""max"", ""depth"": 0}",15741.0,4,0,1,374994231,142848295,42,0.579,0,1,2,493_operating_income_prior_year_quarter,operating_income,operating income,BRX,"Three Months Ended July 31, 2024",M_USD,15741.0,492_operating_income_current_quarter,operating_income,operating income,BRX,"Three Months Ended July 31, 2025",M_USD,15417.0,,,,,,,,,,,,,,,,,,,,,,,,,,,,,,,,,,,,,,,,,,,,,,,,,,,,,,,,,,,,,,,,,,,,,,,,,,,,,,,,,,,,
919,1,"Could you give the free cash flow for MRT in Three Months Ended April 30, 2024?",free_cash_flow,"{""derived"": ""free_cash_flow"", ""expanded"": {""op"": ""sum"", ""left"": {""leaf"": ""1627_net_cash_from_operating_prior_ytd"", ""depth"": 0}, ""right"": {""leaf"": ""1629_capital_expenditures_prior_ytd"", ""depth"": 0}, ""depth"": 1}, ""depth"": 1}","{""kind"": ""derived_concept"", ""name"": ""free_cash_flow"", ""depth"": 0}",-272.0,2,0,1,50605625,984457640,42,0.504,0,1,2,1627_net_cash_from_operating_prior_ytd,net_cash_from_operating,net cash from operating,MRT,"Three Months Ended April 30, 2024",M_USD,3078.0,1629_capital_expenditures_prior_ytd,capital_expenditures,capital expenditures,MRT,"Three Months Ended April 30, 2024",M_USD,-3350.0,,,,,,,,,,,,,,,,,,,,,,,,,,,,,,,,,,,,,,,,,,,,,,,,,,,,,,,,,,,,,,,,,,,,,,,,,,,,,,,,,,,,
920,1,"could you give the maximum of proceeds from stock option exercises for MTX from Nine Months Ended October 31, 2024 to Nine Months Ended October 31, 2025?","max(5445_proceeds_from_stock_option_exercises_prior_ytd, 5444_proceeds_from_stock_option_exercises_current_ytd)","{""op"": ""max"", ""left"": {""leaf"": ""5445_proceeds_from_stock_option_exercises_prior_ytd"", ""depth"": 0}, ""right"": {""leaf"": ""5444_proceeds_from_stock_option_exercises_current_ytd"", ""depth"": 0}, ""depth"": 1}","{""kind"": ""time_agg"", ""op"": ""max"", ""depth"": 0}",106.0,4,0,1,222598256,472769431,42,0.402,0,1,2,5445_proceeds_from_stock_option_exercises_prior_ytd,proceeds_from_stock_option_exercises,proceeds from stock option exercises,MTX,"Nine Months Ended October 31, 2024",M_USD,63.0,5444_proceeds_from_stock_option_exercises_current_ytd,proceeds_from_stock_option_exercises,proceeds from stock option exercises,MTX,"Nine Months Ended October 31, 2025",M_USD,106.0,,,,,,,,,,,,,,,,,,,,,,,,,,,,,,,,,,,,,,,,,,,,,,,,,,,,,,,,,,,,,,,,,,,,,,,,,,,,,,,,,,,,
921,1,"which result follows from the maximum of prepaid expenses and other for INF from December 31, 2024 to July 31, 2025?","max(3675_prepaid_expenses_and_other_prior_fy_end, 3674_prepaid_expenses_and_other_current_quarter_end)","{""op"": ""max"", ""left"": {""leaf"": ""3675_prepaid_expenses_and_other_prior_fy_end"", ""depth"": 0}, ""right"": {""leaf"": ""3674_prepaid_expenses_and_other_current_quarter_end"", ""depth"": 0}, ""depth"": 1}","{""kind"": ""time_agg"", ""op"": ""max"", ""depth"": 0}",606.0,4,0,1,547018453,898957292,42,0.367,0,1,2,3675_prepaid_expenses_and_other_prior_fy_end,prepaid_expenses_and_other,prepaid expenses and other,INF,"December 31, 2024",M_USD,605.0,3674_prepaid_expenses_and_other_current_quarter_end,prepaid_expenses_and_other,prepaid expenses and other,INF,"July 31, 2025",M_USD,606.0,,,,,,,,,,,,,,,,,,,,,,,,,,,,,,,,,,,,,,,,,,,,,,,,,,,,,,,,,,,,,,,,,,,,,,,,,,,,,,,,,,,,
923,1,"You should calculate the minimum of net income for GLP from Nine Months Ended October 31, 2024 to Nine Months Ended October 31, 2025 .","min(6927_net_income_prior_year_ytd, 6926_net_income_current_ytd)","{""op"": ""min"", ""left"": {""leaf"": ""6927_net_income_prior_year_ytd"", ""depth"": 0}, ""right"": {""leaf"": ""6926_net_income_current_ytd"", ""depth"": 0}, ""depth"": 1}","{""kind"": ""time_agg"", ""op"": ""min"", ""depth"": 0}",38952.0,4,0,1,958117591,454183341,42,0.12,0,1,2,6927_net_income_prior_year_ytd,net_income,net income,GLP,"Nine Months Ended October 31, 2024",M_USD,43161.0,6926_net_income_current_ytd,net_income,net income,GLP,"Nine Months Ended October 31, 2025",M_USD,38952.0,,,,,,,,,,,,,,,,,,,,,,,,,,,,,,,,,,,,,,,,,,,,,,,,,,,,,,,,,,,,,,,,,,,,,,,,,,,,,,,,,,,,
924,1,"state the free cash flow for TRD in Six Months Ended July 31, 2024.",free_cash_flow,"{""derived"": ""free_cash_flow"", ""expanded"": {""op"": ""sum"", ""left"": {""leaf"": ""2393_net_cash_from_operating_prior_ytd"", ""depth"": 0}, ""right"": {""leaf"": ""2395_capital_expenditures_prior_ytd"", ""depth"": 0}, ""depth"": 1}, ""depth"": 1}","{""kind"": ""derived_concept"", ""name"": ""free_cash_flow"", ""depth"": 0}",1251.0,5,0,1,511914132,898954917,42,0.39,0,1,2,2393_net_cash_from_operating_prior_ytd,net_cash_from_operating,net cash from operating,TRD,"Six Months Ended July 31, 2024",M_USD,5635.0,2395_capital_expenditures_prior_ytd,capital_expenditures,capital expenditures,TRD,"Six Months Ended July 31, 2024",M_USD,-4384.0,,,,,,,,,,,,,,,,,,,,,,,,,,,,,,,,,,,,,,,,,,,,,,,,,,,,,,,,,,,,,,,,,,,,,,,,,,,,,,,,,,,,
925,1,"you should calculate the maximum of long term marketable securities for MRK from December 31, 2024 to April 30, 2025 .","max(7084_long_term_marketable_securities_current_quarter_end, 7085_long_term_marketable_securities_prior_fy_end)","{""op"": ""max"", ""left"": {""leaf"": ""7084_long_term_marketable_securities_current_quarter_end"", ""depth"": 0}, ""right"": {""leaf"": ""7085_long_term_marketable_securities_prior_fy_end"", ""depth"": 0}, ""depth"": 1}","{""kind"": ""time_agg"", ""op"": ""max"", ""depth"": 0}",4257.0,2,0,1,664193102,62150271,42,0.523,0,1,2,7084_long_term_marketable_securities_current_quarter_end,long_term_marketable_securities,long term marketable securities,MRK,"April 30, 2025",M_USD,4257.0,7085_long_term_marketable_securities_prior_fy_end,long_term_marketable_securities,long term marketable securities,MRK,"December 31, 2024",M_USD,4004.0,,,,,,,,,,,,,,,,,,,,,,,,,,,,,,,,,,,,,,,,,,,,,,,,,,,,,,,,,,,,,,,,,,,,,,,,,,,,,,,,,,,,
928,1,"whats the value of the maximum of research and development for CRX from Three Months Ended January 31, 2025 to Three Months Ended January 31, 2026 ?","max(4521_research_and_development_prior_year_quarter, 4520_research_and_development_current_quarter)","{""op"": ""max"", ""left"": {""leaf"": ""4521_research_and_development_prior_year_quarter"", ""depth"": 0}, ""right"": {""leaf"": ""4520_research_and_development_current_quarter"", ""depth"": 0}, ""depth"": 1}","{""kind"": ""time_agg"", ""op"": ""max"", ""depth"": 0}",5448.0,5,0,1,140688858,701336908,42,0.592,0,1,2,4521_research_and_development_prior_year_quarter,research_and_development,research and development,CRX,"Three Months Ended January 31, 2025",M_USD,5448.0,4520_research_and_development_current_quarter,research_and_development,research and development,CRX,"Three Months Ended January 31, 2026",M_USD,5266.0,,,,,,,,,,,,,,,,,,,,,,,,,,,,,,,,,,,,,,,,,,,,,,,,,,,,,,,,,,,,,,,,,,,,,,,,,,,,,,,,,,,,
929,1,"Evaluate the maximum of comprehensive income for IND from Three Months Ended April 30, 2024 to Three Months Ended April 30, 2025 .","max(1215_comprehensive_income_prior_year_quarter, 1214_comprehensive_income_current_quarter)","{""op"": ""max"", ""left"": {""leaf"": ""1215_comprehensive_income_prior_year_quarter"", ""depth"": 0}, ""right"": {""leaf"": ""1214_comprehensive_income_current_quarter"", ""depth"": 0}, ""depth"": 1}","{""kind"": ""time_agg"", ""op"": ""max"", ""depth"": 0}",1597.0,4,0,1,568512391,268166846,42,0.248,0,1,2,1215_comprehensive_income_prior_year_quarter,comprehensive_income,comprehensive income,IND,"Three Months Ended April 30, 2024",M_USD,1597.0,1214_comprehensive_income_current_quarter,comprehensive_income,comprehensive income,IND,"Three Months Ended April 30, 2025",M_USD,1263.0,,,,,,,,,,,,,,,,,,,,,,,,,,,,,,,,,,,,,,,,,,,,,,,,,,,,,,,,,,,,,,,,,,,,,,,,,,,,,,,,,,,,
931,1,"Which quantity is given by the minimum of accrued expenses and other for MED from December 31, 2024 to October 31, 2025","min(1293_accrued_expenses_and_other_prior_fy_end, 1292_accrued_expenses_and_other_current_quarter_end)","{""op"": ""min"", ""left"": {""leaf"": ""1293_accrued_expenses_and_other_prior_fy_end"", ""depth"": 0}, ""right"": {""leaf"": ""1292_accrued_expenses_and_other_current_quarter_end"", ""depth"": 0}, ""depth"": 1}","{""kind"": ""time_agg"", ""op"": ""min"", ""depth"": 0}",466.0,2,0,1,826217673,729775346,42,0.195,0,1,2,1293_accrued_expenses_and_other_prior_fy_end,accrued_expenses_and_other,accrued expenses and other,MED,"December 31, 2024",M_USD,466.0,1292_accrued_expenses_and_other_current_quarter_end,accrued_expenses_and_other,accrued expenses and other,MED,"October 31, 2025",M_USD,500.0,,,,,,,,,,,,,,,,,,,,,,,,,,,,,,,,,,,,,,,,,,,,,,,,,,,,,,,,,,,,,,,,,,,,,,,,,,,,,,,,,,,,
934,1,"Whats the value of the maximum of other non current liabilities for CRX from September 30, 2025 to January 31, 2026","max(4574_other_non_current_liabilities_current_quarter_end, 4575_other_non_current_liabilities_prior_fy_end)","{""op"": ""max"", ""left"": {""leaf"": ""4574_other_non_current_liabilities_current_quarter_end"", ""depth"": 0}, ""right"": {""leaf"": ""4575_other_non_current_liabilities_prior_fy_end"", ""depth"": 0}, ""depth"": 1}","{""kind"": ""time_agg"", ""op"": ""max"", ""depth"": 0}",815.0,1,0,1,186698473,513683493,42,0.188,0,1,2,4574_other_non_current_liabilities_current_quarter_end,other_non_current_liabilities,other non current liabilities,CRX,"January 31, 2026",M_USD,815.0,4575_other_non_current_liabilities_prior_fy_end,other_non_current_liabilities,other non current liabilities,CRX,"September 30, 2025",M_USD,698.0,,,,,,,,,,,,,,,,,,,,,,,,,,,,,,,,,,,,,,,,,,,,,,,,,,,,,,,,,,,,,,,,,,,,,,,,,,,,,,,,,,,,
935,1,"what would be the maximum of accrued expenses and other for FAB from December 31, 2024 to July 31, 2025?","max(3871_accrued_expenses_and_other_prior_fy_end, 3870_accrued_expenses_and_other_current_quarter_end)","{""op"": ""max"", ""left"": {""leaf"": ""3871_accrued_expenses_and_other_prior_fy_end"", ""depth"": 0}, ""right"": {""leaf"": ""3870_accrued_expenses_and_other_current_quarter_end"", ""depth"": 0}, ""depth"": 1}","{""kind"": ""time_agg"", ""op"": ""max"", ""depth"": 0}",2699.0,4,0,1,30078122,490854410,42,0.361,0,1,2,3871_accrued_expenses_and_other_prior_fy_end,accrued_expenses_and_other,accrued expenses and other,FAB,"December 31, 2024",M_USD,2699.0,3870_accrued_expenses_and_other_current_quarter_end,accrued_expenses_and_other,accrued expenses and other,FAB,"July 31, 2025",M_USD,2659.0,,,,,,,,,,,,,,,,,,,,,,,,,,,,,,,,,,,,,,,,,,,,,,,,,,,,,,,,,,,,,,,,,,,,,,,,,,,,,,,,,,,,
936,1,"Calculate the gross profit for GLP in Three Months Ended October 31, 2024.",gross_profit,"{""derived"": ""gross_profit"", ""expanded"": {""op"": ""diff"", ""left"": {""leaf"": ""6889_total_revenues_prior_year_quarter"", ""depth"": 0}, ""right"": {""leaf"": ""6893_cost_of_sales_prior_year_quarter"", ""depth"": 0}, ""depth"": 1}, ""depth"": 1}","{""kind"": ""derived_concept"", ""name"": ""gross_profit"", ""depth"": 0}",30742.0,2,0,1,184606515,462905455,42,0.289,0,1,2,6889_total_revenues_prior_year_quarter,total_revenues,total revenues,GLP,"Three Months Ended October 31, 2024",M_USD,107192.0,6893_cost_of_sales_prior_year_quarter,cost_of_sales,cost of sales,GLP,"Three Months Ended October 31, 2024",M_USD,76450.0,,,,,,,,,,,,,,,,,,,,,,,,,,,,,,,,,,,,,,,,,,,,,,,,,,,,,,,,,,,,,,,,,,,,,,,,,,,,,,,,,,,,
941,1,"Evaluate the minimum of net cash from operating for TRU from Six Months Ended July 31, 2024 to Six Months Ended July 31, 2025 .","min(895_net_cash_from_operating_prior_ytd, 894_net_cash_from_operating_current_ytd)","{""op"": ""min"", ""left"": {""leaf"": ""895_net_cash_from_operating_prior_ytd"", ""depth"": 0}, ""right"": {""leaf"": ""894_net_cash_from_operating_current_ytd"", ""depth"": 0}, ""depth"": 1}","{""kind"": ""time_agg"", ""op"": ""min"", ""depth"": 0}",5018.0,3,0,1,344012592,950973887,42,0.114,0,1,2,895_net_cash_from_operating_prior_ytd,net_cash_from_operating,net cash from operating,TRU,"Six Months Ended July 31, 2024",M_USD,5018.0,894_net_cash_from_operating_current_ytd,net_cash_from_operating,net cash from operating,TRU,"Six Months Ended July 31, 2025",M_USD,5592.0,,,,,,,,,,,,,,,,,,,,,,,,,,,,,,,,,,,,,,,,,,,,,,,,,,,,,,,,,,,,,,,,,,,,,,,,,,,,,,,,,,,,
944,1,"evaluate the free cash flow for INF in Six Months Ended July 31, 2024 .",free_cash_flow,"{""derived"": ""free_cash_flow"", ""expanded"": {""op"": ""sum"", ""left"": {""leaf"": ""3713_net_cash_from_operating_prior_ytd"", ""depth"": 0}, ""right"": {""leaf"": ""3715_capital_expenditures_prior_ytd"", ""depth"": 0}, ""depth"": 1}, ""depth"": 1}","{""kind"": ""derived_concept"", ""name"": ""free_cash_flow"", ""depth"": 0}",5398.0,2,0,1,9151375,223017331,42,0.46,0,1,2,3713_net_cash_from_operating_prior_ytd,net_cash_from_operating,net cash from operating,INF,"Six Months Ended July 31, 2024",M_USD,7086.0,3715_capital_expenditures_prior_ytd,capital_expenditures,capital expenditures,INF,"Six Months Ended July 31, 2024",M_USD,-1688.0,,,,,,,,,,,,,,,,,,,,,,,,,,,,,,,,,,,,,,,,,,,,,,,,,,,,,,,,,,,,,,,,,,,,,,,,,,,,,,,,,,,,
945,1,"Compute the minimum of accounts receivable net for JTX from December 31, 2024 to April 30, 2025","min(3980_accounts_receivable_net_current_quarter_end, 3981_accounts_receivable_net_prior_fy_end)","{""op"": ""min"", ""left"": {""leaf"": ""3980_accounts_receivable_net_current_quarter_end"", ""depth"": 0}, ""right"": {""leaf"": ""3981_accounts_receivable_net_prior_fy_end"", ""depth"": 0}, ""depth"": 1}","{""kind"": ""time_agg"", ""op"": ""min"", ""depth"": 0}",1640.0,4,0,1,54501673,940368961,42,0.163,0,1,2,3980_accounts_receivable_net_current_quarter_end,accounts_receivable_net,accounts receivable net,JTX,"April 30, 2025",M_USD,1646.0,3981_accounts_receivable_net_prior_fy_end,accounts_receivable_net,accounts receivable net,JTX,"December 31, 2024",M_USD,1640.0,,,,,,,,,,,,,,,,,,,,,,,,,,,,,,,,,,,,,,,,,,,,,,,,,,,,,,,,,,,,,,,,,,,,,,,,,,,,,,,,,,,,
948,1,"calculate the maximum of comprehensive income for MRT from Three Months Ended April 30, 2024 to Three Months Ended April 30, 2025","max(1679_comprehensive_income_prior_year_quarter, 1678_comprehensive_income_current_quarter)","{""op"": ""max"", ""left"": {""leaf"": ""1679_comprehensive_income_prior_year_quarter"", ""depth"": 0}, ""right"": {""leaf"": ""1678_comprehensive_income_current_quarter"", ""depth"": 0}, ""depth"": 1}","{""kind"": ""time_agg"", ""op"": ""max"", ""depth"": 0}",1363.0,5,0,1,111065774,160261310,42,0.46,0,1,2,1679_comprehensive_income_prior_year_quarter,comprehensive_income,comprehensive income,MRT,"Three Months Ended April 30, 2024",M_USD,1298.0,1678_comprehensive_income_current_quarter,comprehensive_income,comprehensive income,MRT,"Three Months Ended April 30, 2025",M_USD,1363.0,,,,,,,,,,,,,,,,,,,,,,,,,,,,,,,,,,,,,,,,,,,,,,,,,,,,,,,,,,,,,,,,,,,,,,,,,,,,,,,,,,,,
950,1,"Provide the maximum of opening cash and equivalents for TRU from Six Months Ended July 31, 2024 to Six Months Ended July 31, 2025.","max(933_opening_cash_and_equivalents_prior_ytd, 932_opening_cash_and_equivalents_current_ytd)","{""op"": ""max"", ""left"": {""leaf"": ""933_opening_cash_and_equivalents_prior_ytd"", ""depth"": 0}, ""right"": {""leaf"": ""932_opening_cash_and_equivalents_current_ytd"", ""depth"": 0}, ""depth"": 1}","{""kind"": ""time_agg"", ""op"": ""max"", ""depth"": 0}",5419.0,1,0,1,14212843,255980897,42,0.493,0,1,2,933_opening_cash_and_equivalents_prior_ytd,opening_cash_and_equivalents,opening cash and equivalents,TRU,"Six Months Ended July 31, 2024",M_USD,4738.0,932_opening_cash_and_equivalents_current_ytd,opening_cash_and_equivalents,opening cash and equivalents,TRU,"Six Months Ended July 31, 2025",M_USD,5419.0,,,,,,,,,,,,,,,,,,,,,,,,,,,,,,,,,,,,,,,,,,,,,,,,,,,,,,,,,,,,,,,,,,,,,,,,,,,,,,,,,,,,
951,1,"May you give the maximum of property plant and equipment net for PRF from December 31, 2024 to April 30, 2025 ?","max(2204_property_plant_and_equipment_net_current_quarter_end, 2205_property_plant_and_equipment_net_prior_fy_end)","{""op"": ""max"", ""left"": {""leaf"": ""2204_property_plant_and_equipment_net_current_quarter_end"", ""depth"": 0}, ""right"": {""leaf"": ""2205_property_plant_and_equipment_net_prior_fy_end"", ""depth"": 0}, ""depth"": 1}","{""kind"": ""time_agg"", ""op"": ""max"", ""depth"": 0}",48.0,1,0,1,544482515,384014944,42,0.196,0,1,2,2204_property_plant_and_equipment_net_current_quarter_end,property_plant_and_equipment_net,property plant and equipment net,PRF,"April 30, 2025",M_USD,48.0,2205_property_plant_and_equipment_net_prior_fy_end,property_plant_and_equipment_net,property plant and equipment net,PRF,"December 31, 2024",M_USD,46.0,,,,,,,,,,,,,,,,,,,,,,,,,,,,,,,,,,,,,,,,,,,,,,,,,,,,,,,,,,,,,,,,,,,,,,,,,,,,,,,,,,,,
954,1,"provide the minimum of inventories for TRU from December 31, 2024 to July 31, 2025","min(855_inventories_prior_fy_end, 854_inventories_current_quarter_end)","{""op"": ""min"", ""left"": {""leaf"": ""855_inventories_prior_fy_end"", ""depth"": 0}, ""right"": {""leaf"": ""854_inventories_current_quarter_end"", ""depth"": 0}, ""depth"": 1}","{""kind"": ""time_agg"", ""op"": ""min"", ""depth"": 0}",33.0,1,0,1,633132044,921821871,42,0.228,0,1,2,855_inventories_prior_fy_end,inventories,inventories,TRU,"December 31, 2024",M_USD,33.0,854_inventories_current_quarter_end,inventories,inventories,TRU,"July 31, 2025",M_USD,37.0,,,,,,,,,,,,,,,,,,,,,,,,,,,,,,,,,,,,,,,,,,,,,,,,,,,,,,,,,,,,,,,,,,,,,,,,,,,,,,,,,,,,
955,1,"Determine the maximum of shares used diluted for VTL from Three Months Ended April 30, 2024 to Three Months Ended April 30, 2025","max(113_shares_used_diluted_prior_year_quarter, 112_shares_used_diluted_current_quarter)","{""op"": ""max"", ""left"": {""leaf"": ""113_shares_used_diluted_prior_year_quarter"", ""depth"": 0}, ""right"": {""leaf"": ""112_shares_used_diluted_current_quarter"", ""depth"": 0}, ""depth"": 1}","{""kind"": ""time_agg"", ""op"": ""max"", ""depth"": 0}",850000.0,5,0,1,723814412,529439760,42,0.288,0,1,2,113_shares_used_diluted_prior_year_quarter,shares_used_diluted,shares used diluted,VTL,"Three Months Ended April 30, 2024",M_shares,819943.0,112_shares_used_diluted_current_quarter,shares_used_diluted,shares used diluted,VTL,"Three Months Ended April 30, 2025",M_shares,850000.0,,,,,,,,,,,,,,,,,,,,,,,,,,,,,,,,,,,,,,,,,,,,,,,,,,,,,,,,,,,,,,,,,,,,,,,,,,,,,,,,,,,,
956,1,"may you calculate the operating income for NET in Nine Months Ended October 31, 2024 ?",operating_income,"{""derived"": ""operating_income"", ""expanded"": {""op"": ""diff"", ""left"": {""leaf"": ""6415_total_revenues_prior_year_ytd"", ""depth"": 0}, ""right"": {""leaf"": ""6435_total_costs_and_expenses_prior_year_ytd"", ""depth"": 0}, ""depth"": 1}, ""depth"": 1}","{""kind"": ""derived_concept"", ""name"": ""operating_income"", ""depth"": 0}",12843.0,5,0,1,78598503,20663176,42,0.582,0,1,2,6415_total_revenues_prior_year_ytd,total_revenues,total revenues,NET,"Nine Months Ended October 31, 2024",M_USD,52113.0,6435_total_costs_and_expenses_prior_year_ytd,total_costs_and_expenses,total costs and expenses,NET,"Nine Months Ended October 31, 2024",M_USD,39270.0,,,,,,,,,,,,,,,,,,,,,,,,,,,,,,,,,,,,,,,,,,,,,,,,,,,,,,,,,,,,,,,,,,,,,,,,,,,,,,,,,,,,
958,1,"Calculate the minimum of property plant and equipment net for CRX from September 30, 2025 to January 31, 2026.","min(4552_property_plant_and_equipment_net_current_quarter_end, 4553_property_plant_and_equipment_net_prior_fy_end)","{""op"": ""min"", ""left"": {""leaf"": ""4552_property_plant_and_equipment_net_current_quarter_end"", ""depth"": 0}, ""right"": {""leaf"": ""4553_property_plant_and_equipment_net_prior_fy_end"", ""depth"": 0}, ""depth"": 1}","{""kind"": ""time_agg"", ""op"": ""min"", ""depth"": 0}",3901.0,5,0,1,556093268,999059392,42,0.18,0,1,2,4552_property_plant_and_equipment_net_current_quarter_end,property_plant_and_equipment_net,property plant and equipment net,CRX,"January 31, 2026",M_USD,4557.0,4553_property_plant_and_equipment_net_prior_fy_end,property_plant_and_equipment_net,property plant and equipment net,CRX,"September 30, 2025",M_USD,3901.0,,,,,,,,,,,,,,,,,,,,,,,,,,,,,,,,,,,,,,,,,,,,,,,,,,,,,,,,,,,,,,,,,,,,,,,,,,,,,,,,,,,,
960,1,"Determine the minimum of proceeds from stock option exercises for ZNX from Six Months Ended July 31, 2024 to Six Months Ended July 31, 2025.","min(6367_proceeds_from_stock_option_exercises_prior_ytd, 6366_proceeds_from_stock_option_exercises_current_ytd)","{""op"": ""min"", ""left"": {""leaf"": ""6367_proceeds_from_stock_option_exercises_prior_ytd"", ""depth"": 0}, ""right"": {""leaf"": ""6366_proceeds_from_stock_option_exercises_current_ytd"", ""depth"": 0}, ""depth"": 1}","{""kind"": ""time_agg"", ""op"": ""min"", ""depth"": 0}",42.0,2,0,1,99781358,411587715,42,0.549,0,1,2,6367_proceeds_from_stock_option_exercises_prior_ytd,proceeds_from_stock_option_exercises,proceeds from stock option exercises,ZNX,"Six Months Ended July 31, 2024",M_USD,42.0,6366_proceeds_from_stock_option_exercises_current_ytd,proceeds_from_stock_option_exercises,proceeds from stock option exercises,ZNX,"Six Months Ended July 31, 2025",M_USD,53.0,,,,,,,,,,,,,,,,,,,,,,,,,,,,,,,,,,,,,,,,,,,,,,,,,,,,,,,,,,,,,,,,,,,,,,,,,,,,,,,,,,,,
961,1,"which quantity is given by the minimum of goodwill for MED from December 31, 2024 to October 31, 2025?","min(1281_goodwill_prior_fy_end, 1280_goodwill_current_quarter_end)","{""op"": ""min"", ""left"": {""leaf"": ""1281_goodwill_prior_fy_end"", ""depth"": 0}, ""right"": {""leaf"": ""1280_goodwill_current_quarter_end"", ""depth"": 0}, ""depth"": 1}","{""kind"": ""time_agg"", ""op"": ""min"", ""depth"": 0}",1469.0,5,0,1,678845979,643816990,42,0.242,0,1,2,1281_goodwill_prior_fy_end,goodwill,goodwill,MED,"December 31, 2024",M_USD,1469.0,1280_goodwill_current_quarter_end,goodwill,goodwill,MED,"October 31, 2025",M_USD,1577.0,,,,,,,,,,,,,,,,,,,,,,,,,,,,,,,,,,,,,,,,,,,,,,,,,,,,,,,,,,,,,,,,,,,,,,,,,,,,,,,,,,,,
962,1,"Provide the gross profit for TPH in Three Months Ended October 31, 2024.",gross_profit,"{""derived"": ""gross_profit"", ""expanded"": {""op"": ""diff"", ""left"": {""leaf"": ""2463_total_revenues_prior_year_quarter"", ""depth"": 0}, ""right"": {""leaf"": ""2467_cost_of_sales_prior_year_quarter"", ""depth"": 0}, ""depth"": 1}, ""depth"": 1}","{""kind"": ""derived_concept"", ""name"": ""gross_profit"", ""depth"": 0}",15216.0,2,0,1,408784026,498811693,42,0.452,0,1,2,2463_total_revenues_prior_year_quarter,total_revenues,total revenues,TPH,"Three Months Ended October 31, 2024",M_USD,20424.0,2467_cost_of_sales_prior_year_quarter,cost_of_sales,cost of sales,TPH,"Three Months Ended October 31, 2024",M_USD,5208.0,,,,,,,,,,,,,,,,,,,,,,,,,,,,,,,,,,,,,,,,,,,,,,,,,,,,,,,,,,,,,,,,,,,,,,,,,,,,,,,,,,,,
964,1,"Determine the free cash flow for VTL in Three Months Ended April 30, 2025.",free_cash_flow,"{""derived"": ""free_cash_flow"", ""expanded"": {""op"": ""sum"", ""left"": {""leaf"": ""70_net_cash_from_operating_current_ytd"", ""depth"": 0}, ""right"": {""leaf"": ""72_capital_expenditures_current_ytd"", ""depth"": 0}, ""depth"": 1}, ""depth"": 1}","{""kind"": ""derived_concept"", ""name"": ""free_cash_flow"", ""depth"": 0}",413.0,2,0,1,396265182,794400474,42,0.451,0,1,2,70_net_cash_from_operating_current_ytd,net_cash_from_operating,net cash from operating,VTL,"Three Months Ended April 30, 2025",M_USD,492.0,72_capital_expenditures_current_ytd,capital_expenditures,capital expenditures,VTL,"Three Months Ended April 30, 2025",M_USD,-79.0,,,,,,,,,,,,,,,,,,,,,,,,,,,,,,,,,,,,,,,,,,,,,,,,,,,,,,,,,,,,,,,,,,,,,,,,,,,,,,,,,,,,
965,1,"what does the following give: minimum of accrued expenses and other for GRD from December 31, 2024 to July 31, 2025 ?","min(385_accrued_expenses_and_other_prior_fy_end, 384_accrued_expenses_and_other_current_quarter_end)","{""op"": ""min"", ""left"": {""leaf"": ""385_accrued_expenses_and_other_prior_fy_end"", ""depth"": 0}, ""right"": {""leaf"": ""384_accrued_expenses_and_other_current_quarter_end"", ""depth"": 0}, ""depth"": 1}","{""kind"": ""time_agg"", ""op"": ""min"", ""depth"": 0}",1017.0,4,0,1,799176016,723151907,42,0.332,0,1,2,385_accrued_expenses_and_other_prior_fy_end,accrued_expenses_and_other,accrued expenses and other,GRD,"December 31, 2024",M_USD,1097.0,384_accrued_expenses_and_other_current_quarter_end,accrued_expenses_and_other,accrued expenses and other,GRD,"July 31, 2025",M_USD,1017.0,,,,,,,,,,,,,,,,,,,,,,,,,,,,,,,,,,,,,,,,,,,,,,,,,,,,,,,,,,,,,,,,,,,,,,,,,,,,,,,,,,,,
967,1,"Could you give the operating income for MRT in Three Months Ended April 30, 2025 ?",operating_income,"{""derived"": ""operating_income"", ""expanded"": {""op"": ""diff"", ""left"": {""leaf"": ""1556_total_revenues_current_quarter"", ""depth"": 0}, ""right"": {""leaf"": ""1566_total_costs_and_expenses_current_quarter"", ""depth"": 0}, ""depth"": 1}, ""depth"": 1}","{""kind"": ""derived_concept"", ""name"": ""operating_income"", ""depth"": 0}",2349.0,3,0,1,114726976,300506733,42,0.543,0,1,2,1556_total_revenues_current_quarter,total_revenues,total revenues,MRT,"Three Months Ended April 30, 2025",M_USD,83208.0,1566_total_costs_and_expenses_current_quarter,total_costs_and_expenses,total costs and expenses,MRT,"Three Months Ended April 30, 2025",M_USD,80859.0,,,,,,,,,,,,,,,,,,,,,,,,,,,,,,,,,,,,,,,,,,,,,,,,,,,,,,,,,,,,,,,,,,,,,,,,,,,,,,,,,,,,
968,1,"calculate the minimum of total non current assets for VRX from December 31, 2024 to July 31, 2025.","min(3027_total_non_current_assets_prior_fy_end, 3026_total_non_current_assets_current_quarter_end)","{""op"": ""min"", ""left"": {""leaf"": ""3027_total_non_current_assets_prior_fy_end"", ""depth"": 0}, ""right"": {""leaf"": ""3026_total_non_current_assets_current_quarter_end"", ""depth"": 0}, ""depth"": 1}","{""kind"": ""time_agg"", ""op"": ""min"", ""depth"": 0}",12292.0,4,0,1,661691127,892227326,42,0.495,0,1,2,3027_total_non_current_assets_prior_fy_end,total_non_current_assets,total non current assets,VRX,"December 31, 2024",M_USD,12292.0,3026_total_non_current_assets_current_quarter_end,total_non_current_assets,total non current assets,VRX,"July 31, 2025",M_USD,12950.0,,,,,,,,,,,,,,,,,,,,,,,,,,,,,,,,,,,,,,,,,,,,,,,,,,,,,,,,,,,,,,,,,,,,,,,,,,,,,,,,,,,,
972,1,"determine the minimum of total current assets for WHL from December 31, 2024 to July 31, 2025.","min(7357_total_current_assets_prior_fy_end, 7356_total_current_assets_current_quarter_end)","{""op"": ""min"", ""left"": {""leaf"": ""7357_total_current_assets_prior_fy_end"", ""depth"": 0}, ""right"": {""leaf"": ""7356_total_current_assets_current_quarter_end"", ""depth"": 0}, ""depth"": 1}","{""kind"": ""time_agg"", ""op"": ""min"", ""depth"": 0}",6454.0,3,0,1,410213824,580975676,42,0.457,0,1,2,7357_total_current_assets_prior_fy_end,total_current_assets,total current assets,WHL,"December 31, 2024",M_USD,6454.0,7356_total_current_assets_current_quarter_end,total_current_assets,total current assets,WHL,"July 31, 2025",M_USD,6799.0,,,,,,,,,,,,,,,,,,,,,,,,,,,,,,,,,,,,,,,,,,,,,,,,,,,,,,,,,,,,,,,,,,,,,,,,,,,,,,,,,,,,
973,1,"you should calculate the maximum of net income for DTA from Three Months Ended April 30, 2024 to Three Months Ended April 30, 2025 .","max(4401_net_income_prior_year_quarter, 4400_net_income_current_quarter)","{""op"": ""max"", ""left"": {""leaf"": ""4401_net_income_prior_year_quarter"", ""depth"": 0}, ""right"": {""leaf"": ""4400_net_income_current_quarter"", ""depth"": 0}, ""depth"": 1}","{""kind"": ""time_agg"", ""op"": ""max"", ""depth"": 0}",2180.0,4,0,1,543882995,857598108,42,0.374,0,1,2,4401_net_income_prior_year_quarter,net_income,net income,DTA,"Three Months Ended April 30, 2024",M_USD,2111.0,4400_net_income_current_quarter,net_income,net income,DTA,"Three Months Ended April 30, 2025",M_USD,2180.0,,,,,,,,,,,,,,,,,,,,,,,,,,,,,,,,,,,,,,,,,,,,,,,,,,,,,,,,,,,,,,,,,,,,,,,,,,,,,,,,,,,,
974,1,"What's the value of the maximum of stock based compensation for CIV from Nine Months Ended October 31, 2024 to Nine Months Ended October 31, 2025?","max(2899_stock_based_compensation_prior_ytd, 2898_stock_based_compensation_current_ytd)","{""op"": ""max"", ""left"": {""leaf"": ""2899_stock_based_compensation_prior_ytd"", ""depth"": 0}, ""right"": {""leaf"": ""2898_stock_based_compensation_current_ytd"", ""depth"": 0}, ""depth"": 1}","{""kind"": ""time_agg"", ""op"": ""max"", ""depth"": 0}",93.0,1,0,1,117998352,420193840,42,0.195,0,1,2,2899_stock_based_compensation_prior_ytd,stock_based_compensation,stock based compensation,CIV,"Nine Months Ended October 31, 2024",M_USD,88.0,2898_stock_based_compensation_current_ytd,stock_based_compensation,stock based compensation,CIV,"Nine Months Ended October 31, 2025",M_USD,93.0,,,,,,,,,,,,,,,,,,,,,,,,,,,,,,,,,,,,,,,,,,,,,,,,,,,,,,,,,,,,,,,,,,,,,,,,,,,,,,,,,,,,
975,1,"What would be the minimum of depreciation and amortization for DTA from Three Months Ended April 30, 2024 to Three Months Ended April 30, 2025?","min(4457_depreciation_and_amortization_prior_ytd, 4456_depreciation_and_amortization_current_ytd)","{""op"": ""min"", ""left"": {""leaf"": ""4457_depreciation_and_amortization_prior_ytd"", ""depth"": 0}, ""right"": {""leaf"": ""4456_depreciation_and_amortization_current_ytd"", ""depth"": 0}, ""depth"": 1}","{""kind"": ""time_agg"", ""op"": ""min"", ""depth"": 0}",1300.0,3,0,1,413623081,891331867,42,0.174,0,1,2,4457_depreciation_and_amortization_prior_ytd,depreciation_and_amortization,depreciation and amortization,DTA,"Three Months Ended April 30, 2024",M_USD,1300.0,4456_depreciation_and_amortization_current_ytd,depreciation_and_amortization,depreciation and amortization,DTA,"Three Months Ended April 30, 2025",M_USD,1342.0,,,,,,,,,,,,,,,,,,,,,,,,,,,,,,,,,,,,,,,,,,,,,,,,,,,,,,,,,,,,,,,,,,,,,,,,,,,,,,,,,,,,
976,1,"Which quantity is given by the free cash flow for JTX in Three Months Ended April 30, 2025?",free_cash_flow,"{""derived"": ""free_cash_flow"", ""expanded"": {""op"": ""sum"", ""left"": {""leaf"": ""4022_net_cash_from_operating_current_ytd"", ""depth"": 0}, ""right"": {""leaf"": ""4024_capital_expenditures_current_ytd"", ""depth"": 0}, ""depth"": 1}, ""depth"": 1}","{""kind"": ""derived_concept"", ""name"": ""free_cash_flow"", ""depth"": 0}",1455.0,3,0,1,623273597,510148714,42,0.526,0,1,2,4022_net_cash_from_operating_current_ytd,net_cash_from_operating,net cash from operating,JTX,"Three Months Ended April 30, 2025",M_USD,2578.0,4024_capital_expenditures_current_ytd,capital_expenditures,capital expenditures,JTX,"Three Months Ended April 30, 2025",M_USD,-1123.0,,,,,,,,,,,,,,,,,,,,,,,,,,,,,,,,,,,,,,,,,,,,,,,,,,,,,,,,,,,,,,,,,,,,,,,,,,,,,,,,,,,,
977,1,"whats the value of the maximum of shares used diluted for CLR from Three Months Ended October 31, 2024 to Three Months Ended October 31, 2025","max(271_shares_used_diluted_prior_year_quarter, 270_shares_used_diluted_current_quarter)","{""op"": ""max"", ""left"": {""leaf"": ""271_shares_used_diluted_prior_year_quarter"", ""depth"": 0}, ""right"": {""leaf"": ""270_shares_used_diluted_current_quarter"", ""depth"": 0}, ""depth"": 1}","{""kind"": ""time_agg"", ""op"": ""max"", ""depth"": 0}",3369128.0,1,0,1,796901039,754146657,42,0.369,0,1,2,271_shares_used_diluted_prior_year_quarter,shares_used_diluted,shares used diluted,CLR,"Three Months Ended October 31, 2024",M_shares,3369128.0,270_shares_used_diluted_current_quarter,shares_used_diluted,shares used diluted,CLR,"Three Months Ended October 31, 2025",M_shares,3301000.0,,,,,,,,,,,,,,,,,,,,,,,,,,,,,,,,,,,,,,,,,,,,,,,,,,,,,,,,,,,,,,,,,,,,,,,,,,,,,,,,,,,,
978,1,"provide the maximum of goodwill for TRD from December 31, 2024 to July 31, 2025.","max(2363_goodwill_prior_fy_end, 2362_goodwill_current_quarter_end)","{""op"": ""max"", ""left"": {""leaf"": ""2363_goodwill_prior_fy_end"", ""depth"": 0}, ""right"": {""leaf"": ""2362_goodwill_current_quarter_end"", ""depth"": 0}, ""depth"": 1}","{""kind"": ""time_agg"", ""op"": ""max"", ""depth"": 0}",5969.0,1,0,1,972000491,776427683,42,0.417,0,1,2,2363_goodwill_prior_fy_end,goodwill,goodwill,TRD,"December 31, 2024",M_USD,5969.0,2362_goodwill_current_quarter_end,goodwill,goodwill,TRD,"July 31, 2025",M_USD,5876.0,,,,,,,,,,,,,,,,,,,,,,,,,,,,,,,,,,,,,,,,,,,,,,,,,,,,,,,,,,,,,,,,,,,,,,,,,,,,,,,,,,,,
979,1,"State the gross profit for TRU in Six Months Ended July 31, 2025.",gross_profit,"{""derived"": ""gross_profit"", ""expanded"": {""op"": ""diff"", ""left"": {""leaf"": ""806_total_revenues_current_ytd"", ""depth"": 0}, ""right"": {""leaf"": ""810_cost_of_sales_current_ytd"", ""depth"": 0}, ""depth"": 1}, ""depth"": 1}","{""kind"": ""derived_concept"", ""name"": ""gross_profit"", ""depth"": 0}",21346.0,2,0,1,707944367,527261688,42,0.283,0,1,2,806_total_revenues_current_ytd,total_revenues,total revenues,TRU,"Six Months Ended July 31, 2025",M_USD,37870.0,810_cost_of_sales_current_ytd,cost_of_sales,cost of sales,TRU,"Six Months Ended July 31, 2025",M_USD,16524.0,,,,,,,,,,,,,,,,,,,,,,,,,,,,,,,,,,,,,,,,,,,,,,,,,,,,,,,,,,,,,,,,,,,,,,,,,,,,,,,,,,,,
980,1,"you should give the minimum of accrued expenses and other for CRF from December 31, 2024 to October 31, 2025","min(1759_accrued_expenses_and_other_prior_fy_end, 1758_accrued_expenses_and_other_current_quarter_end)","{""op"": ""min"", ""left"": {""leaf"": ""1759_accrued_expenses_and_other_prior_fy_end"", ""depth"": 0}, ""right"": {""leaf"": ""1758_accrued_expenses_and_other_current_quarter_end"", ""depth"": 0}, ""depth"": 1}","{""kind"": ""time_agg"", ""op"": ""min"", ""depth"": 0}",986.0,5,0,1,954402990,555009421,42,0.163,0,1,2,1759_accrued_expenses_and_other_prior_fy_end,accrued_expenses_and_other,accrued expenses and other,CRF,"December 31, 2024",M_USD,1011.0,1758_accrued_expenses_and_other_current_quarter_end,accrued_expenses_and_other,accrued expenses and other,CRF,"October 31, 2025",M_USD,986.0,,,,,,,,,,,,,,,,,,,,,,,,,,,,,,,,,,,,,,,,,,,,,,,,,,,,,,,,,,,,,,,,,,,,,,,,,,,,,,,,,,,,
982,1,"Which quantity is given by the gross profit for MDI in Three Months Ended October 31, 2024?",gross_profit,"{""derived"": ""gross_profit"", ""expanded"": {""op"": ""diff"", ""left"": {""leaf"": ""5475_total_revenues_prior_year_quarter"", ""depth"": 0}, ""right"": {""leaf"": ""5479_cost_of_sales_prior_year_quarter"", ""depth"": 0}, ""depth"": 1}, ""depth"": 1}","{""kind"": ""derived_concept"", ""name"": ""gross_profit"", ""depth"": 0}",8651.0,2,0,1,283404490,88315975,42,0.444,0,1,2,5475_total_revenues_prior_year_quarter,total_revenues,total revenues,MDI,"Three Months Ended October 31, 2024",M_USD,16497.0,5479_cost_of_sales_prior_year_quarter,cost_of_sales,cost of sales,MDI,"Three Months Ended October 31, 2024",M_USD,7846.0,,,,,,,,,,,,,,,,,,,,,,,,,,,,,,,,,,,,,,,,,,,,,,,,,,,,,,,,,,,,,,,,,,,,,,,,,,,,,,,,,,,,
983,1,"May you calculate the minimum of shares used basic for PRD from Nine Months Ended October 31, 2024 to Nine Months Ended October 31, 2025?","min(1979_shares_used_basic_prior_year_ytd, 1978_shares_used_basic_current_ytd)","{""op"": ""min"", ""left"": {""leaf"": ""1979_shares_used_basic_prior_year_ytd"", ""depth"": 0}, ""right"": {""leaf"": ""1978_shares_used_basic_current_ytd"", ""depth"": 0}, ""depth"": 1}","{""kind"": ""time_agg"", ""op"": ""min"", ""depth"": 0}",2882820.0,5,0,1,702516025,723961104,42,0.168,0,1,2,1979_shares_used_basic_prior_year_ytd,shares_used_basic,shares used basic,PRD,"Nine Months Ended October 31, 2024",M_shares,2936346.0,1978_shares_used_basic_current_ytd,shares_used_basic,shares used basic,PRD,"Nine Months Ended October 31, 2025",M_shares,2882820.0,,,,,,,,,,,,,,,,,,,,,,,,,,,,,,,,,,,,,,,,,,,,,,,,,,,,,,,,,,,,,,,,,,,,,,,,,,,,,,,,,,,,
985,1,"give the minimum of operating income for SUP from Three Months Ended April 30, 2024 to Three Months Ended April 30, 2025.","min(981_operating_income_prior_year_quarter, 980_operating_income_current_quarter)","{""op"": ""min"", ""left"": {""leaf"": ""981_operating_income_prior_year_quarter"", ""depth"": 0}, ""right"": {""leaf"": ""980_operating_income_current_quarter"", ""depth"": 0}, ""depth"": 1}","{""kind"": ""time_agg"", ""op"": ""min"", ""depth"": 0}",1108.0,5,0,1,694148746,17634801,42,0.303,0,1,2,981_operating_income_prior_year_quarter,operating_income,operating income,SUP,"Three Months Ended April 30, 2024",M_USD,1108.0,980_operating_income_current_quarter,operating_income,operating income,SUP,"Three Months Ended April 30, 2025",M_USD,1124.0,,,,,,,,,,,,,,,,,,,,,,,,,,,,,,,,,,,,,,,,,,,,,,,,,,,,,,,,,,,,,,,,,,,,,,,,,,,,,,,,,,,,
986,1,"could you give the maximum of total non current assets for MTX from December 31, 2024 to October 31, 2025 ?","max(5383_total_non_current_assets_prior_fy_end, 5382_total_non_current_assets_current_quarter_end)","{""op"": ""max"", ""left"": {""leaf"": ""5383_total_non_current_assets_prior_fy_end"", ""depth"": 0}, ""right"": {""leaf"": ""5382_total_non_current_assets_current_quarter_end"", ""depth"": 0}, ""depth"": 1}","{""kind"": ""time_agg"", ""op"": ""max"", ""depth"": 0}",15906.0,1,0,1,938277909,522683285,42,0.561,0,1,2,5383_total_non_current_assets_prior_fy_end,total_non_current_assets,total non current assets,MTX,"December 31, 2024",M_USD,13715.0,5382_total_non_current_assets_current_quarter_end,total_non_current_assets,total non current assets,MTX,"October 31, 2025",M_USD,15906.0,,,,,,,,,,,,,,,,,,,,,,,,,,,,,,,,,,,,,,,,,,,,,,,,,,,,,,,,,,,,,,,,,,,,,,,,,,,,,,,,,,,,
988,1,"could you give the maximum of short term investments for NVH from December 31, 2024 to October 31, 2025?","max(6639_short_term_investments_prior_fy_end, 6638_short_term_investments_current_quarter_end)","{""op"": ""max"", ""left"": {""leaf"": ""6639_short_term_investments_prior_fy_end"", ""depth"": 0}, ""right"": {""leaf"": ""6638_short_term_investments_current_quarter_end"", ""depth"": 0}, ""depth"": 1}","{""kind"": ""time_agg"", ""op"": ""max"", ""depth"": 0}",1498.0,3,0,1,514284184,888913780,42,0.334,0,1,2,6639_short_term_investments_prior_fy_end,short_term_investments,short term investments,NVH,"December 31, 2024",M_USD,1384.0,6638_short_term_investments_current_quarter_end,short_term_investments,short term investments,NVH,"October 31, 2025",M_USD,1498.0,,,,,,,,,,,,,,,,,,,,,,,,,,,,,,,,,,,,,,,,,,,,,,,,,,,,,,,,,,,,,,,,,,,,,,,,,,,,,,,,,,,,
989,1,"What would be the maximum of comprehensive income for CRZ from Nine Months Ended October 31, 2024 to Nine Months Ended October 31, 2025","max(5129_comprehensive_income_prior_year_ytd, 5128_comprehensive_income_current_ytd)","{""op"": ""max"", ""left"": {""leaf"": ""5129_comprehensive_income_prior_year_ytd"", ""depth"": 0}, ""right"": {""leaf"": ""5128_comprehensive_income_current_ytd"", ""depth"": 0}, ""depth"": 1}","{""kind"": ""time_agg"", ""op"": ""max"", ""depth"": 0}",4326.0,3,0,1,400738646,3580270,42,0.563,0,1,2,5129_comprehensive_income_prior_year_ytd,comprehensive_income,comprehensive income,CRZ,"Nine Months Ended October 31, 2024",M_USD,4326.0,5128_comprehensive_income_current_ytd,comprehensive_income,comprehensive income,CRZ,"Nine Months Ended October 31, 2025",M_USD,4242.0,,,,,,,,,,,,,,,,,,,,,,,,,,,,,,,,,,,,,,,,,,,,,,,,,,,,,,,,,,,,,,,,,,,,,,,,,,,,,,,,,,,,
990,1,"Calculate the operating income for NVH in Three Months Ended October 31, 2025.",operating_income,"{""derived"": ""operating_income"", ""expanded"": {""op"": ""diff"", ""left"": {""leaf"": ""6588_total_revenues_current_quarter"", ""depth"": 0}, ""right"": {""leaf"": ""6608_total_costs_and_expenses_current_quarter"", ""depth"": 0}, ""depth"": 1}, ""depth"": 1}","{""kind"": ""derived_concept"", ""name"": ""operating_income"", ""depth"": 0}",3745.0,3,0,1,138498272,897892007,42,0.333,0,1,2,6588_total_revenues_current_quarter,total_revenues,total revenues,NVH,"Three Months Ended October 31, 2025",M_USD,18256.0,6608_total_costs_and_expenses_current_quarter,total_costs_and_expenses,total costs and expenses,NVH,"Three Months Ended October 31, 2025",M_USD,14511.0,,,,,,,,,,,,,,,,,,,,,,,,,,,,,,,,,,,,,,,,,,,,,,,,,,,,,,,,,,,,,,,,,,,,,,,,,,,,,,,,,,,,
991,1,"May you calculate the minimum of other non current assets for PLX from September 30, 2025 to July 31, 2026 ?","min(4272_other_non_current_assets_current_quarter_end, 4273_other_non_current_assets_prior_fy_end)","{""op"": ""min"", ""left"": {""leaf"": ""4272_other_non_current_assets_current_quarter_end"", ""depth"": 0}, ""right"": {""leaf"": ""4273_other_non_current_assets_prior_fy_end"", ""depth"": 0}, ""depth"": 1}","{""kind"": ""time_agg"", ""op"": ""min"", ""depth"": 0}",481.0,4,0,1,633206801,11009774,42,0.31,0,1,2,4272_other_non_current_assets_current_quarter_end,other_non_current_assets,other non current assets,PLX,"July 31, 2026",M_USD,565.0,4273_other_non_current_assets_prior_fy_end,other_non_current_assets,other non current assets,PLX,"September 30, 2025",M_USD,481.0,,,,,,,,,,,,,,,,,,,,,,,,,,,,,,,,,,,,,,,,,,,,,,,,,,,,,,,,,,,,,,,,,,,,,,,,,,,,,,,,,,,,
992,1,"what is the value of the maximum of long term debt for BRX from December 31, 2024 to July 31, 2025","max(551_long_term_debt_prior_fy_end, 550_long_term_debt_current_quarter_end)","{""op"": ""max"", ""left"": {""leaf"": ""551_long_term_debt_prior_fy_end"", ""depth"": 0}, ""right"": {""leaf"": ""550_long_term_debt_current_quarter_end"", ""depth"": 0}, ""depth"": 1}","{""kind"": ""time_agg"", ""op"": ""max"", ""depth"": 0}",25732.0,5,0,1,703756376,354829118,42,0.173,0,1,2,551_long_term_debt_prior_fy_end,long_term_debt,long term debt,BRX,"December 31, 2024",M_USD,25732.0,550_long_term_debt_current_quarter_end,long_term_debt,long term debt,BRX,"July 31, 2025",M_USD,25431.0,,,,,,,,,,,,,,,,,,,,,,,,,,,,,,,,,,,,,,,,,,,,,,,,,,,,,,,,,,,,,,,,,,,,,,,,,,,,,,,,,,,,
993,1,"What's the value of the gross profit for CIV in Three Months Ended October 31, 2025",gross_profit,"{""derived"": ""gross_profit"", ""expanded"": {""op"": ""diff"", ""left"": {""leaf"": ""2798_total_revenues_current_quarter"", ""depth"": 0}, ""right"": {""leaf"": ""2802_cost_of_sales_current_quarter"", ""depth"": 0}, ""depth"": 1}, ""depth"": 1}","{""kind"": ""derived_concept"", ""name"": ""gross_profit"", ""depth"": 0}",656.0,4,0,1,474678701,462169533,42,0.338,0,1,2,2798_total_revenues_current_quarter,total_revenues,total revenues,CIV,"Three Months Ended October 31, 2025",M_USD,3484.0,2802_cost_of_sales_current_quarter,cost_of_sales,cost of sales,CIV,"Three Months Ended October 31, 2025",M_USD,2828.0,,,,,,,,,,,,,,,,,,,,,,,,,,,,,,,,,,,,,,,,,,,,,,,,,,,,,,,,,,,,,,,,,,,,,,,,,,,,,,,,,,,,
994,1,"Provide the minimum of deferred revenue current for TPH from December 31, 2024 to October 31, 2025 .","min(2537_deferred_revenue_current_prior_fy_end, 2536_deferred_revenue_current_current_quarter_end)","{""op"": ""min"", ""left"": {""leaf"": ""2537_deferred_revenue_current_prior_fy_end"", ""depth"": 0}, ""right"": {""leaf"": ""2536_deferred_revenue_current_current_quarter_end"", ""depth"": 0}, ""depth"": 1}","{""kind"": ""time_agg"", ""op"": ""min"", ""depth"": 0}",1227.0,1,0,1,848232341,152395721,42,0.161,0,1,2,2537_deferred_revenue_current_prior_fy_end,deferred_revenue_current,deferred revenue current,TPH,"December 31, 2024",M_USD,1227.0,2536_deferred_revenue_current_current_quarter_end,deferred_revenue_current,deferred revenue current,TPH,"October 31, 2025",M_USD,1249.0,,,,,,,,,,,,,,,,,,,,,,,,,,,,,,,,,,,,,,,,,,,,,,,,,,,,,,,,,,,,,,,,,,,,,,,,,,,,,,,,,,,,
997,1,"evaluate the minimum of shares used basic for CLR from Three Months Ended October 31, 2024 to Three Months Ended October 31, 2025.","min(267_shares_used_basic_prior_year_quarter, 266_shares_used_basic_current_quarter)","{""op"": ""min"", ""left"": {""leaf"": ""267_shares_used_basic_prior_year_quarter"", ""depth"": 0}, ""right"": {""leaf"": ""266_shares_used_basic_current_quarter"", ""depth"": 0}, ""depth"": 1}","{""kind"": ""time_agg"", ""op"": ""min"", ""depth"": 0}",3273000.0,4,0,1,469614085,848350721,42,0.479,0,1,2,267_shares_used_basic_prior_year_quarter,shares_used_basic,shares used basic,CLR,"Three Months Ended October 31, 2024",M_shares,3395440.0,266_shares_used_basic_current_quarter,shares_used_basic,shares used basic,CLR,"Three Months Ended October 31, 2025",M_shares,3273000.0,,,,,,,,,,,,,,,,,,,,,,,,,,,,,,,,,,,,,,,,,,,,,,,,,,,,,,,,,,,,,,,,,,,,,,,,,,,,,,,,,,,,
998,1,"What is the value of the maximum of other non current assets for BNK from December 31, 2024 to October 31, 2025","max(4709_other_non_current_assets_prior_fy_end, 4708_other_non_current_assets_current_quarter_end)","{""op"": ""max"", ""left"": {""leaf"": ""4709_other_non_current_assets_prior_fy_end"", ""depth"": 0}, ""right"": {""leaf"": ""4708_other_non_current_assets_current_quarter_end"", ""depth"": 0}, ""depth"": 1}","{""kind"": ""time_agg"", ""op"": ""max"", ""depth"": 0}",803.0,4,0,1,433630420,948464644,42,0.589,0,1,2,4709_other_non_current_assets_prior_fy_end,other_non_current_assets,other non current assets,BNK,"December 31, 2024",M_USD,685.0,4708_other_non_current_assets_current_quarter_end,other_non_current_assets,other non current assets,BNK,"October 31, 2025",M_USD,803.0,,,,,,,,,,,,,,,,,,,,,,,,,,,,,,,,,,,,,,,,,,,,,,,,,,,,,,,,,,,,,,,,,,,,,,,,,,,,,,,,,,,,
1000,1,"what is the value of the minimum of goodwill for CAP from December 31, 2024 to October 31, 2025?","min(5711_goodwill_prior_fy_end, 5710_goodwill_current_quarter_end)","{""op"": ""min"", ""left"": {""leaf"": ""5711_goodwill_prior_fy_end"", ""depth"": 0}, ""right"": {""leaf"": ""5710_goodwill_current_quarter_end"", ""depth"": 0}, ""depth"": 1}","{""kind"": ""time_agg"", ""op"": ""min"", ""depth"": 0}",3841.0,2,0,1,607927096,947479386,42,0.559,0,1,2,5711_goodwill_prior_fy_end,goodwill,goodwill,CAP,"December 31, 2024",M_USD,3847.0,5710_goodwill_current_quarter_end,goodwill,goodwill,CAP,"October 31, 2025",M_USD,3841.0,,,,,,,,,,,,,,,,,,,,,,,,,,,,,,,,,,,,,,,,,,,,,,,,,,,,,,,,,,,,,,,,,,,,,,,,,,,,,,,,,,,,
1001,1,"State the maximum of property plant and equipment net for VRX from December 31, 2024 to July 31, 2025","max(3021_property_plant_and_equipment_net_prior_fy_end, 3020_property_plant_and_equipment_net_current_quarter_end)","{""op"": ""max"", ""left"": {""leaf"": ""3021_property_plant_and_equipment_net_prior_fy_end"", ""depth"": 0}, ""right"": {""leaf"": ""3020_property_plant_and_equipment_net_current_quarter_end"", ""depth"": 0}, ""depth"": 1}","{""kind"": ""time_agg"", ""op"": ""max"", ""depth"": 0}",2370.0,1,0,1,400762920,120084078,42,0.481,0,1,2,3021_property_plant_and_equipment_net_prior_fy_end,property_plant_and_equipment_net,property plant and equipment net,VRX,"December 31, 2024",M_USD,2250.0,3020_property_plant_and_equipment_net_current_quarter_end,property_plant_and_equipment_net,property plant and equipment net,VRX,"July 31, 2025",M_USD,2370.0,,,,,,,,,,,,,,,,,,,,,,,,,,,,,,,,,,,,,,,,,,,,,,,,,,,,,,,,,,,,,,,,,,,,,,,,,,,,,,,,,,,,
