question_id,depth,question,expression,expression_json,template_expression,answer,template_depth_requested,template_actual_depth,bound_expression_depth,tree_seed,binding_seed,master_seed,derived_prob,template_internal_nodes,template_leaf_slots,bound_leaf_count,leaf_1_key,leaf_1_concept,leaf_1_label,leaf_1_entity,leaf_1_period,leaf_1_unit,leaf_1_value,leaf_2_key,leaf_2_concept,leaf_2_label,leaf_2_entity,leaf_2_period,leaf_2_unit,leaf_2_value,leaf_3_key,leaf_3_concept,leaf_3_label,leaf_3_entity,leaf_3_period,leaf_3_unit,leaf_3_value,leaf_4_key,leaf_4_concept,leaf_4_label,leaf_4_entity,leaf_4_period,leaf_4_unit,leaf_4_value,leaf_5_key,leaf_5_concept,leaf_5_label,leaf_5_entity,leaf_5_period,leaf_5_unit,leaf_5_value,leaf_6_key,leaf_6_concept,leaf_6_label,leaf_6_entity,leaf_6_period,leaf_6_unit,leaf_6_value,leaf_7_key,leaf_7_concept,leaf_7_label,leaf_7_entity,leaf_7_period,leaf_7_unit,leaf_7_value,leaf_8_key,leaf_8_concept,leaf_8_label,leaf_8_entity,leaf_8_period,leaf_8_unit,leaf_8_value,leaf_9_key,leaf_9_concept,leaf_9_label,leaf_9_entity,leaf_9_period,leaf_9_unit,leaf_9_value,leaf_10_key,leaf_10_concept,leaf_10_label,leaf_10_entity,leaf_10_period,leaf_10_unit,leaf_10_value,leaf_11_key,leaf_11_concept,leaf_11_label,leaf_11_entity,leaf_11_period,leaf_11_unit,leaf_11_value,leaf_12_key,leaf_12_concept,leaf_12_label,leaf_12_entity,leaf_12_period,leaf_12_unit,leaf_12_value
7,3,"What is the value of the total current liabilities for BRX in December 31, 2024",total_current_liabilities,"{""derived"": ""total_current_liabilities"", ""expanded"": {""op"": ""sum"", ""left"": {""op"": ""sum"", ""left"": {""op"": ""sum"", ""left"": {""leaf"": ""541_accounts_payable_prior_fy_end"", ""depth"": 0}, ""right"": {""leaf"": ""543_deferred_revenue_current_prior_fy_end"", ""depth"": 0}, ""depth"": 1}, ""right"": {""leaf"": ""545_accrued_expenses_and_other_prior_fy_end"", ""depth"": 0}, ""depth"": 2}, ""right"": {""leaf"": ""547_current_portion_of_long_term_debt_prior_fy_end"", ""depth"": 0}, ""depth"": 3}, ""depth"": 3}","{""kind"": ""derived_concept"", ""name"": ""total_current_liabilities"", ""depth"": 0}",35936.0,2,0,3,521453189,516854671,42,0.532,0,1,4,541_accounts_payable_prior_fy_end,accounts_payable,accounts payable,BRX,"December 31, 2024",M_USD,25781.0,543_deferred_revenue_current_prior_fy_end,deferred_revenue_current,deferred revenue current,BRX,"December 31, 2024",M_USD,4487.0,545_accrued_expenses_and_other_prior_fy_end,accrued_expenses_and_other,accrued expenses and other,BRX,"December 31, 2024",M_USD,3450.0,547_current_portion_of_long_term_debt_prior_fy_end,current_portion_of_long_term_debt,current portion of long term debt,BRX,"December 31, 2024",M_USD,2218.0,,,,,,,,,,,,,,,,,,,,,,,,,,,,,,,,,,,,,,,,,,,,,,,,,,,,,,,,
13,3,"provide the total current liabilities for TPH in December 31, 2024.",total_current_liabilities,"{""derived"": ""total_current_liabilities"", ""expanded"": {""op"": ""sum"", ""left"": {""op"": ""sum"", ""left"": {""op"": ""sum"", ""left"": {""leaf"": ""2535_accounts_payable_prior_fy_end"", ""depth"": 0}, ""right"": {""leaf"": ""2537_deferred_revenue_current_prior_fy_end"", ""depth"": 0}, ""depth"": 1}, ""right"": {""leaf"": ""2539_accrued_expenses_and_other_prior_fy_end"", ""depth"": 0}, ""depth"": 2}, ""right"": {""leaf"": ""2541_current_portion_of_long_term_debt_prior_fy_end"", ""depth"": 0}, ""depth"": 3}, ""depth"": 3}","{""kind"": ""derived_concept"", ""name"": ""total_current_liabilities"", ""depth"": 0}",5848.0,3,0,3,147746438,41127742,42,0.559,0,1,4,2535_accounts_payable_prior_fy_end,accounts_payable,accounts payable,TPH,"December 31, 2024",M_USD,2183.0,2537_deferred_revenue_current_prior_fy_end,deferred_revenue_current,deferred revenue current,TPH,"December 31, 2024",M_USD,1227.0,2539_accrued_expenses_and_other_prior_fy_end,accrued_expenses_and_other,accrued expenses and other,TPH,"December 31, 2024",M_USD,1627.0,2541_current_portion_of_long_term_debt_prior_fy_end,current_portion_of_long_term_debt,current portion of long term debt,TPH,"December 31, 2024",M_USD,811.0,,,,,,,,,,,,,,,,,,,,,,,,,,,,,,,,,,,,,,,,,,,,,,,,,,,,,,,,
38,3,"which quantity is given by the total current liabilities for JTX in December 31, 2024?",total_current_liabilities,"{""derived"": ""total_current_liabilities"", ""expanded"": {""op"": ""sum"", ""left"": {""op"": ""sum"", ""left"": {""op"": ""sum"", ""left"": {""leaf"": ""4001_accounts_payable_prior_fy_end"", ""depth"": 0}, ""right"": {""leaf"": ""4003_deferred_revenue_current_prior_fy_end"", ""depth"": 0}, ""depth"": 1}, ""right"": {""leaf"": ""4005_accrued_expenses_and_other_prior_fy_end"", ""depth"": 0}, ""depth"": 2}, ""right"": {""leaf"": ""4007_current_portion_of_long_term_debt_prior_fy_end"", ""depth"": 0}, ""depth"": 3}, ""depth"": 3}","{""kind"": ""derived_concept"", ""name"": ""total_current_liabilities"", ""depth"": 0}",5360.0,2,0,3,155529715,932284555,42,0.42,0,1,4,4001_accounts_payable_prior_fy_end,accounts_payable,accounts payable,JTX,"December 31, 2024",M_USD,3131.0,4003_deferred_revenue_current_prior_fy_end,deferred_revenue_current,deferred revenue current,JTX,"December 31, 2024",M_USD,567.0,4005_accrued_expenses_and_other_prior_fy_end,accrued_expenses_and_other,accrued expenses and other,JTX,"December 31, 2024",M_USD,979.0,4007_current_portion_of_long_term_debt_prior_fy_end,current_portion_of_long_term_debt,current portion of long term debt,JTX,"December 31, 2024",M_USD,683.0,,,,,,,,,,,,,,,,,,,,,,,,,,,,,,,,,,,,,,,,,,,,,,,,,,,,,,,,
41,3,"You should calculate the total current liabilities for MTX in December 31, 2024",total_current_liabilities,"{""derived"": ""total_current_liabilities"", ""expanded"": {""op"": ""sum"", ""left"": {""op"": ""sum"", ""left"": {""op"": ""sum"", ""left"": {""leaf"": ""5387_accounts_payable_prior_fy_end"", ""depth"": 0}, ""right"": {""leaf"": ""5389_deferred_revenue_current_prior_fy_end"", ""depth"": 0}, ""depth"": 1}, ""right"": {""leaf"": ""5391_accrued_expenses_and_other_prior_fy_end"", ""depth"": 0}, ""depth"": 2}, ""right"": {""leaf"": ""5393_current_portion_of_long_term_debt_prior_fy_end"", ""depth"": 0}, ""depth"": 3}, ""depth"": 3}","{""kind"": ""derived_concept"", ""name"": ""total_current_liabilities"", ""depth"": 0}",8102.0,5,0,3,827783767,426288946,42,0.482,0,1,4,5387_accounts_payable_prior_fy_end,accounts_payable,accounts payable,MTX,"December 31, 2024",M_USD,4813.0,5389_deferred_revenue_current_prior_fy_end,deferred_revenue_current,deferred revenue current,MTX,"December 31, 2024",M_USD,604.0,5391_accrued_expenses_and_other_prior_fy_end,accrued_expenses_and_other,accrued expenses and other,MTX,"December 31, 2024",M_USD,1748.0,5393_current_portion_of_long_term_debt_prior_fy_end,current_portion_of_long_term_debt,current portion of long term debt,MTX,"December 31, 2024",M_USD,937.0,,,,,,,,,,,,,,,,,,,,,,,,,,,,,,,,,,,,,,,,,,,,,,,,,,,,,,,,
70,3,"state the total current liabilities for TXN in April 30, 2025",total_current_liabilities,"{""derived"": ""total_current_liabilities"", ""expanded"": {""op"": ""sum"", ""left"": {""op"": ""sum"", ""left"": {""op"": ""sum"", ""left"": {""leaf"": ""7632_accounts_payable_current_quarter_end"", ""depth"": 0}, ""right"": {""leaf"": ""7634_deferred_revenue_current_current_quarter_end"", ""depth"": 0}, ""depth"": 1}, ""right"": {""leaf"": ""7636_accrued_expenses_and_other_current_quarter_end"", ""depth"": 0}, ""depth"": 2}, ""right"": {""leaf"": ""7638_current_portion_of_long_term_debt_current_quarter_end"", ""depth"": 0}, ""depth"": 3}, ""depth"": 3}","{""kind"": ""derived_concept"", ""name"": ""total_current_liabilities"", ""depth"": 0}",29259.0,2,0,3,447666960,884561220,42,0.172,0,1,4,7632_accounts_payable_current_quarter_end,accounts_payable,accounts payable,TXN,"April 30, 2025",M_USD,19251.0,7634_deferred_revenue_current_current_quarter_end,deferred_revenue_current,deferred revenue current,TXN,"April 30, 2025",M_USD,4115.0,7636_accrued_expenses_and_other_current_quarter_end,accrued_expenses_and_other,accrued expenses and other,TXN,"April 30, 2025",M_USD,3600.0,7638_current_portion_of_long_term_debt_current_quarter_end,current_portion_of_long_term_debt,current portion of long term debt,TXN,"April 30, 2025",M_USD,2293.0,,,,,,,,,,,,,,,,,,,,,,,,,,,,,,,,,,,,,,,,,,,,,,,,,,,,,,,,
79,3,"Whats the value of the total current liabilities for CNS in December 31, 2024",total_current_liabilities,"{""derived"": ""total_current_liabilities"", ""expanded"": {""op"": ""sum"", ""left"": {""op"": ""sum"", ""left"": {""op"": ""sum"", ""left"": {""leaf"": ""5989_accounts_payable_prior_fy_end"", ""depth"": 0}, ""right"": {""leaf"": ""5991_deferred_revenue_current_prior_fy_end"", ""depth"": 0}, ""depth"": 1}, ""right"": {""leaf"": ""5993_accrued_expenses_and_other_prior_fy_end"", ""depth"": 0}, ""depth"": 2}, ""right"": {""leaf"": ""5995_current_portion_of_long_term_debt_prior_fy_end"", ""depth"": 0}, ""depth"": 3}, ""depth"": 3}","{""kind"": ""derived_concept"", ""name"": ""total_current_liabilities"", ""depth"": 0}",3034.0,2,0,3,419710523,409437695,42,0.574,0,1,4,5989_accounts_payable_prior_fy_end,accounts_payable,accounts payable,CNS,"December 31, 2024",M_USD,2030.0,5991_deferred_revenue_current_prior_fy_end,deferred_revenue_current,deferred revenue current,CNS,"December 31, 2024",M_USD,365.0,5993_accrued_expenses_and_other_prior_fy_end,accrued_expenses_and_other,accrued expenses and other,CNS,"December 31, 2024",M_USD,313.0,5995_current_portion_of_long_term_debt_prior_fy_end,current_portion_of_long_term_debt,current portion of long term debt,CNS,"December 31, 2024",M_USD,326.0,,,,,,,,,,,,,,,,,,,,,,,,,,,,,,,,,,,,,,,,,,,,,,,,,,,,,,,,
82,3,"what's the value of the total current liabilities for CLR in December 31, 2024",total_current_liabilities,"{""derived"": ""total_current_liabilities"", ""expanded"": {""op"": ""sum"", ""left"": {""op"": ""sum"", ""left"": {""op"": ""sum"", ""left"": {""leaf"": ""205_accounts_payable_prior_fy_end"", ""depth"": 0}, ""right"": {""leaf"": ""207_deferred_revenue_current_prior_fy_end"", ""depth"": 0}, ""depth"": 1}, ""right"": {""leaf"": ""209_accrued_expenses_and_other_prior_fy_end"", ""depth"": 0}, ""depth"": 2}, ""right"": {""leaf"": ""211_current_portion_of_long_term_debt_prior_fy_end"", ""depth"": 0}, ""depth"": 3}, ""depth"": 3}","{""kind"": ""derived_concept"", ""name"": ""total_current_liabilities"", ""depth"": 0}",1986.0,2,0,3,56442638,991233197,42,0.528,0,1,4,205_accounts_payable_prior_fy_end,accounts_payable,accounts payable,CLR,"December 31, 2024",M_USD,856.0,207_deferred_revenue_current_prior_fy_end,deferred_revenue_current,deferred revenue current,CLR,"December 31, 2024",M_USD,402.0,209_accrued_expenses_and_other_prior_fy_end,accrued_expenses_and_other,accrued expenses and other,CLR,"December 31, 2024",M_USD,486.0,211_current_portion_of_long_term_debt_prior_fy_end,current_portion_of_long_term_debt,current portion of long term debt,CLR,"December 31, 2024",M_USD,242.0,,,,,,,,,,,,,,,,,,,,,,,,,,,,,,,,,,,,,,,,,,,,,,,,,,,,,,,,
88,3,"Evaluate the sum of minimum of long term debt for PRF from December 31, 2024 to April 30, 2025 and ratio of sum of cost of consulting revenue for PRF in Three Months Ended April 30, 2024 and cost of consulting revenue for PRF in Three Months Ended April 30, 2025 to 2.0.","sum(min(2224_long_term_debt_current_quarter_end, 2225_long_term_debt_prior_fy_end), ratio(sum(2296_cos_consulting_revenue_prior_year_quarter, 2292_cos_consulting_revenue_current_quarter), 2.0))","{""op"": ""sum"", ""left"": {""op"": ""min"", ""left"": {""leaf"": ""2224_long_term_debt_current_quarter_end"", ""depth"": 0}, ""right"": {""leaf"": ""2225_long_term_debt_prior_fy_end"", ""depth"": 0}, ""depth"": 1}, ""right"": {""op"": ""ratio"", ""left"": {""op"": ""sum"", ""left"": {""leaf"": ""2296_cos_consulting_revenue_prior_year_quarter"", ""depth"": 0}, ""right"": {""leaf"": ""2292_cos_consulting_revenue_current_quarter"", ""depth"": 0}, ""depth"": 1}, ""right"": {""literal"": 2.0, ""depth"": 0}, ""depth"": 2}, ""depth"": 3}","{""op"": ""sum"", ""left"": {""kind"": ""time_agg"", ""op"": ""min"", ""depth"": 0}, ""right"": {""kind"": ""time_agg"", ""op"": ""avg"", ""depth"": 0}, ""depth"": 1, ""kind"": ""node""}",618.5,3,1,3,921186171,93353560,42,0.303,1,2,4,2224_long_term_debt_current_quarter_end,long_term_debt,long term debt,PRF,"April 30, 2025",M_USD,235.0,2225_long_term_debt_prior_fy_end,long_term_debt,long term debt,PRF,"December 31, 2024",M_USD,225.0,2296_cos_consulting_revenue_prior_year_quarter,cos_consulting_revenue,cost of consulting revenue,PRF,"Three Months Ended April 30, 2024",M_USD,387.0,2292_cos_consulting_revenue_current_quarter,cos_consulting_revenue,cost of consulting revenue,PRF,"Three Months Ended April 30, 2025",M_USD,400.0,,,,,,,,,,,,,,,,,,,,,,,,,,,,,,,,,,,,,,,,,,,,,,,,,,,,,,,,
104,3,"Compute the total current liabilities for ZNX in December 31, 2024",total_current_liabilities,"{""derived"": ""total_current_liabilities"", ""expanded"": {""op"": ""sum"", ""left"": {""op"": ""sum"", ""left"": {""op"": ""sum"", ""left"": {""leaf"": ""6309_accounts_payable_prior_fy_end"", ""depth"": 0}, ""right"": {""leaf"": ""6311_deferred_revenue_current_prior_fy_end"", ""depth"": 0}, ""depth"": 1}, ""right"": {""leaf"": ""6313_accrued_expenses_and_other_prior_fy_end"", ""depth"": 0}, ""depth"": 2}, ""right"": {""leaf"": ""6315_current_portion_of_long_term_debt_prior_fy_end"", ""depth"": 0}, ""depth"": 3}, ""depth"": 3}","{""kind"": ""derived_concept"", ""name"": ""total_current_liabilities"", ""depth"": 0}",5669.0,5,0,3,797416495,891475779,42,0.402,0,1,4,6309_accounts_payable_prior_fy_end,accounts_payable,accounts payable,ZNX,"December 31, 2024",M_USD,3736.0,6311_deferred_revenue_current_prior_fy_end,deferred_revenue_current,deferred revenue current,ZNX,"December 31, 2024",M_USD,689.0,6313_accrued_expenses_and_other_prior_fy_end,accrued_expenses_and_other,accrued expenses and other,ZNX,"December 31, 2024",M_USD,837.0,6315_current_portion_of_long_term_debt_prior_fy_end,current_portion_of_long_term_debt,current portion of long term debt,ZNX,"December 31, 2024",M_USD,407.0,,,,,,,,,,,,,,,,,,,,,,,,,,,,,,,,,,,,,,,,,,,,,,,,,,,,,,,,
132,3,"What is the value of the sum of ratio of sum of goodwill for BNK in December 31, 2024 and goodwill for BNK in October 31, 2025 to 2.0 and minimum of operating income for BNK from Nine Months Ended October 31, 2024 to Nine Months Ended October 31, 2025 ?","sum(ratio(sum(4707_goodwill_prior_fy_end, 4706_goodwill_current_quarter_end), 2.0), min(4669_operating_income_prior_year_ytd, 4668_operating_income_current_ytd))","{""op"": ""sum"", ""left"": {""op"": ""ratio"", ""left"": {""op"": ""sum"", ""left"": {""leaf"": ""4707_goodwill_prior_fy_end"", ""depth"": 0}, ""right"": {""leaf"": ""4706_goodwill_current_quarter_end"", ""depth"": 0}, ""depth"": 1}, ""right"": {""literal"": 2.0, ""depth"": 0}, ""depth"": 2}, ""right"": {""op"": ""min"", ""left"": {""leaf"": ""4669_operating_income_prior_year_ytd"", ""depth"": 0}, ""right"": {""leaf"": ""4668_operating_income_current_ytd"", ""depth"": 0}, ""depth"": 1}, ""depth"": 3}","{""op"": ""sum"", ""left"": {""kind"": ""time_agg"", ""op"": ""avg"", ""depth"": 0}, ""right"": {""kind"": ""time_agg"", ""op"": ""min"", ""depth"": 0}, ""depth"": 1, ""kind"": ""node""}",8774.0,4,1,3,547122228,954281756,42,0.423,1,2,4,4707_goodwill_prior_fy_end,goodwill,goodwill,BNK,"December 31, 2024",M_USD,1521.0,4706_goodwill_current_quarter_end,goodwill,goodwill,BNK,"October 31, 2025",M_USD,1783.0,4669_operating_income_prior_year_ytd,operating_income,operating income,BNK,"Nine Months Ended October 31, 2024",M_USD,7122.0,4668_operating_income_current_ytd,operating_income,operating income,BNK,"Nine Months Ended October 31, 2025",M_USD,7959.0,,,,,,,,,,,,,,,,,,,,,,,,,,,,,,,,,,,,,,,,,,,,,,,,,,,,,,,,
150,3,"determine the total current liabilities for WNG in April 30, 2025.",total_current_liabilities,"{""derived"": ""total_current_liabilities"", ""expanded"": {""op"": ""sum"", ""left"": {""op"": ""sum"", ""left"": {""op"": ""sum"", ""left"": {""leaf"": ""7504_accounts_payable_current_quarter_end"", ""depth"": 0}, ""right"": {""leaf"": ""7506_deferred_revenue_current_current_quarter_end"", ""depth"": 0}, ""depth"": 1}, ""right"": {""leaf"": ""7508_accrued_expenses_and_other_current_quarter_end"", ""depth"": 0}, ""depth"": 2}, ""right"": {""leaf"": ""7510_current_portion_of_long_term_debt_current_quarter_end"", ""depth"": 0}, ""depth"": 3}, ""depth"": 3}","{""kind"": ""derived_concept"", ""name"": ""total_current_liabilities"", ""depth"": 0}",6075.0,3,0,3,792965011,5338359,42,0.413,0,1,4,7504_accounts_payable_current_quarter_end,accounts_payable,accounts payable,WNG,"April 30, 2025",M_USD,3329.0,7506_deferred_revenue_current_current_quarter_end,deferred_revenue_current,deferred revenue current,WNG,"April 30, 2025",M_USD,875.0,7508_accrued_expenses_and_other_current_quarter_end,accrued_expenses_and_other,accrued expenses and other,WNG,"April 30, 2025",M_USD,1210.0,7510_current_portion_of_long_term_debt_current_quarter_end,current_portion_of_long_term_debt,current portion of long term debt,WNG,"April 30, 2025",M_USD,661.0,,,,,,,,,,,,,,,,,,,,,,,,,,,,,,,,,,,,,,,,,,,,,,,,,,,,,,,,
170,3,"State the total current liabilities for VRX in July 31, 2025.",total_current_liabilities,"{""derived"": ""total_current_liabilities"", ""expanded"": {""op"": ""sum"", ""left"": {""op"": ""sum"", ""left"": {""op"": ""sum"", ""left"": {""leaf"": ""3030_accounts_payable_current_quarter_end"", ""depth"": 0}, ""right"": {""leaf"": ""3032_deferred_revenue_current_current_quarter_end"", ""depth"": 0}, ""depth"": 1}, ""right"": {""leaf"": ""3034_accrued_expenses_and_other_current_quarter_end"", ""depth"": 0}, ""depth"": 2}, ""right"": {""leaf"": ""3036_current_portion_of_long_term_debt_current_quarter_end"", ""depth"": 0}, ""depth"": 3}, ""depth"": 3}","{""kind"": ""derived_concept"", ""name"": ""total_current_liabilities"", ""depth"": 0}",6735.0,2,0,3,391561974,570832029,42,0.212,0,1,4,3030_accounts_payable_current_quarter_end,accounts_payable,accounts payable,VRX,"July 31, 2025",M_USD,4265.0,3032_deferred_revenue_current_current_quarter_end,deferred_revenue_current,deferred revenue current,VRX,"July 31, 2025",M_USD,1091.0,3034_accrued_expenses_and_other_current_quarter_end,accrued_expenses_and_other,accrued expenses and other,VRX,"July 31, 2025",M_USD,836.0,3036_current_portion_of_long_term_debt_current_quarter_end,current_portion_of_long_term_debt,current portion of long term debt,VRX,"July 31, 2025",M_USD,543.0,,,,,,,,,,,,,,,,,,,,,,,,,,,,,,,,,,,,,,,,,,,,,,,,,,,,,,,,
204,3,"What would be the sum of gross profit for FAB in Six Months Ended July 31, 2025 and result of change in accounts payable for FAB in Six Months Ended July 31, 2025 scaled by growth in inventories for FAB from December 31, 2024 to July 31, 2025?","sum(gross_profit, mul(3914_change_in_accounts_payable_current_ytd, growth(3849_inventories_prior_fy_end, 3848_inventories_current_quarter_end)))","{""op"": ""sum"", ""left"": {""derived"": ""gross_profit"", ""expanded"": {""op"": ""diff"", ""left"": {""leaf"": ""3796_total_revenues_current_ytd"", ""depth"": 0}, ""right"": {""leaf"": ""3800_cost_of_sales_current_ytd"", ""depth"": 0}, ""depth"": 1}, ""depth"": 1}, ""right"": {""op"": ""mul"", ""left"": {""leaf"": ""3914_change_in_accounts_payable_current_ytd"", ""depth"": 0}, ""right"": {""op"": ""growth"", ""left"": {""leaf"": ""3849_inventories_prior_fy_end"", ""depth"": 0}, ""right"": {""leaf"": ""3848_inventories_current_quarter_end"", ""depth"": 0}, ""depth"": 1}, ""depth"": 2}, ""depth"": 3}","{""op"": ""sum"", ""left"": {""kind"": ""derived_concept"", ""name"": ""gross_profit"", ""depth"": 0}, ""right"": {""op"": ""mul"", ""left"": {""kind"": ""leaf"", ""semantic_type_in"": [""amount""], ""depth"": 0}, ""right"": {""op"": ""growth"", ""left"": {""kind"": ""leaf"", ""semantic_type_in"": [""amount""], ""depth"": 0}, ""right"": {""kind"": ""leaf"", ""semantic_type_in"": [""amount""], ""depth"": 0}, ""depth"": 1, ""kind"": ""node""}, ""depth"": 2, ""kind"": ""node""}, ""depth"": 3, ""kind"": ""node""}",24053.691849646446,3,3,3,710372798,345402048,42,0.506,3,4,5,3796_total_revenues_current_ytd,total_revenues,total revenues,FAB,"Six Months Ended July 31, 2025",M_USD,59564.0,3800_cost_of_sales_current_ytd,cost_of_sales,cost of sales,FAB,"Six Months Ended July 31, 2025",M_USD,35546.0,3914_change_in_accounts_payable_current_ytd,change_in_accounts_payable,change in accounts payable,FAB,"Six Months Ended July 31, 2025",M_USD,2368.0,3849_inventories_prior_fy_end,inventories,inventories,FAB,"December 31, 2024",M_USD,5455.0,3848_inventories_current_quarter_end,inventories,inventories,FAB,"July 31, 2025",M_USD,5374.0,,,,,,,,,,,,,,,,,,,,,,,,,,,,,,,,,,,,,,,,,,,,,,,,,
209,3,"Which value corresponds to the net income for HLT in Nine Months Ended October 31, 2024?",net_income,"{""derived"": ""net_income"", ""expanded"": {""op"": ""diff"", ""left"": {""derived"": ""income_before_taxes"", ""expanded"": {""op"": ""sum"", ""left"": {""derived"": ""operating_income"", ""expanded"": {""op"": ""diff"", ""left"": {""leaf"": ""631_total_revenues_prior_year_ytd"", ""depth"": 0}, ""right"": {""leaf"": ""651_total_costs_and_expenses_prior_year_ytd"", ""depth"": 0}, ""depth"": 1}, ""depth"": 1}, ""right"": {""leaf"": ""659_other_income_expense_net_prior_year_ytd"", ""depth"": 0}, ""depth"": 2}, ""depth"": 2}, ""right"": {""leaf"": ""663_provision_for_income_taxes_prior_year_ytd"", ""depth"": 0}, ""depth"": 3}, ""depth"": 3}","{""kind"": ""derived_concept"", ""name"": ""net_income"", ""depth"": 0}",7188.0,4,0,3,932590038,466357033,42,0.491,0,1,4,631_total_revenues_prior_year_ytd,total_revenues,total revenues,HLT,"Nine Months Ended October 31, 2024",M_USD,39429.0,651_total_costs_and_expenses_prior_year_ytd,total_costs_and_expenses,total costs and expenses,HLT,"Nine Months Ended October 31, 2024",M_USD,30306.0,659_other_income_expense_net_prior_year_ytd,other_income_expense_net,other income expense net,HLT,"Nine Months Ended October 31, 2024",M_USD,198.0,663_provision_for_income_taxes_prior_year_ytd,provision_for_income_taxes,provision for income taxes,HLT,"Nine Months Ended October 31, 2024",M_USD,2133.0,,,,,,,,,,,,,,,,,,,,,,,,,,,,,,,,,,,,,,,,,,,,,,,,,,,,,,,,
213,3,"whats the value of the net income for CRF in Nine Months Ended October 31, 2024",net_income,"{""derived"": ""net_income"", ""expanded"": {""op"": ""diff"", ""left"": {""derived"": ""income_before_taxes"", ""expanded"": {""op"": ""sum"", ""left"": {""derived"": ""operating_income"", ""expanded"": {""op"": ""diff"", ""left"": {""leaf"": ""1685_total_revenues_prior_year_ytd"", ""depth"": 0}, ""right"": {""leaf"": ""1705_total_costs_and_expenses_prior_year_ytd"", ""depth"": 0}, ""depth"": 1}, ""depth"": 1}, ""right"": {""leaf"": ""1713_other_income_expense_net_prior_year_ytd"", ""depth"": 0}, ""depth"": 2}, ""depth"": 2}, ""right"": {""leaf"": ""1717_provision_for_income_taxes_prior_year_ytd"", ""depth"": 0}, ""depth"": 3}, ""depth"": 3}","{""kind"": ""derived_concept"", ""name"": ""net_income"", ""depth"": 0}",4263.0,4,0,3,734851529,543922629,42,0.576,0,1,4,1685_total_revenues_prior_year_ytd,total_revenues,total revenues,CRF,"Nine Months Ended October 31, 2024",M_USD,33261.0,1705_total_costs_and_expenses_prior_year_ytd,total_costs_and_expenses,total costs and expenses,CRF,"Nine Months Ended October 31, 2024",M_USD,27780.0,1713_other_income_expense_net_prior_year_ytd,other_income_expense_net,other income expense net,CRF,"Nine Months Ended October 31, 2024",M_USD,15.0,1717_provision_for_income_taxes_prior_year_ytd,provision_for_income_taxes,provision for income taxes,CRF,"Nine Months Ended October 31, 2024",M_USD,1233.0,,,,,,,,,,,,,,,,,,,,,,,,,,,,,,,,,,,,,,,,,,,,,,,,,,,,,,,,
236,3,"may you calculate the total current liabilities for NVH in October 31, 2025 ?",total_current_liabilities,"{""derived"": ""total_current_liabilities"", ""expanded"": {""op"": ""sum"", ""left"": {""op"": ""sum"", ""left"": {""op"": ""sum"", ""left"": {""leaf"": ""6660_accounts_payable_current_quarter_end"", ""depth"": 0}, ""right"": {""leaf"": ""6662_deferred_revenue_current_current_quarter_end"", ""depth"": 0}, ""depth"": 1}, ""right"": {""leaf"": ""6664_accrued_expenses_and_other_current_quarter_end"", ""depth"": 0}, ""depth"": 2}, ""right"": {""leaf"": ""6666_current_portion_of_long_term_debt_current_quarter_end"", ""depth"": 0}, ""depth"": 3}, ""depth"": 3}","{""kind"": ""derived_concept"", ""name"": ""total_current_liabilities"", ""depth"": 0}",9828.0,5,0,3,799880385,671406909,42,0.566,0,1,4,6660_accounts_payable_current_quarter_end,accounts_payable,accounts payable,NVH,"October 31, 2025",M_USD,6371.0,6662_deferred_revenue_current_current_quarter_end,deferred_revenue_current,deferred revenue current,NVH,"October 31, 2025",M_USD,1052.0,6664_accrued_expenses_and_other_current_quarter_end,accrued_expenses_and_other,accrued expenses and other,NVH,"October 31, 2025",M_USD,1490.0,6666_current_portion_of_long_term_debt_current_quarter_end,current_portion_of_long_term_debt,current portion of long term debt,NVH,"October 31, 2025",M_USD,915.0,,,,,,,,,,,,,,,,,,,,,,,,,,,,,,,,,,,,,,,,,,,,,,,,,,,,,,,,
239,3,"may you calculate the sum of income before taxes for PRD in Nine Months Ended October 31, 2025 and minimum of total liabilities for PRD from December 31, 2024 to October 31, 2025","sum(income_before_taxes, min(1931_total_liabilities_prior_fy_end, 1930_total_liabilities_current_quarter_end))","{""op"": ""sum"", ""left"": {""derived"": ""income_before_taxes"", ""expanded"": {""op"": ""sum"", ""left"": {""derived"": ""operating_income"", ""expanded"": {""op"": ""diff"", ""left"": {""leaf"": ""1844_total_revenues_current_ytd"", ""depth"": 0}, ""right"": {""leaf"": ""1864_total_costs_and_expenses_current_ytd"", ""depth"": 0}, ""depth"": 1}, ""depth"": 1}, ""right"": {""leaf"": ""1872_other_income_expense_net_current_ytd"", ""depth"": 0}, ""depth"": 2}, ""depth"": 2}, ""right"": {""op"": ""min"", ""left"": {""leaf"": ""1931_total_liabilities_prior_fy_end"", ""depth"": 0}, ""right"": {""leaf"": ""1930_total_liabilities_current_quarter_end"", ""depth"": 0}, ""depth"": 1}, ""depth"": 3}","{""op"": ""sum"", ""left"": {""kind"": ""derived_concept"", ""name"": ""income_before_taxes"", ""depth"": 0}, ""right"": {""kind"": ""time_agg"", ""op"": ""min"", ""depth"": 0}, ""depth"": 1, ""kind"": ""node""}",27782.0,4,1,3,117936900,194907838,42,0.451,1,2,5,1844_total_revenues_current_ytd,total_revenues,total revenues,PRD,"Nine Months Ended October 31, 2025",M_USD,64884.0,1864_total_costs_and_expenses_current_ytd,total_costs_and_expenses,total costs and expenses,PRD,"Nine Months Ended October 31, 2025",M_USD,52611.0,1872_other_income_expense_net_current_ytd,other_income_expense_net,other income expense net,PRD,"Nine Months Ended October 31, 2025",M_USD,-189.0,1931_total_liabilities_prior_fy_end,total_liabilities,total liabilities,PRD,"December 31, 2024",M_USD,15698.0,1930_total_liabilities_current_quarter_end,total_liabilities,total liabilities,PRD,"October 31, 2025",M_USD,17371.0,,,,,,,,,,,,,,,,,,,,,,,,,,,,,,,,,,,,,,,,,,,,,,,,,
256,3,"compute the total current liabilities for ZNX in December 31, 2024.",total_current_liabilities,"{""derived"": ""total_current_liabilities"", ""expanded"": {""op"": ""sum"", ""left"": {""op"": ""sum"", ""left"": {""op"": ""sum"", ""left"": {""leaf"": ""6309_accounts_payable_prior_fy_end"", ""depth"": 0}, ""right"": {""leaf"": ""6311_deferred_revenue_current_prior_fy_end"", ""depth"": 0}, ""depth"": 1}, ""right"": {""leaf"": ""6313_accrued_expenses_and_other_prior_fy_end"", ""depth"": 0}, ""depth"": 2}, ""right"": {""leaf"": ""6315_current_portion_of_long_term_debt_prior_fy_end"", ""depth"": 0}, ""depth"": 3}, ""depth"": 3}","{""kind"": ""derived_concept"", ""name"": ""total_current_liabilities"", ""depth"": 0}",5669.0,4,0,3,456462912,464130702,42,0.322,0,1,4,6309_accounts_payable_prior_fy_end,accounts_payable,accounts payable,ZNX,"December 31, 2024",M_USD,3736.0,6311_deferred_revenue_current_prior_fy_end,deferred_revenue_current,deferred revenue current,ZNX,"December 31, 2024",M_USD,689.0,6313_accrued_expenses_and_other_prior_fy_end,accrued_expenses_and_other,accrued expenses and other,ZNX,"December 31, 2024",M_USD,837.0,6315_current_portion_of_long_term_debt_prior_fy_end,current_portion_of_long_term_debt,current portion of long term debt,ZNX,"December 31, 2024",M_USD,407.0,,,,,,,,,,,,,,,,,,,,,,,,,,,,,,,,,,,,,,,,,,,,,,,,,,,,,,,,
267,3,"Could you give the net income for MTX in Nine Months Ended October 31, 2024 ?",net_income,"{""derived"": ""net_income"", ""expanded"": {""op"": ""diff"", ""left"": {""derived"": ""income_before_taxes"", ""expanded"": {""op"": ""sum"", ""left"": {""derived"": ""operating_income"", ""expanded"": {""op"": ""diff"", ""left"": {""leaf"": ""5317_total_revenues_prior_year_ytd"", ""depth"": 0}, ""right"": {""leaf"": ""5337_total_costs_and_expenses_prior_year_ytd"", ""depth"": 0}, ""depth"": 1}, ""depth"": 1}, ""right"": {""leaf"": ""5345_other_income_expense_net_prior_year_ytd"", ""depth"": 0}, ""depth"": 2}, ""depth"": 2}, ""right"": {""leaf"": ""5349_provision_for_income_taxes_prior_year_ytd"", ""depth"": 0}, ""depth"": 3}, ""depth"": 3}","{""kind"": ""derived_concept"", ""name"": ""net_income"", ""depth"": 0}",8979.0,5,0,3,682097607,332597968,42,0.213,0,1,4,5317_total_revenues_prior_year_ytd,total_revenues,total revenues,MTX,"Nine Months Ended October 31, 2024",M_USD,74415.0,5337_total_costs_and_expenses_prior_year_ytd,total_costs_and_expenses,total costs and expenses,MTX,"Nine Months Ended October 31, 2024",M_USD,62940.0,5345_other_income_expense_net_prior_year_ytd,other_income_expense_net,other income expense net,MTX,"Nine Months Ended October 31, 2024",M_USD,324.0,5349_provision_for_income_taxes_prior_year_ytd,provision_for_income_taxes,provision for income taxes,MTX,"Nine Months Ended October 31, 2024",M_USD,2820.0,,,,,,,,,,,,,,,,,,,,,,,,,,,,,,,,,,,,,,,,,,,,,,,,,,,,,,,,
290,3,"Give the total current liabilities for SKY in December 31, 2024",total_current_liabilities,"{""derived"": ""total_current_liabilities"", ""expanded"": {""op"": ""sum"", ""left"": {""op"": ""sum"", ""left"": {""op"": ""sum"", ""left"": {""leaf"": ""5861_accounts_payable_prior_fy_end"", ""depth"": 0}, ""right"": {""leaf"": ""5863_deferred_revenue_current_prior_fy_end"", ""depth"": 0}, ""depth"": 1}, ""right"": {""leaf"": ""5865_accrued_expenses_and_other_prior_fy_end"", ""depth"": 0}, ""depth"": 2}, ""right"": {""leaf"": ""5867_current_portion_of_long_term_debt_prior_fy_end"", ""depth"": 0}, ""depth"": 3}, ""depth"": 3}","{""kind"": ""derived_concept"", ""name"": ""total_current_liabilities"", ""depth"": 0}",4696.0,2,0,3,780014661,847984585,42,0.591,0,1,4,5861_accounts_payable_prior_fy_end,accounts_payable,accounts payable,SKY,"December 31, 2024",M_USD,3156.0,5863_deferred_revenue_current_prior_fy_end,deferred_revenue_current,deferred revenue current,SKY,"December 31, 2024",M_USD,230.0,5865_accrued_expenses_and_other_prior_fy_end,accrued_expenses_and_other,accrued expenses and other,SKY,"December 31, 2024",M_USD,922.0,5867_current_portion_of_long_term_debt_prior_fy_end,current_portion_of_long_term_debt,current portion of long term debt,SKY,"December 31, 2024",M_USD,388.0,,,,,,,,,,,,,,,,,,,,,,,,,,,,,,,,,,,,,,,,,,,,,,,,,,,,,,,,
307,3,"Which result follows from the net income for IND in Three Months Ended April 30, 2024?",net_income,"{""derived"": ""net_income"", ""expanded"": {""op"": ""diff"", ""left"": {""derived"": ""income_before_taxes"", ""expanded"": {""op"": ""sum"", ""left"": {""derived"": ""operating_income"", ""expanded"": {""op"": ""diff"", ""left"": {""leaf"": ""1093_total_revenues_prior_year_quarter"", ""depth"": 0}, ""right"": {""leaf"": ""1103_total_costs_and_expenses_prior_year_quarter"", ""depth"": 0}, ""depth"": 1}, ""depth"": 1}, ""right"": {""leaf"": ""1107_other_income_expense_net_prior_year_quarter"", ""depth"": 0}, ""depth"": 2}, ""depth"": 2}, ""right"": {""leaf"": ""1109_provision_for_income_taxes_prior_year_quarter"", ""depth"": 0}, ""depth"": 3}, ""depth"": 3}","{""kind"": ""derived_concept"", ""name"": ""net_income"", ""depth"": 0}",1598.0,4,0,3,609470701,607634826,42,0.59,0,1,4,1093_total_revenues_prior_year_quarter,total_revenues,total revenues,IND,"Three Months Ended April 30, 2024",M_USD,23597.0,1103_total_costs_and_expenses_prior_year_quarter,total_costs_and_expenses,total costs and expenses,IND,"Three Months Ended April 30, 2024",M_USD,21361.0,1107_other_income_expense_net_prior_year_quarter,other_income_expense_net,other income expense net,IND,"Three Months Ended April 30, 2024",M_USD,-254.0,1109_provision_for_income_taxes_prior_year_quarter,provision_for_income_taxes,provision for income taxes,IND,"Three Months Ended April 30, 2024",M_USD,384.0,,,,,,,,,,,,,,,,,,,,,,,,,,,,,,,,,,,,,,,,,,,,,,,,,,,,,,,,
335,3,"Provide the sum of ratio of sum of opening cash and equivalents for TPH in Nine Months Ended October 31, 2024 and opening cash and equivalents for TPH in Nine Months Ended October 31, 2025 to 2.0 and maximum of short term investments for TPH from December 31, 2024 to October 31, 2025 .","sum(ratio(sum(2595_opening_cash_and_equivalents_prior_ytd, 2594_opening_cash_and_equivalents_current_ytd), 2.0), max(2513_short_term_investments_prior_fy_end, 2512_short_term_investments_current_quarter_end))","{""op"": ""sum"", ""left"": {""op"": ""ratio"", ""left"": {""op"": ""sum"", ""left"": {""leaf"": ""2595_opening_cash_and_equivalents_prior_ytd"", ""depth"": 0}, ""right"": {""leaf"": ""2594_opening_cash_and_equivalents_current_ytd"", ""depth"": 0}, ""depth"": 1}, ""right"": {""literal"": 2.0, ""depth"": 0}, ""depth"": 2}, ""right"": {""op"": ""max"", ""left"": {""leaf"": ""2513_short_term_investments_prior_fy_end"", ""depth"": 0}, ""right"": {""leaf"": ""2512_short_term_investments_current_quarter_end"", ""depth"": 0}, ""depth"": 1}, ""depth"": 3}","{""op"": ""sum"", ""left"": {""kind"": ""time_agg"", ""op"": ""avg"", ""depth"": 0}, ""right"": {""kind"": ""time_agg"", ""op"": ""max"", ""depth"": 0}, ""depth"": 1, ""kind"": ""node""}",3993.5,4,1,3,469838346,136659193,42,0.278,1,2,4,2595_opening_cash_and_equivalents_prior_ytd,opening_cash_and_equivalents,opening cash and equivalents,TPH,"Nine Months Ended October 31, 2024",M_USD,3014.0,2594_opening_cash_and_equivalents_current_ytd,opening_cash_and_equivalents,opening cash and equivalents,TPH,"Nine Months Ended October 31, 2025",M_USD,2953.0,2513_short_term_investments_prior_fy_end,short_term_investments,short term investments,TPH,"December 31, 2024",M_USD,992.0,2512_short_term_investments_current_quarter_end,short_term_investments,short term investments,TPH,"October 31, 2025",M_USD,1010.0,,,,,,,,,,,,,,,,,,,,,,,,,,,,,,,,,,,,,,,,,,,,,,,,,,,,,,,,
339,3,"Which value corresponds to the net income for GRD in Three Months Ended July 31, 2024?",net_income,"{""derived"": ""net_income"", ""expanded"": {""op"": ""diff"", ""left"": {""derived"": ""income_before_taxes"", ""expanded"": {""op"": ""sum"", ""left"": {""derived"": ""operating_income"", ""expanded"": {""op"": ""diff"", ""left"": {""leaf"": ""309_total_revenues_prior_year_quarter"", ""depth"": 0}, ""right"": {""leaf"": ""329_total_costs_and_expenses_prior_year_quarter"", ""depth"": 0}, ""depth"": 1}, ""depth"": 1}, ""right"": {""leaf"": ""337_other_income_expense_net_prior_year_quarter"", ""depth"": 0}, ""depth"": 2}, ""depth"": 2}, ""right"": {""leaf"": ""341_provision_for_income_taxes_prior_year_quarter"", ""depth"": 0}, ""depth"": 3}, ""depth"": 3}","{""kind"": ""derived_concept"", ""name"": ""net_income"", ""depth"": 0}",1242.0,4,0,3,890355677,482192085,42,0.521,0,1,4,309_total_revenues_prior_year_quarter,total_revenues,total revenues,GRD,"Three Months Ended July 31, 2024",M_USD,13928.0,329_total_costs_and_expenses_prior_year_quarter,total_costs_and_expenses,total costs and expenses,GRD,"Three Months Ended July 31, 2024",M_USD,12301.0,337_other_income_expense_net_prior_year_quarter,other_income_expense_net,other income expense net,GRD,"Three Months Ended July 31, 2024",M_USD,32.0,341_provision_for_income_taxes_prior_year_quarter,provision_for_income_taxes,provision for income taxes,GRD,"Three Months Ended July 31, 2024",M_USD,417.0,,,,,,,,,,,,,,,,,,,,,,,,,,,,,,,,,,,,,,,,,,,,,,,,,,,,,,,,
350,3,"calculate the total current liabilities for VTL in April 30, 2025",total_current_liabilities,"{""derived"": ""total_current_liabilities"", ""expanded"": {""op"": ""sum"", ""left"": {""op"": ""sum"", ""left"": {""op"": ""sum"", ""left"": {""leaf"": ""48_accounts_payable_current_quarter_end"", ""depth"": 0}, ""right"": {""leaf"": ""50_deferred_revenue_current_current_quarter_end"", ""depth"": 0}, ""depth"": 1}, ""right"": {""leaf"": ""52_accrued_expenses_and_other_current_quarter_end"", ""depth"": 0}, ""depth"": 2}, ""right"": {""leaf"": ""54_current_portion_of_long_term_debt_current_quarter_end"", ""depth"": 0}, ""depth"": 3}, ""depth"": 3}","{""kind"": ""derived_concept"", ""name"": ""total_current_liabilities"", ""depth"": 0}",545.0,3,0,3,762575484,237679330,42,0.579,0,1,4,48_accounts_payable_current_quarter_end,accounts_payable,accounts payable,VTL,"April 30, 2025",M_USD,299.0,50_deferred_revenue_current_current_quarter_end,deferred_revenue_current,deferred revenue current,VTL,"April 30, 2025",M_USD,65.0,52_accrued_expenses_and_other_current_quarter_end,accrued_expenses_and_other,accrued expenses and other,VTL,"April 30, 2025",M_USD,141.0,54_current_portion_of_long_term_debt_current_quarter_end,current_portion_of_long_term_debt,current portion of long term debt,VTL,"April 30, 2025",M_USD,40.0,,,,,,,,,,,,,,,,,,,,,,,,,,,,,,,,,,,,,,,,,,,,,,,,,,,,,,,,
376,3,"Determine the sum of ratio of sum of inventories for ZNX in December 31, 2024 and inventories for ZNX in July 31, 2025 to 2.0 and free cash flow for ZNX in Six Months Ended July 31, 2025 .","sum(ratio(sum(6291_inventories_prior_fy_end, 6290_inventories_current_quarter_end), 2.0), free_cash_flow)","{""op"": ""sum"", ""left"": {""op"": ""ratio"", ""left"": {""op"": ""sum"", ""left"": {""leaf"": ""6291_inventories_prior_fy_end"", ""depth"": 0}, ""right"": {""leaf"": ""6290_inventories_current_quarter_end"", ""depth"": 0}, ""depth"": 1}, ""right"": {""literal"": 2.0, ""depth"": 0}, ""depth"": 2}, ""right"": {""derived"": ""free_cash_flow"", ""expanded"": {""op"": ""sum"", ""left"": {""leaf"": ""6330_net_cash_from_operating_current_ytd"", ""depth"": 0}, ""right"": {""leaf"": ""6332_capital_expenditures_current_ytd"", ""depth"": 0}, ""depth"": 1}, ""depth"": 1}, ""depth"": 3}","{""op"": ""sum"", ""left"": {""kind"": ""time_agg"", ""op"": ""avg"", ""depth"": 0}, ""right"": {""kind"": ""derived_concept"", ""name"": ""free_cash_flow"", ""depth"": 0}, ""depth"": 1, ""kind"": ""node""}",11419.5,4,1,3,316285756,19340241,42,0.29,1,2,4,6291_inventories_prior_fy_end,inventories,inventories,ZNX,"December 31, 2024",M_USD,2016.0,6290_inventories_current_quarter_end,inventories,inventories,ZNX,"July 31, 2025",M_USD,2313.0,6330_net_cash_from_operating_current_ytd,net_cash_from_operating,net cash from operating,ZNX,"Six Months Ended July 31, 2025",M_USD,11807.0,6332_capital_expenditures_current_ytd,capital_expenditures,capital expenditures,ZNX,"Six Months Ended July 31, 2025",M_USD,-2552.0,,,,,,,,,,,,,,,,,,,,,,,,,,,,,,,,,,,,,,,,,,,,,,,,,,,,,,,,
431,3,"You should calculate the sum of ratio of sum of net income for PLZ in Six Months Ended July 31, 2024 and net income for PLZ in Six Months Ended July 31, 2025 to 2.0 and minimum of long term debt for PLZ from December 31, 2024 to July 31, 2025 .","sum(ratio(sum(2041_net_income_prior_year_ytd, 2040_net_income_current_ytd), 2.0), min(2085_long_term_debt_prior_fy_end, 2084_long_term_debt_current_quarter_end))","{""op"": ""sum"", ""left"": {""op"": ""ratio"", ""left"": {""op"": ""sum"", ""left"": {""leaf"": ""2041_net_income_prior_year_ytd"", ""depth"": 0}, ""right"": {""leaf"": ""2040_net_income_current_ytd"", ""depth"": 0}, ""depth"": 1}, ""right"": {""literal"": 2.0, ""depth"": 0}, ""depth"": 2}, ""right"": {""op"": ""min"", ""left"": {""leaf"": ""2085_long_term_debt_prior_fy_end"", ""depth"": 0}, ""right"": {""leaf"": ""2084_long_term_debt_current_quarter_end"", ""depth"": 0}, ""depth"": 1}, ""depth"": 3}","{""op"": ""sum"", ""left"": {""kind"": ""time_agg"", ""op"": ""avg"", ""depth"": 0}, ""right"": {""kind"": ""time_agg"", ""op"": ""min"", ""depth"": 0}, ""depth"": 1, ""kind"": ""node""}",27950.0,4,1,3,778159851,457627367,42,0.234,1,2,4,2041_net_income_prior_year_ytd,net_income,net income,PLZ,"Six Months Ended July 31, 2024",M_USD,10766.0,2040_net_income_current_ytd,net_income,net income,PLZ,"Six Months Ended July 31, 2025",M_USD,10020.0,2085_long_term_debt_prior_fy_end,long_term_debt,long term debt,PLZ,"December 31, 2024",M_USD,17557.0,2084_long_term_debt_current_quarter_end,long_term_debt,long term debt,PLZ,"July 31, 2025",M_USD,18032.0,,,,,,,,,,,,,,,,,,,,,,,,,,,,,,,,,,,,,,,,,,,,,,,,,,,,,,,,
433,3,"What's the value of the total current liabilities for CLD in April 30, 2025",total_current_liabilities,"{""derived"": ""total_current_liabilities"", ""expanded"": {""op"": ""sum"", ""left"": {""op"": ""sum"", ""left"": {""op"": ""sum"", ""left"": {""leaf"": ""3182_accounts_payable_current_quarter_end"", ""depth"": 0}, ""right"": {""leaf"": ""3184_deferred_revenue_current_current_quarter_end"", ""depth"": 0}, ""depth"": 1}, ""right"": {""leaf"": ""3186_accrued_expenses_and_other_current_quarter_end"", ""depth"": 0}, ""depth"": 2}, ""right"": {""leaf"": ""3188_current_portion_of_long_term_debt_current_quarter_end"", ""depth"": 0}, ""depth"": 3}, ""depth"": 3}","{""kind"": ""derived_concept"", ""name"": ""total_current_liabilities"", ""depth"": 0}",5408.0,4,0,3,125170585,683133720,42,0.599,0,1,4,3182_accounts_payable_current_quarter_end,accounts_payable,accounts payable,CLD,"April 30, 2025",M_USD,3377.0,3184_deferred_revenue_current_current_quarter_end,deferred_revenue_current,deferred revenue current,CLD,"April 30, 2025",M_USD,324.0,3186_accrued_expenses_and_other_current_quarter_end,accrued_expenses_and_other,accrued expenses and other,CLD,"April 30, 2025",M_USD,966.0,3188_current_portion_of_long_term_debt_current_quarter_end,current_portion_of_long_term_debt,current portion of long term debt,CLD,"April 30, 2025",M_USD,741.0,,,,,,,,,,,,,,,,,,,,,,,,,,,,,,,,,,,,,,,,,,,,,,,,,,,,,,,,
442,3,"whats the value of the total current liabilities for CNS in December 31, 2024",total_current_liabilities,"{""derived"": ""total_current_liabilities"", ""expanded"": {""op"": ""sum"", ""left"": {""op"": ""sum"", ""left"": {""op"": ""sum"", ""left"": {""leaf"": ""5989_accounts_payable_prior_fy_end"", ""depth"": 0}, ""right"": {""leaf"": ""5991_deferred_revenue_current_prior_fy_end"", ""depth"": 0}, ""depth"": 1}, ""right"": {""leaf"": ""5993_accrued_expenses_and_other_prior_fy_end"", ""depth"": 0}, ""depth"": 2}, ""right"": {""leaf"": ""5995_current_portion_of_long_term_debt_prior_fy_end"", ""depth"": 0}, ""depth"": 3}, ""depth"": 3}","{""kind"": ""derived_concept"", ""name"": ""total_current_liabilities"", ""depth"": 0}",3034.0,2,0,3,962812415,79866788,42,0.173,0,1,4,5989_accounts_payable_prior_fy_end,accounts_payable,accounts payable,CNS,"December 31, 2024",M_USD,2030.0,5991_deferred_revenue_current_prior_fy_end,deferred_revenue_current,deferred revenue current,CNS,"December 31, 2024",M_USD,365.0,5993_accrued_expenses_and_other_prior_fy_end,accrued_expenses_and_other,accrued expenses and other,CNS,"December 31, 2024",M_USD,313.0,5995_current_portion_of_long_term_debt_prior_fy_end,current_portion_of_long_term_debt,current portion of long term debt,CNS,"December 31, 2024",M_USD,326.0,,,,,,,,,,,,,,,,,,,,,,,,,,,,,,,,,,,,,,,,,,,,,,,,,,,,,,,,
450,3,"what's the value of the total current liabilities for CLD in April 30, 2025?",total_current_liabilities,"{""derived"": ""total_current_liabilities"", ""expanded"": {""op"": ""sum"", ""left"": {""op"": ""sum"", ""left"": {""op"": ""sum"", ""left"": {""leaf"": ""3182_accounts_payable_current_quarter_end"", ""depth"": 0}, ""right"": {""leaf"": ""3184_deferred_revenue_current_current_quarter_end"", ""depth"": 0}, ""depth"": 1}, ""right"": {""leaf"": ""3186_accrued_expenses_and_other_current_quarter_end"", ""depth"": 0}, ""depth"": 2}, ""right"": {""leaf"": ""3188_current_portion_of_long_term_debt_current_quarter_end"", ""depth"": 0}, ""depth"": 3}, ""depth"": 3}","{""kind"": ""derived_concept"", ""name"": ""total_current_liabilities"", ""depth"": 0}",5408.0,2,0,3,763201608,821570923,42,0.556,0,1,4,3182_accounts_payable_current_quarter_end,accounts_payable,accounts payable,CLD,"April 30, 2025",M_USD,3377.0,3184_deferred_revenue_current_current_quarter_end,deferred_revenue_current,deferred revenue current,CLD,"April 30, 2025",M_USD,324.0,3186_accrued_expenses_and_other_current_quarter_end,accrued_expenses_and_other,accrued expenses and other,CLD,"April 30, 2025",M_USD,966.0,3188_current_portion_of_long_term_debt_current_quarter_end,current_portion_of_long_term_debt,current portion of long term debt,CLD,"April 30, 2025",M_USD,741.0,,,,,,,,,,,,,,,,,,,,,,,,,,,,,,,,,,,,,,,,,,,,,,,,,,,,,,,,
456,3,"What's the value of the total current liabilities for CLD in December 31, 2024?",total_current_liabilities,"{""derived"": ""total_current_liabilities"", ""expanded"": {""op"": ""sum"", ""left"": {""op"": ""sum"", ""left"": {""op"": ""sum"", ""left"": {""leaf"": ""3183_accounts_payable_prior_fy_end"", ""depth"": 0}, ""right"": {""leaf"": ""3185_deferred_revenue_current_prior_fy_end"", ""depth"": 0}, ""depth"": 1}, ""right"": {""leaf"": ""3187_accrued_expenses_and_other_prior_fy_end"", ""depth"": 0}, ""depth"": 2}, ""right"": {""leaf"": ""3189_current_portion_of_long_term_debt_prior_fy_end"", ""depth"": 0}, ""depth"": 3}, ""depth"": 3}","{""kind"": ""derived_concept"", ""name"": ""total_current_liabilities"", ""depth"": 0}",4958.0,4,0,3,526246201,690890807,42,0.258,0,1,4,3183_accounts_payable_prior_fy_end,accounts_payable,accounts payable,CLD,"December 31, 2024",M_USD,3096.0,3185_deferred_revenue_current_prior_fy_end,deferred_revenue_current,deferred revenue current,CLD,"December 31, 2024",M_USD,297.0,3187_accrued_expenses_and_other_prior_fy_end,accrued_expenses_and_other,accrued expenses and other,CLD,"December 31, 2024",M_USD,886.0,3189_current_portion_of_long_term_debt_prior_fy_end,current_portion_of_long_term_debt,current portion of long term debt,CLD,"December 31, 2024",M_USD,679.0,,,,,,,,,,,,,,,,,,,,,,,,,,,,,,,,,,,,,,,,,,,,,,,,,,,,,,,,
476,3,"what would be the total current liabilities for DTA in December 31, 2024",total_current_liabilities,"{""derived"": ""total_current_liabilities"", ""expanded"": {""op"": ""sum"", ""left"": {""op"": ""sum"", ""left"": {""op"": ""sum"", ""left"": {""leaf"": ""4431_accounts_payable_prior_fy_end"", ""depth"": 0}, ""right"": {""leaf"": ""4433_deferred_revenue_current_prior_fy_end"", ""depth"": 0}, ""depth"": 1}, ""right"": {""leaf"": ""4435_accrued_expenses_and_other_prior_fy_end"", ""depth"": 0}, ""depth"": 2}, ""right"": {""leaf"": ""4437_current_portion_of_long_term_debt_prior_fy_end"", ""depth"": 0}, ""depth"": 3}, ""depth"": 3}","{""kind"": ""derived_concept"", ""name"": ""total_current_liabilities"", ""depth"": 0}",8800.0,2,0,3,350941193,38690788,42,0.453,0,1,4,4431_accounts_payable_prior_fy_end,accounts_payable,accounts payable,DTA,"December 31, 2024",M_USD,5200.0,4433_deferred_revenue_current_prior_fy_end,deferred_revenue_current,deferred revenue current,DTA,"December 31, 2024",M_USD,905.0,4435_accrued_expenses_and_other_prior_fy_end,accrued_expenses_and_other,accrued expenses and other,DTA,"December 31, 2024",M_USD,1645.0,4437_current_portion_of_long_term_debt_prior_fy_end,current_portion_of_long_term_debt,current portion of long term debt,DTA,"December 31, 2024",M_USD,1050.0,,,,,,,,,,,,,,,,,,,,,,,,,,,,,,,,,,,,,,,,,,,,,,,,,,,,,,,,
487,3,"may you calculate the net income for NVH in Three Months Ended October 31, 2025?",net_income,"{""derived"": ""net_income"", ""expanded"": {""op"": ""diff"", ""left"": {""derived"": ""income_before_taxes"", ""expanded"": {""op"": ""sum"", ""left"": {""derived"": ""operating_income"", ""expanded"": {""op"": ""diff"", ""left"": {""leaf"": ""6588_total_revenues_current_quarter"", ""depth"": 0}, ""right"": {""leaf"": ""6608_total_costs_and_expenses_current_quarter"", ""depth"": 0}, ""depth"": 1}, ""depth"": 1}, ""right"": {""leaf"": ""6616_other_income_expense_net_current_quarter"", ""depth"": 0}, ""depth"": 2}, ""depth"": 2}, ""right"": {""leaf"": ""6620_provision_for_income_taxes_current_quarter"", ""depth"": 0}, ""depth"": 3}, ""depth"": 3}","{""kind"": ""derived_concept"", ""name"": ""net_income"", ""depth"": 0}",2692.0,4,0,3,772677477,165636372,42,0.431,0,1,4,6588_total_revenues_current_quarter,total_revenues,total revenues,NVH,"Three Months Ended October 31, 2025",M_USD,18256.0,6608_total_costs_and_expenses_current_quarter,total_costs_and_expenses,total costs and expenses,NVH,"Three Months Ended October 31, 2025",M_USD,14511.0,6616_other_income_expense_net_current_quarter,other_income_expense_net,other income expense net,NVH,"Three Months Ended October 31, 2025",M_USD,-173.0,6620_provision_for_income_taxes_current_quarter,provision_for_income_taxes,provision for income taxes,NVH,"Three Months Ended October 31, 2025",M_USD,880.0,,,,,,,,,,,,,,,,,,,,,,,,,,,,,,,,,,,,,,,,,,,,,,,,,,,,,,,,
520,3,"What would be the net income for FAB in Six Months Ended July 31, 2024 ?",net_income,"{""derived"": ""net_income"", ""expanded"": {""op"": ""diff"", ""left"": {""derived"": ""income_before_taxes"", ""expanded"": {""op"": ""sum"", ""left"": {""derived"": ""operating_income"", ""expanded"": {""op"": ""diff"", ""left"": {""leaf"": ""3797_total_revenues_prior_year_ytd"", ""depth"": 0}, ""right"": {""leaf"": ""3817_total_costs_and_expenses_prior_year_ytd"", ""depth"": 0}, ""depth"": 1}, ""depth"": 1}, ""right"": {""leaf"": ""3825_other_income_expense_net_prior_year_ytd"", ""depth"": 0}, ""depth"": 2}, ""depth"": 2}, ""right"": {""leaf"": ""3829_provision_for_income_taxes_prior_year_ytd"", ""depth"": 0}, ""depth"": 3}, ""depth"": 3}","{""kind"": ""derived_concept"", ""name"": ""net_income"", ""depth"": 0}",10938.0,4,0,3,530246645,9722698,42,0.561,0,1,4,3797_total_revenues_prior_year_ytd,total_revenues,total revenues,FAB,"Six Months Ended July 31, 2024",M_USD,67432.0,3817_total_costs_and_expenses_prior_year_ytd,total_costs_and_expenses,total costs and expenses,FAB,"Six Months Ended July 31, 2024",M_USD,52878.0,3825_other_income_expense_net_prior_year_ytd,other_income_expense_net,other income expense net,FAB,"Six Months Ended July 31, 2024",M_USD,-498.0,3829_provision_for_income_taxes_prior_year_ytd,provision_for_income_taxes,provision for income taxes,FAB,"Six Months Ended July 31, 2024",M_USD,3118.0,,,,,,,,,,,,,,,,,,,,,,,,,,,,,,,,,,,,,,,,,,,,,,,,,,,,,,,,
553,3,"What do we obtain as the result of minimum of operating income for FIN from Three Months Ended April 30, 2024 to Three Months Ended April 30, 2025 scaled by growth between opening cash and equivalents for FIN in Three Months Ended April 30, 2025 and free cash flow for FIN in Three Months Ended April 30, 2024 ?","mul(min(4091_operating_income_prior_year_quarter, 4090_operating_income_current_quarter), growth(4186_opening_cash_and_equivalents_current_ytd, free_cash_flow))","{""op"": ""mul"", ""left"": {""op"": ""min"", ""left"": {""leaf"": ""4091_operating_income_prior_year_quarter"", ""depth"": 0}, ""right"": {""leaf"": ""4090_operating_income_current_quarter"", ""depth"": 0}, ""depth"": 1}, ""right"": {""op"": ""growth"", ""left"": {""leaf"": ""4186_opening_cash_and_equivalents_current_ytd"", ""depth"": 0}, ""right"": {""derived"": ""free_cash_flow"", ""expanded"": {""op"": ""sum"", ""left"": {""leaf"": ""4149_net_cash_from_operating_prior_ytd"", ""depth"": 0}, ""right"": {""leaf"": ""4151_capital_expenditures_prior_ytd"", ""depth"": 0}, ""depth"": 1}, ""depth"": 1}, ""depth"": 2}, ""depth"": 3}","{""op"": ""mul"", ""left"": {""kind"": ""time_agg"", ""op"": ""min"", ""depth"": 0}, ""right"": {""op"": ""growth"", ""left"": {""kind"": ""leaf"", ""semantic_type_in"": [""amount""], ""depth"": 0}, ""right"": {""kind"": ""derived_concept"", ""name"": ""free_cash_flow"", ""depth"": 0}, ""depth"": 1, ""kind"": ""node""}, ""depth"": 2, ""kind"": ""node""}",176.61176470588234,4,2,3,503897442,110206203,42,0.181,2,3,5,4091_operating_income_prior_year_quarter,operating_income,operating income,FIN,"Three Months Ended April 30, 2024",M_USD,1313.0,4090_operating_income_current_quarter,operating_income,operating income,FIN,"Three Months Ended April 30, 2025",M_USD,1251.0,4186_opening_cash_and_equivalents_current_ytd,opening_cash_and_equivalents,opening cash and equivalents,FIN,"Three Months Ended April 30, 2025",M_USD,1261.0,4149_net_cash_from_operating_prior_ytd,net_cash_from_operating,net cash from operating,FIN,"Three Months Ended April 30, 2024",M_USD,1358.0,4151_capital_expenditures_prior_ytd,capital_expenditures,capital expenditures,FIN,"Three Months Ended April 30, 2024",M_USD,-253.0,,,,,,,,,,,,,,,,,,,,,,,,,,,,,,,,,,,,,,,,,,,,,,,,,
564,3,"What is the value of the total current liabilities for BNK in December 31, 2024",total_current_liabilities,"{""derived"": ""total_current_liabilities"", ""expanded"": {""op"": ""sum"", ""left"": {""op"": ""sum"", ""left"": {""op"": ""sum"", ""left"": {""leaf"": ""4715_accounts_payable_prior_fy_end"", ""depth"": 0}, ""right"": {""leaf"": ""4717_deferred_revenue_current_prior_fy_end"", ""depth"": 0}, ""depth"": 1}, ""right"": {""leaf"": ""4719_accrued_expenses_and_other_prior_fy_end"", ""depth"": 0}, ""depth"": 2}, ""right"": {""leaf"": ""4721_current_portion_of_long_term_debt_prior_fy_end"", ""depth"": 0}, ""depth"": 3}, ""depth"": 3}","{""kind"": ""derived_concept"", ""name"": ""total_current_liabilities"", ""depth"": 0}",3168.0,4,0,3,53361514,190179587,42,0.279,0,1,4,4715_accounts_payable_prior_fy_end,accounts_payable,accounts payable,BNK,"December 31, 2024",M_USD,1666.0,4717_deferred_revenue_current_prior_fy_end,deferred_revenue_current,deferred revenue current,BNK,"December 31, 2024",M_USD,621.0,4719_accrued_expenses_and_other_prior_fy_end,accrued_expenses_and_other,accrued expenses and other,BNK,"December 31, 2024",M_USD,538.0,4721_current_portion_of_long_term_debt_prior_fy_end,current_portion_of_long_term_debt,current portion of long term debt,BNK,"December 31, 2024",M_USD,343.0,,,,,,,,,,,,,,,,,,,,,,,,,,,,,,,,,,,,,,,,,,,,,,,,,,,,,,,,
602,3,"you should give the sum of result of gross profit for CNS in Three Months Ended April 30, 2025 scaled by growth in gross profit for CNS from Three Months Ended April 30, 2024 to Three Months Ended April 30, 2025 and provision for income taxes for CNS in Three Months Ended April 30, 2025","sum(mul(gross_profit, growth(5945_gross_profit_prior_year_quarter, 5944_gross_profit_current_quarter)), 5956_provision_for_income_taxes_current_quarter)","{""op"": ""sum"", ""left"": {""op"": ""mul"", ""left"": {""derived"": ""gross_profit"", ""expanded"": {""op"": ""diff"", ""left"": {""leaf"": ""5940_total_revenues_current_quarter"", ""depth"": 0}, ""right"": {""leaf"": ""5942_cost_of_sales_current_quarter"", ""depth"": 0}, ""depth"": 1}, ""depth"": 1}, ""right"": {""op"": ""growth"", ""left"": {""leaf"": ""5945_gross_profit_prior_year_quarter"", ""depth"": 0}, ""right"": {""leaf"": ""5944_gross_profit_current_quarter"", ""depth"": 0}, ""depth"": 1}, ""depth"": 2}, ""right"": {""leaf"": ""5956_provision_for_income_taxes_current_quarter"", ""depth"": 0}, ""depth"": 3}","{""op"": ""sum"", ""left"": {""op"": ""mul"", ""left"": {""kind"": ""derived_concept"", ""name"": ""gross_profit"", ""depth"": 0}, ""right"": {""op"": ""growth"", ""left"": {""kind"": ""leaf"", ""semantic_type_in"": [""amount""], ""depth"": 0}, ""right"": {""kind"": ""leaf"", ""semantic_type_in"": [""amount""], ""depth"": 0}, ""depth"": 1, ""kind"": ""node""}, ""depth"": 2, ""kind"": ""node""}, ""right"": {""kind"": ""leaf"", ""semantic_type_in"": [""amount""], ""depth"": 0}, ""depth"": 3, ""kind"": ""node""}",104.0,4,3,3,302132368,276796398,42,0.286,3,4,5,5940_total_revenues_current_quarter,total_revenues,total revenues,CNS,"Three Months Ended April 30, 2025",M_USD,6436.0,5942_cost_of_sales_current_quarter,cost_of_sales,cost of sales,CNS,"Three Months Ended April 30, 2025",M_USD,3869.0,5945_gross_profit_prior_year_quarter,gross_profit,gross profit,CNS,"Three Months Ended April 30, 2024",M_USD,2435.0,5944_gross_profit_current_quarter,gross_profit,gross profit,CNS,"Three Months Ended April 30, 2025",M_USD,2567.0,5956_provision_for_income_taxes_current_quarter,provision_for_income_taxes,provision for income taxes,CNS,"Three Months Ended April 30, 2025",M_USD,236.0,,,,,,,,,,,,,,,,,,,,,,,,,,,,,,,,,,,,,,,,,,,,,,,,,
610,3,"determine the total current liabilities for WHL in July 31, 2025",total_current_liabilities,"{""derived"": ""total_current_liabilities"", ""expanded"": {""op"": ""sum"", ""left"": {""op"": ""sum"", ""left"": {""op"": ""sum"", ""left"": {""leaf"": ""7370_accounts_payable_current_quarter_end"", ""depth"": 0}, ""right"": {""leaf"": ""7372_deferred_revenue_current_current_quarter_end"", ""depth"": 0}, ""depth"": 1}, ""right"": {""leaf"": ""7374_accrued_expenses_and_other_current_quarter_end"", ""depth"": 0}, ""depth"": 2}, ""right"": {""leaf"": ""7376_current_portion_of_long_term_debt_current_quarter_end"", ""depth"": 0}, ""depth"": 3}, ""depth"": 3}","{""kind"": ""derived_concept"", ""name"": ""total_current_liabilities"", ""depth"": 0}",9975.0,2,0,3,589660755,608086351,42,0.537,0,1,4,7370_accounts_payable_current_quarter_end,accounts_payable,accounts payable,WHL,"July 31, 2025",M_USD,7361.0,7372_deferred_revenue_current_current_quarter_end,deferred_revenue_current,deferred revenue current,WHL,"July 31, 2025",M_USD,622.0,7374_accrued_expenses_and_other_current_quarter_end,accrued_expenses_and_other,accrued expenses and other,WHL,"July 31, 2025",M_USD,1320.0,7376_current_portion_of_long_term_debt_current_quarter_end,current_portion_of_long_term_debt,current portion of long term debt,WHL,"July 31, 2025",M_USD,672.0,,,,,,,,,,,,,,,,,,,,,,,,,,,,,,,,,,,,,,,,,,,,,,,,,,,,,,,,
618,3,"what's the value of the result of ratio of sum of provision for income taxes for CLD in Three Months Ended April 30, 2024 and provision for income taxes for CLD in Three Months Ended April 30, 2025 to 2.0 scaled by growth in total revenues for CLD from Three Months Ended April 30, 2024 to Three Months Ended April 30, 2025 ?","mul(ratio(sum(3151_provision_for_income_taxes_prior_year_quarter, 3150_provision_for_income_taxes_current_quarter), 2.0), growth(3135_total_revenues_prior_year_quarter, 3134_total_revenues_current_quarter))","{""op"": ""mul"", ""left"": {""op"": ""ratio"", ""left"": {""op"": ""sum"", ""left"": {""leaf"": ""3151_provision_for_income_taxes_prior_year_quarter"", ""depth"": 0}, ""right"": {""leaf"": ""3150_provision_for_income_taxes_current_quarter"", ""depth"": 0}, ""depth"": 1}, ""right"": {""literal"": 2.0, ""depth"": 0}, ""depth"": 2}, ""right"": {""op"": ""growth"", ""left"": {""leaf"": ""3135_total_revenues_prior_year_quarter"", ""depth"": 0}, ""right"": {""leaf"": ""3134_total_revenues_current_quarter"", ""depth"": 0}, ""depth"": 1}, ""depth"": 3}","{""op"": ""mul"", ""left"": {""kind"": ""time_agg"", ""op"": ""avg"", ""depth"": 0}, ""right"": {""op"": ""growth"", ""left"": {""kind"": ""leaf"", ""semantic_type_in"": [""amount""], ""depth"": 0}, ""right"": {""kind"": ""leaf"", ""semantic_type_in"": [""amount""], ""depth"": 0}, ""depth"": 1, ""kind"": ""node""}, ""depth"": 2, ""kind"": ""node""}",-11.974842767295597,2,2,3,48401427,270316670,42,0.284,2,3,4,3151_provision_for_income_taxes_prior_year_quarter,provision_for_income_taxes,provision for income taxes,CLD,"Three Months Ended April 30, 2024",M_USD,342.0,3150_provision_for_income_taxes_current_quarter,provision_for_income_taxes,provision for income taxes,CLD,"Three Months Ended April 30, 2025",M_USD,354.0,3135_total_revenues_prior_year_quarter,total_revenues,total revenues,CLD,"Three Months Ended April 30, 2024",M_USD,13357.0,3134_total_revenues_current_quarter,total_revenues,total revenues,CLD,"Three Months Ended April 30, 2025",M_USD,13833.0,,,,,,,,,,,,,,,,,,,,,,,,,,,,,,,,,,,,,,,,,,,,,,,,,,,,,,,,
619,3,"state the net income for VRX in Six Months Ended July 31, 2024 .",net_income,"{""derived"": ""net_income"", ""expanded"": {""op"": ""diff"", ""left"": {""derived"": ""income_before_taxes"", ""expanded"": {""op"": ""sum"", ""left"": {""derived"": ""operating_income"", ""expanded"": {""op"": ""diff"", ""left"": {""leaf"": ""2961_total_revenues_prior_year_ytd"", ""depth"": 0}, ""right"": {""leaf"": ""2981_total_costs_and_expenses_prior_year_ytd"", ""depth"": 0}, ""depth"": 1}, ""depth"": 1}, ""right"": {""leaf"": ""2989_other_income_expense_net_prior_year_ytd"", ""depth"": 0}, ""depth"": 2}, ""depth"": 2}, ""right"": {""leaf"": ""2993_provision_for_income_taxes_prior_year_ytd"", ""depth"": 0}, ""depth"": 3}, ""depth"": 3}","{""kind"": ""derived_concept"", ""name"": ""net_income"", ""depth"": 0}",2426.0,5,0,3,782677656,618954791,42,0.594,0,1,4,2961_total_revenues_prior_year_ytd,total_revenues,total revenues,VRX,"Six Months Ended July 31, 2024",M_USD,34142.0,2981_total_costs_and_expenses_prior_year_ytd,total_costs_and_expenses,total costs and expenses,VRX,"Six Months Ended July 31, 2024",M_USD,30762.0,2989_other_income_expense_net_prior_year_ytd,other_income_expense_net,other income expense net,VRX,"Six Months Ended July 31, 2024",M_USD,-568.0,2993_provision_for_income_taxes_prior_year_ytd,provision_for_income_taxes,provision for income taxes,VRX,"Six Months Ended July 31, 2024",M_USD,386.0,,,,,,,,,,,,,,,,,,,,,,,,,,,,,,,,,,,,,,,,,,,,,,,,,,,,,,,,
676,3,"what is the total current liabilities for AST in July 31, 2025 ?",total_current_liabilities,"{""derived"": ""total_current_liabilities"", ""expanded"": {""op"": ""sum"", ""left"": {""op"": ""sum"", ""left"": {""op"": ""sum"", ""left"": {""leaf"": ""4878_accounts_payable_current_quarter_end"", ""depth"": 0}, ""right"": {""leaf"": ""4880_deferred_revenue_current_current_quarter_end"", ""depth"": 0}, ""depth"": 1}, ""right"": {""leaf"": ""4882_accrued_expenses_and_other_current_quarter_end"", ""depth"": 0}, ""depth"": 2}, ""right"": {""leaf"": ""4884_current_portion_of_long_term_debt_current_quarter_end"", ""depth"": 0}, ""depth"": 3}, ""depth"": 3}","{""kind"": ""derived_concept"", ""name"": ""total_current_liabilities"", ""depth"": 0}",5710.0,5,0,3,5641674,581692754,42,0.511,0,1,4,4878_accounts_payable_current_quarter_end,accounts_payable,accounts payable,AST,"July 31, 2025",M_USD,3361.0,4880_deferred_revenue_current_current_quarter_end,deferred_revenue_current,deferred revenue current,AST,"July 31, 2025",M_USD,477.0,4882_accrued_expenses_and_other_current_quarter_end,accrued_expenses_and_other,accrued expenses and other,AST,"July 31, 2025",M_USD,917.0,4884_current_portion_of_long_term_debt_current_quarter_end,current_portion_of_long_term_debt,current portion of long term debt,AST,"July 31, 2025",M_USD,955.0,,,,,,,,,,,,,,,,,,,,,,,,,,,,,,,,,,,,,,,,,,,,,,,,,,,,,,,,
679,3,"What is the net income for BLD in Three Months Ended July 31, 2025?",net_income,"{""derived"": ""net_income"", ""expanded"": {""op"": ""diff"", ""left"": {""derived"": ""income_before_taxes"", ""expanded"": {""op"": ""sum"", ""left"": {""derived"": ""operating_income"", ""expanded"": {""op"": ""diff"", ""left"": {""leaf"": ""2638_total_revenues_current_quarter"", ""depth"": 0}, ""right"": {""leaf"": ""2658_total_costs_and_expenses_current_quarter"", ""depth"": 0}, ""depth"": 1}, ""depth"": 1}, ""right"": {""leaf"": ""2666_other_income_expense_net_current_quarter"", ""depth"": 0}, ""depth"": 2}, ""depth"": 2}, ""right"": {""leaf"": ""2670_provision_for_income_taxes_current_quarter"", ""depth"": 0}, ""depth"": 3}, ""depth"": 3}","{""kind"": ""derived_concept"", ""name"": ""net_income"", ""depth"": 0}",677.0,5,0,3,793514199,710837668,42,0.431,0,1,4,2638_total_revenues_current_quarter,total_revenues,total revenues,BLD,"Three Months Ended July 31, 2025",M_USD,9700.0,2658_total_costs_and_expenses_current_quarter,total_costs_and_expenses,total costs and expenses,BLD,"Three Months Ended July 31, 2025",M_USD,8752.0,2666_other_income_expense_net_current_quarter,other_income_expense_net,other income expense net,BLD,"Three Months Ended July 31, 2025",M_USD,-64.0,2670_provision_for_income_taxes_current_quarter,provision_for_income_taxes,provision for income taxes,BLD,"Three Months Ended July 31, 2025",M_USD,207.0,,,,,,,,,,,,,,,,,,,,,,,,,,,,,,,,,,,,,,,,,,,,,,,,,,,,,,,,
684,3,"What do we obtain as the total current liabilities for FIN in December 31, 2024",total_current_liabilities,"{""derived"": ""total_current_liabilities"", ""expanded"": {""op"": ""sum"", ""left"": {""op"": ""sum"", ""left"": {""op"": ""sum"", ""left"": {""leaf"": ""4127_accounts_payable_prior_fy_end"", ""depth"": 0}, ""right"": {""leaf"": ""4129_deferred_revenue_current_prior_fy_end"", ""depth"": 0}, ""depth"": 1}, ""right"": {""leaf"": ""4131_accrued_expenses_and_other_prior_fy_end"", ""depth"": 0}, ""depth"": 2}, ""right"": {""leaf"": ""4133_current_portion_of_long_term_debt_prior_fy_end"", ""depth"": 0}, ""depth"": 3}, ""depth"": 3}","{""kind"": ""derived_concept"", ""name"": ""total_current_liabilities"", ""depth"": 0}",3160.0,4,0,3,13513356,104130355,42,0.131,0,1,4,4127_accounts_payable_prior_fy_end,accounts_payable,accounts payable,FIN,"December 31, 2024",M_USD,1962.0,4129_deferred_revenue_current_prior_fy_end,deferred_revenue_current,deferred revenue current,FIN,"December 31, 2024",M_USD,390.0,4131_accrued_expenses_and_other_prior_fy_end,accrued_expenses_and_other,accrued expenses and other,FIN,"December 31, 2024",M_USD,374.0,4133_current_portion_of_long_term_debt_prior_fy_end,current_portion_of_long_term_debt,current portion of long term debt,FIN,"December 31, 2024",M_USD,434.0,,,,,,,,,,,,,,,,,,,,,,,,,,,,,,,,,,,,,,,,,,,,,,,,,,,,,,,,
687,3,"compute the total current liabilities for FNB in December 31, 2024.",total_current_liabilities,"{""derived"": ""total_current_liabilities"", ""expanded"": {""op"": ""sum"", ""left"": {""op"": ""sum"", ""left"": {""op"": ""sum"", ""left"": {""leaf"": ""6141_accounts_payable_prior_fy_end"", ""depth"": 0}, ""right"": {""leaf"": ""6143_deferred_revenue_current_prior_fy_end"", ""depth"": 0}, ""depth"": 1}, ""right"": {""leaf"": ""6145_accrued_expenses_and_other_prior_fy_end"", ""depth"": 0}, ""depth"": 2}, ""right"": {""leaf"": ""6147_current_portion_of_long_term_debt_prior_fy_end"", ""depth"": 0}, ""depth"": 3}, ""depth"": 3}","{""kind"": ""derived_concept"", ""name"": ""total_current_liabilities"", ""depth"": 0}",3719.0,5,0,3,350750242,109374607,42,0.558,0,1,4,6141_accounts_payable_prior_fy_end,accounts_payable,accounts payable,FNB,"December 31, 2024",M_USD,1738.0,6143_deferred_revenue_current_prior_fy_end,deferred_revenue_current,deferred revenue current,FNB,"December 31, 2024",M_USD,598.0,6145_accrued_expenses_and_other_prior_fy_end,accrued_expenses_and_other,accrued expenses and other,FNB,"December 31, 2024",M_USD,1014.0,6147_current_portion_of_long_term_debt_prior_fy_end,current_portion_of_long_term_debt,current portion of long term debt,FNB,"December 31, 2024",M_USD,369.0,,,,,,,,,,,,,,,,,,,,,,,,,,,,,,,,,,,,,,,,,,,,,,,,,,,,,,,,
696,3,"calculate the net income for NVH in Nine Months Ended October 31, 2025 .",net_income,"{""derived"": ""net_income"", ""expanded"": {""op"": ""diff"", ""left"": {""derived"": ""income_before_taxes"", ""expanded"": {""op"": ""sum"", ""left"": {""derived"": ""operating_income"", ""expanded"": {""op"": ""diff"", ""left"": {""leaf"": ""6590_total_revenues_current_ytd"", ""depth"": 0}, ""right"": {""leaf"": ""6610_total_costs_and_expenses_current_ytd"", ""depth"": 0}, ""depth"": 1}, ""depth"": 1}, ""right"": {""leaf"": ""6618_other_income_expense_net_current_ytd"", ""depth"": 0}, ""depth"": 2}, ""depth"": 2}, ""right"": {""leaf"": ""6622_provision_for_income_taxes_current_ytd"", ""depth"": 0}, ""depth"": 3}, ""depth"": 3}","{""kind"": ""derived_concept"", ""name"": ""net_income"", ""depth"": 0}",8076.0,5,0,3,418680735,229488215,42,0.232,0,1,4,6590_total_revenues_current_ytd,total_revenues,total revenues,NVH,"Nine Months Ended October 31, 2025",M_USD,54768.0,6610_total_costs_and_expenses_current_ytd,total_costs_and_expenses,total costs and expenses,NVH,"Nine Months Ended October 31, 2025",M_USD,43533.0,6618_other_income_expense_net_current_ytd,other_income_expense_net,other income expense net,NVH,"Nine Months Ended October 31, 2025",M_USD,-519.0,6622_provision_for_income_taxes_current_ytd,provision_for_income_taxes,provision for income taxes,NVH,"Nine Months Ended October 31, 2025",M_USD,2640.0,,,,,,,,,,,,,,,,,,,,,,,,,,,,,,,,,,,,,,,,,,,,,,,,,,,,,,,,
699,3,"calculate the total current liabilities for BNK in October 31, 2025",total_current_liabilities,"{""derived"": ""total_current_liabilities"", ""expanded"": {""op"": ""sum"", ""left"": {""op"": ""sum"", ""left"": {""op"": ""sum"", ""left"": {""leaf"": ""4714_accounts_payable_current_quarter_end"", ""depth"": 0}, ""right"": {""leaf"": ""4716_deferred_revenue_current_current_quarter_end"", ""depth"": 0}, ""depth"": 1}, ""right"": {""leaf"": ""4718_accrued_expenses_and_other_current_quarter_end"", ""depth"": 0}, ""depth"": 2}, ""right"": {""leaf"": ""4720_current_portion_of_long_term_debt_current_quarter_end"", ""depth"": 0}, ""depth"": 3}, ""depth"": 3}","{""kind"": ""derived_concept"", ""name"": ""total_current_liabilities"", ""depth"": 0}",3715.0,2,0,3,372694819,409660513,42,0.192,0,1,4,4714_accounts_payable_current_quarter_end,accounts_payable,accounts payable,BNK,"October 31, 2025",M_USD,1954.0,4716_deferred_revenue_current_current_quarter_end,deferred_revenue_current,deferred revenue current,BNK,"October 31, 2025",M_USD,728.0,4718_accrued_expenses_and_other_current_quarter_end,accrued_expenses_and_other,accrued expenses and other,BNK,"October 31, 2025",M_USD,631.0,4720_current_portion_of_long_term_debt_current_quarter_end,current_portion_of_long_term_debt,current portion of long term debt,BNK,"October 31, 2025",M_USD,402.0,,,,,,,,,,,,,,,,,,,,,,,,,,,,,,,,,,,,,,,,,,,,,,,,,,,,,,,,
707,3,"which value corresponds to the total current liabilities for GRD in July 31, 2025?",total_current_liabilities,"{""derived"": ""total_current_liabilities"", ""expanded"": {""op"": ""sum"", ""left"": {""op"": ""sum"", ""left"": {""op"": ""sum"", ""left"": {""leaf"": ""380_accounts_payable_current_quarter_end"", ""depth"": 0}, ""right"": {""leaf"": ""382_deferred_revenue_current_current_quarter_end"", ""depth"": 0}, ""depth"": 1}, ""right"": {""leaf"": ""384_accrued_expenses_and_other_current_quarter_end"", ""depth"": 0}, ""depth"": 2}, ""right"": {""leaf"": ""386_current_portion_of_long_term_debt_current_quarter_end"", ""depth"": 0}, ""depth"": 3}, ""depth"": 3}","{""kind"": ""derived_concept"", ""name"": ""total_current_liabilities"", ""depth"": 0}",6190.0,2,0,3,159494628,299819053,42,0.498,0,1,4,380_accounts_payable_current_quarter_end,accounts_payable,accounts payable,GRD,"July 31, 2025",M_USD,3970.0,382_deferred_revenue_current_current_quarter_end,deferred_revenue_current,deferred revenue current,GRD,"July 31, 2025",M_USD,828.0,384_accrued_expenses_and_other_current_quarter_end,accrued_expenses_and_other,accrued expenses and other,GRD,"July 31, 2025",M_USD,1017.0,386_current_portion_of_long_term_debt_current_quarter_end,current_portion_of_long_term_debt,current portion of long term debt,GRD,"July 31, 2025",M_USD,375.0,,,,,,,,,,,,,,,,,,,,,,,,,,,,,,,,,,,,,,,,,,,,,,,,,,,,,,,,
744,3,"What is the total current liabilities for AST in December 31, 2024",total_current_liabilities,"{""derived"": ""total_current_liabilities"", ""expanded"": {""op"": ""sum"", ""left"": {""op"": ""sum"", ""left"": {""op"": ""sum"", ""left"": {""leaf"": ""4879_accounts_payable_prior_fy_end"", ""depth"": 0}, ""right"": {""leaf"": ""4881_deferred_revenue_current_prior_fy_end"", ""depth"": 0}, ""depth"": 1}, ""right"": {""leaf"": ""4883_accrued_expenses_and_other_prior_fy_end"", ""depth"": 0}, ""depth"": 2}, ""right"": {""leaf"": ""4885_current_portion_of_long_term_debt_prior_fy_end"", ""depth"": 0}, ""depth"": 3}, ""depth"": 3}","{""kind"": ""derived_concept"", ""name"": ""total_current_liabilities"", ""depth"": 0}",5674.0,2,0,3,736245474,844406648,42,0.517,0,1,4,4879_accounts_payable_prior_fy_end,accounts_payable,accounts payable,AST,"December 31, 2024",M_USD,3340.0,4881_deferred_revenue_current_prior_fy_end,deferred_revenue_current,deferred revenue current,AST,"December 31, 2024",M_USD,474.0,4883_accrued_expenses_and_other_prior_fy_end,accrued_expenses_and_other,accrued expenses and other,AST,"December 31, 2024",M_USD,911.0,4885_current_portion_of_long_term_debt_prior_fy_end,current_portion_of_long_term_debt,current portion of long term debt,AST,"December 31, 2024",M_USD,949.0,,,,,,,,,,,,,,,,,,,,,,,,,,,,,,,,,,,,,,,,,,,,,,,,,,,,,,,,
746,3,"What do we obtain as the sum of maximum of stock based compensation for FNB from Nine Months Ended October 31, 2024 to Nine Months Ended October 31, 2025 and ratio of sum of total assets for FNB in December 31, 2024 and total assets for FNB in October 31, 2025 to 2.0?","sum(max(6169_stock_based_compensation_prior_ytd, 6168_stock_based_compensation_current_ytd), ratio(sum(6139_total_assets_prior_fy_end, 6138_total_assets_current_quarter_end), 2.0))","{""op"": ""sum"", ""left"": {""op"": ""max"", ""left"": {""leaf"": ""6169_stock_based_compensation_prior_ytd"", ""depth"": 0}, ""right"": {""leaf"": ""6168_stock_based_compensation_current_ytd"", ""depth"": 0}, ""depth"": 1}, ""right"": {""op"": ""ratio"", ""left"": {""op"": ""sum"", ""left"": {""leaf"": ""6139_total_assets_prior_fy_end"", ""depth"": 0}, ""right"": {""leaf"": ""6138_total_assets_current_quarter_end"", ""depth"": 0}, ""depth"": 1}, ""right"": {""literal"": 2.0, ""depth"": 0}, ""depth"": 2}, ""depth"": 3}","{""op"": ""sum"", ""left"": {""kind"": ""time_agg"", ""op"": ""max"", ""depth"": 0}, ""right"": {""kind"": ""time_agg"", ""op"": ""avg"", ""depth"": 0}, ""depth"": 1, ""kind"": ""node""}",14776.0,3,1,3,111700017,855333556,42,0.346,1,2,4,6169_stock_based_compensation_prior_ytd,stock_based_compensation,stock based compensation,FNB,"Nine Months Ended October 31, 2024",M_USD,302.0,6168_stock_based_compensation_current_ytd,stock_based_compensation,stock based compensation,FNB,"Nine Months Ended October 31, 2025",M_USD,276.0,6139_total_assets_prior_fy_end,total_assets,total assets,FNB,"December 31, 2024",M_USD,14243.0,6138_total_assets_current_quarter_end,total_assets,total assets,FNB,"October 31, 2025",M_USD,14705.0,,,,,,,,,,,,,,,,,,,,,,,,,,,,,,,,,,,,,,,,,,,,,,,,,,,,,,,,
747,3,"Give the net income for QRK in Three Months Ended April 30, 2026.",net_income,"{""derived"": ""net_income"", ""expanded"": {""op"": ""diff"", ""left"": {""derived"": ""income_before_taxes"", ""expanded"": {""op"": ""sum"", ""left"": {""derived"": ""operating_income"", ""expanded"": {""op"": ""diff"", ""left"": {""leaf"": ""3442_total_revenues_current_quarter"", ""depth"": 0}, ""right"": {""leaf"": ""3462_total_costs_and_expenses_current_quarter"", ""depth"": 0}, ""depth"": 1}, ""depth"": 1}, ""right"": {""leaf"": ""3470_other_income_expense_net_current_quarter"", ""depth"": 0}, ""depth"": 2}, ""depth"": 2}, ""right"": {""leaf"": ""3474_provision_for_income_taxes_current_quarter"", ""depth"": 0}, ""depth"": 3}, ""depth"": 3}","{""kind"": ""derived_concept"", ""name"": ""net_income"", ""depth"": 0}",26594.0,5,0,3,583961258,905742936,42,0.341,0,1,4,3442_total_revenues_current_quarter,total_revenues,total revenues,QRK,"Three Months Ended April 30, 2026",M_USD,74441.0,3462_total_costs_and_expenses_current_quarter,total_costs_and_expenses,total costs and expenses,QRK,"Three Months Ended April 30, 2026",M_USD,43127.0,3470_other_income_expense_net_current_quarter,other_income_expense_net,other income expense net,QRK,"Three Months Ended April 30, 2026",M_USD,705.0,3474_provision_for_income_taxes_current_quarter,provision_for_income_taxes,provision for income taxes,QRK,"Three Months Ended April 30, 2026",M_USD,5425.0,,,,,,,,,,,,,,,,,,,,,,,,,,,,,,,,,,,,,,,,,,,,,,,,,,,,,,,,
750,3,"compute the total current liabilities for SUP in April 30, 2025.",total_current_liabilities,"{""derived"": ""total_current_liabilities"", ""expanded"": {""op"": ""sum"", ""left"": {""op"": ""sum"", ""left"": {""op"": ""sum"", ""left"": {""leaf"": ""1016_accounts_payable_current_quarter_end"", ""depth"": 0}, ""right"": {""leaf"": ""1018_deferred_revenue_current_current_quarter_end"", ""depth"": 0}, ""depth"": 1}, ""right"": {""leaf"": ""1020_accrued_expenses_and_other_current_quarter_end"", ""depth"": 0}, ""depth"": 2}, ""right"": {""leaf"": ""1022_current_portion_of_long_term_debt_current_quarter_end"", ""depth"": 0}, ""depth"": 3}, ""depth"": 3}","{""kind"": ""derived_concept"", ""name"": ""total_current_liabilities"", ""depth"": 0}",7671.0,4,0,3,617661949,90893832,42,0.6,0,1,4,1016_accounts_payable_current_quarter_end,accounts_payable,accounts payable,SUP,"April 30, 2025",M_USD,4974.0,1018_deferred_revenue_current_current_quarter_end,deferred_revenue_current,deferred revenue current,SUP,"April 30, 2025",M_USD,1259.0,1020_accrued_expenses_and_other_current_quarter_end,accrued_expenses_and_other,accrued expenses and other,SUP,"April 30, 2025",M_USD,885.0,1022_current_portion_of_long_term_debt_current_quarter_end,current_portion_of_long_term_debt,current portion of long term debt,SUP,"April 30, 2025",M_USD,553.0,,,,,,,,,,,,,,,,,,,,,,,,,,,,,,,,,,,,,,,,,,,,,,,,,,,,,,,,
759,3,"could you give the total current liabilities for MRK in April 30, 2025?",total_current_liabilities,"{""derived"": ""total_current_liabilities"", ""expanded"": {""op"": ""sum"", ""left"": {""op"": ""sum"", ""left"": {""op"": ""sum"", ""left"": {""leaf"": ""7096_accounts_payable_current_quarter_end"", ""depth"": 0}, ""right"": {""leaf"": ""7098_deferred_revenue_current_current_quarter_end"", ""depth"": 0}, ""depth"": 1}, ""right"": {""leaf"": ""7100_accrued_expenses_and_other_current_quarter_end"", ""depth"": 0}, ""depth"": 2}, ""right"": {""leaf"": ""7102_current_portion_of_long_term_debt_current_quarter_end"", ""depth"": 0}, ""depth"": 3}, ""depth"": 3}","{""kind"": ""derived_concept"", ""name"": ""total_current_liabilities"", ""depth"": 0}",21471.0,2,0,3,287760410,854679813,42,0.485,0,1,4,7096_accounts_payable_current_quarter_end,accounts_payable,accounts payable,MRK,"April 30, 2025",M_USD,16666.0,7098_deferred_revenue_current_current_quarter_end,deferred_revenue_current,deferred revenue current,MRK,"April 30, 2025",M_USD,1673.0,7100_accrued_expenses_and_other_current_quarter_end,accrued_expenses_and_other,accrued expenses and other,MRK,"April 30, 2025",M_USD,1488.0,7102_current_portion_of_long_term_debt_current_quarter_end,current_portion_of_long_term_debt,current portion of long term debt,MRK,"April 30, 2025",M_USD,1644.0,,,,,,,,,,,,,,,,,,,,,,,,,,,,,,,,,,,,,,,,,,,,,,,,,,,,,,,,
767,3,"you should give the net income for PRF in Three Months Ended April 30, 2024 .",net_income,"{""derived"": ""net_income"", ""expanded"": {""op"": ""diff"", ""left"": {""derived"": ""income_before_taxes"", ""expanded"": {""op"": ""sum"", ""left"": {""derived"": ""operating_income"", ""expanded"": {""op"": ""diff"", ""left"": {""leaf"": ""2167_total_revenues_prior_year_quarter"", ""depth"": 0}, ""right"": {""leaf"": ""2177_total_costs_and_expenses_prior_year_quarter"", ""depth"": 0}, ""depth"": 1}, ""depth"": 1}, ""right"": {""leaf"": ""2181_other_income_expense_net_prior_year_quarter"", ""depth"": 0}, ""depth"": 2}, ""depth"": 2}, ""right"": {""leaf"": ""2183_provision_for_income_taxes_prior_year_quarter"", ""depth"": 0}, ""depth"": 3}, ""depth"": 3}","{""kind"": ""derived_concept"", ""name"": ""net_income"", ""depth"": 0}",67.0,5,0,3,54608397,501823873,42,0.187,0,1,4,2167_total_revenues_prior_year_quarter,total_revenues,total revenues,PRF,"Three Months Ended April 30, 2024",M_USD,1098.0,2177_total_costs_and_expenses_prior_year_quarter,total_costs_and_expenses,total costs and expenses,PRF,"Three Months Ended April 30, 2024",M_USD,1006.0,2181_other_income_expense_net_prior_year_quarter,other_income_expense_net,other income expense net,PRF,"Three Months Ended April 30, 2024",M_USD,-3.0,2183_provision_for_income_taxes_prior_year_quarter,provision_for_income_taxes,provision for income taxes,PRF,"Three Months Ended April 30, 2024",M_USD,22.0,,,,,,,,,,,,,,,,,,,,,,,,,,,,,,,,,,,,,,,,,,,,,,,,,,,,,,,,
782,3,"whats the value of the net income for CRF in Nine Months Ended October 31, 2025?",net_income,"{""derived"": ""net_income"", ""expanded"": {""op"": ""diff"", ""left"": {""derived"": ""income_before_taxes"", ""expanded"": {""op"": ""sum"", ""left"": {""derived"": ""operating_income"", ""expanded"": {""op"": ""diff"", ""left"": {""leaf"": ""1684_total_revenues_current_ytd"", ""depth"": 0}, ""right"": {""leaf"": ""1704_total_costs_and_expenses_current_ytd"", ""depth"": 0}, ""depth"": 1}, ""depth"": 1}, ""right"": {""leaf"": ""1712_other_income_expense_net_current_ytd"", ""depth"": 0}, ""depth"": 2}, ""depth"": 2}, ""right"": {""leaf"": ""1716_provision_for_income_taxes_current_ytd"", ""depth"": 0}, ""depth"": 3}, ""depth"": 3}","{""kind"": ""derived_concept"", ""name"": ""net_income"", ""depth"": 0}",4185.0,5,0,3,953945139,555149875,42,0.379,0,1,4,1684_total_revenues_current_ytd,total_revenues,total revenues,CRF,"Nine Months Ended October 31, 2025",M_USD,32649.0,1704_total_costs_and_expenses_current_ytd,total_costs_and_expenses,total costs and expenses,CRF,"Nine Months Ended October 31, 2025",M_USD,27267.0,1712_other_income_expense_net_current_ytd,other_income_expense_net,other income expense net,CRF,"Nine Months Ended October 31, 2025",M_USD,15.0,1716_provision_for_income_taxes_current_ytd,provision_for_income_taxes,provision for income taxes,CRF,"Nine Months Ended October 31, 2025",M_USD,1212.0,,,,,,,,,,,,,,,,,,,,,,,,,,,,,,,,,,,,,,,,,,,,,,,,,,,,,,,,
784,3,"may you give the net income for PRD in Nine Months Ended October 31, 2025",net_income,"{""derived"": ""net_income"", ""expanded"": {""op"": ""diff"", ""left"": {""derived"": ""income_before_taxes"", ""expanded"": {""op"": ""sum"", ""left"": {""derived"": ""operating_income"", ""expanded"": {""op"": ""diff"", ""left"": {""leaf"": ""1844_total_revenues_current_ytd"", ""depth"": 0}, ""right"": {""leaf"": ""1864_total_costs_and_expenses_current_ytd"", ""depth"": 0}, ""depth"": 1}, ""depth"": 1}, ""right"": {""leaf"": ""1872_other_income_expense_net_current_ytd"", ""depth"": 0}, ""depth"": 2}, ""depth"": 2}, ""right"": {""leaf"": ""1876_provision_for_income_taxes_current_ytd"", ""depth"": 0}, ""depth"": 3}, ""depth"": 3}","{""kind"": ""derived_concept"", ""name"": ""net_income"", ""depth"": 0}",9765.0,5,0,3,665977607,706077778,42,0.162,0,1,4,1844_total_revenues_current_ytd,total_revenues,total revenues,PRD,"Nine Months Ended October 31, 2025",M_USD,64884.0,1864_total_costs_and_expenses_current_ytd,total_costs_and_expenses,total costs and expenses,PRD,"Nine Months Ended October 31, 2025",M_USD,52611.0,1872_other_income_expense_net_current_ytd,other_income_expense_net,other income expense net,PRD,"Nine Months Ended October 31, 2025",M_USD,-189.0,1876_provision_for_income_taxes_current_ytd,provision_for_income_taxes,provision for income taxes,PRD,"Nine Months Ended October 31, 2025",M_USD,2319.0,,,,,,,,,,,,,,,,,,,,,,,,,,,,,,,,,,,,,,,,,,,,,,,,,,,,,,,,
816,3,"what would be the net income for CRZ in Three Months Ended October 31, 2025?",net_income,"{""derived"": ""net_income"", ""expanded"": {""op"": ""diff"", ""left"": {""derived"": ""income_before_taxes"", ""expanded"": {""op"": ""sum"", ""left"": {""derived"": ""operating_income"", ""expanded"": {""op"": ""diff"", ""left"": {""leaf"": ""4974_total_revenues_current_quarter"", ""depth"": 0}, ""right"": {""leaf"": ""4990_total_costs_and_expenses_current_quarter"", ""depth"": 0}, ""depth"": 1}, ""depth"": 1}, ""right"": {""leaf"": ""4998_other_income_expense_net_current_quarter"", ""depth"": 0}, ""depth"": 2}, ""depth"": 2}, ""right"": {""leaf"": ""5002_provision_for_income_taxes_current_quarter"", ""depth"": 0}, ""depth"": 3}, ""depth"": 3}","{""kind"": ""derived_concept"", ""name"": ""net_income"", ""depth"": 0}",1376.0,4,0,3,528209111,922249578,42,0.271,0,1,4,4974_total_revenues_current_quarter,total_revenues,total revenues,CRZ,"Three Months Ended October 31, 2025",M_USD,8561.0,4990_total_costs_and_expenses_current_quarter,total_costs_and_expenses,total costs and expenses,CRZ,"Three Months Ended October 31, 2025",M_USD,6615.0,4998_other_income_expense_net_current_quarter,other_income_expense_net,other income expense net,CRZ,"Three Months Ended October 31, 2025",M_USD,-187.0,5002_provision_for_income_taxes_current_quarter,provision_for_income_taxes,provision for income taxes,CRZ,"Three Months Ended October 31, 2025",M_USD,383.0,,,,,,,,,,,,,,,,,,,,,,,,,,,,,,,,,,,,,,,,,,,,,,,,,,,,,,,,
833,3,"whats the value of the net income for CNS in Three Months Ended April 30, 2024",net_income,"{""derived"": ""net_income"", ""expanded"": {""op"": ""diff"", ""left"": {""derived"": ""income_before_taxes"", ""expanded"": {""op"": ""sum"", ""left"": {""derived"": ""operating_income"", ""expanded"": {""op"": ""diff"", ""left"": {""leaf"": ""5941_total_revenues_prior_year_quarter"", ""depth"": 0}, ""right"": {""leaf"": ""5951_total_costs_and_expenses_prior_year_quarter"", ""depth"": 0}, ""depth"": 1}, ""depth"": 1}, ""right"": {""leaf"": ""5955_other_income_expense_net_prior_year_quarter"", ""depth"": 0}, ""depth"": 2}, ""depth"": 2}, ""right"": {""leaf"": ""5957_provision_for_income_taxes_prior_year_quarter"", ""depth"": 0}, ""depth"": 3}, ""depth"": 3}","{""kind"": ""derived_concept"", ""name"": ""net_income"", ""depth"": 0}",647.0,4,0,3,120869197,3274583,42,0.526,0,1,4,5941_total_revenues_prior_year_quarter,total_revenues,total revenues,CNS,"Three Months Ended April 30, 2024",M_USD,6106.0,5951_total_costs_and_expenses_prior_year_quarter,total_costs_and_expenses,total costs and expenses,CNS,"Three Months Ended April 30, 2024",M_USD,5264.0,5955_other_income_expense_net_prior_year_quarter,other_income_expense_net,other income expense net,CNS,"Three Months Ended April 30, 2024",M_USD,29.0,5957_provision_for_income_taxes_prior_year_quarter,provision_for_income_taxes,provision for income taxes,CNS,"Three Months Ended April 30, 2024",M_USD,224.0,,,,,,,,,,,,,,,,,,,,,,,,,,,,,,,,,,,,,,,,,,,,,,,,,,,,,,,,
846,3,"could you give the result of ratio of sum of depreciation and amortization for NVH in Nine Months Ended October 31, 2024 and depreciation and amortization for NVH in Nine Months Ended October 31, 2025 to 2.0 scaled by growth in opening cash and equivalents for NVH from Nine Months Ended October 31, 2024 to Nine Months Ended October 31, 2025 ?","mul(ratio(sum(6687_depreciation_and_amortization_prior_ytd, 6686_depreciation_and_amortization_current_ytd), 2.0), growth(6721_opening_cash_and_equivalents_prior_ytd, 6720_opening_cash_and_equivalents_current_ytd))","{""op"": ""mul"", ""left"": {""op"": ""ratio"", ""left"": {""op"": ""sum"", ""left"": {""leaf"": ""6687_depreciation_and_amortization_prior_ytd"", ""depth"": 0}, ""right"": {""leaf"": ""6686_depreciation_and_amortization_current_ytd"", ""depth"": 0}, ""depth"": 1}, ""right"": {""literal"": 2.0, ""depth"": 0}, ""depth"": 2}, ""right"": {""op"": ""growth"", ""left"": {""leaf"": ""6721_opening_cash_and_equivalents_prior_ytd"", ""depth"": 0}, ""right"": {""leaf"": ""6720_opening_cash_and_equivalents_current_ytd"", ""depth"": 0}, ""depth"": 1}, ""depth"": 3}","{""op"": ""mul"", ""left"": {""kind"": ""time_agg"", ""op"": ""avg"", ""depth"": 0}, ""right"": {""op"": ""growth"", ""left"": {""kind"": ""leaf"", ""semantic_type_in"": [""amount""], ""depth"": 0}, ""right"": {""kind"": ""leaf"", ""semantic_type_in"": [""amount""], ""depth"": 0}, ""depth"": 1, ""kind"": ""node""}, ""depth"": 2, ""kind"": ""node""}",252.6258096661684,2,2,3,839213107,478095994,42,0.13,2,3,4,6687_depreciation_and_amortization_prior_ytd,depreciation_and_amortization,depreciation and amortization,NVH,"Nine Months Ended October 31, 2024",M_USD,2630.0,6686_depreciation_and_amortization_current_ytd,depreciation_and_amortization,depreciation and amortization,NVH,"Nine Months Ended October 31, 2025",M_USD,2390.0,6721_opening_cash_and_equivalents_prior_ytd,opening_cash_and_equivalents,opening cash and equivalents,NVH,"Nine Months Ended October 31, 2024",M_USD,2209.0,6720_opening_cash_and_equivalents_current_ytd,opening_cash_and_equivalents,opening cash and equivalents,NVH,"Nine Months Ended October 31, 2025",M_USD,2007.0,,,,,,,,,,,,,,,,,,,,,,,,,,,,,,,,,,,,,,,,,,,,,,,,,,,,,,,,
859,3,"Give the total current liabilities for STR in December 31, 2024 .",total_current_liabilities,"{""derived"": ""total_current_liabilities"", ""expanded"": {""op"": ""sum"", ""left"": {""op"": ""sum"", ""left"": {""op"": ""sum"", ""left"": {""leaf"": ""3339_accounts_payable_prior_fy_end"", ""depth"": 0}, ""right"": {""leaf"": ""3341_deferred_revenue_current_prior_fy_end"", ""depth"": 0}, ""depth"": 1}, ""right"": {""leaf"": ""3343_accrued_expenses_and_other_prior_fy_end"", ""depth"": 0}, ""depth"": 2}, ""right"": {""leaf"": ""3345_current_portion_of_long_term_debt_prior_fy_end"", ""depth"": 0}, ""depth"": 3}, ""depth"": 3}","{""kind"": ""derived_concept"", ""name"": ""total_current_liabilities"", ""depth"": 0}",4432.0,2,0,3,783133708,165839848,42,0.458,0,1,4,3339_accounts_payable_prior_fy_end,accounts_payable,accounts payable,STR,"December 31, 2024",M_USD,2859.0,3341_deferred_revenue_current_prior_fy_end,deferred_revenue_current,deferred revenue current,STR,"December 31, 2024",M_USD,293.0,3343_accrued_expenses_and_other_prior_fy_end,accrued_expenses_and_other,accrued expenses and other,STR,"December 31, 2024",M_USD,605.0,3345_current_portion_of_long_term_debt_prior_fy_end,current_portion_of_long_term_debt,current portion of long term debt,STR,"December 31, 2024",M_USD,675.0,,,,,,,,,,,,,,,,,,,,,,,,,,,,,,,,,,,,,,,,,,,,,,,,,,,,,,,,
862,3,"may you calculate the total current liabilities for NVH in October 31, 2025",total_current_liabilities,"{""derived"": ""total_current_liabilities"", ""expanded"": {""op"": ""sum"", ""left"": {""op"": ""sum"", ""left"": {""op"": ""sum"", ""left"": {""leaf"": ""6660_accounts_payable_current_quarter_end"", ""depth"": 0}, ""right"": {""leaf"": ""6662_deferred_revenue_current_current_quarter_end"", ""depth"": 0}, ""depth"": 1}, ""right"": {""leaf"": ""6664_accrued_expenses_and_other_current_quarter_end"", ""depth"": 0}, ""depth"": 2}, ""right"": {""leaf"": ""6666_current_portion_of_long_term_debt_current_quarter_end"", ""depth"": 0}, ""depth"": 3}, ""depth"": 3}","{""kind"": ""derived_concept"", ""name"": ""total_current_liabilities"", ""depth"": 0}",9828.0,4,0,3,743418921,134819379,42,0.448,0,1,4,6660_accounts_payable_current_quarter_end,accounts_payable,accounts payable,NVH,"October 31, 2025",M_USD,6371.0,6662_deferred_revenue_current_current_quarter_end,deferred_revenue_current,deferred revenue current,NVH,"October 31, 2025",M_USD,1052.0,6664_accrued_expenses_and_other_current_quarter_end,accrued_expenses_and_other,accrued expenses and other,NVH,"October 31, 2025",M_USD,1490.0,6666_current_portion_of_long_term_debt_current_quarter_end,current_portion_of_long_term_debt,current portion of long term debt,NVH,"October 31, 2025",M_USD,915.0,,,,,,,,,,,,,,,,,,,,,,,,,,,,,,,,,,,,,,,,,,,,,,,,,,,,,,,,
887,3,"evaluate the total current liabilities for PRD in December 31, 2024",total_current_liabilities,"{""derived"": ""total_current_liabilities"", ""expanded"": {""op"": ""sum"", ""left"": {""op"": ""sum"", ""left"": {""op"": ""sum"", ""left"": {""leaf"": ""1915_accounts_payable_prior_fy_end"", ""depth"": 0}, ""right"": {""leaf"": ""1917_deferred_revenue_current_prior_fy_end"", ""depth"": 0}, ""depth"": 1}, ""right"": {""leaf"": ""1919_accrued_expenses_and_other_prior_fy_end"", ""depth"": 0}, ""depth"": 2}, ""right"": {""leaf"": ""1921_current_portion_of_long_term_debt_prior_fy_end"", ""depth"": 0}, ""depth"": 3}, ""depth"": 3}","{""kind"": ""derived_concept"", ""name"": ""total_current_liabilities"", ""depth"": 0}",10276.0,3,0,3,126004307,895477421,42,0.205,0,1,4,1915_accounts_payable_prior_fy_end,accounts_payable,accounts payable,PRD,"December 31, 2024",M_USD,6420.0,1917_deferred_revenue_current_prior_fy_end,deferred_revenue_current,deferred revenue current,PRD,"December 31, 2024",M_USD,1284.0,1919_accrued_expenses_and_other_prior_fy_end,accrued_expenses_and_other,accrued expenses and other,PRD,"December 31, 2024",M_USD,1502.0,1921_current_portion_of_long_term_debt_prior_fy_end,current_portion_of_long_term_debt,current portion of long term debt,PRD,"December 31, 2024",M_USD,1070.0,,,,,,,,,,,,,,,,,,,,,,,,,,,,,,,,,,,,,,,,,,,,,,,,,,,,,,,,
890,3,"What do we obtain as the net income for GBL in Three Months Ended April 30, 2024 ?",net_income,"{""derived"": ""net_income"", ""expanded"": {""op"": ""diff"", ""left"": {""derived"": ""income_before_taxes"", ""expanded"": {""op"": ""sum"", ""left"": {""derived"": ""operating_income"", ""expanded"": {""op"": ""diff"", ""left"": {""leaf"": ""6765_total_revenues_prior_year_quarter"", ""depth"": 0}, ""right"": {""leaf"": ""6775_total_costs_and_expenses_prior_year_quarter"", ""depth"": 0}, ""depth"": 1}, ""depth"": 1}, ""right"": {""leaf"": ""6779_other_income_expense_net_prior_year_quarter"", ""depth"": 0}, ""depth"": 2}, ""depth"": 2}, ""right"": {""leaf"": ""6781_provision_for_income_taxes_prior_year_quarter"", ""depth"": 0}, ""depth"": 3}, ""depth"": 3}","{""kind"": ""derived_concept"", ""name"": ""net_income"", ""depth"": 0}",2468.0,4,0,3,232658380,845537318,42,0.558,0,1,4,6765_total_revenues_prior_year_quarter,total_revenues,total revenues,GBL,"Three Months Ended April 30, 2024",M_USD,36200.0,6775_total_costs_and_expenses_prior_year_quarter,total_costs_and_expenses,total costs and expenses,GBL,"Three Months Ended April 30, 2024",M_USD,32959.0,6779_other_income_expense_net_prior_year_quarter,other_income_expense_net,other income expense net,GBL,"Three Months Ended April 30, 2024",M_USD,42.0,6781_provision_for_income_taxes_prior_year_quarter,provision_for_income_taxes,provision for income taxes,GBL,"Three Months Ended April 30, 2024",M_USD,815.0,,,,,,,,,,,,,,,,,,,,,,,,,,,,,,,,,,,,,,,,,,,,,,,,,,,,,,,,
893,3,"you should give the net income for WHL in Three Months Ended July 31, 2024.",net_income,"{""derived"": ""net_income"", ""expanded"": {""op"": ""diff"", ""left"": {""derived"": ""income_before_taxes"", ""expanded"": {""op"": ""sum"", ""left"": {""derived"": ""operating_income"", ""expanded"": {""op"": ""diff"", ""left"": {""leaf"": ""7299_total_revenues_prior_year_quarter"", ""depth"": 0}, ""right"": {""leaf"": ""7319_total_costs_and_expenses_prior_year_quarter"", ""depth"": 0}, ""depth"": 1}, ""depth"": 1}, ""right"": {""leaf"": ""7327_other_income_expense_net_prior_year_quarter"", ""depth"": 0}, ""depth"": 2}, ""depth"": 2}, ""right"": {""leaf"": ""7331_provision_for_income_taxes_prior_year_quarter"", ""depth"": 0}, ""depth"": 3}, ""depth"": 3}","{""kind"": ""derived_concept"", ""name"": ""net_income"", ""depth"": 0}",943.0,5,0,3,176892782,111925535,42,0.393,0,1,4,7299_total_revenues_prior_year_quarter,total_revenues,total revenues,WHL,"Three Months Ended July 31, 2024",M_USD,17227.0,7319_total_costs_and_expenses_prior_year_quarter,total_costs_and_expenses,total costs and expenses,WHL,"Three Months Ended July 31, 2024",M_USD,16092.0,7327_other_income_expense_net_prior_year_quarter,other_income_expense_net,other income expense net,WHL,"Three Months Ended July 31, 2024",M_USD,52.0,7331_provision_for_income_taxes_prior_year_quarter,provision_for_income_taxes,provision for income taxes,WHL,"Three Months Ended July 31, 2024",M_USD,244.0,,,,,,,,,,,,,,,,,,,,,,,,,,,,,,,,,,,,,,,,,,,,,,,,,,,,,,,,
899,3,"you should give the net income for NET in Three Months Ended October 31, 2025 .",net_income,"{""derived"": ""net_income"", ""expanded"": {""op"": ""diff"", ""left"": {""derived"": ""income_before_taxes"", ""expanded"": {""op"": ""sum"", ""left"": {""derived"": ""operating_income"", ""expanded"": {""op"": ""diff"", ""left"": {""leaf"": ""6412_total_revenues_current_quarter"", ""depth"": 0}, ""right"": {""leaf"": ""6432_total_costs_and_expenses_current_quarter"", ""depth"": 0}, ""depth"": 1}, ""depth"": 1}, ""right"": {""leaf"": ""6440_other_income_expense_net_current_quarter"", ""depth"": 0}, ""depth"": 2}, ""depth"": 2}, ""right"": {""leaf"": ""6444_provision_for_income_taxes_current_quarter"", ""depth"": 0}, ""depth"": 3}, ""depth"": 3}","{""kind"": ""derived_concept"", ""name"": ""net_income"", ""depth"": 0}",4079.0,5,0,3,363846972,982812017,42,0.467,0,1,4,6412_total_revenues_current_quarter,total_revenues,total revenues,NET,"Three Months Ended October 31, 2025",M_USD,19673.0,6432_total_costs_and_expenses_current_quarter,total_costs_and_expenses,total costs and expenses,NET,"Three Months Ended October 31, 2025",M_USD,14824.0,6440_other_income_expense_net_current_quarter,other_income_expense_net,other income expense net,NET,"Three Months Ended October 31, 2025",M_USD,157.0,6444_provision_for_income_taxes_current_quarter,provision_for_income_taxes,provision for income taxes,NET,"Three Months Ended October 31, 2025",M_USD,927.0,,,,,,,,,,,,,,,,,,,,,,,,,,,,,,,,,,,,,,,,,,,,,,,,,,,,,,,,
911,3,"give the sum of ratio of sum of short term investments for SCI in December 31, 2024 and short term investments for SCI in July 31, 2025 to 2.0 and maximum of cash and cash equivalents for SCI from December 31, 2024 to July 31, 2025.","sum(ratio(sum(5189_short_term_investments_prior_fy_end, 5188_short_term_investments_current_quarter_end), 2.0), max(5187_cash_and_cash_equivalents_prior_fy_end, 5186_cash_and_cash_equivalents_current_quarter_end))","{""op"": ""sum"", ""left"": {""op"": ""ratio"", ""left"": {""op"": ""sum"", ""left"": {""leaf"": ""5189_short_term_investments_prior_fy_end"", ""depth"": 0}, ""right"": {""leaf"": ""5188_short_term_investments_current_quarter_end"", ""depth"": 0}, ""depth"": 1}, ""right"": {""literal"": 2.0, ""depth"": 0}, ""depth"": 2}, ""right"": {""op"": ""max"", ""left"": {""leaf"": ""5187_cash_and_cash_equivalents_prior_fy_end"", ""depth"": 0}, ""right"": {""leaf"": ""5186_cash_and_cash_equivalents_current_quarter_end"", ""depth"": 0}, ""depth"": 1}, ""depth"": 3}","{""op"": ""sum"", ""left"": {""kind"": ""time_agg"", ""op"": ""avg"", ""depth"": 0}, ""right"": {""kind"": ""time_agg"", ""op"": ""max"", ""depth"": 0}, ""depth"": 1, ""kind"": ""node""}",1401.0,4,1,3,624583753,29494181,42,0.157,1,2,4,5189_short_term_investments_prior_fy_end,short_term_investments,short term investments,SCI,"December 31, 2024",M_USD,605.0,5188_short_term_investments_current_quarter_end,short_term_investments,short term investments,SCI,"July 31, 2025",M_USD,693.0,5187_cash_and_cash_equivalents_prior_fy_end,cash_and_cash_equivalents,cash and cash equivalents,SCI,"December 31, 2024",M_USD,656.0,5186_cash_and_cash_equivalents_current_quarter_end,cash_and_cash_equivalents,cash and cash equivalents,SCI,"July 31, 2025",M_USD,752.0,,,,,,,,,,,,,,,,,,,,,,,,,,,,,,,,,,,,,,,,,,,,,,,,,,,,,,,,
924,3,"what is the net income for AVX in Nine Months Ended October 31, 2024",net_income,"{""derived"": ""net_income"", ""expanded"": {""op"": ""diff"", ""left"": {""derived"": ""income_before_taxes"", ""expanded"": {""op"": ""sum"", ""left"": {""derived"": ""operating_income"", ""expanded"": {""op"": ""diff"", ""left"": {""leaf"": ""1395_total_revenues_prior_year_ytd"", ""depth"": 0}, ""right"": {""leaf"": ""1411_total_costs_and_expenses_prior_year_ytd"", ""depth"": 0}, ""depth"": 1}, ""depth"": 1}, ""right"": {""leaf"": ""1419_other_income_expense_net_prior_year_ytd"", ""depth"": 0}, ""depth"": 2}, ""depth"": 2}, ""right"": {""leaf"": ""1423_provision_for_income_taxes_prior_year_ytd"", ""depth"": 0}, ""depth"": 3}, ""depth"": 3}","{""kind"": ""derived_concept"", ""name"": ""net_income"", ""depth"": 0}",636.0,4,0,3,71817330,541938513,42,0.199,0,1,4,1395_total_revenues_prior_year_ytd,total_revenues,total revenues,AVX,"Nine Months Ended October 31, 2024",M_USD,3216.0,1411_total_costs_and_expenses_prior_year_ytd,total_costs_and_expenses,total costs and expenses,AVX,"Nine Months Ended October 31, 2024",M_USD,2283.0,1419_other_income_expense_net_prior_year_ytd,other_income_expense_net,other income expense net,AVX,"Nine Months Ended October 31, 2024",M_USD,-78.0,1423_provision_for_income_taxes_prior_year_ytd,provision_for_income_taxes,provision for income taxes,AVX,"Nine Months Ended October 31, 2024",M_USD,219.0,,,,,,,,,,,,,,,,,,,,,,,,,,,,,,,,,,,,,,,,,,,,,,,,,,,,,,,,
938,3,"whats the value of the difference between minimum of comprehensive income for CLR from Nine Months Ended October 31, 2024 to Nine Months Ended October 31, 2025 and result of minimum of depreciation and amortization for CLR from Nine Months Ended October 31, 2024 to Nine Months Ended October 31, 2025 scaled by growth in property plant and equipment net for CLR from December 31, 2024 to October 31, 2025","diff(min(291_comprehensive_income_prior_year_ytd, 290_comprehensive_income_current_ytd), mul(min(231_depreciation_and_amortization_prior_ytd, 230_depreciation_and_amortization_current_ytd), growth(194_property_plant_and_equipment_net_current_quarter_end, 195_property_plant_and_equipment_net_prior_fy_end)))","{""op"": ""diff"", ""left"": {""op"": ""min"", ""left"": {""leaf"": ""291_comprehensive_income_prior_year_ytd"", ""depth"": 0}, ""right"": {""leaf"": ""290_comprehensive_income_current_ytd"", ""depth"": 0}, ""depth"": 1}, ""right"": {""op"": ""mul"", ""left"": {""op"": ""min"", ""left"": {""leaf"": ""231_depreciation_and_amortization_prior_ytd"", ""depth"": 0}, ""right"": {""leaf"": ""230_depreciation_and_amortization_current_ytd"", ""depth"": 0}, ""depth"": 1}, ""right"": {""op"": ""growth"", ""left"": {""leaf"": ""194_property_plant_and_equipment_net_current_quarter_end"", ""depth"": 0}, ""right"": {""leaf"": ""195_property_plant_and_equipment_net_prior_fy_end"", ""depth"": 0}, ""depth"": 1}, ""depth"": 2}, ""depth"": 3}","{""op"": ""diff"", ""left"": {""kind"": ""time_agg"", ""op"": ""min"", ""depth"": 0}, ""right"": {""op"": ""mul"", ""left"": {""kind"": ""time_agg"", ""op"": ""min"", ""depth"": 0}, ""right"": {""op"": ""growth"", ""left"": {""kind"": ""leaf"", ""semantic_type_in"": [""amount""], ""depth"": 0}, ""right"": {""kind"": ""leaf"", ""semantic_type_in"": [""amount""], ""depth"": 0}, ""depth"": 1, ""kind"": ""node""}, ""depth"": 2, ""kind"": ""node""}, ""depth"": 3, ""kind"": ""node""}",4816.955865272938,3,3,3,916450858,511544744,42,0.487,3,4,6,291_comprehensive_income_prior_year_ytd,comprehensive_income,comprehensive income,CLR,"Nine Months Ended October 31, 2024",M_USD,5336.0,290_comprehensive_income_current_ytd,comprehensive_income,comprehensive income,CLR,"Nine Months Ended October 31, 2025",M_USD,4893.0,231_depreciation_and_amortization_prior_ytd,depreciation_and_amortization,depreciation and amortization,CLR,"Nine Months Ended October 31, 2024",M_USD,1877.0,230_depreciation_and_amortization_current_ytd,depreciation_and_amortization,depreciation and amortization,CLR,"Nine Months Ended October 31, 2025",M_USD,1723.0,194_property_plant_and_equipment_net_current_quarter_end,property_plant_and_equipment_net,property plant and equipment net,CLR,"October 31, 2025",M_USD,899.0,195_property_plant_and_equipment_net_prior_fy_end,property_plant_and_equipment_net,property plant and equipment net,CLR,"December 31, 2024",M_USD,861.0,,,,,,,,,,,,,,,,,,,,,,,,,,,,,,,,,,,,,,,,,,
950,3,"What do we obtain as the total current liabilities for FNB in December 31, 2024?",total_current_liabilities,"{""derived"": ""total_current_liabilities"", ""expanded"": {""op"": ""sum"", ""left"": {""op"": ""sum"", ""left"": {""op"": ""sum"", ""left"": {""leaf"": ""6141_accounts_payable_prior_fy_end"", ""depth"": 0}, ""right"": {""leaf"": ""6143_deferred_revenue_current_prior_fy_end"", ""depth"": 0}, ""depth"": 1}, ""right"": {""leaf"": ""6145_accrued_expenses_and_other_prior_fy_end"", ""depth"": 0}, ""depth"": 2}, ""right"": {""leaf"": ""6147_current_portion_of_long_term_debt_prior_fy_end"", ""depth"": 0}, ""depth"": 3}, ""depth"": 3}","{""kind"": ""derived_concept"", ""name"": ""total_current_liabilities"", ""depth"": 0}",3719.0,3,0,3,384677897,799334770,42,0.538,0,1,4,6141_accounts_payable_prior_fy_end,accounts_payable,accounts payable,FNB,"December 31, 2024",M_USD,1738.0,6143_deferred_revenue_current_prior_fy_end,deferred_revenue_current,deferred revenue current,FNB,"December 31, 2024",M_USD,598.0,6145_accrued_expenses_and_other_prior_fy_end,accrued_expenses_and_other,accrued expenses and other,FNB,"December 31, 2024",M_USD,1014.0,6147_current_portion_of_long_term_debt_prior_fy_end,current_portion_of_long_term_debt,current portion of long term debt,FNB,"December 31, 2024",M_USD,369.0,,,,,,,,,,,,,,,,,,,,,,,,,,,,,,,,,,,,,,,,,,,,,,,,,,,,,,,,
962,3,"Provide the net income for TRD in Three Months Ended July 31, 2024.",net_income,"{""derived"": ""net_income"", ""expanded"": {""op"": ""diff"", ""left"": {""derived"": ""income_before_taxes"", ""expanded"": {""op"": ""sum"", ""left"": {""derived"": ""operating_income"", ""expanded"": {""op"": ""diff"", ""left"": {""leaf"": ""2299_total_revenues_prior_year_quarter"", ""depth"": 0}, ""right"": {""leaf"": ""2319_total_costs_and_expenses_prior_year_quarter"", ""depth"": 0}, ""depth"": 1}, ""depth"": 1}, ""right"": {""leaf"": ""2327_other_income_expense_net_prior_year_quarter"", ""depth"": 0}, ""depth"": 2}, ""depth"": 2}, ""right"": {""leaf"": ""2331_provision_for_income_taxes_prior_year_quarter"", ""depth"": 0}, ""depth"": 3}, ""depth"": 3}","{""kind"": ""derived_concept"", ""name"": ""net_income"", ""depth"": 0}",2705.0,5,0,3,17815782,540965088,42,0.272,0,1,4,2299_total_revenues_prior_year_quarter,total_revenues,total revenues,TRD,"Three Months Ended July 31, 2024",M_USD,76385.0,2319_total_costs_and_expenses_prior_year_quarter,total_costs_and_expenses,total costs and expenses,TRD,"Three Months Ended July 31, 2024",M_USD,72615.0,2327_other_income_expense_net_prior_year_quarter,other_income_expense_net,other income expense net,TRD,"Three Months Ended July 31, 2024",M_USD,-299.0,2331_provision_for_income_taxes_prior_year_quarter,provision_for_income_taxes,provision for income taxes,TRD,"Three Months Ended July 31, 2024",M_USD,766.0,,,,,,,,,,,,,,,,,,,,,,,,,,,,,,,,,,,,,,,,,,,,,,,,,,,,,,,,
964,3,"give the net income for STR in Six Months Ended July 31, 2024 .",net_income,"{""derived"": ""net_income"", ""expanded"": {""op"": ""diff"", ""left"": {""derived"": ""income_before_taxes"", ""expanded"": {""op"": ""sum"", ""left"": {""derived"": ""operating_income"", ""expanded"": {""op"": ""diff"", ""left"": {""leaf"": ""3269_total_revenues_prior_year_ytd"", ""depth"": 0}, ""right"": {""leaf"": ""3289_total_costs_and_expenses_prior_year_ytd"", ""depth"": 0}, ""depth"": 1}, ""depth"": 1}, ""right"": {""leaf"": ""3297_other_income_expense_net_prior_year_ytd"", ""depth"": 0}, ""depth"": 2}, ""depth"": 2}, ""right"": {""leaf"": ""3301_provision_for_income_taxes_prior_year_ytd"", ""depth"": 0}, ""depth"": 3}, ""depth"": 3}","{""kind"": ""derived_concept"", ""name"": ""net_income"", ""depth"": 0}",2668.0,4,0,3,452416858,375466065,42,0.487,0,1,4,3269_total_revenues_prior_year_ytd,total_revenues,total revenues,STR,"Six Months Ended July 31, 2024",M_USD,22296.0,3289_total_costs_and_expenses_prior_year_ytd,total_costs_and_expenses,total costs and expenses,STR,"Six Months Ended July 31, 2024",M_USD,19040.0,3297_other_income_expense_net_prior_year_ytd,other_income_expense_net,other income expense net,STR,"Six Months Ended July 31, 2024",M_USD,86.0,3301_provision_for_income_taxes_prior_year_ytd,provision_for_income_taxes,provision for income taxes,STR,"Six Months Ended July 31, 2024",M_USD,674.0,,,,,,,,,,,,,,,,,,,,,,,,,,,,,,,,,,,,,,,,,,,,,,,,,,,,,,,,
982,3,"what is the net income for AST in Three Months Ended July 31, 2024 ?",net_income,"{""derived"": ""net_income"", ""expanded"": {""op"": ""diff"", ""left"": {""derived"": ""income_before_taxes"", ""expanded"": {""op"": ""sum"", ""left"": {""derived"": ""operating_income"", ""expanded"": {""op"": ""diff"", ""left"": {""leaf"": ""4811_total_revenues_prior_year_quarter"", ""depth"": 0}, ""right"": {""leaf"": ""4827_total_costs_and_expenses_prior_year_quarter"", ""depth"": 0}, ""depth"": 1}, ""depth"": 1}, ""right"": {""leaf"": ""4835_other_income_expense_net_prior_year_quarter"", ""depth"": 0}, ""depth"": 2}, ""depth"": 2}, ""right"": {""leaf"": ""4839_provision_for_income_taxes_prior_year_quarter"", ""depth"": 0}, ""depth"": 3}, ""depth"": 3}","{""kind"": ""derived_concept"", ""name"": ""net_income"", ""depth"": 0}",4558.0,4,0,3,271773678,129066052,42,0.41,0,1,4,4811_total_revenues_prior_year_quarter,total_revenues,total revenues,AST,"Three Months Ended July 31, 2024",M_USD,20623.0,4827_total_costs_and_expenses_prior_year_quarter,total_costs_and_expenses,total costs and expenses,AST,"Three Months Ended July 31, 2024",M_USD,15180.0,4835_other_income_expense_net_prior_year_quarter,other_income_expense_net,other income expense net,AST,"Three Months Ended July 31, 2024",M_USD,333.0,4839_provision_for_income_taxes_prior_year_quarter,provision_for_income_taxes,provision for income taxes,AST,"Three Months Ended July 31, 2024",M_USD,1218.0,,,,,,,,,,,,,,,,,,,,,,,,,,,,,,,,,,,,,,,,,,,,,,,,,,,,,,,,
984,3,"You should calculate the net income for BRX in Six Months Ended July 31, 2024 .",net_income,"{""derived"": ""net_income"", ""expanded"": {""op"": ""diff"", ""left"": {""derived"": ""income_before_taxes"", ""expanded"": {""op"": ""sum"", ""left"": {""derived"": ""operating_income"", ""expanded"": {""op"": ""diff"", ""left"": {""leaf"": ""471_total_revenues_prior_year_ytd"", ""depth"": 0}, ""right"": {""leaf"": ""491_total_costs_and_expenses_prior_year_ytd"", ""depth"": 0}, ""depth"": 1}, ""depth"": 1}, ""right"": {""leaf"": ""499_other_income_expense_net_prior_year_ytd"", ""depth"": 0}, ""depth"": 2}, ""depth"": 2}, ""right"": {""leaf"": ""503_provision_for_income_taxes_prior_year_ytd"", ""depth"": 0}, ""depth"": 3}, ""depth"": 3}","{""kind"": ""derived_concept"", ""name"": ""net_income"", ""depth"": 0}",24114.0,4,0,3,819164591,468101821,42,0.532,0,1,4,471_total_revenues_prior_year_ytd,total_revenues,total revenues,BRX,"Six Months Ended July 31, 2024",M_USD,136478.0,491_total_costs_and_expenses_prior_year_ytd,total_costs_and_expenses,total costs and expenses,BRX,"Six Months Ended July 31, 2024",M_USD,104996.0,499_other_income_expense_net_prior_year_ytd,other_income_expense_net,other income expense net,BRX,"Six Months Ended July 31, 2024",M_USD,682.0,503_provision_for_income_taxes_prior_year_ytd,provision_for_income_taxes,provision for income taxes,BRX,"Six Months Ended July 31, 2024",M_USD,8050.0,,,,,,,,,,,,,,,,,,,,,,,,,,,,,,,,,,,,,,,,,,,,,,,,,,,,,,,,
986,3,"calculate the difference between maximum of total non current liabilities for CRF from December 31, 2024 to October 31, 2025 and ratio of sum of total assets for CRF in December 31, 2024 and total assets for CRF in October 31, 2025 to 2.0.","diff(max(1769_total_non_current_liabilities_prior_fy_end, 1768_total_non_current_liabilities_current_quarter_end), ratio(sum(1753_total_assets_prior_fy_end, 1752_total_assets_current_quarter_end), 2.0))","{""op"": ""diff"", ""left"": {""op"": ""max"", ""left"": {""leaf"": ""1769_total_non_current_liabilities_prior_fy_end"", ""depth"": 0}, ""right"": {""leaf"": ""1768_total_non_current_liabilities_current_quarter_end"", ""depth"": 0}, ""depth"": 1}, ""right"": {""op"": ""ratio"", ""left"": {""op"": ""sum"", ""left"": {""leaf"": ""1753_total_assets_prior_fy_end"", ""depth"": 0}, ""right"": {""leaf"": ""1752_total_assets_current_quarter_end"", ""depth"": 0}, ""depth"": 1}, ""right"": {""literal"": 2.0, ""depth"": 0}, ""depth"": 2}, ""depth"": 3}","{""op"": ""diff"", ""left"": {""kind"": ""time_agg"", ""op"": ""max"", ""depth"": 0}, ""right"": {""kind"": ""time_agg"", ""op"": ""avg"", ""depth"": 0}, ""depth"": 1, ""kind"": ""node""}",-9381.0,4,1,3,6394317,862534747,42,0.255,1,2,4,1769_total_non_current_liabilities_prior_fy_end,total_non_current_liabilities,total non current liabilities,CRF,"December 31, 2024",M_USD,2439.0,1768_total_non_current_liabilities_current_quarter_end,total_non_current_liabilities,total non current liabilities,CRF,"October 31, 2025",M_USD,2378.0,1753_total_assets_prior_fy_end,total_assets,total assets,CRF,"December 31, 2024",M_USD,11969.0,1752_total_assets_current_quarter_end,total_assets,total assets,CRF,"October 31, 2025",M_USD,11671.0,,,,,,,,,,,,,,,,,,,,,,,,,,,,,,,,,,,,,,,,,,,,,,,,,,,,,,,,
1019,3,"which result follows from the total current liabilities for HRZ in April 30, 2025",total_current_liabilities,"{""derived"": ""total_current_liabilities"", ""expanded"": {""op"": ""sum"", ""left"": {""op"": ""sum"", ""left"": {""op"": ""sum"", ""left"": {""leaf"": ""7218_accounts_payable_current_quarter_end"", ""depth"": 0}, ""right"": {""leaf"": ""7220_deferred_revenue_current_current_quarter_end"", ""depth"": 0}, ""depth"": 1}, ""right"": {""leaf"": ""7222_accrued_expenses_and_other_current_quarter_end"", ""depth"": 0}, ""depth"": 2}, ""right"": {""leaf"": ""7224_current_portion_of_long_term_debt_current_quarter_end"", ""depth"": 0}, ""depth"": 3}, ""depth"": 3}","{""kind"": ""derived_concept"", ""name"": ""total_current_liabilities"", ""depth"": 0}",2241.0,4,0,3,678609084,547390634,42,0.335,0,1,4,7218_accounts_payable_current_quarter_end,accounts_payable,accounts payable,HRZ,"April 30, 2025",M_USD,1449.0,7220_deferred_revenue_current_current_quarter_end,deferred_revenue_current,deferred revenue current,HRZ,"April 30, 2025",M_USD,244.0,7222_accrued_expenses_and_other_current_quarter_end,accrued_expenses_and_other,accrued expenses and other,HRZ,"April 30, 2025",M_USD,379.0,7224_current_portion_of_long_term_debt_current_quarter_end,current_portion_of_long_term_debt,current portion of long term debt,HRZ,"April 30, 2025",M_USD,169.0,,,,,,,,,,,,,,,,,,,,,,,,,,,,,,,,,,,,,,,,,,,,,,,,,,,,,,,,
1037,3,"what would be the difference between ratio of sum of total liabilities for CRZ in December 31, 2024 and total liabilities for CRZ in October 31, 2025 to 2.0 and maximum of deferred revenue current for CRZ from December 31, 2024 to October 31, 2025?","diff(ratio(sum(5059_total_liabilities_prior_fy_end, 5058_total_liabilities_current_quarter_end), 2.0), max(5045_deferred_revenue_current_prior_fy_end, 5044_deferred_revenue_current_current_quarter_end))","{""op"": ""diff"", ""left"": {""op"": ""ratio"", ""left"": {""op"": ""sum"", ""left"": {""leaf"": ""5059_total_liabilities_prior_fy_end"", ""depth"": 0}, ""right"": {""leaf"": ""5058_total_liabilities_current_quarter_end"", ""depth"": 0}, ""depth"": 1}, ""right"": {""literal"": 2.0, ""depth"": 0}, ""depth"": 2}, ""right"": {""op"": ""max"", ""left"": {""leaf"": ""5045_deferred_revenue_current_prior_fy_end"", ""depth"": 0}, ""right"": {""leaf"": ""5044_deferred_revenue_current_current_quarter_end"", ""depth"": 0}, ""depth"": 1}, ""depth"": 3}","{""op"": ""diff"", ""left"": {""kind"": ""time_agg"", ""op"": ""avg"", ""depth"": 0}, ""right"": {""kind"": ""time_agg"", ""op"": ""max"", ""depth"": 0}, ""depth"": 1, ""kind"": ""node""}",9311.0,2,1,3,886264117,97855482,42,0.448,1,2,4,5059_total_liabilities_prior_fy_end,total_liabilities,total liabilities,CRZ,"December 31, 2024",M_USD,9563.0,5058_total_liabilities_current_quarter_end,total_liabilities,total liabilities,CRZ,"October 31, 2025",M_USD,9979.0,5045_deferred_revenue_current_prior_fy_end,deferred_revenue_current,deferred revenue current,CRZ,"December 31, 2024",M_USD,441.0,5044_deferred_revenue_current_current_quarter_end,deferred_revenue_current,deferred revenue current,CRZ,"October 31, 2025",M_USD,460.0,,,,,,,,,,,,,,,,,,,,,,,,,,,,,,,,,,,,,,,,,,,,,,,,,,,,,,,,
1044,3,"Provide the total current liabilities for TPH in October 31, 2025",total_current_liabilities,"{""derived"": ""total_current_liabilities"", ""expanded"": {""op"": ""sum"", ""left"": {""op"": ""sum"", ""left"": {""op"": ""sum"", ""left"": {""leaf"": ""2534_accounts_payable_current_quarter_end"", ""depth"": 0}, ""right"": {""leaf"": ""2536_deferred_revenue_current_current_quarter_end"", ""depth"": 0}, ""depth"": 1}, ""right"": {""leaf"": ""2538_accrued_expenses_and_other_current_quarter_end"", ""depth"": 0}, ""depth"": 2}, ""right"": {""leaf"": ""2540_current_portion_of_long_term_debt_current_quarter_end"", ""depth"": 0}, ""depth"": 3}, ""depth"": 3}","{""kind"": ""derived_concept"", ""name"": ""total_current_liabilities"", ""depth"": 0}",5955.0,2,0,3,189861387,804317942,42,0.251,0,1,4,2534_accounts_payable_current_quarter_end,accounts_payable,accounts payable,TPH,"October 31, 2025",M_USD,2223.0,2536_deferred_revenue_current_current_quarter_end,deferred_revenue_current,deferred revenue current,TPH,"October 31, 2025",M_USD,1249.0,2538_accrued_expenses_and_other_current_quarter_end,accrued_expenses_and_other,accrued expenses and other,TPH,"October 31, 2025",M_USD,1657.0,2540_current_portion_of_long_term_debt_current_quarter_end,current_portion_of_long_term_debt,current portion of long term debt,TPH,"October 31, 2025",M_USD,826.0,,,,,,,,,,,,,,,,,,,,,,,,,,,,,,,,,,,,,,,,,,,,,,,,,,,,,,,,
1084,3,"What's the value of the total current liabilities for CLR in December 31, 2024?",total_current_liabilities,"{""derived"": ""total_current_liabilities"", ""expanded"": {""op"": ""sum"", ""left"": {""op"": ""sum"", ""left"": {""op"": ""sum"", ""left"": {""leaf"": ""205_accounts_payable_prior_fy_end"", ""depth"": 0}, ""right"": {""leaf"": ""207_deferred_revenue_current_prior_fy_end"", ""depth"": 0}, ""depth"": 1}, ""right"": {""leaf"": ""209_accrued_expenses_and_other_prior_fy_end"", ""depth"": 0}, ""depth"": 2}, ""right"": {""leaf"": ""211_current_portion_of_long_term_debt_prior_fy_end"", ""depth"": 0}, ""depth"": 3}, ""depth"": 3}","{""kind"": ""derived_concept"", ""name"": ""total_current_liabilities"", ""depth"": 0}",1986.0,2,0,3,814017107,89501012,42,0.485,0,1,4,205_accounts_payable_prior_fy_end,accounts_payable,accounts payable,CLR,"December 31, 2024",M_USD,856.0,207_deferred_revenue_current_prior_fy_end,deferred_revenue_current,deferred revenue current,CLR,"December 31, 2024",M_USD,402.0,209_accrued_expenses_and_other_prior_fy_end,accrued_expenses_and_other,accrued expenses and other,CLR,"December 31, 2024",M_USD,486.0,211_current_portion_of_long_term_debt_prior_fy_end,current_portion_of_long_term_debt,current portion of long term debt,CLR,"December 31, 2024",M_USD,242.0,,,,,,,,,,,,,,,,,,,,,,,,,,,,,,,,,,,,,,,,,,,,,,,,,,,,,,,,
1087,3,"state the result of gross profit for VRX in Three Months Ended July 31, 2025 scaled by ratio of other income expense net for VRX in Three Months Ended July 31, 2025 to maximum of short term investments for VRX from December 31, 2024 to July 31, 2025","mul(gross_profit, ratio(2986_other_income_expense_net_current_quarter, max(3009_short_term_investments_prior_fy_end, 3008_short_term_investments_current_quarter_end)))","{""op"": ""mul"", ""left"": {""derived"": ""gross_profit"", ""expanded"": {""op"": ""diff"", ""left"": {""leaf"": ""2958_total_revenues_current_quarter"", ""depth"": 0}, ""right"": {""leaf"": ""2962_cost_of_sales_current_quarter"", ""depth"": 0}, ""depth"": 1}, ""depth"": 1}, ""right"": {""op"": ""ratio"", ""left"": {""leaf"": ""2986_other_income_expense_net_current_quarter"", ""depth"": 0}, ""right"": {""op"": ""max"", ""left"": {""leaf"": ""3009_short_term_investments_prior_fy_end"", ""depth"": 0}, ""right"": {""leaf"": ""3008_short_term_investments_current_quarter_end"", ""depth"": 0}, ""depth"": 1}, ""depth"": 2}, ""depth"": 3}","{""op"": ""mul"", ""left"": {""kind"": ""derived_concept"", ""name"": ""gross_profit"", ""depth"": 0}, ""right"": {""op"": ""ratio"", ""left"": {""kind"": ""leaf"", ""semantic_type_in"": [""amount""], ""depth"": 0}, ""right"": {""kind"": ""time_agg"", ""op"": ""max"", ""depth"": 0}, ""depth"": 1, ""kind"": ""node""}, ""depth"": 2, ""kind"": ""node""}",-919.4600338082588,5,2,3,383556015,804940766,42,0.377,2,3,5,2958_total_revenues_current_quarter,total_revenues,total revenues,VRX,"Three Months Ended July 31, 2025",M_USD,18964.0,2962_cost_of_sales_current_quarter,cost_of_sales,cost of sales,VRX,"Three Months Ended July 31, 2025",M_USD,6915.0,2986_other_income_expense_net_current_quarter,other_income_expense_net,other income expense net,VRX,"Three Months Ended July 31, 2025",M_USD,-316.0,3009_short_term_investments_prior_fy_end,short_term_investments,short term investments,VRX,"December 31, 2024",M_USD,3931.0,3008_short_term_investments_current_quarter_end,short_term_investments,short term investments,VRX,"July 31, 2025",M_USD,4141.0,,,,,,,,,,,,,,,,,,,,,,,,,,,,,,,,,,,,,,,,,,,,,,,,,
1104,3,"state the total current liabilities for TRU in December 31, 2024",total_current_liabilities,"{""derived"": ""total_current_liabilities"", ""expanded"": {""op"": ""sum"", ""left"": {""op"": ""sum"", ""left"": {""op"": ""sum"", ""left"": {""leaf"": ""873_accounts_payable_prior_fy_end"", ""depth"": 0}, ""right"": {""leaf"": ""875_deferred_revenue_current_prior_fy_end"", ""depth"": 0}, ""depth"": 1}, ""right"": {""leaf"": ""877_accrued_expenses_and_other_prior_fy_end"", ""depth"": 0}, ""depth"": 2}, ""right"": {""leaf"": ""879_current_portion_of_long_term_debt_prior_fy_end"", ""depth"": 0}, ""depth"": 3}, ""depth"": 3}","{""kind"": ""derived_concept"", ""name"": ""total_current_liabilities"", ""depth"": 0}",6768.0,3,0,3,413333722,445573692,42,0.506,0,1,4,873_accounts_payable_prior_fy_end,accounts_payable,accounts payable,TRU,"December 31, 2024",M_USD,3756.0,875_deferred_revenue_current_prior_fy_end,deferred_revenue_current,deferred revenue current,TRU,"December 31, 2024",M_USD,989.0,877_accrued_expenses_and_other_prior_fy_end,accrued_expenses_and_other,accrued expenses and other,TRU,"December 31, 2024",M_USD,1149.0,879_current_portion_of_long_term_debt_prior_fy_end,current_portion_of_long_term_debt,current portion of long term debt,TRU,"December 31, 2024",M_USD,874.0,,,,,,,,,,,,,,,,,,,,,,,,,,,,,,,,,,,,,,,,,,,,,,,,,,,,,,,,
1105,3,"what would be the net income for FAB in Six Months Ended July 31, 2025",net_income,"{""derived"": ""net_income"", ""expanded"": {""op"": ""diff"", ""left"": {""derived"": ""income_before_taxes"", ""expanded"": {""op"": ""sum"", ""left"": {""derived"": ""operating_income"", ""expanded"": {""op"": ""diff"", ""left"": {""leaf"": ""3796_total_revenues_current_ytd"", ""depth"": 0}, ""right"": {""leaf"": ""3816_total_costs_and_expenses_current_ytd"", ""depth"": 0}, ""depth"": 1}, ""depth"": 1}, ""right"": {""leaf"": ""3824_other_income_expense_net_current_ytd"", ""depth"": 0}, ""depth"": 2}, ""depth"": 2}, ""right"": {""leaf"": ""3828_provision_for_income_taxes_current_ytd"", ""depth"": 0}, ""depth"": 3}, ""depth"": 3}","{""kind"": ""derived_concept"", ""name"": ""net_income"", ""depth"": 0}",9660.0,5,0,3,520681692,52805916,42,0.159,0,1,4,3796_total_revenues_current_ytd,total_revenues,total revenues,FAB,"Six Months Ended July 31, 2025",M_USD,59564.0,3816_total_costs_and_expenses_current_ytd,total_costs_and_expenses,total costs and expenses,FAB,"Six Months Ended July 31, 2025",M_USD,46710.0,3824_other_income_expense_net_current_ytd,other_income_expense_net,other income expense net,FAB,"Six Months Ended July 31, 2025",M_USD,-440.0,3828_provision_for_income_taxes_current_ytd,provision_for_income_taxes,provision for income taxes,FAB,"Six Months Ended July 31, 2025",M_USD,2754.0,,,,,,,,,,,,,,,,,,,,,,,,,,,,,,,,,,,,,,,,,,,,,,,,,,,,,,,,
1110,3,"determine the net income for WHL in Six Months Ended July 31, 2024",net_income,"{""derived"": ""net_income"", ""expanded"": {""op"": ""diff"", ""left"": {""derived"": ""income_before_taxes"", ""expanded"": {""op"": ""sum"", ""left"": {""derived"": ""operating_income"", ""expanded"": {""op"": ""diff"", ""left"": {""leaf"": ""7301_total_revenues_prior_year_ytd"", ""depth"": 0}, ""right"": {""leaf"": ""7321_total_costs_and_expenses_prior_year_ytd"", ""depth"": 0}, ""depth"": 1}, ""depth"": 1}, ""right"": {""leaf"": ""7329_other_income_expense_net_prior_year_ytd"", ""depth"": 0}, ""depth"": 2}, ""depth"": 2}, ""right"": {""leaf"": ""7333_provision_for_income_taxes_prior_year_ytd"", ""depth"": 0}, ""depth"": 3}, ""depth"": 3}","{""kind"": ""derived_concept"", ""name"": ""net_income"", ""depth"": 0}",1886.0,5,0,3,176378358,525129302,42,0.39,0,1,4,7301_total_revenues_prior_year_ytd,total_revenues,total revenues,WHL,"Six Months Ended July 31, 2024",M_USD,34454.0,7321_total_costs_and_expenses_prior_year_ytd,total_costs_and_expenses,total costs and expenses,WHL,"Six Months Ended July 31, 2024",M_USD,32184.0,7329_other_income_expense_net_prior_year_ytd,other_income_expense_net,other income expense net,WHL,"Six Months Ended July 31, 2024",M_USD,104.0,7333_provision_for_income_taxes_prior_year_ytd,provision_for_income_taxes,provision for income taxes,WHL,"Six Months Ended July 31, 2024",M_USD,488.0,,,,,,,,,,,,,,,,,,,,,,,,,,,,,,,,,,,,,,,,,,,,,,,,,,,,,,,,
1128,3,"calculate the total current liabilities for PLZ in July 31, 2025",total_current_liabilities,"{""derived"": ""total_current_liabilities"", ""expanded"": {""op"": ""sum"", ""left"": {""op"": ""sum"", ""left"": {""op"": ""sum"", ""left"": {""leaf"": ""2074_accounts_payable_current_quarter_end"", ""depth"": 0}, ""right"": {""leaf"": ""2076_deferred_revenue_current_current_quarter_end"", ""depth"": 0}, ""depth"": 1}, ""right"": {""leaf"": ""2078_accrued_expenses_and_other_current_quarter_end"", ""depth"": 0}, ""depth"": 2}, ""right"": {""leaf"": ""2080_current_portion_of_long_term_debt_current_quarter_end"", ""depth"": 0}, ""depth"": 3}, ""depth"": 3}","{""kind"": ""derived_concept"", ""name"": ""total_current_liabilities"", ""depth"": 0}",33269.0,4,0,3,722172411,628603568,42,0.325,0,1,4,2074_accounts_payable_current_quarter_end,accounts_payable,accounts payable,PLZ,"July 31, 2025",M_USD,22287.0,2076_deferred_revenue_current_current_quarter_end,deferred_revenue_current,deferred revenue current,PLZ,"July 31, 2025",M_USD,3829.0,2078_accrued_expenses_and_other_current_quarter_end,accrued_expenses_and_other,accrued expenses and other,PLZ,"July 31, 2025",M_USD,4695.0,2080_current_portion_of_long_term_debt_current_quarter_end,current_portion_of_long_term_debt,current portion of long term debt,PLZ,"July 31, 2025",M_USD,2458.0,,,,,,,,,,,,,,,,,,,,,,,,,,,,,,,,,,,,,,,,,,,,,,,,,,,,,,,,
1129,3,"state the net income for TRD in Six Months Ended July 31, 2025.",net_income,"{""derived"": ""net_income"", ""expanded"": {""op"": ""diff"", ""left"": {""derived"": ""income_before_taxes"", ""expanded"": {""op"": ""sum"", ""left"": {""derived"": ""operating_income"", ""expanded"": {""op"": ""diff"", ""left"": {""leaf"": ""2300_total_revenues_current_ytd"", ""depth"": 0}, ""right"": {""leaf"": ""2320_total_costs_and_expenses_current_ytd"", ""depth"": 0}, ""depth"": 1}, ""depth"": 1}, ""right"": {""leaf"": ""2328_other_income_expense_net_current_ytd"", ""depth"": 0}, ""depth"": 2}, ""depth"": 2}, ""right"": {""leaf"": ""2332_provision_for_income_taxes_current_ytd"", ""depth"": 0}, ""depth"": 3}, ""depth"": 3}","{""kind"": ""derived_concept"", ""name"": ""net_income"", ""depth"": 0}",5126.0,4,0,3,48762019,228227422,42,0.186,0,1,4,2300_total_revenues_current_ytd,total_revenues,total revenues,TRD,"Six Months Ended July 31, 2025",M_USD,144708.0,2320_total_costs_and_expenses_current_ytd,total_costs_and_expenses,total costs and expenses,TRD,"Six Months Ended July 31, 2025",M_USD,137564.0,2328_other_income_expense_net_current_ytd,other_income_expense_net,other income expense net,TRD,"Six Months Ended July 31, 2025",M_USD,-566.0,2332_provision_for_income_taxes_current_ytd,provision_for_income_taxes,provision for income taxes,TRD,"Six Months Ended July 31, 2025",M_USD,1452.0,,,,,,,,,,,,,,,,,,,,,,,,,,,,,,,,,,,,,,,,,,,,,,,,,,,,,,,,
1159,3,"Provide the net income for STR in Six Months Ended July 31, 2024 .",net_income,"{""derived"": ""net_income"", ""expanded"": {""op"": ""diff"", ""left"": {""derived"": ""income_before_taxes"", ""expanded"": {""op"": ""sum"", ""left"": {""derived"": ""operating_income"", ""expanded"": {""op"": ""diff"", ""left"": {""leaf"": ""3269_total_revenues_prior_year_ytd"", ""depth"": 0}, ""right"": {""leaf"": ""3289_total_costs_and_expenses_prior_year_ytd"", ""depth"": 0}, ""depth"": 1}, ""depth"": 1}, ""right"": {""leaf"": ""3297_other_income_expense_net_prior_year_ytd"", ""depth"": 0}, ""depth"": 2}, ""depth"": 2}, ""right"": {""leaf"": ""3301_provision_for_income_taxes_prior_year_ytd"", ""depth"": 0}, ""depth"": 3}, ""depth"": 3}","{""kind"": ""derived_concept"", ""name"": ""net_income"", ""depth"": 0}",2668.0,5,0,3,211506278,136563379,42,0.484,0,1,4,3269_total_revenues_prior_year_ytd,total_revenues,total revenues,STR,"Six Months Ended July 31, 2024",M_USD,22296.0,3289_total_costs_and_expenses_prior_year_ytd,total_costs_and_expenses,total costs and expenses,STR,"Six Months Ended July 31, 2024",M_USD,19040.0,3297_other_income_expense_net_prior_year_ytd,other_income_expense_net,other income expense net,STR,"Six Months Ended July 31, 2024",M_USD,86.0,3301_provision_for_income_taxes_prior_year_ytd,provision_for_income_taxes,provision for income taxes,STR,"Six Months Ended July 31, 2024",M_USD,674.0,,,,,,,,,,,,,,,,,,,,,,,,,,,,,,,,,,,,,,,,,,,,,,,,,,,,,,,,
1176,3,"you should give the result of minimum of other non current assets for SKY from December 31, 2024 to April 30, 2025 scaled by growth between provision for income taxes for SKY in Three Months Ended April 30, 2024 and gross profit for SKY in Three Months Ended April 30, 2025.","mul(min(5854_other_non_current_assets_current_quarter_end, 5855_other_non_current_assets_prior_fy_end), growth(5829_provision_for_income_taxes_prior_year_quarter, gross_profit))","{""op"": ""mul"", ""left"": {""op"": ""min"", ""left"": {""leaf"": ""5854_other_non_current_assets_current_quarter_end"", ""depth"": 0}, ""right"": {""leaf"": ""5855_other_non_current_assets_prior_fy_end"", ""depth"": 0}, ""depth"": 1}, ""right"": {""op"": ""growth"", ""left"": {""leaf"": ""5829_provision_for_income_taxes_prior_year_quarter"", ""depth"": 0}, ""right"": {""derived"": ""gross_profit"", ""expanded"": {""op"": ""diff"", ""left"": {""leaf"": ""5814_total_revenues_current_quarter"", ""depth"": 0}, ""right"": {""leaf"": ""5816_cost_of_sales_current_quarter"", ""depth"": 0}, ""depth"": 1}, ""depth"": 1}, ""depth"": 2}, ""depth"": 3}","{""op"": ""mul"", ""left"": {""kind"": ""time_agg"", ""op"": ""min"", ""depth"": 0}, ""right"": {""op"": ""growth"", ""left"": {""kind"": ""leaf"", ""semantic_type_in"": [""amount""], ""depth"": 0}, ""right"": {""kind"": ""derived_concept"", ""name"": ""gross_profit"", ""depth"": 0}, ""depth"": 1, ""kind"": ""node""}, ""depth"": 2, ""kind"": ""node""}",-283.425118858954,5,2,3,634645687,590139010,42,0.542,2,3,5,5854_other_non_current_assets_current_quarter_end,other_non_current_assets,other non current assets,SKY,"April 30, 2025",M_USD,315.0,5855_other_non_current_assets_prior_fy_end,other_non_current_assets,other non current assets,SKY,"December 31, 2024",M_USD,317.0,5829_provision_for_income_taxes_prior_year_quarter,provision_for_income_taxes,provision for income taxes,SKY,"Three Months Ended April 30, 2024",M_USD,253.0,5814_total_revenues_current_quarter,total_revenues,total revenues,SKY,"Three Months Ended April 30, 2025",M_USD,10015.0,5816_cost_of_sales_current_quarter,cost_of_sales,cost of sales,SKY,"Three Months Ended April 30, 2025",M_USD,7491.0,,,,,,,,,,,,,,,,,,,,,,,,,,,,,,,,,,,,,,,,,,,,,,,,,
1179,3,"state the net income for TXN in Three Months Ended April 30, 2025.",net_income,"{""derived"": ""net_income"", ""expanded"": {""op"": ""diff"", ""left"": {""derived"": ""income_before_taxes"", ""expanded"": {""op"": ""sum"", ""left"": {""derived"": ""operating_income"", ""expanded"": {""op"": ""diff"", ""left"": {""leaf"": ""7584_total_revenues_current_quarter"", ""depth"": 0}, ""right"": {""leaf"": ""7594_total_costs_and_expenses_current_quarter"", ""depth"": 0}, ""depth"": 1}, ""depth"": 1}, ""right"": {""leaf"": ""7598_other_income_expense_net_current_quarter"", ""depth"": 0}, ""depth"": 2}, ""depth"": 2}, ""right"": {""leaf"": ""7600_provision_for_income_taxes_current_quarter"", ""depth"": 0}, ""depth"": 3}, ""depth"": 3}","{""kind"": ""derived_concept"", ""name"": ""net_income"", ""depth"": 0}",13589.0,5,0,3,803292011,675708191,42,0.47,0,1,4,7584_total_revenues_current_quarter,total_revenues,total revenues,TXN,"Three Months Ended April 30, 2025",M_USD,54312.0,7594_total_costs_and_expenses_current_quarter,total_costs_and_expenses,total costs and expenses,TXN,"Three Months Ended April 30, 2025",M_USD,35625.0,7598_other_income_expense_net_current_quarter,other_income_expense_net,other income expense net,TXN,"Three Months Ended April 30, 2025",M_USD,135.0,7600_provision_for_income_taxes_current_quarter,provision_for_income_taxes,provision for income taxes,TXN,"Three Months Ended April 30, 2025",M_USD,5233.0,,,,,,,,,,,,,,,,,,,,,,,,,,,,,,,,,,,,,,,,,,,,,,,,,,,,,,,,
1227,3,"may you give the total current liabilities for PRD in December 31, 2024 ?",total_current_liabilities,"{""derived"": ""total_current_liabilities"", ""expanded"": {""op"": ""sum"", ""left"": {""op"": ""sum"", ""left"": {""op"": ""sum"", ""left"": {""leaf"": ""1915_accounts_payable_prior_fy_end"", ""depth"": 0}, ""right"": {""leaf"": ""1917_deferred_revenue_current_prior_fy_end"", ""depth"": 0}, ""depth"": 1}, ""right"": {""leaf"": ""1919_accrued_expenses_and_other_prior_fy_end"", ""depth"": 0}, ""depth"": 2}, ""right"": {""leaf"": ""1921_current_portion_of_long_term_debt_prior_fy_end"", ""depth"": 0}, ""depth"": 3}, ""depth"": 3}","{""kind"": ""derived_concept"", ""name"": ""total_current_liabilities"", ""depth"": 0}",10276.0,2,0,3,674303498,20698267,42,0.508,0,1,4,1915_accounts_payable_prior_fy_end,accounts_payable,accounts payable,PRD,"December 31, 2024",M_USD,6420.0,1917_deferred_revenue_current_prior_fy_end,deferred_revenue_current,deferred revenue current,PRD,"December 31, 2024",M_USD,1284.0,1919_accrued_expenses_and_other_prior_fy_end,accrued_expenses_and_other,accrued expenses and other,PRD,"December 31, 2024",M_USD,1502.0,1921_current_portion_of_long_term_debt_prior_fy_end,current_portion_of_long_term_debt,current portion of long term debt,PRD,"December 31, 2024",M_USD,1070.0,,,,,,,,,,,,,,,,,,,,,,,,,,,,,,,,,,,,,,,,,,,,,,,,,,,,,,,,
1230,3,"What's the value of the total current liabilities for CLD in April 30, 2025 ?",total_current_liabilities,"{""derived"": ""total_current_liabilities"", ""expanded"": {""op"": ""sum"", ""left"": {""op"": ""sum"", ""left"": {""op"": ""sum"", ""left"": {""leaf"": ""3182_accounts_payable_current_quarter_end"", ""depth"": 0}, ""right"": {""leaf"": ""3184_deferred_revenue_current_current_quarter_end"", ""depth"": 0}, ""depth"": 1}, ""right"": {""leaf"": ""3186_accrued_expenses_and_other_current_quarter_end"", ""depth"": 0}, ""depth"": 2}, ""right"": {""leaf"": ""3188_current_portion_of_long_term_debt_current_quarter_end"", ""depth"": 0}, ""depth"": 3}, ""depth"": 3}","{""kind"": ""derived_concept"", ""name"": ""total_current_liabilities"", ""depth"": 0}",5408.0,2,0,3,546311690,533574038,42,0.535,0,1,4,3182_accounts_payable_current_quarter_end,accounts_payable,accounts payable,CLD,"April 30, 2025",M_USD,3377.0,3184_deferred_revenue_current_current_quarter_end,deferred_revenue_current,deferred revenue current,CLD,"April 30, 2025",M_USD,324.0,3186_accrued_expenses_and_other_current_quarter_end,accrued_expenses_and_other,accrued expenses and other,CLD,"April 30, 2025",M_USD,966.0,3188_current_portion_of_long_term_debt_current_quarter_end,current_portion_of_long_term_debt,current portion of long term debt,CLD,"April 30, 2025",M_USD,741.0,,,,,,,,,,,,,,,,,,,,,,,,,,,,,,,,,,,,,,,,,,,,,,,,,,,,,,,,
1256,3,"what would be the net income for CRZ in Nine Months Ended October 31, 2024 ?",net_income,"{""derived"": ""net_income"", ""expanded"": {""op"": ""diff"", ""left"": {""derived"": ""income_before_taxes"", ""expanded"": {""op"": ""sum"", ""left"": {""derived"": ""operating_income"", ""expanded"": {""op"": ""diff"", ""left"": {""leaf"": ""4977_total_revenues_prior_year_ytd"", ""depth"": 0}, ""right"": {""leaf"": ""4993_total_costs_and_expenses_prior_year_ytd"", ""depth"": 0}, ""depth"": 1}, ""depth"": 1}, ""right"": {""leaf"": ""5001_other_income_expense_net_prior_year_ytd"", ""depth"": 0}, ""depth"": 2}, ""depth"": 2}, ""right"": {""leaf"": ""5005_provision_for_income_taxes_prior_year_ytd"", ""depth"": 0}, ""depth"": 3}, ""depth"": 3}","{""kind"": ""derived_concept"", ""name"": ""net_income"", ""depth"": 0}",4215.0,5,0,3,940909381,262556792,42,0.395,0,1,4,4977_total_revenues_prior_year_ytd,total_revenues,total revenues,CRZ,"Nine Months Ended October 31, 2024",M_USD,26211.0,4993_total_costs_and_expenses_prior_year_ytd,total_costs_and_expenses,total costs and expenses,CRZ,"Nine Months Ended October 31, 2024",M_USD,20250.0,5001_other_income_expense_net_prior_year_ytd,other_income_expense_net,other income expense net,CRZ,"Nine Months Ended October 31, 2024",M_USD,-573.0,5005_provision_for_income_taxes_prior_year_ytd,provision_for_income_taxes,provision for income taxes,CRZ,"Nine Months Ended October 31, 2024",M_USD,1173.0,,,,,,,,,,,,,,,,,,,,,,,,,,,,,,,,,,,,,,,,,,,,,,,,,,,,,,,,
1262,3,"state the total current liabilities for VRX in July 31, 2025.",total_current_liabilities,"{""derived"": ""total_current_liabilities"", ""expanded"": {""op"": ""sum"", ""left"": {""op"": ""sum"", ""left"": {""op"": ""sum"", ""left"": {""leaf"": ""3030_accounts_payable_current_quarter_end"", ""depth"": 0}, ""right"": {""leaf"": ""3032_deferred_revenue_current_current_quarter_end"", ""depth"": 0}, ""depth"": 1}, ""right"": {""leaf"": ""3034_accrued_expenses_and_other_current_quarter_end"", ""depth"": 0}, ""depth"": 2}, ""right"": {""leaf"": ""3036_current_portion_of_long_term_debt_current_quarter_end"", ""depth"": 0}, ""depth"": 3}, ""depth"": 3}","{""kind"": ""derived_concept"", ""name"": ""total_current_liabilities"", ""depth"": 0}",6735.0,2,0,3,753632773,643803729,42,0.222,0,1,4,3030_accounts_payable_current_quarter_end,accounts_payable,accounts payable,VRX,"July 31, 2025",M_USD,4265.0,3032_deferred_revenue_current_current_quarter_end,deferred_revenue_current,deferred revenue current,VRX,"July 31, 2025",M_USD,1091.0,3034_accrued_expenses_and_other_current_quarter_end,accrued_expenses_and_other,accrued expenses and other,VRX,"July 31, 2025",M_USD,836.0,3036_current_portion_of_long_term_debt_current_quarter_end,current_portion_of_long_term_debt,current portion of long term debt,VRX,"July 31, 2025",M_USD,543.0,,,,,,,,,,,,,,,,,,,,,,,,,,,,,,,,,,,,,,,,,,,,,,,,,,,,,,,,
1322,3,"May you give the net income for QRK in Three Months Ended April 30, 2026 ?",net_income,"{""derived"": ""net_income"", ""expanded"": {""op"": ""diff"", ""left"": {""derived"": ""income_before_taxes"", ""expanded"": {""op"": ""sum"", ""left"": {""derived"": ""operating_income"", ""expanded"": {""op"": ""diff"", ""left"": {""leaf"": ""3442_total_revenues_current_quarter"", ""depth"": 0}, ""right"": {""leaf"": ""3462_total_costs_and_expenses_current_quarter"", ""depth"": 0}, ""depth"": 1}, ""depth"": 1}, ""right"": {""leaf"": ""3470_other_income_expense_net_current_quarter"", ""depth"": 0}, ""depth"": 2}, ""depth"": 2}, ""right"": {""leaf"": ""3474_provision_for_income_taxes_current_quarter"", ""depth"": 0}, ""depth"": 3}, ""depth"": 3}","{""kind"": ""derived_concept"", ""name"": ""net_income"", ""depth"": 0}",26594.0,5,0,3,422923423,461691595,42,0.134,0,1,4,3442_total_revenues_current_quarter,total_revenues,total revenues,QRK,"Three Months Ended April 30, 2026",M_USD,74441.0,3462_total_costs_and_expenses_current_quarter,total_costs_and_expenses,total costs and expenses,QRK,"Three Months Ended April 30, 2026",M_USD,43127.0,3470_other_income_expense_net_current_quarter,other_income_expense_net,other income expense net,QRK,"Three Months Ended April 30, 2026",M_USD,705.0,3474_provision_for_income_taxes_current_quarter,provision_for_income_taxes,provision for income taxes,QRK,"Three Months Ended April 30, 2026",M_USD,5425.0,,,,,,,,,,,,,,,,,,,,,,,,,,,,,,,,,,,,,,,,,,,,,,,,,,,,,,,,
1324,3,"may you calculate the total current liabilities for PLZ in July 31, 2025?",total_current_liabilities,"{""derived"": ""total_current_liabilities"", ""expanded"": {""op"": ""sum"", ""left"": {""op"": ""sum"", ""left"": {""op"": ""sum"", ""left"": {""leaf"": ""2074_accounts_payable_current_quarter_end"", ""depth"": 0}, ""right"": {""leaf"": ""2076_deferred_revenue_current_current_quarter_end"", ""depth"": 0}, ""depth"": 1}, ""right"": {""leaf"": ""2078_accrued_expenses_and_other_current_quarter_end"", ""depth"": 0}, ""depth"": 2}, ""right"": {""leaf"": ""2080_current_portion_of_long_term_debt_current_quarter_end"", ""depth"": 0}, ""depth"": 3}, ""depth"": 3}","{""kind"": ""derived_concept"", ""name"": ""total_current_liabilities"", ""depth"": 0}",33269.0,3,0,3,443801398,822332681,42,0.297,0,1,4,2074_accounts_payable_current_quarter_end,accounts_payable,accounts payable,PLZ,"July 31, 2025",M_USD,22287.0,2076_deferred_revenue_current_current_quarter_end,deferred_revenue_current,deferred revenue current,PLZ,"July 31, 2025",M_USD,3829.0,2078_accrued_expenses_and_other_current_quarter_end,accrued_expenses_and_other,accrued expenses and other,PLZ,"July 31, 2025",M_USD,4695.0,2080_current_portion_of_long_term_debt_current_quarter_end,current_portion_of_long_term_debt,current portion of long term debt,PLZ,"July 31, 2025",M_USD,2458.0,,,,,,,,,,,,,,,,,,,,,,,,,,,,,,,,,,,,,,,,,,,,,,,,,,,,,,,,
1330,3,"Determine the net income for WNG in Three Months Ended April 30, 2024",net_income,"{""derived"": ""net_income"", ""expanded"": {""op"": ""diff"", ""left"": {""derived"": ""income_before_taxes"", ""expanded"": {""op"": ""sum"", ""left"": {""derived"": ""operating_income"", ""expanded"": {""op"": ""diff"", ""left"": {""leaf"": ""7459_total_revenues_prior_year_quarter"", ""depth"": 0}, ""right"": {""leaf"": ""7467_total_costs_and_expenses_prior_year_quarter"", ""depth"": 0}, ""depth"": 1}, ""depth"": 1}, ""right"": {""leaf"": ""7471_other_income_expense_net_prior_year_quarter"", ""depth"": 0}, ""depth"": 2}, ""depth"": 2}, ""right"": {""leaf"": ""7473_provision_for_income_taxes_prior_year_quarter"", ""depth"": 0}, ""depth"": 3}, ""depth"": 3}","{""kind"": ""derived_concept"", ""name"": ""net_income"", ""depth"": 0}",1692.0,4,0,3,359862475,855795808,42,0.226,0,1,4,7459_total_revenues_prior_year_quarter,total_revenues,total revenues,WNG,"Three Months Ended April 30, 2024",M_USD,13673.0,7467_total_costs_and_expenses_prior_year_quarter,total_costs_and_expenses,total costs and expenses,WNG,"Three Months Ended April 30, 2024",M_USD,11038.0,7471_other_income_expense_net_prior_year_quarter,other_income_expense_net,other income expense net,WNG,"Three Months Ended April 30, 2024",M_USD,-481.0,7473_provision_for_income_taxes_prior_year_quarter,provision_for_income_taxes,provision for income taxes,WNG,"Three Months Ended April 30, 2024",M_USD,462.0,,,,,,,,,,,,,,,,,,,,,,,,,,,,,,,,,,,,,,,,,,,,,,,,,,,,,,,,
1333,3,"May you calculate the net income for PLX in Nine Months Ended July 31, 2026 ?",net_income,"{""derived"": ""net_income"", ""expanded"": {""op"": ""diff"", ""left"": {""derived"": ""income_before_taxes"", ""expanded"": {""op"": ""sum"", ""left"": {""derived"": ""operating_income"", ""expanded"": {""op"": ""diff"", ""left"": {""leaf"": ""4208_total_revenues_current_ytd"", ""depth"": 0}, ""right"": {""leaf"": ""4228_total_costs_and_expenses_current_ytd"", ""depth"": 0}, ""depth"": 1}, ""depth"": 1}, ""right"": {""leaf"": ""4236_other_income_expense_net_current_ytd"", ""depth"": 0}, ""depth"": 2}, ""depth"": 2}, ""right"": {""leaf"": ""4240_provision_for_income_taxes_current_ytd"", ""depth"": 0}, ""depth"": 3}, ""depth"": 3}","{""kind"": ""derived_concept"", ""name"": ""net_income"", ""depth"": 0}",21024.0,5,0,3,816653160,754398869,42,0.437,0,1,4,4208_total_revenues_current_ytd,total_revenues,total revenues,PLX,"Nine Months Ended July 31, 2026",M_USD,55560.0,4228_total_costs_and_expenses_current_ytd,total_costs_and_expenses,total costs and expenses,PLX,"Nine Months Ended July 31, 2026",M_USD,31059.0,4236_other_income_expense_net_current_ytd,other_income_expense_net,other income expense net,PLX,"Nine Months Ended July 31, 2026",M_USD,834.0,4240_provision_for_income_taxes_current_ytd,provision_for_income_taxes,provision for income taxes,PLX,"Nine Months Ended July 31, 2026",M_USD,4311.0,,,,,,,,,,,,,,,,,,,,,,,,,,,,,,,,,,,,,,,,,,,,,,,,,,,,,,,,
1339,3,"calculate the sum of free cash flow for BLD in Six Months Ended July 31, 2024 and ratio of sum of research and development for BLD in Six Months Ended July 31, 2024 and research and development for BLD in Six Months Ended July 31, 2025 to 2.0 .","sum(free_cash_flow, ratio(sum(2653_research_and_development_prior_year_ytd, 2652_research_and_development_current_ytd), 2.0))","{""op"": ""sum"", ""left"": {""derived"": ""free_cash_flow"", ""expanded"": {""op"": ""sum"", ""left"": {""leaf"": ""2733_net_cash_from_operating_prior_ytd"", ""depth"": 0}, ""right"": {""leaf"": ""2735_capital_expenditures_prior_ytd"", ""depth"": 0}, ""depth"": 1}, ""depth"": 1}, ""right"": {""op"": ""ratio"", ""left"": {""op"": ""sum"", ""left"": {""leaf"": ""2653_research_and_development_prior_year_ytd"", ""depth"": 0}, ""right"": {""leaf"": ""2652_research_and_development_current_ytd"", ""depth"": 0}, ""depth"": 1}, ""right"": {""literal"": 2.0, ""depth"": 0}, ""depth"": 2}, ""depth"": 3}","{""op"": ""sum"", ""left"": {""kind"": ""derived_concept"", ""name"": ""free_cash_flow"", ""depth"": 0}, ""right"": {""kind"": ""time_agg"", ""op"": ""avg"", ""depth"": 0}, ""depth"": 1, ""kind"": ""node""}",1691.0,3,1,3,108559589,859073954,42,0.471,1,2,4,2733_net_cash_from_operating_prior_ytd,net_cash_from_operating,net cash from operating,BLD,"Six Months Ended July 31, 2024",M_USD,2250.0,2735_capital_expenditures_prior_ytd,capital_expenditures,capital expenditures,BLD,"Six Months Ended July 31, 2024",M_USD,-652.0,2653_research_and_development_prior_year_ytd,research_and_development,research and development,BLD,"Six Months Ended July 31, 2024",M_USD,98.0,2652_research_and_development_current_ytd,research_and_development,research and development,BLD,"Six Months Ended July 31, 2025",M_USD,88.0,,,,,,,,,,,,,,,,,,,,,,,,,,,,,,,,,,,,,,,,,,,,,,,,,,,,,,,,
1353,3,"what do we obtain as the total current liabilities for GBL in April 30, 2025?",total_current_liabilities,"{""derived"": ""total_current_liabilities"", ""expanded"": {""op"": ""sum"", ""left"": {""op"": ""sum"", ""left"": {""op"": ""sum"", ""left"": {""leaf"": ""6812_accounts_payable_current_quarter_end"", ""depth"": 0}, ""right"": {""leaf"": ""6814_deferred_revenue_current_current_quarter_end"", ""depth"": 0}, ""depth"": 1}, ""right"": {""leaf"": ""6816_accrued_expenses_and_other_current_quarter_end"", ""depth"": 0}, ""depth"": 2}, ""right"": {""leaf"": ""6818_current_portion_of_long_term_debt_current_quarter_end"", ""depth"": 0}, ""depth"": 3}, ""depth"": 3}","{""kind"": ""derived_concept"", ""name"": ""total_current_liabilities"", ""depth"": 0}",22326.0,5,0,3,926805011,791757729,42,0.476,0,1,4,6812_accounts_payable_current_quarter_end,accounts_payable,accounts payable,GBL,"April 30, 2025",M_USD,16988.0,6814_deferred_revenue_current_current_quarter_end,deferred_revenue_current,deferred revenue current,GBL,"April 30, 2025",M_USD,1664.0,6816_accrued_expenses_and_other_current_quarter_end,accrued_expenses_and_other,accrued expenses and other,GBL,"April 30, 2025",M_USD,1732.0,6818_current_portion_of_long_term_debt_current_quarter_end,current_portion_of_long_term_debt,current portion of long term debt,GBL,"April 30, 2025",M_USD,1942.0,,,,,,,,,,,,,,,,,,,,,,,,,,,,,,,,,,,,,,,,,,,,,,,,,,,,,,,,
1396,3,"You should give the total current liabilities for TPH in December 31, 2024.",total_current_liabilities,"{""derived"": ""total_current_liabilities"", ""expanded"": {""op"": ""sum"", ""left"": {""op"": ""sum"", ""left"": {""op"": ""sum"", ""left"": {""leaf"": ""2535_accounts_payable_prior_fy_end"", ""depth"": 0}, ""right"": {""leaf"": ""2537_deferred_revenue_current_prior_fy_end"", ""depth"": 0}, ""depth"": 1}, ""right"": {""leaf"": ""2539_accrued_expenses_and_other_prior_fy_end"", ""depth"": 0}, ""depth"": 2}, ""right"": {""leaf"": ""2541_current_portion_of_long_term_debt_prior_fy_end"", ""depth"": 0}, ""depth"": 3}, ""depth"": 3}","{""kind"": ""derived_concept"", ""name"": ""total_current_liabilities"", ""depth"": 0}",5848.0,4,0,3,784784378,638302509,42,0.6,0,1,4,2535_accounts_payable_prior_fy_end,accounts_payable,accounts payable,TPH,"December 31, 2024",M_USD,2183.0,2537_deferred_revenue_current_prior_fy_end,deferred_revenue_current,deferred revenue current,TPH,"December 31, 2024",M_USD,1227.0,2539_accrued_expenses_and_other_prior_fy_end,accrued_expenses_and_other,accrued expenses and other,TPH,"December 31, 2024",M_USD,1627.0,2541_current_portion_of_long_term_debt_prior_fy_end,current_portion_of_long_term_debt,current portion of long term debt,TPH,"December 31, 2024",M_USD,811.0,,,,,,,,,,,,,,,,,,,,,,,,,,,,,,,,,,,,,,,,,,,,,,,,,,,,,,,,
1399,3,"what's the value of the net income for CLR in Nine Months Ended October 31, 2025 ?",net_income,"{""derived"": ""net_income"", ""expanded"": {""op"": ""diff"", ""left"": {""derived"": ""income_before_taxes"", ""expanded"": {""op"": ""sum"", ""left"": {""derived"": ""operating_income"", ""expanded"": {""op"": ""diff"", ""left"": {""leaf"": ""134_total_revenues_current_ytd"", ""depth"": 0}, ""right"": {""leaf"": ""154_total_costs_and_expenses_current_ytd"", ""depth"": 0}, ""depth"": 1}, ""depth"": 1}, ""right"": {""leaf"": ""162_other_income_expense_net_current_ytd"", ""depth"": 0}, ""depth"": 2}, ""depth"": 2}, ""right"": {""leaf"": ""166_provision_for_income_taxes_current_ytd"", ""depth"": 0}, ""depth"": 3}, ""depth"": 3}","{""kind"": ""derived_concept"", ""name"": ""net_income"", ""depth"": 0}",4845.0,5,0,3,735030781,888769663,42,0.308,0,1,4,134_total_revenues_current_ytd,total_revenues,total revenues,CLR,"Nine Months Ended October 31, 2025",M_USD,24930.0,154_total_costs_and_expenses_current_ytd,total_costs_and_expenses,total costs and expenses,CLR,"Nine Months Ended October 31, 2025",M_USD,18882.0,162_other_income_expense_net_current_ytd,other_income_expense_net,other income expense net,CLR,"Nine Months Ended October 31, 2025",M_USD,-141.0,166_provision_for_income_taxes_current_ytd,provision_for_income_taxes,provision for income taxes,CLR,"Nine Months Ended October 31, 2025",M_USD,1062.0,,,,,,,,,,,,,,,,,,,,,,,,,,,,,,,,,,,,,,,,,,,,,,,,,,,,,,,,
1413,3,"Which value corresponds to the total current liabilities for GRD in July 31, 2025 ?",total_current_liabilities,"{""derived"": ""total_current_liabilities"", ""expanded"": {""op"": ""sum"", ""left"": {""op"": ""sum"", ""left"": {""op"": ""sum"", ""left"": {""leaf"": ""380_accounts_payable_current_quarter_end"", ""depth"": 0}, ""right"": {""leaf"": ""382_deferred_revenue_current_current_quarter_end"", ""depth"": 0}, ""depth"": 1}, ""right"": {""leaf"": ""384_accrued_expenses_and_other_current_quarter_end"", ""depth"": 0}, ""depth"": 2}, ""right"": {""leaf"": ""386_current_portion_of_long_term_debt_current_quarter_end"", ""depth"": 0}, ""depth"": 3}, ""depth"": 3}","{""kind"": ""derived_concept"", ""name"": ""total_current_liabilities"", ""depth"": 0}",6190.0,3,0,3,24299965,406878126,42,0.466,0,1,4,380_accounts_payable_current_quarter_end,accounts_payable,accounts payable,GRD,"July 31, 2025",M_USD,3970.0,382_deferred_revenue_current_current_quarter_end,deferred_revenue_current,deferred revenue current,GRD,"July 31, 2025",M_USD,828.0,384_accrued_expenses_and_other_current_quarter_end,accrued_expenses_and_other,accrued expenses and other,GRD,"July 31, 2025",M_USD,1017.0,386_current_portion_of_long_term_debt_current_quarter_end,current_portion_of_long_term_debt,current portion of long term debt,GRD,"July 31, 2025",M_USD,375.0,,,,,,,,,,,,,,,,,,,,,,,,,,,,,,,,,,,,,,,,,,,,,,,,,,,,,,,,
1422,3,"Give the total current liabilities for QRK in April 30, 2026.",total_current_liabilities,"{""derived"": ""total_current_liabilities"", ""expanded"": {""op"": ""sum"", ""left"": {""op"": ""sum"", ""left"": {""op"": ""sum"", ""left"": {""leaf"": ""3514_accounts_payable_current_quarter_end"", ""depth"": 0}, ""right"": {""leaf"": ""3516_deferred_revenue_current_current_quarter_end"", ""depth"": 0}, ""depth"": 1}, ""right"": {""leaf"": ""3518_accrued_expenses_and_other_current_quarter_end"", ""depth"": 0}, ""depth"": 2}, ""right"": {""leaf"": ""3520_current_portion_of_long_term_debt_current_quarter_end"", ""depth"": 0}, ""depth"": 3}, ""depth"": 3}","{""kind"": ""derived_concept"", ""name"": ""total_current_liabilities"", ""depth"": 0}",22856.0,2,0,3,401459013,208165737,42,0.495,0,1,4,3514_accounts_payable_current_quarter_end,accounts_payable,accounts payable,QRK,"April 30, 2026",M_USD,10568.0,3516_deferred_revenue_current_current_quarter_end,deferred_revenue_current,deferred revenue current,QRK,"April 30, 2026",M_USD,3509.0,3518_accrued_expenses_and_other_current_quarter_end,accrued_expenses_and_other,accrued expenses and other,QRK,"April 30, 2026",M_USD,4702.0,3520_current_portion_of_long_term_debt_current_quarter_end,current_portion_of_long_term_debt,current portion of long term debt,QRK,"April 30, 2026",M_USD,4077.0,,,,,,,,,,,,,,,,,,,,,,,,,,,,,,,,,,,,,,,,,,,,,,,,,,,,,,,,
1433,3,"Determine the net income for VTL in Three Months Ended April 30, 2025 .",net_income,"{""derived"": ""net_income"", ""expanded"": {""op"": ""diff"", ""left"": {""derived"": ""income_before_taxes"", ""expanded"": {""op"": ""sum"", ""left"": {""derived"": ""operating_income"", ""expanded"": {""op"": ""diff"", ""left"": {""leaf"": ""0_total_revenues_current_quarter"", ""depth"": 0}, ""right"": {""leaf"": ""10_total_costs_and_expenses_current_quarter"", ""depth"": 0}, ""depth"": 1}, ""depth"": 1}, ""right"": {""leaf"": ""14_other_income_expense_net_current_quarter"", ""depth"": 0}, ""depth"": 2}, ""depth"": 2}, ""right"": {""leaf"": ""16_provision_for_income_taxes_current_quarter"", ""depth"": 0}, ""depth"": 3}, ""depth"": 3}","{""kind"": ""derived_concept"", ""name"": ""net_income"", ""depth"": 0}",400.0,4,0,3,35542611,501692888,42,0.321,0,1,4,0_total_revenues_current_quarter,total_revenues,total revenues,VTL,"Three Months Ended April 30, 2025",M_USD,1702.0,10_total_costs_and_expenses_current_quarter,total_costs_and_expenses,total costs and expenses,VTL,"Three Months Ended April 30, 2025",M_USD,1196.0,14_other_income_expense_net_current_quarter,other_income_expense_net,other income expense net,VTL,"Three Months Ended April 30, 2025",M_USD,3.0,16_provision_for_income_taxes_current_quarter,provision_for_income_taxes,provision for income taxes,VTL,"Three Months Ended April 30, 2025",M_USD,109.0,,,,,,,,,,,,,,,,,,,,,,,,,,,,,,,,,,,,,,,,,,,,,,,,,,,,,,,,
