question_id,depth,question,expression,expression_json,template_expression,answer,template_depth_requested,template_actual_depth,bound_expression_depth,tree_seed,binding_seed,master_seed,derived_prob,template_internal_nodes,template_leaf_slots,bound_leaf_count,leaf_1_key,leaf_1_concept,leaf_1_label,leaf_1_entity,leaf_1_period,leaf_1_unit,leaf_1_value,leaf_2_key,leaf_2_concept,leaf_2_label,leaf_2_entity,leaf_2_period,leaf_2_unit,leaf_2_value,leaf_3_key,leaf_3_concept,leaf_3_label,leaf_3_entity,leaf_3_period,leaf_3_unit,leaf_3_value,leaf_4_key,leaf_4_concept,leaf_4_label,leaf_4_entity,leaf_4_period,leaf_4_unit,leaf_4_value,leaf_5_key,leaf_5_concept,leaf_5_label,leaf_5_entity,leaf_5_period,leaf_5_unit,leaf_5_value,leaf_6_key,leaf_6_concept,leaf_6_label,leaf_6_entity,leaf_6_period,leaf_6_unit,leaf_6_value,leaf_7_key,leaf_7_concept,leaf_7_label,leaf_7_entity,leaf_7_period,leaf_7_unit,leaf_7_value,leaf_8_key,leaf_8_concept,leaf_8_label,leaf_8_entity,leaf_8_period,leaf_8_unit,leaf_8_value,leaf_9_key,leaf_9_concept,leaf_9_label,leaf_9_entity,leaf_9_period,leaf_9_unit,leaf_9_value,leaf_10_key,leaf_10_concept,leaf_10_label,leaf_10_entity,leaf_10_period,leaf_10_unit,leaf_10_value,leaf_11_key,leaf_11_concept,leaf_11_label,leaf_11_entity,leaf_11_period,leaf_11_unit,leaf_11_value,leaf_12_key,leaf_12_concept,leaf_12_label,leaf_12_entity,leaf_12_period,leaf_12_unit,leaf_12_value,leaf_13_key,leaf_13_concept,leaf_13_label,leaf_13_entity,leaf_13_period,leaf_13_unit,leaf_13_value,leaf_14_key,leaf_14_concept,leaf_14_label,leaf_14_entity,leaf_14_period,leaf_14_unit,leaf_14_value
7,2,"What is the sum of minimum of prepaid expenses and other for BLD from December 31, 2024 to July 31, 2025 and gross profit for BLD in Three Months Ended July 31, 2024 ?","sum(min(2695_prepaid_expenses_and_other_prior_fy_end, 2694_prepaid_expenses_and_other_current_quarter_end), gross_profit)","{""op"": ""sum"", ""left"": {""op"": ""min"", ""left"": {""leaf"": ""2695_prepaid_expenses_and_other_prior_fy_end"", ""depth"": 0}, ""right"": {""leaf"": ""2694_prepaid_expenses_and_other_current_quarter_end"", ""depth"": 0}, ""depth"": 1}, ""right"": {""derived"": ""gross_profit"", ""expanded"": {""op"": ""diff"", ""left"": {""leaf"": ""2639_total_revenues_prior_year_quarter"", ""depth"": 0}, ""right"": {""leaf"": ""2643_cost_of_sales_prior_year_quarter"", ""depth"": 0}, ""depth"": 1}, ""depth"": 1}, ""depth"": 2}","{""op"": ""sum"", ""left"": {""kind"": ""time_agg"", ""op"": ""min"", ""depth"": 0}, ""right"": {""kind"": ""derived_concept"", ""name"": ""gross_profit"", ""depth"": 0}, ""depth"": 1, ""kind"": ""node""}",2107.0,4,1,2,260916298,842478695,42,0.504,1,2,4,2695_prepaid_expenses_and_other_prior_fy_end,prepaid_expenses_and_other,prepaid expenses and other,BLD,"December 31, 2024",M_USD,201.0,2694_prepaid_expenses_and_other_current_quarter_end,prepaid_expenses_and_other,prepaid expenses and other,BLD,"July 31, 2025",M_USD,201.0,2639_total_revenues_prior_year_quarter,total_revenues,total revenues,BLD,"Three Months Ended July 31, 2024",M_USD,10764.0,2643_cost_of_sales_prior_year_quarter,cost_of_sales,cost of sales,BLD,"Three Months Ended July 31, 2024",M_USD,8858.0,,,,,,,,,,,,,,,,,,,,,,,,,,,,,,,,,,,,,,,,,,,,,,,,,,,,,,,,,,,,,,,,,,,,,,
9,2,"evaluate the average depreciation and amortization for BLD from Six Months Ended July 31, 2024 to Six Months Ended July 31, 2025","ratio(sum(2737_depreciation_and_amortization_prior_ytd, 2736_depreciation_and_amortization_current_ytd), 2.0)","{""op"": ""ratio"", ""left"": {""op"": ""sum"", ""left"": {""leaf"": ""2737_depreciation_and_amortization_prior_ytd"", ""depth"": 0}, ""right"": {""leaf"": ""2736_depreciation_and_amortization_current_ytd"", ""depth"": 0}, ""depth"": 1}, ""right"": {""literal"": 2.0, ""depth"": 0}, ""depth"": 2}","{""kind"": ""time_agg"", ""op"": ""avg"", ""depth"": 0}",521.0,1,0,2,919087451,590907304,42,0.125,0,1,2,2737_depreciation_and_amortization_prior_ytd,depreciation_and_amortization,depreciation and amortization,BLD,"Six Months Ended July 31, 2024",M_USD,548.0,2736_depreciation_and_amortization_current_ytd,depreciation_and_amortization,depreciation and amortization,BLD,"Six Months Ended July 31, 2025",M_USD,494.0,,,,,,,,,,,,,,,,,,,,,,,,,,,,,,,,,,,,,,,,,,,,,,,,,,,,,,,,,,,,,,,,,,,,,,,,,,,,,,,,,,,,
11,2,"Evaluate the average stock based compensation for FNB from Nine Months Ended October 31, 2024 to Nine Months Ended October 31, 2025","ratio(sum(6169_stock_based_compensation_prior_ytd, 6168_stock_based_compensation_current_ytd), 2.0)","{""op"": ""ratio"", ""left"": {""op"": ""sum"", ""left"": {""leaf"": ""6169_stock_based_compensation_prior_ytd"", ""depth"": 0}, ""right"": {""leaf"": ""6168_stock_based_compensation_current_ytd"", ""depth"": 0}, ""depth"": 1}, ""right"": {""literal"": 2.0, ""depth"": 0}, ""depth"": 2}","{""kind"": ""time_agg"", ""op"": ""avg"", ""depth"": 0}",289.0,2,0,2,671150922,633281747,42,0.313,0,1,2,6169_stock_based_compensation_prior_ytd,stock_based_compensation,stock based compensation,FNB,"Nine Months Ended October 31, 2024",M_USD,302.0,6168_stock_based_compensation_current_ytd,stock_based_compensation,stock based compensation,FNB,"Nine Months Ended October 31, 2025",M_USD,276.0,,,,,,,,,,,,,,,,,,,,,,,,,,,,,,,,,,,,,,,,,,,,,,,,,,,,,,,,,,,,,,,,,,,,,,,,,,,,,,,,,,,,
12,2,"Determine the average accounts payable for WNG from December 31, 2024 to April 30, 2025.","ratio(sum(7504_accounts_payable_current_quarter_end, 7505_accounts_payable_prior_fy_end), 2.0)","{""op"": ""ratio"", ""left"": {""op"": ""sum"", ""left"": {""leaf"": ""7504_accounts_payable_current_quarter_end"", ""depth"": 0}, ""right"": {""leaf"": ""7505_accounts_payable_prior_fy_end"", ""depth"": 0}, ""depth"": 1}, ""right"": {""literal"": 2.0, ""depth"": 0}, ""depth"": 2}","{""kind"": ""time_agg"", ""op"": ""avg"", ""depth"": 0}",3106.5,2,0,2,584719405,241387305,42,0.554,0,1,2,7504_accounts_payable_current_quarter_end,accounts_payable,accounts payable,WNG,"April 30, 2025",M_USD,3329.0,7505_accounts_payable_prior_fy_end,accounts_payable,accounts payable,WNG,"December 31, 2024",M_USD,2884.0,,,,,,,,,,,,,,,,,,,,,,,,,,,,,,,,,,,,,,,,,,,,,,,,,,,,,,,,,,,,,,,,,,,,,,,,,,,,,,,,,,,,
14,2,"which result follows from the average shares used basic for INF from Six Months Ended July 31, 2024 to Six Months Ended July 31, 2025","ratio(sum(3755_shares_used_basic_prior_year_ytd, 3754_shares_used_basic_current_ytd), 2.0)","{""op"": ""ratio"", ""left"": {""op"": ""sum"", ""left"": {""leaf"": ""3755_shares_used_basic_prior_year_ytd"", ""depth"": 0}, ""right"": {""leaf"": ""3754_shares_used_basic_current_ytd"", ""depth"": 0}, ""depth"": 1}, ""right"": {""literal"": 2.0, ""depth"": 0}, ""depth"": 2}","{""kind"": ""time_agg"", ""op"": ""avg"", ""depth"": 0}",4389225.0,3,0,2,204152670,666676815,42,0.439,0,1,2,3755_shares_used_basic_prior_year_ytd,shares_used_basic,shares used basic,INF,"Six Months Ended July 31, 2024",M_shares,4252559.0,3754_shares_used_basic_current_ytd,shares_used_basic,shares used basic,INF,"Six Months Ended July 31, 2025",M_shares,4525891.0,,,,,,,,,,,,,,,,,,,,,,,,,,,,,,,,,,,,,,,,,,,,,,,,,,,,,,,,,,,,,,,,,,,,,,,,,,,,,,,,,,,,
15,2,"What do we obtain as the average provision for income taxes for FNB from Three Months Ended October 31, 2024 to Three Months Ended October 31, 2025","ratio(sum(6101_provision_for_income_taxes_prior_year_quarter, 6100_provision_for_income_taxes_current_quarter), 2.0)","{""op"": ""ratio"", ""left"": {""op"": ""sum"", ""left"": {""leaf"": ""6101_provision_for_income_taxes_prior_year_quarter"", ""depth"": 0}, ""right"": {""leaf"": ""6100_provision_for_income_taxes_current_quarter"", ""depth"": 0}, ""depth"": 1}, ""right"": {""literal"": 2.0, ""depth"": 0}, ""depth"": 2}","{""kind"": ""time_agg"", ""op"": ""avg"", ""depth"": 0}",1088.0,3,0,2,579184667,941092399,42,0.365,0,1,2,6101_provision_for_income_taxes_prior_year_quarter,provision_for_income_taxes,provision for income taxes,FNB,"Three Months Ended October 31, 2024",M_USD,1137.0,6100_provision_for_income_taxes_current_quarter,provision_for_income_taxes,provision for income taxes,FNB,"Three Months Ended October 31, 2025",M_USD,1039.0,,,,,,,,,,,,,,,,,,,,,,,,,,,,,,,,,,,,,,,,,,,,,,,,,,,,,,,,,,,,,,,,,,,,,,,,,,,,,,,,,,,,
20,2,"Give the average total costs and expenses for SKY from Three Months Ended April 30, 2024 to Three Months Ended April 30, 2025.","ratio(sum(5823_total_costs_and_expenses_prior_year_quarter, 5822_total_costs_and_expenses_current_quarter), 2.0)","{""op"": ""ratio"", ""left"": {""op"": ""sum"", ""left"": {""leaf"": ""5823_total_costs_and_expenses_prior_year_quarter"", ""depth"": 0}, ""right"": {""leaf"": ""5822_total_costs_and_expenses_current_quarter"", ""depth"": 0}, ""depth"": 1}, ""right"": {""literal"": 2.0, ""depth"": 0}, ""depth"": 2}","{""kind"": ""time_agg"", ""op"": ""avg"", ""depth"": 0}",8900.5,5,0,2,719896690,454629125,42,0.281,0,1,2,5823_total_costs_and_expenses_prior_year_quarter,total_costs_and_expenses,total costs and expenses,SKY,"Three Months Ended April 30, 2024",M_USD,9183.0,5822_total_costs_and_expenses_current_quarter,total_costs_and_expenses,total costs and expenses,SKY,"Three Months Ended April 30, 2025",M_USD,8618.0,,,,,,,,,,,,,,,,,,,,,,,,,,,,,,,,,,,,,,,,,,,,,,,,,,,,,,,,,,,,,,,,,,,,,,,,,,,,,,,,,,,,
24,2,"May you calculate the income before taxes for PLX in Three Months Ended July 31, 2025 ?",income_before_taxes,"{""derived"": ""income_before_taxes"", ""expanded"": {""op"": ""sum"", ""left"": {""derived"": ""operating_income"", ""expanded"": {""op"": ""diff"", ""left"": {""leaf"": ""4207_total_revenues_prior_year_quarter"", ""depth"": 0}, ""right"": {""leaf"": ""4227_total_costs_and_expenses_prior_year_quarter"", ""depth"": 0}, ""depth"": 1}, ""depth"": 1}, ""right"": {""leaf"": ""4235_other_income_expense_net_prior_year_quarter"", ""depth"": 0}, ""depth"": 2}, ""depth"": 2}","{""kind"": ""derived_concept"", ""name"": ""income_before_taxes"", ""depth"": 0}",8325.0,4,0,2,422240582,542716859,42,0.583,0,1,3,4207_total_revenues_prior_year_quarter,total_revenues,total revenues,PLX,"Three Months Ended July 31, 2025",M_USD,18258.0,4227_total_costs_and_expenses_prior_year_quarter,total_costs_and_expenses,total costs and expenses,PLX,"Three Months Ended July 31, 2025",M_USD,10207.0,4235_other_income_expense_net_prior_year_quarter,other_income_expense_net,other income expense net,PLX,"Three Months Ended July 31, 2025",M_USD,274.0,,,,,,,,,,,,,,,,,,,,,,,,,,,,,,,,,,,,,,,,,,,,,,,,,,,,,,,,,,,,,,,,,,,,,,,,,,,,,
28,2,"Give the average shares used basic for SKY from Three Months Ended April 30, 2024 to Three Months Ended April 30, 2025 .","ratio(sum(5923_shares_used_basic_prior_year_quarter, 5922_shares_used_basic_current_quarter), 2.0)","{""op"": ""ratio"", ""left"": {""op"": ""sum"", ""left"": {""leaf"": ""5923_shares_used_basic_prior_year_quarter"", ""depth"": 0}, ""right"": {""leaf"": ""5922_shares_used_basic_current_quarter"", ""depth"": 0}, ""depth"": 1}, ""right"": {""literal"": 2.0, ""depth"": 0}, ""depth"": 2}","{""kind"": ""time_agg"", ""op"": ""avg"", ""depth"": 0}",444251.5,4,0,2,741139461,756975382,42,0.259,0,1,2,5923_shares_used_basic_prior_year_quarter,shares_used_basic,shares used basic,SKY,"Three Months Ended April 30, 2024",M_shares,435503.0,5922_shares_used_basic_current_quarter,shares_used_basic,shares used basic,SKY,"Three Months Ended April 30, 2025",M_shares,453000.0,,,,,,,,,,,,,,,,,,,,,,,,,,,,,,,,,,,,,,,,,,,,,,,,,,,,,,,,,,,,,,,,,,,,,,,,,,,,,,,,,,,,
35,2,"Could you give the average research and development for MTX from Three Months Ended October 31, 2024 to Three Months Ended October 31, 2025?","ratio(sum(5327_research_and_development_prior_year_quarter, 5326_research_and_development_current_quarter), 2.0)","{""op"": ""ratio"", ""left"": {""op"": ""sum"", ""left"": {""leaf"": ""5327_research_and_development_prior_year_quarter"", ""depth"": 0}, ""right"": {""leaf"": ""5326_research_and_development_current_quarter"", ""depth"": 0}, ""depth"": 1}, ""right"": {""literal"": 2.0, ""depth"": 0}, ""depth"": 2}","{""kind"": ""time_agg"", ""op"": ""avg"", ""depth"": 0}",622.0,5,0,2,594113766,627099478,42,0.46,0,1,2,5327_research_and_development_prior_year_quarter,research_and_development,research and development,MTX,"Three Months Ended October 31, 2024",M_USD,626.0,5326_research_and_development_current_quarter,research_and_development,research and development,MTX,"Three Months Ended October 31, 2025",M_USD,618.0,,,,,,,,,,,,,,,,,,,,,,,,,,,,,,,,,,,,,,,,,,,,,,,,,,,,,,,,,,,,,,,,,,,,,,,,,,,,,,,,,,,,
40,2,"what is the value of the average shares used basic for BRX from Six Months Ended July 31, 2024 to Six Months Ended July 31, 2025","ratio(sum(605_shares_used_basic_prior_year_ytd, 604_shares_used_basic_current_ytd), 2.0)","{""op"": ""ratio"", ""left"": {""op"": ""sum"", ""left"": {""leaf"": ""605_shares_used_basic_prior_year_ytd"", ""depth"": 0}, ""right"": {""leaf"": ""604_shares_used_basic_current_ytd"", ""depth"": 0}, ""depth"": 1}, ""right"": {""literal"": 2.0, ""depth"": 0}, ""depth"": 2}","{""kind"": ""time_agg"", ""op"": ""avg"", ""depth"": 0}",2150529.0,2,0,2,812239392,633213949,42,0.377,0,1,2,605_shares_used_basic_prior_year_ytd,shares_used_basic,shares used basic,BRX,"Six Months Ended July 31, 2024",M_shares,2118077.0,604_shares_used_basic_current_ytd,shares_used_basic,shares used basic,BRX,"Six Months Ended July 31, 2025",M_shares,2182981.0,,,,,,,,,,,,,,,,,,,,,,,,,,,,,,,,,,,,,,,,,,,,,,,,,,,,,,,,,,,,,,,,,,,,,,,,,,,,,,,,,,,,
51,2,"Determine the average other non current assets for WNG from December 31, 2024 to April 30, 2025 .","ratio(sum(7498_other_non_current_assets_current_quarter_end, 7499_other_non_current_assets_prior_fy_end), 2.0)","{""op"": ""ratio"", ""left"": {""op"": ""sum"", ""left"": {""leaf"": ""7498_other_non_current_assets_current_quarter_end"", ""depth"": 0}, ""right"": {""leaf"": ""7499_other_non_current_assets_prior_fy_end"", ""depth"": 0}, ""depth"": 1}, ""right"": {""literal"": 2.0, ""depth"": 0}, ""depth"": 2}","{""kind"": ""time_agg"", ""op"": ""avg"", ""depth"": 0}",439.5,3,0,2,200688440,168961168,42,0.401,0,1,2,7498_other_non_current_assets_current_quarter_end,other_non_current_assets,other non current assets,WNG,"April 30, 2025",M_USD,471.0,7499_other_non_current_assets_prior_fy_end,other_non_current_assets,other non current assets,WNG,"December 31, 2024",M_USD,408.0,,,,,,,,,,,,,,,,,,,,,,,,,,,,,,,,,,,,,,,,,,,,,,,,,,,,,,,,,,,,,,,,,,,,,,,,,,,,,,,,,,,,
52,2,"what is the average cost of sales for AST from Six Months Ended July 31, 2024 to Six Months Ended July 31, 2025","ratio(sum(4817_cost_of_sales_prior_year_ytd, 4816_cost_of_sales_current_ytd), 2.0)","{""op"": ""ratio"", ""left"": {""op"": ""sum"", ""left"": {""leaf"": ""4817_cost_of_sales_prior_year_ytd"", ""depth"": 0}, ""right"": {""leaf"": ""4816_cost_of_sales_current_ytd"", ""depth"": 0}, ""depth"": 1}, ""right"": {""literal"": 2.0, ""depth"": 0}, ""depth"": 2}","{""kind"": ""time_agg"", ""op"": ""avg"", ""depth"": 0}",13132.0,1,0,2,354576141,773368624,42,0.341,0,1,2,4817_cost_of_sales_prior_year_ytd,cost_of_sales,cost of sales,AST,"Six Months Ended July 31, 2024",M_USD,12890.0,4816_cost_of_sales_current_ytd,cost_of_sales,cost of sales,AST,"Six Months Ended July 31, 2025",M_USD,13374.0,,,,,,,,,,,,,,,,,,,,,,,,,,,,,,,,,,,,,,,,,,,,,,,,,,,,,,,,,,,,,,,,,,,,,,,,,,,,,,,,,,,,
54,2,"evaluate the average opening cash and equivalents for CIV from Nine Months Ended October 31, 2024 to Nine Months Ended October 31, 2025 .","ratio(sum(2931_opening_cash_and_equivalents_prior_ytd, 2930_opening_cash_and_equivalents_current_ytd), 2.0)","{""op"": ""ratio"", ""left"": {""op"": ""sum"", ""left"": {""leaf"": ""2931_opening_cash_and_equivalents_prior_ytd"", ""depth"": 0}, ""right"": {""leaf"": ""2930_opening_cash_and_equivalents_current_ytd"", ""depth"": 0}, ""depth"": 1}, ""right"": {""literal"": 2.0, ""depth"": 0}, ""depth"": 2}","{""kind"": ""time_agg"", ""op"": ""avg"", ""depth"": 0}",224.5,2,0,2,641531280,61700457,42,0.42,0,1,2,2931_opening_cash_and_equivalents_prior_ytd,opening_cash_and_equivalents,opening cash and equivalents,CIV,"Nine Months Ended October 31, 2024",M_USD,219.0,2930_opening_cash_and_equivalents_current_ytd,opening_cash_and_equivalents,opening cash and equivalents,CIV,"Nine Months Ended October 31, 2025",M_USD,230.0,,,,,,,,,,,,,,,,,,,,,,,,,,,,,,,,,,,,,,,,,,,,,,,,,,,,,,,,,,,,,,,,,,,,,,,,,,,,,,,,,,,,
60,2,"what is the average depreciation and amortization for AVX from Nine Months Ended October 31, 2024 to Nine Months Ended October 31, 2025?","ratio(sum(1487_depreciation_and_amortization_prior_ytd, 1486_depreciation_and_amortization_current_ytd), 2.0)","{""op"": ""ratio"", ""left"": {""op"": ""sum"", ""left"": {""leaf"": ""1487_depreciation_and_amortization_prior_ytd"", ""depth"": 0}, ""right"": {""leaf"": ""1486_depreciation_and_amortization_current_ytd"", ""depth"": 0}, ""depth"": 1}, ""right"": {""literal"": 2.0, ""depth"": 0}, ""depth"": 2}","{""kind"": ""time_agg"", ""op"": ""avg"", ""depth"": 0}",222.0,5,0,2,129244346,749734394,42,0.33,0,1,2,1487_depreciation_and_amortization_prior_ytd,depreciation_and_amortization,depreciation and amortization,AVX,"Nine Months Ended October 31, 2024",M_USD,224.0,1486_depreciation_and_amortization_current_ytd,depreciation_and_amortization,depreciation and amortization,AVX,"Nine Months Ended October 31, 2025",M_USD,220.0,,,,,,,,,,,,,,,,,,,,,,,,,,,,,,,,,,,,,,,,,,,,,,,,,,,,,,,,,,,,,,,,,,,,,,,,,,,,,,,,,,,,
65,2,"what is the value of the average total non current assets for BRX from December 31, 2024 to July 31, 2025 ?","ratio(sum(537_total_non_current_assets_prior_fy_end, 536_total_non_current_assets_current_quarter_end), 2.0)","{""op"": ""ratio"", ""left"": {""op"": ""sum"", ""left"": {""leaf"": ""537_total_non_current_assets_prior_fy_end"", ""depth"": 0}, ""right"": {""leaf"": ""536_total_non_current_assets_current_quarter_end"", ""depth"": 0}, ""depth"": 1}, ""right"": {""literal"": 2.0, ""depth"": 0}, ""depth"": 2}","{""kind"": ""time_agg"", ""op"": ""avg"", ""depth"": 0}",65814.0,3,0,2,271992483,516716343,42,0.199,0,1,2,537_total_non_current_assets_prior_fy_end,total_non_current_assets,total non current assets,BRX,"December 31, 2024",M_USD,66201.0,536_total_non_current_assets_current_quarter_end,total_non_current_assets,total non current assets,BRX,"July 31, 2025",M_USD,65427.0,,,,,,,,,,,,,,,,,,,,,,,,,,,,,,,,,,,,,,,,,,,,,,,,,,,,,,,,,,,,,,,,,,,,,,,,,,,,,,,,,,,,
69,2,"state the average depreciation and amortization for TXN from Three Months Ended April 30, 2024 to Three Months Ended April 30, 2025","ratio(sum(7659_depreciation_and_amortization_prior_ytd, 7658_depreciation_and_amortization_current_ytd), 2.0)","{""op"": ""ratio"", ""left"": {""op"": ""sum"", ""left"": {""leaf"": ""7659_depreciation_and_amortization_prior_ytd"", ""depth"": 0}, ""right"": {""leaf"": ""7658_depreciation_and_amortization_current_ytd"", ""depth"": 0}, ""depth"": 1}, ""right"": {""literal"": 2.0, ""depth"": 0}, ""depth"": 2}","{""kind"": ""time_agg"", ""op"": ""avg"", ""depth"": 0}",5466.0,2,0,2,461778017,976033562,42,0.428,0,1,2,7659_depreciation_and_amortization_prior_ytd,depreciation_and_amortization,depreciation and amortization,TXN,"Three Months Ended April 30, 2024",M_USD,5863.0,7658_depreciation_and_amortization_current_ytd,depreciation_and_amortization,depreciation and amortization,TXN,"Three Months Ended April 30, 2025",M_USD,5069.0,,,,,,,,,,,,,,,,,,,,,,,,,,,,,,,,,,,,,,,,,,,,,,,,,,,,,,,,,,,,,,,,,,,,,,,,,,,,,,,,,,,,
70,2,"which result follows from the income before taxes for HRZ in Three Months Ended April 30, 2025?",income_before_taxes,"{""derived"": ""income_before_taxes"", ""expanded"": {""op"": ""sum"", ""left"": {""derived"": ""operating_income"", ""expanded"": {""op"": ""diff"", ""left"": {""leaf"": ""7172_total_revenues_current_quarter"", ""depth"": 0}, ""right"": {""leaf"": ""7180_total_costs_and_expenses_current_quarter"", ""depth"": 0}, ""depth"": 1}, ""depth"": 1}, ""right"": {""leaf"": ""7184_other_income_expense_net_current_quarter"", ""depth"": 0}, ""depth"": 2}, ""depth"": 2}","{""kind"": ""derived_concept"", ""name"": ""income_before_taxes"", ""depth"": 0}",1025.0,3,0,2,96829676,268523822,42,0.446,0,1,3,7172_total_revenues_current_quarter,total_revenues,total revenues,HRZ,"Three Months Ended April 30, 2025",M_USD,4486.0,7180_total_costs_and_expenses_current_quarter,total_costs_and_expenses,total costs and expenses,HRZ,"Three Months Ended April 30, 2025",M_USD,3342.0,7184_other_income_expense_net_current_quarter,other_income_expense_net,other income expense net,HRZ,"Three Months Ended April 30, 2025",M_USD,-119.0,,,,,,,,,,,,,,,,,,,,,,,,,,,,,,,,,,,,,,,,,,,,,,,,,,,,,,,,,,,,,,,,,,,,,,,,,,,,,
75,2,"provide the average accounts payable for TPH from December 31, 2024 to October 31, 2025","ratio(sum(2535_accounts_payable_prior_fy_end, 2534_accounts_payable_current_quarter_end), 2.0)","{""op"": ""ratio"", ""left"": {""op"": ""sum"", ""left"": {""leaf"": ""2535_accounts_payable_prior_fy_end"", ""depth"": 0}, ""right"": {""leaf"": ""2534_accounts_payable_current_quarter_end"", ""depth"": 0}, ""depth"": 1}, ""right"": {""literal"": 2.0, ""depth"": 0}, ""depth"": 2}","{""kind"": ""time_agg"", ""op"": ""avg"", ""depth"": 0}",2203.0,3,0,2,187918507,120507410,42,0.492,0,1,2,2535_accounts_payable_prior_fy_end,accounts_payable,accounts payable,TPH,"December 31, 2024",M_USD,2183.0,2534_accounts_payable_current_quarter_end,accounts_payable,accounts payable,TPH,"October 31, 2025",M_USD,2223.0,,,,,,,,,,,,,,,,,,,,,,,,,,,,,,,,,,,,,,,,,,,,,,,,,,,,,,,,,,,,,,,,,,,,,,,,,,,,,,,,,,,,
76,2,"What do we obtain as the difference between comprehensive income and gross profit for FNB in Nine Months Ended October 31, 2025","diff(6226_comprehensive_income_current_ytd, gross_profit)","{""op"": ""diff"", ""left"": {""leaf"": ""6226_comprehensive_income_current_ytd"", ""depth"": 0}, ""right"": {""derived"": ""gross_profit"", ""expanded"": {""op"": ""diff"", ""left"": {""leaf"": ""6074_total_revenues_current_ytd"", ""depth"": 0}, ""right"": {""leaf"": ""6078_cost_of_sales_current_ytd"", ""depth"": 0}, ""depth"": 1}, ""depth"": 1}, ""depth"": 2}","{""op"": ""diff"", ""left"": {""kind"": ""leaf"", ""semantic_type_in"": [""amount""], ""depth"": 0}, ""right"": {""kind"": ""derived_concept"", ""name"": ""gross_profit"", ""depth"": 0}, ""depth"": 1, ""kind"": ""node""}",-14082.0,4,1,2,990831766,811472797,42,0.384,1,2,3,6226_comprehensive_income_current_ytd,comprehensive_income,comprehensive income,FNB,"Nine Months Ended October 31, 2025",M_USD,9567.0,6074_total_revenues_current_ytd,total_revenues,total revenues,FNB,"Nine Months Ended October 31, 2025",M_USD,31872.0,6078_cost_of_sales_current_ytd,cost_of_sales,cost of sales,FNB,"Nine Months Ended October 31, 2025",M_USD,8223.0,,,,,,,,,,,,,,,,,,,,,,,,,,,,,,,,,,,,,,,,,,,,,,,,,,,,,,,,,,,,,,,,,,,,,,,,,,,,,
77,2,"What's the value of the average prepaid expenses and other for CLD from December 31, 2024 to April 30, 2025?","ratio(sum(3166_prepaid_expenses_and_other_current_quarter_end, 3167_prepaid_expenses_and_other_prior_fy_end), 2.0)","{""op"": ""ratio"", ""left"": {""op"": ""sum"", ""left"": {""leaf"": ""3166_prepaid_expenses_and_other_current_quarter_end"", ""depth"": 0}, ""right"": {""leaf"": ""3167_prepaid_expenses_and_other_prior_fy_end"", ""depth"": 0}, ""depth"": 1}, ""right"": {""literal"": 2.0, ""depth"": 0}, ""depth"": 2}","{""kind"": ""time_agg"", ""op"": ""avg"", ""depth"": 0}",418.0,4,0,2,99767978,872792130,42,0.149,0,1,2,3166_prepaid_expenses_and_other_current_quarter_end,prepaid_expenses_and_other,prepaid expenses and other,CLD,"April 30, 2025",M_USD,436.0,3167_prepaid_expenses_and_other_prior_fy_end,prepaid_expenses_and_other,prepaid expenses and other,CLD,"December 31, 2024",M_USD,400.0,,,,,,,,,,,,,,,,,,,,,,,,,,,,,,,,,,,,,,,,,,,,,,,,,,,,,,,,,,,,,,,,,,,,,,,,,,,,,,,,,,,,
78,2,"may you give the average total current assets for QRK from September 30, 2025 to April 30, 2026?","ratio(sum(3500_total_current_assets_current_quarter_end, 3501_total_current_assets_prior_fy_end), 2.0)","{""op"": ""ratio"", ""left"": {""op"": ""sum"", ""left"": {""leaf"": ""3500_total_current_assets_current_quarter_end"", ""depth"": 0}, ""right"": {""leaf"": ""3501_total_current_assets_prior_fy_end"", ""depth"": 0}, ""depth"": 1}, ""right"": {""literal"": 2.0, ""depth"": 0}, ""depth"": 2}","{""kind"": ""time_agg"", ""op"": ""avg"", ""depth"": 0}",61420.0,5,0,2,240297471,154319982,42,0.229,0,1,2,3500_total_current_assets_current_quarter_end,total_current_assets,total current assets,QRK,"April 30, 2026",M_USD,59692.0,3501_total_current_assets_prior_fy_end,total_current_assets,total current assets,QRK,"September 30, 2025",M_USD,63148.0,,,,,,,,,,,,,,,,,,,,,,,,,,,,,,,,,,,,,,,,,,,,,,,,,,,,,,,,,,,,,,,,,,,,,,,,,,,,,,,,,,,,
79,2,"State the income before taxes for TRU in Six Months Ended July 31, 2024 .",income_before_taxes,"{""derived"": ""income_before_taxes"", ""expanded"": {""op"": ""sum"", ""left"": {""derived"": ""operating_income"", ""expanded"": {""op"": ""diff"", ""left"": {""leaf"": ""807_total_revenues_prior_year_ytd"", ""depth"": 0}, ""right"": {""leaf"": ""823_total_costs_and_expenses_prior_year_ytd"", ""depth"": 0}, ""depth"": 1}, ""depth"": 1}, ""right"": {""leaf"": ""831_other_income_expense_net_prior_year_ytd"", ""depth"": 0}, ""depth"": 2}, ""depth"": 2}","{""kind"": ""derived_concept"", ""name"": ""income_before_taxes"", ""depth"": 0}",6032.0,4,0,2,951033912,96965642,42,0.572,0,1,3,807_total_revenues_prior_year_ytd,total_revenues,total revenues,TRU,"Six Months Ended July 31, 2024",M_USD,33110.0,823_total_costs_and_expenses_prior_year_ytd,total_costs_and_expenses,total costs and expenses,TRU,"Six Months Ended July 31, 2024",M_USD,26624.0,831_other_income_expense_net_prior_year_ytd,other_income_expense_net,other income expense net,TRU,"Six Months Ended July 31, 2024",M_USD,-454.0,,,,,,,,,,,,,,,,,,,,,,,,,,,,,,,,,,,,,,,,,,,,,,,,,,,,,,,,,,,,,,,,,,,,,,,,,,,,,
81,2,"calculate the average total non current liabilities for DTA from December 31, 2024 to April 30, 2025.","ratio(sum(4444_total_non_current_liabilities_current_quarter_end, 4445_total_non_current_liabilities_prior_fy_end), 2.0)","{""op"": ""ratio"", ""left"": {""op"": ""sum"", ""left"": {""leaf"": ""4444_total_non_current_liabilities_current_quarter_end"", ""depth"": 0}, ""right"": {""leaf"": ""4445_total_non_current_liabilities_prior_fy_end"", ""depth"": 0}, ""depth"": 1}, ""right"": {""literal"": 2.0, ""depth"": 0}, ""depth"": 2}","{""kind"": ""time_agg"", ""op"": ""avg"", ""depth"": 0}",3357.5,4,0,2,563993780,270376840,42,0.542,0,1,2,4444_total_non_current_liabilities_current_quarter_end,total_non_current_liabilities,total non current liabilities,DTA,"April 30, 2025",M_USD,3332.0,4445_total_non_current_liabilities_prior_fy_end,total_non_current_liabilities,total non current liabilities,DTA,"December 31, 2024",M_USD,3383.0,,,,,,,,,,,,,,,,,,,,,,,,,,,,,,,,,,,,,,,,,,,,,,,,,,,,,,,,,,,,,,,,,,,,,,,,,,,,,,,,,,,,
83,2,"Could you give the average short term investments for MTX from December 31, 2024 to October 31, 2025 ?","ratio(sum(5365_short_term_investments_prior_fy_end, 5364_short_term_investments_current_quarter_end), 2.0)","{""op"": ""ratio"", ""left"": {""op"": ""sum"", ""left"": {""leaf"": ""5365_short_term_investments_prior_fy_end"", ""depth"": 0}, ""right"": {""leaf"": ""5364_short_term_investments_current_quarter_end"", ""depth"": 0}, ""depth"": 1}, ""right"": {""literal"": 2.0, ""depth"": 0}, ""depth"": 2}","{""kind"": ""time_agg"", ""op"": ""avg"", ""depth"": 0}",1776.5,1,0,2,125458204,336370681,42,0.589,0,1,2,5365_short_term_investments_prior_fy_end,short_term_investments,short term investments,MTX,"December 31, 2024",M_USD,1645.0,5364_short_term_investments_current_quarter_end,short_term_investments,short term investments,MTX,"October 31, 2025",M_USD,1908.0,,,,,,,,,,,,,,,,,,,,,,,,,,,,,,,,,,,,,,,,,,,,,,,,,,,,,,,,,,,,,,,,,,,,,,,,,,,,,,,,,,,,
88,2,"what do we obtain as the average proceeds from maturities of securities for FAB from Six Months Ended July 31, 2024 to Six Months Ended July 31, 2025?","ratio(sum(3921_proceeds_from_maturities_of_securities_prior_ytd, 3920_proceeds_from_maturities_of_securities_current_ytd), 2.0)","{""op"": ""ratio"", ""left"": {""op"": ""sum"", ""left"": {""leaf"": ""3921_proceeds_from_maturities_of_securities_prior_ytd"", ""depth"": 0}, ""right"": {""leaf"": ""3920_proceeds_from_maturities_of_securities_current_ytd"", ""depth"": 0}, ""depth"": 1}, ""right"": {""literal"": 2.0, ""depth"": 0}, ""depth"": 2}","{""kind"": ""time_agg"", ""op"": ""avg"", ""depth"": 0}",352.0,5,0,2,664328419,581790182,42,0.479,0,1,2,3921_proceeds_from_maturities_of_securities_prior_ytd,proceeds_from_maturities_of_securities,proceeds from maturities of securities,FAB,"Six Months Ended July 31, 2024",M_USD,374.0,3920_proceeds_from_maturities_of_securities_current_ytd,proceeds_from_maturities_of_securities,proceeds from maturities of securities,FAB,"Six Months Ended July 31, 2025",M_USD,330.0,,,,,,,,,,,,,,,,,,,,,,,,,,,,,,,,,,,,,,,,,,,,,,,,,,,,,,,,,,,,,,,,,,,,,,,,,,,,,,,,,,,,
94,2,"State the average Other revenue for VTL from Three Months Ended April 30, 2024 to Three Months Ended April 30, 2025 .","ratio(sum(129_other_revenue_prior_year_quarter, 125_other_revenue_current_quarter), 2.0)","{""op"": ""ratio"", ""left"": {""op"": ""sum"", ""left"": {""leaf"": ""129_other_revenue_prior_year_quarter"", ""depth"": 0}, ""right"": {""leaf"": ""125_other_revenue_current_quarter"", ""depth"": 0}, ""depth"": 1}, ""right"": {""literal"": 2.0, ""depth"": 0}, ""depth"": 2}","{""kind"": ""time_agg"", ""op"": ""avg"", ""depth"": 0}",309.5,1,0,2,708207780,563065592,42,0.327,0,1,2,129_other_revenue_prior_year_quarter,other_revenue,Other revenue,VTL,"Three Months Ended April 30, 2024",M_USD,308.0,125_other_revenue_current_quarter,other_revenue,Other revenue,VTL,"Three Months Ended April 30, 2025",M_USD,311.0,,,,,,,,,,,,,,,,,,,,,,,,,,,,,,,,,,,,,,,,,,,,,,,,,,,,,,,,,,,,,,,,,,,,,,,,,,,,,,,,,,,,
95,2,"what does the following give: average current portion of long term debt for GLP from December 31, 2024 to October 31, 2025 ?","ratio(sum(6967_current_portion_of_long_term_debt_prior_fy_end, 6966_current_portion_of_long_term_debt_current_quarter_end), 2.0)","{""op"": ""ratio"", ""left"": {""op"": ""sum"", ""left"": {""leaf"": ""6967_current_portion_of_long_term_debt_prior_fy_end"", ""depth"": 0}, ""right"": {""leaf"": ""6966_current_portion_of_long_term_debt_current_quarter_end"", ""depth"": 0}, ""depth"": 1}, ""right"": {""literal"": 2.0, ""depth"": 0}, ""depth"": 2}","{""kind"": ""time_agg"", ""op"": ""avg"", ""depth"": 0}",5386.0,4,0,2,332599234,464071937,42,0.179,0,1,2,6967_current_portion_of_long_term_debt_prior_fy_end,current_portion_of_long_term_debt,current portion of long term debt,GLP,"December 31, 2024",M_USD,5074.0,6966_current_portion_of_long_term_debt_current_quarter_end,current_portion_of_long_term_debt,current portion of long term debt,GLP,"October 31, 2025",M_USD,5698.0,,,,,,,,,,,,,,,,,,,,,,,,,,,,,,,,,,,,,,,,,,,,,,,,,,,,,,,,,,,,,,,,,,,,,,,,,,,,,,,,,,,,
99,2,"Give the result of free cash flow scaled by ratio of cost of sales to repayments of debt for SCI in Six Months Ended July 31, 2024 .","mul(free_cash_flow, ratio(5145_cost_of_sales_prior_year_ytd, 5267_repayments_of_debt_prior_ytd))","{""op"": ""mul"", ""left"": {""derived"": ""free_cash_flow"", ""expanded"": {""op"": ""sum"", ""left"": {""leaf"": ""5233_net_cash_from_operating_prior_ytd"", ""depth"": 0}, ""right"": {""leaf"": ""5235_capital_expenditures_prior_ytd"", ""depth"": 0}, ""depth"": 1}, ""depth"": 1}, ""right"": {""op"": ""ratio"", ""left"": {""leaf"": ""5145_cost_of_sales_prior_year_ytd"", ""depth"": 0}, ""right"": {""leaf"": ""5267_repayments_of_debt_prior_ytd"", ""depth"": 0}, ""depth"": 1}, ""depth"": 2}","{""op"": ""mul"", ""left"": {""kind"": ""derived_concept"", ""name"": ""free_cash_flow"", ""depth"": 0}, ""right"": {""op"": ""ratio"", ""left"": {""kind"": ""leaf"", ""semantic_type_in"": [""amount""], ""depth"": 0}, ""right"": {""kind"": ""leaf"", ""semantic_type_in"": [""amount""], ""depth"": 0}, ""depth"": 1, ""kind"": ""node""}, ""depth"": 2, ""kind"": ""node""}",-123921.76923076922,3,2,2,336012520,561208623,42,0.403,2,3,4,5233_net_cash_from_operating_prior_ytd,net_cash_from_operating,net cash from operating,SCI,"Six Months Ended July 31, 2024",M_USD,1762.0,5235_capital_expenditures_prior_ytd,capital_expenditures,capital expenditures,SCI,"Six Months Ended July 31, 2024",M_USD,-255.0,5145_cost_of_sales_prior_year_ytd,cost_of_sales,cost of sales,SCI,"Six Months Ended July 31, 2024",M_USD,6414.0,5267_repayments_of_debt_prior_ytd,repayments_of_debt,repayments of debt,SCI,"Six Months Ended July 31, 2024",M_USD,-78.0,,,,,,,,,,,,,,,,,,,,,,,,,,,,,,,,,,,,,,,,,,,,,,,,,,,,,,,,,,,,,,,,,,,,,,
100,2,"could you give the average other non current liabilities for NVH from December 31, 2024 to October 31, 2025?","ratio(sum(6673_other_non_current_liabilities_prior_fy_end, 6672_other_non_current_liabilities_current_quarter_end), 2.0)","{""op"": ""ratio"", ""left"": {""op"": ""sum"", ""left"": {""leaf"": ""6673_other_non_current_liabilities_prior_fy_end"", ""depth"": 0}, ""right"": {""leaf"": ""6672_other_non_current_liabilities_current_quarter_end"", ""depth"": 0}, ""depth"": 1}, ""right"": {""literal"": 2.0, ""depth"": 0}, ""depth"": 2}","{""kind"": ""time_agg"", ""op"": ""avg"", ""depth"": 0}",1027.5,4,0,2,970297464,175362844,42,0.328,0,1,2,6673_other_non_current_liabilities_prior_fy_end,other_non_current_liabilities,other non current liabilities,NVH,"December 31, 2024",M_USD,987.0,6672_other_non_current_liabilities_current_quarter_end,other_non_current_liabilities,other non current liabilities,NVH,"October 31, 2025",M_USD,1068.0,,,,,,,,,,,,,,,,,,,,,,,,,,,,,,,,,,,,,,,,,,,,,,,,,,,,,,,,,,,,,,,,,,,,,,,,,,,,,,,,,,,,
106,2,"May you calculate the average gross profit for PLX from Three Months Ended July 31, 2025 to Three Months Ended July 31, 2026 ?","ratio(sum(4215_gross_profit_prior_year_quarter, 4214_gross_profit_current_quarter), 2.0)","{""op"": ""ratio"", ""left"": {""op"": ""sum"", ""left"": {""leaf"": ""4215_gross_profit_prior_year_quarter"", ""depth"": 0}, ""right"": {""leaf"": ""4214_gross_profit_current_quarter"", ""depth"": 0}, ""depth"": 1}, ""right"": {""literal"": 2.0, ""depth"": 0}, ""depth"": 2}","{""kind"": ""time_agg"", ""op"": ""avg"", ""depth"": 0}",12006.5,2,0,2,765817007,166957491,42,0.171,0,1,2,4215_gross_profit_prior_year_quarter,gross_profit,gross profit,PLX,"Three Months Ended July 31, 2025",M_USD,11921.0,4214_gross_profit_current_quarter,gross_profit,gross profit,PLX,"Three Months Ended July 31, 2026",M_USD,12092.0,,,,,,,,,,,,,,,,,,,,,,,,,,,,,,,,,,,,,,,,,,,,,,,,,,,,,,,,,,,,,,,,,,,,,,,,,,,,,,,,,,,,
117,2,"which result follows from the average depreciation and amortization for MDI from Nine Months Ended October 31, 2024 to Nine Months Ended October 31, 2025 ?","ratio(sum(5573_depreciation_and_amortization_prior_ytd, 5572_depreciation_and_amortization_current_ytd), 2.0)","{""op"": ""ratio"", ""left"": {""op"": ""sum"", ""left"": {""leaf"": ""5573_depreciation_and_amortization_prior_ytd"", ""depth"": 0}, ""right"": {""leaf"": ""5572_depreciation_and_amortization_current_ytd"", ""depth"": 0}, ""depth"": 1}, ""right"": {""literal"": 2.0, ""depth"": 0}, ""depth"": 2}","{""kind"": ""time_agg"", ""op"": ""avg"", ""depth"": 0}",2278.0,4,0,2,700831233,689225036,42,0.514,0,1,2,5573_depreciation_and_amortization_prior_ytd,depreciation_and_amortization,depreciation and amortization,MDI,"Nine Months Ended October 31, 2024",M_USD,2138.0,5572_depreciation_and_amortization_current_ytd,depreciation_and_amortization,depreciation and amortization,MDI,"Nine Months Ended October 31, 2025",M_USD,2418.0,,,,,,,,,,,,,,,,,,,,,,,,,,,,,,,,,,,,,,,,,,,,,,,,,,,,,,,,,,,,,,,,,,,,,,,,,,,,,,,,,,,,
121,2,"provide the average research and development for TRU from Three Months Ended July 31, 2024 to Three Months Ended July 31, 2025 .","ratio(sum(813_research_and_development_prior_year_quarter, 812_research_and_development_current_quarter), 2.0)","{""op"": ""ratio"", ""left"": {""op"": ""sum"", ""left"": {""leaf"": ""813_research_and_development_prior_year_quarter"", ""depth"": 0}, ""right"": {""leaf"": ""812_research_and_development_current_quarter"", ""depth"": 0}, ""depth"": 1}, ""right"": {""literal"": 2.0, ""depth"": 0}, ""depth"": 2}","{""kind"": ""time_agg"", ""op"": ""avg"", ""depth"": 0}",48.0,5,0,2,201495110,451160662,42,0.487,0,1,2,813_research_and_development_prior_year_quarter,research_and_development,research and development,TRU,"Three Months Ended July 31, 2024",M_USD,45.0,812_research_and_development_current_quarter,research_and_development,research and development,TRU,"Three Months Ended July 31, 2025",M_USD,51.0,,,,,,,,,,,,,,,,,,,,,,,,,,,,,,,,,,,,,,,,,,,,,,,,,,,,,,,,,,,,,,,,,,,,,,,,,,,,,,,,,,,,
123,2,"Whats the value of the average accrued expenses and other for CNS from December 31, 2024 to April 30, 2025 ?","ratio(sum(5992_accrued_expenses_and_other_current_quarter_end, 5993_accrued_expenses_and_other_prior_fy_end), 2.0)","{""op"": ""ratio"", ""left"": {""op"": ""sum"", ""left"": {""leaf"": ""5992_accrued_expenses_and_other_current_quarter_end"", ""depth"": 0}, ""right"": {""leaf"": ""5993_accrued_expenses_and_other_prior_fy_end"", ""depth"": 0}, ""depth"": 1}, ""right"": {""literal"": 2.0, ""depth"": 0}, ""depth"": 2}","{""kind"": ""time_agg"", ""op"": ""avg"", ""depth"": 0}",327.0,2,0,2,411292349,460971296,42,0.384,0,1,2,5992_accrued_expenses_and_other_current_quarter_end,accrued_expenses_and_other,accrued expenses and other,CNS,"April 30, 2025",M_USD,341.0,5993_accrued_expenses_and_other_prior_fy_end,accrued_expenses_and_other,accrued expenses and other,CNS,"December 31, 2024",M_USD,313.0,,,,,,,,,,,,,,,,,,,,,,,,,,,,,,,,,,,,,,,,,,,,,,,,,,,,,,,,,,,,,,,,,,,,,,,,,,,,,,,,,,,,
131,2,"you should calculate the average net cash from operating for BLD from Six Months Ended July 31, 2024 to Six Months Ended July 31, 2025","ratio(sum(2733_net_cash_from_operating_prior_ytd, 2732_net_cash_from_operating_current_ytd), 2.0)","{""op"": ""ratio"", ""left"": {""op"": ""sum"", ""left"": {""leaf"": ""2733_net_cash_from_operating_prior_ytd"", ""depth"": 0}, ""right"": {""leaf"": ""2732_net_cash_from_operating_current_ytd"", ""depth"": 0}, ""depth"": 1}, ""right"": {""literal"": 2.0, ""depth"": 0}, ""depth"": 2}","{""kind"": ""time_agg"", ""op"": ""avg"", ""depth"": 0}",2148.5,4,0,2,502411429,947495757,42,0.238,0,1,2,2733_net_cash_from_operating_prior_ytd,net_cash_from_operating,net cash from operating,BLD,"Six Months Ended July 31, 2024",M_USD,2250.0,2732_net_cash_from_operating_current_ytd,net_cash_from_operating,net cash from operating,BLD,"Six Months Ended July 31, 2025",M_USD,2047.0,,,,,,,,,,,,,,,,,,,,,,,,,,,,,,,,,,,,,,,,,,,,,,,,,,,,,,,,,,,,,,,,,,,,,,,,,,,,,,,,,,,,
132,2,"What is the average operating income for AVX from Three Months Ended October 31, 2024 to Three Months Ended October 31, 2025 ?","ratio(sum(1413_operating_income_prior_year_quarter, 1412_operating_income_current_quarter), 2.0)","{""op"": ""ratio"", ""left"": {""op"": ""sum"", ""left"": {""leaf"": ""1413_operating_income_prior_year_quarter"", ""depth"": 0}, ""right"": {""leaf"": ""1412_operating_income_current_quarter"", ""depth"": 0}, ""depth"": 1}, ""right"": {""literal"": 2.0, ""depth"": 0}, ""depth"": 2}","{""kind"": ""time_agg"", ""op"": ""avg"", ""depth"": 0}",308.5,3,0,2,540312926,226323450,42,0.551,0,1,2,1413_operating_income_prior_year_quarter,operating_income,operating income,AVX,"Three Months Ended October 31, 2024",M_USD,311.0,1412_operating_income_current_quarter,operating_income,operating income,AVX,"Three Months Ended October 31, 2025",M_USD,306.0,,,,,,,,,,,,,,,,,,,,,,,,,,,,,,,,,,,,,,,,,,,,,,,,,,,,,,,,,,,,,,,,,,,,,,,,,,,,,,,,,,,,
137,2,"Determine the average depreciation and amortization for VTL from Three Months Ended April 30, 2024 to Three Months Ended April 30, 2025","ratio(sum(75_depreciation_and_amortization_prior_ytd, 74_depreciation_and_amortization_current_ytd), 2.0)","{""op"": ""ratio"", ""left"": {""op"": ""sum"", ""left"": {""leaf"": ""75_depreciation_and_amortization_prior_ytd"", ""depth"": 0}, ""right"": {""leaf"": ""74_depreciation_and_amortization_current_ytd"", ""depth"": 0}, ""depth"": 1}, ""right"": {""literal"": 2.0, ""depth"": 0}, ""depth"": 2}","{""kind"": ""time_agg"", ""op"": ""avg"", ""depth"": 0}",53.5,1,0,2,754938030,896578131,42,0.273,0,1,2,75_depreciation_and_amortization_prior_ytd,depreciation_and_amortization,depreciation and amortization,VTL,"Three Months Ended April 30, 2024",M_USD,53.0,74_depreciation_and_amortization_current_ytd,depreciation_and_amortization,depreciation and amortization,VTL,"Three Months Ended April 30, 2025",M_USD,54.0,,,,,,,,,,,,,,,,,,,,,,,,,,,,,,,,,,,,,,,,,,,,,,,,,,,,,,,,,,,,,,,,,,,,,,,,,,,,,,,,,,,,
140,2,"what is the average total current liabilities for AST from December 31, 2024 to July 31, 2025?","ratio(sum(4887_total_current_liabilities_prior_fy_end, 4886_total_current_liabilities_current_quarter_end), 2.0)","{""op"": ""ratio"", ""left"": {""op"": ""sum"", ""left"": {""leaf"": ""4887_total_current_liabilities_prior_fy_end"", ""depth"": 0}, ""right"": {""leaf"": ""4886_total_current_liabilities_current_quarter_end"", ""depth"": 0}, ""depth"": 1}, ""right"": {""literal"": 2.0, ""depth"": 0}, ""depth"": 2}","{""kind"": ""time_agg"", ""op"": ""avg"", ""depth"": 0}",5692.0,3,0,2,178654244,990369637,42,0.543,0,1,2,4887_total_current_liabilities_prior_fy_end,total_current_liabilities,total current liabilities,AST,"December 31, 2024",M_USD,5674.0,4886_total_current_liabilities_current_quarter_end,total_current_liabilities,total current liabilities,AST,"July 31, 2025",M_USD,5710.0,,,,,,,,,,,,,,,,,,,,,,,,,,,,,,,,,,,,,,,,,,,,,,,,,,,,,,,,,,,,,,,,,,,,,,,,,,,,,,,,,,,,
141,2,"Whats the value of the sum of minimum of inventories for CNS from December 31, 2024 to April 30, 2025 and maximum of net income for CNS from Three Months Ended April 30, 2024 to Three Months Ended April 30, 2025 ?","sum(min(5970_inventories_current_quarter_end, 5971_inventories_prior_fy_end), max(5959_net_income_prior_year_quarter, 5958_net_income_current_quarter))","{""op"": ""sum"", ""left"": {""op"": ""min"", ""left"": {""leaf"": ""5970_inventories_current_quarter_end"", ""depth"": 0}, ""right"": {""leaf"": ""5971_inventories_prior_fy_end"", ""depth"": 0}, ""depth"": 1}, ""right"": {""op"": ""max"", ""left"": {""leaf"": ""5959_net_income_prior_year_quarter"", ""depth"": 0}, ""right"": {""leaf"": ""5958_net_income_current_quarter"", ""depth"": 0}, ""depth"": 1}, ""depth"": 2}","{""op"": ""sum"", ""left"": {""kind"": ""time_agg"", ""op"": ""min"", ""depth"": 0}, ""right"": {""kind"": ""time_agg"", ""op"": ""max"", ""depth"": 0}, ""depth"": 1, ""kind"": ""node""}",770.0,2,1,2,749076127,562732476,42,0.576,1,2,4,5970_inventories_current_quarter_end,inventories,inventories,CNS,"April 30, 2025",M_USD,95.0,5971_inventories_prior_fy_end,inventories,inventories,CNS,"December 31, 2024",M_USD,87.0,5959_net_income_prior_year_quarter,net_income,net income,CNS,"Three Months Ended April 30, 2024",M_USD,647.0,5958_net_income_current_quarter,net_income,net income,CNS,"Three Months Ended April 30, 2025",M_USD,683.0,,,,,,,,,,,,,,,,,,,,,,,,,,,,,,,,,,,,,,,,,,,,,,,,,,,,,,,,,,,,,,,,,,,,,,
146,2,"which result follows from the average stock based compensation for JTX from Three Months Ended April 30, 2024 to Three Months Ended April 30, 2025 ?","ratio(sum(4029_stock_based_compensation_prior_ytd, 4028_stock_based_compensation_current_ytd), 2.0)","{""op"": ""ratio"", ""left"": {""op"": ""sum"", ""left"": {""leaf"": ""4029_stock_based_compensation_prior_ytd"", ""depth"": 0}, ""right"": {""leaf"": ""4028_stock_based_compensation_current_ytd"", ""depth"": 0}, ""depth"": 1}, ""right"": {""literal"": 2.0, ""depth"": 0}, ""depth"": 2}","{""kind"": ""time_agg"", ""op"": ""avg"", ""depth"": 0}",301.0,4,0,2,433878789,59385890,42,0.277,0,1,2,4029_stock_based_compensation_prior_ytd,stock_based_compensation,stock based compensation,JTX,"Three Months Ended April 30, 2024",M_USD,298.0,4028_stock_based_compensation_current_ytd,stock_based_compensation,stock based compensation,JTX,"Three Months Ended April 30, 2025",M_USD,304.0,,,,,,,,,,,,,,,,,,,,,,,,,,,,,,,,,,,,,,,,,,,,,,,,,,,,,,,,,,,,,,,,,,,,,,,,,,,,,,,,,,,,
147,2,"which value corresponds to the income before taxes for HLT in Three Months Ended October 31, 2025",income_before_taxes,"{""derived"": ""income_before_taxes"", ""expanded"": {""op"": ""sum"", ""left"": {""derived"": ""operating_income"", ""expanded"": {""op"": ""diff"", ""left"": {""leaf"": ""628_total_revenues_current_quarter"", ""depth"": 0}, ""right"": {""leaf"": ""648_total_costs_and_expenses_current_quarter"", ""depth"": 0}, ""depth"": 1}, ""depth"": 1}, ""right"": {""leaf"": ""656_other_income_expense_net_current_quarter"", ""depth"": 0}, ""depth"": 2}, ""depth"": 2}","{""kind"": ""derived_concept"", ""name"": ""income_before_taxes"", ""depth"": 0}",3554.0,4,0,2,832410732,786461149,42,0.512,0,1,3,628_total_revenues_current_quarter,total_revenues,total revenues,HLT,"Three Months Ended October 31, 2025",M_USD,15036.0,648_total_costs_and_expenses_current_quarter,total_costs_and_expenses,total costs and expenses,HLT,"Three Months Ended October 31, 2025",M_USD,11558.0,656_other_income_expense_net_current_quarter,other_income_expense_net,other income expense net,HLT,"Three Months Ended October 31, 2025",M_USD,76.0,,,,,,,,,,,,,,,,,,,,,,,,,,,,,,,,,,,,,,,,,,,,,,,,,,,,,,,,,,,,,,,,,,,,,,,,,,,,,
162,2,"what do we obtain as the sum of total costs and expenses and free cash flow for FAB in Six Months Ended July 31, 2025 ?","sum(3816_total_costs_and_expenses_current_ytd, free_cash_flow)","{""op"": ""sum"", ""left"": {""leaf"": ""3816_total_costs_and_expenses_current_ytd"", ""depth"": 0}, ""right"": {""derived"": ""free_cash_flow"", ""expanded"": {""op"": ""sum"", ""left"": {""leaf"": ""3888_net_cash_from_operating_current_ytd"", ""depth"": 0}, ""right"": {""leaf"": ""3890_capital_expenditures_current_ytd"", ""depth"": 0}, ""depth"": 1}, ""depth"": 1}, ""depth"": 2}","{""op"": ""sum"", ""left"": {""kind"": ""leaf"", ""semantic_type_in"": [""amount""], ""depth"": 0}, ""right"": {""kind"": ""derived_concept"", ""name"": ""free_cash_flow"", ""depth"": 0}, ""depth"": 1, ""kind"": ""node""}",59519.0,3,1,2,32851685,358399824,42,0.159,1,2,3,3816_total_costs_and_expenses_current_ytd,total_costs_and_expenses,total costs and expenses,FAB,"Six Months Ended July 31, 2025",M_USD,46710.0,3888_net_cash_from_operating_current_ytd,net_cash_from_operating,net cash from operating,FAB,"Six Months Ended July 31, 2025",M_USD,15626.0,3890_capital_expenditures_current_ytd,capital_expenditures,capital expenditures,FAB,"Six Months Ended July 31, 2025",M_USD,-2817.0,,,,,,,,,,,,,,,,,,,,,,,,,,,,,,,,,,,,,,,,,,,,,,,,,,,,,,,,,,,,,,,,,,,,,,,,,,,,,
163,2,"what would be the average other non current liabilities for FAB from December 31, 2024 to July 31, 2025 ?","ratio(sum(3879_other_non_current_liabilities_prior_fy_end, 3878_other_non_current_liabilities_current_quarter_end), 2.0)","{""op"": ""ratio"", ""left"": {""op"": ""sum"", ""left"": {""leaf"": ""3879_other_non_current_liabilities_prior_fy_end"", ""depth"": 0}, ""right"": {""leaf"": ""3878_other_non_current_liabilities_current_quarter_end"", ""depth"": 0}, ""depth"": 1}, ""right"": {""literal"": 2.0, ""depth"": 0}, ""depth"": 2}","{""kind"": ""time_agg"", ""op"": ""avg"", ""depth"": 0}",1467.0,2,0,2,93974088,43411204,42,0.546,0,1,2,3879_other_non_current_liabilities_prior_fy_end,other_non_current_liabilities,other non current liabilities,FAB,"December 31, 2024",M_USD,1478.0,3878_other_non_current_liabilities_current_quarter_end,other_non_current_liabilities,other non current liabilities,FAB,"July 31, 2025",M_USD,1456.0,,,,,,,,,,,,,,,,,,,,,,,,,,,,,,,,,,,,,,,,,,,,,,,,,,,,,,,,,,,,,,,,,,,,,,,,,,,,,,,,,,,,
168,2,"may you calculate the average cash and cash equivalents for PRD from December 31, 2024 to October 31, 2025","ratio(sum(1891_cash_and_cash_equivalents_prior_fy_end, 1890_cash_and_cash_equivalents_current_quarter_end), 2.0)","{""op"": ""ratio"", ""left"": {""op"": ""sum"", ""left"": {""leaf"": ""1891_cash_and_cash_equivalents_prior_fy_end"", ""depth"": 0}, ""right"": {""leaf"": ""1890_cash_and_cash_equivalents_current_quarter_end"", ""depth"": 0}, ""depth"": 1}, ""right"": {""literal"": 2.0, ""depth"": 0}, ""depth"": 2}","{""kind"": ""time_agg"", ""op"": ""avg"", ""depth"": 0}",2423.5,4,0,2,2939166,112310447,42,0.486,0,1,2,1891_cash_and_cash_equivalents_prior_fy_end,cash_and_cash_equivalents,cash and cash equivalents,PRD,"December 31, 2024",M_USD,2301.0,1890_cash_and_cash_equivalents_current_quarter_end,cash_and_cash_equivalents,cash and cash equivalents,PRD,"October 31, 2025",M_USD,2546.0,,,,,,,,,,,,,,,,,,,,,,,,,,,,,,,,,,,,,,,,,,,,,,,,,,,,,,,,,,,,,,,,,,,,,,,,,,,,,,,,,,,,
174,2,"Evaluate the average total current assets for CRF from December 31, 2024 to October 31, 2025","ratio(sum(1741_total_current_assets_prior_fy_end, 1740_total_current_assets_current_quarter_end), 2.0)","{""op"": ""ratio"", ""left"": {""op"": ""sum"", ""left"": {""leaf"": ""1741_total_current_assets_prior_fy_end"", ""depth"": 0}, ""right"": {""leaf"": ""1740_total_current_assets_current_quarter_end"", ""depth"": 0}, ""depth"": 1}, ""right"": {""literal"": 2.0, ""depth"": 0}, ""depth"": 2}","{""kind"": ""time_agg"", ""op"": ""avg"", ""depth"": 0}",5432.5,1,0,2,530328770,805053486,42,0.495,0,1,2,1741_total_current_assets_prior_fy_end,total_current_assets,total current assets,CRF,"December 31, 2024",M_USD,5501.0,1740_total_current_assets_current_quarter_end,total_current_assets,total current assets,CRF,"October 31, 2025",M_USD,5364.0,,,,,,,,,,,,,,,,,,,,,,,,,,,,,,,,,,,,,,,,,,,,,,,,,,,,,,,,,,,,,,,,,,,,,,,,,,,,,,,,,,,,
177,2,"Calculate the average other non current liabilities for MRK from December 31, 2024 to April 30, 2025 .","ratio(sum(7108_other_non_current_liabilities_current_quarter_end, 7109_other_non_current_liabilities_prior_fy_end), 2.0)","{""op"": ""ratio"", ""left"": {""op"": ""sum"", ""left"": {""leaf"": ""7108_other_non_current_liabilities_current_quarter_end"", ""depth"": 0}, ""right"": {""leaf"": ""7109_other_non_current_liabilities_prior_fy_end"", ""depth"": 0}, ""depth"": 1}, ""right"": {""literal"": 2.0, ""depth"": 0}, ""depth"": 2}","{""kind"": ""time_agg"", ""op"": ""avg"", ""depth"": 0}",1075.0,2,0,2,246502547,629568465,42,0.136,0,1,2,7108_other_non_current_liabilities_current_quarter_end,other_non_current_liabilities,other non current liabilities,MRK,"April 30, 2025",M_USD,1108.0,7109_other_non_current_liabilities_prior_fy_end,other_non_current_liabilities,other non current liabilities,MRK,"December 31, 2024",M_USD,1042.0,,,,,,,,,,,,,,,,,,,,,,,,,,,,,,,,,,,,,,,,,,,,,,,,,,,,,,,,,,,,,,,,,,,,,,,,,,,,,,,,,,,,
180,2,"you should give the average total non current liabilities for GBL from December 31, 2024 to April 30, 2025.","ratio(sum(6826_total_non_current_liabilities_current_quarter_end, 6827_total_non_current_liabilities_prior_fy_end), 2.0)","{""op"": ""ratio"", ""left"": {""op"": ""sum"", ""left"": {""leaf"": ""6826_total_non_current_liabilities_current_quarter_end"", ""depth"": 0}, ""right"": {""leaf"": ""6827_total_non_current_liabilities_prior_fy_end"", ""depth"": 0}, ""depth"": 1}, ""right"": {""literal"": 2.0, ""depth"": 0}, ""depth"": 2}","{""kind"": ""time_agg"", ""op"": ""avg"", ""depth"": 0}",8101.0,2,0,2,212945757,475558434,42,0.563,0,1,2,6826_total_non_current_liabilities_current_quarter_end,total_non_current_liabilities,total non current liabilities,GBL,"April 30, 2025",M_USD,8695.0,6827_total_non_current_liabilities_prior_fy_end,total_non_current_liabilities,total non current liabilities,GBL,"December 31, 2024",M_USD,7507.0,,,,,,,,,,,,,,,,,,,,,,,,,,,,,,,,,,,,,,,,,,,,,,,,,,,,,,,,,,,,,,,,,,,,,,,,,,,,,,,,,,,,
188,2,"Compute the average long term debt for PRD from December 31, 2024 to October 31, 2025 .","ratio(sum(1925_long_term_debt_prior_fy_end, 1924_long_term_debt_current_quarter_end), 2.0)","{""op"": ""ratio"", ""left"": {""op"": ""sum"", ""left"": {""leaf"": ""1925_long_term_debt_prior_fy_end"", ""depth"": 0}, ""right"": {""leaf"": ""1924_long_term_debt_current_quarter_end"", ""depth"": 0}, ""depth"": 1}, ""right"": {""literal"": 2.0, ""depth"": 0}, ""depth"": 2}","{""kind"": ""time_agg"", ""op"": ""avg"", ""depth"": 0}",4197.5,2,0,2,737314966,20504826,42,0.264,0,1,2,1925_long_term_debt_prior_fy_end,long_term_debt,long term debt,PRD,"December 31, 2024",M_USD,3985.0,1924_long_term_debt_current_quarter_end,long_term_debt,long term debt,PRD,"October 31, 2025",M_USD,4410.0,,,,,,,,,,,,,,,,,,,,,,,,,,,,,,,,,,,,,,,,,,,,,,,,,,,,,,,,,,,,,,,,,,,,,,,,,,,,,,,,,,,,
189,2,"which value corresponds to the average other non current liabilities for HRZ from December 31, 2024 to April 30, 2025 ?","ratio(sum(7230_other_non_current_liabilities_current_quarter_end, 7231_other_non_current_liabilities_prior_fy_end), 2.0)","{""op"": ""ratio"", ""left"": {""op"": ""sum"", ""left"": {""leaf"": ""7230_other_non_current_liabilities_current_quarter_end"", ""depth"": 0}, ""right"": {""leaf"": ""7231_other_non_current_liabilities_prior_fy_end"", ""depth"": 0}, ""depth"": 1}, ""right"": {""literal"": 2.0, ""depth"": 0}, ""depth"": 2}","{""kind"": ""time_agg"", ""op"": ""avg"", ""depth"": 0}",100.5,2,0,2,958817965,88790935,42,0.191,0,1,2,7230_other_non_current_liabilities_current_quarter_end,other_non_current_liabilities,other non current liabilities,HRZ,"April 30, 2025",M_USD,98.0,7231_other_non_current_liabilities_prior_fy_end,other_non_current_liabilities,other non current liabilities,HRZ,"December 31, 2024",M_USD,103.0,,,,,,,,,,,,,,,,,,,,,,,,,,,,,,,,,,,,,,,,,,,,,,,,,,,,,,,,,,,,,,,,,,,,,,,,,,,,,,,,,,,,
194,2,"what's the value of the sum of minimum of provision for income taxes for CLD from Three Months Ended April 30, 2024 to Three Months Ended April 30, 2025 and maximum of research and development for CLD from Three Months Ended April 30, 2024 to Three Months Ended April 30, 2025?","sum(min(3151_provision_for_income_taxes_prior_year_quarter, 3150_provision_for_income_taxes_current_quarter), max(3141_research_and_development_prior_year_quarter, 3140_research_and_development_current_quarter))","{""op"": ""sum"", ""left"": {""op"": ""min"", ""left"": {""leaf"": ""3151_provision_for_income_taxes_prior_year_quarter"", ""depth"": 0}, ""right"": {""leaf"": ""3150_provision_for_income_taxes_current_quarter"", ""depth"": 0}, ""depth"": 1}, ""right"": {""op"": ""max"", ""left"": {""leaf"": ""3141_research_and_development_prior_year_quarter"", ""depth"": 0}, ""right"": {""leaf"": ""3140_research_and_development_current_quarter"", ""depth"": 0}, ""depth"": 1}, ""depth"": 2}","{""op"": ""sum"", ""left"": {""kind"": ""time_agg"", ""op"": ""min"", ""depth"": 0}, ""right"": {""kind"": ""time_agg"", ""op"": ""max"", ""depth"": 0}, ""depth"": 1, ""kind"": ""node""}",2413.0,3,1,2,605284894,724925532,42,0.35,1,2,4,3151_provision_for_income_taxes_prior_year_quarter,provision_for_income_taxes,provision for income taxes,CLD,"Three Months Ended April 30, 2024",M_USD,342.0,3150_provision_for_income_taxes_current_quarter,provision_for_income_taxes,provision for income taxes,CLD,"Three Months Ended April 30, 2025",M_USD,354.0,3141_research_and_development_prior_year_quarter,research_and_development,research and development,CLD,"Three Months Ended April 30, 2024",M_USD,2000.0,3140_research_and_development_current_quarter,research_and_development,research and development,CLD,"Three Months Ended April 30, 2025",M_USD,2071.0,,,,,,,,,,,,,,,,,,,,,,,,,,,,,,,,,,,,,,,,,,,,,,,,,,,,,,,,,,,,,,,,,,,,,,
199,2,"may you give the sum of repayments of debt and free cash flow for QRK in Six Months Ended April 30, 2025 ?","sum(3571_repayments_of_debt_prior_ytd, free_cash_flow)","{""op"": ""sum"", ""left"": {""leaf"": ""3571_repayments_of_debt_prior_ytd"", ""depth"": 0}, ""right"": {""derived"": ""free_cash_flow"", ""expanded"": {""op"": ""sum"", ""left"": {""leaf"": ""3537_net_cash_from_operating_prior_ytd"", ""depth"": 0}, ""right"": {""leaf"": ""3539_capital_expenditures_prior_ytd"", ""depth"": 0}, ""depth"": 1}, ""depth"": 1}, ""depth"": 2}","{""op"": ""sum"", ""left"": {""kind"": ""leaf"", ""semantic_type_in"": [""amount""], ""depth"": 0}, ""right"": {""kind"": ""derived_concept"", ""name"": ""free_cash_flow"", ""depth"": 0}, ""depth"": 1, ""kind"": ""node""}",50210.0,3,1,2,429824220,732258183,42,0.303,1,2,3,3571_repayments_of_debt_prior_ytd,repayments_of_debt,repayments of debt,QRK,"Six Months Ended April 30, 2025",M_USD,-2571.0,3537_net_cash_from_operating_prior_ytd,net_cash_from_operating,net cash from operating,QRK,"Six Months Ended April 30, 2025",M_USD,63919.0,3539_capital_expenditures_prior_ytd,capital_expenditures,capital expenditures,QRK,"Six Months Ended April 30, 2025",M_USD,-11138.0,,,,,,,,,,,,,,,,,,,,,,,,,,,,,,,,,,,,,,,,,,,,,,,,,,,,,,,,,,,,,,,,,,,,,,,,,,,,,
201,2,"which result follows from the average operating income for INF from Six Months Ended July 31, 2024 to Six Months Ended July 31, 2025","ratio(sum(3645_operating_income_prior_year_ytd, 3644_operating_income_current_ytd), 2.0)","{""op"": ""ratio"", ""left"": {""op"": ""sum"", ""left"": {""leaf"": ""3645_operating_income_prior_year_ytd"", ""depth"": 0}, ""right"": {""leaf"": ""3644_operating_income_current_ytd"", ""depth"": 0}, ""depth"": 1}, ""right"": {""literal"": 2.0, ""depth"": 0}, ""depth"": 2}","{""kind"": ""time_agg"", ""op"": ""avg"", ""depth"": 0}",6016.0,5,0,2,873673014,471725263,42,0.131,0,1,2,3645_operating_income_prior_year_ytd,operating_income,operating income,INF,"Six Months Ended July 31, 2024",M_USD,5774.0,3644_operating_income_current_ytd,operating_income,operating income,INF,"Six Months Ended July 31, 2025",M_USD,6258.0,,,,,,,,,,,,,,,,,,,,,,,,,,,,,,,,,,,,,,,,,,,,,,,,,,,,,,,,,,,,,,,,,,,,,,,,,,,,,,,,,,,,
204,2,"what is the average net cash from operating for BLD from Six Months Ended July 31, 2024 to Six Months Ended July 31, 2025 ?","ratio(sum(2733_net_cash_from_operating_prior_ytd, 2732_net_cash_from_operating_current_ytd), 2.0)","{""op"": ""ratio"", ""left"": {""op"": ""sum"", ""left"": {""leaf"": ""2733_net_cash_from_operating_prior_ytd"", ""depth"": 0}, ""right"": {""leaf"": ""2732_net_cash_from_operating_current_ytd"", ""depth"": 0}, ""depth"": 1}, ""right"": {""literal"": 2.0, ""depth"": 0}, ""depth"": 2}","{""kind"": ""time_agg"", ""op"": ""avg"", ""depth"": 0}",2148.5,2,0,2,289490164,107115374,42,0.179,0,1,2,2733_net_cash_from_operating_prior_ytd,net_cash_from_operating,net cash from operating,BLD,"Six Months Ended July 31, 2024",M_USD,2250.0,2732_net_cash_from_operating_current_ytd,net_cash_from_operating,net cash from operating,BLD,"Six Months Ended July 31, 2025",M_USD,2047.0,,,,,,,,,,,,,,,,,,,,,,,,,,,,,,,,,,,,,,,,,,,,,,,,,,,,,,,,,,,,,,,,,,,,,,,,,,,,,,,,,,,,
205,2,"may you calculate the average net income for PRD from Nine Months Ended October 31, 2024 to Nine Months Ended October 31, 2025?","ratio(sum(1881_net_income_prior_year_ytd, 1880_net_income_current_ytd), 2.0)","{""op"": ""ratio"", ""left"": {""op"": ""sum"", ""left"": {""leaf"": ""1881_net_income_prior_year_ytd"", ""depth"": 0}, ""right"": {""leaf"": ""1880_net_income_current_ytd"", ""depth"": 0}, ""depth"": 1}, ""right"": {""literal"": 2.0, ""depth"": 0}, ""depth"": 2}","{""kind"": ""time_agg"", ""op"": ""avg"", ""depth"": 0}",9190.5,1,0,2,835098427,134927412,42,0.222,0,1,2,1881_net_income_prior_year_ytd,net_income,net income,PRD,"Nine Months Ended October 31, 2024",M_USD,8616.0,1880_net_income_current_ytd,net_income,net income,PRD,"Nine Months Ended October 31, 2025",M_USD,9765.0,,,,,,,,,,,,,,,,,,,,,,,,,,,,,,,,,,,,,,,,,,,,,,,,,,,,,,,,,,,,,,,,,,,,,,,,,,,,,,,,,,,,
216,2,"You should give the income before taxes for MDI in Three Months Ended October 31, 2024.",income_before_taxes,"{""derived"": ""income_before_taxes"", ""expanded"": {""op"": ""sum"", ""left"": {""derived"": ""operating_income"", ""expanded"": {""op"": ""diff"", ""left"": {""leaf"": ""5475_total_revenues_prior_year_quarter"", ""depth"": 0}, ""right"": {""leaf"": ""5495_total_costs_and_expenses_prior_year_quarter"", ""depth"": 0}, ""depth"": 1}, ""depth"": 1}, ""right"": {""leaf"": ""5503_other_income_expense_net_prior_year_quarter"", ""depth"": 0}, ""depth"": 2}, ""depth"": 2}","{""kind"": ""derived_concept"", ""name"": ""income_before_taxes"", ""depth"": 0}",3296.0,3,0,2,684186371,464740834,42,0.402,0,1,3,5475_total_revenues_prior_year_quarter,total_revenues,total revenues,MDI,"Three Months Ended October 31, 2024",M_USD,16497.0,5495_total_costs_and_expenses_prior_year_quarter,total_costs_and_expenses,total costs and expenses,MDI,"Three Months Ended October 31, 2024",M_USD,13190.0,5503_other_income_expense_net_prior_year_quarter,other_income_expense_net,other income expense net,MDI,"Three Months Ended October 31, 2024",M_USD,-11.0,,,,,,,,,,,,,,,,,,,,,,,,,,,,,,,,,,,,,,,,,,,,,,,,,,,,,,,,,,,,,,,,,,,,,,,,,,,,,
219,2,"What do we obtain as the average short term investments for FNB from December 31, 2024 to October 31, 2025","ratio(sum(6119_short_term_investments_prior_fy_end, 6118_short_term_investments_current_quarter_end), 2.0)","{""op"": ""ratio"", ""left"": {""op"": ""sum"", ""left"": {""leaf"": ""6119_short_term_investments_prior_fy_end"", ""depth"": 0}, ""right"": {""leaf"": ""6118_short_term_investments_current_quarter_end"", ""depth"": 0}, ""depth"": 1}, ""right"": {""literal"": 2.0, ""depth"": 0}, ""depth"": 2}","{""kind"": ""time_agg"", ""op"": ""avg"", ""depth"": 0}",3575.0,3,0,2,431052131,54715416,42,0.406,0,1,2,6119_short_term_investments_prior_fy_end,short_term_investments,short term investments,FNB,"December 31, 2024",M_USD,3518.0,6118_short_term_investments_current_quarter_end,short_term_investments,short term investments,FNB,"October 31, 2025",M_USD,3632.0,,,,,,,,,,,,,,,,,,,,,,,,,,,,,,,,,,,,,,,,,,,,,,,,,,,,,,,,,,,,,,,,,,,,,,,,,,,,,,,,,,,,
224,2,"You should calculate the average gross profit for CLR from Three Months Ended October 31, 2024 to Three Months Ended October 31, 2025 .","ratio(sum(141_gross_profit_prior_year_quarter, 140_gross_profit_current_quarter), 2.0)","{""op"": ""ratio"", ""left"": {""op"": ""sum"", ""left"": {""leaf"": ""141_gross_profit_prior_year_quarter"", ""depth"": 0}, ""right"": {""leaf"": ""140_gross_profit_current_quarter"", ""depth"": 0}, ""depth"": 1}, ""right"": {""literal"": 2.0, ""depth"": 0}, ""depth"": 2}","{""kind"": ""time_agg"", ""op"": ""avg"", ""depth"": 0}",5912.0,3,0,2,904708909,397082311,42,0.311,0,1,2,141_gross_profit_prior_year_quarter,gross_profit,gross profit,CLR,"Three Months Ended October 31, 2024",M_USD,6165.0,140_gross_profit_current_quarter,gross_profit,gross profit,CLR,"Three Months Ended October 31, 2025",M_USD,5659.0,,,,,,,,,,,,,,,,,,,,,,,,,,,,,,,,,,,,,,,,,,,,,,,,,,,,,,,,,,,,,,,,,,,,,,,,,,,,,,,,,,,,
228,2,"what's the value of the average total non current liabilities for CIV from December 31, 2024 to October 31, 2025 ?","ratio(sum(2885_total_non_current_liabilities_prior_fy_end, 2884_total_non_current_liabilities_current_quarter_end), 2.0)","{""op"": ""ratio"", ""left"": {""op"": ""sum"", ""left"": {""leaf"": ""2885_total_non_current_liabilities_prior_fy_end"", ""depth"": 0}, ""right"": {""leaf"": ""2884_total_non_current_liabilities_current_quarter_end"", ""depth"": 0}, ""depth"": 1}, ""right"": {""literal"": 2.0, ""depth"": 0}, ""depth"": 2}","{""kind"": ""time_agg"", ""op"": ""avg"", ""depth"": 0}",941.0,2,0,2,815478157,20751995,42,0.503,0,1,2,2885_total_non_current_liabilities_prior_fy_end,total_non_current_liabilities,total non current liabilities,CIV,"December 31, 2024",M_USD,909.0,2884_total_non_current_liabilities_current_quarter_end,total_non_current_liabilities,total non current liabilities,CIV,"October 31, 2025",M_USD,973.0,,,,,,,,,,,,,,,,,,,,,,,,,,,,,,,,,,,,,,,,,,,,,,,,,,,,,,,,,,,,,,,,,,,,,,,,,,,,,,,,,,,,
229,2,"could you give the average total costs and expenses for MTX from Nine Months Ended October 31, 2024 to Nine Months Ended October 31, 2025","ratio(sum(5337_total_costs_and_expenses_prior_year_ytd, 5336_total_costs_and_expenses_current_ytd), 2.0)","{""op"": ""ratio"", ""left"": {""op"": ""sum"", ""left"": {""leaf"": ""5337_total_costs_and_expenses_prior_year_ytd"", ""depth"": 0}, ""right"": {""leaf"": ""5336_total_costs_and_expenses_current_ytd"", ""depth"": 0}, ""depth"": 1}, ""right"": {""literal"": 2.0, ""depth"": 0}, ""depth"": 2}","{""kind"": ""time_agg"", ""op"": ""avg"", ""depth"": 0}",62533.5,5,0,2,259486864,983418438,42,0.103,0,1,2,5337_total_costs_and_expenses_prior_year_ytd,total_costs_and_expenses,total costs and expenses,MTX,"Nine Months Ended October 31, 2024",M_USD,62940.0,5336_total_costs_and_expenses_current_ytd,total_costs_and_expenses,total costs and expenses,MTX,"Nine Months Ended October 31, 2025",M_USD,62127.0,,,,,,,,,,,,,,,,,,,,,,,,,,,,,,,,,,,,,,,,,,,,,,,,,,,,,,,,,,,,,,,,,,,,,,,,,,,,,,,,,,,,
236,2,"what is the income before taxes for AST in Three Months Ended July 31, 2024 ?",income_before_taxes,"{""derived"": ""income_before_taxes"", ""expanded"": {""op"": ""sum"", ""left"": {""derived"": ""operating_income"", ""expanded"": {""op"": ""diff"", ""left"": {""leaf"": ""4811_total_revenues_prior_year_quarter"", ""depth"": 0}, ""right"": {""leaf"": ""4827_total_costs_and_expenses_prior_year_quarter"", ""depth"": 0}, ""depth"": 1}, ""depth"": 1}, ""right"": {""leaf"": ""4835_other_income_expense_net_prior_year_quarter"", ""depth"": 0}, ""depth"": 2}, ""depth"": 2}","{""kind"": ""derived_concept"", ""name"": ""income_before_taxes"", ""depth"": 0}",5776.0,5,0,2,181962431,669912818,42,0.498,0,1,3,4811_total_revenues_prior_year_quarter,total_revenues,total revenues,AST,"Three Months Ended July 31, 2024",M_USD,20623.0,4827_total_costs_and_expenses_prior_year_quarter,total_costs_and_expenses,total costs and expenses,AST,"Three Months Ended July 31, 2024",M_USD,15180.0,4835_other_income_expense_net_prior_year_quarter,other_income_expense_net,other income expense net,AST,"Three Months Ended July 31, 2024",M_USD,333.0,,,,,,,,,,,,,,,,,,,,,,,,,,,,,,,,,,,,,,,,,,,,,,,,,,,,,,,,,,,,,,,,,,,,,,,,,,,,,
238,2,"Determine the average deferred revenue current for ZNX from December 31, 2024 to July 31, 2025.","ratio(sum(6311_deferred_revenue_current_prior_fy_end, 6310_deferred_revenue_current_current_quarter_end), 2.0)","{""op"": ""ratio"", ""left"": {""op"": ""sum"", ""left"": {""leaf"": ""6311_deferred_revenue_current_prior_fy_end"", ""depth"": 0}, ""right"": {""leaf"": ""6310_deferred_revenue_current_current_quarter_end"", ""depth"": 0}, ""depth"": 1}, ""right"": {""literal"": 2.0, ""depth"": 0}, ""depth"": 2}","{""kind"": ""time_agg"", ""op"": ""avg"", ""depth"": 0}",740.0,2,0,2,393874147,543677956,42,0.314,0,1,2,6311_deferred_revenue_current_prior_fy_end,deferred_revenue_current,deferred revenue current,ZNX,"December 31, 2024",M_USD,689.0,6310_deferred_revenue_current_current_quarter_end,deferred_revenue_current,deferred revenue current,ZNX,"July 31, 2025",M_USD,791.0,,,,,,,,,,,,,,,,,,,,,,,,,,,,,,,,,,,,,,,,,,,,,,,,,,,,,,,,,,,,,,,,,,,,,,,,,,,,,,,,,,,,
241,2,"Which result follows from the average prepaid expenses and other for INF from December 31, 2024 to July 31, 2025?","ratio(sum(3675_prepaid_expenses_and_other_prior_fy_end, 3674_prepaid_expenses_and_other_current_quarter_end), 2.0)","{""op"": ""ratio"", ""left"": {""op"": ""sum"", ""left"": {""leaf"": ""3675_prepaid_expenses_and_other_prior_fy_end"", ""depth"": 0}, ""right"": {""leaf"": ""3674_prepaid_expenses_and_other_current_quarter_end"", ""depth"": 0}, ""depth"": 1}, ""right"": {""literal"": 2.0, ""depth"": 0}, ""depth"": 2}","{""kind"": ""time_agg"", ""op"": ""avg"", ""depth"": 0}",605.5,4,0,2,414909754,562399011,42,0.269,0,1,2,3675_prepaid_expenses_and_other_prior_fy_end,prepaid_expenses_and_other,prepaid expenses and other,INF,"December 31, 2024",M_USD,605.0,3674_prepaid_expenses_and_other_current_quarter_end,prepaid_expenses_and_other,prepaid expenses and other,INF,"July 31, 2025",M_USD,606.0,,,,,,,,,,,,,,,,,,,,,,,,,,,,,,,,,,,,,,,,,,,,,,,,,,,,,,,,,,,,,,,,,,,,,,,,,,,,,,,,,,,,
243,2,"what is the value of the average selling general and administrative for CAP from Three Months Ended October 31, 2024 to Three Months Ended October 31, 2025","ratio(sum(5663_selling_general_and_administrative_prior_year_quarter, 5662_selling_general_and_administrative_current_quarter), 2.0)","{""op"": ""ratio"", ""left"": {""op"": ""sum"", ""left"": {""leaf"": ""5663_selling_general_and_administrative_prior_year_quarter"", ""depth"": 0}, ""right"": {""leaf"": ""5662_selling_general_and_administrative_current_quarter"", ""depth"": 0}, ""depth"": 1}, ""right"": {""literal"": 2.0, ""depth"": 0}, ""depth"": 2}","{""kind"": ""time_agg"", ""op"": ""avg"", ""depth"": 0}",8854.5,5,0,2,154595764,416206207,42,0.403,0,1,2,5663_selling_general_and_administrative_prior_year_quarter,selling_general_and_administrative,selling general and administrative,CAP,"Three Months Ended October 31, 2024",M_USD,8670.0,5662_selling_general_and_administrative_current_quarter,selling_general_and_administrative,selling general and administrative,CAP,"Three Months Ended October 31, 2025",M_USD,9039.0,,,,,,,,,,,,,,,,,,,,,,,,,,,,,,,,,,,,,,,,,,,,,,,,,,,,,,,,,,,,,,,,,,,,,,,,,,,,,,,,,,,,
248,2,"Evaluate the result of sum of gross profit and net cash from operating for PLZ in Six Months Ended July 31, 2025 scaled by growth in goodwill for PLZ from December 31, 2024 to July 31, 2025 .","mul(sum(2012_gross_profit_current_ytd, 2096_net_cash_from_operating_current_ytd), growth(2067_goodwill_prior_fy_end, 2066_goodwill_current_quarter_end))","{""op"": ""mul"", ""left"": {""op"": ""sum"", ""left"": {""leaf"": ""2012_gross_profit_current_ytd"", ""depth"": 0}, ""right"": {""leaf"": ""2096_net_cash_from_operating_current_ytd"", ""depth"": 0}, ""depth"": 1}, ""right"": {""op"": ""growth"", ""left"": {""leaf"": ""2067_goodwill_prior_fy_end"", ""depth"": 0}, ""right"": {""leaf"": ""2066_goodwill_current_quarter_end"", ""depth"": 0}, ""depth"": 1}, ""depth"": 2}","{""op"": ""mul"", ""left"": {""op"": ""sum"", ""left"": {""kind"": ""leaf"", ""semantic_type_in"": [""amount""], ""depth"": 0}, ""right"": {""kind"": ""leaf"", ""semantic_type_in"": [""amount""], ""depth"": 0}, ""depth"": 1, ""kind"": ""node""}, ""right"": {""op"": ""growth"", ""left"": {""kind"": ""leaf"", ""semantic_type_in"": [""amount""], ""depth"": 0}, ""right"": {""kind"": ""leaf"", ""semantic_type_in"": [""amount""], ""depth"": 0}, ""depth"": 1, ""kind"": ""node""}, ""depth"": 2, ""kind"": ""node""}",-1596.9055793991417,2,2,2,591313834,240729042,42,0.264,3,4,4,2012_gross_profit_current_ytd,gross_profit,gross profit,PLZ,"Six Months Ended July 31, 2025",M_USD,43096.0,2096_net_cash_from_operating_current_ytd,net_cash_from_operating,net cash from operating,PLZ,"Six Months Ended July 31, 2025",M_USD,17475.0,2067_goodwill_prior_fy_end,goodwill,goodwill,PLZ,"December 31, 2024",M_USD,12704.0,2066_goodwill_current_quarter_end,goodwill,goodwill,PLZ,"July 31, 2025",M_USD,13048.0,,,,,,,,,,,,,,,,,,,,,,,,,,,,,,,,,,,,,,,,,,,,,,,,,,,,,,,,,,,,,,,,,,,,,,
249,2,"could you give the average Other revenue for NVH from Nine Months Ended October 31, 2024 to Nine Months Ended October 31, 2025?","ratio(sum(6761_other_revenue_prior_year_ytd, 6757_other_revenue_current_ytd), 2.0)","{""op"": ""ratio"", ""left"": {""op"": ""sum"", ""left"": {""leaf"": ""6761_other_revenue_prior_year_ytd"", ""depth"": 0}, ""right"": {""leaf"": ""6757_other_revenue_current_ytd"", ""depth"": 0}, ""depth"": 1}, ""right"": {""literal"": 2.0, ""depth"": 0}, ""depth"": 2}","{""kind"": ""time_agg"", ""op"": ""avg"", ""depth"": 0}",23713.5,2,0,2,418361395,115358719,42,0.275,0,1,2,6761_other_revenue_prior_year_ytd,other_revenue,Other revenue,NVH,"Nine Months Ended October 31, 2024",M_USD,24849.0,6757_other_revenue_current_ytd,other_revenue,Other revenue,NVH,"Nine Months Ended October 31, 2025",M_USD,22578.0,,,,,,,,,,,,,,,,,,,,,,,,,,,,,,,,,,,,,,,,,,,,,,,,,,,,,,,,,,,,,,,,,,,,,,,,,,,,,,,,,,,,
258,2,"Evaluate the average Non-interest income for FNB from Three Months Ended October 31, 2024 to Three Months Ended October 31, 2025","ratio(sum(6231_non_interest_income_prior_year_quarter, 6229_non_interest_income_current_quarter), 2.0)","{""op"": ""ratio"", ""left"": {""op"": ""sum"", ""left"": {""leaf"": ""6231_non_interest_income_prior_year_quarter"", ""depth"": 0}, ""right"": {""leaf"": ""6229_non_interest_income_current_quarter"", ""depth"": 0}, ""depth"": 1}, ""right"": {""literal"": 2.0, ""depth"": 0}, ""depth"": 2}","{""kind"": ""time_agg"", ""op"": ""avg"", ""depth"": 0}",1768.5,5,0,2,805947165,527712780,42,0.529,0,1,2,6231_non_interest_income_prior_year_quarter,non_interest_income,Non-interest income,FNB,"Three Months Ended October 31, 2024",M_USD,1848.0,6229_non_interest_income_current_quarter,non_interest_income,Non-interest income,FNB,"Three Months Ended October 31, 2025",M_USD,1689.0,,,,,,,,,,,,,,,,,,,,,,,,,,,,,,,,,,,,,,,,,,,,,,,,,,,,,,,,,,,,,,,,,,,,,,,,,,,,,,,,,,,,
260,2,"which value corresponds to the average total liabilities for HRZ from December 31, 2024 to April 30, 2025 ?","ratio(sum(7234_total_liabilities_current_quarter_end, 7235_total_liabilities_prior_fy_end), 2.0)","{""op"": ""ratio"", ""left"": {""op"": ""sum"", ""left"": {""leaf"": ""7234_total_liabilities_current_quarter_end"", ""depth"": 0}, ""right"": {""leaf"": ""7235_total_liabilities_prior_fy_end"", ""depth"": 0}, ""depth"": 1}, ""right"": {""literal"": 2.0, ""depth"": 0}, ""depth"": 2}","{""kind"": ""time_agg"", ""op"": ""avg"", ""depth"": 0}",4841.5,2,0,2,408348488,972928944,42,0.503,0,1,2,7234_total_liabilities_current_quarter_end,total_liabilities,total liabilities,HRZ,"April 30, 2025",M_USD,4730.0,7235_total_liabilities_prior_fy_end,total_liabilities,total liabilities,HRZ,"December 31, 2024",M_USD,4953.0,,,,,,,,,,,,,,,,,,,,,,,,,,,,,,,,,,,,,,,,,,,,,,,,,,,,,,,,,,,,,,,,,,,,,,,,,,,,,,,,,,,,
261,2,"What do we obtain as the average proceeds from maturities of securities for FNB from Nine Months Ended October 31, 2024 to Nine Months Ended October 31, 2025 ?","ratio(sum(6195_proceeds_from_maturities_of_securities_prior_ytd, 6194_proceeds_from_maturities_of_securities_current_ytd), 2.0)","{""op"": ""ratio"", ""left"": {""op"": ""sum"", ""left"": {""leaf"": ""6195_proceeds_from_maturities_of_securities_prior_ytd"", ""depth"": 0}, ""right"": {""leaf"": ""6194_proceeds_from_maturities_of_securities_current_ytd"", ""depth"": 0}, ""depth"": 1}, ""right"": {""literal"": 2.0, ""depth"": 0}, ""depth"": 2}","{""kind"": ""time_agg"", ""op"": ""avg"", ""depth"": 0}",606.0,5,0,2,532479507,239921653,42,0.196,0,1,2,6195_proceeds_from_maturities_of_securities_prior_ytd,proceeds_from_maturities_of_securities,proceeds from maturities of securities,FNB,"Nine Months Ended October 31, 2024",M_USD,633.0,6194_proceeds_from_maturities_of_securities_current_ytd,proceeds_from_maturities_of_securities,proceeds from maturities of securities,FNB,"Nine Months Ended October 31, 2025",M_USD,579.0,,,,,,,,,,,,,,,,,,,,,,,,,,,,,,,,,,,,,,,,,,,,,,,,,,,,,,,,,,,,,,,,,,,,,,,,,,,,,,,,,,,,
263,2,"What do we obtain as the average gross profit for GBL from Three Months Ended April 30, 2024 to Three Months Ended April 30, 2025","ratio(sum(6769_gross_profit_prior_year_quarter, 6768_gross_profit_current_quarter), 2.0)","{""op"": ""ratio"", ""left"": {""op"": ""sum"", ""left"": {""leaf"": ""6769_gross_profit_prior_year_quarter"", ""depth"": 0}, ""right"": {""leaf"": ""6768_gross_profit_current_quarter"", ""depth"": 0}, ""depth"": 1}, ""right"": {""literal"": 2.0, ""depth"": 0}, ""depth"": 2}","{""kind"": ""time_agg"", ""op"": ""avg"", ""depth"": 0}",8332.5,3,0,2,326465386,730147472,42,0.206,0,1,2,6769_gross_profit_prior_year_quarter,gross_profit,gross profit,GBL,"Three Months Ended April 30, 2024",M_USD,8463.0,6768_gross_profit_current_quarter,gross_profit,gross profit,GBL,"Three Months Ended April 30, 2025",M_USD,8202.0,,,,,,,,,,,,,,,,,,,,,,,,,,,,,,,,,,,,,,,,,,,,,,,,,,,,,,,,,,,,,,,,,,,,,,,,,,,,,,,,,,,,
264,2,"Calculate the income before taxes for MED in Three Months Ended October 31, 2024.",income_before_taxes,"{""derived"": ""income_before_taxes"", ""expanded"": {""op"": ""sum"", ""left"": {""derived"": ""operating_income"", ""expanded"": {""op"": ""diff"", ""left"": {""leaf"": ""1217_total_revenues_prior_year_quarter"", ""depth"": 0}, ""right"": {""leaf"": ""1237_total_costs_and_expenses_prior_year_quarter"", ""depth"": 0}, ""depth"": 1}, ""depth"": 1}, ""right"": {""leaf"": ""1245_other_income_expense_net_prior_year_quarter"", ""depth"": 0}, ""depth"": 2}, ""depth"": 2}","{""kind"": ""derived_concept"", ""name"": ""income_before_taxes"", ""depth"": 0}",1061.0,4,0,2,993931848,931002965,42,0.34,0,1,3,1217_total_revenues_prior_year_quarter,total_revenues,total revenues,MED,"Three Months Ended October 31, 2024",M_USD,7291.0,1237_total_costs_and_expenses_prior_year_quarter,total_costs_and_expenses,total costs and expenses,MED,"Three Months Ended October 31, 2024",M_USD,6293.0,1245_other_income_expense_net_prior_year_quarter,other_income_expense_net,other income expense net,MED,"Three Months Ended October 31, 2024",M_USD,63.0,,,,,,,,,,,,,,,,,,,,,,,,,,,,,,,,,,,,,,,,,,,,,,,,,,,,,,,,,,,,,,,,,,,,,,,,,,,,,
265,2,"May you give the average cash and cash equivalents for QRK from September 30, 2025 to April 30, 2026?","ratio(sum(3490_cash_and_cash_equivalents_current_quarter_end, 3491_cash_and_cash_equivalents_prior_fy_end), 2.0)","{""op"": ""ratio"", ""left"": {""op"": ""sum"", ""left"": {""leaf"": ""3490_cash_and_cash_equivalents_current_quarter_end"", ""depth"": 0}, ""right"": {""leaf"": ""3491_cash_and_cash_equivalents_prior_fy_end"", ""depth"": 0}, ""depth"": 1}, ""right"": {""literal"": 2.0, ""depth"": 0}, ""depth"": 2}","{""kind"": ""time_agg"", ""op"": ""avg"", ""depth"": 0}",18927.5,3,0,2,401459238,210018939,42,0.55,0,1,2,3490_cash_and_cash_equivalents_current_quarter_end,cash_and_cash_equivalents,cash and cash equivalents,QRK,"April 30, 2026",M_USD,18395.0,3491_cash_and_cash_equivalents_prior_fy_end,cash_and_cash_equivalents,cash and cash equivalents,QRK,"September 30, 2025",M_USD,19460.0,,,,,,,,,,,,,,,,,,,,,,,,,,,,,,,,,,,,,,,,,,,,,,,,,,,,,,,,,,,,,,,,,,,,,,,,,,,,,,,,,,,,
267,2,"You should calculate the income before taxes for CAP in Nine Months Ended October 31, 2024",income_before_taxes,"{""derived"": ""income_before_taxes"", ""expanded"": {""op"": ""sum"", ""left"": {""derived"": ""operating_income"", ""expanded"": {""op"": ""diff"", ""left"": {""leaf"": ""5653_total_revenues_prior_year_ytd"", ""depth"": 0}, ""right"": {""leaf"": ""5669_total_costs_and_expenses_prior_year_ytd"", ""depth"": 0}, ""depth"": 1}, ""depth"": 1}, ""right"": {""leaf"": ""5677_other_income_expense_net_prior_year_ytd"", ""depth"": 0}, ""depth"": 2}, ""depth"": 2}","{""kind"": ""derived_concept"", ""name"": ""income_before_taxes"", ""depth"": 0}",14451.0,3,0,2,966990469,417609076,42,0.414,0,1,3,5653_total_revenues_prior_year_ytd,total_revenues,total revenues,CAP,"Nine Months Ended October 31, 2024",M_USD,70170.0,5669_total_costs_and_expenses_prior_year_ytd,total_costs_and_expenses,total costs and expenses,CAP,"Nine Months Ended October 31, 2024",M_USD,54762.0,5677_other_income_expense_net_prior_year_ytd,other_income_expense_net,other income expense net,CAP,"Nine Months Ended October 31, 2024",M_USD,-957.0,,,,,,,,,,,,,,,,,,,,,,,,,,,,,,,,,,,,,,,,,,,,,,,,,,,,,,,,,,,,,,,,,,,,,,,,,,,,,
268,2,"What do we obtain as the average total liabilities for FAB from December 31, 2024 to July 31, 2025?","ratio(sum(3883_total_liabilities_prior_fy_end, 3882_total_liabilities_current_quarter_end), 2.0)","{""op"": ""ratio"", ""left"": {""op"": ""sum"", ""left"": {""leaf"": ""3883_total_liabilities_prior_fy_end"", ""depth"": 0}, ""right"": {""leaf"": ""3882_total_liabilities_current_quarter_end"", ""depth"": 0}, ""depth"": 1}, ""right"": {""literal"": 2.0, ""depth"": 0}, ""depth"": 2}","{""kind"": ""time_agg"", ""op"": ""avg"", ""depth"": 0}",26798.0,5,0,2,600075651,528428046,42,0.354,0,1,2,3883_total_liabilities_prior_fy_end,total_liabilities,total liabilities,FAB,"December 31, 2024",M_USD,26999.0,3882_total_liabilities_current_quarter_end,total_liabilities,total liabilities,FAB,"July 31, 2025",M_USD,26597.0,,,,,,,,,,,,,,,,,,,,,,,,,,,,,,,,,,,,,,,,,,,,,,,,,,,,,,,,,,,,,,,,,,,,,,,,,,,,,,,,,,,,
272,2,"State the average total revenues for TXN from Three Months Ended April 30, 2024 to Three Months Ended April 30, 2025 .","ratio(sum(7585_total_revenues_prior_year_quarter, 7584_total_revenues_current_quarter), 2.0)","{""op"": ""ratio"", ""left"": {""op"": ""sum"", ""left"": {""leaf"": ""7585_total_revenues_prior_year_quarter"", ""depth"": 0}, ""right"": {""leaf"": ""7584_total_revenues_current_quarter"", ""depth"": 0}, ""depth"": 1}, ""right"": {""literal"": 2.0, ""depth"": 0}, ""depth"": 2}","{""kind"": ""time_agg"", ""op"": ""avg"", ""depth"": 0}",58566.5,4,0,2,160411226,606773699,42,0.521,0,1,2,7585_total_revenues_prior_year_quarter,total_revenues,total revenues,TXN,"Three Months Ended April 30, 2024",M_USD,62821.0,7584_total_revenues_current_quarter,total_revenues,total revenues,TXN,"Three Months Ended April 30, 2025",M_USD,54312.0,,,,,,,,,,,,,,,,,,,,,,,,,,,,,,,,,,,,,,,,,,,,,,,,,,,,,,,,,,,,,,,,,,,,,,,,,,,,,,,,,,,,
274,2,"provide the average total non current liabilities for TPH from December 31, 2024 to October 31, 2025","ratio(sum(2549_total_non_current_liabilities_prior_fy_end, 2548_total_non_current_liabilities_current_quarter_end), 2.0)","{""op"": ""ratio"", ""left"": {""op"": ""sum"", ""left"": {""leaf"": ""2549_total_non_current_liabilities_prior_fy_end"", ""depth"": 0}, ""right"": {""leaf"": ""2548_total_non_current_liabilities_current_quarter_end"", ""depth"": 0}, ""depth"": 1}, ""right"": {""literal"": 2.0, ""depth"": 0}, ""depth"": 2}","{""kind"": ""time_agg"", ""op"": ""avg"", ""depth"": 0}",10766.0,4,0,2,668550205,962862657,42,0.359,0,1,2,2549_total_non_current_liabilities_prior_fy_end,total_non_current_liabilities,total non current liabilities,TPH,"December 31, 2024",M_USD,10668.0,2548_total_non_current_liabilities_current_quarter_end,total_non_current_liabilities,total non current liabilities,TPH,"October 31, 2025",M_USD,10864.0,,,,,,,,,,,,,,,,,,,,,,,,,,,,,,,,,,,,,,,,,,,,,,,,,,,,,,,,,,,,,,,,,,,,,,,,,,,,,,,,,,,,
280,2,"Which value corresponds to the average total assets for HLT from December 31, 2024 to October 31, 2025 ?","ratio(sum(699_total_assets_prior_fy_end, 698_total_assets_current_quarter_end), 2.0)","{""op"": ""ratio"", ""left"": {""op"": ""sum"", ""left"": {""leaf"": ""699_total_assets_prior_fy_end"", ""depth"": 0}, ""right"": {""leaf"": ""698_total_assets_current_quarter_end"", ""depth"": 0}, ""depth"": 1}, ""right"": {""literal"": 2.0, ""depth"": 0}, ""depth"": 2}","{""kind"": ""time_agg"", ""op"": ""avg"", ""depth"": 0}",14825.0,3,0,2,392600292,382783304,42,0.367,0,1,2,699_total_assets_prior_fy_end,total_assets,total assets,HLT,"December 31, 2024",M_USD,14722.0,698_total_assets_current_quarter_end,total_assets,total assets,HLT,"October 31, 2025",M_USD,14928.0,,,,,,,,,,,,,,,,,,,,,,,,,,,,,,,,,,,,,,,,,,,,,,,,,,,,,,,,,,,,,,,,,,,,,,,,,,,,,,,,,,,,
289,2,"May you calculate the average long term debt for PLX from September 30, 2025 to July 31, 2026","ratio(sum(4288_long_term_debt_current_quarter_end, 4289_long_term_debt_prior_fy_end), 2.0)","{""op"": ""ratio"", ""left"": {""op"": ""sum"", ""left"": {""leaf"": ""4288_long_term_debt_current_quarter_end"", ""depth"": 0}, ""right"": {""leaf"": ""4289_long_term_debt_prior_fy_end"", ""depth"": 0}, ""depth"": 1}, ""right"": {""literal"": 2.0, ""depth"": 0}, ""depth"": 2}","{""kind"": ""time_agg"", ""op"": ""avg"", ""depth"": 0}",2631.5,5,0,2,505375873,391351387,42,0.495,0,1,2,4288_long_term_debt_current_quarter_end,long_term_debt,long term debt,PLX,"July 31, 2026",M_USD,2842.0,4289_long_term_debt_prior_fy_end,long_term_debt,long term debt,PLX,"September 30, 2025",M_USD,2421.0,,,,,,,,,,,,,,,,,,,,,,,,,,,,,,,,,,,,,,,,,,,,,,,,,,,,,,,,,,,,,,,,,,,,,,,,,,,,,,,,,,,,
290,2,"Which result follows from the income before taxes for IND in Three Months Ended April 30, 2024?",income_before_taxes,"{""derived"": ""income_before_taxes"", ""expanded"": {""op"": ""sum"", ""left"": {""derived"": ""operating_income"", ""expanded"": {""op"": ""diff"", ""left"": {""leaf"": ""1093_total_revenues_prior_year_quarter"", ""depth"": 0}, ""right"": {""leaf"": ""1103_total_costs_and_expenses_prior_year_quarter"", ""depth"": 0}, ""depth"": 1}, ""depth"": 1}, ""right"": {""leaf"": ""1107_other_income_expense_net_prior_year_quarter"", ""depth"": 0}, ""depth"": 2}, ""depth"": 2}","{""kind"": ""derived_concept"", ""name"": ""income_before_taxes"", ""depth"": 0}",1982.0,5,0,2,411863583,712005303,42,0.482,0,1,3,1093_total_revenues_prior_year_quarter,total_revenues,total revenues,IND,"Three Months Ended April 30, 2024",M_USD,23597.0,1103_total_costs_and_expenses_prior_year_quarter,total_costs_and_expenses,total costs and expenses,IND,"Three Months Ended April 30, 2024",M_USD,21361.0,1107_other_income_expense_net_prior_year_quarter,other_income_expense_net,other income expense net,IND,"Three Months Ended April 30, 2024",M_USD,-254.0,,,,,,,,,,,,,,,,,,,,,,,,,,,,,,,,,,,,,,,,,,,,,,,,,,,,,,,,,,,,,,,,,,,,,,,,,,,,,
295,2,"May you give the average stock based compensation for QRK from Six Months Ended April 30, 2025 to Six Months Ended April 30, 2026","ratio(sum(3543_stock_based_compensation_prior_ytd, 3542_stock_based_compensation_current_ytd), 2.0)","{""op"": ""ratio"", ""left"": {""op"": ""sum"", ""left"": {""leaf"": ""3543_stock_based_compensation_prior_ytd"", ""depth"": 0}, ""right"": {""leaf"": ""3542_stock_based_compensation_current_ytd"", ""depth"": 0}, ""depth"": 1}, ""right"": {""literal"": 2.0, ""depth"": 0}, ""depth"": 2}","{""kind"": ""time_agg"", ""op"": ""avg"", ""depth"": 0}",1675.5,3,0,2,624302324,224191775,42,0.288,0,1,2,3543_stock_based_compensation_prior_ytd,stock_based_compensation,stock based compensation,QRK,"Six Months Ended April 30, 2025",M_USD,1770.0,3542_stock_based_compensation_current_ytd,stock_based_compensation,stock based compensation,QRK,"Six Months Ended April 30, 2026",M_USD,1581.0,,,,,,,,,,,,,,,,,,,,,,,,,,,,,,,,,,,,,,,,,,,,,,,,,,,,,,,,,,,,,,,,,,,,,,,,,,,,,,,,,,,,
297,2,"evaluate the average opening cash and equivalents for CNS from Three Months Ended April 30, 2024 to Three Months Ended April 30, 2025 .","ratio(sum(6049_opening_cash_and_equivalents_prior_ytd, 6048_opening_cash_and_equivalents_current_ytd), 2.0)","{""op"": ""ratio"", ""left"": {""op"": ""sum"", ""left"": {""leaf"": ""6049_opening_cash_and_equivalents_prior_ytd"", ""depth"": 0}, ""right"": {""leaf"": ""6048_opening_cash_and_equivalents_current_ytd"", ""depth"": 0}, ""depth"": 1}, ""right"": {""literal"": 2.0, ""depth"": 0}, ""depth"": 2}","{""kind"": ""time_agg"", ""op"": ""avg"", ""depth"": 0}",1218.0,3,0,2,670610103,57274509,42,0.546,0,1,2,6049_opening_cash_and_equivalents_prior_ytd,opening_cash_and_equivalents,opening cash and equivalents,CNS,"Three Months Ended April 30, 2024",M_USD,1186.0,6048_opening_cash_and_equivalents_current_ytd,opening_cash_and_equivalents,opening cash and equivalents,CNS,"Three Months Ended April 30, 2025",M_USD,1250.0,,,,,,,,,,,,,,,,,,,,,,,,,,,,,,,,,,,,,,,,,,,,,,,,,,,,,,,,,,,,,,,,,,,,,,,,,,,,,,,,,,,,
301,2,"evaluate the average goodwill for PRD from December 31, 2024 to October 31, 2025 .","ratio(sum(1907_goodwill_prior_fy_end, 1906_goodwill_current_quarter_end), 2.0)","{""op"": ""ratio"", ""left"": {""op"": ""sum"", ""left"": {""leaf"": ""1907_goodwill_prior_fy_end"", ""depth"": 0}, ""right"": {""leaf"": ""1906_goodwill_current_quarter_end"", ""depth"": 0}, ""depth"": 1}, ""right"": {""literal"": 2.0, ""depth"": 0}, ""depth"": 2}","{""kind"": ""time_agg"", ""op"": ""avg"", ""depth"": 0}",1669.5,4,0,2,210288300,710964209,42,0.58,0,1,2,1907_goodwill_prior_fy_end,goodwill,goodwill,PRD,"December 31, 2024",M_USD,1585.0,1906_goodwill_current_quarter_end,goodwill,goodwill,PRD,"October 31, 2025",M_USD,1754.0,,,,,,,,,,,,,,,,,,,,,,,,,,,,,,,,,,,,,,,,,,,,,,,,,,,,,,,,,,,,,,,,,,,,,,,,,,,,,,,,,,,,
303,2,"provide the average prepaid expenses and other for TPH from December 31, 2024 to October 31, 2025 .","ratio(sum(2519_prepaid_expenses_and_other_prior_fy_end, 2518_prepaid_expenses_and_other_current_quarter_end), 2.0)","{""op"": ""ratio"", ""left"": {""op"": ""sum"", ""left"": {""leaf"": ""2519_prepaid_expenses_and_other_prior_fy_end"", ""depth"": 0}, ""right"": {""leaf"": ""2518_prepaid_expenses_and_other_current_quarter_end"", ""depth"": 0}, ""depth"": 1}, ""right"": {""literal"": 2.0, ""depth"": 0}, ""depth"": 2}","{""kind"": ""time_agg"", ""op"": ""avg"", ""depth"": 0}",1115.0,2,0,2,237777259,733254317,42,0.275,0,1,2,2519_prepaid_expenses_and_other_prior_fy_end,prepaid_expenses_and_other,prepaid expenses and other,TPH,"December 31, 2024",M_USD,1105.0,2518_prepaid_expenses_and_other_current_quarter_end,prepaid_expenses_and_other,prepaid expenses and other,TPH,"October 31, 2025",M_USD,1125.0,,,,,,,,,,,,,,,,,,,,,,,,,,,,,,,,,,,,,,,,,,,,,,,,,,,,,,,,,,,,,,,,,,,,,,,,,,,,,,,,,,,,
308,2,"could you give the average gross profit for NVH from Nine Months Ended October 31, 2024 to Nine Months Ended October 31, 2025?","ratio(sum(6599_gross_profit_prior_year_ytd, 6598_gross_profit_current_ytd), 2.0)","{""op"": ""ratio"", ""left"": {""op"": ""sum"", ""left"": {""leaf"": ""6599_gross_profit_prior_year_ytd"", ""depth"": 0}, ""right"": {""leaf"": ""6598_gross_profit_current_ytd"", ""depth"": 0}, ""depth"": 1}, ""right"": {""literal"": 2.0, ""depth"": 0}, ""depth"": 2}","{""kind"": ""time_agg"", ""op"": ""avg"", ""depth"": 0}",22711.5,4,0,2,418688988,301097380,42,0.501,0,1,2,6599_gross_profit_prior_year_ytd,gross_profit,gross profit,NVH,"Nine Months Ended October 31, 2024",M_USD,23799.0,6598_gross_profit_current_ytd,gross_profit,gross profit,NVH,"Nine Months Ended October 31, 2025",M_USD,21624.0,,,,,,,,,,,,,,,,,,,,,,,,,,,,,,,,,,,,,,,,,,,,,,,,,,,,,,,,,,,,,,,,,,,,,,,,,,,,,,,,,,,,
309,2,"What does the following give: average depreciation and amortization for GLP from Nine Months Ended October 31, 2024 to Nine Months Ended October 31, 2025?","ratio(sum(6987_depreciation_and_amortization_prior_ytd, 6986_depreciation_and_amortization_current_ytd), 2.0)","{""op"": ""ratio"", ""left"": {""op"": ""sum"", ""left"": {""leaf"": ""6987_depreciation_and_amortization_prior_ytd"", ""depth"": 0}, ""right"": {""leaf"": ""6986_depreciation_and_amortization_current_ytd"", ""depth"": 0}, ""depth"": 1}, ""right"": {""literal"": 2.0, ""depth"": 0}, ""depth"": 2}","{""kind"": ""time_agg"", ""op"": ""avg"", ""depth"": 0}",21331.5,4,0,2,432032049,278697232,42,0.238,0,1,2,6987_depreciation_and_amortization_prior_ytd,depreciation_and_amortization,depreciation and amortization,GLP,"Nine Months Ended October 31, 2024",M_USD,22425.0,6986_depreciation_and_amortization_current_ytd,depreciation_and_amortization,depreciation and amortization,GLP,"Nine Months Ended October 31, 2025",M_USD,20238.0,,,,,,,,,,,,,,,,,,,,,,,,,,,,,,,,,,,,,,,,,,,,,,,,,,,,,,,,,,,,,,,,,,,,,,,,,,,,,,,,,,,,
310,2,"Whats the value of the income before taxes for CRX in Three Months Ended January 31, 2025",income_before_taxes,"{""derived"": ""income_before_taxes"", ""expanded"": {""op"": ""sum"", ""left"": {""derived"": ""operating_income"", ""expanded"": {""op"": ""diff"", ""left"": {""leaf"": ""4515_total_revenues_prior_year_quarter"", ""depth"": 0}, ""right"": {""leaf"": ""4525_total_costs_and_expenses_prior_year_quarter"", ""depth"": 0}, ""depth"": 1}, ""depth"": 1}, ""right"": {""leaf"": ""4529_other_income_expense_net_prior_year_quarter"", ""depth"": 0}, ""depth"": 2}, ""depth"": 2}","{""kind"": ""derived_concept"", ""name"": ""income_before_taxes"", ""depth"": 0}",18985.0,5,0,2,659901484,905976386,42,0.563,0,1,3,4515_total_revenues_prior_year_quarter,total_revenues,total revenues,CRX,"Three Months Ended January 31, 2025",M_USD,38718.0,4525_total_costs_and_expenses_prior_year_quarter,total_costs_and_expenses,total costs and expenses,CRX,"Three Months Ended January 31, 2025",M_USD,19920.0,4529_other_income_expense_net_prior_year_quarter,other_income_expense_net,other income expense net,CRX,"Three Months Ended January 31, 2025",M_USD,187.0,,,,,,,,,,,,,,,,,,,,,,,,,,,,,,,,,,,,,,,,,,,,,,,,,,,,,,,,,,,,,,,,,,,,,,,,,,,,,
311,2,"you should give the average deferred revenue current for AST from December 31, 2024 to July 31, 2025","ratio(sum(4881_deferred_revenue_current_prior_fy_end, 4880_deferred_revenue_current_current_quarter_end), 2.0)","{""op"": ""ratio"", ""left"": {""op"": ""sum"", ""left"": {""leaf"": ""4881_deferred_revenue_current_prior_fy_end"", ""depth"": 0}, ""right"": {""leaf"": ""4880_deferred_revenue_current_current_quarter_end"", ""depth"": 0}, ""depth"": 1}, ""right"": {""literal"": 2.0, ""depth"": 0}, ""depth"": 2}","{""kind"": ""time_agg"", ""op"": ""avg"", ""depth"": 0}",475.5,5,0,2,626760830,939327211,42,0.484,0,1,2,4881_deferred_revenue_current_prior_fy_end,deferred_revenue_current,deferred revenue current,AST,"December 31, 2024",M_USD,474.0,4880_deferred_revenue_current_current_quarter_end,deferred_revenue_current,deferred revenue current,AST,"July 31, 2025",M_USD,477.0,,,,,,,,,,,,,,,,,,,,,,,,,,,,,,,,,,,,,,,,,,,,,,,,,,,,,,,,,,,,,,,,,,,,,,,,,,,,,,,,,,,,
312,2,"What does the following give: sum of minimum of long term debt for GLP from December 31, 2024 to October 31, 2025 and minimum of other non current assets for GLP from December 31, 2024 to October 31, 2025 ?","sum(min(6971_long_term_debt_prior_fy_end, 6970_long_term_debt_current_quarter_end), min(6955_other_non_current_assets_prior_fy_end, 6954_other_non_current_assets_current_quarter_end))","{""op"": ""sum"", ""left"": {""op"": ""min"", ""left"": {""leaf"": ""6971_long_term_debt_prior_fy_end"", ""depth"": 0}, ""right"": {""leaf"": ""6970_long_term_debt_current_quarter_end"", ""depth"": 0}, ""depth"": 1}, ""right"": {""op"": ""min"", ""left"": {""leaf"": ""6955_other_non_current_assets_prior_fy_end"", ""depth"": 0}, ""right"": {""leaf"": ""6954_other_non_current_assets_current_quarter_end"", ""depth"": 0}, ""depth"": 1}, ""depth"": 2}","{""op"": ""sum"", ""left"": {""kind"": ""time_agg"", ""op"": ""min"", ""depth"": 0}, ""right"": {""kind"": ""time_agg"", ""op"": ""min"", ""depth"": 0}, ""depth"": 1, ""kind"": ""node""}",27775.0,3,1,2,305467671,876167010,42,0.4,1,2,4,6971_long_term_debt_prior_fy_end,long_term_debt,long term debt,GLP,"December 31, 2024",M_USD,22261.0,6970_long_term_debt_current_quarter_end,long_term_debt,long term debt,GLP,"October 31, 2025",M_USD,24998.0,6955_other_non_current_assets_prior_fy_end,other_non_current_assets,other non current assets,GLP,"December 31, 2024",M_USD,5514.0,6954_other_non_current_assets_current_quarter_end,other_non_current_assets,other non current assets,GLP,"October 31, 2025",M_USD,6192.0,,,,,,,,,,,,,,,,,,,,,,,,,,,,,,,,,,,,,,,,,,,,,,,,,,,,,,,,,,,,,,,,,,,,,,
315,2,"may you give the average net cash from operating for SCI from Six Months Ended July 31, 2024 to Six Months Ended July 31, 2025","ratio(sum(5233_net_cash_from_operating_prior_ytd, 5232_net_cash_from_operating_current_ytd), 2.0)","{""op"": ""ratio"", ""left"": {""op"": ""sum"", ""left"": {""leaf"": ""5233_net_cash_from_operating_prior_ytd"", ""depth"": 0}, ""right"": {""leaf"": ""5232_net_cash_from_operating_current_ytd"", ""depth"": 0}, ""depth"": 1}, ""right"": {""literal"": 2.0, ""depth"": 0}, ""depth"": 2}","{""kind"": ""time_agg"", ""op"": ""avg"", ""depth"": 0}",1823.0,5,0,2,247391500,594873293,42,0.193,0,1,2,5233_net_cash_from_operating_prior_ytd,net_cash_from_operating,net cash from operating,SCI,"Six Months Ended July 31, 2024",M_USD,1762.0,5232_net_cash_from_operating_current_ytd,net_cash_from_operating,net cash from operating,SCI,"Six Months Ended July 31, 2025",M_USD,1884.0,,,,,,,,,,,,,,,,,,,,,,,,,,,,,,,,,,,,,,,,,,,,,,,,,,,,,,,,,,,,,,,,,,,,,,,,,,,,,,,,,,,,
318,2,"What's the value of the average selling general and administrative for CIV from Nine Months Ended October 31, 2024 to Nine Months Ended October 31, 2025","ratio(sum(2817_selling_general_and_administrative_prior_year_ytd, 2816_selling_general_and_administrative_current_ytd), 2.0)","{""op"": ""ratio"", ""left"": {""op"": ""sum"", ""left"": {""leaf"": ""2817_selling_general_and_administrative_prior_year_ytd"", ""depth"": 0}, ""right"": {""leaf"": ""2816_selling_general_and_administrative_current_ytd"", ""depth"": 0}, ""depth"": 1}, ""right"": {""literal"": 2.0, ""depth"": 0}, ""depth"": 2}","{""kind"": ""time_agg"", ""op"": ""avg"", ""depth"": 0}",966.0,5,0,2,325699604,281107526,42,0.327,0,1,2,2817_selling_general_and_administrative_prior_year_ytd,selling_general_and_administrative,selling general and administrative,CIV,"Nine Months Ended October 31, 2024",M_USD,942.0,2816_selling_general_and_administrative_current_ytd,selling_general_and_administrative,selling general and administrative,CIV,"Nine Months Ended October 31, 2025",M_USD,990.0,,,,,,,,,,,,,,,,,,,,,,,,,,,,,,,,,,,,,,,,,,,,,,,,,,,,,,,,,,,,,,,,,,,,,,,,,,,,,,,,,,,,
320,2,"Compute the average cost of sales for SKY from Three Months Ended April 30, 2024 to Three Months Ended April 30, 2025.","ratio(sum(5817_cost_of_sales_prior_year_quarter, 5816_cost_of_sales_current_quarter), 2.0)","{""op"": ""ratio"", ""left"": {""op"": ""sum"", ""left"": {""leaf"": ""5817_cost_of_sales_prior_year_quarter"", ""depth"": 0}, ""right"": {""leaf"": ""5816_cost_of_sales_current_quarter"", ""depth"": 0}, ""depth"": 1}, ""right"": {""literal"": 2.0, ""depth"": 0}, ""depth"": 2}","{""kind"": ""time_agg"", ""op"": ""avg"", ""depth"": 0}",7736.5,2,0,2,358682330,613035587,42,0.566,0,1,2,5817_cost_of_sales_prior_year_quarter,cost_of_sales,cost of sales,SKY,"Three Months Ended April 30, 2024",M_USD,7982.0,5816_cost_of_sales_current_quarter,cost_of_sales,cost of sales,SKY,"Three Months Ended April 30, 2025",M_USD,7491.0,,,,,,,,,,,,,,,,,,,,,,,,,,,,,,,,,,,,,,,,,,,,,,,,,,,,,,,,,,,,,,,,,,,,,,,,,,,,,,,,,,,,
321,2,"What would be the average proceeds from stock option exercises for CRX from Three Months Ended January 31, 2025 to Three Months Ended January 31, 2026?","ratio(sum(4621_proceeds_from_stock_option_exercises_prior_ytd, 4620_proceeds_from_stock_option_exercises_current_ytd), 2.0)","{""op"": ""ratio"", ""left"": {""op"": ""sum"", ""left"": {""leaf"": ""4621_proceeds_from_stock_option_exercises_prior_ytd"", ""depth"": 0}, ""right"": {""leaf"": ""4620_proceeds_from_stock_option_exercises_current_ytd"", ""depth"": 0}, ""depth"": 1}, ""right"": {""literal"": 2.0, ""depth"": 0}, ""depth"": 2}","{""kind"": ""time_agg"", ""op"": ""avg"", ""depth"": 0}",127.5,3,0,2,915356202,410381500,42,0.103,0,1,2,4621_proceeds_from_stock_option_exercises_prior_ytd,proceeds_from_stock_option_exercises,proceeds from stock option exercises,CRX,"Three Months Ended January 31, 2025",M_USD,101.0,4620_proceeds_from_stock_option_exercises_current_ytd,proceeds_from_stock_option_exercises,proceeds from stock option exercises,CRX,"Three Months Ended January 31, 2026",M_USD,154.0,,,,,,,,,,,,,,,,,,,,,,,,,,,,,,,,,,,,,,,,,,,,,,,,,,,,,,,,,,,,,,,,,,,,,,,,,,,,,,,,,,,,
322,2,"determine the income before taxes for WHL in Three Months Ended July 31, 2024.",income_before_taxes,"{""derived"": ""income_before_taxes"", ""expanded"": {""op"": ""sum"", ""left"": {""derived"": ""operating_income"", ""expanded"": {""op"": ""diff"", ""left"": {""leaf"": ""7299_total_revenues_prior_year_quarter"", ""depth"": 0}, ""right"": {""leaf"": ""7319_total_costs_and_expenses_prior_year_quarter"", ""depth"": 0}, ""depth"": 1}, ""depth"": 1}, ""right"": {""leaf"": ""7327_other_income_expense_net_prior_year_quarter"", ""depth"": 0}, ""depth"": 2}, ""depth"": 2}","{""kind"": ""derived_concept"", ""name"": ""income_before_taxes"", ""depth"": 0}",1187.0,4,0,2,268796269,73327710,42,0.427,0,1,3,7299_total_revenues_prior_year_quarter,total_revenues,total revenues,WHL,"Three Months Ended July 31, 2024",M_USD,17227.0,7319_total_costs_and_expenses_prior_year_quarter,total_costs_and_expenses,total costs and expenses,WHL,"Three Months Ended July 31, 2024",M_USD,16092.0,7327_other_income_expense_net_prior_year_quarter,other_income_expense_net,other income expense net,WHL,"Three Months Ended July 31, 2024",M_USD,52.0,,,,,,,,,,,,,,,,,,,,,,,,,,,,,,,,,,,,,,,,,,,,,,,,,,,,,,,,,,,,,,,,,,,,,,,,,,,,,
325,2,"what do we obtain as the average proceeds from maturities of securities for FNB from Nine Months Ended October 31, 2024 to Nine Months Ended October 31, 2025?","ratio(sum(6195_proceeds_from_maturities_of_securities_prior_ytd, 6194_proceeds_from_maturities_of_securities_current_ytd), 2.0)","{""op"": ""ratio"", ""left"": {""op"": ""sum"", ""left"": {""leaf"": ""6195_proceeds_from_maturities_of_securities_prior_ytd"", ""depth"": 0}, ""right"": {""leaf"": ""6194_proceeds_from_maturities_of_securities_current_ytd"", ""depth"": 0}, ""depth"": 1}, ""right"": {""literal"": 2.0, ""depth"": 0}, ""depth"": 2}","{""kind"": ""time_agg"", ""op"": ""avg"", ""depth"": 0}",606.0,5,0,2,50420033,909650989,42,0.551,0,1,2,6195_proceeds_from_maturities_of_securities_prior_ytd,proceeds_from_maturities_of_securities,proceeds from maturities of securities,FNB,"Nine Months Ended October 31, 2024",M_USD,633.0,6194_proceeds_from_maturities_of_securities_current_ytd,proceeds_from_maturities_of_securities,proceeds from maturities of securities,FNB,"Nine Months Ended October 31, 2025",M_USD,579.0,,,,,,,,,,,,,,,,,,,,,,,,,,,,,,,,,,,,,,,,,,,,,,,,,,,,,,,,,,,,,,,,,,,,,,,,,,,,,,,,,,,,
327,2,"whats the value of the income before taxes for CNS in Three Months Ended April 30, 2024?",income_before_taxes,"{""derived"": ""income_before_taxes"", ""expanded"": {""op"": ""sum"", ""left"": {""derived"": ""operating_income"", ""expanded"": {""op"": ""diff"", ""left"": {""leaf"": ""5941_total_revenues_prior_year_quarter"", ""depth"": 0}, ""right"": {""leaf"": ""5951_total_costs_and_expenses_prior_year_quarter"", ""depth"": 0}, ""depth"": 1}, ""depth"": 1}, ""right"": {""leaf"": ""5955_other_income_expense_net_prior_year_quarter"", ""depth"": 0}, ""depth"": 2}, ""depth"": 2}","{""kind"": ""derived_concept"", ""name"": ""income_before_taxes"", ""depth"": 0}",871.0,4,0,2,813314111,89594330,42,0.323,0,1,3,5941_total_revenues_prior_year_quarter,total_revenues,total revenues,CNS,"Three Months Ended April 30, 2024",M_USD,6106.0,5951_total_costs_and_expenses_prior_year_quarter,total_costs_and_expenses,total costs and expenses,CNS,"Three Months Ended April 30, 2024",M_USD,5264.0,5955_other_income_expense_net_prior_year_quarter,other_income_expense_net,other income expense net,CNS,"Three Months Ended April 30, 2024",M_USD,29.0,,,,,,,,,,,,,,,,,,,,,,,,,,,,,,,,,,,,,,,,,,,,,,,,,,,,,,,,,,,,,,,,,,,,,,,,,,,,,
328,2,"Compute the average comprehensive income for CLR from Nine Months Ended October 31, 2024 to Nine Months Ended October 31, 2025","ratio(sum(291_comprehensive_income_prior_year_ytd, 290_comprehensive_income_current_ytd), 2.0)","{""op"": ""ratio"", ""left"": {""op"": ""sum"", ""left"": {""leaf"": ""291_comprehensive_income_prior_year_ytd"", ""depth"": 0}, ""right"": {""leaf"": ""290_comprehensive_income_current_ytd"", ""depth"": 0}, ""depth"": 1}, ""right"": {""literal"": 2.0, ""depth"": 0}, ""depth"": 2}","{""kind"": ""time_agg"", ""op"": ""avg"", ""depth"": 0}",5114.5,5,0,2,502813165,853265568,42,0.306,0,1,2,291_comprehensive_income_prior_year_ytd,comprehensive_income,comprehensive income,CLR,"Nine Months Ended October 31, 2024",M_USD,5336.0,290_comprehensive_income_current_ytd,comprehensive_income,comprehensive income,CLR,"Nine Months Ended October 31, 2025",M_USD,4893.0,,,,,,,,,,,,,,,,,,,,,,,,,,,,,,,,,,,,,,,,,,,,,,,,,,,,,,,,,,,,,,,,,,,,,,,,,,,,,,,,,,,,
329,2,"What would be the average accounts payable for CRX from September 30, 2025 to January 31, 2026","ratio(sum(4562_accounts_payable_current_quarter_end, 4563_accounts_payable_prior_fy_end), 2.0)","{""op"": ""ratio"", ""left"": {""op"": ""sum"", ""left"": {""leaf"": ""4562_accounts_payable_current_quarter_end"", ""depth"": 0}, ""right"": {""leaf"": ""4563_accounts_payable_prior_fy_end"", ""depth"": 0}, ""depth"": 1}, ""right"": {""literal"": 2.0, ""depth"": 0}, ""depth"": 2}","{""kind"": ""time_agg"", ""op"": ""avg"", ""depth"": 0}",4349.5,5,0,2,43804233,660127584,42,0.249,0,1,2,4562_accounts_payable_current_quarter_end,accounts_payable,accounts payable,CRX,"January 31, 2026",M_USD,4687.0,4563_accounts_payable_prior_fy_end,accounts_payable,accounts payable,CRX,"September 30, 2025",M_USD,4012.0,,,,,,,,,,,,,,,,,,,,,,,,,,,,,,,,,,,,,,,,,,,,,,,,,,,,,,,,,,,,,,,,,,,,,,,,,,,,,,,,,,,,
332,2,"What does the following give: average net income for GBL from Three Months Ended April 30, 2024 to Three Months Ended April 30, 2025 ?","ratio(sum(6783_net_income_prior_year_quarter, 6782_net_income_current_quarter), 2.0)","{""op"": ""ratio"", ""left"": {""op"": ""sum"", ""left"": {""leaf"": ""6783_net_income_prior_year_quarter"", ""depth"": 0}, ""right"": {""leaf"": ""6782_net_income_current_quarter"", ""depth"": 0}, ""depth"": 1}, ""right"": {""literal"": 2.0, ""depth"": 0}, ""depth"": 2}","{""kind"": ""time_agg"", ""op"": ""avg"", ""depth"": 0}",2429.5,3,0,2,542955917,117747229,42,0.137,0,1,2,6783_net_income_prior_year_quarter,net_income,net income,GBL,"Three Months Ended April 30, 2024",M_USD,2468.0,6782_net_income_current_quarter,net_income,net income,GBL,"Three Months Ended April 30, 2025",M_USD,2391.0,,,,,,,,,,,,,,,,,,,,,,,,,,,,,,,,,,,,,,,,,,,,,,,,,,,,,,,,,,,,,,,,,,,,,,,,,,,,,,,,,,,,
340,2,"May you calculate the average total non current assets for PLX from September 30, 2025 to July 31, 2026 ?","ratio(sum(4274_total_non_current_assets_current_quarter_end, 4275_total_non_current_assets_prior_fy_end), 2.0)","{""op"": ""ratio"", ""left"": {""op"": ""sum"", ""left"": {""leaf"": ""4274_total_non_current_assets_current_quarter_end"", ""depth"": 0}, ""right"": {""leaf"": ""4275_total_non_current_assets_prior_fy_end"", ""depth"": 0}, ""depth"": 1}, ""right"": {""literal"": 2.0, ""depth"": 0}, ""depth"": 2}","{""kind"": ""time_agg"", ""op"": ""avg"", ""depth"": 0}",10812.5,1,0,2,118340887,338553874,42,0.115,0,1,2,4274_total_non_current_assets_current_quarter_end,total_non_current_assets,total non current assets,PLX,"July 31, 2026",M_USD,11677.0,4275_total_non_current_assets_prior_fy_end,total_non_current_assets,total non current assets,PLX,"September 30, 2025",M_USD,9948.0,,,,,,,,,,,,,,,,,,,,,,,,,,,,,,,,,,,,,,,,,,,,,,,,,,,,,,,,,,,,,,,,,,,,,,,,,,,,,,,,,,,,
348,2,"Which quantity is given by the average long term debt for MRT from December 31, 2024 to April 30, 2025 ?","ratio(sum(1614_long_term_debt_current_quarter_end, 1615_long_term_debt_prior_fy_end), 2.0)","{""op"": ""ratio"", ""left"": {""op"": ""sum"", ""left"": {""leaf"": ""1614_long_term_debt_current_quarter_end"", ""depth"": 0}, ""right"": {""leaf"": ""1615_long_term_debt_prior_fy_end"", ""depth"": 0}, ""depth"": 1}, ""right"": {""literal"": 2.0, ""depth"": 0}, ""depth"": 2}","{""kind"": ""time_agg"", ""op"": ""avg"", ""depth"": 0}",11566.0,4,0,2,275959763,505404137,42,0.423,0,1,2,1614_long_term_debt_current_quarter_end,long_term_debt,long term debt,MRT,"April 30, 2025",M_USD,12414.0,1615_long_term_debt_prior_fy_end,long_term_debt,long term debt,MRT,"December 31, 2024",M_USD,10718.0,,,,,,,,,,,,,,,,,,,,,,,,,,,,,,,,,,,,,,,,,,,,,,,,,,,,,,,,,,,,,,,,,,,,,,,,,,,,,,,,,,,,
354,2,"Compute the average goodwill for CRZ from December 31, 2024 to October 31, 2025 .","ratio(sum(5035_goodwill_prior_fy_end, 5034_goodwill_current_quarter_end), 2.0)","{""op"": ""ratio"", ""left"": {""op"": ""sum"", ""left"": {""leaf"": ""5035_goodwill_prior_fy_end"", ""depth"": 0}, ""right"": {""leaf"": ""5034_goodwill_current_quarter_end"", ""depth"": 0}, ""depth"": 1}, ""right"": {""literal"": 2.0, ""depth"": 0}, ""depth"": 2}","{""kind"": ""time_agg"", ""op"": ""avg"", ""depth"": 0}",681.5,1,0,2,486876162,795384919,42,0.275,0,1,2,5035_goodwill_prior_fy_end,goodwill,goodwill,CRZ,"December 31, 2024",M_USD,667.0,5034_goodwill_current_quarter_end,goodwill,goodwill,CRZ,"October 31, 2025",M_USD,696.0,,,,,,,,,,,,,,,,,,,,,,,,,,,,,,,,,,,,,,,,,,,,,,,,,,,,,,,,,,,,,,,,,,,,,,,,,,,,,,,,,,,,
355,2,"may you calculate the average other non current liabilities for PRD from December 31, 2024 to October 31, 2025","ratio(sum(1927_other_non_current_liabilities_prior_fy_end, 1926_other_non_current_liabilities_current_quarter_end), 2.0)","{""op"": ""ratio"", ""left"": {""op"": ""sum"", ""left"": {""leaf"": ""1927_other_non_current_liabilities_prior_fy_end"", ""depth"": 0}, ""right"": {""leaf"": ""1926_other_non_current_liabilities_current_quarter_end"", ""depth"": 0}, ""depth"": 1}, ""right"": {""literal"": 2.0, ""depth"": 0}, ""depth"": 2}","{""kind"": ""time_agg"", ""op"": ""avg"", ""depth"": 0}",1513.5,5,0,2,587883763,260202014,42,0.325,0,1,2,1927_other_non_current_liabilities_prior_fy_end,other_non_current_liabilities,other non current liabilities,PRD,"December 31, 2024",M_USD,1437.0,1926_other_non_current_liabilities_current_quarter_end,other_non_current_liabilities,other non current liabilities,PRD,"October 31, 2025",M_USD,1590.0,,,,,,,,,,,,,,,,,,,,,,,,,,,,,,,,,,,,,,,,,,,,,,,,,,,,,,,,,,,,,,,,,,,,,,,,,,,,,,,,,,,,
356,2,"which result follows from the income before taxes for HRZ in Three Months Ended April 30, 2024 ?",income_before_taxes,"{""derived"": ""income_before_taxes"", ""expanded"": {""op"": ""sum"", ""left"": {""derived"": ""operating_income"", ""expanded"": {""op"": ""diff"", ""left"": {""leaf"": ""7173_total_revenues_prior_year_quarter"", ""depth"": 0}, ""right"": {""leaf"": ""7181_total_costs_and_expenses_prior_year_quarter"", ""depth"": 0}, ""depth"": 1}, ""depth"": 1}, ""right"": {""leaf"": ""7185_other_income_expense_net_prior_year_quarter"", ""depth"": 0}, ""depth"": 2}, ""depth"": 2}","{""kind"": ""derived_concept"", ""name"": ""income_before_taxes"", ""depth"": 0}",1106.0,5,0,2,791764770,539226088,42,0.132,0,1,3,7173_total_revenues_prior_year_quarter,total_revenues,total revenues,HRZ,"Three Months Ended April 30, 2024",M_USD,4838.0,7181_total_costs_and_expenses_prior_year_quarter,total_costs_and_expenses,total costs and expenses,HRZ,"Three Months Ended April 30, 2024",M_USD,3604.0,7185_other_income_expense_net_prior_year_quarter,other_income_expense_net,other income expense net,HRZ,"Three Months Ended April 30, 2024",M_USD,-128.0,,,,,,,,,,,,,,,,,,,,,,,,,,,,,,,,,,,,,,,,,,,,,,,,,,,,,,,,,,,,,,,,,,,,,,,,,,,,,
357,2,"determine the sum of minimum of accrued expenses and other for WNG from December 31, 2024 to April 30, 2025 and minimum of shares used basic for WNG from Three Months Ended April 30, 2024 to Three Months Ended April 30, 2025","sum(min(7508_accrued_expenses_and_other_current_quarter_end, 7509_accrued_expenses_and_other_prior_fy_end), min(7567_shares_used_basic_prior_year_quarter, 7566_shares_used_basic_current_quarter))","{""op"": ""sum"", ""left"": {""op"": ""min"", ""left"": {""leaf"": ""7508_accrued_expenses_and_other_current_quarter_end"", ""depth"": 0}, ""right"": {""leaf"": ""7509_accrued_expenses_and_other_prior_fy_end"", ""depth"": 0}, ""depth"": 1}, ""right"": {""op"": ""min"", ""left"": {""leaf"": ""7567_shares_used_basic_prior_year_quarter"", ""depth"": 0}, ""right"": {""leaf"": ""7566_shares_used_basic_current_quarter"", ""depth"": 0}, ""depth"": 1}, ""depth"": 2}","{""op"": ""sum"", ""left"": {""kind"": ""time_agg"", ""op"": ""min"", ""depth"": 0}, ""right"": {""kind"": ""time_agg"", ""op"": ""min"", ""depth"": 0}, ""depth"": 1, ""kind"": ""node""}",730048.0,3,1,2,520153652,541005546,42,0.478,1,2,4,7508_accrued_expenses_and_other_current_quarter_end,accrued_expenses_and_other,accrued expenses and other,WNG,"April 30, 2025",M_USD,1210.0,7509_accrued_expenses_and_other_prior_fy_end,accrued_expenses_and_other,accrued expenses and other,WNG,"December 31, 2024",M_USD,1048.0,7567_shares_used_basic_prior_year_quarter,shares_used_basic,shares used basic,WNG,"Three Months Ended April 30, 2024",M_shares,761541.0,7566_shares_used_basic_current_quarter,shares_used_basic,shares used basic,WNG,"Three Months Ended April 30, 2025",M_shares,729000.0,,,,,,,,,,,,,,,,,,,,,,,,,,,,,,,,,,,,,,,,,,,,,,,,,,,,,,,,,,,,,,,,,,,,,,
360,2,"whats the value of the sum of minimum of accrued expenses and other for CRX from September 30, 2025 to January 31, 2026 and maximum of cost of sales for CRX from Three Months Ended January 31, 2025 to Three Months Ended January 31, 2026","sum(min(4566_accrued_expenses_and_other_current_quarter_end, 4567_accrued_expenses_and_other_prior_fy_end), max(4517_cost_of_sales_prior_year_quarter, 4516_cost_of_sales_current_quarter))","{""op"": ""sum"", ""left"": {""op"": ""min"", ""left"": {""leaf"": ""4566_accrued_expenses_and_other_current_quarter_end"", ""depth"": 0}, ""right"": {""leaf"": ""4567_accrued_expenses_and_other_prior_fy_end"", ""depth"": 0}, ""depth"": 1}, ""right"": {""op"": ""max"", ""left"": {""leaf"": ""4517_cost_of_sales_prior_year_quarter"", ""depth"": 0}, ""right"": {""leaf"": ""4516_cost_of_sales_current_quarter"", ""depth"": 0}, ""depth"": 1}, ""depth"": 2}","{""op"": ""sum"", ""left"": {""kind"": ""time_agg"", ""op"": ""min"", ""depth"": 0}, ""right"": {""kind"": ""time_agg"", ""op"": ""max"", ""depth"": 0}, ""depth"": 1, ""kind"": ""node""}",13039.0,5,1,2,155149111,295011150,42,0.173,1,2,4,4566_accrued_expenses_and_other_current_quarter_end,accrued_expenses_and_other,accrued expenses and other,CRX,"January 31, 2026",M_USD,2145.0,4567_accrued_expenses_and_other_prior_fy_end,accrued_expenses_and_other,accrued expenses and other,CRX,"September 30, 2025",M_USD,1836.0,4517_cost_of_sales_prior_year_quarter,cost_of_sales,cost of sales,CRX,"Three Months Ended January 31, 2025",M_USD,11203.0,4516_cost_of_sales_current_quarter,cost_of_sales,cost of sales,CRX,"Three Months Ended January 31, 2026",M_USD,10827.0,,,,,,,,,,,,,,,,,,,,,,,,,,,,,,,,,,,,,,,,,,,,,,,,,,,,,,,,,,,,,,,,,,,,,,
365,2,"you should give the average comprehensive income for VTL from Three Months Ended April 30, 2024 to Three Months Ended April 30, 2025.","ratio(sum(123_comprehensive_income_prior_year_quarter, 122_comprehensive_income_current_quarter), 2.0)","{""op"": ""ratio"", ""left"": {""op"": ""sum"", ""left"": {""leaf"": ""123_comprehensive_income_prior_year_quarter"", ""depth"": 0}, ""right"": {""leaf"": ""122_comprehensive_income_current_quarter"", ""depth"": 0}, ""depth"": 1}, ""right"": {""literal"": 2.0, ""depth"": 0}, ""depth"": 2}","{""kind"": ""time_agg"", ""op"": ""avg"", ""depth"": 0}",391.5,2,0,2,853799524,605063147,42,0.337,0,1,2,123_comprehensive_income_prior_year_quarter,comprehensive_income,comprehensive income,VTL,"Three Months Ended April 30, 2024",M_USD,399.0,122_comprehensive_income_current_quarter,comprehensive_income,comprehensive income,VTL,"Three Months Ended April 30, 2025",M_USD,384.0,,,,,,,,,,,,,,,,,,,,,,,,,,,,,,,,,,,,,,,,,,,,,,,,,,,,,,,,,,,,,,,,,,,,,,,,,,,,,,,,,,,,
366,2,"give the average cost of subscription revenue for STR from Six Months Ended July 31, 2024 to Six Months Ended July 31, 2025.","ratio(sum(3440_cos_subscription_revenue_prior_year_ytd, 3436_cos_subscription_revenue_current_ytd), 2.0)","{""op"": ""ratio"", ""left"": {""op"": ""sum"", ""left"": {""leaf"": ""3440_cos_subscription_revenue_prior_year_ytd"", ""depth"": 0}, ""right"": {""leaf"": ""3436_cos_subscription_revenue_current_ytd"", ""depth"": 0}, ""depth"": 1}, ""right"": {""literal"": 2.0, ""depth"": 0}, ""depth"": 2}","{""kind"": ""time_agg"", ""op"": ""avg"", ""depth"": 0}",8451.0,1,0,2,480701966,288477524,42,0.469,0,1,2,3440_cos_subscription_revenue_prior_year_ytd,cos_subscription_revenue,cost of subscription revenue,STR,"Six Months Ended July 31, 2024",M_USD,8056.0,3436_cos_subscription_revenue_current_ytd,cos_subscription_revenue,cost of subscription revenue,STR,"Six Months Ended July 31, 2025",M_USD,8846.0,,,,,,,,,,,,,,,,,,,,,,,,,,,,,,,,,,,,,,,,,,,,,,,,,,,,,,,,,,,,,,,,,,,,,,,,,,,,,,,,,,,,
368,2,"What does the following give: average shares used basic for GRD from Three Months Ended July 31, 2024 to Three Months Ended July 31, 2025?","ratio(sum(443_shares_used_basic_prior_year_quarter, 442_shares_used_basic_current_quarter), 2.0)","{""op"": ""ratio"", ""left"": {""op"": ""sum"", ""left"": {""leaf"": ""443_shares_used_basic_prior_year_quarter"", ""depth"": 0}, ""right"": {""leaf"": ""442_shares_used_basic_current_quarter"", ""depth"": 0}, ""depth"": 1}, ""right"": {""literal"": 2.0, ""depth"": 0}, ""depth"": 2}","{""kind"": ""time_agg"", ""op"": ""avg"", ""depth"": 0}",1163833.5,4,0,2,509001700,772563931,42,0.221,0,1,2,443_shares_used_basic_prior_year_quarter,shares_used_basic,shares used basic,GRD,"Three Months Ended July 31, 2024",M_shares,1154667.0,442_shares_used_basic_current_quarter,shares_used_basic,shares used basic,GRD,"Three Months Ended July 31, 2025",M_shares,1173000.0,,,,,,,,,,,,,,,,,,,,,,,,,,,,,,,,,,,,,,,,,,,,,,,,,,,,,,,,,,,,,,,,,,,,,,,,,,,,,,,,,,,,
369,2,"may you calculate the average accrued expenses and other for PLZ from December 31, 2024 to July 31, 2025 ?","ratio(sum(2079_accrued_expenses_and_other_prior_fy_end, 2078_accrued_expenses_and_other_current_quarter_end), 2.0)","{""op"": ""ratio"", ""left"": {""op"": ""sum"", ""left"": {""leaf"": ""2079_accrued_expenses_and_other_prior_fy_end"", ""depth"": 0}, ""right"": {""leaf"": ""2078_accrued_expenses_and_other_current_quarter_end"", ""depth"": 0}, ""depth"": 1}, ""right"": {""literal"": 2.0, ""depth"": 0}, ""depth"": 2}","{""kind"": ""time_agg"", ""op"": ""avg"", ""depth"": 0}",4633.0,2,0,2,261606855,10446067,42,0.537,0,1,2,2079_accrued_expenses_and_other_prior_fy_end,accrued_expenses_and_other,accrued expenses and other,PLZ,"December 31, 2024",M_USD,4571.0,2078_accrued_expenses_and_other_current_quarter_end,accrued_expenses_and_other,accrued expenses and other,PLZ,"July 31, 2025",M_USD,4695.0,,,,,,,,,,,,,,,,,,,,,,,,,,,,,,,,,,,,,,,,,,,,,,,,,,,,,,,,,,,,,,,,,,,,,,,,,,,,,,,,,,,,
372,2,"What would be the average prepaid expenses and other for FAB from December 31, 2024 to July 31, 2025?","ratio(sum(3851_prepaid_expenses_and_other_prior_fy_end, 3850_prepaid_expenses_and_other_current_quarter_end), 2.0)","{""op"": ""ratio"", ""left"": {""op"": ""sum"", ""left"": {""leaf"": ""3851_prepaid_expenses_and_other_prior_fy_end"", ""depth"": 0}, ""right"": {""leaf"": ""3850_prepaid_expenses_and_other_current_quarter_end"", ""depth"": 0}, ""depth"": 1}, ""right"": {""literal"": 2.0, ""depth"": 0}, ""depth"": 2}","{""kind"": ""time_agg"", ""op"": ""avg"", ""depth"": 0}",700.5,5,0,2,258334205,787913698,42,0.54,0,1,2,3851_prepaid_expenses_and_other_prior_fy_end,prepaid_expenses_and_other,prepaid expenses and other,FAB,"December 31, 2024",M_USD,706.0,3850_prepaid_expenses_and_other_current_quarter_end,prepaid_expenses_and_other,prepaid expenses and other,FAB,"July 31, 2025",M_USD,695.0,,,,,,,,,,,,,,,,,,,,,,,,,,,,,,,,,,,,,,,,,,,,,,,,,,,,,,,,,,,,,,,,,,,,,,,,,,,,,,,,,,,,
378,2,"you should calculate the average total current liabilities for HLT from December 31, 2024 to October 31, 2025.","ratio(sum(709_total_current_liabilities_prior_fy_end, 708_total_current_liabilities_current_quarter_end), 2.0)","{""op"": ""ratio"", ""left"": {""op"": ""sum"", ""left"": {""leaf"": ""709_total_current_liabilities_prior_fy_end"", ""depth"": 0}, ""right"": {""leaf"": ""708_total_current_liabilities_current_quarter_end"", ""depth"": 0}, ""depth"": 1}, ""right"": {""literal"": 2.0, ""depth"": 0}, ""depth"": 2}","{""kind"": ""time_agg"", ""op"": ""avg"", ""depth"": 0}",5569.0,1,0,2,950952324,939257292,42,0.149,0,1,2,709_total_current_liabilities_prior_fy_end,total_current_liabilities,total current liabilities,HLT,"December 31, 2024",M_USD,5530.0,708_total_current_liabilities_current_quarter_end,total_current_liabilities,total current liabilities,HLT,"October 31, 2025",M_USD,5608.0,,,,,,,,,,,,,,,,,,,,,,,,,,,,,,,,,,,,,,,,,,,,,,,,,,,,,,,,,,,,,,,,,,,,,,,,,,,,,,,,,,,,
389,2,"which value corresponds to the average total revenues for HRZ from Three Months Ended April 30, 2024 to Three Months Ended April 30, 2025?","ratio(sum(7173_total_revenues_prior_year_quarter, 7172_total_revenues_current_quarter), 2.0)","{""op"": ""ratio"", ""left"": {""op"": ""sum"", ""left"": {""leaf"": ""7173_total_revenues_prior_year_quarter"", ""depth"": 0}, ""right"": {""leaf"": ""7172_total_revenues_current_quarter"", ""depth"": 0}, ""depth"": 1}, ""right"": {""literal"": 2.0, ""depth"": 0}, ""depth"": 2}","{""kind"": ""time_agg"", ""op"": ""avg"", ""depth"": 0}",4662.0,3,0,2,579687785,804788900,42,0.528,0,1,2,7173_total_revenues_prior_year_quarter,total_revenues,total revenues,HRZ,"Three Months Ended April 30, 2024",M_USD,4838.0,7172_total_revenues_current_quarter,total_revenues,total revenues,HRZ,"Three Months Ended April 30, 2025",M_USD,4486.0,,,,,,,,,,,,,,,,,,,,,,,,,,,,,,,,,,,,,,,,,,,,,,,,,,,,,,,,,,,,,,,,,,,,,,,,,,,,,,,,,,,,
393,2,"you should calculate the difference between current portion of long term debt and sum of accounts payable and deferred revenue current for TRU in December 31, 2024","diff(879_current_portion_of_long_term_debt_prior_fy_end, sum(873_accounts_payable_prior_fy_end, 875_deferred_revenue_current_prior_fy_end))","{""op"": ""diff"", ""left"": {""leaf"": ""879_current_portion_of_long_term_debt_prior_fy_end"", ""depth"": 0}, ""right"": {""op"": ""sum"", ""left"": {""leaf"": ""873_accounts_payable_prior_fy_end"", ""depth"": 0}, ""right"": {""leaf"": ""875_deferred_revenue_current_prior_fy_end"", ""depth"": 0}, ""depth"": 1}, ""depth"": 2}","{""op"": ""diff"", ""left"": {""kind"": ""leaf"", ""semantic_type_in"": [""amount""], ""depth"": 0}, ""right"": {""op"": ""sum"", ""left"": {""kind"": ""leaf"", ""semantic_type_in"": [""amount""], ""depth"": 0}, ""right"": {""kind"": ""leaf"", ""semantic_type_in"": [""amount""], ""depth"": 0}, ""depth"": 1, ""kind"": ""node""}, ""depth"": 2, ""kind"": ""node""}",-3871.0,2,2,2,7261371,35950808,42,0.129,2,3,3,879_current_portion_of_long_term_debt_prior_fy_end,current_portion_of_long_term_debt,current portion of long term debt,TRU,"December 31, 2024",M_USD,874.0,873_accounts_payable_prior_fy_end,accounts_payable,accounts payable,TRU,"December 31, 2024",M_USD,3756.0,875_deferred_revenue_current_prior_fy_end,deferred_revenue_current,deferred revenue current,TRU,"December 31, 2024",M_USD,989.0,,,,,,,,,,,,,,,,,,,,,,,,,,,,,,,,,,,,,,,,,,,,,,,,,,,,,,,,,,,,,,,,,,,,,,,,,,,,,
394,2,"Evaluate the average goodwill for PLX from September 30, 2025 to July 31, 2026","ratio(sum(4270_goodwill_current_quarter_end, 4271_goodwill_prior_fy_end), 2.0)","{""op"": ""ratio"", ""left"": {""op"": ""sum"", ""left"": {""leaf"": ""4270_goodwill_current_quarter_end"", ""depth"": 0}, ""right"": {""leaf"": ""4271_goodwill_prior_fy_end"", ""depth"": 0}, ""depth"": 1}, ""right"": {""literal"": 2.0, ""depth"": 0}, ""depth"": 2}","{""kind"": ""time_agg"", ""op"": ""avg"", ""depth"": 0}",5331.0,1,0,2,194508017,389657469,42,0.4,0,1,2,4270_goodwill_current_quarter_end,goodwill,goodwill,PLX,"July 31, 2026",M_USD,5757.0,4271_goodwill_prior_fy_end,goodwill,goodwill,PLX,"September 30, 2025",M_USD,4905.0,,,,,,,,,,,,,,,,,,,,,,,,,,,,,,,,,,,,,,,,,,,,,,,,,,,,,,,,,,,,,,,,,,,,,,,,,,,,,,,,,,,,
395,2,"What would be the average property plant and equipment net for CRX from September 30, 2025 to January 31, 2026?","ratio(sum(4552_property_plant_and_equipment_net_current_quarter_end, 4553_property_plant_and_equipment_net_prior_fy_end), 2.0)","{""op"": ""ratio"", ""left"": {""op"": ""sum"", ""left"": {""leaf"": ""4552_property_plant_and_equipment_net_current_quarter_end"", ""depth"": 0}, ""right"": {""leaf"": ""4553_property_plant_and_equipment_net_prior_fy_end"", ""depth"": 0}, ""depth"": 1}, ""right"": {""literal"": 2.0, ""depth"": 0}, ""depth"": 2}","{""kind"": ""time_agg"", ""op"": ""avg"", ""depth"": 0}",4229.0,4,0,2,924708760,869526171,42,0.216,0,1,2,4552_property_plant_and_equipment_net_current_quarter_end,property_plant_and_equipment_net,property plant and equipment net,CRX,"January 31, 2026",M_USD,4557.0,4553_property_plant_and_equipment_net_prior_fy_end,property_plant_and_equipment_net,property plant and equipment net,CRX,"September 30, 2025",M_USD,3901.0,,,,,,,,,,,,,,,,,,,,,,,,,,,,,,,,,,,,,,,,,,,,,,,,,,,,,,,,,,,,,,,,,,,,,,,,,,,,,,,,,,,,
397,2,"which result follows from the average shares used basic for MDI from Three Months Ended October 31, 2024 to Three Months Ended October 31, 2025 ?","ratio(sum(5609_shares_used_basic_prior_year_quarter, 5608_shares_used_basic_current_quarter), 2.0)","{""op"": ""ratio"", ""left"": {""op"": ""sum"", ""left"": {""leaf"": ""5609_shares_used_basic_prior_year_quarter"", ""depth"": 0}, ""right"": {""leaf"": ""5608_shares_used_basic_current_quarter"", ""depth"": 0}, ""depth"": 1}, ""right"": {""literal"": 2.0, ""depth"": 0}, ""depth"": 2}","{""kind"": ""time_agg"", ""op"": ""avg"", ""depth"": 0}",5731895.0,5,0,2,586583533,659762933,42,0.438,0,1,2,5609_shares_used_basic_prior_year_quarter,shares_used_basic,shares used basic,MDI,"Three Months Ended October 31, 2024",M_shares,5710790.0,5608_shares_used_basic_current_quarter,shares_used_basic,shares used basic,MDI,"Three Months Ended October 31, 2025",M_shares,5753000.0,,,,,,,,,,,,,,,,,,,,,,,,,,,,,,,,,,,,,,,,,,,,,,,,,,,,,,,,,,,,,,,,,,,,,,,,,,,,,,,,,,,,
398,2,"what would be the difference between maximum of accrued expenses and other for CRZ from December 31, 2024 to October 31, 2025 and minimum of accounts receivable net for CRZ from December 31, 2024 to October 31, 2025","diff(max(5047_accrued_expenses_and_other_prior_fy_end, 5046_accrued_expenses_and_other_current_quarter_end), min(5023_accounts_receivable_net_prior_fy_end, 5022_accounts_receivable_net_current_quarter_end))","{""op"": ""diff"", ""left"": {""op"": ""max"", ""left"": {""leaf"": ""5047_accrued_expenses_and_other_prior_fy_end"", ""depth"": 0}, ""right"": {""leaf"": ""5046_accrued_expenses_and_other_current_quarter_end"", ""depth"": 0}, ""depth"": 1}, ""right"": {""op"": ""min"", ""left"": {""leaf"": ""5023_accounts_receivable_net_prior_fy_end"", ""depth"": 0}, ""right"": {""leaf"": ""5022_accounts_receivable_net_current_quarter_end"", ""depth"": 0}, ""depth"": 1}, ""depth"": 2}","{""op"": ""diff"", ""left"": {""kind"": ""time_agg"", ""op"": ""max"", ""depth"": 0}, ""right"": {""kind"": ""time_agg"", ""op"": ""min"", ""depth"": 0}, ""depth"": 1, ""kind"": ""node""}",-503.0,5,1,2,698097189,358301160,42,0.431,1,2,4,5047_accrued_expenses_and_other_prior_fy_end,accrued_expenses_and_other,accrued expenses and other,CRZ,"December 31, 2024",M_USD,809.0,5046_accrued_expenses_and_other_current_quarter_end,accrued_expenses_and_other,accrued expenses and other,CRZ,"October 31, 2025",M_USD,844.0,5023_accounts_receivable_net_prior_fy_end,accounts_receivable_net,accounts receivable net,CRZ,"December 31, 2024",M_USD,1347.0,5022_accounts_receivable_net_current_quarter_end,accounts_receivable_net,accounts receivable net,CRZ,"October 31, 2025",M_USD,1406.0,,,,,,,,,,,,,,,,,,,,,,,,,,,,,,,,,,,,,,,,,,,,,,,,,,,,,,,,,,,,,,,,,,,,,,
399,2,"evaluate the income before taxes for MRT in Three Months Ended April 30, 2025.",income_before_taxes,"{""derived"": ""income_before_taxes"", ""expanded"": {""op"": ""sum"", ""left"": {""derived"": ""operating_income"", ""expanded"": {""op"": ""diff"", ""left"": {""leaf"": ""1556_total_revenues_current_quarter"", ""depth"": 0}, ""right"": {""leaf"": ""1566_total_costs_and_expenses_current_quarter"", ""depth"": 0}, ""depth"": 1}, ""depth"": 1}, ""right"": {""leaf"": ""1570_other_income_expense_net_current_quarter"", ""depth"": 0}, ""depth"": 2}, ""depth"": 2}","{""kind"": ""derived_concept"", ""name"": ""income_before_taxes"", ""depth"": 0}",1570.0,3,0,2,50723042,955670320,42,0.549,0,1,3,1556_total_revenues_current_quarter,total_revenues,total revenues,MRT,"Three Months Ended April 30, 2025",M_USD,83208.0,1566_total_costs_and_expenses_current_quarter,total_costs_and_expenses,total costs and expenses,MRT,"Three Months Ended April 30, 2025",M_USD,80859.0,1570_other_income_expense_net_current_quarter,other_income_expense_net,other income expense net,MRT,"Three Months Ended April 30, 2025",M_USD,-779.0,,,,,,,,,,,,,,,,,,,,,,,,,,,,,,,,,,,,,,,,,,,,,,,,,,,,,,,,,,,,,,,,,,,,,,,,,,,,,
401,2,"Compute the average deferred revenue current for VRX from December 31, 2024 to July 31, 2025","ratio(sum(3033_deferred_revenue_current_prior_fy_end, 3032_deferred_revenue_current_current_quarter_end), 2.0)","{""op"": ""ratio"", ""left"": {""op"": ""sum"", ""left"": {""leaf"": ""3033_deferred_revenue_current_prior_fy_end"", ""depth"": 0}, ""right"": {""leaf"": ""3032_deferred_revenue_current_current_quarter_end"", ""depth"": 0}, ""depth"": 1}, ""right"": {""literal"": 2.0, ""depth"": 0}, ""depth"": 2}","{""kind"": ""time_agg"", ""op"": ""avg"", ""depth"": 0}",1063.5,5,0,2,246806940,297624233,42,0.156,0,1,2,3033_deferred_revenue_current_prior_fy_end,deferred_revenue_current,deferred revenue current,VRX,"December 31, 2024",M_USD,1036.0,3032_deferred_revenue_current_current_quarter_end,deferred_revenue_current,deferred revenue current,VRX,"July 31, 2025",M_USD,1091.0,,,,,,,,,,,,,,,,,,,,,,,,,,,,,,,,,,,,,,,,,,,,,,,,,,,,,,,,,,,,,,,,,,,,,,,,,,,,,,,,,,,,
412,2,"state the average goodwill for TXN from December 31, 2024 to April 30, 2025","ratio(sum(7624_goodwill_current_quarter_end, 7625_goodwill_prior_fy_end), 2.0)","{""op"": ""ratio"", ""left"": {""op"": ""sum"", ""left"": {""leaf"": ""7624_goodwill_current_quarter_end"", ""depth"": 0}, ""right"": {""leaf"": ""7625_goodwill_prior_fy_end"", ""depth"": 0}, ""depth"": 1}, ""right"": {""literal"": 2.0, ""depth"": 0}, ""depth"": 2}","{""kind"": ""time_agg"", ""op"": ""avg"", ""depth"": 0}",3066.5,3,0,2,670268343,839943156,42,0.486,0,1,2,7624_goodwill_current_quarter_end,goodwill,goodwill,TXN,"April 30, 2025",M_USD,3140.0,7625_goodwill_prior_fy_end,goodwill,goodwill,TXN,"December 31, 2024",M_USD,2993.0,,,,,,,,,,,,,,,,,,,,,,,,,,,,,,,,,,,,,,,,,,,,,,,,,,,,,,,,,,,,,,,,,,,,,,,,,,,,,,,,,,,,
415,2,"calculate the average opening cash and equivalents for GLP from Nine Months Ended October 31, 2024 to Nine Months Ended October 31, 2025 .","ratio(sum(7021_opening_cash_and_equivalents_prior_ytd, 7020_opening_cash_and_equivalents_current_ytd), 2.0)","{""op"": ""ratio"", ""left"": {""op"": ""sum"", ""left"": {""leaf"": ""7021_opening_cash_and_equivalents_prior_ytd"", ""depth"": 0}, ""right"": {""leaf"": ""7020_opening_cash_and_equivalents_current_ytd"", ""depth"": 0}, ""depth"": 1}, ""right"": {""literal"": 2.0, ""depth"": 0}, ""depth"": 2}","{""kind"": ""time_agg"", ""op"": ""avg"", ""depth"": 0}",4030.5,3,0,2,31658588,621001427,42,0.14,0,1,2,7021_opening_cash_and_equivalents_prior_ytd,opening_cash_and_equivalents,opening cash and equivalents,GLP,"Nine Months Ended October 31, 2024",M_USD,4237.0,7020_opening_cash_and_equivalents_current_ytd,opening_cash_and_equivalents,opening cash and equivalents,GLP,"Nine Months Ended October 31, 2025",M_USD,3824.0,,,,,,,,,,,,,,,,,,,,,,,,,,,,,,,,,,,,,,,,,,,,,,,,,,,,,,,,,,,,,,,,,,,,,,,,,,,,,,,,,,,,
425,2,"you should calculate the average total non current assets for TRU from December 31, 2024 to July 31, 2025.","ratio(sum(869_total_non_current_assets_prior_fy_end, 868_total_non_current_assets_current_quarter_end), 2.0)","{""op"": ""ratio"", ""left"": {""op"": ""sum"", ""left"": {""leaf"": ""869_total_non_current_assets_prior_fy_end"", ""depth"": 0}, ""right"": {""leaf"": ""868_total_non_current_assets_current_quarter_end"", ""depth"": 0}, ""depth"": 1}, ""right"": {""literal"": 2.0, ""depth"": 0}, ""depth"": 2}","{""kind"": ""time_agg"", ""op"": ""avg"", ""depth"": 0}",11930.5,4,0,2,356335281,546452049,42,0.379,0,1,2,869_total_non_current_assets_prior_fy_end,total_non_current_assets,total non current assets,TRU,"December 31, 2024",M_USD,11325.0,868_total_non_current_assets_current_quarter_end,total_non_current_assets,total non current assets,TRU,"July 31, 2025",M_USD,12536.0,,,,,,,,,,,,,,,,,,,,,,,,,,,,,,,,,,,,,,,,,,,,,,,,,,,,,,,,,,,,,,,,,,,,,,,,,,,,,,,,,,,,
428,2,"compute the average shares used diluted for PLZ from Three Months Ended July 31, 2024 to Three Months Ended July 31, 2025 .","ratio(sum(2141_shares_used_diluted_prior_year_quarter, 2140_shares_used_diluted_current_quarter), 2.0)","{""op"": ""ratio"", ""left"": {""op"": ""sum"", ""left"": {""leaf"": ""2141_shares_used_diluted_prior_year_quarter"", ""depth"": 0}, ""right"": {""leaf"": ""2140_shares_used_diluted_current_quarter"", ""depth"": 0}, ""depth"": 1}, ""right"": {""literal"": 2.0, ""depth"": 0}, ""depth"": 2}","{""kind"": ""time_agg"", ""op"": ""avg"", ""depth"": 0}",3944185.5,1,0,2,174551714,779143583,42,0.553,0,1,2,2141_shares_used_diluted_prior_year_quarter,shares_used_diluted,shares used diluted,PLZ,"Three Months Ended July 31, 2024",M_shares,3851371.0,2140_shares_used_diluted_current_quarter,shares_used_diluted,shares used diluted,PLZ,"Three Months Ended July 31, 2025",M_shares,4037000.0,,,,,,,,,,,,,,,,,,,,,,,,,,,,,,,,,,,,,,,,,,,,,,,,,,,,,,,,,,,,,,,,,,,,,,,,,,,,,,,,,,,,
431,2,"you should give the average total non current liabilities for PLZ from December 31, 2024 to July 31, 2025 .","ratio(sum(2089_total_non_current_liabilities_prior_fy_end, 2088_total_non_current_liabilities_current_quarter_end), 2.0)","{""op"": ""ratio"", ""left"": {""op"": ""sum"", ""left"": {""leaf"": ""2089_total_non_current_liabilities_prior_fy_end"", ""depth"": 0}, ""right"": {""leaf"": ""2088_total_non_current_liabilities_current_quarter_end"", ""depth"": 0}, ""depth"": 1}, ""right"": {""literal"": 2.0, ""depth"": 0}, ""depth"": 2}","{""kind"": ""time_agg"", ""op"": ""avg"", ""depth"": 0}",23199.5,1,0,2,976056252,397575080,42,0.151,0,1,2,2089_total_non_current_liabilities_prior_fy_end,total_non_current_liabilities,total non current liabilities,PLZ,"December 31, 2024",M_USD,22890.0,2088_total_non_current_liabilities_current_quarter_end,total_non_current_liabilities,total non current liabilities,PLZ,"July 31, 2025",M_USD,23509.0,,,,,,,,,,,,,,,,,,,,,,,,,,,,,,,,,,,,,,,,,,,,,,,,,,,,,,,,,,,,,,,,,,,,,,,,,,,,,,,,,,,,
432,2,"Give the average total assets for SKY from December 31, 2024 to April 30, 2025","ratio(sum(5858_total_assets_current_quarter_end, 5859_total_assets_prior_fy_end), 2.0)","{""op"": ""ratio"", ""left"": {""op"": ""sum"", ""left"": {""leaf"": ""5858_total_assets_current_quarter_end"", ""depth"": 0}, ""right"": {""leaf"": ""5859_total_assets_prior_fy_end"", ""depth"": 0}, ""depth"": 1}, ""right"": {""literal"": 2.0, ""depth"": 0}, ""depth"": 2}","{""kind"": ""time_agg"", ""op"": ""avg"", ""depth"": 0}",11904.0,4,0,2,729508443,900626729,42,0.274,0,1,2,5858_total_assets_current_quarter_end,total_assets,total assets,SKY,"April 30, 2025",M_USD,11868.0,5859_total_assets_prior_fy_end,total_assets,total assets,SKY,"December 31, 2024",M_USD,11940.0,,,,,,,,,,,,,,,,,,,,,,,,,,,,,,,,,,,,,,,,,,,,,,,,,,,,,,,,,,,,,,,,,,,,,,,,,,,,,,,,,,,,
441,2,"What is the average other non current liabilities for AVX from December 31, 2024 to October 31, 2025","ratio(sum(1473_other_non_current_liabilities_prior_fy_end, 1472_other_non_current_liabilities_current_quarter_end), 2.0)","{""op"": ""ratio"", ""left"": {""op"": ""sum"", ""left"": {""leaf"": ""1473_other_non_current_liabilities_prior_fy_end"", ""depth"": 0}, ""right"": {""leaf"": ""1472_other_non_current_liabilities_current_quarter_end"", ""depth"": 0}, ""depth"": 1}, ""right"": {""literal"": 2.0, ""depth"": 0}, ""depth"": 2}","{""kind"": ""time_agg"", ""op"": ""avg"", ""depth"": 0}",59.5,1,0,2,585916309,367243936,42,0.322,0,1,2,1473_other_non_current_liabilities_prior_fy_end,other_non_current_liabilities,other non current liabilities,AVX,"December 31, 2024",M_USD,60.0,1472_other_non_current_liabilities_current_quarter_end,other_non_current_liabilities,other non current liabilities,AVX,"October 31, 2025",M_USD,59.0,,,,,,,,,,,,,,,,,,,,,,,,,,,,,,,,,,,,,,,,,,,,,,,,,,,,,,,,,,,,,,,,,,,,,,,,,,,,,,,,,,,,
445,2,"you should calculate the average depreciation and amortization for FIN from Three Months Ended April 30, 2024 to Three Months Ended April 30, 2025","ratio(sum(4153_depreciation_and_amortization_prior_ytd, 4152_depreciation_and_amortization_current_ytd), 2.0)","{""op"": ""ratio"", ""left"": {""op"": ""sum"", ""left"": {""leaf"": ""4153_depreciation_and_amortization_prior_ytd"", ""depth"": 0}, ""right"": {""leaf"": ""4152_depreciation_and_amortization_current_ytd"", ""depth"": 0}, ""depth"": 1}, ""right"": {""literal"": 2.0, ""depth"": 0}, ""depth"": 2}","{""kind"": ""time_agg"", ""op"": ""avg"", ""depth"": 0}",264.0,2,0,2,323652273,139830794,42,0.302,0,1,2,4153_depreciation_and_amortization_prior_ytd,depreciation_and_amortization,depreciation and amortization,FIN,"Three Months Ended April 30, 2024",M_USD,270.0,4152_depreciation_and_amortization_current_ytd,depreciation_and_amortization,depreciation and amortization,FIN,"Three Months Ended April 30, 2025",M_USD,258.0,,,,,,,,,,,,,,,,,,,,,,,,,,,,,,,,,,,,,,,,,,,,,,,,,,,,,,,,,,,,,,,,,,,,,,,,,,,,,,,,,,,,
446,2,"what would be the average gross profit for DTA from Three Months Ended April 30, 2024 to Three Months Ended April 30, 2025?","ratio(sum(4387_gross_profit_prior_year_quarter, 4386_gross_profit_current_quarter), 2.0)","{""op"": ""ratio"", ""left"": {""op"": ""sum"", ""left"": {""leaf"": ""4387_gross_profit_prior_year_quarter"", ""depth"": 0}, ""right"": {""leaf"": ""4386_gross_profit_current_quarter"", ""depth"": 0}, ""depth"": 1}, ""right"": {""literal"": 2.0, ""depth"": 0}, ""depth"": 2}","{""kind"": ""time_agg"", ""op"": ""avg"", ""depth"": 0}",8602.0,3,0,2,547052440,577378068,42,0.456,0,1,2,4387_gross_profit_prior_year_quarter,gross_profit,gross profit,DTA,"Three Months Ended April 30, 2024",M_USD,8464.0,4386_gross_profit_current_quarter,gross_profit,gross profit,DTA,"Three Months Ended April 30, 2025",M_USD,8740.0,,,,,,,,,,,,,,,,,,,,,,,,,,,,,,,,,,,,,,,,,,,,,,,,,,,,,,,,,,,,,,,,,,,,,,,,,,,,,,,,,,,,
449,2,"give the average comprehensive income for SUP from Three Months Ended April 30, 2024 to Three Months Ended April 30, 2025 .","ratio(sum(1091_comprehensive_income_prior_year_quarter, 1090_comprehensive_income_current_quarter), 2.0)","{""op"": ""ratio"", ""left"": {""op"": ""sum"", ""left"": {""leaf"": ""1091_comprehensive_income_prior_year_quarter"", ""depth"": 0}, ""right"": {""leaf"": ""1090_comprehensive_income_current_quarter"", ""depth"": 0}, ""depth"": 1}, ""right"": {""literal"": 2.0, ""depth"": 0}, ""depth"": 2}","{""kind"": ""time_agg"", ""op"": ""avg"", ""depth"": 0}",734.5,3,0,2,692151649,236502491,42,0.512,0,1,2,1091_comprehensive_income_prior_year_quarter,comprehensive_income,comprehensive income,SUP,"Three Months Ended April 30, 2024",M_USD,734.0,1090_comprehensive_income_current_quarter,comprehensive_income,comprehensive income,SUP,"Three Months Ended April 30, 2025",M_USD,735.0,,,,,,,,,,,,,,,,,,,,,,,,,,,,,,,,,,,,,,,,,,,,,,,,,,,,,,,,,,,,,,,,,,,,,,,,,,,,,,,,,,,,
453,2,"Determine the income before taxes for VRX in Six Months Ended July 31, 2024.",income_before_taxes,"{""derived"": ""income_before_taxes"", ""expanded"": {""op"": ""sum"", ""left"": {""derived"": ""operating_income"", ""expanded"": {""op"": ""diff"", ""left"": {""leaf"": ""2961_total_revenues_prior_year_ytd"", ""depth"": 0}, ""right"": {""leaf"": ""2981_total_costs_and_expenses_prior_year_ytd"", ""depth"": 0}, ""depth"": 1}, ""depth"": 1}, ""right"": {""leaf"": ""2989_other_income_expense_net_prior_year_ytd"", ""depth"": 0}, ""depth"": 2}, ""depth"": 2}","{""kind"": ""derived_concept"", ""name"": ""income_before_taxes"", ""depth"": 0}",2812.0,3,0,2,558170256,272105996,42,0.435,0,1,3,2961_total_revenues_prior_year_ytd,total_revenues,total revenues,VRX,"Six Months Ended July 31, 2024",M_USD,34142.0,2981_total_costs_and_expenses_prior_year_ytd,total_costs_and_expenses,total costs and expenses,VRX,"Six Months Ended July 31, 2024",M_USD,30762.0,2989_other_income_expense_net_prior_year_ytd,other_income_expense_net,other income expense net,VRX,"Six Months Ended July 31, 2024",M_USD,-568.0,,,,,,,,,,,,,,,,,,,,,,,,,,,,,,,,,,,,,,,,,,,,,,,,,,,,,,,,,,,,,,,,,,,,,,,,,,,,,
454,2,"May you give the average provision for income taxes for PRF from Three Months Ended April 30, 2024 to Three Months Ended April 30, 2025?","ratio(sum(2183_provision_for_income_taxes_prior_year_quarter, 2182_provision_for_income_taxes_current_quarter), 2.0)","{""op"": ""ratio"", ""left"": {""op"": ""sum"", ""left"": {""leaf"": ""2183_provision_for_income_taxes_prior_year_quarter"", ""depth"": 0}, ""right"": {""leaf"": ""2182_provision_for_income_taxes_current_quarter"", ""depth"": 0}, ""depth"": 1}, ""right"": {""literal"": 2.0, ""depth"": 0}, ""depth"": 2}","{""kind"": ""time_agg"", ""op"": ""avg"", ""depth"": 0}",22.5,1,0,2,727362126,183222419,42,0.369,0,1,2,2183_provision_for_income_taxes_prior_year_quarter,provision_for_income_taxes,provision for income taxes,PRF,"Three Months Ended April 30, 2024",M_USD,22.0,2182_provision_for_income_taxes_current_quarter,provision_for_income_taxes,provision for income taxes,PRF,"Three Months Ended April 30, 2025",M_USD,23.0,,,,,,,,,,,,,,,,,,,,,,,,,,,,,,,,,,,,,,,,,,,,,,,,,,,,,,,,,,,,,,,,,,,,,,,,,,,,,,,,,,,,
455,2,"What do we obtain as the average long term marketable securities for FNB from December 31, 2024 to October 31, 2025 ?","ratio(sum(6129_long_term_marketable_securities_prior_fy_end, 6128_long_term_marketable_securities_current_quarter_end), 2.0)","{""op"": ""ratio"", ""left"": {""op"": ""sum"", ""left"": {""leaf"": ""6129_long_term_marketable_securities_prior_fy_end"", ""depth"": 0}, ""right"": {""leaf"": ""6128_long_term_marketable_securities_current_quarter_end"", ""depth"": 0}, ""depth"": 1}, ""right"": {""literal"": 2.0, ""depth"": 0}, ""depth"": 2}","{""kind"": ""time_agg"", ""op"": ""avg"", ""depth"": 0}",3886.0,4,0,2,402972466,527931869,42,0.473,0,1,2,6129_long_term_marketable_securities_prior_fy_end,long_term_marketable_securities,long term marketable securities,FNB,"December 31, 2024",M_USD,3824.0,6128_long_term_marketable_securities_current_quarter_end,long_term_marketable_securities,long term marketable securities,FNB,"October 31, 2025",M_USD,3948.0,,,,,,,,,,,,,,,,,,,,,,,,,,,,,,,,,,,,,,,,,,,,,,,,,,,,,,,,,,,,,,,,,,,,,,,,,,,,,,,,,,,,
457,2,"compute the average property plant and equipment net for WNG from December 31, 2024 to April 30, 2025.","ratio(sum(7494_property_plant_and_equipment_net_current_quarter_end, 7495_property_plant_and_equipment_net_prior_fy_end), 2.0)","{""op"": ""ratio"", ""left"": {""op"": ""sum"", ""left"": {""leaf"": ""7494_property_plant_and_equipment_net_current_quarter_end"", ""depth"": 0}, ""right"": {""leaf"": ""7495_property_plant_and_equipment_net_prior_fy_end"", ""depth"": 0}, ""depth"": 1}, ""right"": {""literal"": 2.0, ""depth"": 0}, ""depth"": 2}","{""kind"": ""time_agg"", ""op"": ""avg"", ""depth"": 0}",6659.5,1,0,2,487158110,350751847,42,0.116,0,1,2,7494_property_plant_and_equipment_net_current_quarter_end,property_plant_and_equipment_net,property plant and equipment net,WNG,"April 30, 2025",M_USD,7137.0,7495_property_plant_and_equipment_net_prior_fy_end,property_plant_and_equipment_net,property plant and equipment net,WNG,"December 31, 2024",M_USD,6182.0,,,,,,,,,,,,,,,,,,,,,,,,,,,,,,,,,,,,,,,,,,,,,,,,,,,,,,,,,,,,,,,,,,,,,,,,,,,,,,,,,,,,
458,2,"what's the value of the average gross profit for CLD from Three Months Ended April 30, 2024 to Three Months Ended April 30, 2025","ratio(sum(3139_gross_profit_prior_year_quarter, 3138_gross_profit_current_quarter), 2.0)","{""op"": ""ratio"", ""left"": {""op"": ""sum"", ""left"": {""leaf"": ""3139_gross_profit_prior_year_quarter"", ""depth"": 0}, ""right"": {""leaf"": ""3138_gross_profit_current_quarter"", ""depth"": 0}, ""depth"": 1}, ""right"": {""literal"": 2.0, ""depth"": 0}, ""depth"": 2}","{""kind"": ""time_agg"", ""op"": ""avg"", ""depth"": 0}",7153.0,3,0,2,108578447,26194692,42,0.257,0,1,2,3139_gross_profit_prior_year_quarter,gross_profit,gross profit,CLD,"Three Months Ended April 30, 2024",M_USD,7028.0,3138_gross_profit_current_quarter,gross_profit,gross profit,CLD,"Three Months Ended April 30, 2025",M_USD,7278.0,,,,,,,,,,,,,,,,,,,,,,,,,,,,,,,,,,,,,,,,,,,,,,,,,,,,,,,,,,,,,,,,,,,,,,,,,,,,,,,,,,,,
466,2,"Which result follows from the average selling general and administrative for MED from Three Months Ended October 31, 2024 to Three Months Ended October 31, 2025?","ratio(sum(1233_selling_general_and_administrative_prior_year_quarter, 1232_selling_general_and_administrative_current_quarter), 2.0)","{""op"": ""ratio"", ""left"": {""op"": ""sum"", ""left"": {""leaf"": ""1233_selling_general_and_administrative_prior_year_quarter"", ""depth"": 0}, ""right"": {""leaf"": ""1232_selling_general_and_administrative_current_quarter"", ""depth"": 0}, ""depth"": 1}, ""right"": {""literal"": 2.0, ""depth"": 0}, ""depth"": 2}","{""kind"": ""time_agg"", ""op"": ""avg"", ""depth"": 0}",1214.0,4,0,2,713000838,347095927,42,0.343,0,1,2,1233_selling_general_and_administrative_prior_year_quarter,selling_general_and_administrative,selling general and administrative,MED,"Three Months Ended October 31, 2024",M_USD,1239.0,1232_selling_general_and_administrative_current_quarter,selling_general_and_administrative,selling general and administrative,MED,"Three Months Ended October 31, 2025",M_USD,1189.0,,,,,,,,,,,,,,,,,,,,,,,,,,,,,,,,,,,,,,,,,,,,,,,,,,,,,,,,,,,,,,,,,,,,,,,,,,,,,,,,,,,,
477,2,"determine the average accounts payable for WNG from December 31, 2024 to April 30, 2025","ratio(sum(7504_accounts_payable_current_quarter_end, 7505_accounts_payable_prior_fy_end), 2.0)","{""op"": ""ratio"", ""left"": {""op"": ""sum"", ""left"": {""leaf"": ""7504_accounts_payable_current_quarter_end"", ""depth"": 0}, ""right"": {""leaf"": ""7505_accounts_payable_prior_fy_end"", ""depth"": 0}, ""depth"": 1}, ""right"": {""literal"": 2.0, ""depth"": 0}, ""depth"": 2}","{""kind"": ""time_agg"", ""op"": ""avg"", ""depth"": 0}",3106.5,1,0,2,106675541,822331746,42,0.144,0,1,2,7504_accounts_payable_current_quarter_end,accounts_payable,accounts payable,WNG,"April 30, 2025",M_USD,3329.0,7505_accounts_payable_prior_fy_end,accounts_payable,accounts payable,WNG,"December 31, 2024",M_USD,2884.0,,,,,,,,,,,,,,,,,,,,,,,,,,,,,,,,,,,,,,,,,,,,,,,,,,,,,,,,,,,,,,,,,,,,,,,,,,,,,,,,,,,,
484,2,"provide the average current portion of long term debt for SUP from December 31, 2024 to April 30, 2025","ratio(sum(1022_current_portion_of_long_term_debt_current_quarter_end, 1023_current_portion_of_long_term_debt_prior_fy_end), 2.0)","{""op"": ""ratio"", ""left"": {""op"": ""sum"", ""left"": {""leaf"": ""1022_current_portion_of_long_term_debt_current_quarter_end"", ""depth"": 0}, ""right"": {""leaf"": ""1023_current_portion_of_long_term_debt_prior_fy_end"", ""depth"": 0}, ""depth"": 1}, ""right"": {""literal"": 2.0, ""depth"": 0}, ""depth"": 2}","{""kind"": ""time_agg"", ""op"": ""avg"", ""depth"": 0}",527.5,2,0,2,857081565,527122633,42,0.209,0,1,2,1022_current_portion_of_long_term_debt_current_quarter_end,current_portion_of_long_term_debt,current portion of long term debt,SUP,"April 30, 2025",M_USD,553.0,1023_current_portion_of_long_term_debt_prior_fy_end,current_portion_of_long_term_debt,current portion of long term debt,SUP,"December 31, 2024",M_USD,502.0,,,,,,,,,,,,,,,,,,,,,,,,,,,,,,,,,,,,,,,,,,,,,,,,,,,,,,,,,,,,,,,,,,,,,,,,,,,,,,,,,,,,
485,2,"what's the value of the average total current assets for CLD from December 31, 2024 to April 30, 2025","ratio(sum(3168_total_current_assets_current_quarter_end, 3169_total_current_assets_prior_fy_end), 2.0)","{""op"": ""ratio"", ""left"": {""op"": ""sum"", ""left"": {""leaf"": ""3168_total_current_assets_current_quarter_end"", ""depth"": 0}, ""right"": {""leaf"": ""3169_total_current_assets_prior_fy_end"", ""depth"": 0}, ""depth"": 1}, ""right"": {""literal"": 2.0, ""depth"": 0}, ""depth"": 2}","{""kind"": ""time_agg"", ""op"": ""avg"", ""depth"": 0}",9574.0,3,0,2,995421584,707939070,42,0.464,0,1,2,3168_total_current_assets_current_quarter_end,total_current_assets,total current assets,CLD,"April 30, 2025",M_USD,9990.0,3169_total_current_assets_prior_fy_end,total_current_assets,total current assets,CLD,"December 31, 2024",M_USD,9158.0,,,,,,,,,,,,,,,,,,,,,,,,,,,,,,,,,,,,,,,,,,,,,,,,,,,,,,,,,,,,,,,,,,,,,,,,,,,,,,,,,,,,
488,2,"Provide the average provision for income taxes for TRU from Three Months Ended July 31, 2024 to Three Months Ended July 31, 2025.","ratio(sum(833_provision_for_income_taxes_prior_year_quarter, 832_provision_for_income_taxes_current_quarter), 2.0)","{""op"": ""ratio"", ""left"": {""op"": ""sum"", ""left"": {""leaf"": ""833_provision_for_income_taxes_prior_year_quarter"", ""depth"": 0}, ""right"": {""leaf"": ""832_provision_for_income_taxes_current_quarter"", ""depth"": 0}, ""depth"": 1}, ""right"": {""literal"": 2.0, ""depth"": 0}, ""depth"": 2}","{""kind"": ""time_agg"", ""op"": ""avg"", ""depth"": 0}",659.5,4,0,2,466228934,394264090,42,0.255,0,1,2,833_provision_for_income_taxes_prior_year_quarter,provision_for_income_taxes,provision for income taxes,TRU,"Three Months Ended July 31, 2024",M_USD,615.0,832_provision_for_income_taxes_current_quarter,provision_for_income_taxes,provision for income taxes,TRU,"Three Months Ended July 31, 2025",M_USD,704.0,,,,,,,,,,,,,,,,,,,,,,,,,,,,,,,,,,,,,,,,,,,,,,,,,,,,,,,,,,,,,,,,,,,,,,,,,,,,,,,,,,,,
491,2,"what would be the average total assets for CRZ from December 31, 2024 to October 31, 2025 ?","ratio(sum(5041_total_assets_prior_fy_end, 5040_total_assets_current_quarter_end), 2.0)","{""op"": ""ratio"", ""left"": {""op"": ""sum"", ""left"": {""leaf"": ""5041_total_assets_prior_fy_end"", ""depth"": 0}, ""right"": {""leaf"": ""5040_total_assets_current_quarter_end"", ""depth"": 0}, ""depth"": 1}, ""right"": {""literal"": 2.0, ""depth"": 0}, ""depth"": 2}","{""kind"": ""time_agg"", ""op"": ""avg"", ""depth"": 0}",10962.0,3,0,2,80317156,503779203,42,0.425,0,1,2,5041_total_assets_prior_fy_end,total_assets,total assets,CRZ,"December 31, 2024",M_USD,10729.0,5040_total_assets_current_quarter_end,total_assets,total assets,CRZ,"October 31, 2025",M_USD,11195.0,,,,,,,,,,,,,,,,,,,,,,,,,,,,,,,,,,,,,,,,,,,,,,,,,,,,,,,,,,,,,,,,,,,,,,,,,,,,,,,,,,,,
492,2,"Which quantity is given by the average total non current assets for MRT from December 31, 2024 to April 30, 2025 ?","ratio(sum(1600_total_non_current_assets_current_quarter_end, 1601_total_non_current_assets_prior_fy_end), 2.0)","{""op"": ""ratio"", ""left"": {""op"": ""sum"", ""left"": {""leaf"": ""1600_total_non_current_assets_current_quarter_end"", ""depth"": 0}, ""right"": {""leaf"": ""1601_total_non_current_assets_prior_fy_end"", ""depth"": 0}, ""depth"": 1}, ""right"": {""literal"": 2.0, ""depth"": 0}, ""depth"": 2}","{""kind"": ""time_agg"", ""op"": ""avg"", ""depth"": 0}",40963.5,3,0,2,720171518,907938156,42,0.548,0,1,2,1600_total_non_current_assets_current_quarter_end,total_non_current_assets,total non current assets,MRT,"April 30, 2025",M_USD,43968.0,1601_total_non_current_assets_prior_fy_end,total_non_current_assets,total non current assets,MRT,"December 31, 2024",M_USD,37959.0,,,,,,,,,,,,,,,,,,,,,,,,,,,,,,,,,,,,,,,,,,,,,,,,,,,,,,,,,,,,,,,,,,,,,,,,,,,,,,,,,,,,
494,2,"could you give the average goodwill for NVH from December 31, 2024 to October 31, 2025","ratio(sum(6653_goodwill_prior_fy_end, 6652_goodwill_current_quarter_end), 2.0)","{""op"": ""ratio"", ""left"": {""op"": ""sum"", ""left"": {""leaf"": ""6653_goodwill_prior_fy_end"", ""depth"": 0}, ""right"": {""leaf"": ""6652_goodwill_current_quarter_end"", ""depth"": 0}, ""depth"": 1}, ""right"": {""literal"": 2.0, ""depth"": 0}, ""depth"": 2}","{""kind"": ""time_agg"", ""op"": ""avg"", ""depth"": 0}",2513.0,5,0,2,904417822,371326486,42,0.57,0,1,2,6653_goodwill_prior_fy_end,goodwill,goodwill,NVH,"December 31, 2024",M_USD,2414.0,6652_goodwill_current_quarter_end,goodwill,goodwill,NVH,"October 31, 2025",M_USD,2612.0,,,,,,,,,,,,,,,,,,,,,,,,,,,,,,,,,,,,,,,,,,,,,,,,,,,,,,,,,,,,,,,,,,,,,,,,,,,,,,,,,,,,
497,2,"give the average total assets for SKY from December 31, 2024 to April 30, 2025 .","ratio(sum(5858_total_assets_current_quarter_end, 5859_total_assets_prior_fy_end), 2.0)","{""op"": ""ratio"", ""left"": {""op"": ""sum"", ""left"": {""leaf"": ""5858_total_assets_current_quarter_end"", ""depth"": 0}, ""right"": {""leaf"": ""5859_total_assets_prior_fy_end"", ""depth"": 0}, ""depth"": 1}, ""right"": {""literal"": 2.0, ""depth"": 0}, ""depth"": 2}","{""kind"": ""time_agg"", ""op"": ""avg"", ""depth"": 0}",11904.0,5,0,2,679871046,700085950,42,0.523,0,1,2,5858_total_assets_current_quarter_end,total_assets,total assets,SKY,"April 30, 2025",M_USD,11868.0,5859_total_assets_prior_fy_end,total_assets,total assets,SKY,"December 31, 2024",M_USD,11940.0,,,,,,,,,,,,,,,,,,,,,,,,,,,,,,,,,,,,,,,,,,,,,,,,,,,,,,,,,,,,,,,,,,,,,,,,,,,,,,,,,,,,
500,2,"whats the value of the average research and development for CRF from Three Months Ended October 31, 2024 to Three Months Ended October 31, 2025 ?","ratio(sum(1695_research_and_development_prior_year_quarter, 1694_research_and_development_current_quarter), 2.0)","{""op"": ""ratio"", ""left"": {""op"": ""sum"", ""left"": {""leaf"": ""1695_research_and_development_prior_year_quarter"", ""depth"": 0}, ""right"": {""leaf"": ""1694_research_and_development_current_quarter"", ""depth"": 0}, ""depth"": 1}, ""right"": {""literal"": 2.0, ""depth"": 0}, ""depth"": 2}","{""kind"": ""time_agg"", ""op"": ""avg"", ""depth"": 0}",408.0,2,0,2,148816476,291451471,42,0.147,0,1,2,1695_research_and_development_prior_year_quarter,research_and_development,research and development,CRF,"Three Months Ended October 31, 2024",M_USD,412.0,1694_research_and_development_current_quarter,research_and_development,research and development,CRF,"Three Months Ended October 31, 2025",M_USD,404.0,,,,,,,,,,,,,,,,,,,,,,,,,,,,,,,,,,,,,,,,,,,,,,,,,,,,,,,,,,,,,,,,,,,,,,,,,,,,,,,,,,,,
501,2,"determine the average provision for income taxes for WNG from Three Months Ended April 30, 2024 to Three Months Ended April 30, 2025 .","ratio(sum(7473_provision_for_income_taxes_prior_year_quarter, 7472_provision_for_income_taxes_current_quarter), 2.0)","{""op"": ""ratio"", ""left"": {""op"": ""sum"", ""left"": {""leaf"": ""7473_provision_for_income_taxes_prior_year_quarter"", ""depth"": 0}, ""right"": {""leaf"": ""7472_provision_for_income_taxes_current_quarter"", ""depth"": 0}, ""depth"": 1}, ""right"": {""literal"": 2.0, ""depth"": 0}, ""depth"": 2}","{""kind"": ""time_agg"", ""op"": ""avg"", ""depth"": 0}",451.5,4,0,2,825020955,354171549,42,0.11,0,1,2,7473_provision_for_income_taxes_prior_year_quarter,provision_for_income_taxes,provision for income taxes,WNG,"Three Months Ended April 30, 2024",M_USD,462.0,7472_provision_for_income_taxes_current_quarter,provision_for_income_taxes,provision for income taxes,WNG,"Three Months Ended April 30, 2025",M_USD,441.0,,,,,,,,,,,,,,,,,,,,,,,,,,,,,,,,,,,,,,,,,,,,,,,,,,,,,,,,,,,,,,,,,,,,,,,,,,,,,,,,,,,,
505,2,"what do we obtain as the average property plant and equipment net for FIN from December 31, 2024 to April 30, 2025","ratio(sum(4116_property_plant_and_equipment_net_current_quarter_end, 4117_property_plant_and_equipment_net_prior_fy_end), 2.0)","{""op"": ""ratio"", ""left"": {""op"": ""sum"", ""left"": {""leaf"": ""4116_property_plant_and_equipment_net_current_quarter_end"", ""depth"": 0}, ""right"": {""leaf"": ""4117_property_plant_and_equipment_net_prior_fy_end"", ""depth"": 0}, ""depth"": 1}, ""right"": {""literal"": 2.0, ""depth"": 0}, ""depth"": 2}","{""kind"": ""time_agg"", ""op"": ""avg"", ""depth"": 0}",738.5,3,0,2,299622603,502109780,42,0.446,0,1,2,4116_property_plant_and_equipment_net_current_quarter_end,property_plant_and_equipment_net,property plant and equipment net,FIN,"April 30, 2025",M_USD,781.0,4117_property_plant_and_equipment_net_prior_fy_end,property_plant_and_equipment_net,property plant and equipment net,FIN,"December 31, 2024",M_USD,696.0,,,,,,,,,,,,,,,,,,,,,,,,,,,,,,,,,,,,,,,,,,,,,,,,,,,,,,,,,,,,,,,,,,,,,,,,,,,,,,,,,,,,
509,2,"which result follows from the average selling general and administrative for MDI from Three Months Ended October 31, 2024 to Three Months Ended October 31, 2025?","ratio(sum(5491_selling_general_and_administrative_prior_year_quarter, 5490_selling_general_and_administrative_current_quarter), 2.0)","{""op"": ""ratio"", ""left"": {""op"": ""sum"", ""left"": {""leaf"": ""5491_selling_general_and_administrative_prior_year_quarter"", ""depth"": 0}, ""right"": {""leaf"": ""5490_selling_general_and_administrative_current_quarter"", ""depth"": 0}, ""depth"": 1}, ""right"": {""literal"": 2.0, ""depth"": 0}, ""depth"": 2}","{""kind"": ""time_agg"", ""op"": ""avg"", ""depth"": 0}",2680.0,2,0,2,963501387,219059775,42,0.496,0,1,2,5491_selling_general_and_administrative_prior_year_quarter,selling_general_and_administrative,selling general and administrative,MDI,"Three Months Ended October 31, 2024",M_USD,2515.0,5490_selling_general_and_administrative_current_quarter,selling_general_and_administrative,selling general and administrative,MDI,"Three Months Ended October 31, 2025",M_USD,2845.0,,,,,,,,,,,,,,,,,,,,,,,,,,,,,,,,,,,,,,,,,,,,,,,,,,,,,,,,,,,,,,,,,,,,,,,,,,,,,,,,,,,,
513,2,"what is the value of the income before taxes for CAP in Nine Months Ended October 31, 2025",income_before_taxes,"{""derived"": ""income_before_taxes"", ""expanded"": {""op"": ""sum"", ""left"": {""derived"": ""operating_income"", ""expanded"": {""op"": ""diff"", ""left"": {""leaf"": ""5652_total_revenues_current_ytd"", ""depth"": 0}, ""right"": {""leaf"": ""5668_total_costs_and_expenses_current_ytd"", ""depth"": 0}, ""depth"": 1}, ""depth"": 1}, ""right"": {""leaf"": ""5676_other_income_expense_net_current_ytd"", ""depth"": 0}, ""depth"": 2}, ""depth"": 2}","{""kind"": ""derived_concept"", ""name"": ""income_before_taxes"", ""depth"": 0}",15063.0,5,0,2,9359238,900263248,42,0.566,0,1,3,5652_total_revenues_current_ytd,total_revenues,total revenues,CAP,"Nine Months Ended October 31, 2025",M_USD,73152.0,5668_total_costs_and_expenses_current_ytd,total_costs_and_expenses,total costs and expenses,CAP,"Nine Months Ended October 31, 2025",M_USD,57090.0,5676_other_income_expense_net_current_ytd,other_income_expense_net,other income expense net,CAP,"Nine Months Ended October 31, 2025",M_USD,-999.0,,,,,,,,,,,,,,,,,,,,,,,,,,,,,,,,,,,,,,,,,,,,,,,,,,,,,,,,,,,,,,,,,,,,,,,,,,,,,
520,2,"you should give the average total costs and expenses for MRT from Three Months Ended April 30, 2024 to Three Months Ended April 30, 2025.","ratio(sum(1567_total_costs_and_expenses_prior_year_quarter, 1566_total_costs_and_expenses_current_quarter), 2.0)","{""op"": ""ratio"", ""left"": {""op"": ""sum"", ""left"": {""leaf"": ""1567_total_costs_and_expenses_prior_year_quarter"", ""depth"": 0}, ""right"": {""leaf"": ""1566_total_costs_and_expenses_current_quarter"", ""depth"": 0}, ""depth"": 1}, ""right"": {""literal"": 2.0, ""depth"": 0}, ""depth"": 2}","{""kind"": ""time_agg"", ""op"": ""avg"", ""depth"": 0}",86763.5,5,0,2,606826937,910272993,42,0.331,0,1,2,1567_total_costs_and_expenses_prior_year_quarter,total_costs_and_expenses,total costs and expenses,MRT,"Three Months Ended April 30, 2024",M_USD,92668.0,1566_total_costs_and_expenses_current_quarter,total_costs_and_expenses,total costs and expenses,MRT,"Three Months Ended April 30, 2025",M_USD,80859.0,,,,,,,,,,,,,,,,,,,,,,,,,,,,,,,,,,,,,,,,,,,,,,,,,,,,,,,,,,,,,,,,,,,,,,,,,,,,,,,,,,,,
521,2,"may you give the average depreciation and amortization for PRF from Three Months Ended April 30, 2024 to Three Months Ended April 30, 2025 ?","ratio(sum(2241_depreciation_and_amortization_prior_ytd, 2240_depreciation_and_amortization_current_ytd), 2.0)","{""op"": ""ratio"", ""left"": {""op"": ""sum"", ""left"": {""leaf"": ""2241_depreciation_and_amortization_prior_ytd"", ""depth"": 0}, ""right"": {""leaf"": ""2240_depreciation_and_amortization_current_ytd"", ""depth"": 0}, ""depth"": 1}, ""right"": {""literal"": 2.0, ""depth"": 0}, ""depth"": 2}","{""kind"": ""time_agg"", ""op"": ""avg"", ""depth"": 0}",43.5,4,0,2,582873253,68272476,42,0.389,0,1,2,2241_depreciation_and_amortization_prior_ytd,depreciation_and_amortization,depreciation and amortization,PRF,"Three Months Ended April 30, 2024",M_USD,43.0,2240_depreciation_and_amortization_current_ytd,depreciation_and_amortization,depreciation and amortization,PRF,"Three Months Ended April 30, 2025",M_USD,44.0,,,,,,,,,,,,,,,,,,,,,,,,,,,,,,,,,,,,,,,,,,,,,,,,,,,,,,,,,,,,,,,,,,,,,,,,,,,,,,,,,,,,
523,2,"May you give the average opening cash and equivalents for QRK from Six Months Ended April 30, 2025 to Six Months Ended April 30, 2026 ?","ratio(sum(3575_opening_cash_and_equivalents_prior_ytd, 3574_opening_cash_and_equivalents_current_ytd), 2.0)","{""op"": ""ratio"", ""left"": {""op"": ""sum"", ""left"": {""leaf"": ""3575_opening_cash_and_equivalents_prior_ytd"", ""depth"": 0}, ""right"": {""leaf"": ""3574_opening_cash_and_equivalents_current_ytd"", ""depth"": 0}, ""depth"": 1}, ""right"": {""literal"": 2.0, ""depth"": 0}, ""depth"": 2}","{""kind"": ""time_agg"", ""op"": ""avg"", ""depth"": 0}",17568.0,2,0,2,697645855,126381527,42,0.246,0,1,2,3575_opening_cash_and_equivalents_prior_ytd,opening_cash_and_equivalents,opening cash and equivalents,QRK,"Six Months Ended April 30, 2025",M_USD,18561.0,3574_opening_cash_and_equivalents_current_ytd,opening_cash_and_equivalents,opening cash and equivalents,QRK,"Six Months Ended April 30, 2026",M_USD,16575.0,,,,,,,,,,,,,,,,,,,,,,,,,,,,,,,,,,,,,,,,,,,,,,,,,,,,,,,,,,,,,,,,,,,,,,,,,,,,,,,,,,,,
525,2,"What does the following give: average other non current liabilities for GBL from December 31, 2024 to April 30, 2025","ratio(sum(6824_other_non_current_liabilities_current_quarter_end, 6825_other_non_current_liabilities_prior_fy_end), 2.0)","{""op"": ""ratio"", ""left"": {""op"": ""sum"", ""left"": {""leaf"": ""6824_other_non_current_liabilities_current_quarter_end"", ""depth"": 0}, ""right"": {""leaf"": ""6825_other_non_current_liabilities_prior_fy_end"", ""depth"": 0}, ""depth"": 1}, ""right"": {""literal"": 2.0, ""depth"": 0}, ""depth"": 2}","{""kind"": ""time_agg"", ""op"": ""avg"", ""depth"": 0}",2515.5,1,0,2,382800892,969208482,42,0.141,0,1,2,6824_other_non_current_liabilities_current_quarter_end,other_non_current_liabilities,other non current liabilities,GBL,"April 30, 2025",M_USD,2700.0,6825_other_non_current_liabilities_prior_fy_end,other_non_current_liabilities,other non current liabilities,GBL,"December 31, 2024",M_USD,2331.0,,,,,,,,,,,,,,,,,,,,,,,,,,,,,,,,,,,,,,,,,,,,,,,,,,,,,,,,,,,,,,,,,,,,,,,,,,,,,,,,,,,,
528,2,"may you calculate the average proceeds from maturities of securities for PLX from Nine Months Ended July 31, 2025 to Nine Months Ended July 31, 2026 ?","ratio(sum(4333_proceeds_from_maturities_of_securities_prior_ytd, 4332_proceeds_from_maturities_of_securities_current_ytd), 2.0)","{""op"": ""ratio"", ""left"": {""op"": ""sum"", ""left"": {""leaf"": ""4333_proceeds_from_maturities_of_securities_prior_ytd"", ""depth"": 0}, ""right"": {""leaf"": ""4332_proceeds_from_maturities_of_securities_current_ytd"", ""depth"": 0}, ""depth"": 1}, ""right"": {""literal"": 2.0, ""depth"": 0}, ""depth"": 2}","{""kind"": ""time_agg"", ""op"": ""avg"", ""depth"": 0}",301.0,2,0,2,911910791,733149070,42,0.589,0,1,2,4333_proceeds_from_maturities_of_securities_prior_ytd,proceeds_from_maturities_of_securities,proceeds from maturities of securities,PLX,"Nine Months Ended July 31, 2025",M_USD,299.0,4332_proceeds_from_maturities_of_securities_current_ytd,proceeds_from_maturities_of_securities,proceeds from maturities of securities,PLX,"Nine Months Ended July 31, 2026",M_USD,303.0,,,,,,,,,,,,,,,,,,,,,,,,,,,,,,,,,,,,,,,,,,,,,,,,,,,,,,,,,,,,,,,,,,,,,,,,,,,,,,,,,,,,
531,2,"Which result follows from the average proceeds from stock option exercises for MDI from Nine Months Ended October 31, 2024 to Nine Months Ended October 31, 2025 ?","ratio(sum(5605_proceeds_from_stock_option_exercises_prior_ytd, 5604_proceeds_from_stock_option_exercises_current_ytd), 2.0)","{""op"": ""ratio"", ""left"": {""op"": ""sum"", ""left"": {""leaf"": ""5605_proceeds_from_stock_option_exercises_prior_ytd"", ""depth"": 0}, ""right"": {""leaf"": ""5604_proceeds_from_stock_option_exercises_current_ytd"", ""depth"": 0}, ""depth"": 1}, ""right"": {""literal"": 2.0, ""depth"": 0}, ""depth"": 2}","{""kind"": ""time_agg"", ""op"": ""avg"", ""depth"": 0}",24.5,3,0,2,666361210,544288051,42,0.349,0,1,2,5605_proceeds_from_stock_option_exercises_prior_ytd,proceeds_from_stock_option_exercises,proceeds from stock option exercises,MDI,"Nine Months Ended October 31, 2024",M_USD,27.0,5604_proceeds_from_stock_option_exercises_current_ytd,proceeds_from_stock_option_exercises,proceeds from stock option exercises,MDI,"Nine Months Ended October 31, 2025",M_USD,22.0,,,,,,,,,,,,,,,,,,,,,,,,,,,,,,,,,,,,,,,,,,,,,,,,,,,,,,,,,,,,,,,,,,,,,,,,,,,,,,,,,,,,
537,2,"determine the average total current liabilities for ZNX from December 31, 2024 to July 31, 2025 .","ratio(sum(6317_total_current_liabilities_prior_fy_end, 6316_total_current_liabilities_current_quarter_end), 2.0)","{""op"": ""ratio"", ""left"": {""op"": ""sum"", ""left"": {""leaf"": ""6317_total_current_liabilities_prior_fy_end"", ""depth"": 0}, ""right"": {""leaf"": ""6316_total_current_liabilities_current_quarter_end"", ""depth"": 0}, ""depth"": 1}, ""right"": {""literal"": 2.0, ""depth"": 0}, ""depth"": 2}","{""kind"": ""time_agg"", ""op"": ""avg"", ""depth"": 0}",6086.5,5,0,2,331786070,893745696,42,0.463,0,1,2,6317_total_current_liabilities_prior_fy_end,total_current_liabilities,total current liabilities,ZNX,"December 31, 2024",M_USD,5669.0,6316_total_current_liabilities_current_quarter_end,total_current_liabilities,total current liabilities,ZNX,"July 31, 2025",M_USD,6504.0,,,,,,,,,,,,,,,,,,,,,,,,,,,,,,,,,,,,,,,,,,,,,,,,,,,,,,,,,,,,,,,,,,,,,,,,,,,,,,,,,,,,
540,2,"Evaluate the difference between maximum of cost of sales for FNB from Nine Months Ended October 31, 2024 to Nine Months Ended October 31, 2025 and minimum of depreciation and amortization for FNB from Nine Months Ended October 31, 2024 to Nine Months Ended October 31, 2025","diff(max(6079_cost_of_sales_prior_year_ytd, 6078_cost_of_sales_current_ytd), min(6167_depreciation_and_amortization_prior_ytd, 6166_depreciation_and_amortization_current_ytd))","{""op"": ""diff"", ""left"": {""op"": ""max"", ""left"": {""leaf"": ""6079_cost_of_sales_prior_year_ytd"", ""depth"": 0}, ""right"": {""leaf"": ""6078_cost_of_sales_current_ytd"", ""depth"": 0}, ""depth"": 1}, ""right"": {""op"": ""min"", ""left"": {""leaf"": ""6167_depreciation_and_amortization_prior_ytd"", ""depth"": 0}, ""right"": {""leaf"": ""6166_depreciation_and_amortization_current_ytd"", ""depth"": 0}, ""depth"": 1}, ""depth"": 2}","{""op"": ""diff"", ""left"": {""kind"": ""time_agg"", ""op"": ""max"", ""depth"": 0}, ""right"": {""kind"": ""time_agg"", ""op"": ""min"", ""depth"": 0}, ""depth"": 1, ""kind"": ""node""}",8057.0,5,1,2,119850555,388336600,42,0.381,1,2,4,6079_cost_of_sales_prior_year_ytd,cost_of_sales,cost of sales,FNB,"Nine Months Ended October 31, 2024",M_USD,8994.0,6078_cost_of_sales_current_ytd,cost_of_sales,cost of sales,FNB,"Nine Months Ended October 31, 2025",M_USD,8223.0,6167_depreciation_and_amortization_prior_ytd,depreciation_and_amortization,depreciation and amortization,FNB,"Nine Months Ended October 31, 2024",M_USD,1025.0,6166_depreciation_and_amortization_current_ytd,depreciation_and_amortization,depreciation and amortization,FNB,"Nine Months Ended October 31, 2025",M_USD,937.0,,,,,,,,,,,,,,,,,,,,,,,,,,,,,,,,,,,,,,,,,,,,,,,,,,,,,,,,,,,,,,,,,,,,,,
541,2,"provide the average total current assets for TRU from December 31, 2024 to July 31, 2025","ratio(sum(859_total_current_assets_prior_fy_end, 858_total_current_assets_current_quarter_end), 2.0)","{""op"": ""ratio"", ""left"": {""op"": ""sum"", ""left"": {""leaf"": ""859_total_current_assets_prior_fy_end"", ""depth"": 0}, ""right"": {""leaf"": ""858_total_current_assets_current_quarter_end"", ""depth"": 0}, ""depth"": 1}, ""right"": {""literal"": 2.0, ""depth"": 0}, ""depth"": 2}","{""kind"": ""time_agg"", ""op"": ""avg"", ""depth"": 0}",11606.0,3,0,2,554586443,505138839,42,0.246,0,1,2,859_total_current_assets_prior_fy_end,total_current_assets,total current assets,TRU,"December 31, 2024",M_USD,11017.0,858_total_current_assets_current_quarter_end,total_current_assets,total current assets,TRU,"July 31, 2025",M_USD,12195.0,,,,,,,,,,,,,,,,,,,,,,,,,,,,,,,,,,,,,,,,,,,,,,,,,,,,,,,,,,,,,,,,,,,,,,,,,,,,,,,,,,,,
543,2,"compute the average provision for income taxes for VTL from Three Months Ended April 30, 2024 to Three Months Ended April 30, 2025.","ratio(sum(17_provision_for_income_taxes_prior_year_quarter, 16_provision_for_income_taxes_current_quarter), 2.0)","{""op"": ""ratio"", ""left"": {""op"": ""sum"", ""left"": {""leaf"": ""17_provision_for_income_taxes_prior_year_quarter"", ""depth"": 0}, ""right"": {""leaf"": ""16_provision_for_income_taxes_current_quarter"", ""depth"": 0}, ""depth"": 1}, ""right"": {""literal"": 2.0, ""depth"": 0}, ""depth"": 2}","{""kind"": ""time_agg"", ""op"": ""avg"", ""depth"": 0}",108.5,2,0,2,368537618,315914247,42,0.367,0,1,2,17_provision_for_income_taxes_prior_year_quarter,provision_for_income_taxes,provision for income taxes,VTL,"Three Months Ended April 30, 2024",M_USD,108.0,16_provision_for_income_taxes_current_quarter,provision_for_income_taxes,provision for income taxes,VTL,"Three Months Ended April 30, 2025",M_USD,109.0,,,,,,,,,,,,,,,,,,,,,,,,,,,,,,,,,,,,,,,,,,,,,,,,,,,,,,,,,,,,,,,,,,,,,,,,,,,,,,,,,,,,
544,2,"calculate the income before taxes for TPH in Nine Months Ended October 31, 2024.",income_before_taxes,"{""derived"": ""income_before_taxes"", ""expanded"": {""op"": ""sum"", ""left"": {""derived"": ""operating_income"", ""expanded"": {""op"": ""diff"", ""left"": {""leaf"": ""2465_total_revenues_prior_year_ytd"", ""depth"": 0}, ""right"": {""leaf"": ""2485_total_costs_and_expenses_prior_year_ytd"", ""depth"": 0}, ""depth"": 1}, ""depth"": 1}, ""right"": {""leaf"": ""2493_other_income_expense_net_prior_year_ytd"", ""depth"": 0}, ""depth"": 2}, ""depth"": 2}","{""kind"": ""derived_concept"", ""name"": ""income_before_taxes"", ""depth"": 0}",17349.0,4,0,2,356668615,976966739,42,0.36,0,1,3,2465_total_revenues_prior_year_ytd,total_revenues,total revenues,TPH,"Nine Months Ended October 31, 2024",M_USD,61272.0,2485_total_costs_and_expenses_prior_year_ytd,total_costs_and_expenses,total costs and expenses,TPH,"Nine Months Ended October 31, 2024",M_USD,44346.0,2493_other_income_expense_net_prior_year_ytd,other_income_expense_net,other income expense net,TPH,"Nine Months Ended October 31, 2024",M_USD,423.0,,,,,,,,,,,,,,,,,,,,,,,,,,,,,,,,,,,,,,,,,,,,,,,,,,,,,,,,,,,,,,,,,,,,,,,,,,,,,
546,2,"Which value corresponds to the average Cargo and other for HRZ from Three Months Ended April 30, 2024 to Three Months Ended April 30, 2025?","ratio(sum(7297_cargo_and_other_prior_year_quarter, 7295_cargo_and_other_current_quarter), 2.0)","{""op"": ""ratio"", ""left"": {""op"": ""sum"", ""left"": {""leaf"": ""7297_cargo_and_other_prior_year_quarter"", ""depth"": 0}, ""right"": {""leaf"": ""7295_cargo_and_other_current_quarter"", ""depth"": 0}, ""depth"": 1}, ""right"": {""literal"": 2.0, ""depth"": 0}, ""depth"": 2}","{""kind"": ""time_agg"", ""op"": ""avg"", ""depth"": 0}",1788.5,1,0,2,716853902,345639414,42,0.208,0,1,2,7297_cargo_and_other_prior_year_quarter,cargo_and_other,Cargo and other,HRZ,"Three Months Ended April 30, 2024",M_USD,1856.0,7295_cargo_and_other_current_quarter,cargo_and_other,Cargo and other,HRZ,"Three Months Ended April 30, 2025",M_USD,1721.0,,,,,,,,,,,,,,,,,,,,,,,,,,,,,,,,,,,,,,,,,,,,,,,,,,,,,,,,,,,,,,,,,,,,,,,,,,,,,,,,,,,,
548,2,"Which result follows from the average total assets for JTX from December 31, 2024 to April 30, 2025 ?","ratio(sum(3998_total_assets_current_quarter_end, 3999_total_assets_prior_fy_end), 2.0)","{""op"": ""ratio"", ""left"": {""op"": ""sum"", ""left"": {""leaf"": ""3998_total_assets_current_quarter_end"", ""depth"": 0}, ""right"": {""leaf"": ""3999_total_assets_prior_fy_end"", ""depth"": 0}, ""depth"": 1}, ""right"": {""literal"": 2.0, ""depth"": 0}, ""depth"": 2}","{""kind"": ""time_agg"", ""op"": ""avg"", ""depth"": 0}",17564.0,2,0,2,615950029,675973132,42,0.447,0,1,2,3998_total_assets_current_quarter_end,total_assets,total assets,JTX,"April 30, 2025",M_USD,17594.0,3999_total_assets_prior_fy_end,total_assets,total assets,JTX,"December 31, 2024",M_USD,17534.0,,,,,,,,,,,,,,,,,,,,,,,,,,,,,,,,,,,,,,,,,,,,,,,,,,,,,,,,,,,,,,,,,,,,,,,,,,,,,,,,,,,,
549,2,"Give the average total current assets for STR from December 31, 2024 to July 31, 2025","ratio(sum(3325_total_current_assets_prior_fy_end, 3324_total_current_assets_current_quarter_end), 2.0)","{""op"": ""ratio"", ""left"": {""op"": ""sum"", ""left"": {""leaf"": ""3325_total_current_assets_prior_fy_end"", ""depth"": 0}, ""right"": {""leaf"": ""3324_total_current_assets_current_quarter_end"", ""depth"": 0}, ""depth"": 1}, ""right"": {""literal"": 2.0, ""depth"": 0}, ""depth"": 2}","{""kind"": ""time_agg"", ""op"": ""avg"", ""depth"": 0}",5974.5,1,0,2,405275439,790252692,42,0.49,0,1,2,3325_total_current_assets_prior_fy_end,total_current_assets,total current assets,STR,"December 31, 2024",M_USD,6044.0,3324_total_current_assets_current_quarter_end,total_current_assets,total current assets,STR,"July 31, 2025",M_USD,5905.0,,,,,,,,,,,,,,,,,,,,,,,,,,,,,,,,,,,,,,,,,,,,,,,,,,,,,,,,,,,,,,,,,,,,,,,,,,,,,,,,,,,,
553,2,"which value corresponds to the income before taxes for GRD in Three Months Ended July 31, 2025 ?",income_before_taxes,"{""derived"": ""income_before_taxes"", ""expanded"": {""op"": ""sum"", ""left"": {""derived"": ""operating_income"", ""expanded"": {""op"": ""diff"", ""left"": {""leaf"": ""308_total_revenues_current_quarter"", ""depth"": 0}, ""right"": {""leaf"": ""328_total_costs_and_expenses_current_quarter"", ""depth"": 0}, ""depth"": 1}, ""depth"": 1}, ""right"": {""leaf"": ""336_other_income_expense_net_current_quarter"", ""depth"": 0}, ""depth"": 2}, ""depth"": 2}","{""kind"": ""derived_concept"", ""name"": ""income_before_taxes"", ""depth"": 0}",1441.0,5,0,2,263989805,904222606,42,0.409,0,1,3,308_total_revenues_current_quarter,total_revenues,total revenues,GRD,"Three Months Ended July 31, 2025",M_USD,12100.0,328_total_costs_and_expenses_current_quarter,total_costs_and_expenses,total costs and expenses,GRD,"Three Months Ended July 31, 2025",M_USD,10687.0,336_other_income_expense_net_current_quarter,other_income_expense_net,other income expense net,GRD,"Three Months Ended July 31, 2025",M_USD,28.0,,,,,,,,,,,,,,,,,,,,,,,,,,,,,,,,,,,,,,,,,,,,,,,,,,,,,,,,,,,,,,,,,,,,,,,,,,,,,
561,2,"Evaluate the average cost of sales for CRF from Three Months Ended October 31, 2024 to Three Months Ended October 31, 2025","ratio(sum(1687_cost_of_sales_prior_year_quarter, 1686_cost_of_sales_current_quarter), 2.0)","{""op"": ""ratio"", ""left"": {""op"": ""sum"", ""left"": {""leaf"": ""1687_cost_of_sales_prior_year_quarter"", ""depth"": 0}, ""right"": {""leaf"": ""1686_cost_of_sales_current_quarter"", ""depth"": 0}, ""depth"": 1}, ""right"": {""literal"": 2.0, ""depth"": 0}, ""depth"": 2}","{""kind"": ""time_agg"", ""op"": ""avg"", ""depth"": 0}",7635.0,4,0,2,385962437,497382417,42,0.464,0,1,2,1687_cost_of_sales_prior_year_quarter,cost_of_sales,cost of sales,CRF,"Three Months Ended October 31, 2024",M_USD,7706.0,1686_cost_of_sales_current_quarter,cost_of_sales,cost of sales,CRF,"Three Months Ended October 31, 2025",M_USD,7564.0,,,,,,,,,,,,,,,,,,,,,,,,,,,,,,,,,,,,,,,,,,,,,,,,,,,,,,,,,,,,,,,,,,,,,,,,,,,,,,,,,,,,
562,2,"Which value corresponds to the income before taxes for HLT in Nine Months Ended October 31, 2025",income_before_taxes,"{""derived"": ""income_before_taxes"", ""expanded"": {""op"": ""sum"", ""left"": {""derived"": ""operating_income"", ""expanded"": {""op"": ""diff"", ""left"": {""leaf"": ""630_total_revenues_current_ytd"", ""depth"": 0}, ""right"": {""leaf"": ""650_total_costs_and_expenses_current_ytd"", ""depth"": 0}, ""depth"": 1}, ""depth"": 1}, ""right"": {""leaf"": ""658_other_income_expense_net_current_ytd"", ""depth"": 0}, ""depth"": 2}, ""depth"": 2}","{""kind"": ""derived_concept"", ""name"": ""income_before_taxes"", ""depth"": 0}",10662.0,5,0,2,507718677,598101071,42,0.525,0,1,3,630_total_revenues_current_ytd,total_revenues,total revenues,HLT,"Nine Months Ended October 31, 2025",M_USD,45108.0,650_total_costs_and_expenses_current_ytd,total_costs_and_expenses,total costs and expenses,HLT,"Nine Months Ended October 31, 2025",M_USD,34674.0,658_other_income_expense_net_current_ytd,other_income_expense_net,other income expense net,HLT,"Nine Months Ended October 31, 2025",M_USD,228.0,,,,,,,,,,,,,,,,,,,,,,,,,,,,,,,,,,,,,,,,,,,,,,,,,,,,,,,,,,,,,,,,,,,,,,,,,,,,,
566,2,"give the average prepaid expenses and other for SKY from December 31, 2024 to April 30, 2025 .","ratio(sum(5844_prepaid_expenses_and_other_current_quarter_end, 5845_prepaid_expenses_and_other_prior_fy_end), 2.0)","{""op"": ""ratio"", ""left"": {""op"": ""sum"", ""left"": {""leaf"": ""5844_prepaid_expenses_and_other_current_quarter_end"", ""depth"": 0}, ""right"": {""leaf"": ""5845_prepaid_expenses_and_other_prior_fy_end"", ""depth"": 0}, ""depth"": 1}, ""right"": {""literal"": 2.0, ""depth"": 0}, ""depth"": 2}","{""kind"": ""time_agg"", ""op"": ""avg"", ""depth"": 0}",209.5,5,0,2,683915969,384538920,42,0.372,0,1,2,5844_prepaid_expenses_and_other_current_quarter_end,prepaid_expenses_and_other,prepaid expenses and other,SKY,"April 30, 2025",M_USD,209.0,5845_prepaid_expenses_and_other_prior_fy_end,prepaid_expenses_and_other,prepaid expenses and other,SKY,"December 31, 2024",M_USD,210.0,,,,,,,,,,,,,,,,,,,,,,,,,,,,,,,,,,,,,,,,,,,,,,,,,,,,,,,,,,,,,,,,,,,,,,,,,,,,,,,,,,,,
568,2,"which quantity is given by the average shares used diluted for MRT from Three Months Ended April 30, 2024 to Three Months Ended April 30, 2025 ?","ratio(sum(1669_shares_used_diluted_prior_year_quarter, 1668_shares_used_diluted_current_quarter), 2.0)","{""op"": ""ratio"", ""left"": {""op"": ""sum"", ""left"": {""leaf"": ""1669_shares_used_diluted_prior_year_quarter"", ""depth"": 0}, ""right"": {""leaf"": ""1668_shares_used_diluted_current_quarter"", ""depth"": 0}, ""depth"": 1}, ""right"": {""literal"": 2.0, ""depth"": 0}, ""depth"": 2}","{""kind"": ""time_agg"", ""op"": ""avg"", ""depth"": 0}",5215461.5,2,0,2,915144655,540851342,42,0.492,0,1,2,1669_shares_used_diluted_prior_year_quarter,shares_used_diluted,shares used diluted,MRT,"Three Months Ended April 30, 2024",M_shares,5265923.0,1668_shares_used_diluted_current_quarter,shares_used_diluted,shares used diluted,MRT,"Three Months Ended April 30, 2025",M_shares,5165000.0,,,,,,,,,,,,,,,,,,,,,,,,,,,,,,,,,,,,,,,,,,,,,,,,,,,,,,,,,,,,,,,,,,,,,,,,,,,,,,,,,,,,
570,2,"you should calculate the average net income for CRX from Three Months Ended January 31, 2025 to Three Months Ended January 31, 2026 .","ratio(sum(4533_net_income_prior_year_quarter, 4532_net_income_current_quarter), 2.0)","{""op"": ""ratio"", ""left"": {""op"": ""sum"", ""left"": {""leaf"": ""4533_net_income_prior_year_quarter"", ""depth"": 0}, ""right"": {""leaf"": ""4532_net_income_current_quarter"", ""depth"": 0}, ""depth"": 1}, ""right"": {""literal"": 2.0, ""depth"": 0}, ""depth"": 2}","{""kind"": ""time_agg"", ""op"": ""avg"", ""depth"": 0}",15147.0,5,0,2,610210626,715769397,42,0.356,0,1,2,4533_net_income_prior_year_quarter,net_income,net income,CRX,"Three Months Ended January 31, 2025",M_USD,15405.0,4532_net_income_current_quarter,net_income,net income,CRX,"Three Months Ended January 31, 2026",M_USD,14889.0,,,,,,,,,,,,,,,,,,,,,,,,,,,,,,,,,,,,,,,,,,,,,,,,,,,,,,,,,,,,,,,,,,,,,,,,,,,,,,,,,,,,
571,2,"determine the average selling general and administrative for ZNX from Three Months Ended July 31, 2024 to Three Months Ended July 31, 2025 .","ratio(sum(6253_selling_general_and_administrative_prior_year_quarter, 6252_selling_general_and_administrative_current_quarter), 2.0)","{""op"": ""ratio"", ""left"": {""op"": ""sum"", ""left"": {""leaf"": ""6253_selling_general_and_administrative_prior_year_quarter"", ""depth"": 0}, ""right"": {""leaf"": ""6252_selling_general_and_administrative_current_quarter"", ""depth"": 0}, ""depth"": 1}, ""right"": {""literal"": 2.0, ""depth"": 0}, ""depth"": 2}","{""kind"": ""time_agg"", ""op"": ""avg"", ""depth"": 0}",5867.0,3,0,2,601621157,868427759,42,0.557,0,1,2,6253_selling_general_and_administrative_prior_year_quarter,selling_general_and_administrative,selling general and administrative,ZNX,"Three Months Ended July 31, 2024",M_USD,5927.0,6252_selling_general_and_administrative_current_quarter,selling_general_and_administrative,selling general and administrative,ZNX,"Three Months Ended July 31, 2025",M_USD,5807.0,,,,,,,,,,,,,,,,,,,,,,,,,,,,,,,,,,,,,,,,,,,,,,,,,,,,,,,,,,,,,,,,,,,,,,,,,,,,,,,,,,,,
572,2,"could you give the average prepaid expenses and other for NET from December 31, 2024 to October 31, 2025?","ratio(sum(6469_prepaid_expenses_and_other_prior_fy_end, 6468_prepaid_expenses_and_other_current_quarter_end), 2.0)","{""op"": ""ratio"", ""left"": {""op"": ""sum"", ""left"": {""leaf"": ""6469_prepaid_expenses_and_other_prior_fy_end"", ""depth"": 0}, ""right"": {""leaf"": ""6468_prepaid_expenses_and_other_current_quarter_end"", ""depth"": 0}, ""depth"": 1}, ""right"": {""literal"": 2.0, ""depth"": 0}, ""depth"": 2}","{""kind"": ""time_agg"", ""op"": ""avg"", ""depth"": 0}",958.5,4,0,2,539008109,778576071,42,0.567,0,1,2,6469_prepaid_expenses_and_other_prior_fy_end,prepaid_expenses_and_other,prepaid expenses and other,NET,"December 31, 2024",M_USD,970.0,6468_prepaid_expenses_and_other_current_quarter_end,prepaid_expenses_and_other,prepaid expenses and other,NET,"October 31, 2025",M_USD,947.0,,,,,,,,,,,,,,,,,,,,,,,,,,,,,,,,,,,,,,,,,,,,,,,,,,,,,,,,,,,,,,,,,,,,,,,,,,,,,,,,,,,,
573,2,"which result follows from the income before taxes for IND in Three Months Ended April 30, 2024 ?",income_before_taxes,"{""derived"": ""income_before_taxes"", ""expanded"": {""op"": ""sum"", ""left"": {""derived"": ""operating_income"", ""expanded"": {""op"": ""diff"", ""left"": {""leaf"": ""1093_total_revenues_prior_year_quarter"", ""depth"": 0}, ""right"": {""leaf"": ""1103_total_costs_and_expenses_prior_year_quarter"", ""depth"": 0}, ""depth"": 1}, ""depth"": 1}, ""right"": {""leaf"": ""1107_other_income_expense_net_prior_year_quarter"", ""depth"": 0}, ""depth"": 2}, ""depth"": 2}","{""kind"": ""derived_concept"", ""name"": ""income_before_taxes"", ""depth"": 0}",1982.0,4,0,2,876763975,939871249,42,0.157,0,1,3,1093_total_revenues_prior_year_quarter,total_revenues,total revenues,IND,"Three Months Ended April 30, 2024",M_USD,23597.0,1103_total_costs_and_expenses_prior_year_quarter,total_costs_and_expenses,total costs and expenses,IND,"Three Months Ended April 30, 2024",M_USD,21361.0,1107_other_income_expense_net_prior_year_quarter,other_income_expense_net,other income expense net,IND,"Three Months Ended April 30, 2024",M_USD,-254.0,,,,,,,,,,,,,,,,,,,,,,,,,,,,,,,,,,,,,,,,,,,,,,,,,,,,,,,,,,,,,,,,,,,,,,,,,,,,,
575,2,"evaluate the average Subscription revenue for CLD from Three Months Ended April 30, 2024 to Three Months Ended April 30, 2025","ratio(sum(3262_subscription_revenue_prior_year_quarter, 3258_subscription_revenue_current_quarter), 2.0)","{""op"": ""ratio"", ""left"": {""op"": ""sum"", ""left"": {""leaf"": ""3262_subscription_revenue_prior_year_quarter"", ""depth"": 0}, ""right"": {""leaf"": ""3258_subscription_revenue_current_quarter"", ""depth"": 0}, ""depth"": 1}, ""right"": {""literal"": 2.0, ""depth"": 0}, ""depth"": 2}","{""kind"": ""time_agg"", ""op"": ""avg"", ""depth"": 0}",10843.0,1,0,2,988555080,738126499,42,0.427,0,1,2,3262_subscription_revenue_prior_year_quarter,subscription_revenue,Subscription revenue,CLD,"Three Months Ended April 30, 2024",M_USD,10653.0,3258_subscription_revenue_current_quarter,subscription_revenue,Subscription revenue,CLD,"Three Months Ended April 30, 2025",M_USD,11033.0,,,,,,,,,,,,,,,,,,,,,,,,,,,,,,,,,,,,,,,,,,,,,,,,,,,,,,,,,,,,,,,,,,,,,,,,,,,,,,,,,,,,
576,2,"which value corresponds to the difference between operating income and capital expenditures for HLT in Nine Months Ended October 31, 2024 ?","diff(operating_income, 725_capital_expenditures_prior_ytd)","{""op"": ""diff"", ""left"": {""derived"": ""operating_income"", ""expanded"": {""op"": ""diff"", ""left"": {""leaf"": ""631_total_revenues_prior_year_ytd"", ""depth"": 0}, ""right"": {""leaf"": ""651_total_costs_and_expenses_prior_year_ytd"", ""depth"": 0}, ""depth"": 1}, ""depth"": 1}, ""right"": {""leaf"": ""725_capital_expenditures_prior_ytd"", ""depth"": 0}, ""depth"": 2}","{""op"": ""diff"", ""left"": {""kind"": ""derived_concept"", ""name"": ""operating_income"", ""depth"": 0}, ""right"": {""kind"": ""leaf"", ""semantic_type_in"": [""amount""], ""depth"": 0}, ""depth"": 1, ""kind"": ""node""}",10809.0,5,1,2,690953647,781145794,42,0.532,1,2,3,631_total_revenues_prior_year_ytd,total_revenues,total revenues,HLT,"Nine Months Ended October 31, 2024",M_USD,39429.0,651_total_costs_and_expenses_prior_year_ytd,total_costs_and_expenses,total costs and expenses,HLT,"Nine Months Ended October 31, 2024",M_USD,30306.0,725_capital_expenditures_prior_ytd,capital_expenditures,capital expenditures,HLT,"Nine Months Ended October 31, 2024",M_USD,-1686.0,,,,,,,,,,,,,,,,,,,,,,,,,,,,,,,,,,,,,,,,,,,,,,,,,,,,,,,,,,,,,,,,,,,,,,,,,,,,,
581,2,"Calculate the average other non current assets for BRX from December 31, 2024 to July 31, 2025 .","ratio(sum(535_other_non_current_assets_prior_fy_end, 534_other_non_current_assets_current_quarter_end), 2.0)","{""op"": ""ratio"", ""left"": {""op"": ""sum"", ""left"": {""leaf"": ""535_other_non_current_assets_prior_fy_end"", ""depth"": 0}, ""right"": {""leaf"": ""534_other_non_current_assets_current_quarter_end"", ""depth"": 0}, ""depth"": 1}, ""right"": {""literal"": 2.0, ""depth"": 0}, ""depth"": 2}","{""kind"": ""time_agg"", ""op"": ""avg"", ""depth"": 0}",1872.0,3,0,2,158809400,377014258,42,0.364,0,1,2,535_other_non_current_assets_prior_fy_end,other_non_current_assets,other non current assets,BRX,"December 31, 2024",M_USD,1883.0,534_other_non_current_assets_current_quarter_end,other_non_current_assets,other non current assets,BRX,"July 31, 2025",M_USD,1861.0,,,,,,,,,,,,,,,,,,,,,,,,,,,,,,,,,,,,,,,,,,,,,,,,,,,,,,,,,,,,,,,,,,,,,,,,,,,,,,,,,,,,
591,2,"What's the value of the average proceeds from stock option exercises for CIV from Nine Months Ended October 31, 2024 to Nine Months Ended October 31, 2025?","ratio(sum(2929_proceeds_from_stock_option_exercises_prior_ytd, 2928_proceeds_from_stock_option_exercises_current_ytd), 2.0)","{""op"": ""ratio"", ""left"": {""op"": ""sum"", ""left"": {""leaf"": ""2929_proceeds_from_stock_option_exercises_prior_ytd"", ""depth"": 0}, ""right"": {""leaf"": ""2928_proceeds_from_stock_option_exercises_current_ytd"", ""depth"": 0}, ""depth"": 1}, ""right"": {""literal"": 2.0, ""depth"": 0}, ""depth"": 2}","{""kind"": ""time_agg"", ""op"": ""avg"", ""depth"": 0}",10.0,5,0,2,680407822,549621482,42,0.575,0,1,2,2929_proceeds_from_stock_option_exercises_prior_ytd,proceeds_from_stock_option_exercises,proceeds from stock option exercises,CIV,"Nine Months Ended October 31, 2024",M_USD,10.0,2928_proceeds_from_stock_option_exercises_current_ytd,proceeds_from_stock_option_exercises,proceeds from stock option exercises,CIV,"Nine Months Ended October 31, 2025",M_USD,10.0,,,,,,,,,,,,,,,,,,,,,,,,,,,,,,,,,,,,,,,,,,,,,,,,,,,,,,,,,,,,,,,,,,,,,,,,,,,,,,,,,,,,
592,2,"May you calculate the average operating income for PRD from Nine Months Ended October 31, 2024 to Nine Months Ended October 31, 2025?","ratio(sum(1869_operating_income_prior_year_ytd, 1868_operating_income_current_ytd), 2.0)","{""op"": ""ratio"", ""left"": {""op"": ""sum"", ""left"": {""leaf"": ""1869_operating_income_prior_year_ytd"", ""depth"": 0}, ""right"": {""leaf"": ""1868_operating_income_current_ytd"", ""depth"": 0}, ""depth"": 1}, ""right"": {""literal"": 2.0, ""depth"": 0}, ""depth"": 2}","{""kind"": ""time_agg"", ""op"": ""avg"", ""depth"": 0}",11551.5,1,0,2,249527785,7082029,42,0.361,0,1,2,1869_operating_income_prior_year_ytd,operating_income,operating income,PRD,"Nine Months Ended October 31, 2024",M_USD,10830.0,1868_operating_income_current_ytd,operating_income,operating income,PRD,"Nine Months Ended October 31, 2025",M_USD,12273.0,,,,,,,,,,,,,,,,,,,,,,,,,,,,,,,,,,,,,,,,,,,,,,,,,,,,,,,,,,,,,,,,,,,,,,,,,,,,,,,,,,,,
594,2,"provide the average provision for income taxes for TRD from Six Months Ended July 31, 2024 to Six Months Ended July 31, 2025","ratio(sum(2333_provision_for_income_taxes_prior_year_ytd, 2332_provision_for_income_taxes_current_ytd), 2.0)","{""op"": ""ratio"", ""left"": {""op"": ""sum"", ""left"": {""leaf"": ""2333_provision_for_income_taxes_prior_year_ytd"", ""depth"": 0}, ""right"": {""leaf"": ""2332_provision_for_income_taxes_current_ytd"", ""depth"": 0}, ""depth"": 1}, ""right"": {""literal"": 2.0, ""depth"": 0}, ""depth"": 2}","{""kind"": ""time_agg"", ""op"": ""avg"", ""depth"": 0}",1492.0,4,0,2,294179033,611400929,42,0.462,0,1,2,2333_provision_for_income_taxes_prior_year_ytd,provision_for_income_taxes,provision for income taxes,TRD,"Six Months Ended July 31, 2024",M_USD,1532.0,2332_provision_for_income_taxes_current_ytd,provision_for_income_taxes,provision for income taxes,TRD,"Six Months Ended July 31, 2025",M_USD,1452.0,,,,,,,,,,,,,,,,,,,,,,,,,,,,,,,,,,,,,,,,,,,,,,,,,,,,,,,,,,,,,,,,,,,,,,,,,,,,,,,,,,,,
595,2,"which quantity is given by the average deferred revenue current for MRK from December 31, 2024 to April 30, 2025 ?","ratio(sum(7098_deferred_revenue_current_current_quarter_end, 7099_deferred_revenue_current_prior_fy_end), 2.0)","{""op"": ""ratio"", ""left"": {""op"": ""sum"", ""left"": {""leaf"": ""7098_deferred_revenue_current_current_quarter_end"", ""depth"": 0}, ""right"": {""leaf"": ""7099_deferred_revenue_current_prior_fy_end"", ""depth"": 0}, ""depth"": 1}, ""right"": {""literal"": 2.0, ""depth"": 0}, ""depth"": 2}","{""kind"": ""time_agg"", ""op"": ""avg"", ""depth"": 0}",1623.5,2,0,2,129283221,175477184,42,0.289,0,1,2,7098_deferred_revenue_current_current_quarter_end,deferred_revenue_current,deferred revenue current,MRK,"April 30, 2025",M_USD,1673.0,7099_deferred_revenue_current_prior_fy_end,deferred_revenue_current,deferred revenue current,MRK,"December 31, 2024",M_USD,1574.0,,,,,,,,,,,,,,,,,,,,,,,,,,,,,,,,,,,,,,,,,,,,,,,,,,,,,,,,,,,,,,,,,,,,,,,,,,,,,,,,,,,,
596,2,"You should give the income before taxes for MDI in Nine Months Ended October 31, 2025",income_before_taxes,"{""derived"": ""income_before_taxes"", ""expanded"": {""op"": ""sum"", ""left"": {""derived"": ""operating_income"", ""expanded"": {""op"": ""diff"", ""left"": {""leaf"": ""5476_total_revenues_current_ytd"", ""depth"": 0}, ""right"": {""leaf"": ""5496_total_costs_and_expenses_current_ytd"", ""depth"": 0}, ""depth"": 1}, ""depth"": 1}, ""right"": {""leaf"": ""5504_other_income_expense_net_current_ytd"", ""depth"": 0}, ""depth"": 2}, ""depth"": 2}","{""kind"": ""derived_concept"", ""name"": ""income_before_taxes"", ""depth"": 0}",11184.0,4,0,2,186330149,51548626,42,0.43,0,1,3,5476_total_revenues_current_ytd,total_revenues,total revenues,MDI,"Nine Months Ended October 31, 2025",M_USD,55977.0,5496_total_costs_and_expenses_current_ytd,total_costs_and_expenses,total costs and expenses,MDI,"Nine Months Ended October 31, 2025",M_USD,44757.0,5504_other_income_expense_net_current_ytd,other_income_expense_net,other income expense net,MDI,"Nine Months Ended October 31, 2025",M_USD,-36.0,,,,,,,,,,,,,,,,,,,,,,,,,,,,,,,,,,,,,,,,,,,,,,,,,,,,,,,,,,,,,,,,,,,,,,,,,,,,,
597,2,"what is the value of the average short term investments for BNK from December 31, 2024 to October 31, 2025 ?","ratio(sum(4693_short_term_investments_prior_fy_end, 4692_short_term_investments_current_quarter_end), 2.0)","{""op"": ""ratio"", ""left"": {""op"": ""sum"", ""left"": {""leaf"": ""4693_short_term_investments_prior_fy_end"", ""depth"": 0}, ""right"": {""leaf"": ""4692_short_term_investments_current_quarter_end"", ""depth"": 0}, ""depth"": 1}, ""right"": {""literal"": 2.0, ""depth"": 0}, ""depth"": 2}","{""kind"": ""time_agg"", ""op"": ""avg"", ""depth"": 0}",1042.0,4,0,2,614788731,391852065,42,0.257,0,1,2,4693_short_term_investments_prior_fy_end,short_term_investments,short term investments,BNK,"December 31, 2024",M_USD,959.0,4692_short_term_investments_current_quarter_end,short_term_investments,short term investments,BNK,"October 31, 2025",M_USD,1125.0,,,,,,,,,,,,,,,,,,,,,,,,,,,,,,,,,,,,,,,,,,,,,,,,,,,,,,,,,,,,,,,,,,,,,,,,,,,,,,,,,,,,
599,2,"could you give the income before taxes for MTX in Nine Months Ended October 31, 2024?",income_before_taxes,"{""derived"": ""income_before_taxes"", ""expanded"": {""op"": ""sum"", ""left"": {""derived"": ""operating_income"", ""expanded"": {""op"": ""diff"", ""left"": {""leaf"": ""5317_total_revenues_prior_year_ytd"", ""depth"": 0}, ""right"": {""leaf"": ""5337_total_costs_and_expenses_prior_year_ytd"", ""depth"": 0}, ""depth"": 1}, ""depth"": 1}, ""right"": {""leaf"": ""5345_other_income_expense_net_prior_year_ytd"", ""depth"": 0}, ""depth"": 2}, ""depth"": 2}","{""kind"": ""derived_concept"", ""name"": ""income_before_taxes"", ""depth"": 0}",11799.0,4,0,2,743510111,827729713,42,0.313,0,1,3,5317_total_revenues_prior_year_ytd,total_revenues,total revenues,MTX,"Nine Months Ended October 31, 2024",M_USD,74415.0,5337_total_costs_and_expenses_prior_year_ytd,total_costs_and_expenses,total costs and expenses,MTX,"Nine Months Ended October 31, 2024",M_USD,62940.0,5345_other_income_expense_net_prior_year_ytd,other_income_expense_net,other income expense net,MTX,"Nine Months Ended October 31, 2024",M_USD,324.0,,,,,,,,,,,,,,,,,,,,,,,,,,,,,,,,,,,,,,,,,,,,,,,,,,,,,,,,,,,,,,,,,,,,,,,,,,,,,
603,2,"may you give the average depreciation and amortization for PRF from Three Months Ended April 30, 2024 to Three Months Ended April 30, 2025?","ratio(sum(2241_depreciation_and_amortization_prior_ytd, 2240_depreciation_and_amortization_current_ytd), 2.0)","{""op"": ""ratio"", ""left"": {""op"": ""sum"", ""left"": {""leaf"": ""2241_depreciation_and_amortization_prior_ytd"", ""depth"": 0}, ""right"": {""leaf"": ""2240_depreciation_and_amortization_current_ytd"", ""depth"": 0}, ""depth"": 1}, ""right"": {""literal"": 2.0, ""depth"": 0}, ""depth"": 2}","{""kind"": ""time_agg"", ""op"": ""avg"", ""depth"": 0}",43.5,4,0,2,155785961,923435861,42,0.226,0,1,2,2241_depreciation_and_amortization_prior_ytd,depreciation_and_amortization,depreciation and amortization,PRF,"Three Months Ended April 30, 2024",M_USD,43.0,2240_depreciation_and_amortization_current_ytd,depreciation_and_amortization,depreciation and amortization,PRF,"Three Months Ended April 30, 2025",M_USD,44.0,,,,,,,,,,,,,,,,,,,,,,,,,,,,,,,,,,,,,,,,,,,,,,,,,,,,,,,,,,,,,,,,,,,,,,,,,,,,,,,,,,,,
609,2,"Which value corresponds to the average opening cash and equivalents for INF from Six Months Ended July 31, 2024 to Six Months Ended July 31, 2025 ?","ratio(sum(3751_opening_cash_and_equivalents_prior_ytd, 3750_opening_cash_and_equivalents_current_ytd), 2.0)","{""op"": ""ratio"", ""left"": {""op"": ""sum"", ""left"": {""leaf"": ""3751_opening_cash_and_equivalents_prior_ytd"", ""depth"": 0}, ""right"": {""leaf"": ""3750_opening_cash_and_equivalents_current_ytd"", ""depth"": 0}, ""depth"": 1}, ""right"": {""literal"": 2.0, ""depth"": 0}, ""depth"": 2}","{""kind"": ""time_agg"", ""op"": ""avg"", ""depth"": 0}",2899.5,1,0,2,286279661,133553868,42,0.167,0,1,2,3751_opening_cash_and_equivalents_prior_ytd,opening_cash_and_equivalents,opening cash and equivalents,INF,"Six Months Ended July 31, 2024",M_USD,2783.0,3750_opening_cash_and_equivalents_current_ytd,opening_cash_and_equivalents,opening cash and equivalents,INF,"Six Months Ended July 31, 2025",M_USD,3016.0,,,,,,,,,,,,,,,,,,,,,,,,,,,,,,,,,,,,,,,,,,,,,,,,,,,,,,,,,,,,,,,,,,,,,,,,,,,,,,,,,,,,
612,2,"which result follows from the average total non current assets for JTX from December 31, 2024 to April 30, 2025?","ratio(sum(3996_total_non_current_assets_current_quarter_end, 3997_total_non_current_assets_prior_fy_end), 2.0)","{""op"": ""ratio"", ""left"": {""op"": ""sum"", ""left"": {""leaf"": ""3996_total_non_current_assets_current_quarter_end"", ""depth"": 0}, ""right"": {""leaf"": ""3997_total_non_current_assets_prior_fy_end"", ""depth"": 0}, ""depth"": 1}, ""right"": {""literal"": 2.0, ""depth"": 0}, ""depth"": 2}","{""kind"": ""time_agg"", ""op"": ""avg"", ""depth"": 0}",11454.5,5,0,2,112409352,875229373,42,0.332,0,1,2,3996_total_non_current_assets_current_quarter_end,total_non_current_assets,total non current assets,JTX,"April 30, 2025",M_USD,11474.0,3997_total_non_current_assets_prior_fy_end,total_non_current_assets,total non current assets,JTX,"December 31, 2024",M_USD,11435.0,,,,,,,,,,,,,,,,,,,,,,,,,,,,,,,,,,,,,,,,,,,,,,,,,,,,,,,,,,,,,,,,,,,,,,,,,,,,,,,,,,,,
621,2,"Could you give the average current portion of long term debt for NET from December 31, 2024 to October 31, 2025 ?","ratio(sum(6491_current_portion_of_long_term_debt_prior_fy_end, 6490_current_portion_of_long_term_debt_current_quarter_end), 2.0)","{""op"": ""ratio"", ""left"": {""op"": ""sum"", ""left"": {""leaf"": ""6491_current_portion_of_long_term_debt_prior_fy_end"", ""depth"": 0}, ""right"": {""leaf"": ""6490_current_portion_of_long_term_debt_current_quarter_end"", ""depth"": 0}, ""depth"": 1}, ""right"": {""literal"": 2.0, ""depth"": 0}, ""depth"": 2}","{""kind"": ""time_agg"", ""op"": ""avg"", ""depth"": 0}",1040.5,2,0,2,58337045,478015116,42,0.566,0,1,2,6491_current_portion_of_long_term_debt_prior_fy_end,current_portion_of_long_term_debt,current portion of long term debt,NET,"December 31, 2024",M_USD,1053.0,6490_current_portion_of_long_term_debt_current_quarter_end,current_portion_of_long_term_debt,current portion of long term debt,NET,"October 31, 2025",M_USD,1028.0,,,,,,,,,,,,,,,,,,,,,,,,,,,,,,,,,,,,,,,,,,,,,,,,,,,,,,,,,,,,,,,,,,,,,,,,,,,,,,,,,,,,
628,2,"determine the average net cash from operating for WNG from Three Months Ended April 30, 2024 to Three Months Ended April 30, 2025","ratio(sum(7527_net_cash_from_operating_prior_ytd, 7526_net_cash_from_operating_current_ytd), 2.0)","{""op"": ""ratio"", ""left"": {""op"": ""sum"", ""left"": {""leaf"": ""7527_net_cash_from_operating_prior_ytd"", ""depth"": 0}, ""right"": {""leaf"": ""7526_net_cash_from_operating_current_ytd"", ""depth"": 0}, ""depth"": 1}, ""right"": {""literal"": 2.0, ""depth"": 0}, ""depth"": 2}","{""kind"": ""time_agg"", ""op"": ""avg"", ""depth"": 0}",2302.5,4,0,2,808956162,251339804,42,0.133,0,1,2,7527_net_cash_from_operating_prior_ytd,net_cash_from_operating,net cash from operating,WNG,"Three Months Ended April 30, 2024",M_USD,2496.0,7526_net_cash_from_operating_current_ytd,net_cash_from_operating,net cash from operating,WNG,"Three Months Ended April 30, 2025",M_USD,2109.0,,,,,,,,,,,,,,,,,,,,,,,,,,,,,,,,,,,,,,,,,,,,,,,,,,,,,,,,,,,,,,,,,,,,,,,,,,,,,,,,,,,,
648,2,"You should calculate the average total non current assets for MRK from December 31, 2024 to April 30, 2025.","ratio(sum(7092_total_non_current_assets_current_quarter_end, 7093_total_non_current_assets_prior_fy_end), 2.0)","{""op"": ""ratio"", ""left"": {""op"": ""sum"", ""left"": {""leaf"": ""7092_total_non_current_assets_current_quarter_end"", ""depth"": 0}, ""right"": {""leaf"": ""7093_total_non_current_assets_prior_fy_end"", ""depth"": 0}, ""depth"": 1}, ""right"": {""literal"": 2.0, ""depth"": 0}, ""depth"": 2}","{""kind"": ""time_agg"", ""op"": ""avg"", ""depth"": 0}",14044.0,1,0,2,460190662,350030868,42,0.387,0,1,2,7092_total_non_current_assets_current_quarter_end,total_non_current_assets,total non current assets,MRK,"April 30, 2025",M_USD,14474.0,7093_total_non_current_assets_prior_fy_end,total_non_current_assets,total non current assets,MRK,"December 31, 2024",M_USD,13614.0,,,,,,,,,,,,,,,,,,,,,,,,,,,,,,,,,,,,,,,,,,,,,,,,,,,,,,,,,,,,,,,,,,,,,,,,,,,,,,,,,,,,
654,2,"what does the following give: average shares used basic for GLP from Nine Months Ended October 31, 2024 to Nine Months Ended October 31, 2025","ratio(sum(7025_shares_used_basic_prior_year_ytd, 7024_shares_used_basic_current_ytd), 2.0)","{""op"": ""ratio"", ""left"": {""op"": ""sum"", ""left"": {""leaf"": ""7025_shares_used_basic_prior_year_ytd"", ""depth"": 0}, ""right"": {""leaf"": ""7024_shares_used_basic_current_ytd"", ""depth"": 0}, ""depth"": 1}, ""right"": {""literal"": 2.0, ""depth"": 0}, ""depth"": 2}","{""kind"": ""time_agg"", ""op"": ""avg"", ""depth"": 0}",4530291.0,2,0,2,620963007,199487662,42,0.461,0,1,2,7025_shares_used_basic_prior_year_ytd,shares_used_basic,shares used basic,GLP,"Nine Months Ended October 31, 2024",M_shares,4487988.0,7024_shares_used_basic_current_ytd,shares_used_basic,shares used basic,GLP,"Nine Months Ended October 31, 2025",M_shares,4572594.0,,,,,,,,,,,,,,,,,,,,,,,,,,,,,,,,,,,,,,,,,,,,,,,,,,,,,,,,,,,,,,,,,,,,,,,,,,,,,,,,,,,,
655,2,"State the average research and development for TRU from Six Months Ended July 31, 2024 to Six Months Ended July 31, 2025.","ratio(sum(815_research_and_development_prior_year_ytd, 814_research_and_development_current_ytd), 2.0)","{""op"": ""ratio"", ""left"": {""op"": ""sum"", ""left"": {""leaf"": ""815_research_and_development_prior_year_ytd"", ""depth"": 0}, ""right"": {""leaf"": ""814_research_and_development_current_ytd"", ""depth"": 0}, ""depth"": 1}, ""right"": {""literal"": 2.0, ""depth"": 0}, ""depth"": 2}","{""kind"": ""time_agg"", ""op"": ""avg"", ""depth"": 0}",96.0,4,0,2,304037452,802117405,42,0.34,0,1,2,815_research_and_development_prior_year_ytd,research_and_development,research and development,TRU,"Six Months Ended July 31, 2024",M_USD,90.0,814_research_and_development_current_ytd,research_and_development,research and development,TRU,"Six Months Ended July 31, 2025",M_USD,102.0,,,,,,,,,,,,,,,,,,,,,,,,,,,,,,,,,,,,,,,,,,,,,,,,,,,,,,,,,,,,,,,,,,,,,,,,,,,,,,,,,,,,
661,2,"you should give the average stock based compensation for WHL from Six Months Ended July 31, 2024 to Six Months Ended July 31, 2025.","ratio(sum(7399_stock_based_compensation_prior_ytd, 7398_stock_based_compensation_current_ytd), 2.0)","{""op"": ""ratio"", ""left"": {""op"": ""sum"", ""left"": {""leaf"": ""7399_stock_based_compensation_prior_ytd"", ""depth"": 0}, ""right"": {""leaf"": ""7398_stock_based_compensation_current_ytd"", ""depth"": 0}, ""depth"": 1}, ""right"": {""literal"": 2.0, ""depth"": 0}, ""depth"": 2}","{""kind"": ""time_agg"", ""op"": ""avg"", ""depth"": 0}",399.0,5,0,2,328507506,233850466,42,0.567,0,1,2,7399_stock_based_compensation_prior_ytd,stock_based_compensation,stock based compensation,WHL,"Six Months Ended July 31, 2024",M_USD,419.0,7398_stock_based_compensation_current_ytd,stock_based_compensation,stock based compensation,WHL,"Six Months Ended July 31, 2025",M_USD,379.0,,,,,,,,,,,,,,,,,,,,,,,,,,,,,,,,,,,,,,,,,,,,,,,,,,,,,,,,,,,,,,,,,,,,,,,,,,,,,,,,,,,,
672,2,"You should give the average accounts payable for WHL from December 31, 2024 to July 31, 2025.","ratio(sum(7371_accounts_payable_prior_fy_end, 7370_accounts_payable_current_quarter_end), 2.0)","{""op"": ""ratio"", ""left"": {""op"": ""sum"", ""left"": {""leaf"": ""7371_accounts_payable_prior_fy_end"", ""depth"": 0}, ""right"": {""leaf"": ""7370_accounts_payable_current_quarter_end"", ""depth"": 0}, ""depth"": 1}, ""right"": {""literal"": 2.0, ""depth"": 0}, ""depth"": 2}","{""kind"": ""time_agg"", ""op"": ""avg"", ""depth"": 0}",7174.0,3,0,2,338244685,635292376,42,0.559,0,1,2,7371_accounts_payable_prior_fy_end,accounts_payable,accounts payable,WHL,"December 31, 2024",M_USD,6987.0,7370_accounts_payable_current_quarter_end,accounts_payable,accounts payable,WHL,"July 31, 2025",M_USD,7361.0,,,,,,,,,,,,,,,,,,,,,,,,,,,,,,,,,,,,,,,,,,,,,,,,,,,,,,,,,,,,,,,,,,,,,,,,,,,,,,,,,,,,
676,2,"calculate the income before taxes for FNB in Three Months Ended October 31, 2025.",income_before_taxes,"{""derived"": ""income_before_taxes"", ""expanded"": {""op"": ""sum"", ""left"": {""derived"": ""operating_income"", ""expanded"": {""op"": ""diff"", ""left"": {""leaf"": ""6072_total_revenues_current_quarter"", ""depth"": 0}, ""right"": {""leaf"": ""6088_total_costs_and_expenses_current_quarter"", ""depth"": 0}, ""depth"": 1}, ""depth"": 1}, ""right"": {""leaf"": ""6096_other_income_expense_net_current_quarter"", ""depth"": 0}, ""depth"": 2}, ""depth"": 2}","{""kind"": ""derived_concept"", ""name"": ""income_before_taxes"", ""depth"": 0}",4229.0,4,0,2,166925408,658844095,42,0.489,0,1,3,6072_total_revenues_current_quarter,total_revenues,total revenues,FNB,"Three Months Ended October 31, 2025",M_USD,10624.0,6088_total_costs_and_expenses_current_quarter,total_costs_and_expenses,total costs and expenses,FNB,"Three Months Ended October 31, 2025",M_USD,6303.0,6096_other_income_expense_net_current_quarter,other_income_expense_net,other income expense net,FNB,"Three Months Ended October 31, 2025",M_USD,-92.0,,,,,,,,,,,,,,,,,,,,,,,,,,,,,,,,,,,,,,,,,,,,,,,,,,,,,,,,,,,,,,,,,,,,,,,,,,,,,
693,2,"What is the value of the income before taxes for BNK in Three Months Ended October 31, 2024?",income_before_taxes,"{""derived"": ""income_before_taxes"", ""expanded"": {""op"": ""sum"", ""left"": {""derived"": ""operating_income"", ""expanded"": {""op"": ""diff"", ""left"": {""leaf"": ""4647_total_revenues_prior_year_quarter"", ""depth"": 0}, ""right"": {""leaf"": ""4663_total_costs_and_expenses_prior_year_quarter"", ""depth"": 0}, ""depth"": 1}, ""depth"": 1}, ""right"": {""leaf"": ""4671_other_income_expense_net_prior_year_quarter"", ""depth"": 0}, ""depth"": 2}, ""depth"": 2}","{""kind"": ""derived_concept"", ""name"": ""income_before_taxes"", ""depth"": 0}",2207.0,5,0,2,255416145,282971506,42,0.471,0,1,3,4647_total_revenues_prior_year_quarter,total_revenues,total revenues,BNK,"Three Months Ended October 31, 2024",M_USD,12033.0,4663_total_costs_and_expenses_prior_year_quarter,total_costs_and_expenses,total costs and expenses,BNK,"Three Months Ended October 31, 2024",M_USD,9659.0,4671_other_income_expense_net_prior_year_quarter,other_income_expense_net,other income expense net,BNK,"Three Months Ended October 31, 2024",M_USD,-167.0,,,,,,,,,,,,,,,,,,,,,,,,,,,,,,,,,,,,,,,,,,,,,,,,,,,,,,,,,,,,,,,,,,,,,,,,,,,,,
698,2,"what is the value of the average cost of sales for CAP from Three Months Ended October 31, 2024 to Three Months Ended October 31, 2025 ?","ratio(sum(5655_cost_of_sales_prior_year_quarter, 5654_cost_of_sales_current_quarter), 2.0)","{""op"": ""ratio"", ""left"": {""op"": ""sum"", ""left"": {""leaf"": ""5655_cost_of_sales_prior_year_quarter"", ""depth"": 0}, ""right"": {""leaf"": ""5654_cost_of_sales_current_quarter"", ""depth"": 0}, ""depth"": 1}, ""right"": {""literal"": 2.0, ""depth"": 0}, ""depth"": 2}","{""kind"": ""time_agg"", ""op"": ""avg"", ""depth"": 0}",9656.0,4,0,2,671740961,119179569,42,0.371,0,1,2,5655_cost_of_sales_prior_year_quarter,cost_of_sales,cost of sales,CAP,"Three Months Ended October 31, 2024",M_USD,9455.0,5654_cost_of_sales_current_quarter,cost_of_sales,cost of sales,CAP,"Three Months Ended October 31, 2025",M_USD,9857.0,,,,,,,,,,,,,,,,,,,,,,,,,,,,,,,,,,,,,,,,,,,,,,,,,,,,,,,,,,,,,,,,,,,,,,,,,,,,,,,,,,,,
700,2,"Evaluate the average property plant and equipment net for BNK from December 31, 2024 to October 31, 2025 .","ratio(sum(4705_property_plant_and_equipment_net_prior_fy_end, 4704_property_plant_and_equipment_net_current_quarter_end), 2.0)","{""op"": ""ratio"", ""left"": {""op"": ""sum"", ""left"": {""leaf"": ""4705_property_plant_and_equipment_net_prior_fy_end"", ""depth"": 0}, ""right"": {""leaf"": ""4704_property_plant_and_equipment_net_current_quarter_end"", ""depth"": 0}, ""depth"": 1}, ""right"": {""literal"": 2.0, ""depth"": 0}, ""depth"": 2}","{""kind"": ""time_agg"", ""op"": ""avg"", ""depth"": 0}",317.0,5,0,2,155738703,503232106,42,0.351,0,1,2,4705_property_plant_and_equipment_net_prior_fy_end,property_plant_and_equipment_net,property plant and equipment net,BNK,"December 31, 2024",M_USD,292.0,4704_property_plant_and_equipment_net_current_quarter_end,property_plant_and_equipment_net,property plant and equipment net,BNK,"October 31, 2025",M_USD,342.0,,,,,,,,,,,,,,,,,,,,,,,,,,,,,,,,,,,,,,,,,,,,,,,,,,,,,,,,,,,,,,,,,,,,,,,,,,,,,,,,,,,,
706,2,"evaluate the average other non current assets for IND from December 31, 2024 to April 30, 2025 .","ratio(sum(1134_other_non_current_assets_current_quarter_end, 1135_other_non_current_assets_prior_fy_end), 2.0)","{""op"": ""ratio"", ""left"": {""op"": ""sum"", ""left"": {""leaf"": ""1134_other_non_current_assets_current_quarter_end"", ""depth"": 0}, ""right"": {""leaf"": ""1135_other_non_current_assets_prior_fy_end"", ""depth"": 0}, ""depth"": 1}, ""right"": {""literal"": 2.0, ""depth"": 0}, ""depth"": 2}","{""kind"": ""time_agg"", ""op"": ""avg"", ""depth"": 0}",1723.5,1,0,2,537992180,401725319,42,0.277,0,1,2,1134_other_non_current_assets_current_quarter_end,other_non_current_assets,other non current assets,IND,"April 30, 2025",M_USD,1665.0,1135_other_non_current_assets_prior_fy_end,other_non_current_assets,other non current assets,IND,"December 31, 2024",M_USD,1782.0,,,,,,,,,,,,,,,,,,,,,,,,,,,,,,,,,,,,,,,,,,,,,,,,,,,,,,,,,,,,,,,,,,,,,,,,,,,,,,,,,,,,
709,2,"You should calculate the average deferred revenue current for TXN from December 31, 2024 to April 30, 2025.","ratio(sum(7634_deferred_revenue_current_current_quarter_end, 7635_deferred_revenue_current_prior_fy_end), 2.0)","{""op"": ""ratio"", ""left"": {""op"": ""sum"", ""left"": {""leaf"": ""7634_deferred_revenue_current_current_quarter_end"", ""depth"": 0}, ""right"": {""leaf"": ""7635_deferred_revenue_current_prior_fy_end"", ""depth"": 0}, ""depth"": 1}, ""right"": {""literal"": 2.0, ""depth"": 0}, ""depth"": 2}","{""kind"": ""time_agg"", ""op"": ""avg"", ""depth"": 0}",4018.5,4,0,2,476357069,666162267,42,0.15,0,1,2,7634_deferred_revenue_current_current_quarter_end,deferred_revenue_current,deferred revenue current,TXN,"April 30, 2025",M_USD,4115.0,7635_deferred_revenue_current_prior_fy_end,deferred_revenue_current,deferred revenue current,TXN,"December 31, 2024",M_USD,3922.0,,,,,,,,,,,,,,,,,,,,,,,,,,,,,,,,,,,,,,,,,,,,,,,,,,,,,,,,,,,,,,,,,,,,,,,,,,,,,,,,,,,,
714,2,"Whats the value of the average total revenues for CNS from Three Months Ended April 30, 2024 to Three Months Ended April 30, 2025 ?","ratio(sum(5941_total_revenues_prior_year_quarter, 5940_total_revenues_current_quarter), 2.0)","{""op"": ""ratio"", ""left"": {""op"": ""sum"", ""left"": {""leaf"": ""5941_total_revenues_prior_year_quarter"", ""depth"": 0}, ""right"": {""leaf"": ""5940_total_revenues_current_quarter"", ""depth"": 0}, ""depth"": 1}, ""right"": {""literal"": 2.0, ""depth"": 0}, ""depth"": 2}","{""kind"": ""time_agg"", ""op"": ""avg"", ""depth"": 0}",6271.0,5,0,2,20125974,409893841,42,0.52,0,1,2,5941_total_revenues_prior_year_quarter,total_revenues,total revenues,CNS,"Three Months Ended April 30, 2024",M_USD,6106.0,5940_total_revenues_current_quarter,total_revenues,total revenues,CNS,"Three Months Ended April 30, 2025",M_USD,6436.0,,,,,,,,,,,,,,,,,,,,,,,,,,,,,,,,,,,,,,,,,,,,,,,,,,,,,,,,,,,,,,,,,,,,,,,,,,,,,,,,,,,,
718,2,"determine the average deferred revenue current for VTL from December 31, 2024 to April 30, 2025","ratio(sum(50_deferred_revenue_current_current_quarter_end, 51_deferred_revenue_current_prior_fy_end), 2.0)","{""op"": ""ratio"", ""left"": {""op"": ""sum"", ""left"": {""leaf"": ""50_deferred_revenue_current_current_quarter_end"", ""depth"": 0}, ""right"": {""leaf"": ""51_deferred_revenue_current_prior_fy_end"", ""depth"": 0}, ""depth"": 1}, ""right"": {""literal"": 2.0, ""depth"": 0}, ""depth"": 2}","{""kind"": ""time_agg"", ""op"": ""avg"", ""depth"": 0}",65.5,5,0,2,61580740,164566731,42,0.303,0,1,2,50_deferred_revenue_current_current_quarter_end,deferred_revenue_current,deferred revenue current,VTL,"April 30, 2025",M_USD,65.0,51_deferred_revenue_current_prior_fy_end,deferred_revenue_current,deferred revenue current,VTL,"December 31, 2024",M_USD,66.0,,,,,,,,,,,,,,,,,,,,,,,,,,,,,,,,,,,,,,,,,,,,,,,,,,,,,,,,,,,,,,,,,,,,,,,,,,,,,,,,,,,,
720,2,"What is the average total current liabilities for AVX from December 31, 2024 to October 31, 2025?","ratio(sum(1469_total_current_liabilities_prior_fy_end, 1468_total_current_liabilities_current_quarter_end), 2.0)","{""op"": ""ratio"", ""left"": {""op"": ""sum"", ""left"": {""leaf"": ""1469_total_current_liabilities_prior_fy_end"", ""depth"": 0}, ""right"": {""leaf"": ""1468_total_current_liabilities_current_quarter_end"", ""depth"": 0}, ""depth"": 1}, ""right"": {""literal"": 2.0, ""depth"": 0}, ""depth"": 2}","{""kind"": ""time_agg"", ""op"": ""avg"", ""depth"": 0}",392.5,4,0,2,810425570,142479859,42,0.419,0,1,2,1469_total_current_liabilities_prior_fy_end,total_current_liabilities,total current liabilities,AVX,"December 31, 2024",M_USD,396.0,1468_total_current_liabilities_current_quarter_end,total_current_liabilities,total current liabilities,AVX,"October 31, 2025",M_USD,389.0,,,,,,,,,,,,,,,,,,,,,,,,,,,,,,,,,,,,,,,,,,,,,,,,,,,,,,,,,,,,,,,,,,,,,,,,,,,,,,,,,,,,
724,2,"What would be the income before taxes for CRZ in Three Months Ended October 31, 2024?",income_before_taxes,"{""derived"": ""income_before_taxes"", ""expanded"": {""op"": ""sum"", ""left"": {""derived"": ""operating_income"", ""expanded"": {""op"": ""diff"", ""left"": {""leaf"": ""4975_total_revenues_prior_year_quarter"", ""depth"": 0}, ""right"": {""leaf"": ""4991_total_costs_and_expenses_prior_year_quarter"", ""depth"": 0}, ""depth"": 1}, ""depth"": 1}, ""right"": {""leaf"": ""4999_other_income_expense_net_prior_year_quarter"", ""depth"": 0}, ""depth"": 2}, ""depth"": 2}","{""kind"": ""derived_concept"", ""name"": ""income_before_taxes"", ""depth"": 0}",1796.0,3,0,2,525063597,362190773,42,0.492,0,1,3,4975_total_revenues_prior_year_quarter,total_revenues,total revenues,CRZ,"Three Months Ended October 31, 2024",M_USD,8737.0,4991_total_costs_and_expenses_prior_year_quarter,total_costs_and_expenses,total costs and expenses,CRZ,"Three Months Ended October 31, 2024",M_USD,6750.0,4999_other_income_expense_net_prior_year_quarter,other_income_expense_net,other income expense net,CRZ,"Three Months Ended October 31, 2024",M_USD,-191.0,,,,,,,,,,,,,,,,,,,,,,,,,,,,,,,,,,,,,,,,,,,,,,,,,,,,,,,,,,,,,,,,,,,,,,,,,,,,,
726,2,"you should give the average accounts payable for TXN from December 31, 2024 to April 30, 2025","ratio(sum(7632_accounts_payable_current_quarter_end, 7633_accounts_payable_prior_fy_end), 2.0)","{""op"": ""ratio"", ""left"": {""op"": ""sum"", ""left"": {""leaf"": ""7632_accounts_payable_current_quarter_end"", ""depth"": 0}, ""right"": {""leaf"": ""7633_accounts_payable_prior_fy_end"", ""depth"": 0}, ""depth"": 1}, ""right"": {""literal"": 2.0, ""depth"": 0}, ""depth"": 2}","{""kind"": ""time_agg"", ""op"": ""avg"", ""depth"": 0}",18799.0,4,0,2,469522461,9146028,42,0.596,0,1,2,7632_accounts_payable_current_quarter_end,accounts_payable,accounts payable,TXN,"April 30, 2025",M_USD,19251.0,7633_accounts_payable_prior_fy_end,accounts_payable,accounts payable,TXN,"December 31, 2024",M_USD,18347.0,,,,,,,,,,,,,,,,,,,,,,,,,,,,,,,,,,,,,,,,,,,,,,,,,,,,,,,,,,,,,,,,,,,,,,,,,,,,,,,,,,,,
728,2,"what does the following give: average long term debt for GRD from December 31, 2024 to July 31, 2025 ?","ratio(sum(391_long_term_debt_prior_fy_end, 390_long_term_debt_current_quarter_end), 2.0)","{""op"": ""ratio"", ""left"": {""op"": ""sum"", ""left"": {""leaf"": ""391_long_term_debt_prior_fy_end"", ""depth"": 0}, ""right"": {""leaf"": ""390_long_term_debt_current_quarter_end"", ""depth"": 0}, ""depth"": 1}, ""right"": {""literal"": 2.0, ""depth"": 0}, ""depth"": 2}","{""kind"": ""time_agg"", ""op"": ""avg"", ""depth"": 0}",2872.0,2,0,2,15495466,981222045,42,0.413,0,1,2,391_long_term_debt_prior_fy_end,long_term_debt,long term debt,GRD,"December 31, 2024",M_USD,2981.0,390_long_term_debt_current_quarter_end,long_term_debt,long term debt,GRD,"July 31, 2025",M_USD,2763.0,,,,,,,,,,,,,,,,,,,,,,,,,,,,,,,,,,,,,,,,,,,,,,,,,,,,,,,,,,,,,,,,,,,,,,,,,,,,,,,,,,,,
729,2,"What would be the difference between maximum of total current liabilities for CRZ from December 31, 2024 to October 31, 2025 and maximum of total liabilities for CRZ from December 31, 2024 to October 31, 2025?","diff(max(5051_total_current_liabilities_prior_fy_end, 5050_total_current_liabilities_current_quarter_end), max(5059_total_liabilities_prior_fy_end, 5058_total_liabilities_current_quarter_end))","{""op"": ""diff"", ""left"": {""op"": ""max"", ""left"": {""leaf"": ""5051_total_current_liabilities_prior_fy_end"", ""depth"": 0}, ""right"": {""leaf"": ""5050_total_current_liabilities_current_quarter_end"", ""depth"": 0}, ""depth"": 1}, ""right"": {""op"": ""max"", ""left"": {""leaf"": ""5059_total_liabilities_prior_fy_end"", ""depth"": 0}, ""right"": {""leaf"": ""5058_total_liabilities_current_quarter_end"", ""depth"": 0}, ""depth"": 1}, ""depth"": 2}","{""op"": ""diff"", ""left"": {""kind"": ""time_agg"", ""op"": ""max"", ""depth"": 0}, ""right"": {""kind"": ""time_agg"", ""op"": ""max"", ""depth"": 0}, ""depth"": 1, ""kind"": ""node""}",-6307.0,2,1,2,463273333,851545003,42,0.514,1,2,4,5051_total_current_liabilities_prior_fy_end,total_current_liabilities,total current liabilities,CRZ,"December 31, 2024",M_USD,3519.0,5050_total_current_liabilities_current_quarter_end,total_current_liabilities,total current liabilities,CRZ,"October 31, 2025",M_USD,3672.0,5059_total_liabilities_prior_fy_end,total_liabilities,total liabilities,CRZ,"December 31, 2024",M_USD,9563.0,5058_total_liabilities_current_quarter_end,total_liabilities,total liabilities,CRZ,"October 31, 2025",M_USD,9979.0,,,,,,,,,,,,,,,,,,,,,,,,,,,,,,,,,,,,,,,,,,,,,,,,,,,,,,,,,,,,,,,,,,,,,,
731,2,"State the average selling general and administrative for TXN from Three Months Ended April 30, 2024 to Three Months Ended April 30, 2025 .","ratio(sum(7593_selling_general_and_administrative_prior_year_quarter, 7592_selling_general_and_administrative_current_quarter), 2.0)","{""op"": ""ratio"", ""left"": {""op"": ""sum"", ""left"": {""leaf"": ""7593_selling_general_and_administrative_prior_year_quarter"", ""depth"": 0}, ""right"": {""leaf"": ""7592_selling_general_and_administrative_current_quarter"", ""depth"": 0}, ""depth"": 1}, ""right"": {""literal"": 2.0, ""depth"": 0}, ""depth"": 2}","{""kind"": ""time_agg"", ""op"": ""avg"", ""depth"": 0}",2597.5,4,0,2,459854227,463844741,42,0.497,0,1,2,7593_selling_general_and_administrative_prior_year_quarter,selling_general_and_administrative,selling general and administrative,TXN,"Three Months Ended April 30, 2024",M_USD,2786.0,7592_selling_general_and_administrative_current_quarter,selling_general_and_administrative,selling general and administrative,TXN,"Three Months Ended April 30, 2025",M_USD,2409.0,,,,,,,,,,,,,,,,,,,,,,,,,,,,,,,,,,,,,,,,,,,,,,,,,,,,,,,,,,,,,,,,,,,,,,,,,,,,,,,,,,,,
738,2,"May you give the average cost of products for QRK from Six Months Ended April 30, 2025 to Six Months Ended April 30, 2026","ratio(sum(3616_cos_products_prior_year_ytd, 3612_cos_products_current_ytd), 2.0)","{""op"": ""ratio"", ""left"": {""op"": ""sum"", ""left"": {""leaf"": ""3616_cos_products_prior_year_ytd"", ""depth"": 0}, ""right"": {""leaf"": ""3612_cos_products_current_ytd"", ""depth"": 0}, ""depth"": 1}, ""right"": {""literal"": 2.0, ""depth"": 0}, ""depth"": 2}","{""kind"": ""time_agg"", ""op"": ""avg"", ""depth"": 0}",42261.0,5,0,2,478736045,244599199,42,0.497,0,1,2,3616_cos_products_prior_year_ytd,cos_products,cost of products,QRK,"Six Months Ended April 30, 2025",M_USD,44650.0,3612_cos_products_current_ytd,cos_products,cost of products,QRK,"Six Months Ended April 30, 2026",M_USD,39872.0,,,,,,,,,,,,,,,,,,,,,,,,,,,,,,,,,,,,,,,,,,,,,,,,,,,,,,,,,,,,,,,,,,,,,,,,,,,,,,,,,,,,
741,2,"which quantity is given by the income before taxes for MED in Three Months Ended October 31, 2025 ?",income_before_taxes,"{""derived"": ""income_before_taxes"", ""expanded"": {""op"": ""sum"", ""left"": {""derived"": ""operating_income"", ""expanded"": {""op"": ""diff"", ""left"": {""leaf"": ""1216_total_revenues_current_quarter"", ""depth"": 0}, ""right"": {""leaf"": ""1236_total_costs_and_expenses_current_quarter"", ""depth"": 0}, ""depth"": 1}, ""depth"": 1}, ""right"": {""leaf"": ""1244_other_income_expense_net_current_quarter"", ""depth"": 0}, ""depth"": 2}, ""depth"": 2}","{""kind"": ""derived_concept"", ""name"": ""income_before_taxes"", ""depth"": 0}",1018.0,4,0,2,263873477,322820969,42,0.396,0,1,3,1216_total_revenues_current_quarter,total_revenues,total revenues,MED,"Three Months Ended October 31, 2025",M_USD,6997.0,1236_total_costs_and_expenses_current_quarter,total_costs_and_expenses,total costs and expenses,MED,"Three Months Ended October 31, 2025",M_USD,6039.0,1244_other_income_expense_net_current_quarter,other_income_expense_net,other income expense net,MED,"Three Months Ended October 31, 2025",M_USD,60.0,,,,,,,,,,,,,,,,,,,,,,,,,,,,,,,,,,,,,,,,,,,,,,,,,,,,,,,,,,,,,,,,,,,,,,,,,,,,,
743,2,"may you give the average proceeds from maturities of securities for SCI from Six Months Ended July 31, 2024 to Six Months Ended July 31, 2025?","ratio(sum(5265_proceeds_from_maturities_of_securities_prior_ytd, 5264_proceeds_from_maturities_of_securities_current_ytd), 2.0)","{""op"": ""ratio"", ""left"": {""op"": ""sum"", ""left"": {""leaf"": ""5265_proceeds_from_maturities_of_securities_prior_ytd"", ""depth"": 0}, ""right"": {""leaf"": ""5264_proceeds_from_maturities_of_securities_current_ytd"", ""depth"": 0}, ""depth"": 1}, ""right"": {""literal"": 2.0, ""depth"": 0}, ""depth"": 2}","{""kind"": ""time_agg"", ""op"": ""avg"", ""depth"": 0}",209.0,4,0,2,185382022,64776760,42,0.159,0,1,2,5265_proceeds_from_maturities_of_securities_prior_ytd,proceeds_from_maturities_of_securities,proceeds from maturities of securities,SCI,"Six Months Ended July 31, 2024",M_USD,202.0,5264_proceeds_from_maturities_of_securities_current_ytd,proceeds_from_maturities_of_securities,proceeds from maturities of securities,SCI,"Six Months Ended July 31, 2025",M_USD,216.0,,,,,,,,,,,,,,,,,,,,,,,,,,,,,,,,,,,,,,,,,,,,,,,,,,,,,,,,,,,,,,,,,,,,,,,,,,,,,,,,,,,,
745,2,"what does the following give: average cash and cash equivalents for GRD from December 31, 2024 to July 31, 2025?","ratio(sum(357_cash_and_cash_equivalents_prior_fy_end, 356_cash_and_cash_equivalents_current_quarter_end), 2.0)","{""op"": ""ratio"", ""left"": {""op"": ""sum"", ""left"": {""leaf"": ""357_cash_and_cash_equivalents_prior_fy_end"", ""depth"": 0}, ""right"": {""leaf"": ""356_cash_and_cash_equivalents_current_quarter_end"", ""depth"": 0}, ""depth"": 1}, ""right"": {""literal"": 2.0, ""depth"": 0}, ""depth"": 2}","{""kind"": ""time_agg"", ""op"": ""avg"", ""depth"": 0}",1129.0,4,0,2,45874287,462707486,42,0.528,0,1,2,357_cash_and_cash_equivalents_prior_fy_end,cash_and_cash_equivalents,cash and cash equivalents,GRD,"December 31, 2024",M_USD,1172.0,356_cash_and_cash_equivalents_current_quarter_end,cash_and_cash_equivalents,cash and cash equivalents,GRD,"July 31, 2025",M_USD,1086.0,,,,,,,,,,,,,,,,,,,,,,,,,,,,,,,,,,,,,,,,,,,,,,,,,,,,,,,,,,,,,,,,,,,,,,,,,,,,,,,,,,,,
746,2,"May you calculate the average total revenues for PRD from Nine Months Ended October 31, 2024 to Nine Months Ended October 31, 2025?","ratio(sum(1845_total_revenues_prior_year_ytd, 1844_total_revenues_current_ytd), 2.0)","{""op"": ""ratio"", ""left"": {""op"": ""sum"", ""left"": {""leaf"": ""1845_total_revenues_prior_year_ytd"", ""depth"": 0}, ""right"": {""leaf"": ""1844_total_revenues_current_ytd"", ""depth"": 0}, ""depth"": 1}, ""right"": {""literal"": 2.0, ""depth"": 0}, ""depth"": 2}","{""kind"": ""time_agg"", ""op"": ""avg"", ""depth"": 0}",61066.5,3,0,2,361955489,843054615,42,0.13,0,1,2,1845_total_revenues_prior_year_ytd,total_revenues,total revenues,PRD,"Nine Months Ended October 31, 2024",M_USD,57249.0,1844_total_revenues_current_ytd,total_revenues,total revenues,PRD,"Nine Months Ended October 31, 2025",M_USD,64884.0,,,,,,,,,,,,,,,,,,,,,,,,,,,,,,,,,,,,,,,,,,,,,,,,,,,,,,,,,,,,,,,,,,,,,,,,,,,,,,,,,,,,
747,2,"compute the income before taxes for GRD in Three Months Ended July 31, 2025.",income_before_taxes,"{""derived"": ""income_before_taxes"", ""expanded"": {""op"": ""sum"", ""left"": {""derived"": ""operating_income"", ""expanded"": {""op"": ""diff"", ""left"": {""leaf"": ""308_total_revenues_current_quarter"", ""depth"": 0}, ""right"": {""leaf"": ""328_total_costs_and_expenses_current_quarter"", ""depth"": 0}, ""depth"": 1}, ""depth"": 1}, ""right"": {""leaf"": ""336_other_income_expense_net_current_quarter"", ""depth"": 0}, ""depth"": 2}, ""depth"": 2}","{""kind"": ""derived_concept"", ""name"": ""income_before_taxes"", ""depth"": 0}",1441.0,5,0,2,908834881,722215615,42,0.573,0,1,3,308_total_revenues_current_quarter,total_revenues,total revenues,GRD,"Three Months Ended July 31, 2025",M_USD,12100.0,328_total_costs_and_expenses_current_quarter,total_costs_and_expenses,total costs and expenses,GRD,"Three Months Ended July 31, 2025",M_USD,10687.0,336_other_income_expense_net_current_quarter,other_income_expense_net,other income expense net,GRD,"Three Months Ended July 31, 2025",M_USD,28.0,,,,,,,,,,,,,,,,,,,,,,,,,,,,,,,,,,,,,,,,,,,,,,,,,,,,,,,,,,,,,,,,,,,,,,,,,,,,,
753,2,"Give the average gross profit for STR from Three Months Ended July 31, 2024 to Three Months Ended July 31, 2025","ratio(sum(3275_gross_profit_prior_year_quarter, 3274_gross_profit_current_quarter), 2.0)","{""op"": ""ratio"", ""left"": {""op"": ""sum"", ""left"": {""leaf"": ""3275_gross_profit_prior_year_quarter"", ""depth"": 0}, ""right"": {""leaf"": ""3274_gross_profit_current_quarter"", ""depth"": 0}, ""depth"": 1}, ""right"": {""literal"": 2.0, ""depth"": 0}, ""depth"": 2}","{""kind"": ""time_agg"", ""op"": ""avg"", ""depth"": 0}",5472.0,1,0,2,868329243,822618042,42,0.579,0,1,2,3275_gross_profit_prior_year_quarter,gross_profit,gross profit,STR,"Three Months Ended July 31, 2024",M_USD,5216.0,3274_gross_profit_current_quarter,gross_profit,gross profit,STR,"Three Months Ended July 31, 2025",M_USD,5728.0,,,,,,,,,,,,,,,,,,,,,,,,,,,,,,,,,,,,,,,,,,,,,,,,,,,,,,,,,,,,,,,,,,,,,,,,,,,,,,,,,,,,
760,2,"Compute the average research and development for GLP from Three Months Ended October 31, 2024 to Three Months Ended October 31, 2025.","ratio(sum(6901_research_and_development_prior_year_quarter, 6900_research_and_development_current_quarter), 2.0)","{""op"": ""ratio"", ""left"": {""op"": ""sum"", ""left"": {""leaf"": ""6901_research_and_development_prior_year_quarter"", ""depth"": 0}, ""right"": {""leaf"": ""6900_research_and_development_current_quarter"", ""depth"": 0}, ""depth"": 1}, ""right"": {""literal"": 2.0, ""depth"": 0}, ""depth"": 2}","{""kind"": ""time_agg"", ""op"": ""avg"", ""depth"": 0}",2020.5,5,0,2,265692152,988194851,42,0.455,0,1,2,6901_research_and_development_prior_year_quarter,research_and_development,research and development,GLP,"Three Months Ended October 31, 2024",M_USD,2124.0,6900_research_and_development_current_quarter,research_and_development,research and development,GLP,"Three Months Ended October 31, 2025",M_USD,1917.0,,,,,,,,,,,,,,,,,,,,,,,,,,,,,,,,,,,,,,,,,,,,,,,,,,,,,,,,,,,,,,,,,,,,,,,,,,,,,,,,,,,,
761,2,"what would be the average long term debt for CRX from September 30, 2025 to January 31, 2026","ratio(sum(4572_long_term_debt_current_quarter_end, 4573_long_term_debt_prior_fy_end), 2.0)","{""op"": ""ratio"", ""left"": {""op"": ""sum"", ""left"": {""leaf"": ""4572_long_term_debt_current_quarter_end"", ""depth"": 0}, ""right"": {""leaf"": ""4573_long_term_debt_prior_fy_end"", ""depth"": 0}, ""depth"": 1}, ""right"": {""literal"": 2.0, ""depth"": 0}, ""depth"": 2}","{""kind"": ""time_agg"", ""op"": ""avg"", ""depth"": 0}",13111.5,3,0,2,552070760,275261416,42,0.455,0,1,2,4572_long_term_debt_current_quarter_end,long_term_debt,long term debt,CRX,"January 31, 2026",M_USD,14129.0,4573_long_term_debt_prior_fy_end,long_term_debt,long term debt,CRX,"September 30, 2025",M_USD,12094.0,,,,,,,,,,,,,,,,,,,,,,,,,,,,,,,,,,,,,,,,,,,,,,,,,,,,,,,,,,,,,,,,,,,,,,,,,,,,,,,,,,,,
763,2,"Give the average total current liabilities for SUP from December 31, 2024 to April 30, 2025.","ratio(sum(1024_total_current_liabilities_current_quarter_end, 1025_total_current_liabilities_prior_fy_end), 2.0)","{""op"": ""ratio"", ""left"": {""op"": ""sum"", ""left"": {""leaf"": ""1024_total_current_liabilities_current_quarter_end"", ""depth"": 0}, ""right"": {""leaf"": ""1025_total_current_liabilities_prior_fy_end"", ""depth"": 0}, ""depth"": 1}, ""right"": {""literal"": 2.0, ""depth"": 0}, ""depth"": 2}","{""kind"": ""time_agg"", ""op"": ""avg"", ""depth"": 0}",7314.5,4,0,2,893880203,468055126,42,0.218,0,1,2,1024_total_current_liabilities_current_quarter_end,total_current_liabilities,total current liabilities,SUP,"April 30, 2025",M_USD,7671.0,1025_total_current_liabilities_prior_fy_end,total_current_liabilities,total current liabilities,SUP,"December 31, 2024",M_USD,6958.0,,,,,,,,,,,,,,,,,,,,,,,,,,,,,,,,,,,,,,,,,,,,,,,,,,,,,,,,,,,,,,,,,,,,,,,,,,,,,,,,,,,,
766,2,"What is the average cost of sales for AST from Six Months Ended July 31, 2024 to Six Months Ended July 31, 2025?","ratio(sum(4817_cost_of_sales_prior_year_ytd, 4816_cost_of_sales_current_ytd), 2.0)","{""op"": ""ratio"", ""left"": {""op"": ""sum"", ""left"": {""leaf"": ""4817_cost_of_sales_prior_year_ytd"", ""depth"": 0}, ""right"": {""leaf"": ""4816_cost_of_sales_current_ytd"", ""depth"": 0}, ""depth"": 1}, ""right"": {""literal"": 2.0, ""depth"": 0}, ""depth"": 2}","{""kind"": ""time_agg"", ""op"": ""avg"", ""depth"": 0}",13132.0,4,0,2,87034917,83796527,42,0.347,0,1,2,4817_cost_of_sales_prior_year_ytd,cost_of_sales,cost of sales,AST,"Six Months Ended July 31, 2024",M_USD,12890.0,4816_cost_of_sales_current_ytd,cost_of_sales,cost of sales,AST,"Six Months Ended July 31, 2025",M_USD,13374.0,,,,,,,,,,,,,,,,,,,,,,,,,,,,,,,,,,,,,,,,,,,,,,,,,,,,,,,,,,,,,,,,,,,,,,,,,,,,,,,,,,,,
768,2,"Evaluate the average opening cash and equivalents for VRX from Six Months Ended July 31, 2024 to Six Months Ended July 31, 2025 .","ratio(sum(3091_opening_cash_and_equivalents_prior_ytd, 3090_opening_cash_and_equivalents_current_ytd), 2.0)","{""op"": ""ratio"", ""left"": {""op"": ""sum"", ""left"": {""leaf"": ""3091_opening_cash_and_equivalents_prior_ytd"", ""depth"": 0}, ""right"": {""leaf"": ""3090_opening_cash_and_equivalents_current_ytd"", ""depth"": 0}, ""depth"": 1}, ""right"": {""literal"": 2.0, ""depth"": 0}, ""depth"": 2}","{""kind"": ""time_agg"", ""op"": ""avg"", ""depth"": 0}",3578.0,1,0,2,399080877,488210822,42,0.183,0,1,2,3091_opening_cash_and_equivalents_prior_ytd,opening_cash_and_equivalents,opening cash and equivalents,VRX,"Six Months Ended July 31, 2024",M_USD,3390.0,3090_opening_cash_and_equivalents_current_ytd,opening_cash_and_equivalents,opening cash and equivalents,VRX,"Six Months Ended July 31, 2025",M_USD,3766.0,,,,,,,,,,,,,,,,,,,,,,,,,,,,,,,,,,,,,,,,,,,,,,,,,,,,,,,,,,,,,,,,,,,,,,,,,,,,,,,,,,,,
775,2,"give the average cost of advertising revenue for STR from Three Months Ended July 31, 2024 to Three Months Ended July 31, 2025.","ratio(sum(3433_cos_advertising_revenue_prior_year_quarter, 3429_cos_advertising_revenue_current_quarter), 2.0)","{""op"": ""ratio"", ""left"": {""op"": ""sum"", ""left"": {""leaf"": ""3433_cos_advertising_revenue_prior_year_quarter"", ""depth"": 0}, ""right"": {""leaf"": ""3429_cos_advertising_revenue_current_quarter"", ""depth"": 0}, ""depth"": 1}, ""right"": {""literal"": 2.0, ""depth"": 0}, ""depth"": 2}","{""kind"": ""time_agg"", ""op"": ""avg"", ""depth"": 0}",1997.5,4,0,2,28472669,359450514,42,0.414,0,1,2,3433_cos_advertising_revenue_prior_year_quarter,cos_advertising_revenue,cost of advertising revenue,STR,"Three Months Ended July 31, 2024",M_USD,1904.0,3429_cos_advertising_revenue_current_quarter,cos_advertising_revenue,cost of advertising revenue,STR,"Three Months Ended July 31, 2025",M_USD,2091.0,,,,,,,,,,,,,,,,,,,,,,,,,,,,,,,,,,,,,,,,,,,,,,,,,,,,,,,,,,,,,,,,,,,,,,,,,,,,,,,,,,,,
783,2,"What would be the average total costs and expenses for CRZ from Nine Months Ended October 31, 2024 to Nine Months Ended October 31, 2025","ratio(sum(4993_total_costs_and_expenses_prior_year_ytd, 4992_total_costs_and_expenses_current_ytd), 2.0)","{""op"": ""ratio"", ""left"": {""op"": ""sum"", ""left"": {""leaf"": ""4993_total_costs_and_expenses_prior_year_ytd"", ""depth"": 0}, ""right"": {""leaf"": ""4992_total_costs_and_expenses_current_ytd"", ""depth"": 0}, ""depth"": 1}, ""right"": {""literal"": 2.0, ""depth"": 0}, ""depth"": 2}","{""kind"": ""time_agg"", ""op"": ""avg"", ""depth"": 0}",20047.5,4,0,2,665618726,10078400,42,0.154,0,1,2,4993_total_costs_and_expenses_prior_year_ytd,total_costs_and_expenses,total costs and expenses,CRZ,"Nine Months Ended October 31, 2024",M_USD,20250.0,4992_total_costs_and_expenses_current_ytd,total_costs_and_expenses,total costs and expenses,CRZ,"Nine Months Ended October 31, 2025",M_USD,19845.0,,,,,,,,,,,,,,,,,,,,,,,,,,,,,,,,,,,,,,,,,,,,,,,,,,,,,,,,,,,,,,,,,,,,,,,,,,,,,,,,,,,,
785,2,"state the average research and development for TRU from Three Months Ended July 31, 2024 to Three Months Ended July 31, 2025.","ratio(sum(813_research_and_development_prior_year_quarter, 812_research_and_development_current_quarter), 2.0)","{""op"": ""ratio"", ""left"": {""op"": ""sum"", ""left"": {""leaf"": ""813_research_and_development_prior_year_quarter"", ""depth"": 0}, ""right"": {""leaf"": ""812_research_and_development_current_quarter"", ""depth"": 0}, ""depth"": 1}, ""right"": {""literal"": 2.0, ""depth"": 0}, ""depth"": 2}","{""kind"": ""time_agg"", ""op"": ""avg"", ""depth"": 0}",48.0,3,0,2,811376696,986428245,42,0.136,0,1,2,813_research_and_development_prior_year_quarter,research_and_development,research and development,TRU,"Three Months Ended July 31, 2024",M_USD,45.0,812_research_and_development_current_quarter,research_and_development,research and development,TRU,"Three Months Ended July 31, 2025",M_USD,51.0,,,,,,,,,,,,,,,,,,,,,,,,,,,,,,,,,,,,,,,,,,,,,,,,,,,,,,,,,,,,,,,,,,,,,,,,,,,,,,,,,,,,
788,2,"May you calculate the average deferred revenue current for PLX from September 30, 2025 to July 31, 2026?","ratio(sum(4280_deferred_revenue_current_current_quarter_end, 4281_deferred_revenue_current_prior_fy_end), 2.0)","{""op"": ""ratio"", ""left"": {""op"": ""sum"", ""left"": {""leaf"": ""4280_deferred_revenue_current_current_quarter_end"", ""depth"": 0}, ""right"": {""leaf"": ""4281_deferred_revenue_current_prior_fy_end"", ""depth"": 0}, ""depth"": 1}, ""right"": {""literal"": 2.0, ""depth"": 0}, ""depth"": 2}","{""kind"": ""time_agg"", ""op"": ""avg"", ""depth"": 0}",603.0,4,0,2,662893076,55417743,42,0.513,0,1,2,4280_deferred_revenue_current_current_quarter_end,deferred_revenue_current,deferred revenue current,PLX,"July 31, 2026",M_USD,651.0,4281_deferred_revenue_current_prior_fy_end,deferred_revenue_current,deferred revenue current,PLX,"September 30, 2025",M_USD,555.0,,,,,,,,,,,,,,,,,,,,,,,,,,,,,,,,,,,,,,,,,,,,,,,,,,,,,,,,,,,,,,,,,,,,,,,,,,,,,,,,,,,,
794,2,"Compute the average provision for income taxes for IND from Three Months Ended April 30, 2024 to Three Months Ended April 30, 2025.","ratio(sum(1109_provision_for_income_taxes_prior_year_quarter, 1108_provision_for_income_taxes_current_quarter), 2.0)","{""op"": ""ratio"", ""left"": {""op"": ""sum"", ""left"": {""leaf"": ""1109_provision_for_income_taxes_prior_year_quarter"", ""depth"": 0}, ""right"": {""leaf"": ""1108_provision_for_income_taxes_current_quarter"", ""depth"": 0}, ""depth"": 1}, ""right"": {""literal"": 2.0, ""depth"": 0}, ""depth"": 2}","{""kind"": ""time_agg"", ""op"": ""avg"", ""depth"": 0}",364.5,2,0,2,858706246,96491898,42,0.228,0,1,2,1109_provision_for_income_taxes_prior_year_quarter,provision_for_income_taxes,provision for income taxes,IND,"Three Months Ended April 30, 2024",M_USD,384.0,1108_provision_for_income_taxes_current_quarter,provision_for_income_taxes,provision for income taxes,IND,"Three Months Ended April 30, 2025",M_USD,345.0,,,,,,,,,,,,,,,,,,,,,,,,,,,,,,,,,,,,,,,,,,,,,,,,,,,,,,,,,,,,,,,,,,,,,,,,,,,,,,,,,,,,
795,2,"what is the value of the average opening cash and equivalents for BRX from Six Months Ended July 31, 2024 to Six Months Ended July 31, 2025?","ratio(sum(601_opening_cash_and_equivalents_prior_ytd, 600_opening_cash_and_equivalents_current_ytd), 2.0)","{""op"": ""ratio"", ""left"": {""op"": ""sum"", ""left"": {""leaf"": ""601_opening_cash_and_equivalents_prior_ytd"", ""depth"": 0}, ""right"": {""leaf"": ""600_opening_cash_and_equivalents_current_ytd"", ""depth"": 0}, ""depth"": 1}, ""right"": {""literal"": 2.0, ""depth"": 0}, ""depth"": 2}","{""kind"": ""time_agg"", ""op"": ""avg"", ""depth"": 0}",4811.0,3,0,2,459806241,661875134,42,0.158,0,1,2,601_opening_cash_and_equivalents_prior_ytd,opening_cash_and_equivalents,opening cash and equivalents,BRX,"Six Months Ended July 31, 2024",M_USD,4861.0,600_opening_cash_and_equivalents_current_ytd,opening_cash_and_equivalents,opening cash and equivalents,BRX,"Six Months Ended July 31, 2025",M_USD,4761.0,,,,,,,,,,,,,,,,,,,,,,,,,,,,,,,,,,,,,,,,,,,,,,,,,,,,,,,,,,,,,,,,,,,,,,,,,,,,,,,,,,,,
800,2,"May you give the average cost of consulting revenue for PRF from Three Months Ended April 30, 2024 to Three Months Ended April 30, 2025 ?","ratio(sum(2296_cos_consulting_revenue_prior_year_quarter, 2292_cos_consulting_revenue_current_quarter), 2.0)","{""op"": ""ratio"", ""left"": {""op"": ""sum"", ""left"": {""leaf"": ""2296_cos_consulting_revenue_prior_year_quarter"", ""depth"": 0}, ""right"": {""leaf"": ""2292_cos_consulting_revenue_current_quarter"", ""depth"": 0}, ""depth"": 1}, ""right"": {""literal"": 2.0, ""depth"": 0}, ""depth"": 2}","{""kind"": ""time_agg"", ""op"": ""avg"", ""depth"": 0}",393.5,4,0,2,719757473,116297668,42,0.471,0,1,2,2296_cos_consulting_revenue_prior_year_quarter,cos_consulting_revenue,cost of consulting revenue,PRF,"Three Months Ended April 30, 2024",M_USD,387.0,2292_cos_consulting_revenue_current_quarter,cos_consulting_revenue,cost of consulting revenue,PRF,"Three Months Ended April 30, 2025",M_USD,400.0,,,,,,,,,,,,,,,,,,,,,,,,,,,,,,,,,,,,,,,,,,,,,,,,,,,,,,,,,,,,,,,,,,,,,,,,,,,,,,,,,,,,
803,2,"Which value corresponds to the average cost of advertising revenue for INF from Three Months Ended July 31, 2024 to Three Months Ended July 31, 2025","ratio(sum(3785_cos_advertising_revenue_prior_year_quarter, 3781_cos_advertising_revenue_current_quarter), 2.0)","{""op"": ""ratio"", ""left"": {""op"": ""sum"", ""left"": {""leaf"": ""3785_cos_advertising_revenue_prior_year_quarter"", ""depth"": 0}, ""right"": {""leaf"": ""3781_cos_advertising_revenue_current_quarter"", ""depth"": 0}, ""depth"": 1}, ""right"": {""literal"": 2.0, ""depth"": 0}, ""depth"": 2}","{""kind"": ""time_agg"", ""op"": ""avg"", ""depth"": 0}",1240.0,3,0,2,898612861,301569922,42,0.228,0,1,2,3785_cos_advertising_revenue_prior_year_quarter,cos_advertising_revenue,cost of advertising revenue,INF,"Three Months Ended July 31, 2024",M_USD,1190.0,3781_cos_advertising_revenue_current_quarter,cos_advertising_revenue,cost of advertising revenue,INF,"Three Months Ended July 31, 2025",M_USD,1290.0,,,,,,,,,,,,,,,,,,,,,,,,,,,,,,,,,,,,,,,,,,,,,,,,,,,,,,,,,,,,,,,,,,,,,,,,,,,,,,,,,,,,
804,2,"You should give the income before taxes for SKY in Three Months Ended April 30, 2025 .",income_before_taxes,"{""derived"": ""income_before_taxes"", ""expanded"": {""op"": ""sum"", ""left"": {""derived"": ""operating_income"", ""expanded"": {""op"": ""diff"", ""left"": {""leaf"": ""5814_total_revenues_current_quarter"", ""depth"": 0}, ""right"": {""leaf"": ""5822_total_costs_and_expenses_current_quarter"", ""depth"": 0}, ""depth"": 1}, ""depth"": 1}, ""right"": {""leaf"": ""5826_other_income_expense_net_current_quarter"", ""depth"": 0}, ""depth"": 2}, ""depth"": 2}","{""kind"": ""derived_concept"", ""name"": ""income_before_taxes"", ""depth"": 0}",1182.0,5,0,2,598629522,819805873,42,0.54,0,1,3,5814_total_revenues_current_quarter,total_revenues,total revenues,SKY,"Three Months Ended April 30, 2025",M_USD,10015.0,5822_total_costs_and_expenses_current_quarter,total_costs_and_expenses,total costs and expenses,SKY,"Three Months Ended April 30, 2025",M_USD,8618.0,5826_other_income_expense_net_current_quarter,other_income_expense_net,other income expense net,SKY,"Three Months Ended April 30, 2025",M_USD,-215.0,,,,,,,,,,,,,,,,,,,,,,,,,,,,,,,,,,,,,,,,,,,,,,,,,,,,,,,,,,,,,,,,,,,,,,,,,,,,,
815,2,"Which value corresponds to the average depreciation and amortization for HRZ from Three Months Ended April 30, 2024 to Three Months Ended April 30, 2025?","ratio(sum(7245_depreciation_and_amortization_prior_ytd, 7244_depreciation_and_amortization_current_ytd), 2.0)","{""op"": ""ratio"", ""left"": {""op"": ""sum"", ""left"": {""leaf"": ""7245_depreciation_and_amortization_prior_ytd"", ""depth"": 0}, ""right"": {""leaf"": ""7244_depreciation_and_amortization_current_ytd"", ""depth"": 0}, ""depth"": 1}, ""right"": {""literal"": 2.0, ""depth"": 0}, ""depth"": 2}","{""kind"": ""time_agg"", ""op"": ""avg"", ""depth"": 0}",206.0,2,0,2,686702504,736185377,42,0.381,0,1,2,7245_depreciation_and_amortization_prior_ytd,depreciation_and_amortization,depreciation and amortization,HRZ,"Three Months Ended April 30, 2024",M_USD,214.0,7244_depreciation_and_amortization_current_ytd,depreciation_and_amortization,depreciation and amortization,HRZ,"Three Months Ended April 30, 2025",M_USD,198.0,,,,,,,,,,,,,,,,,,,,,,,,,,,,,,,,,,,,,,,,,,,,,,,,,,,,,,,,,,,,,,,,,,,,,,,,,,,,,,,,,,,,
818,2,"may you give the average current portion of long term debt for QRK from September 30, 2025 to April 30, 2026?","ratio(sum(3520_current_portion_of_long_term_debt_current_quarter_end, 3521_current_portion_of_long_term_debt_prior_fy_end), 2.0)","{""op"": ""ratio"", ""left"": {""op"": ""sum"", ""left"": {""leaf"": ""3520_current_portion_of_long_term_debt_current_quarter_end"", ""depth"": 0}, ""right"": {""leaf"": ""3521_current_portion_of_long_term_debt_prior_fy_end"", ""depth"": 0}, ""depth"": 1}, ""right"": {""literal"": 2.0, ""depth"": 0}, ""depth"": 2}","{""kind"": ""time_agg"", ""op"": ""avg"", ""depth"": 0}",4195.0,4,0,2,895810537,651789532,42,0.31,0,1,2,3520_current_portion_of_long_term_debt_current_quarter_end,current_portion_of_long_term_debt,current portion of long term debt,QRK,"April 30, 2026",M_USD,4077.0,3521_current_portion_of_long_term_debt_prior_fy_end,current_portion_of_long_term_debt,current portion of long term debt,QRK,"September 30, 2025",M_USD,4313.0,,,,,,,,,,,,,,,,,,,,,,,,,,,,,,,,,,,,,,,,,,,,,,,,,,,,,,,,,,,,,,,,,,,,,,,,,,,,,,,,,,,,
820,2,"Could you give the average proceeds from maturities of securities for NET from Nine Months Ended October 31, 2024 to Nine Months Ended October 31, 2025 ?","ratio(sum(6539_proceeds_from_maturities_of_securities_prior_ytd, 6538_proceeds_from_maturities_of_securities_current_ytd), 2.0)","{""op"": ""ratio"", ""left"": {""op"": ""sum"", ""left"": {""leaf"": ""6539_proceeds_from_maturities_of_securities_prior_ytd"", ""depth"": 0}, ""right"": {""leaf"": ""6538_proceeds_from_maturities_of_securities_current_ytd"", ""depth"": 0}, ""depth"": 1}, ""right"": {""literal"": 2.0, ""depth"": 0}, ""depth"": 2}","{""kind"": ""time_agg"", ""op"": ""avg"", ""depth"": 0}",165.0,1,0,2,429125068,253974386,42,0.234,0,1,2,6539_proceeds_from_maturities_of_securities_prior_ytd,proceeds_from_maturities_of_securities,proceeds from maturities of securities,NET,"Nine Months Ended October 31, 2024",M_USD,155.0,6538_proceeds_from_maturities_of_securities_current_ytd,proceeds_from_maturities_of_securities,proceeds from maturities of securities,NET,"Nine Months Ended October 31, 2025",M_USD,175.0,,,,,,,,,,,,,,,,,,,,,,,,,,,,,,,,,,,,,,,,,,,,,,,,,,,,,,,,,,,,,,,,,,,,,,,,,,,,,,,,,,,,
821,2,"provide the income before taxes for TRD in Six Months Ended July 31, 2025.",income_before_taxes,"{""derived"": ""income_before_taxes"", ""expanded"": {""op"": ""sum"", ""left"": {""derived"": ""operating_income"", ""expanded"": {""op"": ""diff"", ""left"": {""leaf"": ""2300_total_revenues_current_ytd"", ""depth"": 0}, ""right"": {""leaf"": ""2320_total_costs_and_expenses_current_ytd"", ""depth"": 0}, ""depth"": 1}, ""depth"": 1}, ""right"": {""leaf"": ""2328_other_income_expense_net_current_ytd"", ""depth"": 0}, ""depth"": 2}, ""depth"": 2}","{""kind"": ""derived_concept"", ""name"": ""income_before_taxes"", ""depth"": 0}",6578.0,5,0,2,329878790,232053597,42,0.593,0,1,3,2300_total_revenues_current_ytd,total_revenues,total revenues,TRD,"Six Months Ended July 31, 2025",M_USD,144708.0,2320_total_costs_and_expenses_current_ytd,total_costs_and_expenses,total costs and expenses,TRD,"Six Months Ended July 31, 2025",M_USD,137564.0,2328_other_income_expense_net_current_ytd,other_income_expense_net,other income expense net,TRD,"Six Months Ended July 31, 2025",M_USD,-566.0,,,,,,,,,,,,,,,,,,,,,,,,,,,,,,,,,,,,,,,,,,,,,,,,,,,,,,,,,,,,,,,,,,,,,,,,,,,,,
822,2,"calculate the average cash and cash equivalents for FIN from December 31, 2024 to April 30, 2025","ratio(sum(4102_cash_and_cash_equivalents_current_quarter_end, 4103_cash_and_cash_equivalents_prior_fy_end), 2.0)","{""op"": ""ratio"", ""left"": {""op"": ""sum"", ""left"": {""leaf"": ""4102_cash_and_cash_equivalents_current_quarter_end"", ""depth"": 0}, ""right"": {""leaf"": ""4103_cash_and_cash_equivalents_prior_fy_end"", ""depth"": 0}, ""depth"": 1}, ""right"": {""literal"": 2.0, ""depth"": 0}, ""depth"": 2}","{""kind"": ""time_agg"", ""op"": ""avg"", ""depth"": 0}",1167.0,4,0,2,871963098,316676941,42,0.201,0,1,2,4102_cash_and_cash_equivalents_current_quarter_end,cash_and_cash_equivalents,cash and cash equivalents,FIN,"April 30, 2025",M_USD,1234.0,4103_cash_and_cash_equivalents_prior_fy_end,cash_and_cash_equivalents,cash and cash equivalents,FIN,"December 31, 2024",M_USD,1100.0,,,,,,,,,,,,,,,,,,,,,,,,,,,,,,,,,,,,,,,,,,,,,,,,,,,,,,,,,,,,,,,,,,,,,,,,,,,,,,,,,,,,
829,2,"What does the following give: average comprehensive income for GBL from Three Months Ended April 30, 2024 to Three Months Ended April 30, 2025 ?","ratio(sum(6887_comprehensive_income_prior_year_quarter, 6886_comprehensive_income_current_quarter), 2.0)","{""op"": ""ratio"", ""left"": {""op"": ""sum"", ""left"": {""leaf"": ""6887_comprehensive_income_prior_year_quarter"", ""depth"": 0}, ""right"": {""leaf"": ""6886_comprehensive_income_current_quarter"", ""depth"": 0}, ""depth"": 1}, ""right"": {""literal"": 2.0, ""depth"": 0}, ""depth"": 2}","{""kind"": ""time_agg"", ""op"": ""avg"", ""depth"": 0}",2325.0,5,0,2,297414215,626880093,42,0.338,0,1,2,6887_comprehensive_income_prior_year_quarter,comprehensive_income,comprehensive income,GBL,"Three Months Ended April 30, 2024",M_USD,2440.0,6886_comprehensive_income_current_quarter,comprehensive_income,comprehensive income,GBL,"Three Months Ended April 30, 2025",M_USD,2210.0,,,,,,,,,,,,,,,,,,,,,,,,,,,,,,,,,,,,,,,,,,,,,,,,,,,,,,,,,,,,,,,,,,,,,,,,,,,,,,,,,,,,
833,2,"Which value corresponds to the income before taxes for GLP in Nine Months Ended October 31, 2025",income_before_taxes,"{""derived"": ""income_before_taxes"", ""expanded"": {""op"": ""sum"", ""left"": {""derived"": ""operating_income"", ""expanded"": {""op"": ""diff"", ""left"": {""leaf"": ""6890_total_revenues_current_ytd"", ""depth"": 0}, ""right"": {""leaf"": ""6910_total_costs_and_expenses_current_ytd"", ""depth"": 0}, ""depth"": 1}, ""depth"": 1}, ""right"": {""leaf"": ""6918_other_income_expense_net_current_ytd"", ""depth"": 0}, ""depth"": 2}, ""depth"": 2}","{""kind"": ""derived_concept"", ""name"": ""income_before_taxes"", ""depth"": 0}",53043.0,3,0,2,829067780,553126526,42,0.493,0,1,3,6890_total_revenues_current_ytd,total_revenues,total revenues,GLP,"Nine Months Ended October 31, 2025",M_USD,290220.0,6910_total_costs_and_expenses_current_ytd,total_costs_and_expenses,total costs and expenses,GLP,"Nine Months Ended October 31, 2025",M_USD,236916.0,6918_other_income_expense_net_current_ytd,other_income_expense_net,other income expense net,GLP,"Nine Months Ended October 31, 2025",M_USD,-261.0,,,,,,,,,,,,,,,,,,,,,,,,,,,,,,,,,,,,,,,,,,,,,,,,,,,,,,,,,,,,,,,,,,,,,,,,,,,,,
837,2,"compute the average accrued expenses and other for ZNX from December 31, 2024 to July 31, 2025","ratio(sum(6313_accrued_expenses_and_other_prior_fy_end, 6312_accrued_expenses_and_other_current_quarter_end), 2.0)","{""op"": ""ratio"", ""left"": {""op"": ""sum"", ""left"": {""leaf"": ""6313_accrued_expenses_and_other_prior_fy_end"", ""depth"": 0}, ""right"": {""leaf"": ""6312_accrued_expenses_and_other_current_quarter_end"", ""depth"": 0}, ""depth"": 1}, ""right"": {""literal"": 2.0, ""depth"": 0}, ""depth"": 2}","{""kind"": ""time_agg"", ""op"": ""avg"", ""depth"": 0}",898.5,3,0,2,609982519,35091167,42,0.306,0,1,2,6313_accrued_expenses_and_other_prior_fy_end,accrued_expenses_and_other,accrued expenses and other,ZNX,"December 31, 2024",M_USD,837.0,6312_accrued_expenses_and_other_current_quarter_end,accrued_expenses_and_other,accrued expenses and other,ZNX,"July 31, 2025",M_USD,960.0,,,,,,,,,,,,,,,,,,,,,,,,,,,,,,,,,,,,,,,,,,,,,,,,,,,,,,,,,,,,,,,,,,,,,,,,,,,,,,,,,,,,
838,2,"evaluate the average total current assets for STR from December 31, 2024 to July 31, 2025.","ratio(sum(3325_total_current_assets_prior_fy_end, 3324_total_current_assets_current_quarter_end), 2.0)","{""op"": ""ratio"", ""left"": {""op"": ""sum"", ""left"": {""leaf"": ""3325_total_current_assets_prior_fy_end"", ""depth"": 0}, ""right"": {""leaf"": ""3324_total_current_assets_current_quarter_end"", ""depth"": 0}, ""depth"": 1}, ""right"": {""literal"": 2.0, ""depth"": 0}, ""depth"": 2}","{""kind"": ""time_agg"", ""op"": ""avg"", ""depth"": 0}",5974.5,1,0,2,490410269,693807663,42,0.541,0,1,2,3325_total_current_assets_prior_fy_end,total_current_assets,total current assets,STR,"December 31, 2024",M_USD,6044.0,3324_total_current_assets_current_quarter_end,total_current_assets,total current assets,STR,"July 31, 2025",M_USD,5905.0,,,,,,,,,,,,,,,,,,,,,,,,,,,,,,,,,,,,,,,,,,,,,,,,,,,,,,,,,,,,,,,,,,,,,,,,,,,,,,,,,,,,
840,2,"determine the average cost of products for ZNX from Three Months Ended July 31, 2024 to Three Months Ended July 31, 2025 .","ratio(sum(6402_cos_products_prior_year_quarter, 6398_cos_products_current_quarter), 2.0)","{""op"": ""ratio"", ""left"": {""op"": ""sum"", ""left"": {""leaf"": ""6402_cos_products_prior_year_quarter"", ""depth"": 0}, ""right"": {""leaf"": ""6398_cos_products_current_quarter"", ""depth"": 0}, ""depth"": 1}, ""right"": {""literal"": 2.0, ""depth"": 0}, ""depth"": 2}","{""kind"": ""time_agg"", ""op"": ""avg"", ""depth"": 0}",4652.5,2,0,2,505476664,479757010,42,0.569,0,1,2,6402_cos_products_prior_year_quarter,cos_products,cost of products,ZNX,"Three Months Ended July 31, 2024",M_USD,4700.0,6398_cos_products_current_quarter,cos_products,cost of products,ZNX,"Three Months Ended July 31, 2025",M_USD,4605.0,,,,,,,,,,,,,,,,,,,,,,,,,,,,,,,,,,,,,,,,,,,,,,,,,,,,,,,,,,,,,,,,,,,,,,,,,,,,,,,,,,,,
842,2,"state the income before taxes for TRU in Six Months Ended July 31, 2024 .",income_before_taxes,"{""derived"": ""income_before_taxes"", ""expanded"": {""op"": ""sum"", ""left"": {""derived"": ""operating_income"", ""expanded"": {""op"": ""diff"", ""left"": {""leaf"": ""807_total_revenues_prior_year_ytd"", ""depth"": 0}, ""right"": {""leaf"": ""823_total_costs_and_expenses_prior_year_ytd"", ""depth"": 0}, ""depth"": 1}, ""depth"": 1}, ""right"": {""leaf"": ""831_other_income_expense_net_prior_year_ytd"", ""depth"": 0}, ""depth"": 2}, ""depth"": 2}","{""kind"": ""derived_concept"", ""name"": ""income_before_taxes"", ""depth"": 0}",6032.0,5,0,2,879313503,312633307,42,0.252,0,1,3,807_total_revenues_prior_year_ytd,total_revenues,total revenues,TRU,"Six Months Ended July 31, 2024",M_USD,33110.0,823_total_costs_and_expenses_prior_year_ytd,total_costs_and_expenses,total costs and expenses,TRU,"Six Months Ended July 31, 2024",M_USD,26624.0,831_other_income_expense_net_prior_year_ytd,other_income_expense_net,other income expense net,TRU,"Six Months Ended July 31, 2024",M_USD,-454.0,,,,,,,,,,,,,,,,,,,,,,,,,,,,,,,,,,,,,,,,,,,,,,,,,,,,,,,,,,,,,,,,,,,,,,,,,,,,,
846,2,"what would be the sum of maximum of total current assets for DTA from December 31, 2024 to April 30, 2025 and minimum of total assets for DTA from December 31, 2024 to April 30, 2025?","sum(max(4416_total_current_assets_current_quarter_end, 4417_total_current_assets_prior_fy_end), min(4428_total_assets_current_quarter_end, 4429_total_assets_prior_fy_end))","{""op"": ""sum"", ""left"": {""op"": ""max"", ""left"": {""leaf"": ""4416_total_current_assets_current_quarter_end"", ""depth"": 0}, ""right"": {""leaf"": ""4417_total_current_assets_prior_fy_end"", ""depth"": 0}, ""depth"": 1}, ""right"": {""op"": ""min"", ""left"": {""leaf"": ""4428_total_assets_current_quarter_end"", ""depth"": 0}, ""right"": {""leaf"": ""4429_total_assets_prior_fy_end"", ""depth"": 0}, ""depth"": 1}, ""depth"": 2}","{""op"": ""sum"", ""left"": {""kind"": ""time_agg"", ""op"": ""max"", ""depth"": 0}, ""right"": {""kind"": ""time_agg"", ""op"": ""min"", ""depth"": 0}, ""depth"": 1, ""kind"": ""node""}",35222.0,2,1,2,728742734,123156008,42,0.508,1,2,4,4416_total_current_assets_current_quarter_end,total_current_assets,total current assets,DTA,"April 30, 2025",M_USD,9947.0,4417_total_current_assets_prior_fy_end,total_current_assets,total current assets,DTA,"December 31, 2024",M_USD,10099.0,4428_total_assets_current_quarter_end,total_assets,total assets,DTA,"April 30, 2025",M_USD,25123.0,4429_total_assets_prior_fy_end,total_assets,total assets,DTA,"December 31, 2024",M_USD,25509.0,,,,,,,,,,,,,,,,,,,,,,,,,,,,,,,,,,,,,,,,,,,,,,,,,,,,,,,,,,,,,,,,,,,,,,
853,2,"Compute the average inventories for WHL from December 31, 2024 to July 31, 2025.","ratio(sum(7353_inventories_prior_fy_end, 7352_inventories_current_quarter_end), 2.0)","{""op"": ""ratio"", ""left"": {""op"": ""sum"", ""left"": {""leaf"": ""7353_inventories_prior_fy_end"", ""depth"": 0}, ""right"": {""leaf"": ""7352_inventories_current_quarter_end"", ""depth"": 0}, ""depth"": 1}, ""right"": {""literal"": 2.0, ""depth"": 0}, ""depth"": 2}","{""kind"": ""time_agg"", ""op"": ""avg"", ""depth"": 0}",2532.0,5,0,2,364416908,979945166,42,0.358,0,1,2,7353_inventories_prior_fy_end,inventories,inventories,WHL,"December 31, 2024",M_USD,2466.0,7352_inventories_current_quarter_end,inventories,inventories,WHL,"July 31, 2025",M_USD,2598.0,,,,,,,,,,,,,,,,,,,,,,,,,,,,,,,,,,,,,,,,,,,,,,,,,,,,,,,,,,,,,,,,,,,,,,,,,,,,,,,,,,,,
855,2,"Whats the value of the average cost of products for CRX from Three Months Ended January 31, 2025 to Three Months Ended January 31, 2026?","ratio(sum(4644_cos_products_prior_year_quarter, 4640_cos_products_current_quarter), 2.0)","{""op"": ""ratio"", ""left"": {""op"": ""sum"", ""left"": {""leaf"": ""4644_cos_products_prior_year_quarter"", ""depth"": 0}, ""right"": {""leaf"": ""4640_cos_products_current_quarter"", ""depth"": 0}, ""depth"": 1}, ""right"": {""literal"": 2.0, ""depth"": 0}, ""depth"": 2}","{""kind"": ""time_agg"", ""op"": ""avg"", ""depth"": 0}",5801.0,2,0,2,322473182,316239085,42,0.312,0,1,2,4644_cos_products_prior_year_quarter,cos_products,cost of products,CRX,"Three Months Ended January 31, 2025",M_USD,5900.0,4640_cos_products_current_quarter,cos_products,cost of products,CRX,"Three Months Ended January 31, 2026",M_USD,5702.0,,,,,,,,,,,,,,,,,,,,,,,,,,,,,,,,,,,,,,,,,,,,,,,,,,,,,,,,,,,,,,,,,,,,,,,,,,,,,,,,,,,,
858,2,"What is the average current portion of long term debt for BLD from December 31, 2024 to July 31, 2025?","ratio(sum(2717_current_portion_of_long_term_debt_prior_fy_end, 2716_current_portion_of_long_term_debt_current_quarter_end), 2.0)","{""op"": ""ratio"", ""left"": {""op"": ""sum"", ""left"": {""leaf"": ""2717_current_portion_of_long_term_debt_prior_fy_end"", ""depth"": 0}, ""right"": {""leaf"": ""2716_current_portion_of_long_term_debt_current_quarter_end"", ""depth"": 0}, ""depth"": 1}, ""right"": {""literal"": 2.0, ""depth"": 0}, ""depth"": 2}","{""kind"": ""time_agg"", ""op"": ""avg"", ""depth"": 0}",541.5,4,0,2,990882546,620826404,42,0.534,0,1,2,2717_current_portion_of_long_term_debt_prior_fy_end,current_portion_of_long_term_debt,current portion of long term debt,BLD,"December 31, 2024",M_USD,542.0,2716_current_portion_of_long_term_debt_current_quarter_end,current_portion_of_long_term_debt,current portion of long term debt,BLD,"July 31, 2025",M_USD,541.0,,,,,,,,,,,,,,,,,,,,,,,,,,,,,,,,,,,,,,,,,,,,,,,,,,,,,,,,,,,,,,,,,,,,,,,,,,,,,,,,,,,,
861,2,"State the average comprehensive income for VTL from Three Months Ended April 30, 2024 to Three Months Ended April 30, 2025.","ratio(sum(123_comprehensive_income_prior_year_quarter, 122_comprehensive_income_current_quarter), 2.0)","{""op"": ""ratio"", ""left"": {""op"": ""sum"", ""left"": {""leaf"": ""123_comprehensive_income_prior_year_quarter"", ""depth"": 0}, ""right"": {""leaf"": ""122_comprehensive_income_current_quarter"", ""depth"": 0}, ""depth"": 1}, ""right"": {""literal"": 2.0, ""depth"": 0}, ""depth"": 2}","{""kind"": ""time_agg"", ""op"": ""avg"", ""depth"": 0}",391.5,5,0,2,137930181,957671649,42,0.19,0,1,2,123_comprehensive_income_prior_year_quarter,comprehensive_income,comprehensive income,VTL,"Three Months Ended April 30, 2024",M_USD,399.0,122_comprehensive_income_current_quarter,comprehensive_income,comprehensive income,VTL,"Three Months Ended April 30, 2025",M_USD,384.0,,,,,,,,,,,,,,,,,,,,,,,,,,,,,,,,,,,,,,,,,,,,,,,,,,,,,,,,,,,,,,,,,,,,,,,,,,,,,,,,,,,,
871,2,"what does the following give: average total revenues for GBL from Three Months Ended April 30, 2024 to Three Months Ended April 30, 2025 ?","ratio(sum(6765_total_revenues_prior_year_quarter, 6764_total_revenues_current_quarter), 2.0)","{""op"": ""ratio"", ""left"": {""op"": ""sum"", ""left"": {""leaf"": ""6765_total_revenues_prior_year_quarter"", ""depth"": 0}, ""right"": {""leaf"": ""6764_total_revenues_current_quarter"", ""depth"": 0}, ""depth"": 1}, ""right"": {""literal"": 2.0, ""depth"": 0}, ""depth"": 2}","{""kind"": ""time_agg"", ""op"": ""avg"", ""depth"": 0}",35643.5,2,0,2,476214506,973638816,42,0.501,0,1,2,6765_total_revenues_prior_year_quarter,total_revenues,total revenues,GBL,"Three Months Ended April 30, 2024",M_USD,36200.0,6764_total_revenues_current_quarter,total_revenues,total revenues,GBL,"Three Months Ended April 30, 2025",M_USD,35087.0,,,,,,,,,,,,,,,,,,,,,,,,,,,,,,,,,,,,,,,,,,,,,,,,,,,,,,,,,,,,,,,,,,,,,,,,,,,,,,,,,,,,
872,2,"Which value corresponds to the average depreciation and amortization for HRZ from Three Months Ended April 30, 2024 to Three Months Ended April 30, 2025?","ratio(sum(7245_depreciation_and_amortization_prior_ytd, 7244_depreciation_and_amortization_current_ytd), 2.0)","{""op"": ""ratio"", ""left"": {""op"": ""sum"", ""left"": {""leaf"": ""7245_depreciation_and_amortization_prior_ytd"", ""depth"": 0}, ""right"": {""leaf"": ""7244_depreciation_and_amortization_current_ytd"", ""depth"": 0}, ""depth"": 1}, ""right"": {""literal"": 2.0, ""depth"": 0}, ""depth"": 2}","{""kind"": ""time_agg"", ""op"": ""avg"", ""depth"": 0}",206.0,1,0,2,261470082,262201338,42,0.168,0,1,2,7245_depreciation_and_amortization_prior_ytd,depreciation_and_amortization,depreciation and amortization,HRZ,"Three Months Ended April 30, 2024",M_USD,214.0,7244_depreciation_and_amortization_current_ytd,depreciation_and_amortization,depreciation and amortization,HRZ,"Three Months Ended April 30, 2025",M_USD,198.0,,,,,,,,,,,,,,,,,,,,,,,,,,,,,,,,,,,,,,,,,,,,,,,,,,,,,,,,,,,,,,,,,,,,,,,,,,,,,,,,,,,,
874,2,"could you give the average cost of other revenue for NVH from Nine Months Ended October 31, 2024 to Nine Months Ended October 31, 2025?","ratio(sum(6763_cos_other_revenue_prior_year_ytd, 6759_cos_other_revenue_current_ytd), 2.0)","{""op"": ""ratio"", ""left"": {""op"": ""sum"", ""left"": {""leaf"": ""6763_cos_other_revenue_prior_year_ytd"", ""depth"": 0}, ""right"": {""leaf"": ""6759_cos_other_revenue_current_ytd"", ""depth"": 0}, ""depth"": 1}, ""right"": {""literal"": 2.0, ""depth"": 0}, ""depth"": 2}","{""kind"": ""time_agg"", ""op"": ""avg"", ""depth"": 0}",14280.0,3,0,2,546256997,853904422,42,0.53,0,1,2,6763_cos_other_revenue_prior_year_ytd,cos_other_revenue,cost of other revenue,NVH,"Nine Months Ended October 31, 2024",M_USD,14964.0,6759_cos_other_revenue_current_ytd,cos_other_revenue,cost of other revenue,NVH,"Nine Months Ended October 31, 2025",M_USD,13596.0,,,,,,,,,,,,,,,,,,,,,,,,,,,,,,,,,,,,,,,,,,,,,,,,,,,,,,,,,,,,,,,,,,,,,,,,,,,,,,,,,,,,
880,2,"state the average cash and cash equivalents for TXN from December 31, 2024 to April 30, 2025.","ratio(sum(7608_cash_and_cash_equivalents_current_quarter_end, 7609_cash_and_cash_equivalents_prior_fy_end), 2.0)","{""op"": ""ratio"", ""left"": {""op"": ""sum"", ""left"": {""leaf"": ""7608_cash_and_cash_equivalents_current_quarter_end"", ""depth"": 0}, ""right"": {""leaf"": ""7609_cash_and_cash_equivalents_prior_fy_end"", ""depth"": 0}, ""depth"": 1}, ""right"": {""literal"": 2.0, ""depth"": 0}, ""depth"": 2}","{""kind"": ""time_agg"", ""op"": ""avg"", ""depth"": 0}",4946.0,2,0,2,704799478,413086958,42,0.509,0,1,2,7608_cash_and_cash_equivalents_current_quarter_end,cash_and_cash_equivalents,cash and cash equivalents,TXN,"April 30, 2025",M_USD,5065.0,7609_cash_and_cash_equivalents_prior_fy_end,cash_and_cash_equivalents,cash and cash equivalents,TXN,"December 31, 2024",M_USD,4827.0,,,,,,,,,,,,,,,,,,,,,,,,,,,,,,,,,,,,,,,,,,,,,,,,,,,,,,,,,,,,,,,,,,,,,,,,,,,,,,,,,,,,
881,2,"which quantity is given by the average operating income for MRK from Three Months Ended April 30, 2024 to Three Months Ended April 30, 2025 ?","ratio(sum(7061_operating_income_prior_year_quarter, 7060_operating_income_current_quarter), 2.0)","{""op"": ""ratio"", ""left"": {""op"": ""sum"", ""left"": {""leaf"": ""7061_operating_income_prior_year_quarter"", ""depth"": 0}, ""right"": {""leaf"": ""7060_operating_income_current_quarter"", ""depth"": 0}, ""depth"": 1}, ""right"": {""literal"": 2.0, ""depth"": 0}, ""depth"": 2}","{""kind"": ""time_agg"", ""op"": ""avg"", ""depth"": 0}",4253.5,4,0,2,797537429,200205824,42,0.357,0,1,2,7061_operating_income_prior_year_quarter,operating_income,operating income,MRK,"Three Months Ended April 30, 2024",M_USD,4582.0,7060_operating_income_current_quarter,operating_income,operating income,MRK,"Three Months Ended April 30, 2025",M_USD,3925.0,,,,,,,,,,,,,,,,,,,,,,,,,,,,,,,,,,,,,,,,,,,,,,,,,,,,,,,,,,,,,,,,,,,,,,,,,,,,,,,,,,,,
883,2,"calculate the average goodwill for CLR from December 31, 2024 to October 31, 2025","ratio(sum(197_goodwill_prior_fy_end, 196_goodwill_current_quarter_end), 2.0)","{""op"": ""ratio"", ""left"": {""op"": ""sum"", ""left"": {""leaf"": ""197_goodwill_prior_fy_end"", ""depth"": 0}, ""right"": {""leaf"": ""196_goodwill_current_quarter_end"", ""depth"": 0}, ""depth"": 1}, ""right"": {""literal"": 2.0, ""depth"": 0}, ""depth"": 2}","{""kind"": ""time_agg"", ""op"": ""avg"", ""depth"": 0}",3708.0,2,0,2,758692651,339830691,42,0.564,0,1,2,197_goodwill_prior_fy_end,goodwill,goodwill,CLR,"December 31, 2024",M_USD,3629.0,196_goodwill_current_quarter_end,goodwill,goodwill,CLR,"October 31, 2025",M_USD,3787.0,,,,,,,,,,,,,,,,,,,,,,,,,,,,,,,,,,,,,,,,,,,,,,,,,,,,,,,,,,,,,,,,,,,,,,,,,,,,,,,,,,,,
885,2,"which value corresponds to the average total non current liabilities for IND from December 31, 2024 to April 30, 2025","ratio(sum(1154_total_non_current_liabilities_current_quarter_end, 1155_total_non_current_liabilities_prior_fy_end), 2.0)","{""op"": ""ratio"", ""left"": {""op"": ""sum"", ""left"": {""leaf"": ""1154_total_non_current_liabilities_current_quarter_end"", ""depth"": 0}, ""right"": {""leaf"": ""1155_total_non_current_liabilities_prior_fy_end"", ""depth"": 0}, ""depth"": 1}, ""right"": {""literal"": 2.0, ""depth"": 0}, ""depth"": 2}","{""kind"": ""time_agg"", ""op"": ""avg"", ""depth"": 0}",6436.0,3,0,2,127827229,911838516,42,0.515,0,1,2,1154_total_non_current_liabilities_current_quarter_end,total_non_current_liabilities,total non current liabilities,IND,"April 30, 2025",M_USD,6218.0,1155_total_non_current_liabilities_prior_fy_end,total_non_current_liabilities,total non current liabilities,IND,"December 31, 2024",M_USD,6654.0,,,,,,,,,,,,,,,,,,,,,,,,,,,,,,,,,,,,,,,,,,,,,,,,,,,,,,,,,,,,,,,,,,,,,,,,,,,,,,,,,,,,
886,2,"State the average shares used diluted for TXN from Three Months Ended April 30, 2024 to Three Months Ended April 30, 2025","ratio(sum(7697_shares_used_diluted_prior_year_quarter, 7696_shares_used_diluted_current_quarter), 2.0)","{""op"": ""ratio"", ""left"": {""op"": ""sum"", ""left"": {""leaf"": ""7697_shares_used_diluted_prior_year_quarter"", ""depth"": 0}, ""right"": {""leaf"": ""7696_shares_used_diluted_current_quarter"", ""depth"": 0}, ""depth"": 1}, ""right"": {""literal"": 2.0, ""depth"": 0}, ""depth"": 2}","{""kind"": ""time_agg"", ""op"": ""avg"", ""depth"": 0}",2693648.0,5,0,2,380934242,619637350,42,0.53,0,1,2,7697_shares_used_diluted_prior_year_quarter,shares_used_diluted,shares used diluted,TXN,"Three Months Ended April 30, 2024",M_shares,2672296.0,7696_shares_used_diluted_current_quarter,shares_used_diluted,shares used diluted,TXN,"Three Months Ended April 30, 2025",M_shares,2715000.0,,,,,,,,,,,,,,,,,,,,,,,,,,,,,,,,,,,,,,,,,,,,,,,,,,,,,,,,,,,,,,,,,,,,,,,,,,,,,,,,,,,,
893,2,"What's the value of the sum of free cash flow for CLD in Three Months Ended April 30, 2025 and minimum of depreciation and amortization for CLD from Three Months Ended April 30, 2024 to Three Months Ended April 30, 2025 ?","sum(free_cash_flow, min(3209_depreciation_and_amortization_prior_ytd, 3208_depreciation_and_amortization_current_ytd))","{""op"": ""sum"", ""left"": {""derived"": ""free_cash_flow"", ""expanded"": {""op"": ""sum"", ""left"": {""leaf"": ""3204_net_cash_from_operating_current_ytd"", ""depth"": 0}, ""right"": {""leaf"": ""3206_capital_expenditures_current_ytd"", ""depth"": 0}, ""depth"": 1}, ""depth"": 1}, ""right"": {""op"": ""min"", ""left"": {""leaf"": ""3209_depreciation_and_amortization_prior_ytd"", ""depth"": 0}, ""right"": {""leaf"": ""3208_depreciation_and_amortization_current_ytd"", ""depth"": 0}, ""depth"": 1}, ""depth"": 2}","{""op"": ""sum"", ""left"": {""kind"": ""derived_concept"", ""name"": ""free_cash_flow"", ""depth"": 0}, ""right"": {""kind"": ""time_agg"", ""op"": ""min"", ""depth"": 0}, ""depth"": 1, ""kind"": ""node""}",2526.0,5,1,2,983141426,860940377,42,0.33,1,2,4,3204_net_cash_from_operating_current_ytd,net_cash_from_operating,net cash from operating,CLD,"Three Months Ended April 30, 2025",M_USD,2186.0,3206_capital_expenditures_current_ytd,capital_expenditures,capital expenditures,CLD,"Three Months Ended April 30, 2025",M_USD,-634.0,3209_depreciation_and_amortization_prior_ytd,depreciation_and_amortization,depreciation and amortization,CLD,"Three Months Ended April 30, 2024",M_USD,974.0,3208_depreciation_and_amortization_current_ytd,depreciation_and_amortization,depreciation and amortization,CLD,"Three Months Ended April 30, 2025",M_USD,1009.0,,,,,,,,,,,,,,,,,,,,,,,,,,,,,,,,,,,,,,,,,,,,,,,,,,,,,,,,,,,,,,,,,,,,,,
903,2,"what is the average gross profit for BLD from Six Months Ended July 31, 2024 to Six Months Ended July 31, 2025?","ratio(sum(2649_gross_profit_prior_year_ytd, 2648_gross_profit_current_ytd), 2.0)","{""op"": ""ratio"", ""left"": {""op"": ""sum"", ""left"": {""leaf"": ""2649_gross_profit_prior_year_ytd"", ""depth"": 0}, ""right"": {""leaf"": ""2648_gross_profit_current_ytd"", ""depth"": 0}, ""depth"": 1}, ""right"": {""literal"": 2.0, ""depth"": 0}, ""depth"": 2}","{""kind"": ""time_agg"", ""op"": ""avg"", ""depth"": 0}",3623.0,2,0,2,127293861,832714706,42,0.514,0,1,2,2649_gross_profit_prior_year_ytd,gross_profit,gross profit,BLD,"Six Months Ended July 31, 2024",M_USD,3812.0,2648_gross_profit_current_ytd,gross_profit,gross profit,BLD,"Six Months Ended July 31, 2025",M_USD,3434.0,,,,,,,,,,,,,,,,,,,,,,,,,,,,,,,,,,,,,,,,,,,,,,,,,,,,,,,,,,,,,,,,,,,,,,,,,,,,,,,,,,,,
906,2,"May you calculate the average stock based compensation for PLX from Nine Months Ended July 31, 2025 to Nine Months Ended July 31, 2026 ?","ratio(sum(4307_stock_based_compensation_prior_ytd, 4306_stock_based_compensation_current_ytd), 2.0)","{""op"": ""ratio"", ""left"": {""op"": ""sum"", ""left"": {""leaf"": ""4307_stock_based_compensation_prior_ytd"", ""depth"": 0}, ""right"": {""leaf"": ""4306_stock_based_compensation_current_ytd"", ""depth"": 0}, ""depth"": 1}, ""right"": {""literal"": 2.0, ""depth"": 0}, ""depth"": 2}","{""kind"": ""time_agg"", ""op"": ""avg"", ""depth"": 0}",379.5,2,0,2,401645133,372180532,42,0.176,0,1,2,4307_stock_based_compensation_prior_ytd,stock_based_compensation,stock based compensation,PLX,"Nine Months Ended July 31, 2025",M_USD,377.0,4306_stock_based_compensation_current_ytd,stock_based_compensation,stock based compensation,PLX,"Nine Months Ended July 31, 2026",M_USD,382.0,,,,,,,,,,,,,,,,,,,,,,,,,,,,,,,,,,,,,,,,,,,,,,,,,,,,,,,,,,,,,,,,,,,,,,,,,,,,,,,,,,,,
910,2,"What do we obtain as the average shares used basic for FIN from Three Months Ended April 30, 2024 to Three Months Ended April 30, 2025?","ratio(sum(4189_shares_used_basic_prior_year_quarter, 4188_shares_used_basic_current_quarter), 2.0)","{""op"": ""ratio"", ""left"": {""op"": ""sum"", ""left"": {""leaf"": ""4189_shares_used_basic_prior_year_quarter"", ""depth"": 0}, ""right"": {""leaf"": ""4188_shares_used_basic_current_quarter"", ""depth"": 0}, ""depth"": 1}, ""right"": {""literal"": 2.0, ""depth"": 0}, ""depth"": 2}","{""kind"": ""time_agg"", ""op"": ""avg"", ""depth"": 0}",7498384.5,3,0,2,330857714,575582322,42,0.486,0,1,2,4189_shares_used_basic_prior_year_quarter,shares_used_basic,shares used basic,FIN,"Three Months Ended April 30, 2024",M_shares,7356769.0,4188_shares_used_basic_current_quarter,shares_used_basic,shares used basic,FIN,"Three Months Ended April 30, 2025",M_shares,7640000.0,,,,,,,,,,,,,,,,,,,,,,,,,,,,,,,,,,,,,,,,,,,,,,,,,,,,,,,,,,,,,,,,,,,,,,,,,,,,,,,,,,,,
915,2,"Calculate the average Royalties and other for ZNX from Three Months Ended July 31, 2024 to Three Months Ended July 31, 2025.","ratio(sum(6401_royalties_and_other_prior_year_quarter, 6397_royalties_and_other_current_quarter), 2.0)","{""op"": ""ratio"", ""left"": {""op"": ""sum"", ""left"": {""leaf"": ""6401_royalties_and_other_prior_year_quarter"", ""depth"": 0}, ""right"": {""leaf"": ""6397_royalties_and_other_current_quarter"", ""depth"": 0}, ""depth"": 1}, ""right"": {""literal"": 2.0, ""depth"": 0}, ""depth"": 2}","{""kind"": ""time_agg"", ""op"": ""avg"", ""depth"": 0}",9893.0,5,0,2,962515765,91083685,42,0.24,0,1,2,6401_royalties_and_other_prior_year_quarter,royalties_and_other,Royalties and other,ZNX,"Three Months Ended July 31, 2024",M_USD,9994.0,6397_royalties_and_other_current_quarter,royalties_and_other,Royalties and other,ZNX,"Three Months Ended July 31, 2025",M_USD,9792.0,,,,,,,,,,,,,,,,,,,,,,,,,,,,,,,,,,,,,,,,,,,,,,,,,,,,,,,,,,,,,,,,,,,,,,,,,,,,,,,,,,,,
926,2,"Whats the value of the average deferred revenue current for CRF from December 31, 2024 to October 31, 2025?","ratio(sum(1757_deferred_revenue_current_prior_fy_end, 1756_deferred_revenue_current_current_quarter_end), 2.0)","{""op"": ""ratio"", ""left"": {""op"": ""sum"", ""left"": {""leaf"": ""1757_deferred_revenue_current_prior_fy_end"", ""depth"": 0}, ""right"": {""leaf"": ""1756_deferred_revenue_current_current_quarter_end"", ""depth"": 0}, ""depth"": 1}, ""right"": {""literal"": 2.0, ""depth"": 0}, ""depth"": 2}","{""kind"": ""time_agg"", ""op"": ""avg"", ""depth"": 0}",726.0,4,0,2,213153403,984522207,42,0.377,0,1,2,1757_deferred_revenue_current_prior_fy_end,deferred_revenue_current,deferred revenue current,CRF,"December 31, 2024",M_USD,735.0,1756_deferred_revenue_current_current_quarter_end,deferred_revenue_current,deferred revenue current,CRF,"October 31, 2025",M_USD,717.0,,,,,,,,,,,,,,,,,,,,,,,,,,,,,,,,,,,,,,,,,,,,,,,,,,,,,,,,,,,,,,,,,,,,,,,,,,,,,,,,,,,,
927,2,"determine the income before taxes for WNG in Three Months Ended April 30, 2025 .",income_before_taxes,"{""derived"": ""income_before_taxes"", ""expanded"": {""op"": ""sum"", ""left"": {""derived"": ""operating_income"", ""expanded"": {""op"": ""diff"", ""left"": {""leaf"": ""7458_total_revenues_current_quarter"", ""depth"": 0}, ""right"": {""leaf"": ""7466_total_costs_and_expenses_current_quarter"", ""depth"": 0}, ""depth"": 1}, ""depth"": 1}, ""right"": {""leaf"": ""7470_other_income_expense_net_current_quarter"", ""depth"": 0}, ""depth"": 2}, ""depth"": 2}","{""kind"": ""derived_concept"", ""name"": ""income_before_taxes"", ""depth"": 0}",2057.0,5,0,2,831401846,584935328,42,0.207,0,1,3,7458_total_revenues_current_quarter,total_revenues,total revenues,WNG,"Three Months Ended April 30, 2025",M_USD,13053.0,7466_total_costs_and_expenses_current_quarter,total_costs_and_expenses,total costs and expenses,WNG,"Three Months Ended April 30, 2025",M_USD,10537.0,7470_other_income_expense_net_current_quarter,other_income_expense_net,other income expense net,WNG,"Three Months Ended April 30, 2025",M_USD,-459.0,,,,,,,,,,,,,,,,,,,,,,,,,,,,,,,,,,,,,,,,,,,,,,,,,,,,,,,,,,,,,,,,,,,,,,,,,,,,,
933,2,"what is the value of the income before taxes for CAP in Nine Months Ended October 31, 2024",income_before_taxes,"{""derived"": ""income_before_taxes"", ""expanded"": {""op"": ""sum"", ""left"": {""derived"": ""operating_income"", ""expanded"": {""op"": ""diff"", ""left"": {""leaf"": ""5653_total_revenues_prior_year_ytd"", ""depth"": 0}, ""right"": {""leaf"": ""5669_total_costs_and_expenses_prior_year_ytd"", ""depth"": 0}, ""depth"": 1}, ""depth"": 1}, ""right"": {""leaf"": ""5677_other_income_expense_net_prior_year_ytd"", ""depth"": 0}, ""depth"": 2}, ""depth"": 2}","{""kind"": ""derived_concept"", ""name"": ""income_before_taxes"", ""depth"": 0}",14451.0,3,0,2,803949413,763553623,42,0.246,0,1,3,5653_total_revenues_prior_year_ytd,total_revenues,total revenues,CAP,"Nine Months Ended October 31, 2024",M_USD,70170.0,5669_total_costs_and_expenses_prior_year_ytd,total_costs_and_expenses,total costs and expenses,CAP,"Nine Months Ended October 31, 2024",M_USD,54762.0,5677_other_income_expense_net_prior_year_ytd,other_income_expense_net,other income expense net,CAP,"Nine Months Ended October 31, 2024",M_USD,-957.0,,,,,,,,,,,,,,,,,,,,,,,,,,,,,,,,,,,,,,,,,,,,,,,,,,,,,,,,,,,,,,,,,,,,,,,,,,,,,
937,2,"What would be the average total costs and expenses for FAB from Six Months Ended July 31, 2024 to Six Months Ended July 31, 2025?","ratio(sum(3817_total_costs_and_expenses_prior_year_ytd, 3816_total_costs_and_expenses_current_ytd), 2.0)","{""op"": ""ratio"", ""left"": {""op"": ""sum"", ""left"": {""leaf"": ""3817_total_costs_and_expenses_prior_year_ytd"", ""depth"": 0}, ""right"": {""leaf"": ""3816_total_costs_and_expenses_current_ytd"", ""depth"": 0}, ""depth"": 1}, ""right"": {""literal"": 2.0, ""depth"": 0}, ""depth"": 2}","{""kind"": ""time_agg"", ""op"": ""avg"", ""depth"": 0}",49794.0,4,0,2,691409001,197701160,42,0.236,0,1,2,3817_total_costs_and_expenses_prior_year_ytd,total_costs_and_expenses,total costs and expenses,FAB,"Six Months Ended July 31, 2024",M_USD,52878.0,3816_total_costs_and_expenses_current_ytd,total_costs_and_expenses,total costs and expenses,FAB,"Six Months Ended July 31, 2025",M_USD,46710.0,,,,,,,,,,,,,,,,,,,,,,,,,,,,,,,,,,,,,,,,,,,,,,,,,,,,,,,,,,,,,,,,,,,,,,,,,,,,,,,,,,,,
938,2,"evaluate the average short term investments for JTX from December 31, 2024 to April 30, 2025.","ratio(sum(3978_short_term_investments_current_quarter_end, 3979_short_term_investments_prior_fy_end), 2.0)","{""op"": ""ratio"", ""left"": {""op"": ""sum"", ""left"": {""leaf"": ""3978_short_term_investments_current_quarter_end"", ""depth"": 0}, ""right"": {""leaf"": ""3979_short_term_investments_prior_fy_end"", ""depth"": 0}, ""depth"": 1}, ""right"": {""literal"": 2.0, ""depth"": 0}, ""depth"": 2}","{""kind"": ""time_agg"", ""op"": ""avg"", ""depth"": 0}",2229.5,3,0,2,993077149,231526104,42,0.265,0,1,2,3978_short_term_investments_current_quarter_end,short_term_investments,short term investments,JTX,"April 30, 2025",M_USD,2233.0,3979_short_term_investments_prior_fy_end,short_term_investments,short term investments,JTX,"December 31, 2024",M_USD,2226.0,,,,,,,,,,,,,,,,,,,,,,,,,,,,,,,,,,,,,,,,,,,,,,,,,,,,,,,,,,,,,,,,,,,,,,,,,,,,,,,,,,,,
939,2,"Determine the sum of free cash flow for VTL in Three Months Ended April 30, 2024 and maximum of opening cash and equivalents for VTL from Three Months Ended April 30, 2024 to Three Months Ended April 30, 2025","sum(free_cash_flow, max(109_opening_cash_and_equivalents_prior_ytd, 108_opening_cash_and_equivalents_current_ytd))","{""op"": ""sum"", ""left"": {""derived"": ""free_cash_flow"", ""expanded"": {""op"": ""sum"", ""left"": {""leaf"": ""71_net_cash_from_operating_prior_ytd"", ""depth"": 0}, ""right"": {""leaf"": ""73_capital_expenditures_prior_ytd"", ""depth"": 0}, ""depth"": 1}, ""depth"": 1}, ""right"": {""op"": ""max"", ""left"": {""leaf"": ""109_opening_cash_and_equivalents_prior_ytd"", ""depth"": 0}, ""right"": {""leaf"": ""108_opening_cash_and_equivalents_current_ytd"", ""depth"": 0}, ""depth"": 1}, ""depth"": 2}","{""op"": ""sum"", ""left"": {""kind"": ""derived_concept"", ""name"": ""free_cash_flow"", ""depth"": 0}, ""right"": {""kind"": ""time_agg"", ""op"": ""max"", ""depth"": 0}, ""depth"": 1, ""kind"": ""node""}",454.0,4,1,2,686297242,225093233,42,0.408,1,2,4,71_net_cash_from_operating_prior_ytd,net_cash_from_operating,net cash from operating,VTL,"Three Months Ended April 30, 2024",M_USD,438.0,73_capital_expenditures_prior_ytd,capital_expenditures,capital expenditures,VTL,"Three Months Ended April 30, 2024",M_USD,-78.0,109_opening_cash_and_equivalents_prior_ytd,opening_cash_and_equivalents,opening cash and equivalents,VTL,"Three Months Ended April 30, 2024",M_USD,93.0,108_opening_cash_and_equivalents_current_ytd,opening_cash_and_equivalents,opening cash and equivalents,VTL,"Three Months Ended April 30, 2025",M_USD,94.0,,,,,,,,,,,,,,,,,,,,,,,,,,,,,,,,,,,,,,,,,,,,,,,,,,,,,,,,,,,,,,,,,,,,,,
940,2,"What would be the average Subscription revenue for DTA from Three Months Ended April 30, 2024 to Three Months Ended April 30, 2025 ?","ratio(sum(4510_subscription_revenue_prior_year_quarter, 4506_subscription_revenue_current_quarter), 2.0)","{""op"": ""ratio"", ""left"": {""op"": ""sum"", ""left"": {""leaf"": ""4510_subscription_revenue_prior_year_quarter"", ""depth"": 0}, ""right"": {""leaf"": ""4506_subscription_revenue_current_quarter"", ""depth"": 0}, ""depth"": 1}, ""right"": {""literal"": 2.0, ""depth"": 0}, ""depth"": 2}","{""kind"": ""time_agg"", ""op"": ""avg"", ""depth"": 0}",13906.0,3,0,2,39154037,138211573,42,0.5,0,1,2,4510_subscription_revenue_prior_year_quarter,subscription_revenue,Subscription revenue,DTA,"Three Months Ended April 30, 2024",M_USD,13683.0,4506_subscription_revenue_current_quarter,subscription_revenue,Subscription revenue,DTA,"Three Months Ended April 30, 2025",M_USD,14129.0,,,,,,,,,,,,,,,,,,,,,,,,,,,,,,,,,,,,,,,,,,,,,,,,,,,,,,,,,,,,,,,,,,,,,,,,,,,,,,,,,,,,
943,2,"Determine the average accounts receivable net for ZNX from December 31, 2024 to July 31, 2025","ratio(sum(6289_accounts_receivable_net_prior_fy_end, 6288_accounts_receivable_net_current_quarter_end), 2.0)","{""op"": ""ratio"", ""left"": {""op"": ""sum"", ""left"": {""leaf"": ""6289_accounts_receivable_net_prior_fy_end"", ""depth"": 0}, ""right"": {""leaf"": ""6288_accounts_receivable_net_current_quarter_end"", ""depth"": 0}, ""depth"": 1}, ""right"": {""literal"": 2.0, ""depth"": 0}, ""depth"": 2}","{""kind"": ""time_agg"", ""op"": ""avg"", ""depth"": 0}",2088.0,5,0,2,720061658,646858949,42,0.263,0,1,2,6289_accounts_receivable_net_prior_fy_end,accounts_receivable_net,accounts receivable net,ZNX,"December 31, 2024",M_USD,1945.0,6288_accounts_receivable_net_current_quarter_end,accounts_receivable_net,accounts receivable net,ZNX,"July 31, 2025",M_USD,2231.0,,,,,,,,,,,,,,,,,,,,,,,,,,,,,,,,,,,,,,,,,,,,,,,,,,,,,,,,,,,,,,,,,,,,,,,,,,,,,,,,,,,,
946,2,"What's the value of the average operating income for CIV from Nine Months Ended October 31, 2024 to Nine Months Ended October 31, 2025","ratio(sum(2825_operating_income_prior_year_ytd, 2824_operating_income_current_ytd), 2.0)","{""op"": ""ratio"", ""left"": {""op"": ""sum"", ""left"": {""leaf"": ""2825_operating_income_prior_year_ytd"", ""depth"": 0}, ""right"": {""leaf"": ""2824_operating_income_current_ytd"", ""depth"": 0}, ""depth"": 1}, ""right"": {""literal"": 2.0, ""depth"": 0}, ""depth"": 2}","{""kind"": ""time_agg"", ""op"": ""avg"", ""depth"": 0}",904.5,4,0,2,570075909,553939706,42,0.375,0,1,2,2825_operating_income_prior_year_ytd,operating_income,operating income,CIV,"Nine Months Ended October 31, 2024",M_USD,882.0,2824_operating_income_current_ytd,operating_income,operating income,CIV,"Nine Months Ended October 31, 2025",M_USD,927.0,,,,,,,,,,,,,,,,,,,,,,,,,,,,,,,,,,,,,,,,,,,,,,,,,,,,,,,,,,,,,,,,,,,,,,,,,,,,,,,,,,,,
952,2,"what would be the average provision for income taxes for DTA from Three Months Ended April 30, 2024 to Three Months Ended April 30, 2025?","ratio(sum(4399_provision_for_income_taxes_prior_year_quarter, 4398_provision_for_income_taxes_current_quarter), 2.0)","{""op"": ""ratio"", ""left"": {""op"": ""sum"", ""left"": {""leaf"": ""4399_provision_for_income_taxes_prior_year_quarter"", ""depth"": 0}, ""right"": {""leaf"": ""4398_provision_for_income_taxes_current_quarter"", ""depth"": 0}, ""depth"": 1}, ""right"": {""literal"": 2.0, ""depth"": 0}, ""depth"": 2}","{""kind"": ""time_agg"", ""op"": ""avg"", ""depth"": 0}",575.0,1,0,2,184005103,390403185,42,0.512,0,1,2,4399_provision_for_income_taxes_prior_year_quarter,provision_for_income_taxes,provision for income taxes,DTA,"Three Months Ended April 30, 2024",M_USD,566.0,4398_provision_for_income_taxes_current_quarter,provision_for_income_taxes,provision for income taxes,DTA,"Three Months Ended April 30, 2025",M_USD,584.0,,,,,,,,,,,,,,,,,,,,,,,,,,,,,,,,,,,,,,,,,,,,,,,,,,,,,,,,,,,,,,,,,,,,,,,,,,,,,,,,,,,,
957,2,"What is the average total non current liabilities for AST from December 31, 2024 to July 31, 2025?","ratio(sum(4893_total_non_current_liabilities_prior_fy_end, 4892_total_non_current_liabilities_current_quarter_end), 2.0)","{""op"": ""ratio"", ""left"": {""op"": ""sum"", ""left"": {""leaf"": ""4893_total_non_current_liabilities_prior_fy_end"", ""depth"": 0}, ""right"": {""leaf"": ""4892_total_non_current_liabilities_current_quarter_end"", ""depth"": 0}, ""depth"": 1}, ""right"": {""literal"": 2.0, ""depth"": 0}, ""depth"": 2}","{""kind"": ""time_agg"", ""op"": ""avg"", ""depth"": 0}",12538.5,2,0,2,862211575,251497565,42,0.347,0,1,2,4893_total_non_current_liabilities_prior_fy_end,total_non_current_liabilities,total non current liabilities,AST,"December 31, 2024",M_USD,12499.0,4892_total_non_current_liabilities_current_quarter_end,total_non_current_liabilities,total non current liabilities,AST,"July 31, 2025",M_USD,12578.0,,,,,,,,,,,,,,,,,,,,,,,,,,,,,,,,,,,,,,,,,,,,,,,,,,,,,,,,,,,,,,,,,,,,,,,,,,,,,,,,,,,,
963,2,"What is the value of the average long term debt for CAP from December 31, 2024 to October 31, 2025","ratio(sum(5729_long_term_debt_prior_fy_end, 5728_long_term_debt_current_quarter_end), 2.0)","{""op"": ""ratio"", ""left"": {""op"": ""sum"", ""left"": {""leaf"": ""5729_long_term_debt_prior_fy_end"", ""depth"": 0}, ""right"": {""leaf"": ""5728_long_term_debt_current_quarter_end"", ""depth"": 0}, ""depth"": 1}, ""right"": {""literal"": 2.0, ""depth"": 0}, ""depth"": 2}","{""kind"": ""time_agg"", ""op"": ""avg"", ""depth"": 0}",10641.5,1,0,2,197473840,228775084,42,0.585,0,1,2,5729_long_term_debt_prior_fy_end,long_term_debt,long term debt,CAP,"December 31, 2024",M_USD,10650.0,5728_long_term_debt_current_quarter_end,long_term_debt,long term debt,CAP,"October 31, 2025",M_USD,10633.0,,,,,,,,,,,,,,,,,,,,,,,,,,,,,,,,,,,,,,,,,,,,,,,,,,,,,,,,,,,,,,,,,,,,,,,,,,,,,,,,,,,,
966,2,"May you give the average long term marketable securities for PRD from December 31, 2024 to October 31, 2025","ratio(sum(1903_long_term_marketable_securities_prior_fy_end, 1902_long_term_marketable_securities_current_quarter_end), 2.0)","{""op"": ""ratio"", ""left"": {""op"": ""sum"", ""left"": {""leaf"": ""1903_long_term_marketable_securities_prior_fy_end"", ""depth"": 0}, ""right"": {""leaf"": ""1902_long_term_marketable_securities_current_quarter_end"", ""depth"": 0}, ""depth"": 1}, ""right"": {""literal"": 2.0, ""depth"": 0}, ""depth"": 2}","{""kind"": ""time_agg"", ""op"": ""avg"", ""depth"": 0}",4104.5,2,0,2,969829082,218053796,42,0.225,0,1,2,1903_long_term_marketable_securities_prior_fy_end,long_term_marketable_securities,long term marketable securities,PRD,"December 31, 2024",M_USD,3897.0,1902_long_term_marketable_securities_current_quarter_end,long_term_marketable_securities,long term marketable securities,PRD,"October 31, 2025",M_USD,4312.0,,,,,,,,,,,,,,,,,,,,,,,,,,,,,,,,,,,,,,,,,,,,,,,,,,,,,,,,,,,,,,,,,,,,,,,,,,,,,,,,,,,,
981,2,"Calculate the sum of net cash from financing for CAP in Nine Months Ended October 31, 2024 and minimum of current portion of long term debt for CAP from December 31, 2024 to October 31, 2025","sum(5755_net_cash_from_financing_prior_ytd, min(5725_current_portion_of_long_term_debt_prior_fy_end, 5724_current_portion_of_long_term_debt_current_quarter_end))","{""op"": ""sum"", ""left"": {""leaf"": ""5755_net_cash_from_financing_prior_ytd"", ""depth"": 0}, ""right"": {""op"": ""min"", ""left"": {""leaf"": ""5725_current_portion_of_long_term_debt_prior_fy_end"", ""depth"": 0}, ""right"": {""leaf"": ""5724_current_portion_of_long_term_debt_current_quarter_end"", ""depth"": 0}, ""depth"": 1}, ""depth"": 2}","{""op"": ""sum"", ""left"": {""kind"": ""leaf"", ""semantic_type_in"": [""amount""], ""depth"": 0}, ""right"": {""kind"": ""time_agg"", ""op"": ""min"", ""depth"": 0}, ""depth"": 1, ""kind"": ""node""}",-1312.0,4,1,2,422635002,340349005,42,0.186,1,2,3,5755_net_cash_from_financing_prior_ytd,net_cash_from_financing,net cash from financing,CAP,"Nine Months Ended October 31, 2024",M_USD,-2650.0,5725_current_portion_of_long_term_debt_prior_fy_end,current_portion_of_long_term_debt,current portion of long term debt,CAP,"December 31, 2024",M_USD,1340.0,5724_current_portion_of_long_term_debt_current_quarter_end,current_portion_of_long_term_debt,current portion of long term debt,CAP,"October 31, 2025",M_USD,1338.0,,,,,,,,,,,,,,,,,,,,,,,,,,,,,,,,,,,,,,,,,,,,,,,,,,,,,,,,,,,,,,,,,,,,,,,,,,,,,
995,2,"what is the value of the average comprehensive income for BRX from Three Months Ended July 31, 2024 to Three Months Ended July 31, 2025?","ratio(sum(625_comprehensive_income_prior_year_quarter, 624_comprehensive_income_current_quarter), 2.0)","{""op"": ""ratio"", ""left"": {""op"": ""sum"", ""left"": {""leaf"": ""625_comprehensive_income_prior_year_quarter"", ""depth"": 0}, ""right"": {""leaf"": ""624_comprehensive_income_current_quarter"", ""depth"": 0}, ""depth"": 1}, ""right"": {""literal"": 2.0, ""depth"": 0}, ""depth"": 2}","{""kind"": ""time_agg"", ""op"": ""avg"", ""depth"": 0}",11989.5,5,0,2,572732751,904788288,42,0.578,0,1,2,625_comprehensive_income_prior_year_quarter,comprehensive_income,comprehensive income,BRX,"Three Months Ended July 31, 2024",M_USD,12054.0,624_comprehensive_income_current_quarter,comprehensive_income,comprehensive income,BRX,"Three Months Ended July 31, 2025",M_USD,11925.0,,,,,,,,,,,,,,,,,,,,,,,,,,,,,,,,,,,,,,,,,,,,,,,,,,,,,,,,,,,,,,,,,,,,,,,,,,,,,,,,,,,,
