question_id,depth,question,expression,expression_json,template_expression,answer,template_depth_requested,template_actual_depth,bound_expression_depth,tree_seed,binding_seed,master_seed,derived_prob,template_internal_nodes,template_leaf_slots,bound_leaf_count,leaf_1_key,leaf_1_concept,leaf_1_label,leaf_1_entity,leaf_1_period,leaf_1_unit,leaf_1_value,leaf_2_key,leaf_2_concept,leaf_2_label,leaf_2_entity,leaf_2_period,leaf_2_unit,leaf_2_value,leaf_3_key,leaf_3_concept,leaf_3_label,leaf_3_entity,leaf_3_period,leaf_3_unit,leaf_3_value,leaf_4_key,leaf_4_concept,leaf_4_label,leaf_4_entity,leaf_4_period,leaf_4_unit,leaf_4_value,leaf_5_key,leaf_5_concept,leaf_5_label,leaf_5_entity,leaf_5_period,leaf_5_unit,leaf_5_value,leaf_6_key,leaf_6_concept,leaf_6_label,leaf_6_entity,leaf_6_period,leaf_6_unit,leaf_6_value,leaf_7_key,leaf_7_concept,leaf_7_label,leaf_7_entity,leaf_7_period,leaf_7_unit,leaf_7_value,leaf_8_key,leaf_8_concept,leaf_8_label,leaf_8_entity,leaf_8_period,leaf_8_unit,leaf_8_value,leaf_9_key,leaf_9_concept,leaf_9_label,leaf_9_entity,leaf_9_period,leaf_9_unit,leaf_9_value,leaf_10_key,leaf_10_concept,leaf_10_label,leaf_10_entity,leaf_10_period,leaf_10_unit,leaf_10_value,leaf_11_key,leaf_11_concept,leaf_11_label,leaf_11_entity,leaf_11_period,leaf_11_unit,leaf_11_value,leaf_12_key,leaf_12_concept,leaf_12_label,leaf_12_entity,leaf_12_period,leaf_12_unit,leaf_12_value,leaf_13_key,leaf_13_concept,leaf_13_label,leaf_13_entity,leaf_13_period,leaf_13_unit,leaf_13_value,leaf_14_key,leaf_14_concept,leaf_14_label,leaf_14_entity,leaf_14_period,leaf_14_unit,leaf_14_value
10,3,"you should calculate the total current liabilities for CRZ in October 31, 2025",total_current_liabilities,"{""derived"": ""total_current_liabilities"", ""expanded"": {""op"": ""sum"", ""left"": {""op"": ""sum"", ""left"": {""op"": ""sum"", ""left"": {""leaf"": ""5042_accounts_payable_current_quarter_end"", ""depth"": 0}, ""right"": {""leaf"": ""5044_deferred_revenue_current_current_quarter_end"", ""depth"": 0}, ""depth"": 1}, ""right"": {""leaf"": ""5046_accrued_expenses_and_other_current_quarter_end"", ""depth"": 0}, ""depth"": 2}, ""right"": {""leaf"": ""5048_current_portion_of_long_term_debt_current_quarter_end"", ""depth"": 0}, ""depth"": 3}, ""depth"": 3}","{""kind"": ""derived_concept"", ""name"": ""total_current_liabilities"", ""depth"": 0}",3672.0,3,0,3,250636897,992041933,42,0.494,0,1,4,5042_accounts_payable_current_quarter_end,accounts_payable,accounts payable,CRZ,"October 31, 2025",M_USD,1921.0,5044_deferred_revenue_current_current_quarter_end,deferred_revenue_current,deferred revenue current,CRZ,"October 31, 2025",M_USD,460.0,5046_accrued_expenses_and_other_current_quarter_end,accrued_expenses_and_other,accrued expenses and other,CRZ,"October 31, 2025",M_USD,844.0,5048_current_portion_of_long_term_debt_current_quarter_end,current_portion_of_long_term_debt,current portion of long term debt,CRZ,"October 31, 2025",M_USD,447.0,,,,,,,,,,,,,,,,,,,,,,,,,,,,,,,,,,,,,,,,,,,,,,,,,,,,,,,,,,,,,,,,,,,,,,
30,3,"what's the value of the total current liabilities for CIV in December 31, 2024",total_current_liabilities,"{""derived"": ""total_current_liabilities"", ""expanded"": {""op"": ""sum"", ""left"": {""op"": ""sum"", ""left"": {""op"": ""sum"", ""left"": {""leaf"": ""2871_accounts_payable_prior_fy_end"", ""depth"": 0}, ""right"": {""leaf"": ""2873_deferred_revenue_current_prior_fy_end"", ""depth"": 0}, ""depth"": 1}, ""right"": {""leaf"": ""2875_accrued_expenses_and_other_prior_fy_end"", ""depth"": 0}, ""depth"": 2}, ""right"": {""leaf"": ""2877_current_portion_of_long_term_debt_prior_fy_end"", ""depth"": 0}, ""depth"": 3}, ""depth"": 3}","{""kind"": ""derived_concept"", ""name"": ""total_current_liabilities"", ""depth"": 0}",1521.0,5,0,3,730511568,810395417,42,0.537,0,1,4,2871_accounts_payable_prior_fy_end,accounts_payable,accounts payable,CIV,"December 31, 2024",M_USD,1118.0,2873_deferred_revenue_current_prior_fy_end,deferred_revenue_current,deferred revenue current,CIV,"December 31, 2024",M_USD,88.0,2875_accrued_expenses_and_other_prior_fy_end,accrued_expenses_and_other,accrued expenses and other,CIV,"December 31, 2024",M_USD,163.0,2877_current_portion_of_long_term_debt_prior_fy_end,current_portion_of_long_term_debt,current portion of long term debt,CIV,"December 31, 2024",M_USD,152.0,,,,,,,,,,,,,,,,,,,,,,,,,,,,,,,,,,,,,,,,,,,,,,,,,,,,,,,,,,,,,,,,,,,,,,
36,3,"may you give the total current liabilities for PLZ in December 31, 2024?",total_current_liabilities,"{""derived"": ""total_current_liabilities"", ""expanded"": {""op"": ""sum"", ""left"": {""op"": ""sum"", ""left"": {""op"": ""sum"", ""left"": {""leaf"": ""2075_accounts_payable_prior_fy_end"", ""depth"": 0}, ""right"": {""leaf"": ""2077_deferred_revenue_current_prior_fy_end"", ""depth"": 0}, ""depth"": 1}, ""right"": {""leaf"": ""2079_accrued_expenses_and_other_prior_fy_end"", ""depth"": 0}, ""depth"": 2}, ""right"": {""leaf"": ""2081_current_portion_of_long_term_debt_prior_fy_end"", ""depth"": 0}, ""depth"": 3}, ""depth"": 3}","{""kind"": ""derived_concept"", ""name"": ""total_current_liabilities"", ""depth"": 0}",32392.0,4,0,3,961619489,399960213,42,0.587,0,1,4,2075_accounts_payable_prior_fy_end,accounts_payable,accounts payable,PLZ,"December 31, 2024",M_USD,21700.0,2077_deferred_revenue_current_prior_fy_end,deferred_revenue_current,deferred revenue current,PLZ,"December 31, 2024",M_USD,3728.0,2079_accrued_expenses_and_other_prior_fy_end,accrued_expenses_and_other,accrued expenses and other,PLZ,"December 31, 2024",M_USD,4571.0,2081_current_portion_of_long_term_debt_prior_fy_end,current_portion_of_long_term_debt,current portion of long term debt,PLZ,"December 31, 2024",M_USD,2393.0,,,,,,,,,,,,,,,,,,,,,,,,,,,,,,,,,,,,,,,,,,,,,,,,,,,,,,,,,,,,,,,,,,,,,,
39,3,"Compute the total current liabilities for ZNX in July 31, 2025 .",total_current_liabilities,"{""derived"": ""total_current_liabilities"", ""expanded"": {""op"": ""sum"", ""left"": {""op"": ""sum"", ""left"": {""op"": ""sum"", ""left"": {""leaf"": ""6308_accounts_payable_current_quarter_end"", ""depth"": 0}, ""right"": {""leaf"": ""6310_deferred_revenue_current_current_quarter_end"", ""depth"": 0}, ""depth"": 1}, ""right"": {""leaf"": ""6312_accrued_expenses_and_other_current_quarter_end"", ""depth"": 0}, ""depth"": 2}, ""right"": {""leaf"": ""6314_current_portion_of_long_term_debt_current_quarter_end"", ""depth"": 0}, ""depth"": 3}, ""depth"": 3}","{""kind"": ""derived_concept"", ""name"": ""total_current_liabilities"", ""depth"": 0}",6504.0,2,0,3,584250873,416104074,42,0.286,0,1,4,6308_accounts_payable_current_quarter_end,accounts_payable,accounts payable,ZNX,"July 31, 2025",M_USD,4286.0,6310_deferred_revenue_current_current_quarter_end,deferred_revenue_current,deferred revenue current,ZNX,"July 31, 2025",M_USD,791.0,6312_accrued_expenses_and_other_current_quarter_end,accrued_expenses_and_other,accrued expenses and other,ZNX,"July 31, 2025",M_USD,960.0,6314_current_portion_of_long_term_debt_current_quarter_end,current_portion_of_long_term_debt,current portion of long term debt,ZNX,"July 31, 2025",M_USD,467.0,,,,,,,,,,,,,,,,,,,,,,,,,,,,,,,,,,,,,,,,,,,,,,,,,,,,,,,,,,,,,,,,,,,,,,
68,3,"what is the value of the result of ratio of sum of total assets for BRX in December 31, 2024 and total assets for BRX in July 31, 2025 to 2.0 scaled by growth in long term marketable securities for BRX from December 31, 2024 to July 31, 2025?","mul(ratio(sum(539_total_assets_prior_fy_end, 538_total_assets_current_quarter_end), 2.0), growth(528_long_term_marketable_securities_current_quarter_end, 529_long_term_marketable_securities_prior_fy_end))","{""op"": ""mul"", ""left"": {""op"": ""ratio"", ""left"": {""op"": ""sum"", ""left"": {""leaf"": ""539_total_assets_prior_fy_end"", ""depth"": 0}, ""right"": {""leaf"": ""538_total_assets_current_quarter_end"", ""depth"": 0}, ""depth"": 1}, ""right"": {""literal"": 2.0, ""depth"": 0}, ""depth"": 2}, ""right"": {""op"": ""growth"", ""left"": {""leaf"": ""528_long_term_marketable_securities_current_quarter_end"", ""depth"": 0}, ""right"": {""leaf"": ""529_long_term_marketable_securities_prior_fy_end"", ""depth"": 0}, ""depth"": 1}, ""depth"": 3}","{""op"": ""mul"", ""left"": {""kind"": ""time_agg"", ""op"": ""avg"", ""depth"": 0}, ""right"": {""op"": ""growth"", ""left"": {""kind"": ""leaf"", ""semantic_type_in"": [""amount""], ""depth"": 0}, ""right"": {""kind"": ""leaf"", ""semantic_type_in"": [""amount""], ""depth"": 0}, ""depth"": 1, ""kind"": ""node""}, ""depth"": 2, ""kind"": ""node""}",-1063.9863833783306,3,2,3,242217581,162895422,42,0.549,2,3,4,539_total_assets_prior_fy_end,total_assets,total assets,BRX,"December 31, 2024",M_USD,91174.0,538_total_assets_current_quarter_end,total_assets,total assets,BRX,"July 31, 2025",M_USD,90108.0,528_long_term_marketable_securities_current_quarter_end,long_term_marketable_securities,long term marketable securities,BRX,"July 31, 2025",M_USD,8419.0,529_long_term_marketable_securities_prior_fy_end,long_term_marketable_securities,long term marketable securities,BRX,"December 31, 2024",M_USD,8519.0,,,,,,,,,,,,,,,,,,,,,,,,,,,,,,,,,,,,,,,,,,,,,,,,,,,,,,,,,,,,,,,,,,,,,,
84,3,"may you calculate the net income for PLX in Three Months Ended July 31, 2026 ?",net_income,"{""derived"": ""net_income"", ""expanded"": {""op"": ""diff"", ""left"": {""derived"": ""income_before_taxes"", ""expanded"": {""op"": ""sum"", ""left"": {""derived"": ""operating_income"", ""expanded"": {""op"": ""diff"", ""left"": {""leaf"": ""4206_total_revenues_current_quarter"", ""depth"": 0}, ""right"": {""leaf"": ""4226_total_costs_and_expenses_current_quarter"", ""depth"": 0}, ""depth"": 1}, ""depth"": 1}, ""right"": {""leaf"": ""4234_other_income_expense_net_current_quarter"", ""depth"": 0}, ""depth"": 2}, ""depth"": 2}, ""right"": {""leaf"": ""4238_provision_for_income_taxes_current_quarter"", ""depth"": 0}, ""depth"": 3}, ""depth"": 3}","{""kind"": ""derived_concept"", ""name"": ""net_income"", ""depth"": 0}",7008.0,5,0,3,382810555,761314243,42,0.343,0,1,4,4206_total_revenues_current_quarter,total_revenues,total revenues,PLX,"Three Months Ended July 31, 2026",M_USD,18520.0,4226_total_costs_and_expenses_current_quarter,total_costs_and_expenses,total costs and expenses,PLX,"Three Months Ended July 31, 2026",M_USD,10353.0,4234_other_income_expense_net_current_quarter,other_income_expense_net,other income expense net,PLX,"Three Months Ended July 31, 2026",M_USD,278.0,4238_provision_for_income_taxes_current_quarter,provision_for_income_taxes,provision for income taxes,PLX,"Three Months Ended July 31, 2026",M_USD,1437.0,,,,,,,,,,,,,,,,,,,,,,,,,,,,,,,,,,,,,,,,,,,,,,,,,,,,,,,,,,,,,,,,,,,,,,
107,3,"what is the value of the net income for BRX in Six Months Ended July 31, 2024 ?",net_income,"{""derived"": ""net_income"", ""expanded"": {""op"": ""diff"", ""left"": {""derived"": ""income_before_taxes"", ""expanded"": {""op"": ""sum"", ""left"": {""derived"": ""operating_income"", ""expanded"": {""op"": ""diff"", ""left"": {""leaf"": ""471_total_revenues_prior_year_ytd"", ""depth"": 0}, ""right"": {""leaf"": ""491_total_costs_and_expenses_prior_year_ytd"", ""depth"": 0}, ""depth"": 1}, ""depth"": 1}, ""right"": {""leaf"": ""499_other_income_expense_net_prior_year_ytd"", ""depth"": 0}, ""depth"": 2}, ""depth"": 2}, ""right"": {""leaf"": ""503_provision_for_income_taxes_prior_year_ytd"", ""depth"": 0}, ""depth"": 3}, ""depth"": 3}","{""kind"": ""derived_concept"", ""name"": ""net_income"", ""depth"": 0}",24114.0,5,0,3,614070777,233869257,42,0.448,0,1,4,471_total_revenues_prior_year_ytd,total_revenues,total revenues,BRX,"Six Months Ended July 31, 2024",M_USD,136478.0,491_total_costs_and_expenses_prior_year_ytd,total_costs_and_expenses,total costs and expenses,BRX,"Six Months Ended July 31, 2024",M_USD,104996.0,499_other_income_expense_net_prior_year_ytd,other_income_expense_net,other income expense net,BRX,"Six Months Ended July 31, 2024",M_USD,682.0,503_provision_for_income_taxes_prior_year_ytd,provision_for_income_taxes,provision for income taxes,BRX,"Six Months Ended July 31, 2024",M_USD,8050.0,,,,,,,,,,,,,,,,,,,,,,,,,,,,,,,,,,,,,,,,,,,,,,,,,,,,,,,,,,,,,,,,,,,,,,
113,3,"may you calculate the net income for NVH in Three Months Ended October 31, 2025",net_income,"{""derived"": ""net_income"", ""expanded"": {""op"": ""diff"", ""left"": {""derived"": ""income_before_taxes"", ""expanded"": {""op"": ""sum"", ""left"": {""derived"": ""operating_income"", ""expanded"": {""op"": ""diff"", ""left"": {""leaf"": ""6588_total_revenues_current_quarter"", ""depth"": 0}, ""right"": {""leaf"": ""6608_total_costs_and_expenses_current_quarter"", ""depth"": 0}, ""depth"": 1}, ""depth"": 1}, ""right"": {""leaf"": ""6616_other_income_expense_net_current_quarter"", ""depth"": 0}, ""depth"": 2}, ""depth"": 2}, ""right"": {""leaf"": ""6620_provision_for_income_taxes_current_quarter"", ""depth"": 0}, ""depth"": 3}, ""depth"": 3}","{""kind"": ""derived_concept"", ""name"": ""net_income"", ""depth"": 0}",2692.0,4,0,3,419403103,479635523,42,0.507,0,1,4,6588_total_revenues_current_quarter,total_revenues,total revenues,NVH,"Three Months Ended October 31, 2025",M_USD,18256.0,6608_total_costs_and_expenses_current_quarter,total_costs_and_expenses,total costs and expenses,NVH,"Three Months Ended October 31, 2025",M_USD,14511.0,6616_other_income_expense_net_current_quarter,other_income_expense_net,other income expense net,NVH,"Three Months Ended October 31, 2025",M_USD,-173.0,6620_provision_for_income_taxes_current_quarter,provision_for_income_taxes,provision for income taxes,NVH,"Three Months Ended October 31, 2025",M_USD,880.0,,,,,,,,,,,,,,,,,,,,,,,,,,,,,,,,,,,,,,,,,,,,,,,,,,,,,,,,,,,,,,,,,,,,,,
173,3,"may you calculate the total current liabilities for NVH in December 31, 2024",total_current_liabilities,"{""derived"": ""total_current_liabilities"", ""expanded"": {""op"": ""sum"", ""left"": {""op"": ""sum"", ""left"": {""op"": ""sum"", ""left"": {""leaf"": ""6661_accounts_payable_prior_fy_end"", ""depth"": 0}, ""right"": {""leaf"": ""6663_deferred_revenue_current_prior_fy_end"", ""depth"": 0}, ""depth"": 1}, ""right"": {""leaf"": ""6665_accrued_expenses_and_other_prior_fy_end"", ""depth"": 0}, ""depth"": 2}, ""right"": {""leaf"": ""6667_current_portion_of_long_term_debt_prior_fy_end"", ""depth"": 0}, ""depth"": 3}, ""depth"": 3}","{""kind"": ""derived_concept"", ""name"": ""total_current_liabilities"", ""depth"": 0}",9083.0,2,0,3,419292087,512820638,42,0.37,0,1,4,6661_accounts_payable_prior_fy_end,accounts_payable,accounts payable,NVH,"December 31, 2024",M_USD,5888.0,6663_deferred_revenue_current_prior_fy_end,deferred_revenue_current,deferred revenue current,NVH,"December 31, 2024",M_USD,972.0,6665_accrued_expenses_and_other_prior_fy_end,accrued_expenses_and_other,accrued expenses and other,NVH,"December 31, 2024",M_USD,1377.0,6667_current_portion_of_long_term_debt_prior_fy_end,current_portion_of_long_term_debt,current portion of long term debt,NVH,"December 31, 2024",M_USD,846.0,,,,,,,,,,,,,,,,,,,,,,,,,,,,,,,,,,,,,,,,,,,,,,,,,,,,,,,,,,,,,,,,,,,,,,
179,3,"Could you give the total current liabilities for MRK in April 30, 2025?",total_current_liabilities,"{""derived"": ""total_current_liabilities"", ""expanded"": {""op"": ""sum"", ""left"": {""op"": ""sum"", ""left"": {""op"": ""sum"", ""left"": {""leaf"": ""7096_accounts_payable_current_quarter_end"", ""depth"": 0}, ""right"": {""leaf"": ""7098_deferred_revenue_current_current_quarter_end"", ""depth"": 0}, ""depth"": 1}, ""right"": {""leaf"": ""7100_accrued_expenses_and_other_current_quarter_end"", ""depth"": 0}, ""depth"": 2}, ""right"": {""leaf"": ""7102_current_portion_of_long_term_debt_current_quarter_end"", ""depth"": 0}, ""depth"": 3}, ""depth"": 3}","{""kind"": ""derived_concept"", ""name"": ""total_current_liabilities"", ""depth"": 0}",21471.0,5,0,3,421438906,57011895,42,0.535,0,1,4,7096_accounts_payable_current_quarter_end,accounts_payable,accounts payable,MRK,"April 30, 2025",M_USD,16666.0,7098_deferred_revenue_current_current_quarter_end,deferred_revenue_current,deferred revenue current,MRK,"April 30, 2025",M_USD,1673.0,7100_accrued_expenses_and_other_current_quarter_end,accrued_expenses_and_other,accrued expenses and other,MRK,"April 30, 2025",M_USD,1488.0,7102_current_portion_of_long_term_debt_current_quarter_end,current_portion_of_long_term_debt,current portion of long term debt,MRK,"April 30, 2025",M_USD,1644.0,,,,,,,,,,,,,,,,,,,,,,,,,,,,,,,,,,,,,,,,,,,,,,,,,,,,,,,,,,,,,,,,,,,,,,
182,3,"What would be the total current liabilities for FAB in July 31, 2025",total_current_liabilities,"{""derived"": ""total_current_liabilities"", ""expanded"": {""op"": ""sum"", ""left"": {""op"": ""sum"", ""left"": {""op"": ""sum"", ""left"": {""leaf"": ""3866_accounts_payable_current_quarter_end"", ""depth"": 0}, ""right"": {""leaf"": ""3868_deferred_revenue_current_current_quarter_end"", ""depth"": 0}, ""depth"": 1}, ""right"": {""leaf"": ""3870_accrued_expenses_and_other_current_quarter_end"", ""depth"": 0}, ""depth"": 2}, ""right"": {""leaf"": ""3872_current_portion_of_long_term_debt_current_quarter_end"", ""depth"": 0}, ""depth"": 3}, ""depth"": 3}","{""kind"": ""derived_concept"", ""name"": ""total_current_liabilities"", ""depth"": 0}",15550.0,4,0,3,122340468,655568959,42,0.504,0,1,4,3866_accounts_payable_current_quarter_end,accounts_payable,accounts payable,FAB,"July 31, 2025",M_USD,10933.0,3868_deferred_revenue_current_current_quarter_end,deferred_revenue_current,deferred revenue current,FAB,"July 31, 2025",M_USD,928.0,3870_accrued_expenses_and_other_current_quarter_end,accrued_expenses_and_other,accrued expenses and other,FAB,"July 31, 2025",M_USD,2659.0,3872_current_portion_of_long_term_debt_current_quarter_end,current_portion_of_long_term_debt,current portion of long term debt,FAB,"July 31, 2025",M_USD,1030.0,,,,,,,,,,,,,,,,,,,,,,,,,,,,,,,,,,,,,,,,,,,,,,,,,,,,,,,,,,,,,,,,,,,,,,
186,3,"give the total current liabilities for SCI in July 31, 2025 .",total_current_liabilities,"{""derived"": ""total_current_liabilities"", ""expanded"": {""op"": ""sum"", ""left"": {""op"": ""sum"", ""left"": {""op"": ""sum"", ""left"": {""leaf"": ""5210_accounts_payable_current_quarter_end"", ""depth"": 0}, ""right"": {""leaf"": ""5212_deferred_revenue_current_current_quarter_end"", ""depth"": 0}, ""depth"": 1}, ""right"": {""leaf"": ""5214_accrued_expenses_and_other_current_quarter_end"", ""depth"": 0}, ""depth"": 2}, ""right"": {""leaf"": ""5216_current_portion_of_long_term_debt_current_quarter_end"", ""depth"": 0}, ""depth"": 3}, ""depth"": 3}","{""kind"": ""derived_concept"", ""name"": ""total_current_liabilities"", ""depth"": 0}",2324.0,2,0,3,631667288,588360796,42,0.595,0,1,4,5210_accounts_payable_current_quarter_end,accounts_payable,accounts payable,SCI,"July 31, 2025",M_USD,1258.0,5212_deferred_revenue_current_current_quarter_end,deferred_revenue_current,deferred revenue current,SCI,"July 31, 2025",M_USD,338.0,5214_accrued_expenses_and_other_current_quarter_end,accrued_expenses_and_other,accrued expenses and other,SCI,"July 31, 2025",M_USD,480.0,5216_current_portion_of_long_term_debt_current_quarter_end,current_portion_of_long_term_debt,current portion of long term debt,SCI,"July 31, 2025",M_USD,248.0,,,,,,,,,,,,,,,,,,,,,,,,,,,,,,,,,,,,,,,,,,,,,,,,,,,,,,,,,,,,,,,,,,,,,,
206,3,"whats the value of the net income for CNS in Three Months Ended April 30, 2024 ?",net_income,"{""derived"": ""net_income"", ""expanded"": {""op"": ""diff"", ""left"": {""derived"": ""income_before_taxes"", ""expanded"": {""op"": ""sum"", ""left"": {""derived"": ""operating_income"", ""expanded"": {""op"": ""diff"", ""left"": {""leaf"": ""5941_total_revenues_prior_year_quarter"", ""depth"": 0}, ""right"": {""leaf"": ""5951_total_costs_and_expenses_prior_year_quarter"", ""depth"": 0}, ""depth"": 1}, ""depth"": 1}, ""right"": {""leaf"": ""5955_other_income_expense_net_prior_year_quarter"", ""depth"": 0}, ""depth"": 2}, ""depth"": 2}, ""right"": {""leaf"": ""5957_provision_for_income_taxes_prior_year_quarter"", ""depth"": 0}, ""depth"": 3}, ""depth"": 3}","{""kind"": ""derived_concept"", ""name"": ""net_income"", ""depth"": 0}",647.0,4,0,3,910808554,326832697,42,0.564,0,1,4,5941_total_revenues_prior_year_quarter,total_revenues,total revenues,CNS,"Three Months Ended April 30, 2024",M_USD,6106.0,5951_total_costs_and_expenses_prior_year_quarter,total_costs_and_expenses,total costs and expenses,CNS,"Three Months Ended April 30, 2024",M_USD,5264.0,5955_other_income_expense_net_prior_year_quarter,other_income_expense_net,other income expense net,CNS,"Three Months Ended April 30, 2024",M_USD,29.0,5957_provision_for_income_taxes_prior_year_quarter,provision_for_income_taxes,provision for income taxes,CNS,"Three Months Ended April 30, 2024",M_USD,224.0,,,,,,,,,,,,,,,,,,,,,,,,,,,,,,,,,,,,,,,,,,,,,,,,,,,,,,,,,,,,,,,,,,,,,,
211,3,"Compute the net income for NVH in Three Months Ended October 31, 2024.",net_income,"{""derived"": ""net_income"", ""expanded"": {""op"": ""diff"", ""left"": {""derived"": ""income_before_taxes"", ""expanded"": {""op"": ""sum"", ""left"": {""derived"": ""operating_income"", ""expanded"": {""op"": ""diff"", ""left"": {""leaf"": ""6589_total_revenues_prior_year_quarter"", ""depth"": 0}, ""right"": {""leaf"": ""6609_total_costs_and_expenses_prior_year_quarter"", ""depth"": 0}, ""depth"": 1}, ""depth"": 1}, ""right"": {""leaf"": ""6617_other_income_expense_net_prior_year_quarter"", ""depth"": 0}, ""depth"": 2}, ""depth"": 2}, ""right"": {""leaf"": ""6621_provision_for_income_taxes_prior_year_quarter"", ""depth"": 0}, ""depth"": 3}, ""depth"": 3}","{""kind"": ""derived_concept"", ""name"": ""net_income"", ""depth"": 0}",2963.0,5,0,3,748569845,853705030,42,0.348,0,1,4,6589_total_revenues_prior_year_quarter,total_revenues,total revenues,NVH,"Three Months Ended October 31, 2024",M_USD,20093.0,6609_total_costs_and_expenses_prior_year_quarter,total_costs_and_expenses,total costs and expenses,NVH,"Three Months Ended October 31, 2024",M_USD,15971.0,6617_other_income_expense_net_prior_year_quarter,other_income_expense_net,other income expense net,NVH,"Three Months Ended October 31, 2024",M_USD,-190.0,6621_provision_for_income_taxes_prior_year_quarter,provision_for_income_taxes,provision for income taxes,NVH,"Three Months Ended October 31, 2024",M_USD,969.0,,,,,,,,,,,,,,,,,,,,,,,,,,,,,,,,,,,,,,,,,,,,,,,,,,,,,,,,,,,,,,,,,,,,,,
227,3,"could you give the result of ratio of sum of total assets for MTX in December 31, 2024 and total assets for MTX in October 31, 2025 to 2.0 scaled by growth between net cash from operating for MTX in Nine Months Ended October 31, 2025 and gross profit for MTX in Nine Months Ended October 31, 2024?","mul(ratio(sum(5385_total_assets_prior_fy_end, 5384_total_assets_current_quarter_end), 2.0), growth(5408_net_cash_from_operating_current_ytd, gross_profit))","{""op"": ""mul"", ""left"": {""op"": ""ratio"", ""left"": {""op"": ""sum"", ""left"": {""leaf"": ""5385_total_assets_prior_fy_end"", ""depth"": 0}, ""right"": {""leaf"": ""5384_total_assets_current_quarter_end"", ""depth"": 0}, ""depth"": 1}, ""right"": {""literal"": 2.0, ""depth"": 0}, ""depth"": 2}, ""right"": {""op"": ""growth"", ""left"": {""leaf"": ""5408_net_cash_from_operating_current_ytd"", ""depth"": 0}, ""right"": {""derived"": ""gross_profit"", ""expanded"": {""op"": ""diff"", ""left"": {""leaf"": ""5317_total_revenues_prior_year_ytd"", ""depth"": 0}, ""right"": {""leaf"": ""5321_cost_of_sales_prior_year_ytd"", ""depth"": 0}, ""depth"": 1}, ""depth"": 1}, ""depth"": 2}, ""depth"": 3}","{""op"": ""mul"", ""left"": {""kind"": ""time_agg"", ""op"": ""avg"", ""depth"": 0}, ""right"": {""op"": ""growth"", ""left"": {""kind"": ""leaf"", ""semantic_type_in"": [""amount""], ""depth"": 0}, ""right"": {""kind"": ""derived_concept"", ""name"": ""gross_profit"", ""depth"": 0}, ""depth"": 1, ""kind"": ""node""}, ""depth"": 2, ""kind"": ""node""}",-13267.729858166398,4,2,3,76721925,483803315,42,0.542,2,3,5,5385_total_assets_prior_fy_end,total_assets,total assets,MTX,"December 31, 2024",M_USD,24721.0,5384_total_assets_current_quarter_end,total_assets,total assets,MTX,"October 31, 2025",M_USD,28670.0,5408_net_cash_from_operating_current_ytd,net_cash_from_operating,net cash from operating,MTX,"Nine Months Ended October 31, 2025",M_USD,10320.0,5317_total_revenues_prior_year_ytd,total_revenues,total revenues,MTX,"Nine Months Ended October 31, 2024",M_USD,74415.0,5321_cost_of_sales_prior_year_ytd,cost_of_sales,cost of sales,MTX,"Nine Months Ended October 31, 2024",M_USD,53898.0,,,,,,,,,,,,,,,,,,,,,,,,,,,,,,,,,,,,,,,,,,,,,,,,,,,,,,,,,,,,,,,
233,3,"state the total current liabilities for VRX in July 31, 2025",total_current_liabilities,"{""derived"": ""total_current_liabilities"", ""expanded"": {""op"": ""sum"", ""left"": {""op"": ""sum"", ""left"": {""op"": ""sum"", ""left"": {""leaf"": ""3030_accounts_payable_current_quarter_end"", ""depth"": 0}, ""right"": {""leaf"": ""3032_deferred_revenue_current_current_quarter_end"", ""depth"": 0}, ""depth"": 1}, ""right"": {""leaf"": ""3034_accrued_expenses_and_other_current_quarter_end"", ""depth"": 0}, ""depth"": 2}, ""right"": {""leaf"": ""3036_current_portion_of_long_term_debt_current_quarter_end"", ""depth"": 0}, ""depth"": 3}, ""depth"": 3}","{""kind"": ""derived_concept"", ""name"": ""total_current_liabilities"", ""depth"": 0}",6735.0,2,0,3,415486106,198125654,42,0.581,0,1,4,3030_accounts_payable_current_quarter_end,accounts_payable,accounts payable,VRX,"July 31, 2025",M_USD,4265.0,3032_deferred_revenue_current_current_quarter_end,deferred_revenue_current,deferred revenue current,VRX,"July 31, 2025",M_USD,1091.0,3034_accrued_expenses_and_other_current_quarter_end,accrued_expenses_and_other,accrued expenses and other,VRX,"July 31, 2025",M_USD,836.0,3036_current_portion_of_long_term_debt_current_quarter_end,current_portion_of_long_term_debt,current portion of long term debt,VRX,"July 31, 2025",M_USD,543.0,,,,,,,,,,,,,,,,,,,,,,,,,,,,,,,,,,,,,,,,,,,,,,,,,,,,,,,,,,,,,,,,,,,,,,
247,3,"calculate the total current liabilities for STR in July 31, 2025 .",total_current_liabilities,"{""derived"": ""total_current_liabilities"", ""expanded"": {""op"": ""sum"", ""left"": {""op"": ""sum"", ""left"": {""op"": ""sum"", ""left"": {""leaf"": ""3338_accounts_payable_current_quarter_end"", ""depth"": 0}, ""right"": {""leaf"": ""3340_deferred_revenue_current_current_quarter_end"", ""depth"": 0}, ""depth"": 1}, ""right"": {""leaf"": ""3342_accrued_expenses_and_other_current_quarter_end"", ""depth"": 0}, ""depth"": 2}, ""right"": {""leaf"": ""3344_current_portion_of_long_term_debt_current_quarter_end"", ""depth"": 0}, ""depth"": 3}, ""depth"": 3}","{""kind"": ""derived_concept"", ""name"": ""total_current_liabilities"", ""depth"": 0}",4330.0,4,0,3,721806761,27460749,42,0.441,0,1,4,3338_accounts_payable_current_quarter_end,accounts_payable,accounts payable,STR,"July 31, 2025",M_USD,2793.0,3340_deferred_revenue_current_current_quarter_end,deferred_revenue_current,deferred revenue current,STR,"July 31, 2025",M_USD,286.0,3342_accrued_expenses_and_other_current_quarter_end,accrued_expenses_and_other,accrued expenses and other,STR,"July 31, 2025",M_USD,591.0,3344_current_portion_of_long_term_debt_current_quarter_end,current_portion_of_long_term_debt,current portion of long term debt,STR,"July 31, 2025",M_USD,660.0,,,,,,,,,,,,,,,,,,,,,,,,,,,,,,,,,,,,,,,,,,,,,,,,,,,,,,,,,,,,,,,,,,,,,,
253,3,"Which quantity is given by the total current liabilities for MDI in October 31, 2025 ?",total_current_liabilities,"{""derived"": ""total_current_liabilities"", ""expanded"": {""op"": ""sum"", ""left"": {""op"": ""sum"", ""left"": {""op"": ""sum"", ""left"": {""leaf"": ""5546_accounts_payable_current_quarter_end"", ""depth"": 0}, ""right"": {""leaf"": ""5548_deferred_revenue_current_current_quarter_end"", ""depth"": 0}, ""depth"": 1}, ""right"": {""leaf"": ""5550_accrued_expenses_and_other_current_quarter_end"", ""depth"": 0}, ""depth"": 2}, ""right"": {""leaf"": ""5552_current_portion_of_long_term_debt_current_quarter_end"", ""depth"": 0}, ""depth"": 3}, ""depth"": 3}","{""kind"": ""derived_concept"", ""name"": ""total_current_liabilities"", ""depth"": 0}",7973.0,2,0,3,938448640,552024999,42,0.433,0,1,4,5546_accounts_payable_current_quarter_end,accounts_payable,accounts payable,MDI,"October 31, 2025",M_USD,5381.0,5548_deferred_revenue_current_current_quarter_end,deferred_revenue_current,deferred revenue current,MDI,"October 31, 2025",M_USD,389.0,5550_accrued_expenses_and_other_current_quarter_end,accrued_expenses_and_other,accrued expenses and other,MDI,"October 31, 2025",M_USD,1490.0,5552_current_portion_of_long_term_debt_current_quarter_end,current_portion_of_long_term_debt,current portion of long term debt,MDI,"October 31, 2025",M_USD,713.0,,,,,,,,,,,,,,,,,,,,,,,,,,,,,,,,,,,,,,,,,,,,,,,,,,,,,,,,,,,,,,,,,,,,,,
279,3,"you should give the net income for GLP in Three Months Ended October 31, 2024.",net_income,"{""derived"": ""net_income"", ""expanded"": {""op"": ""diff"", ""left"": {""derived"": ""income_before_taxes"", ""expanded"": {""op"": ""sum"", ""left"": {""derived"": ""operating_income"", ""expanded"": {""op"": ""diff"", ""left"": {""leaf"": ""6889_total_revenues_prior_year_quarter"", ""depth"": 0}, ""right"": {""leaf"": ""6909_total_costs_and_expenses_prior_year_quarter"", ""depth"": 0}, ""depth"": 1}, ""depth"": 1}, ""right"": {""leaf"": ""6917_other_income_expense_net_prior_year_quarter"", ""depth"": 0}, ""depth"": 2}, ""depth"": 2}, ""right"": {""leaf"": ""6921_provision_for_income_taxes_prior_year_quarter"", ""depth"": 0}, ""depth"": 3}, ""depth"": 3}","{""kind"": ""derived_concept"", ""name"": ""net_income"", ""depth"": 0}",14387.0,4,0,3,879237335,30426960,42,0.454,0,1,4,6889_total_revenues_prior_year_quarter,total_revenues,total revenues,GLP,"Three Months Ended October 31, 2024",M_USD,107192.0,6909_total_costs_and_expenses_prior_year_quarter,total_costs_and_expenses,total costs and expenses,GLP,"Three Months Ended October 31, 2024",M_USD,87505.0,6917_other_income_expense_net_prior_year_quarter,other_income_expense_net,other income expense net,GLP,"Three Months Ended October 31, 2024",M_USD,-96.0,6921_provision_for_income_taxes_prior_year_quarter,provision_for_income_taxes,provision for income taxes,GLP,"Three Months Ended October 31, 2024",M_USD,5204.0,,,,,,,,,,,,,,,,,,,,,,,,,,,,,,,,,,,,,,,,,,,,,,,,,,,,,,,,,,,,,,,,,,,,,,
284,3,"which result follows from the total current liabilities for JTX in December 31, 2024",total_current_liabilities,"{""derived"": ""total_current_liabilities"", ""expanded"": {""op"": ""sum"", ""left"": {""op"": ""sum"", ""left"": {""op"": ""sum"", ""left"": {""leaf"": ""4001_accounts_payable_prior_fy_end"", ""depth"": 0}, ""right"": {""leaf"": ""4003_deferred_revenue_current_prior_fy_end"", ""depth"": 0}, ""depth"": 1}, ""right"": {""leaf"": ""4005_accrued_expenses_and_other_prior_fy_end"", ""depth"": 0}, ""depth"": 2}, ""right"": {""leaf"": ""4007_current_portion_of_long_term_debt_prior_fy_end"", ""depth"": 0}, ""depth"": 3}, ""depth"": 3}","{""kind"": ""derived_concept"", ""name"": ""total_current_liabilities"", ""depth"": 0}",5360.0,3,0,3,434427239,187214180,42,0.473,0,1,4,4001_accounts_payable_prior_fy_end,accounts_payable,accounts payable,JTX,"December 31, 2024",M_USD,3131.0,4003_deferred_revenue_current_prior_fy_end,deferred_revenue_current,deferred revenue current,JTX,"December 31, 2024",M_USD,567.0,4005_accrued_expenses_and_other_prior_fy_end,accrued_expenses_and_other,accrued expenses and other,JTX,"December 31, 2024",M_USD,979.0,4007_current_portion_of_long_term_debt_prior_fy_end,current_portion_of_long_term_debt,current portion of long term debt,JTX,"December 31, 2024",M_USD,683.0,,,,,,,,,,,,,,,,,,,,,,,,,,,,,,,,,,,,,,,,,,,,,,,,,,,,,,,,,,,,,,,,,,,,,,
293,3,"Which quantity is given by the net income for MED in Nine Months Ended October 31, 2024",net_income,"{""derived"": ""net_income"", ""expanded"": {""op"": ""diff"", ""left"": {""derived"": ""income_before_taxes"", ""expanded"": {""op"": ""sum"", ""left"": {""derived"": ""operating_income"", ""expanded"": {""op"": ""diff"", ""left"": {""leaf"": ""1219_total_revenues_prior_year_ytd"", ""depth"": 0}, ""right"": {""leaf"": ""1239_total_costs_and_expenses_prior_year_ytd"", ""depth"": 0}, ""depth"": 1}, ""depth"": 1}, ""right"": {""leaf"": ""1247_other_income_expense_net_prior_year_ytd"", ""depth"": 0}, ""depth"": 2}, ""depth"": 2}, ""right"": {""leaf"": ""1251_provision_for_income_taxes_prior_year_ytd"", ""depth"": 0}, ""depth"": 3}, ""depth"": 3}","{""kind"": ""derived_concept"", ""name"": ""net_income"", ""depth"": 0}",2577.0,4,0,3,581708414,563431678,42,0.57,0,1,4,1219_total_revenues_prior_year_ytd,total_revenues,total revenues,MED,"Nine Months Ended October 31, 2024",M_USD,21873.0,1239_total_costs_and_expenses_prior_year_ytd,total_costs_and_expenses,total costs and expenses,MED,"Nine Months Ended October 31, 2024",M_USD,18879.0,1247_other_income_expense_net_prior_year_ytd,other_income_expense_net,other income expense net,MED,"Nine Months Ended October 31, 2024",M_USD,189.0,1251_provision_for_income_taxes_prior_year_ytd,provision_for_income_taxes,provision for income taxes,MED,"Nine Months Ended October 31, 2024",M_USD,606.0,,,,,,,,,,,,,,,,,,,,,,,,,,,,,,,,,,,,,,,,,,,,,,,,,,,,,,,,,,,,,,,,,,,,,,
304,3,"may you give the total current liabilities for QRK in September 30, 2025",total_current_liabilities,"{""derived"": ""total_current_liabilities"", ""expanded"": {""op"": ""sum"", ""left"": {""op"": ""sum"", ""left"": {""op"": ""sum"", ""left"": {""leaf"": ""3515_accounts_payable_prior_fy_end"", ""depth"": 0}, ""right"": {""leaf"": ""3517_deferred_revenue_current_prior_fy_end"", ""depth"": 0}, ""depth"": 1}, ""right"": {""leaf"": ""3519_accrued_expenses_and_other_prior_fy_end"", ""depth"": 0}, ""depth"": 2}, ""right"": {""leaf"": ""3521_current_portion_of_long_term_debt_prior_fy_end"", ""depth"": 0}, ""depth"": 3}, ""depth"": 3}","{""kind"": ""derived_concept"", ""name"": ""total_current_liabilities"", ""depth"": 0}",24179.0,4,0,3,532198890,103860349,42,0.246,0,1,4,3515_accounts_payable_prior_fy_end,accounts_payable,accounts payable,QRK,"September 30, 2025",M_USD,11180.0,3517_deferred_revenue_current_prior_fy_end,deferred_revenue_current,deferred revenue current,QRK,"September 30, 2025",M_USD,3712.0,3519_accrued_expenses_and_other_prior_fy_end,accrued_expenses_and_other,accrued expenses and other,QRK,"September 30, 2025",M_USD,4974.0,3521_current_portion_of_long_term_debt_prior_fy_end,current_portion_of_long_term_debt,current portion of long term debt,QRK,"September 30, 2025",M_USD,4313.0,,,,,,,,,,,,,,,,,,,,,,,,,,,,,,,,,,,,,,,,,,,,,,,,,,,,,,,,,,,,,,,,,,,,,,
307,3,"What's the value of the sum of maximum of total non current assets for CLD from December 31, 2024 to April 30, 2025 and income before taxes for CLD in Three Months Ended April 30, 2024?","sum(max(3178_total_non_current_assets_current_quarter_end, 3179_total_non_current_assets_prior_fy_end), income_before_taxes)","{""op"": ""sum"", ""left"": {""op"": ""max"", ""left"": {""leaf"": ""3178_total_non_current_assets_current_quarter_end"", ""depth"": 0}, ""right"": {""leaf"": ""3179_total_non_current_assets_prior_fy_end"", ""depth"": 0}, ""depth"": 1}, ""right"": {""derived"": ""income_before_taxes"", ""expanded"": {""op"": ""sum"", ""left"": {""derived"": ""operating_income"", ""expanded"": {""op"": ""diff"", ""left"": {""leaf"": ""3135_total_revenues_prior_year_quarter"", ""depth"": 0}, ""right"": {""leaf"": ""3145_total_costs_and_expenses_prior_year_quarter"", ""depth"": 0}, ""depth"": 1}, ""depth"": 1}, ""right"": {""leaf"": ""3149_other_income_expense_net_prior_year_quarter"", ""depth"": 0}, ""depth"": 2}, ""depth"": 2}, ""depth"": 3}","{""op"": ""sum"", ""left"": {""kind"": ""time_agg"", ""op"": ""max"", ""depth"": 0}, ""right"": {""kind"": ""derived_concept"", ""name"": ""income_before_taxes"", ""depth"": 0}, ""depth"": 1, ""kind"": ""node""}",11089.0,5,1,3,924034044,612729087,42,0.514,1,2,5,3178_total_non_current_assets_current_quarter_end,total_non_current_assets,total non current assets,CLD,"April 30, 2025",M_USD,9307.0,3179_total_non_current_assets_prior_fy_end,total_non_current_assets,total non current assets,CLD,"December 31, 2024",M_USD,8531.0,3135_total_revenues_prior_year_quarter,total_revenues,total revenues,CLD,"Three Months Ended April 30, 2024",M_USD,13357.0,3145_total_costs_and_expenses_prior_year_quarter,total_costs_and_expenses,total costs and expenses,CLD,"Three Months Ended April 30, 2024",M_USD,11703.0,3149_other_income_expense_net_prior_year_quarter,other_income_expense_net,other income expense net,CLD,"Three Months Ended April 30, 2024",M_USD,128.0,,,,,,,,,,,,,,,,,,,,,,,,,,,,,,,,,,,,,,,,,,,,,,,,,,,,,,,,,,,,,,,
333,3,"Which quantity is given by the net income for MDI in Nine Months Ended October 31, 2024 ?",net_income,"{""derived"": ""net_income"", ""expanded"": {""op"": ""diff"", ""left"": {""derived"": ""income_before_taxes"", ""expanded"": {""op"": ""sum"", ""left"": {""derived"": ""operating_income"", ""expanded"": {""op"": ""diff"", ""left"": {""leaf"": ""5477_total_revenues_prior_year_ytd"", ""depth"": 0}, ""right"": {""leaf"": ""5497_total_costs_and_expenses_prior_year_ytd"", ""depth"": 0}, ""depth"": 1}, ""depth"": 1}, ""right"": {""leaf"": ""5505_other_income_expense_net_prior_year_ytd"", ""depth"": 0}, ""depth"": 2}, ""depth"": 2}, ""right"": {""leaf"": ""5509_provision_for_income_taxes_prior_year_ytd"", ""depth"": 0}, ""depth"": 3}, ""depth"": 3}","{""kind"": ""derived_concept"", ""name"": ""net_income"", ""depth"": 0}",7722.0,4,0,3,566087498,642976274,42,0.363,0,1,4,5477_total_revenues_prior_year_ytd,total_revenues,total revenues,MDI,"Nine Months Ended October 31, 2024",M_USD,49491.0,5497_total_costs_and_expenses_prior_year_ytd,total_costs_and_expenses,total costs and expenses,MDI,"Nine Months Ended October 31, 2024",M_USD,39570.0,5505_other_income_expense_net_prior_year_ytd,other_income_expense_net,other income expense net,MDI,"Nine Months Ended October 31, 2024",M_USD,-33.0,5509_provision_for_income_taxes_prior_year_ytd,provision_for_income_taxes,provision for income taxes,MDI,"Nine Months Ended October 31, 2024",M_USD,2166.0,,,,,,,,,,,,,,,,,,,,,,,,,,,,,,,,,,,,,,,,,,,,,,,,,,,,,,,,,,,,,,,,,,,,,,
339,3,"determine the total current liabilities for WHL in July 31, 2025",total_current_liabilities,"{""derived"": ""total_current_liabilities"", ""expanded"": {""op"": ""sum"", ""left"": {""op"": ""sum"", ""left"": {""op"": ""sum"", ""left"": {""leaf"": ""7370_accounts_payable_current_quarter_end"", ""depth"": 0}, ""right"": {""leaf"": ""7372_deferred_revenue_current_current_quarter_end"", ""depth"": 0}, ""depth"": 1}, ""right"": {""leaf"": ""7374_accrued_expenses_and_other_current_quarter_end"", ""depth"": 0}, ""depth"": 2}, ""right"": {""leaf"": ""7376_current_portion_of_long_term_debt_current_quarter_end"", ""depth"": 0}, ""depth"": 3}, ""depth"": 3}","{""kind"": ""derived_concept"", ""name"": ""total_current_liabilities"", ""depth"": 0}",9975.0,5,0,3,865924883,476292249,42,0.479,0,1,4,7370_accounts_payable_current_quarter_end,accounts_payable,accounts payable,WHL,"July 31, 2025",M_USD,7361.0,7372_deferred_revenue_current_current_quarter_end,deferred_revenue_current,deferred revenue current,WHL,"July 31, 2025",M_USD,622.0,7374_accrued_expenses_and_other_current_quarter_end,accrued_expenses_and_other,accrued expenses and other,WHL,"July 31, 2025",M_USD,1320.0,7376_current_portion_of_long_term_debt_current_quarter_end,current_portion_of_long_term_debt,current portion of long term debt,WHL,"July 31, 2025",M_USD,672.0,,,,,,,,,,,,,,,,,,,,,,,,,,,,,,,,,,,,,,,,,,,,,,,,,,,,,,,,,,,,,,,,,,,,,,
347,3,"what is the net income for AST in Six Months Ended July 31, 2024 ?",net_income,"{""derived"": ""net_income"", ""expanded"": {""op"": ""diff"", ""left"": {""derived"": ""income_before_taxes"", ""expanded"": {""op"": ""sum"", ""left"": {""derived"": ""operating_income"", ""expanded"": {""op"": ""diff"", ""left"": {""leaf"": ""4813_total_revenues_prior_year_ytd"", ""depth"": 0}, ""right"": {""leaf"": ""4829_total_costs_and_expenses_prior_year_ytd"", ""depth"": 0}, ""depth"": 1}, ""depth"": 1}, ""right"": {""leaf"": ""4837_other_income_expense_net_prior_year_ytd"", ""depth"": 0}, ""depth"": 2}, ""depth"": 2}, ""right"": {""leaf"": ""4841_provision_for_income_taxes_prior_year_ytd"", ""depth"": 0}, ""depth"": 3}, ""depth"": 3}","{""kind"": ""derived_concept"", ""name"": ""net_income"", ""depth"": 0}",9116.0,4,0,3,453149942,686906034,42,0.58,0,1,4,4813_total_revenues_prior_year_ytd,total_revenues,total revenues,AST,"Six Months Ended July 31, 2024",M_USD,41246.0,4829_total_costs_and_expenses_prior_year_ytd,total_costs_and_expenses,total costs and expenses,AST,"Six Months Ended July 31, 2024",M_USD,30360.0,4837_other_income_expense_net_prior_year_ytd,other_income_expense_net,other income expense net,AST,"Six Months Ended July 31, 2024",M_USD,666.0,4841_provision_for_income_taxes_prior_year_ytd,provision_for_income_taxes,provision for income taxes,AST,"Six Months Ended July 31, 2024",M_USD,2436.0,,,,,,,,,,,,,,,,,,,,,,,,,,,,,,,,,,,,,,,,,,,,,,,,,,,,,,,,,,,,,,,,,,,,,,
370,3,"You should give the total current liabilities for PRD in December 31, 2024",total_current_liabilities,"{""derived"": ""total_current_liabilities"", ""expanded"": {""op"": ""sum"", ""left"": {""op"": ""sum"", ""left"": {""op"": ""sum"", ""left"": {""leaf"": ""1915_accounts_payable_prior_fy_end"", ""depth"": 0}, ""right"": {""leaf"": ""1917_deferred_revenue_current_prior_fy_end"", ""depth"": 0}, ""depth"": 1}, ""right"": {""leaf"": ""1919_accrued_expenses_and_other_prior_fy_end"", ""depth"": 0}, ""depth"": 2}, ""right"": {""leaf"": ""1921_current_portion_of_long_term_debt_prior_fy_end"", ""depth"": 0}, ""depth"": 3}, ""depth"": 3}","{""kind"": ""derived_concept"", ""name"": ""total_current_liabilities"", ""depth"": 0}",10276.0,2,0,3,754790287,548710681,42,0.445,0,1,4,1915_accounts_payable_prior_fy_end,accounts_payable,accounts payable,PRD,"December 31, 2024",M_USD,6420.0,1917_deferred_revenue_current_prior_fy_end,deferred_revenue_current,deferred revenue current,PRD,"December 31, 2024",M_USD,1284.0,1919_accrued_expenses_and_other_prior_fy_end,accrued_expenses_and_other,accrued expenses and other,PRD,"December 31, 2024",M_USD,1502.0,1921_current_portion_of_long_term_debt_prior_fy_end,current_portion_of_long_term_debt,current portion of long term debt,PRD,"December 31, 2024",M_USD,1070.0,,,,,,,,,,,,,,,,,,,,,,,,,,,,,,,,,,,,,,,,,,,,,,,,,,,,,,,,,,,,,,,,,,,,,,
382,3,"whats the value of the net income for CRZ in Nine Months Ended October 31, 2025?",net_income,"{""derived"": ""net_income"", ""expanded"": {""op"": ""diff"", ""left"": {""derived"": ""income_before_taxes"", ""expanded"": {""op"": ""sum"", ""left"": {""derived"": ""operating_income"", ""expanded"": {""op"": ""diff"", ""left"": {""leaf"": ""4976_total_revenues_current_ytd"", ""depth"": 0}, ""right"": {""leaf"": ""4992_total_costs_and_expenses_current_ytd"", ""depth"": 0}, ""depth"": 1}, ""depth"": 1}, ""right"": {""leaf"": ""5000_other_income_expense_net_current_ytd"", ""depth"": 0}, ""depth"": 2}, ""depth"": 2}, ""right"": {""leaf"": ""5004_provision_for_income_taxes_current_ytd"", ""depth"": 0}, ""depth"": 3}, ""depth"": 3}","{""kind"": ""derived_concept"", ""name"": ""net_income"", ""depth"": 0}",4128.0,5,0,3,348317401,29092700,42,0.463,0,1,4,4976_total_revenues_current_ytd,total_revenues,total revenues,CRZ,"Nine Months Ended October 31, 2025",M_USD,25683.0,4992_total_costs_and_expenses_current_ytd,total_costs_and_expenses,total costs and expenses,CRZ,"Nine Months Ended October 31, 2025",M_USD,19845.0,5000_other_income_expense_net_current_ytd,other_income_expense_net,other income expense net,CRZ,"Nine Months Ended October 31, 2025",M_USD,-561.0,5004_provision_for_income_taxes_current_ytd,provision_for_income_taxes,provision for income taxes,CRZ,"Nine Months Ended October 31, 2025",M_USD,1149.0,,,,,,,,,,,,,,,,,,,,,,,,,,,,,,,,,,,,,,,,,,,,,,,,,,,,,,,,,,,,,,,,,,,,,,
396,3,"Whats the value of the total current liabilities for CNS in December 31, 2024 ?",total_current_liabilities,"{""derived"": ""total_current_liabilities"", ""expanded"": {""op"": ""sum"", ""left"": {""op"": ""sum"", ""left"": {""op"": ""sum"", ""left"": {""leaf"": ""5989_accounts_payable_prior_fy_end"", ""depth"": 0}, ""right"": {""leaf"": ""5991_deferred_revenue_current_prior_fy_end"", ""depth"": 0}, ""depth"": 1}, ""right"": {""leaf"": ""5993_accrued_expenses_and_other_prior_fy_end"", ""depth"": 0}, ""depth"": 2}, ""right"": {""leaf"": ""5995_current_portion_of_long_term_debt_prior_fy_end"", ""depth"": 0}, ""depth"": 3}, ""depth"": 3}","{""kind"": ""derived_concept"", ""name"": ""total_current_liabilities"", ""depth"": 0}",3034.0,2,0,3,230057129,342635132,42,0.374,0,1,4,5989_accounts_payable_prior_fy_end,accounts_payable,accounts payable,CNS,"December 31, 2024",M_USD,2030.0,5991_deferred_revenue_current_prior_fy_end,deferred_revenue_current,deferred revenue current,CNS,"December 31, 2024",M_USD,365.0,5993_accrued_expenses_and_other_prior_fy_end,accrued_expenses_and_other,accrued expenses and other,CNS,"December 31, 2024",M_USD,313.0,5995_current_portion_of_long_term_debt_prior_fy_end,current_portion_of_long_term_debt,current portion of long term debt,CNS,"December 31, 2024",M_USD,326.0,,,,,,,,,,,,,,,,,,,,,,,,,,,,,,,,,,,,,,,,,,,,,,,,,,,,,,,,,,,,,,,,,,,,,,
404,3,"compute the net income for PLX in Nine Months Ended July 31, 2026.",net_income,"{""derived"": ""net_income"", ""expanded"": {""op"": ""diff"", ""left"": {""derived"": ""income_before_taxes"", ""expanded"": {""op"": ""sum"", ""left"": {""derived"": ""operating_income"", ""expanded"": {""op"": ""diff"", ""left"": {""leaf"": ""4208_total_revenues_current_ytd"", ""depth"": 0}, ""right"": {""leaf"": ""4228_total_costs_and_expenses_current_ytd"", ""depth"": 0}, ""depth"": 1}, ""depth"": 1}, ""right"": {""leaf"": ""4236_other_income_expense_net_current_ytd"", ""depth"": 0}, ""depth"": 2}, ""depth"": 2}, ""right"": {""leaf"": ""4240_provision_for_income_taxes_current_ytd"", ""depth"": 0}, ""depth"": 3}, ""depth"": 3}","{""kind"": ""derived_concept"", ""name"": ""net_income"", ""depth"": 0}",21024.0,4,0,3,890094365,352966492,42,0.569,0,1,4,4208_total_revenues_current_ytd,total_revenues,total revenues,PLX,"Nine Months Ended July 31, 2026",M_USD,55560.0,4228_total_costs_and_expenses_current_ytd,total_costs_and_expenses,total costs and expenses,PLX,"Nine Months Ended July 31, 2026",M_USD,31059.0,4236_other_income_expense_net_current_ytd,other_income_expense_net,other income expense net,PLX,"Nine Months Ended July 31, 2026",M_USD,834.0,4240_provision_for_income_taxes_current_ytd,provision_for_income_taxes,provision for income taxes,PLX,"Nine Months Ended July 31, 2026",M_USD,4311.0,,,,,,,,,,,,,,,,,,,,,,,,,,,,,,,,,,,,,,,,,,,,,,,,,,,,,,,,,,,,,,,,,,,,,,
407,3,"Give the total current liabilities for SCI in December 31, 2024",total_current_liabilities,"{""derived"": ""total_current_liabilities"", ""expanded"": {""op"": ""sum"", ""left"": {""op"": ""sum"", ""left"": {""op"": ""sum"", ""left"": {""leaf"": ""5211_accounts_payable_prior_fy_end"", ""depth"": 0}, ""right"": {""leaf"": ""5213_deferred_revenue_current_prior_fy_end"", ""depth"": 0}, ""depth"": 1}, ""right"": {""leaf"": ""5215_accrued_expenses_and_other_prior_fy_end"", ""depth"": 0}, ""depth"": 2}, ""right"": {""leaf"": ""5217_current_portion_of_long_term_debt_prior_fy_end"", ""depth"": 0}, ""depth"": 3}, ""depth"": 3}","{""kind"": ""derived_concept"", ""name"": ""total_current_liabilities"", ""depth"": 0}",2027.0,2,0,3,322204584,729766172,42,0.514,0,1,4,5211_accounts_payable_prior_fy_end,accounts_payable,accounts payable,SCI,"December 31, 2024",M_USD,1097.0,5213_deferred_revenue_current_prior_fy_end,deferred_revenue_current,deferred revenue current,SCI,"December 31, 2024",M_USD,295.0,5215_accrued_expenses_and_other_prior_fy_end,accrued_expenses_and_other,accrued expenses and other,SCI,"December 31, 2024",M_USD,419.0,5217_current_portion_of_long_term_debt_prior_fy_end,current_portion_of_long_term_debt,current portion of long term debt,SCI,"December 31, 2024",M_USD,216.0,,,,,,,,,,,,,,,,,,,,,,,,,,,,,,,,,,,,,,,,,,,,,,,,,,,,,,,,,,,,,,,,,,,,,,
426,3,"You should calculate the sum of ratio of sum of net income for PLZ in Six Months Ended July 31, 2024 and net income for PLZ in Six Months Ended July 31, 2025 to 2.0 and ratio of sum of long term debt for PLZ in December 31, 2024 and long term debt for PLZ in July 31, 2025 to 2.0 .","sum(ratio(sum(2041_net_income_prior_year_ytd, 2040_net_income_current_ytd), 2.0), ratio(sum(2085_long_term_debt_prior_fy_end, 2084_long_term_debt_current_quarter_end), 2.0))","{""op"": ""sum"", ""left"": {""op"": ""ratio"", ""left"": {""op"": ""sum"", ""left"": {""leaf"": ""2041_net_income_prior_year_ytd"", ""depth"": 0}, ""right"": {""leaf"": ""2040_net_income_current_ytd"", ""depth"": 0}, ""depth"": 1}, ""right"": {""literal"": 2.0, ""depth"": 0}, ""depth"": 2}, ""right"": {""op"": ""ratio"", ""left"": {""op"": ""sum"", ""left"": {""leaf"": ""2085_long_term_debt_prior_fy_end"", ""depth"": 0}, ""right"": {""leaf"": ""2084_long_term_debt_current_quarter_end"", ""depth"": 0}, ""depth"": 1}, ""right"": {""literal"": 2.0, ""depth"": 0}, ""depth"": 2}, ""depth"": 3}","{""op"": ""sum"", ""left"": {""kind"": ""time_agg"", ""op"": ""avg"", ""depth"": 0}, ""right"": {""kind"": ""time_agg"", ""op"": ""avg"", ""depth"": 0}, ""depth"": 1, ""kind"": ""node""}",28187.5,4,1,3,778159851,457627367,42,0.234,1,2,4,2041_net_income_prior_year_ytd,net_income,net income,PLZ,"Six Months Ended July 31, 2024",M_USD,10766.0,2040_net_income_current_ytd,net_income,net income,PLZ,"Six Months Ended July 31, 2025",M_USD,10020.0,2085_long_term_debt_prior_fy_end,long_term_debt,long term debt,PLZ,"December 31, 2024",M_USD,17557.0,2084_long_term_debt_current_quarter_end,long_term_debt,long term debt,PLZ,"July 31, 2025",M_USD,18032.0,,,,,,,,,,,,,,,,,,,,,,,,,,,,,,,,,,,,,,,,,,,,,,,,,,,,,,,,,,,,,,,,,,,,,,
436,3,"You should give the net income for SCI in Six Months Ended July 31, 2025.",net_income,"{""derived"": ""net_income"", ""expanded"": {""op"": ""diff"", ""left"": {""derived"": ""income_before_taxes"", ""expanded"": {""op"": ""sum"", ""left"": {""derived"": ""operating_income"", ""expanded"": {""op"": ""diff"", ""left"": {""leaf"": ""5140_total_revenues_current_ytd"", ""depth"": 0}, ""right"": {""leaf"": ""5160_total_costs_and_expenses_current_ytd"", ""depth"": 0}, ""depth"": 1}, ""depth"": 1}, ""right"": {""leaf"": ""5168_other_income_expense_net_current_ytd"", ""depth"": 0}, ""depth"": 2}, ""depth"": 2}, ""right"": {""leaf"": ""5172_provision_for_income_taxes_current_ytd"", ""depth"": 0}, ""depth"": 3}, ""depth"": 3}","{""kind"": ""derived_concept"", ""name"": ""net_income"", ""depth"": 0}",1540.0,5,0,3,580996937,315718796,42,0.32,0,1,4,5140_total_revenues_current_ytd,total_revenues,total revenues,SCI,"Six Months Ended July 31, 2025",M_USD,10898.0,5160_total_costs_and_expenses_current_ytd,total_costs_and_expenses,total costs and expenses,SCI,"Six Months Ended July 31, 2025",M_USD,8860.0,5168_other_income_expense_net_current_ytd,other_income_expense_net,other income expense net,SCI,"Six Months Ended July 31, 2025",M_USD,-10.0,5172_provision_for_income_taxes_current_ytd,provision_for_income_taxes,provision for income taxes,SCI,"Six Months Ended July 31, 2025",M_USD,488.0,,,,,,,,,,,,,,,,,,,,,,,,,,,,,,,,,,,,,,,,,,,,,,,,,,,,,,,,,,,,,,,,,,,,,,
444,3,"You should calculate the net income for PRF in Three Months Ended April 30, 2024.",net_income,"{""derived"": ""net_income"", ""expanded"": {""op"": ""diff"", ""left"": {""derived"": ""income_before_taxes"", ""expanded"": {""op"": ""sum"", ""left"": {""derived"": ""operating_income"", ""expanded"": {""op"": ""diff"", ""left"": {""leaf"": ""2167_total_revenues_prior_year_quarter"", ""depth"": 0}, ""right"": {""leaf"": ""2177_total_costs_and_expenses_prior_year_quarter"", ""depth"": 0}, ""depth"": 1}, ""depth"": 1}, ""right"": {""leaf"": ""2181_other_income_expense_net_prior_year_quarter"", ""depth"": 0}, ""depth"": 2}, ""depth"": 2}, ""right"": {""leaf"": ""2183_provision_for_income_taxes_prior_year_quarter"", ""depth"": 0}, ""depth"": 3}, ""depth"": 3}","{""kind"": ""derived_concept"", ""name"": ""net_income"", ""depth"": 0}",67.0,4,0,3,530522873,585353206,42,0.164,0,1,4,2167_total_revenues_prior_year_quarter,total_revenues,total revenues,PRF,"Three Months Ended April 30, 2024",M_USD,1098.0,2177_total_costs_and_expenses_prior_year_quarter,total_costs_and_expenses,total costs and expenses,PRF,"Three Months Ended April 30, 2024",M_USD,1006.0,2181_other_income_expense_net_prior_year_quarter,other_income_expense_net,other income expense net,PRF,"Three Months Ended April 30, 2024",M_USD,-3.0,2183_provision_for_income_taxes_prior_year_quarter,provision_for_income_taxes,provision for income taxes,PRF,"Three Months Ended April 30, 2024",M_USD,22.0,,,,,,,,,,,,,,,,,,,,,,,,,,,,,,,,,,,,,,,,,,,,,,,,,,,,,,,,,,,,,,,,,,,,,,
460,3,"may you calculate the total current liabilities for NVH in December 31, 2024",total_current_liabilities,"{""derived"": ""total_current_liabilities"", ""expanded"": {""op"": ""sum"", ""left"": {""op"": ""sum"", ""left"": {""op"": ""sum"", ""left"": {""leaf"": ""6661_accounts_payable_prior_fy_end"", ""depth"": 0}, ""right"": {""leaf"": ""6663_deferred_revenue_current_prior_fy_end"", ""depth"": 0}, ""depth"": 1}, ""right"": {""leaf"": ""6665_accrued_expenses_and_other_prior_fy_end"", ""depth"": 0}, ""depth"": 2}, ""right"": {""leaf"": ""6667_current_portion_of_long_term_debt_prior_fy_end"", ""depth"": 0}, ""depth"": 3}, ""depth"": 3}","{""kind"": ""derived_concept"", ""name"": ""total_current_liabilities"", ""depth"": 0}",9083.0,3,0,3,755906798,703935141,42,0.483,0,1,4,6661_accounts_payable_prior_fy_end,accounts_payable,accounts payable,NVH,"December 31, 2024",M_USD,5888.0,6663_deferred_revenue_current_prior_fy_end,deferred_revenue_current,deferred revenue current,NVH,"December 31, 2024",M_USD,972.0,6665_accrued_expenses_and_other_prior_fy_end,accrued_expenses_and_other,accrued expenses and other,NVH,"December 31, 2024",M_USD,1377.0,6667_current_portion_of_long_term_debt_prior_fy_end,current_portion_of_long_term_debt,current portion of long term debt,NVH,"December 31, 2024",M_USD,846.0,,,,,,,,,,,,,,,,,,,,,,,,,,,,,,,,,,,,,,,,,,,,,,,,,,,,,,,,,,,,,,,,,,,,,,
496,3,"what is the value of the total current liabilities for CAP in December 31, 2024?",total_current_liabilities,"{""derived"": ""total_current_liabilities"", ""expanded"": {""op"": ""sum"", ""left"": {""op"": ""sum"", ""left"": {""op"": ""sum"", ""left"": {""leaf"": ""5719_accounts_payable_prior_fy_end"", ""depth"": 0}, ""right"": {""leaf"": ""5721_deferred_revenue_current_prior_fy_end"", ""depth"": 0}, ""depth"": 1}, ""right"": {""leaf"": ""5723_accrued_expenses_and_other_prior_fy_end"", ""depth"": 0}, ""depth"": 2}, ""right"": {""leaf"": ""5725_current_portion_of_long_term_debt_prior_fy_end"", ""depth"": 0}, ""depth"": 3}, ""depth"": 3}","{""kind"": ""derived_concept"", ""name"": ""total_current_liabilities"", ""depth"": 0}",8910.0,2,0,3,995346683,808076637,42,0.208,0,1,4,5719_accounts_payable_prior_fy_end,accounts_payable,accounts payable,CAP,"December 31, 2024",M_USD,5119.0,5721_deferred_revenue_current_prior_fy_end,deferred_revenue_current,deferred revenue current,CAP,"December 31, 2024",M_USD,744.0,5723_accrued_expenses_and_other_prior_fy_end,accrued_expenses_and_other,accrued expenses and other,CAP,"December 31, 2024",M_USD,1707.0,5725_current_portion_of_long_term_debt_prior_fy_end,current_portion_of_long_term_debt,current portion of long term debt,CAP,"December 31, 2024",M_USD,1340.0,,,,,,,,,,,,,,,,,,,,,,,,,,,,,,,,,,,,,,,,,,,,,,,,,,,,,,,,,,,,,,,,,,,,,,
506,3,"Whats the value of the result of ratio of sum of total current liabilities for CRF in December 31, 2024 and total current liabilities for CRF in October 31, 2025 to 2.0 scaled by growth in shares used basic for CRF from Three Months Ended October 31, 2024 to Three Months Ended October 31, 2025?","mul(ratio(sum(1763_total_current_liabilities_prior_fy_end, 1762_total_current_liabilities_current_quarter_end), 2.0), growth(1816_shares_used_basic_current_quarter, 1817_shares_used_basic_prior_year_quarter))","{""op"": ""mul"", ""left"": {""op"": ""ratio"", ""left"": {""op"": ""sum"", ""left"": {""leaf"": ""1763_total_current_liabilities_prior_fy_end"", ""depth"": 0}, ""right"": {""leaf"": ""1762_total_current_liabilities_current_quarter_end"", ""depth"": 0}, ""depth"": 1}, ""right"": {""literal"": 2.0, ""depth"": 0}, ""depth"": 2}, ""right"": {""op"": ""growth"", ""left"": {""leaf"": ""1816_shares_used_basic_current_quarter"", ""depth"": 0}, ""right"": {""leaf"": ""1817_shares_used_basic_prior_year_quarter"", ""depth"": 0}, ""depth"": 1}, ""depth"": 3}","{""op"": ""mul"", ""left"": {""kind"": ""time_agg"", ""op"": ""avg"", ""depth"": 0}, ""right"": {""op"": ""growth"", ""left"": {""kind"": ""leaf"", ""semantic_type_in"": [""amount""], ""depth"": 0}, ""right"": {""kind"": ""leaf"", ""semantic_type_in"": [""amount""], ""depth"": 0}, ""depth"": 1, ""kind"": ""node""}, ""depth"": 2, ""kind"": ""node""}",-26.28969232808953,3,2,3,879472730,584785801,42,0.231,2,3,4,1763_total_current_liabilities_prior_fy_end,total_current_liabilities,total current liabilities,CRF,"December 31, 2024",M_USD,6657.0,1762_total_current_liabilities_current_quarter_end,total_current_liabilities,total current liabilities,CRF,"October 31, 2025",M_USD,6492.0,1816_shares_used_basic_current_quarter,shares_used_basic,shares used basic,CRF,"Three Months Ended October 31, 2025",M_shares,4868000.0,1817_shares_used_basic_prior_year_quarter,shares_used_basic,shares used basic,CRF,"Three Months Ended October 31, 2024",M_shares,4887544.0,,,,,,,,,,,,,,,,,,,,,,,,,,,,,,,,,,,,,,,,,,,,,,,,,,,,,,,,,,,,,,,,,,,,,,
519,3,"may you give the net income for PRD in Three Months Ended October 31, 2025 ?",net_income,"{""derived"": ""net_income"", ""expanded"": {""op"": ""diff"", ""left"": {""derived"": ""income_before_taxes"", ""expanded"": {""op"": ""sum"", ""left"": {""derived"": ""operating_income"", ""expanded"": {""op"": ""diff"", ""left"": {""leaf"": ""1842_total_revenues_current_quarter"", ""depth"": 0}, ""right"": {""leaf"": ""1862_total_costs_and_expenses_current_quarter"", ""depth"": 0}, ""depth"": 1}, ""depth"": 1}, ""right"": {""leaf"": ""1870_other_income_expense_net_current_quarter"", ""depth"": 0}, ""depth"": 2}, ""depth"": 2}, ""right"": {""leaf"": ""1874_provision_for_income_taxes_current_quarter"", ""depth"": 0}, ""depth"": 3}, ""depth"": 3}","{""kind"": ""derived_concept"", ""name"": ""net_income"", ""depth"": 0}",3255.0,4,0,3,661900959,581018670,42,0.451,0,1,4,1842_total_revenues_current_quarter,total_revenues,total revenues,PRD,"Three Months Ended October 31, 2025",M_USD,21628.0,1862_total_costs_and_expenses_current_quarter,total_costs_and_expenses,total costs and expenses,PRD,"Three Months Ended October 31, 2025",M_USD,17537.0,1870_other_income_expense_net_current_quarter,other_income_expense_net,other income expense net,PRD,"Three Months Ended October 31, 2025",M_USD,-63.0,1874_provision_for_income_taxes_current_quarter,provision_for_income_taxes,provision for income taxes,PRD,"Three Months Ended October 31, 2025",M_USD,773.0,,,,,,,,,,,,,,,,,,,,,,,,,,,,,,,,,,,,,,,,,,,,,,,,,,,,,,,,,,,,,,,,,,,,,,
536,3,"may you give the net income for PRD in Nine Months Ended October 31, 2025 ?",net_income,"{""derived"": ""net_income"", ""expanded"": {""op"": ""diff"", ""left"": {""derived"": ""income_before_taxes"", ""expanded"": {""op"": ""sum"", ""left"": {""derived"": ""operating_income"", ""expanded"": {""op"": ""diff"", ""left"": {""leaf"": ""1844_total_revenues_current_ytd"", ""depth"": 0}, ""right"": {""leaf"": ""1864_total_costs_and_expenses_current_ytd"", ""depth"": 0}, ""depth"": 1}, ""depth"": 1}, ""right"": {""leaf"": ""1872_other_income_expense_net_current_ytd"", ""depth"": 0}, ""depth"": 2}, ""depth"": 2}, ""right"": {""leaf"": ""1876_provision_for_income_taxes_current_ytd"", ""depth"": 0}, ""depth"": 3}, ""depth"": 3}","{""kind"": ""derived_concept"", ""name"": ""net_income"", ""depth"": 0}",9765.0,4,0,3,917458323,996752221,42,0.503,0,1,4,1844_total_revenues_current_ytd,total_revenues,total revenues,PRD,"Nine Months Ended October 31, 2025",M_USD,64884.0,1864_total_costs_and_expenses_current_ytd,total_costs_and_expenses,total costs and expenses,PRD,"Nine Months Ended October 31, 2025",M_USD,52611.0,1872_other_income_expense_net_current_ytd,other_income_expense_net,other income expense net,PRD,"Nine Months Ended October 31, 2025",M_USD,-189.0,1876_provision_for_income_taxes_current_ytd,provision_for_income_taxes,provision for income taxes,PRD,"Nine Months Ended October 31, 2025",M_USD,2319.0,,,,,,,,,,,,,,,,,,,,,,,,,,,,,,,,,,,,,,,,,,,,,,,,,,,,,,,,,,,,,,,,,,,,,,
542,3,"compute the difference between income before taxes and net cash from financing for PRF in Three Months Ended April 30, 2025 .","diff(income_before_taxes, 2250_net_cash_from_financing_current_ytd)","{""op"": ""diff"", ""left"": {""derived"": ""income_before_taxes"", ""expanded"": {""op"": ""sum"", ""left"": {""derived"": ""operating_income"", ""expanded"": {""op"": ""diff"", ""left"": {""leaf"": ""2166_total_revenues_current_quarter"", ""depth"": 0}, ""right"": {""leaf"": ""2176_total_costs_and_expenses_current_quarter"", ""depth"": 0}, ""depth"": 1}, ""depth"": 1}, ""right"": {""leaf"": ""2180_other_income_expense_net_current_quarter"", ""depth"": 0}, ""depth"": 2}, ""depth"": 2}, ""right"": {""leaf"": ""2250_net_cash_from_financing_current_ytd"", ""depth"": 0}, ""depth"": 3}","{""op"": ""diff"", ""left"": {""kind"": ""derived_concept"", ""name"": ""income_before_taxes"", ""depth"": 0}, ""right"": {""kind"": ""leaf"", ""semantic_type_in"": [""amount""], ""depth"": 0}, ""depth"": 1, ""kind"": ""node""}",152.0,4,1,3,180622050,77153774,42,0.553,1,2,4,2166_total_revenues_current_quarter,total_revenues,total revenues,PRF,"Three Months Ended April 30, 2025",M_USD,1136.0,2176_total_costs_and_expenses_current_quarter,total_costs_and_expenses,total costs and expenses,PRF,"Three Months Ended April 30, 2025",M_USD,1040.0,2180_other_income_expense_net_current_quarter,other_income_expense_net,other income expense net,PRF,"Three Months Ended April 30, 2025",M_USD,-3.0,2250_net_cash_from_financing_current_ytd,net_cash_from_financing,net cash from financing,PRF,"Three Months Ended April 30, 2025",M_USD,-59.0,,,,,,,,,,,,,,,,,,,,,,,,,,,,,,,,,,,,,,,,,,,,,,,,,,,,,,,,,,,,,,,,,,,,,,
550,3,"which result follows from the net income for INF in Six Months Ended July 31, 2024",net_income,"{""derived"": ""net_income"", ""expanded"": {""op"": ""diff"", ""left"": {""derived"": ""income_before_taxes"", ""expanded"": {""op"": ""sum"", ""left"": {""derived"": ""operating_income"", ""expanded"": {""op"": ""diff"", ""left"": {""leaf"": ""3621_total_revenues_prior_year_ytd"", ""depth"": 0}, ""right"": {""leaf"": ""3641_total_costs_and_expenses_prior_year_ytd"", ""depth"": 0}, ""depth"": 1}, ""depth"": 1}, ""right"": {""leaf"": ""3649_other_income_expense_net_prior_year_ytd"", ""depth"": 0}, ""depth"": 2}, ""depth"": 2}, ""right"": {""leaf"": ""3653_provision_for_income_taxes_prior_year_ytd"", ""depth"": 0}, ""depth"": 3}, ""depth"": 3}","{""kind"": ""derived_concept"", ""name"": ""net_income"", ""depth"": 0}",4998.0,5,0,3,800059203,660700524,42,0.478,0,1,4,3621_total_revenues_prior_year_ytd,total_revenues,total revenues,INF,"Six Months Ended July 31, 2024",M_USD,28946.0,3641_total_costs_and_expenses_prior_year_ytd,total_costs_and_expenses,total costs and expenses,INF,"Six Months Ended July 31, 2024",M_USD,23172.0,3649_other_income_expense_net_prior_year_ytd,other_income_expense_net,other income expense net,INF,"Six Months Ended July 31, 2024",M_USD,532.0,3653_provision_for_income_taxes_prior_year_ytd,provision_for_income_taxes,provision for income taxes,INF,"Six Months Ended July 31, 2024",M_USD,1308.0,,,,,,,,,,,,,,,,,,,,,,,,,,,,,,,,,,,,,,,,,,,,,,,,,,,,,,,,,,,,,,,,,,,,,,
607,3,"may you calculate the net income for PLX in Nine Months Ended July 31, 2026",net_income,"{""derived"": ""net_income"", ""expanded"": {""op"": ""diff"", ""left"": {""derived"": ""income_before_taxes"", ""expanded"": {""op"": ""sum"", ""left"": {""derived"": ""operating_income"", ""expanded"": {""op"": ""diff"", ""left"": {""leaf"": ""4208_total_revenues_current_ytd"", ""depth"": 0}, ""right"": {""leaf"": ""4228_total_costs_and_expenses_current_ytd"", ""depth"": 0}, ""depth"": 1}, ""depth"": 1}, ""right"": {""leaf"": ""4236_other_income_expense_net_current_ytd"", ""depth"": 0}, ""depth"": 2}, ""depth"": 2}, ""right"": {""leaf"": ""4240_provision_for_income_taxes_current_ytd"", ""depth"": 0}, ""depth"": 3}, ""depth"": 3}","{""kind"": ""derived_concept"", ""name"": ""net_income"", ""depth"": 0}",21024.0,4,0,3,131344188,225980242,42,0.58,0,1,4,4208_total_revenues_current_ytd,total_revenues,total revenues,PLX,"Nine Months Ended July 31, 2026",M_USD,55560.0,4228_total_costs_and_expenses_current_ytd,total_costs_and_expenses,total costs and expenses,PLX,"Nine Months Ended July 31, 2026",M_USD,31059.0,4236_other_income_expense_net_current_ytd,other_income_expense_net,other income expense net,PLX,"Nine Months Ended July 31, 2026",M_USD,834.0,4240_provision_for_income_taxes_current_ytd,provision_for_income_taxes,provision for income taxes,PLX,"Nine Months Ended July 31, 2026",M_USD,4311.0,,,,,,,,,,,,,,,,,,,,,,,,,,,,,,,,,,,,,,,,,,,,,,,,,,,,,,,,,,,,,,,,,,,,,,
615,3,"which result follows from the total current liabilities for IND in December 31, 2024?",total_current_liabilities,"{""derived"": ""total_current_liabilities"", ""expanded"": {""op"": ""sum"", ""left"": {""op"": ""sum"", ""left"": {""op"": ""sum"", ""left"": {""leaf"": ""1141_accounts_payable_prior_fy_end"", ""depth"": 0}, ""right"": {""leaf"": ""1143_deferred_revenue_current_prior_fy_end"", ""depth"": 0}, ""depth"": 1}, ""right"": {""leaf"": ""1145_accrued_expenses_and_other_prior_fy_end"", ""depth"": 0}, ""depth"": 2}, ""right"": {""leaf"": ""1147_current_portion_of_long_term_debt_prior_fy_end"", ""depth"": 0}, ""depth"": 3}, ""depth"": 3}","{""kind"": ""derived_concept"", ""name"": ""total_current_liabilities"", ""depth"": 0}",11550.0,3,0,3,575982999,118581838,42,0.566,0,1,4,1141_accounts_payable_prior_fy_end,accounts_payable,accounts payable,IND,"December 31, 2024",M_USD,8180.0,1143_deferred_revenue_current_prior_fy_end,deferred_revenue_current,deferred revenue current,IND,"December 31, 2024",M_USD,1002.0,1145_accrued_expenses_and_other_prior_fy_end,accrued_expenses_and_other,accrued expenses and other,IND,"December 31, 2024",M_USD,1403.0,1147_current_portion_of_long_term_debt_prior_fy_end,current_portion_of_long_term_debt,current portion of long term debt,IND,"December 31, 2024",M_USD,965.0,,,,,,,,,,,,,,,,,,,,,,,,,,,,,,,,,,,,,,,,,,,,,,,,,,,,,,,,,,,,,,,,,,,,,,
619,3,"Provide the net income for SUP in Three Months Ended April 30, 2024.",net_income,"{""derived"": ""net_income"", ""expanded"": {""op"": ""diff"", ""left"": {""derived"": ""income_before_taxes"", ""expanded"": {""op"": ""sum"", ""left"": {""derived"": ""operating_income"", ""expanded"": {""op"": ""diff"", ""left"": {""leaf"": ""969_total_revenues_prior_year_quarter"", ""depth"": 0}, ""right"": {""leaf"": ""979_total_costs_and_expenses_prior_year_quarter"", ""depth"": 0}, ""depth"": 1}, ""depth"": 1}, ""right"": {""leaf"": ""983_other_income_expense_net_prior_year_quarter"", ""depth"": 0}, ""depth"": 2}, ""depth"": 2}, ""right"": {""leaf"": ""985_provision_for_income_taxes_prior_year_quarter"", ""depth"": 0}, ""depth"": 3}, ""depth"": 3}","{""kind"": ""derived_concept"", ""name"": ""net_income"", ""depth"": 0}",714.0,4,0,3,227775214,28286167,42,0.215,0,1,4,969_total_revenues_prior_year_quarter,total_revenues,total revenues,SUP,"Three Months Ended April 30, 2024",M_USD,19739.0,979_total_costs_and_expenses_prior_year_quarter,total_costs_and_expenses,total costs and expenses,SUP,"Three Months Ended April 30, 2024",M_USD,18631.0,983_other_income_expense_net_prior_year_quarter,other_income_expense_net,other income expense net,SUP,"Three Months Ended April 30, 2024",M_USD,-159.0,985_provision_for_income_taxes_prior_year_quarter,provision_for_income_taxes,provision for income taxes,SUP,"Three Months Ended April 30, 2024",M_USD,235.0,,,,,,,,,,,,,,,,,,,,,,,,,,,,,,,,,,,,,,,,,,,,,,,,,,,,,,,,,,,,,,,,,,,,,,
630,3,"whats the value of the total current liabilities for CRZ in December 31, 2024?",total_current_liabilities,"{""derived"": ""total_current_liabilities"", ""expanded"": {""op"": ""sum"", ""left"": {""op"": ""sum"", ""left"": {""op"": ""sum"", ""left"": {""leaf"": ""5043_accounts_payable_prior_fy_end"", ""depth"": 0}, ""right"": {""leaf"": ""5045_deferred_revenue_current_prior_fy_end"", ""depth"": 0}, ""depth"": 1}, ""right"": {""leaf"": ""5047_accrued_expenses_and_other_prior_fy_end"", ""depth"": 0}, ""depth"": 2}, ""right"": {""leaf"": ""5049_current_portion_of_long_term_debt_prior_fy_end"", ""depth"": 0}, ""depth"": 3}, ""depth"": 3}","{""kind"": ""derived_concept"", ""name"": ""total_current_liabilities"", ""depth"": 0}",3519.0,3,0,3,320138439,157382865,42,0.447,0,1,4,5043_accounts_payable_prior_fy_end,accounts_payable,accounts payable,CRZ,"December 31, 2024",M_USD,1841.0,5045_deferred_revenue_current_prior_fy_end,deferred_revenue_current,deferred revenue current,CRZ,"December 31, 2024",M_USD,441.0,5047_accrued_expenses_and_other_prior_fy_end,accrued_expenses_and_other,accrued expenses and other,CRZ,"December 31, 2024",M_USD,809.0,5049_current_portion_of_long_term_debt_prior_fy_end,current_portion_of_long_term_debt,current portion of long term debt,CRZ,"December 31, 2024",M_USD,428.0,,,,,,,,,,,,,,,,,,,,,,,,,,,,,,,,,,,,,,,,,,,,,,,,,,,,,,,,,,,,,,,,,,,,,,
636,3,"calculate the total current liabilities for DTA in December 31, 2024.",total_current_liabilities,"{""derived"": ""total_current_liabilities"", ""expanded"": {""op"": ""sum"", ""left"": {""op"": ""sum"", ""left"": {""op"": ""sum"", ""left"": {""leaf"": ""4431_accounts_payable_prior_fy_end"", ""depth"": 0}, ""right"": {""leaf"": ""4433_deferred_revenue_current_prior_fy_end"", ""depth"": 0}, ""depth"": 1}, ""right"": {""leaf"": ""4435_accrued_expenses_and_other_prior_fy_end"", ""depth"": 0}, ""depth"": 2}, ""right"": {""leaf"": ""4437_current_portion_of_long_term_debt_prior_fy_end"", ""depth"": 0}, ""depth"": 3}, ""depth"": 3}","{""kind"": ""derived_concept"", ""name"": ""total_current_liabilities"", ""depth"": 0}",8800.0,5,0,3,870920261,122341156,42,0.426,0,1,4,4431_accounts_payable_prior_fy_end,accounts_payable,accounts payable,DTA,"December 31, 2024",M_USD,5200.0,4433_deferred_revenue_current_prior_fy_end,deferred_revenue_current,deferred revenue current,DTA,"December 31, 2024",M_USD,905.0,4435_accrued_expenses_and_other_prior_fy_end,accrued_expenses_and_other,accrued expenses and other,DTA,"December 31, 2024",M_USD,1645.0,4437_current_portion_of_long_term_debt_prior_fy_end,current_portion_of_long_term_debt,current portion of long term debt,DTA,"December 31, 2024",M_USD,1050.0,,,,,,,,,,,,,,,,,,,,,,,,,,,,,,,,,,,,,,,,,,,,,,,,,,,,,,,,,,,,,,,,,,,,,,
647,3,"calculate the net income for CLR in Nine Months Ended October 31, 2024",net_income,"{""derived"": ""net_income"", ""expanded"": {""op"": ""diff"", ""left"": {""derived"": ""income_before_taxes"", ""expanded"": {""op"": ""sum"", ""left"": {""derived"": ""operating_income"", ""expanded"": {""op"": ""diff"", ""left"": {""leaf"": ""135_total_revenues_prior_year_ytd"", ""depth"": 0}, ""right"": {""leaf"": ""155_total_costs_and_expenses_prior_year_ytd"", ""depth"": 0}, ""depth"": 1}, ""depth"": 1}, ""right"": {""leaf"": ""163_other_income_expense_net_prior_year_ytd"", ""depth"": 0}, ""depth"": 2}, ""depth"": 2}, ""right"": {""leaf"": ""167_provision_for_income_taxes_prior_year_ytd"", ""depth"": 0}, ""depth"": 3}, ""depth"": 3}","{""kind"": ""derived_concept"", ""name"": ""net_income"", ""depth"": 0}",5280.0,4,0,3,659860949,956215114,42,0.477,0,1,4,135_total_revenues_prior_year_ytd,total_revenues,total revenues,CLR,"Nine Months Ended October 31, 2024",M_USD,27159.0,155_total_costs_and_expenses_prior_year_ytd,total_costs_and_expenses,total costs and expenses,CLR,"Nine Months Ended October 31, 2024",M_USD,20568.0,163_other_income_expense_net_prior_year_ytd,other_income_expense_net,other income expense net,CLR,"Nine Months Ended October 31, 2024",M_USD,-153.0,167_provision_for_income_taxes_prior_year_ytd,provision_for_income_taxes,provision for income taxes,CLR,"Nine Months Ended October 31, 2024",M_USD,1158.0,,,,,,,,,,,,,,,,,,,,,,,,,,,,,,,,,,,,,,,,,,,,,,,,,,,,,,,,,,,,,,,,,,,,,,
650,3,"compute the total current liabilities for WNG in December 31, 2024.",total_current_liabilities,"{""derived"": ""total_current_liabilities"", ""expanded"": {""op"": ""sum"", ""left"": {""op"": ""sum"", ""left"": {""op"": ""sum"", ""left"": {""leaf"": ""7505_accounts_payable_prior_fy_end"", ""depth"": 0}, ""right"": {""leaf"": ""7507_deferred_revenue_current_prior_fy_end"", ""depth"": 0}, ""depth"": 1}, ""right"": {""leaf"": ""7509_accrued_expenses_and_other_prior_fy_end"", ""depth"": 0}, ""depth"": 2}, ""right"": {""leaf"": ""7511_current_portion_of_long_term_debt_prior_fy_end"", ""depth"": 0}, ""depth"": 3}, ""depth"": 3}","{""kind"": ""derived_concept"", ""name"": ""total_current_liabilities"", ""depth"": 0}",5263.0,3,0,3,582632564,248594136,42,0.357,0,1,4,7505_accounts_payable_prior_fy_end,accounts_payable,accounts payable,WNG,"December 31, 2024",M_USD,2884.0,7507_deferred_revenue_current_prior_fy_end,deferred_revenue_current,deferred revenue current,WNG,"December 31, 2024",M_USD,758.0,7509_accrued_expenses_and_other_prior_fy_end,accrued_expenses_and_other,accrued expenses and other,WNG,"December 31, 2024",M_USD,1048.0,7511_current_portion_of_long_term_debt_prior_fy_end,current_portion_of_long_term_debt,current portion of long term debt,WNG,"December 31, 2024",M_USD,573.0,,,,,,,,,,,,,,,,,,,,,,,,,,,,,,,,,,,,,,,,,,,,,,,,,,,,,,,,,,,,,,,,,,,,,,
657,3,"Determine the difference between ratio of sum of current portion of long term debt for WHL in December 31, 2024 and current portion of long term debt for WHL in July 31, 2025 to 2.0 and minimum of cash and cash equivalents for WHL from December 31, 2024 to July 31, 2025","diff(ratio(sum(7377_current_portion_of_long_term_debt_prior_fy_end, 7376_current_portion_of_long_term_debt_current_quarter_end), 2.0), min(7347_cash_and_cash_equivalents_prior_fy_end, 7346_cash_and_cash_equivalents_current_quarter_end))","{""op"": ""diff"", ""left"": {""op"": ""ratio"", ""left"": {""op"": ""sum"", ""left"": {""leaf"": ""7377_current_portion_of_long_term_debt_prior_fy_end"", ""depth"": 0}, ""right"": {""leaf"": ""7376_current_portion_of_long_term_debt_current_quarter_end"", ""depth"": 0}, ""depth"": 1}, ""right"": {""literal"": 2.0, ""depth"": 0}, ""depth"": 2}, ""right"": {""op"": ""min"", ""left"": {""leaf"": ""7347_cash_and_cash_equivalents_prior_fy_end"", ""depth"": 0}, ""right"": {""leaf"": ""7346_cash_and_cash_equivalents_current_quarter_end"", ""depth"": 0}, ""depth"": 1}, ""depth"": 3}","{""op"": ""diff"", ""left"": {""kind"": ""time_agg"", ""op"": ""avg"", ""depth"": 0}, ""right"": {""kind"": ""time_agg"", ""op"": ""min"", ""depth"": 0}, ""depth"": 1, ""kind"": ""node""}",-183.0,2,1,3,870665893,411677430,42,0.435,1,2,4,7377_current_portion_of_long_term_debt_prior_fy_end,current_portion_of_long_term_debt,current portion of long term debt,WHL,"December 31, 2024",M_USD,638.0,7376_current_portion_of_long_term_debt_current_quarter_end,current_portion_of_long_term_debt,current portion of long term debt,WHL,"July 31, 2025",M_USD,672.0,7347_cash_and_cash_equivalents_prior_fy_end,cash_and_cash_equivalents,cash and cash equivalents,WHL,"December 31, 2024",M_USD,838.0,7346_cash_and_cash_equivalents_current_quarter_end,cash_and_cash_equivalents,cash and cash equivalents,WHL,"July 31, 2025",M_USD,883.0,,,,,,,,,,,,,,,,,,,,,,,,,,,,,,,,,,,,,,,,,,,,,,,,,,,,,,,,,,,,,,,,,,,,,,
684,3,"you should give the total current liabilities for GBL in April 30, 2025",total_current_liabilities,"{""derived"": ""total_current_liabilities"", ""expanded"": {""op"": ""sum"", ""left"": {""op"": ""sum"", ""left"": {""op"": ""sum"", ""left"": {""leaf"": ""6812_accounts_payable_current_quarter_end"", ""depth"": 0}, ""right"": {""leaf"": ""6814_deferred_revenue_current_current_quarter_end"", ""depth"": 0}, ""depth"": 1}, ""right"": {""leaf"": ""6816_accrued_expenses_and_other_current_quarter_end"", ""depth"": 0}, ""depth"": 2}, ""right"": {""leaf"": ""6818_current_portion_of_long_term_debt_current_quarter_end"", ""depth"": 0}, ""depth"": 3}, ""depth"": 3}","{""kind"": ""derived_concept"", ""name"": ""total_current_liabilities"", ""depth"": 0}",22326.0,3,0,3,520151626,104451060,42,0.145,0,1,4,6812_accounts_payable_current_quarter_end,accounts_payable,accounts payable,GBL,"April 30, 2025",M_USD,16988.0,6814_deferred_revenue_current_current_quarter_end,deferred_revenue_current,deferred revenue current,GBL,"April 30, 2025",M_USD,1664.0,6816_accrued_expenses_and_other_current_quarter_end,accrued_expenses_and_other,accrued expenses and other,GBL,"April 30, 2025",M_USD,1732.0,6818_current_portion_of_long_term_debt_current_quarter_end,current_portion_of_long_term_debt,current portion of long term debt,GBL,"April 30, 2025",M_USD,1942.0,,,,,,,,,,,,,,,,,,,,,,,,,,,,,,,,,,,,,,,,,,,,,,,,,,,,,,,,,,,,,,,,,,,,,,
690,3,"What do we obtain as the total current liabilities for FNB in December 31, 2024?",total_current_liabilities,"{""derived"": ""total_current_liabilities"", ""expanded"": {""op"": ""sum"", ""left"": {""op"": ""sum"", ""left"": {""op"": ""sum"", ""left"": {""leaf"": ""6141_accounts_payable_prior_fy_end"", ""depth"": 0}, ""right"": {""leaf"": ""6143_deferred_revenue_current_prior_fy_end"", ""depth"": 0}, ""depth"": 1}, ""right"": {""leaf"": ""6145_accrued_expenses_and_other_prior_fy_end"", ""depth"": 0}, ""depth"": 2}, ""right"": {""leaf"": ""6147_current_portion_of_long_term_debt_prior_fy_end"", ""depth"": 0}, ""depth"": 3}, ""depth"": 3}","{""kind"": ""derived_concept"", ""name"": ""total_current_liabilities"", ""depth"": 0}",3719.0,2,0,3,466560826,412652548,42,0.388,0,1,4,6141_accounts_payable_prior_fy_end,accounts_payable,accounts payable,FNB,"December 31, 2024",M_USD,1738.0,6143_deferred_revenue_current_prior_fy_end,deferred_revenue_current,deferred revenue current,FNB,"December 31, 2024",M_USD,598.0,6145_accrued_expenses_and_other_prior_fy_end,accrued_expenses_and_other,accrued expenses and other,FNB,"December 31, 2024",M_USD,1014.0,6147_current_portion_of_long_term_debt_prior_fy_end,current_portion_of_long_term_debt,current portion of long term debt,FNB,"December 31, 2024",M_USD,369.0,,,,,,,,,,,,,,,,,,,,,,,,,,,,,,,,,,,,,,,,,,,,,,,,,,,,,,,,,,,,,,,,,,,,,,
699,3,"what would be the net income for CRZ in Nine Months Ended October 31, 2025",net_income,"{""derived"": ""net_income"", ""expanded"": {""op"": ""diff"", ""left"": {""derived"": ""income_before_taxes"", ""expanded"": {""op"": ""sum"", ""left"": {""derived"": ""operating_income"", ""expanded"": {""op"": ""diff"", ""left"": {""leaf"": ""4976_total_revenues_current_ytd"", ""depth"": 0}, ""right"": {""leaf"": ""4992_total_costs_and_expenses_current_ytd"", ""depth"": 0}, ""depth"": 1}, ""depth"": 1}, ""right"": {""leaf"": ""5000_other_income_expense_net_current_ytd"", ""depth"": 0}, ""depth"": 2}, ""depth"": 2}, ""right"": {""leaf"": ""5004_provision_for_income_taxes_current_ytd"", ""depth"": 0}, ""depth"": 3}, ""depth"": 3}","{""kind"": ""derived_concept"", ""name"": ""net_income"", ""depth"": 0}",4128.0,5,0,3,550823958,302622254,42,0.203,0,1,4,4976_total_revenues_current_ytd,total_revenues,total revenues,CRZ,"Nine Months Ended October 31, 2025",M_USD,25683.0,4992_total_costs_and_expenses_current_ytd,total_costs_and_expenses,total costs and expenses,CRZ,"Nine Months Ended October 31, 2025",M_USD,19845.0,5000_other_income_expense_net_current_ytd,other_income_expense_net,other income expense net,CRZ,"Nine Months Ended October 31, 2025",M_USD,-561.0,5004_provision_for_income_taxes_current_ytd,provision_for_income_taxes,provision for income taxes,CRZ,"Nine Months Ended October 31, 2025",M_USD,1149.0,,,,,,,,,,,,,,,,,,,,,,,,,,,,,,,,,,,,,,,,,,,,,,,,,,,,,,,,,,,,,,,,,,,,,,
719,3,"you should calculate the total current liabilities for GBL in December 31, 2024",total_current_liabilities,"{""derived"": ""total_current_liabilities"", ""expanded"": {""op"": ""sum"", ""left"": {""op"": ""sum"", ""left"": {""op"": ""sum"", ""left"": {""leaf"": ""6813_accounts_payable_prior_fy_end"", ""depth"": 0}, ""right"": {""leaf"": ""6815_deferred_revenue_current_prior_fy_end"", ""depth"": 0}, ""depth"": 1}, ""right"": {""leaf"": ""6817_accrued_expenses_and_other_prior_fy_end"", ""depth"": 0}, ""depth"": 2}, ""right"": {""leaf"": ""6819_current_portion_of_long_term_debt_prior_fy_end"", ""depth"": 0}, ""depth"": 3}, ""depth"": 3}","{""kind"": ""derived_concept"", ""name"": ""total_current_liabilities"", ""depth"": 0}",19275.0,4,0,3,853519900,719170430,42,0.466,0,1,4,6813_accounts_payable_prior_fy_end,accounts_payable,accounts payable,GBL,"December 31, 2024",M_USD,14666.0,6815_deferred_revenue_current_prior_fy_end,deferred_revenue_current,deferred revenue current,GBL,"December 31, 2024",M_USD,1437.0,6817_accrued_expenses_and_other_prior_fy_end,accrued_expenses_and_other,accrued expenses and other,GBL,"December 31, 2024",M_USD,1495.0,6819_current_portion_of_long_term_debt_prior_fy_end,current_portion_of_long_term_debt,current portion of long term debt,GBL,"December 31, 2024",M_USD,1677.0,,,,,,,,,,,,,,,,,,,,,,,,,,,,,,,,,,,,,,,,,,,,,,,,,,,,,,,,,,,,,,,,,,,,,,
730,3,"could you give the net income for MTX in Three Months Ended October 31, 2025?",net_income,"{""derived"": ""net_income"", ""expanded"": {""op"": ""diff"", ""left"": {""derived"": ""income_before_taxes"", ""expanded"": {""op"": ""sum"", ""left"": {""derived"": ""operating_income"", ""expanded"": {""op"": ""diff"", ""left"": {""leaf"": ""5314_total_revenues_current_quarter"", ""depth"": 0}, ""right"": {""leaf"": ""5334_total_costs_and_expenses_current_quarter"", ""depth"": 0}, ""depth"": 1}, ""depth"": 1}, ""right"": {""leaf"": ""5342_other_income_expense_net_current_quarter"", ""depth"": 0}, ""depth"": 2}, ""depth"": 2}, ""right"": {""leaf"": ""5346_provision_for_income_taxes_current_quarter"", ""depth"": 0}, ""depth"": 3}, ""depth"": 3}","{""kind"": ""derived_concept"", ""name"": ""net_income"", ""depth"": 0}",2954.0,5,0,3,942893839,161692776,42,0.261,0,1,4,5314_total_revenues_current_quarter,total_revenues,total revenues,MTX,"Three Months Ended October 31, 2025",M_USD,24484.0,5334_total_costs_and_expenses_current_quarter,total_costs_and_expenses,total costs and expenses,MTX,"Three Months Ended October 31, 2025",M_USD,20709.0,5342_other_income_expense_net_current_quarter,other_income_expense_net,other income expense net,MTX,"Three Months Ended October 31, 2025",M_USD,107.0,5346_provision_for_income_taxes_current_quarter,provision_for_income_taxes,provision for income taxes,MTX,"Three Months Ended October 31, 2025",M_USD,928.0,,,,,,,,,,,,,,,,,,,,,,,,,,,,,,,,,,,,,,,,,,,,,,,,,,,,,,,,,,,,,,,,,,,,,,
733,3,"What is the value of the total current liabilities for BNK in October 31, 2025?",total_current_liabilities,"{""derived"": ""total_current_liabilities"", ""expanded"": {""op"": ""sum"", ""left"": {""op"": ""sum"", ""left"": {""op"": ""sum"", ""left"": {""leaf"": ""4714_accounts_payable_current_quarter_end"", ""depth"": 0}, ""right"": {""leaf"": ""4716_deferred_revenue_current_current_quarter_end"", ""depth"": 0}, ""depth"": 1}, ""right"": {""leaf"": ""4718_accrued_expenses_and_other_current_quarter_end"", ""depth"": 0}, ""depth"": 2}, ""right"": {""leaf"": ""4720_current_portion_of_long_term_debt_current_quarter_end"", ""depth"": 0}, ""depth"": 3}, ""depth"": 3}","{""kind"": ""derived_concept"", ""name"": ""total_current_liabilities"", ""depth"": 0}",3715.0,3,0,3,434194513,559490814,42,0.37,0,1,4,4714_accounts_payable_current_quarter_end,accounts_payable,accounts payable,BNK,"October 31, 2025",M_USD,1954.0,4716_deferred_revenue_current_current_quarter_end,deferred_revenue_current,deferred revenue current,BNK,"October 31, 2025",M_USD,728.0,4718_accrued_expenses_and_other_current_quarter_end,accrued_expenses_and_other,accrued expenses and other,BNK,"October 31, 2025",M_USD,631.0,4720_current_portion_of_long_term_debt_current_quarter_end,current_portion_of_long_term_debt,current portion of long term debt,BNK,"October 31, 2025",M_USD,402.0,,,,,,,,,,,,,,,,,,,,,,,,,,,,,,,,,,,,,,,,,,,,,,,,,,,,,,,,,,,,,,,,,,,,,,
744,3,"Whats the value of the sum of change in other working capital and income before taxes for CRX in Three Months Ended January 31, 2025?","sum(4613_change_in_other_working_capital_prior_ytd, income_before_taxes)","{""op"": ""sum"", ""left"": {""leaf"": ""4613_change_in_other_working_capital_prior_ytd"", ""depth"": 0}, ""right"": {""derived"": ""income_before_taxes"", ""expanded"": {""op"": ""sum"", ""left"": {""derived"": ""operating_income"", ""expanded"": {""op"": ""diff"", ""left"": {""leaf"": ""4515_total_revenues_prior_year_quarter"", ""depth"": 0}, ""right"": {""leaf"": ""4525_total_costs_and_expenses_prior_year_quarter"", ""depth"": 0}, ""depth"": 1}, ""depth"": 1}, ""right"": {""leaf"": ""4529_other_income_expense_net_prior_year_quarter"", ""depth"": 0}, ""depth"": 2}, ""depth"": 2}, ""depth"": 3}","{""op"": ""sum"", ""left"": {""kind"": ""leaf"", ""semantic_type_in"": [""amount""], ""depth"": 0}, ""right"": {""kind"": ""derived_concept"", ""name"": ""income_before_taxes"", ""depth"": 0}, ""depth"": 1, ""kind"": ""node""}",19383.0,4,1,3,712872184,839061440,42,0.407,1,2,4,4613_change_in_other_working_capital_prior_ytd,change_in_other_working_capital,change in other working capital,CRX,"Three Months Ended January 31, 2025",M_USD,398.0,4515_total_revenues_prior_year_quarter,total_revenues,total revenues,CRX,"Three Months Ended January 31, 2025",M_USD,38718.0,4525_total_costs_and_expenses_prior_year_quarter,total_costs_and_expenses,total costs and expenses,CRX,"Three Months Ended January 31, 2025",M_USD,19920.0,4529_other_income_expense_net_prior_year_quarter,other_income_expense_net,other income expense net,CRX,"Three Months Ended January 31, 2025",M_USD,187.0,,,,,,,,,,,,,,,,,,,,,,,,,,,,,,,,,,,,,,,,,,,,,,,,,,,,,,,,,,,,,,,,,,,,,,
767,3,"whats the value of the result of effect of exchange rate on cash scaled by ratio of free cash flow to gross profit for CNS in Three Months Ended April 30, 2024","mul(6055_effect_of_exchange_rate_on_cash_prior_ytd, ratio(free_cash_flow, gross_profit))","{""op"": ""mul"", ""left"": {""leaf"": ""6055_effect_of_exchange_rate_on_cash_prior_ytd"", ""depth"": 0}, ""right"": {""op"": ""ratio"", ""left"": {""derived"": ""free_cash_flow"", ""expanded"": {""op"": ""sum"", ""left"": {""leaf"": ""6011_net_cash_from_operating_prior_ytd"", ""depth"": 0}, ""right"": {""leaf"": ""6013_capital_expenditures_prior_ytd"", ""depth"": 0}, ""depth"": 1}, ""depth"": 1}, ""right"": {""derived"": ""gross_profit"", ""expanded"": {""op"": ""diff"", ""left"": {""leaf"": ""5941_total_revenues_prior_year_quarter"", ""depth"": 0}, ""right"": {""leaf"": ""5943_cost_of_sales_prior_year_quarter"", ""depth"": 0}, ""depth"": 1}, ""depth"": 1}, ""depth"": 2}, ""depth"": 3}","{""op"": ""mul"", ""left"": {""kind"": ""leaf"", ""semantic_type_in"": [""amount""], ""depth"": 0}, ""right"": {""op"": ""ratio"", ""left"": {""kind"": ""derived_concept"", ""name"": ""free_cash_flow"", ""depth"": 0}, ""right"": {""kind"": ""derived_concept"", ""name"": ""gross_profit"", ""depth"": 0}, ""depth"": 1, ""kind"": ""node""}, ""depth"": 2, ""kind"": ""node""}",-1.3388090349075976,4,2,3,120869197,3274583,42,0.526,2,3,5,6055_effect_of_exchange_rate_on_cash_prior_ytd,effect_of_exchange_rate_on_cash,effect of exchange rate on cash,CNS,"Three Months Ended April 30, 2024",M_USD,-4.0,6011_net_cash_from_operating_prior_ytd,net_cash_from_operating,net cash from operating,CNS,"Three Months Ended April 30, 2024",M_USD,1005.0,6013_capital_expenditures_prior_ytd,capital_expenditures,capital expenditures,CNS,"Three Months Ended April 30, 2024",M_USD,-190.0,5941_total_revenues_prior_year_quarter,total_revenues,total revenues,CNS,"Three Months Ended April 30, 2024",M_USD,6106.0,5943_cost_of_sales_prior_year_quarter,cost_of_sales,cost of sales,CNS,"Three Months Ended April 30, 2024",M_USD,3671.0,,,,,,,,,,,,,,,,,,,,,,,,,,,,,,,,,,,,,,,,,,,,,,,,,,,,,,,,,,,,,,,
784,3,"Give the total current liabilities for STR in December 31, 2024 .",total_current_liabilities,"{""derived"": ""total_current_liabilities"", ""expanded"": {""op"": ""sum"", ""left"": {""op"": ""sum"", ""left"": {""op"": ""sum"", ""left"": {""leaf"": ""3339_accounts_payable_prior_fy_end"", ""depth"": 0}, ""right"": {""leaf"": ""3341_deferred_revenue_current_prior_fy_end"", ""depth"": 0}, ""depth"": 1}, ""right"": {""leaf"": ""3343_accrued_expenses_and_other_prior_fy_end"", ""depth"": 0}, ""depth"": 2}, ""right"": {""leaf"": ""3345_current_portion_of_long_term_debt_prior_fy_end"", ""depth"": 0}, ""depth"": 3}, ""depth"": 3}","{""kind"": ""derived_concept"", ""name"": ""total_current_liabilities"", ""depth"": 0}",4432.0,2,0,3,783133708,165839848,42,0.458,0,1,4,3339_accounts_payable_prior_fy_end,accounts_payable,accounts payable,STR,"December 31, 2024",M_USD,2859.0,3341_deferred_revenue_current_prior_fy_end,deferred_revenue_current,deferred revenue current,STR,"December 31, 2024",M_USD,293.0,3343_accrued_expenses_and_other_prior_fy_end,accrued_expenses_and_other,accrued expenses and other,STR,"December 31, 2024",M_USD,605.0,3345_current_portion_of_long_term_debt_prior_fy_end,current_portion_of_long_term_debt,current portion of long term debt,STR,"December 31, 2024",M_USD,675.0,,,,,,,,,,,,,,,,,,,,,,,,,,,,,,,,,,,,,,,,,,,,,,,,,,,,,,,,,,,,,,,,,,,,,,
819,3,"which quantity is given by the total current liabilities for MED in October 31, 2025",total_current_liabilities,"{""derived"": ""total_current_liabilities"", ""expanded"": {""op"": ""sum"", ""left"": {""op"": ""sum"", ""left"": {""op"": ""sum"", ""left"": {""leaf"": ""1288_accounts_payable_current_quarter_end"", ""depth"": 0}, ""right"": {""leaf"": ""1290_deferred_revenue_current_current_quarter_end"", ""depth"": 0}, ""depth"": 1}, ""right"": {""leaf"": ""1292_accrued_expenses_and_other_current_quarter_end"", ""depth"": 0}, ""depth"": 2}, ""right"": {""leaf"": ""1294_current_portion_of_long_term_debt_current_quarter_end"", ""depth"": 0}, ""depth"": 3}, ""depth"": 3}","{""kind"": ""derived_concept"", ""name"": ""total_current_liabilities"", ""depth"": 0}",3840.0,4,0,3,118329002,102909368,42,0.4,0,1,4,1288_accounts_payable_current_quarter_end,accounts_payable,accounts payable,MED,"October 31, 2025",M_USD,2572.0,1290_deferred_revenue_current_current_quarter_end,deferred_revenue_current,deferred revenue current,MED,"October 31, 2025",M_USD,460.0,1292_accrued_expenses_and_other_current_quarter_end,accrued_expenses_and_other,accrued expenses and other,MED,"October 31, 2025",M_USD,500.0,1294_current_portion_of_long_term_debt_current_quarter_end,current_portion_of_long_term_debt,current portion of long term debt,MED,"October 31, 2025",M_USD,308.0,,,,,,,,,,,,,,,,,,,,,,,,,,,,,,,,,,,,,,,,,,,,,,,,,,,,,,,,,,,,,,,,,,,,,,
827,3,"You should calculate the net income for VRX in Six Months Ended July 31, 2024 .",net_income,"{""derived"": ""net_income"", ""expanded"": {""op"": ""diff"", ""left"": {""derived"": ""income_before_taxes"", ""expanded"": {""op"": ""sum"", ""left"": {""derived"": ""operating_income"", ""expanded"": {""op"": ""diff"", ""left"": {""leaf"": ""2961_total_revenues_prior_year_ytd"", ""depth"": 0}, ""right"": {""leaf"": ""2981_total_costs_and_expenses_prior_year_ytd"", ""depth"": 0}, ""depth"": 1}, ""depth"": 1}, ""right"": {""leaf"": ""2989_other_income_expense_net_prior_year_ytd"", ""depth"": 0}, ""depth"": 2}, ""depth"": 2}, ""right"": {""leaf"": ""2993_provision_for_income_taxes_prior_year_ytd"", ""depth"": 0}, ""depth"": 3}, ""depth"": 3}","{""kind"": ""derived_concept"", ""name"": ""net_income"", ""depth"": 0}",2426.0,4,0,3,238144895,155659711,42,0.33,0,1,4,2961_total_revenues_prior_year_ytd,total_revenues,total revenues,VRX,"Six Months Ended July 31, 2024",M_USD,34142.0,2981_total_costs_and_expenses_prior_year_ytd,total_costs_and_expenses,total costs and expenses,VRX,"Six Months Ended July 31, 2024",M_USD,30762.0,2989_other_income_expense_net_prior_year_ytd,other_income_expense_net,other income expense net,VRX,"Six Months Ended July 31, 2024",M_USD,-568.0,2993_provision_for_income_taxes_prior_year_ytd,provision_for_income_taxes,provision for income taxes,VRX,"Six Months Ended July 31, 2024",M_USD,386.0,,,,,,,,,,,,,,,,,,,,,,,,,,,,,,,,,,,,,,,,,,,,,,,,,,,,,,,,,,,,,,,,,,,,,,
836,3,"provide the net income for TPH in Nine Months Ended October 31, 2025.",net_income,"{""derived"": ""net_income"", ""expanded"": {""op"": ""diff"", ""left"": {""derived"": ""income_before_taxes"", ""expanded"": {""op"": ""sum"", ""left"": {""derived"": ""operating_income"", ""expanded"": {""op"": ""diff"", ""left"": {""leaf"": ""2464_total_revenues_current_ytd"", ""depth"": 0}, ""right"": {""leaf"": ""2484_total_costs_and_expenses_current_ytd"", ""depth"": 0}, ""depth"": 1}, ""depth"": 1}, ""right"": {""leaf"": ""2492_other_income_expense_net_current_ytd"", ""depth"": 0}, ""depth"": 2}, ""depth"": 2}, ""right"": {""leaf"": ""2496_provision_for_income_taxes_current_ytd"", ""depth"": 0}, ""depth"": 3}, ""depth"": 3}","{""kind"": ""derived_concept"", ""name"": ""net_income"", ""depth"": 0}",14382.0,4,0,3,892771105,24716717,42,0.299,0,1,4,2464_total_revenues_current_ytd,total_revenues,total revenues,TPH,"Nine Months Ended October 31, 2025",M_USD,60027.0,2484_total_costs_and_expenses_current_ytd,total_costs_and_expenses,total costs and expenses,TPH,"Nine Months Ended October 31, 2025",M_USD,43446.0,2492_other_income_expense_net_current_ytd,other_income_expense_net,other income expense net,TPH,"Nine Months Ended October 31, 2025",M_USD,414.0,2496_provision_for_income_taxes_current_ytd,provision_for_income_taxes,provision for income taxes,TPH,"Nine Months Ended October 31, 2025",M_USD,2613.0,,,,,,,,,,,,,,,,,,,,,,,,,,,,,,,,,,,,,,,,,,,,,,,,,,,,,,,,,,,,,,,,,,,,,,
852,3,"you should calculate the net income for CIV in Nine Months Ended October 31, 2024",net_income,"{""derived"": ""net_income"", ""expanded"": {""op"": ""diff"", ""left"": {""derived"": ""income_before_taxes"", ""expanded"": {""op"": ""sum"", ""left"": {""derived"": ""operating_income"", ""expanded"": {""op"": ""diff"", ""left"": {""leaf"": ""2801_total_revenues_prior_year_ytd"", ""depth"": 0}, ""right"": {""leaf"": ""2821_total_costs_and_expenses_prior_year_ytd"", ""depth"": 0}, ""depth"": 1}, ""depth"": 1}, ""right"": {""leaf"": ""2829_other_income_expense_net_prior_year_ytd"", ""depth"": 0}, ""depth"": 2}, ""depth"": 2}, ""right"": {""leaf"": ""2833_provision_for_income_taxes_prior_year_ytd"", ""depth"": 0}, ""depth"": 3}, ""depth"": 3}","{""kind"": ""derived_concept"", ""name"": ""net_income"", ""depth"": 0}",672.0,4,0,3,589466024,908140325,42,0.132,0,1,4,2801_total_revenues_prior_year_ytd,total_revenues,total revenues,CIV,"Nine Months Ended October 31, 2024",M_USD,9936.0,2821_total_costs_and_expenses_prior_year_ytd,total_costs_and_expenses,total costs and expenses,CIV,"Nine Months Ended October 31, 2024",M_USD,9054.0,2829_other_income_expense_net_prior_year_ytd,other_income_expense_net,other income expense net,CIV,"Nine Months Ended October 31, 2024",M_USD,3.0,2833_provision_for_income_taxes_prior_year_ytd,provision_for_income_taxes,provision for income taxes,CIV,"Nine Months Ended October 31, 2024",M_USD,213.0,,,,,,,,,,,,,,,,,,,,,,,,,,,,,,,,,,,,,,,,,,,,,,,,,,,,,,,,,,,,,,,,,,,,,,
856,3,"what is the value of the net income for BRX in Three Months Ended July 31, 2024?",net_income,"{""derived"": ""net_income"", ""expanded"": {""op"": ""diff"", ""left"": {""derived"": ""income_before_taxes"", ""expanded"": {""op"": ""sum"", ""left"": {""derived"": ""operating_income"", ""expanded"": {""op"": ""diff"", ""left"": {""leaf"": ""469_total_revenues_prior_year_quarter"", ""depth"": 0}, ""right"": {""leaf"": ""489_total_costs_and_expenses_prior_year_quarter"", ""depth"": 0}, ""depth"": 1}, ""depth"": 1}, ""right"": {""leaf"": ""497_other_income_expense_net_prior_year_quarter"", ""depth"": 0}, ""depth"": 2}, ""depth"": 2}, ""right"": {""leaf"": ""501_provision_for_income_taxes_prior_year_quarter"", ""depth"": 0}, ""depth"": 3}, ""depth"": 3}","{""kind"": ""derived_concept"", ""name"": ""net_income"", ""depth"": 0}",12057.0,4,0,3,928313156,402860316,42,0.192,0,1,4,469_total_revenues_prior_year_quarter,total_revenues,total revenues,BRX,"Three Months Ended July 31, 2024",M_USD,68239.0,489_total_costs_and_expenses_prior_year_quarter,total_costs_and_expenses,total costs and expenses,BRX,"Three Months Ended July 31, 2024",M_USD,52498.0,497_other_income_expense_net_prior_year_quarter,other_income_expense_net,other income expense net,BRX,"Three Months Ended July 31, 2024",M_USD,341.0,501_provision_for_income_taxes_prior_year_quarter,provision_for_income_taxes,provision for income taxes,BRX,"Three Months Ended July 31, 2024",M_USD,4025.0,,,,,,,,,,,,,,,,,,,,,,,,,,,,,,,,,,,,,,,,,,,,,,,,,,,,,,,,,,,,,,,,,,,,,,
857,3,"Determine the sum of ratio of sum of total liabilities for VTL in April 30, 2025 and total liabilities for VTL in December 31, 2024 to 2.0 and maximum of cost of sales for VTL from Three Months Ended April 30, 2024 to Three Months Ended April 30, 2025.","sum(ratio(sum(64_total_liabilities_current_quarter_end, 65_total_liabilities_prior_fy_end), 2.0), max(3_cost_of_sales_prior_year_quarter, 2_cost_of_sales_current_quarter))","{""op"": ""sum"", ""left"": {""op"": ""ratio"", ""left"": {""op"": ""sum"", ""left"": {""leaf"": ""64_total_liabilities_current_quarter_end"", ""depth"": 0}, ""right"": {""leaf"": ""65_total_liabilities_prior_fy_end"", ""depth"": 0}, ""depth"": 1}, ""right"": {""literal"": 2.0, ""depth"": 0}, ""depth"": 2}, ""right"": {""op"": ""max"", ""left"": {""leaf"": ""3_cost_of_sales_prior_year_quarter"", ""depth"": 0}, ""right"": {""leaf"": ""2_cost_of_sales_current_quarter"", ""depth"": 0}, ""depth"": 1}, ""depth"": 3}","{""op"": ""sum"", ""left"": {""kind"": ""time_agg"", ""op"": ""avg"", ""depth"": 0}, ""right"": {""kind"": ""time_agg"", ""op"": ""max"", ""depth"": 0}, ""depth"": 1, ""kind"": ""node""}",2070.0,4,1,3,149645893,129560851,42,0.317,1,2,4,64_total_liabilities_current_quarter_end,total_liabilities,total liabilities,VTL,"April 30, 2025",M_USD,1244.0,65_total_liabilities_prior_fy_end,total_liabilities,total liabilities,VTL,"December 31, 2024",M_USD,1262.0,3_cost_of_sales_prior_year_quarter,cost_of_sales,cost of sales,VTL,"Three Months Ended April 30, 2024",M_USD,809.0,2_cost_of_sales_current_quarter,cost_of_sales,cost of sales,VTL,"Three Months Ended April 30, 2025",M_USD,817.0,,,,,,,,,,,,,,,,,,,,,,,,,,,,,,,,,,,,,,,,,,,,,,,,,,,,,,,,,,,,,,,,,,,,,,
913,3,"What's the value of the net income for CIV in Three Months Ended October 31, 2024?",net_income,"{""derived"": ""net_income"", ""expanded"": {""op"": ""diff"", ""left"": {""derived"": ""income_before_taxes"", ""expanded"": {""op"": ""sum"", ""left"": {""derived"": ""operating_income"", ""expanded"": {""op"": ""diff"", ""left"": {""leaf"": ""2799_total_revenues_prior_year_quarter"", ""depth"": 0}, ""right"": {""leaf"": ""2819_total_costs_and_expenses_prior_year_quarter"", ""depth"": 0}, ""depth"": 1}, ""depth"": 1}, ""right"": {""leaf"": ""2827_other_income_expense_net_prior_year_quarter"", ""depth"": 0}, ""depth"": 2}, ""depth"": 2}, ""right"": {""leaf"": ""2831_provision_for_income_taxes_prior_year_quarter"", ""depth"": 0}, ""depth"": 3}, ""depth"": 3}","{""kind"": ""derived_concept"", ""name"": ""net_income"", ""depth"": 0}",224.0,4,0,3,498239204,789933795,42,0.409,0,1,4,2799_total_revenues_prior_year_quarter,total_revenues,total revenues,CIV,"Three Months Ended October 31, 2024",M_USD,3312.0,2819_total_costs_and_expenses_prior_year_quarter,total_costs_and_expenses,total costs and expenses,CIV,"Three Months Ended October 31, 2024",M_USD,3018.0,2827_other_income_expense_net_prior_year_quarter,other_income_expense_net,other income expense net,CIV,"Three Months Ended October 31, 2024",M_USD,1.0,2831_provision_for_income_taxes_prior_year_quarter,provision_for_income_taxes,provision for income taxes,CIV,"Three Months Ended October 31, 2024",M_USD,71.0,,,,,,,,,,,,,,,,,,,,,,,,,,,,,,,,,,,,,,,,,,,,,,,,,,,,,,,,,,,,,,,,,,,,,,
930,3,"May you calculate the total current liabilities for PLX in September 30, 2025 ?",total_current_liabilities,"{""derived"": ""total_current_liabilities"", ""expanded"": {""op"": ""sum"", ""left"": {""op"": ""sum"", ""left"": {""op"": ""sum"", ""left"": {""leaf"": ""4279_accounts_payable_prior_fy_end"", ""depth"": 0}, ""right"": {""leaf"": ""4281_deferred_revenue_current_prior_fy_end"", ""depth"": 0}, ""depth"": 1}, ""right"": {""leaf"": ""4283_accrued_expenses_and_other_prior_fy_end"", ""depth"": 0}, ""depth"": 2}, ""right"": {""leaf"": ""4285_current_portion_of_long_term_debt_prior_fy_end"", ""depth"": 0}, ""depth"": 3}, ""depth"": 3}","{""kind"": ""derived_concept"", ""name"": ""total_current_liabilities"", ""depth"": 0}",4097.0,2,0,3,49529752,783610061,42,0.444,0,1,4,4279_accounts_payable_prior_fy_end,accounts_payable,accounts payable,PLX,"September 30, 2025",M_USD,1728.0,4281_deferred_revenue_current_prior_fy_end,deferred_revenue_current,deferred revenue current,PLX,"September 30, 2025",M_USD,555.0,4283_accrued_expenses_and_other_prior_fy_end,accrued_expenses_and_other,accrued expenses and other,PLX,"September 30, 2025",M_USD,1446.0,4285_current_portion_of_long_term_debt_prior_fy_end,current_portion_of_long_term_debt,current portion of long term debt,PLX,"September 30, 2025",M_USD,368.0,,,,,,,,,,,,,,,,,,,,,,,,,,,,,,,,,,,,,,,,,,,,,,,,,,,,,,,,,,,,,,,,,,,,,,
932,3,"may you give the sum of ratio of sum of stock based compensation for SCI in Six Months Ended July 31, 2024 and stock based compensation for SCI in Six Months Ended July 31, 2025 to 2.0 and ratio of sum of shares used diluted for SCI in Six Months Ended July 31, 2024 and shares used diluted for SCI in Six Months Ended July 31, 2025 to 2.0?","sum(ratio(sum(5239_stock_based_compensation_prior_ytd, 5238_stock_based_compensation_current_ytd), 2.0), ratio(sum(5279_shares_used_diluted_prior_year_ytd, 5278_shares_used_diluted_current_ytd), 2.0))","{""op"": ""sum"", ""left"": {""op"": ""ratio"", ""left"": {""op"": ""sum"", ""left"": {""leaf"": ""5239_stock_based_compensation_prior_ytd"", ""depth"": 0}, ""right"": {""leaf"": ""5238_stock_based_compensation_current_ytd"", ""depth"": 0}, ""depth"": 1}, ""right"": {""literal"": 2.0, ""depth"": 0}, ""depth"": 2}, ""right"": {""op"": ""ratio"", ""left"": {""op"": ""sum"", ""left"": {""leaf"": ""5279_shares_used_diluted_prior_year_ytd"", ""depth"": 0}, ""right"": {""leaf"": ""5278_shares_used_diluted_current_ytd"", ""depth"": 0}, ""depth"": 1}, ""right"": {""literal"": 2.0, ""depth"": 0}, ""depth"": 2}, ""depth"": 3}","{""op"": ""sum"", ""left"": {""kind"": ""time_agg"", ""op"": ""avg"", ""depth"": 0}, ""right"": {""kind"": ""time_agg"", ""op"": ""avg"", ""depth"": 0}, ""depth"": 1, ""kind"": ""node""}",1302826.0,3,1,3,408349913,82113857,42,0.515,1,2,4,5239_stock_based_compensation_prior_ytd,stock_based_compensation,stock based compensation,SCI,"Six Months Ended July 31, 2024",M_USD,99.0,5238_stock_based_compensation_current_ytd,stock_based_compensation,stock based compensation,SCI,"Six Months Ended July 31, 2025",M_USD,106.0,5279_shares_used_diluted_prior_year_ytd,shares_used_diluted,shares used diluted,SCI,"Six Months Ended July 31, 2024",M_shares,1264480.0,5278_shares_used_diluted_current_ytd,shares_used_diluted,shares used diluted,SCI,"Six Months Ended July 31, 2025",M_shares,1340967.0,,,,,,,,,,,,,,,,,,,,,,,,,,,,,,,,,,,,,,,,,,,,,,,,,,,,,,,,,,,,,,,,,,,,,,
949,3,"Calculate the net income for TRD in Three Months Ended July 31, 2024.",net_income,"{""derived"": ""net_income"", ""expanded"": {""op"": ""diff"", ""left"": {""derived"": ""income_before_taxes"", ""expanded"": {""op"": ""sum"", ""left"": {""derived"": ""operating_income"", ""expanded"": {""op"": ""diff"", ""left"": {""leaf"": ""2299_total_revenues_prior_year_quarter"", ""depth"": 0}, ""right"": {""leaf"": ""2319_total_costs_and_expenses_prior_year_quarter"", ""depth"": 0}, ""depth"": 1}, ""depth"": 1}, ""right"": {""leaf"": ""2327_other_income_expense_net_prior_year_quarter"", ""depth"": 0}, ""depth"": 2}, ""depth"": 2}, ""right"": {""leaf"": ""2331_provision_for_income_taxes_prior_year_quarter"", ""depth"": 0}, ""depth"": 3}, ""depth"": 3}","{""kind"": ""derived_concept"", ""name"": ""net_income"", ""depth"": 0}",2705.0,4,0,3,744287777,274694439,42,0.547,0,1,4,2299_total_revenues_prior_year_quarter,total_revenues,total revenues,TRD,"Three Months Ended July 31, 2024",M_USD,76385.0,2319_total_costs_and_expenses_prior_year_quarter,total_costs_and_expenses,total costs and expenses,TRD,"Three Months Ended July 31, 2024",M_USD,72615.0,2327_other_income_expense_net_prior_year_quarter,other_income_expense_net,other income expense net,TRD,"Three Months Ended July 31, 2024",M_USD,-299.0,2331_provision_for_income_taxes_prior_year_quarter,provision_for_income_taxes,provision for income taxes,TRD,"Three Months Ended July 31, 2024",M_USD,766.0,,,,,,,,,,,,,,,,,,,,,,,,,,,,,,,,,,,,,,,,,,,,,,,,,,,,,,,,,,,,,,,,,,,,,,
959,3,"state the total current liabilities for VRX in December 31, 2024",total_current_liabilities,"{""derived"": ""total_current_liabilities"", ""expanded"": {""op"": ""sum"", ""left"": {""op"": ""sum"", ""left"": {""op"": ""sum"", ""left"": {""leaf"": ""3031_accounts_payable_prior_fy_end"", ""depth"": 0}, ""right"": {""leaf"": ""3033_deferred_revenue_current_prior_fy_end"", ""depth"": 0}, ""depth"": 1}, ""right"": {""leaf"": ""3035_accrued_expenses_and_other_prior_fy_end"", ""depth"": 0}, ""depth"": 2}, ""right"": {""leaf"": ""3037_current_portion_of_long_term_debt_prior_fy_end"", ""depth"": 0}, ""depth"": 3}, ""depth"": 3}","{""kind"": ""derived_concept"", ""name"": ""total_current_liabilities"", ""depth"": 0}",6393.0,2,0,3,523086393,242953363,42,0.565,0,1,4,3031_accounts_payable_prior_fy_end,accounts_payable,accounts payable,VRX,"December 31, 2024",M_USD,4048.0,3033_deferred_revenue_current_prior_fy_end,deferred_revenue_current,deferred revenue current,VRX,"December 31, 2024",M_USD,1036.0,3035_accrued_expenses_and_other_prior_fy_end,accrued_expenses_and_other,accrued expenses and other,VRX,"December 31, 2024",M_USD,794.0,3037_current_portion_of_long_term_debt_prior_fy_end,current_portion_of_long_term_debt,current portion of long term debt,VRX,"December 31, 2024",M_USD,515.0,,,,,,,,,,,,,,,,,,,,,,,,,,,,,,,,,,,,,,,,,,,,,,,,,,,,,,,,,,,,,,,,,,,,,,
996,3,"give the total current liabilities for QRK in September 30, 2025",total_current_liabilities,"{""derived"": ""total_current_liabilities"", ""expanded"": {""op"": ""sum"", ""left"": {""op"": ""sum"", ""left"": {""op"": ""sum"", ""left"": {""leaf"": ""3515_accounts_payable_prior_fy_end"", ""depth"": 0}, ""right"": {""leaf"": ""3517_deferred_revenue_current_prior_fy_end"", ""depth"": 0}, ""depth"": 1}, ""right"": {""leaf"": ""3519_accrued_expenses_and_other_prior_fy_end"", ""depth"": 0}, ""depth"": 2}, ""right"": {""leaf"": ""3521_current_portion_of_long_term_debt_prior_fy_end"", ""depth"": 0}, ""depth"": 3}, ""depth"": 3}","{""kind"": ""derived_concept"", ""name"": ""total_current_liabilities"", ""depth"": 0}",24179.0,2,0,3,267816340,822899449,42,0.577,0,1,4,3515_accounts_payable_prior_fy_end,accounts_payable,accounts payable,QRK,"September 30, 2025",M_USD,11180.0,3517_deferred_revenue_current_prior_fy_end,deferred_revenue_current,deferred revenue current,QRK,"September 30, 2025",M_USD,3712.0,3519_accrued_expenses_and_other_prior_fy_end,accrued_expenses_and_other,accrued expenses and other,QRK,"September 30, 2025",M_USD,4974.0,3521_current_portion_of_long_term_debt_prior_fy_end,current_portion_of_long_term_debt,current portion of long term debt,QRK,"September 30, 2025",M_USD,4313.0,,,,,,,,,,,,,,,,,,,,,,,,,,,,,,,,,,,,,,,,,,,,,,,,,,,,,,,,,,,,,,,,,,,,,,
