question_id,depth,question,expression,expression_json,template_expression,answer,template_depth_requested,template_actual_depth,bound_expression_depth,tree_seed,binding_seed,master_seed,derived_prob,template_internal_nodes,template_leaf_slots,bound_leaf_count,leaf_1_key,leaf_1_concept,leaf_1_label,leaf_1_entity,leaf_1_period,leaf_1_unit,leaf_1_value,leaf_2_key,leaf_2_concept,leaf_2_label,leaf_2_entity,leaf_2_period,leaf_2_unit,leaf_2_value,leaf_3_key,leaf_3_concept,leaf_3_label,leaf_3_entity,leaf_3_period,leaf_3_unit,leaf_3_value,leaf_4_key,leaf_4_concept,leaf_4_label,leaf_4_entity,leaf_4_period,leaf_4_unit,leaf_4_value,leaf_5_key,leaf_5_concept,leaf_5_label,leaf_5_entity,leaf_5_period,leaf_5_unit,leaf_5_value,leaf_6_key,leaf_6_concept,leaf_6_label,leaf_6_entity,leaf_6_period,leaf_6_unit,leaf_6_value,leaf_7_key,leaf_7_concept,leaf_7_label,leaf_7_entity,leaf_7_period,leaf_7_unit,leaf_7_value,leaf_8_key,leaf_8_concept,leaf_8_label,leaf_8_entity,leaf_8_period,leaf_8_unit,leaf_8_value,leaf_9_key,leaf_9_concept,leaf_9_label,leaf_9_entity,leaf_9_period,leaf_9_unit,leaf_9_value,leaf_10_key,leaf_10_concept,leaf_10_label,leaf_10_entity,leaf_10_period,leaf_10_unit,leaf_10_value,leaf_11_key,leaf_11_concept,leaf_11_label,leaf_11_entity,leaf_11_period,leaf_11_unit,leaf_11_value,leaf_12_key,leaf_12_concept,leaf_12_label,leaf_12_entity,leaf_12_period,leaf_12_unit,leaf_12_value,leaf_13_key,leaf_13_concept,leaf_13_label,leaf_13_entity,leaf_13_period,leaf_13_unit,leaf_13_value,leaf_14_key,leaf_14_concept,leaf_14_label,leaf_14_entity,leaf_14_period,leaf_14_unit,leaf_14_value
7,2,"What is the sum of minimum of prepaid expenses and other for BLD from December 31, 2024 to July 31, 2025 and gross profit for BLD in Three Months Ended July 31, 2024 ?","sum(min(2695_prepaid_expenses_and_other_prior_fy_end, 2694_prepaid_expenses_and_other_current_quarter_end), gross_profit)","{""op"": ""sum"", ""left"": {""op"": ""min"", ""left"": {""leaf"": ""2695_prepaid_expenses_and_other_prior_fy_end"", ""depth"": 0}, ""right"": {""leaf"": ""2694_prepaid_expenses_and_other_current_quarter_end"", ""depth"": 0}, ""depth"": 1}, ""right"": {""derived"": ""gross_profit"", ""expanded"": {""op"": ""diff"", ""left"": {""leaf"": ""2639_total_revenues_prior_year_quarter"", ""depth"": 0}, ""right"": {""leaf"": ""2643_cost_of_sales_prior_year_quarter"", ""depth"": 0}, ""depth"": 1}, ""depth"": 1}, ""depth"": 2}","{""op"": ""sum"", ""left"": {""kind"": ""time_agg"", ""op"": ""min"", ""depth"": 0}, ""right"": {""kind"": ""derived_concept"", ""name"": ""gross_profit"", ""depth"": 0}, ""depth"": 1, ""kind"": ""node""}",2107.0,4,1,2,260916298,842478695,42,0.504,1,2,4,2695_prepaid_expenses_and_other_prior_fy_end,prepaid_expenses_and_other,prepaid expenses and other,BLD,"December 31, 2024",M_USD,201.0,2694_prepaid_expenses_and_other_current_quarter_end,prepaid_expenses_and_other,prepaid expenses and other,BLD,"July 31, 2025",M_USD,201.0,2639_total_revenues_prior_year_quarter,total_revenues,total revenues,BLD,"Three Months Ended July 31, 2024",M_USD,10764.0,2643_cost_of_sales_prior_year_quarter,cost_of_sales,cost of sales,BLD,"Three Months Ended July 31, 2024",M_USD,8858.0,,,,,,,,,,,,,,,,,,,,,,,,,,,,,,,,,,,,,,,,,,,,,,,,,,,,,,,,,,,,,,,,,,,,,,
9,2,"evaluate the average depreciation and amortization for BLD from Six Months Ended July 31, 2024 to Six Months Ended July 31, 2025","ratio(sum(2737_depreciation_and_amortization_prior_ytd, 2736_depreciation_and_amortization_current_ytd), 2.0)","{""op"": ""ratio"", ""left"": {""op"": ""sum"", ""left"": {""leaf"": ""2737_depreciation_and_amortization_prior_ytd"", ""depth"": 0}, ""right"": {""leaf"": ""2736_depreciation_and_amortization_current_ytd"", ""depth"": 0}, ""depth"": 1}, ""right"": {""literal"": 2.0, ""depth"": 0}, ""depth"": 2}","{""kind"": ""time_agg"", ""op"": ""avg"", ""depth"": 0}",521.0,1,0,2,919087451,590907304,42,0.125,0,1,2,2737_depreciation_and_amortization_prior_ytd,depreciation_and_amortization,depreciation and amortization,BLD,"Six Months Ended July 31, 2024",M_USD,548.0,2736_depreciation_and_amortization_current_ytd,depreciation_and_amortization,depreciation and amortization,BLD,"Six Months Ended July 31, 2025",M_USD,494.0,,,,,,,,,,,,,,,,,,,,,,,,,,,,,,,,,,,,,,,,,,,,,,,,,,,,,,,,,,,,,,,,,,,,,,,,,,,,,,,,,,,,
11,2,"Evaluate the average stock based compensation for FNB from Nine Months Ended October 31, 2024 to Nine Months Ended October 31, 2025","ratio(sum(6169_stock_based_compensation_prior_ytd, 6168_stock_based_compensation_current_ytd), 2.0)","{""op"": ""ratio"", ""left"": {""op"": ""sum"", ""left"": {""leaf"": ""6169_stock_based_compensation_prior_ytd"", ""depth"": 0}, ""right"": {""leaf"": ""6168_stock_based_compensation_current_ytd"", ""depth"": 0}, ""depth"": 1}, ""right"": {""literal"": 2.0, ""depth"": 0}, ""depth"": 2}","{""kind"": ""time_agg"", ""op"": ""avg"", ""depth"": 0}",289.0,2,0,2,671150922,633281747,42,0.313,0,1,2,6169_stock_based_compensation_prior_ytd,stock_based_compensation,stock based compensation,FNB,"Nine Months Ended October 31, 2024",M_USD,302.0,6168_stock_based_compensation_current_ytd,stock_based_compensation,stock based compensation,FNB,"Nine Months Ended October 31, 2025",M_USD,276.0,,,,,,,,,,,,,,,,,,,,,,,,,,,,,,,,,,,,,,,,,,,,,,,,,,,,,,,,,,,,,,,,,,,,,,,,,,,,,,,,,,,,
12,2,"Determine the average accounts payable for WNG from December 31, 2024 to April 30, 2025.","ratio(sum(7504_accounts_payable_current_quarter_end, 7505_accounts_payable_prior_fy_end), 2.0)","{""op"": ""ratio"", ""left"": {""op"": ""sum"", ""left"": {""leaf"": ""7504_accounts_payable_current_quarter_end"", ""depth"": 0}, ""right"": {""leaf"": ""7505_accounts_payable_prior_fy_end"", ""depth"": 0}, ""depth"": 1}, ""right"": {""literal"": 2.0, ""depth"": 0}, ""depth"": 2}","{""kind"": ""time_agg"", ""op"": ""avg"", ""depth"": 0}",3106.5,2,0,2,584719405,241387305,42,0.554,0,1,2,7504_accounts_payable_current_quarter_end,accounts_payable,accounts payable,WNG,"April 30, 2025",M_USD,3329.0,7505_accounts_payable_prior_fy_end,accounts_payable,accounts payable,WNG,"December 31, 2024",M_USD,2884.0,,,,,,,,,,,,,,,,,,,,,,,,,,,,,,,,,,,,,,,,,,,,,,,,,,,,,,,,,,,,,,,,,,,,,,,,,,,,,,,,,,,,
14,2,"which result follows from the average shares used basic for INF from Six Months Ended July 31, 2024 to Six Months Ended July 31, 2025","ratio(sum(3755_shares_used_basic_prior_year_ytd, 3754_shares_used_basic_current_ytd), 2.0)","{""op"": ""ratio"", ""left"": {""op"": ""sum"", ""left"": {""leaf"": ""3755_shares_used_basic_prior_year_ytd"", ""depth"": 0}, ""right"": {""leaf"": ""3754_shares_used_basic_current_ytd"", ""depth"": 0}, ""depth"": 1}, ""right"": {""literal"": 2.0, ""depth"": 0}, ""depth"": 2}","{""kind"": ""time_agg"", ""op"": ""avg"", ""depth"": 0}",4389225.0,3,0,2,204152670,666676815,42,0.439,0,1,2,3755_shares_used_basic_prior_year_ytd,shares_used_basic,shares used basic,INF,"Six Months Ended July 31, 2024",M_shares,4252559.0,3754_shares_used_basic_current_ytd,shares_used_basic,shares used basic,INF,"Six Months Ended July 31, 2025",M_shares,4525891.0,,,,,,,,,,,,,,,,,,,,,,,,,,,,,,,,,,,,,,,,,,,,,,,,,,,,,,,,,,,,,,,,,,,,,,,,,,,,,,,,,,,,
15,2,"What do we obtain as the average provision for income taxes for FNB from Three Months Ended October 31, 2024 to Three Months Ended October 31, 2025","ratio(sum(6101_provision_for_income_taxes_prior_year_quarter, 6100_provision_for_income_taxes_current_quarter), 2.0)","{""op"": ""ratio"", ""left"": {""op"": ""sum"", ""left"": {""leaf"": ""6101_provision_for_income_taxes_prior_year_quarter"", ""depth"": 0}, ""right"": {""leaf"": ""6100_provision_for_income_taxes_current_quarter"", ""depth"": 0}, ""depth"": 1}, ""right"": {""literal"": 2.0, ""depth"": 0}, ""depth"": 2}","{""kind"": ""time_agg"", ""op"": ""avg"", ""depth"": 0}",1088.0,3,0,2,579184667,941092399,42,0.365,0,1,2,6101_provision_for_income_taxes_prior_year_quarter,provision_for_income_taxes,provision for income taxes,FNB,"Three Months Ended October 31, 2024",M_USD,1137.0,6100_provision_for_income_taxes_current_quarter,provision_for_income_taxes,provision for income taxes,FNB,"Three Months Ended October 31, 2025",M_USD,1039.0,,,,,,,,,,,,,,,,,,,,,,,,,,,,,,,,,,,,,,,,,,,,,,,,,,,,,,,,,,,,,,,,,,,,,,,,,,,,,,,,,,,,
20,2,"Give the average total costs and expenses for SKY from Three Months Ended April 30, 2024 to Three Months Ended April 30, 2025.","ratio(sum(5823_total_costs_and_expenses_prior_year_quarter, 5822_total_costs_and_expenses_current_quarter), 2.0)","{""op"": ""ratio"", ""left"": {""op"": ""sum"", ""left"": {""leaf"": ""5823_total_costs_and_expenses_prior_year_quarter"", ""depth"": 0}, ""right"": {""leaf"": ""5822_total_costs_and_expenses_current_quarter"", ""depth"": 0}, ""depth"": 1}, ""right"": {""literal"": 2.0, ""depth"": 0}, ""depth"": 2}","{""kind"": ""time_agg"", ""op"": ""avg"", ""depth"": 0}",8900.5,5,0,2,719896690,454629125,42,0.281,0,1,2,5823_total_costs_and_expenses_prior_year_quarter,total_costs_and_expenses,total costs and expenses,SKY,"Three Months Ended April 30, 2024",M_USD,9183.0,5822_total_costs_and_expenses_current_quarter,total_costs_and_expenses,total costs and expenses,SKY,"Three Months Ended April 30, 2025",M_USD,8618.0,,,,,,,,,,,,,,,,,,,,,,,,,,,,,,,,,,,,,,,,,,,,,,,,,,,,,,,,,,,,,,,,,,,,,,,,,,,,,,,,,,,,
24,2,"May you calculate the income before taxes for PLX in Three Months Ended July 31, 2025 ?",income_before_taxes,"{""derived"": ""income_before_taxes"", ""expanded"": {""op"": ""sum"", ""left"": {""derived"": ""operating_income"", ""expanded"": {""op"": ""diff"", ""left"": {""leaf"": ""4207_total_revenues_prior_year_quarter"", ""depth"": 0}, ""right"": {""leaf"": ""4227_total_costs_and_expenses_prior_year_quarter"", ""depth"": 0}, ""depth"": 1}, ""depth"": 1}, ""right"": {""leaf"": ""4235_other_income_expense_net_prior_year_quarter"", ""depth"": 0}, ""depth"": 2}, ""depth"": 2}","{""kind"": ""derived_concept"", ""name"": ""income_before_taxes"", ""depth"": 0}",8325.0,4,0,2,422240582,542716859,42,0.583,0,1,3,4207_total_revenues_prior_year_quarter,total_revenues,total revenues,PLX,"Three Months Ended July 31, 2025",M_USD,18258.0,4227_total_costs_and_expenses_prior_year_quarter,total_costs_and_expenses,total costs and expenses,PLX,"Three Months Ended July 31, 2025",M_USD,10207.0,4235_other_income_expense_net_prior_year_quarter,other_income_expense_net,other income expense net,PLX,"Three Months Ended July 31, 2025",M_USD,274.0,,,,,,,,,,,,,,,,,,,,,,,,,,,,,,,,,,,,,,,,,,,,,,,,,,,,,,,,,,,,,,,,,,,,,,,,,,,,,
28,2,"Give the average shares used basic for SKY from Three Months Ended April 30, 2024 to Three Months Ended April 30, 2025 .","ratio(sum(5923_shares_used_basic_prior_year_quarter, 5922_shares_used_basic_current_quarter), 2.0)","{""op"": ""ratio"", ""left"": {""op"": ""sum"", ""left"": {""leaf"": ""5923_shares_used_basic_prior_year_quarter"", ""depth"": 0}, ""right"": {""leaf"": ""5922_shares_used_basic_current_quarter"", ""depth"": 0}, ""depth"": 1}, ""right"": {""literal"": 2.0, ""depth"": 0}, ""depth"": 2}","{""kind"": ""time_agg"", ""op"": ""avg"", ""depth"": 0}",444251.5,4,0,2,741139461,756975382,42,0.259,0,1,2,5923_shares_used_basic_prior_year_quarter,shares_used_basic,shares used basic,SKY,"Three Months Ended April 30, 2024",M_shares,435503.0,5922_shares_used_basic_current_quarter,shares_used_basic,shares used basic,SKY,"Three Months Ended April 30, 2025",M_shares,453000.0,,,,,,,,,,,,,,,,,,,,,,,,,,,,,,,,,,,,,,,,,,,,,,,,,,,,,,,,,,,,,,,,,,,,,,,,,,,,,,,,,,,,
35,2,"Could you give the average research and development for MTX from Three Months Ended October 31, 2024 to Three Months Ended October 31, 2025?","ratio(sum(5327_research_and_development_prior_year_quarter, 5326_research_and_development_current_quarter), 2.0)","{""op"": ""ratio"", ""left"": {""op"": ""sum"", ""left"": {""leaf"": ""5327_research_and_development_prior_year_quarter"", ""depth"": 0}, ""right"": {""leaf"": ""5326_research_and_development_current_quarter"", ""depth"": 0}, ""depth"": 1}, ""right"": {""literal"": 2.0, ""depth"": 0}, ""depth"": 2}","{""kind"": ""time_agg"", ""op"": ""avg"", ""depth"": 0}",622.0,5,0,2,594113766,627099478,42,0.46,0,1,2,5327_research_and_development_prior_year_quarter,research_and_development,research and development,MTX,"Three Months Ended October 31, 2024",M_USD,626.0,5326_research_and_development_current_quarter,research_and_development,research and development,MTX,"Three Months Ended October 31, 2025",M_USD,618.0,,,,,,,,,,,,,,,,,,,,,,,,,,,,,,,,,,,,,,,,,,,,,,,,,,,,,,,,,,,,,,,,,,,,,,,,,,,,,,,,,,,,
40,2,"what is the value of the average shares used basic for BRX from Six Months Ended July 31, 2024 to Six Months Ended July 31, 2025","ratio(sum(605_shares_used_basic_prior_year_ytd, 604_shares_used_basic_current_ytd), 2.0)","{""op"": ""ratio"", ""left"": {""op"": ""sum"", ""left"": {""leaf"": ""605_shares_used_basic_prior_year_ytd"", ""depth"": 0}, ""right"": {""leaf"": ""604_shares_used_basic_current_ytd"", ""depth"": 0}, ""depth"": 1}, ""right"": {""literal"": 2.0, ""depth"": 0}, ""depth"": 2}","{""kind"": ""time_agg"", ""op"": ""avg"", ""depth"": 0}",2150529.0,2,0,2,812239392,633213949,42,0.377,0,1,2,605_shares_used_basic_prior_year_ytd,shares_used_basic,shares used basic,BRX,"Six Months Ended July 31, 2024",M_shares,2118077.0,604_shares_used_basic_current_ytd,shares_used_basic,shares used basic,BRX,"Six Months Ended July 31, 2025",M_shares,2182981.0,,,,,,,,,,,,,,,,,,,,,,,,,,,,,,,,,,,,,,,,,,,,,,,,,,,,,,,,,,,,,,,,,,,,,,,,,,,,,,,,,,,,
51,2,"Determine the average other non current assets for WNG from December 31, 2024 to April 30, 2025 .","ratio(sum(7498_other_non_current_assets_current_quarter_end, 7499_other_non_current_assets_prior_fy_end), 2.0)","{""op"": ""ratio"", ""left"": {""op"": ""sum"", ""left"": {""leaf"": ""7498_other_non_current_assets_current_quarter_end"", ""depth"": 0}, ""right"": {""leaf"": ""7499_other_non_current_assets_prior_fy_end"", ""depth"": 0}, ""depth"": 1}, ""right"": {""literal"": 2.0, ""depth"": 0}, ""depth"": 2}","{""kind"": ""time_agg"", ""op"": ""avg"", ""depth"": 0}",439.5,3,0,2,200688440,168961168,42,0.401,0,1,2,7498_other_non_current_assets_current_quarter_end,other_non_current_assets,other non current assets,WNG,"April 30, 2025",M_USD,471.0,7499_other_non_current_assets_prior_fy_end,other_non_current_assets,other non current assets,WNG,"December 31, 2024",M_USD,408.0,,,,,,,,,,,,,,,,,,,,,,,,,,,,,,,,,,,,,,,,,,,,,,,,,,,,,,,,,,,,,,,,,,,,,,,,,,,,,,,,,,,,
52,2,"what is the average cost of sales for AST from Six Months Ended July 31, 2024 to Six Months Ended July 31, 2025","ratio(sum(4817_cost_of_sales_prior_year_ytd, 4816_cost_of_sales_current_ytd), 2.0)","{""op"": ""ratio"", ""left"": {""op"": ""sum"", ""left"": {""leaf"": ""4817_cost_of_sales_prior_year_ytd"", ""depth"": 0}, ""right"": {""leaf"": ""4816_cost_of_sales_current_ytd"", ""depth"": 0}, ""depth"": 1}, ""right"": {""literal"": 2.0, ""depth"": 0}, ""depth"": 2}","{""kind"": ""time_agg"", ""op"": ""avg"", ""depth"": 0}",13132.0,1,0,2,354576141,773368624,42,0.341,0,1,2,4817_cost_of_sales_prior_year_ytd,cost_of_sales,cost of sales,AST,"Six Months Ended July 31, 2024",M_USD,12890.0,4816_cost_of_sales_current_ytd,cost_of_sales,cost of sales,AST,"Six Months Ended July 31, 2025",M_USD,13374.0,,,,,,,,,,,,,,,,,,,,,,,,,,,,,,,,,,,,,,,,,,,,,,,,,,,,,,,,,,,,,,,,,,,,,,,,,,,,,,,,,,,,
54,2,"evaluate the average opening cash and equivalents for CIV from Nine Months Ended October 31, 2024 to Nine Months Ended October 31, 2025 .","ratio(sum(2931_opening_cash_and_equivalents_prior_ytd, 2930_opening_cash_and_equivalents_current_ytd), 2.0)","{""op"": ""ratio"", ""left"": {""op"": ""sum"", ""left"": {""leaf"": ""2931_opening_cash_and_equivalents_prior_ytd"", ""depth"": 0}, ""right"": {""leaf"": ""2930_opening_cash_and_equivalents_current_ytd"", ""depth"": 0}, ""depth"": 1}, ""right"": {""literal"": 2.0, ""depth"": 0}, ""depth"": 2}","{""kind"": ""time_agg"", ""op"": ""avg"", ""depth"": 0}",224.5,2,0,2,641531280,61700457,42,0.42,0,1,2,2931_opening_cash_and_equivalents_prior_ytd,opening_cash_and_equivalents,opening cash and equivalents,CIV,"Nine Months Ended October 31, 2024",M_USD,219.0,2930_opening_cash_and_equivalents_current_ytd,opening_cash_and_equivalents,opening cash and equivalents,CIV,"Nine Months Ended October 31, 2025",M_USD,230.0,,,,,,,,,,,,,,,,,,,,,,,,,,,,,,,,,,,,,,,,,,,,,,,,,,,,,,,,,,,,,,,,,,,,,,,,,,,,,,,,,,,,
60,2,"what is the average depreciation and amortization for AVX from Nine Months Ended October 31, 2024 to Nine Months Ended October 31, 2025?","ratio(sum(1487_depreciation_and_amortization_prior_ytd, 1486_depreciation_and_amortization_current_ytd), 2.0)","{""op"": ""ratio"", ""left"": {""op"": ""sum"", ""left"": {""leaf"": ""1487_depreciation_and_amortization_prior_ytd"", ""depth"": 0}, ""right"": {""leaf"": ""1486_depreciation_and_amortization_current_ytd"", ""depth"": 0}, ""depth"": 1}, ""right"": {""literal"": 2.0, ""depth"": 0}, ""depth"": 2}","{""kind"": ""time_agg"", ""op"": ""avg"", ""depth"": 0}",222.0,5,0,2,129244346,749734394,42,0.33,0,1,2,1487_depreciation_and_amortization_prior_ytd,depreciation_and_amortization,depreciation and amortization,AVX,"Nine Months Ended October 31, 2024",M_USD,224.0,1486_depreciation_and_amortization_current_ytd,depreciation_and_amortization,depreciation and amortization,AVX,"Nine Months Ended October 31, 2025",M_USD,220.0,,,,,,,,,,,,,,,,,,,,,,,,,,,,,,,,,,,,,,,,,,,,,,,,,,,,,,,,,,,,,,,,,,,,,,,,,,,,,,,,,,,,
65,2,"what is the value of the average total non current assets for BRX from December 31, 2024 to July 31, 2025 ?","ratio(sum(537_total_non_current_assets_prior_fy_end, 536_total_non_current_assets_current_quarter_end), 2.0)","{""op"": ""ratio"", ""left"": {""op"": ""sum"", ""left"": {""leaf"": ""537_total_non_current_assets_prior_fy_end"", ""depth"": 0}, ""right"": {""leaf"": ""536_total_non_current_assets_current_quarter_end"", ""depth"": 0}, ""depth"": 1}, ""right"": {""literal"": 2.0, ""depth"": 0}, ""depth"": 2}","{""kind"": ""time_agg"", ""op"": ""avg"", ""depth"": 0}",65814.0,3,0,2,271992483,516716343,42,0.199,0,1,2,537_total_non_current_assets_prior_fy_end,total_non_current_assets,total non current assets,BRX,"December 31, 2024",M_USD,66201.0,536_total_non_current_assets_current_quarter_end,total_non_current_assets,total non current assets,BRX,"July 31, 2025",M_USD,65427.0,,,,,,,,,,,,,,,,,,,,,,,,,,,,,,,,,,,,,,,,,,,,,,,,,,,,,,,,,,,,,,,,,,,,,,,,,,,,,,,,,,,,
69,2,"state the average depreciation and amortization for TXN from Three Months Ended April 30, 2024 to Three Months Ended April 30, 2025","ratio(sum(7659_depreciation_and_amortization_prior_ytd, 7658_depreciation_and_amortization_current_ytd), 2.0)","{""op"": ""ratio"", ""left"": {""op"": ""sum"", ""left"": {""leaf"": ""7659_depreciation_and_amortization_prior_ytd"", ""depth"": 0}, ""right"": {""leaf"": ""7658_depreciation_and_amortization_current_ytd"", ""depth"": 0}, ""depth"": 1}, ""right"": {""literal"": 2.0, ""depth"": 0}, ""depth"": 2}","{""kind"": ""time_agg"", ""op"": ""avg"", ""depth"": 0}",5466.0,2,0,2,461778017,976033562,42,0.428,0,1,2,7659_depreciation_and_amortization_prior_ytd,depreciation_and_amortization,depreciation and amortization,TXN,"Three Months Ended April 30, 2024",M_USD,5863.0,7658_depreciation_and_amortization_current_ytd,depreciation_and_amortization,depreciation and amortization,TXN,"Three Months Ended April 30, 2025",M_USD,5069.0,,,,,,,,,,,,,,,,,,,,,,,,,,,,,,,,,,,,,,,,,,,,,,,,,,,,,,,,,,,,,,,,,,,,,,,,,,,,,,,,,,,,
70,2,"which result follows from the income before taxes for HRZ in Three Months Ended April 30, 2025?",income_before_taxes,"{""derived"": ""income_before_taxes"", ""expanded"": {""op"": ""sum"", ""left"": {""derived"": ""operating_income"", ""expanded"": {""op"": ""diff"", ""left"": {""leaf"": ""7172_total_revenues_current_quarter"", ""depth"": 0}, ""right"": {""leaf"": ""7180_total_costs_and_expenses_current_quarter"", ""depth"": 0}, ""depth"": 1}, ""depth"": 1}, ""right"": {""leaf"": ""7184_other_income_expense_net_current_quarter"", ""depth"": 0}, ""depth"": 2}, ""depth"": 2}","{""kind"": ""derived_concept"", ""name"": ""income_before_taxes"", ""depth"": 0}",1025.0,3,0,2,96829676,268523822,42,0.446,0,1,3,7172_total_revenues_current_quarter,total_revenues,total revenues,HRZ,"Three Months Ended April 30, 2025",M_USD,4486.0,7180_total_costs_and_expenses_current_quarter,total_costs_and_expenses,total costs and expenses,HRZ,"Three Months Ended April 30, 2025",M_USD,3342.0,7184_other_income_expense_net_current_quarter,other_income_expense_net,other income expense net,HRZ,"Three Months Ended April 30, 2025",M_USD,-119.0,,,,,,,,,,,,,,,,,,,,,,,,,,,,,,,,,,,,,,,,,,,,,,,,,,,,,,,,,,,,,,,,,,,,,,,,,,,,,
75,2,"provide the average accounts payable for TPH from December 31, 2024 to October 31, 2025","ratio(sum(2535_accounts_payable_prior_fy_end, 2534_accounts_payable_current_quarter_end), 2.0)","{""op"": ""ratio"", ""left"": {""op"": ""sum"", ""left"": {""leaf"": ""2535_accounts_payable_prior_fy_end"", ""depth"": 0}, ""right"": {""leaf"": ""2534_accounts_payable_current_quarter_end"", ""depth"": 0}, ""depth"": 1}, ""right"": {""literal"": 2.0, ""depth"": 0}, ""depth"": 2}","{""kind"": ""time_agg"", ""op"": ""avg"", ""depth"": 0}",2203.0,3,0,2,187918507,120507410,42,0.492,0,1,2,2535_accounts_payable_prior_fy_end,accounts_payable,accounts payable,TPH,"December 31, 2024",M_USD,2183.0,2534_accounts_payable_current_quarter_end,accounts_payable,accounts payable,TPH,"October 31, 2025",M_USD,2223.0,,,,,,,,,,,,,,,,,,,,,,,,,,,,,,,,,,,,,,,,,,,,,,,,,,,,,,,,,,,,,,,,,,,,,,,,,,,,,,,,,,,,
76,2,"What do we obtain as the difference between comprehensive income and gross profit for FNB in Nine Months Ended October 31, 2025","diff(6226_comprehensive_income_current_ytd, gross_profit)","{""op"": ""diff"", ""left"": {""leaf"": ""6226_comprehensive_income_current_ytd"", ""depth"": 0}, ""right"": {""derived"": ""gross_profit"", ""expanded"": {""op"": ""diff"", ""left"": {""leaf"": ""6074_total_revenues_current_ytd"", ""depth"": 0}, ""right"": {""leaf"": ""6078_cost_of_sales_current_ytd"", ""depth"": 0}, ""depth"": 1}, ""depth"": 1}, ""depth"": 2}","{""op"": ""diff"", ""left"": {""kind"": ""leaf"", ""semantic_type_in"": [""amount""], ""depth"": 0}, ""right"": {""kind"": ""derived_concept"", ""name"": ""gross_profit"", ""depth"": 0}, ""depth"": 1, ""kind"": ""node""}",-14082.0,4,1,2,990831766,811472797,42,0.384,1,2,3,6226_comprehensive_income_current_ytd,comprehensive_income,comprehensive income,FNB,"Nine Months Ended October 31, 2025",M_USD,9567.0,6074_total_revenues_current_ytd,total_revenues,total revenues,FNB,"Nine Months Ended October 31, 2025",M_USD,31872.0,6078_cost_of_sales_current_ytd,cost_of_sales,cost of sales,FNB,"Nine Months Ended October 31, 2025",M_USD,8223.0,,,,,,,,,,,,,,,,,,,,,,,,,,,,,,,,,,,,,,,,,,,,,,,,,,,,,,,,,,,,,,,,,,,,,,,,,,,,,
77,2,"What's the value of the average prepaid expenses and other for CLD from December 31, 2024 to April 30, 2025?","ratio(sum(3166_prepaid_expenses_and_other_current_quarter_end, 3167_prepaid_expenses_and_other_prior_fy_end), 2.0)","{""op"": ""ratio"", ""left"": {""op"": ""sum"", ""left"": {""leaf"": ""3166_prepaid_expenses_and_other_current_quarter_end"", ""depth"": 0}, ""right"": {""leaf"": ""3167_prepaid_expenses_and_other_prior_fy_end"", ""depth"": 0}, ""depth"": 1}, ""right"": {""literal"": 2.0, ""depth"": 0}, ""depth"": 2}","{""kind"": ""time_agg"", ""op"": ""avg"", ""depth"": 0}",418.0,4,0,2,99767978,872792130,42,0.149,0,1,2,3166_prepaid_expenses_and_other_current_quarter_end,prepaid_expenses_and_other,prepaid expenses and other,CLD,"April 30, 2025",M_USD,436.0,3167_prepaid_expenses_and_other_prior_fy_end,prepaid_expenses_and_other,prepaid expenses and other,CLD,"December 31, 2024",M_USD,400.0,,,,,,,,,,,,,,,,,,,,,,,,,,,,,,,,,,,,,,,,,,,,,,,,,,,,,,,,,,,,,,,,,,,,,,,,,,,,,,,,,,,,
78,2,"may you give the average total current assets for QRK from September 30, 2025 to April 30, 2026?","ratio(sum(3500_total_current_assets_current_quarter_end, 3501_total_current_assets_prior_fy_end), 2.0)","{""op"": ""ratio"", ""left"": {""op"": ""sum"", ""left"": {""leaf"": ""3500_total_current_assets_current_quarter_end"", ""depth"": 0}, ""right"": {""leaf"": ""3501_total_current_assets_prior_fy_end"", ""depth"": 0}, ""depth"": 1}, ""right"": {""literal"": 2.0, ""depth"": 0}, ""depth"": 2}","{""kind"": ""time_agg"", ""op"": ""avg"", ""depth"": 0}",61420.0,5,0,2,240297471,154319982,42,0.229,0,1,2,3500_total_current_assets_current_quarter_end,total_current_assets,total current assets,QRK,"April 30, 2026",M_USD,59692.0,3501_total_current_assets_prior_fy_end,total_current_assets,total current assets,QRK,"September 30, 2025",M_USD,63148.0,,,,,,,,,,,,,,,,,,,,,,,,,,,,,,,,,,,,,,,,,,,,,,,,,,,,,,,,,,,,,,,,,,,,,,,,,,,,,,,,,,,,
79,2,"State the income before taxes for TRU in Six Months Ended July 31, 2024 .",income_before_taxes,"{""derived"": ""income_before_taxes"", ""expanded"": {""op"": ""sum"", ""left"": {""derived"": ""operating_income"", ""expanded"": {""op"": ""diff"", ""left"": {""leaf"": ""807_total_revenues_prior_year_ytd"", ""depth"": 0}, ""right"": {""leaf"": ""823_total_costs_and_expenses_prior_year_ytd"", ""depth"": 0}, ""depth"": 1}, ""depth"": 1}, ""right"": {""leaf"": ""831_other_income_expense_net_prior_year_ytd"", ""depth"": 0}, ""depth"": 2}, ""depth"": 2}","{""kind"": ""derived_concept"", ""name"": ""income_before_taxes"", ""depth"": 0}",6032.0,4,0,2,951033912,96965642,42,0.572,0,1,3,807_total_revenues_prior_year_ytd,total_revenues,total revenues,TRU,"Six Months Ended July 31, 2024",M_USD,33110.0,823_total_costs_and_expenses_prior_year_ytd,total_costs_and_expenses,total costs and expenses,TRU,"Six Months Ended July 31, 2024",M_USD,26624.0,831_other_income_expense_net_prior_year_ytd,other_income_expense_net,other income expense net,TRU,"Six Months Ended July 31, 2024",M_USD,-454.0,,,,,,,,,,,,,,,,,,,,,,,,,,,,,,,,,,,,,,,,,,,,,,,,,,,,,,,,,,,,,,,,,,,,,,,,,,,,,
81,2,"calculate the average total non current liabilities for DTA from December 31, 2024 to April 30, 2025.","ratio(sum(4444_total_non_current_liabilities_current_quarter_end, 4445_total_non_current_liabilities_prior_fy_end), 2.0)","{""op"": ""ratio"", ""left"": {""op"": ""sum"", ""left"": {""leaf"": ""4444_total_non_current_liabilities_current_quarter_end"", ""depth"": 0}, ""right"": {""leaf"": ""4445_total_non_current_liabilities_prior_fy_end"", ""depth"": 0}, ""depth"": 1}, ""right"": {""literal"": 2.0, ""depth"": 0}, ""depth"": 2}","{""kind"": ""time_agg"", ""op"": ""avg"", ""depth"": 0}",3357.5,4,0,2,563993780,270376840,42,0.542,0,1,2,4444_total_non_current_liabilities_current_quarter_end,total_non_current_liabilities,total non current liabilities,DTA,"April 30, 2025",M_USD,3332.0,4445_total_non_current_liabilities_prior_fy_end,total_non_current_liabilities,total non current liabilities,DTA,"December 31, 2024",M_USD,3383.0,,,,,,,,,,,,,,,,,,,,,,,,,,,,,,,,,,,,,,,,,,,,,,,,,,,,,,,,,,,,,,,,,,,,,,,,,,,,,,,,,,,,
83,2,"Could you give the average short term investments for MTX from December 31, 2024 to October 31, 2025 ?","ratio(sum(5365_short_term_investments_prior_fy_end, 5364_short_term_investments_current_quarter_end), 2.0)","{""op"": ""ratio"", ""left"": {""op"": ""sum"", ""left"": {""leaf"": ""5365_short_term_investments_prior_fy_end"", ""depth"": 0}, ""right"": {""leaf"": ""5364_short_term_investments_current_quarter_end"", ""depth"": 0}, ""depth"": 1}, ""right"": {""literal"": 2.0, ""depth"": 0}, ""depth"": 2}","{""kind"": ""time_agg"", ""op"": ""avg"", ""depth"": 0}",1776.5,1,0,2,125458204,336370681,42,0.589,0,1,2,5365_short_term_investments_prior_fy_end,short_term_investments,short term investments,MTX,"December 31, 2024",M_USD,1645.0,5364_short_term_investments_current_quarter_end,short_term_investments,short term investments,MTX,"October 31, 2025",M_USD,1908.0,,,,,,,,,,,,,,,,,,,,,,,,,,,,,,,,,,,,,,,,,,,,,,,,,,,,,,,,,,,,,,,,,,,,,,,,,,,,,,,,,,,,
88,2,"what do we obtain as the average proceeds from maturities of securities for FAB from Six Months Ended July 31, 2024 to Six Months Ended July 31, 2025?","ratio(sum(3921_proceeds_from_maturities_of_securities_prior_ytd, 3920_proceeds_from_maturities_of_securities_current_ytd), 2.0)","{""op"": ""ratio"", ""left"": {""op"": ""sum"", ""left"": {""leaf"": ""3921_proceeds_from_maturities_of_securities_prior_ytd"", ""depth"": 0}, ""right"": {""leaf"": ""3920_proceeds_from_maturities_of_securities_current_ytd"", ""depth"": 0}, ""depth"": 1}, ""right"": {""literal"": 2.0, ""depth"": 0}, ""depth"": 2}","{""kind"": ""time_agg"", ""op"": ""avg"", ""depth"": 0}",352.0,5,0,2,664328419,581790182,42,0.479,0,1,2,3921_proceeds_from_maturities_of_securities_prior_ytd,proceeds_from_maturities_of_securities,proceeds from maturities of securities,FAB,"Six Months Ended July 31, 2024",M_USD,374.0,3920_proceeds_from_maturities_of_securities_current_ytd,proceeds_from_maturities_of_securities,proceeds from maturities of securities,FAB,"Six Months Ended July 31, 2025",M_USD,330.0,,,,,,,,,,,,,,,,,,,,,,,,,,,,,,,,,,,,,,,,,,,,,,,,,,,,,,,,,,,,,,,,,,,,,,,,,,,,,,,,,,,,
94,2,"State the average Other revenue for VTL from Three Months Ended April 30, 2024 to Three Months Ended April 30, 2025 .","ratio(sum(129_other_revenue_prior_year_quarter, 125_other_revenue_current_quarter), 2.0)","{""op"": ""ratio"", ""left"": {""op"": ""sum"", ""left"": {""leaf"": ""129_other_revenue_prior_year_quarter"", ""depth"": 0}, ""right"": {""leaf"": ""125_other_revenue_current_quarter"", ""depth"": 0}, ""depth"": 1}, ""right"": {""literal"": 2.0, ""depth"": 0}, ""depth"": 2}","{""kind"": ""time_agg"", ""op"": ""avg"", ""depth"": 0}",309.5,1,0,2,708207780,563065592,42,0.327,0,1,2,129_other_revenue_prior_year_quarter,other_revenue,Other revenue,VTL,"Three Months Ended April 30, 2024",M_USD,308.0,125_other_revenue_current_quarter,other_revenue,Other revenue,VTL,"Three Months Ended April 30, 2025",M_USD,311.0,,,,,,,,,,,,,,,,,,,,,,,,,,,,,,,,,,,,,,,,,,,,,,,,,,,,,,,,,,,,,,,,,,,,,,,,,,,,,,,,,,,,
95,2,"what does the following give: average current portion of long term debt for GLP from December 31, 2024 to October 31, 2025 ?","ratio(sum(6967_current_portion_of_long_term_debt_prior_fy_end, 6966_current_portion_of_long_term_debt_current_quarter_end), 2.0)","{""op"": ""ratio"", ""left"": {""op"": ""sum"", ""left"": {""leaf"": ""6967_current_portion_of_long_term_debt_prior_fy_end"", ""depth"": 0}, ""right"": {""leaf"": ""6966_current_portion_of_long_term_debt_current_quarter_end"", ""depth"": 0}, ""depth"": 1}, ""right"": {""literal"": 2.0, ""depth"": 0}, ""depth"": 2}","{""kind"": ""time_agg"", ""op"": ""avg"", ""depth"": 0}",5386.0,4,0,2,332599234,464071937,42,0.179,0,1,2,6967_current_portion_of_long_term_debt_prior_fy_end,current_portion_of_long_term_debt,current portion of long term debt,GLP,"December 31, 2024",M_USD,5074.0,6966_current_portion_of_long_term_debt_current_quarter_end,current_portion_of_long_term_debt,current portion of long term debt,GLP,"October 31, 2025",M_USD,5698.0,,,,,,,,,,,,,,,,,,,,,,,,,,,,,,,,,,,,,,,,,,,,,,,,,,,,,,,,,,,,,,,,,,,,,,,,,,,,,,,,,,,,
99,2,"Give the result of free cash flow scaled by ratio of cost of sales to repayments of debt for SCI in Six Months Ended July 31, 2024 .","mul(free_cash_flow, ratio(5145_cost_of_sales_prior_year_ytd, 5267_repayments_of_debt_prior_ytd))","{""op"": ""mul"", ""left"": {""derived"": ""free_cash_flow"", ""expanded"": {""op"": ""sum"", ""left"": {""leaf"": ""5233_net_cash_from_operating_prior_ytd"", ""depth"": 0}, ""right"": {""leaf"": ""5235_capital_expenditures_prior_ytd"", ""depth"": 0}, ""depth"": 1}, ""depth"": 1}, ""right"": {""op"": ""ratio"", ""left"": {""leaf"": ""5145_cost_of_sales_prior_year_ytd"", ""depth"": 0}, ""right"": {""leaf"": ""5267_repayments_of_debt_prior_ytd"", ""depth"": 0}, ""depth"": 1}, ""depth"": 2}","{""op"": ""mul"", ""left"": {""kind"": ""derived_concept"", ""name"": ""free_cash_flow"", ""depth"": 0}, ""right"": {""op"": ""ratio"", ""left"": {""kind"": ""leaf"", ""semantic_type_in"": [""amount""], ""depth"": 0}, ""right"": {""kind"": ""leaf"", ""semantic_type_in"": [""amount""], ""depth"": 0}, ""depth"": 1, ""kind"": ""node""}, ""depth"": 2, ""kind"": ""node""}",-123921.76923076922,3,2,2,336012520,561208623,42,0.403,2,3,4,5233_net_cash_from_operating_prior_ytd,net_cash_from_operating,net cash from operating,SCI,"Six Months Ended July 31, 2024",M_USD,1762.0,5235_capital_expenditures_prior_ytd,capital_expenditures,capital expenditures,SCI,"Six Months Ended July 31, 2024",M_USD,-255.0,5145_cost_of_sales_prior_year_ytd,cost_of_sales,cost of sales,SCI,"Six Months Ended July 31, 2024",M_USD,6414.0,5267_repayments_of_debt_prior_ytd,repayments_of_debt,repayments of debt,SCI,"Six Months Ended July 31, 2024",M_USD,-78.0,,,,,,,,,,,,,,,,,,,,,,,,,,,,,,,,,,,,,,,,,,,,,,,,,,,,,,,,,,,,,,,,,,,,,,
100,2,"could you give the average other non current liabilities for NVH from December 31, 2024 to October 31, 2025?","ratio(sum(6673_other_non_current_liabilities_prior_fy_end, 6672_other_non_current_liabilities_current_quarter_end), 2.0)","{""op"": ""ratio"", ""left"": {""op"": ""sum"", ""left"": {""leaf"": ""6673_other_non_current_liabilities_prior_fy_end"", ""depth"": 0}, ""right"": {""leaf"": ""6672_other_non_current_liabilities_current_quarter_end"", ""depth"": 0}, ""depth"": 1}, ""right"": {""literal"": 2.0, ""depth"": 0}, ""depth"": 2}","{""kind"": ""time_agg"", ""op"": ""avg"", ""depth"": 0}",1027.5,4,0,2,970297464,175362844,42,0.328,0,1,2,6673_other_non_current_liabilities_prior_fy_end,other_non_current_liabilities,other non current liabilities,NVH,"December 31, 2024",M_USD,987.0,6672_other_non_current_liabilities_current_quarter_end,other_non_current_liabilities,other non current liabilities,NVH,"October 31, 2025",M_USD,1068.0,,,,,,,,,,,,,,,,,,,,,,,,,,,,,,,,,,,,,,,,,,,,,,,,,,,,,,,,,,,,,,,,,,,,,,,,,,,,,,,,,,,,
106,2,"May you calculate the average gross profit for PLX from Three Months Ended July 31, 2025 to Three Months Ended July 31, 2026 ?","ratio(sum(4215_gross_profit_prior_year_quarter, 4214_gross_profit_current_quarter), 2.0)","{""op"": ""ratio"", ""left"": {""op"": ""sum"", ""left"": {""leaf"": ""4215_gross_profit_prior_year_quarter"", ""depth"": 0}, ""right"": {""leaf"": ""4214_gross_profit_current_quarter"", ""depth"": 0}, ""depth"": 1}, ""right"": {""literal"": 2.0, ""depth"": 0}, ""depth"": 2}","{""kind"": ""time_agg"", ""op"": ""avg"", ""depth"": 0}",12006.5,2,0,2,765817007,166957491,42,0.171,0,1,2,4215_gross_profit_prior_year_quarter,gross_profit,gross profit,PLX,"Three Months Ended July 31, 2025",M_USD,11921.0,4214_gross_profit_current_quarter,gross_profit,gross profit,PLX,"Three Months Ended July 31, 2026",M_USD,12092.0,,,,,,,,,,,,,,,,,,,,,,,,,,,,,,,,,,,,,,,,,,,,,,,,,,,,,,,,,,,,,,,,,,,,,,,,,,,,,,,,,,,,
117,2,"which result follows from the average depreciation and amortization for MDI from Nine Months Ended October 31, 2024 to Nine Months Ended October 31, 2025 ?","ratio(sum(5573_depreciation_and_amortization_prior_ytd, 5572_depreciation_and_amortization_current_ytd), 2.0)","{""op"": ""ratio"", ""left"": {""op"": ""sum"", ""left"": {""leaf"": ""5573_depreciation_and_amortization_prior_ytd"", ""depth"": 0}, ""right"": {""leaf"": ""5572_depreciation_and_amortization_current_ytd"", ""depth"": 0}, ""depth"": 1}, ""right"": {""literal"": 2.0, ""depth"": 0}, ""depth"": 2}","{""kind"": ""time_agg"", ""op"": ""avg"", ""depth"": 0}",2278.0,4,0,2,700831233,689225036,42,0.514,0,1,2,5573_depreciation_and_amortization_prior_ytd,depreciation_and_amortization,depreciation and amortization,MDI,"Nine Months Ended October 31, 2024",M_USD,2138.0,5572_depreciation_and_amortization_current_ytd,depreciation_and_amortization,depreciation and amortization,MDI,"Nine Months Ended October 31, 2025",M_USD,2418.0,,,,,,,,,,,,,,,,,,,,,,,,,,,,,,,,,,,,,,,,,,,,,,,,,,,,,,,,,,,,,,,,,,,,,,,,,,,,,,,,,,,,
121,2,"provide the average research and development for TRU from Three Months Ended July 31, 2024 to Three Months Ended July 31, 2025 .","ratio(sum(813_research_and_development_prior_year_quarter, 812_research_and_development_current_quarter), 2.0)","{""op"": ""ratio"", ""left"": {""op"": ""sum"", ""left"": {""leaf"": ""813_research_and_development_prior_year_quarter"", ""depth"": 0}, ""right"": {""leaf"": ""812_research_and_development_current_quarter"", ""depth"": 0}, ""depth"": 1}, ""right"": {""literal"": 2.0, ""depth"": 0}, ""depth"": 2}","{""kind"": ""time_agg"", ""op"": ""avg"", ""depth"": 0}",48.0,5,0,2,201495110,451160662,42,0.487,0,1,2,813_research_and_development_prior_year_quarter,research_and_development,research and development,TRU,"Three Months Ended July 31, 2024",M_USD,45.0,812_research_and_development_current_quarter,research_and_development,research and development,TRU,"Three Months Ended July 31, 2025",M_USD,51.0,,,,,,,,,,,,,,,,,,,,,,,,,,,,,,,,,,,,,,,,,,,,,,,,,,,,,,,,,,,,,,,,,,,,,,,,,,,,,,,,,,,,
123,2,"Whats the value of the average accrued expenses and other for CNS from December 31, 2024 to April 30, 2025 ?","ratio(sum(5992_accrued_expenses_and_other_current_quarter_end, 5993_accrued_expenses_and_other_prior_fy_end), 2.0)","{""op"": ""ratio"", ""left"": {""op"": ""sum"", ""left"": {""leaf"": ""5992_accrued_expenses_and_other_current_quarter_end"", ""depth"": 0}, ""right"": {""leaf"": ""5993_accrued_expenses_and_other_prior_fy_end"", ""depth"": 0}, ""depth"": 1}, ""right"": {""literal"": 2.0, ""depth"": 0}, ""depth"": 2}","{""kind"": ""time_agg"", ""op"": ""avg"", ""depth"": 0}",327.0,2,0,2,411292349,460971296,42,0.384,0,1,2,5992_accrued_expenses_and_other_current_quarter_end,accrued_expenses_and_other,accrued expenses and other,CNS,"April 30, 2025",M_USD,341.0,5993_accrued_expenses_and_other_prior_fy_end,accrued_expenses_and_other,accrued expenses and other,CNS,"December 31, 2024",M_USD,313.0,,,,,,,,,,,,,,,,,,,,,,,,,,,,,,,,,,,,,,,,,,,,,,,,,,,,,,,,,,,,,,,,,,,,,,,,,,,,,,,,,,,,
131,2,"you should calculate the average net cash from operating for BLD from Six Months Ended July 31, 2024 to Six Months Ended July 31, 2025","ratio(sum(2733_net_cash_from_operating_prior_ytd, 2732_net_cash_from_operating_current_ytd), 2.0)","{""op"": ""ratio"", ""left"": {""op"": ""sum"", ""left"": {""leaf"": ""2733_net_cash_from_operating_prior_ytd"", ""depth"": 0}, ""right"": {""leaf"": ""2732_net_cash_from_operating_current_ytd"", ""depth"": 0}, ""depth"": 1}, ""right"": {""literal"": 2.0, ""depth"": 0}, ""depth"": 2}","{""kind"": ""time_agg"", ""op"": ""avg"", ""depth"": 0}",2148.5,4,0,2,502411429,947495757,42,0.238,0,1,2,2733_net_cash_from_operating_prior_ytd,net_cash_from_operating,net cash from operating,BLD,"Six Months Ended July 31, 2024",M_USD,2250.0,2732_net_cash_from_operating_current_ytd,net_cash_from_operating,net cash from operating,BLD,"Six Months Ended July 31, 2025",M_USD,2047.0,,,,,,,,,,,,,,,,,,,,,,,,,,,,,,,,,,,,,,,,,,,,,,,,,,,,,,,,,,,,,,,,,,,,,,,,,,,,,,,,,,,,
132,2,"What is the average operating income for AVX from Three Months Ended October 31, 2024 to Three Months Ended October 31, 2025 ?","ratio(sum(1413_operating_income_prior_year_quarter, 1412_operating_income_current_quarter), 2.0)","{""op"": ""ratio"", ""left"": {""op"": ""sum"", ""left"": {""leaf"": ""1413_operating_income_prior_year_quarter"", ""depth"": 0}, ""right"": {""leaf"": ""1412_operating_income_current_quarter"", ""depth"": 0}, ""depth"": 1}, ""right"": {""literal"": 2.0, ""depth"": 0}, ""depth"": 2}","{""kind"": ""time_agg"", ""op"": ""avg"", ""depth"": 0}",308.5,3,0,2,540312926,226323450,42,0.551,0,1,2,1413_operating_income_prior_year_quarter,operating_income,operating income,AVX,"Three Months Ended October 31, 2024",M_USD,311.0,1412_operating_income_current_quarter,operating_income,operating income,AVX,"Three Months Ended October 31, 2025",M_USD,306.0,,,,,,,,,,,,,,,,,,,,,,,,,,,,,,,,,,,,,,,,,,,,,,,,,,,,,,,,,,,,,,,,,,,,,,,,,,,,,,,,,,,,
137,2,"Determine the average depreciation and amortization for VTL from Three Months Ended April 30, 2024 to Three Months Ended April 30, 2025","ratio(sum(75_depreciation_and_amortization_prior_ytd, 74_depreciation_and_amortization_current_ytd), 2.0)","{""op"": ""ratio"", ""left"": {""op"": ""sum"", ""left"": {""leaf"": ""75_depreciation_and_amortization_prior_ytd"", ""depth"": 0}, ""right"": {""leaf"": ""74_depreciation_and_amortization_current_ytd"", ""depth"": 0}, ""depth"": 1}, ""right"": {""literal"": 2.0, ""depth"": 0}, ""depth"": 2}","{""kind"": ""time_agg"", ""op"": ""avg"", ""depth"": 0}",53.5,1,0,2,754938030,896578131,42,0.273,0,1,2,75_depreciation_and_amortization_prior_ytd,depreciation_and_amortization,depreciation and amortization,VTL,"Three Months Ended April 30, 2024",M_USD,53.0,74_depreciation_and_amortization_current_ytd,depreciation_and_amortization,depreciation and amortization,VTL,"Three Months Ended April 30, 2025",M_USD,54.0,,,,,,,,,,,,,,,,,,,,,,,,,,,,,,,,,,,,,,,,,,,,,,,,,,,,,,,,,,,,,,,,,,,,,,,,,,,,,,,,,,,,
140,2,"what is the average total current liabilities for AST from December 31, 2024 to July 31, 2025?","ratio(sum(4887_total_current_liabilities_prior_fy_end, 4886_total_current_liabilities_current_quarter_end), 2.0)","{""op"": ""ratio"", ""left"": {""op"": ""sum"", ""left"": {""leaf"": ""4887_total_current_liabilities_prior_fy_end"", ""depth"": 0}, ""right"": {""leaf"": ""4886_total_current_liabilities_current_quarter_end"", ""depth"": 0}, ""depth"": 1}, ""right"": {""literal"": 2.0, ""depth"": 0}, ""depth"": 2}","{""kind"": ""time_agg"", ""op"": ""avg"", ""depth"": 0}",5692.0,3,0,2,178654244,990369637,42,0.543,0,1,2,4887_total_current_liabilities_prior_fy_end,total_current_liabilities,total current liabilities,AST,"December 31, 2024",M_USD,5674.0,4886_total_current_liabilities_current_quarter_end,total_current_liabilities,total current liabilities,AST,"July 31, 2025",M_USD,5710.0,,,,,,,,,,,,,,,,,,,,,,,,,,,,,,,,,,,,,,,,,,,,,,,,,,,,,,,,,,,,,,,,,,,,,,,,,,,,,,,,,,,,
141,2,"Whats the value of the sum of minimum of inventories for CNS from December 31, 2024 to April 30, 2025 and maximum of net income for CNS from Three Months Ended April 30, 2024 to Three Months Ended April 30, 2025 ?","sum(min(5970_inventories_current_quarter_end, 5971_inventories_prior_fy_end), max(5959_net_income_prior_year_quarter, 5958_net_income_current_quarter))","{""op"": ""sum"", ""left"": {""op"": ""min"", ""left"": {""leaf"": ""5970_inventories_current_quarter_end"", ""depth"": 0}, ""right"": {""leaf"": ""5971_inventories_prior_fy_end"", ""depth"": 0}, ""depth"": 1}, ""right"": {""op"": ""max"", ""left"": {""leaf"": ""5959_net_income_prior_year_quarter"", ""depth"": 0}, ""right"": {""leaf"": ""5958_net_income_current_quarter"", ""depth"": 0}, ""depth"": 1}, ""depth"": 2}","{""op"": ""sum"", ""left"": {""kind"": ""time_agg"", ""op"": ""min"", ""depth"": 0}, ""right"": {""kind"": ""time_agg"", ""op"": ""max"", ""depth"": 0}, ""depth"": 1, ""kind"": ""node""}",770.0,2,1,2,749076127,562732476,42,0.576,1,2,4,5970_inventories_current_quarter_end,inventories,inventories,CNS,"April 30, 2025",M_USD,95.0,5971_inventories_prior_fy_end,inventories,inventories,CNS,"December 31, 2024",M_USD,87.0,5959_net_income_prior_year_quarter,net_income,net income,CNS,"Three Months Ended April 30, 2024",M_USD,647.0,5958_net_income_current_quarter,net_income,net income,CNS,"Three Months Ended April 30, 2025",M_USD,683.0,,,,,,,,,,,,,,,,,,,,,,,,,,,,,,,,,,,,,,,,,,,,,,,,,,,,,,,,,,,,,,,,,,,,,,
146,2,"which result follows from the average stock based compensation for JTX from Three Months Ended April 30, 2024 to Three Months Ended April 30, 2025 ?","ratio(sum(4029_stock_based_compensation_prior_ytd, 4028_stock_based_compensation_current_ytd), 2.0)","{""op"": ""ratio"", ""left"": {""op"": ""sum"", ""left"": {""leaf"": ""4029_stock_based_compensation_prior_ytd"", ""depth"": 0}, ""right"": {""leaf"": ""4028_stock_based_compensation_current_ytd"", ""depth"": 0}, ""depth"": 1}, ""right"": {""literal"": 2.0, ""depth"": 0}, ""depth"": 2}","{""kind"": ""time_agg"", ""op"": ""avg"", ""depth"": 0}",301.0,4,0,2,433878789,59385890,42,0.277,0,1,2,4029_stock_based_compensation_prior_ytd,stock_based_compensation,stock based compensation,JTX,"Three Months Ended April 30, 2024",M_USD,298.0,4028_stock_based_compensation_current_ytd,stock_based_compensation,stock based compensation,JTX,"Three Months Ended April 30, 2025",M_USD,304.0,,,,,,,,,,,,,,,,,,,,,,,,,,,,,,,,,,,,,,,,,,,,,,,,,,,,,,,,,,,,,,,,,,,,,,,,,,,,,,,,,,,,
147,2,"which value corresponds to the income before taxes for HLT in Three Months Ended October 31, 2025",income_before_taxes,"{""derived"": ""income_before_taxes"", ""expanded"": {""op"": ""sum"", ""left"": {""derived"": ""operating_income"", ""expanded"": {""op"": ""diff"", ""left"": {""leaf"": ""628_total_revenues_current_quarter"", ""depth"": 0}, ""right"": {""leaf"": ""648_total_costs_and_expenses_current_quarter"", ""depth"": 0}, ""depth"": 1}, ""depth"": 1}, ""right"": {""leaf"": ""656_other_income_expense_net_current_quarter"", ""depth"": 0}, ""depth"": 2}, ""depth"": 2}","{""kind"": ""derived_concept"", ""name"": ""income_before_taxes"", ""depth"": 0}",3554.0,4,0,2,832410732,786461149,42,0.512,0,1,3,628_total_revenues_current_quarter,total_revenues,total revenues,HLT,"Three Months Ended October 31, 2025",M_USD,15036.0,648_total_costs_and_expenses_current_quarter,total_costs_and_expenses,total costs and expenses,HLT,"Three Months Ended October 31, 2025",M_USD,11558.0,656_other_income_expense_net_current_quarter,other_income_expense_net,other income expense net,HLT,"Three Months Ended October 31, 2025",M_USD,76.0,,,,,,,,,,,,,,,,,,,,,,,,,,,,,,,,,,,,,,,,,,,,,,,,,,,,,,,,,,,,,,,,,,,,,,,,,,,,,
162,2,"what do we obtain as the sum of total costs and expenses and free cash flow for FAB in Six Months Ended July 31, 2025 ?","sum(3816_total_costs_and_expenses_current_ytd, free_cash_flow)","{""op"": ""sum"", ""left"": {""leaf"": ""3816_total_costs_and_expenses_current_ytd"", ""depth"": 0}, ""right"": {""derived"": ""free_cash_flow"", ""expanded"": {""op"": ""sum"", ""left"": {""leaf"": ""3888_net_cash_from_operating_current_ytd"", ""depth"": 0}, ""right"": {""leaf"": ""3890_capital_expenditures_current_ytd"", ""depth"": 0}, ""depth"": 1}, ""depth"": 1}, ""depth"": 2}","{""op"": ""sum"", ""left"": {""kind"": ""leaf"", ""semantic_type_in"": [""amount""], ""depth"": 0}, ""right"": {""kind"": ""derived_concept"", ""name"": ""free_cash_flow"", ""depth"": 0}, ""depth"": 1, ""kind"": ""node""}",59519.0,3,1,2,32851685,358399824,42,0.159,1,2,3,3816_total_costs_and_expenses_current_ytd,total_costs_and_expenses,total costs and expenses,FAB,"Six Months Ended July 31, 2025",M_USD,46710.0,3888_net_cash_from_operating_current_ytd,net_cash_from_operating,net cash from operating,FAB,"Six Months Ended July 31, 2025",M_USD,15626.0,3890_capital_expenditures_current_ytd,capital_expenditures,capital expenditures,FAB,"Six Months Ended July 31, 2025",M_USD,-2817.0,,,,,,,,,,,,,,,,,,,,,,,,,,,,,,,,,,,,,,,,,,,,,,,,,,,,,,,,,,,,,,,,,,,,,,,,,,,,,
163,2,"what would be the average other non current liabilities for FAB from December 31, 2024 to July 31, 2025 ?","ratio(sum(3879_other_non_current_liabilities_prior_fy_end, 3878_other_non_current_liabilities_current_quarter_end), 2.0)","{""op"": ""ratio"", ""left"": {""op"": ""sum"", ""left"": {""leaf"": ""3879_other_non_current_liabilities_prior_fy_end"", ""depth"": 0}, ""right"": {""leaf"": ""3878_other_non_current_liabilities_current_quarter_end"", ""depth"": 0}, ""depth"": 1}, ""right"": {""literal"": 2.0, ""depth"": 0}, ""depth"": 2}","{""kind"": ""time_agg"", ""op"": ""avg"", ""depth"": 0}",1467.0,2,0,2,93974088,43411204,42,0.546,0,1,2,3879_other_non_current_liabilities_prior_fy_end,other_non_current_liabilities,other non current liabilities,FAB,"December 31, 2024",M_USD,1478.0,3878_other_non_current_liabilities_current_quarter_end,other_non_current_liabilities,other non current liabilities,FAB,"July 31, 2025",M_USD,1456.0,,,,,,,,,,,,,,,,,,,,,,,,,,,,,,,,,,,,,,,,,,,,,,,,,,,,,,,,,,,,,,,,,,,,,,,,,,,,,,,,,,,,
168,2,"may you calculate the average cash and cash equivalents for PRD from December 31, 2024 to October 31, 2025","ratio(sum(1891_cash_and_cash_equivalents_prior_fy_end, 1890_cash_and_cash_equivalents_current_quarter_end), 2.0)","{""op"": ""ratio"", ""left"": {""op"": ""sum"", ""left"": {""leaf"": ""1891_cash_and_cash_equivalents_prior_fy_end"", ""depth"": 0}, ""right"": {""leaf"": ""1890_cash_and_cash_equivalents_current_quarter_end"", ""depth"": 0}, ""depth"": 1}, ""right"": {""literal"": 2.0, ""depth"": 0}, ""depth"": 2}","{""kind"": ""time_agg"", ""op"": ""avg"", ""depth"": 0}",2423.5,4,0,2,2939166,112310447,42,0.486,0,1,2,1891_cash_and_cash_equivalents_prior_fy_end,cash_and_cash_equivalents,cash and cash equivalents,PRD,"December 31, 2024",M_USD,2301.0,1890_cash_and_cash_equivalents_current_quarter_end,cash_and_cash_equivalents,cash and cash equivalents,PRD,"October 31, 2025",M_USD,2546.0,,,,,,,,,,,,,,,,,,,,,,,,,,,,,,,,,,,,,,,,,,,,,,,,,,,,,,,,,,,,,,,,,,,,,,,,,,,,,,,,,,,,
174,2,"Evaluate the average total current assets for CRF from December 31, 2024 to October 31, 2025","ratio(sum(1741_total_current_assets_prior_fy_end, 1740_total_current_assets_current_quarter_end), 2.0)","{""op"": ""ratio"", ""left"": {""op"": ""sum"", ""left"": {""leaf"": ""1741_total_current_assets_prior_fy_end"", ""depth"": 0}, ""right"": {""leaf"": ""1740_total_current_assets_current_quarter_end"", ""depth"": 0}, ""depth"": 1}, ""right"": {""literal"": 2.0, ""depth"": 0}, ""depth"": 2}","{""kind"": ""time_agg"", ""op"": ""avg"", ""depth"": 0}",5432.5,1,0,2,530328770,805053486,42,0.495,0,1,2,1741_total_current_assets_prior_fy_end,total_current_assets,total current assets,CRF,"December 31, 2024",M_USD,5501.0,1740_total_current_assets_current_quarter_end,total_current_assets,total current assets,CRF,"October 31, 2025",M_USD,5364.0,,,,,,,,,,,,,,,,,,,,,,,,,,,,,,,,,,,,,,,,,,,,,,,,,,,,,,,,,,,,,,,,,,,,,,,,,,,,,,,,,,,,
177,2,"Calculate the average other non current liabilities for MRK from December 31, 2024 to April 30, 2025 .","ratio(sum(7108_other_non_current_liabilities_current_quarter_end, 7109_other_non_current_liabilities_prior_fy_end), 2.0)","{""op"": ""ratio"", ""left"": {""op"": ""sum"", ""left"": {""leaf"": ""7108_other_non_current_liabilities_current_quarter_end"", ""depth"": 0}, ""right"": {""leaf"": ""7109_other_non_current_liabilities_prior_fy_end"", ""depth"": 0}, ""depth"": 1}, ""right"": {""literal"": 2.0, ""depth"": 0}, ""depth"": 2}","{""kind"": ""time_agg"", ""op"": ""avg"", ""depth"": 0}",1075.0,2,0,2,246502547,629568465,42,0.136,0,1,2,7108_other_non_current_liabilities_current_quarter_end,other_non_current_liabilities,other non current liabilities,MRK,"April 30, 2025",M_USD,1108.0,7109_other_non_current_liabilities_prior_fy_end,other_non_current_liabilities,other non current liabilities,MRK,"December 31, 2024",M_USD,1042.0,,,,,,,,,,,,,,,,,,,,,,,,,,,,,,,,,,,,,,,,,,,,,,,,,,,,,,,,,,,,,,,,,,,,,,,,,,,,,,,,,,,,
180,2,"you should give the average total non current liabilities for GBL from December 31, 2024 to April 30, 2025.","ratio(sum(6826_total_non_current_liabilities_current_quarter_end, 6827_total_non_current_liabilities_prior_fy_end), 2.0)","{""op"": ""ratio"", ""left"": {""op"": ""sum"", ""left"": {""leaf"": ""6826_total_non_current_liabilities_current_quarter_end"", ""depth"": 0}, ""right"": {""leaf"": ""6827_total_non_current_liabilities_prior_fy_end"", ""depth"": 0}, ""depth"": 1}, ""right"": {""literal"": 2.0, ""depth"": 0}, ""depth"": 2}","{""kind"": ""time_agg"", ""op"": ""avg"", ""depth"": 0}",8101.0,2,0,2,212945757,475558434,42,0.563,0,1,2,6826_total_non_current_liabilities_current_quarter_end,total_non_current_liabilities,total non current liabilities,GBL,"April 30, 2025",M_USD,8695.0,6827_total_non_current_liabilities_prior_fy_end,total_non_current_liabilities,total non current liabilities,GBL,"December 31, 2024",M_USD,7507.0,,,,,,,,,,,,,,,,,,,,,,,,,,,,,,,,,,,,,,,,,,,,,,,,,,,,,,,,,,,,,,,,,,,,,,,,,,,,,,,,,,,,
188,2,"Compute the average long term debt for PRD from December 31, 2024 to October 31, 2025 .","ratio(sum(1925_long_term_debt_prior_fy_end, 1924_long_term_debt_current_quarter_end), 2.0)","{""op"": ""ratio"", ""left"": {""op"": ""sum"", ""left"": {""leaf"": ""1925_long_term_debt_prior_fy_end"", ""depth"": 0}, ""right"": {""leaf"": ""1924_long_term_debt_current_quarter_end"", ""depth"": 0}, ""depth"": 1}, ""right"": {""literal"": 2.0, ""depth"": 0}, ""depth"": 2}","{""kind"": ""time_agg"", ""op"": ""avg"", ""depth"": 0}",4197.5,2,0,2,737314966,20504826,42,0.264,0,1,2,1925_long_term_debt_prior_fy_end,long_term_debt,long term debt,PRD,"December 31, 2024",M_USD,3985.0,1924_long_term_debt_current_quarter_end,long_term_debt,long term debt,PRD,"October 31, 2025",M_USD,4410.0,,,,,,,,,,,,,,,,,,,,,,,,,,,,,,,,,,,,,,,,,,,,,,,,,,,,,,,,,,,,,,,,,,,,,,,,,,,,,,,,,,,,
189,2,"which value corresponds to the average other non current liabilities for HRZ from December 31, 2024 to April 30, 2025 ?","ratio(sum(7230_other_non_current_liabilities_current_quarter_end, 7231_other_non_current_liabilities_prior_fy_end), 2.0)","{""op"": ""ratio"", ""left"": {""op"": ""sum"", ""left"": {""leaf"": ""7230_other_non_current_liabilities_current_quarter_end"", ""depth"": 0}, ""right"": {""leaf"": ""7231_other_non_current_liabilities_prior_fy_end"", ""depth"": 0}, ""depth"": 1}, ""right"": {""literal"": 2.0, ""depth"": 0}, ""depth"": 2}","{""kind"": ""time_agg"", ""op"": ""avg"", ""depth"": 0}",100.5,2,0,2,958817965,88790935,42,0.191,0,1,2,7230_other_non_current_liabilities_current_quarter_end,other_non_current_liabilities,other non current liabilities,HRZ,"April 30, 2025",M_USD,98.0,7231_other_non_current_liabilities_prior_fy_end,other_non_current_liabilities,other non current liabilities,HRZ,"December 31, 2024",M_USD,103.0,,,,,,,,,,,,,,,,,,,,,,,,,,,,,,,,,,,,,,,,,,,,,,,,,,,,,,,,,,,,,,,,,,,,,,,,,,,,,,,,,,,,
194,2,"what's the value of the sum of minimum of provision for income taxes for CLD from Three Months Ended April 30, 2024 to Three Months Ended April 30, 2025 and maximum of research and development for CLD from Three Months Ended April 30, 2024 to Three Months Ended April 30, 2025?","sum(min(3151_provision_for_income_taxes_prior_year_quarter, 3150_provision_for_income_taxes_current_quarter), max(3141_research_and_development_prior_year_quarter, 3140_research_and_development_current_quarter))","{""op"": ""sum"", ""left"": {""op"": ""min"", ""left"": {""leaf"": ""3151_provision_for_income_taxes_prior_year_quarter"", ""depth"": 0}, ""right"": {""leaf"": ""3150_provision_for_income_taxes_current_quarter"", ""depth"": 0}, ""depth"": 1}, ""right"": {""op"": ""max"", ""left"": {""leaf"": ""3141_research_and_development_prior_year_quarter"", ""depth"": 0}, ""right"": {""leaf"": ""3140_research_and_development_current_quarter"", ""depth"": 0}, ""depth"": 1}, ""depth"": 2}","{""op"": ""sum"", ""left"": {""kind"": ""time_agg"", ""op"": ""min"", ""depth"": 0}, ""right"": {""kind"": ""time_agg"", ""op"": ""max"", ""depth"": 0}, ""depth"": 1, ""kind"": ""node""}",2413.0,3,1,2,605284894,724925532,42,0.35,1,2,4,3151_provision_for_income_taxes_prior_year_quarter,provision_for_income_taxes,provision for income taxes,CLD,"Three Months Ended April 30, 2024",M_USD,342.0,3150_provision_for_income_taxes_current_quarter,provision_for_income_taxes,provision for income taxes,CLD,"Three Months Ended April 30, 2025",M_USD,354.0,3141_research_and_development_prior_year_quarter,research_and_development,research and development,CLD,"Three Months Ended April 30, 2024",M_USD,2000.0,3140_research_and_development_current_quarter,research_and_development,research and development,CLD,"Three Months Ended April 30, 2025",M_USD,2071.0,,,,,,,,,,,,,,,,,,,,,,,,,,,,,,,,,,,,,,,,,,,,,,,,,,,,,,,,,,,,,,,,,,,,,,
199,2,"may you give the sum of repayments of debt and free cash flow for QRK in Six Months Ended April 30, 2025 ?","sum(3571_repayments_of_debt_prior_ytd, free_cash_flow)","{""op"": ""sum"", ""left"": {""leaf"": ""3571_repayments_of_debt_prior_ytd"", ""depth"": 0}, ""right"": {""derived"": ""free_cash_flow"", ""expanded"": {""op"": ""sum"", ""left"": {""leaf"": ""3537_net_cash_from_operating_prior_ytd"", ""depth"": 0}, ""right"": {""leaf"": ""3539_capital_expenditures_prior_ytd"", ""depth"": 0}, ""depth"": 1}, ""depth"": 1}, ""depth"": 2}","{""op"": ""sum"", ""left"": {""kind"": ""leaf"", ""semantic_type_in"": [""amount""], ""depth"": 0}, ""right"": {""kind"": ""derived_concept"", ""name"": ""free_cash_flow"", ""depth"": 0}, ""depth"": 1, ""kind"": ""node""}",50210.0,3,1,2,429824220,732258183,42,0.303,1,2,3,3571_repayments_of_debt_prior_ytd,repayments_of_debt,repayments of debt,QRK,"Six Months Ended April 30, 2025",M_USD,-2571.0,3537_net_cash_from_operating_prior_ytd,net_cash_from_operating,net cash from operating,QRK,"Six Months Ended April 30, 2025",M_USD,63919.0,3539_capital_expenditures_prior_ytd,capital_expenditures,capital expenditures,QRK,"Six Months Ended April 30, 2025",M_USD,-11138.0,,,,,,,,,,,,,,,,,,,,,,,,,,,,,,,,,,,,,,,,,,,,,,,,,,,,,,,,,,,,,,,,,,,,,,,,,,,,,
201,2,"which result follows from the average operating income for INF from Six Months Ended July 31, 2024 to Six Months Ended July 31, 2025","ratio(sum(3645_operating_income_prior_year_ytd, 3644_operating_income_current_ytd), 2.0)","{""op"": ""ratio"", ""left"": {""op"": ""sum"", ""left"": {""leaf"": ""3645_operating_income_prior_year_ytd"", ""depth"": 0}, ""right"": {""leaf"": ""3644_operating_income_current_ytd"", ""depth"": 0}, ""depth"": 1}, ""right"": {""literal"": 2.0, ""depth"": 0}, ""depth"": 2}","{""kind"": ""time_agg"", ""op"": ""avg"", ""depth"": 0}",6016.0,5,0,2,873673014,471725263,42,0.131,0,1,2,3645_operating_income_prior_year_ytd,operating_income,operating income,INF,"Six Months Ended July 31, 2024",M_USD,5774.0,3644_operating_income_current_ytd,operating_income,operating income,INF,"Six Months Ended July 31, 2025",M_USD,6258.0,,,,,,,,,,,,,,,,,,,,,,,,,,,,,,,,,,,,,,,,,,,,,,,,,,,,,,,,,,,,,,,,,,,,,,,,,,,,,,,,,,,,
204,2,"what is the average net cash from operating for BLD from Six Months Ended July 31, 2024 to Six Months Ended July 31, 2025 ?","ratio(sum(2733_net_cash_from_operating_prior_ytd, 2732_net_cash_from_operating_current_ytd), 2.0)","{""op"": ""ratio"", ""left"": {""op"": ""sum"", ""left"": {""leaf"": ""2733_net_cash_from_operating_prior_ytd"", ""depth"": 0}, ""right"": {""leaf"": ""2732_net_cash_from_operating_current_ytd"", ""depth"": 0}, ""depth"": 1}, ""right"": {""literal"": 2.0, ""depth"": 0}, ""depth"": 2}","{""kind"": ""time_agg"", ""op"": ""avg"", ""depth"": 0}",2148.5,2,0,2,289490164,107115374,42,0.179,0,1,2,2733_net_cash_from_operating_prior_ytd,net_cash_from_operating,net cash from operating,BLD,"Six Months Ended July 31, 2024",M_USD,2250.0,2732_net_cash_from_operating_current_ytd,net_cash_from_operating,net cash from operating,BLD,"Six Months Ended July 31, 2025",M_USD,2047.0,,,,,,,,,,,,,,,,,,,,,,,,,,,,,,,,,,,,,,,,,,,,,,,,,,,,,,,,,,,,,,,,,,,,,,,,,,,,,,,,,,,,
205,2,"may you calculate the average net income for PRD from Nine Months Ended October 31, 2024 to Nine Months Ended October 31, 2025?","ratio(sum(1881_net_income_prior_year_ytd, 1880_net_income_current_ytd), 2.0)","{""op"": ""ratio"", ""left"": {""op"": ""sum"", ""left"": {""leaf"": ""1881_net_income_prior_year_ytd"", ""depth"": 0}, ""right"": {""leaf"": ""1880_net_income_current_ytd"", ""depth"": 0}, ""depth"": 1}, ""right"": {""literal"": 2.0, ""depth"": 0}, ""depth"": 2}","{""kind"": ""time_agg"", ""op"": ""avg"", ""depth"": 0}",9190.5,1,0,2,835098427,134927412,42,0.222,0,1,2,1881_net_income_prior_year_ytd,net_income,net income,PRD,"Nine Months Ended October 31, 2024",M_USD,8616.0,1880_net_income_current_ytd,net_income,net income,PRD,"Nine Months Ended October 31, 2025",M_USD,9765.0,,,,,,,,,,,,,,,,,,,,,,,,,,,,,,,,,,,,,,,,,,,,,,,,,,,,,,,,,,,,,,,,,,,,,,,,,,,,,,,,,,,,
216,2,"You should give the income before taxes for MDI in Three Months Ended October 31, 2024.",income_before_taxes,"{""derived"": ""income_before_taxes"", ""expanded"": {""op"": ""sum"", ""left"": {""derived"": ""operating_income"", ""expanded"": {""op"": ""diff"", ""left"": {""leaf"": ""5475_total_revenues_prior_year_quarter"", ""depth"": 0}, ""right"": {""leaf"": ""5495_total_costs_and_expenses_prior_year_quarter"", ""depth"": 0}, ""depth"": 1}, ""depth"": 1}, ""right"": {""leaf"": ""5503_other_income_expense_net_prior_year_quarter"", ""depth"": 0}, ""depth"": 2}, ""depth"": 2}","{""kind"": ""derived_concept"", ""name"": ""income_before_taxes"", ""depth"": 0}",3296.0,3,0,2,684186371,464740834,42,0.402,0,1,3,5475_total_revenues_prior_year_quarter,total_revenues,total revenues,MDI,"Three Months Ended October 31, 2024",M_USD,16497.0,5495_total_costs_and_expenses_prior_year_quarter,total_costs_and_expenses,total costs and expenses,MDI,"Three Months Ended October 31, 2024",M_USD,13190.0,5503_other_income_expense_net_prior_year_quarter,other_income_expense_net,other income expense net,MDI,"Three Months Ended October 31, 2024",M_USD,-11.0,,,,,,,,,,,,,,,,,,,,,,,,,,,,,,,,,,,,,,,,,,,,,,,,,,,,,,,,,,,,,,,,,,,,,,,,,,,,,
219,2,"What do we obtain as the average short term investments for FNB from December 31, 2024 to October 31, 2025","ratio(sum(6119_short_term_investments_prior_fy_end, 6118_short_term_investments_current_quarter_end), 2.0)","{""op"": ""ratio"", ""left"": {""op"": ""sum"", ""left"": {""leaf"": ""6119_short_term_investments_prior_fy_end"", ""depth"": 0}, ""right"": {""leaf"": ""6118_short_term_investments_current_quarter_end"", ""depth"": 0}, ""depth"": 1}, ""right"": {""literal"": 2.0, ""depth"": 0}, ""depth"": 2}","{""kind"": ""time_agg"", ""op"": ""avg"", ""depth"": 0}",3575.0,3,0,2,431052131,54715416,42,0.406,0,1,2,6119_short_term_investments_prior_fy_end,short_term_investments,short term investments,FNB,"December 31, 2024",M_USD,3518.0,6118_short_term_investments_current_quarter_end,short_term_investments,short term investments,FNB,"October 31, 2025",M_USD,3632.0,,,,,,,,,,,,,,,,,,,,,,,,,,,,,,,,,,,,,,,,,,,,,,,,,,,,,,,,,,,,,,,,,,,,,,,,,,,,,,,,,,,,
224,2,"You should calculate the average gross profit for CLR from Three Months Ended October 31, 2024 to Three Months Ended October 31, 2025 .","ratio(sum(141_gross_profit_prior_year_quarter, 140_gross_profit_current_quarter), 2.0)","{""op"": ""ratio"", ""left"": {""op"": ""sum"", ""left"": {""leaf"": ""141_gross_profit_prior_year_quarter"", ""depth"": 0}, ""right"": {""leaf"": ""140_gross_profit_current_quarter"", ""depth"": 0}, ""depth"": 1}, ""right"": {""literal"": 2.0, ""depth"": 0}, ""depth"": 2}","{""kind"": ""time_agg"", ""op"": ""avg"", ""depth"": 0}",5912.0,3,0,2,904708909,397082311,42,0.311,0,1,2,141_gross_profit_prior_year_quarter,gross_profit,gross profit,CLR,"Three Months Ended October 31, 2024",M_USD,6165.0,140_gross_profit_current_quarter,gross_profit,gross profit,CLR,"Three Months Ended October 31, 2025",M_USD,5659.0,,,,,,,,,,,,,,,,,,,,,,,,,,,,,,,,,,,,,,,,,,,,,,,,,,,,,,,,,,,,,,,,,,,,,,,,,,,,,,,,,,,,
228,2,"what's the value of the average total non current liabilities for CIV from December 31, 2024 to October 31, 2025 ?","ratio(sum(2885_total_non_current_liabilities_prior_fy_end, 2884_total_non_current_liabilities_current_quarter_end), 2.0)","{""op"": ""ratio"", ""left"": {""op"": ""sum"", ""left"": {""leaf"": ""2885_total_non_current_liabilities_prior_fy_end"", ""depth"": 0}, ""right"": {""leaf"": ""2884_total_non_current_liabilities_current_quarter_end"", ""depth"": 0}, ""depth"": 1}, ""right"": {""literal"": 2.0, ""depth"": 0}, ""depth"": 2}","{""kind"": ""time_agg"", ""op"": ""avg"", ""depth"": 0}",941.0,2,0,2,815478157,20751995,42,0.503,0,1,2,2885_total_non_current_liabilities_prior_fy_end,total_non_current_liabilities,total non current liabilities,CIV,"December 31, 2024",M_USD,909.0,2884_total_non_current_liabilities_current_quarter_end,total_non_current_liabilities,total non current liabilities,CIV,"October 31, 2025",M_USD,973.0,,,,,,,,,,,,,,,,,,,,,,,,,,,,,,,,,,,,,,,,,,,,,,,,,,,,,,,,,,,,,,,,,,,,,,,,,,,,,,,,,,,,
229,2,"could you give the average total costs and expenses for MTX from Nine Months Ended October 31, 2024 to Nine Months Ended October 31, 2025","ratio(sum(5337_total_costs_and_expenses_prior_year_ytd, 5336_total_costs_and_expenses_current_ytd), 2.0)","{""op"": ""ratio"", ""left"": {""op"": ""sum"", ""left"": {""leaf"": ""5337_total_costs_and_expenses_prior_year_ytd"", ""depth"": 0}, ""right"": {""leaf"": ""5336_total_costs_and_expenses_current_ytd"", ""depth"": 0}, ""depth"": 1}, ""right"": {""literal"": 2.0, ""depth"": 0}, ""depth"": 2}","{""kind"": ""time_agg"", ""op"": ""avg"", ""depth"": 0}",62533.5,5,0,2,259486864,983418438,42,0.103,0,1,2,5337_total_costs_and_expenses_prior_year_ytd,total_costs_and_expenses,total costs and expenses,MTX,"Nine Months Ended October 31, 2024",M_USD,62940.0,5336_total_costs_and_expenses_current_ytd,total_costs_and_expenses,total costs and expenses,MTX,"Nine Months Ended October 31, 2025",M_USD,62127.0,,,,,,,,,,,,,,,,,,,,,,,,,,,,,,,,,,,,,,,,,,,,,,,,,,,,,,,,,,,,,,,,,,,,,,,,,,,,,,,,,,,,
236,2,"what is the income before taxes for AST in Three Months Ended July 31, 2024 ?",income_before_taxes,"{""derived"": ""income_before_taxes"", ""expanded"": {""op"": ""sum"", ""left"": {""derived"": ""operating_income"", ""expanded"": {""op"": ""diff"", ""left"": {""leaf"": ""4811_total_revenues_prior_year_quarter"", ""depth"": 0}, ""right"": {""leaf"": ""4827_total_costs_and_expenses_prior_year_quarter"", ""depth"": 0}, ""depth"": 1}, ""depth"": 1}, ""right"": {""leaf"": ""4835_other_income_expense_net_prior_year_quarter"", ""depth"": 0}, ""depth"": 2}, ""depth"": 2}","{""kind"": ""derived_concept"", ""name"": ""income_before_taxes"", ""depth"": 0}",5776.0,5,0,2,181962431,669912818,42,0.498,0,1,3,4811_total_revenues_prior_year_quarter,total_revenues,total revenues,AST,"Three Months Ended July 31, 2024",M_USD,20623.0,4827_total_costs_and_expenses_prior_year_quarter,total_costs_and_expenses,total costs and expenses,AST,"Three Months Ended July 31, 2024",M_USD,15180.0,4835_other_income_expense_net_prior_year_quarter,other_income_expense_net,other income expense net,AST,"Three Months Ended July 31, 2024",M_USD,333.0,,,,,,,,,,,,,,,,,,,,,,,,,,,,,,,,,,,,,,,,,,,,,,,,,,,,,,,,,,,,,,,,,,,,,,,,,,,,,
238,2,"Determine the average deferred revenue current for ZNX from December 31, 2024 to July 31, 2025.","ratio(sum(6311_deferred_revenue_current_prior_fy_end, 6310_deferred_revenue_current_current_quarter_end), 2.0)","{""op"": ""ratio"", ""left"": {""op"": ""sum"", ""left"": {""leaf"": ""6311_deferred_revenue_current_prior_fy_end"", ""depth"": 0}, ""right"": {""leaf"": ""6310_deferred_revenue_current_current_quarter_end"", ""depth"": 0}, ""depth"": 1}, ""right"": {""literal"": 2.0, ""depth"": 0}, ""depth"": 2}","{""kind"": ""time_agg"", ""op"": ""avg"", ""depth"": 0}",740.0,2,0,2,393874147,543677956,42,0.314,0,1,2,6311_deferred_revenue_current_prior_fy_end,deferred_revenue_current,deferred revenue current,ZNX,"December 31, 2024",M_USD,689.0,6310_deferred_revenue_current_current_quarter_end,deferred_revenue_current,deferred revenue current,ZNX,"July 31, 2025",M_USD,791.0,,,,,,,,,,,,,,,,,,,,,,,,,,,,,,,,,,,,,,,,,,,,,,,,,,,,,,,,,,,,,,,,,,,,,,,,,,,,,,,,,,,,
241,2,"Which result follows from the average prepaid expenses and other for INF from December 31, 2024 to July 31, 2025?","ratio(sum(3675_prepaid_expenses_and_other_prior_fy_end, 3674_prepaid_expenses_and_other_current_quarter_end), 2.0)","{""op"": ""ratio"", ""left"": {""op"": ""sum"", ""left"": {""leaf"": ""3675_prepaid_expenses_and_other_prior_fy_end"", ""depth"": 0}, ""right"": {""leaf"": ""3674_prepaid_expenses_and_other_current_quarter_end"", ""depth"": 0}, ""depth"": 1}, ""right"": {""literal"": 2.0, ""depth"": 0}, ""depth"": 2}","{""kind"": ""time_agg"", ""op"": ""avg"", ""depth"": 0}",605.5,4,0,2,414909754,562399011,42,0.269,0,1,2,3675_prepaid_expenses_and_other_prior_fy_end,prepaid_expenses_and_other,prepaid expenses and other,INF,"December 31, 2024",M_USD,605.0,3674_prepaid_expenses_and_other_current_quarter_end,prepaid_expenses_and_other,prepaid expenses and other,INF,"July 31, 2025",M_USD,606.0,,,,,,,,,,,,,,,,,,,,,,,,,,,,,,,,,,,,,,,,,,,,,,,,,,,,,,,,,,,,,,,,,,,,,,,,,,,,,,,,,,,,
243,2,"what is the value of the average selling general and administrative for CAP from Three Months Ended October 31, 2024 to Three Months Ended October 31, 2025","ratio(sum(5663_selling_general_and_administrative_prior_year_quarter, 5662_selling_general_and_administrative_current_quarter), 2.0)","{""op"": ""ratio"", ""left"": {""op"": ""sum"", ""left"": {""leaf"": ""5663_selling_general_and_administrative_prior_year_quarter"", ""depth"": 0}, ""right"": {""leaf"": ""5662_selling_general_and_administrative_current_quarter"", ""depth"": 0}, ""depth"": 1}, ""right"": {""literal"": 2.0, ""depth"": 0}, ""depth"": 2}","{""kind"": ""time_agg"", ""op"": ""avg"", ""depth"": 0}",8854.5,5,0,2,154595764,416206207,42,0.403,0,1,2,5663_selling_general_and_administrative_prior_year_quarter,selling_general_and_administrative,selling general and administrative,CAP,"Three Months Ended October 31, 2024",M_USD,8670.0,5662_selling_general_and_administrative_current_quarter,selling_general_and_administrative,selling general and administrative,CAP,"Three Months Ended October 31, 2025",M_USD,9039.0,,,,,,,,,,,,,,,,,,,,,,,,,,,,,,,,,,,,,,,,,,,,,,,,,,,,,,,,,,,,,,,,,,,,,,,,,,,,,,,,,,,,
248,2,"Evaluate the result of sum of gross profit and net cash from operating for PLZ in Six Months Ended July 31, 2025 scaled by growth in goodwill for PLZ from December 31, 2024 to July 31, 2025 .","mul(sum(2012_gross_profit_current_ytd, 2096_net_cash_from_operating_current_ytd), growth(2067_goodwill_prior_fy_end, 2066_goodwill_current_quarter_end))","{""op"": ""mul"", ""left"": {""op"": ""sum"", ""left"": {""leaf"": ""2012_gross_profit_current_ytd"", ""depth"": 0}, ""right"": {""leaf"": ""2096_net_cash_from_operating_current_ytd"", ""depth"": 0}, ""depth"": 1}, ""right"": {""op"": ""growth"", ""left"": {""leaf"": ""2067_goodwill_prior_fy_end"", ""depth"": 0}, ""right"": {""leaf"": ""2066_goodwill_current_quarter_end"", ""depth"": 0}, ""depth"": 1}, ""depth"": 2}","{""op"": ""mul"", ""left"": {""op"": ""sum"", ""left"": {""kind"": ""leaf"", ""semantic_type_in"": [""amount""], ""depth"": 0}, ""right"": {""kind"": ""leaf"", ""semantic_type_in"": [""amount""], ""depth"": 0}, ""depth"": 1, ""kind"": ""node""}, ""right"": {""op"": ""growth"", ""left"": {""kind"": ""leaf"", ""semantic_type_in"": [""amount""], ""depth"": 0}, ""right"": {""kind"": ""leaf"", ""semantic_type_in"": [""amount""], ""depth"": 0}, ""depth"": 1, ""kind"": ""node""}, ""depth"": 2, ""kind"": ""node""}",-1596.9055793991417,2,2,2,591313834,240729042,42,0.264,3,4,4,2012_gross_profit_current_ytd,gross_profit,gross profit,PLZ,"Six Months Ended July 31, 2025",M_USD,43096.0,2096_net_cash_from_operating_current_ytd,net_cash_from_operating,net cash from operating,PLZ,"Six Months Ended July 31, 2025",M_USD,17475.0,2067_goodwill_prior_fy_end,goodwill,goodwill,PLZ,"December 31, 2024",M_USD,12704.0,2066_goodwill_current_quarter_end,goodwill,goodwill,PLZ,"July 31, 2025",M_USD,13048.0,,,,,,,,,,,,,,,,,,,,,,,,,,,,,,,,,,,,,,,,,,,,,,,,,,,,,,,,,,,,,,,,,,,,,,
249,2,"could you give the average Other revenue for NVH from Nine Months Ended October 31, 2024 to Nine Months Ended October 31, 2025?","ratio(sum(6761_other_revenue_prior_year_ytd, 6757_other_revenue_current_ytd), 2.0)","{""op"": ""ratio"", ""left"": {""op"": ""sum"", ""left"": {""leaf"": ""6761_other_revenue_prior_year_ytd"", ""depth"": 0}, ""right"": {""leaf"": ""6757_other_revenue_current_ytd"", ""depth"": 0}, ""depth"": 1}, ""right"": {""literal"": 2.0, ""depth"": 0}, ""depth"": 2}","{""kind"": ""time_agg"", ""op"": ""avg"", ""depth"": 0}",23713.5,2,0,2,418361395,115358719,42,0.275,0,1,2,6761_other_revenue_prior_year_ytd,other_revenue,Other revenue,NVH,"Nine Months Ended October 31, 2024",M_USD,24849.0,6757_other_revenue_current_ytd,other_revenue,Other revenue,NVH,"Nine Months Ended October 31, 2025",M_USD,22578.0,,,,,,,,,,,,,,,,,,,,,,,,,,,,,,,,,,,,,,,,,,,,,,,,,,,,,,,,,,,,,,,,,,,,,,,,,,,,,,,,,,,,
258,2,"Evaluate the average Non-interest income for FNB from Three Months Ended October 31, 2024 to Three Months Ended October 31, 2025","ratio(sum(6231_non_interest_income_prior_year_quarter, 6229_non_interest_income_current_quarter), 2.0)","{""op"": ""ratio"", ""left"": {""op"": ""sum"", ""left"": {""leaf"": ""6231_non_interest_income_prior_year_quarter"", ""depth"": 0}, ""right"": {""leaf"": ""6229_non_interest_income_current_quarter"", ""depth"": 0}, ""depth"": 1}, ""right"": {""literal"": 2.0, ""depth"": 0}, ""depth"": 2}","{""kind"": ""time_agg"", ""op"": ""avg"", ""depth"": 0}",1768.5,5,0,2,805947165,527712780,42,0.529,0,1,2,6231_non_interest_income_prior_year_quarter,non_interest_income,Non-interest income,FNB,"Three Months Ended October 31, 2024",M_USD,1848.0,6229_non_interest_income_current_quarter,non_interest_income,Non-interest income,FNB,"Three Months Ended October 31, 2025",M_USD,1689.0,,,,,,,,,,,,,,,,,,,,,,,,,,,,,,,,,,,,,,,,,,,,,,,,,,,,,,,,,,,,,,,,,,,,,,,,,,,,,,,,,,,,
260,2,"which value corresponds to the average total liabilities for HRZ from December 31, 2024 to April 30, 2025 ?","ratio(sum(7234_total_liabilities_current_quarter_end, 7235_total_liabilities_prior_fy_end), 2.0)","{""op"": ""ratio"", ""left"": {""op"": ""sum"", ""left"": {""leaf"": ""7234_total_liabilities_current_quarter_end"", ""depth"": 0}, ""right"": {""leaf"": ""7235_total_liabilities_prior_fy_end"", ""depth"": 0}, ""depth"": 1}, ""right"": {""literal"": 2.0, ""depth"": 0}, ""depth"": 2}","{""kind"": ""time_agg"", ""op"": ""avg"", ""depth"": 0}",4841.5,2,0,2,408348488,972928944,42,0.503,0,1,2,7234_total_liabilities_current_quarter_end,total_liabilities,total liabilities,HRZ,"April 30, 2025",M_USD,4730.0,7235_total_liabilities_prior_fy_end,total_liabilities,total liabilities,HRZ,"December 31, 2024",M_USD,4953.0,,,,,,,,,,,,,,,,,,,,,,,,,,,,,,,,,,,,,,,,,,,,,,,,,,,,,,,,,,,,,,,,,,,,,,,,,,,,,,,,,,,,
261,2,"What do we obtain as the average proceeds from maturities of securities for FNB from Nine Months Ended October 31, 2024 to Nine Months Ended October 31, 2025 ?","ratio(sum(6195_proceeds_from_maturities_of_securities_prior_ytd, 6194_proceeds_from_maturities_of_securities_current_ytd), 2.0)","{""op"": ""ratio"", ""left"": {""op"": ""sum"", ""left"": {""leaf"": ""6195_proceeds_from_maturities_of_securities_prior_ytd"", ""depth"": 0}, ""right"": {""leaf"": ""6194_proceeds_from_maturities_of_securities_current_ytd"", ""depth"": 0}, ""depth"": 1}, ""right"": {""literal"": 2.0, ""depth"": 0}, ""depth"": 2}","{""kind"": ""time_agg"", ""op"": ""avg"", ""depth"": 0}",606.0,5,0,2,532479507,239921653,42,0.196,0,1,2,6195_proceeds_from_maturities_of_securities_prior_ytd,proceeds_from_maturities_of_securities,proceeds from maturities of securities,FNB,"Nine Months Ended October 31, 2024",M_USD,633.0,6194_proceeds_from_maturities_of_securities_current_ytd,proceeds_from_maturities_of_securities,proceeds from maturities of securities,FNB,"Nine Months Ended October 31, 2025",M_USD,579.0,,,,,,,,,,,,,,,,,,,,,,,,,,,,,,,,,,,,,,,,,,,,,,,,,,,,,,,,,,,,,,,,,,,,,,,,,,,,,,,,,,,,
263,2,"What do we obtain as the average gross profit for GBL from Three Months Ended April 30, 2024 to Three Months Ended April 30, 2025","ratio(sum(6769_gross_profit_prior_year_quarter, 6768_gross_profit_current_quarter), 2.0)","{""op"": ""ratio"", ""left"": {""op"": ""sum"", ""left"": {""leaf"": ""6769_gross_profit_prior_year_quarter"", ""depth"": 0}, ""right"": {""leaf"": ""6768_gross_profit_current_quarter"", ""depth"": 0}, ""depth"": 1}, ""right"": {""literal"": 2.0, ""depth"": 0}, ""depth"": 2}","{""kind"": ""time_agg"", ""op"": ""avg"", ""depth"": 0}",8332.5,3,0,2,326465386,730147472,42,0.206,0,1,2,6769_gross_profit_prior_year_quarter,gross_profit,gross profit,GBL,"Three Months Ended April 30, 2024",M_USD,8463.0,6768_gross_profit_current_quarter,gross_profit,gross profit,GBL,"Three Months Ended April 30, 2025",M_USD,8202.0,,,,,,,,,,,,,,,,,,,,,,,,,,,,,,,,,,,,,,,,,,,,,,,,,,,,,,,,,,,,,,,,,,,,,,,,,,,,,,,,,,,,
264,2,"Calculate the income before taxes for MED in Three Months Ended October 31, 2024.",income_before_taxes,"{""derived"": ""income_before_taxes"", ""expanded"": {""op"": ""sum"", ""left"": {""derived"": ""operating_income"", ""expanded"": {""op"": ""diff"", ""left"": {""leaf"": ""1217_total_revenues_prior_year_quarter"", ""depth"": 0}, ""right"": {""leaf"": ""1237_total_costs_and_expenses_prior_year_quarter"", ""depth"": 0}, ""depth"": 1}, ""depth"": 1}, ""right"": {""leaf"": ""1245_other_income_expense_net_prior_year_quarter"", ""depth"": 0}, ""depth"": 2}, ""depth"": 2}","{""kind"": ""derived_concept"", ""name"": ""income_before_taxes"", ""depth"": 0}",1061.0,4,0,2,993931848,931002965,42,0.34,0,1,3,1217_total_revenues_prior_year_quarter,total_revenues,total revenues,MED,"Three Months Ended October 31, 2024",M_USD,7291.0,1237_total_costs_and_expenses_prior_year_quarter,total_costs_and_expenses,total costs and expenses,MED,"Three Months Ended October 31, 2024",M_USD,6293.0,1245_other_income_expense_net_prior_year_quarter,other_income_expense_net,other income expense net,MED,"Three Months Ended October 31, 2024",M_USD,63.0,,,,,,,,,,,,,,,,,,,,,,,,,,,,,,,,,,,,,,,,,,,,,,,,,,,,,,,,,,,,,,,,,,,,,,,,,,,,,
265,2,"May you give the average cash and cash equivalents for QRK from September 30, 2025 to April 30, 2026?","ratio(sum(3490_cash_and_cash_equivalents_current_quarter_end, 3491_cash_and_cash_equivalents_prior_fy_end), 2.0)","{""op"": ""ratio"", ""left"": {""op"": ""sum"", ""left"": {""leaf"": ""3490_cash_and_cash_equivalents_current_quarter_end"", ""depth"": 0}, ""right"": {""leaf"": ""3491_cash_and_cash_equivalents_prior_fy_end"", ""depth"": 0}, ""depth"": 1}, ""right"": {""literal"": 2.0, ""depth"": 0}, ""depth"": 2}","{""kind"": ""time_agg"", ""op"": ""avg"", ""depth"": 0}",18927.5,3,0,2,401459238,210018939,42,0.55,0,1,2,3490_cash_and_cash_equivalents_current_quarter_end,cash_and_cash_equivalents,cash and cash equivalents,QRK,"April 30, 2026",M_USD,18395.0,3491_cash_and_cash_equivalents_prior_fy_end,cash_and_cash_equivalents,cash and cash equivalents,QRK,"September 30, 2025",M_USD,19460.0,,,,,,,,,,,,,,,,,,,,,,,,,,,,,,,,,,,,,,,,,,,,,,,,,,,,,,,,,,,,,,,,,,,,,,,,,,,,,,,,,,,,
267,2,"You should calculate the income before taxes for CAP in Nine Months Ended October 31, 2024",income_before_taxes,"{""derived"": ""income_before_taxes"", ""expanded"": {""op"": ""sum"", ""left"": {""derived"": ""operating_income"", ""expanded"": {""op"": ""diff"", ""left"": {""leaf"": ""5653_total_revenues_prior_year_ytd"", ""depth"": 0}, ""right"": {""leaf"": ""5669_total_costs_and_expenses_prior_year_ytd"", ""depth"": 0}, ""depth"": 1}, ""depth"": 1}, ""right"": {""leaf"": ""5677_other_income_expense_net_prior_year_ytd"", ""depth"": 0}, ""depth"": 2}, ""depth"": 2}","{""kind"": ""derived_concept"", ""name"": ""income_before_taxes"", ""depth"": 0}",14451.0,3,0,2,966990469,417609076,42,0.414,0,1,3,5653_total_revenues_prior_year_ytd,total_revenues,total revenues,CAP,"Nine Months Ended October 31, 2024",M_USD,70170.0,5669_total_costs_and_expenses_prior_year_ytd,total_costs_and_expenses,total costs and expenses,CAP,"Nine Months Ended October 31, 2024",M_USD,54762.0,5677_other_income_expense_net_prior_year_ytd,other_income_expense_net,other income expense net,CAP,"Nine Months Ended October 31, 2024",M_USD,-957.0,,,,,,,,,,,,,,,,,,,,,,,,,,,,,,,,,,,,,,,,,,,,,,,,,,,,,,,,,,,,,,,,,,,,,,,,,,,,,
268,2,"What do we obtain as the average total liabilities for FAB from December 31, 2024 to July 31, 2025?","ratio(sum(3883_total_liabilities_prior_fy_end, 3882_total_liabilities_current_quarter_end), 2.0)","{""op"": ""ratio"", ""left"": {""op"": ""sum"", ""left"": {""leaf"": ""3883_total_liabilities_prior_fy_end"", ""depth"": 0}, ""right"": {""leaf"": ""3882_total_liabilities_current_quarter_end"", ""depth"": 0}, ""depth"": 1}, ""right"": {""literal"": 2.0, ""depth"": 0}, ""depth"": 2}","{""kind"": ""time_agg"", ""op"": ""avg"", ""depth"": 0}",26798.0,5,0,2,600075651,528428046,42,0.354,0,1,2,3883_total_liabilities_prior_fy_end,total_liabilities,total liabilities,FAB,"December 31, 2024",M_USD,26999.0,3882_total_liabilities_current_quarter_end,total_liabilities,total liabilities,FAB,"July 31, 2025",M_USD,26597.0,,,,,,,,,,,,,,,,,,,,,,,,,,,,,,,,,,,,,,,,,,,,,,,,,,,,,,,,,,,,,,,,,,,,,,,,,,,,,,,,,,,,
272,2,"State the average total revenues for TXN from Three Months Ended April 30, 2024 to Three Months Ended April 30, 2025 .","ratio(sum(7585_total_revenues_prior_year_quarter, 7584_total_revenues_current_quarter), 2.0)","{""op"": ""ratio"", ""left"": {""op"": ""sum"", ""left"": {""leaf"": ""7585_total_revenues_prior_year_quarter"", ""depth"": 0}, ""right"": {""leaf"": ""7584_total_revenues_current_quarter"", ""depth"": 0}, ""depth"": 1}, ""right"": {""literal"": 2.0, ""depth"": 0}, ""depth"": 2}","{""kind"": ""time_agg"", ""op"": ""avg"", ""depth"": 0}",58566.5,4,0,2,160411226,606773699,42,0.521,0,1,2,7585_total_revenues_prior_year_quarter,total_revenues,total revenues,TXN,"Three Months Ended April 30, 2024",M_USD,62821.0,7584_total_revenues_current_quarter,total_revenues,total revenues,TXN,"Three Months Ended April 30, 2025",M_USD,54312.0,,,,,,,,,,,,,,,,,,,,,,,,,,,,,,,,,,,,,,,,,,,,,,,,,,,,,,,,,,,,,,,,,,,,,,,,,,,,,,,,,,,,
274,2,"provide the average total non current liabilities for TPH from December 31, 2024 to October 31, 2025","ratio(sum(2549_total_non_current_liabilities_prior_fy_end, 2548_total_non_current_liabilities_current_quarter_end), 2.0)","{""op"": ""ratio"", ""left"": {""op"": ""sum"", ""left"": {""leaf"": ""2549_total_non_current_liabilities_prior_fy_end"", ""depth"": 0}, ""right"": {""leaf"": ""2548_total_non_current_liabilities_current_quarter_end"", ""depth"": 0}, ""depth"": 1}, ""right"": {""literal"": 2.0, ""depth"": 0}, ""depth"": 2}","{""kind"": ""time_agg"", ""op"": ""avg"", ""depth"": 0}",10766.0,4,0,2,668550205,962862657,42,0.359,0,1,2,2549_total_non_current_liabilities_prior_fy_end,total_non_current_liabilities,total non current liabilities,TPH,"December 31, 2024",M_USD,10668.0,2548_total_non_current_liabilities_current_quarter_end,total_non_current_liabilities,total non current liabilities,TPH,"October 31, 2025",M_USD,10864.0,,,,,,,,,,,,,,,,,,,,,,,,,,,,,,,,,,,,,,,,,,,,,,,,,,,,,,,,,,,,,,,,,,,,,,,,,,,,,,,,,,,,
280,2,"Which value corresponds to the average total assets for HLT from December 31, 2024 to October 31, 2025 ?","ratio(sum(699_total_assets_prior_fy_end, 698_total_assets_current_quarter_end), 2.0)","{""op"": ""ratio"", ""left"": {""op"": ""sum"", ""left"": {""leaf"": ""699_total_assets_prior_fy_end"", ""depth"": 0}, ""right"": {""leaf"": ""698_total_assets_current_quarter_end"", ""depth"": 0}, ""depth"": 1}, ""right"": {""literal"": 2.0, ""depth"": 0}, ""depth"": 2}","{""kind"": ""time_agg"", ""op"": ""avg"", ""depth"": 0}",14825.0,3,0,2,392600292,382783304,42,0.367,0,1,2,699_total_assets_prior_fy_end,total_assets,total assets,HLT,"December 31, 2024",M_USD,14722.0,698_total_assets_current_quarter_end,total_assets,total assets,HLT,"October 31, 2025",M_USD,14928.0,,,,,,,,,,,,,,,,,,,,,,,,,,,,,,,,,,,,,,,,,,,,,,,,,,,,,,,,,,,,,,,,,,,,,,,,,,,,,,,,,,,,
289,2,"May you calculate the average long term debt for PLX from September 30, 2025 to July 31, 2026","ratio(sum(4288_long_term_debt_current_quarter_end, 4289_long_term_debt_prior_fy_end), 2.0)","{""op"": ""ratio"", ""left"": {""op"": ""sum"", ""left"": {""leaf"": ""4288_long_term_debt_current_quarter_end"", ""depth"": 0}, ""right"": {""leaf"": ""4289_long_term_debt_prior_fy_end"", ""depth"": 0}, ""depth"": 1}, ""right"": {""literal"": 2.0, ""depth"": 0}, ""depth"": 2}","{""kind"": ""time_agg"", ""op"": ""avg"", ""depth"": 0}",2631.5,5,0,2,505375873,391351387,42,0.495,0,1,2,4288_long_term_debt_current_quarter_end,long_term_debt,long term debt,PLX,"July 31, 2026",M_USD,2842.0,4289_long_term_debt_prior_fy_end,long_term_debt,long term debt,PLX,"September 30, 2025",M_USD,2421.0,,,,,,,,,,,,,,,,,,,,,,,,,,,,,,,,,,,,,,,,,,,,,,,,,,,,,,,,,,,,,,,,,,,,,,,,,,,,,,,,,,,,
290,2,"Which result follows from the income before taxes for IND in Three Months Ended April 30, 2024?",income_before_taxes,"{""derived"": ""income_before_taxes"", ""expanded"": {""op"": ""sum"", ""left"": {""derived"": ""operating_income"", ""expanded"": {""op"": ""diff"", ""left"": {""leaf"": ""1093_total_revenues_prior_year_quarter"", ""depth"": 0}, ""right"": {""leaf"": ""1103_total_costs_and_expenses_prior_year_quarter"", ""depth"": 0}, ""depth"": 1}, ""depth"": 1}, ""right"": {""leaf"": ""1107_other_income_expense_net_prior_year_quarter"", ""depth"": 0}, ""depth"": 2}, ""depth"": 2}","{""kind"": ""derived_concept"", ""name"": ""income_before_taxes"", ""depth"": 0}",1982.0,5,0,2,411863583,712005303,42,0.482,0,1,3,1093_total_revenues_prior_year_quarter,total_revenues,total revenues,IND,"Three Months Ended April 30, 2024",M_USD,23597.0,1103_total_costs_and_expenses_prior_year_quarter,total_costs_and_expenses,total costs and expenses,IND,"Three Months Ended April 30, 2024",M_USD,21361.0,1107_other_income_expense_net_prior_year_quarter,other_income_expense_net,other income expense net,IND,"Three Months Ended April 30, 2024",M_USD,-254.0,,,,,,,,,,,,,,,,,,,,,,,,,,,,,,,,,,,,,,,,,,,,,,,,,,,,,,,,,,,,,,,,,,,,,,,,,,,,,
295,2,"May you give the average stock based compensation for QRK from Six Months Ended April 30, 2025 to Six Months Ended April 30, 2026","ratio(sum(3543_stock_based_compensation_prior_ytd, 3542_stock_based_compensation_current_ytd), 2.0)","{""op"": ""ratio"", ""left"": {""op"": ""sum"", ""left"": {""leaf"": ""3543_stock_based_compensation_prior_ytd"", ""depth"": 0}, ""right"": {""leaf"": ""3542_stock_based_compensation_current_ytd"", ""depth"": 0}, ""depth"": 1}, ""right"": {""literal"": 2.0, ""depth"": 0}, ""depth"": 2}","{""kind"": ""time_agg"", ""op"": ""avg"", ""depth"": 0}",1675.5,3,0,2,624302324,224191775,42,0.288,0,1,2,3543_stock_based_compensation_prior_ytd,stock_based_compensation,stock based compensation,QRK,"Six Months Ended April 30, 2025",M_USD,1770.0,3542_stock_based_compensation_current_ytd,stock_based_compensation,stock based compensation,QRK,"Six Months Ended April 30, 2026",M_USD,1581.0,,,,,,,,,,,,,,,,,,,,,,,,,,,,,,,,,,,,,,,,,,,,,,,,,,,,,,,,,,,,,,,,,,,,,,,,,,,,,,,,,,,,
297,2,"evaluate the average opening cash and equivalents for CNS from Three Months Ended April 30, 2024 to Three Months Ended April 30, 2025 .","ratio(sum(6049_opening_cash_and_equivalents_prior_ytd, 6048_opening_cash_and_equivalents_current_ytd), 2.0)","{""op"": ""ratio"", ""left"": {""op"": ""sum"", ""left"": {""leaf"": ""6049_opening_cash_and_equivalents_prior_ytd"", ""depth"": 0}, ""right"": {""leaf"": ""6048_opening_cash_and_equivalents_current_ytd"", ""depth"": 0}, ""depth"": 1}, ""right"": {""literal"": 2.0, ""depth"": 0}, ""depth"": 2}","{""kind"": ""time_agg"", ""op"": ""avg"", ""depth"": 0}",1218.0,3,0,2,670610103,57274509,42,0.546,0,1,2,6049_opening_cash_and_equivalents_prior_ytd,opening_cash_and_equivalents,opening cash and equivalents,CNS,"Three Months Ended April 30, 2024",M_USD,1186.0,6048_opening_cash_and_equivalents_current_ytd,opening_cash_and_equivalents,opening cash and equivalents,CNS,"Three Months Ended April 30, 2025",M_USD,1250.0,,,,,,,,,,,,,,,,,,,,,,,,,,,,,,,,,,,,,,,,,,,,,,,,,,,,,,,,,,,,,,,,,,,,,,,,,,,,,,,,,,,,
301,2,"evaluate the average goodwill for PRD from December 31, 2024 to October 31, 2025 .","ratio(sum(1907_goodwill_prior_fy_end, 1906_goodwill_current_quarter_end), 2.0)","{""op"": ""ratio"", ""left"": {""op"": ""sum"", ""left"": {""leaf"": ""1907_goodwill_prior_fy_end"", ""depth"": 0}, ""right"": {""leaf"": ""1906_goodwill_current_quarter_end"", ""depth"": 0}, ""depth"": 1}, ""right"": {""literal"": 2.0, ""depth"": 0}, ""depth"": 2}","{""kind"": ""time_agg"", ""op"": ""avg"", ""depth"": 0}",1669.5,4,0,2,210288300,710964209,42,0.58,0,1,2,1907_goodwill_prior_fy_end,goodwill,goodwill,PRD,"December 31, 2024",M_USD,1585.0,1906_goodwill_current_quarter_end,goodwill,goodwill,PRD,"October 31, 2025",M_USD,1754.0,,,,,,,,,,,,,,,,,,,,,,,,,,,,,,,,,,,,,,,,,,,,,,,,,,,,,,,,,,,,,,,,,,,,,,,,,,,,,,,,,,,,
303,2,"provide the average prepaid expenses and other for TPH from December 31, 2024 to October 31, 2025 .","ratio(sum(2519_prepaid_expenses_and_other_prior_fy_end, 2518_prepaid_expenses_and_other_current_quarter_end), 2.0)","{""op"": ""ratio"", ""left"": {""op"": ""sum"", ""left"": {""leaf"": ""2519_prepaid_expenses_and_other_prior_fy_end"", ""depth"": 0}, ""right"": {""leaf"": ""2518_prepaid_expenses_and_other_current_quarter_end"", ""depth"": 0}, ""depth"": 1}, ""right"": {""literal"": 2.0, ""depth"": 0}, ""depth"": 2}","{""kind"": ""time_agg"", ""op"": ""avg"", ""depth"": 0}",1115.0,2,0,2,237777259,733254317,42,0.275,0,1,2,2519_prepaid_expenses_and_other_prior_fy_end,prepaid_expenses_and_other,prepaid expenses and other,TPH,"December 31, 2024",M_USD,1105.0,2518_prepaid_expenses_and_other_current_quarter_end,prepaid_expenses_and_other,prepaid expenses and other,TPH,"October 31, 2025",M_USD,1125.0,,,,,,,,,,,,,,,,,,,,,,,,,,,,,,,,,,,,,,,,,,,,,,,,,,,,,,,,,,,,,,,,,,,,,,,,,,,,,,,,,,,,
308,2,"could you give the average gross profit for NVH from Nine Months Ended October 31, 2024 to Nine Months Ended October 31, 2025?","ratio(sum(6599_gross_profit_prior_year_ytd, 6598_gross_profit_current_ytd), 2.0)","{""op"": ""ratio"", ""left"": {""op"": ""sum"", ""left"": {""leaf"": ""6599_gross_profit_prior_year_ytd"", ""depth"": 0}, ""right"": {""leaf"": ""6598_gross_profit_current_ytd"", ""depth"": 0}, ""depth"": 1}, ""right"": {""literal"": 2.0, ""depth"": 0}, ""depth"": 2}","{""kind"": ""time_agg"", ""op"": ""avg"", ""depth"": 0}",22711.5,4,0,2,418688988,301097380,42,0.501,0,1,2,6599_gross_profit_prior_year_ytd,gross_profit,gross profit,NVH,"Nine Months Ended October 31, 2024",M_USD,23799.0,6598_gross_profit_current_ytd,gross_profit,gross profit,NVH,"Nine Months Ended October 31, 2025",M_USD,21624.0,,,,,,,,,,,,,,,,,,,,,,,,,,,,,,,,,,,,,,,,,,,,,,,,,,,,,,,,,,,,,,,,,,,,,,,,,,,,,,,,,,,,
309,2,"What does the following give: average depreciation and amortization for GLP from Nine Months Ended October 31, 2024 to Nine Months Ended October 31, 2025?","ratio(sum(6987_depreciation_and_amortization_prior_ytd, 6986_depreciation_and_amortization_current_ytd), 2.0)","{""op"": ""ratio"", ""left"": {""op"": ""sum"", ""left"": {""leaf"": ""6987_depreciation_and_amortization_prior_ytd"", ""depth"": 0}, ""right"": {""leaf"": ""6986_depreciation_and_amortization_current_ytd"", ""depth"": 0}, ""depth"": 1}, ""right"": {""literal"": 2.0, ""depth"": 0}, ""depth"": 2}","{""kind"": ""time_agg"", ""op"": ""avg"", ""depth"": 0}",21331.5,4,0,2,432032049,278697232,42,0.238,0,1,2,6987_depreciation_and_amortization_prior_ytd,depreciation_and_amortization,depreciation and amortization,GLP,"Nine Months Ended October 31, 2024",M_USD,22425.0,6986_depreciation_and_amortization_current_ytd,depreciation_and_amortization,depreciation and amortization,GLP,"Nine Months Ended October 31, 2025",M_USD,20238.0,,,,,,,,,,,,,,,,,,,,,,,,,,,,,,,,,,,,,,,,,,,,,,,,,,,,,,,,,,,,,,,,,,,,,,,,,,,,,,,,,,,,
310,2,"Whats the value of the income before taxes for CRX in Three Months Ended January 31, 2025",income_before_taxes,"{""derived"": ""income_before_taxes"", ""expanded"": {""op"": ""sum"", ""left"": {""derived"": ""operating_income"", ""expanded"": {""op"": ""diff"", ""left"": {""leaf"": ""4515_total_revenues_prior_year_quarter"", ""depth"": 0}, ""right"": {""leaf"": ""4525_total_costs_and_expenses_prior_year_quarter"", ""depth"": 0}, ""depth"": 1}, ""depth"": 1}, ""right"": {""leaf"": ""4529_other_income_expense_net_prior_year_quarter"", ""depth"": 0}, ""depth"": 2}, ""depth"": 2}","{""kind"": ""derived_concept"", ""name"": ""income_before_taxes"", ""depth"": 0}",18985.0,5,0,2,659901484,905976386,42,0.563,0,1,3,4515_total_revenues_prior_year_quarter,total_revenues,total revenues,CRX,"Three Months Ended January 31, 2025",M_USD,38718.0,4525_total_costs_and_expenses_prior_year_quarter,total_costs_and_expenses,total costs and expenses,CRX,"Three Months Ended January 31, 2025",M_USD,19920.0,4529_other_income_expense_net_prior_year_quarter,other_income_expense_net,other income expense net,CRX,"Three Months Ended January 31, 2025",M_USD,187.0,,,,,,,,,,,,,,,,,,,,,,,,,,,,,,,,,,,,,,,,,,,,,,,,,,,,,,,,,,,,,,,,,,,,,,,,,,,,,
311,2,"you should give the average deferred revenue current for AST from December 31, 2024 to July 31, 2025","ratio(sum(4881_deferred_revenue_current_prior_fy_end, 4880_deferred_revenue_current_current_quarter_end), 2.0)","{""op"": ""ratio"", ""left"": {""op"": ""sum"", ""left"": {""leaf"": ""4881_deferred_revenue_current_prior_fy_end"", ""depth"": 0}, ""right"": {""leaf"": ""4880_deferred_revenue_current_current_quarter_end"", ""depth"": 0}, ""depth"": 1}, ""right"": {""literal"": 2.0, ""depth"": 0}, ""depth"": 2}","{""kind"": ""time_agg"", ""op"": ""avg"", ""depth"": 0}",475.5,5,0,2,626760830,939327211,42,0.484,0,1,2,4881_deferred_revenue_current_prior_fy_end,deferred_revenue_current,deferred revenue current,AST,"December 31, 2024",M_USD,474.0,4880_deferred_revenue_current_current_quarter_end,deferred_revenue_current,deferred revenue current,AST,"July 31, 2025",M_USD,477.0,,,,,,,,,,,,,,,,,,,,,,,,,,,,,,,,,,,,,,,,,,,,,,,,,,,,,,,,,,,,,,,,,,,,,,,,,,,,,,,,,,,,
312,2,"What does the following give: sum of minimum of long term debt for GLP from December 31, 2024 to October 31, 2025 and minimum of other non current assets for GLP from December 31, 2024 to October 31, 2025 ?","sum(min(6971_long_term_debt_prior_fy_end, 6970_long_term_debt_current_quarter_end), min(6955_other_non_current_assets_prior_fy_end, 6954_other_non_current_assets_current_quarter_end))","{""op"": ""sum"", ""left"": {""op"": ""min"", ""left"": {""leaf"": ""6971_long_term_debt_prior_fy_end"", ""depth"": 0}, ""right"": {""leaf"": ""6970_long_term_debt_current_quarter_end"", ""depth"": 0}, ""depth"": 1}, ""right"": {""op"": ""min"", ""left"": {""leaf"": ""6955_other_non_current_assets_prior_fy_end"", ""depth"": 0}, ""right"": {""leaf"": ""6954_other_non_current_assets_current_quarter_end"", ""depth"": 0}, ""depth"": 1}, ""depth"": 2}","{""op"": ""sum"", ""left"": {""kind"": ""time_agg"", ""op"": ""min"", ""depth"": 0}, ""right"": {""kind"": ""time_agg"", ""op"": ""min"", ""depth"": 0}, ""depth"": 1, ""kind"": ""node""}",27775.0,3,1,2,305467671,876167010,42,0.4,1,2,4,6971_long_term_debt_prior_fy_end,long_term_debt,long term debt,GLP,"December 31, 2024",M_USD,22261.0,6970_long_term_debt_current_quarter_end,long_term_debt,long term debt,GLP,"October 31, 2025",M_USD,24998.0,6955_other_non_current_assets_prior_fy_end,other_non_current_assets,other non current assets,GLP,"December 31, 2024",M_USD,5514.0,6954_other_non_current_assets_current_quarter_end,other_non_current_assets,other non current assets,GLP,"October 31, 2025",M_USD,6192.0,,,,,,,,,,,,,,,,,,,,,,,,,,,,,,,,,,,,,,,,,,,,,,,,,,,,,,,,,,,,,,,,,,,,,,
315,2,"may you give the average net cash from operating for SCI from Six Months Ended July 31, 2024 to Six Months Ended July 31, 2025","ratio(sum(5233_net_cash_from_operating_prior_ytd, 5232_net_cash_from_operating_current_ytd), 2.0)","{""op"": ""ratio"", ""left"": {""op"": ""sum"", ""left"": {""leaf"": ""5233_net_cash_from_operating_prior_ytd"", ""depth"": 0}, ""right"": {""leaf"": ""5232_net_cash_from_operating_current_ytd"", ""depth"": 0}, ""depth"": 1}, ""right"": {""literal"": 2.0, ""depth"": 0}, ""depth"": 2}","{""kind"": ""time_agg"", ""op"": ""avg"", ""depth"": 0}",1823.0,5,0,2,247391500,594873293,42,0.193,0,1,2,5233_net_cash_from_operating_prior_ytd,net_cash_from_operating,net cash from operating,SCI,"Six Months Ended July 31, 2024",M_USD,1762.0,5232_net_cash_from_operating_current_ytd,net_cash_from_operating,net cash from operating,SCI,"Six Months Ended July 31, 2025",M_USD,1884.0,,,,,,,,,,,,,,,,,,,,,,,,,,,,,,,,,,,,,,,,,,,,,,,,,,,,,,,,,,,,,,,,,,,,,,,,,,,,,,,,,,,,
318,2,"What's the value of the average selling general and administrative for CIV from Nine Months Ended October 31, 2024 to Nine Months Ended October 31, 2025","ratio(sum(2817_selling_general_and_administrative_prior_year_ytd, 2816_selling_general_and_administrative_current_ytd), 2.0)","{""op"": ""ratio"", ""left"": {""op"": ""sum"", ""left"": {""leaf"": ""2817_selling_general_and_administrative_prior_year_ytd"", ""depth"": 0}, ""right"": {""leaf"": ""2816_selling_general_and_administrative_current_ytd"", ""depth"": 0}, ""depth"": 1}, ""right"": {""literal"": 2.0, ""depth"": 0}, ""depth"": 2}","{""kind"": ""time_agg"", ""op"": ""avg"", ""depth"": 0}",966.0,5,0,2,325699604,281107526,42,0.327,0,1,2,2817_selling_general_and_administrative_prior_year_ytd,selling_general_and_administrative,selling general and administrative,CIV,"Nine Months Ended October 31, 2024",M_USD,942.0,2816_selling_general_and_administrative_current_ytd,selling_general_and_administrative,selling general and administrative,CIV,"Nine Months Ended October 31, 2025",M_USD,990.0,,,,,,,,,,,,,,,,,,,,,,,,,,,,,,,,,,,,,,,,,,,,,,,,,,,,,,,,,,,,,,,,,,,,,,,,,,,,,,,,,,,,
320,2,"Compute the average cost of sales for SKY from Three Months Ended April 30, 2024 to Three Months Ended April 30, 2025.","ratio(sum(5817_cost_of_sales_prior_year_quarter, 5816_cost_of_sales_current_quarter), 2.0)","{""op"": ""ratio"", ""left"": {""op"": ""sum"", ""left"": {""leaf"": ""5817_cost_of_sales_prior_year_quarter"", ""depth"": 0}, ""right"": {""leaf"": ""5816_cost_of_sales_current_quarter"", ""depth"": 0}, ""depth"": 1}, ""right"": {""literal"": 2.0, ""depth"": 0}, ""depth"": 2}","{""kind"": ""time_agg"", ""op"": ""avg"", ""depth"": 0}",7736.5,2,0,2,358682330,613035587,42,0.566,0,1,2,5817_cost_of_sales_prior_year_quarter,cost_of_sales,cost of sales,SKY,"Three Months Ended April 30, 2024",M_USD,7982.0,5816_cost_of_sales_current_quarter,cost_of_sales,cost of sales,SKY,"Three Months Ended April 30, 2025",M_USD,7491.0,,,,,,,,,,,,,,,,,,,,,,,,,,,,,,,,,,,,,,,,,,,,,,,,,,,,,,,,,,,,,,,,,,,,,,,,,,,,,,,,,,,,
321,2,"What would be the average proceeds from stock option exercises for CRX from Three Months Ended January 31, 2025 to Three Months Ended January 31, 2026?","ratio(sum(4621_proceeds_from_stock_option_exercises_prior_ytd, 4620_proceeds_from_stock_option_exercises_current_ytd), 2.0)","{""op"": ""ratio"", ""left"": {""op"": ""sum"", ""left"": {""leaf"": ""4621_proceeds_from_stock_option_exercises_prior_ytd"", ""depth"": 0}, ""right"": {""leaf"": ""4620_proceeds_from_stock_option_exercises_current_ytd"", ""depth"": 0}, ""depth"": 1}, ""right"": {""literal"": 2.0, ""depth"": 0}, ""depth"": 2}","{""kind"": ""time_agg"", ""op"": ""avg"", ""depth"": 0}",127.5,3,0,2,915356202,410381500,42,0.103,0,1,2,4621_proceeds_from_stock_option_exercises_prior_ytd,proceeds_from_stock_option_exercises,proceeds from stock option exercises,CRX,"Three Months Ended January 31, 2025",M_USD,101.0,4620_proceeds_from_stock_option_exercises_current_ytd,proceeds_from_stock_option_exercises,proceeds from stock option exercises,CRX,"Three Months Ended January 31, 2026",M_USD,154.0,,,,,,,,,,,,,,,,,,,,,,,,,,,,,,,,,,,,,,,,,,,,,,,,,,,,,,,,,,,,,,,,,,,,,,,,,,,,,,,,,,,,
322,2,"determine the income before taxes for WHL in Three Months Ended July 31, 2024.",income_before_taxes,"{""derived"": ""income_before_taxes"", ""expanded"": {""op"": ""sum"", ""left"": {""derived"": ""operating_income"", ""expanded"": {""op"": ""diff"", ""left"": {""leaf"": ""7299_total_revenues_prior_year_quarter"", ""depth"": 0}, ""right"": {""leaf"": ""7319_total_costs_and_expenses_prior_year_quarter"", ""depth"": 0}, ""depth"": 1}, ""depth"": 1}, ""right"": {""leaf"": ""7327_other_income_expense_net_prior_year_quarter"", ""depth"": 0}, ""depth"": 2}, ""depth"": 2}","{""kind"": ""derived_concept"", ""name"": ""income_before_taxes"", ""depth"": 0}",1187.0,4,0,2,268796269,73327710,42,0.427,0,1,3,7299_total_revenues_prior_year_quarter,total_revenues,total revenues,WHL,"Three Months Ended July 31, 2024",M_USD,17227.0,7319_total_costs_and_expenses_prior_year_quarter,total_costs_and_expenses,total costs and expenses,WHL,"Three Months Ended July 31, 2024",M_USD,16092.0,7327_other_income_expense_net_prior_year_quarter,other_income_expense_net,other income expense net,WHL,"Three Months Ended July 31, 2024",M_USD,52.0,,,,,,,,,,,,,,,,,,,,,,,,,,,,,,,,,,,,,,,,,,,,,,,,,,,,,,,,,,,,,,,,,,,,,,,,,,,,,
325,2,"what do we obtain as the average proceeds from maturities of securities for FNB from Nine Months Ended October 31, 2024 to Nine Months Ended October 31, 2025?","ratio(sum(6195_proceeds_from_maturities_of_securities_prior_ytd, 6194_proceeds_from_maturities_of_securities_current_ytd), 2.0)","{""op"": ""ratio"", ""left"": {""op"": ""sum"", ""left"": {""leaf"": ""6195_proceeds_from_maturities_of_securities_prior_ytd"", ""depth"": 0}, ""right"": {""leaf"": ""6194_proceeds_from_maturities_of_securities_current_ytd"", ""depth"": 0}, ""depth"": 1}, ""right"": {""literal"": 2.0, ""depth"": 0}, ""depth"": 2}","{""kind"": ""time_agg"", ""op"": ""avg"", ""depth"": 0}",606.0,5,0,2,50420033,909650989,42,0.551,0,1,2,6195_proceeds_from_maturities_of_securities_prior_ytd,proceeds_from_maturities_of_securities,proceeds from maturities of securities,FNB,"Nine Months Ended October 31, 2024",M_USD,633.0,6194_proceeds_from_maturities_of_securities_current_ytd,proceeds_from_maturities_of_securities,proceeds from maturities of securities,FNB,"Nine Months Ended October 31, 2025",M_USD,579.0,,,,,,,,,,,,,,,,,,,,,,,,,,,,,,,,,,,,,,,,,,,,,,,,,,,,,,,,,,,,,,,,,,,,,,,,,,,,,,,,,,,,
327,2,"whats the value of the income before taxes for CNS in Three Months Ended April 30, 2024?",income_before_taxes,"{""derived"": ""income_before_taxes"", ""expanded"": {""op"": ""sum"", ""left"": {""derived"": ""operating_income"", ""expanded"": {""op"": ""diff"", ""left"": {""leaf"": ""5941_total_revenues_prior_year_quarter"", ""depth"": 0}, ""right"": {""leaf"": ""5951_total_costs_and_expenses_prior_year_quarter"", ""depth"": 0}, ""depth"": 1}, ""depth"": 1}, ""right"": {""leaf"": ""5955_other_income_expense_net_prior_year_quarter"", ""depth"": 0}, ""depth"": 2}, ""depth"": 2}","{""kind"": ""derived_concept"", ""name"": ""income_before_taxes"", ""depth"": 0}",871.0,4,0,2,813314111,89594330,42,0.323,0,1,3,5941_total_revenues_prior_year_quarter,total_revenues,total revenues,CNS,"Three Months Ended April 30, 2024",M_USD,6106.0,5951_total_costs_and_expenses_prior_year_quarter,total_costs_and_expenses,total costs and expenses,CNS,"Three Months Ended April 30, 2024",M_USD,5264.0,5955_other_income_expense_net_prior_year_quarter,other_income_expense_net,other income expense net,CNS,"Three Months Ended April 30, 2024",M_USD,29.0,,,,,,,,,,,,,,,,,,,,,,,,,,,,,,,,,,,,,,,,,,,,,,,,,,,,,,,,,,,,,,,,,,,,,,,,,,,,,
328,2,"Compute the average comprehensive income for CLR from Nine Months Ended October 31, 2024 to Nine Months Ended October 31, 2025","ratio(sum(291_comprehensive_income_prior_year_ytd, 290_comprehensive_income_current_ytd), 2.0)","{""op"": ""ratio"", ""left"": {""op"": ""sum"", ""left"": {""leaf"": ""291_comprehensive_income_prior_year_ytd"", ""depth"": 0}, ""right"": {""leaf"": ""290_comprehensive_income_current_ytd"", ""depth"": 0}, ""depth"": 1}, ""right"": {""literal"": 2.0, ""depth"": 0}, ""depth"": 2}","{""kind"": ""time_agg"", ""op"": ""avg"", ""depth"": 0}",5114.5,5,0,2,502813165,853265568,42,0.306,0,1,2,291_comprehensive_income_prior_year_ytd,comprehensive_income,comprehensive income,CLR,"Nine Months Ended October 31, 2024",M_USD,5336.0,290_comprehensive_income_current_ytd,comprehensive_income,comprehensive income,CLR,"Nine Months Ended October 31, 2025",M_USD,4893.0,,,,,,,,,,,,,,,,,,,,,,,,,,,,,,,,,,,,,,,,,,,,,,,,,,,,,,,,,,,,,,,,,,,,,,,,,,,,,,,,,,,,
329,2,"What would be the average accounts payable for CRX from September 30, 2025 to January 31, 2026","ratio(sum(4562_accounts_payable_current_quarter_end, 4563_accounts_payable_prior_fy_end), 2.0)","{""op"": ""ratio"", ""left"": {""op"": ""sum"", ""left"": {""leaf"": ""4562_accounts_payable_current_quarter_end"", ""depth"": 0}, ""right"": {""leaf"": ""4563_accounts_payable_prior_fy_end"", ""depth"": 0}, ""depth"": 1}, ""right"": {""literal"": 2.0, ""depth"": 0}, ""depth"": 2}","{""kind"": ""time_agg"", ""op"": ""avg"", ""depth"": 0}",4349.5,5,0,2,43804233,660127584,42,0.249,0,1,2,4562_accounts_payable_current_quarter_end,accounts_payable,accounts payable,CRX,"January 31, 2026",M_USD,4687.0,4563_accounts_payable_prior_fy_end,accounts_payable,accounts payable,CRX,"September 30, 2025",M_USD,4012.0,,,,,,,,,,,,,,,,,,,,,,,,,,,,,,,,,,,,,,,,,,,,,,,,,,,,,,,,,,,,,,,,,,,,,,,,,,,,,,,,,,,,
332,2,"What does the following give: average net income for GBL from Three Months Ended April 30, 2024 to Three Months Ended April 30, 2025 ?","ratio(sum(6783_net_income_prior_year_quarter, 6782_net_income_current_quarter), 2.0)","{""op"": ""ratio"", ""left"": {""op"": ""sum"", ""left"": {""leaf"": ""6783_net_income_prior_year_quarter"", ""depth"": 0}, ""right"": {""leaf"": ""6782_net_income_current_quarter"", ""depth"": 0}, ""depth"": 1}, ""right"": {""literal"": 2.0, ""depth"": 0}, ""depth"": 2}","{""kind"": ""time_agg"", ""op"": ""avg"", ""depth"": 0}",2429.5,3,0,2,542955917,117747229,42,0.137,0,1,2,6783_net_income_prior_year_quarter,net_income,net income,GBL,"Three Months Ended April 30, 2024",M_USD,2468.0,6782_net_income_current_quarter,net_income,net income,GBL,"Three Months Ended April 30, 2025",M_USD,2391.0,,,,,,,,,,,,,,,,,,,,,,,,,,,,,,,,,,,,,,,,,,,,,,,,,,,,,,,,,,,,,,,,,,,,,,,,,,,,,,,,,,,,
340,2,"May you calculate the average total non current assets for PLX from September 30, 2025 to July 31, 2026 ?","ratio(sum(4274_total_non_current_assets_current_quarter_end, 4275_total_non_current_assets_prior_fy_end), 2.0)","{""op"": ""ratio"", ""left"": {""op"": ""sum"", ""left"": {""leaf"": ""4274_total_non_current_assets_current_quarter_end"", ""depth"": 0}, ""right"": {""leaf"": ""4275_total_non_current_assets_prior_fy_end"", ""depth"": 0}, ""depth"": 1}, ""right"": {""literal"": 2.0, ""depth"": 0}, ""depth"": 2}","{""kind"": ""time_agg"", ""op"": ""avg"", ""depth"": 0}",10812.5,1,0,2,118340887,338553874,42,0.115,0,1,2,4274_total_non_current_assets_current_quarter_end,total_non_current_assets,total non current assets,PLX,"July 31, 2026",M_USD,11677.0,4275_total_non_current_assets_prior_fy_end,total_non_current_assets,total non current assets,PLX,"September 30, 2025",M_USD,9948.0,,,,,,,,,,,,,,,,,,,,,,,,,,,,,,,,,,,,,,,,,,,,,,,,,,,,,,,,,,,,,,,,,,,,,,,,,,,,,,,,,,,,
348,2,"Which quantity is given by the average long term debt for MRT from December 31, 2024 to April 30, 2025 ?","ratio(sum(1614_long_term_debt_current_quarter_end, 1615_long_term_debt_prior_fy_end), 2.0)","{""op"": ""ratio"", ""left"": {""op"": ""sum"", ""left"": {""leaf"": ""1614_long_term_debt_current_quarter_end"", ""depth"": 0}, ""right"": {""leaf"": ""1615_long_term_debt_prior_fy_end"", ""depth"": 0}, ""depth"": 1}, ""right"": {""literal"": 2.0, ""depth"": 0}, ""depth"": 2}","{""kind"": ""time_agg"", ""op"": ""avg"", ""depth"": 0}",11566.0,4,0,2,275959763,505404137,42,0.423,0,1,2,1614_long_term_debt_current_quarter_end,long_term_debt,long term debt,MRT,"April 30, 2025",M_USD,12414.0,1615_long_term_debt_prior_fy_end,long_term_debt,long term debt,MRT,"December 31, 2024",M_USD,10718.0,,,,,,,,,,,,,,,,,,,,,,,,,,,,,,,,,,,,,,,,,,,,,,,,,,,,,,,,,,,,,,,,,,,,,,,,,,,,,,,,,,,,
354,2,"Compute the average goodwill for CRZ from December 31, 2024 to October 31, 2025 .","ratio(sum(5035_goodwill_prior_fy_end, 5034_goodwill_current_quarter_end), 2.0)","{""op"": ""ratio"", ""left"": {""op"": ""sum"", ""left"": {""leaf"": ""5035_goodwill_prior_fy_end"", ""depth"": 0}, ""right"": {""leaf"": ""5034_goodwill_current_quarter_end"", ""depth"": 0}, ""depth"": 1}, ""right"": {""literal"": 2.0, ""depth"": 0}, ""depth"": 2}","{""kind"": ""time_agg"", ""op"": ""avg"", ""depth"": 0}",681.5,1,0,2,486876162,795384919,42,0.275,0,1,2,5035_goodwill_prior_fy_end,goodwill,goodwill,CRZ,"December 31, 2024",M_USD,667.0,5034_goodwill_current_quarter_end,goodwill,goodwill,CRZ,"October 31, 2025",M_USD,696.0,,,,,,,,,,,,,,,,,,,,,,,,,,,,,,,,,,,,,,,,,,,,,,,,,,,,,,,,,,,,,,,,,,,,,,,,,,,,,,,,,,,,
