id,company,ticker,industry,difficulty,category,concept,question,answer,answer_formatted,answer_type,formal_program,computation_trace,variables_used,periods_used
QA-00001,Obsidian Data Corp,ODC,Large-cap Technology,1,lookup,,How much did Obsidian Data Corp report for other operating expenses in fiscal year 2022?,376.0,$376.00 million,monetary,"get_value(other_operating_expenses, 2022)",other_operating_expenses(2022) = 376.0,other_operating_expenses,2022
QA-00002,Obsidian Data Corp,ODC,Large-cap Technology,1,lookup,,What was Obsidian Data Corp's total liabilities as of 2022?,204628.0,"$204,628 million",monetary,"get_value(total_liabilities, 2022)",total_liabilities(2022) = 204628.0,total_liabilities,2022
QA-00003,Obsidian Data Corp,ODC,Large-cap Technology,1,lookup,,How much did Obsidian Data Corp report for depreciation and amortization in fiscal year 2022?,14889.0,"$14,889 million",monetary,"get_value(depreciation_amortization, 2022)",depreciation_amortization(2022) = 14889.0,depreciation_amortization,2022
QA-00004,Obsidian Data Corp,ODC,Large-cap Technology,1,lookup,,What was the short-term investments in 2020?,25494.0,"$25,494 million",monetary,"get_value(short_term_investments, 2020)",short_term_investments(2020) = 25494.0,short_term_investments,2020
QA-00005,Obsidian Data Corp,ODC,Large-cap Technology,1,lookup,,What was the net change in cash in 2021?,-59.0,$-59.00 million,monetary,"get_value(net_change_in_cash, 2021)",net_change_in_cash(2021) = -59.0,net_change_in_cash,2021
QA-00006,Obsidian Data Corp,ODC,Large-cap Technology,1,lookup,,What was Obsidian Data Corp's cash and cash equivalents as of 2021?,22063.0,"$22,063 million",monetary,"get_value(cash_and_equivalents, 2021)",cash_and_equivalents(2021) = 22063.0,cash_and_equivalents,2021
QA-00007,Obsidian Data Corp,ODC,Large-cap Technology,1,lookup,,What was the total assets in 2020?,545841.0,"$545,841 million",monetary,"get_value(total_assets, 2020)",total_assets(2020) = 545841.0,total_assets,2020
QA-00008,Obsidian Data Corp,ODC,Large-cap Technology,1,lookup,,What was the intangible assets in 2021?,17920.0,"$17,920 million",monetary,"get_value(intangible_assets_net, 2021)",intangible_assets_net(2021) = 17920.0,intangible_assets_net,2021
QA-00009,Obsidian Data Corp,ODC,Large-cap Technology,1,lookup,,"According to the 2020 financial statements, what was the other income/expense?",-181.0,$-181.00 million,monetary,"get_value(other_income_expense, 2020)",other_income_expense(2020) = -181.0,other_income_expense,2020
QA-00010,Obsidian Data Corp,ODC,Large-cap Technology,1,lookup,,How much did Obsidian Data Corp report for inventories in fiscal year 2020?,6333.0,"$6,333 million",monetary,"get_value(inventories, 2020)",inventories(2020) = 6333.0,inventories,2020
QA-00011,Obsidian Data Corp,ODC,Large-cap Technology,2,change,,What was the change in cash and cash equivalents from 2021 to 2022?,71042.0,"$71,042 million",monetary,"diff(get_value(cash_and_equivalents, 2022), get_value(cash_and_equivalents, 2021))",cash_and_equivalents(2022) - cash_and_equivalents(2021) = 93105.0 - 22063.0 = 71042.0,cash_and_equivalents,2021|2022
QA-00012,Obsidian Data Corp,ODC,Large-cap Technology,2,change,,What was the change in net income from 2021 to 2022?,1099.0,"$1,099 million",monetary,"diff(get_value(net_income, 2022), get_value(net_income, 2021))",net_income(2022) - net_income(2021) = 31157.0 - 30058.0 = 1099.0,net_income,2021|2022
QA-00013,Obsidian Data Corp,ODC,Large-cap Technology,2,change,,By how much did long-term debt increase or decrease between 2021 and 2022?,44643.0,"$44,643 million",monetary,"diff(get_value(long_term_debt, 2022), get_value(long_term_debt, 2021))",long_term_debt(2022) - long_term_debt(2021) = 68036.0 - 23393.0 = 44643.0,long_term_debt,2021|2022
QA-00014,Obsidian Data Corp,ODC,Large-cap Technology,2,change,,What was the change in operating income from 2021 to 2022?,942.0,$942.00 million,monetary,"diff(get_value(operating_income, 2022), get_value(operating_income, 2021))",operating_income(2022) - operating_income(2021) = 40348.0 - 39406.0 = 942.0,operating_income,2021|2022
QA-00015,Obsidian Data Corp,ODC,Large-cap Technology,2,change,,What was the change in gross profit from 2021 to 2022?,11471.0,"$11,471 million",monetary,"diff(get_value(gross_profit, 2022), get_value(gross_profit, 2021))",gross_profit(2022) - gross_profit(2021) = 111303.0 - 99832.0 = 11471.0,gross_profit,2021|2022
QA-00016,Obsidian Data Corp,ODC,Large-cap Technology,2,change,,By how much did total liabilities increase or decrease between 2021 and 2022?,135840.0,"$135,840 million",monetary,"diff(get_value(total_liabilities, 2022), get_value(total_liabilities, 2021))",total_liabilities(2022) - total_liabilities(2021) = 204628.0 - 68788.0 = 135840.0,total_liabilities,2021|2022
QA-00017,Obsidian Data Corp,ODC,Large-cap Technology,2,ratio,,What percentage of total assets was long-term debt in 2021?,0.086,0.0860,ratio,"ratio(get_value(long_term_debt, 2021), get_value(total_assets, 2021))",long_term_debt(2021) / total_assets(2021) = 23393.0 / 271989.0 = 0.086,long_term_debt|total_assets,2021
QA-00018,Obsidian Data Corp,ODC,Large-cap Technology,2,ratio,,What was inventories as a proportion of cost of goods sold in 2020?,0.1444,0.1444,ratio,"ratio(get_value(inventories, 2020), get_value(cost_of_goods_sold, 2020))",inventories(2020) / cost_of_goods_sold(2020) = 6333.0 / 43844.0 = 0.1444,inventories|cost_of_goods_sold,2020
QA-00019,Obsidian Data Corp,ODC,Large-cap Technology,2,ratio,,What was the ratio of cash and cash equivalents to total assets in 2020?,0.2745,0.2745,ratio,"ratio(get_value(cash_and_equivalents, 2020), get_value(total_assets, 2020))",cash_and_equivalents(2020) / total_assets(2020) = 149852.0 / 545841.0 = 0.2745,cash_and_equivalents|total_assets,2020
QA-00020,Obsidian Data Corp,ODC,Large-cap Technology,2,ratio,,"What was selling, general and administrative expense as a proportion of total revenue in 2021?",0.0963,0.0963,ratio,"ratio(get_value(selling_general_admin, 2021), get_value(total_revenue, 2021))",selling_general_admin(2021) / total_revenue(2021) = 16280.0 / 168984.0 = 0.0963,selling_general_admin|total_revenue,2021
QA-00021,Obsidian Data Corp,ODC,Large-cap Technology,3,cash_flow,free_cash_flow,What was the free cash flow in 2020?,55809.0,55809.0000,ratio,"diff(get_value(cash_from_operations, 2020), get_value(capital_expenditures, 2020))",free_cash_flow(2020) = 55809.0,cash_from_operations|capital_expenditures,2020
QA-00022,Obsidian Data Corp,ODC,Large-cap Technology,3,efficiency,rd_to_revenue,What was Obsidian Data Corp's R&D intensity in 2021?,0.2094,0.2094,ratio,"ratio(get_value(research_and_development, 2021), get_value(total_revenue, 2021))",rd_to_revenue(2021) = 0.2094,research_and_development|total_revenue,2021
QA-00023,Obsidian Data Corp,ODC,Large-cap Technology,3,profitability,net_profit_margin,How much of each dollar of revenue was net income for Obsidian Data Corp in 2021?,0.1779,0.1779,ratio,"ratio(get_value(net_income, 2021), get_value(total_revenue, 2021))",net_profit_margin(2021) = 0.1779,net_income|total_revenue,2021
QA-00024,Obsidian Data Corp,ODC,Large-cap Technology,3,liquidity,quick_ratio,"Excluding inventory, what was Obsidian Data Corp's liquidity ratio in 2021?",1.6834,1.6834,ratio,"ratio(diff(get_value(total_current_assets, 2021), get_value(inventories, 2021)), get_value(total_current_liabilities, 2021))",quick_ratio(2021) = 1.6834,total_current_assets|inventories|total_current_liabilities,2021
QA-00025,Obsidian Data Corp,ODC,Large-cap Technology,3,liquidity,current_ratio,What was the current ratio in 2020?,2.657,2.6570,ratio,"ratio(get_value(total_current_assets, 2020), get_value(total_current_liabilities, 2020))",current_ratio(2020) = 2.657,total_current_assets|total_current_liabilities,2020
QA-00026,Obsidian Data Corp,ODC,Large-cap Technology,3,efficiency,capex_to_revenue,How capital-intensive was Obsidian Data Corp in 2021?,0.0823,0.0823,ratio,"ratio(get_value(capital_expenditures, 2021), get_value(total_revenue, 2021))",capex_to_revenue(2021) = 0.0823,capital_expenditures|total_revenue,2021
QA-00027,Obsidian Data Corp,ODC,Large-cap Technology,3,profitability,return_on_equity,What was the return on equity (ROE) in 2022?,0.1577,0.1577,ratio,"ratio(get_value(net_income, 2022), avg(get_value(total_stockholders_equity, 2022), get_value(total_stockholders_equity, 2021)))",return_on_equity(2022) = 0.1577,net_income|total_stockholders_equity,2022|2021
QA-00028,Obsidian Data Corp,ODC,Large-cap Technology,3,profitability,effective_tax_rate,What percentage of pre-tax income did Obsidian Data Corp pay in taxes in 2020?,0.185,0.1850,ratio,"ratio(get_value(income_tax_expense, 2020), get_value(income_before_tax, 2020))",effective_tax_rate(2020) = 0.185,income_tax_expense|income_before_tax,2020
QA-00029,Obsidian Data Corp,ODC,Large-cap Technology,3,profitability,gross_margin,What percentage of revenue was retained after cost of goods sold in 2020?,0.739,0.7390,ratio,"ratio(get_value(gross_profit, 2020), get_value(total_revenue, 2020))",gross_margin(2020) = 0.739,gross_profit|total_revenue,2020
QA-00030,Obsidian Data Corp,ODC,Large-cap Technology,3,profitability,operating_margin,What was the operating profit margin in 2021?,0.2332,0.2332,ratio,"ratio(get_value(operating_income, 2021), get_value(total_revenue, 2021))",operating_margin(2021) = 0.2332,operating_income|total_revenue,2021
QA-00031,Obsidian Data Corp,ODC,Large-cap Technology,4,liquidity,change_in_current_ratio,By how much did the current ratio change from fiscal year 2021 to 2022?,0.5283,0.5283,ratio_change,"diff(current_ratio(2022), current_ratio(2021))",current_ratio(2022) - current_ratio(2021) = 2.2961 - 1.7678 = 0.5283,total_current_assets|total_current_liabilities,2021|2022
QA-00032,Obsidian Data Corp,ODC,Large-cap Technology,4,profitability,change_in_operating_margin,By how much did the operating margin change from fiscal year 2021 to 2022?,-0.0227,-0.0227,ratio_change,"diff(operating_margin(2022), operating_margin(2021))",operating_margin(2022) - operating_margin(2021) = 0.2105 - 0.2332 = -0.0227,operating_income|total_revenue,2021|2022
QA-00033,Obsidian Data Corp,ODC,Large-cap Technology,4,leverage,change_in_debt_to_equity,What was the change in Obsidian Data Corp's debt to equity between 2021 and 2022?,0.7282,0.7282,ratio_change,"diff(debt_to_equity(2022), debt_to_equity(2021))",debt_to_equity(2022) - debt_to_equity(2021) = 1.0667 - 0.3385 = 0.7282,total_liabilities|total_stockholders_equity,2021|2022
QA-00034,Obsidian Data Corp,ODC,Large-cap Technology,4,profitability,change_in_gross_margin,What was the change in Obsidian Data Corp's gross margin between 2021 and 2022?,-0.01,-0.0100,ratio_change,"diff(gross_margin(2022), gross_margin(2021))",gross_margin(2022) - gross_margin(2021) = 0.5808 - 0.5908 = -0.01,gross_profit|total_revenue,2021|2022
QA-00035,Obsidian Data Corp,ODC,Large-cap Technology,4,growth,asset_growth,What was the year-over-year growth in Obsidian Data Corp's asset base?,45.76,45.76%,percentage,"pct_change(total_assets, 2021, 2022)",(total_assets(2022) - total_assets(2021)) / |total_assets(2021)| * 100 = (396453.0 - 271989.0) / 271989.0 * 100 = 45.76%,total_assets,2021|2022
QA-00036,Obsidian Data Corp,ODC,Large-cap Technology,4,growth,equity_growth,How did shareholders' equity change from 2021 to 2022?,-5.6,-5.6%,percentage,"pct_change(total_stockholders_equity, 2021, 2022)",(total_stockholders_equity(2022) - total_stockholders_equity(2021)) / |total_stockholders_equity(2021)| * 100 = (191825.0 - 203201.0) / 203201.0 * 100 = -5.6%,total_stockholders_equity,2021|2022
QA-00037,Obsidian Data Corp,ODC,Large-cap Technology,4,growth,operating_income_growth,What was the change in operating income from 2021 to 2022?,2.39,2.39%,percentage,"pct_change(operating_income, 2021, 2022)",(operating_income(2022) - operating_income(2021)) / |operating_income(2021)| * 100 = (40348.0 - 39406.0) / 39406.0 * 100 = 2.39%,operating_income,2021|2022
QA-00038,Obsidian Data Corp,ODC,Large-cap Technology,5,leverage,did_debt_to_equity_improve,Was there an improvement in the debt to equity between 2021 and 2022?,False,No,boolean,"compare_gt(debt_to_equity(2022), debt_to_equity(2021))","debt_to_equity(2021)=0.3385, debt_to_equity(2022)=1.0667, improved=False, change=0.7282",total_liabilities|total_stockholders_equity,2021|2022
QA-00039,Obsidian Data Corp,ODC,Large-cap Technology,5,profitability,did_gross_margin_improve,"Did the gross margin get better from 2021 to 2022, and by how much?",False,No,boolean,"compare_gt(gross_margin(2022), gross_margin(2021))","gross_margin(2021)=0.5908, gross_margin(2022)=0.5808, improved=False, change=-0.01",gross_profit|total_revenue,2021|2022
QA-00040,Obsidian Data Corp,ODC,Large-cap Technology,5,cash_flow,change_in_fcf_margin,How did Obsidian Data Corp's free cash flow margin change from 2021 to 2022?,-0.0017,-0.0017,ratio_change,"diff(ratio(diff(cash_from_operations, capital_expenditures), total_revenue, 2022), ratio(diff(cash_from_operations, capital_expenditures), total_revenue, 2021))",FCF_margin(2022) - FCF_margin(2021) = 0.1423 - 0.144 = -0.0017,cash_from_operations|capital_expenditures|total_revenue,2021|2022
QA-00041,Quantum Bridge Holdings,QBH,Financial Services,1,lookup,,"According to the 2022 financial statements, what was the capital expenditures?",2410.0,"$2,410 million",monetary,"get_value(capital_expenditures, 2022)",capital_expenditures(2022) = 2410.0,capital_expenditures,2022
QA-00042,Quantum Bridge Holdings,QBH,Financial Services,1,lookup,,"According to the 2022 financial statements, what was the treasury stock?",-3973.0,"$-3,973 million",monetary,"get_value(treasury_stock, 2022)",treasury_stock(2022) = -3973.0,treasury_stock,2022
QA-00043,Quantum Bridge Holdings,QBH,Financial Services,1,lookup,,What was the share repurchases in 2022?,6662.0,"$6,662 million",monetary,"get_value(share_repurchases, 2022)",share_repurchases(2022) = 6662.0,share_repurchases,2022
QA-00044,Quantum Bridge Holdings,QBH,Financial Services,1,lookup,,How much did Quantum Bridge Holdings report for total operating expenses in fiscal year 2022?,36754.0,"$36,754 million",monetary,"get_value(total_operating_expenses, 2022)",total_operating_expenses(2022) = 36754.0,total_operating_expenses,2022
QA-00045,Quantum Bridge Holdings,QBH,Financial Services,1,lookup,,"According to the 2021 financial statements, what was the total current assets?",29639.0,"$29,639 million",monetary,"get_value(total_current_assets, 2021)",total_current_assets(2021) = 29639.0,total_current_assets,2021
QA-00046,Quantum Bridge Holdings,QBH,Financial Services,1,lookup,,"According to the 2022 financial statements, what was the income before taxes?",39365.0,"$39,365 million",monetary,"get_value(income_before_tax, 2022)",income_before_tax(2022) = 39365.0,income_before_tax,2022
QA-00047,Quantum Bridge Holdings,QBH,Financial Services,1,lookup,,What was the additional paid-in capital in 2020?,2393.0,"$2,393 million",monetary,"get_value(additional_paid_in_capital, 2020)",additional_paid_in_capital(2020) = 2393.0,additional_paid_in_capital,2020
QA-00048,Quantum Bridge Holdings,QBH,Financial Services,1,lookup,,"According to the 2021 financial statements, what was the gross profit?",59562.0,"$59,562 million",monetary,"get_value(gross_profit, 2021)",gross_profit(2021) = 59562.0,gross_profit,2021
QA-00049,Quantum Bridge Holdings,QBH,Financial Services,1,lookup,,"According to the 2020 financial statements, what was the long-term debt?",17151.0,"$17,151 million",monetary,"get_value(long_term_debt, 2020)",long_term_debt(2020) = 17151.0,long_term_debt,2020
QA-00050,Quantum Bridge Holdings,QBH,Financial Services,1,lookup,,What was the income taxes payable in 2020?,1377.0,"$1,377 million",monetary,"get_value(income_taxes_payable, 2020)",income_taxes_payable(2020) = 1377.0,income_taxes_payable,2020
QA-00051,Quantum Bridge Holdings,QBH,Financial Services,2,change,,What was the year-over-year change in Quantum Bridge Holdings's gross profit from 2021 to 2022?,17050.0,"$17,050 million",monetary,"diff(get_value(gross_profit, 2022), get_value(gross_profit, 2021))",gross_profit(2022) - gross_profit(2021) = 76612.0 - 59562.0 = 17050.0,gross_profit,2021|2022
QA-00052,Quantum Bridge Holdings,QBH,Financial Services,2,change,,What was the year-over-year change in Quantum Bridge Holdings's cash and cash equivalents from 2021 to 2022?,11776.0,"$11,776 million",monetary,"diff(get_value(cash_and_equivalents, 2022), get_value(cash_and_equivalents, 2021))",cash_and_equivalents(2022) - cash_and_equivalents(2021) = 25694.0 - 13918.0 = 11776.0,cash_and_equivalents,2021|2022
QA-00053,Quantum Bridge Holdings,QBH,Financial Services,2,change,,How did operating income change from fiscal year 2021 to 2022?,13072.0,"$13,072 million",monetary,"diff(get_value(operating_income, 2022), get_value(operating_income, 2021))",operating_income(2022) - operating_income(2021) = 39858.0 - 26786.0 = 13072.0,operating_income,2021|2022
QA-00054,Quantum Bridge Holdings,QBH,Financial Services,2,change,,How did total liabilities change from fiscal year 2021 to 2022?,51685.0,"$51,685 million",monetary,"diff(get_value(total_liabilities, 2022), get_value(total_liabilities, 2021))",total_liabilities(2022) - total_liabilities(2021) = 160487.0 - 108802.0 = 51685.0,total_liabilities,2021|2022
QA-00055,Quantum Bridge Holdings,QBH,Financial Services,2,change,,By how much did total stockholders' equity increase or decrease between 2021 and 2022?,3900.0,"$3,900 million",monetary,"diff(get_value(total_stockholders_equity, 2022), get_value(total_stockholders_equity, 2021))",total_stockholders_equity(2022) - total_stockholders_equity(2021) = 16855.0 - 12955.0 = 3900.0,total_stockholders_equity,2021|2022
QA-00056,Quantum Bridge Holdings,QBH,Financial Services,2,change,,How did long-term debt change from fiscal year 2021 to 2022?,16194.0,"$16,194 million",monetary,"diff(get_value(long_term_debt, 2022), get_value(long_term_debt, 2021))",long_term_debt(2022) - long_term_debt(2021) = 72066.0 - 55872.0 = 16194.0,long_term_debt,2021|2022
QA-00057,Quantum Bridge Holdings,QBH,Financial Services,2,ratio,,"What was the ratio of selling, general and administrative expense to total revenue in 2021?",0.2834,0.2834,ratio,"ratio(get_value(selling_general_admin, 2021), get_value(total_revenue, 2021))",selling_general_admin(2021) / total_revenue(2021) = 27422.0 / 96767.0 = 0.2834,selling_general_admin|total_revenue,2021
QA-00058,Quantum Bridge Holdings,QBH,Financial Services,2,ratio,,"For every dollar of cost of goods sold, how much inventories did Quantum Bridge Holdings have in 2021?",0.0859,0.0859,ratio,"ratio(get_value(inventories, 2021), get_value(cost_of_goods_sold, 2021))",inventories(2021) / cost_of_goods_sold(2021) = 3197.0 / 37205.0 = 0.0859,inventories|cost_of_goods_sold,2021
QA-00059,Quantum Bridge Holdings,QBH,Financial Services,2,ratio,,What percentage of total assets was cash and cash equivalents in 2020?,0.1096,0.1096,ratio,"ratio(get_value(cash_and_equivalents, 2020), get_value(total_assets, 2020))",cash_and_equivalents(2020) / total_assets(2020) = 7279.0 / 66402.0 = 0.1096,cash_and_equivalents|total_assets,2020
QA-00060,Quantum Bridge Holdings,QBH,Financial Services,2,ratio,,What percentage of total assets was long-term debt in 2022?,0.4064,0.4064,ratio,"ratio(get_value(long_term_debt, 2022), get_value(total_assets, 2022))",long_term_debt(2022) / total_assets(2022) = 72066.0 / 177342.0 = 0.4064,long_term_debt|total_assets,2022
QA-00061,Quantum Bridge Holdings,QBH,Financial Services,3,leverage,debt_to_assets,What was the debt-to-assets ratio in 2021?,0.8936,0.8936,ratio,"ratio(get_value(total_liabilities, 2021), get_value(total_assets, 2021))",debt_to_assets(2021) = 0.8936,total_liabilities|total_assets,2021
QA-00062,Quantum Bridge Holdings,QBH,Financial Services,3,cash_flow,free_cash_flow,How much cash was left after capital expenditures in 2020?,24528.0,24528.0000,ratio,"diff(get_value(cash_from_operations, 2020), get_value(capital_expenditures, 2020))",free_cash_flow(2020) = 24528.0,cash_from_operations|capital_expenditures,2020
QA-00063,Quantum Bridge Holdings,QBH,Financial Services,3,efficiency,rd_to_revenue,What was Quantum Bridge Holdings's R&D intensity in 2021?,0.0341,0.0341,ratio,"ratio(get_value(research_and_development, 2021), get_value(total_revenue, 2021))",rd_to_revenue(2021) = 0.0341,research_and_development|total_revenue,2021
QA-00064,Quantum Bridge Holdings,QBH,Financial Services,3,profitability,net_profit_margin,How much of each dollar of revenue was net income for Quantum Bridge Holdings in 2021?,0.2005,0.2005,ratio,"ratio(get_value(net_income, 2021), get_value(total_revenue, 2021))",net_profit_margin(2021) = 0.2005,net_income|total_revenue,2021
QA-00065,Quantum Bridge Holdings,QBH,Financial Services,3,profitability,operating_margin,What was the operating profit margin in 2021?,0.2768,0.2768,ratio,"ratio(get_value(operating_income, 2021), get_value(total_revenue, 2021))",operating_margin(2021) = 0.2768,operating_income|total_revenue,2021
QA-00066,Quantum Bridge Holdings,QBH,Financial Services,3,leverage,debt_to_equity,How leveraged was Quantum Bridge Holdings in 2022?,9.5216,9.5216,ratio,"ratio(get_value(total_liabilities, 2022), get_value(total_stockholders_equity, 2022))",debt_to_equity(2022) = 9.5216,total_liabilities|total_stockholders_equity,2022
QA-00067,Quantum Bridge Holdings,QBH,Financial Services,3,efficiency,capex_to_revenue,What was capital expenditure as a percentage of revenue in 2020?,0.0111,0.0111,ratio,"ratio(get_value(capital_expenditures, 2020), get_value(total_revenue, 2020))",capex_to_revenue(2020) = 0.0111,capital_expenditures|total_revenue,2020
QA-00068,Quantum Bridge Holdings,QBH,Financial Services,3,profitability,return_on_equity,What was the return on equity (ROE) in 2022?,2.0696,2.0696,ratio,"ratio(get_value(net_income, 2022), avg(get_value(total_stockholders_equity, 2022), get_value(total_stockholders_equity, 2021)))",return_on_equity(2022) = 2.0696,net_income|total_stockholders_equity,2022|2021
QA-00069,Quantum Bridge Holdings,QBH,Financial Services,3,liquidity,current_ratio,What was Quantum Bridge Holdings's current ratio for fiscal year 2020?,0.8725,0.8725,ratio,"ratio(get_value(total_current_assets, 2020), get_value(total_current_liabilities, 2020))",current_ratio(2020) = 0.8725,total_current_assets|total_current_liabilities,2020
QA-00070,Quantum Bridge Holdings,QBH,Financial Services,3,leverage,interest_coverage,What was the interest coverage ratio in 2020?,36.2753,36.2753,ratio,"ratio(get_value(operating_income, 2020), get_value(interest_expense, 2020))",interest_coverage(2020) = 36.2753,operating_income|interest_expense,2020
QA-00071,Quantum Bridge Holdings,QBH,Financial Services,4,leverage,change_in_debt_to_equity,How did the debt to equity change from 2021 to 2022?,1.1232,1.1232,ratio_change,"diff(debt_to_equity(2022), debt_to_equity(2021))",debt_to_equity(2022) - debt_to_equity(2021) = 9.5216 - 8.3985 = 1.1232,total_liabilities|total_stockholders_equity,2021|2022
QA-00072,Quantum Bridge Holdings,QBH,Financial Services,4,profitability,change_in_operating_margin,By how much did the operating margin change from fiscal year 2021 to 2022?,0.1422,0.1422,ratio_change,"diff(operating_margin(2022), operating_margin(2021))",operating_margin(2022) - operating_margin(2021) = 0.419 - 0.2768 = 0.1422,operating_income|total_revenue,2021|2022
QA-00073,Quantum Bridge Holdings,QBH,Financial Services,4,profitability,change_in_gross_margin,What was the change in Quantum Bridge Holdings's gross margin between 2021 and 2022?,0.1898,0.1898,ratio_change,"diff(gross_margin(2022), gross_margin(2021))",gross_margin(2022) - gross_margin(2021) = 0.8053 - 0.6155 = 0.1898,gross_profit|total_revenue,2021|2022
QA-00074,Quantum Bridge Holdings,QBH,Financial Services,4,liquidity,change_in_current_ratio,How did the current ratio change from 2021 to 2022?,0.392,0.3920,ratio_change,"diff(current_ratio(2022), current_ratio(2021))",current_ratio(2022) - current_ratio(2021) = 1.3159 - 0.924 = 0.392,total_current_assets|total_current_liabilities,2021|2022
QA-00075,Quantum Bridge Holdings,QBH,Financial Services,4,growth,net_income_growth,By what percentage did Quantum Bridge Holdings's earnings change from 2021 to 2022?,59.0,59.0%,percentage,"pct_change(net_income, 2021, 2022)",(net_income(2022) - net_income(2021)) / |net_income(2021)| * 100 = (30847.0 - 19401.0) / 19401.0 * 100 = 59.0%,net_income,2021|2022
QA-00076,Quantum Bridge Holdings,QBH,Financial Services,4,growth,revenue_growth,What was the revenue growth rate from 2021 to 2022?,-1.69,-1.69%,percentage,"pct_change(total_revenue, 2021, 2022)",(total_revenue(2022) - total_revenue(2021)) / |total_revenue(2021)| * 100 = (95133.0 - 96767.0) / 96767.0 * 100 = -1.69%,total_revenue,2021|2022
QA-00077,Quantum Bridge Holdings,QBH,Financial Services,4,growth,operating_income_growth,What was the change in operating income from 2021 to 2022?,48.8,48.8%,percentage,"pct_change(operating_income, 2021, 2022)",(operating_income(2022) - operating_income(2021)) / |operating_income(2021)| * 100 = (39858.0 - 26786.0) / 26786.0 * 100 = 48.8%,operating_income,2021|2022
QA-00078,Quantum Bridge Holdings,QBH,Financial Services,5,leverage,did_debt_to_equity_improve,Was there an improvement in the debt to equity between 2021 and 2022?,False,No,boolean,"compare_gt(debt_to_equity(2022), debt_to_equity(2021))","debt_to_equity(2021)=8.3985, debt_to_equity(2022)=9.5216, improved=False, change=1.1232",total_liabilities|total_stockholders_equity,2021|2022
QA-00079,Quantum Bridge Holdings,QBH,Financial Services,5,profitability,did_operating_margin_improve,Was there an improvement in the operating margin between 2021 and 2022?,True,Yes,boolean,"compare_gt(operating_margin(2022), operating_margin(2021))","operating_margin(2021)=0.2768, operating_margin(2022)=0.419, improved=True, change=0.1422",operating_income|total_revenue,2021|2022
QA-00080,Quantum Bridge Holdings,QBH,Financial Services,5,cash_flow,change_in_fcf_margin,How did Quantum Bridge Holdings's free cash flow margin change from 2021 to 2022?,0.0882,0.0882,ratio_change,"diff(ratio(diff(cash_from_operations, capital_expenditures), total_revenue, 2022), ratio(diff(cash_from_operations, capital_expenditures), total_revenue, 2021))",FCF_margin(2022) - FCF_margin(2021) = 0.3251 - 0.2369 = 0.0882,cash_from_operations|capital_expenditures|total_revenue,2021|2022
QA-00081,Helix BioSciences,HB,Consumer Goods / Retail,1,lookup,,What was the retained earnings in 2020?,151716.0,"$151,716 million",monetary,"get_value(retained_earnings, 2020)",retained_earnings(2020) = 151716.0,retained_earnings,2020
QA-00082,Helix BioSciences,HB,Consumer Goods / Retail,1,lookup,,How much did Helix BioSciences report for treasury stock in fiscal year 2020?,-29504.0,"$-29,504 million",monetary,"get_value(treasury_stock, 2020)",treasury_stock(2020) = -29504.0,treasury_stock,2020
QA-00083,Helix BioSciences,HB,Consumer Goods / Retail,1,lookup,,What was the diluted earnings per share in 2020?,4.7,$4.70 million,monetary,"get_value(eps_diluted, 2020)",eps_diluted(2020) = 4.7,eps_diluted,2020
QA-00084,Helix BioSciences,HB,Consumer Goods / Retail,1,lookup,,What was Helix BioSciences's net cash from investing activities as of 2021?,-16871.0,"$-16,871 million",monetary,"get_value(cash_from_investing, 2021)",cash_from_investing(2021) = -16871.0,cash_from_investing,2021
QA-00085,Helix BioSciences,HB,Consumer Goods / Retail,1,lookup,,What was the net change in cash in 2021?,20722.0,"$20,722 million",monetary,"get_value(net_change_in_cash, 2021)",net_change_in_cash(2021) = 20722.0,net_change_in_cash,2021
QA-00086,Helix BioSciences,HB,Consumer Goods / Retail,1,lookup,,How much did Helix BioSciences report for pension obligations in fiscal year 2020?,7228.0,"$7,228 million",monetary,"get_value(pension_obligations, 2020)",pension_obligations(2020) = 7228.0,pension_obligations,2020
QA-00087,Helix BioSciences,HB,Consumer Goods / Retail,1,lookup,,"According to the 2020 financial statements, what was the diluted shares outstanding?",10187.0,"$10,187 million",monetary,"get_value(shares_diluted, 2020)",shares_diluted(2020) = 10187.0,shares_diluted,2020
QA-00088,Helix BioSciences,HB,Consumer Goods / Retail,1,lookup,,"According to the 2022 financial statements, what was the additional paid-in capital?",51075.0,"$51,075 million",monetary,"get_value(additional_paid_in_capital, 2022)",additional_paid_in_capital(2022) = 51075.0,additional_paid_in_capital,2022
QA-00089,Helix BioSciences,HB,Consumer Goods / Retail,1,lookup,,"What was Helix BioSciences's property, plant and equipment as of 2022?",44837.0,"$44,837 million",monetary,"get_value(property_plant_equipment_net, 2022)",property_plant_equipment_net(2022) = 44837.0,property_plant_equipment_net,2022
QA-00090,Helix BioSciences,HB,Consumer Goods / Retail,1,lookup,,How much did Helix BioSciences report for current deferred revenue in fiscal year 2022?,8737.0,"$8,737 million",monetary,"get_value(deferred_revenue_current, 2022)",deferred_revenue_current(2022) = 8737.0,deferred_revenue_current,2022
QA-00091,Helix BioSciences,HB,Consumer Goods / Retail,2,change,,How did long-term debt change from fiscal year 2021 to 2022?,1701.0,"$1,701 million",monetary,"diff(get_value(long_term_debt, 2022), get_value(long_term_debt, 2021))",long_term_debt(2022) - long_term_debt(2021) = 55580.0 - 53879.0 = 1701.0,long_term_debt,2021|2022
QA-00092,Helix BioSciences,HB,Consumer Goods / Retail,2,change,,How did net income change from fiscal year 2021 to 2022?,-11969.0,"$-11,969 million",monetary,"diff(get_value(net_income, 2022), get_value(net_income, 2021))",net_income(2022) - net_income(2021) = 20899.0 - 32868.0 = -11969.0,net_income,2021|2022
QA-00093,Helix BioSciences,HB,Consumer Goods / Retail,2,change,,What was the change in cash and cash equivalents from 2021 to 2022?,14822.0,"$14,822 million",monetary,"diff(get_value(cash_and_equivalents, 2022), get_value(cash_and_equivalents, 2021))",cash_and_equivalents(2022) - cash_and_equivalents(2021) = 26151.0 - 11329.0 = 14822.0,cash_and_equivalents,2021|2022
QA-00094,Helix BioSciences,HB,Consumer Goods / Retail,2,change,,How did gross profit change from fiscal year 2021 to 2022?,-31979.0,"$-31,979 million",monetary,"diff(get_value(gross_profit, 2022), get_value(gross_profit, 2021))",gross_profit(2022) - gross_profit(2021) = 82362.0 - 114341.0 = -31979.0,gross_profit,2021|2022
QA-00095,Helix BioSciences,HB,Consumer Goods / Retail,2,change,,What was the year-over-year change in Helix BioSciences's total assets from 2021 to 2022?,-6668.0,"$-6,668 million",monetary,"diff(get_value(total_assets, 2022), get_value(total_assets, 2021))",total_assets(2022) - total_assets(2021) = 266499.0 - 273167.0 = -6668.0,total_assets,2021|2022
QA-00096,Helix BioSciences,HB,Consumer Goods / Retail,2,change,,How did operating income change from fiscal year 2021 to 2022?,-20287.0,"$-20,287 million",monetary,"diff(get_value(operating_income, 2022), get_value(operating_income, 2021))",operating_income(2022) - operating_income(2021) = 27768.0 - 48055.0 = -20287.0,operating_income,2021|2022
QA-00097,Helix BioSciences,HB,Consumer Goods / Retail,2,ratio,,"For every dollar of cost of goods sold, how much inventories did Helix BioSciences have in 2022?",0.0331,0.0331,ratio,"ratio(get_value(inventories, 2022), get_value(cost_of_goods_sold, 2022))",inventories(2022) / cost_of_goods_sold(2022) = 5041.0 / 152434.0 = 0.0331,inventories|cost_of_goods_sold,2022
QA-00098,Helix BioSciences,HB,Consumer Goods / Retail,2,ratio,,"For every dollar of total assets, how much cash and cash equivalents did Helix BioSciences have in 2020?",0.0301,0.0301,ratio,"ratio(get_value(cash_and_equivalents, 2020), get_value(total_assets, 2020))",cash_and_equivalents(2020) / total_assets(2020) = 18282.0 / 607420.0 = 0.0301,cash_and_equivalents|total_assets,2020
QA-00099,Helix BioSciences,HB,Consumer Goods / Retail,2,ratio,,What was accounts receivable as a proportion of total revenue in 2021?,0.1331,0.1331,ratio,"ratio(get_value(accounts_receivable_net, 2021), get_value(total_revenue, 2021))",accounts_receivable_net(2021) / total_revenue(2021) = 29906.0 / 224732.0 = 0.1331,accounts_receivable_net|total_revenue,2021
QA-00100,Helix BioSciences,HB,Consumer Goods / Retail,2,ratio,,"What was the ratio of selling, general and administrative expense to total revenue in 2020?",0.1306,0.1306,ratio,"ratio(get_value(selling_general_admin, 2020), get_value(total_revenue, 2020))",selling_general_admin(2020) / total_revenue(2020) = 25748.0 / 197081.0 = 0.1306,selling_general_admin|total_revenue,2020
QA-00101,Helix BioSciences,HB,Consumer Goods / Retail,3,liquidity,quick_ratio,"Excluding inventory, what was Helix BioSciences's liquidity ratio in 2022?",0.9269,0.9269,ratio,"ratio(diff(get_value(total_current_assets, 2022), get_value(inventories, 2022)), get_value(total_current_liabilities, 2022))",quick_ratio(2022) = 0.9269,total_current_assets|inventories|total_current_liabilities,2022
QA-00102,Helix BioSciences,HB,Consumer Goods / Retail,3,liquidity,current_ratio,What was Helix BioSciences's current ratio for fiscal year 2021?,1.2835,1.2835,ratio,"ratio(get_value(total_current_assets, 2021), get_value(total_current_liabilities, 2021))",current_ratio(2021) = 1.2835,total_current_assets|total_current_liabilities,2021
QA-00103,Helix BioSciences,HB,Consumer Goods / Retail,3,liquidity,working_capital,How much net working capital did Helix BioSciences have in 2022?,923.0,923.0000,ratio,"diff(get_value(total_current_assets, 2022), get_value(total_current_liabilities, 2022))",working_capital(2022) = 923.0,total_current_assets|total_current_liabilities,2022
QA-00104,Helix BioSciences,HB,Consumer Goods / Retail,3,leverage,debt_to_assets,What percentage of Helix BioSciences's total assets was financed by debt in 2021?,0.6486,0.6486,ratio,"ratio(get_value(total_liabilities, 2021), get_value(total_assets, 2021))",debt_to_assets(2021) = 0.6486,total_liabilities|total_assets,2021
QA-00105,Helix BioSciences,HB,Consumer Goods / Retail,3,profitability,return_on_assets,How efficiently did Helix BioSciences use its assets to generate profit in 2022?,0.0775,0.0775,ratio,"ratio(get_value(net_income, 2022), avg(get_value(total_assets, 2022), get_value(total_assets, 2021)))",return_on_assets(2022) = 0.0775,net_income|total_assets,2022|2021
QA-00106,Helix BioSciences,HB,Consumer Goods / Retail,3,profitability,return_on_equity,What was the return on equity (ROE) in 2022?,0.1803,0.1803,ratio,"ratio(get_value(net_income, 2022), avg(get_value(total_stockholders_equity, 2022), get_value(total_stockholders_equity, 2021)))",return_on_equity(2022) = 0.1803,net_income|total_stockholders_equity,2022|2021
QA-00107,Helix BioSciences,HB,Consumer Goods / Retail,3,profitability,effective_tax_rate,What percentage of pre-tax income did Helix BioSciences pay in taxes in 2021?,0.2772,0.2772,ratio,"ratio(get_value(income_tax_expense, 2021), get_value(income_before_tax, 2021))",effective_tax_rate(2021) = 0.2772,income_tax_expense|income_before_tax,2021
QA-00108,Helix BioSciences,HB,Consumer Goods / Retail,3,profitability,operating_margin,What was the operating profit margin in 2022?,0.1183,0.1183,ratio,"ratio(get_value(operating_income, 2022), get_value(total_revenue, 2022))",operating_margin(2022) = 0.1183,operating_income|total_revenue,2022
QA-00109,Helix BioSciences,HB,Consumer Goods / Retail,3,efficiency,rd_to_revenue,What was Helix BioSciences's R&D intensity in 2022?,0.0224,0.0224,ratio,"ratio(get_value(research_and_development, 2022), get_value(total_revenue, 2022))",rd_to_revenue(2022) = 0.0224,research_and_development|total_revenue,2022
QA-00110,Helix BioSciences,HB,Consumer Goods / Retail,3,leverage,debt_to_equity,How leveraged was Helix BioSciences in 2021?,1.8455,1.8455,ratio,"ratio(get_value(total_liabilities, 2021), get_value(total_stockholders_equity, 2021))",debt_to_equity(2021) = 1.8455,total_liabilities|total_stockholders_equity,2021
QA-00111,Helix BioSciences,HB,Consumer Goods / Retail,4,profitability,change_in_operating_margin,What was the change in Helix BioSciences's operating margin between 2021 and 2022?,-0.0956,-0.0956,ratio_change,"diff(operating_margin(2022), operating_margin(2021))",operating_margin(2022) - operating_margin(2021) = 0.1183 - 0.2138 = -0.0956,operating_income|total_revenue,2021|2022
QA-00112,Helix BioSciences,HB,Consumer Goods / Retail,4,liquidity,change_in_current_ratio,How did the current ratio change from 2021 to 2022?,-0.2671,-0.2671,ratio_change,"diff(current_ratio(2022), current_ratio(2021))",current_ratio(2022) - current_ratio(2021) = 1.0164 - 1.2835 = -0.2671,total_current_assets|total_current_liabilities,2021|2022
QA-00113,Helix BioSciences,HB,Consumer Goods / Retail,4,profitability,change_in_gross_margin,What was the change in Helix BioSciences's gross margin between 2021 and 2022?,-0.158,-0.1580,ratio_change,"diff(gross_margin(2022), gross_margin(2021))",gross_margin(2022) - gross_margin(2021) = 0.3508 - 0.5088 = -0.158,gross_profit|total_revenue,2021|2022
QA-00114,Helix BioSciences,HB,Consumer Goods / Retail,4,profitability,change_in_net_profit_margin,By how much did the net profit margin change from fiscal year 2021 to 2022?,-0.0572,-0.0572,ratio_change,"diff(net_profit_margin(2022), net_profit_margin(2021))",net_profit_margin(2022) - net_profit_margin(2021) = 0.089 - 0.1463 = -0.0572,net_income|total_revenue,2021|2022
QA-00115,Helix BioSciences,HB,Consumer Goods / Retail,4,growth,equity_growth,How did shareholders' equity change from 2021 to 2022?,41.43,41.43%,percentage,"pct_change(total_stockholders_equity, 2021, 2022)",(total_stockholders_equity(2022) - total_stockholders_equity(2021)) / |total_stockholders_equity(2021)| * 100 = (135770.0 - 96001.0) / 96001.0 * 100 = 41.43%,total_stockholders_equity,2021|2022
QA-00116,Helix BioSciences,HB,Consumer Goods / Retail,4,growth,asset_growth,What was the year-over-year growth in Helix BioSciences's asset base?,-2.44,-2.44%,percentage,"pct_change(total_assets, 2021, 2022)",(total_assets(2022) - total_assets(2021)) / |total_assets(2021)| * 100 = (266499.0 - 273167.0) / 273167.0 * 100 = -2.44%,total_assets,2021|2022
QA-00117,Helix BioSciences,HB,Consumer Goods / Retail,4,growth,operating_income_growth,By what percentage did operating profit grow?,-42.22,-42.22%,percentage,"pct_change(operating_income, 2021, 2022)",(operating_income(2022) - operating_income(2021)) / |operating_income(2021)| * 100 = (27768.0 - 48055.0) / 48055.0 * 100 = -42.22%,operating_income,2021|2022
QA-00118,Helix BioSciences,HB,Consumer Goods / Retail,5,liquidity,did_current_ratio_improve,Did Helix BioSciences's current ratio improve from 2021 to 2022?,False,No,boolean,"compare_gt(current_ratio(2022), current_ratio(2021))","current_ratio(2021)=1.2835, current_ratio(2022)=1.0164, improved=False, change=-0.2671",total_current_assets|total_current_liabilities,2021|2022
QA-00119,Helix BioSciences,HB,Consumer Goods / Retail,5,profitability,did_gross_margin_improve,Did Helix BioSciences's gross margin improve from 2021 to 2022?,False,No,boolean,"compare_gt(gross_margin(2022), gross_margin(2021))","gross_margin(2021)=0.5088, gross_margin(2022)=0.3508, improved=False, change=-0.158",gross_profit|total_revenue,2021|2022
QA-00120,Helix BioSciences,HB,Consumer Goods / Retail,5,cash_flow,change_in_fcf_margin,How did Helix BioSciences's free cash flow margin change from 2021 to 2022?,-0.0421,-0.0421,ratio_change,"diff(ratio(diff(cash_from_operations, capital_expenditures), total_revenue, 2022), ratio(diff(cash_from_operations, capital_expenditures), total_revenue, 2021))",FCF_margin(2022) - FCF_margin(2021) = 0.1526 - 0.1947 = -0.0421,cash_from_operations|capital_expenditures|total_revenue,2021|2022
QA-00121,Vanguard Medical Systems,VMS,Financial Services,1,lookup,,How much did Vanguard Medical Systems report for share repurchases in fiscal year 2021?,4652.0,"$4,652 million",monetary,"get_value(share_repurchases, 2021)",share_repurchases(2021) = 4652.0,share_repurchases,2021
QA-00122,Vanguard Medical Systems,VMS,Financial Services,1,lookup,,What was the debt repaid in 2022?,4570.0,"$4,570 million",monetary,"get_value(debt_repaid, 2022)",debt_repaid(2022) = 4570.0,debt_repaid,2022
QA-00123,Vanguard Medical Systems,VMS,Financial Services,1,lookup,,What was the capital expenditures in 2023?,4027.0,"$4,027 million",monetary,"get_value(capital_expenditures, 2023)",capital_expenditures(2023) = 4027.0,capital_expenditures,2023
QA-00124,Vanguard Medical Systems,VMS,Financial Services,1,lookup,,"What was Vanguard Medical Systems's selling, general and administrative expense as of 2021?",28120.0,"$28,120 million",monetary,"get_value(selling_general_admin, 2021)",selling_general_admin(2021) = 28120.0,selling_general_admin,2021
QA-00125,Vanguard Medical Systems,VMS,Financial Services,1,lookup,,"According to the 2022 financial statements, what was the total stockholders' equity?",20827.0,"$20,827 million",monetary,"get_value(total_stockholders_equity, 2022)",total_stockholders_equity(2022) = 20827.0,total_stockholders_equity,2022
QA-00126,Vanguard Medical Systems,VMS,Financial Services,1,lookup,,What was the net cash from operating activities in 2022?,43952.0,"$43,952 million",monetary,"get_value(cash_from_operations, 2022)",cash_from_operations(2022) = 43952.0,cash_from_operations,2022
QA-00127,Vanguard Medical Systems,VMS,Financial Services,1,lookup,,What was the interest expense in 2021?,2309.0,"$2,309 million",monetary,"get_value(interest_expense, 2021)",interest_expense(2021) = 2309.0,interest_expense,2021
QA-00128,Vanguard Medical Systems,VMS,Financial Services,1,lookup,,How much did Vanguard Medical Systems report for cost of goods sold in fiscal year 2022?,33965.0,"$33,965 million",monetary,"get_value(cost_of_goods_sold, 2022)",cost_of_goods_sold(2022) = 33965.0,cost_of_goods_sold,2022
QA-00129,Vanguard Medical Systems,VMS,Financial Services,1,lookup,,How much did Vanguard Medical Systems report for depreciation and amortization in fiscal year 2021?,3662.0,"$3,662 million",monetary,"get_value(depreciation_amortization, 2021)",depreciation_amortization(2021) = 3662.0,depreciation_amortization,2021
QA-00130,Vanguard Medical Systems,VMS,Financial Services,1,lookup,,"According to the 2023 financial statements, what was the net cash from financing activities?",-16614.0,"$-16,614 million",monetary,"get_value(cash_from_financing, 2023)",cash_from_financing(2023) = -16614.0,cash_from_financing,2023
QA-00131,Vanguard Medical Systems,VMS,Financial Services,2,change,,How did total stockholders' equity change from fiscal year 2022 to 2023?,-7386.0,"$-7,386 million",monetary,"diff(get_value(total_stockholders_equity, 2023), get_value(total_stockholders_equity, 2022))",total_stockholders_equity(2023) - total_stockholders_equity(2022) = 13441.0 - 20827.0 = -7386.0,total_stockholders_equity,2022|2023
QA-00132,Vanguard Medical Systems,VMS,Financial Services,2,change,,What was the year-over-year change in Vanguard Medical Systems's cash and cash equivalents from 2022 to 2023?,-8189.0,"$-8,189 million",monetary,"diff(get_value(cash_and_equivalents, 2023), get_value(cash_and_equivalents, 2022))",cash_and_equivalents(2023) - cash_and_equivalents(2022) = 10280.0 - 18469.0 = -8189.0,cash_and_equivalents,2022|2023
QA-00133,Vanguard Medical Systems,VMS,Financial Services,2,change,,How did operating income change from fiscal year 2022 to 2023?,-12676.0,"$-12,676 million",monetary,"diff(get_value(operating_income, 2023), get_value(operating_income, 2022))",operating_income(2023) - operating_income(2022) = 41081.0 - 53757.0 = -12676.0,operating_income,2022|2023
QA-00134,Vanguard Medical Systems,VMS,Financial Services,2,change,,By how much did total revenue increase or decrease between 2022 and 2023?,18329.0,"$18,329 million",monetary,"diff(get_value(total_revenue, 2023), get_value(total_revenue, 2022))",total_revenue(2023) - total_revenue(2022) = 149252.0 - 130923.0 = 18329.0,total_revenue,2022|2023
QA-00135,Vanguard Medical Systems,VMS,Financial Services,2,change,,How did total liabilities change from fiscal year 2022 to 2023?,-30680.0,"$-30,680 million",monetary,"diff(get_value(total_liabilities, 2023), get_value(total_liabilities, 2022))",total_liabilities(2023) - total_liabilities(2022) = 93519.0 - 124199.0 = -30680.0,total_liabilities,2022|2023
QA-00136,Vanguard Medical Systems,VMS,Financial Services,2,change,,What was the change in long-term debt from 2022 to 2023?,-6122.0,"$-6,122 million",monetary,"diff(get_value(long_term_debt, 2023), get_value(long_term_debt, 2022))",long_term_debt(2023) - long_term_debt(2022) = 49301.0 - 55423.0 = -6122.0,long_term_debt,2022|2023
QA-00137,Vanguard Medical Systems,VMS,Financial Services,2,ratio,,What percentage of total assets was long-term debt in 2023?,0.4609,0.4609,ratio,"ratio(get_value(long_term_debt, 2023), get_value(total_assets, 2023))",long_term_debt(2023) / total_assets(2023) = 49301.0 / 106960.0 = 0.4609,long_term_debt|total_assets,2023
QA-00138,Vanguard Medical Systems,VMS,Financial Services,2,ratio,,"What percentage of total revenue was selling, general and administrative expense in 2022?",0.3051,0.3051,ratio,"ratio(get_value(selling_general_admin, 2022), get_value(total_revenue, 2022))",selling_general_admin(2022) / total_revenue(2022) = 39946.0 / 130923.0 = 0.3051,selling_general_admin|total_revenue,2022
QA-00139,Vanguard Medical Systems,VMS,Financial Services,2,ratio,,"For every dollar of total revenue, how much accounts receivable did Vanguard Medical Systems have in 2021?",0.0998,0.0998,ratio,"ratio(get_value(accounts_receivable_net, 2021), get_value(total_revenue, 2021))",accounts_receivable_net(2021) / total_revenue(2021) = 11815.0 / 118338.0 = 0.0998,accounts_receivable_net|total_revenue,2021
QA-00140,Vanguard Medical Systems,VMS,Financial Services,2,ratio,,What was inventories as a proportion of cost of goods sold in 2022?,0.0822,0.0822,ratio,"ratio(get_value(inventories, 2022), get_value(cost_of_goods_sold, 2022))",inventories(2022) / cost_of_goods_sold(2022) = 2791.0 / 33965.0 = 0.0822,inventories|cost_of_goods_sold,2022
QA-00141,Vanguard Medical Systems,VMS,Financial Services,3,liquidity,current_ratio,"In 2022, for every dollar of current liabilities, how many dollars of current assets did Vanguard Medical Systems have?",0.8259,0.8259,ratio,"ratio(get_value(total_current_assets, 2022), get_value(total_current_liabilities, 2022))",current_ratio(2022) = 0.8259,total_current_assets|total_current_liabilities,2022
QA-00142,Vanguard Medical Systems,VMS,Financial Services,3,leverage,debt_to_assets,What percentage of Vanguard Medical Systems's total assets was financed by debt in 2021?,0.733,0.7330,ratio,"ratio(get_value(total_liabilities, 2021), get_value(total_assets, 2021))",debt_to_assets(2021) = 0.733,total_liabilities|total_assets,2021
QA-00143,Vanguard Medical Systems,VMS,Financial Services,3,profitability,net_profit_margin,What was the net profit margin in 2023?,0.2167,0.2167,ratio,"ratio(get_value(net_income, 2023), get_value(total_revenue, 2023))",net_profit_margin(2023) = 0.2167,net_income|total_revenue,2023
QA-00144,Vanguard Medical Systems,VMS,Financial Services,3,liquidity,quick_ratio,"Excluding inventory, what was Vanguard Medical Systems's liquidity ratio in 2021?",1.3188,1.3188,ratio,"ratio(diff(get_value(total_current_assets, 2021), get_value(inventories, 2021)), get_value(total_current_liabilities, 2021))",quick_ratio(2021) = 1.3188,total_current_assets|inventories|total_current_liabilities,2021
QA-00145,Vanguard Medical Systems,VMS,Financial Services,3,profitability,operating_margin,What percentage of Vanguard Medical Systems's revenue became operating income in 2022?,0.4106,0.4106,ratio,"ratio(get_value(operating_income, 2022), get_value(total_revenue, 2022))",operating_margin(2022) = 0.4106,operating_income|total_revenue,2022
QA-00146,Vanguard Medical Systems,VMS,Financial Services,3,leverage,interest_coverage,What was the interest coverage ratio in 2021?,19.9957,19.9957,ratio,"ratio(get_value(operating_income, 2021), get_value(interest_expense, 2021))",interest_coverage(2021) = 19.9957,operating_income|interest_expense,2021
QA-00147,Vanguard Medical Systems,VMS,Financial Services,3,efficiency,rd_to_revenue,What was Vanguard Medical Systems's R&D intensity in 2023?,0.0398,0.0398,ratio,"ratio(get_value(research_and_development, 2023), get_value(total_revenue, 2023))",rd_to_revenue(2023) = 0.0398,research_and_development|total_revenue,2023
QA-00148,Vanguard Medical Systems,VMS,Financial Services,3,profitability,gross_margin,What was the gross profit margin in 2023?,0.5426,0.5426,ratio,"ratio(get_value(gross_profit, 2023), get_value(total_revenue, 2023))",gross_margin(2023) = 0.5426,gross_profit|total_revenue,2023
QA-00149,Vanguard Medical Systems,VMS,Financial Services,3,profitability,return_on_equity,What return did Vanguard Medical Systems's equity investors earn in 2023?,1.8876,1.8876,ratio,"ratio(get_value(net_income, 2023), avg(get_value(total_stockholders_equity, 2023), get_value(total_stockholders_equity, 2022)))",return_on_equity(2023) = 1.8876,net_income|total_stockholders_equity,2023|2022
QA-00150,Vanguard Medical Systems,VMS,Financial Services,3,profitability,return_on_assets,How efficiently did Vanguard Medical Systems use its assets to generate profit in 2023?,0.2567,0.2567,ratio,"ratio(get_value(net_income, 2023), avg(get_value(total_assets, 2023), get_value(total_assets, 2022)))",return_on_assets(2023) = 0.2567,net_income|total_assets,2023|2022
QA-00151,Vanguard Medical Systems,VMS,Financial Services,4,profitability,change_in_gross_margin,How did the gross margin change from 2022 to 2023?,-0.198,-0.1980,ratio_change,"diff(gross_margin(2023), gross_margin(2022))",gross_margin(2023) - gross_margin(2022) = 0.5426 - 0.7406 = -0.198,gross_profit|total_revenue,2022|2023
QA-00152,Vanguard Medical Systems,VMS,Financial Services,4,leverage,change_in_debt_to_equity,What was the change in Vanguard Medical Systems's debt to equity between 2022 and 2023?,0.9944,0.9944,ratio_change,"diff(debt_to_equity(2023), debt_to_equity(2022))",debt_to_equity(2023) - debt_to_equity(2022) = 6.9577 - 5.9634 = 0.9944,total_liabilities|total_stockholders_equity,2022|2023
QA-00153,Vanguard Medical Systems,VMS,Financial Services,4,profitability,change_in_net_profit_margin,What was the change in Vanguard Medical Systems's net profit margin between 2022 and 2023?,-0.0925,-0.0925,ratio_change,"diff(net_profit_margin(2023), net_profit_margin(2022))",net_profit_margin(2023) - net_profit_margin(2022) = 0.2167 - 0.3092 = -0.0925,net_income|total_revenue,2022|2023
QA-00154,Vanguard Medical Systems,VMS,Financial Services,4,liquidity,change_in_current_ratio,How did the current ratio change from 2022 to 2023?,0.1427,0.1427,ratio_change,"diff(current_ratio(2023), current_ratio(2022))",current_ratio(2023) - current_ratio(2022) = 0.9686 - 0.8259 = 0.1427,total_current_assets|total_current_liabilities,2022|2023
QA-00155,Vanguard Medical Systems,VMS,Financial Services,4,growth,equity_growth,How did shareholders' equity change from 2022 to 2023?,-35.46,-35.46%,percentage,"pct_change(total_stockholders_equity, 2022, 2023)",(total_stockholders_equity(2023) - total_stockholders_equity(2022)) / |total_stockholders_equity(2022)| * 100 = (13441.0 - 20827.0) / 20827.0 * 100 = -35.46%,total_stockholders_equity,2022|2023
QA-00156,Vanguard Medical Systems,VMS,Financial Services,4,growth,asset_growth,What was the year-over-year growth in Vanguard Medical Systems's asset base?,-26.25,-26.25%,percentage,"pct_change(total_assets, 2022, 2023)",(total_assets(2023) - total_assets(2022)) / |total_assets(2022)| * 100 = (106960.0 - 145026.0) / 145026.0 * 100 = -26.25%,total_assets,2022|2023
QA-00157,Vanguard Medical Systems,VMS,Financial Services,4,growth,operating_income_growth,What was the change in operating income from 2022 to 2023?,-23.58,-23.58%,percentage,"pct_change(operating_income, 2022, 2023)",(operating_income(2023) - operating_income(2022)) / |operating_income(2022)| * 100 = (41081.0 - 53757.0) / 53757.0 * 100 = -23.58%,operating_income,2022|2023
QA-00158,Vanguard Medical Systems,VMS,Financial Services,5,leverage,did_debt_to_equity_improve,"Did the debt to equity get better from 2022 to 2023, and by how much?",False,No,boolean,"compare_gt(debt_to_equity(2023), debt_to_equity(2022))","debt_to_equity(2022)=5.9634, debt_to_equity(2023)=6.9577, improved=False, change=0.9944",total_liabilities|total_stockholders_equity,2022|2023
QA-00159,Vanguard Medical Systems,VMS,Financial Services,5,profitability,did_gross_margin_improve,Did Vanguard Medical Systems's gross margin improve from 2022 to 2023?,False,No,boolean,"compare_gt(gross_margin(2023), gross_margin(2022))","gross_margin(2022)=0.7406, gross_margin(2023)=0.5426, improved=False, change=-0.198",gross_profit|total_revenue,2022|2023
QA-00160,Vanguard Medical Systems,VMS,Financial Services,5,cash_flow,change_in_fcf_margin,How did Vanguard Medical Systems's free cash flow margin change from 2022 to 2023?,-0.0377,-0.0377,ratio_change,"diff(ratio(diff(cash_from_operations, capital_expenditures), total_revenue, 2023), ratio(diff(cash_from_operations, capital_expenditures), total_revenue, 2022))",FCF_margin(2023) - FCF_margin(2022) = 0.2581 - 0.2958 = -0.0377,cash_from_operations|capital_expenditures|total_revenue,2022|2023
QA-00161,Meridian Systems Inc,MSI,Financial Services,1,lookup,,What was the total assets in 2021?,215285.0,"$215,285 million",monetary,"get_value(total_assets, 2021)",total_assets(2021) = 215285.0,total_assets,2021
QA-00162,Meridian Systems Inc,MSI,Financial Services,1,lookup,,How much did Meridian Systems Inc report for short-term debt in fiscal year 2021?,5031.0,"$5,031 million",monetary,"get_value(short_term_debt, 2021)",short_term_debt(2021) = 5031.0,short_term_debt,2021
QA-00163,Meridian Systems Inc,MSI,Financial Services,1,lookup,,"According to the 2022 financial statements, what was the other income/expense?",-284.0,$-284.00 million,monetary,"get_value(other_income_expense, 2022)",other_income_expense(2022) = -284.0,other_income_expense,2022
QA-00164,Meridian Systems Inc,MSI,Financial Services,1,lookup,,"According to the 2021 financial statements, what was the other operating expenses?",105.0,$105.00 million,monetary,"get_value(other_operating_expenses, 2021)",other_operating_expenses(2021) = 105.0,other_operating_expenses,2021
QA-00165,Meridian Systems Inc,MSI,Financial Services,1,lookup,,"According to the 2020 financial statements, what was the net income?",27819.0,"$27,819 million",monetary,"get_value(net_income, 2020)",net_income(2020) = 27819.0,net_income,2020
QA-00166,Meridian Systems Inc,MSI,Financial Services,1,lookup,,What was Meridian Systems Inc's other non-current assets as of 2020?,75131.0,"$75,131 million",monetary,"get_value(other_non_current_assets, 2020)",other_non_current_assets(2020) = 75131.0,other_non_current_assets,2020
QA-00167,Meridian Systems Inc,MSI,Financial Services,1,lookup,,What was Meridian Systems Inc's goodwill as of 2021?,39402.0,"$39,402 million",monetary,"get_value(goodwill, 2021)",goodwill(2021) = 39402.0,goodwill,2021
QA-00168,Meridian Systems Inc,MSI,Financial Services,1,lookup,,How much did Meridian Systems Inc report for net cash from financing activities in fiscal year 2022?,-11849.0,"$-11,849 million",monetary,"get_value(cash_from_financing, 2022)",cash_from_financing(2022) = -11849.0,cash_from_financing,2022
QA-00169,Meridian Systems Inc,MSI,Financial Services,1,lookup,,"According to the 2022 financial statements, what was the prepaid expenses?",32354.0,"$32,354 million",monetary,"get_value(prepaid_expenses, 2022)",prepaid_expenses(2022) = 32354.0,prepaid_expenses,2022
QA-00170,Meridian Systems Inc,MSI,Financial Services,1,lookup,,What was the cost of goods sold in 2020?,57312.0,"$57,312 million",monetary,"get_value(cost_of_goods_sold, 2020)",cost_of_goods_sold(2020) = 57312.0,cost_of_goods_sold,2020
QA-00171,Meridian Systems Inc,MSI,Financial Services,2,change,,How did cash and cash equivalents change from fiscal year 2021 to 2022?,-11373.0,"$-11,373 million",monetary,"diff(get_value(cash_and_equivalents, 2022), get_value(cash_and_equivalents, 2021))",cash_and_equivalents(2022) - cash_and_equivalents(2021) = 9154.0 - 20527.0 = -11373.0,cash_and_equivalents,2021|2022
QA-00172,Meridian Systems Inc,MSI,Financial Services,2,change,,How did total assets change from fiscal year 2021 to 2022?,-34412.0,"$-34,412 million",monetary,"diff(get_value(total_assets, 2022), get_value(total_assets, 2021))",total_assets(2022) - total_assets(2021) = 180873.0 - 215285.0 = -34412.0,total_assets,2021|2022
QA-00173,Meridian Systems Inc,MSI,Financial Services,2,change,,What was the year-over-year change in Meridian Systems Inc's operating income from 2021 to 2022?,4340.0,"$4,340 million",monetary,"diff(get_value(operating_income, 2022), get_value(operating_income, 2021))",operating_income(2022) - operating_income(2021) = 41754.0 - 37414.0 = 4340.0,operating_income,2021|2022
QA-00174,Meridian Systems Inc,MSI,Financial Services,2,change,,What was the year-over-year change in Meridian Systems Inc's total stockholders' equity from 2021 to 2022?,-4902.0,"$-4,902 million",monetary,"diff(get_value(total_stockholders_equity, 2022), get_value(total_stockholders_equity, 2021))",total_stockholders_equity(2022) - total_stockholders_equity(2021) = 40708.0 - 45610.0 = -4902.0,total_stockholders_equity,2021|2022
QA-00175,Meridian Systems Inc,MSI,Financial Services,2,change,,What was the change in total liabilities from 2021 to 2022?,-29510.0,"$-29,510 million",monetary,"diff(get_value(total_liabilities, 2022), get_value(total_liabilities, 2021))",total_liabilities(2022) - total_liabilities(2021) = 140165.0 - 169675.0 = -29510.0,total_liabilities,2021|2022
QA-00176,Meridian Systems Inc,MSI,Financial Services,2,change,,What was the year-over-year change in Meridian Systems Inc's long-term debt from 2021 to 2022?,-11822.0,"$-11,822 million",monetary,"diff(get_value(long_term_debt, 2022), get_value(long_term_debt, 2021))",long_term_debt(2022) - long_term_debt(2021) = 58451.0 - 70273.0 = -11822.0,long_term_debt,2021|2022
QA-00177,Meridian Systems Inc,MSI,Financial Services,2,ratio,,What was cash and cash equivalents as a proportion of total assets in 2021?,0.0953,0.0953,ratio,"ratio(get_value(cash_and_equivalents, 2021), get_value(total_assets, 2021))",cash_and_equivalents(2021) / total_assets(2021) = 20527.0 / 215285.0 = 0.0953,cash_and_equivalents|total_assets,2021
QA-00178,Meridian Systems Inc,MSI,Financial Services,2,ratio,,"For every dollar of cost of goods sold, how much inventories did Meridian Systems Inc have in 2022?",0.0721,0.0721,ratio,"ratio(get_value(inventories, 2022), get_value(cost_of_goods_sold, 2022))",inventories(2022) / cost_of_goods_sold(2022) = 2227.0 / 30890.0 = 0.0721,inventories|cost_of_goods_sold,2022
QA-00179,Meridian Systems Inc,MSI,Financial Services,2,ratio,,"What percentage of total revenue was selling, general and administrative expense in 2021?",0.2561,0.2561,ratio,"ratio(get_value(selling_general_admin, 2021), get_value(total_revenue, 2021))",selling_general_admin(2021) / total_revenue(2021) = 31659.0 / 123615.0 = 0.2561,selling_general_admin|total_revenue,2021
QA-00180,Meridian Systems Inc,MSI,Financial Services,2,ratio,,What percentage of total revenue was accounts receivable in 2022?,0.1066,0.1066,ratio,"ratio(get_value(accounts_receivable_net, 2022), get_value(total_revenue, 2022))",accounts_receivable_net(2022) / total_revenue(2022) = 12937.0 / 121326.0 = 0.1066,accounts_receivable_net|total_revenue,2022
QA-00181,Meridian Systems Inc,MSI,Financial Services,3,liquidity,quick_ratio,What was the quick ratio in 2022?,1.2445,1.2445,ratio,"ratio(diff(get_value(total_current_assets, 2022), get_value(inventories, 2022)), get_value(total_current_liabilities, 2022))",quick_ratio(2022) = 1.2445,total_current_assets|inventories|total_current_liabilities,2022
QA-00182,Meridian Systems Inc,MSI,Financial Services,3,profitability,gross_margin,What was the gross profit margin in 2020?,0.5313,0.5313,ratio,"ratio(get_value(gross_profit, 2020), get_value(total_revenue, 2020))",gross_margin(2020) = 0.5313,gross_profit|total_revenue,2020
QA-00183,Meridian Systems Inc,MSI,Financial Services,3,leverage,debt_to_assets,What percentage of Meridian Systems Inc's total assets was financed by debt in 2022?,0.7749,0.7749,ratio,"ratio(get_value(total_liabilities, 2022), get_value(total_assets, 2022))",debt_to_assets(2022) = 0.7749,total_liabilities|total_assets,2022
QA-00184,Meridian Systems Inc,MSI,Financial Services,3,profitability,effective_tax_rate,What percentage of pre-tax income did Meridian Systems Inc pay in taxes in 2022?,0.245,0.2450,ratio,"ratio(get_value(income_tax_expense, 2022), get_value(income_before_tax, 2022))",effective_tax_rate(2022) = 0.245,income_tax_expense|income_before_tax,2022
QA-00185,Meridian Systems Inc,MSI,Financial Services,3,leverage,interest_coverage,What was the interest coverage ratio in 2020?,36.7793,36.7793,ratio,"ratio(get_value(operating_income, 2020), get_value(interest_expense, 2020))",interest_coverage(2020) = 36.7793,operating_income|interest_expense,2020
QA-00186,Meridian Systems Inc,MSI,Financial Services,3,leverage,debt_to_equity,"For every dollar of equity, how much debt did Meridian Systems Inc carry in 2021?",3.7201,3.7201,ratio,"ratio(get_value(total_liabilities, 2021), get_value(total_stockholders_equity, 2021))",debt_to_equity(2021) = 3.7201,total_liabilities|total_stockholders_equity,2021
QA-00187,Meridian Systems Inc,MSI,Financial Services,3,profitability,return_on_equity,What was the return on equity (ROE) in 2022?,0.7052,0.7052,ratio,"ratio(get_value(net_income, 2022), avg(get_value(total_stockholders_equity, 2022), get_value(total_stockholders_equity, 2021)))",return_on_equity(2022) = 0.7052,net_income|total_stockholders_equity,2022|2021
QA-00188,Meridian Systems Inc,MSI,Financial Services,3,liquidity,working_capital,How much net working capital did Meridian Systems Inc have in 2021?,6594.0,6594.0000,ratio,"diff(get_value(total_current_assets, 2021), get_value(total_current_liabilities, 2021))",working_capital(2021) = 6594.0,total_current_assets|total_current_liabilities,2021
QA-00189,Meridian Systems Inc,MSI,Financial Services,3,liquidity,current_ratio,What was Meridian Systems Inc's current ratio for fiscal year 2022?,1.2919,1.2919,ratio,"ratio(get_value(total_current_assets, 2022), get_value(total_current_liabilities, 2022))",current_ratio(2022) = 1.2919,total_current_assets|total_current_liabilities,2022
QA-00190,Meridian Systems Inc,MSI,Financial Services,3,cash_flow,free_cash_flow,What was the free cash flow in 2022?,34427.0,34427.0000,ratio,"diff(get_value(cash_from_operations, 2022), get_value(capital_expenditures, 2022))",free_cash_flow(2022) = 34427.0,cash_from_operations|capital_expenditures,2022
QA-00191,Meridian Systems Inc,MSI,Financial Services,4,leverage,change_in_debt_to_equity,What was the change in Meridian Systems Inc's debt to equity between 2021 and 2022?,-0.2769,-0.2769,ratio_change,"diff(debt_to_equity(2022), debt_to_equity(2021))",debt_to_equity(2022) - debt_to_equity(2021) = 3.4432 - 3.7201 = -0.2769,total_liabilities|total_stockholders_equity,2021|2022
QA-00192,Meridian Systems Inc,MSI,Financial Services,4,profitability,change_in_net_profit_margin,By how much did the net profit margin change from fiscal year 2021 to 2022?,0.015,0.0150,ratio_change,"diff(net_profit_margin(2022), net_profit_margin(2021))",net_profit_margin(2022) - net_profit_margin(2021) = 0.2508 - 0.2359 = 0.015,net_income|total_revenue,2021|2022
QA-00193,Meridian Systems Inc,MSI,Financial Services,4,liquidity,change_in_current_ratio,By how much did the current ratio change from fiscal year 2021 to 2022?,0.1758,0.1758,ratio_change,"diff(current_ratio(2022), current_ratio(2021))",current_ratio(2022) - current_ratio(2021) = 1.2919 - 1.1161 = 0.1758,total_current_assets|total_current_liabilities,2021|2022
QA-00194,Meridian Systems Inc,MSI,Financial Services,4,profitability,change_in_gross_margin,How did the gross margin change from 2021 to 2022?,0.1124,0.1124,ratio_change,"diff(gross_margin(2022), gross_margin(2021))",gross_margin(2022) - gross_margin(2021) = 0.7454 - 0.633 = 0.1124,gross_profit|total_revenue,2021|2022
QA-00195,Meridian Systems Inc,MSI,Financial Services,4,growth,asset_growth,What was the year-over-year growth in Meridian Systems Inc's asset base?,-15.98,-15.98%,percentage,"pct_change(total_assets, 2021, 2022)",(total_assets(2022) - total_assets(2021)) / |total_assets(2021)| * 100 = (180873.0 - 215285.0) / 215285.0 * 100 = -15.98%,total_assets,2021|2022
QA-00196,Meridian Systems Inc,MSI,Financial Services,4,growth,net_income_growth,By what percentage did Meridian Systems Inc's earnings change from 2021 to 2022?,4.38,4.38%,percentage,"pct_change(net_income, 2021, 2022)",(net_income(2022) - net_income(2021)) / |net_income(2021)| * 100 = (30434.0 - 29158.0) / 29158.0 * 100 = 4.38%,net_income,2021|2022
QA-00197,Meridian Systems Inc,MSI,Financial Services,4,growth,revenue_growth,What was Meridian Systems Inc's top-line growth?,-1.85,-1.85%,percentage,"pct_change(total_revenue, 2021, 2022)",(total_revenue(2022) - total_revenue(2021)) / |total_revenue(2021)| * 100 = (121326.0 - 123615.0) / 123615.0 * 100 = -1.85%,total_revenue,2021|2022
QA-00198,Meridian Systems Inc,MSI,Financial Services,5,profitability,did_operating_margin_improve,Did Meridian Systems Inc's operating margin improve from 2021 to 2022?,True,Yes,boolean,"compare_gt(operating_margin(2022), operating_margin(2021))","operating_margin(2021)=0.3027, operating_margin(2022)=0.3441, improved=True, change=0.0415",operating_income|total_revenue,2021|2022
QA-00199,Meridian Systems Inc,MSI,Financial Services,5,liquidity,did_current_ratio_improve,Did Meridian Systems Inc's current ratio improve from 2021 to 2022?,True,Yes,boolean,"compare_gt(current_ratio(2022), current_ratio(2021))","current_ratio(2021)=1.1161, current_ratio(2022)=1.2919, improved=True, change=0.1758",total_current_assets|total_current_liabilities,2021|2022
QA-00200,Meridian Systems Inc,MSI,Financial Services,5,cash_flow,change_in_fcf_margin,How did Meridian Systems Inc's free cash flow margin change from 2021 to 2022?,-0.0134,-0.0134,ratio_change,"diff(ratio(diff(cash_from_operations, capital_expenditures), total_revenue, 2022), ratio(diff(cash_from_operations, capital_expenditures), total_revenue, 2021))",FCF_margin(2022) - FCF_margin(2021) = 0.2838 - 0.2971 = -0.0134,cash_from_operations|capital_expenditures|total_revenue,2021|2022
QA-00201,Keystone Industries,KI,Healthcare / Pharma,1,lookup,,"According to the 2020 financial statements, what was the long-term debt?",167854.0,"$167,854 million",monetary,"get_value(long_term_debt, 2020)",long_term_debt(2020) = 167854.0,long_term_debt,2020
QA-00202,Keystone Industries,KI,Healthcare / Pharma,1,lookup,,How much did Keystone Industries report for common stock in fiscal year 2022?,25.0,$25.00 million,monetary,"get_value(common_stock, 2022)",common_stock(2022) = 25.0,common_stock,2022
QA-00203,Keystone Industries,KI,Healthcare / Pharma,1,lookup,,What was Keystone Industries's research and development expense as of 2022?,37600.0,"$37,600 million",monetary,"get_value(research_and_development, 2022)",research_and_development(2022) = 37600.0,research_and_development,2022
QA-00204,Keystone Industries,KI,Healthcare / Pharma,1,lookup,,What was Keystone Industries's deferred tax liabilities as of 2020?,5421.0,"$5,421 million",monetary,"get_value(deferred_tax_liabilities, 2020)",deferred_tax_liabilities(2020) = 5421.0,deferred_tax_liabilities,2020
QA-00205,Keystone Industries,KI,Healthcare / Pharma,1,lookup,,What was the deferred tax assets in 2020?,1563.0,"$1,563 million",monetary,"get_value(deferred_tax_assets, 2020)",deferred_tax_assets(2020) = 1563.0,deferred_tax_assets,2020
QA-00206,Keystone Industries,KI,Healthcare / Pharma,1,lookup,,What was the other non-current assets in 2022?,0.0,$0.00 million,monetary,"get_value(other_non_current_assets, 2022)",other_non_current_assets(2022) = 0.0,other_non_current_assets,2022
QA-00207,Keystone Industries,KI,Healthcare / Pharma,1,lookup,,What was Keystone Industries's total non-current assets as of 2022?,108750.0,"$108,750 million",monetary,"get_value(total_non_current_assets, 2022)",total_non_current_assets(2022) = 108750.0,total_non_current_assets,2022
QA-00208,Keystone Industries,KI,Healthcare / Pharma,1,lookup,,What was Keystone Industries's stock-based compensation as of 2021?,1215.0,"$1,215 million",monetary,"get_value(stock_based_compensation, 2021)",stock_based_compensation(2021) = 1215.0,stock_based_compensation,2021
QA-00209,Keystone Industries,KI,Healthcare / Pharma,1,lookup,,What was Keystone Industries's total current assets as of 2022?,41273.0,"$41,273 million",monetary,"get_value(total_current_assets, 2022)",total_current_assets(2022) = 41273.0,total_current_assets,2022
QA-00210,Keystone Industries,KI,Healthcare / Pharma,1,lookup,,"According to the 2021 financial statements, what was the other non-current liabilities?",5798.0,"$5,798 million",monetary,"get_value(other_non_current_liabilities, 2021)",other_non_current_liabilities(2021) = 5798.0,other_non_current_liabilities,2021
QA-00211,Keystone Industries,KI,Healthcare / Pharma,2,change,,How did net income change from fiscal year 2021 to 2022?,-27478.0,"$-27,478 million",monetary,"diff(get_value(net_income, 2022), get_value(net_income, 2021))",net_income(2022) - net_income(2021) = 20612.0 - 48090.0 = -27478.0,net_income,2021|2022
QA-00212,Keystone Industries,KI,Healthcare / Pharma,2,change,,By how much did long-term debt increase or decrease between 2021 and 2022?,-24563.0,"$-24,563 million",monetary,"diff(get_value(long_term_debt, 2022), get_value(long_term_debt, 2021))",long_term_debt(2022) - long_term_debt(2021) = 27091.0 - 51654.0 = -24563.0,long_term_debt,2021|2022
QA-00213,Keystone Industries,KI,Healthcare / Pharma,2,change,,How did total revenue change from fiscal year 2021 to 2022?,24219.0,"$24,219 million",monetary,"diff(get_value(total_revenue, 2022), get_value(total_revenue, 2021))",total_revenue(2022) - total_revenue(2021) = 212583.0 - 188364.0 = 24219.0,total_revenue,2021|2022
QA-00214,Keystone Industries,KI,Healthcare / Pharma,2,change,,What was the year-over-year change in Keystone Industries's total assets from 2021 to 2022?,1804.0,"$1,804 million",monetary,"diff(get_value(total_assets, 2022), get_value(total_assets, 2021))",total_assets(2022) - total_assets(2021) = 150023.0 - 148219.0 = 1804.0,total_assets,2021|2022
QA-00215,Keystone Industries,KI,Healthcare / Pharma,2,change,,How did gross profit change from fiscal year 2021 to 2022?,-8665.0,"$-8,665 million",monetary,"diff(get_value(gross_profit, 2022), get_value(gross_profit, 2021))",gross_profit(2022) - gross_profit(2021) = 129921.0 - 138586.0 = -8665.0,gross_profit,2021|2022
QA-00216,Keystone Industries,KI,Healthcare / Pharma,2,change,,What was the change in operating income from 2021 to 2022?,-27986.0,"$-27,986 million",monetary,"diff(get_value(operating_income, 2022), get_value(operating_income, 2021))",operating_income(2022) - operating_income(2021) = 26062.0 - 54048.0 = -27986.0,operating_income,2021|2022
QA-00217,Keystone Industries,KI,Healthcare / Pharma,2,ratio,,"For every dollar of total assets, how much long-term debt did Keystone Industries have in 2022?",0.1806,0.1806,ratio,"ratio(get_value(long_term_debt, 2022), get_value(total_assets, 2022))",long_term_debt(2022) / total_assets(2022) = 27091.0 / 150023.0 = 0.1806,long_term_debt|total_assets,2022
QA-00218,Keystone Industries,KI,Healthcare / Pharma,2,ratio,,What percentage of total assets was cash and cash equivalents in 2021?,0.1157,0.1157,ratio,"ratio(get_value(cash_and_equivalents, 2021), get_value(total_assets, 2021))",cash_and_equivalents(2021) / total_assets(2021) = 17142.0 / 148219.0 = 0.1157,cash_and_equivalents|total_assets,2021
QA-00219,Keystone Industries,KI,Healthcare / Pharma,2,ratio,,"For every dollar of total revenue, how much selling, general and administrative expense did Keystone Industries have in 2022?",0.273,0.2730,ratio,"ratio(get_value(selling_general_admin, 2022), get_value(total_revenue, 2022))",selling_general_admin(2022) / total_revenue(2022) = 58042.0 / 212583.0 = 0.273,selling_general_admin|total_revenue,2022
QA-00220,Keystone Industries,KI,Healthcare / Pharma,2,ratio,,What was accounts receivable as a proportion of total revenue in 2021?,0.1176,0.1176,ratio,"ratio(get_value(accounts_receivable_net, 2021), get_value(total_revenue, 2021))",accounts_receivable_net(2021) / total_revenue(2021) = 22158.0 / 188364.0 = 0.1176,accounts_receivable_net|total_revenue,2021
QA-00221,Keystone Industries,KI,Healthcare / Pharma,3,leverage,debt_to_assets,What was the debt-to-assets ratio in 2021?,0.6314,0.6314,ratio,"ratio(get_value(total_liabilities, 2021), get_value(total_assets, 2021))",debt_to_assets(2021) = 0.6314,total_liabilities|total_assets,2021
QA-00222,Keystone Industries,KI,Healthcare / Pharma,3,liquidity,current_ratio,"In 2021, for every dollar of current liabilities, how many dollars of current assets did Keystone Industries have?",2.2024,2.2024,ratio,"ratio(get_value(total_current_assets, 2021), get_value(total_current_liabilities, 2021))",current_ratio(2021) = 2.2024,total_current_assets|total_current_liabilities,2021
QA-00223,Keystone Industries,KI,Healthcare / Pharma,3,cash_flow,free_cash_flow,How much cash was left after capital expenditures in 2020?,34062.0,34062.0000,ratio,"diff(get_value(cash_from_operations, 2020), get_value(capital_expenditures, 2020))",free_cash_flow(2020) = 34062.0,cash_from_operations|capital_expenditures,2020
QA-00224,Keystone Industries,KI,Healthcare / Pharma,3,profitability,return_on_equity,What return did Keystone Industries's equity investors earn in 2022?,0.3122,0.3122,ratio,"ratio(get_value(net_income, 2022), avg(get_value(total_stockholders_equity, 2022), get_value(total_stockholders_equity, 2021)))",return_on_equity(2022) = 0.3122,net_income|total_stockholders_equity,2022|2021
QA-00225,Keystone Industries,KI,Healthcare / Pharma,3,leverage,debt_to_equity,"For every dollar of equity, how much debt did Keystone Industries carry in 2021?",1.7133,1.7133,ratio,"ratio(get_value(total_liabilities, 2021), get_value(total_stockholders_equity, 2021))",debt_to_equity(2021) = 1.7133,total_liabilities|total_stockholders_equity,2021
QA-00226,Keystone Industries,KI,Healthcare / Pharma,3,efficiency,capex_to_revenue,What was capital expenditure as a percentage of revenue in 2021?,0.0737,0.0737,ratio,"ratio(get_value(capital_expenditures, 2021), get_value(total_revenue, 2021))",capex_to_revenue(2021) = 0.0737,capital_expenditures|total_revenue,2021
QA-00227,Keystone Industries,KI,Healthcare / Pharma,3,leverage,interest_coverage,What was the interest coverage ratio in 2021?,161.3373,161.3373,ratio,"ratio(get_value(operating_income, 2021), get_value(interest_expense, 2021))",interest_coverage(2021) = 161.3373,operating_income|interest_expense,2021
QA-00228,Keystone Industries,KI,Healthcare / Pharma,3,efficiency,rd_to_revenue,What percentage of revenue was spent on R&D in 2022?,0.1769,0.1769,ratio,"ratio(get_value(research_and_development, 2022), get_value(total_revenue, 2022))",rd_to_revenue(2022) = 0.1769,research_and_development|total_revenue,2022
QA-00229,Keystone Industries,KI,Healthcare / Pharma,3,profitability,gross_margin,What percentage of revenue was retained after cost of goods sold in 2021?,0.7357,0.7357,ratio,"ratio(get_value(gross_profit, 2021), get_value(total_revenue, 2021))",gross_margin(2021) = 0.7357,gross_profit|total_revenue,2021
QA-00230,Keystone Industries,KI,Healthcare / Pharma,3,profitability,net_profit_margin,What was the net profit margin in 2021?,0.2553,0.2553,ratio,"ratio(get_value(net_income, 2021), get_value(total_revenue, 2021))",net_profit_margin(2021) = 0.2553,net_income|total_revenue,2021
QA-00231,Keystone Industries,KI,Healthcare / Pharma,4,profitability,change_in_gross_margin,How did the gross margin change from 2021 to 2022?,-0.1246,-0.1246,ratio_change,"diff(gross_margin(2022), gross_margin(2021))",gross_margin(2022) - gross_margin(2021) = 0.6112 - 0.7357 = -0.1246,gross_profit|total_revenue,2021|2022
QA-00232,Keystone Industries,KI,Healthcare / Pharma,4,leverage,change_in_debt_to_equity,How did the debt to equity change from 2021 to 2022?,-0.7759,-0.7759,ratio_change,"diff(debt_to_equity(2022), debt_to_equity(2021))",debt_to_equity(2022) - debt_to_equity(2021) = 0.9374 - 1.7133 = -0.7759,total_liabilities|total_stockholders_equity,2021|2022
QA-00233,Keystone Industries,KI,Healthcare / Pharma,4,profitability,change_in_operating_margin,How did the operating margin change from 2021 to 2022?,-0.1643,-0.1643,ratio_change,"diff(operating_margin(2022), operating_margin(2021))",operating_margin(2022) - operating_margin(2021) = 0.1226 - 0.2869 = -0.1643,operating_income|total_revenue,2021|2022
QA-00234,Keystone Industries,KI,Healthcare / Pharma,4,profitability,change_in_net_profit_margin,By how much did the net profit margin change from fiscal year 2021 to 2022?,-0.1583,-0.1583,ratio_change,"diff(net_profit_margin(2022), net_profit_margin(2021))",net_profit_margin(2022) - net_profit_margin(2021) = 0.097 - 0.2553 = -0.1583,net_income|total_revenue,2021|2022
QA-00235,Keystone Industries,KI,Healthcare / Pharma,4,growth,asset_growth,What was the year-over-year growth in Keystone Industries's asset base?,1.22,1.22%,percentage,"pct_change(total_assets, 2021, 2022)",(total_assets(2022) - total_assets(2021)) / |total_assets(2021)| * 100 = (150023.0 - 148219.0) / 148219.0 * 100 = 1.22%,total_assets,2021|2022
QA-00236,Keystone Industries,KI,Healthcare / Pharma,4,growth,operating_income_growth,By what percentage did operating profit grow?,-51.78,-51.78%,percentage,"pct_change(operating_income, 2021, 2022)",(operating_income(2022) - operating_income(2021)) / |operating_income(2021)| * 100 = (26062.0 - 54048.0) / 54048.0 * 100 = -51.78%,operating_income,2021|2022
QA-00237,Keystone Industries,KI,Healthcare / Pharma,4,growth,revenue_growth,By what percentage did Keystone Industries's revenue change from 2021 to 2022?,12.86,12.86%,percentage,"pct_change(total_revenue, 2021, 2022)",(total_revenue(2022) - total_revenue(2021)) / |total_revenue(2021)| * 100 = (212583.0 - 188364.0) / 188364.0 * 100 = 12.86%,total_revenue,2021|2022
QA-00238,Keystone Industries,KI,Healthcare / Pharma,5,leverage,did_debt_to_equity_improve,"Did the debt to equity get better from 2021 to 2022, and by how much?",True,Yes,boolean,"compare_gt(debt_to_equity(2022), debt_to_equity(2021))","debt_to_equity(2021)=1.7133, debt_to_equity(2022)=0.9374, improved=True, change=-0.7759",total_liabilities|total_stockholders_equity,2021|2022
QA-00239,Keystone Industries,KI,Healthcare / Pharma,5,profitability,did_gross_margin_improve,Did Keystone Industries's gross margin improve from 2021 to 2022?,False,No,boolean,"compare_gt(gross_margin(2022), gross_margin(2021))","gross_margin(2021)=0.7357, gross_margin(2022)=0.6112, improved=False, change=-0.1246",gross_profit|total_revenue,2021|2022
QA-00240,Keystone Industries,KI,Healthcare / Pharma,5,cash_flow,change_in_fcf_margin,How did Keystone Industries's free cash flow margin change from 2021 to 2022?,-0.1021,-0.1021,ratio_change,"diff(ratio(diff(cash_from_operations, capital_expenditures), total_revenue, 2022), ratio(diff(cash_from_operations, capital_expenditures), total_revenue, 2021))",FCF_margin(2022) - FCF_margin(2021) = 0.1351 - 0.2372 = -0.1021,cash_from_operations|capital_expenditures|total_revenue,2021|2022
QA-00241,Sterling Aerospace,SA,Financial Services,1,lookup,,What was the short-term debt in 2021?,15632.0,"$15,632 million",monetary,"get_value(short_term_debt, 2021)",short_term_debt(2021) = 15632.0,short_term_debt,2021
QA-00242,Sterling Aerospace,SA,Financial Services,1,lookup,,"According to the 2022 financial statements, what was the deferred tax assets?",676.0,$676.00 million,monetary,"get_value(deferred_tax_assets, 2022)",deferred_tax_assets(2022) = 676.0,deferred_tax_assets,2022
QA-00243,Sterling Aerospace,SA,Financial Services,1,lookup,,How much did Sterling Aerospace report for net cash from operating activities in fiscal year 2021?,28220.0,"$28,220 million",monetary,"get_value(cash_from_operations, 2021)",cash_from_operations(2021) = 28220.0,cash_from_operations,2021
QA-00244,Sterling Aerospace,SA,Financial Services,1,lookup,,"According to the 2022 financial statements, what was the total liabilities?",156446.0,"$156,446 million",monetary,"get_value(total_liabilities, 2022)",total_liabilities(2022) = 156446.0,total_liabilities,2022
QA-00245,Sterling Aerospace,SA,Financial Services,1,lookup,,How much did Sterling Aerospace report for accounts payable in fiscal year 2022?,8449.0,"$8,449 million",monetary,"get_value(accounts_payable, 2022)",accounts_payable(2022) = 8449.0,accounts_payable,2022
QA-00246,Sterling Aerospace,SA,Financial Services,1,lookup,,How much did Sterling Aerospace report for debt repaid in fiscal year 2022?,169.0,$169.00 million,monetary,"get_value(debt_repaid, 2022)",debt_repaid(2022) = 169.0,debt_repaid,2022
QA-00247,Sterling Aerospace,SA,Financial Services,1,lookup,,What was the cost of goods sold in 2022?,14987.0,"$14,987 million",monetary,"get_value(cost_of_goods_sold, 2022)",cost_of_goods_sold(2022) = 14987.0,cost_of_goods_sold,2022
QA-00248,Sterling Aerospace,SA,Financial Services,1,lookup,,What was the diluted earnings per share in 2021?,10.7,$10.70 million,monetary,"get_value(eps_diluted, 2021)",eps_diluted(2021) = 10.7,eps_diluted,2021
QA-00249,Sterling Aerospace,SA,Financial Services,1,lookup,,How much did Sterling Aerospace report for accounts receivable in fiscal year 2020?,4990.0,"$4,990 million",monetary,"get_value(accounts_receivable_net, 2020)",accounts_receivable_net(2020) = 4990.0,accounts_receivable_net,2020
QA-00250,Sterling Aerospace,SA,Financial Services,1,lookup,,What was the additional paid-in capital in 2020?,3030.0,"$3,030 million",monetary,"get_value(additional_paid_in_capital, 2020)",additional_paid_in_capital(2020) = 3030.0,additional_paid_in_capital,2020
QA-00251,Sterling Aerospace,SA,Financial Services,2,change,,How did operating income change from fiscal year 2021 to 2022?,13946.0,"$13,946 million",monetary,"diff(get_value(operating_income, 2022), get_value(operating_income, 2021))",operating_income(2022) - operating_income(2021) = 43906.0 - 29960.0 = 13946.0,operating_income,2021|2022
QA-00252,Sterling Aerospace,SA,Financial Services,2,change,,What was the year-over-year change in Sterling Aerospace's total revenue from 2021 to 2022?,4991.0,"$4,991 million",monetary,"diff(get_value(total_revenue, 2022), get_value(total_revenue, 2021))",total_revenue(2022) - total_revenue(2021) = 86836.0 - 81845.0 = 4991.0,total_revenue,2021|2022
QA-00253,Sterling Aerospace,SA,Financial Services,2,change,,How did long-term debt change from fiscal year 2021 to 2022?,-16093.0,"$-16,093 million",monetary,"diff(get_value(long_term_debt, 2022), get_value(long_term_debt, 2021))",long_term_debt(2022) - long_term_debt(2021) = 47446.0 - 63539.0 = -16093.0,long_term_debt,2021|2022
QA-00254,Sterling Aerospace,SA,Financial Services,2,change,,By how much did gross profit increase or decrease between 2021 and 2022?,17583.0,"$17,583 million",monetary,"diff(get_value(gross_profit, 2022), get_value(gross_profit, 2021))",gross_profit(2022) - gross_profit(2021) = 71849.0 - 54266.0 = 17583.0,gross_profit,2021|2022
QA-00255,Sterling Aerospace,SA,Financial Services,2,change,,How did net income change from fiscal year 2021 to 2022?,8679.0,"$8,679 million",monetary,"diff(get_value(net_income, 2022), get_value(net_income, 2021))",net_income(2022) - net_income(2021) = 32912.0 - 24233.0 = 8679.0,net_income,2021|2022
QA-00256,Sterling Aerospace,SA,Financial Services,2,change,,By how much did total assets increase or decrease between 2021 and 2022?,3875.0,"$3,875 million",monetary,"diff(get_value(total_assets, 2022), get_value(total_assets, 2021))",total_assets(2022) - total_assets(2021) = 183818.0 - 179943.0 = 3875.0,total_assets,2021|2022
QA-00257,Sterling Aerospace,SA,Financial Services,2,ratio,,What percentage of cost of goods sold was inventories in 2021?,0.0595,0.0595,ratio,"ratio(get_value(inventories, 2021), get_value(cost_of_goods_sold, 2021))",inventories(2021) / cost_of_goods_sold(2021) = 1642.0 / 27579.0 = 0.0595,inventories|cost_of_goods_sold,2021
QA-00258,Sterling Aerospace,SA,Financial Services,2,ratio,,"What percentage of total revenue was selling, general and administrative expense in 2022?",0.2784,0.2784,ratio,"ratio(get_value(selling_general_admin, 2022), get_value(total_revenue, 2022))",selling_general_admin(2022) / total_revenue(2022) = 24174.0 / 86836.0 = 0.2784,selling_general_admin|total_revenue,2022
QA-00259,Sterling Aerospace,SA,Financial Services,2,ratio,,What was cash and cash equivalents as a proportion of total assets in 2021?,0.1368,0.1368,ratio,"ratio(get_value(cash_and_equivalents, 2021), get_value(total_assets, 2021))",cash_and_equivalents(2021) / total_assets(2021) = 24620.0 / 179943.0 = 0.1368,cash_and_equivalents|total_assets,2021
QA-00260,Sterling Aerospace,SA,Financial Services,2,ratio,,What was the ratio of accounts receivable to total revenue in 2020?,0.0636,0.0636,ratio,"ratio(get_value(accounts_receivable_net, 2020), get_value(total_revenue, 2020))",accounts_receivable_net(2020) / total_revenue(2020) = 4990.0 / 78490.0 = 0.0636,accounts_receivable_net|total_revenue,2020
QA-00261,Sterling Aerospace,SA,Financial Services,3,profitability,gross_margin,What was the gross profit margin in 2021?,0.663,0.6630,ratio,"ratio(get_value(gross_profit, 2021), get_value(total_revenue, 2021))",gross_margin(2021) = 0.663,gross_profit|total_revenue,2021
QA-00262,Sterling Aerospace,SA,Financial Services,3,profitability,return_on_assets,How efficiently did Sterling Aerospace use its assets to generate profit in 2022?,0.181,0.1810,ratio,"ratio(get_value(net_income, 2022), avg(get_value(total_assets, 2022), get_value(total_assets, 2021)))",return_on_assets(2022) = 0.181,net_income|total_assets,2022|2021
QA-00263,Sterling Aerospace,SA,Financial Services,3,profitability,effective_tax_rate,What percentage of pre-tax income did Sterling Aerospace pay in taxes in 2021?,0.189,0.1890,ratio,"ratio(get_value(income_tax_expense, 2021), get_value(income_before_tax, 2021))",effective_tax_rate(2021) = 0.189,income_tax_expense|income_before_tax,2021
QA-00264,Sterling Aerospace,SA,Financial Services,3,leverage,debt_to_assets,What percentage of Sterling Aerospace's total assets was financed by debt in 2020?,0.8841,0.8841,ratio,"ratio(get_value(total_liabilities, 2020), get_value(total_assets, 2020))",debt_to_assets(2020) = 0.8841,total_liabilities|total_assets,2020
QA-00265,Sterling Aerospace,SA,Financial Services,3,efficiency,rd_to_revenue,What was Sterling Aerospace's R&D intensity in 2021?,0.0205,0.0205,ratio,"ratio(get_value(research_and_development, 2021), get_value(total_revenue, 2021))",rd_to_revenue(2021) = 0.0205,research_and_development|total_revenue,2021
QA-00266,Sterling Aerospace,SA,Financial Services,3,leverage,interest_coverage,What was the interest coverage ratio in 2021?,97.5896,97.5896,ratio,"ratio(get_value(operating_income, 2021), get_value(interest_expense, 2021))",interest_coverage(2021) = 97.5896,operating_income|interest_expense,2021
QA-00267,Sterling Aerospace,SA,Financial Services,3,profitability,net_profit_margin,How much of each dollar of revenue was net income for Sterling Aerospace in 2022?,0.379,0.3790,ratio,"ratio(get_value(net_income, 2022), get_value(total_revenue, 2022))",net_profit_margin(2022) = 0.379,net_income|total_revenue,2022
QA-00268,Sterling Aerospace,SA,Financial Services,3,profitability,operating_margin,What percentage of Sterling Aerospace's revenue became operating income in 2020?,0.2742,0.2742,ratio,"ratio(get_value(operating_income, 2020), get_value(total_revenue, 2020))",operating_margin(2020) = 0.2742,operating_income|total_revenue,2020
QA-00269,Sterling Aerospace,SA,Financial Services,3,profitability,return_on_equity,What return did Sterling Aerospace's equity investors earn in 2022?,1.2974,1.2974,ratio,"ratio(get_value(net_income, 2022), avg(get_value(total_stockholders_equity, 2022), get_value(total_stockholders_equity, 2021)))",return_on_equity(2022) = 1.2974,net_income|total_stockholders_equity,2022|2021
QA-00270,Sterling Aerospace,SA,Financial Services,3,cash_flow,free_cash_flow,How much cash was left after capital expenditures in 2021?,25281.0,25281.0000,ratio,"diff(get_value(cash_from_operations, 2021), get_value(capital_expenditures, 2021))",free_cash_flow(2021) = 25281.0,cash_from_operations|capital_expenditures,2021
QA-00271,Sterling Aerospace,SA,Financial Services,4,profitability,change_in_net_profit_margin,By how much did the net profit margin change from fiscal year 2021 to 2022?,0.0829,0.0829,ratio_change,"diff(net_profit_margin(2022), net_profit_margin(2021))",net_profit_margin(2022) - net_profit_margin(2021) = 0.379 - 0.2961 = 0.0829,net_income|total_revenue,2021|2022
QA-00272,Sterling Aerospace,SA,Financial Services,4,profitability,change_in_gross_margin,What was the change in Sterling Aerospace's gross margin between 2021 and 2022?,0.1644,0.1644,ratio_change,"diff(gross_margin(2022), gross_margin(2021))",gross_margin(2022) - gross_margin(2021) = 0.8274 - 0.663 = 0.1644,gross_profit|total_revenue,2021|2022
QA-00273,Sterling Aerospace,SA,Financial Services,4,profitability,change_in_operating_margin,How did the operating margin change from 2021 to 2022?,0.1396,0.1396,ratio_change,"diff(operating_margin(2022), operating_margin(2021))",operating_margin(2022) - operating_margin(2021) = 0.5056 - 0.3661 = 0.1396,operating_income|total_revenue,2021|2022
QA-00274,Sterling Aerospace,SA,Financial Services,4,liquidity,change_in_current_ratio,How did the current ratio change from 2021 to 2022?,-0.2993,-0.2993,ratio_change,"diff(current_ratio(2022), current_ratio(2021))",current_ratio(2022) - current_ratio(2021) = 1.0381 - 1.3374 = -0.2993,total_current_assets|total_current_liabilities,2021|2022
QA-00275,Sterling Aerospace,SA,Financial Services,4,growth,operating_income_growth,By what percentage did operating profit grow?,46.55,46.55%,percentage,"pct_change(operating_income, 2021, 2022)",(operating_income(2022) - operating_income(2021)) / |operating_income(2021)| * 100 = (43906.0 - 29960.0) / 29960.0 * 100 = 46.55%,operating_income,2021|2022
QA-00276,Sterling Aerospace,SA,Financial Services,4,growth,equity_growth,What was the growth rate in Sterling Aerospace's book value?,17.16,17.16%,percentage,"pct_change(total_stockholders_equity, 2021, 2022)",(total_stockholders_equity(2022) - total_stockholders_equity(2021)) / |total_stockholders_equity(2021)| * 100 = (27372.0 - 23362.0) / 23362.0 * 100 = 17.16%,total_stockholders_equity,2021|2022
QA-00277,Sterling Aerospace,SA,Financial Services,4,growth,net_income_growth,What was the net income growth rate from 2021 to 2022?,35.81,35.81%,percentage,"pct_change(net_income, 2021, 2022)",(net_income(2022) - net_income(2021)) / |net_income(2021)| * 100 = (32912.0 - 24233.0) / 24233.0 * 100 = 35.81%,net_income,2021|2022
QA-00278,Sterling Aerospace,SA,Financial Services,5,profitability,did_operating_margin_improve,Was there an improvement in the operating margin between 2021 and 2022?,True,Yes,boolean,"compare_gt(operating_margin(2022), operating_margin(2021))","operating_margin(2021)=0.3661, operating_margin(2022)=0.5056, improved=True, change=0.1396",operating_income|total_revenue,2021|2022
QA-00279,Sterling Aerospace,SA,Financial Services,5,liquidity,did_current_ratio_improve,Was there an improvement in the current ratio between 2021 and 2022?,False,No,boolean,"compare_gt(current_ratio(2022), current_ratio(2021))","current_ratio(2021)=1.3374, current_ratio(2022)=1.0381, improved=False, change=-0.2993",total_current_assets|total_current_liabilities,2021|2022
QA-00280,Sterling Aerospace,SA,Financial Services,5,cash_flow,change_in_fcf_margin,How did Sterling Aerospace's free cash flow margin change from 2021 to 2022?,0.1191,0.1191,ratio_change,"diff(ratio(diff(cash_from_operations, capital_expenditures), total_revenue, 2022), ratio(diff(cash_from_operations, capital_expenditures), total_revenue, 2021))",FCF_margin(2022) - FCF_margin(2021) = 0.428 - 0.3089 = 0.1191,cash_from_operations|capital_expenditures|total_revenue,2021|2022
QA-00281,Crimson Pharmaceuticals,CP,Industrial / Manufacturing,1,lookup,,How much did Crimson Pharmaceuticals report for debt issued in fiscal year 2022?,1030.0,"$1,030 million",monetary,"get_value(debt_issued, 2022)",debt_issued(2022) = 1030.0,debt_issued,2022
QA-00282,Crimson Pharmaceuticals,CP,Industrial / Manufacturing,1,lookup,,What was Crimson Pharmaceuticals's interest income as of 2023?,129.0,$129.00 million,monetary,"get_value(interest_income, 2023)",interest_income(2023) = 129.0,interest_income,2023
QA-00283,Crimson Pharmaceuticals,CP,Industrial / Manufacturing,1,lookup,,How much did Crimson Pharmaceuticals report for total liabilities in fiscal year 2023?,35098.0,"$35,098 million",monetary,"get_value(total_liabilities, 2023)",total_liabilities(2023) = 35098.0,total_liabilities,2023
QA-00284,Crimson Pharmaceuticals,CP,Industrial / Manufacturing,1,lookup,,What was Crimson Pharmaceuticals's short-term debt as of 2024?,21741.0,"$21,741 million",monetary,"get_value(short_term_debt, 2024)",short_term_debt(2024) = 21741.0,short_term_debt,2024
QA-00285,Crimson Pharmaceuticals,CP,Industrial / Manufacturing,1,lookup,,What was Crimson Pharmaceuticals's total assets as of 2023?,67097.0,"$67,097 million",monetary,"get_value(total_assets, 2023)",total_assets(2023) = 67097.0,total_assets,2023
QA-00286,Crimson Pharmaceuticals,CP,Industrial / Manufacturing,1,lookup,,How much did Crimson Pharmaceuticals report for retained earnings in fiscal year 2022?,49912.0,"$49,912 million",monetary,"get_value(retained_earnings, 2022)",retained_earnings(2022) = 49912.0,retained_earnings,2022
QA-00287,Crimson Pharmaceuticals,CP,Industrial / Manufacturing,1,lookup,,What was Crimson Pharmaceuticals's dividends paid as of 2023?,2673.0,"$2,673 million",monetary,"get_value(dividends_paid, 2023)",dividends_paid(2023) = 2673.0,dividends_paid,2023
QA-00288,Crimson Pharmaceuticals,CP,Industrial / Manufacturing,1,lookup,,How much did Crimson Pharmaceuticals report for other non-current liabilities in fiscal year 2023?,7731.0,"$7,731 million",monetary,"get_value(other_non_current_liabilities, 2023)",other_non_current_liabilities(2023) = 7731.0,other_non_current_liabilities,2023
QA-00289,Crimson Pharmaceuticals,CP,Industrial / Manufacturing,1,lookup,,How much did Crimson Pharmaceuticals report for income tax expense in fiscal year 2022?,3169.0,"$3,169 million",monetary,"get_value(income_tax_expense, 2022)",income_tax_expense(2022) = 3169.0,income_tax_expense,2022
QA-00290,Crimson Pharmaceuticals,CP,Industrial / Manufacturing,1,lookup,,"According to the 2023 financial statements, what was the net cash from investing activities?",-9279.0,"$-9,279 million",monetary,"get_value(cash_from_investing, 2023)",cash_from_investing(2023) = -9279.0,cash_from_investing,2023
QA-00291,Crimson Pharmaceuticals,CP,Industrial / Manufacturing,2,change,,What was the year-over-year change in Crimson Pharmaceuticals's gross profit from 2023 to 2024?,-2234.0,"$-2,234 million",monetary,"diff(get_value(gross_profit, 2024), get_value(gross_profit, 2023))",gross_profit(2024) - gross_profit(2023) = 31817.0 - 34051.0 = -2234.0,gross_profit,2023|2024
QA-00292,Crimson Pharmaceuticals,CP,Industrial / Manufacturing,2,change,,What was the year-over-year change in Crimson Pharmaceuticals's total assets from 2023 to 2024?,115967.0,"$115,967 million",monetary,"diff(get_value(total_assets, 2024), get_value(total_assets, 2023))",total_assets(2024) - total_assets(2023) = 183064.0 - 67097.0 = 115967.0,total_assets,2023|2024
QA-00293,Crimson Pharmaceuticals,CP,Industrial / Manufacturing,2,change,,What was the change in cash and cash equivalents from 2023 to 2024?,9687.0,"$9,687 million",monetary,"diff(get_value(cash_and_equivalents, 2024), get_value(cash_and_equivalents, 2023))",cash_and_equivalents(2024) - cash_and_equivalents(2023) = 13370.0 - 3683.0 = 9687.0,cash_and_equivalents,2023|2024
QA-00294,Crimson Pharmaceuticals,CP,Industrial / Manufacturing,2,change,,By how much did net income increase or decrease between 2023 and 2024?,-965.0,$-965.00 million,monetary,"diff(get_value(net_income, 2024), get_value(net_income, 2023))",net_income(2024) - net_income(2023) = 6224.0 - 7189.0 = -965.0,net_income,2023|2024
QA-00295,Crimson Pharmaceuticals,CP,Industrial / Manufacturing,2,change,,How did total revenue change from fiscal year 2023 to 2024?,8551.0,"$8,551 million",monetary,"diff(get_value(total_revenue, 2024), get_value(total_revenue, 2023))",total_revenue(2024) - total_revenue(2023) = 103435.0 - 94884.0 = 8551.0,total_revenue,2023|2024
QA-00296,Crimson Pharmaceuticals,CP,Industrial / Manufacturing,2,change,,How did total stockholders' equity change from fiscal year 2023 to 2024?,22141.0,"$22,141 million",monetary,"diff(get_value(total_stockholders_equity, 2024), get_value(total_stockholders_equity, 2023))",total_stockholders_equity(2024) - total_stockholders_equity(2023) = 54140.0 - 31999.0 = 22141.0,total_stockholders_equity,2023|2024
QA-00297,Crimson Pharmaceuticals,CP,Industrial / Manufacturing,2,ratio,,What was accounts receivable as a proportion of total revenue in 2024?,0.1489,0.1489,ratio,"ratio(get_value(accounts_receivable_net, 2024), get_value(total_revenue, 2024))",accounts_receivable_net(2024) / total_revenue(2024) = 15400.0 / 103435.0 = 0.1489,accounts_receivable_net|total_revenue,2024
QA-00298,Crimson Pharmaceuticals,CP,Industrial / Manufacturing,2,ratio,,"For every dollar of cost of goods sold, how much inventories did Crimson Pharmaceuticals have in 2023?",0.105,0.1050,ratio,"ratio(get_value(inventories, 2023), get_value(cost_of_goods_sold, 2023))",inventories(2023) / cost_of_goods_sold(2023) = 6387.0 / 60833.0 = 0.105,inventories|cost_of_goods_sold,2023
QA-00299,Crimson Pharmaceuticals,CP,Industrial / Manufacturing,2,ratio,,"What percentage of total revenue was selling, general and administrative expense in 2022?",0.1201,0.1201,ratio,"ratio(get_value(selling_general_admin, 2022), get_value(total_revenue, 2022))",selling_general_admin(2022) / total_revenue(2022) = 10654.0 / 88680.0 = 0.1201,selling_general_admin|total_revenue,2022
QA-00300,Crimson Pharmaceuticals,CP,Industrial / Manufacturing,2,ratio,,"For every dollar of total assets, how much long-term debt did Crimson Pharmaceuticals have in 2022?",0.1316,0.1316,ratio,"ratio(get_value(long_term_debt, 2022), get_value(total_assets, 2022))",long_term_debt(2022) / total_assets(2022) = 10738.0 / 81570.0 = 0.1316,long_term_debt|total_assets,2022
QA-00301,Crimson Pharmaceuticals,CP,Industrial / Manufacturing,3,profitability,operating_margin,What percentage of Crimson Pharmaceuticals's revenue became operating income in 2022?,0.1917,0.1917,ratio,"ratio(get_value(operating_income, 2022), get_value(total_revenue, 2022))",operating_margin(2022) = 0.1917,operating_income|total_revenue,2022
QA-00302,Crimson Pharmaceuticals,CP,Industrial / Manufacturing,3,leverage,interest_coverage,How many times could Crimson Pharmaceuticals cover its interest expense with operating income in 2022?,20.7065,20.7065,ratio,"ratio(get_value(operating_income, 2022), get_value(interest_expense, 2022))",interest_coverage(2022) = 20.7065,operating_income|interest_expense,2022
QA-00303,Crimson Pharmaceuticals,CP,Industrial / Manufacturing,3,liquidity,working_capital,What was the working capital in 2022?,13067.0,13067.0000,ratio,"diff(get_value(total_current_assets, 2022), get_value(total_current_liabilities, 2022))",working_capital(2022) = 13067.0,total_current_assets|total_current_liabilities,2022
QA-00304,Crimson Pharmaceuticals,CP,Industrial / Manufacturing,3,leverage,debt_to_assets,What percentage of Crimson Pharmaceuticals's total assets was financed by debt in 2022?,0.3969,0.3969,ratio,"ratio(get_value(total_liabilities, 2022), get_value(total_assets, 2022))",debt_to_assets(2022) = 0.3969,total_liabilities|total_assets,2022
QA-00305,Crimson Pharmaceuticals,CP,Industrial / Manufacturing,3,leverage,debt_to_equity,How leveraged was Crimson Pharmaceuticals in 2024?,2.3813,2.3813,ratio,"ratio(get_value(total_liabilities, 2024), get_value(total_stockholders_equity, 2024))",debt_to_equity(2024) = 2.3813,total_liabilities|total_stockholders_equity,2024
QA-00306,Crimson Pharmaceuticals,CP,Industrial / Manufacturing,3,liquidity,quick_ratio,What was the quick ratio in 2022?,1.5858,1.5858,ratio,"ratio(diff(get_value(total_current_assets, 2022), get_value(inventories, 2022)), get_value(total_current_liabilities, 2022))",quick_ratio(2022) = 1.5858,total_current_assets|inventories|total_current_liabilities,2022
QA-00307,Crimson Pharmaceuticals,CP,Industrial / Manufacturing,3,liquidity,current_ratio,"In 2023, for every dollar of current liabilities, how many dollars of current assets did Crimson Pharmaceuticals have?",1.6027,1.6027,ratio,"ratio(get_value(total_current_assets, 2023), get_value(total_current_liabilities, 2023))",current_ratio(2023) = 1.6027,total_current_assets|total_current_liabilities,2023
QA-00308,Crimson Pharmaceuticals,CP,Industrial / Manufacturing,3,profitability,gross_margin,What percentage of revenue was retained after cost of goods sold in 2024?,0.3076,0.3076,ratio,"ratio(get_value(gross_profit, 2024), get_value(total_revenue, 2024))",gross_margin(2024) = 0.3076,gross_profit|total_revenue,2024
QA-00309,Crimson Pharmaceuticals,CP,Industrial / Manufacturing,3,profitability,effective_tax_rate,What was the effective tax rate in 2024?,0.2416,0.2416,ratio,"ratio(get_value(income_tax_expense, 2024), get_value(income_before_tax, 2024))",effective_tax_rate(2024) = 0.2416,income_tax_expense|income_before_tax,2024
QA-00310,Crimson Pharmaceuticals,CP,Industrial / Manufacturing,3,profitability,net_profit_margin,What was the net profit margin in 2024?,0.0602,0.0602,ratio,"ratio(get_value(net_income, 2024), get_value(total_revenue, 2024))",net_profit_margin(2024) = 0.0602,net_income|total_revenue,2024
QA-00311,Crimson Pharmaceuticals,CP,Industrial / Manufacturing,4,liquidity,change_in_current_ratio,What was the change in Crimson Pharmaceuticals's current ratio between 2023 and 2024?,-0.2352,-0.2352,ratio_change,"diff(current_ratio(2024), current_ratio(2023))",current_ratio(2024) - current_ratio(2023) = 1.3676 - 1.6027 = -0.2352,total_current_assets|total_current_liabilities,2023|2024
QA-00312,Crimson Pharmaceuticals,CP,Industrial / Manufacturing,4,leverage,change_in_debt_to_equity,By how much did the debt to equity change from fiscal year 2023 to 2024?,1.2845,1.2845,ratio_change,"diff(debt_to_equity(2024), debt_to_equity(2023))",debt_to_equity(2024) - debt_to_equity(2023) = 2.3813 - 1.0968 = 1.2845,total_liabilities|total_stockholders_equity,2023|2024
QA-00313,Crimson Pharmaceuticals,CP,Industrial / Manufacturing,4,profitability,change_in_gross_margin,How did the gross margin change from 2023 to 2024?,-0.0513,-0.0513,ratio_change,"diff(gross_margin(2024), gross_margin(2023))",gross_margin(2024) - gross_margin(2023) = 0.3076 - 0.3589 = -0.0513,gross_profit|total_revenue,2023|2024
QA-00314,Crimson Pharmaceuticals,CP,Industrial / Manufacturing,4,profitability,change_in_net_profit_margin,What was the change in Crimson Pharmaceuticals's net profit margin between 2023 and 2024?,-0.0156,-0.0156,ratio_change,"diff(net_profit_margin(2024), net_profit_margin(2023))",net_profit_margin(2024) - net_profit_margin(2023) = 0.0602 - 0.0758 = -0.0156,net_income|total_revenue,2023|2024
QA-00315,Crimson Pharmaceuticals,CP,Industrial / Manufacturing,4,growth,equity_growth,How did shareholders' equity change from 2023 to 2024?,69.19,69.19%,percentage,"pct_change(total_stockholders_equity, 2023, 2024)",(total_stockholders_equity(2024) - total_stockholders_equity(2023)) / |total_stockholders_equity(2023)| * 100 = (54140.0 - 31999.0) / 31999.0 * 100 = 69.19%,total_stockholders_equity,2023|2024
QA-00316,Crimson Pharmaceuticals,CP,Industrial / Manufacturing,4,growth,operating_income_growth,By what percentage did operating profit grow?,-17.22,-17.22%,percentage,"pct_change(operating_income, 2023, 2024)",(operating_income(2024) - operating_income(2023)) / |operating_income(2023)| * 100 = (8975.0 - 10842.0) / 10842.0 * 100 = -17.22%,operating_income,2023|2024
QA-00317,Crimson Pharmaceuticals,CP,Industrial / Manufacturing,4,growth,revenue_growth,By what percentage did Crimson Pharmaceuticals's revenue change from 2023 to 2024?,9.01,9.01%,percentage,"pct_change(total_revenue, 2023, 2024)",(total_revenue(2024) - total_revenue(2023)) / |total_revenue(2023)| * 100 = (103435.0 - 94884.0) / 94884.0 * 100 = 9.01%,total_revenue,2023|2024
QA-00318,Crimson Pharmaceuticals,CP,Industrial / Manufacturing,5,profitability,did_operating_margin_improve,"Did the operating margin get better from 2023 to 2024, and by how much?",False,No,boolean,"compare_gt(operating_margin(2024), operating_margin(2023))","operating_margin(2023)=0.1143, operating_margin(2024)=0.0868, improved=False, change=-0.0275",operating_income|total_revenue,2023|2024
QA-00319,Crimson Pharmaceuticals,CP,Industrial / Manufacturing,5,profitability,did_gross_margin_improve,"Did the gross margin get better from 2023 to 2024, and by how much?",False,No,boolean,"compare_gt(gross_margin(2024), gross_margin(2023))","gross_margin(2023)=0.3589, gross_margin(2024)=0.3076, improved=False, change=-0.0513",gross_profit|total_revenue,2023|2024
QA-00320,Crimson Pharmaceuticals,CP,Industrial / Manufacturing,5,cash_flow,change_in_fcf_margin,How did Crimson Pharmaceuticals's free cash flow margin change from 2023 to 2024?,0.0216,0.0216,ratio_change,"diff(ratio(diff(cash_from_operations, capital_expenditures), total_revenue, 2024), ratio(diff(cash_from_operations, capital_expenditures), total_revenue, 2023))",FCF_margin(2024) - FCF_margin(2023) = 0.0778 - 0.0562 = 0.0216,cash_from_operations|capital_expenditures|total_revenue,2023|2024
QA-00321,Ironclad Manufacturing,IM,Industrial / Manufacturing,1,lookup,,How much did Ironclad Manufacturing report for dividends paid in fiscal year 2023?,2122.0,"$2,122 million",monetary,"get_value(dividends_paid, 2023)",dividends_paid(2023) = 2122.0,dividends_paid,2023
QA-00322,Ironclad Manufacturing,IM,Industrial / Manufacturing,1,lookup,,"According to the 2021 financial statements, what was the total stockholders' equity?",22567.0,"$22,567 million",monetary,"get_value(total_stockholders_equity, 2021)",total_stockholders_equity(2021) = 22567.0,total_stockholders_equity,2021
QA-00323,Ironclad Manufacturing,IM,Industrial / Manufacturing,1,lookup,,How much did Ironclad Manufacturing report for total liabilities in fiscal year 2022?,35766.0,"$35,766 million",monetary,"get_value(total_liabilities, 2022)",total_liabilities(2022) = 35766.0,total_liabilities,2022
QA-00324,Ironclad Manufacturing,IM,Industrial / Manufacturing,1,lookup,,How much did Ironclad Manufacturing report for total current liabilities in fiscal year 2022?,10587.0,"$10,587 million",monetary,"get_value(total_current_liabilities, 2022)",total_current_liabilities(2022) = 10587.0,total_current_liabilities,2022
QA-00325,Ironclad Manufacturing,IM,Industrial / Manufacturing,1,lookup,,What was Ironclad Manufacturing's deferred tax liabilities as of 2023?,955.0,$955.00 million,monetary,"get_value(deferred_tax_liabilities, 2023)",deferred_tax_liabilities(2023) = 955.0,deferred_tax_liabilities,2023
QA-00326,Ironclad Manufacturing,IM,Industrial / Manufacturing,1,lookup,,What was Ironclad Manufacturing's cost of goods sold as of 2023?,38932.0,"$38,932 million",monetary,"get_value(cost_of_goods_sold, 2023)",cost_of_goods_sold(2023) = 38932.0,cost_of_goods_sold,2023
QA-00327,Ironclad Manufacturing,IM,Industrial / Manufacturing,1,lookup,,What was Ironclad Manufacturing's net cash from operating activities as of 2022?,11644.0,"$11,644 million",monetary,"get_value(cash_from_operations, 2022)",cash_from_operations(2022) = 11644.0,cash_from_operations,2022
QA-00328,Ironclad Manufacturing,IM,Industrial / Manufacturing,1,lookup,,"According to the 2022 financial statements, what was the interest income?",178.0,$178.00 million,monetary,"get_value(interest_income, 2022)",interest_income(2022) = 178.0,interest_income,2022
QA-00329,Ironclad Manufacturing,IM,Industrial / Manufacturing,1,lookup,,How much did Ironclad Manufacturing report for total non-current liabilities in fiscal year 2021?,14211.0,"$14,211 million",monetary,"get_value(total_non_current_liabilities, 2021)",total_non_current_liabilities(2021) = 14211.0,total_non_current_liabilities,2021
QA-00330,Ironclad Manufacturing,IM,Industrial / Manufacturing,1,lookup,,What was the net cash from investing activities in 2023?,-4115.0,"$-4,115 million",monetary,"get_value(cash_from_investing, 2023)",cash_from_investing(2023) = -4115.0,cash_from_investing,2023
QA-00331,Ironclad Manufacturing,IM,Industrial / Manufacturing,2,change,,By how much did net income increase or decrease between 2022 and 2023?,1244.0,"$1,244 million",monetary,"diff(get_value(net_income, 2023), get_value(net_income, 2022))",net_income(2023) - net_income(2022) = 5734.0 - 4490.0 = 1244.0,net_income,2022|2023
QA-00332,Ironclad Manufacturing,IM,Industrial / Manufacturing,2,change,,How did total stockholders' equity change from fiscal year 2022 to 2023?,4130.0,"$4,130 million",monetary,"diff(get_value(total_stockholders_equity, 2023), get_value(total_stockholders_equity, 2022))",total_stockholders_equity(2023) - total_stockholders_equity(2022) = 33827.0 - 29697.0 = 4130.0,total_stockholders_equity,2022|2023
QA-00333,Ironclad Manufacturing,IM,Industrial / Manufacturing,2,change,,What was the year-over-year change in Ironclad Manufacturing's gross profit from 2022 to 2023?,-11.0,$-11.00 million,monetary,"diff(get_value(gross_profit, 2023), get_value(gross_profit, 2022))",gross_profit(2023) - gross_profit(2022) = 21749.0 - 21760.0 = -11.0,gross_profit,2022|2023
QA-00334,Ironclad Manufacturing,IM,Industrial / Manufacturing,2,change,,How did total liabilities change from fiscal year 2022 to 2023?,-13400.0,"$-13,400 million",monetary,"diff(get_value(total_liabilities, 2023), get_value(total_liabilities, 2022))",total_liabilities(2023) - total_liabilities(2022) = 22366.0 - 35766.0 = -13400.0,total_liabilities,2022|2023
QA-00335,Ironclad Manufacturing,IM,Industrial / Manufacturing,2,change,,What was the year-over-year change in Ironclad Manufacturing's operating income from 2022 to 2023?,2071.0,"$2,071 million",monetary,"diff(get_value(operating_income, 2023), get_value(operating_income, 2022))",operating_income(2023) - operating_income(2022) = 8663.0 - 6592.0 = 2071.0,operating_income,2022|2023
QA-00336,Ironclad Manufacturing,IM,Industrial / Manufacturing,2,change,,How did cash and cash equivalents change from fiscal year 2022 to 2023?,-714.0,$-714.00 million,monetary,"diff(get_value(cash_and_equivalents, 2023), get_value(cash_and_equivalents, 2022))",cash_and_equivalents(2023) - cash_and_equivalents(2022) = 2988.0 - 3702.0 = -714.0,cash_and_equivalents,2022|2023
QA-00337,Ironclad Manufacturing,IM,Industrial / Manufacturing,2,ratio,,What was accounts receivable as a proportion of total revenue in 2021?,0.0399,0.0399,ratio,"ratio(get_value(accounts_receivable_net, 2021), get_value(total_revenue, 2021))",accounts_receivable_net(2021) / total_revenue(2021) = 2416.0 / 60599.0 = 0.0399,accounts_receivable_net|total_revenue,2021
QA-00338,Ironclad Manufacturing,IM,Industrial / Manufacturing,2,ratio,,"For every dollar of total revenue, how much selling, general and administrative expense did Ironclad Manufacturing have in 2022?",0.1185,0.1185,ratio,"ratio(get_value(selling_general_admin, 2022), get_value(total_revenue, 2022))",selling_general_admin(2022) / total_revenue(2022) = 7418.0 / 62573.0 = 0.1185,selling_general_admin|total_revenue,2022
QA-00339,Ironclad Manufacturing,IM,Industrial / Manufacturing,2,ratio,,"For every dollar of total assets, how much cash and cash equivalents did Ironclad Manufacturing have in 2022?",0.0566,0.0566,ratio,"ratio(get_value(cash_and_equivalents, 2022), get_value(total_assets, 2022))",cash_and_equivalents(2022) / total_assets(2022) = 3702.0 / 65463.0 = 0.0566,cash_and_equivalents|total_assets,2022
QA-00340,Ironclad Manufacturing,IM,Industrial / Manufacturing,2,ratio,,What was the ratio of inventories to cost of goods sold in 2022?,0.0453,0.0453,ratio,"ratio(get_value(inventories, 2022), get_value(cost_of_goods_sold, 2022))",inventories(2022) / cost_of_goods_sold(2022) = 1848.0 / 40813.0 = 0.0453,inventories|cost_of_goods_sold,2022
QA-00341,Ironclad Manufacturing,IM,Industrial / Manufacturing,3,cash_flow,free_cash_flow,How much cash was left after capital expenditures in 2023?,9265.0,9265.0000,ratio,"diff(get_value(cash_from_operations, 2023), get_value(capital_expenditures, 2023))",free_cash_flow(2023) = 9265.0,cash_from_operations|capital_expenditures,2023
QA-00342,Ironclad Manufacturing,IM,Industrial / Manufacturing,3,leverage,debt_to_assets,What was the debt-to-assets ratio in 2022?,0.5464,0.5464,ratio,"ratio(get_value(total_liabilities, 2022), get_value(total_assets, 2022))",debt_to_assets(2022) = 0.5464,total_liabilities|total_assets,2022
QA-00343,Ironclad Manufacturing,IM,Industrial / Manufacturing,3,liquidity,quick_ratio,"Excluding inventory, what was Ironclad Manufacturing's liquidity ratio in 2021?",0.8059,0.8059,ratio,"ratio(diff(get_value(total_current_assets, 2021), get_value(inventories, 2021)), get_value(total_current_liabilities, 2021))",quick_ratio(2021) = 0.8059,total_current_assets|inventories|total_current_liabilities,2021
QA-00344,Ironclad Manufacturing,IM,Industrial / Manufacturing,3,liquidity,working_capital,What was the working capital in 2021?,1434.0,1434.0000,ratio,"diff(get_value(total_current_assets, 2021), get_value(total_current_liabilities, 2021))",working_capital(2021) = 1434.0,total_current_assets|total_current_liabilities,2021
QA-00345,Ironclad Manufacturing,IM,Industrial / Manufacturing,3,efficiency,capex_to_revenue,What was capital expenditure as a percentage of revenue in 2021?,0.0918,0.0918,ratio,"ratio(get_value(capital_expenditures, 2021), get_value(total_revenue, 2021))",capex_to_revenue(2021) = 0.0918,capital_expenditures|total_revenue,2021
QA-00346,Ironclad Manufacturing,IM,Industrial / Manufacturing,3,profitability,effective_tax_rate,What percentage of pre-tax income did Ironclad Manufacturing pay in taxes in 2022?,0.2391,0.2391,ratio,"ratio(get_value(income_tax_expense, 2022), get_value(income_before_tax, 2022))",effective_tax_rate(2022) = 0.2391,income_tax_expense|income_before_tax,2022
QA-00347,Ironclad Manufacturing,IM,Industrial / Manufacturing,3,profitability,gross_margin,What was the gross profit margin in 2023?,0.3584,0.3584,ratio,"ratio(get_value(gross_profit, 2023), get_value(total_revenue, 2023))",gross_margin(2023) = 0.3584,gross_profit|total_revenue,2023
QA-00348,Ironclad Manufacturing,IM,Industrial / Manufacturing,3,profitability,operating_margin,What percentage of Ironclad Manufacturing's revenue became operating income in 2021?,0.1007,0.1007,ratio,"ratio(get_value(operating_income, 2021), get_value(total_revenue, 2021))",operating_margin(2021) = 0.1007,operating_income|total_revenue,2021
QA-00349,Ironclad Manufacturing,IM,Industrial / Manufacturing,3,efficiency,rd_to_revenue,What was Ironclad Manufacturing's R&D intensity in 2023?,0.0301,0.0301,ratio,"ratio(get_value(research_and_development, 2023), get_value(total_revenue, 2023))",rd_to_revenue(2023) = 0.0301,research_and_development|total_revenue,2023
QA-00350,Ironclad Manufacturing,IM,Industrial / Manufacturing,3,profitability,net_profit_margin,How much of each dollar of revenue was net income for Ironclad Manufacturing in 2023?,0.0945,0.0945,ratio,"ratio(get_value(net_income, 2023), get_value(total_revenue, 2023))",net_profit_margin(2023) = 0.0945,net_income|total_revenue,2023
QA-00351,Ironclad Manufacturing,IM,Industrial / Manufacturing,4,profitability,change_in_gross_margin,What was the change in Ironclad Manufacturing's gross margin between 2022 and 2023?,0.0107,0.0107,ratio_change,"diff(gross_margin(2023), gross_margin(2022))",gross_margin(2023) - gross_margin(2022) = 0.3584 - 0.3478 = 0.0107,gross_profit|total_revenue,2022|2023
QA-00352,Ironclad Manufacturing,IM,Industrial / Manufacturing,4,profitability,change_in_operating_margin,What was the change in Ironclad Manufacturing's operating margin between 2022 and 2023?,0.0374,0.0374,ratio_change,"diff(operating_margin(2023), operating_margin(2022))",operating_margin(2023) - operating_margin(2022) = 0.1428 - 0.1053 = 0.0374,operating_income|total_revenue,2022|2023
QA-00353,Ironclad Manufacturing,IM,Industrial / Manufacturing,4,liquidity,change_in_current_ratio,What was the change in Ironclad Manufacturing's current ratio between 2022 and 2023?,0.852,0.8520,ratio_change,"diff(current_ratio(2023), current_ratio(2022))",current_ratio(2023) - current_ratio(2022) = 1.992 - 1.14 = 0.852,total_current_assets|total_current_liabilities,2022|2023
QA-00354,Ironclad Manufacturing,IM,Industrial / Manufacturing,4,leverage,change_in_debt_to_equity,What was the change in Ironclad Manufacturing's debt to equity between 2022 and 2023?,-0.5432,-0.5432,ratio_change,"diff(debt_to_equity(2023), debt_to_equity(2022))",debt_to_equity(2023) - debt_to_equity(2022) = 0.6612 - 1.2044 = -0.5432,total_liabilities|total_stockholders_equity,2022|2023
QA-00355,Ironclad Manufacturing,IM,Industrial / Manufacturing,4,growth,equity_growth,How did shareholders' equity change from 2022 to 2023?,13.91,13.91%,percentage,"pct_change(total_stockholders_equity, 2022, 2023)",(total_stockholders_equity(2023) - total_stockholders_equity(2022)) / |total_stockholders_equity(2022)| * 100 = (33827.0 - 29697.0) / 29697.0 * 100 = 13.91%,total_stockholders_equity,2022|2023
QA-00356,Ironclad Manufacturing,IM,Industrial / Manufacturing,4,growth,operating_income_growth,By what percentage did operating profit grow?,31.42,31.42%,percentage,"pct_change(operating_income, 2022, 2023)",(operating_income(2023) - operating_income(2022)) / |operating_income(2022)| * 100 = (8663.0 - 6592.0) / 6592.0 * 100 = 31.42%,operating_income,2022|2023
QA-00357,Ironclad Manufacturing,IM,Industrial / Manufacturing,4,growth,revenue_growth,By what percentage did Ironclad Manufacturing's revenue change from 2022 to 2023?,-3.02,-3.02%,percentage,"pct_change(total_revenue, 2022, 2023)",(total_revenue(2023) - total_revenue(2022)) / |total_revenue(2022)| * 100 = (60681.0 - 62573.0) / 62573.0 * 100 = -3.02%,total_revenue,2022|2023
QA-00358,Ironclad Manufacturing,IM,Industrial / Manufacturing,5,profitability,did_operating_margin_improve,"Did the operating margin get better from 2022 to 2023, and by how much?",True,Yes,boolean,"compare_gt(operating_margin(2023), operating_margin(2022))","operating_margin(2022)=0.1053, operating_margin(2023)=0.1428, improved=True, change=0.0374",operating_income|total_revenue,2022|2023
QA-00359,Ironclad Manufacturing,IM,Industrial / Manufacturing,5,liquidity,did_current_ratio_improve,"Did the current ratio get better from 2022 to 2023, and by how much?",True,Yes,boolean,"compare_gt(current_ratio(2023), current_ratio(2022))","current_ratio(2022)=1.14, current_ratio(2023)=1.992, improved=True, change=0.852",total_current_assets|total_current_liabilities,2022|2023
QA-00360,Ironclad Manufacturing,IM,Industrial / Manufacturing,5,cash_flow,change_in_fcf_margin,How did Ironclad Manufacturing's free cash flow margin change from 2022 to 2023?,0.0238,0.0238,ratio_change,"diff(ratio(diff(cash_from_operations, capital_expenditures), total_revenue, 2023), ratio(diff(cash_from_operations, capital_expenditures), total_revenue, 2022))",FCF_margin(2023) - FCF_margin(2022) = 0.1527 - 0.1289 = 0.0238,cash_from_operations|capital_expenditures|total_revenue,2022|2023
QA-00361,Orion Financial Group,OFG,Industrial / Manufacturing,1,lookup,,"According to the 2021 financial statements, what was the non-current deferred revenue?",896.0,$896.00 million,monetary,"get_value(deferred_revenue_non_current, 2021)",deferred_revenue_non_current(2021) = 896.0,deferred_revenue_non_current,2021
QA-00362,Orion Financial Group,OFG,Industrial / Manufacturing,1,lookup,,What was the total operating expenses in 2023?,9227.0,"$9,227 million",monetary,"get_value(total_operating_expenses, 2023)",total_operating_expenses(2023) = 9227.0,total_operating_expenses,2023
QA-00363,Orion Financial Group,OFG,Industrial / Manufacturing,1,lookup,,What was Orion Financial Group's additional paid-in capital as of 2023?,11623.0,"$11,623 million",monetary,"get_value(additional_paid_in_capital, 2023)",additional_paid_in_capital(2023) = 11623.0,additional_paid_in_capital,2023
QA-00364,Orion Financial Group,OFG,Industrial / Manufacturing,1,lookup,,How much did Orion Financial Group report for current deferred revenue in fiscal year 2023?,1215.0,"$1,215 million",monetary,"get_value(deferred_revenue_current, 2023)",deferred_revenue_current(2023) = 1215.0,deferred_revenue_current,2023
QA-00365,Orion Financial Group,OFG,Industrial / Manufacturing,1,lookup,,How much did Orion Financial Group report for net change in cash in fiscal year 2022?,518.0,$518.00 million,monetary,"get_value(net_change_in_cash, 2022)",net_change_in_cash(2022) = 518.0,net_change_in_cash,2022
QA-00366,Orion Financial Group,OFG,Industrial / Manufacturing,1,lookup,,How much did Orion Financial Group report for total non-current liabilities in fiscal year 2023?,14874.0,"$14,874 million",monetary,"get_value(total_non_current_liabilities, 2023)",total_non_current_liabilities(2023) = 14874.0,total_non_current_liabilities,2023
QA-00367,Orion Financial Group,OFG,Industrial / Manufacturing,1,lookup,,"How much did Orion Financial Group report for selling, general and administrative expense in fiscal year 2022?",4708.0,"$4,708 million",monetary,"get_value(selling_general_admin, 2022)",selling_general_admin(2022) = 4708.0,selling_general_admin,2022
QA-00368,Orion Financial Group,OFG,Industrial / Manufacturing,1,lookup,,What was Orion Financial Group's debt repaid as of 2022?,1416.0,"$1,416 million",monetary,"get_value(debt_repaid, 2022)",debt_repaid(2022) = 1416.0,debt_repaid,2022
QA-00369,Orion Financial Group,OFG,Industrial / Manufacturing,1,lookup,,How much did Orion Financial Group report for total current assets in fiscal year 2021?,14637.0,"$14,637 million",monetary,"get_value(total_current_assets, 2021)",total_current_assets(2021) = 14637.0,total_current_assets,2021
QA-00370,Orion Financial Group,OFG,Industrial / Manufacturing,1,lookup,,"According to the 2023 financial statements, what was the cash and cash equivalents?",4055.0,"$4,055 million",monetary,"get_value(cash_and_equivalents, 2023)",cash_and_equivalents(2023) = 4055.0,cash_and_equivalents,2023
QA-00371,Orion Financial Group,OFG,Industrial / Manufacturing,2,change,,How did operating income change from fiscal year 2022 to 2023?,2051.0,"$2,051 million",monetary,"diff(get_value(operating_income, 2023), get_value(operating_income, 2022))",operating_income(2023) - operating_income(2022) = 10901.0 - 8850.0 = 2051.0,operating_income,2022|2023
QA-00372,Orion Financial Group,OFG,Industrial / Manufacturing,2,change,,By how much did net income increase or decrease between 2022 and 2023?,1173.0,"$1,173 million",monetary,"diff(get_value(net_income, 2023), get_value(net_income, 2022))",net_income(2023) - net_income(2022) = 7816.0 - 6643.0 = 1173.0,net_income,2022|2023
QA-00373,Orion Financial Group,OFG,Industrial / Manufacturing,2,change,,What was the year-over-year change in Orion Financial Group's cash and cash equivalents from 2022 to 2023?,-4171.0,"$-4,171 million",monetary,"diff(get_value(cash_and_equivalents, 2023), get_value(cash_and_equivalents, 2022))",cash_and_equivalents(2023) - cash_and_equivalents(2022) = 4055.0 - 8226.0 = -4171.0,cash_and_equivalents,2022|2023
QA-00374,Orion Financial Group,OFG,Industrial / Manufacturing,2,change,,How did gross profit change from fiscal year 2022 to 2023?,1582.0,"$1,582 million",monetary,"diff(get_value(gross_profit, 2023), get_value(gross_profit, 2022))",gross_profit(2023) - gross_profit(2022) = 20128.0 - 18546.0 = 1582.0,gross_profit,2022|2023
QA-00375,Orion Financial Group,OFG,Industrial / Manufacturing,2,change,,How did long-term debt change from fiscal year 2022 to 2023?,-8193.0,"$-8,193 million",monetary,"diff(get_value(long_term_debt, 2023), get_value(long_term_debt, 2022))",long_term_debt(2023) - long_term_debt(2022) = 7369.0 - 15562.0 = -8193.0,long_term_debt,2022|2023
QA-00376,Orion Financial Group,OFG,Industrial / Manufacturing,2,change,,How did total assets change from fiscal year 2022 to 2023?,-61800.0,"$-61,800 million",monetary,"diff(get_value(total_assets, 2023), get_value(total_assets, 2022))",total_assets(2023) - total_assets(2022) = 50201.0 - 112001.0 = -61800.0,total_assets,2022|2023
QA-00377,Orion Financial Group,OFG,Industrial / Manufacturing,2,ratio,,What was cash and cash equivalents as a proportion of total assets in 2021?,0.0489,0.0489,ratio,"ratio(get_value(cash_and_equivalents, 2021), get_value(total_assets, 2021))",cash_and_equivalents(2021) / total_assets(2021) = 2138.0 / 43760.0 = 0.0489,cash_and_equivalents|total_assets,2021
QA-00378,Orion Financial Group,OFG,Industrial / Manufacturing,2,ratio,,What was inventories as a proportion of cost of goods sold in 2022?,0.0311,0.0311,ratio,"ratio(get_value(inventories, 2022), get_value(cost_of_goods_sold, 2022))",inventories(2022) / cost_of_goods_sold(2022) = 1100.0 / 35314.0 = 0.0311,inventories|cost_of_goods_sold,2022
QA-00379,Orion Financial Group,OFG,Industrial / Manufacturing,2,ratio,,What percentage of total assets was long-term debt in 2021?,0.2204,0.2204,ratio,"ratio(get_value(long_term_debt, 2021), get_value(total_assets, 2021))",long_term_debt(2021) / total_assets(2021) = 9645.0 / 43760.0 = 0.2204,long_term_debt|total_assets,2021
QA-00380,Orion Financial Group,OFG,Industrial / Manufacturing,2,ratio,,"For every dollar of total revenue, how much accounts receivable did Orion Financial Group have in 2021?",0.1331,0.1331,ratio,"ratio(get_value(accounts_receivable_net, 2021), get_value(total_revenue, 2021))",accounts_receivable_net(2021) / total_revenue(2021) = 6832.0 / 51316.0 = 0.1331,accounts_receivable_net|total_revenue,2021
QA-00381,Orion Financial Group,OFG,Industrial / Manufacturing,3,leverage,debt_to_equity,"For every dollar of equity, how much debt did Orion Financial Group carry in 2021?",2.0353,2.0353,ratio,"ratio(get_value(total_liabilities, 2021), get_value(total_stockholders_equity, 2021))",debt_to_equity(2021) = 2.0353,total_liabilities|total_stockholders_equity,2021
QA-00382,Orion Financial Group,OFG,Industrial / Manufacturing,3,cash_flow,free_cash_flow,How much cash was left after capital expenditures in 2021?,8558.0,8558.0000,ratio,"diff(get_value(cash_from_operations, 2021), get_value(capital_expenditures, 2021))",free_cash_flow(2021) = 8558.0,cash_from_operations|capital_expenditures,2021
QA-00383,Orion Financial Group,OFG,Industrial / Manufacturing,3,profitability,effective_tax_rate,What percentage of pre-tax income did Orion Financial Group pay in taxes in 2021?,0.196,0.1960,ratio,"ratio(get_value(income_tax_expense, 2021), get_value(income_before_tax, 2021))",effective_tax_rate(2021) = 0.196,income_tax_expense|income_before_tax,2021
QA-00384,Orion Financial Group,OFG,Industrial / Manufacturing,3,profitability,return_on_assets,How efficiently did Orion Financial Group use its assets to generate profit in 2023?,0.0964,0.0964,ratio,"ratio(get_value(net_income, 2023), avg(get_value(total_assets, 2023), get_value(total_assets, 2022)))",return_on_assets(2023) = 0.0964,net_income|total_assets,2023|2022
QA-00385,Orion Financial Group,OFG,Industrial / Manufacturing,3,leverage,interest_coverage,How many times could Orion Financial Group cover its interest expense with operating income in 2023?,12.9774,12.9774,ratio,"ratio(get_value(operating_income, 2023), get_value(interest_expense, 2023))",interest_coverage(2023) = 12.9774,operating_income|interest_expense,2023
QA-00386,Orion Financial Group,OFG,Industrial / Manufacturing,3,efficiency,rd_to_revenue,What percentage of revenue was spent on R&D in 2022?,0.0519,0.0519,ratio,"ratio(get_value(research_and_development, 2022), get_value(total_revenue, 2022))",rd_to_revenue(2022) = 0.0519,research_and_development|total_revenue,2022
QA-00387,Orion Financial Group,OFG,Industrial / Manufacturing,3,profitability,gross_margin,What was the gross profit margin in 2023?,0.3629,0.3629,ratio,"ratio(get_value(gross_profit, 2023), get_value(total_revenue, 2023))",gross_margin(2023) = 0.3629,gross_profit|total_revenue,2023
QA-00388,Orion Financial Group,OFG,Industrial / Manufacturing,3,liquidity,working_capital,How much net working capital did Orion Financial Group have in 2022?,25113.0,25113.0000,ratio,"diff(get_value(total_current_assets, 2022), get_value(total_current_liabilities, 2022))",working_capital(2022) = 25113.0,total_current_assets|total_current_liabilities,2022
QA-00389,Orion Financial Group,OFG,Industrial / Manufacturing,3,leverage,debt_to_assets,What percentage of Orion Financial Group's total assets was financed by debt in 2023?,0.4721,0.4721,ratio,"ratio(get_value(total_liabilities, 2023), get_value(total_assets, 2023))",debt_to_assets(2023) = 0.4721,total_liabilities|total_assets,2023
QA-00390,Orion Financial Group,OFG,Industrial / Manufacturing,3,liquidity,quick_ratio,What was the quick ratio in 2023?,0.9175,0.9175,ratio,"ratio(diff(get_value(total_current_assets, 2023), get_value(inventories, 2023)), get_value(total_current_liabilities, 2023))",quick_ratio(2023) = 0.9175,total_current_assets|inventories|total_current_liabilities,2023
QA-00391,Orion Financial Group,OFG,Industrial / Manufacturing,4,leverage,change_in_debt_to_equity,By how much did the debt to equity change from fiscal year 2022 to 2023?,-0.9649,-0.9649,ratio_change,"diff(debt_to_equity(2023), debt_to_equity(2022))",debt_to_equity(2023) - debt_to_equity(2022) = 0.8942 - 1.8591 = -0.9649,total_liabilities|total_stockholders_equity,2022|2023
QA-00392,Orion Financial Group,OFG,Industrial / Manufacturing,4,profitability,change_in_gross_margin,What was the change in Orion Financial Group's gross margin between 2022 and 2023?,0.0186,0.0186,ratio_change,"diff(gross_margin(2023), gross_margin(2022))",gross_margin(2023) - gross_margin(2022) = 0.3629 - 0.3443 = 0.0186,gross_profit|total_revenue,2022|2023
QA-00393,Orion Financial Group,OFG,Industrial / Manufacturing,4,profitability,change_in_operating_margin,How did the operating margin change from 2022 to 2023?,0.0322,0.0322,ratio_change,"diff(operating_margin(2023), operating_margin(2022))",operating_margin(2023) - operating_margin(2022) = 0.1965 - 0.1643 = 0.0322,operating_income|total_revenue,2022|2023
QA-00394,Orion Financial Group,OFG,Industrial / Manufacturing,4,profitability,change_in_net_profit_margin,What was the change in Orion Financial Group's net profit margin between 2022 and 2023?,0.0176,0.0176,ratio_change,"diff(net_profit_margin(2023), net_profit_margin(2022))",net_profit_margin(2023) - net_profit_margin(2022) = 0.1409 - 0.1233 = 0.0176,net_income|total_revenue,2022|2023
QA-00395,Orion Financial Group,OFG,Industrial / Manufacturing,4,growth,asset_growth,By what percentage did total assets grow from 2022 to 2023?,-55.18,-55.18%,percentage,"pct_change(total_assets, 2022, 2023)",(total_assets(2023) - total_assets(2022)) / |total_assets(2022)| * 100 = (50201.0 - 112001.0) / 112001.0 * 100 = -55.18%,total_assets,2022|2023
QA-00396,Orion Financial Group,OFG,Industrial / Manufacturing,4,growth,operating_income_growth,By what percentage did operating profit grow?,23.18,23.18%,percentage,"pct_change(operating_income, 2022, 2023)",(operating_income(2023) - operating_income(2022)) / |operating_income(2022)| * 100 = (10901.0 - 8850.0) / 8850.0 * 100 = 23.18%,operating_income,2022|2023
QA-00397,Orion Financial Group,OFG,Industrial / Manufacturing,4,growth,equity_growth,What was the growth rate in Orion Financial Group's book value?,-32.35,-32.35%,percentage,"pct_change(total_stockholders_equity, 2022, 2023)",(total_stockholders_equity(2023) - total_stockholders_equity(2022)) / |total_stockholders_equity(2022)| * 100 = (26503.0 - 39174.0) / 39174.0 * 100 = -32.35%,total_stockholders_equity,2022|2023
QA-00398,Orion Financial Group,OFG,Industrial / Manufacturing,5,profitability,did_gross_margin_improve,Was there an improvement in the gross margin between 2022 and 2023?,True,Yes,boolean,"compare_gt(gross_margin(2023), gross_margin(2022))","gross_margin(2022)=0.3443, gross_margin(2023)=0.3629, improved=True, change=0.0186",gross_profit|total_revenue,2022|2023
QA-00399,Orion Financial Group,OFG,Industrial / Manufacturing,5,leverage,did_debt_to_equity_improve,Was there an improvement in the debt to equity between 2022 and 2023?,True,Yes,boolean,"compare_gt(debt_to_equity(2023), debt_to_equity(2022))","debt_to_equity(2022)=1.8591, debt_to_equity(2023)=0.8942, improved=True, change=-0.9649",total_liabilities|total_stockholders_equity,2022|2023
QA-00400,Orion Financial Group,OFG,Industrial / Manufacturing,5,cash_flow,change_in_fcf_margin,How did Orion Financial Group's free cash flow margin change from 2022 to 2023?,0.0734,0.0734,ratio_change,"diff(ratio(diff(cash_from_operations, capital_expenditures), total_revenue, 2023), ratio(diff(cash_from_operations, capital_expenditures), total_revenue, 2022))",FCF_margin(2023) - FCF_margin(2022) = 0.1995 - 0.1261 = 0.0734,cash_from_operations|capital_expenditures|total_revenue,2022|2023
QA-00401,BluePeak Resources,BR,Consumer Goods / Retail,1,lookup,,How much did BluePeak Resources report for pension obligations in fiscal year 2023?,5477.0,"$5,477 million",monetary,"get_value(pension_obligations, 2023)",pension_obligations(2023) = 5477.0,pension_obligations,2023
QA-00402,BluePeak Resources,BR,Consumer Goods / Retail,1,lookup,,"According to the 2022 financial statements, what was the total current liabilities?",56567.0,"$56,567 million",monetary,"get_value(total_current_liabilities, 2022)",total_current_liabilities(2022) = 56567.0,total_current_liabilities,2022
QA-00403,BluePeak Resources,BR,Consumer Goods / Retail,1,lookup,,What was BluePeak Resources's diluted earnings per share as of 2022?,2.51,$2.51 million,monetary,"get_value(eps_diluted, 2022)",eps_diluted(2022) = 2.51,eps_diluted,2022
QA-00404,BluePeak Resources,BR,Consumer Goods / Retail,1,lookup,,"According to the 2023 financial statements, what was the capital expenditures?",2591.0,"$2,591 million",monetary,"get_value(capital_expenditures, 2023)",capital_expenditures(2023) = 2591.0,capital_expenditures,2023
QA-00405,BluePeak Resources,BR,Consumer Goods / Retail,1,lookup,,How much did BluePeak Resources report for short-term debt in fiscal year 2024?,10112.0,"$10,112 million",monetary,"get_value(short_term_debt, 2024)",short_term_debt(2024) = 10112.0,short_term_debt,2024
QA-00406,BluePeak Resources,BR,Consumer Goods / Retail,1,lookup,,How much did BluePeak Resources report for net cash from operating activities in fiscal year 2024?,1069.0,"$1,069 million",monetary,"get_value(cash_from_operations, 2024)",cash_from_operations(2024) = 1069.0,cash_from_operations,2024
QA-00407,BluePeak Resources,BR,Consumer Goods / Retail,1,lookup,,How much did BluePeak Resources report for inventories in fiscal year 2022?,1702.0,"$1,702 million",monetary,"get_value(inventories, 2022)",inventories(2022) = 1702.0,inventories,2022
QA-00408,BluePeak Resources,BR,Consumer Goods / Retail,1,lookup,,What was the additional paid-in capital in 2024?,13480.0,"$13,480 million",monetary,"get_value(additional_paid_in_capital, 2024)",additional_paid_in_capital(2024) = 13480.0,additional_paid_in_capital,2024
QA-00409,BluePeak Resources,BR,Consumer Goods / Retail,1,lookup,,"According to the 2023 financial statements, what was the accounts receivable?",16333.0,"$16,333 million",monetary,"get_value(accounts_receivable_net, 2023)",accounts_receivable_net(2023) = 16333.0,accounts_receivable_net,2023
QA-00410,BluePeak Resources,BR,Consumer Goods / Retail,1,lookup,,What was the share repurchases in 2023?,0,$0.00 million,monetary,"get_value(share_repurchases, 2023)",share_repurchases(2023) = 0,share_repurchases,2023
QA-00411,BluePeak Resources,BR,Consumer Goods / Retail,2,change,,By how much did long-term debt increase or decrease between 2023 and 2024?,-28900.0,"$-28,900 million",monetary,"diff(get_value(long_term_debt, 2024), get_value(long_term_debt, 2023))",long_term_debt(2024) - long_term_debt(2023) = 46611.0 - 75511.0 = -28900.0,long_term_debt,2023|2024
QA-00412,BluePeak Resources,BR,Consumer Goods / Retail,2,change,,What was the year-over-year change in BluePeak Resources's cash and cash equivalents from 2023 to 2024?,-806.0,$-806.00 million,monetary,"diff(get_value(cash_and_equivalents, 2024), get_value(cash_and_equivalents, 2023))",cash_and_equivalents(2024) - cash_and_equivalents(2023) = 12790.0 - 13596.0 = -806.0,cash_and_equivalents,2023|2024
QA-00413,BluePeak Resources,BR,Consumer Goods / Retail,2,change,,What was the change in total liabilities from 2023 to 2024?,-82184.0,"$-82,184 million",monetary,"diff(get_value(total_liabilities, 2024), get_value(total_liabilities, 2023))",total_liabilities(2024) - total_liabilities(2023) = 124824.0 - 207008.0 = -82184.0,total_liabilities,2023|2024
QA-00414,BluePeak Resources,BR,Consumer Goods / Retail,2,change,,What was the year-over-year change in BluePeak Resources's net income from 2023 to 2024?,-2047.0,"$-2,047 million",monetary,"diff(get_value(net_income, 2024), get_value(net_income, 2023))",net_income(2024) - net_income(2023) = -2834.0 - -787.0 = -2047.0,net_income,2023|2024
QA-00415,BluePeak Resources,BR,Consumer Goods / Retail,2,change,,What was the change in gross profit from 2023 to 2024?,8526.0,"$8,526 million",monetary,"diff(get_value(gross_profit, 2024), get_value(gross_profit, 2023))",gross_profit(2024) - gross_profit(2023) = 38201.0 - 29675.0 = 8526.0,gross_profit,2023|2024
QA-00416,BluePeak Resources,BR,Consumer Goods / Retail,2,change,,How did total revenue change from fiscal year 2023 to 2024?,18606.0,"$18,606 million",monetary,"diff(get_value(total_revenue, 2024), get_value(total_revenue, 2023))",total_revenue(2024) - total_revenue(2023) = 145114.0 - 126508.0 = 18606.0,total_revenue,2023|2024
QA-00417,BluePeak Resources,BR,Consumer Goods / Retail,2,ratio,,"For every dollar of total revenue, how much selling, general and administrative expense did BluePeak Resources have in 2022?",0.2014,0.2014,ratio,"ratio(get_value(selling_general_admin, 2022), get_value(total_revenue, 2022))",selling_general_admin(2022) / total_revenue(2022) = 21906.0 / 108767.0 = 0.2014,selling_general_admin|total_revenue,2022
QA-00418,BluePeak Resources,BR,Consumer Goods / Retail,2,ratio,,What was inventories as a proportion of cost of goods sold in 2023?,0.0522,0.0522,ratio,"ratio(get_value(inventories, 2023), get_value(cost_of_goods_sold, 2023))",inventories(2023) / cost_of_goods_sold(2023) = 5056.0 / 96833.0 = 0.0522,inventories|cost_of_goods_sold,2023
QA-00419,BluePeak Resources,BR,Consumer Goods / Retail,2,ratio,,What was the ratio of cash and cash equivalents to total assets in 2024?,0.0712,0.0712,ratio,"ratio(get_value(cash_and_equivalents, 2024), get_value(total_assets, 2024))",cash_and_equivalents(2024) / total_assets(2024) = 12790.0 / 179532.0 = 0.0712,cash_and_equivalents|total_assets,2024
QA-00420,BluePeak Resources,BR,Consumer Goods / Retail,2,ratio,,What was the ratio of long-term debt to total assets in 2023?,0.2673,0.2673,ratio,"ratio(get_value(long_term_debt, 2023), get_value(total_assets, 2023))",long_term_debt(2023) / total_assets(2023) = 75511.0 / 282517.0 = 0.2673,long_term_debt|total_assets,2023
QA-00421,BluePeak Resources,BR,Consumer Goods / Retail,3,leverage,debt_to_assets,What percentage of BluePeak Resources's total assets was financed by debt in 2024?,0.6953,0.6953,ratio,"ratio(get_value(total_liabilities, 2024), get_value(total_assets, 2024))",debt_to_assets(2024) = 0.6953,total_liabilities|total_assets,2024
QA-00422,BluePeak Resources,BR,Consumer Goods / Retail,3,efficiency,rd_to_revenue,What was BluePeak Resources's R&D intensity in 2022?,0.0014,0.0014,ratio,"ratio(get_value(research_and_development, 2022), get_value(total_revenue, 2022))",rd_to_revenue(2022) = 0.0014,research_and_development|total_revenue,2022
QA-00423,BluePeak Resources,BR,Consumer Goods / Retail,3,liquidity,quick_ratio,What was the quick ratio in 2023?,0.8835,0.8835,ratio,"ratio(diff(get_value(total_current_assets, 2023), get_value(inventories, 2023)), get_value(total_current_liabilities, 2023))",quick_ratio(2023) = 0.8835,total_current_assets|inventories|total_current_liabilities,2023
QA-00424,BluePeak Resources,BR,Consumer Goods / Retail,3,profitability,return_on_assets,What was the return on assets (ROA) in 2024?,-0.0123,-0.0123,ratio,"ratio(get_value(net_income, 2024), avg(get_value(total_assets, 2024), get_value(total_assets, 2023)))",return_on_assets(2024) = -0.0123,net_income|total_assets,2024|2023
QA-00425,BluePeak Resources,BR,Consumer Goods / Retail,3,leverage,interest_coverage,How many times could BluePeak Resources cover its interest expense with operating income in 2022?,12.748,12.7480,ratio,"ratio(get_value(operating_income, 2022), get_value(interest_expense, 2022))",interest_coverage(2022) = 12.748,operating_income|interest_expense,2022
QA-00426,BluePeak Resources,BR,Consumer Goods / Retail,3,cash_flow,free_cash_flow,What was the free cash flow in 2023?,417.0,417.0000,ratio,"diff(get_value(cash_from_operations, 2023), get_value(capital_expenditures, 2023))",free_cash_flow(2023) = 417.0,cash_from_operations|capital_expenditures,2023
QA-00427,BluePeak Resources,BR,Consumer Goods / Retail,3,profitability,net_profit_margin,What was the net profit margin in 2023?,-0.0062,-0.0062,ratio,"ratio(get_value(net_income, 2023), get_value(total_revenue, 2023))",net_profit_margin(2023) = -0.0062,net_income|total_revenue,2023
QA-00428,BluePeak Resources,BR,Consumer Goods / Retail,3,liquidity,current_ratio,What was the current ratio in 2023?,0.94,0.9400,ratio,"ratio(get_value(total_current_assets, 2023), get_value(total_current_liabilities, 2023))",current_ratio(2023) = 0.94,total_current_assets|total_current_liabilities,2023
QA-00429,BluePeak Resources,BR,Consumer Goods / Retail,3,profitability,effective_tax_rate,What percentage of pre-tax income did BluePeak Resources pay in taxes in 2023?,0.0752,0.0752,ratio,"ratio(get_value(income_tax_expense, 2023), get_value(income_before_tax, 2023))",effective_tax_rate(2023) = 0.0752,income_tax_expense|income_before_tax,2023
QA-00430,BluePeak Resources,BR,Consumer Goods / Retail,3,profitability,gross_margin,What percentage of revenue was retained after cost of goods sold in 2022?,0.4904,0.4904,ratio,"ratio(get_value(gross_profit, 2022), get_value(total_revenue, 2022))",gross_margin(2022) = 0.4904,gross_profit|total_revenue,2022
QA-00431,BluePeak Resources,BR,Consumer Goods / Retail,4,profitability,change_in_net_profit_margin,What was the change in BluePeak Resources's net profit margin between 2023 and 2024?,-0.0133,-0.0133,ratio_change,"diff(net_profit_margin(2024), net_profit_margin(2023))",net_profit_margin(2024) - net_profit_margin(2023) = -0.0195 - -0.0062 = -0.0133,net_income|total_revenue,2023|2024
QA-00432,BluePeak Resources,BR,Consumer Goods / Retail,4,profitability,change_in_operating_margin,By how much did the operating margin change from fiscal year 2023 to 2024?,-0.0157,-0.0157,ratio_change,"diff(operating_margin(2024), operating_margin(2023))",operating_margin(2024) - operating_margin(2023) = -0.0228 - -0.0071 = -0.0157,operating_income|total_revenue,2023|2024
QA-00433,BluePeak Resources,BR,Consumer Goods / Retail,4,liquidity,change_in_current_ratio,How did the current ratio change from 2023 to 2024?,0.6271,0.6271,ratio_change,"diff(current_ratio(2024), current_ratio(2023))",current_ratio(2024) - current_ratio(2023) = 1.5671 - 0.94 = 0.6271,total_current_assets|total_current_liabilities,2023|2024
QA-00434,BluePeak Resources,BR,Consumer Goods / Retail,4,leverage,change_in_debt_to_equity,By how much did the debt to equity change from fiscal year 2023 to 2024?,-0.4599,-0.4599,ratio_change,"diff(debt_to_equity(2024), debt_to_equity(2023))",debt_to_equity(2024) - debt_to_equity(2023) = 2.2816 - 2.7415 = -0.4599,total_liabilities|total_stockholders_equity,2023|2024
QA-00435,BluePeak Resources,BR,Consumer Goods / Retail,4,growth,net_income_growth,What was the net income growth rate from 2023 to 2024?,-260.1,-260.1%,percentage,"pct_change(net_income, 2023, 2024)",(net_income(2024) - net_income(2023)) / |net_income(2023)| * 100 = (-2834.0 - -787.0) / 787.0 * 100 = -260.1%,net_income,2023|2024
QA-00436,BluePeak Resources,BR,Consumer Goods / Retail,4,growth,asset_growth,By what percentage did total assets grow from 2023 to 2024?,-36.45,-36.45%,percentage,"pct_change(total_assets, 2023, 2024)",(total_assets(2024) - total_assets(2023)) / |total_assets(2023)| * 100 = (179532.0 - 282517.0) / 282517.0 * 100 = -36.45%,total_assets,2023|2024
QA-00437,BluePeak Resources,BR,Consumer Goods / Retail,4,growth,equity_growth,What was the growth rate in BluePeak Resources's book value?,-27.55,-27.55%,percentage,"pct_change(total_stockholders_equity, 2023, 2024)",(total_stockholders_equity(2024) - total_stockholders_equity(2023)) / |total_stockholders_equity(2023)| * 100 = (54708.0 - 75509.0) / 75509.0 * 100 = -27.55%,total_stockholders_equity,2023|2024
QA-00438,BluePeak Resources,BR,Consumer Goods / Retail,5,liquidity,did_current_ratio_improve,Did BluePeak Resources's current ratio improve from 2023 to 2024?,True,Yes,boolean,"compare_gt(current_ratio(2024), current_ratio(2023))","current_ratio(2023)=0.94, current_ratio(2024)=1.5671, improved=True, change=0.6271",total_current_assets|total_current_liabilities,2023|2024
QA-00439,BluePeak Resources,BR,Consumer Goods / Retail,5,leverage,did_debt_to_equity_improve,"Did the debt to equity get better from 2023 to 2024, and by how much?",True,Yes,boolean,"compare_gt(debt_to_equity(2024), debt_to_equity(2023))","debt_to_equity(2023)=2.7415, debt_to_equity(2024)=2.2816, improved=True, change=-0.4599",total_liabilities|total_stockholders_equity,2023|2024
QA-00440,BluePeak Resources,BR,Consumer Goods / Retail,5,cash_flow,change_in_fcf_margin,How did BluePeak Resources's free cash flow margin change from 2023 to 2024?,-0.0214,-0.0214,ratio_change,"diff(ratio(diff(cash_from_operations, capital_expenditures), total_revenue, 2024), ratio(diff(cash_from_operations, capital_expenditures), total_revenue, 2023))",FCF_margin(2024) - FCF_margin(2023) = -0.0181 - 0.0033 = -0.0214,cash_from_operations|capital_expenditures|total_revenue,2023|2024
QA-00441,Evergreen Solutions Corp,ESC,Financial Services,1,lookup,,"According to the 2022 financial statements, what was the cost of goods sold?",21757.0,"$21,757 million",monetary,"get_value(cost_of_goods_sold, 2022)",cost_of_goods_sold(2022) = 21757.0,cost_of_goods_sold,2022
QA-00442,Evergreen Solutions Corp,ESC,Financial Services,1,lookup,,What was the deferred tax assets in 2022?,1668.0,"$1,668 million",monetary,"get_value(deferred_tax_assets, 2022)",deferred_tax_assets(2022) = 1668.0,deferred_tax_assets,2022
QA-00443,Evergreen Solutions Corp,ESC,Financial Services,1,lookup,,"According to the 2020 financial statements, what was the depreciation and amortization?",2100.0,"$2,100 million",monetary,"get_value(depreciation_amortization, 2020)",depreciation_amortization(2020) = 2100.0,depreciation_amortization,2020
QA-00444,Evergreen Solutions Corp,ESC,Financial Services,1,lookup,,How much did Evergreen Solutions Corp report for net change in cash in fiscal year 2022?,10566.0,"$10,566 million",monetary,"get_value(net_change_in_cash, 2022)",net_change_in_cash(2022) = 10566.0,net_change_in_cash,2022
QA-00445,Evergreen Solutions Corp,ESC,Financial Services,1,lookup,,"How much did Evergreen Solutions Corp report for property, plant and equipment in fiscal year 2021?",27568.0,"$27,568 million",monetary,"get_value(property_plant_equipment_net, 2021)",property_plant_equipment_net(2021) = 27568.0,property_plant_equipment_net,2021
QA-00446,Evergreen Solutions Corp,ESC,Financial Services,1,lookup,,"According to the 2022 financial statements, what was the operating income?",47729.0,"$47,729 million",monetary,"get_value(operating_income, 2022)",operating_income(2022) = 47729.0,operating_income,2022
QA-00447,Evergreen Solutions Corp,ESC,Financial Services,1,lookup,,What was the total stockholders' equity in 2022?,9395.0,"$9,395 million",monetary,"get_value(total_stockholders_equity, 2022)",total_stockholders_equity(2022) = 9395.0,total_stockholders_equity,2022
QA-00448,Evergreen Solutions Corp,ESC,Financial Services,1,lookup,,What was the pension obligations in 2022?,2131.0,"$2,131 million",monetary,"get_value(pension_obligations, 2022)",pension_obligations(2022) = 2131.0,pension_obligations,2022
QA-00449,Evergreen Solutions Corp,ESC,Financial Services,1,lookup,,What was Evergreen Solutions Corp's other income/expense as of 2021?,-245.0,$-245.00 million,monetary,"get_value(other_income_expense, 2021)",other_income_expense(2021) = -245.0,other_income_expense,2021
QA-00450,Evergreen Solutions Corp,ESC,Financial Services,1,lookup,,What was the intangible assets in 2022?,3288.0,"$3,288 million",monetary,"get_value(intangible_assets_net, 2022)",intangible_assets_net(2022) = 3288.0,intangible_assets_net,2022
QA-00451,Evergreen Solutions Corp,ESC,Financial Services,2,change,,What was the year-over-year change in Evergreen Solutions Corp's operating income from 2021 to 2022?,-407.0,$-407.00 million,monetary,"diff(get_value(operating_income, 2022), get_value(operating_income, 2021))",operating_income(2022) - operating_income(2021) = 47729.0 - 48136.0 = -407.0,operating_income,2021|2022
QA-00452,Evergreen Solutions Corp,ESC,Financial Services,2,change,,What was the year-over-year change in Evergreen Solutions Corp's total revenue from 2021 to 2022?,2390.0,"$2,390 million",monetary,"diff(get_value(total_revenue, 2022), get_value(total_revenue, 2021))",total_revenue(2022) - total_revenue(2021) = 106669.0 - 104279.0 = 2390.0,total_revenue,2021|2022
QA-00453,Evergreen Solutions Corp,ESC,Financial Services,2,change,,What was the change in net income from 2021 to 2022?,1531.0,"$1,531 million",monetary,"diff(get_value(net_income, 2022), get_value(net_income, 2021))",net_income(2022) - net_income(2021) = 37210.0 - 35679.0 = 1531.0,net_income,2021|2022
QA-00454,Evergreen Solutions Corp,ESC,Financial Services,2,change,,What was the change in total stockholders' equity from 2021 to 2022?,2373.0,"$2,373 million",monetary,"diff(get_value(total_stockholders_equity, 2022), get_value(total_stockholders_equity, 2021))",total_stockholders_equity(2022) - total_stockholders_equity(2021) = 9395.0 - 7022.0 = 2373.0,total_stockholders_equity,2021|2022
QA-00455,Evergreen Solutions Corp,ESC,Financial Services,2,change,,What was the year-over-year change in Evergreen Solutions Corp's total assets from 2021 to 2022?,13649.0,"$13,649 million",monetary,"diff(get_value(total_assets, 2022), get_value(total_assets, 2021))",total_assets(2022) - total_assets(2021) = 87659.0 - 74010.0 = 13649.0,total_assets,2021|2022
QA-00456,Evergreen Solutions Corp,ESC,Financial Services,2,change,,By how much did gross profit increase or decrease between 2021 and 2022?,10927.0,"$10,927 million",monetary,"diff(get_value(gross_profit, 2022), get_value(gross_profit, 2021))",gross_profit(2022) - gross_profit(2021) = 84912.0 - 73985.0 = 10927.0,gross_profit,2021|2022
QA-00457,Evergreen Solutions Corp,ESC,Financial Services,2,ratio,,"What percentage of total revenue was selling, general and administrative expense in 2021?",0.165,0.1650,ratio,"ratio(get_value(selling_general_admin, 2021), get_value(total_revenue, 2021))",selling_general_admin(2021) / total_revenue(2021) = 17206.0 / 104279.0 = 0.165,selling_general_admin|total_revenue,2021
QA-00458,Evergreen Solutions Corp,ESC,Financial Services,2,ratio,,What was the ratio of cash and cash equivalents to total assets in 2022?,0.1076,0.1076,ratio,"ratio(get_value(cash_and_equivalents, 2022), get_value(total_assets, 2022))",cash_and_equivalents(2022) / total_assets(2022) = 9429.0 / 87659.0 = 0.1076,cash_and_equivalents|total_assets,2022
QA-00459,Evergreen Solutions Corp,ESC,Financial Services,2,ratio,,What was long-term debt as a proportion of total assets in 2020?,0.3129,0.3129,ratio,"ratio(get_value(long_term_debt, 2020), get_value(total_assets, 2020))",long_term_debt(2020) / total_assets(2020) = 74644.0 / 238530.0 = 0.3129,long_term_debt|total_assets,2020
QA-00460,Evergreen Solutions Corp,ESC,Financial Services,2,ratio,,What was inventories as a proportion of cost of goods sold in 2020?,0.1309,0.1309,ratio,"ratio(get_value(inventories, 2020), get_value(cost_of_goods_sold, 2020))",inventories(2020) / cost_of_goods_sold(2020) = 1507.0 / 11517.0 = 0.1309,inventories|cost_of_goods_sold,2020
QA-00461,Evergreen Solutions Corp,ESC,Financial Services,3,leverage,interest_coverage,How many times could Evergreen Solutions Corp cover its interest expense with operating income in 2020?,87.6564,87.6564,ratio,"ratio(get_value(operating_income, 2020), get_value(interest_expense, 2020))",interest_coverage(2020) = 87.6564,operating_income|interest_expense,2020
QA-00462,Evergreen Solutions Corp,ESC,Financial Services,3,efficiency,capex_to_revenue,How capital-intensive was Evergreen Solutions Corp in 2022?,0.0199,0.0199,ratio,"ratio(get_value(capital_expenditures, 2022), get_value(total_revenue, 2022))",capex_to_revenue(2022) = 0.0199,capital_expenditures|total_revenue,2022
QA-00463,Evergreen Solutions Corp,ESC,Financial Services,3,liquidity,working_capital,What was the working capital in 2020?,1362.0,1362.0000,ratio,"diff(get_value(total_current_assets, 2020), get_value(total_current_liabilities, 2020))",working_capital(2020) = 1362.0,total_current_assets|total_current_liabilities,2020
QA-00464,Evergreen Solutions Corp,ESC,Financial Services,3,profitability,return_on_equity,What return did Evergreen Solutions Corp's equity investors earn in 2022?,4.5331,4.5331,ratio,"ratio(get_value(net_income, 2022), avg(get_value(total_stockholders_equity, 2022), get_value(total_stockholders_equity, 2021)))",return_on_equity(2022) = 4.5331,net_income|total_stockholders_equity,2022|2021
QA-00465,Evergreen Solutions Corp,ESC,Financial Services,3,liquidity,quick_ratio,What was the quick ratio in 2021?,0.7517,0.7517,ratio,"ratio(diff(get_value(total_current_assets, 2021), get_value(inventories, 2021)), get_value(total_current_liabilities, 2021))",quick_ratio(2021) = 0.7517,total_current_assets|inventories|total_current_liabilities,2021
QA-00466,Evergreen Solutions Corp,ESC,Financial Services,3,efficiency,rd_to_revenue,What was Evergreen Solutions Corp's R&D intensity in 2021?,0.0459,0.0459,ratio,"ratio(get_value(research_and_development, 2021), get_value(total_revenue, 2021))",rd_to_revenue(2021) = 0.0459,research_and_development|total_revenue,2021
QA-00467,Evergreen Solutions Corp,ESC,Financial Services,3,profitability,operating_margin,What was the operating profit margin in 2020?,0.5361,0.5361,ratio,"ratio(get_value(operating_income, 2020), get_value(total_revenue, 2020))",operating_margin(2020) = 0.5361,operating_income|total_revenue,2020
QA-00468,Evergreen Solutions Corp,ESC,Financial Services,3,liquidity,current_ratio,What was the current ratio in 2022?,1.3159,1.3159,ratio,"ratio(get_value(total_current_assets, 2022), get_value(total_current_liabilities, 2022))",current_ratio(2022) = 1.3159,total_current_assets|total_current_liabilities,2022
QA-00469,Evergreen Solutions Corp,ESC,Financial Services,3,cash_flow,free_cash_flow,What was the free cash flow in 2020?,42297.0,42297.0000,ratio,"diff(get_value(cash_from_operations, 2020), get_value(capital_expenditures, 2020))",free_cash_flow(2020) = 42297.0,cash_from_operations|capital_expenditures,2020
QA-00470,Evergreen Solutions Corp,ESC,Financial Services,3,profitability,effective_tax_rate,What percentage of pre-tax income did Evergreen Solutions Corp pay in taxes in 2020?,0.2339,0.2339,ratio,"ratio(get_value(income_tax_expense, 2020), get_value(income_before_tax, 2020))",effective_tax_rate(2020) = 0.2339,income_tax_expense|income_before_tax,2020
QA-00471,Evergreen Solutions Corp,ESC,Financial Services,4,profitability,change_in_operating_margin,How did the operating margin change from 2021 to 2022?,-0.0142,-0.0142,ratio_change,"diff(operating_margin(2022), operating_margin(2021))",operating_margin(2022) - operating_margin(2021) = 0.4474 - 0.4616 = -0.0142,operating_income|total_revenue,2021|2022
QA-00472,Evergreen Solutions Corp,ESC,Financial Services,4,profitability,change_in_net_profit_margin,How did the net profit margin change from 2021 to 2022?,0.0067,0.0067,ratio_change,"diff(net_profit_margin(2022), net_profit_margin(2021))",net_profit_margin(2022) - net_profit_margin(2021) = 0.3488 - 0.3421 = 0.0067,net_income|total_revenue,2021|2022
QA-00473,Evergreen Solutions Corp,ESC,Financial Services,4,profitability,change_in_gross_margin,What was the change in Evergreen Solutions Corp's gross margin between 2021 and 2022?,0.0865,0.0865,ratio_change,"diff(gross_margin(2022), gross_margin(2021))",gross_margin(2022) - gross_margin(2021) = 0.796 - 0.7095 = 0.0865,gross_profit|total_revenue,2021|2022
QA-00474,Evergreen Solutions Corp,ESC,Financial Services,4,leverage,change_in_debt_to_equity,By how much did the debt to equity change from fiscal year 2021 to 2022?,-1.2093,-1.2093,ratio_change,"diff(debt_to_equity(2022), debt_to_equity(2021))",debt_to_equity(2022) - debt_to_equity(2021) = 8.3304 - 9.5397 = -1.2093,total_liabilities|total_stockholders_equity,2021|2022
QA-00475,Evergreen Solutions Corp,ESC,Financial Services,4,growth,net_income_growth,By what percentage did Evergreen Solutions Corp's earnings change from 2021 to 2022?,4.29,4.29%,percentage,"pct_change(net_income, 2021, 2022)",(net_income(2022) - net_income(2021)) / |net_income(2021)| * 100 = (37210.0 - 35679.0) / 35679.0 * 100 = 4.29%,net_income,2021|2022
QA-00476,Evergreen Solutions Corp,ESC,Financial Services,4,growth,equity_growth,What was the growth rate in Evergreen Solutions Corp's book value?,33.79,33.79%,percentage,"pct_change(total_stockholders_equity, 2021, 2022)",(total_stockholders_equity(2022) - total_stockholders_equity(2021)) / |total_stockholders_equity(2021)| * 100 = (9395.0 - 7022.0) / 7022.0 * 100 = 33.79%,total_stockholders_equity,2021|2022
QA-00477,Evergreen Solutions Corp,ESC,Financial Services,4,growth,operating_income_growth,By what percentage did operating profit grow?,-0.85,-0.85%,percentage,"pct_change(operating_income, 2021, 2022)",(operating_income(2022) - operating_income(2021)) / |operating_income(2021)| * 100 = (47729.0 - 48136.0) / 48136.0 * 100 = -0.85%,operating_income,2021|2022
QA-00478,Evergreen Solutions Corp,ESC,Financial Services,5,leverage,did_debt_to_equity_improve,Did Evergreen Solutions Corp's debt to equity improve from 2021 to 2022?,True,Yes,boolean,"compare_gt(debt_to_equity(2022), debt_to_equity(2021))","debt_to_equity(2021)=9.5397, debt_to_equity(2022)=8.3304, improved=True, change=-1.2093",total_liabilities|total_stockholders_equity,2021|2022
QA-00479,Evergreen Solutions Corp,ESC,Financial Services,5,profitability,did_operating_margin_improve,Did Evergreen Solutions Corp's operating margin improve from 2021 to 2022?,False,No,boolean,"compare_gt(operating_margin(2022), operating_margin(2021))","operating_margin(2021)=0.4616, operating_margin(2022)=0.4474, improved=False, change=-0.0142",operating_income|total_revenue,2021|2022
QA-00480,Evergreen Solutions Corp,ESC,Financial Services,5,cash_flow,change_in_fcf_margin,How did Evergreen Solutions Corp's free cash flow margin change from 2021 to 2022?,-0.0065,-0.0065,ratio_change,"diff(ratio(diff(cash_from_operations, capital_expenditures), total_revenue, 2022), ratio(diff(cash_from_operations, capital_expenditures), total_revenue, 2021))",FCF_margin(2022) - FCF_margin(2021) = 0.3488 - 0.3553 = -0.0065,cash_from_operations|capital_expenditures|total_revenue,2021|2022
QA-00481,BluePeak Resources,BR,Large-cap Technology,1,lookup,,"According to the 2023 financial statements, what was the income tax expense?",15495.0,"$15,495 million",monetary,"get_value(income_tax_expense, 2023)",income_tax_expense(2023) = 15495.0,income_tax_expense,2023
QA-00482,BluePeak Resources,BR,Large-cap Technology,1,lookup,,What was BluePeak Resources's accounts receivable as of 2021?,22555.0,"$22,555 million",monetary,"get_value(accounts_receivable_net, 2021)",accounts_receivable_net(2021) = 22555.0,accounts_receivable_net,2021
QA-00483,BluePeak Resources,BR,Large-cap Technology,1,lookup,,What was BluePeak Resources's interest income as of 2022?,154.0,$154.00 million,monetary,"get_value(interest_income, 2022)",interest_income(2022) = 154.0,interest_income,2022
QA-00484,BluePeak Resources,BR,Large-cap Technology,1,lookup,,"According to the 2023 financial statements, what was the total non-current liabilities?",57354.0,"$57,354 million",monetary,"get_value(total_non_current_liabilities, 2023)",total_non_current_liabilities(2023) = 57354.0,total_non_current_liabilities,2023
QA-00485,BluePeak Resources,BR,Large-cap Technology,1,lookup,,"According to the 2021 financial statements, what was the operating income?",30507.0,"$30,507 million",monetary,"get_value(operating_income, 2021)",operating_income(2021) = 30507.0,operating_income,2021
QA-00486,BluePeak Resources,BR,Large-cap Technology,1,lookup,,"According to the 2021 financial statements, what was the capital expenditures?",18318.0,"$18,318 million",monetary,"get_value(capital_expenditures, 2021)",capital_expenditures(2021) = 18318.0,capital_expenditures,2021
QA-00487,BluePeak Resources,BR,Large-cap Technology,1,lookup,,What was the additional paid-in capital in 2022?,63582.0,"$63,582 million",monetary,"get_value(additional_paid_in_capital, 2022)",additional_paid_in_capital(2022) = 63582.0,additional_paid_in_capital,2022
QA-00488,BluePeak Resources,BR,Large-cap Technology,1,lookup,,How much did BluePeak Resources report for total current assets in fiscal year 2023?,71784.0,"$71,784 million",monetary,"get_value(total_current_assets, 2023)",total_current_assets(2023) = 71784.0,total_current_assets,2023
QA-00489,BluePeak Resources,BR,Large-cap Technology,1,lookup,,"What was BluePeak Resources's selling, general and administrative expense as of 2023?",31013.0,"$31,013 million",monetary,"get_value(selling_general_admin, 2023)",selling_general_admin(2023) = 31013.0,selling_general_admin,2023
QA-00490,BluePeak Resources,BR,Large-cap Technology,1,lookup,,How much did BluePeak Resources report for debt repaid in fiscal year 2021?,5850.0,"$5,850 million",monetary,"get_value(debt_repaid, 2021)",debt_repaid(2021) = 5850.0,debt_repaid,2021
QA-00491,BluePeak Resources,BR,Large-cap Technology,2,change,,How did long-term debt change from fiscal year 2022 to 2023?,-9935.0,"$-9,935 million",monetary,"diff(get_value(long_term_debt, 2023), get_value(long_term_debt, 2022))",long_term_debt(2023) - long_term_debt(2022) = 40848.0 - 50783.0 = -9935.0,long_term_debt,2022|2023
QA-00492,BluePeak Resources,BR,Large-cap Technology,2,change,,What was the year-over-year change in BluePeak Resources's total stockholders' equity from 2022 to 2023?,13389.0,"$13,389 million",monetary,"diff(get_value(total_stockholders_equity, 2023), get_value(total_stockholders_equity, 2022))",total_stockholders_equity(2023) - total_stockholders_equity(2022) = 129630.0 - 116241.0 = 13389.0,total_stockholders_equity,2022|2023
QA-00493,BluePeak Resources,BR,Large-cap Technology,2,change,,What was the year-over-year change in BluePeak Resources's net income from 2022 to 2023?,-1171.0,"$-1,171 million",monetary,"diff(get_value(net_income, 2023), get_value(net_income, 2022))",net_income(2023) - net_income(2022) = 66714.0 - 67885.0 = -1171.0,net_income,2022|2023
QA-00494,BluePeak Resources,BR,Large-cap Technology,2,change,,By how much did total liabilities increase or decrease between 2022 and 2023?,-32245.0,"$-32,245 million",monetary,"diff(get_value(total_liabilities, 2023), get_value(total_liabilities, 2022))",total_liabilities(2023) - total_liabilities(2022) = 85630.0 - 117875.0 = -32245.0,total_liabilities,2022|2023
QA-00495,BluePeak Resources,BR,Large-cap Technology,2,change,,By how much did total assets increase or decrease between 2022 and 2023?,-18856.0,"$-18,856 million",monetary,"diff(get_value(total_assets, 2023), get_value(total_assets, 2022))",total_assets(2023) - total_assets(2022) = 215260.0 - 234116.0 = -18856.0,total_assets,2022|2023
QA-00496,BluePeak Resources,BR,Large-cap Technology,2,change,,What was the year-over-year change in BluePeak Resources's cash and cash equivalents from 2022 to 2023?,14024.0,"$14,024 million",monetary,"diff(get_value(cash_and_equivalents, 2023), get_value(cash_and_equivalents, 2022))",cash_and_equivalents(2023) - cash_and_equivalents(2022) = 42529.0 - 28505.0 = 14024.0,cash_and_equivalents,2022|2023
QA-00497,BluePeak Resources,BR,Large-cap Technology,2,ratio,,"What was selling, general and administrative expense as a proportion of total revenue in 2023?",0.1172,0.1172,ratio,"ratio(get_value(selling_general_admin, 2023), get_value(total_revenue, 2023))",selling_general_admin(2023) / total_revenue(2023) = 31013.0 / 264520.0 = 0.1172,selling_general_admin|total_revenue,2023
QA-00498,BluePeak Resources,BR,Large-cap Technology,2,ratio,,What percentage of total assets was cash and cash equivalents in 2023?,0.1976,0.1976,ratio,"ratio(get_value(cash_and_equivalents, 2023), get_value(total_assets, 2023))",cash_and_equivalents(2023) / total_assets(2023) = 42529.0 / 215260.0 = 0.1976,cash_and_equivalents|total_assets,2023
QA-00499,BluePeak Resources,BR,Large-cap Technology,2,ratio,,What was the ratio of inventories to cost of goods sold in 2023?,0.0542,0.0542,ratio,"ratio(get_value(inventories, 2023), get_value(cost_of_goods_sold, 2023))",inventories(2023) / cost_of_goods_sold(2023) = 5477.0 / 101046.0 = 0.0542,inventories|cost_of_goods_sold,2023
QA-00500,BluePeak Resources,BR,Large-cap Technology,2,ratio,,"For every dollar of total assets, how much long-term debt did BluePeak Resources have in 2023?",0.1898,0.1898,ratio,"ratio(get_value(long_term_debt, 2023), get_value(total_assets, 2023))",long_term_debt(2023) / total_assets(2023) = 40848.0 / 215260.0 = 0.1898,long_term_debt|total_assets,2023
QA-00501,BluePeak Resources,BR,Large-cap Technology,3,leverage,debt_to_assets,What was the debt-to-assets ratio in 2022?,0.5035,0.5035,ratio,"ratio(get_value(total_liabilities, 2022), get_value(total_assets, 2022))",debt_to_assets(2022) = 0.5035,total_liabilities|total_assets,2022
QA-00502,BluePeak Resources,BR,Large-cap Technology,3,efficiency,capex_to_revenue,How capital-intensive was BluePeak Resources in 2022?,0.0538,0.0538,ratio,"ratio(get_value(capital_expenditures, 2022), get_value(total_revenue, 2022))",capex_to_revenue(2022) = 0.0538,capital_expenditures|total_revenue,2022
QA-00503,BluePeak Resources,BR,Large-cap Technology,3,profitability,return_on_equity,What was the return on equity (ROE) in 2023?,0.5427,0.5427,ratio,"ratio(get_value(net_income, 2023), avg(get_value(total_stockholders_equity, 2023), get_value(total_stockholders_equity, 2022)))",return_on_equity(2023) = 0.5427,net_income|total_stockholders_equity,2023|2022
QA-00504,BluePeak Resources,BR,Large-cap Technology,3,liquidity,quick_ratio,What was the quick ratio in 2023?,2.345,2.3450,ratio,"ratio(diff(get_value(total_current_assets, 2023), get_value(inventories, 2023)), get_value(total_current_liabilities, 2023))",quick_ratio(2023) = 2.345,total_current_assets|inventories|total_current_liabilities,2023
QA-00505,BluePeak Resources,BR,Large-cap Technology,3,profitability,operating_margin,What percentage of BluePeak Resources's revenue became operating income in 2023?,0.3125,0.3125,ratio,"ratio(get_value(operating_income, 2023), get_value(total_revenue, 2023))",operating_margin(2023) = 0.3125,operating_income|total_revenue,2023
QA-00506,BluePeak Resources,BR,Large-cap Technology,3,profitability,effective_tax_rate,What was the effective tax rate in 2023?,0.1885,0.1885,ratio,"ratio(get_value(income_tax_expense, 2023), get_value(income_before_tax, 2023))",effective_tax_rate(2023) = 0.1885,income_tax_expense|income_before_tax,2023
QA-00507,BluePeak Resources,BR,Large-cap Technology,3,leverage,interest_coverage,How many times could BluePeak Resources cover its interest expense with operating income in 2022?,185.7183,185.7183,ratio,"ratio(get_value(operating_income, 2022), get_value(interest_expense, 2022))",interest_coverage(2022) = 185.7183,operating_income|interest_expense,2022
QA-00508,BluePeak Resources,BR,Large-cap Technology,3,efficiency,rd_to_revenue,What was BluePeak Resources's R&D intensity in 2021?,0.2236,0.2236,ratio,"ratio(get_value(research_and_development, 2021), get_value(total_revenue, 2021))",rd_to_revenue(2021) = 0.2236,research_and_development|total_revenue,2021
QA-00509,BluePeak Resources,BR,Large-cap Technology,3,profitability,net_profit_margin,How much of each dollar of revenue was net income for BluePeak Resources in 2021?,0.099,0.0990,ratio,"ratio(get_value(net_income, 2021), get_value(total_revenue, 2021))",net_profit_margin(2021) = 0.099,net_income|total_revenue,2021
QA-00510,BluePeak Resources,BR,Large-cap Technology,3,liquidity,working_capital,How much net working capital did BluePeak Resources have in 2023?,43508.0,43508.0000,ratio,"diff(get_value(total_current_assets, 2023), get_value(total_current_liabilities, 2023))",working_capital(2023) = 43508.0,total_current_assets|total_current_liabilities,2023
QA-00511,BluePeak Resources,BR,Large-cap Technology,4,leverage,change_in_debt_to_equity,What was the change in BluePeak Resources's debt to equity between 2022 and 2023?,-0.3535,-0.3535,ratio_change,"diff(debt_to_equity(2023), debt_to_equity(2022))",debt_to_equity(2023) - debt_to_equity(2022) = 0.6606 - 1.0141 = -0.3535,total_liabilities|total_stockholders_equity,2022|2023
QA-00512,BluePeak Resources,BR,Large-cap Technology,4,liquidity,change_in_current_ratio,By how much did the current ratio change from fiscal year 2022 to 2023?,0.7631,0.7631,ratio_change,"diff(current_ratio(2023), current_ratio(2022))",current_ratio(2023) - current_ratio(2022) = 2.5387 - 1.7756 = 0.7631,total_current_assets|total_current_liabilities,2022|2023
QA-00513,BluePeak Resources,BR,Large-cap Technology,4,profitability,change_in_gross_margin,What was the change in BluePeak Resources's gross margin between 2022 and 2023?,-0.0488,-0.0488,ratio_change,"diff(gross_margin(2023), gross_margin(2022))",gross_margin(2023) - gross_margin(2022) = 0.618 - 0.6668 = -0.0488,gross_profit|total_revenue,2022|2023
QA-00514,BluePeak Resources,BR,Large-cap Technology,4,profitability,change_in_net_profit_margin,What was the change in BluePeak Resources's net profit margin between 2022 and 2023?,0.0049,0.0049,ratio_change,"diff(net_profit_margin(2023), net_profit_margin(2022))",net_profit_margin(2023) - net_profit_margin(2022) = 0.2522 - 0.2473 = 0.0049,net_income|total_revenue,2022|2023
QA-00515,BluePeak Resources,BR,Large-cap Technology,4,growth,asset_growth,By what percentage did total assets grow from 2022 to 2023?,-8.05,-8.05%,percentage,"pct_change(total_assets, 2022, 2023)",(total_assets(2023) - total_assets(2022)) / |total_assets(2022)| * 100 = (215260.0 - 234116.0) / 234116.0 * 100 = -8.05%,total_assets,2022|2023
QA-00516,BluePeak Resources,BR,Large-cap Technology,4,growth,net_income_growth,By what percentage did BluePeak Resources's earnings change from 2022 to 2023?,-1.72,-1.72%,percentage,"pct_change(net_income, 2022, 2023)",(net_income(2023) - net_income(2022)) / |net_income(2022)| * 100 = (66714.0 - 67885.0) / 67885.0 * 100 = -1.72%,net_income,2022|2023
QA-00517,BluePeak Resources,BR,Large-cap Technology,4,growth,operating_income_growth,What was the change in operating income from 2022 to 2023?,4.47,4.47%,percentage,"pct_change(operating_income, 2022, 2023)",(operating_income(2023) - operating_income(2022)) / |operating_income(2022)| * 100 = (82654.0 - 79116.0) / 79116.0 * 100 = 4.47%,operating_income,2022|2023
QA-00518,BluePeak Resources,BR,Large-cap Technology,5,profitability,did_gross_margin_improve,"Did the gross margin get better from 2022 to 2023, and by how much?",False,No,boolean,"compare_gt(gross_margin(2023), gross_margin(2022))","gross_margin(2022)=0.6668, gross_margin(2023)=0.618, improved=False, change=-0.0488",gross_profit|total_revenue,2022|2023
QA-00519,BluePeak Resources,BR,Large-cap Technology,5,liquidity,did_current_ratio_improve,"Did the current ratio get better from 2022 to 2023, and by how much?",True,Yes,boolean,"compare_gt(current_ratio(2023), current_ratio(2022))","current_ratio(2022)=1.7756, current_ratio(2023)=2.5387, improved=True, change=0.7631",total_current_assets|total_current_liabilities,2022|2023
QA-00520,BluePeak Resources,BR,Large-cap Technology,5,cash_flow,change_in_fcf_margin,How did BluePeak Resources's free cash flow margin change from 2022 to 2023?,-0.0465,-0.0465,ratio_change,"diff(ratio(diff(cash_from_operations, capital_expenditures), total_revenue, 2023), ratio(diff(cash_from_operations, capital_expenditures), total_revenue, 2022))",FCF_margin(2023) - FCF_margin(2022) = 0.2183 - 0.2648 = -0.0465,cash_from_operations|capital_expenditures|total_revenue,2022|2023
QA-00521,Quantum Bridge Holdings,QBH,Financial Services,1,lookup,,What was the stock-based compensation in 2022?,2442.0,"$2,442 million",monetary,"get_value(stock_based_compensation, 2022)",stock_based_compensation(2022) = 2442.0,stock_based_compensation,2022
QA-00522,Quantum Bridge Holdings,QBH,Financial Services,1,lookup,,What was the share repurchases in 2022?,6260.0,"$6,260 million",monetary,"get_value(share_repurchases, 2022)",share_repurchases(2022) = 6260.0,share_repurchases,2022
QA-00523,Quantum Bridge Holdings,QBH,Financial Services,1,lookup,,"According to the 2024 financial statements, what was the operating income?",44683.0,"$44,683 million",monetary,"get_value(operating_income, 2024)",operating_income(2024) = 44683.0,operating_income,2024
QA-00524,Quantum Bridge Holdings,QBH,Financial Services,1,lookup,,"According to the 2024 financial statements, what was the cost of goods sold?",12005.0,"$12,005 million",monetary,"get_value(cost_of_goods_sold, 2024)",cost_of_goods_sold(2024) = 12005.0,cost_of_goods_sold,2024
QA-00525,Quantum Bridge Holdings,QBH,Financial Services,1,lookup,,What was the current deferred revenue in 2022?,5249.0,"$5,249 million",monetary,"get_value(deferred_revenue_current, 2022)",deferred_revenue_current(2022) = 5249.0,deferred_revenue_current,2022
QA-00526,Quantum Bridge Holdings,QBH,Financial Services,1,lookup,,What was the retained earnings in 2023?,22979.0,"$22,979 million",monetary,"get_value(retained_earnings, 2023)",retained_earnings(2023) = 22979.0,retained_earnings,2023
QA-00527,Quantum Bridge Holdings,QBH,Financial Services,1,lookup,,What was the total liabilities in 2024?,58840.0,"$58,840 million",monetary,"get_value(total_liabilities, 2024)",total_liabilities(2024) = 58840.0,total_liabilities,2024
QA-00528,Quantum Bridge Holdings,QBH,Financial Services,1,lookup,,What was Quantum Bridge Holdings's interest expense as of 2023?,899.0,$899.00 million,monetary,"get_value(interest_expense, 2023)",interest_expense(2023) = 899.0,interest_expense,2023
QA-00529,Quantum Bridge Holdings,QBH,Financial Services,1,lookup,,How much did Quantum Bridge Holdings report for net income in fiscal year 2022?,21804.0,"$21,804 million",monetary,"get_value(net_income, 2022)",net_income(2022) = 21804.0,net_income,2022
QA-00530,Quantum Bridge Holdings,QBH,Financial Services,1,lookup,,"According to the 2024 financial statements, what was the total stockholders' equity?",21695.0,"$21,695 million",monetary,"get_value(total_stockholders_equity, 2024)",total_stockholders_equity(2024) = 21695.0,total_stockholders_equity,2024
QA-00531,Quantum Bridge Holdings,QBH,Financial Services,2,change,,What was the year-over-year change in Quantum Bridge Holdings's net income from 2023 to 2024?,11877.0,"$11,877 million",monetary,"diff(get_value(net_income, 2024), get_value(net_income, 2023))",net_income(2024) - net_income(2023) = 34756.0 - 22879.0 = 11877.0,net_income,2023|2024
QA-00532,Quantum Bridge Holdings,QBH,Financial Services,2,change,,What was the year-over-year change in Quantum Bridge Holdings's operating income from 2023 to 2024?,13658.0,"$13,658 million",monetary,"diff(get_value(operating_income, 2024), get_value(operating_income, 2023))",operating_income(2024) - operating_income(2023) = 44683.0 - 31025.0 = 13658.0,operating_income,2023|2024
QA-00533,Quantum Bridge Holdings,QBH,Financial Services,2,change,,What was the change in cash and cash equivalents from 2023 to 2024?,-4603.0,"$-4,603 million",monetary,"diff(get_value(cash_and_equivalents, 2024), get_value(cash_and_equivalents, 2023))",cash_and_equivalents(2024) - cash_and_equivalents(2023) = 10151.0 - 14754.0 = -4603.0,cash_and_equivalents,2023|2024
QA-00534,Quantum Bridge Holdings,QBH,Financial Services,2,change,,By how much did long-term debt increase or decrease between 2023 and 2024?,-25272.0,"$-25,272 million",monetary,"diff(get_value(long_term_debt, 2024), get_value(long_term_debt, 2023))",long_term_debt(2024) - long_term_debt(2023) = 24723.0 - 49995.0 = -25272.0,long_term_debt,2023|2024
QA-00535,Quantum Bridge Holdings,QBH,Financial Services,2,change,,How did gross profit change from fiscal year 2023 to 2024?,9865.0,"$9,865 million",monetary,"diff(get_value(gross_profit, 2024), get_value(gross_profit, 2023))",gross_profit(2024) - gross_profit(2023) = 67643.0 - 57778.0 = 9865.0,gross_profit,2023|2024
QA-00536,Quantum Bridge Holdings,QBH,Financial Services,2,change,,What was the year-over-year change in Quantum Bridge Holdings's total liabilities from 2023 to 2024?,-57393.0,"$-57,393 million",monetary,"diff(get_value(total_liabilities, 2024), get_value(total_liabilities, 2023))",total_liabilities(2024) - total_liabilities(2023) = 58840.0 - 116233.0 = -57393.0,total_liabilities,2023|2024
QA-00537,Quantum Bridge Holdings,QBH,Financial Services,2,ratio,,What percentage of total revenue was accounts receivable in 2022?,0.0952,0.0952,ratio,"ratio(get_value(accounts_receivable_net, 2022), get_value(total_revenue, 2022))",accounts_receivable_net(2022) / total_revenue(2022) = 7749.0 / 81389.0 = 0.0952,accounts_receivable_net|total_revenue,2022
QA-00538,Quantum Bridge Holdings,QBH,Financial Services,2,ratio,,"For every dollar of cost of goods sold, how much inventories did Quantum Bridge Holdings have in 2024?",0.0991,0.0991,ratio,"ratio(get_value(inventories, 2024), get_value(cost_of_goods_sold, 2024))",inventories(2024) / cost_of_goods_sold(2024) = 1190.0 / 12005.0 = 0.0991,inventories|cost_of_goods_sold,2024
QA-00539,Quantum Bridge Holdings,QBH,Financial Services,2,ratio,,What percentage of total assets was cash and cash equivalents in 2022?,0.0813,0.0813,ratio,"ratio(get_value(cash_and_equivalents, 2022), get_value(total_assets, 2022))",cash_and_equivalents(2022) / total_assets(2022) = 9469.0 / 116410.0 = 0.0813,cash_and_equivalents|total_assets,2022
QA-00540,Quantum Bridge Holdings,QBH,Financial Services,2,ratio,,"What was selling, general and administrative expense as a proportion of total revenue in 2024?",0.2216,0.2216,ratio,"ratio(get_value(selling_general_admin, 2024), get_value(total_revenue, 2024))",selling_general_admin(2024) / total_revenue(2024) = 17649.0 / 79648.0 = 0.2216,selling_general_admin|total_revenue,2024
QA-00541,Quantum Bridge Holdings,QBH,Financial Services,3,efficiency,rd_to_revenue,What percentage of revenue was spent on R&D in 2022?,0.0207,0.0207,ratio,"ratio(get_value(research_and_development, 2022), get_value(total_revenue, 2022))",rd_to_revenue(2022) = 0.0207,research_and_development|total_revenue,2022
QA-00542,Quantum Bridge Holdings,QBH,Financial Services,3,profitability,operating_margin,What was the operating profit margin in 2024?,0.561,0.5610,ratio,"ratio(get_value(operating_income, 2024), get_value(total_revenue, 2024))",operating_margin(2024) = 0.561,operating_income|total_revenue,2024
QA-00543,Quantum Bridge Holdings,QBH,Financial Services,3,efficiency,capex_to_revenue,What was capital expenditure as a percentage of revenue in 2022?,0.0194,0.0194,ratio,"ratio(get_value(capital_expenditures, 2022), get_value(total_revenue, 2022))",capex_to_revenue(2022) = 0.0194,capital_expenditures|total_revenue,2022
QA-00544,Quantum Bridge Holdings,QBH,Financial Services,3,liquidity,working_capital,How much net working capital did Quantum Bridge Holdings have in 2024?,-2698.0,-2698.0000,ratio,"diff(get_value(total_current_assets, 2024), get_value(total_current_liabilities, 2024))",working_capital(2024) = -2698.0,total_current_assets|total_current_liabilities,2024
QA-00545,Quantum Bridge Holdings,QBH,Financial Services,3,liquidity,quick_ratio,"Excluding inventory, what was Quantum Bridge Holdings's liquidity ratio in 2024?",0.8231,0.8231,ratio,"ratio(diff(get_value(total_current_assets, 2024), get_value(inventories, 2024)), get_value(total_current_liabilities, 2024))",quick_ratio(2024) = 0.8231,total_current_assets|inventories|total_current_liabilities,2024
QA-00546,Quantum Bridge Holdings,QBH,Financial Services,3,cash_flow,free_cash_flow,How much cash was left after capital expenditures in 2023?,24772.0,24772.0000,ratio,"diff(get_value(cash_from_operations, 2023), get_value(capital_expenditures, 2023))",free_cash_flow(2023) = 24772.0,cash_from_operations|capital_expenditures,2023
QA-00547,Quantum Bridge Holdings,QBH,Financial Services,3,leverage,interest_coverage,How many times could Quantum Bridge Holdings cover its interest expense with operating income in 2023?,34.5106,34.5106,ratio,"ratio(get_value(operating_income, 2023), get_value(interest_expense, 2023))",interest_coverage(2023) = 34.5106,operating_income|interest_expense,2023
QA-00548,Quantum Bridge Holdings,QBH,Financial Services,3,leverage,debt_to_equity,"For every dollar of equity, how much debt did Quantum Bridge Holdings carry in 2022?",3.4428,3.4428,ratio,"ratio(get_value(total_liabilities, 2022), get_value(total_stockholders_equity, 2022))",debt_to_equity(2022) = 3.4428,total_liabilities|total_stockholders_equity,2022
QA-00549,Quantum Bridge Holdings,QBH,Financial Services,3,profitability,effective_tax_rate,What was the effective tax rate in 2022?,0.2491,0.2491,ratio,"ratio(get_value(income_tax_expense, 2022), get_value(income_before_tax, 2022))",effective_tax_rate(2022) = 0.2491,income_tax_expense|income_before_tax,2022
QA-00550,Quantum Bridge Holdings,QBH,Financial Services,3,profitability,gross_margin,What was the gross profit margin in 2023?,0.7109,0.7109,ratio,"ratio(get_value(gross_profit, 2023), get_value(total_revenue, 2023))",gross_margin(2023) = 0.7109,gross_profit|total_revenue,2023
QA-00551,Quantum Bridge Holdings,QBH,Financial Services,4,profitability,change_in_operating_margin,How did the operating margin change from 2023 to 2024?,0.1793,0.1793,ratio_change,"diff(operating_margin(2024), operating_margin(2023))",operating_margin(2024) - operating_margin(2023) = 0.561 - 0.3817 = 0.1793,operating_income|total_revenue,2023|2024
QA-00552,Quantum Bridge Holdings,QBH,Financial Services,4,profitability,change_in_net_profit_margin,What was the change in Quantum Bridge Holdings's net profit margin between 2023 and 2024?,0.1549,0.1549,ratio_change,"diff(net_profit_margin(2024), net_profit_margin(2023))",net_profit_margin(2024) - net_profit_margin(2023) = 0.4364 - 0.2815 = 0.1549,net_income|total_revenue,2023|2024
QA-00553,Quantum Bridge Holdings,QBH,Financial Services,4,liquidity,change_in_current_ratio,How did the current ratio change from 2023 to 2024?,-0.6121,-0.6121,ratio_change,"diff(current_ratio(2024), current_ratio(2023))",current_ratio(2024) - current_ratio(2023) = 0.8772 - 1.4894 = -0.6121,total_current_assets|total_current_liabilities,2023|2024
QA-00554,Quantum Bridge Holdings,QBH,Financial Services,4,leverage,change_in_debt_to_equity,By how much did the debt to equity change from fiscal year 2023 to 2024?,-1.0826,-1.0826,ratio_change,"diff(debt_to_equity(2024), debt_to_equity(2023))",debt_to_equity(2024) - debt_to_equity(2023) = 2.7121 - 3.7947 = -1.0826,total_liabilities|total_stockholders_equity,2023|2024
QA-00555,Quantum Bridge Holdings,QBH,Financial Services,4,growth,equity_growth,What was the growth rate in Quantum Bridge Holdings's book value?,-29.17,-29.17%,percentage,"pct_change(total_stockholders_equity, 2023, 2024)",(total_stockholders_equity(2024) - total_stockholders_equity(2023)) / |total_stockholders_equity(2023)| * 100 = (21695.0 - 30630.0) / 30630.0 * 100 = -29.17%,total_stockholders_equity,2023|2024
QA-00556,Quantum Bridge Holdings,QBH,Financial Services,4,growth,asset_growth,By what percentage did total assets grow from 2023 to 2024?,-45.16,-45.16%,percentage,"pct_change(total_assets, 2023, 2024)",(total_assets(2024) - total_assets(2023)) / |total_assets(2023)| * 100 = (80535.0 - 146863.0) / 146863.0 * 100 = -45.16%,total_assets,2023|2024
QA-00557,Quantum Bridge Holdings,QBH,Financial Services,4,growth,revenue_growth,By what percentage did Quantum Bridge Holdings's revenue change from 2023 to 2024?,-2.01,-2.01%,percentage,"pct_change(total_revenue, 2023, 2024)",(total_revenue(2024) - total_revenue(2023)) / |total_revenue(2023)| * 100 = (79648.0 - 81278.0) / 81278.0 * 100 = -2.01%,total_revenue,2023|2024
QA-00558,Quantum Bridge Holdings,QBH,Financial Services,5,leverage,did_debt_to_equity_improve,"Did the debt to equity get better from 2023 to 2024, and by how much?",True,Yes,boolean,"compare_gt(debt_to_equity(2024), debt_to_equity(2023))","debt_to_equity(2023)=3.7947, debt_to_equity(2024)=2.7121, improved=True, change=-1.0826",total_liabilities|total_stockholders_equity,2023|2024
QA-00559,Quantum Bridge Holdings,QBH,Financial Services,5,liquidity,did_current_ratio_improve,Did Quantum Bridge Holdings's current ratio improve from 2023 to 2024?,False,No,boolean,"compare_gt(current_ratio(2024), current_ratio(2023))","current_ratio(2023)=1.4894, current_ratio(2024)=0.8772, improved=False, change=-0.6121",total_current_assets|total_current_liabilities,2023|2024
QA-00560,Quantum Bridge Holdings,QBH,Financial Services,5,cash_flow,change_in_fcf_margin,How did Quantum Bridge Holdings's free cash flow margin change from 2023 to 2024?,0.1823,0.1823,ratio_change,"diff(ratio(diff(cash_from_operations, capital_expenditures), total_revenue, 2024), ratio(diff(cash_from_operations, capital_expenditures), total_revenue, 2023))",FCF_margin(2024) - FCF_margin(2023) = 0.4871 - 0.3048 = 0.1823,cash_from_operations|capital_expenditures|total_revenue,2023|2024
QA-00561,Zenith Communications,ZC,Industrial / Manufacturing,1,lookup,,What was the long-term investments in 2022?,2946.0,"$2,946 million",monetary,"get_value(long_term_investments, 2022)",long_term_investments(2022) = 2946.0,long_term_investments,2022
QA-00562,Zenith Communications,ZC,Industrial / Manufacturing,1,lookup,,What was the common stock in 2022?,25.0,$25.00 million,monetary,"get_value(common_stock, 2022)",common_stock(2022) = 25.0,common_stock,2022
QA-00563,Zenith Communications,ZC,Industrial / Manufacturing,1,lookup,,What was the total assets in 2021?,141152.0,"$141,152 million",monetary,"get_value(total_assets, 2021)",total_assets(2021) = 141152.0,total_assets,2021
QA-00564,Zenith Communications,ZC,Industrial / Manufacturing,1,lookup,,What was Zenith Communications's diluted shares outstanding as of 2022?,7757,"$7,757 million",monetary,"get_value(shares_diluted, 2022)",shares_diluted(2022) = 7757,shares_diluted,2022
QA-00565,Zenith Communications,ZC,Industrial / Manufacturing,1,lookup,,"What was the selling, general and administrative expense in 2020?",11012.0,"$11,012 million",monetary,"get_value(selling_general_admin, 2020)",selling_general_admin(2020) = 11012.0,selling_general_admin,2020
QA-00566,Zenith Communications,ZC,Industrial / Manufacturing,1,lookup,,What was Zenith Communications's total revenue as of 2021?,132779.0,"$132,779 million",monetary,"get_value(total_revenue, 2021)",total_revenue(2021) = 132779.0,total_revenue,2021
QA-00567,Zenith Communications,ZC,Industrial / Manufacturing,1,lookup,,What was Zenith Communications's current deferred revenue as of 2021?,10356.0,"$10,356 million",monetary,"get_value(deferred_revenue_current, 2021)",deferred_revenue_current(2021) = 10356.0,deferred_revenue_current,2021
QA-00568,Zenith Communications,ZC,Industrial / Manufacturing,1,lookup,,What was the debt issued in 2021?,5232.0,"$5,232 million",monetary,"get_value(debt_issued, 2021)",debt_issued(2021) = 5232.0,debt_issued,2021
QA-00569,Zenith Communications,ZC,Industrial / Manufacturing,1,lookup,,What was Zenith Communications's total operating expenses as of 2022?,39879.0,"$39,879 million",monetary,"get_value(total_operating_expenses, 2022)",total_operating_expenses(2022) = 39879.0,total_operating_expenses,2022
QA-00570,Zenith Communications,ZC,Industrial / Manufacturing,1,lookup,,"According to the 2021 financial statements, what was the total non-current assets?",59727.0,"$59,727 million",monetary,"get_value(total_non_current_assets, 2021)",total_non_current_assets(2021) = 59727.0,total_non_current_assets,2021
QA-00571,Zenith Communications,ZC,Industrial / Manufacturing,2,change,,How did gross profit change from fiscal year 2021 to 2022?,-2276.0,"$-2,276 million",monetary,"diff(get_value(gross_profit, 2022), get_value(gross_profit, 2021))",gross_profit(2022) - gross_profit(2021) = 46857.0 - 49133.0 = -2276.0,gross_profit,2021|2022
QA-00572,Zenith Communications,ZC,Industrial / Manufacturing,2,change,,How did total revenue change from fiscal year 2021 to 2022?,20732.0,"$20,732 million",monetary,"diff(get_value(total_revenue, 2022), get_value(total_revenue, 2021))",total_revenue(2022) - total_revenue(2021) = 153511.0 - 132779.0 = 20732.0,total_revenue,2021|2022
QA-00573,Zenith Communications,ZC,Industrial / Manufacturing,2,change,,What was the change in cash and cash equivalents from 2021 to 2022?,-2881.0,"$-2,881 million",monetary,"diff(get_value(cash_and_equivalents, 2022), get_value(cash_and_equivalents, 2021))",cash_and_equivalents(2022) - cash_and_equivalents(2021) = 6719.0 - 9600.0 = -2881.0,cash_and_equivalents,2021|2022
QA-00574,Zenith Communications,ZC,Industrial / Manufacturing,2,change,,How did long-term debt change from fiscal year 2021 to 2022?,9002.0,"$9,002 million",monetary,"diff(get_value(long_term_debt, 2022), get_value(long_term_debt, 2021))",long_term_debt(2022) - long_term_debt(2021) = 38965.0 - 29963.0 = 9002.0,long_term_debt,2021|2022
QA-00575,Zenith Communications,ZC,Industrial / Manufacturing,2,change,,By how much did net income increase or decrease between 2021 and 2022?,-9611.0,"$-9,611 million",monetary,"diff(get_value(net_income, 2022), get_value(net_income, 2021))",net_income(2022) - net_income(2021) = 4204.0 - 13815.0 = -9611.0,net_income,2021|2022
QA-00576,Zenith Communications,ZC,Industrial / Manufacturing,2,change,,By how much did total stockholders' equity increase or decrease between 2021 and 2022?,12504.0,"$12,504 million",monetary,"diff(get_value(total_stockholders_equity, 2022), get_value(total_stockholders_equity, 2021))",total_stockholders_equity(2022) - total_stockholders_equity(2021) = 62057.0 - 49553.0 = 12504.0,total_stockholders_equity,2021|2022
QA-00577,Zenith Communications,ZC,Industrial / Manufacturing,2,ratio,,What was the ratio of inventories to cost of goods sold in 2022?,0.0355,0.0355,ratio,"ratio(get_value(inventories, 2022), get_value(cost_of_goods_sold, 2022))",inventories(2022) / cost_of_goods_sold(2022) = 3788.0 / 106654.0 = 0.0355,inventories|cost_of_goods_sold,2022
QA-00578,Zenith Communications,ZC,Industrial / Manufacturing,2,ratio,,What percentage of total assets was cash and cash equivalents in 2020?,0.0513,0.0513,ratio,"ratio(get_value(cash_and_equivalents, 2020), get_value(total_assets, 2020))",cash_and_equivalents(2020) / total_assets(2020) = 7041.0 / 137221.0 = 0.0513,cash_and_equivalents|total_assets,2020
QA-00579,Zenith Communications,ZC,Industrial / Manufacturing,2,ratio,,"For every dollar of total revenue, how much selling, general and administrative expense did Zenith Communications have in 2022?",0.1402,0.1402,ratio,"ratio(get_value(selling_general_admin, 2022), get_value(total_revenue, 2022))",selling_general_admin(2022) / total_revenue(2022) = 21527.0 / 153511.0 = 0.1402,selling_general_admin|total_revenue,2022
QA-00580,Zenith Communications,ZC,Industrial / Manufacturing,2,ratio,,What was the ratio of long-term debt to total assets in 2022?,0.2129,0.2129,ratio,"ratio(get_value(long_term_debt, 2022), get_value(total_assets, 2022))",long_term_debt(2022) / total_assets(2022) = 38965.0 / 183061.0 = 0.2129,long_term_debt|total_assets,2022
QA-00581,Zenith Communications,ZC,Industrial / Manufacturing,3,liquidity,working_capital,How much net working capital did Zenith Communications have in 2021?,38431.0,38431.0000,ratio,"diff(get_value(total_current_assets, 2021), get_value(total_current_liabilities, 2021))",working_capital(2021) = 38431.0,total_current_assets|total_current_liabilities,2021
QA-00582,Zenith Communications,ZC,Industrial / Manufacturing,3,liquidity,current_ratio,"In 2022, for every dollar of current liabilities, how many dollars of current assets did Zenith Communications have?",1.1935,1.1935,ratio,"ratio(get_value(total_current_assets, 2022), get_value(total_current_liabilities, 2022))",current_ratio(2022) = 1.1935,total_current_assets|total_current_liabilities,2022
QA-00583,Zenith Communications,ZC,Industrial / Manufacturing,3,profitability,operating_margin,What percentage of Zenith Communications's revenue became operating income in 2020?,0.0862,0.0862,ratio,"ratio(get_value(operating_income, 2020), get_value(total_revenue, 2020))",operating_margin(2020) = 0.0862,operating_income|total_revenue,2020
QA-00584,Zenith Communications,ZC,Industrial / Manufacturing,3,profitability,effective_tax_rate,What was the effective tax rate in 2022?,0.2271,0.2271,ratio,"ratio(get_value(income_tax_expense, 2022), get_value(income_before_tax, 2022))",effective_tax_rate(2022) = 0.2271,income_tax_expense|income_before_tax,2022
QA-00585,Zenith Communications,ZC,Industrial / Manufacturing,3,leverage,interest_coverage,What was the interest coverage ratio in 2020?,22.7505,22.7505,ratio,"ratio(get_value(operating_income, 2020), get_value(interest_expense, 2020))",interest_coverage(2020) = 22.7505,operating_income|interest_expense,2020
QA-00586,Zenith Communications,ZC,Industrial / Manufacturing,3,efficiency,rd_to_revenue,What percentage of revenue was spent on R&D in 2021?,0.059,0.0590,ratio,"ratio(get_value(research_and_development, 2021), get_value(total_revenue, 2021))",rd_to_revenue(2021) = 0.059,research_and_development|total_revenue,2021
QA-00587,Zenith Communications,ZC,Industrial / Manufacturing,3,liquidity,quick_ratio,What was the quick ratio in 2021?,1.7586,1.7586,ratio,"ratio(diff(get_value(total_current_assets, 2021), get_value(inventories, 2021)), get_value(total_current_liabilities, 2021))",quick_ratio(2021) = 1.7586,total_current_assets|inventories|total_current_liabilities,2021
QA-00588,Zenith Communications,ZC,Industrial / Manufacturing,3,profitability,net_profit_margin,What was the net profit margin in 2021?,0.104,0.1040,ratio,"ratio(get_value(net_income, 2021), get_value(total_revenue, 2021))",net_profit_margin(2021) = 0.104,net_income|total_revenue,2021
QA-00589,Zenith Communications,ZC,Industrial / Manufacturing,3,profitability,return_on_assets,How efficiently did Zenith Communications use its assets to generate profit in 2022?,0.0259,0.0259,ratio,"ratio(get_value(net_income, 2022), avg(get_value(total_assets, 2022), get_value(total_assets, 2021)))",return_on_assets(2022) = 0.0259,net_income|total_assets,2022|2021
QA-00590,Zenith Communications,ZC,Industrial / Manufacturing,3,cash_flow,free_cash_flow,What was the free cash flow in 2021?,17988.0,17988.0000,ratio,"diff(get_value(cash_from_operations, 2021), get_value(capital_expenditures, 2021))",free_cash_flow(2021) = 17988.0,cash_from_operations|capital_expenditures,2021
QA-00591,Zenith Communications,ZC,Industrial / Manufacturing,4,profitability,change_in_operating_margin,What was the change in Zenith Communications's operating margin between 2021 and 2022?,-0.0995,-0.0995,ratio_change,"diff(operating_margin(2022), operating_margin(2021))",operating_margin(2022) - operating_margin(2021) = 0.0455 - 0.145 = -0.0995,operating_income|total_revenue,2021|2022
QA-00592,Zenith Communications,ZC,Industrial / Manufacturing,4,profitability,change_in_net_profit_margin,How did the net profit margin change from 2021 to 2022?,-0.0767,-0.0767,ratio_change,"diff(net_profit_margin(2022), net_profit_margin(2021))",net_profit_margin(2022) - net_profit_margin(2021) = 0.0274 - 0.104 = -0.0767,net_income|total_revenue,2021|2022
QA-00593,Zenith Communications,ZC,Industrial / Manufacturing,4,leverage,change_in_debt_to_equity,By how much did the debt to equity change from fiscal year 2021 to 2022?,0.1014,0.1014,ratio_change,"diff(debt_to_equity(2022), debt_to_equity(2021))",debt_to_equity(2022) - debt_to_equity(2021) = 1.9499 - 1.8485 = 0.1014,total_liabilities|total_stockholders_equity,2021|2022
QA-00594,Zenith Communications,ZC,Industrial / Manufacturing,4,liquidity,change_in_current_ratio,By how much did the current ratio change from fiscal year 2021 to 2022?,-0.7004,-0.7004,ratio_change,"diff(current_ratio(2022), current_ratio(2021))",current_ratio(2022) - current_ratio(2021) = 1.1935 - 1.8939 = -0.7004,total_current_assets|total_current_liabilities,2021|2022
QA-00595,Zenith Communications,ZC,Industrial / Manufacturing,4,growth,equity_growth,What was the growth rate in Zenith Communications's book value?,25.23,25.23%,percentage,"pct_change(total_stockholders_equity, 2021, 2022)",(total_stockholders_equity(2022) - total_stockholders_equity(2021)) / |total_stockholders_equity(2021)| * 100 = (62057.0 - 49553.0) / 49553.0 * 100 = 25.23%,total_stockholders_equity,2021|2022
QA-00596,Zenith Communications,ZC,Industrial / Manufacturing,4,growth,revenue_growth,What was the revenue growth rate from 2021 to 2022?,15.61,15.61%,percentage,"pct_change(total_revenue, 2021, 2022)",(total_revenue(2022) - total_revenue(2021)) / |total_revenue(2021)| * 100 = (153511.0 - 132779.0) / 132779.0 * 100 = 15.61%,total_revenue,2021|2022
QA-00597,Zenith Communications,ZC,Industrial / Manufacturing,4,growth,asset_growth,What was the year-over-year growth in Zenith Communications's asset base?,29.69,29.69%,percentage,"pct_change(total_assets, 2021, 2022)",(total_assets(2022) - total_assets(2021)) / |total_assets(2021)| * 100 = (183061.0 - 141152.0) / 141152.0 * 100 = 29.69%,total_assets,2021|2022
QA-00598,Zenith Communications,ZC,Industrial / Manufacturing,5,profitability,did_gross_margin_improve,"Did the gross margin get better from 2021 to 2022, and by how much?",False,No,boolean,"compare_gt(gross_margin(2022), gross_margin(2021))","gross_margin(2021)=0.37, gross_margin(2022)=0.3052, improved=False, change=-0.0648",gross_profit|total_revenue,2021|2022
QA-00599,Zenith Communications,ZC,Industrial / Manufacturing,5,liquidity,did_current_ratio_improve,"Did the current ratio get better from 2021 to 2022, and by how much?",False,No,boolean,"compare_gt(current_ratio(2022), current_ratio(2021))","current_ratio(2021)=1.8939, current_ratio(2022)=1.1935, improved=False, change=-0.7004",total_current_assets|total_current_liabilities,2021|2022
QA-00600,Zenith Communications,ZC,Industrial / Manufacturing,5,cash_flow,change_in_fcf_margin,How did Zenith Communications's free cash flow margin change from 2021 to 2022?,-0.0795,-0.0795,ratio_change,"diff(ratio(diff(cash_from_operations, capital_expenditures), total_revenue, 2022), ratio(diff(cash_from_operations, capital_expenditures), total_revenue, 2021))",FCF_margin(2022) - FCF_margin(2021) = 0.056 - 0.1355 = -0.0795,cash_from_operations|capital_expenditures|total_revenue,2021|2022
QA-00601,Pinnacle Health Group,PHG,Industrial / Manufacturing,1,lookup,,What was Pinnacle Health Group's income tax expense as of 2022?,3022.0,"$3,022 million",monetary,"get_value(income_tax_expense, 2022)",income_tax_expense(2022) = 3022.0,income_tax_expense,2022
QA-00602,Pinnacle Health Group,PHG,Industrial / Manufacturing,1,lookup,,"According to the 2022 financial statements, what was the total non-current liabilities?",33632.0,"$33,632 million",monetary,"get_value(total_non_current_liabilities, 2022)",total_non_current_liabilities(2022) = 33632.0,total_non_current_liabilities,2022
QA-00603,Pinnacle Health Group,PHG,Industrial / Manufacturing,1,lookup,,What was Pinnacle Health Group's accumulated other comprehensive income as of 2020?,711.0,$711.00 million,monetary,"get_value(accumulated_other_comprehensive_income, 2020)",accumulated_other_comprehensive_income(2020) = 711.0,accumulated_other_comprehensive_income,2020
QA-00604,Pinnacle Health Group,PHG,Industrial / Manufacturing,1,lookup,,What was the cash and cash equivalents in 2022?,6669.0,"$6,669 million",monetary,"get_value(cash_and_equivalents, 2022)",cash_and_equivalents(2022) = 6669.0,cash_and_equivalents,2022
QA-00605,Pinnacle Health Group,PHG,Industrial / Manufacturing,1,lookup,,How much did Pinnacle Health Group report for gross profit in fiscal year 2020?,22079.0,"$22,079 million",monetary,"get_value(gross_profit, 2020)",gross_profit(2020) = 22079.0,gross_profit,2020
QA-00606,Pinnacle Health Group,PHG,Industrial / Manufacturing,1,lookup,,"According to the 2021 financial statements, what was the basic shares outstanding?",1868,"$1,868 million",monetary,"get_value(shares_basic, 2021)",shares_basic(2021) = 1868,shares_basic,2021
QA-00607,Pinnacle Health Group,PHG,Industrial / Manufacturing,1,lookup,,What was Pinnacle Health Group's current deferred revenue as of 2021?,3310.0,"$3,310 million",monetary,"get_value(deferred_revenue_current, 2021)",deferred_revenue_current(2021) = 3310.0,deferred_revenue_current,2021
QA-00608,Pinnacle Health Group,PHG,Industrial / Manufacturing,1,lookup,,What was Pinnacle Health Group's treasury stock as of 2020?,-6985.0,"$-6,985 million",monetary,"get_value(treasury_stock, 2020)",treasury_stock(2020) = -6985.0,treasury_stock,2020
QA-00609,Pinnacle Health Group,PHG,Industrial / Manufacturing,1,lookup,,"According to the 2021 financial statements, what was the operating income?",2115.0,"$2,115 million",monetary,"get_value(operating_income, 2021)",operating_income(2021) = 2115.0,operating_income,2021
QA-00610,Pinnacle Health Group,PHG,Industrial / Manufacturing,1,lookup,,What was Pinnacle Health Group's retained earnings as of 2021?,32997.0,"$32,997 million",monetary,"get_value(retained_earnings, 2021)",retained_earnings(2021) = 32997.0,retained_earnings,2021
QA-00611,Pinnacle Health Group,PHG,Industrial / Manufacturing,2,change,,What was the year-over-year change in Pinnacle Health Group's total revenue from 2021 to 2022?,-93.0,$-93.00 million,monetary,"diff(get_value(total_revenue, 2022), get_value(total_revenue, 2021))",total_revenue(2022) - total_revenue(2021) = 65367.0 - 65460.0 = -93.0,total_revenue,2021|2022
QA-00612,Pinnacle Health Group,PHG,Industrial / Manufacturing,2,change,,How did net income change from fiscal year 2021 to 2022?,7984.0,"$7,984 million",monetary,"diff(get_value(net_income, 2022), get_value(net_income, 2021))",net_income(2022) - net_income(2021) = 9221.0 - 1237.0 = 7984.0,net_income,2021|2022
QA-00613,Pinnacle Health Group,PHG,Industrial / Manufacturing,2,change,,By how much did gross profit increase or decrease between 2021 and 2022?,12331.0,"$12,331 million",monetary,"diff(get_value(gross_profit, 2022), get_value(gross_profit, 2021))",gross_profit(2022) - gross_profit(2021) = 27272.0 - 14941.0 = 12331.0,gross_profit,2021|2022
QA-00614,Pinnacle Health Group,PHG,Industrial / Manufacturing,2,change,,How did total liabilities change from fiscal year 2021 to 2022?,-14377.0,"$-14,377 million",monetary,"diff(get_value(total_liabilities, 2022), get_value(total_liabilities, 2021))",total_liabilities(2022) - total_liabilities(2021) = 63092.0 - 77469.0 = -14377.0,total_liabilities,2021|2022
QA-00615,Pinnacle Health Group,PHG,Industrial / Manufacturing,2,change,,How did long-term debt change from fiscal year 2021 to 2022?,-9268.0,"$-9,268 million",monetary,"diff(get_value(long_term_debt, 2022), get_value(long_term_debt, 2021))",long_term_debt(2022) - long_term_debt(2021) = 24365.0 - 33633.0 = -9268.0,long_term_debt,2021|2022
QA-00616,Pinnacle Health Group,PHG,Industrial / Manufacturing,2,change,,By how much did operating income increase or decrease between 2021 and 2022?,10809.0,"$10,809 million",monetary,"diff(get_value(operating_income, 2022), get_value(operating_income, 2021))",operating_income(2022) - operating_income(2021) = 12924.0 - 2115.0 = 10809.0,operating_income,2021|2022
QA-00617,Pinnacle Health Group,PHG,Industrial / Manufacturing,2,ratio,,"For every dollar of cost of goods sold, how much inventories did Pinnacle Health Group have in 2022?",0.0852,0.0852,ratio,"ratio(get_value(inventories, 2022), get_value(cost_of_goods_sold, 2022))",inventories(2022) / cost_of_goods_sold(2022) = 3247.0 / 38095.0 = 0.0852,inventories|cost_of_goods_sold,2022
QA-00618,Pinnacle Health Group,PHG,Industrial / Manufacturing,2,ratio,,"What percentage of total revenue was selling, general and administrative expense in 2022?",0.0984,0.0984,ratio,"ratio(get_value(selling_general_admin, 2022), get_value(total_revenue, 2022))",selling_general_admin(2022) / total_revenue(2022) = 6434.0 / 65367.0 = 0.0984,selling_general_admin|total_revenue,2022
QA-00619,Pinnacle Health Group,PHG,Industrial / Manufacturing,2,ratio,,"For every dollar of total assets, how much long-term debt did Pinnacle Health Group have in 2021?",0.2918,0.2918,ratio,"ratio(get_value(long_term_debt, 2021), get_value(total_assets, 2021))",long_term_debt(2021) / total_assets(2021) = 33633.0 / 115253.0 = 0.2918,long_term_debt|total_assets,2021
QA-00620,Pinnacle Health Group,PHG,Industrial / Manufacturing,2,ratio,,"For every dollar of total assets, how much cash and cash equivalents did Pinnacle Health Group have in 2020?",0.039,0.0390,ratio,"ratio(get_value(cash_and_equivalents, 2020), get_value(total_assets, 2020))",cash_and_equivalents(2020) / total_assets(2020) = 4855.0 / 124477.0 = 0.039,cash_and_equivalents|total_assets,2020
QA-00621,Pinnacle Health Group,PHG,Industrial / Manufacturing,3,cash_flow,free_cash_flow,How much cash was left after capital expenditures in 2021?,-1039.0,-1039.0000,ratio,"diff(get_value(cash_from_operations, 2021), get_value(capital_expenditures, 2021))",free_cash_flow(2021) = -1039.0,cash_from_operations|capital_expenditures,2021
QA-00622,Pinnacle Health Group,PHG,Industrial / Manufacturing,3,profitability,operating_margin,What percentage of Pinnacle Health Group's revenue became operating income in 2020?,0.0924,0.0924,ratio,"ratio(get_value(operating_income, 2020), get_value(total_revenue, 2020))",operating_margin(2020) = 0.0924,operating_income|total_revenue,2020
QA-00623,Pinnacle Health Group,PHG,Industrial / Manufacturing,3,efficiency,capex_to_revenue,What was capital expenditure as a percentage of revenue in 2020?,0.0764,0.0764,ratio,"ratio(get_value(capital_expenditures, 2020), get_value(total_revenue, 2020))",capex_to_revenue(2020) = 0.0764,capital_expenditures|total_revenue,2020
QA-00624,Pinnacle Health Group,PHG,Industrial / Manufacturing,3,profitability,gross_margin,What was the gross profit margin in 2021?,0.2282,0.2282,ratio,"ratio(get_value(gross_profit, 2021), get_value(total_revenue, 2021))",gross_margin(2021) = 0.2282,gross_profit|total_revenue,2021
QA-00625,Pinnacle Health Group,PHG,Industrial / Manufacturing,3,leverage,interest_coverage,What was the interest coverage ratio in 2022?,13.987,13.9870,ratio,"ratio(get_value(operating_income, 2022), get_value(interest_expense, 2022))",interest_coverage(2022) = 13.987,operating_income|interest_expense,2022
QA-00626,Pinnacle Health Group,PHG,Industrial / Manufacturing,3,profitability,return_on_assets,How efficiently did Pinnacle Health Group use its assets to generate profit in 2022?,0.0897,0.0897,ratio,"ratio(get_value(net_income, 2022), avg(get_value(total_assets, 2022), get_value(total_assets, 2021)))",return_on_assets(2022) = 0.0897,net_income|total_assets,2022|2021
QA-00627,Pinnacle Health Group,PHG,Industrial / Manufacturing,3,liquidity,quick_ratio,What was the quick ratio in 2022?,1.4061,1.4061,ratio,"ratio(diff(get_value(total_current_assets, 2022), get_value(inventories, 2022)), get_value(total_current_liabilities, 2022))",quick_ratio(2022) = 1.4061,total_current_assets|inventories|total_current_liabilities,2022
QA-00628,Pinnacle Health Group,PHG,Industrial / Manufacturing,3,profitability,effective_tax_rate,What was the effective tax rate in 2021?,0.2235,0.2235,ratio,"ratio(get_value(income_tax_expense, 2021), get_value(income_before_tax, 2021))",effective_tax_rate(2021) = 0.2235,income_tax_expense|income_before_tax,2021
QA-00629,Pinnacle Health Group,PHG,Industrial / Manufacturing,3,profitability,net_profit_margin,What was the net profit margin in 2021?,0.0189,0.0189,ratio,"ratio(get_value(net_income, 2021), get_value(total_revenue, 2021))",net_profit_margin(2021) = 0.0189,net_income|total_revenue,2021
QA-00630,Pinnacle Health Group,PHG,Industrial / Manufacturing,3,liquidity,working_capital,How much net working capital did Pinnacle Health Group have in 2020?,10156.0,10156.0000,ratio,"diff(get_value(total_current_assets, 2020), get_value(total_current_liabilities, 2020))",working_capital(2020) = 10156.0,total_current_assets|total_current_liabilities,2020
QA-00631,Pinnacle Health Group,PHG,Industrial / Manufacturing,4,liquidity,change_in_current_ratio,What was the change in Pinnacle Health Group's current ratio between 2021 and 2022?,0.1505,0.1505,ratio_change,"diff(current_ratio(2022), current_ratio(2021))",current_ratio(2022) - current_ratio(2021) = 1.5164 - 1.3659 = 0.1505,total_current_assets|total_current_liabilities,2021|2022
QA-00632,Pinnacle Health Group,PHG,Industrial / Manufacturing,4,profitability,change_in_net_profit_margin,By how much did the net profit margin change from fiscal year 2021 to 2022?,0.1222,0.1222,ratio_change,"diff(net_profit_margin(2022), net_profit_margin(2021))",net_profit_margin(2022) - net_profit_margin(2021) = 0.1411 - 0.0189 = 0.1222,net_income|total_revenue,2021|2022
QA-00633,Pinnacle Health Group,PHG,Industrial / Manufacturing,4,profitability,change_in_gross_margin,By how much did the gross margin change from fiscal year 2021 to 2022?,0.189,0.1890,ratio_change,"diff(gross_margin(2022), gross_margin(2021))",gross_margin(2022) - gross_margin(2021) = 0.4172 - 0.2282 = 0.189,gross_profit|total_revenue,2021|2022
QA-00634,Pinnacle Health Group,PHG,Industrial / Manufacturing,4,profitability,change_in_operating_margin,By how much did the operating margin change from fiscal year 2021 to 2022?,0.1654,0.1654,ratio_change,"diff(operating_margin(2022), operating_margin(2021))",operating_margin(2022) - operating_margin(2021) = 0.1977 - 0.0323 = 0.1654,operating_income|total_revenue,2021|2022
QA-00635,Pinnacle Health Group,PHG,Industrial / Manufacturing,4,growth,operating_income_growth,What was the change in operating income from 2021 to 2022?,511.06,511.06%,percentage,"pct_change(operating_income, 2021, 2022)",(operating_income(2022) - operating_income(2021)) / |operating_income(2021)| * 100 = (12924.0 - 2115.0) / 2115.0 * 100 = 511.06%,operating_income,2021|2022
QA-00636,Pinnacle Health Group,PHG,Industrial / Manufacturing,4,growth,revenue_growth,What was the revenue growth rate from 2021 to 2022?,-0.14,-0.14%,percentage,"pct_change(total_revenue, 2021, 2022)",(total_revenue(2022) - total_revenue(2021)) / |total_revenue(2021)| * 100 = (65367.0 - 65460.0) / 65460.0 * 100 = -0.14%,total_revenue,2021|2022
QA-00637,Pinnacle Health Group,PHG,Industrial / Manufacturing,4,growth,net_income_growth,By what percentage did Pinnacle Health Group's earnings change from 2021 to 2022?,645.43,645.43%,percentage,"pct_change(net_income, 2021, 2022)",(net_income(2022) - net_income(2021)) / |net_income(2021)| * 100 = (9221.0 - 1237.0) / 1237.0 * 100 = 645.43%,net_income,2021|2022
QA-00638,Pinnacle Health Group,PHG,Industrial / Manufacturing,5,profitability,did_operating_margin_improve,"Did the operating margin get better from 2021 to 2022, and by how much?",True,Yes,boolean,"compare_gt(operating_margin(2022), operating_margin(2021))","operating_margin(2021)=0.0323, operating_margin(2022)=0.1977, improved=True, change=0.1654",operating_income|total_revenue,2021|2022
QA-00639,Pinnacle Health Group,PHG,Industrial / Manufacturing,5,liquidity,did_current_ratio_improve,Did Pinnacle Health Group's current ratio improve from 2021 to 2022?,True,Yes,boolean,"compare_gt(current_ratio(2022), current_ratio(2021))","current_ratio(2021)=1.3659, current_ratio(2022)=1.5164, improved=True, change=0.1505",total_current_assets|total_current_liabilities,2021|2022
QA-00640,Pinnacle Health Group,PHG,Industrial / Manufacturing,5,cash_flow,change_in_fcf_margin,How did Pinnacle Health Group's free cash flow margin change from 2021 to 2022?,0.1932,0.1932,ratio_change,"diff(ratio(diff(cash_from_operations, capital_expenditures), total_revenue, 2022), ratio(diff(cash_from_operations, capital_expenditures), total_revenue, 2021))",FCF_margin(2022) - FCF_margin(2021) = 0.1773 - -0.0159 = 0.1932,cash_from_operations|capital_expenditures|total_revenue,2021|2022
QA-00641,Summit Infrastructure,SI,Large-cap Technology,1,lookup,,What was Summit Infrastructure's short-term debt as of 2022?,22376.0,"$22,376 million",monetary,"get_value(short_term_debt, 2022)",short_term_debt(2022) = 22376.0,short_term_debt,2022
QA-00642,Summit Infrastructure,SI,Large-cap Technology,1,lookup,,"According to the 2020 financial statements, what was the short-term investments?",944.0,$944.00 million,monetary,"get_value(short_term_investments, 2020)",short_term_investments(2020) = 944.0,short_term_investments,2020
QA-00643,Summit Infrastructure,SI,Large-cap Technology,1,lookup,,What was Summit Infrastructure's stock-based compensation as of 2022?,7362.0,"$7,362 million",monetary,"get_value(stock_based_compensation, 2022)",stock_based_compensation(2022) = 7362.0,stock_based_compensation,2022
QA-00644,Summit Infrastructure,SI,Large-cap Technology,1,lookup,,"According to the 2022 financial statements, what was the other non-current assets?",0.0,$0.00 million,monetary,"get_value(other_non_current_assets, 2022)",other_non_current_assets(2022) = 0.0,other_non_current_assets,2022
QA-00645,Summit Infrastructure,SI,Large-cap Technology,1,lookup,,What was Summit Infrastructure's share repurchases as of 2021?,6147.0,"$6,147 million",monetary,"get_value(share_repurchases, 2021)",share_repurchases(2021) = 6147.0,share_repurchases,2021
QA-00646,Summit Infrastructure,SI,Large-cap Technology,1,lookup,,"According to the 2022 financial statements, what was the common stock?",27.0,$27.00 million,monetary,"get_value(common_stock, 2022)",common_stock(2022) = 27.0,common_stock,2022
QA-00647,Summit Infrastructure,SI,Large-cap Technology,1,lookup,,"According to the 2022 financial statements, what was the long-term debt?",52421.0,"$52,421 million",monetary,"get_value(long_term_debt, 2022)",long_term_debt(2022) = 52421.0,long_term_debt,2022
QA-00648,Summit Infrastructure,SI,Large-cap Technology,1,lookup,,How much did Summit Infrastructure report for income before taxes in fiscal year 2021?,98145.0,"$98,145 million",monetary,"get_value(income_before_tax, 2021)",income_before_tax(2021) = 98145.0,income_before_tax,2021
QA-00649,Summit Infrastructure,SI,Large-cap Technology,1,lookup,,How much did Summit Infrastructure report for non-current deferred revenue in fiscal year 2022?,136.0,$136.00 million,monetary,"get_value(deferred_revenue_non_current, 2022)",deferred_revenue_non_current(2022) = 136.0,deferred_revenue_non_current,2022
QA-00650,Summit Infrastructure,SI,Large-cap Technology,1,lookup,,What was the gross profit in 2021?,293796.0,"$293,796 million",monetary,"get_value(gross_profit, 2021)",gross_profit(2021) = 293796.0,gross_profit,2021
QA-00651,Summit Infrastructure,SI,Large-cap Technology,2,change,,By how much did cash and cash equivalents increase or decrease between 2021 and 2022?,1388.0,"$1,388 million",monetary,"diff(get_value(cash_and_equivalents, 2022), get_value(cash_and_equivalents, 2021))",cash_and_equivalents(2022) - cash_and_equivalents(2021) = 44188.0 - 42800.0 = 1388.0,cash_and_equivalents,2021|2022
QA-00652,Summit Infrastructure,SI,Large-cap Technology,2,change,,By how much did total stockholders' equity increase or decrease between 2021 and 2022?,-103469.0,"$-103,469 million",monetary,"diff(get_value(total_stockholders_equity, 2022), get_value(total_stockholders_equity, 2021))",total_stockholders_equity(2022) - total_stockholders_equity(2021) = 110919.0 - 214388.0 = -103469.0,total_stockholders_equity,2021|2022
QA-00653,Summit Infrastructure,SI,Large-cap Technology,2,change,,What was the year-over-year change in Summit Infrastructure's total assets from 2021 to 2022?,-136923.0,"$-136,923 million",monetary,"diff(get_value(total_assets, 2022), get_value(total_assets, 2021))",total_assets(2022) - total_assets(2021) = 259830.0 - 396753.0 = -136923.0,total_assets,2021|2022
QA-00654,Summit Infrastructure,SI,Large-cap Technology,2,change,,What was the change in total revenue from 2021 to 2022?,-13538.0,"$-13,538 million",monetary,"diff(get_value(total_revenue, 2022), get_value(total_revenue, 2021))",total_revenue(2022) - total_revenue(2021) = 384879.0 - 398417.0 = -13538.0,total_revenue,2021|2022
QA-00655,Summit Infrastructure,SI,Large-cap Technology,2,change,,By how much did total liabilities increase or decrease between 2021 and 2022?,-33454.0,"$-33,454 million",monetary,"diff(get_value(total_liabilities, 2022), get_value(total_liabilities, 2021))",total_liabilities(2022) - total_liabilities(2021) = 148911.0 - 182365.0 = -33454.0,total_liabilities,2021|2022
QA-00656,Summit Infrastructure,SI,Large-cap Technology,2,change,,By how much did gross profit increase or decrease between 2021 and 2022?,-20388.0,"$-20,388 million",monetary,"diff(get_value(gross_profit, 2022), get_value(gross_profit, 2021))",gross_profit(2022) - gross_profit(2021) = 273408.0 - 293796.0 = -20388.0,gross_profit,2021|2022
QA-00657,Summit Infrastructure,SI,Large-cap Technology,2,ratio,,What percentage of total revenue was accounts receivable in 2021?,0.0948,0.0948,ratio,"ratio(get_value(accounts_receivable_net, 2021), get_value(total_revenue, 2021))",accounts_receivable_net(2021) / total_revenue(2021) = 37751.0 / 398417.0 = 0.0948,accounts_receivable_net|total_revenue,2021
QA-00658,Summit Infrastructure,SI,Large-cap Technology,2,ratio,,What was long-term debt as a proportion of total assets in 2021?,0.2488,0.2488,ratio,"ratio(get_value(long_term_debt, 2021), get_value(total_assets, 2021))",long_term_debt(2021) / total_assets(2021) = 98721.0 / 396753.0 = 0.2488,long_term_debt|total_assets,2021
QA-00659,Summit Infrastructure,SI,Large-cap Technology,2,ratio,,"What was selling, general and administrative expense as a proportion of total revenue in 2021?",0.1676,0.1676,ratio,"ratio(get_value(selling_general_admin, 2021), get_value(total_revenue, 2021))",selling_general_admin(2021) / total_revenue(2021) = 66779.0 / 398417.0 = 0.1676,selling_general_admin|total_revenue,2021
QA-00660,Summit Infrastructure,SI,Large-cap Technology,2,ratio,,What was cash and cash equivalents as a proportion of total assets in 2022?,0.1701,0.1701,ratio,"ratio(get_value(cash_and_equivalents, 2022), get_value(total_assets, 2022))",cash_and_equivalents(2022) / total_assets(2022) = 44188.0 / 259830.0 = 0.1701,cash_and_equivalents|total_assets,2022
QA-00661,Summit Infrastructure,SI,Large-cap Technology,3,profitability,net_profit_margin,How much of each dollar of revenue was net income for Summit Infrastructure in 2020?,0.1875,0.1875,ratio,"ratio(get_value(net_income, 2020), get_value(total_revenue, 2020))",net_profit_margin(2020) = 0.1875,net_income|total_revenue,2020
QA-00662,Summit Infrastructure,SI,Large-cap Technology,3,profitability,operating_margin,What was the operating profit margin in 2020?,0.2457,0.2457,ratio,"ratio(get_value(operating_income, 2020), get_value(total_revenue, 2020))",operating_margin(2020) = 0.2457,operating_income|total_revenue,2020
QA-00663,Summit Infrastructure,SI,Large-cap Technology,3,cash_flow,free_cash_flow,What was the free cash flow in 2022?,102057.0,102057.0000,ratio,"diff(get_value(cash_from_operations, 2022), get_value(capital_expenditures, 2022))",free_cash_flow(2022) = 102057.0,cash_from_operations|capital_expenditures,2022
QA-00664,Summit Infrastructure,SI,Large-cap Technology,3,profitability,effective_tax_rate,What percentage of pre-tax income did Summit Infrastructure pay in taxes in 2021?,0.197,0.1970,ratio,"ratio(get_value(income_tax_expense, 2021), get_value(income_before_tax, 2021))",effective_tax_rate(2021) = 0.197,income_tax_expense|income_before_tax,2021
QA-00665,Summit Infrastructure,SI,Large-cap Technology,3,efficiency,rd_to_revenue,What percentage of revenue was spent on R&D in 2021?,0.2435,0.2435,ratio,"ratio(get_value(research_and_development, 2021), get_value(total_revenue, 2021))",rd_to_revenue(2021) = 0.2435,research_and_development|total_revenue,2021
QA-00666,Summit Infrastructure,SI,Large-cap Technology,3,liquidity,quick_ratio,What was the quick ratio in 2022?,2.0412,2.0412,ratio,"ratio(diff(get_value(total_current_assets, 2022), get_value(inventories, 2022)), get_value(total_current_liabilities, 2022))",quick_ratio(2022) = 2.0412,total_current_assets|inventories|total_current_liabilities,2022
QA-00667,Summit Infrastructure,SI,Large-cap Technology,3,profitability,gross_margin,What percentage of revenue was retained after cost of goods sold in 2022?,0.7104,0.7104,ratio,"ratio(get_value(gross_profit, 2022), get_value(total_revenue, 2022))",gross_margin(2022) = 0.7104,gross_profit|total_revenue,2022
QA-00668,Summit Infrastructure,SI,Large-cap Technology,3,leverage,debt_to_assets,What was the debt-to-assets ratio in 2022?,0.5731,0.5731,ratio,"ratio(get_value(total_liabilities, 2022), get_value(total_assets, 2022))",debt_to_assets(2022) = 0.5731,total_liabilities|total_assets,2022
QA-00669,Summit Infrastructure,SI,Large-cap Technology,3,leverage,debt_to_equity,What was the debt-to-equity ratio in 2021?,0.8506,0.8506,ratio,"ratio(get_value(total_liabilities, 2021), get_value(total_stockholders_equity, 2021))",debt_to_equity(2021) = 0.8506,total_liabilities|total_stockholders_equity,2021
QA-00670,Summit Infrastructure,SI,Large-cap Technology,3,leverage,interest_coverage,How many times could Summit Infrastructure cover its interest expense with operating income in 2020?,23.0144,23.0144,ratio,"ratio(get_value(operating_income, 2020), get_value(interest_expense, 2020))",interest_coverage(2020) = 23.0144,operating_income|interest_expense,2020
QA-00671,Summit Infrastructure,SI,Large-cap Technology,4,liquidity,change_in_current_ratio,What was the change in Summit Infrastructure's current ratio between 2021 and 2022?,0.0542,0.0542,ratio_change,"diff(current_ratio(2022), current_ratio(2021))",current_ratio(2022) - current_ratio(2021) = 2.0834 - 2.0292 = 0.0542,total_current_assets|total_current_liabilities,2021|2022
QA-00672,Summit Infrastructure,SI,Large-cap Technology,4,leverage,change_in_debt_to_equity,How did the debt to equity change from 2021 to 2022?,0.4919,0.4919,ratio_change,"diff(debt_to_equity(2022), debt_to_equity(2021))",debt_to_equity(2022) - debt_to_equity(2021) = 1.3425 - 0.8506 = 0.4919,total_liabilities|total_stockholders_equity,2021|2022
QA-00673,Summit Infrastructure,SI,Large-cap Technology,4,profitability,change_in_operating_margin,How did the operating margin change from 2021 to 2022?,0.0457,0.0457,ratio_change,"diff(operating_margin(2022), operating_margin(2021))",operating_margin(2022) - operating_margin(2021) = 0.3012 - 0.2554 = 0.0457,operating_income|total_revenue,2021|2022
QA-00674,Summit Infrastructure,SI,Large-cap Technology,4,profitability,change_in_net_profit_margin,By how much did the net profit margin change from fiscal year 2021 to 2022?,0.0535,0.0535,ratio_change,"diff(net_profit_margin(2022), net_profit_margin(2021))",net_profit_margin(2022) - net_profit_margin(2021) = 0.2513 - 0.1978 = 0.0535,net_income|total_revenue,2021|2022
QA-00675,Summit Infrastructure,SI,Large-cap Technology,4,growth,asset_growth,What was the year-over-year growth in Summit Infrastructure's asset base?,-34.51,-34.51%,percentage,"pct_change(total_assets, 2021, 2022)",(total_assets(2022) - total_assets(2021)) / |total_assets(2021)| * 100 = (259830.0 - 396753.0) / 396753.0 * 100 = -34.51%,total_assets,2021|2022
QA-00676,Summit Infrastructure,SI,Large-cap Technology,4,growth,operating_income_growth,By what percentage did operating profit grow?,13.89,13.89%,percentage,"pct_change(operating_income, 2021, 2022)",(operating_income(2022) - operating_income(2021)) / |operating_income(2021)| * 100 = (115910.0 - 101774.0) / 101774.0 * 100 = 13.89%,operating_income,2021|2022
QA-00677,Summit Infrastructure,SI,Large-cap Technology,4,growth,equity_growth,How did shareholders' equity change from 2021 to 2022?,-48.26,-48.26%,percentage,"pct_change(total_stockholders_equity, 2021, 2022)",(total_stockholders_equity(2022) - total_stockholders_equity(2021)) / |total_stockholders_equity(2021)| * 100 = (110919.0 - 214388.0) / 214388.0 * 100 = -48.26%,total_stockholders_equity,2021|2022
QA-00678,Summit Infrastructure,SI,Large-cap Technology,5,liquidity,did_current_ratio_improve,Did Summit Infrastructure's current ratio improve from 2021 to 2022?,True,Yes,boolean,"compare_gt(current_ratio(2022), current_ratio(2021))","current_ratio(2021)=2.0292, current_ratio(2022)=2.0834, improved=True, change=0.0542",total_current_assets|total_current_liabilities,2021|2022
QA-00679,Summit Infrastructure,SI,Large-cap Technology,5,leverage,did_debt_to_equity_improve,"Did the debt to equity get better from 2021 to 2022, and by how much?",False,No,boolean,"compare_gt(debt_to_equity(2022), debt_to_equity(2021))","debt_to_equity(2021)=0.8506, debt_to_equity(2022)=1.3425, improved=False, change=0.4919",total_liabilities|total_stockholders_equity,2021|2022
QA-00680,Summit Infrastructure,SI,Large-cap Technology,5,cash_flow,change_in_fcf_margin,How did Summit Infrastructure's free cash flow margin change from 2021 to 2022?,0.0599,0.0599,ratio_change,"diff(ratio(diff(cash_from_operations, capital_expenditures), total_revenue, 2022), ratio(diff(cash_from_operations, capital_expenditures), total_revenue, 2021))",FCF_margin(2022) - FCF_margin(2021) = 0.2652 - 0.2053 = 0.0599,cash_from_operations|capital_expenditures|total_revenue,2021|2022
QA-00681,Meridian Systems Inc,MSI,Industrial / Manufacturing,1,lookup,,"According to the 2022 financial statements, what was the interest income?",76.0,$76.00 million,monetary,"get_value(interest_income, 2022)",interest_income(2022) = 76.0,interest_income,2022
QA-00682,Meridian Systems Inc,MSI,Industrial / Manufacturing,1,lookup,,What was the prepaid expenses in 2020?,22314.0,"$22,314 million",monetary,"get_value(prepaid_expenses, 2020)",prepaid_expenses(2020) = 22314.0,prepaid_expenses,2020
QA-00683,Meridian Systems Inc,MSI,Industrial / Manufacturing,1,lookup,,"According to the 2021 financial statements, what was the goodwill?",82333.0,"$82,333 million",monetary,"get_value(goodwill, 2021)",goodwill(2021) = 82333.0,goodwill,2021
QA-00684,Meridian Systems Inc,MSI,Industrial / Manufacturing,1,lookup,,What was the additional paid-in capital in 2021?,43287.0,"$43,287 million",monetary,"get_value(additional_paid_in_capital, 2021)",additional_paid_in_capital(2021) = 43287.0,additional_paid_in_capital,2021
QA-00685,Meridian Systems Inc,MSI,Industrial / Manufacturing,1,lookup,,What was Meridian Systems Inc's inventories as of 2022?,3038.0,"$3,038 million",monetary,"get_value(inventories, 2022)",inventories(2022) = 3038.0,inventories,2022
QA-00686,Meridian Systems Inc,MSI,Industrial / Manufacturing,1,lookup,,"According to the 2020 financial statements, what was the non-current deferred revenue?",30.0,$30.00 million,monetary,"get_value(deferred_revenue_non_current, 2020)",deferred_revenue_non_current(2020) = 30.0,deferred_revenue_non_current,2020
QA-00687,Meridian Systems Inc,MSI,Industrial / Manufacturing,1,lookup,,What was Meridian Systems Inc's income taxes payable as of 2022?,260.0,$260.00 million,monetary,"get_value(income_taxes_payable, 2022)",income_taxes_payable(2022) = 260.0,income_taxes_payable,2022
QA-00688,Meridian Systems Inc,MSI,Industrial / Manufacturing,1,lookup,,What was the other non-current liabilities in 2020?,23332.0,"$23,332 million",monetary,"get_value(other_non_current_liabilities, 2020)",other_non_current_liabilities(2020) = 23332.0,other_non_current_liabilities,2020
QA-00689,Meridian Systems Inc,MSI,Industrial / Manufacturing,1,lookup,,What was Meridian Systems Inc's long-term investments as of 2021?,17533.0,"$17,533 million",monetary,"get_value(long_term_investments, 2021)",long_term_investments(2021) = 17533.0,long_term_investments,2021
QA-00690,Meridian Systems Inc,MSI,Industrial / Manufacturing,1,lookup,,What was the income before taxes in 2021?,7866.0,"$7,866 million",monetary,"get_value(income_before_tax, 2021)",income_before_tax(2021) = 7866.0,income_before_tax,2021
QA-00691,Meridian Systems Inc,MSI,Industrial / Manufacturing,2,change,,What was the change in operating income from 2021 to 2022?,21272.0,"$21,272 million",monetary,"diff(get_value(operating_income, 2022), get_value(operating_income, 2021))",operating_income(2022) - operating_income(2021) = 29465.0 - 8193.0 = 21272.0,operating_income,2021|2022
QA-00692,Meridian Systems Inc,MSI,Industrial / Manufacturing,2,change,,What was the year-over-year change in Meridian Systems Inc's total liabilities from 2021 to 2022?,-119213.0,"$-119,213 million",monetary,"diff(get_value(total_liabilities, 2022), get_value(total_liabilities, 2021))",total_liabilities(2022) - total_liabilities(2021) = 46618.0 - 165831.0 = -119213.0,total_liabilities,2021|2022
QA-00693,Meridian Systems Inc,MSI,Industrial / Manufacturing,2,change,,What was the change in total stockholders' equity from 2021 to 2022?,-137446.0,"$-137,446 million",monetary,"diff(get_value(total_stockholders_equity, 2022), get_value(total_stockholders_equity, 2021))",total_stockholders_equity(2022) - total_stockholders_equity(2021) = 51948.0 - 189394.0 = -137446.0,total_stockholders_equity,2021|2022
QA-00694,Meridian Systems Inc,MSI,Industrial / Manufacturing,2,change,,By how much did cash and cash equivalents increase or decrease between 2021 and 2022?,-12642.0,"$-12,642 million",monetary,"diff(get_value(cash_and_equivalents, 2022), get_value(cash_and_equivalents, 2021))",cash_and_equivalents(2022) - cash_and_equivalents(2021) = 3959.0 - 16601.0 = -12642.0,cash_and_equivalents,2021|2022
QA-00695,Meridian Systems Inc,MSI,Industrial / Manufacturing,2,change,,What was the change in long-term debt from 2021 to 2022?,-39361.0,"$-39,361 million",monetary,"diff(get_value(long_term_debt, 2022), get_value(long_term_debt, 2021))",long_term_debt(2022) - long_term_debt(2021) = 15016.0 - 54377.0 = -39361.0,long_term_debt,2021|2022
QA-00696,Meridian Systems Inc,MSI,Industrial / Manufacturing,2,change,,What was the change in net income from 2021 to 2022?,15787.0,"$15,787 million",monetary,"diff(get_value(net_income, 2022), get_value(net_income, 2021))",net_income(2022) - net_income(2021) = 21848.0 - 6061.0 = 15787.0,net_income,2021|2022
QA-00697,Meridian Systems Inc,MSI,Industrial / Manufacturing,2,ratio,,"What was the ratio of selling, general and administrative expense to total revenue in 2022?",0.1277,0.1277,ratio,"ratio(get_value(selling_general_admin, 2022), get_value(total_revenue, 2022))",selling_general_admin(2022) / total_revenue(2022) = 16821.0 / 131722.0 = 0.1277,selling_general_admin|total_revenue,2022
QA-00698,Meridian Systems Inc,MSI,Industrial / Manufacturing,2,ratio,,What percentage of total revenue was accounts receivable in 2021?,0.0769,0.0769,ratio,"ratio(get_value(accounts_receivable_net, 2021), get_value(total_revenue, 2021))",accounts_receivable_net(2021) / total_revenue(2021) = 9824.0 / 127724.0 = 0.0769,accounts_receivable_net|total_revenue,2021
QA-00699,Meridian Systems Inc,MSI,Industrial / Manufacturing,2,ratio,,What was the ratio of long-term debt to total assets in 2020?,0.238,0.2380,ratio,"ratio(get_value(long_term_debt, 2020), get_value(total_assets, 2020))",long_term_debt(2020) / total_assets(2020) = 38848.0 / 163233.0 = 0.238,long_term_debt|total_assets,2020
QA-00700,Meridian Systems Inc,MSI,Industrial / Manufacturing,2,ratio,,What was the ratio of inventories to cost of goods sold in 2020?,0.0676,0.0676,ratio,"ratio(get_value(inventories, 2020), get_value(cost_of_goods_sold, 2020))",inventories(2020) / cost_of_goods_sold(2020) = 4121.0 / 61000.0 = 0.0676,inventories|cost_of_goods_sold,2020
QA-00701,Meridian Systems Inc,MSI,Industrial / Manufacturing,3,profitability,net_profit_margin,What was the net profit margin in 2020?,0.1687,0.1687,ratio,"ratio(get_value(net_income, 2020), get_value(total_revenue, 2020))",net_profit_margin(2020) = 0.1687,net_income|total_revenue,2020
QA-00702,Meridian Systems Inc,MSI,Industrial / Manufacturing,3,profitability,return_on_equity,What was the return on equity (ROE) in 2022?,0.1811,0.1811,ratio,"ratio(get_value(net_income, 2022), avg(get_value(total_stockholders_equity, 2022), get_value(total_stockholders_equity, 2021)))",return_on_equity(2022) = 0.1811,net_income|total_stockholders_equity,2022|2021
QA-00703,Meridian Systems Inc,MSI,Industrial / Manufacturing,3,liquidity,quick_ratio,"Excluding inventory, what was Meridian Systems Inc's liquidity ratio in 2020?",1.5161,1.5161,ratio,"ratio(diff(get_value(total_current_assets, 2020), get_value(inventories, 2020)), get_value(total_current_liabilities, 2020))",quick_ratio(2020) = 1.5161,total_current_assets|inventories|total_current_liabilities,2020
QA-00704,Meridian Systems Inc,MSI,Industrial / Manufacturing,3,liquidity,current_ratio,"In 2020, for every dollar of current liabilities, how many dollars of current assets did Meridian Systems Inc have?",1.6395,1.6395,ratio,"ratio(get_value(total_current_assets, 2020), get_value(total_current_liabilities, 2020))",current_ratio(2020) = 1.6395,total_current_assets|total_current_liabilities,2020
QA-00705,Meridian Systems Inc,MSI,Industrial / Manufacturing,3,liquidity,working_capital,What was the working capital in 2022?,12598.0,12598.0000,ratio,"diff(get_value(total_current_assets, 2022), get_value(total_current_liabilities, 2022))",working_capital(2022) = 12598.0,total_current_assets|total_current_liabilities,2022
QA-00706,Meridian Systems Inc,MSI,Industrial / Manufacturing,3,efficiency,rd_to_revenue,What was Meridian Systems Inc's R&D intensity in 2022?,0.0389,0.0389,ratio,"ratio(get_value(research_and_development, 2022), get_value(total_revenue, 2022))",rd_to_revenue(2022) = 0.0389,research_and_development|total_revenue,2022
QA-00707,Meridian Systems Inc,MSI,Industrial / Manufacturing,3,profitability,effective_tax_rate,What percentage of pre-tax income did Meridian Systems Inc pay in taxes in 2021?,0.2295,0.2295,ratio,"ratio(get_value(income_tax_expense, 2021), get_value(income_before_tax, 2021))",effective_tax_rate(2021) = 0.2295,income_tax_expense|income_before_tax,2021
QA-00708,Meridian Systems Inc,MSI,Industrial / Manufacturing,3,leverage,debt_to_equity,"For every dollar of equity, how much debt did Meridian Systems Inc carry in 2022?",0.8974,0.8974,ratio,"ratio(get_value(total_liabilities, 2022), get_value(total_stockholders_equity, 2022))",debt_to_equity(2022) = 0.8974,total_liabilities|total_stockholders_equity,2022
QA-00709,Meridian Systems Inc,MSI,Industrial / Manufacturing,3,efficiency,capex_to_revenue,How capital-intensive was Meridian Systems Inc in 2021?,0.0861,0.0861,ratio,"ratio(get_value(capital_expenditures, 2021), get_value(total_revenue, 2021))",capex_to_revenue(2021) = 0.0861,capital_expenditures|total_revenue,2021
QA-00710,Meridian Systems Inc,MSI,Industrial / Manufacturing,3,profitability,operating_margin,What was the operating profit margin in 2022?,0.2237,0.2237,ratio,"ratio(get_value(operating_income, 2022), get_value(total_revenue, 2022))",operating_margin(2022) = 0.2237,operating_income|total_revenue,2022
QA-00711,Meridian Systems Inc,MSI,Industrial / Manufacturing,4,profitability,change_in_net_profit_margin,How did the net profit margin change from 2021 to 2022?,0.1184,0.1184,ratio_change,"diff(net_profit_margin(2022), net_profit_margin(2021))",net_profit_margin(2022) - net_profit_margin(2021) = 0.1659 - 0.0475 = 0.1184,net_income|total_revenue,2021|2022
QA-00712,Meridian Systems Inc,MSI,Industrial / Manufacturing,4,profitability,change_in_gross_margin,How did the gross margin change from 2021 to 2022?,0.1297,0.1297,ratio_change,"diff(gross_margin(2022), gross_margin(2021))",gross_margin(2022) - gross_margin(2021) = 0.4477 - 0.318 = 0.1297,gross_profit|total_revenue,2021|2022
QA-00713,Meridian Systems Inc,MSI,Industrial / Manufacturing,4,liquidity,change_in_current_ratio,By how much did the current ratio change from fiscal year 2021 to 2022?,0.8683,0.8683,ratio_change,"diff(current_ratio(2022), current_ratio(2021))",current_ratio(2022) - current_ratio(2021) = 1.8877 - 1.0194 = 0.8683,total_current_assets|total_current_liabilities,2021|2022
QA-00714,Meridian Systems Inc,MSI,Industrial / Manufacturing,4,leverage,change_in_debt_to_equity,What was the change in Meridian Systems Inc's debt to equity between 2021 and 2022?,0.0218,0.0218,ratio_change,"diff(debt_to_equity(2022), debt_to_equity(2021))",debt_to_equity(2022) - debt_to_equity(2021) = 0.8974 - 0.8756 = 0.0218,total_liabilities|total_stockholders_equity,2021|2022
QA-00715,Meridian Systems Inc,MSI,Industrial / Manufacturing,4,growth,net_income_growth,By what percentage did Meridian Systems Inc's earnings change from 2021 to 2022?,260.47,260.47%,percentage,"pct_change(net_income, 2021, 2022)",(net_income(2022) - net_income(2021)) / |net_income(2021)| * 100 = (21848.0 - 6061.0) / 6061.0 * 100 = 260.47%,net_income,2021|2022
QA-00716,Meridian Systems Inc,MSI,Industrial / Manufacturing,4,growth,revenue_growth,What was Meridian Systems Inc's top-line growth?,3.13,3.13%,percentage,"pct_change(total_revenue, 2021, 2022)",(total_revenue(2022) - total_revenue(2021)) / |total_revenue(2021)| * 100 = (131722.0 - 127724.0) / 127724.0 * 100 = 3.13%,total_revenue,2021|2022
QA-00717,Meridian Systems Inc,MSI,Industrial / Manufacturing,4,growth,equity_growth,How did shareholders' equity change from 2021 to 2022?,-72.57,-72.57%,percentage,"pct_change(total_stockholders_equity, 2021, 2022)",(total_stockholders_equity(2022) - total_stockholders_equity(2021)) / |total_stockholders_equity(2021)| * 100 = (51948.0 - 189394.0) / 189394.0 * 100 = -72.57%,total_stockholders_equity,2021|2022
QA-00718,Meridian Systems Inc,MSI,Industrial / Manufacturing,5,profitability,did_operating_margin_improve,"Did the operating margin get better from 2021 to 2022, and by how much?",True,Yes,boolean,"compare_gt(operating_margin(2022), operating_margin(2021))","operating_margin(2021)=0.0641, operating_margin(2022)=0.2237, improved=True, change=0.1595",operating_income|total_revenue,2021|2022
QA-00719,Meridian Systems Inc,MSI,Industrial / Manufacturing,5,liquidity,did_current_ratio_improve,"Did the current ratio get better from 2021 to 2022, and by how much?",True,Yes,boolean,"compare_gt(current_ratio(2022), current_ratio(2021))","current_ratio(2021)=1.0194, current_ratio(2022)=1.8877, improved=True, change=0.8683",total_current_assets|total_current_liabilities,2021|2022
QA-00720,Meridian Systems Inc,MSI,Industrial / Manufacturing,5,cash_flow,change_in_fcf_margin,How did Meridian Systems Inc's free cash flow margin change from 2021 to 2022?,0.0573,0.0573,ratio_change,"diff(ratio(diff(cash_from_operations, capital_expenditures), total_revenue, 2022), ratio(diff(cash_from_operations, capital_expenditures), total_revenue, 2021))",FCF_margin(2022) - FCF_margin(2021) = 0.1332 - 0.0759 = 0.0573,cash_from_operations|capital_expenditures|total_revenue,2021|2022
QA-00721,TerraFirma Holdings,TH,Healthcare / Pharma,1,lookup,,How much did TerraFirma Holdings report for basic earnings per share in fiscal year 2021?,1.2,$1.20 million,monetary,"get_value(eps_basic, 2021)",eps_basic(2021) = 1.2,eps_basic,2021
QA-00722,TerraFirma Holdings,TH,Healthcare / Pharma,1,lookup,,What was TerraFirma Holdings's total stockholders' equity as of 2021?,26259.0,"$26,259 million",monetary,"get_value(total_stockholders_equity, 2021)",total_stockholders_equity(2021) = 26259.0,total_stockholders_equity,2021
QA-00723,TerraFirma Holdings,TH,Healthcare / Pharma,1,lookup,,What was the prepaid expenses in 2023?,12734.0,"$12,734 million",monetary,"get_value(prepaid_expenses, 2023)",prepaid_expenses(2023) = 12734.0,prepaid_expenses,2023
QA-00724,TerraFirma Holdings,TH,Healthcare / Pharma,1,lookup,,What was the total current assets in 2021?,21901.0,"$21,901 million",monetary,"get_value(total_current_assets, 2021)",total_current_assets(2021) = 21901.0,total_current_assets,2021
QA-00725,TerraFirma Holdings,TH,Healthcare / Pharma,1,lookup,,How much did TerraFirma Holdings report for depreciation and amortization in fiscal year 2023?,4449.0,"$4,449 million",monetary,"get_value(depreciation_amortization, 2023)",depreciation_amortization(2023) = 4449.0,depreciation_amortization,2023
QA-00726,TerraFirma Holdings,TH,Healthcare / Pharma,1,lookup,,What was TerraFirma Holdings's stock-based compensation as of 2022?,653.0,$653.00 million,monetary,"get_value(stock_based_compensation, 2022)",stock_based_compensation(2022) = 653.0,stock_based_compensation,2022
QA-00727,TerraFirma Holdings,TH,Healthcare / Pharma,1,lookup,,How much did TerraFirma Holdings report for other income/expense in fiscal year 2021?,256.0,$256.00 million,monetary,"get_value(other_income_expense, 2021)",other_income_expense(2021) = 256.0,other_income_expense,2021
QA-00728,TerraFirma Holdings,TH,Healthcare / Pharma,1,lookup,,"What was the selling, general and administrative expense in 2022?",14455.0,"$14,455 million",monetary,"get_value(selling_general_admin, 2022)",selling_general_admin(2022) = 14455.0,selling_general_admin,2022
QA-00729,TerraFirma Holdings,TH,Healthcare / Pharma,1,lookup,,What was TerraFirma Holdings's cash and cash equivalents as of 2023?,34464.0,"$34,464 million",monetary,"get_value(cash_and_equivalents, 2023)",cash_and_equivalents(2023) = 34464.0,cash_and_equivalents,2023
QA-00730,TerraFirma Holdings,TH,Healthcare / Pharma,1,lookup,,"According to the 2021 financial statements, what was the deferred tax liabilities?",215.0,$215.00 million,monetary,"get_value(deferred_tax_liabilities, 2021)",deferred_tax_liabilities(2021) = 215.0,deferred_tax_liabilities,2021
QA-00731,TerraFirma Holdings,TH,Healthcare / Pharma,2,change,,How did total stockholders' equity change from fiscal year 2022 to 2023?,34806.0,"$34,806 million",monetary,"diff(get_value(total_stockholders_equity, 2023), get_value(total_stockholders_equity, 2022))",total_stockholders_equity(2023) - total_stockholders_equity(2022) = 66885.0 - 32079.0 = 34806.0,total_stockholders_equity,2022|2023
QA-00732,TerraFirma Holdings,TH,Healthcare / Pharma,2,change,,What was the year-over-year change in TerraFirma Holdings's total liabilities from 2022 to 2023?,90178.0,"$90,178 million",monetary,"diff(get_value(total_liabilities, 2023), get_value(total_liabilities, 2022))",total_liabilities(2023) - total_liabilities(2022) = 132647.0 - 42469.0 = 90178.0,total_liabilities,2022|2023
QA-00733,TerraFirma Holdings,TH,Healthcare / Pharma,2,change,,How did gross profit change from fiscal year 2022 to 2023?,7953.0,"$7,953 million",monetary,"diff(get_value(gross_profit, 2023), get_value(gross_profit, 2022))",gross_profit(2023) - gross_profit(2022) = 73018.0 - 65065.0 = 7953.0,gross_profit,2022|2023
QA-00734,TerraFirma Holdings,TH,Healthcare / Pharma,2,change,,What was the year-over-year change in TerraFirma Holdings's total assets from 2022 to 2023?,124984.0,"$124,984 million",monetary,"diff(get_value(total_assets, 2023), get_value(total_assets, 2022))",total_assets(2023) - total_assets(2022) = 199532.0 - 74548.0 = 124984.0,total_assets,2022|2023
QA-00735,TerraFirma Holdings,TH,Healthcare / Pharma,2,change,,By how much did total revenue increase or decrease between 2022 and 2023?,2864.0,"$2,864 million",monetary,"diff(get_value(total_revenue, 2023), get_value(total_revenue, 2022))",total_revenue(2023) - total_revenue(2022) = 94774.0 - 91910.0 = 2864.0,total_revenue,2022|2023
QA-00736,TerraFirma Holdings,TH,Healthcare / Pharma,2,change,,By how much did cash and cash equivalents increase or decrease between 2022 and 2023?,27355.0,"$27,355 million",monetary,"diff(get_value(cash_and_equivalents, 2023), get_value(cash_and_equivalents, 2022))",cash_and_equivalents(2023) - cash_and_equivalents(2022) = 34464.0 - 7109.0 = 27355.0,cash_and_equivalents,2022|2023
QA-00737,TerraFirma Holdings,TH,Healthcare / Pharma,2,ratio,,What was inventories as a proportion of cost of goods sold in 2021?,0.059,0.0590,ratio,"ratio(get_value(inventories, 2021), get_value(cost_of_goods_sold, 2021))",inventories(2021) / cost_of_goods_sold(2021) = 1208.0 / 20460.0 = 0.059,inventories|cost_of_goods_sold,2021
QA-00738,TerraFirma Holdings,TH,Healthcare / Pharma,2,ratio,,What was the ratio of cash and cash equivalents to total assets in 2021?,0.1276,0.1276,ratio,"ratio(get_value(cash_and_equivalents, 2021), get_value(total_assets, 2021))",cash_and_equivalents(2021) / total_assets(2021) = 6619.0 / 51860.0 = 0.1276,cash_and_equivalents|total_assets,2021
QA-00739,TerraFirma Holdings,TH,Healthcare / Pharma,2,ratio,,What was the ratio of accounts receivable to total revenue in 2022?,0.1036,0.1036,ratio,"ratio(get_value(accounts_receivable_net, 2022), get_value(total_revenue, 2022))",accounts_receivable_net(2022) / total_revenue(2022) = 9522.0 / 91910.0 = 0.1036,accounts_receivable_net|total_revenue,2022
QA-00740,TerraFirma Holdings,TH,Healthcare / Pharma,2,ratio,,What was long-term debt as a proportion of total assets in 2022?,0.2079,0.2079,ratio,"ratio(get_value(long_term_debt, 2022), get_value(total_assets, 2022))",long_term_debt(2022) / total_assets(2022) = 15500.0 / 74548.0 = 0.2079,long_term_debt|total_assets,2022
QA-00741,TerraFirma Holdings,TH,Healthcare / Pharma,3,profitability,return_on_equity,What return did TerraFirma Holdings's equity investors earn in 2023?,0.5803,0.5803,ratio,"ratio(get_value(net_income, 2023), avg(get_value(total_stockholders_equity, 2023), get_value(total_stockholders_equity, 2022)))",return_on_equity(2023) = 0.5803,net_income|total_stockholders_equity,2023|2022
QA-00742,TerraFirma Holdings,TH,Healthcare / Pharma,3,liquidity,working_capital,What was the working capital in 2021?,11688.0,11688.0000,ratio,"diff(get_value(total_current_assets, 2021), get_value(total_current_liabilities, 2021))",working_capital(2021) = 11688.0,total_current_assets|total_current_liabilities,2021
QA-00743,TerraFirma Holdings,TH,Healthcare / Pharma,3,liquidity,quick_ratio,What was the quick ratio in 2022?,1.143,1.1430,ratio,"ratio(diff(get_value(total_current_assets, 2022), get_value(inventories, 2022)), get_value(total_current_liabilities, 2022))",quick_ratio(2022) = 1.143,total_current_assets|inventories|total_current_liabilities,2022
QA-00744,TerraFirma Holdings,TH,Healthcare / Pharma,3,profitability,effective_tax_rate,What was the effective tax rate in 2022?,0.187,0.1870,ratio,"ratio(get_value(income_tax_expense, 2022), get_value(income_before_tax, 2022))",effective_tax_rate(2022) = 0.187,income_tax_expense|income_before_tax,2022
QA-00745,TerraFirma Holdings,TH,Healthcare / Pharma,3,profitability,gross_margin,What was the gross profit margin in 2023?,0.7704,0.7704,ratio,"ratio(get_value(gross_profit, 2023), get_value(total_revenue, 2023))",gross_margin(2023) = 0.7704,gross_profit|total_revenue,2023
QA-00746,TerraFirma Holdings,TH,Healthcare / Pharma,3,profitability,net_profit_margin,How much of each dollar of revenue was net income for TerraFirma Holdings in 2022?,0.284,0.2840,ratio,"ratio(get_value(net_income, 2022), get_value(total_revenue, 2022))",net_profit_margin(2022) = 0.284,net_income|total_revenue,2022
QA-00747,TerraFirma Holdings,TH,Healthcare / Pharma,3,leverage,debt_to_equity,What was the debt-to-equity ratio in 2022?,1.3239,1.3239,ratio,"ratio(get_value(total_liabilities, 2022), get_value(total_stockholders_equity, 2022))",debt_to_equity(2022) = 1.3239,total_liabilities|total_stockholders_equity,2022
QA-00748,TerraFirma Holdings,TH,Healthcare / Pharma,3,efficiency,capex_to_revenue,How capital-intensive was TerraFirma Holdings in 2023?,0.0592,0.0592,ratio,"ratio(get_value(capital_expenditures, 2023), get_value(total_revenue, 2023))",capex_to_revenue(2023) = 0.0592,capital_expenditures|total_revenue,2023
QA-00749,TerraFirma Holdings,TH,Healthcare / Pharma,3,cash_flow,free_cash_flow,What was the free cash flow in 2021?,20331.0,20331.0000,ratio,"diff(get_value(cash_from_operations, 2021), get_value(capital_expenditures, 2021))",free_cash_flow(2021) = 20331.0,cash_from_operations|capital_expenditures,2021
QA-00750,TerraFirma Holdings,TH,Healthcare / Pharma,3,leverage,debt_to_assets,What percentage of TerraFirma Holdings's total assets was financed by debt in 2021?,0.4937,0.4937,ratio,"ratio(get_value(total_liabilities, 2021), get_value(total_assets, 2021))",debt_to_assets(2021) = 0.4937,total_liabilities|total_assets,2021
QA-00751,TerraFirma Holdings,TH,Healthcare / Pharma,4,leverage,change_in_debt_to_equity,By how much did the debt to equity change from fiscal year 2022 to 2023?,0.6593,0.6593,ratio_change,"diff(debt_to_equity(2023), debt_to_equity(2022))",debt_to_equity(2023) - debt_to_equity(2022) = 1.9832 - 1.3239 = 0.6593,total_liabilities|total_stockholders_equity,2022|2023
QA-00752,TerraFirma Holdings,TH,Healthcare / Pharma,4,profitability,change_in_net_profit_margin,By how much did the net profit margin change from fiscal year 2022 to 2023?,0.019,0.0190,ratio_change,"diff(net_profit_margin(2023), net_profit_margin(2022))",net_profit_margin(2023) - net_profit_margin(2022) = 0.303 - 0.284 = 0.019,net_income|total_revenue,2022|2023
QA-00753,TerraFirma Holdings,TH,Healthcare / Pharma,4,liquidity,change_in_current_ratio,What was the change in TerraFirma Holdings's current ratio between 2022 and 2023?,0.56,0.5600,ratio_change,"diff(current_ratio(2023), current_ratio(2022))",current_ratio(2023) - current_ratio(2022) = 1.7749 - 1.2149 = 0.56,total_current_assets|total_current_liabilities,2022|2023
QA-00754,TerraFirma Holdings,TH,Healthcare / Pharma,4,profitability,change_in_operating_margin,How did the operating margin change from 2022 to 2023?,-0.0051,-0.0051,ratio_change,"diff(operating_margin(2023), operating_margin(2022))",operating_margin(2023) - operating_margin(2022) = 0.3561 - 0.3613 = -0.0051,operating_income|total_revenue,2022|2023
QA-00755,TerraFirma Holdings,TH,Healthcare / Pharma,4,growth,operating_income_growth,By what percentage did operating profit grow?,1.65,1.65%,percentage,"pct_change(operating_income, 2022, 2023)",(operating_income(2023) - operating_income(2022)) / |operating_income(2022)| * 100 = (33752.0 - 33204.0) / 33204.0 * 100 = 1.65%,operating_income,2022|2023
QA-00756,TerraFirma Holdings,TH,Healthcare / Pharma,4,growth,net_income_growth,By what percentage did TerraFirma Holdings's earnings change from 2022 to 2023?,10.01,10.01%,percentage,"pct_change(net_income, 2022, 2023)",(net_income(2023) - net_income(2022)) / |net_income(2022)| * 100 = (28716.0 - 26104.0) / 26104.0 * 100 = 10.01%,net_income,2022|2023
QA-00757,TerraFirma Holdings,TH,Healthcare / Pharma,4,growth,equity_growth,What was the growth rate in TerraFirma Holdings's book value?,108.5,108.5%,percentage,"pct_change(total_stockholders_equity, 2022, 2023)",(total_stockholders_equity(2023) - total_stockholders_equity(2022)) / |total_stockholders_equity(2022)| * 100 = (66885.0 - 32079.0) / 32079.0 * 100 = 108.5%,total_stockholders_equity,2022|2023
QA-00758,TerraFirma Holdings,TH,Healthcare / Pharma,5,profitability,did_operating_margin_improve,Did TerraFirma Holdings's operating margin improve from 2022 to 2023?,False,No,boolean,"compare_gt(operating_margin(2023), operating_margin(2022))","operating_margin(2022)=0.3613, operating_margin(2023)=0.3561, improved=False, change=-0.0051",operating_income|total_revenue,2022|2023
QA-00759,TerraFirma Holdings,TH,Healthcare / Pharma,5,liquidity,did_current_ratio_improve,Did TerraFirma Holdings's current ratio improve from 2022 to 2023?,True,Yes,boolean,"compare_gt(current_ratio(2023), current_ratio(2022))","current_ratio(2022)=1.2149, current_ratio(2023)=1.7749, improved=True, change=0.56",total_current_assets|total_current_liabilities,2022|2023
QA-00760,TerraFirma Holdings,TH,Healthcare / Pharma,5,cash_flow,change_in_fcf_margin,How did TerraFirma Holdings's free cash flow margin change from 2022 to 2023?,0.0288,0.0288,ratio_change,"diff(ratio(diff(cash_from_operations, capital_expenditures), total_revenue, 2023), ratio(diff(cash_from_operations, capital_expenditures), total_revenue, 2022))",FCF_margin(2023) - FCF_margin(2022) = 0.3051 - 0.2763 = 0.0288,cash_from_operations|capital_expenditures|total_revenue,2022|2023
QA-00761,Meridian Systems Inc,MSI,Industrial / Manufacturing,1,lookup,,What was Meridian Systems Inc's long-term investments as of 2020?,275.0,$275.00 million,monetary,"get_value(long_term_investments, 2020)",long_term_investments(2020) = 275.0,long_term_investments,2020
QA-00762,Meridian Systems Inc,MSI,Industrial / Manufacturing,1,lookup,,What was Meridian Systems Inc's debt issued as of 2020?,2553.0,"$2,553 million",monetary,"get_value(debt_issued, 2020)",debt_issued(2020) = 2553.0,debt_issued,2020
QA-00763,Meridian Systems Inc,MSI,Industrial / Manufacturing,1,lookup,,What was the prepaid expenses in 2022?,0.0,$0.00 million,monetary,"get_value(prepaid_expenses, 2022)",prepaid_expenses(2022) = 0.0,prepaid_expenses,2022
QA-00764,Meridian Systems Inc,MSI,Industrial / Manufacturing,1,lookup,,How much did Meridian Systems Inc report for cost of goods sold in fiscal year 2020?,53621.0,"$53,621 million",monetary,"get_value(cost_of_goods_sold, 2020)",cost_of_goods_sold(2020) = 53621.0,cost_of_goods_sold,2020
QA-00765,Meridian Systems Inc,MSI,Industrial / Manufacturing,1,lookup,,What was Meridian Systems Inc's accumulated other comprehensive income as of 2021?,-344.0,$-344.00 million,monetary,"get_value(accumulated_other_comprehensive_income, 2021)",accumulated_other_comprehensive_income(2021) = -344.0,accumulated_other_comprehensive_income,2021
QA-00766,Meridian Systems Inc,MSI,Industrial / Manufacturing,1,lookup,,What was Meridian Systems Inc's treasury stock as of 2021?,-19547.0,"$-19,547 million",monetary,"get_value(treasury_stock, 2021)",treasury_stock(2021) = -19547.0,treasury_stock,2021
QA-00767,Meridian Systems Inc,MSI,Industrial / Manufacturing,1,lookup,,What was the accounts receivable in 2022?,7841.0,"$7,841 million",monetary,"get_value(accounts_receivable_net, 2022)",accounts_receivable_net(2022) = 7841.0,accounts_receivable_net,2022
QA-00768,Meridian Systems Inc,MSI,Industrial / Manufacturing,1,lookup,,How much did Meridian Systems Inc report for additional paid-in capital in fiscal year 2022?,76948.0,"$76,948 million",monetary,"get_value(additional_paid_in_capital, 2022)",additional_paid_in_capital(2022) = 76948.0,additional_paid_in_capital,2022
QA-00769,Meridian Systems Inc,MSI,Industrial / Manufacturing,1,lookup,,What was Meridian Systems Inc's other income/expense as of 2022?,77.0,$77.00 million,monetary,"get_value(other_income_expense, 2022)",other_income_expense(2022) = 77.0,other_income_expense,2022
QA-00770,Meridian Systems Inc,MSI,Industrial / Manufacturing,1,lookup,,What was the short-term debt in 2022?,3385.0,"$3,385 million",monetary,"get_value(short_term_debt, 2022)",short_term_debt(2022) = 3385.0,short_term_debt,2022
QA-00771,Meridian Systems Inc,MSI,Industrial / Manufacturing,2,change,,What was the year-over-year change in Meridian Systems Inc's cash and cash equivalents from 2021 to 2022?,9066.0,"$9,066 million",monetary,"diff(get_value(cash_and_equivalents, 2022), get_value(cash_and_equivalents, 2021))",cash_and_equivalents(2022) - cash_and_equivalents(2021) = 16312.0 - 7246.0 = 9066.0,cash_and_equivalents,2021|2022
QA-00772,Meridian Systems Inc,MSI,Industrial / Manufacturing,2,change,,How did total liabilities change from fiscal year 2021 to 2022?,-32957.0,"$-32,957 million",monetary,"diff(get_value(total_liabilities, 2022), get_value(total_liabilities, 2021))",total_liabilities(2022) - total_liabilities(2021) = 88898.0 - 121855.0 = -32957.0,total_liabilities,2021|2022
QA-00773,Meridian Systems Inc,MSI,Industrial / Manufacturing,2,change,,By how much did total revenue increase or decrease between 2021 and 2022?,17087.0,"$17,087 million",monetary,"diff(get_value(total_revenue, 2022), get_value(total_revenue, 2021))",total_revenue(2022) - total_revenue(2021) = 111308.0 - 94221.0 = 17087.0,total_revenue,2021|2022
QA-00774,Meridian Systems Inc,MSI,Industrial / Manufacturing,2,change,,How did gross profit change from fiscal year 2021 to 2022?,-274.0,$-274.00 million,monetary,"diff(get_value(gross_profit, 2022), get_value(gross_profit, 2021))",gross_profit(2022) - gross_profit(2021) = 40617.0 - 40891.0 = -274.0,gross_profit,2021|2022
QA-00775,Meridian Systems Inc,MSI,Industrial / Manufacturing,2,change,,By how much did net income increase or decrease between 2021 and 2022?,-5224.0,"$-5,224 million",monetary,"diff(get_value(net_income, 2022), get_value(net_income, 2021))",net_income(2022) - net_income(2021) = 10810.0 - 16034.0 = -5224.0,net_income,2021|2022
QA-00776,Meridian Systems Inc,MSI,Industrial / Manufacturing,2,change,,What was the change in total assets from 2021 to 2022?,44946.0,"$44,946 million",monetary,"diff(get_value(total_assets, 2022), get_value(total_assets, 2021))",total_assets(2022) - total_assets(2021) = 234605.0 - 189659.0 = 44946.0,total_assets,2021|2022
QA-00777,Meridian Systems Inc,MSI,Industrial / Manufacturing,2,ratio,,"For every dollar of total revenue, how much accounts receivable did Meridian Systems Inc have in 2022?",0.0704,0.0704,ratio,"ratio(get_value(accounts_receivable_net, 2022), get_value(total_revenue, 2022))",accounts_receivable_net(2022) / total_revenue(2022) = 7841.0 / 111308.0 = 0.0704,accounts_receivable_net|total_revenue,2022
QA-00778,Meridian Systems Inc,MSI,Industrial / Manufacturing,2,ratio,,"For every dollar of total assets, how much cash and cash equivalents did Meridian Systems Inc have in 2022?",0.0695,0.0695,ratio,"ratio(get_value(cash_and_equivalents, 2022), get_value(total_assets, 2022))",cash_and_equivalents(2022) / total_assets(2022) = 16312.0 / 234605.0 = 0.0695,cash_and_equivalents|total_assets,2022
QA-00779,Meridian Systems Inc,MSI,Industrial / Manufacturing,2,ratio,,What was long-term debt as a proportion of total assets in 2021?,0.2713,0.2713,ratio,"ratio(get_value(long_term_debt, 2021), get_value(total_assets, 2021))",long_term_debt(2021) / total_assets(2021) = 51449.0 / 189659.0 = 0.2713,long_term_debt|total_assets,2021
QA-00780,Meridian Systems Inc,MSI,Industrial / Manufacturing,2,ratio,,"For every dollar of total revenue, how much selling, general and administrative expense did Meridian Systems Inc have in 2020?",0.0942,0.0942,ratio,"ratio(get_value(selling_general_admin, 2020), get_value(total_revenue, 2020))",selling_general_admin(2020) / total_revenue(2020) = 7445.0 / 79031.0 = 0.0942,selling_general_admin|total_revenue,2020
QA-00781,Meridian Systems Inc,MSI,Industrial / Manufacturing,3,liquidity,quick_ratio,"Excluding inventory, what was Meridian Systems Inc's liquidity ratio in 2021?",1.6801,1.6801,ratio,"ratio(diff(get_value(total_current_assets, 2021), get_value(inventories, 2021)), get_value(total_current_liabilities, 2021))",quick_ratio(2021) = 1.6801,total_current_assets|inventories|total_current_liabilities,2021
QA-00782,Meridian Systems Inc,MSI,Industrial / Manufacturing,3,profitability,return_on_equity,What was the return on equity (ROE) in 2022?,0.1013,0.1013,ratio,"ratio(get_value(net_income, 2022), avg(get_value(total_stockholders_equity, 2022), get_value(total_stockholders_equity, 2021)))",return_on_equity(2022) = 0.1013,net_income|total_stockholders_equity,2022|2021
QA-00783,Meridian Systems Inc,MSI,Industrial / Manufacturing,3,leverage,interest_coverage,How many times could Meridian Systems Inc cover its interest expense with operating income in 2022?,8.0765,8.0765,ratio,"ratio(get_value(operating_income, 2022), get_value(interest_expense, 2022))",interest_coverage(2022) = 8.0765,operating_income|interest_expense,2022
QA-00784,Meridian Systems Inc,MSI,Industrial / Manufacturing,3,cash_flow,free_cash_flow,What was the free cash flow in 2021?,21400.0,21400.0000,ratio,"diff(get_value(cash_from_operations, 2021), get_value(capital_expenditures, 2021))",free_cash_flow(2021) = 21400.0,cash_from_operations|capital_expenditures,2021
QA-00785,Meridian Systems Inc,MSI,Industrial / Manufacturing,3,profitability,gross_margin,What percentage of revenue was retained after cost of goods sold in 2021?,0.434,0.4340,ratio,"ratio(get_value(gross_profit, 2021), get_value(total_revenue, 2021))",gross_margin(2021) = 0.434,gross_profit|total_revenue,2021
QA-00786,Meridian Systems Inc,MSI,Industrial / Manufacturing,3,profitability,return_on_assets,How efficiently did Meridian Systems Inc use its assets to generate profit in 2022?,0.051,0.0510,ratio,"ratio(get_value(net_income, 2022), avg(get_value(total_assets, 2022), get_value(total_assets, 2021)))",return_on_assets(2022) = 0.051,net_income|total_assets,2022|2021
QA-00787,Meridian Systems Inc,MSI,Industrial / Manufacturing,3,liquidity,current_ratio,What was Meridian Systems Inc's current ratio for fiscal year 2020?,1.7762,1.7762,ratio,"ratio(get_value(total_current_assets, 2020), get_value(total_current_liabilities, 2020))",current_ratio(2020) = 1.7762,total_current_assets|total_current_liabilities,2020
QA-00788,Meridian Systems Inc,MSI,Industrial / Manufacturing,3,liquidity,working_capital,What was the working capital in 2022?,8010.0,8010.0000,ratio,"diff(get_value(total_current_assets, 2022), get_value(total_current_liabilities, 2022))",working_capital(2022) = 8010.0,total_current_assets|total_current_liabilities,2022
QA-00789,Meridian Systems Inc,MSI,Industrial / Manufacturing,3,efficiency,capex_to_revenue,How capital-intensive was Meridian Systems Inc in 2020?,0.0951,0.0951,ratio,"ratio(get_value(capital_expenditures, 2020), get_value(total_revenue, 2020))",capex_to_revenue(2020) = 0.0951,capital_expenditures|total_revenue,2020
QA-00790,Meridian Systems Inc,MSI,Industrial / Manufacturing,3,profitability,operating_margin,What was the operating profit margin in 2021?,0.2303,0.2303,ratio,"ratio(get_value(operating_income, 2021), get_value(total_revenue, 2021))",operating_margin(2021) = 0.2303,operating_income|total_revenue,2021
QA-00791,Meridian Systems Inc,MSI,Industrial / Manufacturing,4,leverage,change_in_debt_to_equity,How did the debt to equity change from 2021 to 2022?,-1.1871,-1.1871,ratio_change,"diff(debt_to_equity(2022), debt_to_equity(2021))",debt_to_equity(2022) - debt_to_equity(2021) = 0.6101 - 1.7972 = -1.1871,total_liabilities|total_stockholders_equity,2021|2022
QA-00792,Meridian Systems Inc,MSI,Industrial / Manufacturing,4,profitability,change_in_operating_margin,What was the change in Meridian Systems Inc's operating margin between 2021 and 2022?,-0.0861,-0.0861,ratio_change,"diff(operating_margin(2022), operating_margin(2021))",operating_margin(2022) - operating_margin(2021) = 0.1442 - 0.2303 = -0.0861,operating_income|total_revenue,2021|2022
QA-00793,Meridian Systems Inc,MSI,Industrial / Manufacturing,4,profitability,change_in_gross_margin,How did the gross margin change from 2021 to 2022?,-0.0691,-0.0691,ratio_change,"diff(gross_margin(2022), gross_margin(2021))",gross_margin(2022) - gross_margin(2021) = 0.3649 - 0.434 = -0.0691,gross_profit|total_revenue,2021|2022
QA-00794,Meridian Systems Inc,MSI,Industrial / Manufacturing,4,profitability,change_in_net_profit_margin,How did the net profit margin change from 2021 to 2022?,-0.0731,-0.0731,ratio_change,"diff(net_profit_margin(2022), net_profit_margin(2021))",net_profit_margin(2022) - net_profit_margin(2021) = 0.0971 - 0.1702 = -0.0731,net_income|total_revenue,2021|2022
QA-00795,Meridian Systems Inc,MSI,Industrial / Manufacturing,4,growth,equity_growth,How did shareholders' equity change from 2021 to 2022?,114.89,114.89%,percentage,"pct_change(total_stockholders_equity, 2021, 2022)",(total_stockholders_equity(2022) - total_stockholders_equity(2021)) / |total_stockholders_equity(2021)| * 100 = (145707.0 - 67804.0) / 67804.0 * 100 = 114.89%,total_stockholders_equity,2021|2022
QA-00796,Meridian Systems Inc,MSI,Industrial / Manufacturing,4,growth,operating_income_growth,By what percentage did operating profit grow?,-26.03,-26.03%,percentage,"pct_change(operating_income, 2021, 2022)",(operating_income(2022) - operating_income(2021)) / |operating_income(2021)| * 100 = (16048.0 - 21695.0) / 21695.0 * 100 = -26.03%,operating_income,2021|2022
QA-00797,Meridian Systems Inc,MSI,Industrial / Manufacturing,4,growth,asset_growth,By what percentage did total assets grow from 2021 to 2022?,23.7,23.7%,percentage,"pct_change(total_assets, 2021, 2022)",(total_assets(2022) - total_assets(2021)) / |total_assets(2021)| * 100 = (234605.0 - 189659.0) / 189659.0 * 100 = 23.7%,total_assets,2021|2022
QA-00798,Meridian Systems Inc,MSI,Industrial / Manufacturing,5,profitability,did_gross_margin_improve,Was there an improvement in the gross margin between 2021 and 2022?,False,No,boolean,"compare_gt(gross_margin(2022), gross_margin(2021))","gross_margin(2021)=0.434, gross_margin(2022)=0.3649, improved=False, change=-0.0691",gross_profit|total_revenue,2021|2022
QA-00799,Meridian Systems Inc,MSI,Industrial / Manufacturing,5,liquidity,did_current_ratio_improve,"Did the current ratio get better from 2021 to 2022, and by how much?",False,No,boolean,"compare_gt(current_ratio(2022), current_ratio(2021))","current_ratio(2021)=1.7115, current_ratio(2022)=1.3491, improved=False, change=-0.3624",total_current_assets|total_current_liabilities,2021|2022
QA-00800,Meridian Systems Inc,MSI,Industrial / Manufacturing,5,cash_flow,change_in_fcf_margin,How did Meridian Systems Inc's free cash flow margin change from 2021 to 2022?,-0.1134,-0.1134,ratio_change,"diff(ratio(diff(cash_from_operations, capital_expenditures), total_revenue, 2022), ratio(diff(cash_from_operations, capital_expenditures), total_revenue, 2021))",FCF_margin(2022) - FCF_margin(2021) = 0.1138 - 0.2271 = -0.1134,cash_from_operations|capital_expenditures|total_revenue,2021|2022
