id,company,depth,operation,expression,question,answer,answer_formatted,result_type,computation_trace
FQ-00001,Meridian Systems Inc,0,,inventories_2024,What was the total inventories reported by Meridian Systems Inc for the fiscal year ending 2024?,27143,27143,numeric,inventories_2024 = 27143
FQ-00002,NovaStar Technologies,1,not_equals,(inventories_2023 ≠ operating_expenses_2022),Is the total inventories different from total operating expenses for NovaStar Technologies?,True,Yes,boolean,inventories_2023(7210) ≠ operating_expenses_2022(20570) → True
FQ-00003,ClearPath Logistics,1,multiply,(cash_2023 × total_equity_2022),What is the product of cash and cash equivalents and total stockholders' equity for ClearPath Logistics from fiscal year 2023 to fiscal year 2022?,1657992960,1657992960,numeric,cash_2023(16640) × total_equity_2022(99639) = 1657992960
FQ-00004,Crimson Pharmaceuticals,1,greater_than,(long_term_debt_2024 > dividends_paid_2024),Is long-term debt strictly greater than cash dividends paid for Crimson Pharmaceuticals for fiscal year 2024?,True,Yes,boolean,long_term_debt_2024(48321) > dividends_paid_2024(26722) → True
FQ-00005,Meridian Systems Inc,1,multiply,(revenue_2024 × cash_2022),What is the product of total revenue and cash and cash equivalents for Meridian Systems Inc from fiscal year 2024 to fiscal year 2022?,91709088107,91709088107,numeric,revenue_2024(577837) × cash_2022(158711) = 91709088107
FQ-00006,SilverLine Retail Inc,2,ratio,"ratio(ratio(accounts_receivable_2024, total_liabilities_2022), shares_outstanding_2023)","For SilverLine Retail Inc, what is the result of computing ratio(ratio(accounts_receivable_2024, total_liabilities_2022), shares_outstanding_2023)? Specifically, evaluate the sub-expression first, then apply the outer operation.",0.0,0.0000,ratio,(accounts_receivable_2024(24720) / total_liabilities_2022(333008) = 0.0742) / (shares_outstanding_2023 = 10167) = 0.0
FQ-00007,Meridian Systems Inc,1,greater_equal,(cash_2024 ≥ accounts_receivable_2024),Is cash and cash equivalents greater than or equal to net accounts receivable for Meridian Systems Inc for fiscal year 2024?,True,Yes,boolean,cash_2024(115127) ≥ accounts_receivable_2024(53688) → True
FQ-00008,Titan Consumer Brands,1,subtract,(total_liabilities_2024 - dividends_paid_2024),"What is the difference between total liabilities and cash dividends paid (i.e., total liabilities minus cash dividends paid) for Titan Consumer Brands for fiscal year 2024?",188192,188192,numeric,total_liabilities_2024(196971) - dividends_paid_2024(8779) = 188192
FQ-00009,ClearPath Logistics,1,less_than,(current_assets_2023 < long_term_debt_2024),Is total current assets strictly less than long-term debt for ClearPath Logistics from fiscal year 2023 to fiscal year 2024?,False,No,boolean,current_assets_2023(81958) < long_term_debt_2024(27230) → False
FQ-00010,Quantum Bridge Holdings,0,,employees_2023,What was the total number of employees reported by Quantum Bridge Holdings for the fiscal year ending 2023?,331577,331577,numeric,employees_2023 = 331577
FQ-00011,SilverLine Retail Inc,0,,cash_2023,What was the cash and cash equivalents reported by SilverLine Retail Inc for the fiscal year ending 2023?,55716,55716,numeric,cash_2023 = 55716
FQ-00012,Crimson Pharmaceuticals,2,greater_than,((operating_income_2023 - long_term_debt_2024) > dividends_paid_2022),"For Crimson Pharmaceuticals, what is the result of computing ((operating_income_2023 - long_term_debt_2024) > dividends_paid_2022)? Specifically, evaluate the sub-expression first, then apply the outer operation.",True,Yes,boolean,(operating_income_2023(123338) - long_term_debt_2024(48321) = 75017) > (dividends_paid_2022 = 31946) → True
FQ-00013,Cobalt Semiconductor,1,not_equals,(operating_expenses_2022 ≠ stock_price_2023),Is the total operating expenses different from closing stock price for Cobalt Semiconductor?,True,Yes,boolean,operating_expenses_2022(71393) ≠ stock_price_2023(304.68) → True
FQ-00014,Atlas Global Industries,1,multiply,(gross_profit_2023 × capex_2022),What is the product of gross profit and capital expenditures for Atlas Global Industries from fiscal year 2023 to fiscal year 2022?,5556265784,5556265784,numeric,gross_profit_2023(233192) × capex_2022(23827) = 5556265784
FQ-00015,Pacific Crest Energy,1,less_equal,(long_term_debt_2024 ≤ operating_income_2022),Is long-term debt less than or equal to operating income for Pacific Crest Energy from fiscal year 2024 to fiscal year 2022?,True,Yes,boolean,long_term_debt_2024(58553) ≤ operating_income_2022(129148) → True
FQ-00016,Cobalt Semiconductor,1,greater_than,(current_liabilities_2024 > operating_income_2022),Is total current liabilities strictly greater than operating income for Cobalt Semiconductor from fiscal year 2024 to fiscal year 2022?,False,No,boolean,current_liabilities_2024(88965) > operating_income_2022(106250) → False
FQ-00017,Atlas Global Industries,0,,shares_outstanding_2023,What was the total shares outstanding reported by Atlas Global Industries for the fiscal year ending 2023?,4814,4814,numeric,shares_outstanding_2023 = 4814
FQ-00018,Ironclad Manufacturing,0,,capex_2023,What was the capital expenditures reported by Ironclad Manufacturing for the fiscal year ending 2023?,25556,25556,numeric,capex_2023 = 25556
FQ-00019,ClearPath Logistics,2,ratio,"ratio((accounts_receivable_2023 - accounts_receivable_2022), total_liabilities_2022)","For ClearPath Logistics, what is the result of computing ratio((accounts_receivable_2023 - accounts_receivable_2022), total_liabilities_2022)? Specifically, evaluate the sub-expression first, then apply the outer operation.",-0.0372,-0.0372,ratio,(accounts_receivable_2023(17765) - accounts_receivable_2022(27475) = -9710) / (total_liabilities_2022 = 261147) = -0.0372
FQ-00020,SilverLine Retail Inc,2,greater_than,((total_liabilities_2023 - operating_income_2023) > total_assets_2023),"For SilverLine Retail Inc, what is the result of computing ((total_liabilities_2023 - operating_income_2023) > total_assets_2023)? Specifically, evaluate the sub-expression first, then apply the outer operation.",False,No,boolean,(total_liabilities_2023(372467) - operating_income_2023(80484) = 291983) > (total_assets_2023 = 575271) → False
FQ-00021,SilverLine Retail Inc,1,less_equal,(net_income_2022 ≤ dividends_paid_2023),Is net income less than or equal to cash dividends paid for SilverLine Retail Inc from fiscal year 2022 to fiscal year 2023?,False,No,boolean,net_income_2022(34584) ≤ dividends_paid_2023(10672) → False
FQ-00022,NovaStar Technologies,1,less_than,(current_liabilities_2023 < net_income_2023),Is total current liabilities strictly less than net income for NovaStar Technologies for fiscal year 2023?,True,Yes,boolean,current_liabilities_2023(17553) < net_income_2023(33111) → True
FQ-00023,SilverLine Retail Inc,1,greater_than,(gross_profit_2023 > current_liabilities_2022),Is gross profit strictly greater than total current liabilities for SilverLine Retail Inc from fiscal year 2023 to fiscal year 2022?,False,No,boolean,gross_profit_2023(117316) > current_liabilities_2022(159908) → False
FQ-00024,Pacific Crest Energy,1,add,(long_term_debt_2022 + revenue_2024),What is the sum of long-term debt and total revenue for Pacific Crest Energy from fiscal year 2022 to fiscal year 2024?,510456,510456,numeric,long_term_debt_2022(122064) + revenue_2024(388392) = 510456
FQ-00025,Quantum Bridge Holdings,2,divide,(MIN(total_liabilities_2023) ÷ employees_2022),"For Quantum Bridge Holdings, what is the result of computing (MIN(total_liabilities_2023) ÷ employees_2022)? Specifically, evaluate the sub-expression first, then apply the outer operation.",0.1055,0.11,numeric,(MIN(total_liabilities_2023) = 48694) / (employees_2022 = 461605) = 0.1055
FQ-00026,Ironclad Manufacturing,0,,country,What is the country of headquarters of Ironclad Manufacturing?,Japan,Japan,categorical,country = Japan
FQ-00027,NovaStar Technologies,1,greater_than,(dividends_paid_2023 > total_equity_2022),Is cash dividends paid strictly greater than total stockholders' equity for NovaStar Technologies from fiscal year 2023 to fiscal year 2022?,False,No,boolean,dividends_paid_2023(5942) > total_equity_2022(23250) → False
FQ-00028,Crimson Pharmaceuticals,2,ratio,"ratio((revenue_2022 ÷ capex_2022), dividends_paid_2024)","For Crimson Pharmaceuticals, what is the result of computing ratio((revenue_2022 ÷ capex_2022), dividends_paid_2024)? Specifically, evaluate the sub-expression first, then apply the outer operation.",0.0013,0.0013,ratio,(revenue_2022(245816) / capex_2022(7196) = 34.1601) / (dividends_paid_2024 = 26722) = 0.0013
FQ-00029,Orion Financial Group,2,divide,((total_assets_2024 - operating_income_2023) ÷ operating_expenses_2022),"For Orion Financial Group, what is the result of computing ((total_assets_2024 - operating_income_2023) ÷ operating_expenses_2022)? Specifically, evaluate the sub-expression first, then apply the outer operation.",4.3505,4.35,numeric,(total_assets_2024(353935) - operating_income_2023(148350) = 205585) / (operating_expenses_2022 = 47256) = 4.3505
FQ-00030,Pacific Crest Energy,2,divide,"(ratio(inventories_2023, accounts_receivable_2024) ÷ net_income_2024)","For Pacific Crest Energy, what is the result of computing (ratio(inventories_2023, accounts_receivable_2024) ÷ net_income_2024)? Specifically, evaluate the sub-expression first, then apply the outer operation.",0.0,0.00,numeric,(inventories_2023(14346) / accounts_receivable_2024(21394) = 0.6706) / (net_income_2024 = 121133) = 0.0
FQ-00031,Cobalt Semiconductor,1,divide,(long_term_debt_2023 ÷ net_income_2023),What is the ratio of long-term debt to net income for Cobalt Semiconductor for fiscal year 2023?,1.0549,1.05,numeric,long_term_debt_2023(110464) / net_income_2023(104712) = 1.0549
FQ-00032,Crimson Pharmaceuticals,2,ratio,"ratio(ratio(inventories_2024, operating_expenses_2023), shares_outstanding_2023)","For Crimson Pharmaceuticals, what is the result of computing ratio(ratio(inventories_2024, operating_expenses_2023), shares_outstanding_2023)? Specifically, evaluate the sub-expression first, then apply the outer operation.",0.0,0.0000,ratio,(inventories_2024(5109) / operating_expenses_2023(17400) = 0.2936) / (shares_outstanding_2023 = 9487) = 0.0
FQ-00033,Quantum Bridge Holdings,1,less_than,(total_equity_2023 < operating_expenses_2022),Is total stockholders' equity strictly less than total operating expenses for Quantum Bridge Holdings from fiscal year 2023 to fiscal year 2022?,False,No,boolean,total_equity_2023(70217) < operating_expenses_2022(8801) → False
FQ-00034,ClearPath Logistics,1,ratio,"ratio(long_term_debt_2022, gross_profit_2022)",What is the ratio of long-term debt to gross profit for ClearPath Logistics for fiscal year 2022?,1.4406,1.4406,ratio,long_term_debt_2022(162319) / gross_profit_2022(112675) = 1.4406
FQ-00035,Meridian Systems Inc,1,greater_than,(accounts_receivable_2023 > long_term_debt_2024),Is net accounts receivable strictly greater than long-term debt for Meridian Systems Inc from fiscal year 2023 to fiscal year 2024?,False,No,boolean,accounts_receivable_2023(58756) > long_term_debt_2024(175700) → False
FQ-00036,Atlas Global Industries,1,not_equals,(operating_income_2024 ≠ total_equity_2024),Is the operating income different from total stockholders' equity for Atlas Global Industries?,True,Yes,boolean,operating_income_2024(251413) ≠ total_equity_2024(154250) → True
FQ-00037,Helix BioSciences,1,not_equals,(total_equity_2023 ≠ revenue_2024),Is the total stockholders' equity different from total revenue for Helix BioSciences?,True,Yes,boolean,total_equity_2023(43616) ≠ revenue_2024(131411) → True
FQ-00038,Helix BioSciences,1,multiply,(inventories_2023 × operating_income_2024),What is the product of total inventories and operating income for Helix BioSciences from fiscal year 2023 to fiscal year 2024?,171720176,171720176,numeric,inventories_2023(4024) × operating_income_2024(42674) = 171720176
FQ-00039,ClearPath Logistics,1,less_equal,(current_assets_2023 ≤ current_liabilities_2023),Is total current assets less than or equal to total current liabilities for ClearPath Logistics for fiscal year 2023?,False,No,boolean,current_assets_2023(81958) ≤ current_liabilities_2023(46405) → False
FQ-00040,Ironclad Manufacturing,2,ratio,"ratio((employees_2023 × shares_outstanding_2022), cash_2024)","For Ironclad Manufacturing, what is the result of computing ratio((employees_2023 × shares_outstanding_2022), cash_2024)? Specifically, evaluate the sub-expression first, then apply the outer operation.",29141.7853,29141.7853,ratio,(employees_2023(490669) × shares_outstanding_2022(4075) = 1999476175) / (cash_2024 = 68612) = 29141.7853
FQ-00041,Pinnacle Health Group,1,less_equal,(dividends_paid_2024 ≤ net_income_2024),Is cash dividends paid less than or equal to net income for Pinnacle Health Group for fiscal year 2024?,True,Yes,boolean,dividends_paid_2024(421) ≤ net_income_2024(5005) → True
FQ-00042,Crimson Pharmaceuticals,1,ratio,"ratio(employees_2024, accounts_receivable_2023)",What is the ratio of total number of employees to net accounts receivable for Crimson Pharmaceuticals from fiscal year 2024 to fiscal year 2023?,5.044,5.0440,ratio,employees_2024(76598) / accounts_receivable_2023(15186) = 5.044
FQ-00043,Helix BioSciences,1,ratio,"ratio(operating_expenses_2022, capex_2023)",What is the ratio of total operating expenses to capital expenditures for Helix BioSciences from fiscal year 2022 to fiscal year 2023?,0.9877,0.9877,ratio,operating_expenses_2022(13137) / capex_2023(13301) = 0.9877
FQ-00044,Pacific Crest Energy,1,less_than,(dividends_paid_2024 < gross_profit_2024),Is cash dividends paid strictly less than gross profit for Pacific Crest Energy for fiscal year 2024?,True,Yes,boolean,dividends_paid_2024(20102) < gross_profit_2024(187178) → True
FQ-00045,Atlas Global Industries,1,divide,(dividends_paid_2023 ÷ cost_of_goods_sold_2023),What is the ratio of cash dividends paid to cost of goods sold for Atlas Global Industries for fiscal year 2023?,0.0952,0.10,numeric,dividends_paid_2023(24897) / cost_of_goods_sold_2023(261406) = 0.0952
FQ-00046,ClearPath Logistics,1,equals,(stock_price_2023 = stock_price_2024),Is the closing stock price equal to closing stock price for ClearPath Logistics?,False,No,boolean,stock_price_2023(591.61) = stock_price_2024(357.17) → False
FQ-00047,Apex Dynamics Corp,1,less_equal,(dividends_paid_2022 ≤ accounts_receivable_2022),Is cash dividends paid less than or equal to net accounts receivable for Apex Dynamics Corp for fiscal year 2022?,False,No,boolean,dividends_paid_2022(8560) ≤ accounts_receivable_2022(4288) → False
FQ-00048,Atlas Global Industries,1,greater_equal,(current_assets_2022 ≥ accounts_receivable_2024),Is total current assets greater than or equal to net accounts receivable for Atlas Global Industries from fiscal year 2022 to fiscal year 2024?,True,Yes,boolean,current_assets_2022(160330) ≥ accounts_receivable_2024(48009) → True
FQ-00049,Cobalt Semiconductor,2,ratio,"ratio(Δ(net_income, 2023→2022), total_equity_2024)","For Cobalt Semiconductor, what is the result of computing ratio(Δ(net_income, 2023→2022), total_equity_2024)? Specifically, evaluate the sub-expression first, then apply the outer operation.",-0.0819,-0.0819,ratio,(Δ = net_income_2022(89698) - net_income_2023(104712) = -15014) / (total_equity_2024 = 183299) = -0.0819
FQ-00050,Atlas Global Industries,1,less_than,(gross_profit_2023 < long_term_debt_2024),Is gross profit strictly less than long-term debt for Atlas Global Industries from fiscal year 2023 to fiscal year 2024?,False,No,boolean,gross_profit_2023(233192) < long_term_debt_2024(223115) → False
FQ-00051,ClearPath Logistics,1,equals,(shares_outstanding_2024 = stock_price_2024),Is the total shares outstanding equal to closing stock price for ClearPath Logistics?,False,No,boolean,shares_outstanding_2024(14954) = stock_price_2024(357.17) → False
FQ-00052,Orion Financial Group,1,less_than,(cash_2024 < current_assets_2024),Is cash and cash equivalents strictly less than total current assets for Orion Financial Group for fiscal year 2024?,True,Yes,boolean,cash_2024(16996) < current_assets_2024(203935) → True
FQ-00053,Orion Financial Group,2,ratio,"ratio((total_liabilities_2023 ÷ cash_2024), current_assets_2023)","For Orion Financial Group, what is the result of computing ratio((total_liabilities_2023 ÷ cash_2024), current_assets_2023)? Specifically, evaluate the sub-expression first, then apply the outer operation.",0.0001,0.0001,ratio,(total_liabilities_2023(141655) / cash_2024(16996) = 8.3346) / (current_assets_2023 = 73010) = 0.0001
FQ-00054,Titan Consumer Brands,1,subtract,(net_income_2024 - net_income_2022),"What is the difference between net income and net income (i.e., net income minus net income) for Titan Consumer Brands from fiscal year 2024 to fiscal year 2022?",-13740,-13740,numeric,net_income_2024(27157) - net_income_2022(40897) = -13740
FQ-00055,SilverLine Retail Inc,1,divide,(accounts_receivable_2023 ÷ shares_outstanding_2023),What is the ratio of net accounts receivable to total shares outstanding for SilverLine Retail Inc for fiscal year 2023?,1.7568,1.76,numeric,accounts_receivable_2023(17861) / shares_outstanding_2023(10167) = 1.7568
FQ-00056,ClearPath Logistics,2,ratio,"ratio((dividends_paid_2024 + inventories_2023), dividends_paid_2022)","For ClearPath Logistics, what is the result of computing ratio((dividends_paid_2024 + inventories_2023), dividends_paid_2022)? Specifically, evaluate the sub-expression first, then apply the outer operation.",2.8183,2.8183,ratio,(dividends_paid_2024(6851) + inventories_2023(4008) = 10859) / (dividends_paid_2022 = 3853) = 2.8183
FQ-00057,Quantum Bridge Holdings,1,add,(capex_2023 + cost_of_goods_sold_2023),What is the sum of capital expenditures and cost of goods sold for Quantum Bridge Holdings for fiscal year 2023?,133942,133942,numeric,capex_2023(17445) + cost_of_goods_sold_2023(116497) = 133942
FQ-00058,SilverLine Retail Inc,1,divide,(cash_2024 ÷ operating_expenses_2023),What is the ratio of cash and cash equivalents to total operating expenses for SilverLine Retail Inc from fiscal year 2024 to fiscal year 2023?,0.7036,0.70,numeric,cash_2024(25915) / operating_expenses_2023(36832) = 0.7036
FQ-00059,Pacific Crest Energy,0,,current_liabilities_2024,What was the total current liabilities reported by Pacific Crest Energy for the fiscal year ending 2024?,76735,76735,numeric,current_liabilities_2024 = 76735
FQ-00060,SilverLine Retail Inc,1,multiply,(operating_income_2023 × revenue_2022),What is the product of operating income and total revenue for SilverLine Retail Inc from fiscal year 2023 to fiscal year 2022?,24195019596,24195019596,numeric,operating_income_2023(80484) × revenue_2022(300619) = 24195019596
FQ-00061,Pinnacle Health Group,1,multiply,(employees_2024 × inventories_2024),What is the product of total number of employees and total inventories for Pinnacle Health Group for fiscal year 2024?,2968498062,2968498062,numeric,employees_2024(391158) × inventories_2024(7589) = 2968498062
FQ-00062,Pinnacle Health Group,0,,total_liabilities_2022,What was the total liabilities reported by Pinnacle Health Group for the fiscal year ending 2022?,21474,21474,numeric,total_liabilities_2022 = 21474
FQ-00063,Pacific Crest Energy,2,subtract,((cash_2024 + gross_profit_2023) - inventories_2023),"For Pacific Crest Energy, what is the result of computing ((cash_2024 + gross_profit_2023) - inventories_2023)? Specifically, evaluate the sub-expression first, then apply the outer operation.",159054,159054,numeric,(cash_2024(16032) + gross_profit_2023(157368) = 173400) - (inventories_2023 = 14346) = 159054
FQ-00064,Helix BioSciences,2,divide,"(ratio(operating_expenses_2024, total_assets_2023) ÷ cash_2024)","For Helix BioSciences, what is the result of computing (ratio(operating_expenses_2024, total_assets_2023) ÷ cash_2024)? Specifically, evaluate the sub-expression first, then apply the outer operation.",0.0,0.00,numeric,(operating_expenses_2024(18411) / total_assets_2023(103889) = 0.1772) / (cash_2024 = 16189) = 0.0
FQ-00065,Pacific Crest Energy,2,greater_than,((revenue_2024 - dividends_paid_2022) > cash_2022),"For Pacific Crest Energy, what is the result of computing ((revenue_2024 - dividends_paid_2022) > cash_2022)? Specifically, evaluate the sub-expression first, then apply the outer operation.",True,Yes,boolean,(revenue_2024(388392) - dividends_paid_2022(25066) = 363326) > (cash_2022 = 58147) → True
FQ-00066,Ironclad Manufacturing,0,,shares_outstanding_2024,What was the total shares outstanding reported by Ironclad Manufacturing for the fiscal year ending 2024?,8691,8691,numeric,shares_outstanding_2024 = 8691
FQ-00067,SilverLine Retail Inc,2,subtract,((inventories_2022 - total_equity_2022) - long_term_debt_2022),"For SilverLine Retail Inc, what is the result of computing ((inventories_2022 - total_equity_2022) - long_term_debt_2022)? Specifically, evaluate the sub-expression first, then apply the outer operation.",-440549,-440549,numeric,(inventories_2022(6629) - total_equity_2022(227386) = -220757) - (long_term_debt_2022 = 219792) = -440549
FQ-00068,Crimson Pharmaceuticals,2,ratio,"ratio(ratio(gross_profit_2022, current_assets_2022), operating_expenses_2023)","For Crimson Pharmaceuticals, what is the result of computing ratio(ratio(gross_profit_2022, current_assets_2022), operating_expenses_2023)? Specifically, evaluate the sub-expression first, then apply the outer operation.",0.0001,0.0001,ratio,(gross_profit_2022(136557) / current_assets_2022(151947) = 0.8987) / (operating_expenses_2023 = 17400) = 0.0001
FQ-00069,Pinnacle Health Group,0,,current_assets_2023,What was the total current assets reported by Pinnacle Health Group for the fiscal year ending 2023?,17383,17383,numeric,current_assets_2023 = 17383
FQ-00070,ClearPath Logistics,2,divide,((accounts_receivable_2022 ÷ accounts_receivable_2023) ÷ shares_outstanding_2024),"For ClearPath Logistics, what is the result of computing ((accounts_receivable_2022 ÷ accounts_receivable_2023) ÷ shares_outstanding_2024)? Specifically, evaluate the sub-expression first, then apply the outer operation.",0.0001,0.00,numeric,(accounts_receivable_2022(27475) / accounts_receivable_2023(17765) = 1.5466) / (shares_outstanding_2024 = 14954) = 0.0001
FQ-00071,NovaStar Technologies,1,ratio,"ratio(dividends_paid_2024, gross_profit_2024)",What is the ratio of cash dividends paid to gross profit for NovaStar Technologies for fiscal year 2024?,0.0705,0.0705,ratio,dividends_paid_2024(4595) / gross_profit_2024(65223) = 0.0705
FQ-00072,Cobalt Semiconductor,1,subtract,(total_equity_2023 - cost_of_goods_sold_2024),"What is the difference between total stockholders' equity and cost of goods sold (i.e., total stockholders' equity minus cost of goods sold) for Cobalt Semiconductor from fiscal year 2023 to fiscal year 2024?",-99534,-99534,numeric,total_equity_2023(147006) - cost_of_goods_sold_2024(246540) = -99534
FQ-00073,NovaStar Technologies,2,less_than,((gross_profit_2023 + inventories_2023) < current_assets_2024),"For NovaStar Technologies, what is the result of computing ((gross_profit_2023 + inventories_2023) < current_assets_2024)? Specifically, evaluate the sub-expression first, then apply the outer operation.",True,Yes,boolean,(gross_profit_2023(55944) + inventories_2023(7210) = 63154) < (current_assets_2024 = 351903) → True
FQ-00074,Orion Financial Group,2,divide,((shares_outstanding_2023 × operating_income_2022) ÷ total_equity_2022),"For Orion Financial Group, what is the result of computing ((shares_outstanding_2023 × operating_income_2022) ÷ total_equity_2022)? Specifically, evaluate the sub-expression first, then apply the outer operation.",1492.7812,"1,493",numeric,(shares_outstanding_2023(2122) × operating_income_2022(61987) = 131536414) / (total_equity_2022 = 88115) = 1492.7812
FQ-00075,Ironclad Manufacturing,1,greater_than,(operating_income_2022 > dividends_paid_2024),Is operating income strictly greater than cash dividends paid for Ironclad Manufacturing from fiscal year 2022 to fiscal year 2024?,True,Yes,boolean,operating_income_2022(88950) > dividends_paid_2024(6242) → True
FQ-00076,NovaStar Technologies,2,subtract,((dividends_paid_2022 + dividends_paid_2023) - inventories_2022),"For NovaStar Technologies, what is the result of computing ((dividends_paid_2022 + dividends_paid_2023) - inventories_2022)? Specifically, evaluate the sub-expression first, then apply the outer operation.",13773,13773,numeric,(dividends_paid_2022(9272) + dividends_paid_2023(5942) = 15214) - (inventories_2022 = 1441) = 13773
FQ-00077,ClearPath Logistics,1,divide,(current_assets_2024 ÷ dividends_paid_2023),What is the ratio of total current assets to cash dividends paid for ClearPath Logistics from fiscal year 2024 to fiscal year 2023?,3.1558,3.16,numeric,current_assets_2024(60642) / dividends_paid_2023(19216) = 3.1558
FQ-00078,Helix BioSciences,1,subtract,(cost_of_goods_sold_2024 - total_liabilities_2022),"What is the difference between cost of goods sold and total liabilities (i.e., cost of goods sold minus total liabilities) for Helix BioSciences from fiscal year 2024 to fiscal year 2022?",-205390,-205390,numeric,cost_of_goods_sold_2024(70326) - total_liabilities_2022(275716) = -205390
FQ-00079,Ironclad Manufacturing,2,ratio,"ratio((accounts_receivable_2022 - dividends_paid_2023), shares_outstanding_2024)","For Ironclad Manufacturing, what is the result of computing ratio((accounts_receivable_2022 - dividends_paid_2023), shares_outstanding_2024)? Specifically, evaluate the sub-expression first, then apply the outer operation.",1.3552,1.3552,ratio,(accounts_receivable_2022(16510) - dividends_paid_2023(4732) = 11778) / (shares_outstanding_2024 = 8691) = 1.3552
FQ-00080,Apex Dynamics Corp,1,not_equals,(cost_of_goods_sold_2022 ≠ current_assets_2024),Is the cost of goods sold different from total current assets for Apex Dynamics Corp?,True,Yes,boolean,cost_of_goods_sold_2022(27804) ≠ current_assets_2024(48789) → True
FQ-00081,Pinnacle Health Group,1,less_than,(long_term_debt_2023 < total_assets_2022),Is long-term debt strictly less than total assets for Pinnacle Health Group from fiscal year 2023 to fiscal year 2022?,True,Yes,boolean,long_term_debt_2023(27018) < total_assets_2022(88345) → True
FQ-00082,Cobalt Semiconductor,1,divide,(total_equity_2022 ÷ gross_profit_2022),What is the ratio of total stockholders' equity to gross profit for Cobalt Semiconductor for fiscal year 2022?,0.6064,0.61,numeric,total_equity_2022(107723) / gross_profit_2022(177643) = 0.6064
FQ-00083,SilverLine Retail Inc,1,multiply,(revenue_2022 × current_assets_2023),What is the product of total revenue and total current assets for SilverLine Retail Inc from fiscal year 2022 to fiscal year 2023?,86922180136,86922180136,numeric,revenue_2022(300619) × current_assets_2023(289144) = 86922180136
FQ-00084,Cobalt Semiconductor,1,greater_equal,(capex_2022 ≥ inventories_2023),Is capital expenditures greater than or equal to total inventories for Cobalt Semiconductor from fiscal year 2022 to fiscal year 2023?,True,Yes,boolean,capex_2022(14580) ≥ inventories_2023(3839) → True
FQ-00085,Crimson Pharmaceuticals,1,add,(gross_profit_2023 + cash_2022),What is the sum of gross profit and cash and cash equivalents for Crimson Pharmaceuticals from fiscal year 2023 to fiscal year 2022?,201826,201826,numeric,gross_profit_2023(140738) + cash_2022(61088) = 201826
FQ-00086,Helix BioSciences,1,divide,(total_equity_2023 ÷ current_liabilities_2022),What is the ratio of total stockholders' equity to total current liabilities for Helix BioSciences from fiscal year 2023 to fiscal year 2022?,0.3205,0.32,numeric,total_equity_2023(43616) / current_liabilities_2022(136086) = 0.3205
FQ-00087,Ironclad Manufacturing,1,less_than,(total_liabilities_2023 < gross_profit_2023),Is total liabilities strictly less than gross profit for Ironclad Manufacturing for fiscal year 2023?,False,No,boolean,total_liabilities_2023(162985) < gross_profit_2023(82334) → False
FQ-00088,Ironclad Manufacturing,1,not_equals,(current_assets_2022 ≠ dividends_paid_2023),Is the total current assets different from cash dividends paid for Ironclad Manufacturing?,True,Yes,boolean,current_assets_2022(76717) ≠ dividends_paid_2023(4732) → True
FQ-00089,Titan Consumer Brands,2,ratio,"ratio(ratio(cash_2024, current_liabilities_2024), employees_2023)","For Titan Consumer Brands, what is the result of computing ratio(ratio(cash_2024, current_liabilities_2024), employees_2023)? Specifically, evaluate the sub-expression first, then apply the outer operation.",0.0,0.0000,ratio,(cash_2024(49192) / current_liabilities_2024(90051) = 0.5463) / (employees_2023 = 188433) = 0.0
FQ-00090,Helix BioSciences,1,equals,(cash_2022 = gross_profit_2023),Is the cash and cash equivalents equal to gross profit for Helix BioSciences?,False,No,boolean,cash_2022(65851) = gross_profit_2023(90470) → False
FQ-00091,ClearPath Logistics,2,less_than,((current_liabilities_2024 - total_liabilities_2023) < capex_2024),"For ClearPath Logistics, what is the result of computing ((current_liabilities_2024 - total_liabilities_2023) < capex_2024)? Specifically, evaluate the sub-expression first, then apply the outer operation.",True,Yes,boolean,(current_liabilities_2024(24428) - total_liabilities_2023(126383) = -101955) < (capex_2024 = 11367) → True
FQ-00092,Titan Consumer Brands,1,multiply,(capex_2024 × accounts_receivable_2023),What is the product of capital expenditures and net accounts receivable for Titan Consumer Brands from fiscal year 2024 to fiscal year 2023?,62651780,62651780,numeric,capex_2024(4705) × accounts_receivable_2023(13316) = 62651780
FQ-00093,Quantum Bridge Holdings,0,,revenue_2022,What was the total revenue reported by Quantum Bridge Holdings for the fiscal year ending 2022?,173765,173765,numeric,revenue_2022 = 173765
FQ-00094,SilverLine Retail Inc,1,add,(current_liabilities_2023 + net_income_2023),What is the sum of total current liabilities and net income for SilverLine Retail Inc for fiscal year 2023?,231144,231144,numeric,current_liabilities_2023(170751) + net_income_2023(60393) = 231144
FQ-00095,Apex Dynamics Corp,1,less_equal,(current_liabilities_2022 ≤ total_equity_2022),Is total current liabilities less than or equal to total stockholders' equity for Apex Dynamics Corp for fiscal year 2022?,True,Yes,boolean,current_liabilities_2022(9402) ≤ total_equity_2022(20565) → True
FQ-00096,Quantum Bridge Holdings,0,,current_liabilities_2023,What was the total current liabilities reported by Quantum Bridge Holdings for the fiscal year ending 2023?,64410,64410,numeric,current_liabilities_2023 = 64410
FQ-00097,Pacific Crest Energy,2,ratio,"ratio((long_term_debt_2022 × accounts_receivable_2022), net_income_2024)","For Pacific Crest Energy, what is the result of computing ratio((long_term_debt_2022 × accounts_receivable_2022), net_income_2024)? Specifically, evaluate the sub-expression first, then apply the outer operation.",20271.6146,20271.6146,ratio,(long_term_debt_2022(122064) × accounts_receivable_2022(20117) = 2455561488) / (net_income_2024 = 121133) = 20271.6146
FQ-00098,Orion Financial Group,1,add,(total_liabilities_2024 + total_equity_2024),What is the sum of total liabilities and total stockholders' equity for Orion Financial Group for fiscal year 2024?,353935,353935,numeric,total_liabilities_2024(247662) + total_equity_2024(106273) = 353935
FQ-00099,Pinnacle Health Group,0,,gross_profit_2023,What was the gross profit reported by Pinnacle Health Group for the fiscal year ending 2023?,38819,38819,numeric,gross_profit_2023 = 38819
FQ-00100,ClearPath Logistics,1,less_than,(dividends_paid_2024 < operating_income_2022),Is cash dividends paid strictly less than operating income for ClearPath Logistics from fiscal year 2024 to fiscal year 2022?,True,Yes,boolean,dividends_paid_2024(6851) < operating_income_2022(99638) → True
FQ-00101,Meridian Systems Inc,1,ratio,"ratio(total_assets_2022, gross_profit_2022)",What is the ratio of total assets to gross profit for Meridian Systems Inc for fiscal year 2022?,4.7331,4.7331,ratio,total_assets_2022(1040528) / gross_profit_2022(219840) = 4.7331
FQ-00102,ClearPath Logistics,2,subtract,"(Δ(cost_of_goods_sold, 2022→2024) - dividends_paid_2022)","For ClearPath Logistics, what is the result of computing (Δ(cost_of_goods_sold, 2022→2024) - dividends_paid_2022)? Specifically, evaluate the sub-expression first, then apply the outer operation.",-39090,-39090,numeric,(Δ = cost_of_goods_sold_2024(82725) - cost_of_goods_sold_2022(117962) = -35237) - (dividends_paid_2022 = 3853) = -39090
FQ-00103,ClearPath Logistics,1,greater_equal,(revenue_2023 ≥ accounts_receivable_2024),Is total revenue greater than or equal to net accounts receivable for ClearPath Logistics from fiscal year 2023 to fiscal year 2024?,True,Yes,boolean,revenue_2023(221371) ≥ accounts_receivable_2024(23875) → True
FQ-00104,SilverLine Retail Inc,1,equals,(accounts_receivable_2023 = shares_outstanding_2022),Is the net accounts receivable equal to total shares outstanding for SilverLine Retail Inc?,False,No,boolean,accounts_receivable_2023(17861) = shares_outstanding_2022(4960) → False
FQ-00105,Meridian Systems Inc,2,greater_than,((inventories_2022 - revenue_2023) > revenue_2023),"For Meridian Systems Inc, what is the result of computing ((inventories_2022 - revenue_2023) > revenue_2023)? Specifically, evaluate the sub-expression first, then apply the outer operation.",False,No,boolean,(inventories_2022(38398) - revenue_2023(611174) = -572776) > (revenue_2023 = 611174) → False
FQ-00106,Pacific Crest Energy,2,divide,"(ratio(revenue_2024, revenue_2023) ÷ accounts_receivable_2023)","For Pacific Crest Energy, what is the result of computing (ratio(revenue_2024, revenue_2023) ÷ accounts_receivable_2023)? Specifically, evaluate the sub-expression first, then apply the outer operation.",0.0,0.00,numeric,(revenue_2024(388392) / revenue_2023(341369) = 1.1377) / (accounts_receivable_2023 = 44612) = 0.0
FQ-00107,Crimson Pharmaceuticals,2,ratio,"ratio((operating_income_2023 + gross_profit_2024), total_liabilities_2024)","For Crimson Pharmaceuticals, what is the result of computing ratio((operating_income_2023 + gross_profit_2024), total_liabilities_2024)? Specifically, evaluate the sub-expression first, then apply the outer operation.",3.8934,3.8934,ratio,(operating_income_2023(123338) + gross_profit_2024(199823) = 323161) / (total_liabilities_2024 = 83003) = 3.8934
FQ-00108,SilverLine Retail Inc,1,less_than,(accounts_receivable_2024 < operating_income_2023),Is net accounts receivable strictly less than operating income for SilverLine Retail Inc from fiscal year 2024 to fiscal year 2023?,True,Yes,boolean,accounts_receivable_2024(24720) < operating_income_2023(80484) → True
FQ-00109,Apex Dynamics Corp,1,equals,(revenue_2023 = dividends_paid_2023),Is the total revenue equal to cash dividends paid for Apex Dynamics Corp?,False,No,boolean,revenue_2023(78857) = dividends_paid_2023(3269) → False
FQ-00110,Cobalt Semiconductor,0,,capex_2022,What was the capital expenditures reported by Cobalt Semiconductor for the fiscal year ending 2022?,14580,14580,numeric,capex_2022 = 14580
FQ-00111,Quantum Bridge Holdings,1,less_equal,(accounts_receivable_2024 ≤ cash_2022),Is net accounts receivable less than or equal to cash and cash equivalents for Quantum Bridge Holdings from fiscal year 2024 to fiscal year 2022?,False,No,boolean,accounts_receivable_2024(19369) ≤ cash_2022(7976) → False
FQ-00112,Ironclad Manufacturing,2,greater_than,((total_assets_2023 - total_equity_2024) > total_assets_2024),"For Ironclad Manufacturing, what is the result of computing ((total_assets_2023 - total_equity_2024) > total_assets_2024)? Specifically, evaluate the sub-expression first, then apply the outer operation.",False,No,boolean,(total_assets_2023(307988) - total_equity_2024(140108) = 167880) > (total_assets_2024 = 546259) → False
FQ-00113,ClearPath Logistics,1,ratio,"ratio(cost_of_goods_sold_2023, revenue_2022)",What is the ratio of cost of goods sold to total revenue for ClearPath Logistics from fiscal year 2023 to fiscal year 2022?,0.3137,0.3137,ratio,cost_of_goods_sold_2023(72352) / revenue_2022(230637) = 0.3137
FQ-00114,Titan Consumer Brands,1,not_equals,(dividends_paid_2023 ≠ stock_price_2024),Is the cash dividends paid different from closing stock price for Titan Consumer Brands?,True,Yes,boolean,dividends_paid_2023(3521) ≠ stock_price_2024(394.55) → True
FQ-00115,Quantum Bridge Holdings,1,not_equals,(total_liabilities_2023 ≠ net_income_2022),Is the total liabilities different from net income for Quantum Bridge Holdings?,True,Yes,boolean,total_liabilities_2023(207867) ≠ net_income_2022(75911) → True
FQ-00116,Meridian Systems Inc,1,greater_than,(revenue_2024 > total_assets_2022),Is total revenue strictly greater than total assets for Meridian Systems Inc from fiscal year 2024 to fiscal year 2022?,False,No,boolean,revenue_2024(577837) > total_assets_2022(1040528) → False
FQ-00117,SilverLine Retail Inc,2,divide,"(ratio(dividends_paid_2022, long_term_debt_2022) ÷ cash_2024)","For SilverLine Retail Inc, what is the result of computing (ratio(dividends_paid_2022, long_term_debt_2022) ÷ cash_2024)? Specifically, evaluate the sub-expression first, then apply the outer operation.",0.0,0.00,numeric,(dividends_paid_2022(9226) / long_term_debt_2022(219792) = 0.042) / (cash_2024 = 25915) = 0.0
FQ-00118,Helix BioSciences,1,add,(current_liabilities_2022 + accounts_receivable_2022),What is the sum of total current liabilities and net accounts receivable for Helix BioSciences for fiscal year 2022?,151182,151182,numeric,current_liabilities_2022(136086) + accounts_receivable_2022(15096) = 151182
FQ-00119,Atlas Global Industries,0,,long_term_debt_2024,What was the long-term debt reported by Atlas Global Industries for the fiscal year ending 2024?,223115,223115,numeric,long_term_debt_2024 = 223115
FQ-00120,Pinnacle Health Group,2,ratio,"ratio((long_term_debt_2024 ÷ operating_expenses_2023), gross_profit_2023)","For Pinnacle Health Group, what is the result of computing ratio((long_term_debt_2024 ÷ operating_expenses_2023), gross_profit_2023)? Specifically, evaluate the sub-expression first, then apply the outer operation.",0.0001,0.0001,ratio,(long_term_debt_2024(28435) / operating_expenses_2023(9625) = 2.9543) / (gross_profit_2023 = 38819) = 0.0001
FQ-00121,Orion Financial Group,1,less_equal,(long_term_debt_2022 ≤ dividends_paid_2023),Is long-term debt less than or equal to cash dividends paid for Orion Financial Group from fiscal year 2022 to fiscal year 2023?,False,No,boolean,long_term_debt_2022(54677) ≤ dividends_paid_2023(29146) → False
FQ-00122,Cobalt Semiconductor,0,,stock_price_2022,What was the closing stock price reported by Cobalt Semiconductor for the fiscal year ending 2022?,482.98,482.98,numeric,stock_price_2022 = 482.98
FQ-00123,Ironclad Manufacturing,1,less_than,(current_assets_2022 < total_assets_2023),Is total current assets strictly less than total assets for Ironclad Manufacturing from fiscal year 2022 to fiscal year 2023?,True,Yes,boolean,current_assets_2022(76717) < total_assets_2023(307988) → True
FQ-00124,Titan Consumer Brands,2,divide,(AVG(gross_profit_2023) ÷ current_liabilities_2023),"For Titan Consumer Brands, what is the result of computing (AVG(gross_profit_2023) ÷ current_liabilities_2023)? Specifically, evaluate the sub-expression first, then apply the outer operation.",2.2447,2.24,numeric,(AVG(gross_profit_2023) = 115157.4) / (current_liabilities_2023 = 51301) = 2.2447
FQ-00125,Meridian Systems Inc,1,equals,(employees_2023 = total_liabilities_2023),Is the total number of employees equal to total liabilities for Meridian Systems Inc?,False,No,boolean,employees_2023(257216) = total_liabilities_2023(579572) → False
FQ-00126,ClearPath Logistics,1,less_equal,(dividends_paid_2022 ≤ revenue_2022),Is cash dividends paid less than or equal to total revenue for ClearPath Logistics for fiscal year 2022?,True,Yes,boolean,dividends_paid_2022(3853) ≤ revenue_2022(230637) → True
FQ-00127,Pinnacle Health Group,1,subtract,(total_assets_2022 - net_income_2023),"What is the difference between total assets and net income (i.e., total assets minus net income) for Pinnacle Health Group from fiscal year 2022 to fiscal year 2023?",64923,64923,numeric,total_assets_2022(88345) - net_income_2023(23422) = 64923
FQ-00128,ClearPath Logistics,0,,total_equity_2022,What was the total stockholders' equity reported by ClearPath Logistics for the fiscal year ending 2022?,99639,99639,numeric,total_equity_2022 = 99639
FQ-00129,Titan Consumer Brands,1,greater_than,(total_assets_2023 > inventories_2022),Is total assets strictly greater than total inventories for Titan Consumer Brands from fiscal year 2023 to fiscal year 2022?,True,Yes,boolean,total_assets_2023(272258) > inventories_2022(4147) → True
FQ-00130,ClearPath Logistics,0,,total_assets_2023,What was the total assets reported by ClearPath Logistics for the fiscal year ending 2023?,171727,171727,numeric,total_assets_2023 = 171727
FQ-00131,Pacific Crest Energy,2,greater_than,((total_assets_2023 + net_income_2022) > cost_of_goods_sold_2023),"For Pacific Crest Energy, what is the result of computing ((total_assets_2023 + net_income_2022) > cost_of_goods_sold_2023)? Specifically, evaluate the sub-expression first, then apply the outer operation.",True,Yes,boolean,(total_assets_2023(282988) + net_income_2022(112421) = 395409) > (cost_of_goods_sold_2023 = 184001) → True
FQ-00132,Ironclad Manufacturing,2,ratio,"ratio((operating_expenses_2024 × current_liabilities_2024), inventories_2023)","For Ironclad Manufacturing, what is the result of computing ratio((operating_expenses_2024 × current_liabilities_2024), inventories_2023)? Specifically, evaluate the sub-expression first, then apply the outer operation.",204570.1953,204570.1953,ratio,(operating_expenses_2024(20527) × current_liabilities_2024(112545) = 2310211215) / (inventories_2023 = 11293) = 204570.1953
FQ-00133,Pinnacle Health Group,0,,net_income_2024,What was the net income reported by Pinnacle Health Group for the fiscal year ending 2024?,5005,5005,numeric,net_income_2024 = 5005
FQ-00134,Titan Consumer Brands,1,less_equal,(gross_profit_2024 ≤ net_income_2024),Is gross profit less than or equal to net income for Titan Consumer Brands for fiscal year 2024?,False,No,boolean,gross_profit_2024(61789) ≤ net_income_2024(27157) → False
FQ-00135,Cobalt Semiconductor,1,equals,(current_assets_2023 = gross_profit_2024),Is the total current assets equal to gross profit for Cobalt Semiconductor?,False,No,boolean,current_assets_2023(129672) = gross_profit_2024(82846) → False
FQ-00136,Crimson Pharmaceuticals,1,multiply,(cost_of_goods_sold_2024 × current_assets_2022),What is the product of cost of goods sold and total current assets for Crimson Pharmaceuticals from fiscal year 2024 to fiscal year 2022?,13397166990,13397166990,numeric,cost_of_goods_sold_2024(88170) × current_assets_2022(151947) = 13397166990
FQ-00137,Helix BioSciences,1,equals,(revenue_2023 = long_term_debt_2022),Is the total revenue equal to long-term debt for Helix BioSciences?,False,No,boolean,revenue_2023(133657) = long_term_debt_2022(178494) → False
FQ-00138,SilverLine Retail Inc,1,subtract,(current_liabilities_2023 - capex_2024),"What is the difference between total current liabilities and capital expenditures (i.e., total current liabilities minus capital expenditures) for SilverLine Retail Inc from fiscal year 2023 to fiscal year 2024?",162505,162505,numeric,current_liabilities_2023(170751) - capex_2024(8246) = 162505
FQ-00139,ClearPath Logistics,2,divide,((total_liabilities_2022 + cost_of_goods_sold_2024) ÷ inventories_2022),"For ClearPath Logistics, what is the result of computing ((total_liabilities_2022 + cost_of_goods_sold_2024) ÷ inventories_2022)? Specifically, evaluate the sub-expression first, then apply the outer operation.",30.1536,30.15,numeric,(total_liabilities_2022(261147) + cost_of_goods_sold_2024(82725) = 343872) / (inventories_2022 = 11404) = 30.1536
FQ-00140,Pacific Crest Energy,2,subtract,"(Δ(dividends_paid, 2023→2024) - accounts_receivable_2023)","For Pacific Crest Energy, what is the result of computing (Δ(dividends_paid, 2023→2024) - accounts_receivable_2023)? Specifically, evaluate the sub-expression first, then apply the outer operation.",-39892,-39892,numeric,(Δ = dividends_paid_2024(20102) - dividends_paid_2023(15382) = 4720) - (accounts_receivable_2023 = 44612) = -39892
FQ-00141,Apex Dynamics Corp,2,subtract,((operating_expenses_2023 - capex_2022) - current_liabilities_2022),"For Apex Dynamics Corp, what is the result of computing ((operating_expenses_2023 - capex_2022) - current_liabilities_2022)? Specifically, evaluate the sub-expression first, then apply the outer operation.",-8179,-8179,numeric,(operating_expenses_2023(6461) - capex_2022(5238) = 1223) - (current_liabilities_2022 = 9402) = -8179
FQ-00142,Orion Financial Group,1,equals,(employees_2023 = employees_2024),Is the total number of employees equal to total number of employees for Orion Financial Group?,False,No,boolean,employees_2023(29891) = employees_2024(378345) → False
FQ-00143,Meridian Systems Inc,1,equals,(gross_profit_2024 = operating_expenses_2023),Is the gross profit equal to total operating expenses for Meridian Systems Inc?,False,No,boolean,gross_profit_2024(392234) = operating_expenses_2023(69023) → False
FQ-00144,NovaStar Technologies,1,less_than,(dividends_paid_2023 < operating_expenses_2024),Is cash dividends paid strictly less than total operating expenses for NovaStar Technologies from fiscal year 2023 to fiscal year 2024?,True,Yes,boolean,dividends_paid_2023(5942) < operating_expenses_2024(28960) → True
FQ-00145,Titan Consumer Brands,1,subtract,(revenue_2022 - operating_expenses_2024),"What is the difference between total revenue and total operating expenses (i.e., total revenue minus total operating expenses) for Titan Consumer Brands from fiscal year 2022 to fiscal year 2024?",71114,71114,numeric,revenue_2022(95981) - operating_expenses_2024(24867) = 71114
FQ-00146,Titan Consumer Brands,2,subtract,((current_liabilities_2022 - total_liabilities_2022) - revenue_2024),"For Titan Consumer Brands, what is the result of computing ((current_liabilities_2022 - total_liabilities_2022) - revenue_2024)? Specifically, evaluate the sub-expression first, then apply the outer operation.",-138884,-138884,numeric,(current_liabilities_2022(20421) - total_liabilities_2022(46231) = -25810) - (revenue_2024 = 113074) = -138884
FQ-00147,Crimson Pharmaceuticals,1,less_than,(operating_expenses_2022 < cost_of_goods_sold_2022),Is total operating expenses strictly less than cost of goods sold for Crimson Pharmaceuticals for fiscal year 2022?,True,Yes,boolean,operating_expenses_2022(17433) < cost_of_goods_sold_2022(109259) → True
FQ-00148,Atlas Global Industries,1,subtract,(current_liabilities_2022 - operating_expenses_2023),"What is the difference between total current liabilities and total operating expenses (i.e., total current liabilities minus total operating expenses) for Atlas Global Industries from fiscal year 2022 to fiscal year 2023?",-23237,-23237,numeric,current_liabilities_2022(85707) - operating_expenses_2023(108944) = -23237
FQ-00149,NovaStar Technologies,1,subtract,(operating_income_2024 - current_liabilities_2022),"What is the difference between operating income and total current liabilities (i.e., operating income minus total current liabilities) for NovaStar Technologies from fiscal year 2024 to fiscal year 2022?",17403,17403,numeric,operating_income_2024(36263) - current_liabilities_2022(18860) = 17403
FQ-00150,Cobalt Semiconductor,1,less_than,(inventories_2023 < capex_2023),Is total inventories strictly less than capital expenditures for Cobalt Semiconductor for fiscal year 2023?,True,Yes,boolean,inventories_2023(3839) < capex_2023(16968) → True
FQ-00151,Meridian Systems Inc,1,greater_equal,(revenue_2023 ≥ current_assets_2022),Is total revenue greater than or equal to total current assets for Meridian Systems Inc from fiscal year 2023 to fiscal year 2022?,False,No,boolean,revenue_2023(611174) ≥ current_assets_2022(723664) → False
FQ-00152,Ironclad Manufacturing,1,less_equal,(operating_income_2024 ≤ current_liabilities_2023),Is operating income less than or equal to total current liabilities for Ironclad Manufacturing from fiscal year 2024 to fiscal year 2023?,False,No,boolean,operating_income_2024(57387) ≤ current_liabilities_2023(50020) → False
FQ-00153,Meridian Systems Inc,1,equals,(operating_expenses_2023 = accounts_receivable_2023),Is the total operating expenses equal to net accounts receivable for Meridian Systems Inc?,False,No,boolean,operating_expenses_2023(69023) = accounts_receivable_2023(58756) → False
FQ-00154,Helix BioSciences,1,subtract,(total_liabilities_2023 - net_income_2023),"What is the difference between total liabilities and net income (i.e., total liabilities minus net income) for Helix BioSciences for fiscal year 2023?",13107,13107,numeric,total_liabilities_2023(60273) - net_income_2023(47166) = 13107
FQ-00155,Titan Consumer Brands,1,not_equals,(total_equity_2023 ≠ current_liabilities_2022),Is the total stockholders' equity different from total current liabilities for Titan Consumer Brands?,True,Yes,boolean,total_equity_2023(86031) ≠ current_liabilities_2022(20421) → True
FQ-00156,Cobalt Semiconductor,1,multiply,(inventories_2024 × current_liabilities_2023),What is the product of total inventories and total current liabilities for Cobalt Semiconductor from fiscal year 2024 to fiscal year 2023?,3455439944,3455439944,numeric,inventories_2024(35407) × current_liabilities_2023(97592) = 3455439944
FQ-00157,ClearPath Logistics,1,divide,(total_liabilities_2023 ÷ current_assets_2024),What is the ratio of total liabilities to total current assets for ClearPath Logistics from fiscal year 2023 to fiscal year 2024?,2.0841,2.08,numeric,total_liabilities_2023(126383) / current_assets_2024(60642) = 2.0841
FQ-00158,Meridian Systems Inc,1,multiply,(total_equity_2022 × net_income_2022),What is the product of total stockholders' equity and net income for Meridian Systems Inc for fiscal year 2022?,59538685661,59538685661,numeric,total_equity_2022(447629) × net_income_2022(133009) = 59538685661
FQ-00159,SilverLine Retail Inc,0,,capex_2024,What was the capital expenditures reported by SilverLine Retail Inc for the fiscal year ending 2024?,8246,8246,numeric,capex_2024 = 8246
FQ-00160,Quantum Bridge Holdings,1,subtract,(gross_profit_2024 - operating_income_2024),"What is the difference between gross profit and operating income (i.e., gross profit minus operating income) for Quantum Bridge Holdings for fiscal year 2024?",37704,37704,numeric,gross_profit_2024(151679) - operating_income_2024(113975) = 37704
FQ-00161,Cobalt Semiconductor,1,not_equals,(dividends_paid_2022 ≠ total_equity_2022),Is the cash dividends paid different from total stockholders' equity for Cobalt Semiconductor?,True,Yes,boolean,dividends_paid_2022(9269) ≠ total_equity_2022(107723) → True
FQ-00162,Atlas Global Industries,0,,total_equity_2024,What was the total stockholders' equity reported by Atlas Global Industries for the fiscal year ending 2024?,154250,154250,numeric,total_equity_2024 = 154250
FQ-00163,Crimson Pharmaceuticals,0,,cash_2022,What was the cash and cash equivalents reported by Crimson Pharmaceuticals for the fiscal year ending 2022?,61088,61088,numeric,cash_2022 = 61088
FQ-00164,Apex Dynamics Corp,2,ratio,"ratio((stock_price_2023 ÷ total_assets_2023), cash_2022)","For Apex Dynamics Corp, what is the result of computing ratio((stock_price_2023 ÷ total_assets_2023), cash_2022)? Specifically, evaluate the sub-expression first, then apply the outer operation.",0.0,0.0000,ratio,(stock_price_2023(739.0) / total_assets_2023(124489) = 0.0059) / (cash_2022 = 2886) = 0.0
FQ-00165,Apex Dynamics Corp,2,subtract,((inventories_2023 + current_assets_2023) - total_assets_2023),"For Apex Dynamics Corp, what is the result of computing ((inventories_2023 + current_assets_2023) - total_assets_2023)? Specifically, evaluate the sub-expression first, then apply the outer operation.",-81366,-81366,numeric,(inventories_2023(3274) + current_assets_2023(39849) = 43123) - (total_assets_2023 = 124489) = -81366
FQ-00166,Pinnacle Health Group,1,ratio,"ratio(operating_expenses_2023, long_term_debt_2023)",What is the ratio of total operating expenses to long-term debt for Pinnacle Health Group for fiscal year 2023?,0.3562,0.3562,ratio,operating_expenses_2023(9625) / long_term_debt_2023(27018) = 0.3562
FQ-00167,Helix BioSciences,1,divide,(total_equity_2022 ÷ employees_2023),What is the ratio of total stockholders' equity to total number of employees for Helix BioSciences from fiscal year 2022 to fiscal year 2023?,0.3992,0.40,numeric,total_equity_2022(158260) / employees_2023(396417) = 0.3992
FQ-00168,Apex Dynamics Corp,1,greater_than,(capex_2023 > operating_income_2022),Is capital expenditures strictly greater than operating income for Apex Dynamics Corp from fiscal year 2023 to fiscal year 2022?,False,No,boolean,capex_2023(1851) > operating_income_2022(34696) → False
FQ-00169,Atlas Global Industries,2,ratio,"ratio(ratio(stock_price_2022, total_equity_2024), cost_of_goods_sold_2023)","For Atlas Global Industries, what is the result of computing ratio(ratio(stock_price_2022, total_equity_2024), cost_of_goods_sold_2023)? Specifically, evaluate the sub-expression first, then apply the outer operation.",0.0,0.0000,ratio,(stock_price_2022(736.72) / total_equity_2024(154250) = 0.0048) / (cost_of_goods_sold_2023 = 261406) = 0.0
FQ-00170,Pinnacle Health Group,2,ratio,"ratio((capex_2023 ÷ operating_expenses_2022), net_income_2023)","For Pinnacle Health Group, what is the result of computing ratio((capex_2023 ÷ operating_expenses_2022), net_income_2023)? Specifically, evaluate the sub-expression first, then apply the outer operation.",0.0,0.0000,ratio,(capex_2023(3835) / operating_expenses_2022(16516) = 0.2322) / (net_income_2023 = 23422) = 0.0
FQ-00171,Pinnacle Health Group,2,ratio,"ratio((operating_income_2023 + total_assets_2023), long_term_debt_2022)","For Pinnacle Health Group, what is the result of computing ratio((operating_income_2023 + total_assets_2023), long_term_debt_2022)? Specifically, evaluate the sub-expression first, then apply the outer operation.",13.0117,13.0117,ratio,(operating_income_2023(29194) + total_assets_2023(67535) = 96729) / (long_term_debt_2022 = 7434) = 13.0117
FQ-00172,Ironclad Manufacturing,2,divide,"(ratio(current_assets_2024, dividends_paid_2023) ÷ net_income_2024)","For Ironclad Manufacturing, what is the result of computing (ratio(current_assets_2024, dividends_paid_2023) ÷ net_income_2024)? Specifically, evaluate the sub-expression first, then apply the outer operation.",0.0008,0.00,numeric,(current_assets_2024(155765) / dividends_paid_2023(4732) = 32.9174) / (net_income_2024 = 40511) = 0.0008
FQ-00173,Quantum Bridge Holdings,2,divide,((cost_of_goods_sold_2023 + cost_of_goods_sold_2022) ÷ cost_of_goods_sold_2024),"For Quantum Bridge Holdings, what is the result of computing ((cost_of_goods_sold_2023 + cost_of_goods_sold_2022) ÷ cost_of_goods_sold_2024)? Specifically, evaluate the sub-expression first, then apply the outer operation.",1.9947,1.99,numeric,(cost_of_goods_sold_2023(116497) + cost_of_goods_sold_2022(64497) = 180994) / (cost_of_goods_sold_2024 = 90739) = 1.9947
FQ-00174,NovaStar Technologies,1,not_equals,(current_liabilities_2022 ≠ revenue_2023),Is the total current liabilities different from total revenue for NovaStar Technologies?,True,Yes,boolean,current_liabilities_2022(18860) ≠ revenue_2023(110556) → True
FQ-00175,Pacific Crest Energy,1,equals,(operating_expenses_2024 = net_income_2023),Is the total operating expenses equal to net income for Pacific Crest Energy?,False,No,boolean,operating_expenses_2024(38004) = net_income_2023(85444) → False
FQ-00176,Ironclad Manufacturing,2,divide,((employees_2023 × total_liabilities_2023) ÷ inventories_2023),"For Ironclad Manufacturing, what is the result of computing ((employees_2023 × total_liabilities_2023) ÷ inventories_2023)? Specifically, evaluate the sub-expression first, then apply the outer operation.",7081527.2262,"7,081,527",numeric,(employees_2023(490669) × total_liabilities_2023(162985) = 79971686965) / (inventories_2023 = 11293) = 7081527.2262
FQ-00177,Orion Financial Group,2,divide,((operating_expenses_2022 - operating_expenses_2024) ÷ inventories_2022),"For Orion Financial Group, what is the result of computing ((operating_expenses_2022 - operating_expenses_2024) ÷ inventories_2022)? Specifically, evaluate the sub-expression first, then apply the outer operation.",0.8115,0.81,numeric,(operating_expenses_2022(47256) - operating_expenses_2024(30827) = 16429) / (inventories_2022 = 20246) = 0.8115
FQ-00178,Titan Consumer Brands,2,ratio,"ratio(ratio(cash_2023, long_term_debt_2022), revenue_2024)","For Titan Consumer Brands, what is the result of computing ratio(ratio(cash_2023, long_term_debt_2022), revenue_2024)? Specifically, evaluate the sub-expression first, then apply the outer operation.",0.0,0.0000,ratio,(cash_2023(54437) / long_term_debt_2022(15987) = 3.4051) / (revenue_2024 = 113074) = 0.0
FQ-00179,Helix BioSciences,1,subtract,(total_liabilities_2024 - accounts_receivable_2022),"What is the difference between total liabilities and net accounts receivable (i.e., total liabilities minus net accounts receivable) for Helix BioSciences from fiscal year 2024 to fiscal year 2022?",58718,58718,numeric,total_liabilities_2024(73814) - accounts_receivable_2022(15096) = 58718
FQ-00180,Quantum Bridge Holdings,1,divide,(inventories_2023 ÷ total_assets_2023),What is the ratio of total inventories to total assets for Quantum Bridge Holdings for fiscal year 2023?,0.0127,0.01,numeric,inventories_2023(3523) / total_assets_2023(278084) = 0.0127
FQ-00181,Quantum Bridge Holdings,1,equals,(long_term_debt_2024 = current_liabilities_2022),Is the long-term debt equal to total current liabilities for Quantum Bridge Holdings?,False,No,boolean,long_term_debt_2024(55124) = current_liabilities_2022(41943) → False
FQ-00182,Quantum Bridge Holdings,1,subtract,(accounts_receivable_2024 - cost_of_goods_sold_2022),"What is the difference between net accounts receivable and cost of goods sold (i.e., net accounts receivable minus cost of goods sold) for Quantum Bridge Holdings from fiscal year 2024 to fiscal year 2022?",-45128,-45128,numeric,accounts_receivable_2024(19369) - cost_of_goods_sold_2022(64497) = -45128
FQ-00183,Meridian Systems Inc,0,,credit_rating,What is the credit rating of Meridian Systems Inc?,AA,AA,ordinal,credit_rating = AA
FQ-00184,Orion Financial Group,2,subtract,((total_equity_2023 - current_liabilities_2023) - capex_2023),"For Orion Financial Group, what is the result of computing ((total_equity_2023 - current_liabilities_2023) - capex_2023)? Specifically, evaluate the sub-expression first, then apply the outer operation.",144276,144276,numeric,(total_equity_2023(189982) - current_liabilities_2023(39934) = 150048) - (capex_2023 = 5772) = 144276
FQ-00185,ClearPath Logistics,2,divide,((inventories_2022 ÷ cash_2022) ÷ gross_profit_2022),"For ClearPath Logistics, what is the result of computing ((inventories_2022 ÷ cash_2022) ÷ gross_profit_2022)? Specifically, evaluate the sub-expression first, then apply the outer operation.",0.0,0.00,numeric,(inventories_2022(11404) / cash_2022(31822) = 0.3584) / (gross_profit_2022 = 112675) = 0.0
FQ-00186,Ironclad Manufacturing,1,add,(revenue_2022 + operating_income_2024),What is the sum of total revenue and operating income for Ironclad Manufacturing from fiscal year 2022 to fiscal year 2024?,282878,282878,numeric,revenue_2022(225491) + operating_income_2024(57387) = 282878
FQ-00187,Orion Financial Group,1,less_equal,(accounts_receivable_2022 ≤ operating_income_2023),Is net accounts receivable less than or equal to operating income for Orion Financial Group from fiscal year 2022 to fiscal year 2023?,True,Yes,boolean,accounts_receivable_2022(31323) ≤ operating_income_2023(148350) → True
FQ-00188,Titan Consumer Brands,2,divide,"(ratio(cash_2022, capex_2022) ÷ accounts_receivable_2023)","For Titan Consumer Brands, what is the result of computing (ratio(cash_2022, capex_2022) ÷ accounts_receivable_2023)? Specifically, evaluate the sub-expression first, then apply the outer operation.",0.0001,0.00,numeric,(cash_2022(6575) / capex_2022(8211) = 0.8008) / (accounts_receivable_2023 = 13316) = 0.0001
FQ-00189,NovaStar Technologies,2,less_than,((gross_profit_2023 - total_equity_2023) < operating_income_2022),"For NovaStar Technologies, what is the result of computing ((gross_profit_2023 - total_equity_2023) < operating_income_2022)? Specifically, evaluate the sub-expression first, then apply the outer operation.",True,Yes,boolean,(gross_profit_2023(55944) - total_equity_2023(30178) = 25766) < (operating_income_2022 = 57409) → True
FQ-00190,SilverLine Retail Inc,0,,accounts_receivable_2022,What was the net accounts receivable reported by SilverLine Retail Inc for the fiscal year ending 2022?,31967,31967,numeric,accounts_receivable_2022 = 31967
FQ-00191,Crimson Pharmaceuticals,1,ratio,"ratio(total_liabilities_2022, cash_2024)",What is the ratio of total liabilities to cash and cash equivalents for Crimson Pharmaceuticals from fiscal year 2022 to fiscal year 2024?,13.6867,13.6867,ratio,total_liabilities_2022(192229) / cash_2024(14045) = 13.6867
FQ-00192,Orion Financial Group,1,not_equals,(capex_2023 ≠ accounts_receivable_2023),Is the capital expenditures different from net accounts receivable for Orion Financial Group?,True,Yes,boolean,capex_2023(5772) ≠ accounts_receivable_2023(11118) → True
FQ-00193,Quantum Bridge Holdings,2,subtract,((net_income_2022 + dividends_paid_2024) - long_term_debt_2022),"For Quantum Bridge Holdings, what is the result of computing ((net_income_2022 + dividends_paid_2024) - long_term_debt_2022)? Specifically, evaluate the sub-expression first, then apply the outer operation.",35959,35959,numeric,(net_income_2022(75911) + dividends_paid_2024(16028) = 91939) - (long_term_debt_2022 = 55980) = 35959
FQ-00194,NovaStar Technologies,1,not_equals,(dividends_paid_2024 ≠ total_equity_2023),Is the cash dividends paid different from total stockholders' equity for NovaStar Technologies?,True,Yes,boolean,dividends_paid_2024(4595) ≠ total_equity_2023(30178) → True
FQ-00195,SilverLine Retail Inc,2,less_than,((net_income_2023 + cash_2022) < cost_of_goods_sold_2024),"For SilverLine Retail Inc, what is the result of computing ((net_income_2023 + cash_2022) < cost_of_goods_sold_2024)? Specifically, evaluate the sub-expression first, then apply the outer operation.",True,Yes,boolean,(net_income_2023(60393) + cash_2022(93639) = 154032) < (cost_of_goods_sold_2024 = 219631) → True
FQ-00196,Titan Consumer Brands,1,divide,(operating_expenses_2024 ÷ gross_profit_2022),What is the ratio of total operating expenses to gross profit for Titan Consumer Brands from fiscal year 2024 to fiscal year 2022?,0.4103,0.41,numeric,operating_expenses_2024(24867) / gross_profit_2022(60605) = 0.4103
FQ-00197,Atlas Global Industries,2,ratio,"ratio((current_liabilities_2023 × stock_price_2023), operating_expenses_2023)","For Atlas Global Industries, what is the result of computing ratio((current_liabilities_2023 × stock_price_2023), operating_expenses_2023)? Specifically, evaluate the sub-expression first, then apply the outer operation.",919.0338,919.0338,ratio,(current_liabilities_2023(455727) × stock_price_2023(219.7) = 100123221.9) / (operating_expenses_2023 = 108944) = 919.0338
FQ-00198,SilverLine Retail Inc,1,equals,(accounts_receivable_2023 = current_liabilities_2024),Is the net accounts receivable equal to total current liabilities for SilverLine Retail Inc?,False,No,boolean,accounts_receivable_2023(17861) = current_liabilities_2024(102744) → False
FQ-00199,Atlas Global Industries,1,multiply,(cash_2023 × current_liabilities_2024),What is the product of cash and cash equivalents and total current liabilities for Atlas Global Industries from fiscal year 2023 to fiscal year 2024?,22008653794,22008653794,numeric,cash_2023(201349) × current_liabilities_2024(109306) = 22008653794
FQ-00200,Titan Consumer Brands,1,multiply,(long_term_debt_2024 × shares_outstanding_2023),What is the product of long-term debt and total shares outstanding for Titan Consumer Brands from fiscal year 2024 to fiscal year 2023?,712693407,712693407,numeric,long_term_debt_2024(135159) × shares_outstanding_2023(5273) = 712693407
FQ-00201,Apex Dynamics Corp,1,divide,(gross_profit_2022 ÷ total_liabilities_2022),What is the ratio of gross profit to total liabilities for Apex Dynamics Corp for fiscal year 2022?,1.0967,1.10,numeric,gross_profit_2022(39977) / total_liabilities_2022(36451) = 1.0967
FQ-00202,Crimson Pharmaceuticals,2,ratio,"ratio((inventories_2024 + total_liabilities_2023), long_term_debt_2022)","For Crimson Pharmaceuticals, what is the result of computing ratio((inventories_2024 + total_liabilities_2023), long_term_debt_2022)? Specifically, evaluate the sub-expression first, then apply the outer operation.",2.2705,2.2705,ratio,(inventories_2024(5109) + total_liabilities_2023(169890) = 174999) / (long_term_debt_2022 = 77076) = 2.2705
FQ-00203,Helix BioSciences,1,multiply,(total_assets_2024 × total_assets_2022),What is the product of total assets and total assets for Helix BioSciences from fiscal year 2024 to fiscal year 2022?,42808260592,42808260592,numeric,total_assets_2024(98642) × total_assets_2022(433976) = 42808260592
FQ-00204,SilverLine Retail Inc,2,subtract,((accounts_receivable_2024 + cost_of_goods_sold_2023) - current_assets_2024),"For SilverLine Retail Inc, what is the result of computing ((accounts_receivable_2024 + cost_of_goods_sold_2023) - current_assets_2024)? Specifically, evaluate the sub-expression first, then apply the outer operation.",96817,96817,numeric,(accounts_receivable_2024(24720) + cost_of_goods_sold_2023(175401) = 200121) - (current_assets_2024 = 103304) = 96817
FQ-00205,Crimson Pharmaceuticals,1,divide,(accounts_receivable_2023 ÷ total_assets_2023),What is the ratio of net accounts receivable to total assets for Crimson Pharmaceuticals for fiscal year 2023?,0.0556,0.06,numeric,accounts_receivable_2023(15186) / total_assets_2023(273108) = 0.0556
FQ-00206,Atlas Global Industries,1,not_equals,(current_liabilities_2024 ≠ operating_expenses_2023),Is the total current liabilities different from total operating expenses for Atlas Global Industries?,True,Yes,boolean,current_liabilities_2024(109306) ≠ operating_expenses_2023(108944) → True
FQ-00207,Titan Consumer Brands,0,,stock_price_2023,What was the closing stock price reported by Titan Consumer Brands for the fiscal year ending 2023?,351.28,351.28,numeric,stock_price_2023 = 351.28
FQ-00208,Pacific Crest Energy,2,ratio,"ratio((dividends_paid_2022 × capex_2024), cash_2024)","For Pacific Crest Energy, what is the result of computing ratio((dividends_paid_2022 × capex_2024), cash_2024)? Specifically, evaluate the sub-expression first, then apply the outer operation.",22539.3872,22539.3872,ratio,(dividends_paid_2022(25066) × capex_2024(14416) = 361351456) / (cash_2024 = 16032) = 22539.3872
FQ-00209,Quantum Bridge Holdings,1,ratio,"ratio(dividends_paid_2022, capex_2024)",What is the ratio of cash dividends paid to capital expenditures for Quantum Bridge Holdings from fiscal year 2022 to fiscal year 2024?,0.5093,0.5093,ratio,dividends_paid_2022(11354) / capex_2024(22295) = 0.5093
FQ-00210,Meridian Systems Inc,2,ratio,"ratio(ratio(total_equity_2023, total_liabilities_2023), shares_outstanding_2023)","For Meridian Systems Inc, what is the result of computing ratio(ratio(total_equity_2023, total_liabilities_2023), shares_outstanding_2023)? Specifically, evaluate the sub-expression first, then apply the outer operation.",0.0001,0.0001,ratio,(total_equity_2023(209286) / total_liabilities_2023(579572) = 0.3611) / (shares_outstanding_2023 = 3368) = 0.0001
FQ-00211,SilverLine Retail Inc,2,divide,"(ratio(current_liabilities_2022, total_assets_2023) ÷ gross_profit_2023)","For SilverLine Retail Inc, what is the result of computing (ratio(current_liabilities_2022, total_assets_2023) ÷ gross_profit_2023)? Specifically, evaluate the sub-expression first, then apply the outer operation.",0.0,0.00,numeric,(current_liabilities_2022(159908) / total_assets_2023(575271) = 0.278) / (gross_profit_2023 = 117316) = 0.0
FQ-00212,Pinnacle Health Group,1,not_equals,(accounts_receivable_2023 ≠ accounts_receivable_2022),Is the net accounts receivable different from net accounts receivable for Pinnacle Health Group?,True,Yes,boolean,accounts_receivable_2023(3778) ≠ accounts_receivable_2022(12832) → True
FQ-00213,Orion Financial Group,1,subtract,(operating_income_2023 - total_equity_2024),"What is the difference between operating income and total stockholders' equity (i.e., operating income minus total stockholders' equity) for Orion Financial Group from fiscal year 2023 to fiscal year 2024?",42077,42077,numeric,operating_income_2023(148350) - total_equity_2024(106273) = 42077
FQ-00214,Atlas Global Industries,0,,shares_outstanding_2022,What was the total shares outstanding reported by Atlas Global Industries for the fiscal year ending 2022?,7204,7204,numeric,shares_outstanding_2022 = 7204
FQ-00215,Titan Consumer Brands,1,not_equals,(total_assets_2022 ≠ revenue_2024),Is the total assets different from total revenue for Titan Consumer Brands?,True,Yes,boolean,total_assets_2022(98264) ≠ revenue_2024(113074) → True
FQ-00216,Ironclad Manufacturing,0,,company_name,What is the company name of Ironclad Manufacturing?,Ironclad Manufacturing,Ironclad Manufacturing,categorical,company_name = Ironclad Manufacturing
FQ-00217,Cobalt Semiconductor,1,multiply,(cost_of_goods_sold_2022 × capex_2023),What is the product of cost of goods sold and capital expenditures for Cobalt Semiconductor from fiscal year 2022 to fiscal year 2023?,2098737984,2098737984,numeric,cost_of_goods_sold_2022(123688) × capex_2023(16968) = 2098737984
FQ-00218,Atlas Global Industries,1,greater_equal,(gross_profit_2022 ≥ revenue_2024),Is gross profit greater than or equal to total revenue for Atlas Global Industries from fiscal year 2022 to fiscal year 2024?,False,No,boolean,gross_profit_2022(302087) ≥ revenue_2024(498541) → False
FQ-00219,SilverLine Retail Inc,1,ratio,"ratio(stock_price_2023, net_income_2024)",What is the ratio of closing stock price to net income for SilverLine Retail Inc from fiscal year 2023 to fiscal year 2024?,0.0076,0.0076,ratio,stock_price_2023(416.27) / net_income_2024(54884) = 0.0076
FQ-00220,ClearPath Logistics,2,greater_than,((cost_of_goods_sold_2024 + operating_income_2023) > operating_income_2022),"For ClearPath Logistics, what is the result of computing ((cost_of_goods_sold_2024 + operating_income_2023) > operating_income_2022)? Specifically, evaluate the sub-expression first, then apply the outer operation.",True,Yes,boolean,(cost_of_goods_sold_2024(82725) + operating_income_2023(102857) = 185582) > (operating_income_2022 = 99638) → True
FQ-00221,Atlas Global Industries,1,add,(capex_2022 + gross_profit_2022),What is the sum of capital expenditures and gross profit for Atlas Global Industries for fiscal year 2022?,325914,325914,numeric,capex_2022(23827) + gross_profit_2022(302087) = 325914
FQ-00222,NovaStar Technologies,1,multiply,(accounts_receivable_2023 × cost_of_goods_sold_2022),What is the product of net accounts receivable and cost of goods sold for NovaStar Technologies from fiscal year 2023 to fiscal year 2022?,316679231,316679231,numeric,accounts_receivable_2023(8173) × cost_of_goods_sold_2022(38747) = 316679231
FQ-00223,Ironclad Manufacturing,2,ratio,"ratio((shares_outstanding_2022 × operating_expenses_2024), accounts_receivable_2024)","For Ironclad Manufacturing, what is the result of computing ratio((shares_outstanding_2022 × operating_expenses_2024), accounts_receivable_2024)? Specifically, evaluate the sub-expression first, then apply the outer operation.",2638.3903,2638.3903,ratio,(shares_outstanding_2022(4075) × operating_expenses_2024(20527) = 83647525) / (accounts_receivable_2024 = 31704) = 2638.3903
FQ-00224,ClearPath Logistics,2,greater_than,((cash_2023 + operating_expenses_2024) > revenue_2024),"For ClearPath Logistics, what is the result of computing ((cash_2023 + operating_expenses_2024) > revenue_2024)? Specifically, evaluate the sub-expression first, then apply the outer operation.",False,No,boolean,(cash_2023(16640) + operating_expenses_2024(37945) = 54585) > (revenue_2024 = 205265) → False
FQ-00225,SilverLine Retail Inc,2,subtract,((cash_2022 - operating_expenses_2023) - current_assets_2023),"For SilverLine Retail Inc, what is the result of computing ((cash_2022 - operating_expenses_2023) - current_assets_2023)? Specifically, evaluate the sub-expression first, then apply the outer operation.",-232337,-232337,numeric,(cash_2022(93639) - operating_expenses_2023(36832) = 56807) - (current_assets_2023 = 289144) = -232337
FQ-00226,Meridian Systems Inc,1,multiply,(revenue_2023 × shares_outstanding_2023),What is the product of total revenue and total shares outstanding for Meridian Systems Inc for fiscal year 2023?,2058434032,2058434032,numeric,revenue_2023(611174) × shares_outstanding_2023(3368) = 2058434032
FQ-00227,NovaStar Technologies,1,less_than,(revenue_2023 < gross_profit_2022),Is total revenue strictly less than gross profit for NovaStar Technologies from fiscal year 2023 to fiscal year 2022?,False,No,boolean,revenue_2023(110556) < gross_profit_2022(77979) → False
FQ-00228,Ironclad Manufacturing,1,less_equal,(inventories_2022 ≤ gross_profit_2022),Is total inventories less than or equal to gross profit for Ironclad Manufacturing for fiscal year 2022?,True,Yes,boolean,inventories_2022(11750) ≤ gross_profit_2022(142161) → True
FQ-00229,Orion Financial Group,1,divide,(long_term_debt_2023 ÷ operating_expenses_2023),What is the ratio of long-term debt to total operating expenses for Orion Financial Group for fiscal year 2023?,2.4398,2.44,numeric,long_term_debt_2023(74476) / operating_expenses_2023(30525) = 2.4398
FQ-00230,Pinnacle Health Group,1,greater_than,(inventories_2023 > capex_2023),Is total inventories strictly greater than capital expenditures for Pinnacle Health Group for fiscal year 2023?,True,Yes,boolean,inventories_2023(6591) > capex_2023(3835) → True
FQ-00231,Orion Financial Group,1,equals,(total_equity_2023 = stock_price_2024),Is the total stockholders' equity equal to closing stock price for Orion Financial Group?,False,No,boolean,total_equity_2023(189982) = stock_price_2024(526.63) → False
FQ-00232,Atlas Global Industries,1,greater_equal,(revenue_2022 ≥ total_equity_2022),Is total revenue greater than or equal to total stockholders' equity for Atlas Global Industries for fiscal year 2022?,True,Yes,boolean,revenue_2022(528458) ≥ total_equity_2022(138049) → True
FQ-00233,Cobalt Semiconductor,1,ratio,"ratio(shares_outstanding_2023, employees_2024)",What is the ratio of total shares outstanding to total number of employees for Cobalt Semiconductor from fiscal year 2023 to fiscal year 2024?,0.0262,0.0262,ratio,shares_outstanding_2023(9993) / employees_2024(381303) = 0.0262
FQ-00234,Atlas Global Industries,2,divide,"(ratio(cost_of_goods_sold_2024, current_assets_2024) ÷ revenue_2023)","For Atlas Global Industries, what is the result of computing (ratio(cost_of_goods_sold_2024, current_assets_2024) ÷ revenue_2023)? Specifically, evaluate the sub-expression first, then apply the outer operation.",0.0,0.00,numeric,(cost_of_goods_sold_2024(209151) / current_assets_2024(312464) = 0.6694) / (revenue_2023 = 494598) = 0.0
FQ-00235,Apex Dynamics Corp,2,subtract,((total_equity_2024 - total_liabilities_2023) - cost_of_goods_sold_2024),"For Apex Dynamics Corp, what is the result of computing ((total_equity_2024 - total_liabilities_2023) - cost_of_goods_sold_2024)? Specifically, evaluate the sub-expression first, then apply the outer operation.",-4307,-4307,numeric,(total_equity_2024(100073) - total_liabilities_2023(58319) = 41754) - (cost_of_goods_sold_2024 = 46061) = -4307
FQ-00236,ClearPath Logistics,2,ratio,"ratio(SUM(shares_outstanding_2022), long_term_debt_2024)","For ClearPath Logistics, what is the result of computing ratio(SUM(shares_outstanding_2022), long_term_debt_2024)? Specifically, evaluate the sub-expression first, then apply the outer operation.",3.6641,3.6641,ratio,(SUM(shares_outstanding_2022) = 99773) / (long_term_debt_2024 = 27230) = 3.6641
FQ-00237,Titan Consumer Brands,1,ratio,"ratio(revenue_2024, current_assets_2024)",What is the ratio of total revenue to total current assets for Titan Consumer Brands for fiscal year 2024?,0.5712,0.5712,ratio,revenue_2024(113074) / current_assets_2024(197958) = 0.5712
FQ-00238,Ironclad Manufacturing,1,sum_agg,SUM(operating_income_2022),What is the total sum of operating income across all companies in the dataset for fiscal year 2022?,1366774,1366774,numeric,SUM(operating_income_2022) = 1366774
FQ-00239,Atlas Global Industries,1,subtract,(total_equity_2022 - gross_profit_2024),"What is the difference between total stockholders' equity and gross profit (i.e., total stockholders' equity minus gross profit) for Atlas Global Industries from fiscal year 2022 to fiscal year 2024?",-151341,-151341,numeric,total_equity_2022(138049) - gross_profit_2024(289390) = -151341
FQ-00240,Apex Dynamics Corp,1,ratio,"ratio(cash_2022, stock_price_2023)",What is the ratio of cash and cash equivalents to closing stock price for Apex Dynamics Corp from fiscal year 2022 to fiscal year 2023?,3.9053,3.9053,ratio,cash_2022(2886) / stock_price_2023(739.0) = 3.9053
FQ-00241,Orion Financial Group,0,,total_assets_2022,What was the total assets reported by Orion Financial Group for the fiscal year ending 2022?,205045,205045,numeric,total_assets_2022 = 205045
FQ-00242,ClearPath Logistics,0,,employees_2024,What was the total number of employees reported by ClearPath Logistics for the fiscal year ending 2024?,408051,408051,numeric,employees_2024 = 408051
FQ-00243,Titan Consumer Brands,1,less_than,(accounts_receivable_2023 < net_income_2022),Is net accounts receivable strictly less than net income for Titan Consumer Brands from fiscal year 2023 to fiscal year 2022?,True,Yes,boolean,accounts_receivable_2023(13316) < net_income_2022(40897) → True
FQ-00244,Helix BioSciences,1,divide,(current_assets_2023 ÷ total_liabilities_2024),What is the ratio of total current assets to total liabilities for Helix BioSciences from fiscal year 2023 to fiscal year 2024?,0.3203,0.32,numeric,current_assets_2023(23644) / total_liabilities_2024(73814) = 0.3203
FQ-00245,Cobalt Semiconductor,1,subtract,(operating_expenses_2024 - total_assets_2023),"What is the difference between total operating expenses and total assets (i.e., total operating expenses minus total assets) for Cobalt Semiconductor from fiscal year 2024 to fiscal year 2023?",-358740,-358740,numeric,operating_expenses_2024(52727) - total_assets_2023(411467) = -358740
FQ-00246,Apex Dynamics Corp,1,greater_than,(gross_profit_2024 > long_term_debt_2022),Is gross profit strictly greater than long-term debt for Apex Dynamics Corp from fiscal year 2024 to fiscal year 2022?,True,Yes,boolean,gross_profit_2024(32961) > long_term_debt_2022(19118) → True
FQ-00247,Crimson Pharmaceuticals,1,divide,(revenue_2022 ÷ net_income_2022),What is the ratio of total revenue to net income for Crimson Pharmaceuticals for fiscal year 2022?,2.3778,2.38,numeric,revenue_2022(245816) / net_income_2022(103380) = 2.3778
FQ-00248,Orion Financial Group,1,greater_equal,(operating_expenses_2024 ≥ operating_expenses_2023),Is total operating expenses greater than or equal to total operating expenses for Orion Financial Group from fiscal year 2024 to fiscal year 2023?,True,Yes,boolean,operating_expenses_2024(30827) ≥ operating_expenses_2023(30525) → True
FQ-00249,Cobalt Semiconductor,1,add,(total_assets_2024 + accounts_receivable_2024),What is the sum of total assets and net accounts receivable for Cobalt Semiconductor for fiscal year 2024?,427684,427684,numeric,total_assets_2024(390039) + accounts_receivable_2024(37645) = 427684
FQ-00250,SilverLine Retail Inc,1,multiply,(capex_2022 × total_equity_2023),What is the product of capital expenditures and total stockholders' equity for SilverLine Retail Inc from fiscal year 2022 to fiscal year 2023?,3692655232,3692655232,numeric,capex_2022(18208) × total_equity_2023(202804) = 3692655232
FQ-00251,ClearPath Logistics,2,ratio,"ratio(ratio(revenue_2022, gross_profit_2023), employees_2022)","For ClearPath Logistics, what is the result of computing ratio(ratio(revenue_2022, gross_profit_2023), employees_2022)? Specifically, evaluate the sub-expression first, then apply the outer operation.",0.0,0.0000,ratio,(revenue_2022(230637) / gross_profit_2023(149019) = 1.5477) / (employees_2022 = 136488) = 0.0
FQ-00252,Crimson Pharmaceuticals,1,greater_equal,(current_assets_2023 ≥ cost_of_goods_sold_2023),Is total current assets greater than or equal to cost of goods sold for Crimson Pharmaceuticals for fiscal year 2023?,False,No,boolean,current_assets_2023(79168) ≥ cost_of_goods_sold_2023(145250) → False
FQ-00253,Crimson Pharmaceuticals,2,divide,"(ratio(current_liabilities_2024, employees_2023) ÷ accounts_receivable_2024)","For Crimson Pharmaceuticals, what is the result of computing (ratio(current_liabilities_2024, employees_2023) ÷ accounts_receivable_2024)? Specifically, evaluate the sub-expression first, then apply the outer operation.",0.0,0.00,numeric,(current_liabilities_2024(34191) / employees_2023(356342) = 0.0959) / (accounts_receivable_2024 = 38379) = 0.0
FQ-00254,Atlas Global Industries,1,ratio,"ratio(total_assets_2024, cost_of_goods_sold_2023)",What is the ratio of total assets to cost of goods sold for Atlas Global Industries from fiscal year 2024 to fiscal year 2023?,2.2472,2.2472,ratio,total_assets_2024(587438) / cost_of_goods_sold_2023(261406) = 2.2472
FQ-00255,Helix BioSciences,1,ratio,"ratio(operating_expenses_2023, cash_2022)",What is the ratio of total operating expenses to cash and cash equivalents for Helix BioSciences from fiscal year 2023 to fiscal year 2022?,0.4835,0.4835,ratio,operating_expenses_2023(31839) / cash_2022(65851) = 0.4835
FQ-00256,Helix BioSciences,1,divide,(total_equity_2023 ÷ stock_price_2023),What is the ratio of total stockholders' equity to closing stock price for Helix BioSciences for fiscal year 2023?,88.8382,88.84,numeric,total_equity_2023(43616) / stock_price_2023(490.96) = 88.8382
FQ-00257,NovaStar Technologies,0,,net_income_2022,What was the net income reported by NovaStar Technologies for the fiscal year ending 2022?,49039,49039,numeric,net_income_2022 = 49039
FQ-00258,Orion Financial Group,1,less_than,(inventories_2024 < total_assets_2023),Is total inventories strictly less than total assets for Orion Financial Group from fiscal year 2024 to fiscal year 2023?,True,Yes,boolean,inventories_2024(9518) < total_assets_2023(331637) → True
FQ-00259,Helix BioSciences,0,,gross_profit_2022,What was the gross profit reported by Helix BioSciences for the fiscal year ending 2022?,84276,84276,numeric,gross_profit_2022 = 84276
FQ-00260,Pinnacle Health Group,2,less_than,((revenue_2023 - accounts_receivable_2022) < inventories_2023),"For Pinnacle Health Group, what is the result of computing ((revenue_2023 - accounts_receivable_2022) < inventories_2023)? Specifically, evaluate the sub-expression first, then apply the outer operation.",False,No,boolean,(revenue_2023(93631) - accounts_receivable_2022(12832) = 80799) < (inventories_2023 = 6591) → False
FQ-00261,NovaStar Technologies,1,less_than,(cost_of_goods_sold_2023 < gross_profit_2022),Is cost of goods sold strictly less than gross profit for NovaStar Technologies from fiscal year 2023 to fiscal year 2022?,True,Yes,boolean,cost_of_goods_sold_2023(54612) < gross_profit_2022(77979) → True
FQ-00262,Titan Consumer Brands,1,divide,(stock_price_2022 ÷ cash_2023),What is the ratio of closing stock price to cash and cash equivalents for Titan Consumer Brands from fiscal year 2022 to fiscal year 2023?,0.0006,0.00,numeric,stock_price_2022(35.16) / cash_2023(54437) = 0.0006
FQ-00263,NovaStar Technologies,2,ratio,"ratio(ratio(operating_income_2023, dividends_paid_2022), revenue_2022)","For NovaStar Technologies, what is the result of computing ratio(ratio(operating_income_2023, dividends_paid_2022), revenue_2022)? Specifically, evaluate the sub-expression first, then apply the outer operation.",0.0,0.0000,ratio,(operating_income_2023(41050) / dividends_paid_2022(9272) = 4.4273) / (revenue_2022 = 116726) = 0.0
FQ-00264,Orion Financial Group,1,ratio,"ratio(shares_outstanding_2023, cost_of_goods_sold_2023)",What is the ratio of total shares outstanding to cost of goods sold for Orion Financial Group for fiscal year 2023?,0.026,0.0260,ratio,shares_outstanding_2023(2122) / cost_of_goods_sold_2023(81520) = 0.026
FQ-00265,Atlas Global Industries,2,greater_than,((total_equity_2022 - current_assets_2022) > cost_of_goods_sold_2024),"For Atlas Global Industries, what is the result of computing ((total_equity_2022 - current_assets_2022) > cost_of_goods_sold_2024)? Specifically, evaluate the sub-expression first, then apply the outer operation.",False,No,boolean,(total_equity_2022(138049) - current_assets_2022(160330) = -22281) > (cost_of_goods_sold_2024 = 209151) → False
FQ-00266,Titan Consumer Brands,2,ratio,"ratio((stock_price_2022 × operating_expenses_2024), shares_outstanding_2022)","For Titan Consumer Brands, what is the result of computing ratio((stock_price_2022 × operating_expenses_2024), shares_outstanding_2022)? Specifically, evaluate the sub-expression first, then apply the outer operation.",511.0016,511.0016,ratio,(stock_price_2022(35.16) × operating_expenses_2024(24867) = 874323.72) / (shares_outstanding_2022 = 1711) = 511.0016
FQ-00267,Helix BioSciences,2,ratio,"ratio(ratio(stock_price_2022, gross_profit_2024), current_liabilities_2022)","For Helix BioSciences, what is the result of computing ratio(ratio(stock_price_2022, gross_profit_2024), current_liabilities_2022)? Specifically, evaluate the sub-expression first, then apply the outer operation.",0.0,0.0000,ratio,(stock_price_2022(383.48) / gross_profit_2024(61085) = 0.0063) / (current_liabilities_2022 = 136086) = 0.0
FQ-00268,Cobalt Semiconductor,1,subtract,(capex_2023 - net_income_2023),"What is the difference between capital expenditures and net income (i.e., capital expenditures minus net income) for Cobalt Semiconductor for fiscal year 2023?",-87744,-87744,numeric,capex_2023(16968) - net_income_2023(104712) = -87744
FQ-00269,Helix BioSciences,1,less_than,(long_term_debt_2022 < inventories_2023),Is long-term debt strictly less than total inventories for Helix BioSciences from fiscal year 2022 to fiscal year 2023?,False,No,boolean,long_term_debt_2022(178494) < inventories_2023(4024) → False
FQ-00270,Titan Consumer Brands,2,subtract,((total_liabilities_2022 + inventories_2023) - total_liabilities_2024),"For Titan Consumer Brands, what is the result of computing ((total_liabilities_2022 + inventories_2023) - total_liabilities_2024)? Specifically, evaluate the sub-expression first, then apply the outer operation.",-143104,-143104,numeric,(total_liabilities_2022(46231) + inventories_2023(7636) = 53867) - (total_liabilities_2024 = 196971) = -143104
FQ-00271,Titan Consumer Brands,2,divide,((dividends_paid_2022 ÷ net_income_2024) ÷ current_assets_2024),"For Titan Consumer Brands, what is the result of computing ((dividends_paid_2022 ÷ net_income_2024) ÷ current_assets_2024)? Specifically, evaluate the sub-expression first, then apply the outer operation.",0.0,0.00,numeric,(dividends_paid_2022(15782) / net_income_2024(27157) = 0.5811) / (current_assets_2024 = 197958) = 0.0
FQ-00272,ClearPath Logistics,2,ratio,"ratio((current_liabilities_2023 ÷ dividends_paid_2023), operating_expenses_2023)","For ClearPath Logistics, what is the result of computing ratio((current_liabilities_2023 ÷ dividends_paid_2023), operating_expenses_2023)? Specifically, evaluate the sub-expression first, then apply the outer operation.",0.0001,0.0001,ratio,(current_liabilities_2023(46405) / dividends_paid_2023(19216) = 2.4149) / (operating_expenses_2023 = 46162) = 0.0001
FQ-00273,Quantum Bridge Holdings,2,divide,"(ratio(cost_of_goods_sold_2022, long_term_debt_2022) ÷ current_assets_2023)","For Quantum Bridge Holdings, what is the result of computing (ratio(cost_of_goods_sold_2022, long_term_debt_2022) ÷ current_assets_2023)? Specifically, evaluate the sub-expression first, then apply the outer operation.",0.0,0.00,numeric,(cost_of_goods_sold_2022(64497) / long_term_debt_2022(55980) = 1.1521) / (current_assets_2023 = 165850) = 0.0
FQ-00274,Titan Consumer Brands,2,subtract,((long_term_debt_2024 + total_equity_2024) - current_assets_2023),"For Titan Consumer Brands, what is the result of computing ((long_term_debt_2024 + total_equity_2024) - current_assets_2023)? Specifically, evaluate the sub-expression first, then apply the outer operation.",91385,91385,numeric,(long_term_debt_2024(135159) + total_equity_2024(68059) = 203218) - (current_assets_2023 = 111833) = 91385
FQ-00275,Meridian Systems Inc,2,divide,((operating_income_2024 ÷ total_liabilities_2023) ÷ current_assets_2024),"For Meridian Systems Inc, what is the result of computing ((operating_income_2024 ÷ total_liabilities_2023) ÷ current_assets_2024)? Specifically, evaluate the sub-expression first, then apply the outer operation.",0.0,0.00,numeric,(operating_income_2024(350670) / total_liabilities_2023(579572) = 0.605) / (current_assets_2024 = 88516) = 0.0
FQ-00276,Crimson Pharmaceuticals,2,less_than,((cash_2023 + accounts_receivable_2024) < cost_of_goods_sold_2023),"For Crimson Pharmaceuticals, what is the result of computing ((cash_2023 + accounts_receivable_2024) < cost_of_goods_sold_2023)? Specifically, evaluate the sub-expression first, then apply the outer operation.",True,Yes,boolean,(cash_2023(24239) + accounts_receivable_2024(38379) = 62618) < (cost_of_goods_sold_2023 = 145250) → True
FQ-00277,Titan Consumer Brands,0,,dividends_paid_2022,What was the cash dividends paid reported by Titan Consumer Brands for the fiscal year ending 2022?,15782,15782,numeric,dividends_paid_2022 = 15782
FQ-00278,Titan Consumer Brands,1,add,(operating_income_2022 + accounts_receivable_2022),What is the sum of operating income and net accounts receivable for Titan Consumer Brands for fiscal year 2022?,63051,63051,numeric,operating_income_2022(53383) + accounts_receivable_2022(9668) = 63051
FQ-00279,Apex Dynamics Corp,1,greater_than,(capex_2024 > accounts_receivable_2024),Is capital expenditures strictly greater than net accounts receivable for Apex Dynamics Corp for fiscal year 2024?,False,No,boolean,capex_2024(4447) > accounts_receivable_2024(9920) → False
FQ-00280,Atlas Global Industries,1,less_equal,(current_assets_2023 ≤ revenue_2023),Is total current assets less than or equal to total revenue for Atlas Global Industries for fiscal year 2023?,False,No,boolean,current_assets_2023(769407) ≤ revenue_2023(494598) → False
FQ-00281,Helix BioSciences,2,ratio,"ratio((operating_expenses_2024 ÷ cash_2023), cost_of_goods_sold_2024)","For Helix BioSciences, what is the result of computing ratio((operating_expenses_2024 ÷ cash_2023), cost_of_goods_sold_2024)? Specifically, evaluate the sub-expression first, then apply the outer operation.",0.0001,0.0001,ratio,(operating_expenses_2024(18411) / cash_2023(4342) = 4.2402) / (cost_of_goods_sold_2024 = 70326) = 0.0001
FQ-00282,SilverLine Retail Inc,1,equals,(capex_2022 = shares_outstanding_2024),Is the capital expenditures equal to total shares outstanding for SilverLine Retail Inc?,False,No,boolean,capex_2022(18208) = shares_outstanding_2024(9208) → False
FQ-00283,Apex Dynamics Corp,1,subtract,(total_assets_2023 - operating_expenses_2022),"What is the difference between total assets and total operating expenses (i.e., total assets minus total operating expenses) for Apex Dynamics Corp from fiscal year 2023 to fiscal year 2022?",119208,119208,numeric,total_assets_2023(124489) - operating_expenses_2022(5281) = 119208
FQ-00284,Orion Financial Group,2,less_than,((cash_2024 - net_income_2022) < operating_income_2022),"For Orion Financial Group, what is the result of computing ((cash_2024 - net_income_2022) < operating_income_2022)? Specifically, evaluate the sub-expression first, then apply the outer operation.",True,Yes,boolean,(cash_2024(16996) - net_income_2022(45167) = -28171) < (operating_income_2022 = 61987) → True
FQ-00285,Pinnacle Health Group,1,ratio,"ratio(revenue_2024, inventories_2024)",What is the ratio of total revenue to total inventories for Pinnacle Health Group for fiscal year 2024?,11.6106,11.6106,ratio,revenue_2024(88113) / inventories_2024(7589) = 11.6106
FQ-00286,Cobalt Semiconductor,1,multiply,(stock_price_2024 × employees_2022),What is the product of closing stock price and total number of employees for Cobalt Semiconductor from fiscal year 2024 to fiscal year 2022?,210557222.99,"210,557,223",numeric,stock_price_2024(477.83) × employees_2022(440653) = 210557222.99
FQ-00287,Quantum Bridge Holdings,2,ratio,"ratio(ratio(operating_expenses_2022, accounts_receivable_2024), accounts_receivable_2024)","For Quantum Bridge Holdings, what is the result of computing ratio(ratio(operating_expenses_2022, accounts_receivable_2024), accounts_receivable_2024)? Specifically, evaluate the sub-expression first, then apply the outer operation.",0.0,0.0000,ratio,(operating_expenses_2022(8801) / accounts_receivable_2024(19369) = 0.4544) / (accounts_receivable_2024 = 19369) = 0.0
FQ-00288,Meridian Systems Inc,1,ratio,"ratio(long_term_debt_2023, cash_2024)",What is the ratio of long-term debt to cash and cash equivalents for Meridian Systems Inc from fiscal year 2023 to fiscal year 2024?,2.6874,2.6874,ratio,long_term_debt_2023(309395) / cash_2024(115127) = 2.6874
FQ-00289,Crimson Pharmaceuticals,1,less_than,(inventories_2022 < inventories_2023),Is total inventories strictly less than total inventories for Crimson Pharmaceuticals from fiscal year 2022 to fiscal year 2023?,True,Yes,boolean,inventories_2022(3436) < inventories_2023(8344) → True
FQ-00290,Atlas Global Industries,1,divide,(operating_income_2023 ÷ accounts_receivable_2024),What is the ratio of operating income to net accounts receivable for Atlas Global Industries from fiscal year 2023 to fiscal year 2024?,2.588,2.59,numeric,operating_income_2023(124248) / accounts_receivable_2024(48009) = 2.588
FQ-00291,Pinnacle Health Group,1,less_than,(net_income_2023 < gross_profit_2024),Is net income strictly less than gross profit for Pinnacle Health Group from fiscal year 2023 to fiscal year 2024?,True,Yes,boolean,net_income_2023(23422) < gross_profit_2024(26663) → True
FQ-00292,Cobalt Semiconductor,1,ratio,"ratio(shares_outstanding_2023, capex_2023)",What is the ratio of total shares outstanding to capital expenditures for Cobalt Semiconductor for fiscal year 2023?,0.5889,0.5889,ratio,shares_outstanding_2023(9993) / capex_2023(16968) = 0.5889
FQ-00293,Ironclad Manufacturing,2,ratio,"ratio(ratio(revenue_2022, operating_income_2023), revenue_2023)","For Ironclad Manufacturing, what is the result of computing ratio(ratio(revenue_2022, operating_income_2023), revenue_2023)? Specifically, evaluate the sub-expression first, then apply the outer operation.",0.0,0.0000,ratio,(revenue_2022(225491) / operating_income_2023(57530) = 3.9195) / (revenue_2023 = 262518) = 0.0
FQ-00294,Quantum Bridge Holdings,1,divide,(employees_2024 ÷ cost_of_goods_sold_2023),What is the ratio of total number of employees to cost of goods sold for Quantum Bridge Holdings from fiscal year 2024 to fiscal year 2023?,0.1323,0.13,numeric,employees_2024(15412) / cost_of_goods_sold_2023(116497) = 0.1323
FQ-00295,NovaStar Technologies,2,divide,((cost_of_goods_sold_2022 ÷ accounts_receivable_2022) ÷ long_term_debt_2024),"For NovaStar Technologies, what is the result of computing ((cost_of_goods_sold_2022 ÷ accounts_receivable_2022) ÷ long_term_debt_2024)? Specifically, evaluate the sub-expression first, then apply the outer operation.",0.0,0.00,numeric,(cost_of_goods_sold_2022(38747) / accounts_receivable_2022(7170) = 5.404) / (long_term_debt_2024 = 133878) = 0.0
FQ-00296,Quantum Bridge Holdings,0,,cost_of_goods_sold_2024,What was the cost of goods sold reported by Quantum Bridge Holdings for the fiscal year ending 2024?,90739,90739,numeric,cost_of_goods_sold_2024 = 90739
FQ-00297,Helix BioSciences,1,less_than,(operating_income_2022 < operating_expenses_2023),Is operating income strictly less than total operating expenses for Helix BioSciences from fiscal year 2022 to fiscal year 2023?,False,No,boolean,operating_income_2022(71139) < operating_expenses_2023(31839) → False
FQ-00298,Pacific Crest Energy,1,not_equals,(operating_expenses_2023 ≠ current_liabilities_2024),Is the total operating expenses different from total current liabilities for Pacific Crest Energy?,True,Yes,boolean,operating_expenses_2023(55228) ≠ current_liabilities_2024(76735) → True
FQ-00299,Crimson Pharmaceuticals,2,less_than,((gross_profit_2023 - total_liabilities_2022) < cost_of_goods_sold_2024),"For Crimson Pharmaceuticals, what is the result of computing ((gross_profit_2023 - total_liabilities_2022) < cost_of_goods_sold_2024)? Specifically, evaluate the sub-expression first, then apply the outer operation.",True,Yes,boolean,(gross_profit_2023(140738) - total_liabilities_2022(192229) = -51491) < (cost_of_goods_sold_2024 = 88170) → True
FQ-00300,Pinnacle Health Group,1,multiply,(shares_outstanding_2022 × operating_expenses_2024),What is the product of total shares outstanding and total operating expenses for Pinnacle Health Group from fiscal year 2022 to fiscal year 2024?,84552930,84552930,numeric,shares_outstanding_2022(4158) × operating_expenses_2024(20335) = 84552930
FQ-00301,Pacific Crest Energy,2,ratio,"ratio((operating_income_2022 × accounts_receivable_2022), total_liabilities_2024)","For Pacific Crest Energy, what is the result of computing ratio((operating_income_2022 × accounts_receivable_2022), total_liabilities_2024)? Specifically, evaluate the sub-expression first, then apply the outer operation.",16023.327,16023.3270,ratio,(operating_income_2022(129148) × accounts_receivable_2022(20117) = 2598070316) / (total_liabilities_2024 = 162143) = 16023.327
FQ-00302,Pacific Crest Energy,1,add,(long_term_debt_2022 + current_liabilities_2022),What is the sum of long-term debt and total current liabilities for Pacific Crest Energy for fiscal year 2022?,221546,221546,numeric,long_term_debt_2022(122064) + current_liabilities_2022(99482) = 221546
FQ-00303,Crimson Pharmaceuticals,1,less_equal,(revenue_2024 ≤ net_income_2023),Is total revenue less than or equal to net income for Crimson Pharmaceuticals from fiscal year 2024 to fiscal year 2023?,False,No,boolean,revenue_2024(287993) ≤ net_income_2023(98216) → False
FQ-00304,Atlas Global Industries,0,,operating_income_2024,What was the operating income reported by Atlas Global Industries for the fiscal year ending 2024?,251413,251413,numeric,operating_income_2024 = 251413
FQ-00305,ClearPath Logistics,1,multiply,(total_equity_2023 × revenue_2022),What is the product of total stockholders' equity and total revenue for ClearPath Logistics from fiscal year 2023 to fiscal year 2022?,10458004128,10458004128,numeric,total_equity_2023(45344) × revenue_2022(230637) = 10458004128
FQ-00306,Quantum Bridge Holdings,1,multiply,(net_income_2023 × total_equity_2022),What is the product of net income and total stockholders' equity for Quantum Bridge Holdings from fiscal year 2023 to fiscal year 2022?,1931671800,1931671800,numeric,net_income_2023(50760) × total_equity_2022(38055) = 1931671800
FQ-00307,Atlas Global Industries,1,greater_equal,(revenue_2022 ≥ gross_profit_2023),Is total revenue greater than or equal to gross profit for Atlas Global Industries from fiscal year 2022 to fiscal year 2023?,True,Yes,boolean,revenue_2022(528458) ≥ gross_profit_2023(233192) → True
FQ-00308,Crimson Pharmaceuticals,1,greater_equal,(gross_profit_2024 ≥ dividends_paid_2024),Is gross profit greater than or equal to cash dividends paid for Crimson Pharmaceuticals for fiscal year 2024?,True,Yes,boolean,gross_profit_2024(199823) ≥ dividends_paid_2024(26722) → True
FQ-00309,ClearPath Logistics,1,ratio,"ratio(gross_profit_2022, current_liabilities_2022)",What is the ratio of gross profit to total current liabilities for ClearPath Logistics for fiscal year 2022?,1.3992,1.3992,ratio,gross_profit_2022(112675) / current_liabilities_2022(80526) = 1.3992
FQ-00310,SilverLine Retail Inc,2,subtract,((cash_2024 - long_term_debt_2022) - current_liabilities_2024),"For SilverLine Retail Inc, what is the result of computing ((cash_2024 - long_term_debt_2022) - current_liabilities_2024)? Specifically, evaluate the sub-expression first, then apply the outer operation.",-296621,-296621,numeric,(cash_2024(25915) - long_term_debt_2022(219792) = -193877) - (current_liabilities_2024 = 102744) = -296621
FQ-00311,Helix BioSciences,0,,inventories_2023,What was the total inventories reported by Helix BioSciences for the fiscal year ending 2023?,4024,4024,numeric,inventories_2023 = 4024
FQ-00312,Atlas Global Industries,1,greater_than,(total_equity_2024 > long_term_debt_2024),Is total stockholders' equity strictly greater than long-term debt for Atlas Global Industries for fiscal year 2024?,False,No,boolean,total_equity_2024(154250) > long_term_debt_2024(223115) → False
FQ-00313,Cobalt Semiconductor,1,greater_than,(total_assets_2022 > total_liabilities_2024),Is total assets strictly greater than total liabilities for Cobalt Semiconductor from fiscal year 2022 to fiscal year 2024?,True,Yes,boolean,total_assets_2022(358317) > total_liabilities_2024(206740) → True
FQ-00314,ClearPath Logistics,1,equals,(long_term_debt_2022 = operating_expenses_2022),Is the long-term debt equal to total operating expenses for ClearPath Logistics?,False,No,boolean,long_term_debt_2022(162319) = operating_expenses_2022(13037) → False
FQ-00315,Pinnacle Health Group,2,ratio,"ratio(MAX(cost_of_goods_sold_2024), current_liabilities_2023)","For Pinnacle Health Group, what is the result of computing ratio(MAX(cost_of_goods_sold_2024), current_liabilities_2023)? Specifically, evaluate the sub-expression first, then apply the outer operation.",14.2262,14.2262,ratio,(MAX(cost_of_goods_sold_2024) = 246540) / (current_liabilities_2023 = 17330) = 14.2262
FQ-00316,Helix BioSciences,1,equals,(total_equity_2023 = shares_outstanding_2023),Is the total stockholders' equity equal to total shares outstanding for Helix BioSciences?,False,No,boolean,total_equity_2023(43616) = shares_outstanding_2023(11490) → False
FQ-00317,Meridian Systems Inc,2,ratio,"ratio(ratio(current_assets_2022, cash_2023), net_income_2023)","For Meridian Systems Inc, what is the result of computing ratio(ratio(current_assets_2022, cash_2023), net_income_2023)? Specifically, evaluate the sub-expression first, then apply the outer operation.",0.0001,0.0001,ratio,(current_assets_2022(723664) / cash_2023(66468) = 10.8874) / (net_income_2023 = 90557) = 0.0001
FQ-00318,SilverLine Retail Inc,1,greater_equal,(net_income_2023 ≥ total_liabilities_2022),Is net income greater than or equal to total liabilities for SilverLine Retail Inc from fiscal year 2023 to fiscal year 2022?,False,No,boolean,net_income_2023(60393) ≥ total_liabilities_2022(333008) → False
FQ-00319,Meridian Systems Inc,1,subtract,(net_income_2024 - cash_2023),"What is the difference between net income and cash and cash equivalents (i.e., net income minus cash and cash equivalents) for Meridian Systems Inc from fiscal year 2024 to fiscal year 2023?",205130,205130,numeric,net_income_2024(271598) - cash_2023(66468) = 205130
FQ-00320,Quantum Bridge Holdings,1,not_equals,(cost_of_goods_sold_2022 ≠ gross_profit_2023),Is the cost of goods sold different from gross profit for Quantum Bridge Holdings?,True,Yes,boolean,cost_of_goods_sold_2022(64497) ≠ gross_profit_2023(88055) → True
FQ-00321,Helix BioSciences,1,less_equal,(capex_2022 ≤ operating_expenses_2022),Is capital expenditures less than or equal to total operating expenses for Helix BioSciences for fiscal year 2022?,True,Yes,boolean,capex_2022(8153) ≤ operating_expenses_2022(13137) → True
FQ-00322,NovaStar Technologies,1,multiply,(total_liabilities_2023 × total_liabilities_2022),What is the product of total liabilities and total liabilities for NovaStar Technologies from fiscal year 2023 to fiscal year 2022?,3895153977,3895153977,numeric,total_liabilities_2023(63921) × total_liabilities_2022(60937) = 3895153977
FQ-00323,ClearPath Logistics,1,subtract,(operating_expenses_2022 - total_liabilities_2023),"What is the difference between total operating expenses and total liabilities (i.e., total operating expenses minus total liabilities) for ClearPath Logistics from fiscal year 2022 to fiscal year 2023?",-113346,-113346,numeric,operating_expenses_2022(13037) - total_liabilities_2023(126383) = -113346
FQ-00324,Titan Consumer Brands,1,multiply,(stock_price_2024 × capex_2022),What is the product of closing stock price and capital expenditures for Titan Consumer Brands from fiscal year 2024 to fiscal year 2022?,3239650.05,"3,239,650",numeric,stock_price_2024(394.55) × capex_2022(8211) = 3239650.05
FQ-00325,Cobalt Semiconductor,1,greater_equal,(operating_expenses_2022 ≥ cash_2024),Is total operating expenses greater than or equal to cash and cash equivalents for Cobalt Semiconductor from fiscal year 2022 to fiscal year 2024?,True,Yes,boolean,operating_expenses_2022(71393) ≥ cash_2024(38778) → True
FQ-00326,Titan Consumer Brands,1,greater_than,(net_income_2022 > accounts_receivable_2022),Is net income strictly greater than net accounts receivable for Titan Consumer Brands for fiscal year 2022?,True,Yes,boolean,net_income_2022(40897) > accounts_receivable_2022(9668) → True
FQ-00327,Ironclad Manufacturing,1,greater_equal,(current_assets_2024 ≥ cash_2024),Is total current assets greater than or equal to cash and cash equivalents for Ironclad Manufacturing for fiscal year 2024?,True,Yes,boolean,current_assets_2024(155765) ≥ cash_2024(68612) → True
FQ-00328,ClearPath Logistics,2,less_than,((dividends_paid_2024 - total_equity_2022) < inventories_2024),"For ClearPath Logistics, what is the result of computing ((dividends_paid_2024 - total_equity_2022) < inventories_2024)? Specifically, evaluate the sub-expression first, then apply the outer operation.",True,Yes,boolean,(dividends_paid_2024(6851) - total_equity_2022(99639) = -92788) < (inventories_2024 = 3539) → True
FQ-00329,Helix BioSciences,1,subtract,(inventories_2023 - total_assets_2024),"What is the difference between total inventories and total assets (i.e., total inventories minus total assets) for Helix BioSciences from fiscal year 2023 to fiscal year 2024?",-94618,-94618,numeric,inventories_2023(4024) - total_assets_2024(98642) = -94618
FQ-00330,Pacific Crest Energy,2,subtract,((inventories_2024 - accounts_receivable_2024) - cash_2022),"For Pacific Crest Energy, what is the result of computing ((inventories_2024 - accounts_receivable_2024) - cash_2022)? Specifically, evaluate the sub-expression first, then apply the outer operation.",-65497,-65497,numeric,(inventories_2024(14044) - accounts_receivable_2024(21394) = -7350) - (cash_2022 = 58147) = -65497
FQ-00331,Pinnacle Health Group,1,greater_equal,(capex_2023 ≥ total_liabilities_2022),Is capital expenditures greater than or equal to total liabilities for Pinnacle Health Group from fiscal year 2023 to fiscal year 2022?,False,No,boolean,capex_2023(3835) ≥ total_liabilities_2022(21474) → False
FQ-00332,Meridian Systems Inc,1,subtract,(total_assets_2023 - net_income_2023),"What is the difference between total assets and net income (i.e., total assets minus net income) for Meridian Systems Inc for fiscal year 2023?",698301,698301,numeric,total_assets_2023(788858) - net_income_2023(90557) = 698301
FQ-00333,Helix BioSciences,1,ratio,"ratio(cost_of_goods_sold_2022, total_equity_2024)",What is the ratio of cost of goods sold to total stockholders' equity for Helix BioSciences from fiscal year 2022 to fiscal year 2024?,2.1462,2.1462,ratio,cost_of_goods_sold_2022(53285) / total_equity_2024(24828) = 2.1462
FQ-00334,Ironclad Manufacturing,2,ratio,"ratio((inventories_2024 - cost_of_goods_sold_2023), cost_of_goods_sold_2022)","For Ironclad Manufacturing, what is the result of computing ratio((inventories_2024 - cost_of_goods_sold_2023), cost_of_goods_sold_2022)? Specifically, evaluate the sub-expression first, then apply the outer operation.",-2.0142,-2.0142,ratio,(inventories_2024(12339) - cost_of_goods_sold_2023(180184) = -167845) / (cost_of_goods_sold_2022 = 83330) = -2.0142
FQ-00335,Apex Dynamics Corp,2,divide,"(ratio(capex_2022, dividends_paid_2022) ÷ gross_profit_2022)","For Apex Dynamics Corp, what is the result of computing (ratio(capex_2022, dividends_paid_2022) ÷ gross_profit_2022)? Specifically, evaluate the sub-expression first, then apply the outer operation.",0.0,0.00,numeric,(capex_2022(5238) / dividends_paid_2022(8560) = 0.6119) / (gross_profit_2022 = 39977) = 0.0
FQ-00336,Atlas Global Industries,2,ratio,"ratio((operating_expenses_2023 + total_equity_2024), dividends_paid_2022)","For Atlas Global Industries, what is the result of computing ratio((operating_expenses_2023 + total_equity_2024), dividends_paid_2022)? Specifically, evaluate the sub-expression first, then apply the outer operation.",86.1519,86.1519,ratio,(operating_expenses_2023(108944) + total_equity_2024(154250) = 263194) / (dividends_paid_2022 = 3055) = 86.1519
FQ-00337,Pacific Crest Energy,2,less_than,((inventories_2022 - current_assets_2023) < total_assets_2023),"For Pacific Crest Energy, what is the result of computing ((inventories_2022 - current_assets_2023) < total_assets_2023)? Specifically, evaluate the sub-expression first, then apply the outer operation.",True,Yes,boolean,(inventories_2022(19140) - current_assets_2023(207973) = -188833) < (total_assets_2023 = 282988) → True
FQ-00338,Meridian Systems Inc,1,divide,(total_assets_2022 ÷ dividends_paid_2023),What is the ratio of total assets to cash dividends paid for Meridian Systems Inc from fiscal year 2022 to fiscal year 2023?,71.9242,71.92,numeric,total_assets_2022(1040528) / dividends_paid_2023(14467) = 71.9242
FQ-00339,SilverLine Retail Inc,2,ratio,"ratio((total_equity_2024 + net_income_2024), accounts_receivable_2023)","For SilverLine Retail Inc, what is the result of computing ratio((total_equity_2024 + net_income_2024), accounts_receivable_2023)? Specifically, evaluate the sub-expression first, then apply the outer operation.",9.0504,9.0504,ratio,(total_equity_2024(106766) + net_income_2024(54884) = 161650) / (accounts_receivable_2023 = 17861) = 9.0504
FQ-00340,Pinnacle Health Group,0,,ticker,What is the ticker symbol of Pinnacle Health Group?,PNHG,PNHG,categorical,ticker = PNHG
FQ-00341,Titan Consumer Brands,0,,long_term_debt_2023,What was the long-term debt reported by Titan Consumer Brands for the fiscal year ending 2023?,64886,64886,numeric,long_term_debt_2023 = 64886
FQ-00342,Cobalt Semiconductor,1,divide,(operating_income_2023 ÷ shares_outstanding_2023),What is the ratio of operating income to total shares outstanding for Cobalt Semiconductor for fiscal year 2023?,12.3026,12.30,numeric,operating_income_2023(122940) / shares_outstanding_2023(9993) = 12.3026
FQ-00343,Titan Consumer Brands,0,,exchange,What is the stock exchange listing of Titan Consumer Brands?,Euronext,Euronext,categorical,exchange = Euronext
FQ-00344,Atlas Global Industries,1,not_equals,(current_assets_2022 ≠ inventories_2023),Is the total current assets different from total inventories for Atlas Global Industries?,True,Yes,boolean,current_assets_2022(160330) ≠ inventories_2023(6579) → True
FQ-00345,Orion Financial Group,1,ratio,"ratio(stock_price_2022, operating_income_2022)",What is the ratio of closing stock price to operating income for Orion Financial Group for fiscal year 2022?,0.003,0.0030,ratio,stock_price_2022(188.12) / operating_income_2022(61987) = 0.003
FQ-00346,Ironclad Manufacturing,1,less_than,(dividends_paid_2022 < accounts_receivable_2022),Is cash dividends paid strictly less than net accounts receivable for Ironclad Manufacturing for fiscal year 2022?,False,No,boolean,dividends_paid_2022(20974) < accounts_receivable_2022(16510) → False
FQ-00347,ClearPath Logistics,0,,revenue_2023,What was the total revenue reported by ClearPath Logistics for the fiscal year ending 2023?,221371,221371,numeric,revenue_2023 = 221371
FQ-00348,Titan Consumer Brands,2,ratio,"ratio(ratio(operating_income_2022, current_liabilities_2023), stock_price_2023)","For Titan Consumer Brands, what is the result of computing ratio(ratio(operating_income_2022, current_liabilities_2023), stock_price_2023)? Specifically, evaluate the sub-expression first, then apply the outer operation.",0.003,0.0030,ratio,(operating_income_2022(53383) / current_liabilities_2023(51301) = 1.0406) / (stock_price_2023 = 351.28) = 0.003
FQ-00349,Pinnacle Health Group,0,,accounts_receivable_2024,What was the net accounts receivable reported by Pinnacle Health Group for the fiscal year ending 2024?,11446,11446,numeric,accounts_receivable_2024 = 11446
FQ-00350,Meridian Systems Inc,1,subtract,(cash_2023 - operating_expenses_2023),"What is the difference between cash and cash equivalents and total operating expenses (i.e., cash and cash equivalents minus total operating expenses) for Meridian Systems Inc for fiscal year 2023?",-2555,-2555,numeric,cash_2023(66468) - operating_expenses_2023(69023) = -2555
FQ-00351,Titan Consumer Brands,2,divide,((total_assets_2022 + total_liabilities_2023) ÷ current_assets_2022),"For Titan Consumer Brands, what is the result of computing ((total_assets_2022 + total_liabilities_2023) ÷ current_assets_2022)? Specifically, evaluate the sub-expression first, then apply the outer operation.",5.9566,5.96,numeric,(total_assets_2022(98264) + total_liabilities_2023(186227) = 284491) / (current_assets_2022 = 47761) = 5.9566
FQ-00352,NovaStar Technologies,1,pct_change,"%Δ(cost_of_goods_sold, 2022→2024)",What is the percentage change in cost of goods sold for NovaStar Technologies from fiscal year 2022 to fiscal year 2024?,67.93,67.93%,percentage,%Δ = (cost_of_goods_sold_2024(65069) - cost_of_goods_sold_2022(38747)) / |38747| × 100 = 67.93%
FQ-00353,SilverLine Retail Inc,2,divide,((net_income_2023 + total_assets_2023) ÷ operating_expenses_2024),"For SilverLine Retail Inc, what is the result of computing ((net_income_2023 + total_assets_2023) ÷ operating_expenses_2024)? Specifically, evaluate the sub-expression first, then apply the outer operation.",10.05,10.05,numeric,(net_income_2023(60393) + total_assets_2023(575271) = 635664) / (operating_expenses_2024 = 63250) = 10.05
FQ-00354,Apex Dynamics Corp,1,less_equal,(operating_income_2022 ≤ revenue_2024),Is operating income less than or equal to total revenue for Apex Dynamics Corp from fiscal year 2022 to fiscal year 2024?,True,Yes,boolean,operating_income_2022(34696) ≤ revenue_2024(79022) → True
FQ-00355,Orion Financial Group,2,divide,"(ratio(total_equity_2023, gross_profit_2023) ÷ net_income_2024)","For Orion Financial Group, what is the result of computing (ratio(total_equity_2023, gross_profit_2023) ÷ net_income_2024)? Specifically, evaluate the sub-expression first, then apply the outer operation.",0.0,0.00,numeric,(total_equity_2023(189982) / gross_profit_2023(178875) = 1.0621) / (net_income_2024 = 97780) = 0.0
FQ-00356,Crimson Pharmaceuticals,2,ratio,"ratio((inventories_2024 + total_assets_2024), cash_2022)","For Crimson Pharmaceuticals, what is the result of computing ratio((inventories_2024 + total_assets_2024), cash_2022)? Specifically, evaluate the sub-expression first, then apply the outer operation.",3.6833,3.6833,ratio,(inventories_2024(5109) + total_assets_2024(219895) = 225004) / (cash_2022 = 61088) = 3.6833
FQ-00357,Pacific Crest Energy,2,ratio,"ratio((shares_outstanding_2022 × total_equity_2022), current_assets_2023)","For Pacific Crest Energy, what is the result of computing ratio((shares_outstanding_2022 × total_equity_2022), current_assets_2023)? Specifically, evaluate the sub-expression first, then apply the outer operation.",5156.0116,5156.0116,ratio,(shares_outstanding_2022(13770) × total_equity_2022(77873) = 1072311210) / (current_assets_2023 = 207973) = 5156.0116
FQ-00358,Pinnacle Health Group,1,greater_equal,(current_assets_2023 ≥ operating_expenses_2024),Is total current assets greater than or equal to total operating expenses for Pinnacle Health Group from fiscal year 2023 to fiscal year 2024?,False,No,boolean,current_assets_2023(17383) ≥ operating_expenses_2024(20335) → False
FQ-00359,Crimson Pharmaceuticals,1,divide,(gross_profit_2023 ÷ operating_expenses_2024),What is the ratio of gross profit to total operating expenses for Crimson Pharmaceuticals from fiscal year 2023 to fiscal year 2024?,3.7135,3.71,numeric,gross_profit_2023(140738) / operating_expenses_2024(37899) = 3.7135
FQ-00360,Orion Financial Group,1,less_equal,(current_liabilities_2024 ≤ total_liabilities_2023),Is total current liabilities less than or equal to total liabilities for Orion Financial Group from fiscal year 2024 to fiscal year 2023?,True,Yes,boolean,current_liabilities_2024(77535) ≤ total_liabilities_2023(141655) → True
FQ-00361,NovaStar Technologies,2,subtract,"(Δ(cost_of_goods_sold, 2023→2022) - revenue_2022)","For NovaStar Technologies, what is the result of computing (Δ(cost_of_goods_sold, 2023→2022) - revenue_2022)? Specifically, evaluate the sub-expression first, then apply the outer operation.",-132591,-132591,numeric,(Δ = cost_of_goods_sold_2022(38747) - cost_of_goods_sold_2023(54612) = -15865) - (revenue_2022 = 116726) = -132591
FQ-00362,Titan Consumer Brands,1,greater_than,(dividends_paid_2022 > operating_expenses_2023),Is cash dividends paid strictly greater than total operating expenses for Titan Consumer Brands from fiscal year 2022 to fiscal year 2023?,True,Yes,boolean,dividends_paid_2022(15782) > operating_expenses_2023(13775) → True
FQ-00363,Meridian Systems Inc,2,ratio,"ratio((cost_of_goods_sold_2024 × accounts_receivable_2024), total_assets_2024)","For Meridian Systems Inc, what is the result of computing ratio((cost_of_goods_sold_2024 × accounts_receivable_2024), total_assets_2024)? Specifically, evaluate the sub-expression first, then apply the outer operation.",21564.454,21564.4540,ratio,(cost_of_goods_sold_2024(185603) × accounts_receivable_2024(53688) = 9964653864) / (total_assets_2024 = 462087) = 21564.454
FQ-00364,Titan Consumer Brands,1,divide,(cash_2022 ÷ employees_2023),What is the ratio of cash and cash equivalents to total number of employees for Titan Consumer Brands from fiscal year 2022 to fiscal year 2023?,0.0349,0.03,numeric,cash_2022(6575) / employees_2023(188433) = 0.0349
FQ-00365,ClearPath Logistics,1,greater_than,(operating_income_2022 > accounts_receivable_2023),Is operating income strictly greater than net accounts receivable for ClearPath Logistics from fiscal year 2022 to fiscal year 2023?,True,Yes,boolean,operating_income_2022(99638) > accounts_receivable_2023(17765) → True
FQ-00366,SilverLine Retail Inc,1,greater_than,(accounts_receivable_2023 > total_equity_2022),Is net accounts receivable strictly greater than total stockholders' equity for SilverLine Retail Inc from fiscal year 2023 to fiscal year 2022?,False,No,boolean,accounts_receivable_2023(17861) > total_equity_2022(227386) → False
FQ-00367,Crimson Pharmaceuticals,1,divide,(shares_outstanding_2023 ÷ cost_of_goods_sold_2024),What is the ratio of total shares outstanding to cost of goods sold for Crimson Pharmaceuticals from fiscal year 2023 to fiscal year 2024?,0.1076,0.11,numeric,shares_outstanding_2023(9487) / cost_of_goods_sold_2024(88170) = 0.1076
FQ-00368,Cobalt Semiconductor,1,less_than,(inventories_2023 < accounts_receivable_2022),Is total inventories strictly less than net accounts receivable for Cobalt Semiconductor from fiscal year 2023 to fiscal year 2022?,True,Yes,boolean,inventories_2023(3839) < accounts_receivable_2022(26948) → True
FQ-00369,Atlas Global Industries,0,,accounts_receivable_2023,What was the net accounts receivable reported by Atlas Global Industries for the fiscal year ending 2023?,48417,48417,numeric,accounts_receivable_2023 = 48417
FQ-00370,Titan Consumer Brands,2,divide,((stock_price_2024 × cash_2022) ÷ operating_income_2024),"For Titan Consumer Brands, what is the result of computing ((stock_price_2024 × cash_2022) ÷ operating_income_2024)? Specifically, evaluate the sub-expression first, then apply the outer operation.",70.2607,70.26,numeric,(stock_price_2024(394.55) × cash_2022(6575) = 2594166.25) / (operating_income_2024 = 36922) = 70.2607
FQ-00371,Ironclad Manufacturing,1,divide,(long_term_debt_2024 ÷ current_liabilities_2022),What is the ratio of long-term debt to total current liabilities for Ironclad Manufacturing from fiscal year 2024 to fiscal year 2022?,7.8667,7.87,numeric,long_term_debt_2024(220330) / current_liabilities_2022(28008) = 7.8667
FQ-00372,Meridian Systems Inc,1,greater_equal,(cash_2024 ≥ total_assets_2022),Is cash and cash equivalents greater than or equal to total assets for Meridian Systems Inc from fiscal year 2024 to fiscal year 2022?,False,No,boolean,cash_2024(115127) ≥ total_assets_2022(1040528) → False
FQ-00373,Quantum Bridge Holdings,1,less_than,(dividends_paid_2023 < revenue_2023),Is cash dividends paid strictly less than total revenue for Quantum Bridge Holdings for fiscal year 2023?,True,Yes,boolean,dividends_paid_2023(19857) < revenue_2023(204552) → True
FQ-00374,Apex Dynamics Corp,1,multiply,(inventories_2023 × employees_2022),What is the product of total inventories and total number of employees for Apex Dynamics Corp from fiscal year 2023 to fiscal year 2022?,467212896,467212896,numeric,inventories_2023(3274) × employees_2022(142704) = 467212896
FQ-00375,Apex Dynamics Corp,0,,cost_of_goods_sold_2023,What was the cost of goods sold reported by Apex Dynamics Corp for the fiscal year ending 2023?,50584,50584,numeric,cost_of_goods_sold_2023 = 50584
FQ-00376,Atlas Global Industries,1,ratio,"ratio(total_liabilities_2022, inventories_2022)",What is the ratio of total liabilities to total inventories for Atlas Global Industries for fiscal year 2022?,11.0056,11.0056,ratio,total_liabilities_2022(288115) / inventories_2022(26179) = 11.0056
FQ-00377,SilverLine Retail Inc,1,add,(long_term_debt_2024 + dividends_paid_2024),What is the sum of long-term debt and cash dividends paid for SilverLine Retail Inc for fiscal year 2024?,97173,97173,numeric,long_term_debt_2024(75572) + dividends_paid_2024(21601) = 97173
FQ-00378,Meridian Systems Inc,1,equals,(operating_expenses_2023 = net_income_2024),Is the total operating expenses equal to net income for Meridian Systems Inc?,False,No,boolean,operating_expenses_2023(69023) = net_income_2024(271598) → False
FQ-00379,Meridian Systems Inc,1,subtract,(total_equity_2023 - total_equity_2022),"What is the difference between total stockholders' equity and total stockholders' equity (i.e., total stockholders' equity minus total stockholders' equity) for Meridian Systems Inc from fiscal year 2023 to fiscal year 2022?",-238343,-238343,numeric,total_equity_2023(209286) - total_equity_2022(447629) = -238343
FQ-00380,NovaStar Technologies,1,not_equals,(operating_expenses_2022 ≠ total_assets_2024),Is the total operating expenses different from total assets for NovaStar Technologies?,True,Yes,boolean,operating_expenses_2022(20570) ≠ total_assets_2024(361214) → True
FQ-00381,Crimson Pharmaceuticals,2,greater_than,((current_assets_2022 - gross_profit_2023) > cost_of_goods_sold_2024),"For Crimson Pharmaceuticals, what is the result of computing ((current_assets_2022 - gross_profit_2023) > cost_of_goods_sold_2024)? Specifically, evaluate the sub-expression first, then apply the outer operation.",False,No,boolean,(current_assets_2022(151947) - gross_profit_2023(140738) = 11209) > (cost_of_goods_sold_2024 = 88170) → False
FQ-00382,Pacific Crest Energy,1,not_equals,(total_assets_2023 ≠ total_liabilities_2024),Is the total assets different from total liabilities for Pacific Crest Energy?,True,Yes,boolean,total_assets_2023(282988) ≠ total_liabilities_2024(162143) → True
FQ-00383,Quantum Bridge Holdings,1,add,(dividends_paid_2024 + total_equity_2023),What is the sum of cash dividends paid and total stockholders' equity for Quantum Bridge Holdings from fiscal year 2024 to fiscal year 2023?,86245,86245,numeric,dividends_paid_2024(16028) + total_equity_2023(70217) = 86245
FQ-00384,Ironclad Manufacturing,1,less_than,(long_term_debt_2023 < total_assets_2023),Is long-term debt strictly less than total assets for Ironclad Manufacturing for fiscal year 2023?,True,Yes,boolean,long_term_debt_2023(105246) < total_assets_2023(307988) → True
FQ-00385,SilverLine Retail Inc,1,subtract,(total_liabilities_2024 - net_income_2023),"What is the difference between total liabilities and net income (i.e., total liabilities minus net income) for SilverLine Retail Inc from fiscal year 2024 to fiscal year 2023?",150149,150149,numeric,total_liabilities_2024(210542) - net_income_2023(60393) = 150149
FQ-00386,Pinnacle Health Group,2,subtract,((cost_of_goods_sold_2023 + revenue_2024) - cost_of_goods_sold_2024),"For Pinnacle Health Group, what is the result of computing ((cost_of_goods_sold_2023 + revenue_2024) - cost_of_goods_sold_2024)? Specifically, evaluate the sub-expression first, then apply the outer operation.",81475,81475,numeric,(cost_of_goods_sold_2023(54812) + revenue_2024(88113) = 142925) - (cost_of_goods_sold_2024 = 61450) = 81475
FQ-00387,Titan Consumer Brands,0,,sector,What is the industry sector of Titan Consumer Brands?,Consumer,Consumer,categorical,sector = Consumer
FQ-00388,Cobalt Semiconductor,2,less_than,((capex_2022 - operating_expenses_2024) < current_liabilities_2022),"For Cobalt Semiconductor, what is the result of computing ((capex_2022 - operating_expenses_2024) < current_liabilities_2022)? Specifically, evaluate the sub-expression first, then apply the outer operation.",True,Yes,boolean,(capex_2022(14580) - operating_expenses_2024(52727) = -38147) < (current_liabilities_2022 = 104510) → True
FQ-00389,Cobalt Semiconductor,1,greater_than,(cost_of_goods_sold_2024 > accounts_receivable_2023),Is cost of goods sold strictly greater than net accounts receivable for Cobalt Semiconductor from fiscal year 2024 to fiscal year 2023?,True,Yes,boolean,cost_of_goods_sold_2024(246540) > accounts_receivable_2023(27491) → True
FQ-00390,Pacific Crest Energy,2,divide,((total_liabilities_2023 × accounts_receivable_2024) ÷ current_liabilities_2022),"For Pacific Crest Energy, what is the result of computing ((total_liabilities_2023 × accounts_receivable_2024) ÷ current_liabilities_2022)? Specifically, evaluate the sub-expression first, then apply the outer operation.",36465.413,"36,465",numeric,(total_liabilities_2023(169564) × accounts_receivable_2024(21394) = 3627652216) / (current_liabilities_2022 = 99482) = 36465.413
FQ-00391,Ironclad Manufacturing,2,ratio,"ratio((revenue_2022 + revenue_2024), total_assets_2022)","For Ironclad Manufacturing, what is the result of computing ratio((revenue_2022 + revenue_2024), total_assets_2022)? Specifically, evaluate the sub-expression first, then apply the outer operation.",3.3047,3.3047,ratio,(revenue_2022(225491) + revenue_2024(280931) = 506422) / (total_assets_2022 = 153244) = 3.3047
FQ-00392,Orion Financial Group,1,multiply,(cost_of_goods_sold_2022 × dividends_paid_2024),What is the product of cost of goods sold and cash dividends paid for Orion Financial Group from fiscal year 2022 to fiscal year 2024?,3576397344,3576397344,numeric,cost_of_goods_sold_2022(140648) × dividends_paid_2024(25428) = 3576397344
FQ-00393,Cobalt Semiconductor,2,less_than,((cash_2024 - operating_expenses_2023) < total_assets_2023),"For Cobalt Semiconductor, what is the result of computing ((cash_2024 - operating_expenses_2023) < total_assets_2023)? Specifically, evaluate the sub-expression first, then apply the outer operation.",True,Yes,boolean,(cash_2024(38778) - operating_expenses_2023(28591) = 10187) < (total_assets_2023 = 411467) → True
FQ-00394,Cobalt Semiconductor,1,add,(operating_income_2022 + dividends_paid_2023),What is the sum of operating income and cash dividends paid for Cobalt Semiconductor from fiscal year 2022 to fiscal year 2023?,116441,116441,numeric,operating_income_2022(106250) + dividends_paid_2023(10191) = 116441
FQ-00395,Quantum Bridge Holdings,1,equals,(total_assets_2022 = cash_2022),Is the total assets equal to cash and cash equivalents for Quantum Bridge Holdings?,False,No,boolean,total_assets_2022(149332) = cash_2022(7976) → False
FQ-00396,Crimson Pharmaceuticals,2,less_than,((total_equity_2023 - cost_of_goods_sold_2022) < net_income_2023),"For Crimson Pharmaceuticals, what is the result of computing ((total_equity_2023 - cost_of_goods_sold_2022) < net_income_2023)? Specifically, evaluate the sub-expression first, then apply the outer operation.",True,Yes,boolean,(total_equity_2023(103218) - cost_of_goods_sold_2022(109259) = -6041) < (net_income_2023 = 98216) → True
FQ-00397,Ironclad Manufacturing,2,ratio,"ratio((employees_2022 ÷ stock_price_2024), employees_2022)","For Ironclad Manufacturing, what is the result of computing ratio((employees_2022 ÷ stock_price_2024), employees_2022)? Specifically, evaluate the sub-expression first, then apply the outer operation.",0.0047,0.0047,ratio,(employees_2022(58507) / stock_price_2024(214.96) = 272.1762) / (employees_2022 = 58507) = 0.0047
FQ-00398,Titan Consumer Brands,1,subtract,(current_liabilities_2024 - operating_income_2023),"What is the difference between total current liabilities and operating income (i.e., total current liabilities minus operating income) for Titan Consumer Brands from fiscal year 2024 to fiscal year 2023?",75195,75195,numeric,current_liabilities_2024(90051) - operating_income_2023(14856) = 75195
FQ-00399,Meridian Systems Inc,1,multiply,(cost_of_goods_sold_2023 × gross_profit_2024),What is the product of cost of goods sold and gross profit for Meridian Systems Inc from fiscal year 2023 to fiscal year 2024?,166455480452,166455480452,numeric,cost_of_goods_sold_2023(424378) × gross_profit_2024(392234) = 166455480452
FQ-00400,ClearPath Logistics,2,divide,"(ratio(stock_price_2024, net_income_2023) ÷ cost_of_goods_sold_2022)","For ClearPath Logistics, what is the result of computing (ratio(stock_price_2024, net_income_2023) ÷ cost_of_goods_sold_2022)? Specifically, evaluate the sub-expression first, then apply the outer operation.",0.0,0.00,numeric,(stock_price_2024(357.17) / net_income_2023(80330) = 0.0044) / (cost_of_goods_sold_2022 = 117962) = 0.0
FQ-00401,SilverLine Retail Inc,2,ratio,"ratio((current_assets_2023 - cost_of_goods_sold_2022), stock_price_2022)","For SilverLine Retail Inc, what is the result of computing ratio((current_assets_2023 - cost_of_goods_sold_2022), stock_price_2022)? Specifically, evaluate the sub-expression first, then apply the outer operation.",188.581,188.5810,ratio,(current_assets_2023(289144) - cost_of_goods_sold_2022(183103) = 106041) / (stock_price_2022 = 562.31) = 188.581
FQ-00402,Orion Financial Group,1,ratio,"ratio(total_assets_2023, total_assets_2022)",What is the ratio of total assets to total assets for Orion Financial Group from fiscal year 2023 to fiscal year 2022?,1.6174,1.6174,ratio,total_assets_2023(331637) / total_assets_2022(205045) = 1.6174
FQ-00403,Ironclad Manufacturing,1,greater_equal,(revenue_2023 ≥ current_assets_2024),Is total revenue greater than or equal to total current assets for Ironclad Manufacturing from fiscal year 2023 to fiscal year 2024?,True,Yes,boolean,revenue_2023(262518) ≥ current_assets_2024(155765) → True
FQ-00404,Atlas Global Industries,0,,current_assets_2022,What was the total current assets reported by Atlas Global Industries for the fiscal year ending 2022?,160330,160330,numeric,current_assets_2022 = 160330
FQ-00405,Apex Dynamics Corp,1,ratio,"ratio(total_liabilities_2023, total_assets_2024)",What is the ratio of total liabilities to total assets for Apex Dynamics Corp from fiscal year 2023 to fiscal year 2024?,0.3917,0.3917,ratio,total_liabilities_2023(58319) / total_assets_2024(148888) = 0.3917
FQ-00406,Cobalt Semiconductor,1,not_equals,(inventories_2022 ≠ total_equity_2024),Is the total inventories different from total stockholders' equity for Cobalt Semiconductor?,True,Yes,boolean,inventories_2022(7700) ≠ total_equity_2024(183299) → True
FQ-00407,Pinnacle Health Group,1,divide,(net_income_2023 ÷ shares_outstanding_2023),What is the ratio of net income to total shares outstanding for Pinnacle Health Group for fiscal year 2023?,2.8151,2.82,numeric,net_income_2023(23422) / shares_outstanding_2023(8320) = 2.8151
FQ-00408,NovaStar Technologies,2,divide,"(ratio(cost_of_goods_sold_2024, revenue_2022) ÷ total_equity_2022)","For NovaStar Technologies, what is the result of computing (ratio(cost_of_goods_sold_2024, revenue_2022) ÷ total_equity_2022)? Specifically, evaluate the sub-expression first, then apply the outer operation.",0.0,0.00,numeric,(cost_of_goods_sold_2024(65069) / revenue_2022(116726) = 0.5575) / (total_equity_2022 = 23250) = 0.0
FQ-00409,SilverLine Retail Inc,0,,total_equity_2023,What was the total stockholders' equity reported by SilverLine Retail Inc for the fiscal year ending 2023?,202804,202804,numeric,total_equity_2023 = 202804
FQ-00410,SilverLine Retail Inc,2,subtract,((gross_profit_2022 + cash_2022) - total_liabilities_2023),"For SilverLine Retail Inc, what is the result of computing ((gross_profit_2022 + cash_2022) - total_liabilities_2023)? Specifically, evaluate the sub-expression first, then apply the outer operation.",-161312,-161312,numeric,(gross_profit_2022(117516) + cash_2022(93639) = 211155) - (total_liabilities_2023 = 372467) = -161312
FQ-00411,NovaStar Technologies,1,greater_than,(net_income_2023 > operating_expenses_2023),Is net income strictly greater than total operating expenses for NovaStar Technologies for fiscal year 2023?,True,Yes,boolean,net_income_2023(33111) > operating_expenses_2023(14894) → True
FQ-00412,ClearPath Logistics,2,greater_than,((long_term_debt_2024 + total_equity_2024) > cash_2023),"For ClearPath Logistics, what is the result of computing ((long_term_debt_2024 + total_equity_2024) > cash_2023)? Specifically, evaluate the sub-expression first, then apply the outer operation.",True,Yes,boolean,(long_term_debt_2024(27230) + total_equity_2024(150689) = 177919) > (cash_2023 = 16640) → True
FQ-00413,Pinnacle Health Group,1,not_equals,(net_income_2022 ≠ operating_income_2023),Is the net income different from operating income for Pinnacle Health Group?,True,Yes,boolean,net_income_2022(14211) ≠ operating_income_2023(29194) → True
FQ-00414,Meridian Systems Inc,1,subtract,(inventories_2022 - inventories_2024),"What is the difference between total inventories and total inventories (i.e., total inventories minus total inventories) for Meridian Systems Inc from fiscal year 2022 to fiscal year 2024?",11255,11255,numeric,inventories_2022(38398) - inventories_2024(27143) = 11255
FQ-00415,Titan Consumer Brands,1,multiply,(accounts_receivable_2022 × capex_2024),What is the product of net accounts receivable and capital expenditures for Titan Consumer Brands from fiscal year 2022 to fiscal year 2024?,45487940,45487940,numeric,accounts_receivable_2022(9668) × capex_2024(4705) = 45487940
FQ-00416,Pinnacle Health Group,0,,operating_income_2022,What was the operating income reported by Pinnacle Health Group for the fiscal year ending 2022?,20227,20227,numeric,operating_income_2022 = 20227
FQ-00417,Pacific Crest Energy,2,ratio,"ratio(ratio(revenue_2022, cost_of_goods_sold_2023), accounts_receivable_2024)","For Pacific Crest Energy, what is the result of computing ratio(ratio(revenue_2022, cost_of_goods_sold_2023), accounts_receivable_2024)? Specifically, evaluate the sub-expression first, then apply the outer operation.",0.0001,0.0001,ratio,(revenue_2022(325082) / cost_of_goods_sold_2023(184001) = 1.7667) / (accounts_receivable_2024 = 21394) = 0.0001
FQ-00418,Crimson Pharmaceuticals,1,greater_than,(total_assets_2024 > net_income_2024),Is total assets strictly greater than net income for Crimson Pharmaceuticals for fiscal year 2024?,True,Yes,boolean,total_assets_2024(219895) > net_income_2024(138455) → True
FQ-00419,Titan Consumer Brands,1,change,"Δ(gross_profit, 2022→2024)",What is the absolute change in gross profit for Titan Consumer Brands from fiscal year 2022 to fiscal year 2024?,1184,1184,numeric,Δ = gross_profit_2024(61789) - gross_profit_2022(60605) = 1184
FQ-00420,Pinnacle Health Group,1,less_than,(net_income_2022 < accounts_receivable_2024),Is net income strictly less than net accounts receivable for Pinnacle Health Group from fiscal year 2022 to fiscal year 2024?,False,No,boolean,net_income_2022(14211) < accounts_receivable_2024(11446) → False
FQ-00421,Apex Dynamics Corp,1,divide,(dividends_paid_2024 ÷ net_income_2024),What is the ratio of cash dividends paid to net income for Apex Dynamics Corp for fiscal year 2024?,0.3337,0.33,numeric,dividends_paid_2024(4147) / net_income_2024(12428) = 0.3337
FQ-00422,Ironclad Manufacturing,1,subtract,(accounts_receivable_2024 - current_liabilities_2022),"What is the difference between net accounts receivable and total current liabilities (i.e., net accounts receivable minus total current liabilities) for Ironclad Manufacturing from fiscal year 2024 to fiscal year 2022?",3696,3696,numeric,accounts_receivable_2024(31704) - current_liabilities_2022(28008) = 3696
FQ-00423,Atlas Global Industries,0,,total_assets_2024,What was the total assets reported by Atlas Global Industries for the fiscal year ending 2024?,587438,587438,numeric,total_assets_2024 = 587438
FQ-00424,NovaStar Technologies,1,divide,(current_liabilities_2023 ÷ employees_2023),What is the ratio of total current liabilities to total number of employees for NovaStar Technologies for fiscal year 2023?,0.1364,0.14,numeric,current_liabilities_2023(17553) / employees_2023(128654) = 0.1364
FQ-00425,Meridian Systems Inc,2,greater_than,((current_assets_2022 + net_income_2024) > dividends_paid_2022),"For Meridian Systems Inc, what is the result of computing ((current_assets_2022 + net_income_2024) > dividends_paid_2022)? Specifically, evaluate the sub-expression first, then apply the outer operation.",True,Yes,boolean,(current_assets_2022(723664) + net_income_2024(271598) = 995262) > (dividends_paid_2022 = 1708) → True
FQ-00426,ClearPath Logistics,1,greater_than,(current_assets_2024 > inventories_2022),Is total current assets strictly greater than total inventories for ClearPath Logistics from fiscal year 2024 to fiscal year 2022?,True,Yes,boolean,current_assets_2024(60642) > inventories_2022(11404) → True
FQ-00427,ClearPath Logistics,2,divide,"(Δ(capex, 2022→2024) ÷ current_liabilities_2023)","For ClearPath Logistics, what is the result of computing (Δ(capex, 2022→2024) ÷ current_liabilities_2023)? Specifically, evaluate the sub-expression first, then apply the outer operation.",0.0669,0.07,numeric,(Δ = capex_2024(11367) - capex_2022(8263) = 3104) / (current_liabilities_2023 = 46405) = 0.0669
FQ-00428,SilverLine Retail Inc,1,subtract,(gross_profit_2023 - current_liabilities_2023),"What is the difference between gross profit and total current liabilities (i.e., gross profit minus total current liabilities) for SilverLine Retail Inc for fiscal year 2023?",-53435,-53435,numeric,gross_profit_2023(117316) - current_liabilities_2023(170751) = -53435
FQ-00429,Meridian Systems Inc,1,greater_equal,(gross_profit_2022 ≥ cost_of_goods_sold_2024),Is gross profit greater than or equal to cost of goods sold for Meridian Systems Inc from fiscal year 2022 to fiscal year 2024?,True,Yes,boolean,gross_profit_2022(219840) ≥ cost_of_goods_sold_2024(185603) → True
FQ-00430,Titan Consumer Brands,1,greater_equal,(total_assets_2022 ≥ total_assets_2024),Is total assets greater than or equal to total assets for Titan Consumer Brands from fiscal year 2022 to fiscal year 2024?,False,No,boolean,total_assets_2022(98264) ≥ total_assets_2024(265030) → False
FQ-00431,NovaStar Technologies,1,greater_equal,(gross_profit_2022 ≥ cash_2024),Is gross profit greater than or equal to cash and cash equivalents for NovaStar Technologies from fiscal year 2022 to fiscal year 2024?,False,No,boolean,gross_profit_2022(77979) ≥ cash_2024(84452) → False
FQ-00432,Titan Consumer Brands,0,,dividends_paid_2023,What was the cash dividends paid reported by Titan Consumer Brands for the fiscal year ending 2023?,3521,3521,numeric,dividends_paid_2023 = 3521
FQ-00433,Titan Consumer Brands,1,greater_than,(revenue_2024 > total_equity_2024),Is total revenue strictly greater than total stockholders' equity for Titan Consumer Brands for fiscal year 2024?,True,Yes,boolean,revenue_2024(113074) > total_equity_2024(68059) → True
FQ-00434,Orion Financial Group,1,multiply,(total_liabilities_2024 × cost_of_goods_sold_2023),What is the product of total liabilities and cost of goods sold for Orion Financial Group from fiscal year 2024 to fiscal year 2023?,20189406240,20189406240,numeric,total_liabilities_2024(247662) × cost_of_goods_sold_2023(81520) = 20189406240
FQ-00435,Apex Dynamics Corp,1,add,(current_assets_2022 + net_income_2023),What is the sum of total current assets and net income for Apex Dynamics Corp from fiscal year 2022 to fiscal year 2023?,37523,37523,numeric,current_assets_2022(19736) + net_income_2023(17787) = 37523
FQ-00436,Apex Dynamics Corp,1,add,(total_equity_2023 + operating_expenses_2023),What is the sum of total stockholders' equity and total operating expenses for Apex Dynamics Corp for fiscal year 2023?,72631,72631,numeric,total_equity_2023(66170) + operating_expenses_2023(6461) = 72631
FQ-00437,Helix BioSciences,1,multiply,(dividends_paid_2023 × cash_2024),What is the product of cash dividends paid and cash and cash equivalents for Helix BioSciences from fiscal year 2023 to fiscal year 2024?,36182415,36182415,numeric,dividends_paid_2023(2235) × cash_2024(16189) = 36182415
FQ-00438,Pinnacle Health Group,1,multiply,(revenue_2022 × total_assets_2023),What is the product of total revenue and total assets for Pinnacle Health Group from fiscal year 2022 to fiscal year 2023?,6472149190,6472149190,numeric,revenue_2022(95834) × total_assets_2023(67535) = 6472149190
FQ-00439,NovaStar Technologies,2,divide,((long_term_debt_2023 ÷ total_equity_2022) ÷ total_equity_2024),"For NovaStar Technologies, what is the result of computing ((long_term_debt_2023 ÷ total_equity_2022) ÷ total_equity_2024)? Specifically, evaluate the sub-expression first, then apply the outer operation.",0.0,0.00,numeric,(long_term_debt_2023(25534) / total_equity_2022(23250) = 1.0982) / (total_equity_2024 = 90347) = 0.0
FQ-00440,Quantum Bridge Holdings,0,,stock_price_2024,What was the closing stock price reported by Quantum Bridge Holdings for the fiscal year ending 2024?,65.26,65.26,numeric,stock_price_2024 = 65.26
FQ-00441,Helix BioSciences,1,subtract,(total_equity_2023 - cost_of_goods_sold_2023),"What is the difference between total stockholders' equity and cost of goods sold (i.e., total stockholders' equity minus cost of goods sold) for Helix BioSciences for fiscal year 2023?",429,429,numeric,total_equity_2023(43616) - cost_of_goods_sold_2023(43187) = 429
FQ-00442,Orion Financial Group,1,multiply,(shares_outstanding_2023 × long_term_debt_2022),What is the product of total shares outstanding and long-term debt for Orion Financial Group from fiscal year 2023 to fiscal year 2022?,116024594,116024594,numeric,shares_outstanding_2023(2122) × long_term_debt_2022(54677) = 116024594
FQ-00443,NovaStar Technologies,1,not_equals,(cost_of_goods_sold_2024 ≠ net_income_2022),Is the cost of goods sold different from net income for NovaStar Technologies?,True,Yes,boolean,cost_of_goods_sold_2024(65069) ≠ net_income_2022(49039) → True
FQ-00444,Meridian Systems Inc,1,divide,(shares_outstanding_2022 ÷ total_liabilities_2023),What is the ratio of total shares outstanding to total liabilities for Meridian Systems Inc from fiscal year 2022 to fiscal year 2023?,0.0083,0.01,numeric,shares_outstanding_2022(4800) / total_liabilities_2023(579572) = 0.0083
FQ-00445,ClearPath Logistics,1,pct_change,"%Δ(total_assets, 2022→2024)",What is the percentage change in total assets for ClearPath Logistics from fiscal year 2022 to fiscal year 2024?,-43.36,-43.36%,percentage,%Δ = (total_assets_2024(204336) - total_assets_2022(360786)) / |360786| × 100 = -43.36%
FQ-00446,Helix BioSciences,1,equals,(stock_price_2024 = total_equity_2022),Is the closing stock price equal to total stockholders' equity for Helix BioSciences?,False,No,boolean,stock_price_2024(151.44) = total_equity_2022(158260) → False
FQ-00447,Pacific Crest Energy,2,divide,(AVG(gross_profit_2023) ÷ shares_outstanding_2022),"For Pacific Crest Energy, what is the result of computing (AVG(gross_profit_2023) ÷ shares_outstanding_2022)? Specifically, evaluate the sub-expression first, then apply the outer operation.",8.3629,8.36,numeric,(AVG(gross_profit_2023) = 115157.4) / (shares_outstanding_2022 = 13770) = 8.3629
FQ-00448,NovaStar Technologies,2,ratio,"ratio(ratio(net_income_2022, inventories_2024), accounts_receivable_2023)","For NovaStar Technologies, what is the result of computing ratio(ratio(net_income_2022, inventories_2024), accounts_receivable_2023)? Specifically, evaluate the sub-expression first, then apply the outer operation.",0.0022,0.0022,ratio,(net_income_2022(49039) / inventories_2024(2708) = 18.1089) / (accounts_receivable_2023 = 8173) = 0.0022
FQ-00449,Orion Financial Group,1,equals,(cost_of_goods_sold_2023 = gross_profit_2024),Is the cost of goods sold equal to gross profit for Orion Financial Group?,False,No,boolean,cost_of_goods_sold_2023(81520) = gross_profit_2024(161592) → False
FQ-00450,NovaStar Technologies,1,subtract,(revenue_2022 - accounts_receivable_2024),"What is the difference between total revenue and net accounts receivable (i.e., total revenue minus net accounts receivable) for NovaStar Technologies from fiscal year 2022 to fiscal year 2024?",100456,100456,numeric,revenue_2022(116726) - accounts_receivable_2024(16270) = 100456
FQ-00451,ClearPath Logistics,2,ratio,"ratio((inventories_2024 - dividends_paid_2022), operating_income_2022)","For ClearPath Logistics, what is the result of computing ratio((inventories_2024 - dividends_paid_2022), operating_income_2022)? Specifically, evaluate the sub-expression first, then apply the outer operation.",-0.0032,-0.0032,ratio,(inventories_2024(3539) - dividends_paid_2022(3853) = -314) / (operating_income_2022 = 99638) = -0.0032
FQ-00452,ClearPath Logistics,1,less_than,(capex_2024 < capex_2022),Is capital expenditures strictly less than capital expenditures for ClearPath Logistics from fiscal year 2024 to fiscal year 2022?,False,No,boolean,capex_2024(11367) < capex_2022(8263) → False
FQ-00453,NovaStar Technologies,2,divide,((operating_income_2022 ÷ total_liabilities_2023) ÷ operating_income_2022),"For NovaStar Technologies, what is the result of computing ((operating_income_2022 ÷ total_liabilities_2023) ÷ operating_income_2022)? Specifically, evaluate the sub-expression first, then apply the outer operation.",0.0,0.00,numeric,(operating_income_2022(57409) / total_liabilities_2023(63921) = 0.8981) / (operating_income_2022 = 57409) = 0.0
FQ-00454,Pinnacle Health Group,1,pct_change,"%Δ(cost_of_goods_sold, 2022→2023)",What is the percentage change in cost of goods sold for Pinnacle Health Group from fiscal year 2022 to fiscal year 2023?,-7.24,-7.24%,percentage,%Δ = (cost_of_goods_sold_2023(54812) - cost_of_goods_sold_2022(59091)) / |59091| × 100 = -7.24%
FQ-00455,Helix BioSciences,1,greater_equal,(revenue_2022 ≥ long_term_debt_2023),Is total revenue greater than or equal to long-term debt for Helix BioSciences from fiscal year 2022 to fiscal year 2023?,True,Yes,boolean,revenue_2022(137561) ≥ long_term_debt_2023(25407) → True
FQ-00456,Quantum Bridge Holdings,1,subtract,(inventories_2022 - gross_profit_2023),"What is the difference between total inventories and gross profit (i.e., total inventories minus gross profit) for Quantum Bridge Holdings from fiscal year 2022 to fiscal year 2023?",-79708,-79708,numeric,inventories_2022(8347) - gross_profit_2023(88055) = -79708
FQ-00457,Helix BioSciences,2,less_than,((cash_2023 + capex_2022) < cash_2022),"For Helix BioSciences, what is the result of computing ((cash_2023 + capex_2022) < cash_2022)? Specifically, evaluate the sub-expression first, then apply the outer operation.",True,Yes,boolean,(cash_2023(4342) + capex_2022(8153) = 12495) < (cash_2022 = 65851) → True
FQ-00458,Crimson Pharmaceuticals,2,subtract,((inventories_2022 + operating_income_2022) - cost_of_goods_sold_2022),"For Crimson Pharmaceuticals, what is the result of computing ((inventories_2022 + operating_income_2022) - cost_of_goods_sold_2022)? Specifically, evaluate the sub-expression first, then apply the outer operation.",13301,13301,numeric,(inventories_2022(3436) + operating_income_2022(119124) = 122560) - (cost_of_goods_sold_2022 = 109259) = 13301
FQ-00459,Orion Financial Group,1,less_than,(operating_income_2022 < current_liabilities_2023),Is operating income strictly less than total current liabilities for Orion Financial Group from fiscal year 2022 to fiscal year 2023?,False,No,boolean,operating_income_2022(61987) < current_liabilities_2023(39934) → False
FQ-00460,Apex Dynamics Corp,1,add,(gross_profit_2022 + total_equity_2024),What is the sum of gross profit and total stockholders' equity for Apex Dynamics Corp from fiscal year 2022 to fiscal year 2024?,140050,140050,numeric,gross_profit_2022(39977) + total_equity_2024(100073) = 140050
FQ-00461,Atlas Global Industries,1,subtract,(operating_income_2024 - cash_2023),"What is the difference between operating income and cash and cash equivalents (i.e., operating income minus cash and cash equivalents) for Atlas Global Industries from fiscal year 2024 to fiscal year 2023?",50064,50064,numeric,operating_income_2024(251413) - cash_2023(201349) = 50064
FQ-00462,ClearPath Logistics,2,subtract,((capex_2023 + dividends_paid_2023) - cost_of_goods_sold_2022),"For ClearPath Logistics, what is the result of computing ((capex_2023 + dividends_paid_2023) - cost_of_goods_sold_2022)? Specifically, evaluate the sub-expression first, then apply the outer operation.",-86566,-86566,numeric,(capex_2023(12180) + dividends_paid_2023(19216) = 31396) - (cost_of_goods_sold_2022 = 117962) = -86566
FQ-00463,Quantum Bridge Holdings,1,less_than,(inventories_2022 < total_liabilities_2022),Is total inventories strictly less than total liabilities for Quantum Bridge Holdings for fiscal year 2022?,True,Yes,boolean,inventories_2022(8347) < total_liabilities_2022(111277) → True
FQ-00464,Quantum Bridge Holdings,1,multiply,(operating_income_2022 × revenue_2022),What is the product of operating income and total revenue for Quantum Bridge Holdings for fiscal year 2022?,17457648255,17457648255,numeric,operating_income_2022(100467) × revenue_2022(173765) = 17457648255
FQ-00465,Pacific Crest Energy,2,divide,"(ratio(net_income_2022, cash_2023) ÷ accounts_receivable_2024)","For Pacific Crest Energy, what is the result of computing (ratio(net_income_2022, cash_2023) ÷ accounts_receivable_2024)? Specifically, evaluate the sub-expression first, then apply the outer operation.",0.0001,0.00,numeric,(net_income_2022(112421) / cash_2023(35057) = 3.2068) / (accounts_receivable_2024 = 21394) = 0.0001
FQ-00466,Atlas Global Industries,2,ratio,"ratio((inventories_2022 - dividends_paid_2024), current_liabilities_2023)","For Atlas Global Industries, what is the result of computing ratio((inventories_2022 - dividends_paid_2024), current_liabilities_2023)? Specifically, evaluate the sub-expression first, then apply the outer operation.",0.0349,0.0349,ratio,(inventories_2022(26179) - dividends_paid_2024(10269) = 15910) / (current_liabilities_2023 = 455727) = 0.0349
FQ-00467,Helix BioSciences,2,ratio,"ratio((current_liabilities_2024 ÷ cost_of_goods_sold_2024), employees_2022)","For Helix BioSciences, what is the result of computing ratio((current_liabilities_2024 ÷ cost_of_goods_sold_2024), employees_2022)? Specifically, evaluate the sub-expression first, then apply the outer operation.",0.0,0.0000,ratio,(current_liabilities_2024(29914) / cost_of_goods_sold_2024(70326) = 0.4254) / (employees_2022 = 223032) = 0.0
FQ-00468,Quantum Bridge Holdings,1,not_equals,(total_equity_2024 ≠ shares_outstanding_2024),Is the total stockholders' equity different from total shares outstanding for Quantum Bridge Holdings?,True,Yes,boolean,total_equity_2024(43685) ≠ shares_outstanding_2024(3794) → True
FQ-00469,Meridian Systems Inc,1,divide,(capex_2023 ÷ current_assets_2024),What is the ratio of capital expenditures to total current assets for Meridian Systems Inc from fiscal year 2023 to fiscal year 2024?,0.634,0.63,numeric,capex_2023(56122) / current_assets_2024(88516) = 0.634
FQ-00470,Titan Consumer Brands,2,divide,((dividends_paid_2024 ÷ long_term_debt_2024) ÷ revenue_2022),"For Titan Consumer Brands, what is the result of computing ((dividends_paid_2024 ÷ long_term_debt_2024) ÷ revenue_2022)? Specifically, evaluate the sub-expression first, then apply the outer operation.",0.0,0.00,numeric,(dividends_paid_2024(8779) / long_term_debt_2024(135159) = 0.065) / (revenue_2022 = 95981) = 0.0
FQ-00471,ClearPath Logistics,2,ratio,"ratio((total_equity_2022 + total_liabilities_2022), cost_of_goods_sold_2024)","For ClearPath Logistics, what is the result of computing ratio((total_equity_2022 + total_liabilities_2022), cost_of_goods_sold_2024)? Specifically, evaluate the sub-expression first, then apply the outer operation.",4.3613,4.3613,ratio,(total_equity_2022(99639) + total_liabilities_2022(261147) = 360786) / (cost_of_goods_sold_2024 = 82725) = 4.3613
FQ-00472,Apex Dynamics Corp,1,not_equals,(employees_2024 ≠ employees_2023),Is the total number of employees different from total number of employees for Apex Dynamics Corp?,True,Yes,boolean,employees_2024(336737) ≠ employees_2023(44006) → True
FQ-00473,Quantum Bridge Holdings,1,subtract,(capex_2022 - cash_2022),"What is the difference between capital expenditures and cash and cash equivalents (i.e., capital expenditures minus cash and cash equivalents) for Quantum Bridge Holdings for fiscal year 2022?",-1736,-1736,numeric,capex_2022(6240) - cash_2022(7976) = -1736
FQ-00474,Apex Dynamics Corp,1,greater_equal,(capex_2024 ≥ cash_2022),Is capital expenditures greater than or equal to cash and cash equivalents for Apex Dynamics Corp from fiscal year 2024 to fiscal year 2022?,True,Yes,boolean,capex_2024(4447) ≥ cash_2022(2886) → True
FQ-00475,Pinnacle Health Group,1,subtract,(current_assets_2024 - total_liabilities_2023),"What is the difference between total current assets and total liabilities (i.e., total current assets minus total liabilities) for Pinnacle Health Group from fiscal year 2024 to fiscal year 2023?",-34689,-34689,numeric,current_assets_2024(14005) - total_liabilities_2023(48694) = -34689
FQ-00476,Helix BioSciences,1,not_equals,(capex_2022 ≠ current_liabilities_2023),Is the capital expenditures different from total current liabilities for Helix BioSciences?,True,Yes,boolean,capex_2022(8153) ≠ current_liabilities_2023(24553) → True
FQ-00477,Helix BioSciences,2,subtract,((inventories_2023 + revenue_2023) - total_equity_2023),"For Helix BioSciences, what is the result of computing ((inventories_2023 + revenue_2023) - total_equity_2023)? Specifically, evaluate the sub-expression first, then apply the outer operation.",94065,94065,numeric,(inventories_2023(4024) + revenue_2023(133657) = 137681) - (total_equity_2023 = 43616) = 94065
FQ-00478,NovaStar Technologies,2,less_than,((capex_2023 + total_equity_2024) < dividends_paid_2023),"For NovaStar Technologies, what is the result of computing ((capex_2023 + total_equity_2024) < dividends_paid_2023)? Specifically, evaluate the sub-expression first, then apply the outer operation.",False,No,boolean,(capex_2023(3893) + total_equity_2024(90347) = 94240) < (dividends_paid_2023 = 5942) → False
FQ-00479,Orion Financial Group,1,equals,(accounts_receivable_2022 = total_equity_2022),Is the net accounts receivable equal to total stockholders' equity for Orion Financial Group?,False,No,boolean,accounts_receivable_2022(31323) = total_equity_2022(88115) → False
FQ-00480,Pinnacle Health Group,1,not_equals,(total_equity_2023 ≠ gross_profit_2022),Is the total stockholders' equity different from gross profit for Pinnacle Health Group?,True,Yes,boolean,total_equity_2023(18841) ≠ gross_profit_2022(36743) → True
FQ-00481,Apex Dynamics Corp,1,equals,(revenue_2024 = operating_income_2024),Is the total revenue equal to operating income for Apex Dynamics Corp?,False,No,boolean,revenue_2024(79022) = operating_income_2024(15016) → False
FQ-00482,Quantum Bridge Holdings,2,ratio,"ratio((long_term_debt_2022 ÷ capex_2022), current_assets_2023)","For Quantum Bridge Holdings, what is the result of computing ratio((long_term_debt_2022 ÷ capex_2022), current_assets_2023)? Specifically, evaluate the sub-expression first, then apply the outer operation.",0.0001,0.0001,ratio,(long_term_debt_2022(55980) / capex_2022(6240) = 8.9712) / (current_assets_2023 = 165850) = 0.0001
FQ-00483,Atlas Global Industries,2,ratio,"ratio(ratio(total_equity_2022, operating_expenses_2024), operating_expenses_2022)","For Atlas Global Industries, what is the result of computing ratio(ratio(total_equity_2022, operating_expenses_2024), operating_expenses_2022)? Specifically, evaluate the sub-expression first, then apply the outer operation.",0.0,0.0000,ratio,(total_equity_2022(138049) / operating_expenses_2024(37977) = 3.6351) / (operating_expenses_2022 = 100047) = 0.0
FQ-00484,Apex Dynamics Corp,1,ratio,"ratio(inventories_2024, long_term_debt_2022)",What is the ratio of total inventories to long-term debt for Apex Dynamics Corp from fiscal year 2024 to fiscal year 2022?,0.3196,0.3196,ratio,inventories_2024(6110) / long_term_debt_2022(19118) = 0.3196
FQ-00485,Quantum Bridge Holdings,1,not_equals,(operating_income_2024 ≠ accounts_receivable_2024),Is the operating income different from net accounts receivable for Quantum Bridge Holdings?,True,Yes,boolean,operating_income_2024(113975) ≠ accounts_receivable_2024(19369) → True
FQ-00486,Cobalt Semiconductor,0,,current_assets_2024,What was the total current assets reported by Cobalt Semiconductor for the fiscal year ending 2024?,116294,116294,numeric,current_assets_2024 = 116294
FQ-00487,Ironclad Manufacturing,1,greater_equal,(total_liabilities_2024 ≥ inventories_2023),Is total liabilities greater than or equal to total inventories for Ironclad Manufacturing from fiscal year 2024 to fiscal year 2023?,True,Yes,boolean,total_liabilities_2024(406151) ≥ inventories_2023(11293) → True
FQ-00488,Pacific Crest Energy,1,greater_equal,(cost_of_goods_sold_2022 ≥ total_assets_2022),Is cost of goods sold greater than or equal to total assets for Pacific Crest Energy for fiscal year 2022?,False,No,boolean,cost_of_goods_sold_2022(153696) ≥ total_assets_2022(288924) → False
FQ-00489,Meridian Systems Inc,2,divide,((operating_expenses_2024 × net_income_2023) ÷ operating_expenses_2024),"For Meridian Systems Inc, what is the result of computing ((operating_expenses_2024 × net_income_2023) ÷ operating_expenses_2024)? Specifically, evaluate the sub-expression first, then apply the outer operation.",90557.0,"90,557",numeric,(operating_expenses_2024(41564) × net_income_2023(90557) = 3763911148) / (operating_expenses_2024 = 41564) = 90557.0
FQ-00490,Cobalt Semiconductor,2,ratio,"ratio((gross_profit_2024 ÷ total_assets_2022), total_liabilities_2022)","For Cobalt Semiconductor, what is the result of computing ratio((gross_profit_2024 ÷ total_assets_2022), total_liabilities_2022)? Specifically, evaluate the sub-expression first, then apply the outer operation.",0.0,0.0000,ratio,(gross_profit_2024(82846) / total_assets_2022(358317) = 0.2312) / (total_liabilities_2022 = 250594) = 0.0
FQ-00491,Meridian Systems Inc,1,ratio,"ratio(long_term_debt_2024, cost_of_goods_sold_2024)",What is the ratio of long-term debt to cost of goods sold for Meridian Systems Inc for fiscal year 2024?,0.9466,0.9466,ratio,long_term_debt_2024(175700) / cost_of_goods_sold_2024(185603) = 0.9466
FQ-00492,SilverLine Retail Inc,1,equals,(net_income_2024 = inventories_2024),Is the net income equal to total inventories for SilverLine Retail Inc?,False,No,boolean,net_income_2024(54884) = inventories_2024(27422) → False
FQ-00493,SilverLine Retail Inc,1,multiply,(dividends_paid_2022 × accounts_receivable_2023),What is the product of cash dividends paid and net accounts receivable for SilverLine Retail Inc from fiscal year 2022 to fiscal year 2023?,164785586,164785586,numeric,dividends_paid_2022(9226) × accounts_receivable_2023(17861) = 164785586
FQ-00494,Helix BioSciences,2,ratio,"ratio((operating_expenses_2023 × inventories_2024), total_liabilities_2024)","For Helix BioSciences, what is the result of computing ratio((operating_expenses_2023 × inventories_2024), total_liabilities_2024)? Specifically, evaluate the sub-expression first, then apply the outer operation.",4343.6032,4343.6032,ratio,(operating_expenses_2023(31839) × inventories_2024(10070) = 320618730) / (total_liabilities_2024 = 73814) = 4343.6032
FQ-00495,Pinnacle Health Group,1,greater_than,(total_liabilities_2022 > gross_profit_2024),Is total liabilities strictly greater than gross profit for Pinnacle Health Group from fiscal year 2022 to fiscal year 2024?,False,No,boolean,total_liabilities_2022(21474) > gross_profit_2024(26663) → False
FQ-00496,Pacific Crest Energy,2,greater_than,((cash_2024 - operating_expenses_2022) > dividends_paid_2024),"For Pacific Crest Energy, what is the result of computing ((cash_2024 - operating_expenses_2022) > dividends_paid_2024)? Specifically, evaluate the sub-expression first, then apply the outer operation.",False,No,boolean,(cash_2024(16032) - operating_expenses_2022(42238) = -26206) > (dividends_paid_2024 = 20102) → False
FQ-00497,Orion Financial Group,2,ratio,"ratio((revenue_2024 - inventories_2022), capex_2022)","For Orion Financial Group, what is the result of computing ratio((revenue_2024 - inventories_2022), capex_2022)? Specifically, evaluate the sub-expression first, then apply the outer operation.",12.3838,12.3838,ratio,(revenue_2024(267204) - inventories_2022(20246) = 246958) / (capex_2022 = 19942) = 12.3838
FQ-00498,Meridian Systems Inc,2,divide,((gross_profit_2024 ÷ gross_profit_2023) ÷ net_income_2024),"For Meridian Systems Inc, what is the result of computing ((gross_profit_2024 ÷ gross_profit_2023) ÷ net_income_2024)? Specifically, evaluate the sub-expression first, then apply the outer operation.",0.0,0.00,numeric,(gross_profit_2024(392234) / gross_profit_2023(186796) = 2.0998) / (net_income_2024 = 271598) = 0.0
FQ-00499,SilverLine Retail Inc,2,less_than,((revenue_2023 + current_assets_2023) < net_income_2023),"For SilverLine Retail Inc, what is the result of computing ((revenue_2023 + current_assets_2023) < net_income_2023)? Specifically, evaluate the sub-expression first, then apply the outer operation.",False,No,boolean,(revenue_2023(292717) + current_assets_2023(289144) = 581861) < (net_income_2023 = 60393) → False
FQ-00500,Pacific Crest Energy,2,ratio,"ratio((long_term_debt_2022 × capex_2023), operating_expenses_2023)","For Pacific Crest Energy, what is the result of computing ratio((long_term_debt_2022 × capex_2023), operating_expenses_2023)? Specifically, evaluate the sub-expression first, then apply the outer operation.",67087.9021,67087.9021,ratio,(long_term_debt_2022(122064) × capex_2023(30354) = 3705130656) / (operating_expenses_2023 = 55228) = 67087.9021
