question_id,depth,question,question_original,obstacle,useless_info_family_used,expression,expression_json,template_expression,answer,template_depth_requested,template_actual_depth,bound_expression_depth,tree_seed,binding_seed,master_seed,derived_prob,template_internal_nodes,template_leaf_slots,bound_leaf_count,leaf_1_key,leaf_1_concept,leaf_1_label,leaf_1_entity,leaf_1_period,leaf_1_unit,leaf_1_value,leaf_2_key,leaf_2_concept,leaf_2_label,leaf_2_entity,leaf_2_period,leaf_2_unit,leaf_2_value,leaf_3_key,leaf_3_concept,leaf_3_label,leaf_3_entity,leaf_3_period,leaf_3_unit,leaf_3_value,leaf_4_key,leaf_4_concept,leaf_4_label,leaf_4_entity,leaf_4_period,leaf_4_unit,leaf_4_value,leaf_5_key,leaf_5_concept,leaf_5_label,leaf_5_entity,leaf_5_period,leaf_5_unit,leaf_5_value,leaf_6_key,leaf_6_concept,leaf_6_label,leaf_6_entity,leaf_6_period,leaf_6_unit,leaf_6_value,leaf_7_key,leaf_7_concept,leaf_7_label,leaf_7_entity,leaf_7_period,leaf_7_unit,leaf_7_value,leaf_8_key,leaf_8_concept,leaf_8_label,leaf_8_entity,leaf_8_period,leaf_8_unit,leaf_8_value,leaf_9_key,leaf_9_concept,leaf_9_label,leaf_9_entity,leaf_9_period,leaf_9_unit,leaf_9_value
1,3,could you give the pretax income for Meridian Systems Inc in 2022? — answer using the figures exactly as given.,could you give the pretax income for Meridian Systems Inc in 2022?,negation,,pretax_income,"{""derived"": ""pretax_income"", ""expanded"": {""op"": ""diff"", ""left"": {""derived"": ""operating_income"", ""expanded"": {""op"": ""diff"", ""left"": {""derived"": ""gross_profit"", ""expanded"": {""op"": ""diff"", ""left"": {""leaf"": ""8_revenue"", ""depth"": 0}, ""right"": {""leaf"": ""8_cost_of_goods_sold"", ""depth"": 0}, ""depth"": 1}, ""depth"": 1}, ""right"": {""leaf"": ""8_operating_expenses"", ""depth"": 0}, ""depth"": 2}, ""depth"": 2}, ""right"": {""leaf"": ""8_non_operating_expenses"", ""depth"": 0}, ""depth"": 3}, ""depth"": 3}","{""kind"": ""derived_concept"", ""name"": ""pretax_income"", ""depth"": 0}",36587.0,4,0,3,951851014,156695443,542427445,0.297,0,1,4,8_revenue,revenue,revenue,Meridian Systems Inc,2022,M_USD,163959.0,8_cost_of_goods_sold,cost_of_goods_sold,cost of goods sold,Meridian Systems Inc,2022,M_USD,84255.0,8_operating_expenses,operating_expenses,operating expenses,Meridian Systems Inc,2022,M_USD,26227.0,8_non_operating_expenses,non_operating_expenses,non operating expenses,Meridian Systems Inc,2022,M_USD,16890.0,,,,,,,,,,,,,,,,,,,,,,,,,,,,,,,,,,,
1,1,It is not the case that you should ignore the following — determine: What's the value of the gross profit for Atlas Global Industries in 2022?,What's the value of the gross profit for Atlas Global Industries in 2022?,negation,,gross_profit,"{""derived"": ""gross_profit"", ""expanded"": {""op"": ""diff"", ""left"": {""leaf"": ""26_revenue"", ""depth"": 0}, ""right"": {""leaf"": ""26_cost_of_goods_sold"", ""depth"": 0}, ""depth"": 1}, ""depth"": 1}","{""kind"": ""derived_concept"", ""name"": ""gross_profit"", ""depth"": 0}",54671.0,3,0,1,120487788,740177495,542427445,0.356,0,1,2,26_revenue,revenue,revenue,Atlas Global Industries,2022,M_USD,87003.0,26_cost_of_goods_sold,cost_of_goods_sold,cost of goods sold,Atlas Global Industries,2022,M_USD,32332.0,,,,,,,,,,,,,,,,,,,,,,,,,,,,,,,,,,,,,,,,,,,,,,,,,
1,1,which quantity is given by the longterm liabilities for Ironclad Manufacturing in 2023? — answer using the figures exactly as given.,which quantity is given by the longterm liabilities for Ironclad Manufacturing in 2023?,negation,,longterm_liabilities,"{""derived"": ""longterm_liabilities"", ""expanded"": {""op"": ""diff"", ""left"": {""leaf"": ""39_total_liabilities"", ""depth"": 0}, ""right"": {""leaf"": ""39_current_liabilities"", ""depth"": 0}, ""depth"": 1}, ""depth"": 1}","{""kind"": ""derived_concept"", ""name"": ""longterm_liabilities"", ""depth"": 0}",123432.0,4,0,1,443017014,872953357,542427445,0.348,0,1,2,39_total_liabilities,total_liabilities,total liabilities,Ironclad Manufacturing,2023,M_USD,190519.0,39_current_liabilities,current_liabilities,current liabilities,Ironclad Manufacturing,2023,M_USD,67087.0,,,,,,,,,,,,,,,,,,,,,,,,,,,,,,,,,,,,,,,,,,,,,,,,,
1,2,It is not the case that you should ignore the following — determine: what does the following give: difference between longterm liabilities and longterm liabilities for Crimson Pharmaceuticals in 2023 ?,what does the following give: difference between longterm liabilities and longterm liabilities for Crimson Pharmaceuticals in 2023 ?,negation,,"diff(longterm_liabilities, longterm_liabilities)","{""op"": ""diff"", ""left"": {""derived"": ""longterm_liabilities"", ""expanded"": {""op"": ""diff"", ""left"": {""leaf"": ""87_total_liabilities"", ""depth"": 0}, ""right"": {""leaf"": ""87_current_liabilities"", ""depth"": 0}, ""depth"": 1}, ""depth"": 1}, ""right"": {""derived"": ""longterm_liabilities"", ""expanded"": {""op"": ""diff"", ""left"": {""leaf"": ""87_total_liabilities"", ""depth"": 0}, ""right"": {""leaf"": ""87_current_liabilities"", ""depth"": 0}, ""depth"": 1}, ""depth"": 1}, ""depth"": 2}","{""op"": ""diff"", ""left"": {""kind"": ""derived_concept"", ""name"": ""longterm_liabilities"", ""depth"": 0}, ""right"": {""kind"": ""derived_concept"", ""name"": ""longterm_liabilities"", ""depth"": 0}, ""depth"": 1, ""kind"": ""node""}",0.0,4,1,2,284658289,667971340,542427445,0.317,1,2,4,87_total_liabilities,total_liabilities,total liabilities,Crimson Pharmaceuticals,2023,M_USD,372880.0,87_current_liabilities,current_liabilities,current liabilities,Crimson Pharmaceuticals,2023,M_USD,127801.0,87_total_liabilities,total_liabilities,total liabilities,Crimson Pharmaceuticals,2023,M_USD,372880.0,87_current_liabilities,current_liabilities,current liabilities,Crimson Pharmaceuticals,2023,M_USD,127801.0,,,,,,,,,,,,,,,,,,,,,,,,,,,,,,,,,,,
1,3,Do not apply any adjustment; simply compute: what's the value of the current assets for Atlas Global Industries in 2022 ?,what's the value of the current assets for Atlas Global Industries in 2022 ?,negation,,current_assets,"{""derived"": ""current_assets"", ""expanded"": {""op"": ""sum"", ""left"": {""op"": ""sum"", ""left"": {""op"": ""sum"", ""left"": {""leaf"": ""26_cash"", ""depth"": 0}, ""right"": {""leaf"": ""26_accounts_receivable"", ""depth"": 0}, ""depth"": 1}, ""right"": {""leaf"": ""26_inventories"", ""depth"": 0}, ""depth"": 2}, ""right"": {""leaf"": ""26_short_term_investments"", ""depth"": 0}, ""depth"": 3}, ""depth"": 3}","{""kind"": ""derived_concept"", ""name"": ""current_assets"", ""depth"": 0}",27487.0,2,0,3,916625371,967751402,542427445,0.487,0,1,4,26_cash,cash,cash,Atlas Global Industries,2022,M_USD,13377.0,26_accounts_receivable,accounts_receivable,accounts receivable,Atlas Global Industries,2022,M_USD,7696.0,26_inventories,inventories,inventories,Atlas Global Industries,2022,M_USD,1652.0,26_short_term_investments,short_term_investments,short term investments,Atlas Global Industries,2022,M_USD,4762.0,,,,,,,,,,,,,,,,,,,,,,,,,,,,,,,,,,,
1,4,Do not apply any adjustment; simply compute: which quantity is given by the longterm assets for Ironclad Manufacturing in 2020 ?,which quantity is given by the longterm assets for Ironclad Manufacturing in 2020 ?,negation,,longterm_assets,"{""derived"": ""longterm_assets"", ""expanded"": {""op"": ""diff"", ""left"": {""leaf"": ""36_total_assets"", ""depth"": 0}, ""right"": {""derived"": ""current_assets"", ""expanded"": {""op"": ""sum"", ""left"": {""op"": ""sum"", ""left"": {""op"": ""sum"", ""left"": {""leaf"": ""36_cash"", ""depth"": 0}, ""right"": {""leaf"": ""36_accounts_receivable"", ""depth"": 0}, ""depth"": 1}, ""right"": {""leaf"": ""36_inventories"", ""depth"": 0}, ""depth"": 2}, ""right"": {""leaf"": ""36_short_term_investments"", ""depth"": 0}, ""depth"": 3}, ""depth"": 3}, ""depth"": 4}, ""depth"": 4}","{""kind"": ""derived_concept"", ""name"": ""longterm_assets"", ""depth"": 0}",148307.0,4,0,4,305916308,438039686,542427445,0.547,0,1,5,36_total_assets,total_assets,total assets,Ironclad Manufacturing,2020,M_USD,307723.0,36_cash,cash,cash,Ironclad Manufacturing,2020,M_USD,49146.0,36_accounts_receivable,accounts_receivable,accounts receivable,Ironclad Manufacturing,2020,M_USD,42355.0,36_inventories,inventories,inventories,Ironclad Manufacturing,2020,M_USD,22596.0,36_short_term_investments,short_term_investments,short term investments,Ironclad Manufacturing,2020,M_USD,45319.0,,,,,,,,,,,,,,,,,,,,,,,,,,,,
2,3,"What would be the current assets for Cobalt Semiconductor in 2022 ? (compute the value as stated, without sign changes.)",What would be the current assets for Cobalt Semiconductor in 2022 ?,negation,,current_assets,"{""derived"": ""current_assets"", ""expanded"": {""op"": ""sum"", ""left"": {""op"": ""sum"", ""left"": {""op"": ""sum"", ""left"": {""leaf"": ""68_cash"", ""depth"": 0}, ""right"": {""leaf"": ""68_accounts_receivable"", ""depth"": 0}, ""depth"": 1}, ""right"": {""leaf"": ""68_inventories"", ""depth"": 0}, ""depth"": 2}, ""right"": {""leaf"": ""68_short_term_investments"", ""depth"": 0}, ""depth"": 3}, ""depth"": 3}","{""kind"": ""derived_concept"", ""name"": ""current_assets"", ""depth"": 0}",17996.0,3,0,3,829319701,735465627,542427445,0.434,0,1,4,68_cash,cash,cash,Cobalt Semiconductor,2022,M_USD,6222.0,68_accounts_receivable,accounts_receivable,accounts receivable,Cobalt Semiconductor,2022,M_USD,4459.0,68_inventories,inventories,inventories,Cobalt Semiconductor,2022,M_USD,3218.0,68_short_term_investments,short_term_investments,short term investments,Cobalt Semiconductor,2022,M_USD,4097.0,,,,,,,,,,,,,,,,,,,,,,,,,,,,,,,,,,,
4,4,"Without changing the definition, find: you should give the longterm assets for ClearPath Logistics in 2024 .",you should give the longterm assets for ClearPath Logistics in 2024 .,negation,,longterm_assets,"{""derived"": ""longterm_assets"", ""expanded"": {""op"": ""diff"", ""left"": {""leaf"": ""82_total_assets"", ""depth"": 0}, ""right"": {""derived"": ""current_assets"", ""expanded"": {""op"": ""sum"", ""left"": {""op"": ""sum"", ""left"": {""op"": ""sum"", ""left"": {""leaf"": ""82_cash"", ""depth"": 0}, ""right"": {""leaf"": ""82_accounts_receivable"", ""depth"": 0}, ""depth"": 1}, ""right"": {""leaf"": ""82_inventories"", ""depth"": 0}, ""depth"": 2}, ""right"": {""leaf"": ""82_short_term_investments"", ""depth"": 0}, ""depth"": 3}, ""depth"": 3}, ""depth"": 4}, ""depth"": 4}","{""kind"": ""derived_concept"", ""name"": ""longterm_assets"", ""depth"": 0}",450563.0,3,0,4,666430828,83016351,542427445,0.369,0,1,5,82_total_assets,total_assets,total assets,ClearPath Logistics,2024,M_USD,690729.0,82_cash,cash,cash,ClearPath Logistics,2024,M_USD,104931.0,82_accounts_receivable,accounts_receivable,accounts receivable,ClearPath Logistics,2024,M_USD,49619.0,82_inventories,inventories,inventories,ClearPath Logistics,2024,M_USD,17238.0,82_short_term_investments,short_term_investments,short term investments,ClearPath Logistics,2024,M_USD,68378.0,,,,,,,,,,,,,,,,,,,,,,,,,,,,
4,4,"Without changing the definition, find: which value corresponds to the longterm assets for Helix BioSciences in 2022",which value corresponds to the longterm assets for Helix BioSciences in 2022,negation,,longterm_assets,"{""derived"": ""longterm_assets"", ""expanded"": {""op"": ""diff"", ""left"": {""leaf"": ""74_total_assets"", ""depth"": 0}, ""right"": {""derived"": ""current_assets"", ""expanded"": {""op"": ""sum"", ""left"": {""op"": ""sum"", ""left"": {""op"": ""sum"", ""left"": {""leaf"": ""74_cash"", ""depth"": 0}, ""right"": {""leaf"": ""74_accounts_receivable"", ""depth"": 0}, ""depth"": 1}, ""right"": {""leaf"": ""74_inventories"", ""depth"": 0}, ""depth"": 2}, ""right"": {""leaf"": ""74_short_term_investments"", ""depth"": 0}, ""depth"": 3}, ""depth"": 3}, ""depth"": 4}, ""depth"": 4}","{""kind"": ""derived_concept"", ""name"": ""longterm_assets"", ""depth"": 0}",226619.0,4,0,4,32234708,888909974,542427445,0.541,0,1,5,74_total_assets,total_assets,total assets,Helix BioSciences,2022,M_USD,357135.0,74_cash,cash,cash,Helix BioSciences,2022,M_USD,62300.0,74_accounts_receivable,accounts_receivable,accounts receivable,Helix BioSciences,2022,M_USD,29904.0,74_inventories,inventories,inventories,Helix BioSciences,2022,M_USD,18073.0,74_short_term_investments,short_term_investments,short term investments,Helix BioSciences,2022,M_USD,20239.0,,,,,,,,,,,,,,,,,,,,,,,,,,,,
5,1,Do not apply any adjustment; simply compute: What do we obtain as the gross profit for Cobalt Semiconductor in 2023,What do we obtain as the gross profit for Cobalt Semiconductor in 2023,negation,,gross_profit,"{""derived"": ""gross_profit"", ""expanded"": {""op"": ""diff"", ""left"": {""leaf"": ""69_revenue"", ""depth"": 0}, ""right"": {""leaf"": ""69_cost_of_goods_sold"", ""depth"": 0}, ""depth"": 1}, ""depth"": 1}","{""kind"": ""derived_concept"", ""name"": ""gross_profit"", ""depth"": 0}",28997.0,4,0,1,817151228,224160549,542427445,0.547,0,1,2,69_revenue,revenue,revenue,Cobalt Semiconductor,2023,M_USD,56007.0,69_cost_of_goods_sold,cost_of_goods_sold,cost of goods sold,Cobalt Semiconductor,2023,M_USD,27010.0,,,,,,,,,,,,,,,,,,,,,,,,,,,,,,,,,,,,,,,,,,,,,,,,,
5,2,provide the operating income for Pacific Crest Energy in 2020. — answer using the figures exactly as given.,provide the operating income for Pacific Crest Energy in 2020.,negation,,operating_income,"{""derived"": ""operating_income"", ""expanded"": {""op"": ""diff"", ""left"": {""derived"": ""gross_profit"", ""expanded"": {""op"": ""diff"", ""left"": {""leaf"": ""48_revenue"", ""depth"": 0}, ""right"": {""leaf"": ""48_cost_of_goods_sold"", ""depth"": 0}, ""depth"": 1}, ""depth"": 1}, ""right"": {""leaf"": ""48_operating_expenses"", ""depth"": 0}, ""depth"": 2}, ""depth"": 2}","{""kind"": ""derived_concept"", ""name"": ""operating_income"", ""depth"": 0}",40104.0,3,0,2,907064585,232287869,542427445,0.365,0,1,3,48_revenue,revenue,revenue,Pacific Crest Energy,2020,M_USD,160549.0,48_cost_of_goods_sold,cost_of_goods_sold,cost of goods sold,Pacific Crest Energy,2020,M_USD,109216.0,48_operating_expenses,operating_expenses,operating expenses,Pacific Crest Energy,2020,M_USD,11229.0,,,,,,,,,,,,,,,,,,,,,,,,,,,,,,,,,,,,,,,,,,
5,1,which result follows from the longterm liabilities for Ironclad Manufacturing in 2023? — answer using the figures exactly as given.,which result follows from the longterm liabilities for Ironclad Manufacturing in 2023?,negation,,longterm_liabilities,"{""derived"": ""longterm_liabilities"", ""expanded"": {""op"": ""diff"", ""left"": {""leaf"": ""39_total_liabilities"", ""depth"": 0}, ""right"": {""leaf"": ""39_current_liabilities"", ""depth"": 0}, ""depth"": 1}, ""depth"": 1}","{""kind"": ""derived_concept"", ""name"": ""longterm_liabilities"", ""depth"": 0}",123432.0,3,0,1,391962041,262212076,542427445,0.585,0,1,2,39_total_liabilities,total_liabilities,total liabilities,Ironclad Manufacturing,2023,M_USD,190519.0,39_current_liabilities,current_liabilities,current liabilities,Ironclad Manufacturing,2023,M_USD,67087.0,,,,,,,,,,,,,,,,,,,,,,,,,,,,,,,,,,,,,,,,,,,,,,,,,
6,1,It is not the case that you should ignore the following — determine: Compute the gross profit for Quantum Bridge Holdings in 2025.,Compute the gross profit for Quantum Bridge Holdings in 2025.,negation,,gross_profit,"{""derived"": ""gross_profit"", ""expanded"": {""op"": ""diff"", ""left"": {""leaf"": ""17_revenue"", ""depth"": 0}, ""right"": {""leaf"": ""17_cost_of_goods_sold"", ""depth"": 0}, ""depth"": 1}, ""depth"": 1}","{""kind"": ""derived_concept"", ""name"": ""gross_profit"", ""depth"": 0}",46982.0,3,0,1,443491878,484261540,542427445,0.259,0,1,2,17_revenue,revenue,revenue,Quantum Bridge Holdings,2025,M_USD,93743.0,17_cost_of_goods_sold,cost_of_goods_sold,cost of goods sold,Quantum Bridge Holdings,2025,M_USD,46761.0,,,,,,,,,,,,,,,,,,,,,,,,,,,,,,,,,,,,,,,,,,,,,,,,,
7,3,It is not the case that you should ignore the following — determine: you should give the current assets for Quantum Bridge Holdings in 2025.,you should give the current assets for Quantum Bridge Holdings in 2025.,negation,,current_assets,"{""derived"": ""current_assets"", ""expanded"": {""op"": ""sum"", ""left"": {""op"": ""sum"", ""left"": {""op"": ""sum"", ""left"": {""leaf"": ""17_cash"", ""depth"": 0}, ""right"": {""leaf"": ""17_accounts_receivable"", ""depth"": 0}, ""depth"": 1}, ""right"": {""leaf"": ""17_inventories"", ""depth"": 0}, ""depth"": 2}, ""right"": {""leaf"": ""17_short_term_investments"", ""depth"": 0}, ""depth"": 3}, ""depth"": 3}","{""kind"": ""derived_concept"", ""name"": ""current_assets"", ""depth"": 0}",17082.0,2,0,3,648828856,389233053,542427445,0.548,0,1,4,17_cash,cash,cash,Quantum Bridge Holdings,2025,M_USD,4105.0,17_accounts_receivable,accounts_receivable,accounts receivable,Quantum Bridge Holdings,2025,M_USD,4087.0,17_inventories,inventories,inventories,Quantum Bridge Holdings,2025,M_USD,3180.0,17_short_term_investments,short_term_investments,short term investments,Quantum Bridge Holdings,2025,M_USD,5710.0,,,,,,,,,,,,,,,,,,,,,,,,,,,,,,,,,,,
8,4,which result follows from the difference between current assets and cost of goods sold for Ironclad Manufacturing in 2021 — answer using the figures exactly as given.,which result follows from the difference between current assets and cost of goods sold for Ironclad Manufacturing in 2021,negation,,"diff(current_assets, 37_cost_of_goods_sold)","{""op"": ""diff"", ""left"": {""derived"": ""current_assets"", ""expanded"": {""op"": ""sum"", ""left"": {""op"": ""sum"", ""left"": {""op"": ""sum"", ""left"": {""leaf"": ""37_cash"", ""depth"": 0}, ""right"": {""leaf"": ""37_accounts_receivable"", ""depth"": 0}, ""depth"": 1}, ""right"": {""leaf"": ""37_inventories"", ""depth"": 0}, ""depth"": 2}, ""right"": {""leaf"": ""37_short_term_investments"", ""depth"": 0}, ""depth"": 3}, ""depth"": 3}, ""right"": {""leaf"": ""37_cost_of_goods_sold"", ""depth"": 0}, ""depth"": 4}","{""op"": ""diff"", ""left"": {""kind"": ""derived_concept"", ""name"": ""current_assets"", ""depth"": 0}, ""right"": {""kind"": ""leaf"", ""semantic_type_in"": [""amount""], ""depth"": 0}, ""depth"": 1, ""kind"": ""node""}",-52538.0,3,1,4,354892857,102053112,542427445,0.358,1,2,5,37_cash,cash,cash,Ironclad Manufacturing,2021,M_USD,9253.0,37_accounts_receivable,accounts_receivable,accounts receivable,Ironclad Manufacturing,2021,M_USD,23302.0,37_inventories,inventories,inventories,Ironclad Manufacturing,2021,M_USD,9087.0,37_short_term_investments,short_term_investments,short term investments,Ironclad Manufacturing,2021,M_USD,16327.0,37_cost_of_goods_sold,cost_of_goods_sold,cost of goods sold,Ironclad Manufacturing,2021,M_USD,110507.0,,,,,,,,,,,,,,,,,,,,,,,,,,,,
8,3,"Without changing the definition, find: could you give the sum of longterm liabilities for Meridian Systems Inc in 2025 and the minimum of capex for Meridian Systems Inc using values from 2020 through 2022 ?",could you give the sum of longterm liabilities for Meridian Systems Inc in 2025 and the minimum of capex for Meridian Systems Inc using values from 2020 through 2022 ?,negation,,"sum(longterm_liabilities, min(min(6_capex, 7_capex), 8_capex))","{""op"": ""sum"", ""left"": {""derived"": ""longterm_liabilities"", ""expanded"": {""op"": ""diff"", ""left"": {""leaf"": ""11_total_liabilities"", ""depth"": 0}, ""right"": {""leaf"": ""11_current_liabilities"", ""depth"": 0}, ""depth"": 1}, ""depth"": 1}, ""right"": {""op"": ""min"", ""left"": {""op"": ""min"", ""left"": {""leaf"": ""6_capex"", ""depth"": 0}, ""right"": {""leaf"": ""7_capex"", ""depth"": 0}, ""depth"": 1}, ""right"": {""leaf"": ""8_capex"", ""depth"": 0}, ""depth"": 2}, ""depth"": 3}","{""op"": ""sum"", ""left"": {""kind"": ""derived_concept"", ""name"": ""longterm_liabilities"", ""depth"": 0}, ""right"": {""kind"": ""time_agg"", ""op"": ""min"", ""depth"": 0}, ""depth"": 1, ""kind"": ""node""}",58074.0,3,1,3,700253588,73491310,542427445,0.586,1,2,5,11_total_liabilities,total_liabilities,total liabilities,Meridian Systems Inc,2025,M_USD,94613.0,11_current_liabilities,current_liabilities,current liabilities,Meridian Systems Inc,2025,M_USD,45565.0,6_capex,capex,capex,Meridian Systems Inc,2020,M_USD,10357.0,7_capex,capex,capex,Meridian Systems Inc,2021,M_USD,10099.0,8_capex,capex,capex,Meridian Systems Inc,2022,M_USD,9026.0,,,,,,,,,,,,,,,,,,,,,,,,,,,,
8,2,"Without changing the definition, find: You should give the operating income for Apex Dynamics Corp in 2020",You should give the operating income for Apex Dynamics Corp in 2020,negation,,operating_income,"{""derived"": ""operating_income"", ""expanded"": {""op"": ""diff"", ""left"": {""derived"": ""gross_profit"", ""expanded"": {""op"": ""diff"", ""left"": {""leaf"": ""0_revenue"", ""depth"": 0}, ""right"": {""leaf"": ""0_cost_of_goods_sold"", ""depth"": 0}, ""depth"": 1}, ""depth"": 1}, ""right"": {""leaf"": ""0_operating_expenses"", ""depth"": 0}, ""depth"": 2}, ""depth"": 2}","{""kind"": ""derived_concept"", ""name"": ""operating_income"", ""depth"": 0}",34696.0,3,0,2,414632095,456182572,542427445,0.537,0,1,3,0_revenue,revenue,revenue,Apex Dynamics Corp,2020,M_USD,67781.0,0_cost_of_goods_sold,cost_of_goods_sold,cost of goods sold,Apex Dynamics Corp,2020,M_USD,27804.0,0_operating_expenses,operating_expenses,operating expenses,Apex Dynamics Corp,2020,M_USD,5281.0,,,,,,,,,,,,,,,,,,,,,,,,,,,,,,,,,,,,,,,,,,
8,3,"Without changing the definition, find: What do we obtain as the result of difference between gross profit and inventories scaled by ratio of cash to inventories for Crimson Pharmaceuticals in 2020",What do we obtain as the result of difference between gross profit and inventories scaled by ratio of cash to inventories for Crimson Pharmaceuticals in 2020,negation,,"mul(diff(gross_profit, 84_inventories), ratio(84_cash, 84_inventories))","{""op"": ""mul"", ""left"": {""op"": ""diff"", ""left"": {""derived"": ""gross_profit"", ""expanded"": {""op"": ""diff"", ""left"": {""leaf"": ""84_revenue"", ""depth"": 0}, ""right"": {""leaf"": ""84_cost_of_goods_sold"", ""depth"": 0}, ""depth"": 1}, ""depth"": 1}, ""right"": {""leaf"": ""84_inventories"", ""depth"": 0}, ""depth"": 2}, ""right"": {""op"": ""ratio"", ""left"": {""leaf"": ""84_cash"", ""depth"": 0}, ""right"": {""leaf"": ""84_inventories"", ""depth"": 0}, ""depth"": 1}, ""depth"": 3}","{""op"": ""mul"", ""left"": {""op"": ""diff"", ""left"": {""kind"": ""derived_concept"", ""name"": ""gross_profit"", ""depth"": 0}, ""right"": {""kind"": ""leaf"", ""semantic_type_in"": [""amount""], ""depth"": 0}, ""depth"": 1, ""kind"": ""node""}, ""right"": {""op"": ""ratio"", ""left"": {""kind"": ""leaf"", ""semantic_type_in"": [""amount""], ""depth"": 0}, ""right"": {""kind"": ""leaf"", ""semantic_type_in"": [""amount""], ""depth"": 0}, ""depth"": 1, ""kind"": ""node""}, ""depth"": 2, ""kind"": ""node""}",786918.4112927082,4,2,3,422490518,332672128,542427445,0.172,3,4,5,84_revenue,revenue,revenue,Crimson Pharmaceuticals,2020,M_USD,463236.0,84_cost_of_goods_sold,cost_of_goods_sold,cost of goods sold,Crimson Pharmaceuticals,2020,M_USD,204759.0,84_inventories,inventories,inventories,Crimson Pharmaceuticals,2020,M_USD,27044.0,84_cash,cash,cash,Crimson Pharmaceuticals,2020,M_USD,91955.0,84_inventories,inventories,inventories,Crimson Pharmaceuticals,2020,M_USD,27044.0,,,,,,,,,,,,,,,,,,,,,,,,,,,,
10,2,"May you calculate the operating income for NovaStar Technologies in 2023 (compute the value as stated, without sign changes.)",May you calculate the operating income for NovaStar Technologies in 2023,negation,,operating_income,"{""derived"": ""operating_income"", ""expanded"": {""op"": ""diff"", ""left"": {""derived"": ""gross_profit"", ""expanded"": {""op"": ""diff"", ""left"": {""leaf"": ""21_revenue"", ""depth"": 0}, ""right"": {""leaf"": ""21_cost_of_goods_sold"", ""depth"": 0}, ""depth"": 1}, ""depth"": 1}, ""right"": {""leaf"": ""21_operating_expenses"", ""depth"": 0}, ""depth"": 2}, ""depth"": 2}","{""kind"": ""derived_concept"", ""name"": ""operating_income"", ""depth"": 0}",57344.0,3,0,2,90888448,713999045,542427445,0.136,0,1,3,21_revenue,revenue,revenue,NovaStar Technologies,2023,M_USD,158696.0,21_cost_of_goods_sold,cost_of_goods_sold,cost of goods sold,NovaStar Technologies,2023,M_USD,75117.0,21_operating_expenses,operating_expenses,operating expenses,NovaStar Technologies,2023,M_USD,26235.0,,,,,,,,,,,,,,,,,,,,,,,,,,,,,,,,,,,,,,,,,,
10,4,calculate the longterm assets for SilverLine Retail Inc in 2024 — answer using the figures exactly as given.,calculate the longterm assets for SilverLine Retail Inc in 2024,negation,,longterm_assets,"{""derived"": ""longterm_assets"", ""expanded"": {""op"": ""diff"", ""left"": {""leaf"": ""46_total_assets"", ""depth"": 0}, ""right"": {""derived"": ""current_assets"", ""expanded"": {""op"": ""sum"", ""left"": {""op"": ""sum"", ""left"": {""op"": ""sum"", ""left"": {""leaf"": ""46_cash"", ""depth"": 0}, ""right"": {""leaf"": ""46_accounts_receivable"", ""depth"": 0}, ""depth"": 1}, ""right"": {""leaf"": ""46_inventories"", ""depth"": 0}, ""depth"": 2}, ""right"": {""leaf"": ""46_short_term_investments"", ""depth"": 0}, ""depth"": 3}, ""depth"": 3}, ""depth"": 4}, ""depth"": 4}","{""kind"": ""derived_concept"", ""name"": ""longterm_assets"", ""depth"": 0}",365161.0,3,0,4,429656594,472313316,542427445,0.516,0,1,5,46_total_assets,total_assets,total assets,SilverLine Retail Inc,2024,M_USD,637517.0,46_cash,cash,cash,SilverLine Retail Inc,2024,M_USD,60999.0,46_accounts_receivable,accounts_receivable,accounts receivable,SilverLine Retail Inc,2024,M_USD,80829.0,46_inventories,inventories,inventories,SilverLine Retail Inc,2024,M_USD,80451.0,46_short_term_investments,short_term_investments,short term investments,SilverLine Retail Inc,2024,M_USD,50077.0,,,,,,,,,,,,,,,,,,,,,,,,,,,,
10,1,"Without changing the definition, find: Calculate the longterm liabilities for SilverLine Retail Inc in 2020",Calculate the longterm liabilities for SilverLine Retail Inc in 2020,negation,,longterm_liabilities,"{""derived"": ""longterm_liabilities"", ""expanded"": {""op"": ""diff"", ""left"": {""leaf"": ""42_total_liabilities"", ""depth"": 0}, ""right"": {""leaf"": ""42_current_liabilities"", ""depth"": 0}, ""depth"": 1}, ""depth"": 1}","{""kind"": ""derived_concept"", ""name"": ""longterm_liabilities"", ""depth"": 0}",273650.0,2,0,1,259897827,885756109,542427445,0.349,0,1,2,42_total_liabilities,total_liabilities,total liabilities,SilverLine Retail Inc,2020,M_USD,376312.0,42_current_liabilities,current_liabilities,current liabilities,SilverLine Retail Inc,2020,M_USD,102662.0,,,,,,,,,,,,,,,,,,,,,,,,,,,,,,,,,,,,,,,,,,,,,,,,,
10,3,Do not apply any adjustment; simply compute: You should calculate the pretax income for Titan Consumer Brands in 2020,You should calculate the pretax income for Titan Consumer Brands in 2020,negation,,pretax_income,"{""derived"": ""pretax_income"", ""expanded"": {""op"": ""diff"", ""left"": {""derived"": ""operating_income"", ""expanded"": {""op"": ""diff"", ""left"": {""derived"": ""gross_profit"", ""expanded"": {""op"": ""diff"", ""left"": {""leaf"": ""60_revenue"", ""depth"": 0}, ""right"": {""leaf"": ""60_cost_of_goods_sold"", ""depth"": 0}, ""depth"": 1}, ""depth"": 1}, ""right"": {""leaf"": ""60_operating_expenses"", ""depth"": 0}, ""depth"": 2}, ""depth"": 2}, ""right"": {""leaf"": ""60_non_operating_expenses"", ""depth"": 0}, ""depth"": 3}, ""depth"": 3}","{""kind"": ""derived_concept"", ""name"": ""pretax_income"", ""depth"": 0}",220619.0,4,0,3,994110460,182219126,542427445,0.431,0,1,4,60_revenue,revenue,revenue,Titan Consumer Brands,2020,M_USD,428824.0,60_cost_of_goods_sold,cost_of_goods_sold,cost of goods sold,Titan Consumer Brands,2020,M_USD,131692.0,60_operating_expenses,operating_expenses,operating expenses,Titan Consumer Brands,2020,M_USD,44200.0,60_non_operating_expenses,non_operating_expenses,non operating expenses,Titan Consumer Brands,2020,M_USD,32313.0,,,,,,,,,,,,,,,,,,,,,,,,,,,,,,,,,,,
13,1,Do not apply any adjustment; simply compute: give the gross profit for Pacific Crest Energy in 2024,give the gross profit for Pacific Crest Energy in 2024,negation,,gross_profit,"{""derived"": ""gross_profit"", ""expanded"": {""op"": ""diff"", ""left"": {""leaf"": ""52_revenue"", ""depth"": 0}, ""right"": {""leaf"": ""52_cost_of_goods_sold"", ""depth"": 0}, ""depth"": 1}, ""depth"": 1}","{""kind"": ""derived_concept"", ""name"": ""gross_profit"", ""depth"": 0}",102564.0,2,0,1,907404927,149096405,542427445,0.535,0,1,2,52_revenue,revenue,revenue,Pacific Crest Energy,2024,M_USD,190474.0,52_cost_of_goods_sold,cost_of_goods_sold,cost of goods sold,Pacific Crest Energy,2024,M_USD,87910.0,,,,,,,,,,,,,,,,,,,,,,,,,,,,,,,,,,,,,,,,,,,,,,,,,
13,4,Do not apply any adjustment; simply compute: Evaluate the difference between ratio of sum of sum of non operating expenses for SilverLine Retail Inc in 2021 and non operating expenses for SilverLine Retail Inc in 2022 and non operating expenses for SilverLine Retail Inc in 2023 to 3.0 and gross profit for SilverLine Retail Inc in 2023 .,Evaluate the difference between ratio of sum of sum of non operating expenses for SilverLine Retail Inc in 2021 and non operating expenses for SilverLine Retail Inc in 2022 and non operating expenses for SilverLine Retail Inc in 2023 to 3.0 and gross profit for SilverLine Retail Inc in 2023 .,negation,,"diff(ratio(sum(sum(43_non_operating_expenses, 44_non_operating_expenses), 45_non_operating_expenses), 3.0), gross_profit)","{""op"": ""diff"", ""left"": {""op"": ""ratio"", ""left"": {""op"": ""sum"", ""left"": {""op"": ""sum"", ""left"": {""leaf"": ""43_non_operating_expenses"", ""depth"": 0}, ""right"": {""leaf"": ""44_non_operating_expenses"", ""depth"": 0}, ""depth"": 1}, ""right"": {""leaf"": ""45_non_operating_expenses"", ""depth"": 0}, ""depth"": 2}, ""right"": {""literal"": 3.0, ""depth"": 0}, ""depth"": 3}, ""right"": {""derived"": ""gross_profit"", ""expanded"": {""op"": ""diff"", ""left"": {""leaf"": ""45_revenue"", ""depth"": 0}, ""right"": {""leaf"": ""45_cost_of_goods_sold"", ""depth"": 0}, ""depth"": 1}, ""depth"": 1}, ""depth"": 4}","{""op"": ""diff"", ""left"": {""kind"": ""time_agg"", ""op"": ""avg"", ""depth"": 0}, ""right"": {""kind"": ""derived_concept"", ""name"": ""gross_profit"", ""depth"": 0}, ""depth"": 1, ""kind"": ""node""}",-280180.0,3,1,4,40391393,870857095,542427445,0.35,1,2,5,43_non_operating_expenses,non_operating_expenses,non operating expenses,SilverLine Retail Inc,2021,M_USD,131277.0,44_non_operating_expenses,non_operating_expenses,non operating expenses,SilverLine Retail Inc,2022,M_USD,63362.0,45_non_operating_expenses,non_operating_expenses,non operating expenses,SilverLine Retail Inc,2023,M_USD,177724.0,45_revenue,revenue,revenue,SilverLine Retail Inc,2023,M_USD,821168.0,45_cost_of_goods_sold,cost_of_goods_sold,cost of goods sold,SilverLine Retail Inc,2023,M_USD,416867.0,,,,,,,,,,,,,,,,,,,,,,,,,,,,
15,3,"you should give the current assets for Helix BioSciences in 2023 . (compute the value as stated, without sign changes.)",you should give the current assets for Helix BioSciences in 2023 .,negation,,current_assets,"{""derived"": ""current_assets"", ""expanded"": {""op"": ""sum"", ""left"": {""op"": ""sum"", ""left"": {""op"": ""sum"", ""left"": {""leaf"": ""75_cash"", ""depth"": 0}, ""right"": {""leaf"": ""75_accounts_receivable"", ""depth"": 0}, ""depth"": 1}, ""right"": {""leaf"": ""75_inventories"", ""depth"": 0}, ""depth"": 2}, ""right"": {""leaf"": ""75_short_term_investments"", ""depth"": 0}, ""depth"": 3}, ""depth"": 3}","{""kind"": ""derived_concept"", ""name"": ""current_assets"", ""depth"": 0}",105646.0,2,0,3,279425068,328955312,542427445,0.373,0,1,4,75_cash,cash,cash,Helix BioSciences,2023,M_USD,41405.0,75_accounts_receivable,accounts_receivable,accounts receivable,Helix BioSciences,2023,M_USD,28326.0,75_inventories,inventories,inventories,Helix BioSciences,2023,M_USD,19597.0,75_short_term_investments,short_term_investments,short term investments,Helix BioSciences,2023,M_USD,16318.0,,,,,,,,,,,,,,,,,,,,,,,,,,,,,,,,,,,
15,2,provide the operating income for Pacific Crest Energy in 2025 . — answer using the figures exactly as given.,provide the operating income for Pacific Crest Energy in 2025 .,negation,,operating_income,"{""derived"": ""operating_income"", ""expanded"": {""op"": ""diff"", ""left"": {""derived"": ""gross_profit"", ""expanded"": {""op"": ""diff"", ""left"": {""leaf"": ""53_revenue"", ""depth"": 0}, ""right"": {""leaf"": ""53_cost_of_goods_sold"", ""depth"": 0}, ""depth"": 1}, ""depth"": 1}, ""right"": {""leaf"": ""53_operating_expenses"", ""depth"": 0}, ""depth"": 2}, ""depth"": 2}","{""kind"": ""derived_concept"", ""name"": ""operating_income"", ""depth"": 0}",111929.0,3,0,2,535970340,86991602,542427445,0.337,0,1,3,53_revenue,revenue,revenue,Pacific Crest Energy,2025,M_USD,218005.0,53_cost_of_goods_sold,cost_of_goods_sold,cost of goods sold,Pacific Crest Energy,2025,M_USD,86886.0,53_operating_expenses,operating_expenses,operating expenses,Pacific Crest Energy,2025,M_USD,19190.0,,,,,,,,,,,,,,,,,,,,,,,,,,,,,,,,,,,,,,,,,,
15,1,which result follows from the gross profit for Helix BioSciences in 2022 — answer using the figures exactly as given.,which result follows from the gross profit for Helix BioSciences in 2022,negation,,gross_profit,"{""derived"": ""gross_profit"", ""expanded"": {""op"": ""diff"", ""left"": {""leaf"": ""74_revenue"", ""depth"": 0}, ""right"": {""leaf"": ""74_cost_of_goods_sold"", ""depth"": 0}, ""depth"": 1}, ""depth"": 1}","{""kind"": ""derived_concept"", ""name"": ""gross_profit"", ""depth"": 0}",93560.0,3,0,1,276606545,822120302,542427445,0.558,0,1,2,74_revenue,revenue,revenue,Helix BioSciences,2022,M_USD,228915.0,74_cost_of_goods_sold,cost_of_goods_sold,cost of goods sold,Helix BioSciences,2022,M_USD,135355.0,,,,,,,,,,,,,,,,,,,,,,,,,,,,,,,,,,,,,,,,,,,,,,,,,
15,1,what would be the gross profit for Cobalt Semiconductor in 2020 — answer using the figures exactly as given.,what would be the gross profit for Cobalt Semiconductor in 2020,negation,,gross_profit,"{""derived"": ""gross_profit"", ""expanded"": {""op"": ""diff"", ""left"": {""leaf"": ""66_revenue"", ""depth"": 0}, ""right"": {""leaf"": ""66_cost_of_goods_sold"", ""depth"": 0}, ""depth"": 1}, ""depth"": 1}","{""kind"": ""derived_concept"", ""name"": ""gross_profit"", ""depth"": 0}",28593.0,4,0,1,23095034,342846170,542427445,0.359,0,1,2,66_revenue,revenue,revenue,Cobalt Semiconductor,2020,M_USD,53876.0,66_cost_of_goods_sold,cost_of_goods_sold,cost of goods sold,Cobalt Semiconductor,2020,M_USD,25283.0,,,,,,,,,,,,,,,,,,,,,,,,,,,,,,,,,,,,,,,,,,,,,,,,,
17,1,"Without changing the definition, find: which result follows from the longterm liabilities for Ironclad Manufacturing in 2024 ?",which result follows from the longterm liabilities for Ironclad Manufacturing in 2024 ?,negation,,longterm_liabilities,"{""derived"": ""longterm_liabilities"", ""expanded"": {""op"": ""diff"", ""left"": {""leaf"": ""40_total_liabilities"", ""depth"": 0}, ""right"": {""leaf"": ""40_current_liabilities"", ""depth"": 0}, ""depth"": 1}, ""depth"": 1}","{""kind"": ""derived_concept"", ""name"": ""longterm_liabilities"", ""depth"": 0}",222763.0,3,0,1,120886946,334933911,542427445,0.374,0,1,2,40_total_liabilities,total_liabilities,total liabilities,Ironclad Manufacturing,2024,M_USD,325872.0,40_current_liabilities,current_liabilities,current liabilities,Ironclad Manufacturing,2024,M_USD,103109.0,,,,,,,,,,,,,,,,,,,,,,,,,,,,,,,,,,,,,,,,,,,,,,,,,
18,3,Do not apply any adjustment; simply compute: whats the value of the current assets for ClearPath Logistics in 2020 ?,whats the value of the current assets for ClearPath Logistics in 2020 ?,negation,,current_assets,"{""derived"": ""current_assets"", ""expanded"": {""op"": ""sum"", ""left"": {""op"": ""sum"", ""left"": {""op"": ""sum"", ""left"": {""leaf"": ""78_cash"", ""depth"": 0}, ""right"": {""leaf"": ""78_accounts_receivable"", ""depth"": 0}, ""depth"": 1}, ""right"": {""leaf"": ""78_inventories"", ""depth"": 0}, ""depth"": 2}, ""right"": {""leaf"": ""78_short_term_investments"", ""depth"": 0}, ""depth"": 3}, ""depth"": 3}","{""kind"": ""derived_concept"", ""name"": ""current_assets"", ""depth"": 0}",134161.0,2,0,3,935846723,229640402,542427445,0.557,0,1,4,78_cash,cash,cash,ClearPath Logistics,2020,M_USD,24389.0,78_accounts_receivable,accounts_receivable,accounts receivable,ClearPath Logistics,2020,M_USD,33576.0,78_inventories,inventories,inventories,ClearPath Logistics,2020,M_USD,22786.0,78_short_term_investments,short_term_investments,short term investments,ClearPath Logistics,2020,M_USD,53410.0,,,,,,,,,,,,,,,,,,,,,,,,,,,,,,,,,,,
18,1,What does the following give: gross profit for Crimson Pharmaceuticals in 2021 ? — answer using the figures exactly as given.,What does the following give: gross profit for Crimson Pharmaceuticals in 2021 ?,negation,,gross_profit,"{""derived"": ""gross_profit"", ""expanded"": {""op"": ""diff"", ""left"": {""leaf"": ""85_revenue"", ""depth"": 0}, ""right"": {""leaf"": ""85_cost_of_goods_sold"", ""depth"": 0}, ""depth"": 1}, ""depth"": 1}","{""kind"": ""derived_concept"", ""name"": ""gross_profit"", ""depth"": 0}",301219.0,2,0,1,960077835,887129530,542427445,0.364,0,1,2,85_revenue,revenue,revenue,Crimson Pharmaceuticals,2021,M_USD,550238.0,85_cost_of_goods_sold,cost_of_goods_sold,cost of goods sold,Crimson Pharmaceuticals,2021,M_USD,249019.0,,,,,,,,,,,,,,,,,,,,,,,,,,,,,,,,,,,,,,,,,,,,,,,,,
19,1,It is not the case that you should ignore the following — determine: What's the value of the gross profit for Atlas Global Industries in 2025 ?,What's the value of the gross profit for Atlas Global Industries in 2025 ?,negation,,gross_profit,"{""derived"": ""gross_profit"", ""expanded"": {""op"": ""diff"", ""left"": {""leaf"": ""29_revenue"", ""depth"": 0}, ""right"": {""leaf"": ""29_cost_of_goods_sold"", ""depth"": 0}, ""depth"": 1}, ""depth"": 1}","{""kind"": ""derived_concept"", ""name"": ""gross_profit"", ""depth"": 0}",28716.0,2,0,1,10334837,494480935,542427445,0.583,0,1,2,29_revenue,revenue,revenue,Atlas Global Industries,2025,M_USD,98381.0,29_cost_of_goods_sold,cost_of_goods_sold,cost of goods sold,Atlas Global Industries,2025,M_USD,69665.0,,,,,,,,,,,,,,,,,,,,,,,,,,,,,,,,,,,,,,,,,,,,,,,,,
22,2,It is not the case that you should ignore the following — determine: what do we obtain as the operating income for Cobalt Semiconductor in 2023?,what do we obtain as the operating income for Cobalt Semiconductor in 2023?,negation,,operating_income,"{""derived"": ""operating_income"", ""expanded"": {""op"": ""diff"", ""left"": {""derived"": ""gross_profit"", ""expanded"": {""op"": ""diff"", ""left"": {""leaf"": ""69_revenue"", ""depth"": 0}, ""right"": {""leaf"": ""69_cost_of_goods_sold"", ""depth"": 0}, ""depth"": 1}, ""depth"": 1}, ""right"": {""leaf"": ""69_operating_expenses"", ""depth"": 0}, ""depth"": 2}, ""depth"": 2}","{""kind"": ""derived_concept"", ""name"": ""operating_income"", ""depth"": 0}",15374.0,3,0,2,564666353,188096929,542427445,0.36,0,1,3,69_revenue,revenue,revenue,Cobalt Semiconductor,2023,M_USD,56007.0,69_cost_of_goods_sold,cost_of_goods_sold,cost of goods sold,Cobalt Semiconductor,2023,M_USD,27010.0,69_operating_expenses,operating_expenses,operating expenses,Cobalt Semiconductor,2023,M_USD,13623.0,,,,,,,,,,,,,,,,,,,,,,,,,,,,,,,,,,,,,,,,,,
22,3,It is not the case that you should ignore the following — determine: whats the value of the pretax income for ClearPath Logistics in 2021,whats the value of the pretax income for ClearPath Logistics in 2021,negation,,pretax_income,"{""derived"": ""pretax_income"", ""expanded"": {""op"": ""diff"", ""left"": {""derived"": ""operating_income"", ""expanded"": {""op"": ""diff"", ""left"": {""derived"": ""gross_profit"", ""expanded"": {""op"": ""diff"", ""left"": {""leaf"": ""79_revenue"", ""depth"": 0}, ""right"": {""leaf"": ""79_cost_of_goods_sold"", ""depth"": 0}, ""depth"": 1}, ""depth"": 1}, ""right"": {""leaf"": ""79_operating_expenses"", ""depth"": 0}, ""depth"": 2}, ""depth"": 2}, ""right"": {""leaf"": ""79_non_operating_expenses"", ""depth"": 0}, ""depth"": 3}, ""depth"": 3}","{""kind"": ""derived_concept"", ""name"": ""pretax_income"", ""depth"": 0}",38935.0,4,0,3,204250226,142789025,542427445,0.329,0,1,4,79_revenue,revenue,revenue,ClearPath Logistics,2021,M_USD,514684.0,79_cost_of_goods_sold,cost_of_goods_sold,cost of goods sold,ClearPath Logistics,2021,M_USD,364081.0,79_operating_expenses,operating_expenses,operating expenses,ClearPath Logistics,2021,M_USD,40902.0,79_non_operating_expenses,non_operating_expenses,non operating expenses,ClearPath Logistics,2021,M_USD,70766.0,,,,,,,,,,,,,,,,,,,,,,,,,,,,,,,,,,,
24,1,Compute the longterm liabilities for Quantum Bridge Holdings in 2025. — answer using the figures exactly as given.,Compute the longterm liabilities for Quantum Bridge Holdings in 2025.,negation,,longterm_liabilities,"{""derived"": ""longterm_liabilities"", ""expanded"": {""op"": ""diff"", ""left"": {""leaf"": ""17_total_liabilities"", ""depth"": 0}, ""right"": {""leaf"": ""17_current_liabilities"", ""depth"": 0}, ""depth"": 1}, ""depth"": 1}","{""kind"": ""derived_concept"", ""name"": ""longterm_liabilities"", ""depth"": 0}",28735.0,4,0,1,850550054,787935412,542427445,0.104,0,1,2,17_total_liabilities,total_liabilities,total liabilities,Quantum Bridge Holdings,2025,M_USD,44720.0,17_current_liabilities,current_liabilities,current liabilities,Quantum Bridge Holdings,2025,M_USD,15985.0,,,,,,,,,,,,,,,,,,,,,,,,,,,,,,,,,,,,,,,,,,,,,,,,,
24,1,What is the value of the gross profit for Atlas Global Industries in 2021 ? — answer using the figures exactly as given.,What is the value of the gross profit for Atlas Global Industries in 2021 ?,negation,,gross_profit,"{""derived"": ""gross_profit"", ""expanded"": {""op"": ""diff"", ""left"": {""leaf"": ""25_revenue"", ""depth"": 0}, ""right"": {""leaf"": ""25_cost_of_goods_sold"", ""depth"": 0}, ""depth"": 1}, ""depth"": 1}","{""kind"": ""derived_concept"", ""name"": ""gross_profit"", ""depth"": 0}",32211.0,3,0,1,156935195,513922543,542427445,0.296,0,1,2,25_revenue,revenue,revenue,Atlas Global Industries,2021,M_USD,83268.0,25_cost_of_goods_sold,cost_of_goods_sold,cost of goods sold,Atlas Global Industries,2021,M_USD,51057.0,,,,,,,,,,,,,,,,,,,,,,,,,,,,,,,,,,,,,,,,,,,,,,,,,
25,4,It is not the case that you should ignore the following — determine: Evaluate the longterm assets for SilverLine Retail Inc in 2021.,Evaluate the longterm assets for SilverLine Retail Inc in 2021.,negation,,longterm_assets,"{""derived"": ""longterm_assets"", ""expanded"": {""op"": ""diff"", ""left"": {""leaf"": ""43_total_assets"", ""depth"": 0}, ""right"": {""derived"": ""current_assets"", ""expanded"": {""op"": ""sum"", ""left"": {""op"": ""sum"", ""left"": {""op"": ""sum"", ""left"": {""leaf"": ""43_cash"", ""depth"": 0}, ""right"": {""leaf"": ""43_accounts_receivable"", ""depth"": 0}, ""depth"": 1}, ""right"": {""leaf"": ""43_inventories"", ""depth"": 0}, ""depth"": 2}, ""right"": {""leaf"": ""43_short_term_investments"", ""depth"": 0}, ""depth"": 3}, ""depth"": 3}, ""depth"": 4}, ""depth"": 4}","{""kind"": ""derived_concept"", ""name"": ""longterm_assets"", ""depth"": 0}",492228.0,4,0,4,304570716,139625690,542427445,0.466,0,1,5,43_total_assets,total_assets,total assets,SilverLine Retail Inc,2021,M_USD,729677.0,43_cash,cash,cash,SilverLine Retail Inc,2021,M_USD,73785.0,43_accounts_receivable,accounts_receivable,accounts receivable,SilverLine Retail Inc,2021,M_USD,84561.0,43_inventories,inventories,inventories,SilverLine Retail Inc,2021,M_USD,19238.0,43_short_term_investments,short_term_investments,short term investments,SilverLine Retail Inc,2021,M_USD,59865.0,,,,,,,,,,,,,,,,,,,,,,,,,,,,
28,1,"Without changing the definition, find: Compute the longterm liabilities for Quantum Bridge Holdings in 2020",Compute the longterm liabilities for Quantum Bridge Holdings in 2020,negation,,longterm_liabilities,"{""derived"": ""longterm_liabilities"", ""expanded"": {""op"": ""diff"", ""left"": {""leaf"": ""12_total_liabilities"", ""depth"": 0}, ""right"": {""leaf"": ""12_current_liabilities"", ""depth"": 0}, ""depth"": 1}, ""depth"": 1}","{""kind"": ""derived_concept"", ""name"": ""longterm_liabilities"", ""depth"": 0}",33860.0,2,0,1,177146747,342740776,542427445,0.435,0,1,2,12_total_liabilities,total_liabilities,total liabilities,Quantum Bridge Holdings,2020,M_USD,48679.0,12_current_liabilities,current_liabilities,current liabilities,Quantum Bridge Holdings,2020,M_USD,14819.0,,,,,,,,,,,,,,,,,,,,,,,,,,,,,,,,,,,,,,,,,,,,,,,,,
30,1,"may you calculate the longterm liabilities for NovaStar Technologies in 2025 ? (compute the value as stated, without sign changes.)",may you calculate the longterm liabilities for NovaStar Technologies in 2025 ?,negation,,longterm_liabilities,"{""derived"": ""longterm_liabilities"", ""expanded"": {""op"": ""diff"", ""left"": {""leaf"": ""23_total_liabilities"", ""depth"": 0}, ""right"": {""leaf"": ""23_current_liabilities"", ""depth"": 0}, ""depth"": 1}, ""depth"": 1}","{""kind"": ""derived_concept"", ""name"": ""longterm_liabilities"", ""depth"": 0}",96177.0,3,0,1,878845615,12526972,542427445,0.484,0,1,2,23_total_liabilities,total_liabilities,total liabilities,NovaStar Technologies,2025,M_USD,162525.0,23_current_liabilities,current_liabilities,current liabilities,NovaStar Technologies,2025,M_USD,66348.0,,,,,,,,,,,,,,,,,,,,,,,,,,,,,,,,,,,,,,,,,,,,,,,,,
30,1,"what is the value of the gross profit for Atlas Global Industries in 2025 ? (compute the value as stated, without sign changes.)",what is the value of the gross profit for Atlas Global Industries in 2025 ?,negation,,gross_profit,"{""derived"": ""gross_profit"", ""expanded"": {""op"": ""diff"", ""left"": {""leaf"": ""29_revenue"", ""depth"": 0}, ""right"": {""leaf"": ""29_cost_of_goods_sold"", ""depth"": 0}, ""depth"": 1}, ""depth"": 1}","{""kind"": ""derived_concept"", ""name"": ""gross_profit"", ""depth"": 0}",28716.0,2,0,1,585474361,491886502,542427445,0.278,0,1,2,29_revenue,revenue,revenue,Atlas Global Industries,2025,M_USD,98381.0,29_cost_of_goods_sold,cost_of_goods_sold,cost of goods sold,Atlas Global Industries,2025,M_USD,69665.0,,,,,,,,,,,,,,,,,,,,,,,,,,,,,,,,,,,,,,,,,,,,,,,,,
31,1,"What is the longterm liabilities for Apex Dynamics Corp in 2022 (compute the value as stated, without sign changes.)",What is the longterm liabilities for Apex Dynamics Corp in 2022,negation,,longterm_liabilities,"{""derived"": ""longterm_liabilities"", ""expanded"": {""op"": ""diff"", ""left"": {""leaf"": ""2_total_liabilities"", ""depth"": 0}, ""right"": {""leaf"": ""2_current_liabilities"", ""depth"": 0}, ""depth"": 1}, ""depth"": 1}","{""kind"": ""derived_concept"", ""name"": ""longterm_liabilities"", ""depth"": 0}",91225.0,2,0,1,85836324,856384953,542427445,0.417,0,1,2,2_total_liabilities,total_liabilities,total liabilities,Apex Dynamics Corp,2022,M_USD,139281.0,2_current_liabilities,current_liabilities,current liabilities,Apex Dynamics Corp,2022,M_USD,48056.0,,,,,,,,,,,,,,,,,,,,,,,,,,,,,,,,,,,,,,,,,,,,,,,,,
31,1,Do not apply any adjustment; simply compute: Calculate the longterm liabilities for SilverLine Retail Inc in 2024.,Calculate the longterm liabilities for SilverLine Retail Inc in 2024.,negation,,longterm_liabilities,"{""derived"": ""longterm_liabilities"", ""expanded"": {""op"": ""diff"", ""left"": {""leaf"": ""46_total_liabilities"", ""depth"": 0}, ""right"": {""leaf"": ""46_current_liabilities"", ""depth"": 0}, ""depth"": 1}, ""depth"": 1}","{""kind"": ""derived_concept"", ""name"": ""longterm_liabilities"", ""depth"": 0}",234237.0,2,0,1,104923682,586387897,542427445,0.32,0,1,2,46_total_liabilities,total_liabilities,total liabilities,SilverLine Retail Inc,2024,M_USD,328592.0,46_current_liabilities,current_liabilities,current liabilities,SilverLine Retail Inc,2024,M_USD,94355.0,,,,,,,,,,,,,,,,,,,,,,,,,,,,,,,,,,,,,,,,,,,,,,,,,
36,3,Do not apply any adjustment; simply compute: What does the following give: pretax income for Crimson Pharmaceuticals in 2021?,What does the following give: pretax income for Crimson Pharmaceuticals in 2021?,negation,,pretax_income,"{""derived"": ""pretax_income"", ""expanded"": {""op"": ""diff"", ""left"": {""derived"": ""operating_income"", ""expanded"": {""op"": ""diff"", ""left"": {""derived"": ""gross_profit"", ""expanded"": {""op"": ""diff"", ""left"": {""leaf"": ""85_revenue"", ""depth"": 0}, ""right"": {""leaf"": ""85_cost_of_goods_sold"", ""depth"": 0}, ""depth"": 1}, ""depth"": 1}, ""right"": {""leaf"": ""85_operating_expenses"", ""depth"": 0}, ""depth"": 2}, ""depth"": 2}, ""right"": {""leaf"": ""85_non_operating_expenses"", ""depth"": 0}, ""depth"": 3}, ""depth"": 3}","{""kind"": ""derived_concept"", ""name"": ""pretax_income"", ""depth"": 0}",149476.0,4,0,3,735349835,344406310,542427445,0.396,0,1,4,85_revenue,revenue,revenue,Crimson Pharmaceuticals,2021,M_USD,550238.0,85_cost_of_goods_sold,cost_of_goods_sold,cost of goods sold,Crimson Pharmaceuticals,2021,M_USD,249019.0,85_operating_expenses,operating_expenses,operating expenses,Crimson Pharmaceuticals,2021,M_USD,48071.0,85_non_operating_expenses,non_operating_expenses,non operating expenses,Crimson Pharmaceuticals,2021,M_USD,103672.0,,,,,,,,,,,,,,,,,,,,,,,,,,,,,,,,,,,
38,4,"which quantity is given by the result of the maximum of cash for Ironclad Manufacturing using values from 2020 through 2022 scaled by ratio of ratio of sum of dividends paid for Ironclad Manufacturing in 2023 and dividends paid for Ironclad Manufacturing in 2024 to 2.0 to longterm liabilities for Ironclad Manufacturing in 2023 (compute the value as stated, without sign changes.)",which quantity is given by the result of the maximum of cash for Ironclad Manufacturing using values from 2020 through 2022 scaled by ratio of ratio of sum of dividends paid for Ironclad Manufacturing in 2023 and dividends paid for Ironclad Manufacturing in 2024 to 2.0 to longterm liabilities for Ironclad Manufacturing in 2023,negation,,"mul(max(max(36_cash, 37_cash), 38_cash), ratio(ratio(sum(39_dividends_paid, 40_dividends_paid), 2.0), longterm_liabilities))","{""op"": ""mul"", ""left"": {""op"": ""max"", ""left"": {""op"": ""max"", ""left"": {""leaf"": ""36_cash"", ""depth"": 0}, ""right"": {""leaf"": ""37_cash"", ""depth"": 0}, ""depth"": 1}, ""right"": {""leaf"": ""38_cash"", ""depth"": 0}, ""depth"": 2}, ""right"": {""op"": ""ratio"", ""left"": {""op"": ""ratio"", ""left"": {""op"": ""sum"", ""left"": {""leaf"": ""39_dividends_paid"", ""depth"": 0}, ""right"": {""leaf"": ""40_dividends_paid"", ""depth"": 0}, ""depth"": 1}, ""right"": {""literal"": 2.0, ""depth"": 0}, ""depth"": 2}, ""right"": {""derived"": ""longterm_liabilities"", ""expanded"": {""op"": ""diff"", ""left"": {""leaf"": ""39_total_liabilities"", ""depth"": 0}, ""right"": {""leaf"": ""39_current_liabilities"", ""depth"": 0}, ""depth"": 1}, ""depth"": 1}, ""depth"": 3}, ""depth"": 4}","{""op"": ""mul"", ""left"": {""kind"": ""time_agg"", ""op"": ""max"", ""depth"": 0}, ""right"": {""op"": ""ratio"", ""left"": {""kind"": ""time_agg"", ""op"": ""avg"", ""depth"": 0}, ""right"": {""kind"": ""derived_concept"", ""name"": ""longterm_liabilities"", ""depth"": 0}, ""depth"": 1, ""kind"": ""node""}, ""depth"": 2, ""kind"": ""node""}",21926.035728174218,4,2,4,795072819,199660735,542427445,0.487,2,3,7,36_cash,cash,cash,Ironclad Manufacturing,2020,M_USD,49146.0,37_cash,cash,cash,Ironclad Manufacturing,2021,M_USD,9253.0,38_cash,cash,cash,Ironclad Manufacturing,2022,M_USD,139886.0,39_dividends_paid,dividends_paid,dividends paid,Ironclad Manufacturing,2023,M_USD,29575.0,40_dividends_paid,dividends_paid,dividends paid,Ironclad Manufacturing,2024,M_USD,9119.0,39_total_liabilities,total_liabilities,total liabilities,Ironclad Manufacturing,2023,M_USD,190519.0,39_current_liabilities,current_liabilities,current liabilities,Ironclad Manufacturing,2023,M_USD,67087.0,,,,,,,,,,,,,,
39,1,"Without changing the definition, find: Which result follows from the longterm liabilities for Helix BioSciences in 2021",Which result follows from the longterm liabilities for Helix BioSciences in 2021,negation,,longterm_liabilities,"{""derived"": ""longterm_liabilities"", ""expanded"": {""op"": ""diff"", ""left"": {""leaf"": ""73_total_liabilities"", ""depth"": 0}, ""right"": {""leaf"": ""73_current_liabilities"", ""depth"": 0}, ""depth"": 1}, ""depth"": 1}","{""kind"": ""derived_concept"", ""name"": ""longterm_liabilities"", ""depth"": 0}",68263.0,2,0,1,161440917,724236454,542427445,0.394,0,1,2,73_total_liabilities,total_liabilities,total liabilities,Helix BioSciences,2021,M_USD,96102.0,73_current_liabilities,current_liabilities,current liabilities,Helix BioSciences,2021,M_USD,27839.0,,,,,,,,,,,,,,,,,,,,,,,,,,,,,,,,,,,,,,,,,,,,,,,,,
39,2,Do not apply any adjustment; simply compute: Determine the operating income for Quantum Bridge Holdings in 2023.,Determine the operating income for Quantum Bridge Holdings in 2023.,negation,,operating_income,"{""derived"": ""operating_income"", ""expanded"": {""op"": ""diff"", ""left"": {""derived"": ""gross_profit"", ""expanded"": {""op"": ""diff"", ""left"": {""leaf"": ""15_revenue"", ""depth"": 0}, ""right"": {""leaf"": ""15_cost_of_goods_sold"", ""depth"": 0}, ""depth"": 1}, ""depth"": 1}, ""right"": {""leaf"": ""15_operating_expenses"", ""depth"": 0}, ""depth"": 2}, ""depth"": 2}","{""kind"": ""derived_concept"", ""name"": ""operating_income"", ""depth"": 0}",49098.0,3,0,2,134945991,703682013,542427445,0.209,0,1,3,15_revenue,revenue,revenue,Quantum Bridge Holdings,2023,M_USD,86108.0,15_cost_of_goods_sold,cost_of_goods_sold,cost of goods sold,Quantum Bridge Holdings,2023,M_USD,28498.0,15_operating_expenses,operating_expenses,operating expenses,Quantum Bridge Holdings,2023,M_USD,8512.0,,,,,,,,,,,,,,,,,,,,,,,,,,,,,,,,,,,,,,,,,,
40,3,Do not apply any adjustment; simply compute: give the current assets for Orion Financial Group in 2021.,give the current assets for Orion Financial Group in 2021.,negation,,current_assets,"{""derived"": ""current_assets"", ""expanded"": {""op"": ""sum"", ""left"": {""op"": ""sum"", ""left"": {""op"": ""sum"", ""left"": {""leaf"": ""55_cash"", ""depth"": 0}, ""right"": {""leaf"": ""55_accounts_receivable"", ""depth"": 0}, ""depth"": 1}, ""right"": {""leaf"": ""55_inventories"", ""depth"": 0}, ""depth"": 2}, ""right"": {""leaf"": ""55_short_term_investments"", ""depth"": 0}, ""depth"": 3}, ""depth"": 3}","{""kind"": ""derived_concept"", ""name"": ""current_assets"", ""depth"": 0}",36261.0,3,0,3,440104726,940571780,542427445,0.593,0,1,4,55_cash,cash,cash,Orion Financial Group,2021,M_USD,11712.0,55_accounts_receivable,accounts_receivable,accounts receivable,Orion Financial Group,2021,M_USD,8445.0,55_inventories,inventories,inventories,Orion Financial Group,2021,M_USD,7867.0,55_short_term_investments,short_term_investments,short term investments,Orion Financial Group,2021,M_USD,8237.0,,,,,,,,,,,,,,,,,,,,,,,,,,,,,,,,,,,
40,3,"what is the difference between operating income and gross profit for Apex Dynamics Corp in 2025? (compute the value as stated, without sign changes.)",what is the difference between operating income and gross profit for Apex Dynamics Corp in 2025?,negation,,"diff(operating_income, gross_profit)","{""op"": ""diff"", ""left"": {""derived"": ""operating_income"", ""expanded"": {""op"": ""diff"", ""left"": {""derived"": ""gross_profit"", ""expanded"": {""op"": ""diff"", ""left"": {""leaf"": ""5_revenue"", ""depth"": 0}, ""right"": {""leaf"": ""5_cost_of_goods_sold"", ""depth"": 0}, ""depth"": 1}, ""depth"": 1}, ""right"": {""leaf"": ""5_operating_expenses"", ""depth"": 0}, ""depth"": 2}, ""depth"": 2}, ""right"": {""derived"": ""gross_profit"", ""expanded"": {""op"": ""diff"", ""left"": {""leaf"": ""5_revenue"", ""depth"": 0}, ""right"": {""leaf"": ""5_cost_of_goods_sold"", ""depth"": 0}, ""depth"": 1}, ""depth"": 1}, ""depth"": 3}","{""op"": ""diff"", ""left"": {""kind"": ""derived_concept"", ""name"": ""operating_income"", ""depth"": 0}, ""right"": {""kind"": ""derived_concept"", ""name"": ""gross_profit"", ""depth"": 0}, ""depth"": 1, ""kind"": ""node""}",-15969.0,4,1,3,391422920,697975195,542427445,0.383,1,2,5,5_revenue,revenue,revenue,Apex Dynamics Corp,2025,M_USD,79388.0,5_cost_of_goods_sold,cost_of_goods_sold,cost of goods sold,Apex Dynamics Corp,2025,M_USD,41447.0,5_operating_expenses,operating_expenses,operating expenses,Apex Dynamics Corp,2025,M_USD,15969.0,5_revenue,revenue,revenue,Apex Dynamics Corp,2025,M_USD,79388.0,5_cost_of_goods_sold,cost_of_goods_sold,cost of goods sold,Apex Dynamics Corp,2025,M_USD,41447.0,,,,,,,,,,,,,,,,,,,,,,,,,,,,
40,4,What's the value of the sum of longterm liabilities and current assets for Atlas Global Industries in 2021? — answer using the figures exactly as given.,What's the value of the sum of longterm liabilities and current assets for Atlas Global Industries in 2021?,negation,,"sum(longterm_liabilities, current_assets)","{""op"": ""sum"", ""left"": {""derived"": ""longterm_liabilities"", ""expanded"": {""op"": ""diff"", ""left"": {""leaf"": ""25_total_liabilities"", ""depth"": 0}, ""right"": {""leaf"": ""25_current_liabilities"", ""depth"": 0}, ""depth"": 1}, ""depth"": 1}, ""right"": {""derived"": ""current_assets"", ""expanded"": {""op"": ""sum"", ""left"": {""op"": ""sum"", ""left"": {""op"": ""sum"", ""left"": {""leaf"": ""25_cash"", ""depth"": 0}, ""right"": {""leaf"": ""25_accounts_receivable"", ""depth"": 0}, ""depth"": 1}, ""right"": {""leaf"": ""25_inventories"", ""depth"": 0}, ""depth"": 2}, ""right"": {""leaf"": ""25_short_term_investments"", ""depth"": 0}, ""depth"": 3}, ""depth"": 3}, ""depth"": 4}","{""op"": ""sum"", ""left"": {""kind"": ""derived_concept"", ""name"": ""longterm_liabilities"", ""depth"": 0}, ""right"": {""kind"": ""derived_concept"", ""name"": ""current_assets"", ""depth"": 0}, ""depth"": 1, ""kind"": ""node""}",89051.0,3,1,4,812596504,877336193,542427445,0.58,1,2,6,25_total_liabilities,total_liabilities,total liabilities,Atlas Global Industries,2021,M_USD,74292.0,25_current_liabilities,current_liabilities,current liabilities,Atlas Global Industries,2021,M_USD,32600.0,25_cash,cash,cash,Atlas Global Industries,2021,M_USD,24706.0,25_accounts_receivable,accounts_receivable,accounts receivable,Atlas Global Industries,2021,M_USD,7753.0,25_inventories,inventories,inventories,Atlas Global Industries,2021,M_USD,4731.0,25_short_term_investments,short_term_investments,short term investments,Atlas Global Industries,2021,M_USD,10169.0,,,,,,,,,,,,,,,,,,,,,
40,2,"Without changing the definition, find: Could you give the difference between gross profit and inventories for Meridian Systems Inc in 2023 ?",Could you give the difference between gross profit and inventories for Meridian Systems Inc in 2023 ?,negation,,"diff(gross_profit, 9_inventories)","{""op"": ""diff"", ""left"": {""derived"": ""gross_profit"", ""expanded"": {""op"": ""diff"", ""left"": {""leaf"": ""9_revenue"", ""depth"": 0}, ""right"": {""leaf"": ""9_cost_of_goods_sold"", ""depth"": 0}, ""depth"": 1}, ""depth"": 1}, ""right"": {""leaf"": ""9_inventories"", ""depth"": 0}, ""depth"": 2}","{""op"": ""diff"", ""left"": {""kind"": ""derived_concept"", ""name"": ""gross_profit"", ""depth"": 0}, ""right"": {""kind"": ""leaf"", ""semantic_type_in"": [""amount""], ""depth"": 0}, ""depth"": 1, ""kind"": ""node""}",69667.0,4,1,2,208819552,377428415,542427445,0.449,1,2,3,9_revenue,revenue,revenue,Meridian Systems Inc,2023,M_USD,166363.0,9_cost_of_goods_sold,cost_of_goods_sold,cost of goods sold,Meridian Systems Inc,2023,M_USD,93952.0,9_inventories,inventories,inventories,Meridian Systems Inc,2023,M_USD,2744.0,,,,,,,,,,,,,,,,,,,,,,,,,,,,,,,,,,,,,,,,,,
40,4,"provide the longterm assets for Pacific Crest Energy in 2025. (compute the value as stated, without sign changes.)",provide the longterm assets for Pacific Crest Energy in 2025.,negation,,longterm_assets,"{""derived"": ""longterm_assets"", ""expanded"": {""op"": ""diff"", ""left"": {""leaf"": ""53_total_assets"", ""depth"": 0}, ""right"": {""derived"": ""current_assets"", ""expanded"": {""op"": ""sum"", ""left"": {""op"": ""sum"", ""left"": {""op"": ""sum"", ""left"": {""leaf"": ""53_cash"", ""depth"": 0}, ""right"": {""leaf"": ""53_accounts_receivable"", ""depth"": 0}, ""depth"": 1}, ""right"": {""leaf"": ""53_inventories"", ""depth"": 0}, ""depth"": 2}, ""right"": {""leaf"": ""53_short_term_investments"", ""depth"": 0}, ""depth"": 3}, ""depth"": 3}, ""depth"": 4}, ""depth"": 4}","{""kind"": ""derived_concept"", ""name"": ""longterm_assets"", ""depth"": 0}",145388.0,4,0,4,729162876,76952845,542427445,0.118,0,1,5,53_total_assets,total_assets,total assets,Pacific Crest Energy,2025,M_USD,178551.0,53_cash,cash,cash,Pacific Crest Energy,2025,M_USD,10729.0,53_accounts_receivable,accounts_receivable,accounts receivable,Pacific Crest Energy,2025,M_USD,10838.0,53_inventories,inventories,inventories,Pacific Crest Energy,2025,M_USD,8825.0,53_short_term_investments,short_term_investments,short term investments,Pacific Crest Energy,2025,M_USD,2771.0,,,,,,,,,,,,,,,,,,,,,,,,,,,,
40,4,"Without changing the definition, find: What is the value of the longterm assets for Apex Dynamics Corp in 2023 ?",What is the value of the longterm assets for Apex Dynamics Corp in 2023 ?,negation,,longterm_assets,"{""derived"": ""longterm_assets"", ""expanded"": {""op"": ""diff"", ""left"": {""leaf"": ""3_total_assets"", ""depth"": 0}, ""right"": {""derived"": ""current_assets"", ""expanded"": {""op"": ""sum"", ""left"": {""op"": ""sum"", ""left"": {""op"": ""sum"", ""left"": {""leaf"": ""3_cash"", ""depth"": 0}, ""right"": {""leaf"": ""3_accounts_receivable"", ""depth"": 0}, ""depth"": 1}, ""right"": {""leaf"": ""3_inventories"", ""depth"": 0}, ""depth"": 2}, ""right"": {""leaf"": ""3_short_term_investments"", ""depth"": 0}, ""depth"": 3}, ""depth"": 3}, ""depth"": 4}, ""depth"": 4}","{""kind"": ""derived_concept"", ""name"": ""longterm_assets"", ""depth"": 0}",111691.0,3,0,4,615981446,352238707,542427445,0.403,0,1,5,3_total_assets,total_assets,total assets,Apex Dynamics Corp,2023,M_USD,148589.0,3_cash,cash,cash,Apex Dynamics Corp,2023,M_USD,13282.0,3_accounts_receivable,accounts_receivable,accounts receivable,Apex Dynamics Corp,2023,M_USD,11694.0,3_inventories,inventories,inventories,Apex Dynamics Corp,2023,M_USD,5868.0,3_short_term_investments,short_term_investments,short term investments,Apex Dynamics Corp,2023,M_USD,6054.0,,,,,,,,,,,,,,,,,,,,,,,,,,,,
44,1,Do not apply any adjustment; simply compute: Could you give the gross profit for Meridian Systems Inc in 2025?,Could you give the gross profit for Meridian Systems Inc in 2025?,negation,,gross_profit,"{""derived"": ""gross_profit"", ""expanded"": {""op"": ""diff"", ""left"": {""leaf"": ""11_revenue"", ""depth"": 0}, ""right"": {""leaf"": ""11_cost_of_goods_sold"", ""depth"": 0}, ""depth"": 1}, ""depth"": 1}","{""kind"": ""derived_concept"", ""name"": ""gross_profit"", ""depth"": 0}",113110.0,2,0,1,892568336,737483545,542427445,0.549,0,1,2,11_revenue,revenue,revenue,Meridian Systems Inc,2025,M_USD,196832.0,11_cost_of_goods_sold,cost_of_goods_sold,cost of goods sold,Meridian Systems Inc,2025,M_USD,83722.0,,,,,,,,,,,,,,,,,,,,,,,,,,,,,,,,,,,,,,,,,,,,,,,,,
45,1,Calculate the gross profit for SilverLine Retail Inc in 2024 — answer using the figures exactly as given.,Calculate the gross profit for SilverLine Retail Inc in 2024,negation,,gross_profit,"{""derived"": ""gross_profit"", ""expanded"": {""op"": ""diff"", ""left"": {""leaf"": ""46_revenue"", ""depth"": 0}, ""right"": {""leaf"": ""46_cost_of_goods_sold"", ""depth"": 0}, ""depth"": 1}, ""depth"": 1}","{""kind"": ""derived_concept"", ""name"": ""gross_profit"", ""depth"": 0}",282140.0,3,0,1,378078155,197517346,542427445,0.532,0,1,2,46_revenue,revenue,revenue,SilverLine Retail Inc,2024,M_USD,818992.0,46_cost_of_goods_sold,cost_of_goods_sold,cost of goods sold,SilverLine Retail Inc,2024,M_USD,536852.0,,,,,,,,,,,,,,,,,,,,,,,,,,,,,,,,,,,,,,,,,,,,,,,,,
49,4,"what does the following give: longterm assets for Crimson Pharmaceuticals in 2020? (compute the value as stated, without sign changes.)",what does the following give: longterm assets for Crimson Pharmaceuticals in 2020?,negation,,longterm_assets,"{""derived"": ""longterm_assets"", ""expanded"": {""op"": ""diff"", ""left"": {""leaf"": ""84_total_assets"", ""depth"": 0}, ""right"": {""derived"": ""current_assets"", ""expanded"": {""op"": ""sum"", ""left"": {""op"": ""sum"", ""left"": {""op"": ""sum"", ""left"": {""leaf"": ""84_cash"", ""depth"": 0}, ""right"": {""leaf"": ""84_accounts_receivable"", ""depth"": 0}, ""depth"": 1}, ""right"": {""leaf"": ""84_inventories"", ""depth"": 0}, ""depth"": 2}, ""right"": {""leaf"": ""84_short_term_investments"", ""depth"": 0}, ""depth"": 3}, ""depth"": 3}, ""depth"": 4}, ""depth"": 4}","{""kind"": ""derived_concept"", ""name"": ""longterm_assets"", ""depth"": 0}",373943.0,4,0,4,579825186,558769815,542427445,0.592,0,1,5,84_total_assets,total_assets,total assets,Crimson Pharmaceuticals,2020,M_USD,533633.0,84_cash,cash,cash,Crimson Pharmaceuticals,2020,M_USD,91955.0,84_accounts_receivable,accounts_receivable,accounts receivable,Crimson Pharmaceuticals,2020,M_USD,31783.0,84_inventories,inventories,inventories,Crimson Pharmaceuticals,2020,M_USD,27044.0,84_short_term_investments,short_term_investments,short term investments,Crimson Pharmaceuticals,2020,M_USD,8908.0,,,,,,,,,,,,,,,,,,,,,,,,,,,,
49,1,may you calculate the longterm liabilities for NovaStar Technologies in 2020 — answer using the figures exactly as given.,may you calculate the longterm liabilities for NovaStar Technologies in 2020,negation,,longterm_liabilities,"{""derived"": ""longterm_liabilities"", ""expanded"": {""op"": ""diff"", ""left"": {""leaf"": ""18_total_liabilities"", ""depth"": 0}, ""right"": {""leaf"": ""18_current_liabilities"", ""depth"": 0}, ""depth"": 1}, ""depth"": 1}","{""kind"": ""derived_concept"", ""name"": ""longterm_liabilities"", ""depth"": 0}",22844.0,2,0,1,569363323,93848192,542427445,0.308,0,1,2,18_total_liabilities,total_liabilities,total liabilities,NovaStar Technologies,2020,M_USD,43130.0,18_current_liabilities,current_liabilities,current liabilities,NovaStar Technologies,2020,M_USD,20286.0,,,,,,,,,,,,,,,,,,,,,,,,,,,,,,,,,,,,,,,,,,,,,,,,,
50,2,"Without changing the definition, find: may you calculate the operating income for NovaStar Technologies in 2024",may you calculate the operating income for NovaStar Technologies in 2024,negation,,operating_income,"{""derived"": ""operating_income"", ""expanded"": {""op"": ""diff"", ""left"": {""derived"": ""gross_profit"", ""expanded"": {""op"": ""diff"", ""left"": {""leaf"": ""22_revenue"", ""depth"": 0}, ""right"": {""leaf"": ""22_cost_of_goods_sold"", ""depth"": 0}, ""depth"": 1}, ""depth"": 1}, ""right"": {""leaf"": ""22_operating_expenses"", ""depth"": 0}, ""depth"": 2}, ""depth"": 2}","{""kind"": ""derived_concept"", ""name"": ""operating_income"", ""depth"": 0}",80625.0,3,0,2,101443599,895609441,542427445,0.292,0,1,3,22_revenue,revenue,revenue,NovaStar Technologies,2024,M_USD,177982.0,22_cost_of_goods_sold,cost_of_goods_sold,cost of goods sold,NovaStar Technologies,2024,M_USD,77448.0,22_operating_expenses,operating_expenses,operating expenses,NovaStar Technologies,2024,M_USD,19909.0,,,,,,,,,,,,,,,,,,,,,,,,,,,,,,,,,,,,,,,,,,
53,1,"Without changing the definition, find: May you calculate the longterm liabilities for NovaStar Technologies in 2021",May you calculate the longterm liabilities for NovaStar Technologies in 2021,negation,,longterm_liabilities,"{""derived"": ""longterm_liabilities"", ""expanded"": {""op"": ""diff"", ""left"": {""leaf"": ""19_total_liabilities"", ""depth"": 0}, ""right"": {""leaf"": ""19_current_liabilities"", ""depth"": 0}, ""depth"": 1}, ""depth"": 1}","{""kind"": ""derived_concept"", ""name"": ""longterm_liabilities"", ""depth"": 0}",37127.0,3,0,1,369552903,340726574,542427445,0.392,0,1,2,19_total_liabilities,total_liabilities,total liabilities,NovaStar Technologies,2021,M_USD,67361.0,19_current_liabilities,current_liabilities,current liabilities,NovaStar Technologies,2021,M_USD,30234.0,,,,,,,,,,,,,,,,,,,,,,,,,,,,,,,,,,,,,,,,,,,,,,,,,
54,3,It is not the case that you should ignore the following — determine: which result follows from the pretax income for Ironclad Manufacturing in 2020,which result follows from the pretax income for Ironclad Manufacturing in 2020,negation,,pretax_income,"{""derived"": ""pretax_income"", ""expanded"": {""op"": ""diff"", ""left"": {""derived"": ""operating_income"", ""expanded"": {""op"": ""diff"", ""left"": {""derived"": ""gross_profit"", ""expanded"": {""op"": ""diff"", ""left"": {""leaf"": ""36_revenue"", ""depth"": 0}, ""right"": {""leaf"": ""36_cost_of_goods_sold"", ""depth"": 0}, ""depth"": 1}, ""depth"": 1}, ""right"": {""leaf"": ""36_operating_expenses"", ""depth"": 0}, ""depth"": 2}, ""depth"": 2}, ""right"": {""leaf"": ""36_non_operating_expenses"", ""depth"": 0}, ""depth"": 3}, ""depth"": 3}","{""kind"": ""derived_concept"", ""name"": ""pretax_income"", ""depth"": 0}",-22817.0,4,0,3,218275406,877374091,542427445,0.291,0,1,4,36_revenue,revenue,revenue,Ironclad Manufacturing,2020,M_USD,365060.0,36_cost_of_goods_sold,cost_of_goods_sold,cost of goods sold,Ironclad Manufacturing,2020,M_USD,231556.0,36_operating_expenses,operating_expenses,operating expenses,Ironclad Manufacturing,2020,M_USD,87678.0,36_non_operating_expenses,non_operating_expenses,non operating expenses,Ironclad Manufacturing,2020,M_USD,68643.0,,,,,,,,,,,,,,,,,,,,,,,,,,,,,,,,,,,
54,1,It is not the case that you should ignore the following — determine: what's the value of the gross profit for ClearPath Logistics in 2024 ?,what's the value of the gross profit for ClearPath Logistics in 2024 ?,negation,,gross_profit,"{""derived"": ""gross_profit"", ""expanded"": {""op"": ""diff"", ""left"": {""leaf"": ""82_revenue"", ""depth"": 0}, ""right"": {""leaf"": ""82_cost_of_goods_sold"", ""depth"": 0}, ""depth"": 1}, ""depth"": 1}","{""kind"": ""derived_concept"", ""name"": ""gross_profit"", ""depth"": 0}",415227.0,2,0,1,819111900,98328497,542427445,0.555,0,1,2,82_revenue,revenue,revenue,ClearPath Logistics,2024,M_USD,627730.0,82_cost_of_goods_sold,cost_of_goods_sold,cost of goods sold,ClearPath Logistics,2024,M_USD,212503.0,,,,,,,,,,,,,,,,,,,,,,,,,,,,,,,,,,,,,,,,,,,,,,,,,
54,3,Whats the value of the current assets for ClearPath Logistics in 2020? — answer using the figures exactly as given.,Whats the value of the current assets for ClearPath Logistics in 2020?,negation,,current_assets,"{""derived"": ""current_assets"", ""expanded"": {""op"": ""sum"", ""left"": {""op"": ""sum"", ""left"": {""op"": ""sum"", ""left"": {""leaf"": ""78_cash"", ""depth"": 0}, ""right"": {""leaf"": ""78_accounts_receivable"", ""depth"": 0}, ""depth"": 1}, ""right"": {""leaf"": ""78_inventories"", ""depth"": 0}, ""depth"": 2}, ""right"": {""leaf"": ""78_short_term_investments"", ""depth"": 0}, ""depth"": 3}, ""depth"": 3}","{""kind"": ""derived_concept"", ""name"": ""current_assets"", ""depth"": 0}",134161.0,3,0,3,242281255,471970419,542427445,0.574,0,1,4,78_cash,cash,cash,ClearPath Logistics,2020,M_USD,24389.0,78_accounts_receivable,accounts_receivable,accounts receivable,ClearPath Logistics,2020,M_USD,33576.0,78_inventories,inventories,inventories,ClearPath Logistics,2020,M_USD,22786.0,78_short_term_investments,short_term_investments,short term investments,ClearPath Logistics,2020,M_USD,53410.0,,,,,,,,,,,,,,,,,,,,,,,,,,,,,,,,,,,
58,3,"Which quantity is given by the current assets for Ironclad Manufacturing in 2025 (compute the value as stated, without sign changes.)",Which quantity is given by the current assets for Ironclad Manufacturing in 2025,negation,,current_assets,"{""derived"": ""current_assets"", ""expanded"": {""op"": ""sum"", ""left"": {""op"": ""sum"", ""left"": {""op"": ""sum"", ""left"": {""leaf"": ""41_cash"", ""depth"": 0}, ""right"": {""leaf"": ""41_accounts_receivable"", ""depth"": 0}, ""depth"": 1}, ""right"": {""leaf"": ""41_inventories"", ""depth"": 0}, ""depth"": 2}, ""right"": {""leaf"": ""41_short_term_investments"", ""depth"": 0}, ""depth"": 3}, ""depth"": 3}","{""kind"": ""derived_concept"", ""name"": ""current_assets"", ""depth"": 0}",298268.0,3,0,3,474033921,474215398,542427445,0.552,0,1,4,41_cash,cash,cash,Ironclad Manufacturing,2025,M_USD,109521.0,41_accounts_receivable,accounts_receivable,accounts receivable,Ironclad Manufacturing,2025,M_USD,54234.0,41_inventories,inventories,inventories,Ironclad Manufacturing,2025,M_USD,36674.0,41_short_term_investments,short_term_investments,short term investments,Ironclad Manufacturing,2025,M_USD,97839.0,,,,,,,,,,,,,,,,,,,,,,,,,,,,,,,,,,,
61,2,"may you calculate the operating income for NovaStar Technologies in 2022 (compute the value as stated, without sign changes.)",may you calculate the operating income for NovaStar Technologies in 2022,negation,,operating_income,"{""derived"": ""operating_income"", ""expanded"": {""op"": ""diff"", ""left"": {""derived"": ""gross_profit"", ""expanded"": {""op"": ""diff"", ""left"": {""leaf"": ""20_revenue"", ""depth"": 0}, ""right"": {""leaf"": ""20_cost_of_goods_sold"", ""depth"": 0}, ""depth"": 1}, ""depth"": 1}, ""right"": {""leaf"": ""20_operating_expenses"", ""depth"": 0}, ""depth"": 2}, ""depth"": 2}","{""kind"": ""derived_concept"", ""name"": ""operating_income"", ""depth"": 0}",59123.0,4,0,2,448391178,995061217,542427445,0.478,0,1,3,20_revenue,revenue,revenue,NovaStar Technologies,2022,M_USD,149263.0,20_cost_of_goods_sold,cost_of_goods_sold,cost of goods sold,NovaStar Technologies,2022,M_USD,63527.0,20_operating_expenses,operating_expenses,operating expenses,NovaStar Technologies,2022,M_USD,26613.0,,,,,,,,,,,,,,,,,,,,,,,,,,,,,,,,,,,,,,,,,,
62,1,What's the value of the longterm liabilities for Atlas Global Industries in 2020 ? — answer using the figures exactly as given.,What's the value of the longterm liabilities for Atlas Global Industries in 2020 ?,negation,,longterm_liabilities,"{""derived"": ""longterm_liabilities"", ""expanded"": {""op"": ""diff"", ""left"": {""leaf"": ""24_total_liabilities"", ""depth"": 0}, ""right"": {""leaf"": ""24_current_liabilities"", ""depth"": 0}, ""depth"": 1}, ""depth"": 1}","{""kind"": ""derived_concept"", ""name"": ""longterm_liabilities"", ""depth"": 0}",20030.0,2,0,1,474720868,942616918,542427445,0.342,0,1,2,24_total_liabilities,total_liabilities,total liabilities,Atlas Global Industries,2020,M_USD,34649.0,24_current_liabilities,current_liabilities,current liabilities,Atlas Global Industries,2020,M_USD,14619.0,,,,,,,,,,,,,,,,,,,,,,,,,,,,,,,,,,,,,,,,,,,,,,,,,
65,1,"what would be the gross profit for Cobalt Semiconductor in 2020 (compute the value as stated, without sign changes.)",what would be the gross profit for Cobalt Semiconductor in 2020,negation,,gross_profit,"{""derived"": ""gross_profit"", ""expanded"": {""op"": ""diff"", ""left"": {""leaf"": ""66_revenue"", ""depth"": 0}, ""right"": {""leaf"": ""66_cost_of_goods_sold"", ""depth"": 0}, ""depth"": 1}, ""depth"": 1}","{""kind"": ""derived_concept"", ""name"": ""gross_profit"", ""depth"": 0}",28593.0,3,0,1,392954024,433175057,542427445,0.51,0,1,2,66_revenue,revenue,revenue,Cobalt Semiconductor,2020,M_USD,53876.0,66_cost_of_goods_sold,cost_of_goods_sold,cost of goods sold,Cobalt Semiconductor,2020,M_USD,25283.0,,,,,,,,,,,,,,,,,,,,,,,,,,,,,,,,,,,,,,,,,,,,,,,,,
65,2,"provide the operating income for Pacific Crest Energy in 2024 (compute the value as stated, without sign changes.)",provide the operating income for Pacific Crest Energy in 2024,negation,,operating_income,"{""derived"": ""operating_income"", ""expanded"": {""op"": ""diff"", ""left"": {""derived"": ""gross_profit"", ""expanded"": {""op"": ""diff"", ""left"": {""leaf"": ""52_revenue"", ""depth"": 0}, ""right"": {""leaf"": ""52_cost_of_goods_sold"", ""depth"": 0}, ""depth"": 1}, ""depth"": 1}, ""right"": {""leaf"": ""52_operating_expenses"", ""depth"": 0}, ""depth"": 2}, ""depth"": 2}","{""kind"": ""derived_concept"", ""name"": ""operating_income"", ""depth"": 0}",81769.0,3,0,2,526184031,81855440,542427445,0.295,0,1,3,52_revenue,revenue,revenue,Pacific Crest Energy,2024,M_USD,190474.0,52_cost_of_goods_sold,cost_of_goods_sold,cost of goods sold,Pacific Crest Energy,2024,M_USD,87910.0,52_operating_expenses,operating_expenses,operating expenses,Pacific Crest Energy,2024,M_USD,20795.0,,,,,,,,,,,,,,,,,,,,,,,,,,,,,,,,,,,,,,,,,,
65,3,What do we obtain as the current assets for Crimson Pharmaceuticals in 2024 ? — answer using the figures exactly as given.,What do we obtain as the current assets for Crimson Pharmaceuticals in 2024 ?,negation,,current_assets,"{""derived"": ""current_assets"", ""expanded"": {""op"": ""sum"", ""left"": {""op"": ""sum"", ""left"": {""op"": ""sum"", ""left"": {""leaf"": ""88_cash"", ""depth"": 0}, ""right"": {""leaf"": ""88_accounts_receivable"", ""depth"": 0}, ""depth"": 1}, ""right"": {""leaf"": ""88_inventories"", ""depth"": 0}, ""depth"": 2}, ""right"": {""leaf"": ""88_short_term_investments"", ""depth"": 0}, ""depth"": 3}, ""depth"": 3}","{""kind"": ""derived_concept"", ""name"": ""current_assets"", ""depth"": 0}",254814.0,2,0,3,51076624,705302170,542427445,0.206,0,1,4,88_cash,cash,cash,Crimson Pharmaceuticals,2024,M_USD,102325.0,88_accounts_receivable,accounts_receivable,accounts receivable,Crimson Pharmaceuticals,2024,M_USD,78674.0,88_inventories,inventories,inventories,Crimson Pharmaceuticals,2024,M_USD,24991.0,88_short_term_investments,short_term_investments,short term investments,Crimson Pharmaceuticals,2024,M_USD,48824.0,,,,,,,,,,,,,,,,,,,,,,,,,,,,,,,,,,,
66,1,It is not the case that you should ignore the following — determine: whats the value of the gross profit for ClearPath Logistics in 2021,whats the value of the gross profit for ClearPath Logistics in 2021,negation,,gross_profit,"{""derived"": ""gross_profit"", ""expanded"": {""op"": ""diff"", ""left"": {""leaf"": ""79_revenue"", ""depth"": 0}, ""right"": {""leaf"": ""79_cost_of_goods_sold"", ""depth"": 0}, ""depth"": 1}, ""depth"": 1}","{""kind"": ""derived_concept"", ""name"": ""gross_profit"", ""depth"": 0}",150603.0,4,0,1,965357951,457359032,542427445,0.598,0,1,2,79_revenue,revenue,revenue,ClearPath Logistics,2021,M_USD,514684.0,79_cost_of_goods_sold,cost_of_goods_sold,cost of goods sold,ClearPath Logistics,2021,M_USD,364081.0,,,,,,,,,,,,,,,,,,,,,,,,,,,,,,,,,,,,,,,,,,,,,,,,,
66,1,Do not apply any adjustment; simply compute: could you give the gross profit for Meridian Systems Inc in 2022?,could you give the gross profit for Meridian Systems Inc in 2022?,negation,,gross_profit,"{""derived"": ""gross_profit"", ""expanded"": {""op"": ""diff"", ""left"": {""leaf"": ""8_revenue"", ""depth"": 0}, ""right"": {""leaf"": ""8_cost_of_goods_sold"", ""depth"": 0}, ""depth"": 1}, ""depth"": 1}","{""kind"": ""derived_concept"", ""name"": ""gross_profit"", ""depth"": 0}",79704.0,3,0,1,368281174,245971118,542427445,0.47,0,1,2,8_revenue,revenue,revenue,Meridian Systems Inc,2022,M_USD,163959.0,8_cost_of_goods_sold,cost_of_goods_sold,cost of goods sold,Meridian Systems Inc,2022,M_USD,84255.0,,,,,,,,,,,,,,,,,,,,,,,,,,,,,,,,,,,,,,,,,,,,,,,,,
67,1,"Without changing the definition, find: What does the following give: gross profit for Helix BioSciences in 2022 ?",What does the following give: gross profit for Helix BioSciences in 2022 ?,negation,,gross_profit,"{""derived"": ""gross_profit"", ""expanded"": {""op"": ""diff"", ""left"": {""leaf"": ""74_revenue"", ""depth"": 0}, ""right"": {""leaf"": ""74_cost_of_goods_sold"", ""depth"": 0}, ""depth"": 1}, ""depth"": 1}","{""kind"": ""derived_concept"", ""name"": ""gross_profit"", ""depth"": 0}",93560.0,4,0,1,759305874,511560458,542427445,0.486,0,1,2,74_revenue,revenue,revenue,Helix BioSciences,2022,M_USD,228915.0,74_cost_of_goods_sold,cost_of_goods_sold,cost of goods sold,Helix BioSciences,2022,M_USD,135355.0,,,,,,,,,,,,,,,,,,,,,,,,,,,,,,,,,,,,,,,,,,,,,,,,,
67,1,"Without changing the definition, find: give the gross profit for Pacific Crest Energy in 2020.",give the gross profit for Pacific Crest Energy in 2020.,negation,,gross_profit,"{""derived"": ""gross_profit"", ""expanded"": {""op"": ""diff"", ""left"": {""leaf"": ""48_revenue"", ""depth"": 0}, ""right"": {""leaf"": ""48_cost_of_goods_sold"", ""depth"": 0}, ""depth"": 1}, ""depth"": 1}","{""kind"": ""derived_concept"", ""name"": ""gross_profit"", ""depth"": 0}",51333.0,3,0,1,307837258,217542016,542427445,0.138,0,1,2,48_revenue,revenue,revenue,Pacific Crest Energy,2020,M_USD,160549.0,48_cost_of_goods_sold,cost_of_goods_sold,cost of goods sold,Pacific Crest Energy,2020,M_USD,109216.0,,,,,,,,,,,,,,,,,,,,,,,,,,,,,,,,,,,,,,,,,,,,,,,,,
70,1,what does the following give: gross profit for Crimson Pharmaceuticals in 2023? — answer using the figures exactly as given.,what does the following give: gross profit for Crimson Pharmaceuticals in 2023?,negation,,gross_profit,"{""derived"": ""gross_profit"", ""expanded"": {""op"": ""diff"", ""left"": {""leaf"": ""87_revenue"", ""depth"": 0}, ""right"": {""leaf"": ""87_cost_of_goods_sold"", ""depth"": 0}, ""depth"": 1}, ""depth"": 1}","{""kind"": ""derived_concept"", ""name"": ""gross_profit"", ""depth"": 0}",281934.0,3,0,1,104494221,638160491,542427445,0.504,0,1,2,87_revenue,revenue,revenue,Crimson Pharmaceuticals,2023,M_USD,714010.0,87_cost_of_goods_sold,cost_of_goods_sold,cost of goods sold,Crimson Pharmaceuticals,2023,M_USD,432076.0,,,,,,,,,,,,,,,,,,,,,,,,,,,,,,,,,,,,,,,,,,,,,,,,,
73,1,Do not apply any adjustment; simply compute: provide the gross profit for Pacific Crest Energy in 2020 .,provide the gross profit for Pacific Crest Energy in 2020 .,negation,,gross_profit,"{""derived"": ""gross_profit"", ""expanded"": {""op"": ""diff"", ""left"": {""leaf"": ""48_revenue"", ""depth"": 0}, ""right"": {""leaf"": ""48_cost_of_goods_sold"", ""depth"": 0}, ""depth"": 1}, ""depth"": 1}","{""kind"": ""derived_concept"", ""name"": ""gross_profit"", ""depth"": 0}",51333.0,3,0,1,276267369,531553250,542427445,0.283,0,1,2,48_revenue,revenue,revenue,Pacific Crest Energy,2020,M_USD,160549.0,48_cost_of_goods_sold,cost_of_goods_sold,cost of goods sold,Pacific Crest Energy,2020,M_USD,109216.0,,,,,,,,,,,,,,,,,,,,,,,,,,,,,,,,,,,,,,,,,,,,,,,,,
76,3,you should give the current assets for ClearPath Logistics in 2021 — answer using the figures exactly as given.,you should give the current assets for ClearPath Logistics in 2021,negation,,current_assets,"{""derived"": ""current_assets"", ""expanded"": {""op"": ""sum"", ""left"": {""op"": ""sum"", ""left"": {""op"": ""sum"", ""left"": {""leaf"": ""79_cash"", ""depth"": 0}, ""right"": {""leaf"": ""79_accounts_receivable"", ""depth"": 0}, ""depth"": 1}, ""right"": {""leaf"": ""79_inventories"", ""depth"": 0}, ""depth"": 2}, ""right"": {""leaf"": ""79_short_term_investments"", ""depth"": 0}, ""depth"": 3}, ""depth"": 3}","{""kind"": ""derived_concept"", ""name"": ""current_assets"", ""depth"": 0}",201846.0,4,0,3,905893585,547222681,542427445,0.452,0,1,4,79_cash,cash,cash,ClearPath Logistics,2021,M_USD,97139.0,79_accounts_receivable,accounts_receivable,accounts receivable,ClearPath Logistics,2021,M_USD,21960.0,79_inventories,inventories,inventories,ClearPath Logistics,2021,M_USD,9802.0,79_short_term_investments,short_term_investments,short term investments,ClearPath Logistics,2021,M_USD,72945.0,,,,,,,,,,,,,,,,,,,,,,,,,,,,,,,,,,,
76,1,calculate the longterm liabilities for SilverLine Retail Inc in 2024 — answer using the figures exactly as given.,calculate the longterm liabilities for SilverLine Retail Inc in 2024,negation,,longterm_liabilities,"{""derived"": ""longterm_liabilities"", ""expanded"": {""op"": ""diff"", ""left"": {""leaf"": ""46_total_liabilities"", ""depth"": 0}, ""right"": {""leaf"": ""46_current_liabilities"", ""depth"": 0}, ""depth"": 1}, ""depth"": 1}","{""kind"": ""derived_concept"", ""name"": ""longterm_liabilities"", ""depth"": 0}",234237.0,2,0,1,853218243,563596052,542427445,0.185,0,1,2,46_total_liabilities,total_liabilities,total liabilities,SilverLine Retail Inc,2024,M_USD,328592.0,46_current_liabilities,current_liabilities,current liabilities,SilverLine Retail Inc,2024,M_USD,94355.0,,,,,,,,,,,,,,,,,,,,,,,,,,,,,,,,,,,,,,,,,,,,,,,,,
76,2,Do not apply any adjustment; simply compute: Which quantity is given by the operating income for Ironclad Manufacturing in 2025,Which quantity is given by the operating income for Ironclad Manufacturing in 2025,negation,,operating_income,"{""derived"": ""operating_income"", ""expanded"": {""op"": ""diff"", ""left"": {""derived"": ""gross_profit"", ""expanded"": {""op"": ""diff"", ""left"": {""leaf"": ""41_revenue"", ""depth"": 0}, ""right"": {""leaf"": ""41_cost_of_goods_sold"", ""depth"": 0}, ""depth"": 1}, ""depth"": 1}, ""right"": {""leaf"": ""41_operating_expenses"", ""depth"": 0}, ""depth"": 2}, ""depth"": 2}","{""kind"": ""derived_concept"", ""name"": ""operating_income"", ""depth"": 0}",194888.0,3,0,2,360563645,293789664,542427445,0.35,0,1,3,41_revenue,revenue,revenue,Ironclad Manufacturing,2025,M_USD,543407.0,41_cost_of_goods_sold,cost_of_goods_sold,cost of goods sold,Ironclad Manufacturing,2025,M_USD,270410.0,41_operating_expenses,operating_expenses,operating expenses,Ironclad Manufacturing,2025,M_USD,78109.0,,,,,,,,,,,,,,,,,,,,,,,,,,,,,,,,,,,,,,,,,,
77,1,What is the longterm liabilities for Apex Dynamics Corp in 2022 — answer using the figures exactly as given.,What is the longterm liabilities for Apex Dynamics Corp in 2022,negation,,longterm_liabilities,"{""derived"": ""longterm_liabilities"", ""expanded"": {""op"": ""diff"", ""left"": {""leaf"": ""2_total_liabilities"", ""depth"": 0}, ""right"": {""leaf"": ""2_current_liabilities"", ""depth"": 0}, ""depth"": 1}, ""depth"": 1}","{""kind"": ""derived_concept"", ""name"": ""longterm_liabilities"", ""depth"": 0}",91225.0,4,0,1,409547695,171161275,542427445,0.573,0,1,2,2_total_liabilities,total_liabilities,total liabilities,Apex Dynamics Corp,2022,M_USD,139281.0,2_current_liabilities,current_liabilities,current liabilities,Apex Dynamics Corp,2022,M_USD,48056.0,,,,,,,,,,,,,,,,,,,,,,,,,,,,,,,,,,,,,,,,,,,,,,,,,
77,4,"Without changing the definition, find: may you calculate the difference between longterm liabilities and difference between result of result of total equity scaled by income tax scaled by ratio of current liabilities to total liabilities and cash for NovaStar Technologies in 2021",may you calculate the difference between longterm liabilities and difference between result of result of total equity scaled by income tax scaled by ratio of current liabilities to total liabilities and cash for NovaStar Technologies in 2021,negation,,"diff(longterm_liabilities, diff(mul(mul(19_total_equity, 19_income_tax), ratio(19_current_liabilities, 19_total_liabilities)), 19_cash))","{""op"": ""diff"", ""left"": {""derived"": ""longterm_liabilities"", ""expanded"": {""op"": ""diff"", ""left"": {""leaf"": ""19_total_liabilities"", ""depth"": 0}, ""right"": {""leaf"": ""19_current_liabilities"", ""depth"": 0}, ""depth"": 1}, ""depth"": 1}, ""right"": {""op"": ""diff"", ""left"": {""op"": ""mul"", ""left"": {""op"": ""mul"", ""left"": {""leaf"": ""19_total_equity"", ""depth"": 0}, ""right"": {""leaf"": ""19_income_tax"", ""depth"": 0}, ""depth"": 1}, ""right"": {""op"": ""ratio"", ""left"": {""leaf"": ""19_current_liabilities"", ""depth"": 0}, ""right"": {""leaf"": ""19_total_liabilities"", ""depth"": 0}, ""depth"": 1}, ""depth"": 2}, ""right"": {""leaf"": ""19_cash"", ""depth"": 0}, ""depth"": 3}, ""depth"": 4}","{""op"": ""diff"", ""left"": {""kind"": ""derived_concept"", ""name"": ""longterm_liabilities"", ""depth"": 0}, ""right"": {""op"": ""diff"", ""left"": {""op"": ""mul"", ""left"": {""op"": ""mul"", ""left"": {""kind"": ""leaf"", ""semantic_type_in"": [""amount""], ""depth"": 0}, ""right"": {""kind"": ""leaf"", ""semantic_type_in"": [""rate""], ""depth"": 0}, ""depth"": 1, ""kind"": ""node""}, ""right"": {""op"": ""ratio"", ""left"": {""kind"": ""leaf"", ""semantic_type_in"": [""amount""], ""depth"": 0}, ""right"": {""kind"": ""leaf"", ""semantic_type_in"": [""amount""], ""depth"": 0}, ""depth"": 1, ""kind"": ""node""}, ""depth"": 2, ""kind"": ""node""}, ""right"": {""kind"": ""leaf"", ""semantic_type_in"": [""amount""], ""depth"": 0}, ""depth"": 3, ""kind"": ""node""}, ""depth"": 4, ""kind"": ""node""}",43070.58653225616,4,4,4,922999390,466890391,542427445,0.49,5,6,7,19_total_liabilities,total_liabilities,total liabilities,NovaStar Technologies,2021,M_USD,67361.0,19_current_liabilities,current_liabilities,current liabilities,NovaStar Technologies,2021,M_USD,30234.0,19_total_equity,total_equity,total equity,NovaStar Technologies,2021,M_USD,25728.0,19_income_tax,income_tax,income tax,NovaStar Technologies,2021,ratio,0.12161912528059143,19_current_liabilities,current_liabilities,current liabilities,NovaStar Technologies,2021,M_USD,30234.0,19_total_liabilities,total_liabilities,total liabilities,NovaStar Technologies,2021,M_USD,67361.0,19_cash,cash,cash,NovaStar Technologies,2021,M_USD,7348.0,,,,,,,,,,,,,,
77,1,Do not apply any adjustment; simply compute: May you calculate the gross profit for NovaStar Technologies in 2023?,May you calculate the gross profit for NovaStar Technologies in 2023?,negation,,gross_profit,"{""derived"": ""gross_profit"", ""expanded"": {""op"": ""diff"", ""left"": {""leaf"": ""21_revenue"", ""depth"": 0}, ""right"": {""leaf"": ""21_cost_of_goods_sold"", ""depth"": 0}, ""depth"": 1}, ""depth"": 1}","{""kind"": ""derived_concept"", ""name"": ""gross_profit"", ""depth"": 0}",83579.0,4,0,1,635506303,347606351,542427445,0.429,0,1,2,21_revenue,revenue,revenue,NovaStar Technologies,2023,M_USD,158696.0,21_cost_of_goods_sold,cost_of_goods_sold,cost of goods sold,NovaStar Technologies,2023,M_USD,75117.0,,,,,,,,,,,,,,,,,,,,,,,,,,,,,,,,,,,,,,,,,,,,,,,,,
77,3,"Without changing the definition, find: Calculate the current assets for SilverLine Retail Inc in 2021 .",Calculate the current assets for SilverLine Retail Inc in 2021 .,negation,,current_assets,"{""derived"": ""current_assets"", ""expanded"": {""op"": ""sum"", ""left"": {""op"": ""sum"", ""left"": {""op"": ""sum"", ""left"": {""leaf"": ""43_cash"", ""depth"": 0}, ""right"": {""leaf"": ""43_accounts_receivable"", ""depth"": 0}, ""depth"": 1}, ""right"": {""leaf"": ""43_inventories"", ""depth"": 0}, ""depth"": 2}, ""right"": {""leaf"": ""43_short_term_investments"", ""depth"": 0}, ""depth"": 3}, ""depth"": 3}","{""kind"": ""derived_concept"", ""name"": ""current_assets"", ""depth"": 0}",237449.0,2,0,3,989183914,166951278,542427445,0.288,0,1,4,43_cash,cash,cash,SilverLine Retail Inc,2021,M_USD,73785.0,43_accounts_receivable,accounts_receivable,accounts receivable,SilverLine Retail Inc,2021,M_USD,84561.0,43_inventories,inventories,inventories,SilverLine Retail Inc,2021,M_USD,19238.0,43_short_term_investments,short_term_investments,short term investments,SilverLine Retail Inc,2021,M_USD,59865.0,,,,,,,,,,,,,,,,,,,,,,,,,,,,,,,,,,,
80,1,Do not apply any adjustment; simply compute: calculate the gross profit for SilverLine Retail Inc in 2022 .,calculate the gross profit for SilverLine Retail Inc in 2022 .,negation,,gross_profit,"{""derived"": ""gross_profit"", ""expanded"": {""op"": ""diff"", ""left"": {""leaf"": ""44_revenue"", ""depth"": 0}, ""right"": {""leaf"": ""44_cost_of_goods_sold"", ""depth"": 0}, ""depth"": 1}, ""depth"": 1}","{""kind"": ""derived_concept"", ""name"": ""gross_profit"", ""depth"": 0}",292368.0,4,0,1,23806783,789879656,542427445,0.203,0,1,2,44_revenue,revenue,revenue,SilverLine Retail Inc,2022,M_USD,698498.0,44_cost_of_goods_sold,cost_of_goods_sold,cost of goods sold,SilverLine Retail Inc,2022,M_USD,406130.0,,,,,,,,,,,,,,,,,,,,,,,,,,,,,,,,,,,,,,,,,,,,,,,,,
80,2,"what do we obtain as the difference between longterm liabilities for Cobalt Semiconductor in 2023 and the maximum of non operating expenses for Cobalt Semiconductor using values from 2022 through 2023 ? (compute the value as stated, without sign changes.)",what do we obtain as the difference between longterm liabilities for Cobalt Semiconductor in 2023 and the maximum of non operating expenses for Cobalt Semiconductor using values from 2022 through 2023 ?,negation,,"diff(longterm_liabilities, max(68_non_operating_expenses, 69_non_operating_expenses))","{""op"": ""diff"", ""left"": {""derived"": ""longterm_liabilities"", ""expanded"": {""op"": ""diff"", ""left"": {""leaf"": ""69_total_liabilities"", ""depth"": 0}, ""right"": {""leaf"": ""69_current_liabilities"", ""depth"": 0}, ""depth"": 1}, ""depth"": 1}, ""right"": {""op"": ""max"", ""left"": {""leaf"": ""68_non_operating_expenses"", ""depth"": 0}, ""right"": {""leaf"": ""69_non_operating_expenses"", ""depth"": 0}, ""depth"": 1}, ""depth"": 2}","{""op"": ""diff"", ""left"": {""kind"": ""derived_concept"", ""name"": ""longterm_liabilities"", ""depth"": 0}, ""right"": {""kind"": ""time_agg"", ""op"": ""max"", ""depth"": 0}, ""depth"": 1, ""kind"": ""node""}",20449.0,3,1,2,371283206,568190685,542427445,0.439,1,2,4,69_total_liabilities,total_liabilities,total liabilities,Cobalt Semiconductor,2023,M_USD,44940.0,69_current_liabilities,current_liabilities,current liabilities,Cobalt Semiconductor,2023,M_USD,15734.0,68_non_operating_expenses,non_operating_expenses,non operating expenses,Cobalt Semiconductor,2022,M_USD,8757.0,69_non_operating_expenses,non_operating_expenses,non operating expenses,Cobalt Semiconductor,2023,M_USD,4726.0,,,,,,,,,,,,,,,,,,,,,,,,,,,,,,,,,,,
81,1,"Whats the value of the longterm liabilities for ClearPath Logistics in 2021 (compute the value as stated, without sign changes.)",Whats the value of the longterm liabilities for ClearPath Logistics in 2021,negation,,longterm_liabilities,"{""derived"": ""longterm_liabilities"", ""expanded"": {""op"": ""diff"", ""left"": {""leaf"": ""79_total_liabilities"", ""depth"": 0}, ""right"": {""leaf"": ""79_current_liabilities"", ""depth"": 0}, ""depth"": 1}, ""depth"": 1}","{""kind"": ""derived_concept"", ""name"": ""longterm_liabilities"", ""depth"": 0}",378544.0,2,0,1,757118568,745307084,542427445,0.325,0,1,2,79_total_liabilities,total_liabilities,total liabilities,ClearPath Logistics,2021,M_USD,547777.0,79_current_liabilities,current_liabilities,current liabilities,ClearPath Logistics,2021,M_USD,169233.0,,,,,,,,,,,,,,,,,,,,,,,,,,,,,,,,,,,,,,,,,,,,,,,,,
84,3,"whats the value of the current assets for ClearPath Logistics in 2021? (compute the value as stated, without sign changes.)",whats the value of the current assets for ClearPath Logistics in 2021?,negation,,current_assets,"{""derived"": ""current_assets"", ""expanded"": {""op"": ""sum"", ""left"": {""op"": ""sum"", ""left"": {""op"": ""sum"", ""left"": {""leaf"": ""79_cash"", ""depth"": 0}, ""right"": {""leaf"": ""79_accounts_receivable"", ""depth"": 0}, ""depth"": 1}, ""right"": {""leaf"": ""79_inventories"", ""depth"": 0}, ""depth"": 2}, ""right"": {""leaf"": ""79_short_term_investments"", ""depth"": 0}, ""depth"": 3}, ""depth"": 3}","{""kind"": ""derived_concept"", ""name"": ""current_assets"", ""depth"": 0}",201846.0,3,0,3,995591943,305279568,542427445,0.283,0,1,4,79_cash,cash,cash,ClearPath Logistics,2021,M_USD,97139.0,79_accounts_receivable,accounts_receivable,accounts receivable,ClearPath Logistics,2021,M_USD,21960.0,79_inventories,inventories,inventories,ClearPath Logistics,2021,M_USD,9802.0,79_short_term_investments,short_term_investments,short term investments,ClearPath Logistics,2021,M_USD,72945.0,,,,,,,,,,,,,,,,,,,,,,,,,,,,,,,,,,,
84,3,It is not the case that you should ignore the following — determine: what is the current assets for Apex Dynamics Corp in 2022?,what is the current assets for Apex Dynamics Corp in 2022?,negation,,current_assets,"{""derived"": ""current_assets"", ""expanded"": {""op"": ""sum"", ""left"": {""op"": ""sum"", ""left"": {""op"": ""sum"", ""left"": {""leaf"": ""2_cash"", ""depth"": 0}, ""right"": {""leaf"": ""2_accounts_receivable"", ""depth"": 0}, ""depth"": 1}, ""right"": {""leaf"": ""2_inventories"", ""depth"": 0}, ""depth"": 2}, ""right"": {""leaf"": ""2_short_term_investments"", ""depth"": 0}, ""depth"": 3}, ""depth"": 3}","{""kind"": ""derived_concept"", ""name"": ""current_assets"", ""depth"": 0}",85277.0,4,0,3,21185158,35703020,542427445,0.264,0,1,4,2_cash,cash,cash,Apex Dynamics Corp,2022,M_USD,41229.0,2_accounts_receivable,accounts_receivable,accounts receivable,Apex Dynamics Corp,2022,M_USD,10946.0,2_inventories,inventories,inventories,Apex Dynamics Corp,2022,M_USD,6043.0,2_short_term_investments,short_term_investments,short term investments,Apex Dynamics Corp,2022,M_USD,27059.0,,,,,,,,,,,,,,,,,,,,,,,,,,,,,,,,,,,
88,4,Do not apply any adjustment; simply compute: You should calculate the result of result of difference between cash and accounts receivable for Titan Consumer Brands in 2021 scaled by ratio of the maximum of non operating expenses for Titan Consumer Brands using values from 2023 through 2024 to result of dividends paid scaled by income tax scaled by ratio of operating expenses to longterm liabilities for Titan Consumer Brands in 2021,You should calculate the result of result of difference between cash and accounts receivable for Titan Consumer Brands in 2021 scaled by ratio of the maximum of non operating expenses for Titan Consumer Brands using values from 2023 through 2024 to result of dividends paid scaled by income tax scaled by ratio of operating expenses to longterm liabilities for Titan Consumer Brands in 2021,negation,,"mul(mul(diff(61_cash, 61_accounts_receivable), ratio(max(63_non_operating_expenses, 64_non_operating_expenses), mul(61_dividends_paid, 61_income_tax))), ratio(61_operating_expenses, longterm_liabilities))","{""op"": ""mul"", ""left"": {""op"": ""mul"", ""left"": {""op"": ""diff"", ""left"": {""leaf"": ""61_cash"", ""depth"": 0}, ""right"": {""leaf"": ""61_accounts_receivable"", ""depth"": 0}, ""depth"": 1}, ""right"": {""op"": ""ratio"", ""left"": {""op"": ""max"", ""left"": {""leaf"": ""63_non_operating_expenses"", ""depth"": 0}, ""right"": {""leaf"": ""64_non_operating_expenses"", ""depth"": 0}, ""depth"": 1}, ""right"": {""op"": ""mul"", ""left"": {""leaf"": ""61_dividends_paid"", ""depth"": 0}, ""right"": {""leaf"": ""61_income_tax"", ""depth"": 0}, ""depth"": 1}, ""depth"": 2}, ""depth"": 3}, ""right"": {""op"": ""ratio"", ""left"": {""leaf"": ""61_operating_expenses"", ""depth"": 0}, ""right"": {""derived"": ""longterm_liabilities"", ""expanded"": {""op"": ""diff"", ""left"": {""leaf"": ""61_total_liabilities"", ""depth"": 0}, ""right"": {""leaf"": ""61_current_liabilities"", ""depth"": 0}, ""depth"": 1}, ""depth"": 1}, ""depth"": 2}, ""depth"": 4}","{""op"": ""mul"", ""left"": {""op"": ""mul"", ""left"": {""op"": ""diff"", ""left"": {""kind"": ""leaf"", ""semantic_type_in"": [""amount""], ""depth"": 0}, ""right"": {""kind"": ""leaf"", ""semantic_type_in"": [""amount""], ""depth"": 0}, ""depth"": 1, ""kind"": ""node""}, ""right"": {""op"": ""ratio"", ""left"": {""kind"": ""time_agg"", ""op"": ""max"", ""depth"": 0}, ""right"": {""op"": ""mul"", ""left"": {""kind"": ""leaf"", ""semantic_type_in"": [""amount""], ""depth"": 0}, ""right"": {""kind"": ""leaf"", ""semantic_type_in"": [""rate""], ""depth"": 0}, ""depth"": 1, ""kind"": ""node""}, ""depth"": 2, ""kind"": ""node""}, ""depth"": 3, ""kind"": ""node""}, ""right"": {""op"": ""ratio"", ""left"": {""kind"": ""leaf"", ""semantic_type_in"": [""amount""], ""depth"": 0}, ""right"": {""kind"": ""derived_concept"", ""name"": ""longterm_liabilities"", ""depth"": 0}, ""depth"": 1, ""kind"": ""node""}, ""depth"": 4, ""kind"": ""node""}",300603.5958922357,4,4,4,438499409,40367057,542427445,0.263,6,7,9,61_cash,cash,cash,Titan Consumer Brands,2021,M_USD,140121.0,61_accounts_receivable,accounts_receivable,accounts receivable,Titan Consumer Brands,2021,M_USD,61295.0,63_non_operating_expenses,non_operating_expenses,non operating expenses,Titan Consumer Brands,2023,M_USD,67921.0,64_non_operating_expenses,non_operating_expenses,non operating expenses,Titan Consumer Brands,2024,M_USD,52356.0,61_dividends_paid,dividends_paid,dividends paid,Titan Consumer Brands,2021,M_USD,20810.0,61_income_tax,income_tax,income tax,Titan Consumer Brands,2021,ratio,0.18525472385599834,61_operating_expenses,operating_expenses,operating expenses,Titan Consumer Brands,2021,M_USD,117808.0,61_total_liabilities,total_liabilities,total liabilities,Titan Consumer Brands,2021,M_USD,757557.0,61_current_liabilities,current_liabilities,current liabilities,Titan Consumer Brands,2021,M_USD,213289.0
88,1,what do we obtain as the longterm liabilities for Cobalt Semiconductor in 2021 — answer using the figures exactly as given.,what do we obtain as the longterm liabilities for Cobalt Semiconductor in 2021,negation,,longterm_liabilities,"{""derived"": ""longterm_liabilities"", ""expanded"": {""op"": ""diff"", ""left"": {""leaf"": ""67_total_liabilities"", ""depth"": 0}, ""right"": {""leaf"": ""67_current_liabilities"", ""depth"": 0}, ""depth"": 1}, ""depth"": 1}","{""kind"": ""derived_concept"", ""name"": ""longterm_liabilities"", ""depth"": 0}",23084.0,4,0,1,878724023,888979891,542427445,0.472,0,1,2,67_total_liabilities,total_liabilities,total liabilities,Cobalt Semiconductor,2021,M_USD,33030.0,67_current_liabilities,current_liabilities,current liabilities,Cobalt Semiconductor,2021,M_USD,9946.0,,,,,,,,,,,,,,,,,,,,,,,,,,,,,,,,,,,,,,,,,,,,,,,,,
89,1,provide the gross profit for Pacific Crest Energy in 2025. — answer using the figures exactly as given.,provide the gross profit for Pacific Crest Energy in 2025.,negation,,gross_profit,"{""derived"": ""gross_profit"", ""expanded"": {""op"": ""diff"", ""left"": {""leaf"": ""53_revenue"", ""depth"": 0}, ""right"": {""leaf"": ""53_cost_of_goods_sold"", ""depth"": 0}, ""depth"": 1}, ""depth"": 1}","{""kind"": ""derived_concept"", ""name"": ""gross_profit"", ""depth"": 0}",131119.0,2,0,1,31091661,666829260,542427445,0.508,0,1,2,53_revenue,revenue,revenue,Pacific Crest Energy,2025,M_USD,218005.0,53_cost_of_goods_sold,cost_of_goods_sold,cost of goods sold,Pacific Crest Energy,2025,M_USD,86886.0,,,,,,,,,,,,,,,,,,,,,,,,,,,,,,,,,,,,,,,,,,,,,,,,,
89,3,"Determine the current assets for Quantum Bridge Holdings in 2024. (compute the value as stated, without sign changes.)",Determine the current assets for Quantum Bridge Holdings in 2024.,negation,,current_assets,"{""derived"": ""current_assets"", ""expanded"": {""op"": ""sum"", ""left"": {""op"": ""sum"", ""left"": {""op"": ""sum"", ""left"": {""leaf"": ""16_cash"", ""depth"": 0}, ""right"": {""leaf"": ""16_accounts_receivable"", ""depth"": 0}, ""depth"": 1}, ""right"": {""leaf"": ""16_inventories"", ""depth"": 0}, ""depth"": 2}, ""right"": {""leaf"": ""16_short_term_investments"", ""depth"": 0}, ""depth"": 3}, ""depth"": 3}","{""kind"": ""derived_concept"", ""name"": ""current_assets"", ""depth"": 0}",24950.0,4,0,3,667352142,625803781,542427445,0.493,0,1,4,16_cash,cash,cash,Quantum Bridge Holdings,2024,M_USD,12189.0,16_accounts_receivable,accounts_receivable,accounts receivable,Quantum Bridge Holdings,2024,M_USD,6324.0,16_inventories,inventories,inventories,Quantum Bridge Holdings,2024,M_USD,4960.0,16_short_term_investments,short_term_investments,short term investments,Quantum Bridge Holdings,2024,M_USD,1477.0,,,,,,,,,,,,,,,,,,,,,,,,,,,,,,,,,,,
89,2,"What would be the difference between the maximum of total equity for Cobalt Semiconductor using values from 2022 through 2023 and longterm liabilities for Cobalt Semiconductor in 2023? (compute the value as stated, without sign changes.)",What would be the difference between the maximum of total equity for Cobalt Semiconductor using values from 2022 through 2023 and longterm liabilities for Cobalt Semiconductor in 2023?,negation,,"diff(max(68_total_equity, 69_total_equity), longterm_liabilities)","{""op"": ""diff"", ""left"": {""op"": ""max"", ""left"": {""leaf"": ""68_total_equity"", ""depth"": 0}, ""right"": {""leaf"": ""69_total_equity"", ""depth"": 0}, ""depth"": 1}, ""right"": {""derived"": ""longterm_liabilities"", ""expanded"": {""op"": ""diff"", ""left"": {""leaf"": ""69_total_liabilities"", ""depth"": 0}, ""right"": {""leaf"": ""69_current_liabilities"", ""depth"": 0}, ""depth"": 1}, ""depth"": 1}, ""depth"": 2}","{""op"": ""diff"", ""left"": {""kind"": ""time_agg"", ""op"": ""max"", ""depth"": 0}, ""right"": {""kind"": ""derived_concept"", ""name"": ""longterm_liabilities"", ""depth"": 0}, ""depth"": 1, ""kind"": ""node""}",-8419.0,3,1,2,873305097,462724679,542427445,0.551,1,2,4,68_total_equity,total_equity,total equity,Cobalt Semiconductor,2022,M_USD,18575.0,69_total_equity,total_equity,total equity,Cobalt Semiconductor,2023,M_USD,20787.0,69_total_liabilities,total_liabilities,total liabilities,Cobalt Semiconductor,2023,M_USD,44940.0,69_current_liabilities,current_liabilities,current liabilities,Cobalt Semiconductor,2023,M_USD,15734.0,,,,,,,,,,,,,,,,,,,,,,,,,,,,,,,,,,,
89,3,Whats the value of the current assets for ClearPath Logistics in 2021? — answer using the figures exactly as given.,Whats the value of the current assets for ClearPath Logistics in 2021?,negation,,current_assets,"{""derived"": ""current_assets"", ""expanded"": {""op"": ""sum"", ""left"": {""op"": ""sum"", ""left"": {""op"": ""sum"", ""left"": {""leaf"": ""79_cash"", ""depth"": 0}, ""right"": {""leaf"": ""79_accounts_receivable"", ""depth"": 0}, ""depth"": 1}, ""right"": {""leaf"": ""79_inventories"", ""depth"": 0}, ""depth"": 2}, ""right"": {""leaf"": ""79_short_term_investments"", ""depth"": 0}, ""depth"": 3}, ""depth"": 3}","{""kind"": ""derived_concept"", ""name"": ""current_assets"", ""depth"": 0}",201846.0,2,0,3,118842572,223493060,542427445,0.261,0,1,4,79_cash,cash,cash,ClearPath Logistics,2021,M_USD,97139.0,79_accounts_receivable,accounts_receivable,accounts receivable,ClearPath Logistics,2021,M_USD,21960.0,79_inventories,inventories,inventories,ClearPath Logistics,2021,M_USD,9802.0,79_short_term_investments,short_term_investments,short term investments,ClearPath Logistics,2021,M_USD,72945.0,,,,,,,,,,,,,,,,,,,,,,,,,,,,,,,,,,,
89,4,It is not the case that you should ignore the following — determine: whats the value of the difference between revenue and current assets for ClearPath Logistics in 2020?,whats the value of the difference between revenue and current assets for ClearPath Logistics in 2020?,negation,,"diff(78_revenue, current_assets)","{""op"": ""diff"", ""left"": {""leaf"": ""78_revenue"", ""depth"": 0}, ""right"": {""derived"": ""current_assets"", ""expanded"": {""op"": ""sum"", ""left"": {""op"": ""sum"", ""left"": {""op"": ""sum"", ""left"": {""leaf"": ""78_cash"", ""depth"": 0}, ""right"": {""leaf"": ""78_accounts_receivable"", ""depth"": 0}, ""depth"": 1}, ""right"": {""leaf"": ""78_inventories"", ""depth"": 0}, ""depth"": 2}, ""right"": {""leaf"": ""78_short_term_investments"", ""depth"": 0}, ""depth"": 3}, ""depth"": 3}, ""depth"": 4}","{""op"": ""diff"", ""left"": {""kind"": ""leaf"", ""semantic_type_in"": [""amount""], ""depth"": 0}, ""right"": {""kind"": ""derived_concept"", ""name"": ""current_assets"", ""depth"": 0}, ""depth"": 1, ""kind"": ""node""}",382392.0,3,1,4,95037381,589955234,542427445,0.598,1,2,5,78_revenue,revenue,revenue,ClearPath Logistics,2020,M_USD,516553.0,78_cash,cash,cash,ClearPath Logistics,2020,M_USD,24389.0,78_accounts_receivable,accounts_receivable,accounts receivable,ClearPath Logistics,2020,M_USD,33576.0,78_inventories,inventories,inventories,ClearPath Logistics,2020,M_USD,22786.0,78_short_term_investments,short_term_investments,short term investments,ClearPath Logistics,2020,M_USD,53410.0,,,,,,,,,,,,,,,,,,,,,,,,,,,,
90,2,which result follows from the operating income for Ironclad Manufacturing in 2022? — answer using the figures exactly as given.,which result follows from the operating income for Ironclad Manufacturing in 2022?,negation,,operating_income,"{""derived"": ""operating_income"", ""expanded"": {""op"": ""diff"", ""left"": {""derived"": ""gross_profit"", ""expanded"": {""op"": ""diff"", ""left"": {""leaf"": ""38_revenue"", ""depth"": 0}, ""right"": {""leaf"": ""38_cost_of_goods_sold"", ""depth"": 0}, ""depth"": 1}, ""depth"": 1}, ""right"": {""leaf"": ""38_operating_expenses"", ""depth"": 0}, ""depth"": 2}, ""depth"": 2}","{""kind"": ""derived_concept"", ""name"": ""operating_income"", ""depth"": 0}",114444.0,4,0,2,876383914,723983335,542427445,0.424,0,1,3,38_revenue,revenue,revenue,Ironclad Manufacturing,2022,M_USD,368281.0,38_cost_of_goods_sold,cost_of_goods_sold,cost of goods sold,Ironclad Manufacturing,2022,M_USD,224247.0,38_operating_expenses,operating_expenses,operating expenses,Ironclad Manufacturing,2022,M_USD,29590.0,,,,,,,,,,,,,,,,,,,,,,,,,,,,,,,,,,,,,,,,,,
90,3,Do not apply any adjustment; simply compute: what does the following give: current assets for Crimson Pharmaceuticals in 2024 ?,what does the following give: current assets for Crimson Pharmaceuticals in 2024 ?,negation,,current_assets,"{""derived"": ""current_assets"", ""expanded"": {""op"": ""sum"", ""left"": {""op"": ""sum"", ""left"": {""op"": ""sum"", ""left"": {""leaf"": ""88_cash"", ""depth"": 0}, ""right"": {""leaf"": ""88_accounts_receivable"", ""depth"": 0}, ""depth"": 1}, ""right"": {""leaf"": ""88_inventories"", ""depth"": 0}, ""depth"": 2}, ""right"": {""leaf"": ""88_short_term_investments"", ""depth"": 0}, ""depth"": 3}, ""depth"": 3}","{""kind"": ""derived_concept"", ""name"": ""current_assets"", ""depth"": 0}",254814.0,4,0,3,766198610,441428368,542427445,0.481,0,1,4,88_cash,cash,cash,Crimson Pharmaceuticals,2024,M_USD,102325.0,88_accounts_receivable,accounts_receivable,accounts receivable,Crimson Pharmaceuticals,2024,M_USD,78674.0,88_inventories,inventories,inventories,Crimson Pharmaceuticals,2024,M_USD,24991.0,88_short_term_investments,short_term_investments,short term investments,Crimson Pharmaceuticals,2024,M_USD,48824.0,,,,,,,,,,,,,,,,,,,,,,,,,,,,,,,,,,,
99,3,"Which value corresponds to the pretax income for Helix BioSciences in 2021 (compute the value as stated, without sign changes.)",Which value corresponds to the pretax income for Helix BioSciences in 2021,negation,,pretax_income,"{""derived"": ""pretax_income"", ""expanded"": {""op"": ""diff"", ""left"": {""derived"": ""operating_income"", ""expanded"": {""op"": ""diff"", ""left"": {""derived"": ""gross_profit"", ""expanded"": {""op"": ""diff"", ""left"": {""leaf"": ""73_revenue"", ""depth"": 0}, ""right"": {""leaf"": ""73_cost_of_goods_sold"", ""depth"": 0}, ""depth"": 1}, ""depth"": 1}, ""right"": {""leaf"": ""73_operating_expenses"", ""depth"": 0}, ""depth"": 2}, ""depth"": 2}, ""right"": {""leaf"": ""73_non_operating_expenses"", ""depth"": 0}, ""depth"": 3}, ""depth"": 3}","{""kind"": ""derived_concept"", ""name"": ""pretax_income"", ""depth"": 0}",61174.0,4,0,3,518037084,660382754,542427445,0.144,0,1,4,73_revenue,revenue,revenue,Helix BioSciences,2021,M_USD,200629.0,73_cost_of_goods_sold,cost_of_goods_sold,cost of goods sold,Helix BioSciences,2021,M_USD,69533.0,73_operating_expenses,operating_expenses,operating expenses,Helix BioSciences,2021,M_USD,46110.0,73_non_operating_expenses,non_operating_expenses,non operating expenses,Helix BioSciences,2021,M_USD,23812.0,,,,,,,,,,,,,,,,,,,,,,,,,,,,,,,,,,,
