Checking model path...
Starting pipeline: Thu Jun 18 06:15:04 AM CEST 2026
Model: gemma-4-E4B-it
GPU: 0
Thu Jun 18 06:15:04 2026       
+-----------------------------------------------------------------------------------------+
| NVIDIA-SMI 580.159.04             Driver Version: 580.159.04     CUDA Version: 13.0     |
+-----------------------------------------+------------------------+----------------------+
| GPU  Name                 Persistence-M | Bus-Id          Disp.A | Volatile Uncorr. ECC |
| Fan  Temp   Perf          Pwr:Usage/Cap |           Memory-Usage | GPU-Util  Compute M. |
|                                         |                        |               MIG M. |
|=========================================+========================+======================|
|   0  Quadro RTX 6000                On  |   00000000:A1:00.0 Off |                  Off |
| 33%   32C    P8             13W /  260W |       1MiB /  24576MiB |      0%      Default |
|                                         |                        |                  N/A |
+-----------------------------------------+------------------------+----------------------+

+-----------------------------------------------------------------------------------------+
| Processes:                                                                              |
|  GPU   GI   CI              PID   Type   Process name                        GPU Memory |
|        ID   ID                                                               Usage      |
|=========================================================================================|
|  No running processes found                                                             |
+-----------------------------------------------------------------------------------------+
[INFO]  CUDA GPU detected - using 4-bit quantisation.
[INFO]  Pool: 688 examples | depth dist: {0: 150, 1: 203, 2: 135, 3: 63, 4: 56, 5: 46, 6: 23, 7: 9, 8: 2, 9: 1}

[PHASE 1] Generating CoT traces from base model ...
  [1/688] depth=1 KEEP | truth=85599.0 pred=85599.0
         Q: what does the following give: the minimum of operating expenses for CRPH using v
         R: Operating expenses for 2022: 85599; Operating expenses for 2023: 98272. Minimum of 85599 and 98272 is 85599.
Answer: 85599

  [2/688] depth=3 SKIP | truth=-782.0 pred=1218.0
         Q: determine the pretax income for PNHG in 2020
         R: Pretax Income = Revenue - Cost of Goods Sold - Operating Expenses - Non-operating Expenses.
Calculation: 15631 - 11723 - 1876 - 2814 = 1218.
Answer: 1218

  [3/688] depth=2 KEEP | truth=20286.0 pred=20286.0
         Q: may you calculate the the minimum of current liabilities for NVST using values f
         R: Current liabilities for 2020: 20286; 2021: 30234; 2022: 37004.
Minimum value is 20286.
Answer: 20286

  [4/688] depth=1 KEEP | truth=3681.1436759660687 pred=3681.11
         Q: What is the result of current liabilities scaled by income tax for APEX in 2024
         R: Current liabilities for APEX in 2024 are 25828. Income tax rate is 0.14252530881082812. Calculation: 25828 * 0.14252530881082812 = 3681.11.
Answer: 3681.11

  [5/688] depth=1 KEEP | truth=-266175.0 pred=-266175.0
         Q: may you calculate the difference between dividends paid and total assets for NVS
         R: In 2024, dividends paid is 5642 and total assets is 271817.
Difference = 5642 - 271817 = -266175.
Answer: -266175

  [6/688] depth=1 KEEP | truth=-7589.0 pred=-7589.0
         Q: State the difference between accounts receivable and cost of goods sold for PNHG
         R: Accounts Receivable (2021) = 1076
Cost of Goods Sold (2021) = 8665
Difference = 1076 - 8665 = -7589
Answer: -7589

  [7/688] depth=6 SKIP | truth=-53784.29110414865 pred=-1.44815
         Q: Compute the result of difference between inventories and longterm liabilities sc
         R: 2022 Data: Inventories=5002, Long-term Liabilities=Total Liabilities(124280) - Current Liabilities(50369)=73911, Operating Income=Revenue(84608)-COGS(35311)-OpEx(15563)=33734, Dividends=4613, Income Tax=0.15312290250627075, Current Assets=Cash(24174)+AR(11245)+Inv(5002)+STInv(2093)=42514.
Ratio1 = 3

  [8/688] depth=2 KEEP | truth=129984.0 pred=130000.0
         Q: Evaluate the operating income for TICB in 2025
         R: Operating Income = Revenue - Cost of Goods Sold - Operating Expenses.
For 2025: 552,586 - 320,376 - 102,226 = 130,000.
Answer: 130000

  [9/688] depth=3 KEEP | truth=36239.0 pred=36239.0
         Q: What's the value of the pretax income for ATGL in 2023 ?
         R: Pretax Income = Revenue - Cost of Goods Sold - Operating Expenses - Non-operating Expenses.
For 2023: 89374 - 32958 - 8293 - 11884 = 36239.
Answer: 36239

  [10/688] depth=1 KEEP | truth=12144.0 pred=12144.0
         Q: give the the maximum of accounts receivable for ORFG using values from 2024 thro
         R: Accounts Receivable 2024: 12144
Accounts Receivable 2025: 5376
Maximum(12144, 5376) = 12144
Answer: 12144

  [11/688] depth=4 KEEP | truth=65249.0 pred=65249.0
         Q: What does the following give: the minimum of current liabilities for CRPH using 
         R: 2021: 65249, 2022: 122414, 2023: 127801, 2024: 82551, 2025: 213345. Minimum is 65249.
Answer: 65249

  [12/688] depth=1 KEEP | truth=3456.0 pred=3456.0
         Q: state the the maximum of operating expenses for PNHG using values from 2024 thro
         R: Operating expenses for 2024 are 1168 and for 2025 are 3456. The maximum value between these two is 3456.
Answer: 3456

  [13/688] depth=3 KEEP | truth=29918.0 pred=29918.0
         Q: what is the pretax income for APEX in 2020?
         R: To calculate pretax income, we first determine Net Income and then add back Income Tax.
Net Income = Revenue - Cost of Goods Sold - Operating Expenses - Non-operating Expenses - Income Tax.
Revenue (2020) = 67781, COGS = 27804, OpEx = 5281, Non-OpEx = 4778.
Operating Income = 67781 - 27804 - 5281 =

  [14/688] depth=0 KEEP | truth=19203.0 pred=19203.0
         Q: state the revenue for PNHG in 2023 .
         R: 2023 revenue data is directly listed in the provided dataset.
Answer: 19203

  [15/688] depth=7 SKIP | truth=-18527.662039045557 pred=41162.63
         Q: determine the result of ratio of sum of sum of sum of sum of sum of total liabil
         R: Sum of total liabilities (2020-2025) = 48679 + 20731 + 124280 + 47727 + 62367 + 44720 = 336404.
Ratio = 336404 / 6.0 = 56067.3333.
Growth factor = Capex(2025) / Capex(2020) = 4610 / 6279 = 0.7342.
Result = 56067.3333 * 0.7342 = 41162.63.
Answer: 41162.63

  [16/688] depth=4 KEEP | truth=66789.0 pred=66789.0
         Q: You should calculate the the maximum of total equity for APEX using values from 
         R: Total Equity values: 2020 (24537), 2021 (42013), 2022 (66789), 2023 (58314), 2024 (24969). Maximum is 66789.
Answer: 66789

  [17/688] depth=1 KEEP | truth=-321417.0 pred=-321417.0
         Q: What does the following give: difference between non operating expenses and tota
         R: Non-operating expenses in 2020: 60056
Total equity in 2020: 381473
Calculation: 60056 - 381473 = -321417
Answer: -321417

  [18/688] depth=1 KEEP | truth=8680.0 pred=8680.0
         Q: compute the sum of inventories and inventories for QBHD in 2021.
         R: In 2021, QBHD's inventories are 4340. The question asks for the sum of "inventories and inventories," which implies adding the value to itself (4340 + 4340).
Calculation: 4340 + 4340 = 8680.
Answer: 8680

  [19/688] depth=3 SKIP | truth=55302.5 pred=636.5
         Q: Which value corresponds to the sum of ratio of sum of operating expenses for HLX
         R: 2023 Operating Expenses = 27838; 2024 Operating Expenses = 28101; Sum = 55939.
Ratio = 55939 / 2.0 = 27969.5.
Current Liabilities 2024 = 27333.
Result = 27969.5 - 27333 = 636.5.
Answer: 636.5

  [20/688] depth=1 KEEP | truth=4121.0 pred=4121.0
         Q: state the longterm liabilities for PNHG in 2022 .
         R: Total liabilities in 2022 are 7666. Current liabilities are 3545. Long-term liabilities = Total liabilities - Current liabilities = 7666 - 3545 = 4121.
Answer: 4121

  [21/688] depth=1 KEEP | truth=60098.0 pred=60098.0
         Q: Could you give the sum of cost of goods sold and inventories for MSYS in 2020
         R: 2020 Cost of Goods Sold: 52780
2020 Inventories: 7318
Calculation: 52780 + 7318 = 60098
Answer: 60098

  [22/688] depth=2 KEEP | truth=223171.0 pred=223171.0
         Q: which result follows from the sum of difference between revenue and total equity
         R: 2023 Revenue (397,455) - 2023 Total Equity (187,787) = 209,668.
2023 Accounts Receivable (25,432) - 2023 Inventories (11,929) = 13,503.
Sum of differences: 209,668 + 13,503 = 223,171.
Answer: 223171

  [23/688] depth=2 KEEP | truth=7520.880022421865 pred=7520.882042621869
         Q: determine the difference between total liabilities and result of capex scaled by
         R: 2022 Total Liabilities = 7666.
2022 Capex = 489.
2022 Income Tax Rate = 0.29676887030293425.
Capex scaled by income tax = 489 * 0.29676887030293425 = 145.11795737813084.
Difference = 7666 - 145.11795737813084 = 7520.882042621869.
Answer: 7520.882042621869

  [24/688] depth=4 KEEP | truth=10051.0 pred=10051.0
         Q: Determine the the maximum of current liabilities for PNHG using values from 2021
         R: Current liabilities for PNHG from 2021 to 2025 are: 1346 (2021), 3545 (2022), 4458 (2023), 6778 (2024), and 10051 (2025). The maximum value among these is 10051.

Answer: 10051

  [25/688] depth=1 KEEP | truth=37881.0 pred=37881.0
         Q: could you give the longterm liabilities for MSYS in 2020
         R: Long-term liabilities = Total Liabilities - Current Liabilities.
For 2020: 56087 - 18206 = 37881.
Answer: 37881

  [26/688] depth=1 KEEP | truth=54812.0 pred=54812.0
         Q: Compute the sum of total equity and dividends paid for QBHD in 2023.
         R: 2023 Total Equity = 42736; 2023 Dividends Paid = 12076; Sum = 42736 + 12076 = 54812.
Answer: 54812

  [27/688] depth=2 KEEP | truth=78165.0 pred=78165.0
         Q: whats the value of the the maximum of total assets for CBSM using values from 20
         R: Total Assets values: 2020 (78165), 2021 (52203), 2022 (57651).
Maximum = 78165.
Answer: 78165

  [28/688] depth=0 KEEP | truth=11723.0 pred=11723.0
         Q: state the cost of goods sold for PNHG in 2020.
         R: In 2020, the data for PNHG lists the cost_of_goods_sold as 11723.

Answer: 11723

  [29/688] depth=6 SKIP | truth=10174.0 pred=7456.5
         Q: Give the result of ratio of sum of cash for ORFG in 2021 and cash for ORFG in 20
         R: Calculation: (11712 + 8636) / 2.0 = 9674. Minimum of short-term investments (2020-2021) = 7772. Minimum of short-term investments (2020-2024) = 5962. Result = 9674 / (7772 / 5962) = 9674 * (5962 / 7772) ≈ 7456.5.
Answer: 7456.5

  [30/688] depth=1 KEEP | truth=114582.0 pred=114582.0
         Q: give the longterm liabilities for ORFG in 2023 .
         R: Total liabilities in 2023 are 154,461. Current liabilities are 39,879. Long-term liabilities = Total liabilities - Current liabilities = 154,461 - 39,879 = 114,582.
Answer: 114582

  [31/688] depth=0 KEEP | truth=347347.0 pred=347347.0
         Q: Evaluate the total liabilities for TICB in 2025.
         R: Based on the data for Year 2025, the total liabilities for TICB are explicitly listed as 347347.

Answer: 347347

  [32/688] depth=3 KEEP | truth=20602.33333333333 pred=20602.333333333332
         Q: What is the value of the average current liabilities for ATGL across years 2020 
         R: Current liabilities for 2020: 14619, 2021: 32600, 2022: 14588.
Sum = 14619 + 32600 + 14588 = 61807.
Average = 61807 / 3 = 20602.333...
Answer: 20602.333333333332

  [33/688] depth=0 KEEP | truth=212503.0 pred=212503.0
         Q: What would be the cost of goods sold for CPTH in 2024
         R: Based on the data provided for Year 2024, the cost of goods sold is explicitly listed as 212503.

Answer: 212503

  [34/688] depth=0 KEEP | truth=10838.0 pred=10838.0
         Q: Provide the accounts receivable for PCEN in 2025.
         R: Based on the data provided for Year 2025, the accounts_receivable value is explicitly listed as 10838.

Answer: 10838

  [35/688] depth=1 KEEP | truth=36886.0 pred=36886.0
         Q: Compute the longterm liabilities for QBHD in 2024 .
         R: Long-term liabilities = Total Liabilities - Current Liabilities.
For 2024: 62367 - 25481 = 36886.
Answer: 36886

  [36/688] depth=2 KEEP | truth=138824.0 pred=138824.0
         Q: give the sum of difference between revenue and total equity and sum of total equ
         R: 2025 Revenue (133,448) - 2025 Total Equity (113,173) = 20,275.
2025 Total Equity (113,173) + 2025 Accounts Receivable (5,376) = 118,549.
Sum of differences: 20,275 + 118,549 = 138,824.
Answer: 138824

  [37/688] depth=2 KEEP | truth=13913.5 pred=13913.5
         Q: May you calculate the average capex for NVST across years 2024 through 2025
         R: Capex 2024 = 11361, Capex 2025 = 16466.
Average = (11361 + 16466) / 2 = 13913.5.
Answer: 13913.5

  [38/688] depth=2 KEEP | truth=29590.0 pred=29590.0
         Q: Which result follows from the the minimum of operating expenses for IRCL using v
         R: Operating expenses for 2022: 29590; 2023: 96193; 2024: 44603.
Minimum value is 29590.
Answer: 29590

  [39/688] depth=1 KEEP | truth=20633.0 pred=20633.0
         Q: which value corresponds to the the minimum of inventories for HLXB using values 
         R: Inventories for 2024: 20633; Inventories for 2025: 26091.
Minimum value is 20633.
Answer: 20633

  [40/688] depth=0 KEEP | truth=43847.0 pred=43847.0
         Q: may you give the cash for ORFG in 2025
         R: Based on the data for Year 2025, the cash value for ORFG is explicitly listed as 43847.

Answer: 43847

  [41/688] depth=2 KEEP | truth=118715.0 pred=118715.0
         Q: Evaluate the the minimum of total equity for TICB using values from 2021 through
         R: 2021 Total Equity: 340707
2022 Total Equity: 118715
2023 Total Equity: 472468
Minimum value is 118715.
Answer: 118715

  [42/688] depth=0 KEEP | truth=144323.0 pred=144323.0
         Q: Which value corresponds to the cost of goods sold for HLXB in 2020?
         R: In 2020, the data for HLXB lists the cost_of_goods_sold as 144323.

Answer: 144323

  [43/688] depth=1 SKIP | truth=9027.274455709028 pred=208248.93
         Q: provide the result of operating expenses scaled by income tax for PCEN in 2021.
         R: Operating Expenses (2021) = 43358
Income Tax (2021) = 0.208203202539532
Calculation: 43358 / 0.208203202539532 = 208248.93
Answer: 208248.93

  [44/688] depth=3 KEEP | truth=3475.0 pred=3475.0
         Q: State the the maximum of short term investments for PNHG using values from 2022 
         R: Short-term investments for PNHG from 2022 to 2025 are: 801 (2022), 719 (2023), 1839 (2024), and 3475 (2025). The maximum value among these is 3475.

Answer: 3475

  [45/688] depth=3 KEEP | truth=84608.0 pred=84608.0
         Q: compute the the minimum of revenue for QBHD using values from 2022 through 2025.
         R: Revenue values for QBHD from 2022 through 2025 are: 84608 (2022), 86108 (2023), 97119 (2024), and 93743 (2025). Comparing these values, the minimum is 84608.

Answer: 84608

  [46/688] depth=3 SKIP | truth=155384.0 pred=0.0
         Q: compute the sum of revenue and difference between sum of revenue and cost of goo
         R: 2020 Revenue = 79628, 2020 Cost of Goods Sold = 37878.
Gross Profit = 79628 - 37878 = 41750.
Difference between sum of revenue and cost of goods sold and gross profit = 41750 - 41750 = 0.
Answer: 0

  [47/688] depth=5 KEEP | truth=0.0 pred=0.0
         Q: Which result follows from the the minimum of dividends paid for IRCL using value
         R: Dividends paid values: 2020=0, 2021=8718, 2022=3921, 2023=29575, 2024=9119, 2025=1142.
Minimum value is 0 (from 2020).
Answer: 0

  [48/688] depth=2 KEEP | truth=29575.0 pred=29575.0
         Q: Which result follows from the the maximum of dividends paid for IRCL using value
         R: Dividends paid in 2021: 8718
Dividends paid in 2022: 3921
Dividends paid in 2023: 29575
Maximum of [8718, 3921, 29575] = 29575
Answer: 29575

  [49/688] depth=0 KEEP | truth=3096.0 pred=3096.0
         Q: could you give the dividends paid for MSYS in 2023 ?
         R: Based on the data for Year 2023, the value for dividends_paid is explicitly listed as 3096.

Answer: 3096

  [50/688] depth=2 KEEP | truth=34696.0 pred=34696.0
         Q: What is the operating income for APEX in 2020?
         R: Operating Income = Revenue - Cost of Goods Sold - Operating Expenses.
For 2020: 67781 - 27804 - 5281 = 34696.
Answer: 34696

  [50/688]  kept=43  skipped=7  (86% pass rate so far)
  [51/688] depth=2 KEEP | truth=205814.0 pred=205814.0
         Q: you should calculate the operating income for TICB in 2021
         R: Operating Income = Revenue - Cost of Goods Sold - Operating Expenses.
For 2021: 471764 - 148142 - 117808 = 205814.
Answer: 205814

  [52/688] depth=0 KEEP | truth=4731.0 pred=4731.0
         Q: What's the value of the inventories for ATGL in 2021 ?
         R: In 2021, the data for ATGL lists inventories as 4731.

Answer: 4731

  [53/688] depth=1 KEEP | truth=353846.0 pred=353846.0
         Q: You should calculate the longterm liabilities for TICB in 2023 .
         R: Long-term liabilities = Total Liabilities - Current Liabilities.
For 2023: 692670 - 338824 = 353846.
Answer: 353846

  [54/688] depth=0 KEEP | truth=234572.0 pred=234572.0
         Q: could you give the total assets for MSYS in 2024?
         R: Based on the data for Year 2024, the total_assets value is explicitly listed as 234572.

Answer: 234572

  [55/688] depth=0 KEEP | truth=8721.0 pred=8721.0
         Q: Could you give the accounts receivable for MSYS in 2020?
         R: Based on the data for Year 2020, the accounts_receivable value is explicitly listed as 8721.

Answer: 8721

  [56/688] depth=1 KEEP | truth=351964.0 pred=351964.0
         Q: calculate the gross profit for SLRI in 2021
         R: Gross Profit = Revenue - Cost of Goods Sold.
For SLRI in 2021: Revenue = 617,154 and Cost of Goods Sold = 265,190.
Calculation: 617,154 - 265,190 = 351,964.
Answer: 351964

  [57/688] depth=3 KEEP | truth=88430.0 pred=88430.0
         Q: Which result follows from the the maximum of short term investments for IRCL usi
         R: Short-term investments for 2020: 45319; 2021: 16327; 2022: 88430; 2023: 12073.
Maximum value among these years is 88430 (2022).
Answer: 88430

  [58/688] depth=1 KEEP | truth=-323635.0 pred=-323635.0
         Q: You should calculate the difference between current liabilities and total assets
         R: In 2022, current liabilities are 112026 and total assets are 435661. The difference is calculated as 112026 - 435661 = -323635.
Answer: -323635

  [59/688] depth=4 SKIP | truth=125859.0 pred=115859.0
         Q: Give the longterm assets for ORFG in 2025.
         R: Long-term assets = Total Assets - Current Assets.
Current Assets (2025) = Cash (43847) + Accounts Receivable (5376) + Inventories (11315) + Short-term Investments (5816) = 76354.
Long-term assets = 192213 - 76354 = 115859.
Answer: 115859

  [60/688] depth=5 KEEP | truth=107197.25 pred=107197.25
         Q: you should give the sum of ratio of sum of sum of sum of cost of goods sold for 
         R: COGS 2022 = 27627, COGS 2023 = 27010, COGS 2024 = 30842, COGS 2025 = 30650.
Sum of COGS = 27627 + 27010 + 30842 + 30650 = 116129.
Ratio = 116129 / 4.0 = 29032.25.
Total Assets 2020 = 78165.
Result = 29032.25 + 78165 = 107197.25.
Answer: 107197.25

  [61/688] depth=0 KEEP | truth=10838.0 pred=10838.0
         Q: Provide the accounts receivable for PCEN in 2025
         R: Based on the data provided for Year 2025, the accounts_receivable value is explicitly listed as 10838.

Answer: 10838

  [62/688] depth=1 SKIP | truth=-452203.0 pred=452203.0
         Q: Which result follows from the difference between dividends paid and revenue for 
         R: 2024 Dividends Paid = 9119
2024 Revenue = 461322
Difference = 461322 - 9119 = 452203
Answer: 452203

  [63/688] depth=5 KEEP | truth=22314.6 pred=22314.6
         Q: Could you give the average non operating expenses for MSYS across years 2021 thr
         R: Non-operating expenses for 2021-2025: 19695, 16890, 15645, 13156, 46187.
Sum = 111573; Average = 111573 / 5 = 22314.6.
Answer: 22314.6

  [64/688] depth=0 KEEP | truth=516676.0 pred=516676.0
         Q: what would be the total liabilities for CPTH in 2024?
         R: Based on the data for Year 2024, the total liabilities for CPTH are explicitly listed as 516676.

Answer: 516676

  [65/688] depth=4 KEEP | truth=10166.0 pred=10166.0
         Q: You should give the the maximum of dividends paid for MSYS using values from 202
         R: Dividends paid for MSYS from 2020 to 2024 are: 10166 (2020), 1561 (2021), 6900 (2022), 3096 (2023), and 3752 (2024). Comparing these values, the maximum is 10166.

Answer: 10166

  [66/688] depth=6 KEEP | truth=10878.333333333334 pred=10878.333333333334
         Q: state the average cost of goods sold for PNHG across years 2020 through 2025.
         R: Cost of Goods Sold values: 2020=11723, 2021=8665, 2022=11725, 2023=9524, 2024=9857, 2025=13776.
Sum = 11723 + 8665 + 11725 + 9524 + 9857 + 13776 = 65270.
Average = 65270 / 6 = 10878.333...
Answer: 10878.333333333334

  [67/688] depth=1 KEEP | truth=63430.65415228524 pred=63430.45
         Q: what does the following give: result of current liabilities scaled by income tax
         R: Current liabilities for CRPH in 2025 are 213,345. Income tax rate is 0.29731493192849723. Calculation: 213345 * 0.29731493192849723 = 63430.45.
Answer: 63430.45

  [68/688] depth=0 KEEP | truth=6908.0 pred=6908.0
         Q: Which value corresponds to the dividends paid for HLXB in 2021 ?
         R: In 2021, the data for HLXB shows dividends_paid as 6908.
Answer: 6908

  [69/688] depth=0 KEEP | truth=228915.0 pred=228915.0
         Q: which value corresponds to the revenue for HLXB in 2022 ?
         R: 2022 revenue for HLXB is listed directly in the data under the Year 2022 section.
Value: 228915
Answer: 228915

  [70/688] depth=2 KEEP | truth=16570.0 pred=16570.0
         Q: What is the value of the sum of the maximum of short term investments for APEX u
         R: Short-term investments in 2023: 6054; Short-term investments in 2024: 10527. Maximum of these two is 10527. Inventories in 2022: 6043. Sum = 10527 + 6043 = 16570.
Answer: 16570

  [71/688] depth=1 KEEP | truth=163959.0 pred=163959.0
         Q: You should give the the minimum of revenue for MSYS using values from 2022 throu
         R: 2022 Revenue: 163959
2023 Revenue: 166363
Minimum(163959, 166363) = 163959
Answer: 163959

  [72/688] depth=0 KEEP | truth=89159.0 pred=89159.0
         Q: Evaluate the non operating expenses for TICB in 2025 .
         R: Based on the data for Year 2025, the non_operating_expenses value is explicitly listed as 89159.

Answer: 89159

  [73/688] depth=1 KEEP | truth=4613.0 pred=4613.0
         Q: state the the minimum of non operating expenses for PNHG using values from 2024 
         R: Non-operating expenses for 2024: 4613; Non-operating expenses for 2025: 4865.
Minimum value = min(4613, 4865) = 4613.
Answer: 4613

  [74/688] depth=0 KEEP | truth=159893.0 pred=159893.0
         Q: evaluate the total equity for TICB in 2025.
         R: Based on the data for Year 2025, the total equity is explicitly listed as 159893.

Answer: 159893

  [75/688] depth=1 KEEP | truth=-45354.0 pred=-45354.0
         Q: you should give the difference between non operating expenses and cash for PCEN 
         R: Non-operating expenses in 2020: 37262
Cash in 2020: 82616
Difference: 37262 - 82616 = -45354
Answer: -45354

  [76/688] depth=4 SKIP | truth=53256.0 pred=54256.0
         Q: You should give the longterm assets for CBSM in 2024.
         R: Long-term assets = Total Assets - Current Assets.
Current Assets = Cash (12572) + Accounts Receivable (2888) + Inventories (1029) + Short-term Investments (3350) = 18839.
Long-term assets = 73095 - 18839 = 54256.
Answer: 54256

  [77/688] depth=1 KEEP | truth=4865.0 pred=4865.0
         Q: determine the the maximum of non operating expenses for PNHG using values from 2
         R: Non-operating expenses for 2024 are 4613 and for 2025 are 4865. The maximum of these two values is 4865.
Answer: 4865

  [78/688] depth=5 KEEP | truth=5578.0 pred=5578.0
         Q: Could you give the the minimum of short term investments for MSYS using values f
         R: Short-term investments for MSYS from 2020 to 2025 are: 14711, 16112, 10888, 6816, 5578, and 21498. The minimum value among these is 5578.
Answer: 5578

  [79/688] depth=0 KEEP | truth=99211.0 pred=99211.0
         Q: what is the total liabilities for APEX in 2021?
         R: Based on the data for Year 2021, the total liabilities for APEX are explicitly listed as 99211.

Answer: 99211

  [80/688] depth=4 KEEP | truth=48287.0 pred=48287.0
         Q: determine the longterm assets for QBHD in 2025
         R: Long-term assets = Total Assets - Current Assets.
Current Assets (2025) = Cash (4105) + Accounts Receivable (4087) + Inventories (3180) + Short-term Investments (5710) = 17,082.
Long-term assets (2025) = Total Assets (65,369) - Current Assets (17,082) = 48,287.
Answer: 48287

  [81/688] depth=2 KEEP | truth=24706.0 pred=24706.0
         Q: What is the value of the the maximum of cash for ATGL using values from 2021 thr
         R: 2021 Cash: 24706, 2022 Cash: 13377, 2023 Cash: 22183.
Maximum value is 24706.
Answer: 24706

  [82/688] depth=5 KEEP | truth=25767.6 pred=25767.6
         Q: Provide the average operating expenses for PCEN across years 2020 through 2024 .
         R: Operating expenses for 2020-2024: 11229, 43358, 10830, 42626, 20795.
Sum = 128838; Average = 128838 / 5 = 25767.6.
Answer: 25767.6

  [83/688] depth=4 KEEP | truth=221593.0 pred=221593.0
         Q: Which result follows from the the maximum of current liabilities for IRCL using 
         R: Current liabilities for 2021-2025: 50873, 200151, 67087, 103109, 221593.
Maximum value is 221593 (from 2025).
Answer: 221593

  [84/688] depth=4 KEEP | truth=13156.0 pred=13156.0
         Q: Could you give the the minimum of non operating expenses for MSYS using values f
         R: Non-operating expenses for 2020: 21212
Non-operating expenses for 2021: 19695
Non-operating expenses for 2022: 16890
Non-operating expenses for 2023: 15645
Non-operating expenses for 2024: 13156
Minimum value among 21212, 19695, 16890, 15645, and 13156 is 13156.
Answer: 13156

  [85/688] depth=0 KEEP | truth=200629.0 pred=200629.0
         Q: which value corresponds to the revenue for HLXB in 2021 ?
         R: 2021 revenue for HLXB is listed directly in the data under the Year 2021 section.
Value: 200629
Answer: 200629

  [86/688] depth=2 SKIP | truth=2032.0 pred=1932.0
         Q: determine the operating income for PNHG in 2020
         R: Operating Income = Revenue - Cost of Goods Sold - Operating Expenses.
Calculation: 15631 - 11723 - 1876 = 1932.
Answer: 1932

  [87/688] depth=0 KEEP | truth=23961.0 pred=23961.0
         Q: compute the total equity for QBHD in 2024.
         R: Based on the data for Year 2024, the total equity is explicitly listed as 23961.

Answer: 23961

  [88/688] depth=0 KEEP | truth=59865.0 pred=59865.0
         Q: calculate the short term investments for SLRI in 2021.
         R: Based on the data for Year 2021, the short_term_investments value is explicitly listed as 59865.

Answer: 59865

  [89/688] depth=0 KEEP | truth=89374.0 pred=89374.0
         Q: what's the value of the revenue for ATGL in 2023 ?
         R: 2023 revenue data is directly listed in the provided dataset.
Answer: 89374

  [90/688] depth=0 KEEP | truth=43056.0 pred=43056.0
         Q: Evaluate the short term investments for SLRI in 2025 .
         R: Short-term investments for SLRI in 2025 are explicitly listed in the data as 43056. No calculation is required as the value is directly provided.
Answer: 43056

  [91/688] depth=6 KEEP | truth=54454.833333333336 pred=54453.83333333333
         Q: whats the value of the average revenue for CBSM across years 2020 through 2025?
         R: Revenue values: 53876, 52817, 55948, 56007, 52725, 55356.
Sum = 326723; Average = 326723 / 6 = 54453.8333...
Answer: 54453.83333333333

  [92/688] depth=1 KEEP | truth=385498.0 pred=385498.0
         Q: what do we obtain as the gross profit for CRPH in 2022
         R: Gross Profit = Revenue - Cost of Goods Sold.
For 2022: 616787 - 231289 = 385498.
Answer: 385498

  [93/688] depth=0 KEEP | truth=12598.0 pred=12598.0
         Q: What's the value of the cash for CBSM in 2020
         R: Based on the data for Year 2020, the cash value for CBSM is explicitly listed as 12598.

Answer: 12598

  [94/688] depth=5 KEEP | truth=28203.0 pred=28203.0
         Q: state the the maximum of total liabilities for PNHG using values from 2020 throu
         R: Total liabilities for PNHG from 2020 to 2025 are: 10116, 3855, 7666, 9629, 26839, and 28203. The maximum value among these is 28203.
Answer: 28203

  [95/688] depth=0 KEEP | truth=6460.0 pred=6460.0
         Q: you should give the capex for ATGL in 2020
         R: Based on the data for Year 2020, the capex value is explicitly listed as 6460.

Answer: 6460

  [96/688] depth=2 KEEP | truth=31904.5 pred=31904.5
         Q: Compute the average cost of goods sold for QBHD across years 2022 through 2023
         R: 2022 COGS = 35311, 2023 COGS = 28498. Average = (35311 + 28498) / 2 = 31904.5.
Answer: 31904.5

  [97/688] depth=2 KEEP | truth=113938.5 pred=113938.5
         Q: Which result follows from the average total liabilities for HLXB across years 20
         R: Total liabilities 2024 = 81788; Total liabilities 2025 = 146089.
Average = (81788 + 146089) / 2 = 113938.5.
Answer: 113938.5

  [98/688] depth=6 SKIP | truth=20307.33333333333 pred=18640.67
         Q: what is the value of the average current liabilities for ATGL across years 2020 
         R: Current liabilities for 2020-2025 are: 14619, 32600, 14588, 8455, 22282, 29300.
Sum = 111844; Average = 111844 / 6 = 18640.666...
Answer: 18640.67

  [99/688] depth=2 KEEP | truth=-17386.0 pred=-17386.0
         Q: what does the following give: sum of difference between inventories and total eq
         R: 2022: (Inventories 28424 - Total Equity 149482) = -121058.
2020: Non-operating expenses = 60056.
2021: Non-operating expenses = 103672.
Maximum of non-operating expenses (2020-2021) = 103672.
Sum = -121058 + 103672 = -17386.
Answer: -17386

  [100/688] depth=4 KEEP | truth=378705.0 pred=378705.0
         Q: you should calculate the longterm assets for IRCL in 2024 .
         R: Long-term assets = Total Assets - Current Assets.
Current Assets = Cash (33656) + Accounts Receivable (23748) + Inventories (7540) + Short-term Investments (14126) = 79070.
Long-term assets = 457775 - 79070 = 378705.
Answer: 378705

  [100/688]  kept=88  skipped=12  (88% pass rate so far)
  [101/688] depth=1 KEEP | truth=37127.0 pred=37127.0
         Q: may you calculate the longterm liabilities for NVST in 2021?
         R: Long-term liabilities = Total Liabilities - Current Liabilities.
For 2021: 67361 - 30234 = 37127.
Answer: 37127

  [102/688] depth=1 KEEP | truth=-3475.0 pred=-3475.0
         Q: Give the difference between short term investments and cash for ORFG in 2021 .
         R: Short term investments in 2021: 8237
Cash in 2021: 11712
Difference: 8237 - 11712 = -3475
Answer: -3475

  [103/688] depth=2 KEEP | truth=17636.0 pred=17636.0
         Q: what is the average short term investments for APEX across years 2021 through 20
         R: Short-term investments for 2021: 8213; Short-term investments for 2022: 27059.
Calculation: (8213 + 27059) / 2 = 17636.
Answer: 17636

  [104/688] depth=5 KEEP | truth=15728.0 pred=15728.0
         Q: Provide the sum of difference between accounts receivable and cash for PCEN in 2
         R: 2023 (AR - Cash): 25742 - 46177 = -20435.
2021-2025 Non-operating expenses: 28130, 21527, 26537, 36163, 21828.
Maximum non-operating expenses: 36163.
Sum: -20435 + 36163 = 15728.
Answer: 15728

  [105/688] depth=0 KEEP | truth=131903.0 pred=131903.0
         Q: Which result follows from the total equity for IRCL in 2024?
         R: Total Assets (2024) = 457775
Total Liabilities (2024) = 325872
Total Equity = Total Assets - Total Liabilities
Total Equity = 457775 - 325872 = 131903
Answer: 131903

  [106/688] depth=5 KEEP | truth=212503.0 pred=212503.0
         Q: What would be the the minimum of cost of goods sold for CPTH using values from 2
         R: Cost of Goods Sold values: 2020=220463, 2021=364081, 2022=372136, 2023=247181, 2024=212503, 2025=445216.
Minimum value is 212503 (from 2024).
Answer: 212503

  [107/688] depth=0 KEEP | truth=135686.0 pred=135686.0
         Q: Calculate the total equity for SLRI in 2020.
         R: Based on the data for Year 2020, the total equity for SLRI is explicitly listed as 135686.

Answer: 135686

  [108/688] depth=0 KEEP | truth=1123.0 pred=1123.0
         Q: state the inventories for PNHG in 2025 .
         R: In 2025, the data explicitly lists inventories as 1123.
Answer: 1123

  [109/688] depth=1 KEEP | truth=3080.0 pred=3080.0
         Q: State the sum of non operating expenses and inventories for PNHG in 2020 .
         R: Non-operating expenses in 2020: 2814
Inventories in 2020: 266
Sum: 2814 + 266 = 3080
Answer: 3080

  [110/688] depth=0 KEEP | truth=30058.0 pred=30058.0
         Q: Which result follows from the accounts receivable for IRCL in 2022
         R: Accounts Receivable for IRCL in 2022 is explicitly listed in the data.
Value = 30058
Answer: 30058

  [111/688] depth=5 KEEP | truth=28364.0 pred=28364.0
         Q: Which value corresponds to the the maximum of capex for HLXB using values from 2
         R: Capex values: 2020=15443, 2021=8553, 2022=10985, 2023=12175, 2024=8988, 2025=28364.
Maximum is 28364 (Year 2025).
Answer: 28364

  [112/688] depth=2 KEEP | truth=86227.0 pred=86227.0
         Q: which result follows from the average total equity for HLXB across years 2022 th
         R: Total Equity 2022 = 109750; Total Equity 2023 = 62704; Average = (109750 + 62704) / 2 = 86227.
Answer: 86227

  [113/688] depth=0 KEEP | truth=31425.0 pred=31425.0
         Q: which quantity is given by the current liabilities for MSYS in 2023
         R: Based on the data for Year 2023, the value for current_liabilities is explicitly listed as 31425.

Answer: 31425

  [114/688] depth=0 KEEP | truth=9026.0 pred=9026.0
         Q: could you give the capex for MSYS in 2022
         R: Based on the data for Year 2022, the capex value is explicitly listed as 9026.

Answer: 9026

  [115/688] depth=2 KEEP | truth=21092.0 pred=21092.0
         Q: What does the following give: the minimum of cash for CRPH using values from 202
         R: 2021 Cash: 21092, 2022 Cash: 55614, 2023 Cash: 158784. Minimum is 21092.
Answer: 21092

  [116/688] depth=2 KEEP | truth=29523.58209680443 pred=29523.78
         Q: What is the sum of result of non operating expenses scaled by income tax and lon
         R: Non-operating expenses in 2020 are 4778. Income tax rate is 0.24813354893353515. Long-term liabilities = Total Liabilities (46480) - Current Liabilities (18142) = 28338.
Calculation: (4778 * 0.24813354893353515) + 28338 = 1185.78 + 28338 = 29523.78.
Answer: 29523.78

  [117/688] depth=1 KEEP | truth=6450.0 pred=6450.0
         Q: state the gross profit for PNHG in 2021
         R: Gross Profit = Revenue - Cost of Goods Sold.
For 2021: 15115 - 8665 = 6450.
Answer: 6450

  [118/688] depth=1 KEEP | truth=2830.324857209176 pred=2830.355595552555
         Q: What is the value of the result of non operating expenses scaled by income tax f
         R: Non-operating expenses in 2020 are 14812. Income tax rate in 2020 is 0.19108323367601782.
Calculation: 14812 * 0.19108323367601782 = 2830.355595552555
Answer: 2830.355595552555

  [119/688] depth=1 KEEP | truth=23084.0 pred=23084.0
         Q: Whats the value of the longterm liabilities for CBSM in 2021
         R: Long-term liabilities = Total Liabilities - Current Liabilities.
For 2021: 33030 - 9946 = 23084.
Answer: 23084

  [120/688] depth=0 KEEP | truth=12189.0 pred=12189.0
         Q: determine the cash for QBHD in 2024
         R: Based on the data for Year 2024, the cash value for QBHD is explicitly listed as 12189.

Answer: 12189

  [121/688] depth=1 KEEP | truth=26953.0 pred=26953.0
         Q: what's the value of the difference between cost of goods sold and short term inv
         R: Cost of goods sold in 2025 is 30650. Short term investments in 2025 is 3697. Calculation: 30650 - 3697 = 26953.
Answer: 26953

  [122/688] depth=2 KEEP | truth=151488.0 pred=151488.0
         Q: what does the following give: operating income for CRPH in 2024 ?
         R: Operating Income = Revenue - Cost of Goods Sold - Operating Expenses.
For 2024: 712606 - 521794 - 39324 = 151488.
Answer: 151488

  [123/688] depth=2 SKIP | truth=-430612.4594506706 pred=1541606.5
         Q: what would be the result of sum of non operating expenses and revenue for CPTH i
         R: 2020 non-operating expenses (80,320) + 2020 revenue (516,553) = 596,873.
Total equity growth from 2020 (116,496) to 2023 (418,219) = 301,723.
Scaled result: 596,873 * (301,723 / 116,496) = 1,541,606.5.
Answer: 1541606.5

  [124/688] depth=4 KEEP | truth=186854.0 pred=186854.0
         Q: what is the value of the the maximum of total assets for ATGL using values from 
         R: Total Assets values from 2021 to 2025 are: 186854, 66524, 104031, 73012, 120811.
The maximum value among these is 186854 (from 2021).
Answer: 186854

  [125/688] depth=8 SKIP | truth=42000.689829735486 pred=-15090.5
         Q: Could you give the sum of result of difference between sum of operating expenses
         R: 2025 (OpEx + COGS) = 19676 + 83722 = 103398; 2025 (CL + TA) = 45565 + 147592 = 193157; Diff = 103398 - 193157 = -89759.
2021-2024 Inventories Sum = 2543 + 3888 + 2744 + 18608 = 27783; 2025 Inventory = 10774; Total Inv = 38557; Ratio = 38557 / 5.0 = 7711.4; Min(NonOp 2021-2025) = 46187; Final = -8975

  [126/688] depth=0 KEEP | truth=428824.0 pred=428824.0
         Q: You should calculate the revenue for TICB in 2020 .
         R: 2020 revenue is explicitly listed in the data as 428824.
Answer: 428824

  [127/688] depth=1 KEEP | truth=37941.0 pred=37941.0
         Q: what is the value of the gross profit for APEX in 2025
         R: Gross Profit = Revenue - Cost of Goods Sold.
For APEX in 2025: Revenue = 79388, Cost of Goods Sold = 41447.
Calculation: 79388 - 41447 = 37941.
Answer: 37941

  [128/688] depth=4 KEEP | truth=13643.0 pred=13643.0
         Q: may you give the the minimum of accounts receivable for NVST using values from 2
         R: Accounts receivable values from 2020 to 2024 are: 13643, 15250, 20455, 17765, and 23856. Comparing these values, the minimum is 13643 (from 2020).

Answer: 13643

  [129/688] depth=6 SKIP | truth=107800.5 pred=91132.17
         Q: calculate the average operating expenses for SLRI across years 2020 through 2025
         R: Operating expenses for 2020-2025: 32151, 147524, 141095, 60350, 108917, 156766.
Sum = 546793; Average = 546793 / 6 = 91132.1667.
Answer: 91132.17

  [130/688] depth=0 KEEP | truth=13101.0 pred=13101.0
         Q: Provide the accounts receivable for PCEN in 2021.
         R: 2021 accounts receivable data is directly listed in the provided financial data.
Value found: 13101
Answer: 13101

  [131/688] depth=0 KEEP | truth=246479.0 pred=246479.0
         Q: provide the total liabilities for PCEN in 2020
         R: Based on the data for Year 2020, the total liabilities for PCEN are explicitly listed as 246479.

Answer: 246479

  [132/688] depth=3 KEEP | truth=14463.0 pred=14463.0
         Q: which value corresponds to the the minimum of operating expenses for HLXB using 
         R: Operating expenses for HLXB from 2022 to 2025 are: 14463 (2022), 27838 (2023), 28101 (2024), and 27834 (2025). The minimum value among these is 14463.
Answer: 14463

  [133/688] depth=0 KEEP | truth=11712.0 pred=11712.0
         Q: may you give the cash for ORFG in 2021
         R: Based on the data for Year 2021, the cash value for ORFG is explicitly listed as 11712.

Answer: 11712

  [134/688] depth=2 KEEP | truth=200629.0 pred=200629.0
         Q: which value corresponds to the the minimum of revenue for HLXB using values from
         R: Revenue values for 2020, 2021, and 2022 are 214045, 200629, and 228915 respectively. The minimum value among these is 200629.
Answer: 200629

  [135/688] depth=7 KEEP | truth=423155.0 pred=423155.0
         Q: calculate the sum of accounts receivable for SLRI in 2021 and ratio of sum of su
         R: Accounts Receivable 2021 = 84561.
Sum of Total Liabilities (2020-2025) = 376312 + 390165 + 295198 + 443192 + 328592 + 198105 = 2031564.
Ratio = 2031564 / 6.0 = 338594.
Sum = 84561 + 338594 = 423155.
Answer: 423155

  [136/688] depth=0 KEEP | truth=94355.0 pred=94355.0
         Q: calculate the current liabilities for SLRI in 2024
         R: Based on the data for Year 2024, the value for current_liabilities is explicitly listed as 94355.

Answer: 94355

  [137/688] depth=1 SKIP | truth=6167.66869091543 pred=None
         Q: Could you give the result of non operating expenses scaled by income tax for MSY
         R: 21212 / 0.290763185504216 = 72952.3555

  [138/688] depth=3 KEEP | truth=47172.0 pred=47172.0
         Q: What is the value of the average total liabilities for ATGL across years 2021 th
         R: Total liabilities for 2021: 74292; 2022: 34053; 2023: 33171.
Sum = 74292 + 34053 + 33171 = 141516.
Average = 141516 / 3 = 47172.
Answer: 47172

  [139/688] depth=1 KEEP | truth=80521.0 pred=80521.0
         Q: Could you give the sum of accounts receivable and total equity for MSYS in 2025
         R: Accounts Receivable (2025) = 27,542; Total Equity (2025) = 52,979.
Sum = 27,542 + 52,979 = 80,521.
Answer: 80521

  [140/688] depth=0 KEEP | truth=22786.0 pred=22786.0
         Q: What do we obtain as the inventories for CPTH in 2020?
         R: In 2020, the data for CPTH lists inventories directly as 22786.
Answer: 22786

  [141/688] depth=0 KEEP | truth=17238.0 pred=17238.0
         Q: what would be the inventories for CPTH in 2024 ?
         R: Based on the provided data for CPTH in 2024, the inventories value is explicitly listed.

Answer: 17238

  [142/688] depth=0 KEEP | truth=140121.0 pred=140121.0
         Q: evaluate the cash for TICB in 2021
         R: 2021 Cash Balance = 140121.
Answer: 140121

  [143/688] depth=2 KEEP | truth=78889.0 pred=78889.0
         Q: state the the minimum of cost of goods sold for PCEN using values from 2022 thro
         R: Cost of goods sold values for 2022, 2023, and 2024 are 78889, 111318, and 87910 respectively.
Comparing these values, the minimum is 78889.
Answer: 78889

  [144/688] depth=3 KEEP | truth=203231.0 pred=203231.0
         Q: you should give the current assets for TICB in 2022.
         R: Current Assets = Cash + Accounts Receivable + Inventories + Short-term Investments.
For 2022: 65913 + 59855 + 18939 + 58524 = 203231.
Answer: 203231

  [145/688] depth=2 SKIP | truth=21608.0 pred=31659.0
         Q: state the sum of longterm liabilities and operating expenses for PNHG in 2025.
         R: Based on the provided data for PNHG in 2025, the value for "total_liabilities" is 28203. The data does not contain a specific field for "longterm liabilities," so the total liabilities are used as the proxy. The operating expenses for 2025 are 3456.

Calculation: 28203 (Total Liabilities) + 3456 (Op

  [146/688] depth=2 KEEP | truth=30563.0 pred=30563.0
         Q: may you give the the maximum of operating expenses for ORFG using values from 20
         R: Operating expenses for ORFG from 2021 to 2023 are: 24051 (2021), 26882 (2022), and 30563 (2023). The maximum value among these is 30563.
Answer: 30563

  [147/688] depth=2 KEEP | truth=8972.5 pred=8972.5
         Q: give the average capex for ORFG across years 2020 through 2021
         R: 2020 Capex: 8538; 2021 Capex: 9407; Sum: 17945; Average: 17945 / 2 = 8972.5
Answer: 8972.5

  [148/688] depth=5 SKIP | truth=1105471.6666666665 pred=417002.6666666667
         Q: calculate the sum of ratio of sum of sum of total assets for SLRI in 2022 and to
         R: 2022 Total Assets = 494264; 2023 Total Assets = 707950; 2024 Total Assets = 637517; 2021 Long-term Assets = Total Assets (729677) - Current Liabilities (193924) - Total Equity (339512) = 196241. Sum = 494264 + 707950 + 637517 = 1839731. Ratio = 1839731 / 3.0 = 613243.666...; Result = 613243.666... -

  [149/688] depth=0 KEEP | truth=3372.0 pred=3372.0
         Q: what is the value of the inventories for APEX in 2021 ?
         R: In 2021, the data for APEX lists inventories as 3372.

Answer: 3372

  [150/688] depth=6 KEEP | truth=25803.5 pred=25801.833333333332
         Q: Which value corresponds to the average accounts receivable for HLXB across years
         R: Accounts Receivable values: 20427 (2020), 16808 (2021), 29904 (2022), 28326 (2023), 36417 (2024), 22939 (2025).
Sum = 154811; Average = 154811 / 6 = 25801.8333...
Answer: 25801.833333333332

  [150/688]  kept=132  skipped=18  (88% pass rate so far)
  [151/688] depth=1 KEEP | truth=79658.0 pred=79658.0
         Q: give the gross profit for PCEN in 2021.
         R: Gross Profit = Revenue - Cost of Goods Sold.
For PCEN in 2021: Revenue = 190597, Cost of Goods Sold = 110939.
Calculation: 190597 - 110939 = 79658.
Answer: 79658

  [152/688] depth=3 KEEP | truth=3548.0 pred=3548.0
         Q: what is the value of the average dividends paid for ATGL across years 2023 throu
         R: Dividends 2023: 10644; Dividends 2024: 0; Dividends 2025: 0.
Sum = 10644 + 0 + 0 = 10644.
Average = 10644 / 3 = 3548.
Answer: 3548

  [153/688] depth=4 KEEP | truth=710334.5 pred=710334.5
         Q: what do we obtain as the average revenue for CRPH across years 2022 through 2025
         R: Revenue for 2022: 616,787; 2023: 714,010; 2024: 712,606; 2025: 797,935.
Sum = 616,787 + 714,010 + 712,606 + 797,935 = 2,841,338.
Average = 2,841,338 / 4 = 710,334.5.
Answer: 710334.5

  [154/688] depth=0 KEEP | truth=22282.0 pred=22282.0
         Q: what's the value of the current liabilities for ATGL in 2024
         R: Based on the data for Year 2024, the value for current_liabilities is explicitly listed as 22282.

Answer: 22282

  [155/688] depth=7 KEEP | truth=12664.5 pred=12664.5
         Q: Determine the difference between current liabilities for QBHD in 2025 and ratio 
         R: 2025 Current Liabilities = 15985.
Sum of Capex (2020-2025) = 6279 + 1944 + 2369 + 2436 + 2285 + 4610 = 19923.
Ratio = 19923 / 6.0 = 3320.5.
Difference = 15985 - 3320.5 = 12664.5.
Answer: 12664.5

  [156/688] depth=3 KEEP | truth=13127.333333333334 pred=13127.333333333332
         Q: could you give the average accounts receivable for MSYS across years 2020 throug
         R: Accounts Receivable for 2020: 8721
Accounts Receivable for 2021: 12135
Accounts Receivable for 2022: 18526
Sum: 8721 + 12135 + 18526 = 39382
Average: 39382 / 3 = 13127.333...
Answer: 13127.333333333333

  [157/688] depth=0 KEEP | truth=10261.0 pred=10261.0
         Q: provide the accounts receivable for PCEN in 2022
         R: Based on the data for Year 2022, the accounts_receivable value is explicitly listed as 10261.

Answer: 10261

  [158/688] depth=2 SKIP | truth=0.0 pred=874.8
         Q: what's the value of the result of difference between inventories and inventories
         R: 2023 inventories = 3957; 2023 operating expenses = 8293; 2023 dividends paid = 10644; ratio = 8293 / 10644 ≈ 0.7789; scaled inventories = 3957 * 0.7789 ≈ 3082.2; difference = 3957 - 3082.2 = 874.8.
Answer: 874.8

  [159/688] depth=2 KEEP | truth=88228.0 pred=88228.0
         Q: what is the the maximum of revenue for APEX using values from 2021 through 2023
         R: Revenue values for APEX from 2021 through 2023 are: 78856 (2021), 79021 (2022), and 88228 (2023). Comparing these values, the maximum is 88228.
Answer: 88228

  [160/688] depth=5 KEEP | truth=18142.0 pred=18142.0
         Q: what is the the minimum of current liabilities for APEX using values from 2020 t
         R: Current liabilities values: 2020=18142, 2021=31364, 2022=48056, 2023=29887, 2024=25828, 2025=34392. Minimum is 18142.
Answer: 18142

  [161/688] depth=3 KEEP | truth=5335.502901353965 pred=5350.5
         Q: state the result of the maximum of non operating expenses for PNHG using values 
         R: Max non-operating expenses (2023–2025) = 4865.
Capex growth (2023–2025) = 1084 - 517 = 567.
Result = 4865 * (567 / 517) ≈ 5350.5.
Answer: 5350.5

  [162/688] depth=1 KEEP | truth=218280.0 pred=218280.0
         Q: which result follows from the sum of non operating expenses and total liabilitie
         R: 2023 non_operating_expenses = 27761
2023 total_liabilities = 190519
Sum = 27761 + 190519 = 218280
Answer: 218280

  [163/688] depth=5 KEEP | truth=7540.0 pred=7540.0
         Q: Which result follows from the the minimum of inventories for IRCL using values f
         R: 2020: 22596, 2021: 9087, 2022: 21863, 2023: 11929, 2024: 7540, 2025: 36674. Minimum value is 7540 (Year 2024).
Answer: 7540

  [164/688] depth=1 KEEP | truth=128949.0 pred=128949.0
         Q: Which value corresponds to the the maximum of total liabilities for HLXB using v
         R: 2020 total liabilities: 128949
2021 total liabilities: 96102
Maximum of 128949 and 96102 is 128949.
Answer: 128949

  [165/688] depth=1 KEEP | truth=22183.0 pred=22183.0
         Q: what's the value of the the maximum of cash for ATGL using values from 2022 thro
         R: 2022 cash: 13377; 2023 cash: 22183; Maximum(13377, 22183) = 22183.
Answer: 22183

  [166/688] depth=1 KEEP | truth=510371.0 pred=510371.0
         Q: What does the following give: the minimum of total assets for CRPH using values 
         R: 2023 Total Assets: 664693
2024 Total Assets: 510371
Minimum(664693, 510371) = 510371
Answer: 510371

  [167/688] depth=1 KEEP | truth=28593.0 pred=28593.0
         Q: Whats the value of the gross profit for CBSM in 2020 ?
         R: Gross Profit = Revenue - Cost of Goods Sold
2020 Revenue: 53876
2020 COGS: 25283
Calculation: 53876 - 25283 = 28593
Answer: 28593

  [168/688] depth=6 KEEP | truth=108363.0 pred=108196.33333333333
         Q: you should calculate the average cash for TICB across years 2020 through 2025 .
         R: Cash values: 126394 (2020), 140121 (2021), 65913 (2022), 225815 (2023), 73487 (2024), 18448 (2025).
Sum = 126394 + 140121 + 65913 + 225815 + 73487 + 18448 = 649,178.
Average = 649,178 / 6 = 108,196.333...
Answer: 108196.33333333333

  [169/688] depth=2 KEEP | truth=20115.0 pred=20115.0
         Q: Which value corresponds to the average inventories for HLXB across years 2023 th
         R: 2023 inventories: 19597; 2024 inventories: 20633; Sum: 40230; Average: 40230 / 2 = 20115.
Answer: 20115

  [170/688] depth=1 KEEP | truth=133504.0 pred=133504.0
         Q: which result follows from the gross profit for IRCL in 2020
         R: Gross Profit = Revenue - Cost of Goods Sold.
For IRCL in 2020: Revenue = 365,060 and Cost of Goods Sold = 231,556.
Calculation: 365,060 - 231,556 = 133,504.
Answer: 133504

  [171/688] depth=5 SKIP | truth=51536.0 pred=32483.0
         Q: what's the value of the sum of longterm assets for CBSM in 2023 and the minimum 
         R: Long-term assets for 2023 = Total Assets (65727) - Current Liabilities (15734) - Total Equity (20787) = 29206.
Minimum Accounts Receivable from 2020–2022 = min(6914, 3277, 4459) = 3277.
Sum = 29206 + 3277 = 32483.
Answer: 32483

  [172/688] depth=2 KEEP | truth=81788.0 pred=81788.0
         Q: you should give the the minimum of total liabilities for HLXB using values from 
         R: 2023 Total Liabilities: 132261
2024 Total Liabilities: 81788
2025 Total Liabilities: 146089
Minimum value among 132261, 81788, and 146089 is 81788.
Answer: 81788

  [173/688] depth=2 KEEP | truth=64765.24146505058 pred=64763.3
         Q: Calculate the result of short term investments scaled by ratio of cost of goods 
         R: 2022 short_term_investments = 47075, 2022 cost_of_goods_sold = 406130, 2022 total_liabilities = 295198.
Ratio = 406130 / 295198 ≈ 1.37575.
Result = 47075 * 1.37575 ≈ 64763.3.
Answer: 64763.3

  [174/688] depth=3 SKIP | truth=212163.0 pred=-135184.0
         Q: you should calculate the difference between ratio of sum of total liabilities fo
         R: 2024 Total Liabilities = 717,731; 2025 Total Liabilities = 347,347.
Ratio = (717,731 - 347,347) / 2.0 = 370,384 / 2.0 = 185,192.
2025 Cost of Goods Sold = 320,376.
Difference = 185,192 - 320,376 = -135,184.
Answer: -135184

  [175/688] depth=1 KEEP | truth=292999.0 pred=292999.0
         Q: What does the following give: the minimum of total liabilities for CRPH using va
         R: 2022 total_liabilities: 292999
2023 total_liabilities: 372880
Minimum(292999, 372880) = 292999
Answer: 292999

  [176/688] depth=1 SKIP | truth=1909.955426036852 pred=55126.04
         Q: Provide the result of accounts receivable scaled by income tax for PCEN in 2022
         R: Accounts Receivable in 2022: 10261
Income Tax in 2022: 0.18613735757108002
Calculation: 10261 / 0.18613735757108002 = 55126.04
Answer: 55126.04

  [177/688] depth=3 SKIP | truth=8170.0 pred=8070.0
         Q: you should give the pretax income for PCEN in 2021.
         R: Pretax Income = Revenue - Cost of Goods Sold - Operating Expenses - Non-operating Expenses.
For 2021: 190597 - 110939 - 43358 - 28130 = 8070.
Answer: 8070

  [178/688] depth=2 KEEP | truth=11785.0 pred=11785.0
         Q: give the the maximum of capex for ORFG using values from 2023 through 2025
         R: Capex values for ORFG from 2023 through 2025 are 7088, 11785, and 4532. Comparing these values, 11785 is the maximum.
Answer: 11785

  [179/688] depth=1 KEEP | truth=25460.0 pred=25460.0
         Q: Whats the value of the sum of operating expenses and total equity for CBSM in 20
         R: Operating Expenses (2021) = 6287
Total Equity (2021) = 19173
Sum = 6287 + 19173 = 25460
Answer: 25460

  [180/688] depth=1 KEEP | truth=-21956.0 pred=-21956.0
         Q: Which result follows from the difference between non operating expenses and cash
         R: 2024 non_operating_expenses = 22854
2024 cash = 44810
Calculation: 22854 - 44810 = -21956
Answer: -21956

  [181/688] depth=1 KEEP | truth=-274974.0 pred=-274974.0
         Q: What do we obtain as the difference between cost of goods sold and total assets 
         R: Cost of goods sold in 2025 is 445216. Total assets in 2025 is 720190. Calculation: 445216 - 720190 = -274974.
Answer: -274974

  [182/688] depth=0 KEEP | truth=8538.0 pred=8538.0
         Q: give the capex for ORFG in 2020
         R: Based on the data for Year 2020, the capex value is explicitly listed as 8538.

Answer: 8538

  [183/688] depth=0 KEEP | truth=9363.0 pred=9363.0
         Q: Compute the short term investments for QBHD in 2023 .
         R: Based on the data for Year 2023, the short_term_investments value is explicitly listed as 9363.

Answer: 9363

  [184/688] depth=4 SKIP | truth=47153.0 pred=26867.0
         Q: may you calculate the longterm assets for NVST in 2020?
         R: Long-term assets = Total Assets - Current Assets (Current Liabilities + Cash + Accounts Receivable + Inventories + Short-term Investments).
2020 Total Assets: 103,259; Current Liabilities: 20,286; Cash: 24,222; A/R: 13,643; Inventory: 5,488; ST Inv: 12,753.
Current Assets = 20,286 + 24,222 + 13,643

  [185/688] depth=1 KEEP | truth=152256.0 pred=152256.0
         Q: you should give the difference between total assets and capex for MSYS in 2023.
         R: Total Assets in 2023: 157344
Capex in 2023: 5088
Calculation: 157344 - 5088 = 152256
Answer: 152256

  [186/688] depth=2 KEEP | truth=86812.0 pred=86812.0
         Q: Could you give the average total equity for MSYS across years 2023 through 2024?
         R: 2023 Total Equity: 82029
2024 Total Equity: 91595
Calculation: (82029 + 91595) / 2 = 86812
Answer: 86812

  [187/688] depth=0 KEEP | truth=4495.0 pred=4495.0
         Q: What is the value of the accounts receivable for APEX in 2024?
         R: In 2024, the data for APEX lists accounts_receivable as 4495.
Answer: 4495

  [188/688] depth=0 KEEP | truth=66348.0 pred=66348.0
         Q: May you calculate the current liabilities for NVST in 2025
         R: Based on the data provided for Year 2025, the value for current_liabilities is explicitly listed.

Answer: 66348

  [189/688] depth=0 KEEP | truth=6222.0 pred=6222.0
         Q: Whats the value of the cash for CBSM in 2022
         R: In 2022, the data for CBSM lists the cash balance directly.
Cash = 6222
Answer: 6222

  [190/688] depth=5 KEEP | truth=1652.0 pred=1652.0
         Q: You should give the the minimum of inventories for ATGL using values from 2020 t
         R: Inventories values: 2020=3886, 2021=4731, 2022=1652, 2023=3957, 2024=5362, 2025=4358.
Minimum is 1652 (Year 2022).
Answer: 1652

  [191/688] depth=1 KEEP | truth=8338.846825175775 pred=8338.804755000001
         Q: What does the following give: result of operating expenses scaled by income tax 
         R: Operating Expenses (2021) = 48071
Income Tax Rate (2021) = 0.1734693853919364
Calculation: 48071 * 0.1734693853919364 = 8338.804755000001
Answer: 8338.804755000001

  [192/688] depth=3 KEEP | truth=54862.0 pred=54862.0
         Q: May you calculate the current assets for NVST in 2022?
         R: Current Assets = Cash + Accounts Receivable + Inventories + Short-term Investments.
For 2022: 8761 + 20455 + 2745 + 22901 = 54862.
Answer: 54862

  [193/688] depth=2 KEEP | truth=5019.5 pred=5019.5
         Q: What is the average cash for APEX across years 2020 through 2021?
         R: 2020 Cash: 2627; 2021 Cash: 7412; Sum: 10039; Average: 10039 / 2 = 5019.5
Answer: 5019.5

  [194/688] depth=3 KEEP | truth=466.6666666666667 pred=463.3333333333333
         Q: state the average capex for PNHG across years 2021 through 2023
         R: Capex 2021: 394, Capex 2022: 489, Capex 2023: 517.
Sum = 394 + 489 + 517 = 1390.
Average = 1390 / 3 = 463.333...
Answer: 463.33333333333331

  [195/688] depth=1 KEEP | truth=47465.0 pred=47465.0
         Q: Give the gross profit for ORFG in 2025.
         R: Gross Profit = Revenue - Cost of Goods Sold.
For 2025: 133448 - 85983 = 47465.
Answer: 47465

  [196/688] depth=0 KEEP | truth=33790.0 pred=33790.0
         Q: you should calculate the short term investments for TICB in 2021.
         R: Based on the data provided for Year 2021, the short_term_investments value is explicitly listed.

2021 short_term_investments = 33790

Answer: 33790

  [197/688] depth=0 KEEP | truth=64502.0 pred=64502.0
         Q: What is the value of the cost of goods sold for ATGL in 2024?
         R: Based on the data for Year 2024, the cost of goods sold for ATGL is explicitly listed as 64502.

Answer: 64502

  [198/688] depth=0 KEEP | truth=11361.0 pred=11361.0
         Q: May you calculate the capex for NVST in 2024?
         R: Based on the data provided for Year 2024, the capex value is explicitly listed.

Capex for 2024 = 11361

Answer: 11361

  [199/688] depth=0 KEEP | truth=194061.0 pred=194061.0
         Q: provide the total assets for PCEN in 2023.
         R: Based on the data for Year 2023, the total_assets value is explicitly listed as 194061.

Answer: 194061

  [200/688] depth=0 KEEP | truth=17945.0 pred=17945.0
         Q: what is the value of the operating expenses for APEX in 2022 ?
         R: In 2022, the data for APEX lists operating_expenses as 17945.

Answer: 17945

  [200/688]  kept=176  skipped=24  (88% pass rate so far)
  [201/688] depth=2 KEEP | truth=29065.0 pred=29065.0
         Q: compute the operating income for QBHD in 2025 .
         R: Operating Income = Revenue - Cost of Goods Sold - Operating Expenses.
For 2025: 93743 - 46761 - 17917 = 29065.
Answer: 29065

  [202/688] depth=1 KEEP | truth=172824.0 pred=172824.0
         Q: What would be the longterm liabilities for CPTH in 2023
         R: Total liabilities in 2023 are 250,646. Current liabilities are 77,822. Long-term liabilities = Total liabilities - Current liabilities = 250,646 - 77,822 = 172,824.
Answer: 172824

  [203/688] depth=4 KEEP | truth=14463.0 pred=14463.0
         Q: which value corresponds to the the minimum of operating expenses for HLXB using 
         R: Operating expenses for HLXB from 2021 to 2025 are: 46110 (2021), 14463 (2022), 27838 (2023), 28101 (2024), and 27834 (2025). The minimum value among these is 14463.
Answer: 14463

  [204/688] depth=0 SKIP | truth=153173.0 pred=0.6679
         Q: Which result follows from the cost of goods sold for IRCL in 2024
         R: 2024 Cost of Goods Sold = 153173.
2024 Revenue = 461322.
Gross Profit = 461322 - 153173 = 308149.
Gross Margin = 308149 / 461322 ≈ 0.6679.
Answer: 0.6679

  [205/688] depth=0 KEEP | truth=8908.0 pred=8908.0
         Q: What does the following give: short term investments for CRPH in 2020 ?
         R: short_term_investments for CRPH in 2020 is explicitly listed in the data.
Value found in Year 2020 section: 8908.
Answer: 8908

  [206/688] depth=3 KEEP | truth=2627.0 pred=2627.0
         Q: What is the the minimum of cash for APEX using values from 2020 through 2023
         R: Cash values for 2020–2023: 2627, 7412, 41229, 13282.
Minimum is 2627.
Answer: 2627

  [207/688] depth=4 SKIP | truth=-42736.0 pred=0.0
         Q: Compute the result of the minimum of total equity for QBHD using values from 202
         R: Minimum total equity (2021-2023) = 21422 (2020) vs 42743 (2021) vs 60836 (2022) vs 42736 (2023); Min is 21422.
Growth factor = (Capex 2023 - Capex 2023) / (Capex 2024 - (Capex 2024 - Capex 2024)) = 0 / 0 = undefined/0.
Result = 21422 * 0 = 0.
Answer: 0

  [208/688] depth=2 KEEP | truth=-487702.0 pred=-487702.0
         Q: What would be the difference between accounts receivable and sum of capex and to
         R: Accounts Receivable (2022) = 48131
Sum of Capex and Total Assets (2022) = 36245 + 499588 = 535833
Difference = 48131 - 535833 = -487702
Answer: -487702

  [209/688] depth=1 KEEP | truth=508167.0 pred=508167.0
         Q: Which quantity is given by the sum of cash and revenue for IRCL in 2022?
         R: 2022 Cash: 139886
2022 Revenue: 368281
Calculation: 139886 + 368281 = 508167
Answer: 508167

  [210/688] depth=2 KEEP | truth=23356.0 pred=23356.0
         Q: which value corresponds to the average accounts receivable for HLXB across years
         R: Accounts Receivable 2021: 16808
Accounts Receivable 2022: 29904
Average = (16808 + 29904) / 2 = 23356
Answer: 23356

  [211/688] depth=9 SKIP | truth=161575.5 pred=153380.35217358
         Q: what's the value of the sum of difference between short term investments and acc
         R: 2020 (Short-term investments - Accounts receivable) = 9038 - 6914 = 2124.
2020-2024 Operating Expenses Sum = 7582 + 6287 + 4243 + 13623 + 8231 = 39966.
2025 Operating Expenses = 9183.
Ratio = 39966 / 9183 = 4.35217358.
Complex Term = 4.35217358 - 6.0 = -1.64782642.
Total Assets 2020 = 78165.
Max Tot

  [212/688] depth=2 KEEP | truth=4659.5 pred=4659.5
         Q: What's the value of the average inventories for ATGL across years 2023 through 2
         R: 2023 inventories: 3957; 2024 inventories: 5362; Sum = 3957 + 5362 = 9319; Average = 9319 / 2 = 4659.5.
Answer: 4659.5

  [213/688] depth=3 KEEP | truth=13010.0 pred=13010.0
         Q: determine the the maximum of total equity for PNHG using values from 2022 throug
         R: Total Equity values for 2022–2025 are: 6195, 6514, 5493, and 13010. The maximum value is 13010.
Answer: 13010

  [214/688] depth=2 KEEP | truth=0.0 pred=0.0
         Q: could you give the difference between longterm liabilities and longterm liabilit
         R: The provided data does not contain a specific line item for "long-term liabilities." It only lists "total_liabilities" and "current_liabilities." For 2025, total_liabilities are 94,613 and current_liabilities are 45,565. Long-term liabilities would be the difference (94,613 - 45,565 = 49,048), but t

  [215/688] depth=2 KEEP | truth=35264.0 pred=35264.0
         Q: may you give the operating income for ORFG in 2025?
         R: Operating Income = Revenue - Cost of Goods Sold - Operating Expenses.
For 2025: 133448 - 85983 - 12201 = 35264.
Answer: 35264

  [216/688] depth=2 SKIP | truth=51704.115709477344 pred=842666666.6666667
         Q: Whats the value of the sum of difference between total liabilities and operating
         R: 2020 Data: Total Liabilities = 57819, Operating Expenses = 7582, Short Term Investments = 9038, Income Tax = 0.1623274739408433.
Calculation: ((57819 - 7582) * 9038) * 0.1623274739408433 = 842,666,666.6666667.
Answer: 842666666.6666667

  [217/688] depth=0 KEEP | truth=18920.0 pred=18920.0
         Q: what does the following give: inventories for CRPH in 2021?
         R: In 2021, the data for CRPH lists inventories as 18920.

Answer: 18920

  [218/688] depth=2 KEEP | truth=28037.5 pred=28037.5
         Q: evaluate the average capex for TICB across years 2021 through 2022
         R: 2021 Capex: 31528; 2022 Capex: 24547; Sum: 56075; Average: 56075 / 2 = 28037.5
Answer: 28037.5

  [219/688] depth=1 KEEP | truth=52659.0 pred=52659.0
         Q: Which result follows from the longterm liabilities for IRCL in 2021
         R: 2021 Total Assets: 282,967; 2021 Total Liabilities: 103,532; 2021 Total Equity: 179,435; Long-term Liabilities = Total Liabilities - Current Liabilities = 103,532 - 50,873 = 52,659.
Answer: 52659

  [220/688] depth=1 SKIP | truth=923.523126322909 pred=21001.09
         Q: Calculate the result of dividends paid scaled by income tax for SLRI in 2022.
         R: Dividends paid in 2022 = 4401; Income tax rate in 2022 = 0.20984392781706634.
Calculation: 4401 / 0.20984392781706634 = 21001.09.
Answer: 21001.09

  [221/688] depth=0 KEEP | truth=719.0 pred=719.0
         Q: state the short term investments for PNHG in 2023 .
         R: In 2023, the short_term_investments value for PNHG is explicitly listed as 719.

Answer: 719

  [222/688] depth=0 SKIP | truth=11929.0 pred=True
         Q: which result follows from the inventories for IRCL in 2023 ?
         R: 2023 inventories = 11929.
2022 inventories = 21863.
2024 inventories = 7540.
11929 is between 7540 and 21863.
Answer: True

  [223/688] depth=0 KEEP | truth=4243.0 pred=4243.0
         Q: state the capex for PCEN in 2020
         R: Based on the data for Year 2020, the capex value is explicitly listed as 4243.

Answer: 4243

  [224/688] depth=1 KEEP | truth=10941.067338134304 pred=10941.15
         Q: what is the value of the result of revenue scaled by income tax for APEX in 2022
         R: Revenue in 2022 is 79021. Income tax rate in 2022 is 0.13845771805133197.
Calculation: 79021 * 0.13845771805133197 = 10941.15.
Answer: 10941.15

  [225/688] depth=1 KEEP | truth=255889.0 pred=255889.0
         Q: What do we obtain as the the maximum of current liabilities for CPTH using value
         R: Current liabilities for 2024 are 255,889 and for 2025 are 209,765. The maximum of these two values is 255,889.
Answer: 255889

  [226/688] depth=3 KEEP | truth=54586.0 pred=54586.0
         Q: may you calculate the the maximum of short term investments for NVST using value
         R: Short-term investments for NVST from 2022 to 2025 are: 22901 (2022), 54586 (2023), 37074 (2024), and 18239 (2025). Comparing these values, the maximum is 54586.
Answer: 54586

  [227/688] depth=2 KEEP | truth=36422.0 pred=36422.0
         Q: calculate the the minimum of accounts receivable for SLRI using values from 2022
         R: Accounts Receivable values for SLRI from 2022 through 2024 are: 36422 (2022), 101392 (2023), and 80829 (2024). The minimum of these values is 36422.

Answer: 36422

  [228/688] depth=2 KEEP | truth=99253.0 pred=99253.0
         Q: Determine the sum of longterm liabilities and total liabilities for QBHD in 2024
         R: Total Liabilities (2024) = 62367.
Long-term Liabilities = Total Liabilities - Current Liabilities = 62367 - 25481 = 36886.
Sum = 36886 + 62367 = 99253.
Answer: 99253

  [229/688] depth=2 KEEP | truth=9923.0 pred=9923.0
         Q: State the operating income for PNHG in 2024 .
         R: Operating Income = Revenue - Cost of Goods Sold - Operating Expenses.
For 2024: 20948 - 9857 - 1168 = 9923.
Answer: 9923

  [230/688] depth=0 KEEP | truth=41244.0 pred=41244.0
         Q: may you calculate the total equity for NVST in 2022?
         R: Based on the data for Year 2022, the total equity is explicitly listed as 41244.

Answer: 41244

  [231/688] depth=2 KEEP | truth=7753.0 pred=7753.0
         Q: What's the value of the the maximum of accounts receivable for ATGL using values
         R: Accounts Receivable values for 2021, 2022, and 2023 are 7753, 7696, and 7056 respectively.
Comparing these values: 7753 > 7696 > 7056.
The maximum value is 7753.
Answer: 7753

  [232/688] depth=1 KEEP | truth=21883.0 pred=21883.0
         Q: Whats the value of the gross profit for CBSM in 2024 ?
         R: Gross Profit = Revenue - Cost of Goods Sold.
For 2024: Revenue = 52725, COGS = 30842.
Calculation: 52725 - 30842 = 21883.
Answer: 21883

  [233/688] depth=0 KEEP | truth=33656.0 pred=33656.0
         Q: Which quantity is given by the cash for IRCL in 2024
         R: Based on the data for Year 2024, the value for the field "cash" is explicitly listed.
2024 cash value = 33656
Answer: 33656

  [234/688] depth=1 KEEP | truth=12957.0 pred=12957.0
         Q: may you calculate the the minimum of operating expenses for NVST using values fr
         R: Operating expenses for 2020: 22227; Operating expenses for 2021: 12957. Minimum value is 12957.
Answer: 12957

  [235/688] depth=4 KEEP | truth=0.0 pred=0.0
         Q: what is the the minimum of dividends paid for APEX using values from 2020 throug
         R: Dividends paid values for APEX from 2020 to 2024 are: 6442, 164, 836, 3250, and 0. The minimum value among these is 0, which occurred in 2024.

Answer: 0

  [236/688] depth=0 KEEP | truth=6150.0 pred=6150.0
         Q: what is the value of the accounts receivable for APEX in 2021
         R: In 2021, the data for APEX lists accounts_receivable as 6150.
Answer: 6150

  [237/688] depth=0 KEEP | truth=32600.0 pred=32600.0
         Q: What is the value of the current liabilities for ATGL in 2021
         R: In 2021, the data for ATGL lists current_liabilities as 32600.
Answer: 32600

  [238/688] depth=2 KEEP | truth=40512.0 pred=40512.0
         Q: Which value corresponds to the average cash for HLXB across years 2021 through 2
         R: 2021 Cash: 18724; 2022 Cash: 62300; Sum: 81024; Average: 81024 / 2 = 40512.
Answer: 40512

  [239/688] depth=2 KEEP | truth=7206.0 pred=7206.0
         Q: What is the value of the difference between difference between current liabiliti
         R: 2022 Current Liabilities: 14588
2022 Inventories: 1652
Difference (CL - Inv): 14588 - 1652 = 12936
2022 Capex: 4078
Sum (Capex + Inv): 4078 + 1652 = 5730
Final Difference: 12936 - 5730 = 7206
Answer: 7206

  [240/688] depth=1 KEEP | truth=203738.0 pred=203738.0
         Q: calculate the longterm liabilities for SLRI in 2022.
         R: Long-term liabilities = Total Liabilities - Current Liabilities.
For 2022: 295198 - 91460 = 203738.
Answer: 203738

  [241/688] depth=4 SKIP | truth=708901.9305023596 pred=68540.4
         Q: you should give the result of current assets for ORFG in 2024 scaled by growth b
         R: 2024 Current Assets = 58304 + 12144 + 8221 + 26878 = 105547.
2023 Accounts Receivable Growth = 11364 - 9324 = 2040.
2023 Accounts Receivable Scaled by 2025 Income Tax = 11364 * 0.27393908535390893 = 3113.58.
Result = 105547 * (2040 / 3113.58) = 68540.4.
Answer: 68540.4

  [242/688] depth=3 KEEP | truth=52203.0 pred=52203.0
         Q: Whats the value of the the minimum of total assets for CBSM using values from 20
         R: Total Assets values from 2021 to 2024 are: 52203, 57651, 65727, 73095.
The minimum value among these is 52203.
Answer: 52203

  [243/688] depth=0 KEEP | truth=27010.0 pred=27010.0
         Q: what's the value of the cost of goods sold for CBSM in 2023 ?
         R: In 2023, the data for CBSM lists the cost_of_goods_sold as 27010.

Answer: 27010

  [244/688] depth=2 KEEP | truth=10874.0 pred=10874.0
         Q: may you give the the minimum of non operating expenses for ORFG using values fro
         R: 2021 non-operating expenses: 20837
2022 non-operating expenses: 10874
2023 non-operating expenses: 17100
Minimum value among 20837, 10874, and 17100 is 10874.
Answer: 10874

  [245/688] depth=2 KEEP | truth=45826.0 pred=45826.0
         Q: Which quantity is given by the operating income for IRCL in 2020
         R: Operating Income = Revenue - Cost of Goods Sold - Operating Expenses.
For 2020: 365060 - 231556 - 87678 = 45826.
Answer: 45826

  [246/688] depth=6 KEEP | truth=262315.8333333333 pred=262315.8333333333
         Q: What do we obtain as the average total equity for CPTH across years 2020 through
         R: Total Equity values: 116496 (2020), 360843 (2021), 298308 (2022), 418219 (2023), 174053 (2024), 205976 (2025).
Sum = 116496 + 360843 + 298308 + 418219 + 174053 + 205976 = 1,573,895.
Average = 1,573,895 / 6 = 262,315.8333...
Answer: 262315.83333333334

  [247/688] depth=1 KEEP | truth=429942.0 pred=429942.0
         Q: what would be the sum of total equity and current liabilities for CPTH in 2024?
         R: Total Equity (2024) = 174053; Current Liabilities (2024) = 255889; Sum = 174053 + 255889 = 429942.
Answer: 429942

  [248/688] depth=2 KEEP | truth=20455.0 pred=20455.0
         Q: may you calculate the the maximum of accounts receivable for NVST using values f
         R: Accounts Receivable values for 2021, 2022, and 2023 are 15250, 20455, and 17765 respectively. The maximum value among these is 20455.
Answer: 20455

  [249/688] depth=1 KEEP | truth=9253.0 pred=9253.0
         Q: Which quantity is given by the the minimum of cash for IRCL using values from 20
         R: Cash in 2020: 49146; Cash in 2021: 9253.
Minimum of 49146 and 9253 is 9253.
Answer: 9253

  [250/688] depth=6 SKIP | truth=-4553.48829407306 pred=0.8259
         Q: State the result of ratio of sum of sum of sum of sum of current liabilities for
         R: 2021 CL=1346, 2022 CL=3545, 2023 CL=4458, 2024 CL=6778, 2025 CL=10051; Sum=26178; Result1=26178/5.0=5235.6.
2022 Total Liab=7666, 2025 Total Liab=28203; Growth=(28203-7666)/7666=2.7571.
2020 Total Assets=14445, 2024 Total Assets=37775; Asset Growth=(37775-14445)/14445=1.6161.
Numerator=5235.6 * 2.75

  [250/688]  kept=218  skipped=32  (87% pass rate so far)
  [251/688] depth=1 KEEP | truth=58710.0 pred=58710.0
         Q: you should calculate the sum of operating expenses and operating expenses for TI
         R: 2024 operating expenses = 29355.
Sum = 29355 + 29355 = 58710.
Answer: 58710

  [252/688] depth=2 KEEP | truth=67017.0 pred=67017.0
         Q: what is the difference between sum of total equity and revenue and sum of cash a
         R: 2024 Total Equity = 24969, 2024 Revenue = 82805, Sum = 107774.
2024 Cash = 15788, 2024 Total Equity = 24969, Sum = 40757.
Difference = 107774 - 40757 = 67017.
Answer: 67017

  [253/688] depth=0 KEEP | truth=664693.0 pred=664693.0
         Q: What does the following give: total assets for CRPH in 2023?
         R: 2023 data shows total_assets: 664693.
Answer: 664693

  [254/688] depth=4 KEEP | truth=94612.0 pred=94612.0
         Q: what do we obtain as the average current liabilities for CRPH across years 2020 
         R: Current liabilities for 2020, 2021, 2022, and 2023 are 62984, 65249, 122414, and 127801 respectively.
Sum = 62984 + 65249 + 122414 + 127801 = 378448.
Average = 378448 / 4 = 94612.
Answer: 94612

  [255/688] depth=1 KEEP | truth=117789.0 pred=117789.0
         Q: which result follows from the sum of cash and non operating expenses for IRCL in
         R: 2020 Cash: 49146
2020 Non-operating expenses: 68643
Calculation: 49146 + 68643 = 117789
Answer: 117789

  [256/688] depth=1 KEEP | truth=28593.0 pred=28593.0
         Q: Whats the value of the gross profit for CBSM in 2020 ?
         R: Gross Profit = Revenue - Cost of Goods Sold
2020 Revenue: 53876
2020 COGS: 25283
Calculation: 53876 - 25283 = 28593
Answer: 28593

  [257/688] depth=2 KEEP | truth=5328.234839197604 pred=5328.1
         Q: Could you give the result of current liabilities scaled by ratio of accounts rec
         R: 2022 Current Liabilities = 47156; 2022 Accounts Receivable = 18526; 2022 Revenue = 163959; Ratio (AR/Revenue) = 18526 / 163959 ≈ 0.11299; Result = 47156 * 0.11299 ≈ 5328.1.
Answer: 5328.1

  [258/688] depth=1 KEEP | truth=49182.0 pred=49182.0
         Q: Provide the sum of inventories and operating expenses for PCEN in 2023 .
         R: In 2023, PCEN inventories are 6556 and operating expenses are 42626.
Sum = 6556 + 42626 = 49182.
Answer: 49182

  [259/688] depth=5 KEEP | truth=53741.0 pred=53741.0
         Q: give the sum of the minimum of operating expenses for ORFG using values from 202
         R: Minimum operating expenses (2022–2025): min(26882, 30563, 12201, 12436) = 12201.
Maximum current liabilities (2021–2025): max(7909, 21416, 39879, 41540, 22329) = 41540.
Sum: 12201 + 41540 = 53741.
Answer: 53741

  [260/688] depth=1 KEEP | truth=21863.0 pred=21863.0
         Q: Which result follows from the the maximum of inventories for IRCL using values f
         R: Inventories 2022: 21863; Inventories 2023: 11929.
Maximum of [21863, 11929] is 21863.
Answer: 21863

  [261/688] depth=1 SKIP | truth=698.6608072777457 pred=20149.29
         Q: Could you give the result of dividends paid scaled by income tax for MSYS in 202
         R: Dividends paid in 2024: 3752
Income tax rate in 2024: 0.1862102364812755
Calculation: 3752 / 0.1862102364812755 = 20149.29
Answer: 20149.29

  [262/688] depth=0 KEEP | truth=10644.0 pred=10644.0
         Q: What is the value of the dividends paid for ATGL in 2023?
         R: In 2023, the data for ATGL shows dividends_paid: 10644.
Answer: 10644

  [263/688] depth=1 KEEP | truth=637517.0 pred=637517.0
         Q: calculate the the minimum of total assets for SLRI using values from 2023 throug
         R: 2023 Total Assets: 707,950; 2024 Total Assets: 637,517.
Minimum = min(707950, 637517) = 637517.
Answer: 637517

  [264/688] depth=0 KEEP | truth=33525.0 pred=33525.0
         Q: you should calculate the capex for TICB in 2020
         R: Based on the data provided for Year 2020, the Capex value is explicitly listed.

Answer: 33525

  [265/688] depth=3 KEEP | truth=57969.0 pred=57969.0
         Q: Which result follows from the current assets for IRCL in 2021?
         R: Current Assets = Cash + Accounts Receivable + Inventories + Short-term Investments.
For 2021: 9253 + 23302 + 9087 + 16327 = 57969.
Answer: 57969

  [266/688] depth=2 KEEP | truth=28873.5 pred=28873.5
         Q: You should calculate the average inventories for TICB across years 2023 through 
         R: 2023 inventories: 12620; 2024 inventories: 45127; Sum: 57747; Average: 57747 / 2 = 28873.5.
Answer: 28873.5

  [267/688] depth=1 KEEP | truth=30563.0 pred=30563.0
         Q: may you give the the minimum of operating expenses for ORFG using values from 20
         R: Operating expenses for 2023: 30563; Operating expenses for 2024: 34892. Minimum of 30563 and 34892 is 30563.
Answer: 30563

  [268/688] depth=0 KEEP | truth=714010.0 pred=714010.0
         Q: what does the following give: revenue for CRPH in 2023 ?
         R: 2023 revenue data is directly listed in the provided data under the Year 2023 section for ticker CRPH.
The value is 714010.
Answer: 714010

  [269/688] depth=3 KEEP | truth=5816.0 pred=5816.0
         Q: may you give the the minimum of short term investments for ORFG using values fro
         R: Short-term investments for ORFG from 2022 to 2025 are: 12753 (2022), 37697 (2023), 26878 (2024), and 5816 (2025). The minimum value among these is 5816.
Answer: 5816

  [270/688] depth=0 KEEP | truth=1065.0 pred=1065.0
         Q: Compute the dividends paid for QBHD in 2021
         R: Based on the data for Year 2021, the value for dividends_paid is explicitly listed as 1065.

Answer: 1065

  [271/688] depth=0 KEEP | truth=20731.0 pred=20731.0
         Q: compute the total liabilities for QBHD in 2021.
         R: Based on the data for Year 2021, the total_liabilities value is explicitly listed as 20731.

Answer: 20731

  [272/688] depth=6 KEEP | truth=14533.833333333334 pred=14533.833333333334
         Q: Evaluate the average dividends paid for TICB across years 2020 through 2025.
         R: Dividends paid: 44284 (2020) + 20810 (2021) + 17554 (2022) + 0 (2023) + 2250 (2024) + 2305 (2025) = 87203.
Average = 87203 / 6 = 14533.8333...
Answer: 14533.833333333334

  [273/688] depth=1 KEEP | truth=62704.0 pred=62704.0
         Q: which result follows from the the minimum of total equity for HLXB using values 
         R: Total Equity 2022: 109750
Total Equity 2023: 62704
Minimum of 2022 through 2023: 62704
Answer: 62704

  [274/688] depth=0 KEEP | truth=25731.0 pred=25731.0
         Q: What would be the capex for CPTH in 2021
         R: Based on the data provided for Year 2021, the capex value is explicitly listed.

2021 capex: 25731

Answer: 25731

  [275/688] depth=7 KEEP | truth=15845.346029268292 pred=15844.5
         Q: what would be the result of inventories for CPTH in 2023 scaled by ratio of the 
         R: 2023 inventories = 5472.
Max COGS (2022-2025) = max(372136, 247181, 212503, 445216) = 445216.
Max OpEx (2020-2025) = max(65279, 40902, 43967, 33798, 153750, 135549) = 153750.
Ratio = 445216 / 153750 ≈ 2.8955.
Result = 5472 * 2.8955 ≈ 15844.5.
Answer: 15844.5

  [276/688] depth=3 KEEP | truth=29567.0 pred=29567.0
         Q: whats the value of the current assets for CBSM in 2020 ?
         R: Current Assets = Cash + Accounts Receivable + Inventories + Short-term Investments.
For 2020: 12598 + 6914 + 1017 + 9038 = 29567.
Answer: 29567

  [277/688] depth=2 KEEP | truth=109701.0 pred=109601.0
         Q: What would be the operating income for CPTH in 2021 ?
         R: Operating Income = Revenue - Cost of Goods Sold - Operating Expenses.
For 2021: 514684 - 364081 - 40902 = 109601.
Answer: 109601

  [278/688] depth=1 KEEP | truth=37881.0 pred=37881.0
         Q: Could you give the longterm liabilities for MSYS in 2020?
         R: Long-term liabilities = Total Liabilities - Current Liabilities.
For 2020: 56087 - 18206 = 37881.
Answer: 37881

  [279/688] depth=0 KEEP | truth=234572.0 pred=234572.0
         Q: Could you give the total assets for MSYS in 2024 ?
         R: Based on the data for Year 2024, the total_assets value is explicitly listed as 234572.

Answer: 234572

  [280/688] depth=2 KEEP | truth=235068.3290741886 pred=235053.77
         Q: Evaluate the sum of result of total assets scaled by income tax and result of re
         R: 2025 Total Assets = 507,240; Income Tax = 0.22179898311061305; Product 1 = 112,490.48.
2025 Revenue = 552,586; Income Tax = 0.22179898311061305; Product 2 = 122,563.29.
Sum = 112,490.48 + 122,563.29 = 235,053.77.
Answer: 235053.77

  [281/688] depth=2 KEEP | truth=20837.0 pred=20837.0
         Q: may you give the the maximum of non operating expenses for ORFG using values fro
         R: Non-operating expenses for 2020: 13,741; 2021: 20,837; 2022: 10,874.
Maximum value among these years is 20,837.
Answer: 20837

  [282/688] depth=4 KEEP | truth=2433.0 pred=2433.0
         Q: give the the minimum of inventories for ORFG using values from 2020 through 2024
         R: Inventories for 2020: 5962, 2021: 7867, 2022: 2433, 2023: 5922, 2024: 8221.
Comparing the values, the minimum is 2433 (from 2022).
Answer: 2433

  [283/688] depth=2 KEEP | truth=97476.0 pred=97476.0
         Q: Could you give the sum of capex for MSYS in 2023 and the maximum of cost of good
         R: 2023 Capex: 5088.
2020–2021 Cost of Goods Sold: 52780 (2020) and 92388 (2021). Maximum is 92388.
Sum: 5088 + 92388 = 97476.
Answer: 97476

  [284/688] depth=3 KEEP | truth=154461.0 pred=154461.0
         Q: Give the the maximum of total liabilities for ORFG using values from 2020 throug
         R: Total liabilities for ORFG from 2020 to 2023 are: 33826 (2020), 19965 (2021), 65676 (2022), and 154461 (2023). The maximum value among these is 154461.
Answer: 154461

  [285/688] depth=0 KEEP | truth=376312.0 pred=376312.0
         Q: calculate the total liabilities for SLRI in 2020
         R: Based on the data for Year 2020, the total liabilities for SLRI are explicitly listed as 376312.

Answer: 376312

  [286/688] depth=7 SKIP | truth=45960.85632634189 pred=27150769.26
         Q: you should calculate the result of difference between result of the maximum of t
         R: 2021-2025 Assets Max: 1165138 (2023).
2021-2022 AR Growth: (59855-61295)/61295 = -0.0235.
2025 Cash: 18448.
2022 COGS * Tax: 249495 * 0.12288281448601593 = 30658.5.
2022 Capex/Rev: 24547/472978 = 0.0519.
Term2: 30658.5 * 0.0519 = 1591.17.
2023 COGS Sum: 341879 + 341879 = 683758.
2021-2025 Inventory

  [287/688] depth=1 KEEP | truth=-194929.0 pred=-194929.0
         Q: You should give the difference between total equity and total assets for CRPH in
         R: Total Equity (2024) = 315442; Total Assets (2024) = 510371; Difference = 315442 - 510371 = -194929.
Answer: -194929

  [288/688] depth=4 KEEP | truth=1305333.3639808393 pred=1305106.0
         Q: Which value corresponds to the sum of current assets and result of total assets 
         R: 2020 Current Assets = Cash (27,177) + Accounts Receivable (20,427) + Inventories (17,743) + Short-term Investments (27,925) = 93,272.
2020 Long-term Liabilities = Total Liabilities (128,949) - Current Liabilities (46,735) = 82,214.
Ratio = 82,214 / 13,987 (Operating Expenses) ≈ 5.8777.
Scaled Total

  [289/688] depth=3 KEEP | truth=23748.0 pred=23748.0
         Q: which quantity is given by the the minimum of accounts receivable for IRCL using
         R: Accounts receivable values for IRCL from 2022 through 2025 are: 30058 (2022), 25432 (2023), 23748 (2024), and 54234 (2025). The minimum of these values is 23748.
Answer: 23748

  [290/688] depth=1 KEEP | truth=24576.0 pred=24576.0
         Q: Determine the sum of inventories and total equity for QBHD in 2020.
         R: Inventories (2020) = 3154; Total Equity (2020) = 21422; Sum = 3154 + 21422 = 24576.
Answer: 24576

  [291/688] depth=1 KEEP | truth=37881.0 pred=37881.0
         Q: Could you give the longterm liabilities for MSYS in 2020?
         R: Long-term liabilities = Total Liabilities - Current Liabilities.
For 2020: 56087 - 18206 = 37881.
Answer: 37881

  [292/688] depth=0 KEEP | truth=135549.0 pred=135549.0
         Q: what would be the operating expenses for CPTH in 2025 ?
         R: Based on the provided data for 2025, the operating expenses are explicitly listed as 135549.

Answer: 135549

  [293/688] depth=1 KEEP | truth=0.0 pred=0.0
         Q: Could you give the difference between current liabilities and current liabilitie
         R: 2020 Current Liabilities: 18206
2020 Current Liabilities: 18206
Difference: 18206 - 18206 = 0
Answer: 0

  [294/688] depth=1 KEEP | truth=10099.0 pred=10099.0
         Q: Could you give the the minimum of capex for MSYS using values from 2020 through 
         R: Capex for 2020 is 10357. Capex for 2021 is 10099. The minimum of these two values is 10099.
Answer: 10099

  [295/688] depth=5 KEEP | truth=7909.0 pred=7909.0
         Q: you should give the the minimum of current liabilities for ORFG using values fro
         R: Current liabilities for ORFG from 2020 to 2025 are: 11321, 7909, 21416, 39879, 41540, 22329. The minimum value among these is 7909.
Answer: 7909

  [296/688] depth=3 KEEP | truth=295198.0 pred=295198.0
         Q: calculate the the minimum of total liabilities for SLRI using values from 2020 t
         R: 2020: 376312, 2021: 390165, 2022: 295198, 2023: 443192. Minimum is 295198.
Answer: 295198

  [297/688] depth=0 KEEP | truth=63745.0 pred=63745.0
         Q: give the cost of goods sold for ORFG in 2022.
         R: In 2022, the data for ORFG lists the cost_of_goods_sold as 63745.

Answer: 63745

  [298/688] depth=5 KEEP | truth=11709.8 pred=11709.8
         Q: What is the value of the average short term investments for APEX across years 20
         R: Short-term investments for 2020-2024: 6696, 8213, 27059, 6054, 10527.
Sum = 6696 + 8213 + 27059 + 6054 + 10527 = 58549.
Average = 58549 / 5 = 11709.8.
Answer: 11709.8

  [299/688] depth=5 KEEP | truth=10874.0 pred=10874.0
         Q: Give the the minimum of non operating expenses for ORFG using values from 2020 t
         R: Non-operating expenses for ORFG from 2020 to 2025 are: 13741, 20837, 10874, 17100, 17297, 12436. The minimum value among these is 10874 (from 2022).
Answer: 10874

  [300/688] depth=2 SKIP | truth=32934.122918744724 pred=-20700.46
         Q: whats the value of the result of revenue for CBSM in 2025 scaled by growth in to
         R: Revenue 2025 = 55356. Total Equity 2023 = 20787, Total Equity 2025 = 13033. Growth = 13033 - 20787 = -7754. Scaled Value = 55356 * (-7754 / 20787) = -20700.46.
Answer: -20700.46

  [300/688]  kept=265  skipped=35  (88% pass rate so far)
  [301/688] depth=0 KEEP | truth=72012.0 pred=72012.0
         Q: you should calculate the short term investments for TICB in 2020.
         R: Based on the data provided for Year 2020, the value for short_term_investments is explicitly listed.

Answer: 72012

  [302/688] depth=1 KEEP | truth=56711.0 pred=56711.0
         Q: may you give the longterm liabilities for ORFG in 2025 ?
         R: Total liabilities in 2025 are 79,040. Current liabilities are 22,329. Long-term liabilities = Total liabilities - Current liabilities = 79,040 - 22,329 = 56,711.
Answer: 56711

  [303/688] depth=3 KEEP | truth=486911.0 pred=486911.0
         Q: Evaluate the the maximum of revenue for TICB using values from 2021 through 2024
         R: 2021 Revenue: 471,764
2022 Revenue: 472,978
2023 Revenue: 468,895
2024 Revenue: 486,911
Maximum = 486,911
Answer: 486911

  [304/688] depth=2 KEEP | truth=-30501.0 pred=-30501.0
         Q: what is the difference between current liabilities and longterm liabilities for 
         R: In 2023, Total Assets = 148,589, Total Liabilities = 90,275, Current Liabilities = 29,887.
Long-term Liabilities = Total Liabilities - Current Liabilities = 90,275 - 29,887 = 60,388.
Difference = Current Liabilities - Long-term Liabilities = 29,887 - 60,388 = -30,501.
Answer: -30501

  [305/688] depth=1 SKIP | truth=47385.0 pred=False
         Q: which quantity is given by the longterm liabilities for MSYS in 2022?
         R: The provided data contains `total_liabilities` and `total_equity` but does not explicitly list `longterm_liabilities`. However, the standard accounting identity is: `Total Assets = Total Liabilities + Total Equity`. The `total_liabilities` given (94541) represents the sum of current and long-term li

  [306/688] depth=1 KEEP | truth=1528.476967216371 pred=1528.476947216371
         Q: What is the value of the result of accounts receivable scaled by income tax for 
         R: Accounts Receivable (2024) = 6190
Income Tax (2024) = 0.24692681215127155
Calculation: 6190 * 0.24692681215127155 = 1528.4769472163709
Answer: 1528.4769472163709

  [307/688] depth=2 KEEP | truth=54366.0 pred=54366.0
         Q: you should give the average revenue for CBSM across years 2023 through 2024 .
         R: Revenue 2023 = 56007, Revenue 2024 = 52725.
Average = (56007 + 52725) / 2 = 108732 / 2 = 54366.
Answer: 54366

  [308/688] depth=0 KEEP | truth=2814.0 pred=2814.0
         Q: state the non operating expenses for PNHG in 2020
         R: In 2020, the non_operating_expenses for PNHG are explicitly listed in the data as 2814.

Answer: 2814

  [309/688] depth=0 KEEP | truth=49347.0 pred=49347.0
         Q: what would be the cash for CPTH in 2025?
         R: Based on the provided data for Year 2025, the value for cash is explicitly listed.

Answer: 49347

  [310/688] depth=3 SKIP | truth=-80312.0 pred=80312.0
         Q: Which result follows from the difference between the maximum of capex for IRCL u
         R: Max Capex (2021-2022) = 34132. Operating Income 2022 = Revenue (368281) - COGS (224247) - OpEx (29590) = 114444. Difference = 114444 - 34132 = 80312.
Answer: 80312

  [311/688] depth=5 KEEP | truth=1270.0 pred=1270.0
         Q: which value corresponds to the the minimum of dividends paid for HLXB using valu
         R: Dividends paid values: 2020=1897, 2021=6908, 2022=2738, 2023=1270, 2024=24652, 2025=3909.
Minimum value is 1270 (Year 2023).
Answer: 1270

  [312/688] depth=1 KEEP | truth=90063.0 pred=90063.0
         Q: which value corresponds to the longterm liabilities for HLXB in 2025 ?
         R: Long-term liabilities = Total Liabilities - Current Liabilities.
For 2025: 146089 - 56026 = 90063.
Answer: 90063

  [313/688] depth=1 KEEP | truth=53394.0 pred=53394.0
         Q: what is the value of the sum of operating expenses and total liabilities for ATG
         R: Operating Expenses (2022) = 19341
Total Liabilities (2022) = 34053
Sum = 19341 + 34053 = 53394
Answer: 53394

  [314/688] depth=1 KEEP | truth=970846.0 pred=970846.0
         Q: You should calculate the sum of total liabilities and current liabilities for TI
         R: 2021 Total Liabilities: 757,557
2021 Current Liabilities: 213,289
Sum: 757,557 + 213,289 = 970,846
Answer: 970846

  [315/688] depth=6 KEEP | truth=14084.666666666666 pred=14084.67
         Q: what does the following give: average capex for HLXB across years 2020 through 2
         R: Capex values: 15443 (2020), 8553 (2021), 10985 (2022), 12175 (2023), 8988 (2024), 28364 (2025).
Sum = 15443 + 8553 + 10985 + 12175 + 8988 + 28364 = 84508.
Average = 84508 / 6 = 14084.666...
Answer: 14084.67

  [316/688] depth=1 KEEP | truth=-774715.0 pred=-774715.0
         Q: what does the following give: difference between short term investments and reve
         R: Short-term investments in 2025: 23,220
Revenue in 2025: 797,935
Calculation: 23,220 - 797,935 = -774,715
Answer: -774715

  [317/688] depth=5 SKIP | truth=-10663.47114774889 pred=14090000000.0
         Q: compute the result of result of current assets for QBHD in 2020 scaled by growth
         R: 2020 Current Assets = 14184 + 8455 + 3154 + 2565 = 28358.
2023 Capex (2369) - 2021 Capex (1944) = 425.
2021 Capex (1944) * 425 / 1944 = 422.5.
2021 Inventories (4340) - 2020 Inventories (3154) = 1186.
2020 Inventories (3154) * 1186 / 3154 = 1186.
Result = 28358 * 422.5 * 1186 = 14,090,000,000.
Answe

  [318/688] depth=0 KEEP | truth=372880.0 pred=372880.0
         Q: What does the following give: total liabilities for CRPH in 2023?
         R: 2023 data shows total_liabilities: 372880.
Answer: 372880

  [319/688] depth=0 KEEP | truth=16030.0 pred=16030.0
         Q: what is the value of the non operating expenses for APEX in 2024 ?
         R: Based on the data for Year 2024, the non_operating_expenses for APEX is explicitly listed as 16030.

Answer: 16030

  [320/688] depth=4 SKIP | truth=-47366.0 pred=False
         Q: could you give the difference between pretax income and total liabilities for MS
         R: To calculate the difference between pretax income and total liabilities for MSYS in 2025, first determine pretax income by summing the income_tax rate and the resulting tax amount (which requires the pre-tax income itself, creating a circular dependency without the pre-tax income figure). However, l

  [321/688] depth=0 KEEP | truth=32332.0 pred=32332.0
         Q: What's the value of the cost of goods sold for ATGL in 2022?
         R: Based on the data for Year 2022, the cost of goods sold for ATGL is explicitly listed as 32332.

Answer: 32332

  [322/688] depth=2 KEEP | truth=94680.0 pred=94680.0
         Q: Provide the the minimum of total equity for PCEN using values from 2021 through 
         R: 2021 Total Equity: 94680
2022 Total Equity: 123639
2023 Total Equity: 129423
Minimum of [94680, 123639, 129423] is 94680.
Answer: 94680

  [323/688] depth=3 KEEP | truth=22828.0 pred=22828.0
         Q: may you give the pretax income for ORFG in 2025
         R: Pretax Income = Revenue - Cost of Goods Sold - Operating Expenses - Non-operating Expenses.
For 2025: 133448 - 85983 - 12201 - 12436 = 22828.
Answer: 22828

  [324/688] depth=1 KEEP | truth=0.0 pred=0.0
         Q: what is the value of the result of dividends paid scaled by income tax for ATGL 
         R: Dividends paid in 2024: 0
Income tax rate in 2024: 0.24692681215127155
Calculation: 0 * 0.24692681215127155 = 0
Answer: 0

  [325/688] depth=4 KEEP | truth=437826.0 pred=437826.0
         Q: what does the following give: the minimum of total assets for CRPH using values 
         R: Total Assets values: 2020=533633, 2021=437826, 2022=442481, 2023=664693, 2024=510371.
Minimum value is 437826 (from 2021).
Answer: 437826

  [326/688] depth=0 KEEP | truth=31364.0 pred=31364.0
         Q: What is the current liabilities for APEX in 2021
         R: In 2021, the data for APEX lists current_liabilities as 31364.

Answer: 31364

  [327/688] depth=1 KEEP | truth=0.0 pred=0.0
         Q: calculate the difference between total equity and total equity for SLRI in 2023.
         R: Total Equity 2023 = 264,758.
Total Equity 2023 (duplicate check) = 264,758.
Difference = 264,758 - 264,758 = 0.
Answer: 0

  [328/688] depth=0 SKIP | truth=81319.0 pred=True
         Q: Which result follows from the non operating expenses for IRCL in 2021 ?
         R: 2021 Non-operating expenses = 81319.
2021 Operating expenses = 36920.
2021 Revenue = 340508.
2021 Cost of goods sold = 110507.
2021 Gross profit = 340508 - 110507 = 230001.
2021 Operating income = 230001 - 36920 = 193081.
2021 Non-operating expenses (81319) < 2021 Operating income (193081).
Answer:

  [329/688] depth=3 KEEP | truth=59873.0 pred=59873.0
         Q: Determine the the maximum of cost of goods sold for QBHD using values from 2021 
         R: Cost of Goods Sold values for QBHD from 2021 to 2024 are: 59873 (2021), 35311 (2022), 28498 (2023), and 35929 (2024). Comparing these values, the maximum is 59873.

Answer: 59873

  [330/688] depth=2 KEEP | truth=26227.0 pred=26227.0
         Q: could you give the the maximum of operating expenses for MSYS using values from 
         R: Operating expenses for MSYS from 2021 through 2023 are: 8595 (2021), 26227 (2022), and 15975 (2023). Comparing these values, the maximum is 26227.
Answer: 26227

  [331/688] depth=1 KEEP | truth=1079786.0 pred=1079786.0
         Q: you should calculate the difference between total assets and short term investme
         R: Total Assets (2024) = 1,147,507; Short Term Investments (2024) = 67,721.
Calculation: 1,147,507 - 67,721 = 1,079,786.
Answer: 1079786

  [332/688] depth=1 SKIP | truth=9598.683455108456 pred=889219.66
         Q: Could you give the result of cost of goods sold scaled by income tax for MSYS in
         R: Cost of Goods Sold (2021) = 92388
Income Tax Rate (2021) = 0.10389534847716647
Calculation: 92388 / 0.10389534847716647 = 889219.66
Answer: 889219.66

  [333/688] depth=1 KEEP | truth=15122.0 pred=15122.0
         Q: state the the minimum of total assets for PNHG using values from 2023 through 20
         R: Total Assets 2023: 15122; Total Assets 2024: 37775. Minimum is 15122.
Answer: 15122

  [334/688] depth=2 KEEP | truth=35803.0 pred=35803.0
         Q: calculate the the minimum of cash for SLRI using values from 2020 through 2022
         R: 2020 Cash: 35803, 2021 Cash: 73785, 2022 Cash: 90754. Minimum is 35803.
Answer: 35803

  [335/688] depth=3 KEEP | truth=19597.0 pred=19597.0
         Q: Which value corresponds to the the maximum of inventories for HLXB using values 
         R: Inventories for 2020: 17743, 2021: 5363, 2022: 18073, 2023: 19597.
Maximum value is 19597 (from 2023).
Answer: 19597

  [336/688] depth=2 KEEP | truth=-85930.0 pred=-85930.0
         Q: provide the difference between revenue and difference between total assets and t
         R: 2020 Revenue: 160549.
2020 Total Assets (339437) - Total Equity (92958) = 246479.
Difference: 160549 - 246479 = -85930.
Answer: -85930

  [337/688] depth=1 KEEP | truth=51333.0 pred=51333.0
         Q: you should calculate the gross profit for PCEN in 2020
         R: Gross Profit = Revenue - Cost of Goods Sold.
For 2020: 160549 - 109216 = 51333.
Answer: 51333

  [338/688] depth=0 KEEP | truth=26537.0 pred=26537.0
         Q: provide the non operating expenses for PCEN in 2023 .
         R: Based on the data for Year 2023, the non_operating_expenses for PCEN is explicitly listed as 26537.

Answer: 26537

  [339/688] depth=3 KEEP | truth=36435.66666666666 pred=36435.67
         Q: What is the value of the average current liabilities for APEX across years 2021 
         R: Current liabilities for 2021: 31364; 2022: 48056; 2023: 29887.
Sum = 31364 + 48056 + 29887 = 109307.
Average = 109307 / 3 = 36435.666...
Answer: 36435.67

  [340/688] depth=1 KEEP | truth=39076.0 pred=39076.0
         Q: Whats the value of the the minimum of total liabilities for CBSM using values fr
         R: 2022 total liabilities: 39076
2023 total liabilities: 44940
Minimum of 39076 and 44940 is 39076.
Answer: 39076

  [341/688] depth=0 KEEP | truth=165.0 pred=165.0
         Q: give the dividends paid for ORFG in 2020
         R: In 2020, the data for ORFG shows dividends_paid as 165.
Answer: 165

  [342/688] depth=2 KEEP | truth=4401.0 pred=4401.0
         Q: Calculate the the minimum of dividends paid for SLRI using values from 2020 thro
         R: Dividends paid in 2020: 19845; 2021: 15204; 2022: 4401. Minimum value is 4401.
Answer: 4401

  [343/688] depth=1 KEEP | truth=16896.0 pred=16896.0
         Q: May you calculate the sum of non operating expenses and dividends paid for NVST 
         R: Non-operating expenses in 2023: 16019
Dividends paid in 2023: 877
Sum: 16019 + 877 = 16896
Answer: 16896

  [344/688] depth=1 KEEP | truth=29178.0 pred=29178.0
         Q: compute the longterm liabilities for QBHD in 2023 .
         R: Long-term liabilities = Total Liabilities - Current Liabilities.
For 2023: 47727 - 18549 = 29178.
Answer: 29178

  [345/688] depth=0 KEEP | truth=10309.0 pred=10309.0
         Q: Whats the value of the non operating expenses for CBSM in 2025 ?
         R: Based on the data for Year 2025, the non_operating_expenses value is explicitly listed as 10309.

Answer: 10309

  [346/688] depth=1 KEEP | truth=58326.0 pred=58326.0
         Q: what is the value of the longterm liabilities for ATGL in 2025 ?
         R: Long-term liabilities = Total Liabilities - Current Liabilities.
For 2025: 87626 - 29300 = 58326.
Answer: 58326

  [347/688] depth=1 KEEP | truth=3373.0 pred=3373.0
         Q: provide the the minimum of inventories for PCEN using values from 2021 through 2
         R: 2021 inventories: 5500; 2022 inventories: 3373. Minimum is 3373.
Answer: 3373

  [348/688] depth=1 KEEP | truth=1028048.0 pred=1028048.0
         Q: what does the following give: sum of revenue and total equity for CRPH in 2024 ?
         R: 2024 Revenue: 712606
2024 Total Equity: 315442
Calculation: 712606 + 315442 = 1028048
Answer: 1028048

  [349/688] depth=0 KEEP | truth=4147.0 pred=4147.0
         Q: Whats the value of the inventories for CBSM in 2021?
         R: In 2021, the data for CBSM lists inventories as 4147.

Answer: 4147

  [350/688] depth=2 KEEP | truth=372136.0 pred=372136.0
         Q: what would be the the maximum of cost of goods sold for CPTH using values from 2
         R: Cost of Goods Sold values for 2021, 2022, and 2023 are 364081, 372136, and 247181 respectively. The maximum value among these is 372136.
Answer: 372136

  [350/688]  kept=309  skipped=41  (88% pass rate so far)
  [351/688] depth=2 KEEP | truth=-771593.0 pred=-771593.0
         Q: Which result follows from the difference between gross profit and total assets f
         R: 2022 Gross Profit = Revenue (368,281) - Cost of Goods Sold (224,247) = 144,034.
Difference = Gross Profit (144,034) - Total Assets (915,627) = -771,593.
Answer: -771593

  [352/688] depth=1 KEEP | truth=12980.0 pred=12980.0
         Q: Evaluate the difference between short term investments and dividends paid for TI
         R: Short term investments in 2021: 33790
Dividends paid in 2021: 20810
Difference: 33790 - 20810 = 12980
Answer: 12980

  [353/688] depth=3 KEEP | truth=225815.0 pred=225815.0
         Q: evaluate the the maximum of cash for TICB using values from 2022 through 2025.
         R: 2022 Cash: 65,913; 2023 Cash: 225,815; 2024 Cash: 73,487; 2025 Cash: 18,448.
Maximum value is 225,815 (from 2023).
Answer: 225815

  [354/688] depth=7 SKIP | truth=65354.28868606216 pred=62653.96
         Q: Provide the sum of difference between current liabilities and result of non oper
         R: 2022: (Current Liabilities - (Non-Operating Expenses * Income Tax)) + (Operating Expenses * Income Tax) + (Sum of Inventories 2021-2025 / 5.0)
= (60364 - (21527 * 0.18613735757108002)) + (10830 * 0.18613735757108002) + ((5500 + 3373 + 6556 + 10653 + 8825) / 5.0)
= (60364 - 4007.49) + 2016.05 + 4281.

  [355/688] depth=1 KEEP | truth=-55287.0 pred=-55287.0
         Q: Which quantity is given by the difference between accounts receivable and cash f
         R: Accounts Receivable (2025) = 54234
Cash (2025) = 109521
Difference = 54234 - 109521 = -55287
Answer: -55287

  [356/688] depth=1 KEEP | truth=30873.0 pred=30873.0
         Q: You should give the the minimum of accounts receivable for CRPH using values fro
         R: Accounts receivable for 2023 is 30,873 and for 2024 is 78,674. The minimum of these two values is 30,873.
Answer: 30873

  [357/688] depth=4 KEEP | truth=370704.0 pred=370704.0
         Q: what would be the average total liabilities for CPTH across years 2022 through 2
         R: Total liabilities for 2022: 201,280; 2023: 250,646; 2024: 516,676; 2025: 514,214.
Sum = 201,280 + 250,646 + 516,676 + 514,214 = 1,482,816.
Average = 1,482,816 / 4 = 370,704.
Answer: 370704

  [358/688] depth=2 KEEP | truth=154932.0 pred=154932.0
         Q: may you calculate the sum of current liabilities for NVST in 2023 and the minimu
         R: 2023 Current Liabilities = 132031; 2022 Short Term Investments = 22901; 2023 Short Term Investments = 54586; Minimum(22901, 54586) = 22901; Sum = 132031 + 22901 = 154932.
Answer: 154932

  [359/688] depth=0 KEEP | truth=78005.0 pred=78005.0
         Q: May you calculate the cash for NVST in 2023
         R: Based on the data provided for Year 2023, the cash value for NVST is explicitly listed as 78005.

Answer: 78005

  [360/688] depth=1 KEEP | truth=146454.0 pred=146454.0
         Q: Provide the longterm liabilities for PCEN in 2020
         R: Long-term liabilities = Total Liabilities - Current Liabilities.
For 2020: 246479 - 100025 = 146454.
Answer: 146454

  [361/688] depth=2 KEEP | truth=68076.69652286262 pred=68076.22
         Q: May you give the difference between result of accounts receivable scaled by inco
         R: 2025 Accounts Receivable scaled by Income Tax: 5376 * 0.27393908535390893 = 1472.22.
2025 Non Operating Expenses minus Total Liabilities: 12436 - 79040 = -66604.
Difference between the two results: 1472.22 - (-66604) = 68076.22.
Answer: 68076.22

  [362/688] depth=1 KEEP | truth=6514.0 pred=6514.0
         Q: You should give the the maximum of total equity for PNHG using values from 2021 
         R: Total Equity 2021 = 6514; Total Equity 2022 = 6195.
Maximum of 6514 and 6195 is 6514.
Answer: 6514

  [363/688] depth=3 KEEP | truth=66578.0 pred=66578.0
         Q: which quantity is given by the current assets for MSYS in 2023 ?
         R: Current Assets = Current Assets = Cash + Accounts Receivable + Inventories + Short-term Investments.
For 2023: 36062 + 20956 + 2744 + 6816 = 66578.
Answer: 66578

  [364/688] depth=1 KEEP | truth=283292.0 pred=283292.0
         Q: what would be the sum of short term investments and total equity for CPTH in 202
         R: Short term investments in 2025: 77316
Total equity in 2025: 205976
Sum: 77316 + 205976 = 283292
Answer: 283292

  [365/688] depth=1 KEEP | truth=33030.0 pred=33030.0
         Q: You should give the the minimum of total liabilities for CBSM using values from 
         R: 2020 Total Liabilities: 57819
2021 Total Liabilities: 33030
Minimum = 33030
Answer: 33030

  [366/688] depth=1 KEEP | truth=7397.968479047399 pred=7397.91
         Q: May you give the result of total liabilities scaled by income tax for ORFG in 20
         R: Total liabilities in 2022 = 65676.
Income tax rate in 2022 = 0.1126434082320391.
Calculation: 65676 * 0.1126434082320391 = 7397.91.
Answer: 7397.91

  [367/688] depth=0 KEEP | truth=28022.0 pred=28022.0
         Q: whats the value of the cost of goods sold for CBSM in 2021?
         R: In 2021, the data for CBSM lists the cost_of_goods_sold as 28022.

Answer: 28022

  [368/688] depth=0 KEEP | truth=54234.0 pred=54234.0
         Q: Which result follows from the accounts receivable for IRCL in 2025
         R: Accounts Receivable for IRCL in 2025 is directly provided in the data.
Value from 2025 data: 54234.
Answer: 54234

  [369/688] depth=4 KEEP | truth=290838.0 pred=290838.0
         Q: Which result follows from the sum of gross profit for IRCL in 2025 and the minim
         R: Gross Profit 2025 = Revenue 2025 - COGS 2025 = 543407 - 270410 = 272997.
Min Capex (2020-2023) = min(17841, 30284, 34132, 22891) = 17841.
Result = 272997 + 17841 = 290838.
Answer: 290838

  [370/688] depth=3 KEEP | truth=13862.0 pred=13862.0
         Q: determine the pretax income for QBHD in 2025.
         R: Pretax Income = Revenue - Cost of Goods Sold - Operating Expenses - Non-operating Expenses.
For 2025: 93743 - 46761 - 17917 - 15203 = 13862.
Answer: 13862

  [371/688] depth=1 KEEP | truth=22505.0 pred=22505.0
         Q: may you give the longterm liabilities for ORFG in 2020
         R: Long-term liabilities = Total Liabilities - Current Liabilities.
For 2020: 33826 - 11321 = 22505.
Answer: 22505

  [372/688] depth=0 KEEP | truth=3921.0 pred=3921.0
         Q: which quantity is given by the dividends paid for IRCL in 2022
         R: In the data for Year 2022, the field "dividends_paid" is listed as 3921.
Answer: 3921

  [373/688] depth=0 KEEP | truth=6195.0 pred=6195.0
         Q: State the total equity for PNHG in 2022.
         R: Based on the data for Year 2022, the total equity is explicitly listed as 6195.

Answer: 6195

  [374/688] depth=4 SKIP | truth=274915.07772446814 pred=0.33375
         Q: What's the value of the result of the maximum of current liabilities for ATGL us
         R: 2022 Current Liabilities = 14588; 2023 Current Liabilities = 8455; 2023 Income Tax = 0.1661762782076167; 2024 Current Liabilities = 22282; 2025 Current Liabilities = 29300; Max(2022-2025) = 29300; Growth Factor = 29300 / 14588 = 2.00845; Scaled Value = 2.00845 * 0.1661762782076167 = 0.33375; Result

  [375/688] depth=3 SKIP | truth=-870.648823968866 pred=-6.000000000000001
         Q: which quantity is given by the sum of difference between difference between inve
         R: 2023 values: inventories=11929, accounts_receivable=25432, current_liabilities=67087, income_tax=0.25254742087094173, dividends_paid=29575.
Calculation: ((11929 - 25432) / 67087) * 0.25254742087094173 * 29575 = -6.000000000000001.
Answer: -6.000000000000001

  [376/688] depth=0 KEEP | truth=12189.0 pred=12189.0
         Q: Compute the cash for QBHD in 2024
         R: Based on the data for Year 2024, the cash value for QBHD is explicitly listed as 12189.

Answer: 12189

  [377/688] depth=2 KEEP | truth=151488.0 pred=151488.0
         Q: What does the following give: operating income for CRPH in 2024 ?
         R: Operating Income = Revenue - Cost of Goods Sold - Operating Expenses.
For 2024: 712606 - 521794 - 39324 = 151488.
Answer: 151488

  [378/688] depth=1 KEEP | truth=-76668.0 pred=-76668.0
         Q: may you give the difference between current liabilities and revenue for ORFG in 
         R: Current liabilities in 2020 are 11321 and revenue in 2020 are 87989. The difference is calculated as 11321 - 87989 = -76668.
Answer: -76668

  [379/688] depth=1 KEEP | truth=50583.0 pred=50583.0
         Q: You should calculate the the maximum of cost of goods sold for APEX using values
         R: Cost of goods sold for 2020 is 27804; Cost of goods sold for 2021 is 50583. The maximum value between 27804 and 50583 is 50583.
Answer: 50583

  [380/688] depth=4 KEEP | truth=102738.0 pred=102738.0
         Q: Give the average total equity for ORFG across years 2022 through 2025 .
         R: Total Equity values: 2022=23836, 2023=108761, 2024=165182, 2025=113173.
Sum = 23836 + 108761 + 165182 + 113173 = 410952.
Average = 410952 / 4 = 102738.
Answer: 102738

  [381/688] depth=1 KEEP | truth=516553.0 pred=516553.0
         Q: What do we obtain as the the maximum of revenue for CPTH using values from 2020 
         R: Revenue 2020: 516,553; Revenue 2021: 514,684.
Calculation: max(516553, 514684) = 516553.
Answer: 516553

  [382/688] depth=5 KEEP | truth=585121.0 pred=585121.0
         Q: Calculate the sum of the minimum of short term investments for SLRI using values
         R: Short-term investments (2022-2024): 47075, 31236, 50077 → Minimum = 31236.
Revenue (2020-2024): 553885, 617154, 698498, 821168, 818992 → Minimum = 553885.
Sum: 31236 + 553885 = 585121.
Answer: 585121

  [383/688] depth=2 KEEP | truth=0.0 pred=0.0
         Q: Calculate the the minimum of dividends paid for SLRI using values from 2022 thro
         R: Dividends paid for SLRI from 2022 to 2024 are: 4401 (2022), 0 (2024). The minimum of these values is 0.
Answer: 0

  [384/688] depth=4 KEEP | truth=8665.0 pred=8665.0
         Q: State the the minimum of cost of goods sold for PNHG using values from 2020 thro
         R: Cost of goods sold values: 2020=11723, 2021=8665, 2022=11725, 2023=9524, 2024=9857.
Minimum value is 8665 (Year 2021).
Answer: 8665

  [385/688] depth=2 KEEP | truth=20311.0 pred=20311.0
         Q: What is the value of the operating income for ATGL in 2021
         R: Operating Income = Revenue - Cost of Goods Sold - Operating Expenses.
For 2021: 83268 - 51057 - 11900 = 20311.
Answer: 20311

  [386/688] depth=0 KEEP | truth=1096.0 pred=1096.0
         Q: determine the inventories for PNHG in 2023 .
         R: In 2023, the data for PNHG lists inventories directly as 1096.
Answer: 1096

  [387/688] depth=3 KEEP | truth=56106.0 pred=56106.0
         Q: may you calculate the current assets for NVST in 2020?
         R: Current Assets = Cash + Accounts Receivable + Inventories + Short-term Investments.
Calculation: 24222 + 13643 + 5488 + 12753 = 56106.
Answer: 56106

  [388/688] depth=2 KEEP | truth=11681.0 pred=11681.0
         Q: Provide the average accounts receivable for PCEN across years 2021 through 2022.
         R: 2021 Accounts Receivable: 13,101
2022 Accounts Receivable: 10,261
Sum: 13,101 + 10,261 = 23,362
Average: 23,362 / 2 = 11,681
Answer: 11681

  [389/688] depth=0 KEEP | truth=43967.0 pred=43967.0
         Q: what do we obtain as the operating expenses for CPTH in 2022 ?
         R: Looking at the data for Year 2022 under ticker CPTH, the value listed for operating_expenses is 43967.

Answer: 43967

  [390/688] depth=1 SKIP | truth=1224.8844211151932 pred=96537.44
         Q: Give the result of non operating expenses scaled by income tax for ORFG in 2022 
         R: 2022 non-operating expenses: 10874
2022 income tax rate: 0.1126434082320391
Calculation: 10874 / 0.1126434082320391 = 96537.44
Answer: 96537.44

  [391/688] depth=1 KEEP | truth=28997.0 pred=28997.0
         Q: whats the value of the gross profit for CBSM in 2023?
         R: Gross Profit = Revenue - Cost of Goods Sold.
For 2023: Revenue = 56007, Cost of Goods Sold = 27010.
Calculation: 56007 - 27010 = 28997.
Answer: 28997

  [392/688] depth=0 KEEP | truth=34511.0 pred=34511.0
         Q: you should calculate the capex for TICB in 2023
         R: Based on the data provided for Year 2023, the Capex value is explicitly listed as 34511.

Answer: 34511

  [393/688] depth=1 KEEP | truth=-503676.0 pred=-503676.0
         Q: What do we obtain as the difference between dividends paid and revenue for CPTH 
         R: Dividends paid in 2021: 11008
Revenue in 2021: 514684
Calculation: 11008 - 514684 = -503676
Answer: -503676

  [394/688] depth=2 KEEP | truth=8553.0 pred=8553.0
         Q: which value corresponds to the the minimum of capex for HLXB using values from 2
         R: Capex values for 2021, 2022, and 2023 are 8553, 10985, and 12175 respectively. The minimum value among these is 8553.
Answer: 8553

  [395/688] depth=3 KEEP | truth=5482.0 pred=5482.0
         Q: State the current assets for PNHG in 2023
         R: Current Assets = Cash + Accounts Receivable + Inventories + Short-term Investments.
For 2023: 2062 + 1605 + 1096 + 719 = 5482.
Answer: 5482

  [396/688] depth=2 KEEP | truth=13282.0 pred=13282.0
         Q: What is the the minimum of cash for APEX using values from 2022 through 2024
         R: Cash values for APEX from 2022 through 2024 are: 41229 (2022), 13282 (2023), and 15788 (2024). The minimum of these values is 13282.
Answer: 13282

  [397/688] depth=1 KEEP | truth=99211.0 pred=99211.0
         Q: What is the value of the the maximum of total liabilities for APEX using values 
         R: 2020 total liabilities: 46480
2021 total liabilities: 99211
Maximum of 46480 and 99211 is 99211.
Answer: 99211

  [398/688] depth=1 KEEP | truth=48469.39156000788 pred=48469.22
         Q: What do we obtain as the result of cost of goods sold scaled by income tax for C
         R: Cost of goods sold for CPTH in 2025 is 445216. Income tax rate is 0.10886713765904164. Calculation: 445216 * 0.10886713765904164 = 48469.22.
Answer: 48469.22

  [399/688] depth=3 SKIP | truth=55748.333333333336 pred=73681.67
         Q: Which result follows from the average cash for IRCL across years 2021 through 20
         R: Average cash = (9253 + 139886 + 18106) / 3 = 221045 / 3 = 73681.67.
Answer: 73681.67

  [400/688] depth=3 KEEP | truth=4495.0 pred=4495.0
         Q: What is the the minimum of accounts receivable for APEX using values from 2022 t
         R: Accounts receivable values from 2022 through 2025 are: 10946, 11694, 4495, and 6230. Comparing these values, 4495 is the smallest number.

Answer: 4495

  [400/688]  kept=354  skipped=46  (88% pass rate so far)
  [401/688] depth=1 KEEP | truth=28100.62759113988 pred=28100.000000000004
         Q: You should give the result of cash scaled by income tax for CPTH in 2021.
         R: 2021 Cash: 97139; 2021 Income Tax Rate: 0.2892826526023521; Calculation: 97139 * 0.2892826526023521 = 28100.000000000004.
Answer: 28100.000000000004

  [402/688] depth=6 KEEP | truth=150152.6 pred=150152.6
         Q: Which result follows from the sum of cash for IRCL in 2022 and ratio of sum of s
         R: 2022 Cash: 139886.
Dividends Sum (2020-2024): 0 + 8718 + 3921 + 29575 + 9119 = 51333.
Ratio: 51333 / 5.0 = 10266.6.
Result: 139886 + 10266.6 = 150152.6.
Answer: 150152.6

  [403/688] depth=3 KEEP | truth=21251.0 pred=21251.0
         Q: What's the value of the current assets for ATGL in 2020?
         R: Current Assets = Cash + Accounts Receivable + Inventories + Short-term Investments.
For 2020: 10029 + 5701 + 3886 + 1635 = 21251.
Answer: 21251

  [404/688] depth=3 KEEP | truth=70662.33333333333 pred=70662.33333333333
         Q: what do we obtain as the average non operating expenses for CPTH across years 20
         R: Non-operating expenses for 2020: 80320
Non-operating expenses for 2021: 70766
Non-operating expenses for 2022: 60901
Sum: 80320 + 70766 + 60901 = 211987
Average: 211987 / 3 = 70662.333...
Answer: 70662.33333333333

  [405/688] depth=6 KEEP | truth=9664.5 pred=9664.5
         Q: which quantity is given by the average capex for MSYS across years 2020 through 
         R: Capex values: 10357 (2020), 10099 (2021), 9026 (2022), 5088 (2023), 16862 (2024), 6555 (2025).
Sum = 10357 + 10099 + 9026 + 5088 + 16862 + 6555 = 57987.
Average = 57987 / 6 = 9664.5.
Answer: 9664.5

  [406/688] depth=4 SKIP | truth=107728.40156429751 pred=0.0002067
         Q: give the sum of result of accounts receivable scaled by income tax and current a
         R: 2024 Accounts Receivable = 12144, Income Tax = 0.1796279285488746, Current Assets = Cash (58304) + Accounts Receivable (12144) + Inventories (8221) + Short-term Investments (26878) = 105547.
Calculation: (12144 * 0.1796279285488746) / 105547 = 21.8146 / 105547 ≈ 0.0002067.
Answer: 0.0002067

  [407/688] depth=6 KEEP | truth=109612.0 pred=109612.0
         Q: give the difference between revenue for ORFG in 2025 and the minimum of total eq
         R: Revenue in 2025 is 133,448. Total equity values from 2020 to 2025 are 34,037, 59,143, 23,836, 108,761, 165,182, and 113,173. The minimum total equity is 23,836 (from 2022). The difference is 133,448 - 23,836 = 109,612.
Answer: 109612

  [408/688] depth=4 KEEP | truth=20286.0 pred=20286.0
         Q: May you give the the minimum of current liabilities for NVST using values from 2
         R: Current liabilities for NVST from 2020 to 2024 are: 20286, 30234, 37004, 132031, and 42991.
Comparing these values, the minimum is 20286.
Answer: 20286

  [409/688] depth=5 KEEP | truth=23315.0 pred=23315.0
         Q: Which quantity is given by the average capex for IRCL across years 2020 through 
         R: Capex 2020: 17841
Capex 2021: 30284
Capex 2022: 34132
Capex 2023: 22891
Capex 2024: 11427
Sum = 17841 + 30284 + 34132 + 22891 + 11427 = 116575
Average = 116575 / 5 = 23315
Answer: 23315

  [410/688] depth=0 KEEP | truth=221096.0 pred=221096.0
         Q: what does the following give: total liabilities for CRPH in 2021?
         R: 2021 data shows total_liabilities: 221096.
Answer: 221096

  [411/688] depth=1 KEEP | truth=2814.0 pred=2814.0
         Q: State the the maximum of non operating expenses for PNHG using values from 2020 
         R: 2020 non-operating expenses: 2814
2021 non-operating expenses: 1102
Maximum of 2814 and 1102 is 2814.
Answer: 2814

  [412/688] depth=1 KEEP | truth=194441.0 pred=194441.0
         Q: may you calculate the difference between total assets and operating expenses for
         R: Total Assets (2025) = 221,989; Operating Expenses (2025) = 27,548; Difference = 221,989 - 27,548 = 194,441.
Answer: 194441

  [413/688] depth=1 KEEP | truth=99623.0 pred=99623.0
         Q: Calculate the difference between non operating expenses and current liabilities 
         R: Non-operating expenses in 2024 are 193,978 and current liabilities are 94,355.
Difference = 193,978 - 94,355 = 99,623.
Answer: 99623

  [414/688] depth=1 KEEP | truth=82214.0 pred=82214.0
         Q: what does the following give: longterm liabilities for HLXB in 2020
         R: Long-term liabilities = Total Liabilities - Current Liabilities.
For 2020: 128949 - 46735 = 82214.
Answer: 82214

  [415/688] depth=2 KEEP | truth=748706.0 pred=748706.0
         Q: Which value corresponds to the sum of gross profit and sum of total assets and r
         R: 2025 Gross Profit = Revenue (334,916) - COGS (222,408) = 112,508.
Sum = Gross Profit (112,508) + Total Assets (301,282) + Revenue (334,916) = 748,706.
Answer: 748706

  [416/688] depth=1 KEEP | truth=72012.0 pred=72012.0
         Q: you should calculate the the maximum of short term investments for TICB using va
         R: 2020 short_term_investments: 72012; 2021 short_term_investments: 33790; Maximum(72012, 33790) = 72012.
Answer: 72012

  [417/688] depth=5 KEEP | truth=193978.0 pred=193978.0
         Q: calculate the the maximum of non operating expenses for SLRI using values from 2
         R: Non-operating expenses for SLRI from 2020 to 2025 are: 111,471 (2020), 131,277 (2021), 63,362 (2022), 177,724 (2023), 193,978 (2024), and 135,968 (2025). The maximum value among these is 193,978.

Answer: 193978

  [418/688] depth=2 KEEP | truth=7412.0 pred=7412.0
         Q: what is the value of the the minimum of cash for APEX using values from 2021 thr
         R: Cash values for APEX from 2021 through 2023 are: 7412 (2021), 41229 (2022), and 13282 (2023). The minimum of these values is 7412.
Answer: 7412

  [419/688] depth=1 KEEP | truth=4272.0 pred=4272.0
         Q: whats the value of the difference between non operating expenses and dividends p
         R: Non-operating expenses in 2024 are 4681. Dividends paid in 2024 are 409. The difference is 4681 - 409 = 4272.
Answer: 4272

  [420/688] depth=4 KEEP | truth=23009.0 pred=23009.0
         Q: which result follows from the sum of pretax income and operating income for IRCL
         R: 2020 Operating Income = Revenue - Cost of Goods Sold - Operating Expenses = 365060 - 231556 - 87678 = 45826.
2020 Pretax Income = Operating Income - Non-operating Expenses = 45826 - 68643 = -22817.
Sum = -22817 + 45826 = 23009.
Answer: 23009

  [421/688] depth=1 KEEP | truth=10936.0 pred=10936.0
         Q: state the the maximum of total equity for PNHG using values from 2023 through 20
         R: Total Equity 2023: 5493; Total Equity 2024: 10936; Maximum is 10936.
Answer: 10936

  [422/688] depth=1 KEEP | truth=53334.0 pred=53334.0
         Q: What's the value of the difference between total assets and dividends paid for A
         R: Total Assets (2020) = 53334
Dividends Paid (2020) = 0
Difference = 53334 - 0 = 53334
Answer: 53334

  [423/688] depth=1 KEEP | truth=3962.0 pred=3962.0
         Q: State the the maximum of cash for PNHG using values from 2023 through 2024
         R: Cash values for PNHG in 2023 and 2024 are 2062 and 3962 respectively.
Calculation: max(2062, 3962) = 3962.
Answer: 3962

  [424/688] depth=6 SKIP | truth=495294.0 pred=415561.0
         Q: which result follows from the sum of the maximum of short term investments for I
         R: Max short-term investments (2020-2025): 18106 (2023).
Sum = 18106 + 397455 = 415561.
Answer: 415561

  [425/688] depth=1 KEEP | truth=7999.516740048849 pred=7997.52
         Q: determine the result of total assets scaled by income tax for QBHD in 2025 .
         R: 2025 Total Assets = 65369; 2025 Income Tax = 0.12237477611786701; Calculation: 65369 * 0.12237477611786701 = 7997.52.
Answer: 7997.52

  [426/688] depth=1 SKIP | truth=52466.0 pred=125768.0
         Q: which result follows from the sum of capex and dividends paid for IRCL in 2023 ?
         R: 2023 Capex: 96193
2023 Dividends Paid: 29575
Sum: 96193 + 29575 = 125768
Answer: 125768

  [427/688] depth=3 KEEP | truth=65648.0 pred=65648.0
         Q: provide the pretax income for PCEN in 2022.
         R: Pretax Income = Revenue - Cost of Goods Sold - Operating Expenses - Non-operating Expenses.
For 2022: 176894 - 78889 - 10830 - 21527 = 65648.
Answer: 65648

  [428/688] depth=0 KEEP | truth=6150.0 pred=6150.0
         Q: What is the accounts receivable for APEX in 2021?
         R: In 2021, the data for APEX lists accounts_receivable as 6150.

Answer: 6150

  [429/688] depth=2 KEEP | truth=57913.63428787254 pred=57915.0044
         Q: What do we obtain as the result of gross profit scaled by ratio of inventories t
         R: Gross Profit 2020 = Revenue (516,553) - COGS (220,463) = 296,090.
Ratio = Inventories (22,786) / Total Equity (116,496) ≈ 0.1956.
Result = 296,090 * 0.1956 ≈ 57,915.
Answer: 57915.0044

  [430/688] depth=1 KEEP | truth=47465.0 pred=47465.0
         Q: may you give the gross profit for ORFG in 2025
         R: Gross Profit = Revenue - Cost of Goods Sold.
For 2025: 133448 - 85983 = 47465.
Answer: 47465

  [431/688] depth=5 KEEP | truth=153259.0 pred=153259.0
         Q: what would be the the maximum of cash for CPTH using values from 2020 through 20
         R: Cash values for CPTH from 2020 to 2025 are: 24,389; 97,139; 92,533; 153,259; 104,931; 49,347.
Comparing these values, the maximum is 153,259 (from 2023).
Answer: 153259

  [432/688] depth=0 KEEP | truth=190474.0 pred=190474.0
         Q: state the revenue for PCEN in 2024.
         R: 2024 revenue data is found in the Year 2024 section of the provided data.
The value listed for revenue in 2024 is 190474.
Answer: 190474

  [433/688] depth=0 KEEP | truth=169233.0 pred=169233.0
         Q: What would be the current liabilities for CPTH in 2021?
         R: Based on the data for Year 2021, the value for current_liabilities is explicitly listed as 169233.

Answer: 169233

  [434/688] depth=1 KEEP | truth=19173.0 pred=19173.0
         Q: Whats the value of the the minimum of total equity for CBSM using values from 20
         R: Total Equity 2020: 20346
Total Equity 2021: 19173
Minimum = 19173
Answer: 19173

  [435/688] depth=7 SKIP | truth=542363.0579456687 pred=False
         Q: what would be the sum of result of the minimum of operating expenses for CPTH us
         R: Minimum operating expenses (2020-2025) = 15375 (2024); Capex growth (2020-2021) = (25731-45287)/45287 = -0.4317; Max total liabilities (2023-2025) = 516676 (2024). Result = 15375 * -0.4317 * 516676 = -3,400,000,000 (approx). Answer: False

  [436/688] depth=0 KEEP | truth=45319.0 pred=45319.0
         Q: Which result follows from the short term investments for IRCL in 2020?
         R: 2020 short_term_investments = 45319.
Answer: 45319

  [437/688] depth=0 KEEP | truth=56571.0 pred=56571.0
         Q: What do we obtain as the accounts receivable for CPTH in 2023
         R: In 2023, the data for CPTH lists accounts_receivable as 56571.
Answer: 56571

  [438/688] depth=1 SKIP | truth=230029.0 pred=169136.0
         Q: evaluate the longterm liabilities for TICB in 2025.
         R: To evaluate long-term liabilities for TICB in 2025, we use the balance sheet identity: Total Assets = Total Liabilities + Total Equity.
Long-term liabilities = Total Liabilities - Current Liabilities - Total Equity.
Calculation: 347,347 (Total Liabilities) - 117,318 (Current Liabilities) - 159,893 (

  [439/688] depth=1 KEEP | truth=65727.0 pred=65727.0
         Q: whats the value of the sum of total liabilities and total equity for CBSM in 202
         R: Total liabilities in 2023: 44940
Total equity in 2023: 20787
Sum: 44940 + 20787 = 65727
Answer: 65727

  [440/688] depth=4 KEEP | truth=797935.0 pred=797935.0
         Q: you should give the the maximum of revenue for CRPH using values from 2021 throu
         R: Revenue values for CRPH from 2021 to 2025 are: 550238, 616787, 714010, 712606, 797935. The maximum value is 797935.
Answer: 797935

  [441/688] depth=1 KEEP | truth=38002.0 pred=38002.0
         Q: state the sum of capex and short term investments for PCEN in 2024
         R: 2024 Capex: 16500; 2024 Short-term investments: 21502; Sum: 16500 + 21502 = 38002.
Answer: 38002

  [442/688] depth=1 KEEP | truth=83268.0 pred=83268.0
         Q: What's the value of the the minimum of revenue for ATGL using values from 2021 t
         R: 2021 Revenue: 83268
2022 Revenue: 87003
Minimum(83268, 87003) = 83268
Answer: 83268

  [443/688] depth=2 SKIP | truth=89293.44444444444 pred=98005.0
         Q: Provide the result of gross profit for PCEN in 2022 scaled by growth in dividend
         R: Gross Profit 2022 = Revenue 2022 (176,894) - COGS 2022 (78,889) = 98,005.
Dividend Growth 2020-2023 = Dividends 2023 (774) - Dividends 2020 (405) = 369.
Scaled Result = 98,005 * (369 / 369) = 98,005.
Answer: 98005

  [444/688] depth=3 KEEP | truth=62413.333333333336 pred=62413.33333333333
         Q: Which result follows from the average non operating expenses for IRCL across yea
         R: 2021 non-operating expenses: 81319
2022 non-operating expenses: 78160
2023 non-operating expenses: 27761
Sum: 81319 + 78160 + 27761 = 187240
Average: 187240 / 3 = 62413.333...
Answer: 62413.33333333333

  [445/688] depth=3 KEEP | truth=5482.0 pred=5482.0
         Q: State the current assets for PNHG in 2023.
         R: Current Assets = Cash + Accounts Receivable + Inventories + Short-term Investments.
For 2023: 2062 + 1605 + 1096 + 719 = 5482.
Answer: 5482

  [446/688] depth=0 KEEP | truth=70860.0 pred=70860.0
         Q: what's the value of the total equity for ATGL in 2023 ?
         R: Based on the data for Year 2023, the total equity for ATGL is explicitly listed as 70860.

Answer: 70860

  [447/688] depth=4 KEEP | truth=15928.0 pred=15928.0
         Q: You should calculate the the maximum of current liabilities for CBSM using value
         R: Current liabilities for CBSM from 2020 to 2024 are: 15174 (2020), 9946 (2021), 14260 (2022), 15734 (2023), and 15928 (2024). The maximum value among these is 15928.
Answer: 15928

  [448/688] depth=0 KEEP | truth=25731.0 pred=25731.0
         Q: You should give the capex for CPTH in 2021.
         R: Based on the data for Year 2021, the capex value is explicitly listed as 25731.

Answer: 25731

  [449/688] depth=0 KEEP | truth=44810.0 pred=44810.0
         Q: Which result follows from the cash for HLXB in 2024
         R: 2024 Cash = 44810.
Answer: 44810

  [450/688] depth=1 KEEP | truth=23034.0 pred=23034.0
         Q: Whats the value of the sum of total equity and accounts receivable for CBSM in 2
         R: Total Equity (2022) = 18575
Accounts Receivable (2022) = 4459
Sum = 18575 + 4459 = 23034
Answer: 23034

  [450/688]  kept=398  skipped=52  (88% pass rate so far)
  [451/688] depth=2 KEEP | truth=8383.0 pred=8383.0
         Q: which quantity is given by the average dividends paid for MSYS across years 2024
         R: Dividends paid in 2024: 3752
Dividends paid in 2025: 13014
Sum: 3752 + 13014 = 16766
Average: 16766 / 2 = 8383
Answer: 8383

  [452/688] depth=5 KEEP | truth=52702.2 pred=52702.2
         Q: Which value corresponds to the average current liabilities for HLXB across years
         R: 2021: 27839, 2022: 97887, 2023: 54426, 2024: 27333, 2025: 56026.
Sum = 27839 + 97887 + 54426 + 27333 + 56026 = 263511.
Average = 263511 / 5 = 52702.2.
Answer: 52702.2

  [453/688] depth=5 KEEP | truth=6457.0 pred=6457.0
         Q: What's the value of the average non operating expenses for CBSM across years 202
         R: Non-operating expenses for 2021-2025: 3812, 8757, 4726, 4681, 10309.
Sum = 32285; Average = 32285 / 5 = 6457.
Answer: 6457

  [454/688] depth=1 KEEP | truth=8464.070994484106 pred=8464.11
         Q: Evaluate the result of inventories scaled by income tax for TICB in 2025.
         R: In 2025, TICB inventories are 38,161 and income tax is 0.22179898311061305.
Calculation: 38,161 * 0.22179898311061305 = 8,464.11.
Answer: 8464.11

  [455/688] depth=0 KEEP | truth=13282.0 pred=13282.0
         Q: what is the cash for APEX in 2023
         R: In 2023, the data for APEX lists the cash balance directly.
Looking at the 2023 section: "cash: 13282".
Answer: 13282

  [456/688] depth=0 KEEP | truth=36062.0 pred=36062.0
         Q: Could you give the cash for MSYS in 2023
         R: In 2023, the cash balance for MSYS is explicitly listed in the data.
Answer: 36062

  [457/688] depth=2 KEEP | truth=64113.0 pred=64113.0
         Q: What do we obtain as the the maximum of accounts receivable for CRPH using value
         R: Accounts receivable values for 2020, 2021, and 2022 are 31783, 45367, and 64113 respectively. The maximum of these values is 64113.
Answer: 64113

  [458/688] depth=7 SKIP | truth=75477.4679358924 pred=-5365656666.0
         Q: calculate the sum of result of the minimum of accounts receivable for SLRI using
         R: 2020-2022 min AR = 23923.
2021 (Inv - Equity) = 19238 - 339512 = -320274.
2021-2025 max CL = 193924.
2020-2025 sum NOE = 111471 + 131277 + 63362 + 177724 + 193978 + 135968 = 813780.
Ratio 1 = 23923 * (-320274) / 193924 = -39560.66.
Ratio 2 = 813780 / 6.0 = 135630.
Result = -39560.66 * 135630 = -5365

  [459/688] depth=3 KEEP | truth=222947.0 pred=222947.0
         Q: What do we obtain as the current assets for CRPH in 2025?
         R: Current Assets = Cash + Accounts Receivable + Inventories + Short-term Investments.
For 2025: 109394 + 55086 + 35247 + 23220 = 222947.
Answer: 222947

  [460/688] depth=2 KEEP | truth=28950.0 pred=28950.0
         Q: What is the operating income for APEX in 2023 ?
         R: Operating Income = Revenue - Cost of Goods Sold - Operating Expenses.
For 2023: 88228 - 53607 - 5671 = 28950.
Answer: 28950

  [461/688] depth=3 KEEP | truth=-47803.0 pred=-47803.0
         Q: may you calculate the difference between dividends paid and operating income for
         R: Operating Income = Revenue - Cost of Goods Sold - Operating Expenses = 192647 - 114551 - 27548 = 50548.
Difference = Dividends Paid - Operating Income = 2745 - 50548 = -47803.
Answer: -47803

  [462/688] depth=1 KEEP | truth=4666.0 pred=4666.0
         Q: Whats the value of the the maximum of short term investments for CBSM using valu
         R: Short-term investments in 2022: 4097
Short-term investments in 2023: 4666
Maximum value = 4666
Answer: 4666

  [463/688] depth=1 KEEP | truth=-24461.0 pred=-24461.0
         Q: may you give the difference between dividends paid and operating expenses for OR
         R: In 2022, dividends paid for ORFG is 2421 and operating expenses is 26882.
Difference = 2421 - 26882 = -24461.
Answer: -24461

  [464/688] depth=1 KEEP | truth=130622.0 pred=130622.0
         Q: what does the following give: sum of current liabilities and short term investme
         R: Current liabilities in 2021: 65249
Short term investments in 2021: 65373
Calculation: 65249 + 65373 = 130622
Answer: 130622

  [465/688] depth=1 KEEP | truth=112508.0 pred=112508.0
         Q: Which value corresponds to the gross profit for HLXB in 2025?
         R: Gross Profit = Revenue - Cost of Goods Sold.
For 2025: 334916 - 222408 = 112508.
Answer: 112508

  [466/688] depth=2 KEEP | truth=48824.0 pred=48824.0
         Q: What do we obtain as the the maximum of short term investments for CRPH using va
         R: Short-term investments for CRPH from 2022 through 2024 are: 7978 (2022), 48515 (2023), and 48824 (2024). The maximum value among these is 48824.
Answer: 48824

  [467/688] depth=2 SKIP | truth=535471.5208333333 pred=-2930120162.0
         Q: what do we obtain as the result of current liabilities for CPTH in 2021 scaled b
         R: Current liabilities for CPTH in 2021 = 169,233.
Inventories 2020 = 22,786; Inventories 2023 = 5,472.
Growth in inventories (2020 to 2023) = 5,472 - 22,786 = -17,314.
Result = 169,233 * -17,314 = -2,930,120,162.
Answer: -2930120162

  [468/688] depth=7 SKIP | truth=4789.322482756874 pred=0.0
         Q: may you calculate the sum of result of cost of goods sold for NVST in 2023 scale
         R: 2023 COGS = 75117; 2023 AR = 17765; 2023 Tax = 0.24175705676683412; Ratio = (17765 * 0.24175705676683412) / 75117 = 0.057366; Min Liabilities (2021-2025) = 67361; 2023 CA = 17765 + 8748 + 54586 = 81100; 2023 CA (repeated) = 81100; Diff = 0; Result = 0.057366 * 75117 * 0 = 0.
Answer: 0

  [469/688] depth=2 SKIP | truth=137139.17866506035 pred=-19993660912.0
         Q: Which value corresponds to the result of sum of cash and cost of goods sold for 
         R: 2024 (Cash + COGS) = 44810 + 152972 = 197782.
2022 Total Liabilities = 247385, 2025 Total Liabilities = 146089.
Growth = 146089 - 247385 = -101296.
Result = 197782 * -101296 = -19993660912.
Answer: -19993660912

  [470/688] depth=4 KEEP | truth=16500.0 pred=16500.0
         Q: Provide the the maximum of capex for PCEN using values from 2021 through 2025 .
         R: Capex values from 2021 to 2025 are: 14545, 10581, 8194, 16500, 10723.
Comparing these values, the maximum is 16500 (from 2024).
Answer: 16500

  [471/688] depth=0 KEEP | truth=10099.0 pred=10099.0
         Q: Could you give the capex for MSYS in 2021?
         R: Based on the data for Year 2021, the capex value is explicitly listed as 10099.

Answer: 10099

  [472/688] depth=0 KEEP | truth=14619.0 pred=14619.0
         Q: what is the value of the current liabilities for ATGL in 2020
         R: Based on the data for Year 2020, the value for current_liabilities is explicitly listed as 14619.

Answer: 14619

  [473/688] depth=1 KEEP | truth=3345.502076663141 pred=3345.45
         Q: evaluate the result of capex scaled by income tax for TICB in 2024
         R: Capex for TICB in 2024 is 20,589. Income tax rate is 0.1624897798175308.
Calculation: 20,589 * 0.1624897798175308 = 3,345.45.
Answer: 3345.45

  [474/688] depth=2 KEEP | truth=-290732.0 pred=-290732.0
         Q: may you calculate the difference between difference between capex and cost of go
         R: 2025 Capex = 16466, 2025 COGS = 114551, 2025 Revenue = 192647.
Difference = (16466 - 114551) - 192647 = -98085 - 192647 = -290732.
Answer: -290732

  [475/688] depth=2 KEEP | truth=151273.0 pred=151273.0
         Q: Calculate the operating income for SLRI in 2022.
         R: Operating Income = Revenue - Cost of Goods Sold - Operating Expenses.
For 2022: 698498 - 406130 - 141095 = 151273.
Answer: 151273

  [476/688] depth=1 KEEP | truth=44924.0 pred=44924.0
         Q: compute the sum of dividends paid and total liabilities for QBHD in 2025 .
         R: Dividends paid in 2025: 204
Total liabilities in 2025: 44720
Sum: 204 + 44720 = 44924
Answer: 44924

  [477/688] depth=2 KEEP | truth=58723.0 pred=58723.0
         Q: State the sum of gross profit and sum of total assets and cost of goods sold for
         R: 2024 Gross Profit = Revenue (20948) - COGS (9857) = 11091.
2024 Sum of Total Assets and COGS = 37775 + 9857 = 47632.
Total Sum = 11091 + 47632 = 58723.
Answer: 58723

  [478/688] depth=2 SKIP | truth=43130.0 pred=3.1613
         Q: May you give the result of total liabilities scaled by ratio of accounts receiva
         R: 2020 Accounts Receivable = 13643.
2020 Total Liabilities = 43130.
Ratio = 43130 / 13643 ≈ 3.1613.
Answer: 3.1613

  [479/688] depth=0 KEEP | truth=21422.0 pred=21422.0
         Q: Compute the total equity for QBHD in 2020.
         R: Based on the data for Year 2020, the total equity is explicitly listed as 21422.

Answer: 21422

  [480/688] depth=1 KEEP | truth=105891.0 pred=105891.0
         Q: what is the difference between total liabilities and inventories for APEX in 202
         R: Total liabilities in 2025: 109931
Inventories in 2025: 4040
Difference: 109931 - 4040 = 105891
Answer: 105891

  [481/688] depth=5 KEEP | truth=62300.0 pred=62300.0
         Q: which value corresponds to the the maximum of cash for HLXB using values from 20
         R: Cash values: 2020=27177, 2021=18724, 2022=62300, 2023=41405, 2024=44810, 2025=38481.
Maximum is 62300 in 2022.
Answer: 62300

  [482/688] depth=4 KEEP | truth=11277.52117761422 pred=11274.5
         Q: What would be the result of the minimum of current liabilities for CPTH using va
         R: Minimum current liabilities (2020-2023) = 63198 (2022).
Long-term liabilities (2023) = Total Liabilities (250646) - Current Liabilities (77822) = 172824.
Capex (2023) = 30840.
Ratio = 30840 / 172824 ≈ 0.1784.
Result = 63198 * 0.1784 ≈ 11274.5.
Answer: 11274.5

  [483/688] depth=2 SKIP | truth=-115447.65912241722 pred=115447.83
         Q: what would be the difference between capex and result of revenue scaled by incom
         R: 2024 Capex = 13370.
2024 Revenue = 627730.
2024 Income Tax Rate = 0.2052118890644341.
Tax on Revenue = 627730 * 0.2052118890644341 = 128817.83.
Difference = 128817.83 - 13370 = 115447.83.
Answer: 115447.83

  [484/688] depth=1 KEEP | truth=688.0 pred=688.0
         Q: Give the difference between accounts receivable and cash for ORFG in 2022.
         R: Accounts Receivable (2022) = 9324
Cash (2022) = 8636
Difference = 9324 - 8636 = 688
Answer: 688

  [485/688] depth=6 SKIP | truth=192967.24744715448 pred=5424.0
         Q: What do we obtain as the sum of result of ratio of sum of cash for CPTH in 2023 
         R: 2023 Cash = 153259, 2024 Cash = 104931; Sum = 258190. Ratio = 258190 / 2.0 = 129095.
2020 Current Assets = 403472 + 111529 = 514999.
2022-2025 Operating Expenses: 43967, 43967, 33798, 153750, 135549; Max = 153750.
2020-2025 Non-operating Expenses: 80320, 70766, 60901, 76033, 39883, 80147; Max = 8032

  [486/688] depth=0 KEEP | truth=18672.0 pred=18672.0
         Q: What does the following give: capex for CRPH in 2023
         R: Based on the data for Year 2023, the Capex value is explicitly listed as 18672.

Answer: 18672

  [487/688] depth=5 KEEP | truth=20980.0 pred=20980.0
         Q: What's the value of the sum of the minimum of current liabilities for ATGL using
         R: Minimum current liabilities (2021-2025): min(32600, 14588, 8455, 22282, 29300) = 8455.
Operating expenses (2020): 12525.
Sum: 8455 + 12525 = 20980.
Answer: 20980

  [488/688] depth=1 KEEP | truth=125395.0 pred=125395.0
         Q: Could you give the sum of total equity and cost of goods sold for MSYS in 2021
         R: 2021 Total Equity: 33007
2021 Cost of Goods Sold: 92388
Sum: 33007 + 92388 = 125395
Answer: 125395

  [489/688] depth=2 KEEP | truth=-41376.0 pred=-41376.0
         Q: You should give the difference between sum of total equity and short term invest
         R: 2020 Total Equity: 55468, 2020 Short Term Investments: 14711, 2020 Total Assets: 111555.
Calculation: (55468 + 14711) - 111555 = 70179 - 111555 = -41376.
Answer: -41376

  [490/688] depth=1 KEEP | truth=114282.0 pred=114282.0
         Q: provide the longterm liabilities for PCEN in 2022
         R: Long-term liabilities = Total Liabilities - Current Liabilities.
For 2022: 174646 - 60364 = 114282.
Answer: 114282

  [491/688] depth=1 KEEP | truth=19143.30375462621 pred=19145.07
         Q: What would be the result of operating expenses scaled by income tax for CPTH in 
         R: Operating Expenses (2020) = 65,279
Income Tax Rate (2020) = 0.2932536306411895
Calculation: 65,279 * 0.2932536306411895 = 19,145.07
Answer: 19145.07

  [492/688] depth=0 KEEP | truth=14819.0 pred=14819.0
         Q: what is the value of the short term investments for ATGL in 2023 ?
         R: In 2023, the short_term_investments value for ATGL is explicitly listed in the data.
Answer: 14819

  [493/688] depth=4 KEEP | truth=202526.0 pred=202526.0
         Q: Provide the longterm assets for PCEN in 2022.
         R: Long-term assets = Total Assets - Current Assets.
Current Assets = Cash (53,690) + Accounts Receivable (10,261) + Inventories (3,373) + Short-term Investments (28,435) = 95,759.
Long-term assets = 298,285 - 95,759 = 202,526.
Answer: 202526

  [494/688] depth=0 KEEP | truth=23923.0 pred=23923.0
         Q: calculate the inventories for SLRI in 2020
         R: In 2020, the data explicitly lists inventories as 23923.
Answer: 23923

  [495/688] depth=0 KEEP | truth=9802.0 pred=9802.0
         Q: what do we obtain as the inventories for CPTH in 2021
         R: In 2021, the data for CPTH lists inventories directly as 9802.
Answer: 9802

  [496/688] depth=2 KEEP | truth=28130.0 pred=28130.0
         Q: Provide the the maximum of non operating expenses for PCEN using values from 202
         R: Non-operating expenses for 2021: 28130; 2022: 21527; 2023: 26537.
Maximum value among these years is 28130.
Answer: 28130

  [497/688] depth=2 KEEP | truth=533633.0 pred=533633.0
         Q: What do we obtain as the the maximum of total assets for CRPH using values from 
         R: Total assets for 2020: 533633
Total assets for 2021: 437826
Total assets for 2022: 442481
Maximum value = 533633
Answer: 533633

  [498/688] depth=2 KEEP | truth=67921.0 pred=67921.0
         Q: Evaluate the the minimum of non operating expenses for TICB using values from 20
         R: 2021 non-operating expenses: 103,533
2022 non-operating expenses: 98,672
2023 non-operating expenses: 67,921
Minimum value among 2021, 2022, and 2023 is 67,921.
Answer: 67921

  [499/688] depth=1 KEEP | truth=72411.0 pred=72411.0
         Q: Could you give the gross profit for MSYS in 2023 ?
         R: Gross Profit = Revenue - Cost of Goods Sold.
For 2023: 166363 - 93952 = 72411.
Answer: 72411

  [500/688] depth=0 KEEP | truth=14126.0 pred=14126.0
         Q: which quantity is given by the short term investments for IRCL in 2024 ?
         R: Based on the data for Year 2024, the value for short_term_investments is explicitly listed as 14126.

Answer: 14126

  [500/688]  kept=441  skipped=59  (88% pass rate so far)
  [501/688] depth=1 KEEP | truth=19395.0 pred=19395.0
         Q: May you give the the minimum of non operating expenses for NVST using values fro
         R: 2021 non-operating expenses: 26008
2022 non-operating expenses: 19395
Minimum of 26008 and 19395 is 19395.
Answer: 19395

  [502/688] depth=2 SKIP | truth=-718.8636885049362 pred=43837.44
         Q: state the result of result of total assets scaled by income tax for PNHG in 2023
         R: 2023 Total Assets = 15122; 2023 Income Tax = 0.15401647927748016; 2023 COGS = 9524; 2025 COGS = 13776.
Ratio = (15122 / 0.15401647927748016) * ((13776 - 9524) / 9524) = 98185.53 * 0.446451 = 43837.44.
Answer: 43837.44

  [503/688] depth=1 KEEP | truth=-130589.0 pred=-130589.0
         Q: you should give the difference between cost of goods sold and total equity for T
         R: Cost of Goods Sold (2023) = 341,879
Total Equity (2023) = 472,468
Difference = 341,879 - 472,468 = -130,589
Answer: -130589

  [504/688] depth=1 KEEP | truth=18289.0 pred=18289.0
         Q: Whats the value of the sum of operating expenses and short term investments for 
         R: Operating expenses in 2023: 13623
Short term investments in 2023: 4666
Calculation: 13623 + 4666 = 18289
Answer: 18289

  [505/688] depth=2 SKIP | truth=-30188.14343301085 pred=-1646742116.0
         Q: Calculate the result of cash for SLRI in 2022 scaled by growth in accounts recei
         R: 2022 Cash: 90754.
2020 Accounts Receivable: 54576.
2022 Accounts Receivable: 36422.
Growth in Accounts Receivable (2020 to 2022): 36422 - 54576 = -18154.
Result: 90754 * -18154 = -1646742116.
Answer: -1646742116

  [506/688] depth=2 SKIP | truth=-4231.54334038055 pred=6028.7
         Q: Whats the value of the result of current liabilities for CBSM in 2025 scaled by 
         R: Current liabilities in 2025: 14184.
Capex growth 2020-2024: (4257 - 2987) / 2987 = 0.42504.
Scaled value: 14184 * 0.42504 = 6028.7.
Answer: 6028.7

  [507/688] depth=0 KEEP | truth=16808.0 pred=16808.0
         Q: what does the following give: accounts receivable for HLXB in 2021
         R: 2021 accounts receivable value is directly listed in the data.
Answer: 16808

  [508/688] depth=1 KEEP | truth=120735.0 pred=120735.0
         Q: Which value corresponds to the sum of total equity and capex for HLXB in 2022?
         R: Total Equity (2022) = 109750
Capex (2022) = 10985
Sum = 109750 + 10985 = 120735
Answer: 120735

  [509/688] depth=1 KEEP | truth=141873.0 pred=141873.0
         Q: which value corresponds to the gross profit for HLXB in 2024 ?
         R: Gross Profit = Revenue - Cost of Goods Sold.
For HLXB in 2024: Revenue = 294845, Cost of Goods Sold = 152972.
Calculation: 294845 - 152972 = 141873.
Answer: 141873

  [510/688] depth=1 KEEP | truth=140167.0 pred=140167.0
         Q: You should calculate the gross profit for TICB in 2024 .
         R: Gross Profit = Revenue - Cost of Goods Sold.
For 2024: 486911 - 346744 = 140167.
Answer: 140167

  [511/688] depth=1 KEEP | truth=28716.0 pred=28716.0
         Q: what's the value of the gross profit for ATGL in 2025?
         R: Gross Profit = Revenue - Cost of Goods Sold.
For 2025: 98381 - 69665 = 28716.
Answer: 28716

  [512/688] depth=1 KEEP | truth=258477.0 pred=258477.0
         Q: What do we obtain as the gross profit for CRPH in 2020
         R: Gross Profit = Revenue - Cost of Goods Sold.
For 2020: 463236 - 204759 = 258477.
Answer: 258477

  [513/688] depth=2 KEEP | truth=28498.0 pred=28498.0
         Q: Compute the the minimum of cost of goods sold for QBHD using values from 2021 th
         R: 2021 COGS: 59873; 2022 COGS: 35311; 2023 COGS: 28498; Minimum = 28498.
Answer: 28498

  [514/688] depth=3 KEEP | truth=124280.0 pred=124280.0
         Q: Compute the the maximum of total liabilities for QBHD using values from 2021 thr
         R: 2021: 20731, 2022: 124280, 2023: 47727, 2024: 62367. Maximum is 124280.
Answer: 124280

  [515/688] depth=0 SKIP | truth=103532.0 pred=True
         Q: which result follows from the total liabilities for IRCL in 2021?
         R: 2021 Total Liabilities = 103532.
Total Assets = 282967.
Total Equity = 179435.
Check: Total Liabilities + Total Equity = 103532 + 179435 = 282967.
The result matches the Total Assets.
Answer: True

  [516/688] depth=2 SKIP | truth=-20287.941175171683 pred=-918774192.0
         Q: What do we obtain as the result of difference between current liabilities and ca
         R: 2023 Current Liabilities = 77822; 2023 Capex = 30840; Difference = 77822 - 30840 = 46982.
2020 Capex = 45287; 2021 Capex = 25731; Growth = 25731 - 45287 = -19556.
Result = 46982 * -19556 = -918774192.
Answer: -918774192

  [517/688] depth=3 KEEP | truth=54775.333333333336 pred=54775.333333333336
         Q: you should calculate the average short term investments for TICB across years 20
         R: Short-term investments for 2020: 72012; 2021: 33790; 2022: 58524.
Sum = 72012 + 33790 + 58524 = 164326.
Average = 164326 / 3 = 54775.333...
Answer: 54775.333333333336

  [518/688] depth=4 KEEP | truth=10029.0 pred=10029.0
         Q: What's the value of the the minimum of cash for ATGL using values from 2020 thro
         R: Cash values for 2020-2024: 10029, 24706, 13377, 22183, 10033.
Minimum is 10029 (Year 2020).
Answer: 10029

  [519/688] depth=2 KEEP | truth=433463.0 pred=433463.0
         Q: evaluate the sum of gross profit and operating expenses for SLRI in 2022 .
         R: Gross Profit (2022) = Revenue - Cost of Goods Sold = 698,498 - 406,130 = 292,368.
Sum = Gross Profit + Operating Expenses = 292,368 + 141,095 = 433,463.
Answer: 433463

  [520/688] depth=4 KEEP | truth=8636.0 pred=8636.0
         Q: may you give the the minimum of cash for ORFG using values from 2020 through 202
         R: Cash values for ORFG from 2020 to 2024 are: 14348, 11712, 8636, 13631, and 58304. The minimum value among these is 8636.
Answer: 8636

  [521/688] depth=6 KEEP | truth=7425.666666666667 pred=7425.67
         Q: give the average capex for ORFG across years 2020 through 2025.
         R: Capex values: 8538 (2020), 9407 (2021), 3204 (2022), 7088 (2023), 11785 (2024), 4532 (2025).
Sum = 8538 + 9407 + 3204 + 7088 + 11785 + 4532 = 44554.
Average = 44554 / 6 = 7425.666...
Answer: 7425.67

  [522/688] depth=8 SKIP | truth=-848917.6666666666 pred=-128.3
         Q: what does the following give: result of sum of ratio of sum of sum of sum of sum
         R: 2020 AR: 31783, 2021 AR: 45367, 2022 AR: 64113, 2023 AR: 30873, 2024 AR: 78674, 2025 AR: 55086.
Sum AR = 31783+45367+64113+30873+78674+55086 = 305896.
Ratio = 305896 / 6.0 = 50982.6667.
2020 COGS: 204759, 2023 COGS: 432076. Diff COGS = 227317.
2020 Equity: 381473, 2023 Liabilities: 372880. Ratio Eq/

  [523/688] depth=3 KEEP | truth=71017.0 pred=71017.0
         Q: what is the the minimum of total assets for APEX using values from 2020 through 
         R: Total Assets values: 2020=71017, 2021=141224, 2022=206070, 2023=148589.
Minimum value is 71017.
Answer: 71017

  [524/688] depth=1 KEEP | truth=402.8328544497701 pred=402.7425742300304
         Q: determine the result of short term investments scaled by income tax for QBHD in 
         R: 2020 short_term_investments = 2565
2020 income_tax = 0.15704984578938405
Calculation: 2565 * 0.15704984578938405 = 402.7425742300304
Answer: 402.7425742300304

  [525/688] depth=4 SKIP | truth=192159.38286278376 pred=123895.15
         Q: Which value corresponds to the sum of sum of sum of longterm liabilities and res
         R: 2021 Long-term Liabilities = Total Liabilities (96,102) - Current Liabilities (27,839) = 68,263.
Revenue scaled by income tax = 200,629 * 0.24286310983349252 = 48,724.15.
Sum = 68,263 + 48,724.15 + 6,908 = 123,895.15.
Answer: 123895.15

  [526/688] depth=4 SKIP | truth=-2901.9012206994294 pred=-0.030737
         Q: Which result follows from the result of difference between result of cost of goo
         R: Step 1: Calculate (COGS_2025 * Tax_2025) - AR_2025 = (270410 * 0.18050170383256112) - 54234 = 48789.53 - 54234 = -5444.47.
Step 2: Calculate Ratio = (COGS_2022 + COGS_2023) / 2.0 = (224247 + 130009) / 2.0 = 177128.
Step 3: Calculate Final Value = -5444.47 / 177128 = -0.030737.
Step 4: Check against

  [527/688] depth=1 KEEP | truth=-397.0 pred=-397.0
         Q: What does the following give: difference between operating expenses and non oper
         R: Operating expenses in 2022: 85599
Non-operating expenses in 2022: 85996
Calculation: 85599 - 85996 = -397
Answer: -397

  [528/688] depth=1 KEEP | truth=102564.0 pred=102564.0
         Q: give the gross profit for PCEN in 2024.
         R: Gross Profit = Revenue - Cost of Goods Sold.
For PCEN in 2024: Revenue = 190474, Cost of Goods Sold = 87910.
Calculation: 190474 - 87910 = 102564.
Answer: 102564

  [529/688] depth=4 KEEP | truth=71730.0 pred=71730.0
         Q: give the sum of current assets and accounts receivable for ORFG in 2025 .
         R: Current Assets = Cash + Accounts Receivable + Inventories + Short-term Investments = 43847 + 5376 + 11315 + 5816 = 66354.
Sum = 66354 + 5376 = 71730.
Answer: 71730

  [530/688] depth=0 KEEP | truth=20641.0 pred=20641.0
         Q: Which quantity is given by the operating expenses for MSYS in 2020 ?
         R: Operating expenses for MSYS in 2020 are directly listed in the data under the "Year 2020" section.
Value found: 20641.
Answer: 20641

  [531/688] depth=2 KEEP | truth=474108.0 pred=474108.0
         Q: Calculate the the maximum of total equity for SLRI using values from 2023 throug
         R: 2023 Total Equity: 264,758
2024 Total Equity: 308,925
2025 Total Equity: 474,108
Maximum value is 474,108.
Answer: 474108

  [532/688] depth=3 KEEP | truth=9579.0 pred=9579.0
         Q: state the current assets for PNHG in 2024
         R: Current Assets = Cash + Accounts Receivable + Inventories + Short-term Investments.
For 2024: 3962 + 2682 + 1096 + 1839 = 9579.
Answer: 9579

  [533/688] depth=1 KEEP | truth=73911.0 pred=73911.0
         Q: determine the longterm liabilities for QBHD in 2022
         R: Long-term liabilities = Total Liabilities - Current Liabilities.
For 2022: 124280 - 50369 = 73911.
Answer: 73911

  [534/688] depth=1 KEEP | truth=-11740.0 pred=-11740.0
         Q: Whats the value of the difference between capex and current liabilities for CBSM
         R: In 2022, Capex is 2520 and Current Liabilities are 14260.
Calculation: 2520 - 14260 = -11740.
Answer: -11740

  [535/688] depth=5 KEEP | truth=-56642.0 pred=-56642.0
         Q: Give the difference between dividends paid for ORFG in 2025 and the maximum of c
         R: Dividends paid in 2025: 1662.
Maximum cash from 2021 to 2025: 58304 (in 2024).
Difference: 1662 - 58304 = -56642.
Answer: -56642

  [536/688] depth=2 KEEP | truth=435661.0 pred=435661.0
         Q: evaluate the the minimum of total assets for TICB using values from 2021 through
         R: 2021 Total Assets: 1,098,264
2022 Total Assets: 435,661
2023 Total Assets: 1,165,138
Minimum value among 2021, 2022, and 2023 is 435,661.
Answer: 435661

  [537/688] depth=1 KEEP | truth=24706.0 pred=24706.0
         Q: Whats the value of the gross profit for CBSM in 2025?
         R: Gross Profit = Revenue - Cost of Goods Sold.
For 2025: Revenue = 55356, COGS = 30650.
Calculation: 55356 - 30650 = 24706.
Answer: 24706

  [538/688] depth=4 KEEP | truth=50083.5 pred=50083.5
         Q: evaluate the average accounts receivable for TICB across years 2021 through 2024
         R: Accounts Receivable for 2021: 61,295
Accounts Receivable for 2022: 59,855
Accounts Receivable for 2023: 36,229
Accounts Receivable for 2024: 42,955
Sum: 61,295 + 59,855 + 36,229 + 42,955 = 200,334
Average: 200,334 / 4 = 50,083.5
Answer: 50083.5

  [539/688] depth=1 KEEP | truth=93560.0 pred=93560.0
         Q: You should give the gross profit for HLXB in 2022
         R: Gross Profit = Revenue - Cost of Goods Sold.
For 2022: 228915 - 135355 = 93560.
Answer: 93560

  [540/688] depth=1 KEEP | truth=7525.0 pred=7525.0
         Q: You should give the sum of accounts receivable and dividends paid for CBSM in 20
         R: Accounts Receivable (2021) = 3277
Dividends Paid (2021) = 4248
Sum = 3277 + 4248 = 7525
Answer: 7525

  [541/688] depth=1 KEEP | truth=29846.170881624595 pred=29836.48
         Q: may you give the result of total equity scaled by income tax for NVST in 2024?
         R: Total Equity for NVST in 2024 is 165,371. Income Tax rate is 0.18048007741154493. Calculation: 165,371 * 0.18048007741154493 = 29,836.48.
Answer: 29836.48

  [542/688] depth=1 KEEP | truth=22844.0 pred=22844.0
         Q: May you calculate the longterm liabilities for NVST in 2020?
         R: Long-term liabilities = Total Liabilities - Current Liabilities.
For 2020: 43130 - 20286 = 22844.
Answer: 22844

  [543/688] depth=2 KEEP | truth=-37452.0 pred=-37452.0
         Q: state the difference between dividends paid for PNHG in 2025 and the minimum of 
         R: Dividends paid in 2024: 1739; Dividends paid in 2025: 323.
Minimum total assets from 2024 through 2025: min(37775, 41213) = 37775.
Difference: 323 - 37775 = -37452.
Answer: -37452

  [544/688] depth=1 KEEP | truth=31125.0 pred=31125.0
         Q: What is the value of the longterm liabilities for ATGL in 2024 ?
         R: Long-term liabilities = Total Liabilities - Current Liabilities.
For 2024: 53407 - 22282 = 31125.
Answer: 31125

  [545/688] depth=4 KEEP | truth=4666.0 pred=4666.0
         Q: Whats the value of the the maximum of short term investments for CBSM using valu
         R: Short-term investments for CBSM from 2021 to 2025 are: 922, 4097, 4666, 3350, and 3697. The maximum value among these is 4666.
Answer: 4666

  [546/688] depth=3 KEEP | truth=33798.0 pred=33798.0
         Q: what would be the the minimum of operating expenses for CPTH using values from 2
         R: Operating expenses for CPTH from 2022 through 2025 are: 43967 (2022), 33798 (2023), 153750 (2024), and 135549 (2025). The minimum value among these is 33798.
Answer: 33798

  [547/688] depth=2 KEEP | truth=187690.0 pred=187690.0
         Q: which value corresponds to the average cost of goods sold for HLXB across years 
         R: Cost of goods sold 2024: 152972
Cost of goods sold 2025: 222408
Sum: 152972 + 222408 = 375380
Average: 375380 / 2 = 187690
Answer: 187690

  [548/688] depth=1 KEEP | truth=81457.0 pred=81457.0
         Q: calculate the the maximum of capex for SLRI using values from 2024 through 2025
         R: Capex for 2024 is 38,992 and Capex for 2025 is 81,457. The maximum of these two values is 81,457.
Answer: 81457

  [549/688] depth=5 KEEP | truth=514684.0 pred=514684.0
         Q: What would be the the minimum of revenue for CPTH using values from 2020 through
         R: Revenue values: 2020=516553, 2021=514684, 2022=567176, 2023=567556, 2024=627730, 2025=687937. Minimum is 514684 (2021).
Answer: 514684

  [550/688] depth=5 KEEP | truth=17614.6 pred=17614.6
         Q: determine the average revenue for PNHG across years 2020 through 2024 .
         R: Revenue 2020: 15631, 2021: 15115, 2022: 17176, 2023: 19203, 2024: 20948.
Sum = 15631 + 15115 + 17176 + 19203 + 20948 = 88073.
Average = 88073 / 5 = 17614.6.
Answer: 17614.6

  [550/688]  kept=483  skipped=67  (88% pass rate so far)
  [551/688] depth=5 KEEP | truth=11427.0 pred=11427.0
         Q: which result follows from the the minimum of capex for IRCL using values from 20
         R: Capex values: 2020=17841, 2021=30284, 2022=34132, 2023=22891, 2024=11427, 2025=20820.
Minimum is 11427 (2024).
Answer: 11427

  [552/688] depth=6 KEEP | truth=18453.0 pred=18453.0
         Q: whats the value of the average total equity for CBSM across years 2020 through 2
         R: Total Equity values: 20346 (2020), 19173 (2021), 18575 (2022), 20787 (2023), 18804 (2024), 13033 (2025).
Sum = 20346 + 19173 + 18575 + 20787 + 18804 + 13033 = 110718.
Average = 110718 / 6 = 18453.
Answer: 18453

  [553/688] depth=0 KEEP | truth=7696.0 pred=7696.0
         Q: what's the value of the accounts receivable for ATGL in 2022
         R: In 2022, the data for ATGL shows accounts_receivable: 7696.
Answer: 7696

  [554/688] depth=1 KEEP | truth=92841.0 pred=92841.0
         Q: could you give the longterm liabilities for MSYS in 2024 ?
         R: To find the long-term liabilities for MSYS in 2024, subtract the current liabilities from the total liabilities.
Calculation: 142977 (Total Liabilities) - 50136 (Current Liabilities) = 92841.
Answer: 92841

  [555/688] depth=1 KEEP | truth=173408.0 pred=173408.0
         Q: What's the value of the difference between total assets and non operating expens
         R: Total Assets in 2021 = 186854
Non-operating expenses in 2021 = 13446
Difference = 186854 - 13446 = 173408
Answer: 173408

  [556/688] depth=6 KEEP | truth=250703.0 pred=250703.0
         Q: What would be the sum of current assets for CPTH in 2024 and the minimum of shor
         R: 2024 Current Assets = Cash (104931) + Accounts Receivable (49619) + Inventories (17238) + Short-term Investments (68378) = 240166.
Minimum Short-term Investments (2020-2025) = min(53410, 72945, 10537, 54949, 68378, 77316) = 10537.
Sum = 240166 + 10537 = 250703.
Answer: 250703

  [557/688] depth=0 KEEP | truth=28078.0 pred=28078.0
         Q: provide the short term investments for PCEN in 2023 .
         R: Based on the data for Year 2023, the short_term_investments value is explicitly listed as 28078.

Answer: 28078

  [558/688] depth=5 SKIP | truth=91566.0 pred=95074.0
         Q: Whats the value of the sum of revenue and longterm assets for CBSM in 2021 ?
         R: Long-term assets = Total Assets - Current Liabilities.
For 2021: Total Assets = 52203, Current Liabilities = 9946.
Long-term assets = 52203 - 9946 = 42257.
Sum = Revenue (52817) + Long-term assets (42257) = 95074.
Answer: 95074

  [559/688] depth=2 KEEP | truth=93434.0 pred=93434.0
         Q: Which quantity is given by the operating income for MSYS in 2025 ?
         R: Operating Income = Revenue - Cost of Goods Sold - Operating Expenses.
For 2025: 196832 - 83722 - 19676 = 93434.
Answer: 93434

  [560/688] depth=3 KEEP | truth=8293.0 pred=8293.0
         Q: What's the value of the the minimum of operating expenses for ATGL using values 
         R: Operating expenses for ATGL from 2022 to 2025 are: 19341 (2022), 8293 (2023), 19974 (2024), and 16565 (2025). The minimum value among these is 8293.
Answer: 8293

  [561/688] depth=4 KEEP | truth=9637.0 pred=9637.0
         Q: Compute the average accounts receivable for QBHD across years 2021 through 2024
         R: Accounts Receivable for 2021: 10,585; 2022: 11,245; 2023: 10,394; 2024: 6,324.
Sum = 10,585 + 11,245 + 10,394 + 6,324 = 38,548.
Average = 38,548 / 4 = 9,637.
Answer: 9637

  [562/688] depth=4 KEEP | truth=912.0 pred=912.0
         Q: whats the value of the the minimum of inventories for CBSM using values from 202
         R: Inventories values from 2020 to 2024 are: 1017, 4147, 3218, 912, 1029.
The minimum value among these is 912 (from 2023).
Answer: 912

  [563/688] depth=0 KEEP | truth=26537.0 pred=26537.0
         Q: give the non operating expenses for PCEN in 2023 .
         R: Based on the data for Year 2023, the non_operating_expenses for PCEN is explicitly listed as 26537.

Answer: 26537

  [564/688] depth=4 KEEP | truth=57353.10373998219 pred=57352.4
         Q: what is the result of capex for APEX in 2020 scaled by ratio of the minimum of t
         R: Capex 2020 = 5159.
Minimum Total Equity (2022-2024) = min(66789, 58314, 24969) = 24969.
Minimum Inventories (2023-2025) = min(5868, 4040, 2246) = 2246.
Ratio = 24969 / 2246 ≈ 11.117.
Result = 5159 * 11.117 ≈ 57352.4.
Answer: 57352.4

  [565/688] depth=1 KEEP | truth=61285.0 pred=61285.0
         Q: Compute the sum of total equity and current liabilities for QBHD in 2023.
         R: In 2023, total equity is 42736 and current liabilities are 18549.
Sum = 42736 + 18549 = 61285.
Answer: 61285

  [566/688] depth=2 SKIP | truth=-101018.0 pred=101018.0
         Q: you should give the difference between difference between total equity and reven
         R: 2021 Total Equity = 42743, 2021 Revenue = 83888, 2021 COGS = 59873.
Difference between (Total Equity - Revenue) and COGS = |(42743 - 83888) - 59873| = |-41145 - 59873| = 101018.
Answer: 101018

  [567/688] depth=6 KEEP | truth=1652.1666666666667 pred=1652.17
         Q: you should give the average accounts receivable for PNHG across years 2020 throu
         R: Accounts Receivable values: 2020=937, 2021=1076, 2022=1324, 2023=1605, 2024=2682, 2025=2289.
Sum = 937 + 1076 + 1324 + 1605 + 2682 + 2289 = 9913.
Average = 9913 / 6 = 1652.1666...
Answer: 1652.17

  [568/688] depth=3 KEEP | truth=3924.0 pred=3924.0
         Q: Determine the sum of operating income for PNHG in 2020 and ratio of sum of cash 
         R: Operating Income 2020 = Revenue (15631) - COGS (11723) - Operating Expenses (1876) = 2032.
Sum of Cash 2022 and 2023 = 1722 + 2062 = 3784.
Ratio = 3784 / 2.0 = 1892.
Sum of Operating Income 2020 and Ratio = 2032 + 1892 = 3924.
Answer: 3924

  [569/688] depth=1 KEEP | truth=333412.0 pred=333412.0
         Q: Which quantity is given by the sum of inventories and total liabilities for IRCL
         R: In 2024, inventories = 7540 and total_liabilities = 325872.
Sum = 7540 + 325872 = 333412.
Answer: 333412

  [570/688] depth=1 KEEP | truth=10718.0 pred=10718.0
         Q: Evaluate the difference between capex and dividends paid for TICB in 2021
         R: Capex in 2021 is 31528 and dividends paid in 2021 is 20810.
Difference = 31528 - 20810 = 10718.
Answer: 10718

  [571/688] depth=1 KEEP | truth=255095.0 pred=255095.0
         Q: May you calculate the longterm liabilities for NVST in 2023?
         R: Long-term liabilities = Total Liabilities - Current Liabilities.
For 2023: 387126 - 132031 = 255095.
Answer: 255095

  [572/688] depth=5 KEEP | truth=69533.0 pred=69533.0
         Q: which value corresponds to the the minimum of cost of goods sold for HLXB using 
         R: Cost of Goods Sold values: 2020=144323, 2021=69533, 2022=135355, 2023=179616, 2024=152972, 2025=222408.
Minimum value is 69533 (Year 2021).
Answer: 69533

  [573/688] depth=1 KEEP | truth=41750.0 pred=41750.0
         Q: Determine the gross profit for QBHD in 2020.
         R: Gross Profit = Revenue - Cost of Goods Sold.
For 2020: 79628 - 37878 = 41750.
Answer: 41750

  [574/688] depth=0 KEEP | truth=45287.0 pred=45287.0
         Q: What do we obtain as the capex for CPTH in 2020
         R: Based on the data for Year 2020, the capex value is explicitly listed as 45287.

Answer: 45287

  [575/688] depth=5 KEEP | truth=51267.0 pred=51267.0
         Q: What is the value of the sum of operating expenses for APEX in 2021 and differen
         R: Operating expenses 2021: 6461.
Current liabilities 2021-2024: 31364, 48056, 29887, 25828. Max = 48056.
Dividends paid 2021-2024: 164, 836, 3250, 0. Max = 3250.
Difference: 48056 - 3250 = 44806.
Sum: 6461 + 44806 = 51267.
Answer: 51267

  [576/688] depth=4 SKIP | truth=-6924.047449864804 pred=96996.96
         Q: provide the result of capex for PCEN in 2023 scaled by growth between sum of res
         R: 2023 Capex = 8194.
2020 Equity = 92958, 2020 Tax = 0.10306951958305213; 2022 Equity = 123639.
Term1 = (92958 * 0.10306951958305213) = 9581.23; Term2 = 123639.
Growth = (123639 - 9581.23) / 9581.23 = 11.84.
Result = 8194 * 11.84 = 96996.96.
Answer: 96996.96

  [577/688] depth=0 KEEP | truth=10729.0 pred=10729.0
         Q: provide the cash for PCEN in 2025
         R: Based on the data for Year 2025, the cash value for PCEN is explicitly listed as 10729.

Answer: 10729

  [578/688] depth=5 KEEP | truth=15521.0 pred=15521.0
         Q: what does the following give: the minimum of capex for CRPH using values from 20
         R: Capex values: 2020=38887, 2021=15521, 2022=37653, 2023=18672, 2024=25664, 2025=27072. Minimum is 15521 (2021).
Answer: 15521

  [579/688] depth=1 KEEP | truth=78096.0 pred=78096.0
         Q: may you calculate the gross profit for NVST in 2025 ?
         R: Gross Profit = Revenue - Cost of Goods Sold.
For 2025: 192647 - 114551 = 78096.
Answer: 78096

  [580/688] depth=5 KEEP | truth=116496.0 pred=116496.0
         Q: What would be the the minimum of total equity for CPTH using values from 2020 th
         R: Total Equity values: 2020=116496, 2021=360843, 2022=298308, 2023=418219, 2024=174053, 2025=205976.
Minimum value is 116496 (Year 2020).
Answer: 116496

  [581/688] depth=0 KEEP | truth=774.0 pred=774.0
         Q: Give the dividends paid for PCEN in 2023.
         R: Based on the data for Year 2023, the value for `dividends_paid` is explicitly listed as 774.

Answer: 774

  [582/688] depth=0 KEEP | truth=59873.0 pred=59873.0
         Q: Compute the cost of goods sold for QBHD in 2021
         R: In 2021, the data for QBHD lists the cost_of_goods_sold directly as 59873.

Answer: 59873

  [583/688] depth=2 KEEP | truth=25225.0 pred=25225.0
         Q: may you give the average short term investments for ORFG across years 2022 throu
         R: Short-term investments for 2022: 12753; Short-term investments for 2023: 37697.
Calculation: (12753 + 37697) / 2 = 25225.
Answer: 25225

  [584/688] depth=0 KEEP | truth=4494.0 pred=4494.0
         Q: what is the value of the capex for APEX in 2024
         R: In 2024, the data for APEX lists capex as 4494.
Answer: 4494

  [585/688] depth=0 KEEP | truth=27044.0 pred=27044.0
         Q: what does the following give: inventories for CRPH in 2020 ?
         R: In 2020, the data for CRPH lists inventories as 27044.

Answer: 27044

  [586/688] depth=5 KEEP | truth=204759.0 pred=204759.0
         Q: What does the following give: the minimum of cost of goods sold for CRPH using v
         R: Cost of Goods Sold values: 2020=204759, 2021=249019, 2022=231289, 2023=432076, 2024=521794, 2025=597468. Minimum is 204759.
Answer: 204759

  [587/688] depth=1 KEEP | truth=29206.0 pred=29206.0
         Q: you should give the longterm liabilities for CBSM in 2023.
         R: Total liabilities in 2023 are 44940. Current liabilities are 15734. Long-term liabilities = Total liabilities - Current liabilities = 44940 - 15734 = 29206.
Answer: 29206

  [588/688] depth=4 KEEP | truth=16808.0 pred=16808.0
         Q: which value corresponds to the the minimum of accounts receivable for HLXB using
         R: Accounts Receivable values: 2020=20427, 2021=16808, 2022=29904, 2023=28326, 2024=36417. Minimum is 16808 (2021).
Answer: 16808

  [589/688] depth=2 KEEP | truth=139886.0 pred=139886.0
         Q: Which result follows from the the maximum of cash for IRCL using values from 202
         R: Cash values for 2022, 2023, and 2024 are 139886, 18106, and 33656 respectively.
The maximum of these values is 139886.
Answer: 139886

  [590/688] depth=2 KEEP | truth=130009.0 pred=130009.0
         Q: Which result follows from the the minimum of cost of goods sold for IRCL using v
         R: Cost of goods sold for 2022: 224247
Cost of goods sold for 2023: 130009
Cost of goods sold for 2024: 153173
Minimum value = 130009
Answer: 130009

  [591/688] depth=1 KEEP | truth=28716.0 pred=28716.0
         Q: what is the value of the gross profit for ATGL in 2025
         R: Gross Profit = Revenue - Cost of Goods Sold.
For 2025: 98381 - 69665 = 28716.
Answer: 28716

  [592/688] depth=1 KEEP | truth=28735.0 pred=28735.0
         Q: Determine the longterm liabilities for QBHD in 2025
         R: Long-term liabilities = Total Liabilities - Current Liabilities.
For 2025: 44720 - 15985 = 28735.
Answer: 28735

  [593/688] depth=4 SKIP | truth=-26778.774722973158 pred=False
         Q: Which result follows from the difference between ratio of sum of sum of non oper
         R: 2021 non-operating expenses: 23812.
2022 non-operating expenses: 15773.
2023 non-operating expenses: 31176.
Sum of 2021 and 2022: 23812 + 15773 = 39585.
Ratio of sum to 3.0: 39585 / 3.0 = 13195.
2023 total assets: 194965.
2023 income tax rate: 0.2583323915727087.
Scaled total assets: 194965 * 0.2583

  [594/688] depth=3 SKIP | truth=2842.0 pred=283.0
         Q: Provide the pretax income for PCEN in 2020
         R: Pretax Income = Revenue - Cost of Goods Sold - Operating Expenses - Non-operating Expenses.
Calculation: 160549 - 109216 - 11229 - 37262 = 283.
Answer: 283

  [595/688] depth=0 KEEP | truth=90463.0 pred=90463.0
         Q: you should give the total assets for QBHD in 2023 .
         R: Based on the data for Year 2023, the total_assets value is explicitly listed as 90463.

Answer: 90463

  [596/688] depth=0 KEEP | truth=20820.0 pred=20820.0
         Q: Which result follows from the capex for IRCL in 2025
         R: Capex for IRCL in 2025 is explicitly listed in the data.
Value = 20820
Answer: 20820

  [597/688] depth=1 KEEP | truth=31125.0 pred=31125.0
         Q: what's the value of the difference between total liabilities and current liabili
         R: Total liabilities for ATGL in 2024 are 53407 and current liabilities are 22282.
Calculation: 53407 - 22282 = 31125.
Answer: 31125

  [598/688] depth=0 KEEP | truth=12598.0 pred=12598.0
         Q: whats the value of the cash for CBSM in 2020
         R: In 2020, the cash value for CBSM is explicitly listed in the data.
Cash = 12598
Answer: 12598

  [599/688] depth=5 KEEP | truth=10644.0 pred=10644.0
         Q: what is the value of the the maximum of dividends paid for ATGL using values fro
         R: Dividends paid values: 2020=0, 2021=871, 2022=1628, 2023=10644, 2024=0, 2025=0.
Maximum value is 10644.
Answer: 10644

  [600/688] depth=5 KEEP | truth=59865.0 pred=59865.0
         Q: evaluate the the maximum of short term investments for SLRI using values from 20
         R: Short-term investments for SLRI from 2020 to 2025 are: 40367, 59865, 47075, 31236, 50077, 43056. The maximum value among these is 59865 (from 2021).

Answer: 59865

  [600/688]  kept=528  skipped=72  (88% pass rate so far)
  [601/688] depth=0 KEEP | truth=152160.0 pred=152160.0
         Q: what does the following give: total liabilities for CRPH in 2020?
         R: 2020 data shows total_liabilities: 152160.
Answer: 152160

  [602/688] depth=0 KEEP | truth=192213.0 pred=192213.0
         Q: May you give the total assets for ORFG in 2025?
         R: Based on the data for Year 2025, the total_assets value is explicitly listed as 192213.

Answer: 192213

  [603/688] depth=1 KEEP | truth=301219.0 pred=301219.0
         Q: What do we obtain as the gross profit for CRPH in 2021
         R: Gross Profit = Revenue - Cost of Goods Sold.
For 2021: 550238 - 249019 = 301219.
Answer: 301219

  [604/688] depth=0 KEEP | truth=21092.0 pred=21092.0
         Q: what do we obtain as the cash for CRPH in 2021
         R: Based on the data for Year 2021, the cash value for CRPH is explicitly listed as 21092.

Answer: 21092

  [605/688] depth=6 KEEP | truth=78144.0 pred=78144.0
         Q: what is the sum of the minimum of total equity for APEX using values from 2020 t
         R: Minimum total equity (2020-2025) = 24537 (2020); COGS 2023 = 53607; Sum = 24537 + 53607 = 78144.
Answer: 78144

  [606/688] depth=1 KEEP | truth=49297.0 pred=49297.0
         Q: compute the gross profit for QBHD in 2022.
         R: Gross Profit = Revenue - Cost of Goods Sold.
For 2022: 84608 - 35311 = 49297.
Answer: 49297

  [607/688] depth=2 KEEP | truth=37341.56586953983 pred=37341.45
         Q: Which result follows from the result of total equity scaled by ratio of operatin
         R: 2022 Operating Expenses: 29,590; Revenue: 368,281; Ratio = 0.080346.
2022 Total Equity: 464,758.
Calculation: 464,758 * 0.080346 = 37,341.45.
Answer: 37341.45

  [608/688] depth=1 KEEP | truth=79108.0 pred=79108.0
         Q: Give the the maximum of total assets for ORFG using values from 2020 through 202
         R: 2020 Total Assets: 67863
2021 Total Assets: 79108
Maximum(67863, 79108) = 79108
Answer: 79108

  [609/688] depth=0 KEEP | truth=97887.0 pred=97887.0
         Q: which value corresponds to the current liabilities for HLXB in 2022
         R: Based on the data for Year 2022, the value for current_liabilities is explicitly listed as 97887.

Answer: 97887

  [610/688] depth=1 KEEP | truth=0.0 pred=0.0
         Q: provide the difference between inventories and inventories for PCEN in 2022 .
         R: Inventories in 2022: 3373
Inventories in 2022 (repeated): 3373
Difference: 3373 - 3373 = 0
Answer: 0

  [611/688] depth=1 KEEP | truth=76878.0 pred=76878.0
         Q: you should calculate the sum of operating expenses and accounts receivable for T
         R: Operating Expenses (2020) = 44,200; Accounts Receivable (2020) = 32,678.
Sum = 44,200 + 32,678 = 76,878.
Answer: 76878

  [612/688] depth=2 KEEP | truth=60999.0 pred=60999.0
         Q: Calculate the the minimum of cash for SLRI using values from 2023 through 2025.
         R: Cash values for SLRI from 2023 through 2025 are 63824, 60999, and 130298. The minimum of these values is 60999.
Answer: 60999

  [613/688] depth=1 KEEP | truth=1875.8896490029465 pred=1875.84
         Q: what would be the result of capex scaled by income tax for CPTH in 2025?
         R: Capex for CPTH in 2025 is 17,231. Income tax rate for 2025 is 0.10886713765904164. Calculation: 17,231 * 0.10886713765904164 = 1,875.84.
Answer: 1875.84

  [614/688] depth=1 KEEP | truth=456475.0 pred=456475.0
         Q: you should give the sum of total equity and total assets for HLXB in 2025.
         R: Total Equity (2025) = 155193
Total Assets (2025) = 301282
Sum = 155193 + 301282 = 456475
Answer: 456475

  [615/688] depth=4 KEEP | truth=32313.0 pred=32313.0
         Q: evaluate the the minimum of non operating expenses for TICB using values from 20
         R: Non-operating expenses for 2020: 32,313; 2021: 103,533; 2022: 98,672; 2023: 67,921; 2024: 52,356. The minimum value among these is 32,313.
Answer: 32313

  [616/688] depth=1 KEEP | truth=17642.0 pred=17642.0
         Q: what is the value of the the maximum of non operating expenses for APEX using va
         R: Non-operating expenses for 2024: 16030
Non-operating expenses for 2025: 17642
Maximum value = 17642
Answer: 17642

  [617/688] depth=1 KEEP | truth=301219.0 pred=301219.0
         Q: What does the following give: gross profit for CRPH in 2021
         R: Gross Profit = Revenue - Cost of Goods Sold.
For CRPH in 2021: Revenue = 550238, Cost of Goods Sold = 249019.
Calculation: 550238 - 249019 = 301219.
Answer: 301219

  [618/688] depth=1 KEEP | truth=44132.0 pred=44132.0
         Q: May you calculate the difference between cost of goods sold and non operating ex
         R: In 2022, Cost of Goods Sold is 63,527 and Non-operating Expenses are 19,395.
Calculation: 63,527 - 19,395 = 44,132.
Answer: 44132

  [619/688] depth=3 KEEP | truth=20837.0 pred=20837.0
         Q: Give the the maximum of non operating expenses for ORFG using values from 2020 t
         R: Non-operating expenses for ORFG from 2020 to 2023 are: 13741 (2020), 20837 (2021), 10874 (2022), and 17100 (2023). Comparing these values, the maximum is 20837.
Answer: 20837

  [620/688] depth=2 SKIP | truth=-14167.0 pred=14167.0
         Q: whats the value of the difference between difference between capex and operating
         R: 2022 Capex (2520) - 2022 Operating Expenses (4243) = -1723.
2022 Cash (6222) + 2022 Cash (6222) = 12444.
Difference: 12444 - (-1723) = 14167.
Answer: 14167

  [621/688] depth=2 SKIP | truth=257409.0 pred=237189.0
         Q: what is the sum of sum of cash and total assets and difference between accounts 
         R: 2022 values: Cash = 41229, Total Assets = 206070, Accounts Receivable = 10946, Dividends Paid = 836.
Calculation: (41229 + 206070) - (10946 - 836) = 247299 - 10110 = 237189.
Answer: 237189

  [622/688] depth=0 KEEP | truth=13280.0 pred=13280.0
         Q: Give the inventories for PCEN in 2020 .
         R: In 2020, the inventory value for PCEN is explicitly listed in the data.
Inventory = 13280
Answer: 13280

  [623/688] depth=4 KEEP | truth=26227.0 pred=26227.0
         Q: which quantity is given by the the maximum of operating expenses for MSYS using 
         R: Operating expenses for MSYS from 2020 to 2024 are: 20641 (2020), 8595 (2021), 26227 (2022), 15975 (2023), and 16701 (2024). The maximum value among these is 26227.
Answer: 26227

  [624/688] depth=2 KEEP | truth=171743.5 pred=171743.5
         Q: Which value corresponds to the average total liabilities for HLXB across years 2
         R: 2021 total_liabilities: 96102
2022 total_liabilities: 247385
Sum: 96102 + 247385 = 343487
Average: 343487 / 2 = 171743.5
Answer: 171743.5

  [625/688] depth=0 KEEP | truth=63362.0 pred=63362.0
         Q: Calculate the non operating expenses for SLRI in 2022 .
         R: Based on the data for Year 2022, the non_operating_expenses for SLRI is explicitly listed as 63362.

Answer: 63362

  [626/688] depth=3 KEEP | truth=3277.0 pred=3277.0
         Q: Whats the value of the the minimum of accounts receivable for CBSM using values 
         R: Accounts Receivable values from 2020 to 2023 are: 6914, 3277, 4459, and 4686.
Comparing these values, the minimum is 3277 (from 2021).
Answer: 3277

  [627/688] depth=5 KEEP | truth=-12313.5 pred=-12313.5
         Q: Could you give the difference between ratio of sum of sum of sum of capex for MS
         R: Sum of Capex (2020-2023) = 10357 + 10099 + 9026 + 5088 = 34570.
Ratio = 34570 / 4.0 = 8642.5.
Accounts Receivable (2023) = 20956.
Difference = 8642.5 - 20956 = -12313.5.
Answer: -12313.5

  [628/688] depth=0 KEEP | truth=4671.0 pred=4671.0
         Q: provide the cash for PCEN in 2024
         R: Based on the data for Year 2024, the cash value for PCEN is explicitly listed as 4671.

Answer: 4671

  [629/688] depth=2 KEEP | truth=25828.0 pred=25828.0
         Q: What is the the minimum of current liabilities for APEX using values from 2022 t
         R: Current liabilities for APEX from 2022 through 2024 are: 48056 (2022), 29887 (2023), and 25828 (2024). The minimum value among these is 25828.
Answer: 25828

  [630/688] depth=0 KEEP | truth=6461.0 pred=6461.0
         Q: what is the operating expenses for APEX in 2021
         R: Operating expenses for APEX in 2021 are directly listed in the data under the Year 2021 section.
The value is 6461.
Answer: 6461

  [631/688] depth=4 SKIP | truth=143685.0 pred=133685.0
         Q: may you give the longterm assets for NVST in 2025 ?
         R: Long-term assets = Total Assets - Current Assets.
Current Assets (2025) = Cash (45536) + Accounts Receivable (10975) + Inventories (3554) + Short-term Investments (18239) = 88304.
Long-term assets (2025) = Total Assets (221989) - Current Assets (88304) = 133685.
Answer: 133685

  [632/688] depth=1 KEEP | truth=77735.0 pred=77735.0
         Q: What is the sum of total equity and accounts receivable for APEX in 2022?
         R: Total Equity (2022) = 66789
Accounts Receivable (2022) = 10946
Sum = 66789 + 10946 = 77735
Answer: 77735

  [633/688] depth=2 KEEP | truth=707950.0 pred=707950.0
         Q: Evaluate the the maximum of total assets for SLRI using values from 2022 through
         R: 2022 Total Assets: 494,264
2023 Total Assets: 707,950
2024 Total Assets: 637,517
Maximum = 707,950
Answer: 707950

  [634/688] depth=1 KEEP | truth=17100.0 pred=17100.0
         Q: May you give the the maximum of non operating expenses for ORFG using values fro
         R: Non-operating expenses for 2022 are 10874 and for 2023 are 17100. The maximum value between these two years is 17100.
Answer: 17100

  [635/688] depth=0 KEEP | truth=152972.0 pred=152972.0
         Q: which value corresponds to the cost of goods sold for HLXB in 2024
         R: Based on the data for Year 2024, the cost of goods sold (COGS) for HLXB is explicitly listed as 152972.

Answer: 152972

  [636/688] depth=1 KEEP | truth=190812.0 pred=190812.0
         Q: what do we obtain as the gross profit for CRPH in 2024
         R: Gross Profit = Revenue - Cost of Goods Sold.
For 2024: 712606 - 521794 = 190812.
Answer: 190812

  [637/688] depth=5 KEEP | truth=26614.6 pred=26614.6
         Q: May you give the average current liabilities for ORFG across years 2021 through 
         R: Current liabilities for 2021-2025: 7909, 21416, 39879, 41540, 22329.
Sum = 133073; Average = 133073 / 5 = 26614.6.
Answer: 26614.6

  [638/688] depth=2 SKIP | truth=59445.07620810255 pred=-8700409000.0
         Q: provide the result of the maximum of revenue for PCEN using values from 2022 thr
         R: Maximum revenue from 2022 through 2023 is 185,506 (2023). Total assets grew from 194,061 in 2023 to 146,966 in 2024, a decrease of 47,095. Scaling 185,506 by this negative growth results in -8,700,409,000.
Answer: -8700409000

  [639/688] depth=2 KEEP | truth=25742.0 pred=25742.0
         Q: Provide the the maximum of accounts receivable for PCEN using values from 2022 t
         R: Accounts receivable values for 2022, 2023, and 2024 are 10261, 25742, and 24096 respectively. The maximum value among these is 25742.
Answer: 25742

  [640/688] depth=0 KEEP | truth=10985.0 pred=10985.0
         Q: Which value corresponds to the capex for HLXB in 2022
         R: In the data for Year 2022, the field labeled "capex" for ticker HLXB is 10985.
Answer: 10985

  [641/688] depth=1 KEEP | truth=76319.0 pred=76319.0
         Q: which value corresponds to the difference between cost of goods sold and total l
         R: Cost of goods sold in 2025: 222408
Total liabilities in 2025: 146089
Calculation: 222408 - 146089 = 76319
Answer: 76319

  [642/688] depth=3 KEEP | truth=698498.0 pred=698498.0
         Q: calculate the the minimum of revenue for SLRI using values from 2022 through 202
         R: Revenue values for SLRI from 2022 through 2025 are: 698,498 (2022), 821,168 (2023), 818,992 (2024), and 827,261 (2025). Comparing these figures, the minimum value is 698,498.

Answer: 698498

  [643/688] depth=2 KEEP | truth=-83017.67059434488 pred=-83017.32
         Q: Which result follows from the sum of result of accounts receivable scaled by inc
         R: 2025 Accounts Receivable: 54234; Income Tax Rate: 0.18050170383256112; Product = 9789.68.
2025 Current Liabilities: 221593; Total Equity: 314400; Difference = -92807.
Sum = 9789.68 + (-92807) = -83017.32.
Answer: -83017.32

  [644/688] depth=1 KEEP | truth=232210.0 pred=232210.0
         Q: you should calculate the gross profit for TICB in 2025.
         R: Gross Profit = Revenue - Cost of Goods Sold.
For 2025: 552586 - 320376 = 232210.
Answer: 232210

  [645/688] depth=1 KEEP | truth=273650.0 pred=273650.0
         Q: You should give the longterm liabilities for SLRI in 2020.
         R: Long-term liabilities = Total Liabilities - Current Liabilities.
For 2020: 376312 - 102662 = 273650.
Answer: 273650

  [646/688] depth=4 KEEP | truth=19965.0 pred=19965.0
         Q: May you give the the minimum of total liabilities for ORFG using values from 202
         R: Total liabilities for ORFG from 2021 to 2025 are: 19965 (2021), 65676 (2022), 154461 (2023), 104036 (2024), and 79040 (2025). The minimum value among these is 19965.

Answer: 19965

  [647/688] depth=1 KEEP | truth=20442.0 pred=20442.0
         Q: Compute the difference between total equity and cash for QBHD in 2023.
         R: In 2023, total equity is 42736 and cash is 22294.
Calculation: 42736 - 22294 = 20442.
Answer: 20442

  [648/688] depth=5 SKIP | truth=183306.0 pred=192067.0
         Q: may you calculate the sum of longterm liabilities and longterm assets for NVST i
         R: Long-term Assets = Total Assets (158,208) - Current Assets (20,455 + 2,745 + 22,901 = 46,101) = 112,107.
Long-term Liabilities = Total Liabilities (116,964) - Current Liabilities (37,004) = 79,960.
Sum = 112,107 + 79,960 = 192,067.
Answer: 192067

  [649/688] depth=5 KEEP | truth=12598.0 pred=12598.0
         Q: What's the value of the the maximum of cash for CBSM using values from 2020 thro
         R: Cash values: 2020=12598, 2021=5108, 2022=6222, 2023=7204, 2024=12572, 2025=5223.
Maximum is 12598 (2020).
Answer: 12598

  [650/688] depth=1 KEEP | truth=123432.0 pred=123432.0
         Q: Which result follows from the longterm liabilities for IRCL in 2023
         R: Long-term liabilities = Total Liabilities - Current Liabilities.
For 2023: 190519 - 67087 = 123432.
Answer: 123432

  [650/688]  kept=573  skipped=77  (88% pass rate so far)
  [651/688] depth=4 SKIP | truth=13541.0 pred=21676.0
         Q: State the sum of cash and current assets for PNHG in 2024.
         R: Cash in 2024 = 3962; Current Assets = Current Liabilities (6778) + Total Equity (10936) = 17714; Sum = 3962 + 17714 = 21676.
Answer: 21676

  [652/688] depth=4 SKIP | truth=199273.10692458533 pred=0.0
         Q: Which result follows from the result of result of total liabilities for IRCL in 
         R: 1. 2022 Total Liabilities = 450,869.
2. 2020 Inventories (22,596) * 2020 Income Tax (0.13830819460210894) = 3,124.28.
3. 2021 Inventories (9,087) / 2020 Inventories (22,596) = 0.40216.
4. 2021 Total Assets (282,967) / 2020 Total Assets (307,723) = 0.91954.
5. Growth = 0.91954 / 0.40216 = 2.2865.
6.

  [653/688] depth=2 KEEP | truth=8757.0 pred=8757.0
         Q: what would be the the maximum of non operating expenses for CBSM using values fr
         R: Non-operating expenses for 2022: 8757
Non-operating expenses for 2023: 4726
Non-operating expenses for 2024: 4681
Maximum value among 8757, 4726, and 4681 is 8757.
Answer: 8757

  [654/688] depth=2 KEEP | truth=-6311711.751035399 pred=-6311440.0
         Q: Evaluate the result of difference between operating expenses and cash scaled by 
         R: 2020 Operating Expenses = 44200, 2020 Cash = 126394, Difference = 44200 - 126394 = -82194.
2020 Total Assets = 982687, 2020 Inventories = 12797, Ratio = 982687 / 12797 ≈ 76.787.
Result = -82194 * 76.787 ≈ -6311440.
Answer: -6311440

  [655/688] depth=5 KEEP | truth=1346.0 pred=1346.0
         Q: State the the minimum of current liabilities for PNHG using values from 2020 thr
         R: Current liabilities for PNHG from 2020 to 2025 are: 2848, 1346, 3545, 4458, 6778, 10051. The minimum value among these is 1346.
Answer: 1346

  [656/688] depth=0 KEEP | truth=13014.0 pred=13014.0
         Q: which quantity is given by the dividends paid for MSYS in 2025 ?
         R: Based on the data for Year 2025, the value associated with the key "dividends_paid" is 13014.

Answer: 13014

  [657/688] depth=2 KEEP | truth=252932.0 pred=252932.0
         Q: evaluate the operating income for TICB in 2020 .
         R: Operating Income = Revenue - Cost of Goods Sold - Operating Expenses.
Calculation: 428,824 - 131,692 - 44,200 = 252,932.
Answer: 252932

  [658/688] depth=4 KEEP | truth=18724.0 pred=18724.0
         Q: Which value corresponds to the the minimum of cash for HLXB using values from 20
         R: Cash values: 2020=27177, 2021=18724, 2022=62300, 2023=41405, 2024=44810. Minimum is 18724 (2021).
Answer: 18724

  [659/688] depth=2 KEEP | truth=149651.0 pred=149651.0
         Q: You should calculate the average cash for TICB across years 2023 through 2024
         R: 2023 Cash: 225,815; 2024 Cash: 73,487.
Sum = 225,815 + 73,487 = 299,302.
Average = 299,302 / 2 = 149,651.
Answer: 149651

  [660/688] depth=0 KEEP | truth=30172.0 pred=30172.0
         Q: could you give the cash for MSYS in 2022
         R: Based on the data for Year 2022, the cash value for MSYS is explicitly listed as 30172.

Answer: 30172

  [661/688] depth=2 KEEP | truth=56523.5 pred=56523.5
         Q: what do we obtain as the average cash for CRPH across years 2020 through 2021?
         R: 2020 Cash: 91955; 2021 Cash: 21092; Sum: 113047; Average: 113047 / 2 = 56523.5
Answer: 56523.5

  [662/688] depth=2 KEEP | truth=-76320.0 pred=-76320.0
         Q: may you calculate the difference between cash and sum of non operating expenses 
         R: 2023 Cash: 78005; 2023 Non-operating expenses: 16019; 2023 Total equity: 138306; Sum of non-operating expenses and total equity = 16019 + 138306 = 154325; Difference = 78005 - 154325 = -76320.
Answer: -76320

  [663/688] depth=2 KEEP | truth=1539.0 pred=1539.0
         Q: Give the operating income for ORFG in 2021
         R: Operating Income = Revenue - Cost of Goods Sold - Operating Expenses.
For 2021: 98792 - 73202 - 24051 = 1539.
Answer: 1539

  [664/688] depth=2 KEEP | truth=46110.0 pred=46110.0
         Q: which value corresponds to the the maximum of operating expenses for HLXB using 
         R: Operating expenses for 2020: 13,987; 2021: 46,110; 2022: 14,463.
Maximum value is 46,110 (from 2021).
Answer: 46110

  [665/688] depth=1 KEEP | truth=22891.0 pred=22891.0
         Q: which result follows from the the minimum of capex for IRCL using values from 20
         R: Capex 2022 = 34132; Capex 2023 = 22891; Minimum = 22891.
Answer: 22891

  [666/688] depth=1 KEEP | truth=73202.0 pred=73202.0
         Q: Give the sum of dividends paid and cost of goods sold for ORFG in 2021
         R: Dividends paid in 2021: 0
Cost of goods sold in 2021: 73202
Sum: 0 + 73202 = 73202
Answer: 73202

  [667/688] depth=1 KEEP | truth=1241.4919348239152 pred=1241.29
         Q: Give the result of capex scaled by income tax for ORFG in 2025.
         R: Capex for ORFG in 2025 is 4532. Income tax rate is 0.27393908535390893. Calculation: 4532 * 0.27393908535390893 = 1241.29.
Answer: 1241.29

  [668/688] depth=5 KEEP | truth=13995.4 pred=13995.4
         Q: what is the value of the average non operating expenses for ATGL across years 20
         R: Non-operating expenses for 2021-2025: 13446, 12182, 11884, 14501, 17964.
Sum = 69977; Average = 69977 / 5 = 13995.4.
Answer: 13995.4

  [669/688] depth=2 KEEP | truth=93434.0 pred=93434.0
         Q: You should give the operating income for MSYS in 2025 .
         R: Operating Income = Revenue - Cost of Goods Sold - Operating Expenses.
For 2025: 196832 - 83722 - 19676 = 93434.
Answer: 93434

  [670/688] depth=1 KEEP | truth=13987.0 pred=13987.0
         Q: Which result follows from the the minimum of operating expenses for HLXB using v
         R: Operating expenses for 2020: 13987
Operating expenses for 2021: 46110
Minimum of 13987 and 46110 is 13987.
Answer: 13987

  [671/688] depth=3 KEEP | truth=42514.0 pred=42514.0
         Q: you should calculate the current assets for QBHD in 2022
         R: Current Assets = Cash + Accounts Receivable + Inventories + Short-term Investments.
For 2022: 24174 + 11245 + 5002 + 2093 = 42514.
Answer: 42514

  [672/688] depth=0 KEEP | truth=5488.0 pred=5488.0
         Q: may you calculate the inventories for NVST in 2020 ?
         R: Based on the data provided for Year 2020, the value for inventories is explicitly listed.

Inventories = 5488

Answer: 5488

  [673/688] depth=3 KEEP | truth=4997.0 pred=4997.0
         Q: Give the pretax income for ORFG in 2020.
         R: Pretax Income = Revenue - Cost of Goods Sold - Operating Expenses - Non-operating Expenses.
Calculation: 87989 - 47755 - 21496 - 13741 = 4997.
Answer: 4997

  [674/688] depth=0 KEEP | truth=77448.0 pred=77448.0
         Q: You should give the cost of goods sold for NVST in 2024 .
         R: Based on the data for Year 2024, the cost of goods sold for NVST is explicitly listed as 77448.

Answer: 77448

  [675/688] depth=2 KEEP | truth=57284.29292307693 pred=57282.23
         Q: What is the result of sum of short term investments and inventories scaled by ra
         R: 2023 short term investments = 6054, inventories = 5868, sum = 11922.
2023 non operating expenses = 15616, dividends paid = 3250, ratio = 15616 / 3250 = 4.804923.
Result = 11922 * 4.804923 = 57282.23.
Answer: 57282.23

  [676/688] depth=0 KEEP | truth=51057.0 pred=51057.0
         Q: what's the value of the cost of goods sold for ATGL in 2021
         R: In 2021, the data for ticker ATGL lists the cost_of_goods_sold as 51057.

Answer: 51057

  [677/688] depth=1 KEEP | truth=12187.0 pred=12187.0
         Q: what is the the maximum of short term investments for APEX using values from 202
         R: Short-term investments for 2024: 10527; Short-term investments for 2025: 12187. Maximum value is 12187.
Answer: 12187

  [678/688] depth=2 KEEP | truth=44532.0 pred=44532.0
         Q: What's the value of the difference between gross profit and non operating expens
         R: Gross Profit 2023 = Revenue (89374) - Cost of Goods Sold (32958) = 56416.
Difference = Gross Profit (56416) - Non Operating Expenses (11884) = 44532.
Answer: 44532

  [679/688] depth=1 KEEP | truth=138093.0 pred=138093.0
         Q: Which value corresponds to the sum of cost of goods sold and dividends paid for 
         R: Cost of goods sold in 2022: 135355
Dividends paid in 2022: 2738
Sum: 135355 + 2738 = 138093
Answer: 138093

  [680/688] depth=1 KEEP | truth=269765.0 pred=269765.0
         Q: Give the sum of cost of goods sold and revenue for PCEN in 2020
         R: 2020 Cost of Goods Sold: 109216
2020 Revenue: 160549
Sum: 109216 + 160549 = 269765
Answer: 269765

  [681/688] depth=0 KEEP | truth=4458.0 pred=4458.0
         Q: State the current liabilities for PNHG in 2023
         R: In 2023, the data for PNHG lists current_liabilities as 4458.
Answer: 4458

  [682/688] depth=6 KEEP | truth=220941.0 pred=220941.0
         Q: evaluate the sum of operating expenses for TICB in 2025 and the minimum of total
         R: 2025 operating expenses: 102226. Minimum total equity (2020–2025): 118715 (2022). Sum: 102226 + 118715 = 220941.
Answer: 220941

  [683/688] depth=0 KEEP | truth=10585.0 pred=10585.0
         Q: Determine the accounts receivable for QBHD in 2021
         R: In 2021, the data for QBHD shows accounts_receivable: 10585.
Answer: 10585

  [684/688] depth=0 KEEP | truth=8825.0 pred=8825.0
         Q: Provide the inventories for PCEN in 2025 .
         R: Inventories for PCEN in 2025 are directly listed in the provided data under the Year 2023 section (which appears to be a data error in the source text, as 2025 data is present but labeled incorrectly or the user is asking for the value associated with the 2025 row). Looking at the row labeled "Year

  [685/688] depth=0 KEEP | truth=292999.0 pred=292999.0
         Q: What does the following give: total liabilities for CRPH in 2022?
         R: 2022 data shows total_liabilities: 292999.
Answer: 292999

  [686/688] depth=2 KEEP | truth=391516.5 pred=391516.5
         Q: calculate the average total equity for SLRI across years 2024 through 2025
         R: 2024 Total Equity: 308,925; 2025 Total Equity: 474,108; Sum: 783,033; Average: 783,033 / 2 = 391,516.5
Answer: 391516.5

  [687/688] depth=1 SKIP | truth=956.7817502561194 pred=39530.83
         Q: what is the result of accounts receivable scaled by income tax for APEX in 2021
         R: Accounts Receivable (2021) = 6150
Income Tax (2021) = 0.15557426833432836
Calculation: 6150 / 0.15557426833432836 = 39530.83
Answer: 39530.83

  [688/688] depth=0 KEEP | truth=65249.0 pred=65249.0
         Q: what does the following give: current liabilities for CRPH in 2021?
         R: 2021 data shows current_liabilities: 65249.
Answer: 65249

  [688/688]  kept=608  skipped=80  (88% pass rate so far)

[PHASE 1] Done: 608/688 kept (88%)
[PHASE 1] Depth dist of kept CoT examples: {0: 146, 1: 191, 2: 116, 3: 54, 4: 41, 5: 41, 6: 16, 7: 3}

[PHASE 2] Applying LoRA adapters ...
trainable params: 21,233,664 || all params: 4,226,984,960 || trainable%: 0.5023

[PHASE 4] Training ...
{'loss': '1.767', 'grad_norm': '0.418', 'learning_rate': '0.0001996', 'entropy': '1.097', 'num_tokens': '2.892e+05', 'mean_token_accuracy': '0.5893', 'epoch': '0.2632'}
{'loss': '0.7687', 'grad_norm': '0.1846', 'learning_rate': '0.0001929', 'entropy': '0.7787', 'num_tokens': '5.784e+05', 'mean_token_accuracy': '0.7161', 'epoch': '0.5263'}
{'loss': '0.7123', 'grad_norm': '0.3027', 'learning_rate': '0.0001784', 'entropy': '0.7128', 'num_tokens': '8.684e+05', 'mean_token_accuracy': '0.7291', 'epoch': '0.7895'}
{'loss': '0.6758', 'grad_norm': '0.5352', 'learning_rate': '0.0001574', 'entropy': '0.6789', 'num_tokens': '1.158e+06', 'mean_token_accuracy': '0.7459', 'epoch': '1.053'}
{'loss': '0.5864', 'grad_norm': '0.7969', 'learning_rate': '0.0001315', 'entropy': '0.5994', 'num_tokens': '1.447e+06', 'mean_token_accuracy': '0.7838', 'epoch': '1.316'}
{'loss': '0.4294', 'grad_norm': '1.398', 'learning_rate': '0.0001029', 'entropy': '0.4591', 'num_tokens': '1.736e+06', 'mean_token_accuracy': '0.8459', 'epoch': '1.579'}
{'loss': '0.2662', 'grad_norm': '1.453', 'learning_rate': '7.412e-05', 'entropy': '0.3104', 'num_tokens': '2.025e+06', 'mean_token_accuracy': '0.9092', 'epoch': '1.842'}
{'loss': '0.1458', 'grad_norm': '0.9492', 'learning_rate': '4.75e-05', 'entropy': '0.1925', 'num_tokens': '2.315e+06', 'mean_token_accuracy': '0.9534', 'epoch': '2.105'}
{'loss': '0.0742', 'grad_norm': '0.7031', 'learning_rate': '2.53e-05', 'entropy': '0.1132', 'num_tokens': '2.605e+06', 'mean_token_accuracy': '0.9779', 'epoch': '2.368'}
{'loss': '0.04472', 'grad_norm': '0.3887', 'learning_rate': '9.369e-06', 'entropy': '0.07787', 'num_tokens': '2.894e+06', 'mean_token_accuracy': '0.9881', 'epoch': '2.632'}
{'loss': '0.04019', 'grad_norm': '0.3418', 'learning_rate': '1.056e-06', 'entropy': '0.07056', 'num_tokens': '3.183e+06', 'mean_token_accuracy': '0.9893', 'epoch': '2.895'}
{'train_runtime': '1.863e+04', 'train_samples_per_second': '0.098', 'train_steps_per_second': '0.006', 'train_loss': '0.4849', 'entropy': '0.07326', 'num_tokens': '3.299e+06', 'mean_token_accuracy': '0.9888', 'epoch': '3'}
[INFO]  CoT adapters saved to /cluster/scratch/arakhmasari/lora-cot-checkpoints/adapters
Done: Thu Jun 18 01:09:37 PM CEST 2026
