id,company,depth,operation,expression,question,answer,answer_formatted,result_type,computation_trace
FQ-00001,Nova Enterprises,0,,shares_basic_YTD_Oct_31_2025,you should give the basic shares used in computing EPS reported by Nova Enterprises for the year-to-date period ended Oct 31 2025 .,4375514.0,"4,375,514",numeric,shares_basic_YTD_Oct_31_2025 = 4375514.0
FQ-00002,Peak Systems,2,ratio,"ratio((revenues_Q_Oct_31_2024 ÷ ci_unrealized_gains_YTD_Oct_31_2024), comprehensive_income_Q_Oct_31_2024)","For Peak Systems, what is the result of the following computation: ratio((revenues_Q_Oct_31_2024 ÷ ci_unrealized_gains_YTD_Oct_31_2024), comprehensive_income_Q_Oct_31_2024)? Evaluate any sub-expressions first, then apply the outer operation.",0.3717,0.3717,ratio,(71173.0 / 136.0 = 523.3309) / (comprehensive_income_Q_Oct_31_2024 = 1408.0) = 0.3717
FQ-00003,Zion Corp,2,divide,((cf_da_YTD_Oct_31_2025 - cf_closing_cash_YTD_Oct_31_2025) ÷ accounts_payable_Oct_31_2025),"For Zion Corp, what is the result of the following computation: ((cf_da_YTD_Oct_31_2025 - cf_closing_cash_YTD_Oct_31_2025) ÷ accounts_payable_Oct_31_2025)? Evaluate any sub-expressions first, then apply the outer operation.",-0.7992,-0.80,numeric,(7921.0 - 22384.0 = -14463.0) / (accounts_payable_Oct_31_2025 = 18096.0) = -0.7992
FQ-00004,Trek Holdings,1,ratio,"ratio(cf_fx_effect_YTD_Oct_31_2025, st_investments_Oct_31_2025)",what's the value of the ratio of cf fx effect (for the year-to-date period ended Oct 31 2025) to short-term investments (as of Oct 31 2025) for Trek Holdings,-0.0196,-0.0196,ratio,-41.0 / 2093.0 = -0.0196
FQ-00005,Vex Industries,0,,cost_of_sales_YTD_Oct_31_2025,Evaluate the cost of sales reported by Vex Industries for the year-to-date period ended Oct 31 2025,90810.0,"90,810",numeric,cost_of_sales_YTD_Oct_31_2025 = 90810.0
FQ-00006,Nova Enterprises,1,multiply,(aoci_Oct_31_2025 × rd_expense_YTD_Oct_31_2025),compute the product of accumulated other comprehensive income/(loss) (as of Oct 31 2025) and research and development expense (for the year-to-date period ended Oct 31 2025) for Nova Enterprises.,-1736595.0,"-1,736,595",numeric,-745.0 × 2331.0 = -1736595.0
FQ-00007,Nova Enterprises,1,greater_equal,(cf_repurchases_YTD_Oct_31_2024 ≥ cf_capex_YTD_Oct_31_2024),Is share repurchases greater than or equal to capital expenditures for Nova Enterprises for the year-to-date period ended Oct 31 2024?,True,Yes,boolean,-4223.0 ≥ -14014.0 → True
FQ-00008,Zion Solutions,1,multiply,(net_income_Q_Oct_31_2025 × revenues_YTD_Oct_31_2025),You should give the product of net income (for the quarter ended Oct 31 2025) and total revenues (for the year-to-date period ended Oct 31 2025) for Zion Solutions .,161053683.0,"161,053,683",numeric,1337.0 × 120459.0 = 161053683.0
FQ-00009,Apex Technologies,1,greater_than,(ci_unrealized_gains_Q_Oct_31_2024 > revenues_Q_Oct_31_2024),Is change in unrealized gains/losses on securities strictly greater than total revenues for Apex Technologies for the quarter ended Oct 31 2024?,False,No,boolean,38.0 > 117471.0 → False
FQ-00010,Crest Systems,1,subtract,(rd_expense_Q_Oct_31_2024 - net_sales_Q_Oct_31_2024),"What is the difference between research and development expense and net sales (i.e., research and development expense minus net sales) for Crest Systems for the quarter ended Oct 31 2024",-25553.0,"-25,553",numeric,60.0 - 25613.0 = -25553.0
FQ-00011,Apex Technologies,2,ratio,"ratio((tax_YTD_Oct_31_2024 ÷ eps_basic_YTD_Oct_31_2024), cf_financing_YTD_Oct_31_2025)","For Apex Technologies, what is the result of the following computation: ratio((tax_YTD_Oct_31_2024 ÷ eps_basic_YTD_Oct_31_2024), cf_financing_YTD_Oct_31_2025)? Evaluate any sub-expressions first, then apply the outer operation.",-0.2159,-0.2159,ratio,(9564.0 / 5.89 = 1623.7691) / (cf_financing_YTD_Oct_31_2025 = -7520.0) = -0.2159
FQ-00012,Volt Inc,1,divide,(operating_income_Q_Oct_31_2024 ÷ cost_of_sales_YTD_Oct_31_2024),you should give the ratio of operating income (for the quarter ended Oct 31 2024) to cost of sales (for the year-to-date period ended Oct 31 2024) for Volt Inc,0.0326,0.03,numeric,9370.0 / 287514.0 = 0.0326
FQ-00013,Zion Corp,2,divide,((ppe_Oct_31_2025 ÷ accounts_payable_Oct_31_2025) ÷ gross_profit_YTD_Oct_31_2024),"For Zion Corp, what is the result of the following computation: ((ppe_Oct_31_2025 ÷ accounts_payable_Oct_31_2025) ÷ gross_profit_YTD_Oct_31_2024)? Evaluate any sub-expressions first, then apply the outer operation.",0.0,0.00,numeric,(22968.0 / 18096.0 = 1.2692) / (gross_profit_YTD_Oct_31_2024 = 84486.0) = 0.0
FQ-00014,Nova Enterprises,0,,current_liabilities_Dec_31_2024,Calculate the total current liabilities reported by Nova Enterprises as of Dec 31 2024,64043.0,"64,043",numeric,current_liabilities_Dec_31_2024 = 64043.0
FQ-00015,Vex Industries,1,ratio,"ratio(operating_income_Q_Oct_31_2024, operating_income_YTD_Oct_31_2024)",Determine the ratio of operating income (for the quarter ended Oct 31 2024) to operating income (for the year-to-date period ended Oct 31 2024) for Vex Industries,0.3333,0.3333,ratio,6511.0 / 19533.0 = 0.3333
FQ-00016,Plex Technologies,2,ratio,"ratio((cf_fx_effect_YTD_Oct_31_2025 ÷ total_equity_Oct_31_2025), net_income_YTD_Oct_31_2024)","For Plex Technologies, what is the result of the following computation: ratio((cf_fx_effect_YTD_Oct_31_2025 ÷ total_equity_Oct_31_2025), net_income_YTD_Oct_31_2024)? Evaluate any sub-expressions first, then apply the outer operation.",0.0,0.0000,ratio,(-51.0 / 11738.0 = -0.0043) / (net_income_YTD_Oct_31_2024 = -2241.0) = 0.0
FQ-00017,Peak Systems,1,subtract,(deferred_revenue_Dec_31_2024 - total_assets_Dec_31_2024),"State the difference between deferred revenue and total assets (i.e., deferred revenue minus total assets) for Peak Systems as of Dec 31 2024",-55879.0,"-55,879",numeric,3553.0 - 59432.0 = -55879.0
FQ-00018,Mira Systems,1,add,(cost_of_sales_YTD_Oct_31_2024 + rd_expense_YTD_Oct_31_2024),You should calculate the sum of cost of sales and research and development expense for Mira Systems for the year-to-date period ended Oct 31 2024.,222723.0,"222,723",numeric,221622.0 + 1101.0 = 222723.0
FQ-00019,Plex Technologies,1,greater_than,(cf_capex_YTD_Oct_31_2025 > rd_expense_YTD_Oct_31_2025),Is capital expenditures strictly greater than research and development expense for Plex Technologies for the year-to-date period ended Oct 31 2025?,False,No,boolean,-8108.0 > 1365.0 → False
FQ-00020,Zion Solutions,2,ratio,"ratio((other_nca_Dec_31_2024 + accrued_expenses_Dec_31_2024), ci_total_oci_Q_Oct_31_2024)","For Zion Solutions, what is the result of the following computation: ratio((other_nca_Dec_31_2024 + accrued_expenses_Dec_31_2024), ci_total_oci_Q_Oct_31_2024)? Evaluate any sub-expressions first, then apply the outer operation.",-159.2917,-159.2917,ratio,(2199.0 + 1624.0 = 3823.0) / (ci_total_oci_Q_Oct_31_2024 = -24.0) = -159.2917
FQ-00021,Trek Holdings,2,ratio,"ratio((cf_capex_YTD_Oct_31_2025 × rd_expense_YTD_Oct_31_2025), cf_capex_YTD_Oct_31_2025)","For Trek Holdings, what is the result of the following computation: ratio((cf_capex_YTD_Oct_31_2025 × rd_expense_YTD_Oct_31_2025), cf_capex_YTD_Oct_31_2025)? Evaluate any sub-expressions first, then apply the outer operation.",1635.0,1635.0000,ratio,(-4910.0 × 1635.0 = -8027850.0) / (cf_capex_YTD_Oct_31_2025 = -4910.0) = 1635.0
FQ-00022,Trek Holdings,1,multiply,(revenues_Q_Oct_31_2024 × pretax_income_YTD_Oct_31_2024),Whats the value of the product of total revenues (for the quarter ended Oct 31 2024) and income before taxes (for the year-to-date period ended Oct 31 2024) for Trek Holdings,1145400408.0,"1,145,400,408",numeric,71592.0 × 15999.0 = 1145400408.0
FQ-00023,Peak Systems,1,divide,(inventories_Oct_31_2025 ÷ cost_of_sales_Q_Oct_31_2025),What does the following give: ratio of inventories (as of Oct 31 2025) to cost of sales (for the quarter ended Oct 31 2025) for Peak Systems?,0.1701,0.17,numeric,8683.0 / 51055.0 = 0.1701
FQ-00024,Nova Solutions,1,less_equal,(prepaid_Dec_31_2024 ≤ accounts_payable_Dec_31_2024),Is prepaid expenses and other less than or equal to accounts payable for Nova Solutions as of Dec 31 2024?,True,Yes,boolean,3163.0 ≤ 18637.0 → True
FQ-00025,Plex Technologies,1,less_equal,(gross_profit_YTD_Oct_31_2024 ≤ cf_closing_cash_YTD_Oct_31_2024),Is gross profit less than or equal to cash at end of period for Plex Technologies for the year-to-date period ended Oct 31 2024?,False,No,boolean,68463.0 ≤ -6172.0 → False
FQ-00026,Alto Inc,1,add,(rd_expense_YTD_Oct_31_2024 + comprehensive_income_YTD_Oct_31_2024),which quantity is given by the sum of research and development expense and total comprehensive income for Alto Inc for the year-to-date period ended Oct 31 2024,17498.0,"17,498",numeric,651.0 + 16847.0 = 17498.0
FQ-00027,Apex Technologies,1,divide,(comprehensive_income_YTD_Oct_31_2024 ÷ revenues_Q_Oct_31_2024),you should give the ratio of total comprehensive income (for the year-to-date period ended Oct 31 2024) to total revenues (for the quarter ended Oct 31 2024) for Apex Technologies.,0.239,0.24,numeric,28076.0 / 117471.0 = 0.239
FQ-00028,Vex Industries,2,divide,((revenues_Q_Oct_31_2024 ÷ ci_unrealized_gains_YTD_Oct_31_2024) ÷ inventories_Dec_31_2024),"For Vex Industries, what is the result of the following computation: ((revenues_Q_Oct_31_2024 ÷ ci_unrealized_gains_YTD_Oct_31_2024) ÷ inventories_Dec_31_2024)? Evaluate any sub-expressions first, then apply the outer operation.",0.1126,0.11,numeric,(44887.0 / 62.0 = 723.9839) / (inventories_Dec_31_2024 = 6428.0) = 0.1126
FQ-00029,Nova Enterprises,1,less_equal,(cf_repurchases_YTD_Oct_31_2025 ≤ ci_net_income_YTD_Oct_31_2025),Is share repurchases less than or equal to net income for Nova Enterprises for the year-to-date period ended Oct 31 2025?,True,Yes,boolean,-4557.0 ≤ 5076.0 → True
FQ-00030,Orion Enterprises,1,add,(gross_profit_Q_Oct_31_2024 + net_income_Q_Oct_31_2024),State the sum of gross profit and net income for Orion Enterprises for the quarter ended Oct 31 2024,27849.0,"27,849",numeric,23827.0 + 4022.0 = 27849.0
FQ-00031,Trek Holdings,2,ratio,"ratio((shares_diluted_Q_Oct_31_2025 ÷ ci_unrealized_gains_Q_Oct_31_2025), membership_and_other_income_Q_Oct_31_2024)","For Trek Holdings, what is the result of the following computation: ratio((shares_diluted_Q_Oct_31_2025 ÷ ci_unrealized_gains_Q_Oct_31_2025), membership_and_other_income_Q_Oct_31_2024)? Evaluate any sub-expressions first, then apply the outer operation.",-918.5112,-918.5112,ratio,(8341000.0 / -9.0 = -926777.7778) / (membership_and_other_income_Q_Oct_31_2024 = 1009.0) = -918.5112
FQ-00032,Vex Industries,2,ratio,"ratio((net_sales_Q_Oct_31_2025 + operating_income_Q_Oct_31_2025), tax_YTD_Oct_31_2024)","For Vex Industries, what is the result of the following computation: ratio((net_sales_Q_Oct_31_2025 + operating_income_Q_Oct_31_2025), tax_YTD_Oct_31_2024)? Evaluate any sub-expressions first, then apply the outer operation.",10.6234,10.6234,ratio,(45566.0 + 6701.0 = 52267.0) / (tax_YTD_Oct_31_2024 = 4920.0) = 10.6234
FQ-00033,Plex Technologies,1,divide,(ci_total_oci_Q_Oct_31_2025 ÷ membership_and_other_income_YTD_Oct_31_2025),what do we obtain as the ratio of total other comprehensive income/(loss) (for the quarter ended Oct 31 2025) to membership and other income (for the year-to-date period ended Oct 31 2025) for Plex Technologies?,-0.0504,-0.05,numeric,-171.0 / 3390.0 = -0.0504
FQ-00034,Nova Holdings,2,divide,"(ratio(pretax_income_YTD_Oct_31_2024, operating_income_Q_Oct_31_2024) ÷ operating_income_Q_Oct_31_2024)","For Nova Holdings, what is the result of the following computation: (ratio(pretax_income_YTD_Oct_31_2024, operating_income_Q_Oct_31_2024) ÷ operating_income_Q_Oct_31_2024)? Evaluate any sub-expressions first, then apply the outer operation.",0.0002,0.00,numeric,(34500.0 / 13020.0 = 2.6498) / (operating_income_Q_Oct_31_2024 = 13020.0) = 0.0002
FQ-00035,Nova Solutions,2,divide,(AVG(long_term_debt_Oct_31_2025) ÷ current_liabilities_Dec_31_2024),"For Nova Solutions, what is the result of the following computation: (AVG(long_term_debt_Oct_31_2025) ÷ current_liabilities_Dec_31_2024)? Evaluate any sub-expressions first, then apply the outer operation.",0.6928,0.69,numeric,(AVG(long_term_debt_Oct_31_2025) = 20499.6) / (current_liabilities_Dec_31_2024 = 29590.0) = 0.6928
FQ-00036,Trek Holdings,1,multiply,(net_income_YTD_Oct_31_2024 × net_sales_YTD_Oct_31_2024),Which quantity is given by the product of net income and net sales for Trek Holdings for the year-to-date period ended Oct 31 2024 ?,2636275050.0,"2,636,275,050",numeric,12450.0 × 211749.0 = 2636275050.0
FQ-00037,Vex Industries,1,multiply,(cash_Oct_31_2025 × goodwill_Oct_31_2025),What is the product of cash and cash equivalents and goodwill for Vex Industries as of Oct 31 2025?,16252292.0,"16,252,292",numeric,3178.0 × 5114.0 = 16252292.0
FQ-00038,Orion Enterprises,2,ratio,"ratio((revenues_YTD_Oct_31_2024 ÷ sga_expense_Q_Oct_31_2024), ci_fx_translation_YTD_Oct_31_2025)","For Orion Enterprises, what is the result of the following computation: ratio((revenues_YTD_Oct_31_2024 ÷ sga_expense_Q_Oct_31_2024), ci_fx_translation_YTD_Oct_31_2025)? Evaluate any sub-expressions first, then apply the outer operation.",-0.1317,-0.1317,ratio,(248508.0 / 18141.0 = 13.6987) / (ci_fx_translation_YTD_Oct_31_2025 = -104.0) = -0.1317
FQ-00039,Apex Technologies,1,ratio,"ratio(rd_expense_YTD_Oct_31_2024, cf_net_change_YTD_Oct_31_2024)",Whats the value of the ratio of research and development expense to net change in cash for Apex Technologies for the year-to-date period ended Oct 31 2024,0.0363,0.0363,ratio,1287.0 / 35459.0 = 0.0363
FQ-00040,Nova Holdings,1,ratio,"ratio(cost_of_sales_YTD_Oct_31_2025, membership_and_other_income_Q_Oct_31_2025)",May you give the ratio of cost of sales (for the year-to-date period ended Oct 31 2025) to membership and other income (for the quarter ended Oct 31 2025) for Nova Holdings,156.2295,156.2295,ratio,332925.0 / 2131.0 = 156.2295
FQ-00041,Peak Systems,1,ratio,"ratio(ci_unrealized_gains_Q_Oct_31_2025, total_equity_Oct_31_2025)",What is the value of the ratio of change in unrealized gains/losses on securities (for the quarter ended Oct 31 2025) to total shareholders equity (as of Oct 31 2025) for Peak Systems ?,-0.0269,-0.0269,ratio,-270.0 / 10055.0 = -0.0269
FQ-00042,Apex Technologies,0,,shares_diluted_Q_Oct_31_2025,Provide the diluted shares used in computing EPS reported by Apex Technologies for the quarter ended Oct 31 2025.,4767000.0,"4,767,000",numeric,shares_diluted_Q_Oct_31_2025 = 4767000.0
FQ-00043,Zion Solutions,1,multiply,(revenues_Q_Oct_31_2025 × total_liabilities_Oct_31_2025),What's the value of the product of total revenues (for the quarter ended Oct 31 2025) and total liabilities (as of Oct 31 2025) for Zion Solutions?,1094570780.0,"1,094,570,780",numeric,40153.0 × 27260.0 = 1094570780.0
FQ-00044,Apex Technologies,0,,deferred_revenue_Oct_31_2025,Provide the deferred revenue reported by Apex Technologies as of Oct 31 2025.,4956.0,"4,956",numeric,deferred_revenue_Oct_31_2025 = 4956.0
FQ-00045,Vex Industries,1,subtract,(total_assets_Oct_31_2025 - prepaid_Oct_31_2025),"what would be the difference between total assets and prepaid expenses and other (i.e., total assets minus prepaid expenses and other) for Vex Industries as of Oct 31 2025?",40685.0,"40,685",numeric,41762.0 - 1077.0 = 40685.0
FQ-00046,Volt Inc,2,ratio,"ratio((ppe_Dec_31_2024 - total_liabilities_Dec_31_2024), cf_closing_cash_YTD_Oct_31_2024)","For Volt Inc, what is the result of the following computation: ratio((ppe_Dec_31_2024 - total_liabilities_Dec_31_2024), cf_closing_cash_YTD_Oct_31_2024)? Evaluate any sub-expressions first, then apply the outer operation.",-3.9196,-3.9196,ratio,(28060.0 - 70839.0 = -42779.0) / (cf_closing_cash_YTD_Oct_31_2024 = 10914.0) = -3.9196
FQ-00047,Peak Systems,1,divide,(total_costs_YTD_Oct_31_2024 ÷ sga_expense_Q_Oct_31_2024),whats the value of the ratio of total costs and expenses (for the year-to-date period ended Oct 31 2024) to selling general and administrative expense (for the quarter ended Oct 31 2024) for Peak Systems ?,11.3329,11.33,numeric,207165.0 / 18280.0 = 11.3329
FQ-00048,Mira Systems,0,,comprehensive_income_YTD_Oct_31_2024,What's the value of the total comprehensive income reported by Mira Systems for the year-to-date period ended Oct 31 2024,6049.0,"6,049",numeric,comprehensive_income_YTD_Oct_31_2024 = 6049.0
FQ-00049,Nova Solutions,1,less_equal,(total_costs_YTD_Oct_31_2025 ≤ tax_YTD_Oct_31_2025),Is total costs and expenses less than or equal to provision for income taxes for Nova Solutions for the year-to-date period ended Oct 31 2025?,False,No,boolean,237585.0 ≤ 8067.0 → False
FQ-00050,Nova Enterprises,0,,cash_Dec_31_2024,which result follows from the cash and cash equivalents reported by Nova Enterprises as of Dec 31 2024,6437.0,"6,437",numeric,cash_Dec_31_2024 = 6437.0
FQ-00051,Vex Industries,1,multiply,(net_income_Q_Oct_31_2025 × cf_net_income_YTD_Oct_31_2025),what is the product of net income (for the quarter ended Oct 31 2025) and net income (for the year-to-date period ended Oct 31 2025) for Vex Industries ?,66495792.0,"66,495,792",numeric,4708.0 × 14124.0 = 66495792.0
FQ-00052,Nova Holdings,1,less_equal,(pretax_income_YTD_Oct_31_2025 ≤ cf_investing_YTD_Oct_31_2025),Is income before taxes less than or equal to net cash from investing activities for Nova Holdings for the year-to-date period ended Oct 31 2025?,False,No,boolean,30999.0 ≤ -20934.0 → False
FQ-00053,Crest Systems,2,ratio,"ratio((operating_income_YTD_Oct_31_2025 - tax_YTD_Oct_31_2025), revenues_Q_Oct_31_2025)","For Crest Systems, what is the result of the following computation: ratio((operating_income_YTD_Oct_31_2025 - tax_YTD_Oct_31_2025), revenues_Q_Oct_31_2025)? Evaluate any sub-expressions first, then apply the outer operation.",0.2575,0.2575,ratio,(8736.0 - 2115.0 = 6621.0) / (revenues_Q_Oct_31_2025 = 25710.0) = 0.2575
FQ-00054,Volt Inc,1,less_than,(other_income_YTD_Oct_31_2025 < cf_fx_effect_YTD_Oct_31_2025),"Is other income/(expense), net strictly less than cf fx effect for Volt Inc for the year-to-date period ended Oct 31 2025?",True,Yes,boolean,-867.0 < 82.0 → True
FQ-00055,Nova Solutions,2,divide,((other_income_YTD_Oct_31_2024 ÷ cf_sbc_YTD_Oct_31_2024) ÷ accounts_receivable_Oct_31_2025),"For Nova Solutions, what is the result of the following computation: ((other_income_YTD_Oct_31_2024 ÷ cf_sbc_YTD_Oct_31_2024) ÷ accounts_receivable_Oct_31_2025)? Evaluate any sub-expressions first, then apply the outer operation.",-0.0001,-0.00,numeric,(-1200.0 / 2457.0 = -0.4884) / (accounts_receivable_Oct_31_2025 = 8307.0) = -0.0001
FQ-00056,Zion Solutions,2,ratio,"ratio((ci_total_oci_YTD_Oct_31_2025 ÷ comprehensive_income_Q_Oct_31_2025), revenues_Q_Oct_31_2025)","For Zion Solutions, what is the result of the following computation: ratio((ci_total_oci_YTD_Oct_31_2025 ÷ comprehensive_income_Q_Oct_31_2025), revenues_Q_Oct_31_2025)? Evaluate any sub-expressions first, then apply the outer operation.",-0.0,-0.0000,ratio,(-72.0 / 1440.0 = -0.05) / (revenues_Q_Oct_31_2025 = 40153.0) = -0.0
FQ-00057,Vex Industries,0,,net_income_YTD_Oct_31_2025,state the net income reported by Vex Industries for the year-to-date period ended Oct 31 2025.,14124.0,"14,124",numeric,net_income_YTD_Oct_31_2025 = 14124.0
FQ-00058,Peak Systems,2,ratio,"ratio((eps_basic_Q_Oct_31_2024 ÷ eps_diluted_YTD_Oct_31_2024), rd_expense_YTD_Oct_31_2024)","For Peak Systems, what is the result of the following computation: ratio((eps_basic_Q_Oct_31_2024 ÷ eps_diluted_YTD_Oct_31_2024), rd_expense_YTD_Oct_31_2024)? Evaluate any sub-expressions first, then apply the outer operation.",0.0002,0.0002,ratio,(1.64 / 4.88 = 0.3361) / (rd_expense_YTD_Oct_31_2024 = 1623.0) = 0.0002
FQ-00059,Alto Inc,1,less_than,(net_sales_Q_Oct_31_2024 < pretax_income_Q_Oct_31_2024),Is net sales strictly less than income before taxes for Alto Inc for the quarter ended Oct 31 2024?,False,No,boolean,84337.0 < 7460.0 → False
FQ-00060,Vex Industries,1,ratio,"ratio(total_costs_Q_Oct_31_2025, eps_basic_Q_Oct_31_2025)",what do we obtain as the ratio of total costs and expenses to basic earnings per share for Vex Industries for the quarter ended Oct 31 2025?,74513.2075,74513.2075,ratio,39492.0 / 0.53 = 74513.2075
FQ-00061,Trek Holdings,1,multiply,(revenues_YTD_Oct_31_2025 × other_nca_Oct_31_2025),What does the following give: product of total revenues (for the year-to-date period ended Oct 31 2025) and other non-current assets (as of Oct 31 2025) for Trek Holdings,720648069.0,"720,648,069",numeric,231051.0 × 3119.0 = 720648069.0
FQ-00062,Trek Holdings,1,greater_than,(tax_YTD_Oct_31_2025 > cf_investing_YTD_Oct_31_2025),Is provision for income taxes strictly greater than net cash from investing activities for Trek Holdings for the year-to-date period ended Oct 31 2025?,True,Yes,boolean,3819.0 > -5412.0 → True
FQ-00063,Vex Industries,2,divide,((cf_financing_YTD_Oct_31_2024 ÷ shares_diluted_YTD_Oct_31_2024) ÷ cf_investing_YTD_Oct_31_2024),"For Vex Industries, what is the result of the following computation: ((cf_financing_YTD_Oct_31_2024 ÷ shares_diluted_YTD_Oct_31_2024) ÷ cf_investing_YTD_Oct_31_2024)? Evaluate any sub-expressions first, then apply the outer operation.",0.0,0.00,numeric,(-3249.0 / 8889314.0 = -0.0004) / (cf_investing_YTD_Oct_31_2024 = -4206.0) = 0.0
FQ-00064,Apex Technologies,2,divide,((membership_and_other_income_Q_Oct_31_2024 × revenues_Q_Oct_31_2024) ÷ deferred_revenue_Oct_31_2025),"For Apex Technologies, what is the result of the following computation: ((membership_and_other_income_Q_Oct_31_2024 × revenues_Q_Oct_31_2024) ÷ deferred_revenue_Oct_31_2025)? Evaluate any sub-expressions first, then apply the outer operation.",30529.1864,"30,529",numeric,(1288.0 × 117471.0 = 151302648.0) / (deferred_revenue_Oct_31_2025 = 4956.0) = 30529.1864
FQ-00065,Crest Systems,2,divide,((tax_YTD_Oct_31_2025 - cf_sbc_YTD_Oct_31_2025) ÷ shares_diluted_YTD_Oct_31_2025),"For Crest Systems, what is the result of the following computation: ((tax_YTD_Oct_31_2025 - cf_sbc_YTD_Oct_31_2025) ÷ shares_diluted_YTD_Oct_31_2025)? Evaluate any sub-expressions first, then apply the outer operation.",0.0002,0.00,numeric,(2115.0 - 639.0 = 1476.0) / (shares_diluted_YTD_Oct_31_2025 = 6435250.0) = 0.0002
FQ-00066,Peak Systems,1,less_than,(deferred_revenue_Oct_31_2025 < accrued_expenses_Oct_31_2025),Is deferred revenue strictly less than accrued expenses and other for Peak Systems as of Oct 31 2025?,True,Yes,boolean,3838.0 < 5514.0 → True
FQ-00067,Zion Solutions,1,divide,(current_liabilities_Oct_31_2025 ÷ other_nca_Oct_31_2025),you should give the ratio of total current liabilities to other non-current assets for Zion Solutions as of Oct 31 2025.,6.2448,6.24,numeric,14032.0 / 2247.0 = 6.2448
FQ-00068,Peak Systems,1,ratio,"ratio(other_ncl_Oct_31_2025, comprehensive_income_YTD_Oct_31_2025)",you should calculate the ratio of other non-current liabilities (as of Oct 31 2025) to total comprehensive income (for the year-to-date period ended Oct 31 2025) for Peak Systems,0.4607,0.4607,ratio,1975.0 / 4287.0 = 0.4607
FQ-00069,Plex Technologies,2,divide,((eps_diluted_YTD_Oct_31_2024 ÷ gross_profit_YTD_Oct_31_2024) ÷ pretax_income_Q_Oct_31_2024),"For Plex Technologies, what is the result of the following computation: ((eps_diluted_YTD_Oct_31_2024 ÷ gross_profit_YTD_Oct_31_2024) ÷ pretax_income_Q_Oct_31_2024)? Evaluate any sub-expressions first, then apply the outer operation.",0.0,0.00,numeric,(-2.35 / 68463.0 = -0.0) / (pretax_income_Q_Oct_31_2024 = -747.0) = 0.0
FQ-00070,Nova Solutions,2,ratio,"ratio((deferred_revenue_Oct_31_2025 ÷ total_liabilities_Oct_31_2025), cf_da_YTD_Oct_31_2025)","For Nova Solutions, what is the result of the following computation: ratio((deferred_revenue_Oct_31_2025 ÷ total_liabilities_Oct_31_2025), cf_da_YTD_Oct_31_2025)? Evaluate any sub-expressions first, then apply the outer operation.",0.0,0.0000,ratio,(2172.0 / 59500.0 = 0.0365) / (cf_da_YTD_Oct_31_2025 = 7219.0) = 0.0
FQ-00071,Crest Systems,1,subtract,(total_equity_Dec_31_2024 - cash_Dec_31_2024),"state the difference between total shareholders equity and cash and cash equivalents (i.e., total shareholders equity minus cash and cash equivalents) for Crest Systems as of Dec 31 2024",1759.0,"1,759",numeric,3689.0 - 1930.0 = 1759.0
FQ-00072,Orion Enterprises,1,subtract,(net_sales_Q_Oct_31_2024 - pretax_income_Q_Oct_31_2024),"could you give the difference between net sales and income before taxes (i.e., net sales minus income before taxes) for Orion Enterprises for the quarter ended Oct 31 2024 ?",76963.0,"76,963",numeric,82298.0 - 5335.0 = 76963.0
FQ-00073,Peak Systems,0,,st_investments_Dec_31_2024,Whats the value of the short-term investments reported by Peak Systems as of Dec 31 2024,3370.0,"3,370",numeric,st_investments_Dec_31_2024 = 3370.0
FQ-00074,Trek Holdings,2,divide,"(ratio(pretax_income_Q_Oct_31_2024, cf_sbc_YTD_Oct_31_2024) ÷ pretax_income_YTD_Oct_31_2024)","For Trek Holdings, what is the result of the following computation: (ratio(pretax_income_Q_Oct_31_2024, cf_sbc_YTD_Oct_31_2024) ÷ pretax_income_YTD_Oct_31_2024)? Evaluate any sub-expressions first, then apply the outer operation.",0.0003,0.00,numeric,(5333.0 / 1252.0 = 4.2596) / (pretax_income_YTD_Oct_31_2024 = 15999.0) = 0.0003
FQ-00075,Plex Technologies,0,,rd_expense_Q_Oct_31_2024,Could you give the research and development expense reported by Plex Technologies for the quarter ended Oct 31 2024 ?,430.0,430.00,numeric,rd_expense_Q_Oct_31_2024 = 430.0
FQ-00076,Plex Technologies,1,less_equal,(other_income_YTD_Oct_31_2024 ≤ cf_repurchases_YTD_Oct_31_2024),"Is other income/(expense), net less than or equal to share repurchases for Plex Technologies for the year-to-date period ended Oct 31 2024?",True,Yes,boolean,-2490.0 ≤ -1291.0 → True
FQ-00077,Crest Systems,0,,ci_total_oci_Q_Oct_31_2024,You should calculate the total other comprehensive income/(loss) reported by Crest Systems for the quarter ended Oct 31 2024.,-32.0,-32.00,numeric,ci_total_oci_Q_Oct_31_2024 = -32.0
FQ-00078,Vex Industries,1,divide,(eps_diluted_Q_Oct_31_2025 ÷ accounts_payable_Oct_31_2025),calculate the ratio of diluted earnings per share (for the quarter ended Oct 31 2025) to accounts payable (as of Oct 31 2025) for Vex Industries,0.0,0.00,numeric,0.53 / 16897.0 = 0.0
FQ-00079,Plex Technologies,2,ratio,"ratio((total_liabilities_Oct_31_2025 ÷ cost_of_sales_Q_Oct_31_2025), eps_diluted_Q_Oct_31_2024)","For Plex Technologies, what is the result of the following computation: ratio((total_liabilities_Oct_31_2025 ÷ cost_of_sales_Q_Oct_31_2025), eps_diluted_Q_Oct_31_2024)? Evaluate any sub-expressions first, then apply the outer operation.",-1.7813,-1.7813,ratio,(99905.0 / 71903.0 = 1.3894) / (eps_diluted_Q_Oct_31_2024 = -0.78) = -1.7813
FQ-00080,Trek Holdings,1,less_than,(ci_total_oci_YTD_Oct_31_2024 < pretax_income_YTD_Oct_31_2024),Is total other comprehensive income/(loss) strictly less than income before taxes for Trek Holdings for the year-to-date period ended Oct 31 2024?,True,Yes,boolean,238.0 < 15999.0 → True
FQ-00081,Zion Corp,1,less_equal,(comprehensive_income_YTD_Oct_31_2024 ≤ membership_and_other_income_YTD_Oct_31_2024),Is total comprehensive income less than or equal to membership and other income for Zion Corp for the year-to-date period ended Oct 31 2024?,False,No,boolean,27933.0 ≤ 3312.0 → False
FQ-00082,Peak Systems,1,divide,(ci_unrealized_gains_YTD_Oct_31_2025 ÷ net_income_YTD_Oct_31_2025),Determine the ratio of change in unrealized gains/losses on securities to net income for Peak Systems for the year-to-date period ended Oct 31 2025 .,0.0298,0.03,numeric,119.0 / 3990.0 = 0.0298
FQ-00083,Alto Inc,1,ratio,"ratio(total_liabilities_Oct_31_2025, current_liabilities_Oct_31_2025)",Calculate the ratio of total liabilities to total current liabilities for Alto Inc as of Oct 31 2025.,1.6053,1.6053,ratio,60509.0 / 37694.0 = 1.6053
FQ-00084,Nova Solutions,1,divide,(ci_fx_translation_YTD_Oct_31_2024 ÷ pretax_income_Q_Oct_31_2024),determine the ratio of change in foreign currency translation (for the year-to-date period ended Oct 31 2024) to income before taxes (for the quarter ended Oct 31 2024) for Nova Solutions .,-0.0169,-0.02,numeric,-178.0 / 10509.0 = -0.0169
FQ-00085,Apex Technologies,1,greater_than,(current_assets_Dec_31_2024 > st_investments_Dec_31_2024),Is total current assets strictly greater than short-term investments for Apex Technologies as of Dec 31 2024?,True,Yes,boolean,67027.0 > 4504.0 → True
FQ-00086,Apex Technologies,1,multiply,(cf_net_change_YTD_Oct_31_2025 × retained_earnings_Oct_31_2025),Which result follows from the product of net change in cash (for the year-to-date period ended Oct 31 2025) and retained earnings (as of Oct 31 2025) for Apex Technologies,296585835.0,"296,585,835",numeric,35045.0 × 8463.0 = 296585835.0
FQ-00087,Trek Holdings,1,less_equal,(ci_net_income_YTD_Oct_31_2025 ≤ other_income_YTD_Oct_31_2025),"Is net income less than or equal to other income/(expense), net for Trek Holdings for the year-to-date period ended Oct 31 2025?",False,No,boolean,13392.0 ≤ -1242.0 → False
FQ-00088,Zion Solutions,1,subtract,(ci_unrealized_gains_Q_Oct_31_2025 - pretax_income_Q_Oct_31_2025),"What's the value of the difference between change in unrealized gains/losses on securities and income before taxes (i.e., change in unrealized gains/losses on securities minus income before taxes) for Zion Solutions for the quarter ended Oct 31 2025 ?",-1786.0,"-1,786",numeric,41.0 - 1827.0 = -1786.0
FQ-00089,Plex Technologies,2,divide,((rd_expense_Q_Oct_31_2024 × gross_profit_Q_Oct_31_2024) ÷ ci_net_income_YTD_Oct_31_2025),"For Plex Technologies, what is the result of the following computation: ((rd_expense_Q_Oct_31_2024 × gross_profit_Q_Oct_31_2024) ÷ ci_net_income_YTD_Oct_31_2025)? Evaluate any sub-expressions first, then apply the outer operation.",-4135.2845,"-4,135",numeric,(430.0 × 22821.0 = 9813030.0) / (ci_net_income_YTD_Oct_31_2025 = -2373.0) = -4135.2845
FQ-00090,Orion Enterprises,2,ratio,"ratio((net_income_YTD_Oct_31_2025 + cf_fx_effect_YTD_Oct_31_2025), tax_Q_Oct_31_2024)","For Orion Enterprises, what is the result of the following computation: ratio((net_income_YTD_Oct_31_2025 + cf_fx_effect_YTD_Oct_31_2025), tax_Q_Oct_31_2024)? Evaluate any sub-expressions first, then apply the outer operation.",9.3435,9.3435,ratio,(12330.0 + -62.0 = 12268.0) / (tax_Q_Oct_31_2024 = 1313.0) = 9.3435
FQ-00091,Nova Holdings,1,add,(net_income_YTD_Oct_31_2024 + total_costs_YTD_Oct_31_2024),you should calculate the sum of net income and total costs and expenses for Nova Holdings for the year-to-date period ended Oct 31 2024 .,493287.0,"493,287",numeric,25014.0 + 468273.0 = 493287.0
FQ-00092,Orion Enterprises,2,ratio,"ratio((sga_expense_YTD_Oct_31_2024 × cf_investing_YTD_Oct_31_2024), ci_fx_translation_YTD_Oct_31_2024)","For Orion Enterprises, what is the result of the following computation: ratio((sga_expense_YTD_Oct_31_2024 × cf_investing_YTD_Oct_31_2024), ci_fx_translation_YTD_Oct_31_2024)? Evaluate any sub-expressions first, then apply the outer operation.",3798637.621,3798637.6210,ratio,(54423.0 × -8655.0 = -471031065.0) / (ci_fx_translation_YTD_Oct_31_2024 = -124.0) = 3798637.621
FQ-00093,Plex Technologies,1,not_equals,(revenues_YTD_Oct_31_2025 ≠ revenues_YTD_Oct_31_2024),Is the total revenues (for the year-to-date period ended Oct 31 2025) different from total revenues (for the year-to-date period ended Oct 31 2024) for Plex Technologies?,True,Yes,boolean,revenues_YTD_Oct_31_2025(291585.0) ≠ revenues_YTD_Oct_31_2024(275394.0)
FQ-00094,Zion Corp,2,ratio,"ratio((current_debt_Dec_31_2024 × st_investments_Dec_31_2024), sga_expense_YTD_Oct_31_2025)","For Zion Corp, what is the result of the following computation: ratio((current_debt_Dec_31_2024 × st_investments_Dec_31_2024), sga_expense_YTD_Oct_31_2025)? Evaluate any sub-expressions first, then apply the outer operation.",79.7035,79.7035,ratio,(2459.0 × 1377.0 = 3386043.0) / (sga_expense_YTD_Oct_31_2025 = 42483.0) = 79.7035
FQ-00095,Vex Industries,1,less_than,(other_income_YTD_Oct_31_2025 < tax_YTD_Oct_31_2025),"Is other income/(expense), net strictly less than provision for income taxes for Vex Industries for the year-to-date period ended Oct 31 2025?",True,Yes,boolean,-915.0 < 5064.0 → True
FQ-00096,Vex Industries,1,divide,(cf_net_income_YTD_Oct_31_2024 ÷ shares_basic_Q_Oct_31_2024),Could you give the ratio of net income (for the year-to-date period ended Oct 31 2024) to basic shares used in computing EPS (for the quarter ended Oct 31 2024) for Vex Industries?,0.0015,0.00,numeric,13725.0 / 8938365.0 = 0.0015
FQ-00097,Nova Solutions,2,divide,"(ratio(membership_and_other_income_YTD_Oct_31_2025, cf_operating_YTD_Oct_31_2025) ÷ net_sales_YTD_Oct_31_2024)","For Nova Solutions, what is the result of the following computation: (ratio(membership_and_other_income_YTD_Oct_31_2025, cf_operating_YTD_Oct_31_2025) ÷ net_sales_YTD_Oct_31_2024)? Evaluate any sub-expressions first, then apply the outer operation.",0.0,0.00,numeric,(1419.0 / 28673.0 = 0.0495) / (net_sales_YTD_Oct_31_2024 = 288195.0) = 0.0
FQ-00098,Volt Inc,1,add,(cost_of_sales_Q_Oct_31_2024 + sga_expense_Q_Oct_31_2024),calculate the sum of cost of sales and selling general and administrative expense for Volt Inc for the quarter ended Oct 31 2024 .,119946.0,"119,946",numeric,95838.0 + 24108.0 = 119946.0
FQ-00099,Orion Enterprises,2,ratio,"ratio((other_ncl_Oct_31_2025 + aoci_Oct_31_2025), other_ncl_Oct_31_2025)","For Orion Enterprises, what is the result of the following computation: ratio((other_ncl_Oct_31_2025 + aoci_Oct_31_2025), other_ncl_Oct_31_2025)? Evaluate any sub-expressions first, then apply the outer operation.",1.2778,1.2778,ratio,(2160.0 + 600.0 = 2760.0) / (other_ncl_Oct_31_2025 = 2160.0) = 1.2778
FQ-00100,Zion Solutions,1,less_equal,(total_costs_YTD_Oct_31_2025 ≤ cf_financing_YTD_Oct_31_2025),Is total costs and expenses less than or equal to net cash from financing activities for Zion Solutions for the year-to-date period ended Oct 31 2025?,False,No,boolean,113928.0 ≤ -2553.0 → False
FQ-00101,Trek Holdings,2,ratio,"ratio((eps_diluted_YTD_Oct_31_2025 ÷ accounts_receivable_Oct_31_2025), ci_total_oci_YTD_Oct_31_2024)","For Trek Holdings, what is the result of the following computation: ratio((eps_diluted_YTD_Oct_31_2025 ÷ accounts_receivable_Oct_31_2025), ci_total_oci_YTD_Oct_31_2024)? Evaluate any sub-expressions first, then apply the outer operation.",0.0,0.0000,ratio,(1.61 / 12763.0 = 0.0001) / (ci_total_oci_YTD_Oct_31_2024 = 238.0) = 0.0
FQ-00102,Volt Inc,2,ratio,"ratio(ratio(cf_repurchases_YTD_Oct_31_2024, other_income_Q_Oct_31_2024), ci_unrealized_gains_Q_Oct_31_2024)","For Volt Inc, what is the result of the following computation: ratio(ratio(cf_repurchases_YTD_Oct_31_2024, other_income_Q_Oct_31_2024), ci_unrealized_gains_Q_Oct_31_2024)? Evaluate any sub-expressions first, then apply the outer operation.",0.1415,0.1415,ratio,(-1503.0 / -332.0 = 4.5271) / (ci_unrealized_gains_Q_Oct_31_2024 = 32.0) = 0.1415
FQ-00103,Nova Enterprises,1,divide,(total_assets_Oct_31_2025 ÷ revenues_Q_Oct_31_2025),Give the ratio of total assets (as of Oct 31 2025) to total revenues (for the quarter ended Oct 31 2025) for Nova Enterprises.,0.9225,0.92,numeric,130223.0 / 141169.0 = 0.9225
FQ-00104,Alto Inc,1,ratio,"ratio(cf_fx_effect_YTD_Oct_31_2024, ci_total_oci_Q_Oct_31_2024)",what does the following give: ratio of cf fx effect (for the year-to-date period ended Oct 31 2024) to total other comprehensive income/(loss) (for the quarter ended Oct 31 2024) for Alto Inc ?,-0.8658,-0.8658,ratio,-129.0 / 149.0 = -0.8658
FQ-00105,Peak Systems,1,less_than,(total_assets_Dec_31_2024 < inventories_Dec_31_2024),Is total assets strictly less than inventories for Peak Systems as of Dec 31 2024?,False,No,boolean,59432.0 < 8037.0 → False
FQ-00106,Orion Enterprises,0,,ci_fx_translation_Q_Oct_31_2025,compute the change in foreign currency translation reported by Orion Enterprises for the quarter ended Oct 31 2025.,106.0,106.00,numeric,ci_fx_translation_Q_Oct_31_2025 = 106.0
FQ-00107,Vex Industries,1,less_equal,(rd_expense_YTD_Oct_31_2024 ≤ ci_unrealized_gains_YTD_Oct_31_2024),Is research and development expense less than or equal to change in unrealized gains/losses on securities for Vex Industries for the year-to-date period ended Oct 31 2024?,False,No,boolean,648.0 ≤ 62.0 → False
FQ-00108,Zion Solutions,2,ratio,"ratio(ratio(ci_net_income_Q_Oct_31_2025, net_income_YTD_Oct_31_2025), gross_profit_YTD_Oct_31_2024)","For Zion Solutions, what is the result of the following computation: ratio(ratio(ci_net_income_Q_Oct_31_2025, net_income_YTD_Oct_31_2025), gross_profit_YTD_Oct_31_2024)? Evaluate any sub-expressions first, then apply the outer operation.",0.0,0.0000,ratio,(1337.0 / 4011.0 = 0.3333) / (gross_profit_YTD_Oct_31_2024 = 32016.0) = 0.0
FQ-00109,Volt Inc,1,greater_equal,(cf_investing_YTD_Oct_31_2025 ≥ ci_net_income_YTD_Oct_31_2025),Is net cash from investing activities greater than or equal to net income for Volt Inc for the year-to-date period ended Oct 31 2025?,False,No,boolean,-10352.0 ≥ 17646.0 → False
FQ-00110,Mira Systems,2,ratio,"ratio((cost_of_sales_Q_Oct_31_2025 × total_assets_Oct_31_2025), aoci_Oct_31_2025)","For Mira Systems, what is the result of the following computation: ratio((cost_of_sales_Q_Oct_31_2025 × total_assets_Oct_31_2025), aoci_Oct_31_2025)? Evaluate any sub-expressions first, then apply the outer operation.",-8463323.9759,-8463323.9759,ratio,(80778.0 × 104144.0 = 8412544032.0) / (aoci_Oct_31_2025 = -994.0) = -8463323.9759
FQ-00111,Crest Systems,1,multiply,(prepaid_Oct_31_2025 × accrued_expenses_Oct_31_2025),give the product of prepaid expenses and other and accrued expenses and other for Crest Systems as of Oct 31 2025,1176144.0,"1,176,144",numeric,916.0 × 1284.0 = 1176144.0
FQ-00112,Nova Enterprises,1,divide,(ppe_Dec_31_2024 ÷ accounts_receivable_Dec_31_2024),"Provide the ratio of property, plant and equipment, net to accounts receivable, net for Nova Enterprises as of Dec 31 2024",2.0413,2.04,numeric,41818.0 / 20486.0 = 2.0413
FQ-00113,Mira Systems,2,divide,((revenues_YTD_Oct_31_2025 ÷ total_liabilities_Oct_31_2025) ÷ other_ncl_Oct_31_2025),"For Mira Systems, what is the result of the following computation: ((revenues_YTD_Oct_31_2025 ÷ total_liabilities_Oct_31_2025) ÷ other_ncl_Oct_31_2025)? Evaluate any sub-expressions first, then apply the outer operation.",0.0008,0.00,numeric,(318747.0 / 96546.0 = 3.3015) / (other_ncl_Oct_31_2025 = 3948.0) = 0.0008
FQ-00114,Nova Solutions,1,less_equal,(pretax_income_YTD_Oct_31_2025 ≤ cf_closing_cash_YTD_Oct_31_2025),Is income before taxes less than or equal to cash at end of period for Nova Solutions for the year-to-date period ended Oct 31 2025?,False,No,boolean,29145.0 ≤ 24360.0 → False
FQ-00115,Volt Inc,2,ratio,"ratio((operating_income_YTD_Oct_31_2025 ÷ gross_profit_Q_Oct_31_2025), total_liabilities_Oct_31_2025)","For Volt Inc, what is the result of the following computation: ratio((operating_income_YTD_Oct_31_2025 ÷ gross_profit_Q_Oct_31_2025), total_liabilities_Oct_31_2025)? Evaluate any sub-expressions first, then apply the outer operation.",0.0,0.0000,ratio,(24480.0 / 28094.0 = 0.8714) / (total_liabilities_Oct_31_2025 = 81626.0) = 0.0
FQ-00116,Mira Systems,2,divide,((tax_YTD_Oct_31_2024 × shares_diluted_Q_Oct_31_2024) ÷ ci_total_oci_Q_Oct_31_2025),"For Mira Systems, what is the result of the following computation: ((tax_YTD_Oct_31_2024 × shares_diluted_Q_Oct_31_2024) ÷ ci_total_oci_Q_Oct_31_2025)? Evaluate any sub-expressions first, then apply the outer operation.",116824053.8136,"116,824,054",numeric,(1950.0 × 7069353.0 = 13785238350.0) / (ci_total_oci_Q_Oct_31_2025 = 118.0) = 116824053.8136
FQ-00117,Zion Corp,1,greater_equal,(cost_of_sales_Q_Oct_31_2025 ≥ ci_fx_translation_Q_Oct_31_2025),Is cost of sales greater than or equal to change in foreign currency translation for Zion Corp for the quarter ended Oct 31 2025?,True,Yes,boolean,51833.0 ≥ 59.0 → True
FQ-00118,Crest Systems,1,less_equal,(cf_operating_YTD_Oct_31_2025 ≤ cf_net_change_YTD_Oct_31_2025),Is net cash from operating activities less than or equal to net change in cash for Crest Systems for the year-to-date period ended Oct 31 2025?,False,No,boolean,12038.0 ≤ 5922.0 → False
FQ-00119,Trek Holdings,1,subtract,(cf_investing_YTD_Oct_31_2024 - net_sales_YTD_Oct_31_2024),"what's the value of the difference between net cash from investing activities and net sales (i.e., net cash from investing activities minus net sales) for Trek Holdings for the year-to-date period ended Oct 31 2024?",-216780.0,"-216,780",numeric,-5031.0 - 211749.0 = -216780.0
FQ-00120,Trek Holdings,1,equals,(ci_fx_translation_YTD_Oct_31_2025 = ci_fx_translation_YTD_Oct_31_2024),Is the change in foreign currency translation (for the year-to-date period ended Oct 31 2025) equal to change in foreign currency translation (for the year-to-date period ended Oct 31 2024) for Trek Holdings?,False,No,boolean,ci_fx_translation_YTD_Oct_31_2025(144.0) = ci_fx_translation_YTD_Oct_31_2024(128.0)
FQ-00121,Trek Holdings,2,ratio,"ratio(ratio(ci_total_oci_Q_Oct_31_2024, cf_da_YTD_Oct_31_2024), net_sales_YTD_Oct_31_2024)","For Trek Holdings, what is the result of the following computation: ratio(ratio(ci_total_oci_Q_Oct_31_2024, cf_da_YTD_Oct_31_2024), net_sales_YTD_Oct_31_2024)? Evaluate any sub-expressions first, then apply the outer operation.",0.0,0.0000,ratio,(80.0 / 4892.0 = 0.0164) / (net_sales_YTD_Oct_31_2024 = 211749.0) = 0.0
FQ-00122,Zion Corp,0,,operating_income_YTD_Oct_31_2025,could you give the operating income reported by Zion Corp for the year-to-date period ended Oct 31 2025,36663.0,"36,663",numeric,operating_income_YTD_Oct_31_2025 = 36663.0
FQ-00123,Mira Systems,1,subtract,(gross_profit_YTD_Oct_31_2025 - operating_income_YTD_Oct_31_2025),"May you calculate the difference between gross profit and operating income (i.e., gross profit minus operating income) for Mira Systems for the year-to-date period ended Oct 31 2025",63672.0,"63,672",numeric,74511.0 - 10839.0 = 63672.0
FQ-00124,Nova Solutions,2,divide,((ci_net_income_Q_Oct_31_2024 ÷ tax_Q_Oct_31_2024) ÷ rd_expense_Q_Oct_31_2025),"For Nova Solutions, what is the result of the following computation: ((ci_net_income_Q_Oct_31_2024 ÷ tax_Q_Oct_31_2024) ÷ rd_expense_Q_Oct_31_2025)? Evaluate any sub-expressions first, then apply the outer operation.",0.0129,0.01,numeric,(7600.0 / 2909.0 = 2.6126) / (rd_expense_Q_Oct_31_2025 = 203.0) = 0.0129
FQ-00125,Zion Solutions,1,less_equal,(accounts_receivable_Dec_31_2024 ≤ lt_investments_Dec_31_2024),"Is accounts receivable, net less than or equal to long-term marketable securities for Zion Solutions as of Dec 31 2024?",False,No,boolean,4151.0 ≤ 1217.0 → False
FQ-00126,Nova Solutions,1,divide,(shares_diluted_Q_Oct_31_2024 ÷ cf_net_income_YTD_Oct_31_2024),compute the ratio of diluted shares used in computing EPS (for the quarter ended Oct 31 2024) to net income (for the year-to-date period ended Oct 31 2024) for Nova Solutions .,36.3233,36.32,numeric,828171.0 / 22800.0 = 36.3233
FQ-00127,Orion Enterprises,0,,other_income_YTD_Oct_31_2024,"Whats the value of the other income/(expense), net reported by Orion Enterprises for the year-to-date period ended Oct 31 2024 ?",-708.0,-708.00,numeric,other_income_YTD_Oct_31_2024 = -708.0
FQ-00128,Zion Corp,1,add,(ci_fx_translation_Q_Oct_31_2025 + revenues_Q_Oct_31_2025),Whats the value of the sum of change in foreign currency translation and total revenues for Zion Corp for the quarter ended Oct 31 2025 ?,78562.0,"78,562",numeric,59.0 + 78503.0 = 78562.0
FQ-00129,Zion Corp,2,ratio,"ratio((cf_da_YTD_Oct_31_2024 × membership_and_other_income_Q_Oct_31_2024), cf_sbc_YTD_Oct_31_2024)","For Zion Corp, what is the result of the following computation: ratio((cf_da_YTD_Oct_31_2024 × membership_and_other_income_Q_Oct_31_2024), cf_sbc_YTD_Oct_31_2024)? Evaluate any sub-expressions first, then apply the outer operation.",8934.7933,8934.7933,ratio,(8692.0 × 1104.0 = 9595968.0) / (cf_sbc_YTD_Oct_31_2024 = 1074.0) = 8934.7933
FQ-00130,Plex Technologies,2,divide,"(ratio(cf_financing_YTD_Oct_31_2024, eps_basic_YTD_Oct_31_2024) ÷ inventories_Dec_31_2024)","For Plex Technologies, what is the result of the following computation: (ratio(cf_financing_YTD_Oct_31_2024, eps_basic_YTD_Oct_31_2024) ÷ inventories_Dec_31_2024)? Evaluate any sub-expressions first, then apply the outer operation.",0.1391,0.14,numeric,(-3671.0 / -2.36 = 1555.5085) / (inventories_Dec_31_2024 = 11184.0) = 0.1391
FQ-00131,Alto Inc,0,,other_income_YTD_Oct_31_2025,"Which result follows from the other income/(expense), net reported by Alto Inc for the year-to-date period ended Oct 31 2025",-963.0,-963.00,numeric,other_income_YTD_Oct_31_2025 = -963.0
FQ-00132,Nova Holdings,1,greater_equal,(total_equity_Oct_31_2025 ≥ aoci_Oct_31_2025),Is total shareholders equity greater than or equal to accumulated other comprehensive income/(loss) for Nova Holdings as of Oct 31 2025?,True,Yes,boolean,59479.0 ≥ -6226.0 → True
FQ-00133,Nova Solutions,1,divide,(other_nca_Oct_31_2025 ÷ cf_fx_effect_YTD_Oct_31_2025),provide the ratio of other non-current assets (as of Oct 31 2025) to cf fx effect (for the year-to-date period ended Oct 31 2025) for Nova Solutions.,464.5333,464.53,numeric,6968.0 / 15.0 = 464.5333
FQ-00134,Apex Technologies,1,divide,(aoci_Oct_31_2025 ÷ gross_profit_Q_Oct_31_2025),May you give the ratio of accumulated other comprehensive income/(loss) (as of Oct 31 2025) to gross profit (for the quarter ended Oct 31 2025) for Apex Technologies?,-0.0121,-0.01,numeric,-480.0 / 39539.0 = -0.0121
FQ-00135,Zion Corp,1,ratio,"ratio(other_nca_Oct_31_2025, net_income_YTD_Oct_31_2025)",which quantity is given by the ratio of other non-current assets (as of Oct 31 2025) to net income (for the year-to-date period ended Oct 31 2025) for Zion Corp?,0.1529,0.1529,ratio,3822.0 / 24996.0 = 0.1529
FQ-00136,Peak Systems,2,ratio,"ratio((membership_and_other_income_YTD_Oct_31_2024 × comprehensive_income_YTD_Oct_31_2024), cf_da_YTD_Oct_31_2024)","For Peak Systems, what is the result of the following computation: ratio((membership_and_other_income_YTD_Oct_31_2024 × comprehensive_income_YTD_Oct_31_2024), cf_da_YTD_Oct_31_2024)? Evaluate any sub-expressions first, then apply the outer operation.",1624.4884,1624.4884,ratio,(1851.0 × 4217.0 = 7805667.0) / (cf_da_YTD_Oct_31_2024 = 4805.0) = 1624.4884
FQ-00137,Plex Technologies,1,add,(revenues_Q_Oct_31_2024 + tax_Q_Oct_31_2024),You should give the sum of total revenues and provision for income taxes for Plex Technologies for the quarter ended Oct 31 2024 .,91798.0,"91,798",numeric,91798.0 + -0.0 = 91798.0
FQ-00138,Nova Solutions,0,,accrued_expenses_Dec_31_2024,What is the accrued expenses and other reported by Nova Solutions as of Dec 31 2024 ?,5227.0,"5,227",numeric,accrued_expenses_Dec_31_2024 = 5227.0
FQ-00139,Vex Industries,2,ratio,"ratio((cost_of_sales_Q_Oct_31_2025 + ci_net_income_Q_Oct_31_2025), operating_income_Q_Oct_31_2025)","For Vex Industries, what is the result of the following computation: ratio((cost_of_sales_Q_Oct_31_2025 + ci_net_income_Q_Oct_31_2025), operating_income_Q_Oct_31_2025)? Evaluate any sub-expressions first, then apply the outer operation.",5.2198,5.2198,ratio,(30270.0 + 4708.0 = 34978.0) / (operating_income_Q_Oct_31_2025 = 6701.0) = 5.2198
FQ-00140,Trek Holdings,1,ratio,"ratio(other_income_YTD_Oct_31_2025, eps_basic_Q_Oct_31_2025)","What is the value of the ratio of other income/(expense), net (for the year-to-date period ended Oct 31 2025) to basic earnings per share (for the quarter ended Oct 31 2025) for Trek Holdings",-2300.0,-2300.0000,ratio,-1242.0 / 0.54 = -2300.0
FQ-00141,Peak Systems,2,ratio,"ratio((operating_income_YTD_Oct_31_2024 + cf_operating_YTD_Oct_31_2024), shares_basic_YTD_Oct_31_2024)","For Peak Systems, what is the result of the following computation: ratio((operating_income_YTD_Oct_31_2024 + cf_operating_YTD_Oct_31_2024), shares_basic_YTD_Oct_31_2024)? Evaluate any sub-expressions first, then apply the outer operation.",0.0161,0.0161,ratio,(6354.0 + 6496.0 = 12850.0) / (shares_basic_YTD_Oct_31_2024 = 795938.0) = 0.0161
FQ-00142,Peak Systems,1,multiply,(accounts_receivable_Dec_31_2024 × accounts_receivable_Oct_31_2025),"Calculate the product of accounts receivable, net (as of Dec 31 2024) and accounts receivable, net (as of Oct 31 2025) for Peak Systems.",115701820.0,"115,701,820",numeric,10349.0 × 11180.0 = 115701820.0
FQ-00143,Zion Corp,2,divide,((gross_profit_Q_Oct_31_2024 ÷ ci_fx_translation_YTD_Oct_31_2024) ÷ total_assets_Dec_31_2024),"For Zion Corp, what is the result of the following computation: ((gross_profit_Q_Oct_31_2024 ÷ ci_fx_translation_YTD_Oct_31_2024) ÷ total_assets_Dec_31_2024)? Evaluate any sub-expressions first, then apply the outer operation.",0.0014,0.00,numeric,(28162.0 / 321.0 = 87.7321) / (total_assets_Dec_31_2024 = 63490.0) = 0.0014
FQ-00144,Nova Enterprises,2,ratio,"ratio((cf_dividends_YTD_Oct_31_2024 × eps_basic_Q_Oct_31_2024), st_investments_Dec_31_2024)","For Nova Enterprises, what is the result of the following computation: ratio((cf_dividends_YTD_Oct_31_2024 × eps_basic_Q_Oct_31_2024), st_investments_Dec_31_2024)? Evaluate any sub-expressions first, then apply the outer operation.",-0.0999,-0.0999,ratio,(-585.0 × 0.37 = -216.45) / (st_investments_Dec_31_2024 = 2167.0) = -0.0999
FQ-00145,Volt Inc,1,less_equal,(ppe_Dec_31_2024 ≤ accounts_payable_Dec_31_2024),"Is property, plant and equipment, net less than or equal to accounts payable for Volt Inc as of Dec 31 2024?",False,No,boolean,28060.0 ≤ 26356.0 → False
FQ-00146,Zion Solutions,1,divide,(ci_total_oci_YTD_Oct_31_2024 ÷ rd_expense_YTD_Oct_31_2024),whats the value of the ratio of total other comprehensive income/(loss) to research and development expense for Zion Solutions for the year-to-date period ended Oct 31 2024 ?,-2.7037,-2.70,numeric,-73.0 / 27.0 = -2.7037
FQ-00147,Nova Enterprises,1,multiply,(other_income_YTD_Oct_31_2025 × pretax_income_YTD_Oct_31_2025),"could you give the product of other income/(expense), net and income before taxes for Nova Enterprises for the year-to-date period ended Oct 31 2025 ?",-9289728.0,"-9,289,728",numeric,-1344.0 × 6912.0 = -9289728.0
FQ-00148,Alto Inc,2,ratio,"ratio(ratio(other_nca_Oct_31_2025, current_debt_Oct_31_2025), other_income_Q_Oct_31_2025)","For Alto Inc, what is the result of the following computation: ratio(ratio(other_nca_Oct_31_2025, current_debt_Oct_31_2025), other_income_Q_Oct_31_2025)? Evaluate any sub-expressions first, then apply the outer operation.",-0.0046,-0.0046,ratio,(4250.0 / 2854.0 = 1.4891) / (other_income_Q_Oct_31_2025 = -321.0) = -0.0046
FQ-00149,Nova Holdings,2,divide,((tax_YTD_Oct_31_2025 ÷ deferred_revenue_Oct_31_2025) ÷ cost_of_sales_YTD_Oct_31_2025),"For Nova Holdings, what is the result of the following computation: ((tax_YTD_Oct_31_2025 ÷ deferred_revenue_Oct_31_2025) ÷ cost_of_sales_YTD_Oct_31_2025)? Evaluate any sub-expressions first, then apply the outer operation.",0.0,0.00,numeric,(8523.0 / 5008.0 = 1.7019) / (cost_of_sales_YTD_Oct_31_2025 = 332925.0) = 0.0
FQ-00150,Zion Corp,1,add,(ci_net_income_Q_Oct_31_2024 + tax_Q_Oct_31_2024),what would be the sum of net income and provision for income taxes for Zion Corp for the quarter ended Oct 31 2024 ?,12680.0,"12,680",numeric,9143.0 + 3537.0 = 12680.0
FQ-00151,Orion Enterprises,2,divide,"(ratio(ci_total_oci_YTD_Oct_31_2024, shares_basic_Q_Oct_31_2024) ÷ ci_total_oci_YTD_Oct_31_2025)","For Orion Enterprises, what is the result of the following computation: (ratio(ci_total_oci_YTD_Oct_31_2024, shares_basic_Q_Oct_31_2024) ÷ ci_total_oci_YTD_Oct_31_2025)? Evaluate any sub-expressions first, then apply the outer operation.",0.0,0.00,numeric,(-211.0 / 7365546.0 = -0.0) / (ci_total_oci_YTD_Oct_31_2025 = -174.0) = 0.0
FQ-00152,Alto Inc,1,subtract,(other_nca_Dec_31_2024 - accounts_receivable_Dec_31_2024),"what is the difference between other non-current assets and accounts receivable, net (i.e., other non-current assets minus accounts receivable, net) for Alto Inc as of Dec 31 2024?",-9222.0,"-9,222",numeric,4616.0 - 13838.0 = -9222.0
FQ-00153,Vex Industries,0,,total_liabilities_Oct_31_2025,Give the total liabilities reported by Vex Industries as of Oct 31 2025.,36825.0,"36,825",numeric,total_liabilities_Oct_31_2025 = 36825.0
FQ-00154,Orion Enterprises,1,add,(prepaid_Oct_31_2025 + goodwill_Oct_31_2025),give the sum of prepaid expenses and other and goodwill for Orion Enterprises as of Oct 31 2025,12942.0,"12,942",numeric,3392.0 + 9550.0 = 12942.0
FQ-00155,Peak Systems,1,add,(cf_net_change_YTD_Oct_31_2025 + sga_expense_YTD_Oct_31_2025),may you give the sum of net change in cash and selling general and administrative expense for Peak Systems for the year-to-date period ended Oct 31 2025 ?,53249.0,"53,249",numeric,-2488.0 + 55737.0 = 53249.0
FQ-00156,Mira Systems,2,divide,((gross_profit_YTD_Oct_31_2024 - rd_expense_YTD_Oct_31_2024) ÷ other_nca_Dec_31_2024),"For Mira Systems, what is the result of the following computation: ((gross_profit_YTD_Oct_31_2024 - rd_expense_YTD_Oct_31_2024) ÷ other_nca_Dec_31_2024)? Evaluate any sub-expressions first, then apply the outer operation.",25.214,25.21,numeric,(68145.0 - 1101.0 = 67044.0) / (other_nca_Dec_31_2024 = 2659.0) = 25.214
FQ-00157,Nova Enterprises,2,divide,"(ratio(cf_sbc_YTD_Oct_31_2025, net_income_YTD_Oct_31_2025) ÷ rd_expense_Q_Oct_31_2025)","For Nova Enterprises, what is the result of the following computation: (ratio(cf_sbc_YTD_Oct_31_2025, net_income_YTD_Oct_31_2025) ÷ rd_expense_Q_Oct_31_2025)? Evaluate any sub-expressions first, then apply the outer operation.",0.0008,0.00,numeric,(3221.0 / 5076.0 = 0.6346) / (rd_expense_Q_Oct_31_2025 = 777.0) = 0.0008
FQ-00158,Nova Enterprises,0,,lt_investments_Dec_31_2024,You should calculate the long-term marketable securities reported by Nova Enterprises as of Dec 31 2024 .,6371.0,"6,371",numeric,lt_investments_Dec_31_2024 = 6371.0
FQ-00159,Plex Technologies,2,divide,"(ratio(ci_total_oci_YTD_Oct_31_2024, other_income_Q_Oct_31_2024) ÷ operating_income_Q_Oct_31_2024)","For Plex Technologies, what is the result of the following computation: (ratio(ci_total_oci_YTD_Oct_31_2024, other_income_Q_Oct_31_2024) ÷ operating_income_Q_Oct_31_2024)? Evaluate any sub-expressions first, then apply the outer operation.",-0.0064,-0.01,numeric,(444.0 / -830.0 = -0.5349) / (operating_income_Q_Oct_31_2024 = 83.0) = -0.0064
FQ-00160,Plex Technologies,1,ratio,"ratio(cf_operating_YTD_Oct_31_2024, net_income_Q_Oct_31_2024)",you should calculate the ratio of net cash from operating activities (for the year-to-date period ended Oct 31 2024) to net income (for the quarter ended Oct 31 2024) for Plex Technologies .,0.7082,0.7082,ratio,-529.0 / -747.0 = 0.7082
FQ-00161,Alto Inc,1,ratio,"ratio(sga_expense_Q_Oct_31_2024, cf_fx_effect_YTD_Oct_31_2024)",you should give the ratio of selling general and administrative expense (for the quarter ended Oct 31 2024) to cf fx effect (for the year-to-date period ended Oct 31 2024) for Alto Inc.,-137.8992,-137.8992,ratio,17789.0 / -129.0 = -137.8992
FQ-00162,Alto Inc,2,ratio,"ratio(ratio(gross_profit_Q_Oct_31_2025, cf_operating_YTD_Oct_31_2025), rd_expense_YTD_Oct_31_2025)","For Alto Inc, what is the result of the following computation: ratio(ratio(gross_profit_Q_Oct_31_2025, cf_operating_YTD_Oct_31_2025), rd_expense_YTD_Oct_31_2025)? Evaluate any sub-expressions first, then apply the outer operation.",0.0025,0.0025,ratio,(24597.0 / 15197.0 = 1.6185) / (rd_expense_YTD_Oct_31_2025 = 645.0) = 0.0025
FQ-00163,Plex Technologies,1,subtract,(deferred_revenue_Oct_31_2025 - other_nca_Oct_31_2025),"state the difference between deferred revenue and other non-current assets (i.e., deferred revenue minus other non-current assets) for Plex Technologies as of Oct 31 2025",1095.0,"1,095",numeric,6676.0 - 5581.0 = 1095.0
FQ-00164,Apex Technologies,1,divide,(rd_expense_YTD_Oct_31_2024 ÷ rd_expense_YTD_Oct_31_2025),Compute the ratio of research and development expense (for the year-to-date period ended Oct 31 2024) to research and development expense (for the year-to-date period ended Oct 31 2025) for Apex Technologies .,1.0118,1.01,numeric,1287.0 / 1272.0 = 1.0118
FQ-00165,Zion Corp,1,add,(operating_income_YTD_Oct_31_2025 + cf_investing_YTD_Oct_31_2025),Which quantity is given by the sum of operating income and net cash from investing activities for Zion Corp for the year-to-date period ended Oct 31 2025 ?,29659.0,"29,659",numeric,36663.0 + -7004.0 = 29659.0
FQ-00166,Apex Technologies,1,divide,(lt_investments_Oct_31_2025 ÷ cf_financing_YTD_Oct_31_2025),whats the value of the ratio of long-term marketable securities (as of Oct 31 2025) to net cash from financing activities (for the year-to-date period ended Oct 31 2025) for Apex Technologies,-1.0943,-1.09,numeric,8229.0 / -7520.0 = -1.0943
FQ-00167,Trek Holdings,1,ratio,"ratio(cf_capex_YTD_Oct_31_2024, sga_expense_Q_Oct_31_2024)",Evaluate the ratio of capital expenditures (for the year-to-date period ended Oct 31 2024) to selling general and administrative expense (for the quarter ended Oct 31 2024) for Trek Holdings.,-0.3096,-0.3096,ratio,-4564.0 / 14742.0 = -0.3096
FQ-00168,Nova Holdings,2,divide,((prepaid_Oct_31_2025 ÷ cf_dividends_YTD_Oct_31_2025) ÷ cf_net_change_YTD_Oct_31_2024),"For Nova Holdings, what is the result of the following computation: ((prepaid_Oct_31_2025 ÷ cf_dividends_YTD_Oct_31_2025) ÷ cf_net_change_YTD_Oct_31_2024)? Evaluate any sub-expressions first, then apply the outer operation.",-0.0072,-0.01,numeric,(8927.0 / -1131.0 = -7.893) / (cf_net_change_YTD_Oct_31_2024 = 1102.0) = -0.0072
FQ-00169,Peak Systems,1,less_equal,(current_debt_Dec_31_2024 ≤ retained_earnings_Dec_31_2024),Is current portion of long-term debt less than or equal to retained earnings for Peak Systems as of Dec 31 2024?,True,Yes,boolean,2507.0 ≤ 2792.0 → True
FQ-00170,Trek Holdings,1,greater_equal,(net_income_YTD_Oct_31_2025 ≥ pretax_income_YTD_Oct_31_2025),Is net income greater than or equal to income before taxes for Trek Holdings for the year-to-date period ended Oct 31 2025?,False,No,boolean,13392.0 ≥ 17211.0 → False
FQ-00171,Vex Industries,1,ratio,"ratio(inventories_Oct_31_2025, revenues_YTD_Oct_31_2025)",may you calculate the ratio of inventories (as of Oct 31 2025) to total revenues (for the year-to-date period ended Oct 31 2025) for Vex Industries ?,0.0478,0.0478,ratio,6620.0 / 138579.0 = 0.0478
FQ-00172,Peak Systems,2,divide,((ci_unrealized_gains_Q_Oct_31_2025 + sga_expense_Q_Oct_31_2025) ÷ cash_Oct_31_2025),"For Peak Systems, what is the result of the following computation: ((ci_unrealized_gains_Q_Oct_31_2025 + sga_expense_Q_Oct_31_2025) ÷ cash_Oct_31_2025)? Evaluate any sub-expressions first, then apply the outer operation.",4.8694,4.87,numeric,(-270.0 + 18579.0 = 18309.0) / (cash_Oct_31_2025 = 3760.0) = 4.8694
FQ-00173,Trek Holdings,1,ratio,"ratio(cf_sbc_YTD_Oct_31_2024, shares_basic_Q_Oct_31_2024)",may you give the ratio of stock-based compensation (for the year-to-date period ended Oct 31 2024) to basic shares used in computing EPS (for the quarter ended Oct 31 2024) for Trek Holdings?,0.0002,0.0002,ratio,1252.0 / 7887500.0 = 0.0002
FQ-00174,Alto Inc,1,ratio,"ratio(common_stock_apic_Dec_31_2024, total_equity_Dec_31_2024)",What would be the ratio of common stock and additional paid-in capital to total shareholders equity for Alto Inc as of Dec 31 2024?,0.7,0.7000,ratio,16080.0 / 22972.0 = 0.7
FQ-00175,Nova Holdings,0,,cf_fx_effect_YTD_Oct_31_2025,May you give the cf fx effect reported by Nova Holdings for the year-to-date period ended Oct 31 2025 ?,-143.0,-143.00,numeric,cf_fx_effect_YTD_Oct_31_2025 = -143.0
FQ-00176,Zion Corp,1,ratio,"ratio(other_income_Q_Oct_31_2025, prepaid_Oct_31_2025)","what's the value of the ratio of other income/(expense), net (for the quarter ended Oct 31 2025) to prepaid expenses and other (as of Oct 31 2025) for Zion Corp?",-0.2915,-0.2915,ratio,-666.0 / 2285.0 = -0.2915
FQ-00177,Zion Solutions,0,,cost_of_sales_Q_Oct_31_2025,give the cost of sales reported by Zion Solutions for the quarter ended Oct 31 2025.,29310.0,"29,310",numeric,cost_of_sales_Q_Oct_31_2025 = 29310.0
FQ-00178,Zion Solutions,1,ratio,"ratio(ci_net_income_YTD_Oct_31_2025, ci_fx_translation_Q_Oct_31_2025)",what do we obtain as the ratio of net income (for the year-to-date period ended Oct 31 2025) to change in foreign currency translation (for the quarter ended Oct 31 2025) for Zion Solutions?,64.6935,64.6935,ratio,4011.0 / 62.0 = 64.6935
FQ-00179,Apex Technologies,1,multiply,(deferred_revenue_Oct_31_2025 × comprehensive_income_YTD_Oct_31_2025),whats the value of the product of deferred revenue (as of Oct 31 2025) and total comprehensive income (for the year-to-date period ended Oct 31 2025) for Apex Technologies,137424924.0,"137,424,924",numeric,4956.0 × 27729.0 = 137424924.0
FQ-00180,Crest Systems,2,divide,((ci_unrealized_gains_Q_Oct_31_2024 × ci_net_income_YTD_Oct_31_2024) ÷ total_liabilities_Oct_31_2025),"For Crest Systems, what is the result of the following computation: ((ci_unrealized_gains_Q_Oct_31_2024 × ci_net_income_YTD_Oct_31_2024) ÷ total_liabilities_Oct_31_2025)? Evaluate any sub-expressions first, then apply the outer operation.",-3.596,-3.60,numeric,(-13.0 × 6633.0 = -86229.0) / (total_liabilities_Oct_31_2025 = 23979.0) = -3.596
FQ-00181,Nova Holdings,1,ratio,"ratio(gross_profit_Q_Oct_31_2024, membership_and_other_income_YTD_Oct_31_2024)",could you give the ratio of gross profit (for the quarter ended Oct 31 2024) to membership and other income (for the year-to-date period ended Oct 31 2024) for Nova Holdings?,6.0797,6.0797,ratio,43245.0 / 7113.0 = 6.0797
FQ-00182,Orion Enterprises,0,,comprehensive_income_YTD_Oct_31_2025,Could you give the total comprehensive income reported by Orion Enterprises for the year-to-date period ended Oct 31 2025?,12156.0,"12,156",numeric,comprehensive_income_YTD_Oct_31_2025 = 12156.0
FQ-00183,Nova Enterprises,1,ratio,"ratio(other_nca_Oct_31_2025, prepaid_Oct_31_2025)",Evaluate the ratio of other non-current assets to prepaid expenses and other for Nova Enterprises as of Oct 31 2025,1.8288,1.8288,ratio,8928.0 / 4882.0 = 1.8288
FQ-00184,Orion Enterprises,2,ratio,"ratio((retained_earnings_Oct_31_2025 ÷ total_costs_Q_Oct_31_2025), cf_fx_effect_YTD_Oct_31_2025)","For Orion Enterprises, what is the result of the following computation: ratio((retained_earnings_Oct_31_2025 ÷ total_costs_Q_Oct_31_2025), cf_fx_effect_YTD_Oct_31_2025)? Evaluate any sub-expressions first, then apply the outer operation.",0.0007,0.0007,ratio,(-3572.0 / 78947.0 = -0.0452) / (cf_fx_effect_YTD_Oct_31_2025 = -62.0) = 0.0007
FQ-00185,Nova Holdings,2,divide,((total_liabilities_Dec_31_2024 ÷ current_assets_Dec_31_2024) ÷ revenues_YTD_Oct_31_2024),"For Nova Holdings, what is the result of the following computation: ((total_liabilities_Dec_31_2024 ÷ current_assets_Dec_31_2024) ÷ revenues_YTD_Oct_31_2024)? Evaluate any sub-expressions first, then apply the outer operation.",0.0,0.00,numeric,(81989.0 / 72768.0 = 1.1267) / (revenues_YTD_Oct_31_2024 = 507333.0) = 0.0
FQ-00186,Volt Inc,1,add,(accrued_expenses_Dec_31_2024 + ppe_Dec_31_2024),"you should calculate the sum of accrued expenses and other and property, plant and equipment, net for Volt Inc as of Dec 31 2024",34387.0,"34,387",numeric,6327.0 + 28060.0 = 34387.0
FQ-00187,Mira Systems,2,ratio,"ratio((ci_total_oci_YTD_Oct_31_2025 - cf_capex_YTD_Oct_31_2025), cf_closing_cash_YTD_Oct_31_2025)","For Mira Systems, what is the result of the following computation: ratio((ci_total_oci_YTD_Oct_31_2025 - cf_capex_YTD_Oct_31_2025), cf_closing_cash_YTD_Oct_31_2025)? Evaluate any sub-expressions first, then apply the outer operation.",0.6467,0.6467,ratio,(375.0 - -13718.0 = 14093.0) / (cf_closing_cash_YTD_Oct_31_2025 = 21792.0) = 0.6467
FQ-00188,Nova Enterprises,2,divide,((cf_investing_YTD_Oct_31_2025 + net_income_YTD_Oct_31_2025) ÷ total_liabilities_Dec_31_2024),"For Nova Enterprises, what is the result of the following computation: ((cf_investing_YTD_Oct_31_2025 + net_income_YTD_Oct_31_2025) ÷ total_liabilities_Dec_31_2024)? Evaluate any sub-expressions first, then apply the outer operation.",-0.127,-0.13,numeric,(-16364.0 + 5076.0 = -11288.0) / (total_liabilities_Dec_31_2024 = 88898.0) = -0.127
FQ-00189,Nova Solutions,1,greater_equal,(cf_da_YTD_Oct_31_2025 ≥ comprehensive_income_YTD_Oct_31_2025),Is depreciation and amortization greater than or equal to total comprehensive income for Nova Solutions for the year-to-date period ended Oct 31 2025?,False,No,boolean,7219.0 ≥ 20751.0 → False
FQ-00190,Trek Holdings,1,multiply,(net_income_YTD_Oct_31_2025 × accounts_payable_Oct_31_2025),Compute the product of net income (for the year-to-date period ended Oct 31 2025) and accounts payable (as of Oct 31 2025) for Trek Holdings,467354016.0,"467,354,016",numeric,13392.0 × 34898.0 = 467354016.0
FQ-00191,Orion Enterprises,1,multiply,(net_income_YTD_Oct_31_2024 × cost_of_sales_YTD_Oct_31_2024),State the product of net income and cost of sales for Orion Enterprises for the year-to-date period ended Oct 31 2024 .,2116533258.0,"2,116,533,258",numeric,12066.0 × 175413.0 = 2116533258.0
FQ-00192,Nova Holdings,1,multiply,(sga_expense_YTD_Oct_31_2025 × ci_total_oci_Q_Oct_31_2025),you should calculate the product of selling general and administrative expense (for the year-to-date period ended Oct 31 2025) and total other comprehensive income/(loss) (for the quarter ended Oct 31 2025) for Nova Holdings,-875190.0,"-875,190",numeric,87519.0 × -10.0 = -875190.0
FQ-00193,Mira Systems,1,greater_than,(cost_of_sales_Q_Oct_31_2025 > gross_profit_Q_Oct_31_2025),Is cost of sales strictly greater than gross profit for Mira Systems for the quarter ended Oct 31 2025?,True,Yes,boolean,80778.0 > 24837.0 → True
FQ-00194,Nova Solutions,1,less_than,(cf_repurchases_YTD_Oct_31_2025 < operating_income_YTD_Oct_31_2025),Is share repurchases strictly less than operating income for Nova Solutions for the year-to-date period ended Oct 31 2025?,True,Yes,boolean,-1267.0 < 30255.0 → True
FQ-00195,Plex Technologies,1,ratio,"ratio(revenues_Q_Oct_31_2025, shares_basic_Q_Oct_31_2025)",What is the ratio of total revenues to basic shares used in computing EPS for Plex Technologies for the quarter ended Oct 31 2025?,0.1023,0.1023,ratio,97195.0 / 950000.0 = 0.1023
FQ-00196,Apex Technologies,2,ratio,"ratio((long_term_debt_Oct_31_2025 - other_nca_Oct_31_2025), other_income_Q_Oct_31_2025)","For Apex Technologies, what is the result of the following computation: ratio((long_term_debt_Oct_31_2025 - other_nca_Oct_31_2025), other_income_Q_Oct_31_2025)? Evaluate any sub-expressions first, then apply the outer operation.",-19.3761,-19.3761,ratio,(23443.0 - 3350.0 = 20093.0) / (other_income_Q_Oct_31_2025 = -1037.0) = -19.3761
FQ-00197,Crest Systems,0,,membership_and_other_income_Q_Oct_31_2024,what's the value of the membership and other income reported by Crest Systems for the quarter ended Oct 31 2024,376.0,376.00,numeric,membership_and_other_income_Q_Oct_31_2024 = 376.0
FQ-00198,Volt Inc,0,,inventories_Oct_31_2025,may you give the inventories reported by Volt Inc as of Oct 31 2025?,19143.0,"19,143",numeric,inventories_Oct_31_2025 = 19143.0
FQ-00199,Zion Solutions,2,divide,((ci_unrealized_gains_YTD_Oct_31_2024 ÷ total_costs_Q_Oct_31_2024) ÷ st_investments_Dec_31_2024),"For Zion Solutions, what is the result of the following computation: ((ci_unrealized_gains_YTD_Oct_31_2024 ÷ total_costs_Q_Oct_31_2024) ÷ st_investments_Dec_31_2024)? Evaluate any sub-expressions first, then apply the outer operation.",-0.0,-0.00,numeric,(-28.0 / 39471.0 = -0.0007) / (st_investments_Dec_31_2024 = 2541.0) = -0.0
FQ-00200,Peak Systems,1,divide,(eps_diluted_Q_Oct_31_2025 ÷ other_income_Q_Oct_31_2025),"what is the ratio of diluted earnings per share to other income/(expense), net for Peak Systems for the quarter ended Oct 31 2025?",-0.004,-0.00,numeric,1.65 / -416.0 = -0.004
FQ-00201,Nova Solutions,2,divide,"(ratio(total_assets_Dec_31_2024, retained_earnings_Dec_31_2024) ÷ shares_diluted_Q_Oct_31_2024)","For Nova Solutions, what is the result of the following computation: (ratio(total_assets_Dec_31_2024, retained_earnings_Dec_31_2024) ÷ shares_diluted_Q_Oct_31_2024)? Evaluate any sub-expressions first, then apply the outer operation.",0.0,0.00,numeric,(91509.0 / 11986.0 = 7.6347) / (shares_diluted_Q_Oct_31_2024 = 828171.0) = 0.0
FQ-00202,Zion Solutions,1,multiply,(sga_expense_YTD_Oct_31_2025 × net_income_Q_Oct_31_2025),what does the following give: product of selling general and administrative expense (for the year-to-date period ended Oct 31 2025) and net income (for the quarter ended Oct 31 2025) for Zion Solutions ?,34723227.0,"34,723,227",numeric,25971.0 × 1337.0 = 34723227.0
FQ-00203,Nova Holdings,1,greater_equal,(aoci_Dec_31_2024 ≥ current_assets_Dec_31_2024),Is accumulated other comprehensive income/(loss) greater than or equal to total current assets for Nova Holdings as of Dec 31 2024?,False,No,boolean,0.0 ≥ 72768.0 → False
FQ-00204,Orion Enterprises,1,ratio,"ratio(lt_investments_Dec_31_2024, long_term_debt_Dec_31_2024)",state the ratio of long-term marketable securities to long-term debt for Orion Enterprises as of Dec 31 2024,0.2771,0.2771,ratio,7089.0 / 25581.0 = 0.2771
FQ-00205,Trek Holdings,1,divide,(shares_basic_Q_Oct_31_2025 ÷ ppe_Oct_31_2025),"Which result follows from the ratio of basic shares used in computing EPS (for the quarter ended Oct 31 2025) to property, plant and equipment, net (as of Oct 31 2025) for Trek Holdings",451.7476,451.75,numeric,8220000.0 / 18196.0 = 451.7476
FQ-00206,Nova Enterprises,1,greater_than,(current_debt_Oct_31_2025 > inventories_Oct_31_2025),Is current portion of long-term debt strictly greater than inventories for Nova Enterprises as of Oct 31 2025?,False,No,boolean,6247.0 > 18014.0 → False
FQ-00207,Vex Industries,2,divide,"(ratio(eps_diluted_YTD_Oct_31_2025, ci_fx_translation_Q_Oct_31_2025) ÷ current_debt_Dec_31_2024)","For Vex Industries, what is the result of the following computation: (ratio(eps_diluted_YTD_Oct_31_2025, ci_fx_translation_Q_Oct_31_2025) ÷ current_debt_Dec_31_2024)? Evaluate any sub-expressions first, then apply the outer operation.",-0.0,-0.00,numeric,(1.6 / -29.0 = -0.0552) / (current_debt_Dec_31_2024 = 1924.0) = -0.0
FQ-00208,Plex Technologies,2,ratio,"ratio((total_costs_Q_Oct_31_2025 ÷ net_income_Q_Oct_31_2025), operating_income_YTD_Oct_31_2025)","For Plex Technologies, what is the result of the following computation: ratio((total_costs_Q_Oct_31_2025 ÷ net_income_Q_Oct_31_2025), operating_income_YTD_Oct_31_2025)? Evaluate any sub-expressions first, then apply the outer operation.",-0.465,-0.4650,ratio,(97107.0 / -791.0 = -122.7649) / (operating_income_YTD_Oct_31_2025 = 264.0) = -0.465
FQ-00209,Zion Solutions,1,pct_change,"%Δ(total_costs, YTD_Oct_31_2024 → YTD_Oct_31_2025)",state the percentage change in total costs and expenses for Zion Solutions from for the year-to-date period ended Oct 31 2025 to for the year-to-date period ended Oct 31 2024 .,-3.79,-3.79%,percentage,(113928.0 - 118413.0) / |118413.0| × 100 = -3.79%
FQ-00210,Zion Corp,1,multiply,(net_income_Q_Oct_31_2024 × membership_and_other_income_Q_Oct_31_2024),which result follows from the product of net income and membership and other income for Zion Corp for the quarter ended Oct 31 2024?,10093872.0,"10,093,872",numeric,9143.0 × 1104.0 = 10093872.0
FQ-00211,Apex Technologies,1,ratio,"ratio(other_nca_Oct_31_2025, ci_fx_translation_Q_Oct_31_2025)",compute the ratio of other non-current assets (as of Oct 31 2025) to change in foreign currency translation (for the quarter ended Oct 31 2025) for Apex Technologies .,10.6688,10.6688,ratio,3350.0 / 314.0 = 10.6688
FQ-00212,Peak Systems,2,divide,((shares_diluted_YTD_Oct_31_2025 ÷ cf_investing_YTD_Oct_31_2025) ÷ ci_unrealized_gains_YTD_Oct_31_2025),"For Peak Systems, what is the result of the following computation: ((shares_diluted_YTD_Oct_31_2025 ÷ cf_investing_YTD_Oct_31_2025) ÷ ci_unrealized_gains_YTD_Oct_31_2025)? Evaluate any sub-expressions first, then apply the outer operation.",-0.9267,-0.93,numeric,(801158.0 / -7265.0 = -110.2764) / (ci_unrealized_gains_YTD_Oct_31_2025 = 119.0) = -0.9267
FQ-00213,Volt Inc,0,,ppe_Dec_31_2024,"May you calculate the property, plant and equipment, net reported by Volt Inc as of Dec 31 2024",28060.0,"28,060",numeric,ppe_Dec_31_2024 = 28060.0
FQ-00214,Trek Holdings,2,ratio,"ratio((st_investments_Oct_31_2025 × cf_da_YTD_Oct_31_2025), net_sales_YTD_Oct_31_2025)","For Trek Holdings, what is the result of the following computation: ratio((st_investments_Oct_31_2025 × cf_da_YTD_Oct_31_2025), net_sales_YTD_Oct_31_2025)? Evaluate any sub-expressions first, then apply the outer operation.",48.3567,48.3567,ratio,(2093.0 × 5263.0 = 11015459.0) / (net_sales_YTD_Oct_31_2025 = 227796.0) = 48.3567
FQ-00215,Nova Enterprises,1,multiply,(cash_Oct_31_2025 × long_term_debt_Oct_31_2025),what would be the product of cash and cash equivalents and long-term debt for Nova Enterprises as of Oct 31 2025 ?,167348710.0,"167,348,710",numeric,7445.0 × 22478.0 = 167348710.0
FQ-00216,Crest Systems,1,less_equal,(ci_fx_translation_YTD_Oct_31_2025 ≤ operating_income_YTD_Oct_31_2025),Is change in foreign currency translation less than or equal to operating income for Crest Systems for the year-to-date period ended Oct 31 2025?,True,Yes,boolean,-58.0 ≤ 8736.0 → True
FQ-00217,Crest Systems,0,,period,state the period of Crest Systems.,Three Months Ended October 31 2025,Three Months Ended October 31 2025,categorical,period = Three Months Ended October 31 2025
FQ-00218,Trek Holdings,1,divide,(ci_unrealized_gains_YTD_Oct_31_2025 ÷ net_sales_YTD_Oct_31_2025),May you give the ratio of change in unrealized gains/losses on securities to net sales for Trek Holdings for the year-to-date period ended Oct 31 2025 ?,0.0004,0.00,numeric,96.0 / 227796.0 = 0.0004
FQ-00219,Nova Holdings,1,less_equal,(lt_investments_Dec_31_2024 ≤ deferred_revenue_Dec_31_2024),Is long-term marketable securities less than or equal to deferred revenue for Nova Holdings as of Dec 31 2024?,False,No,boolean,12400.0 ≤ 4650.0 → False
FQ-00220,Mira Systems,1,less_equal,(ci_net_income_YTD_Oct_31_2025 ≤ cf_repurchases_YTD_Oct_31_2025),Is net income less than or equal to share repurchases for Mira Systems for the year-to-date period ended Oct 31 2025?,False,No,boolean,6252.0 ≤ -1606.0 → False
FQ-00221,Nova Enterprises,1,multiply,(ci_total_oci_YTD_Oct_31_2025 × operating_income_YTD_Oct_31_2025),compute the product of total other comprehensive income/(loss) and operating income for Nova Enterprises for the year-to-date period ended Oct 31 2025 .,-4606848.0,"-4,606,848",numeric,-558.0 × 8256.0 = -4606848.0
FQ-00222,Apex Technologies,2,ratio,"ratio(MAX(membership_and_other_income_YTD_Oct_31_2025), total_costs_Q_Oct_31_2024)","For Apex Technologies, what is the result of the following computation: ratio(MAX(membership_and_other_income_YTD_Oct_31_2025), total_costs_Q_Oct_31_2024)? Evaluate any sub-expressions first, then apply the outer operation.",0.0615,0.0615,ratio,(MAX(membership_and_other_income_YTD_Oct_31_2025) = 6393.0) / (total_costs_Q_Oct_31_2024 = 103966.0) = 0.0615
FQ-00223,Orion Enterprises,1,less_equal,(tax_YTD_Oct_31_2024 ≤ ci_unrealized_gains_YTD_Oct_31_2024),Is provision for income taxes less than or equal to change in unrealized gains/losses on securities for Orion Enterprises for the year-to-date period ended Oct 31 2024?,False,No,boolean,3939.0 ≤ -87.0 → False
FQ-00224,Trek Holdings,0,,ci_unrealized_gains_YTD_Oct_31_2024,You should calculate the change in unrealized gains/losses on securities reported by Trek Holdings for the year-to-date period ended Oct 31 2024 .,110.0,110.00,numeric,ci_unrealized_gains_YTD_Oct_31_2024 = 110.0
FQ-00225,Nova Enterprises,2,ratio,"ratio((ci_unrealized_gains_YTD_Oct_31_2025 ÷ eps_diluted_Q_Oct_31_2025), rd_expense_YTD_Oct_31_2025)","For Nova Enterprises, what is the result of the following computation: ratio((ci_unrealized_gains_YTD_Oct_31_2025 ÷ eps_diluted_Q_Oct_31_2025), rd_expense_YTD_Oct_31_2025)? Evaluate any sub-expressions first, then apply the outer operation.",-0.2392,-0.2392,ratio,(-223.0 / 0.4 = -557.5) / (rd_expense_YTD_Oct_31_2025 = 2331.0) = -0.2392
FQ-00226,Nova Enterprises,2,divide,((net_sales_Q_Oct_31_2025 + ci_unrealized_gains_Q_Oct_31_2025) ÷ other_income_YTD_Oct_31_2024),"For Nova Enterprises, what is the result of the following computation: ((net_sales_Q_Oct_31_2025 + ci_unrealized_gains_Q_Oct_31_2025) ÷ other_income_YTD_Oct_31_2024)? Evaluate any sub-expressions first, then apply the outer operation.",-112.751,-112.75,numeric,(140082.0 + 293.0 = 140375.0) / (other_income_YTD_Oct_31_2024 = -1245.0) = -112.751
FQ-00227,Zion Corp,1,less_equal,(tax_Q_Oct_31_2025 ≤ cost_of_sales_Q_Oct_31_2025),Is provision for income taxes less than or equal to cost of sales for Zion Corp for the quarter ended Oct 31 2025?,True,Yes,boolean,3223.0 ≤ 51833.0 → True
FQ-00228,Trek Holdings,1,subtract,(accounts_payable_Oct_31_2025 - inventories_Oct_31_2025),"You should calculate the difference between accounts payable and inventories (i.e., accounts payable minus inventories) for Trek Holdings as of Oct 31 2025 .",26879.0,"26,879",numeric,34898.0 - 8019.0 = 26879.0
FQ-00229,Vex Industries,0,,rd_expense_YTD_Oct_31_2025,give the research and development expense reported by Vex Industries for the year-to-date period ended Oct 31 2025.,666.0,666.00,numeric,rd_expense_YTD_Oct_31_2025 = 666.0
FQ-00230,Alto Inc,1,subtract,(net_sales_YTD_Oct_31_2025 - cf_net_income_YTD_Oct_31_2025),"provide the difference between net sales and net income (i.e., net sales minus net income) for Alto Inc for the year-to-date period ended Oct 31 2025 .",234564.0,"234,564",numeric,250812.0 - 16248.0 = 234564.0
FQ-00231,Nova Holdings,1,less_equal,(inventories_Dec_31_2024 ≤ current_assets_Dec_31_2024),Is inventories less than or equal to total current assets for Nova Holdings as of Dec 31 2024?,True,Yes,boolean,27162.0 ≤ 72768.0 → True
FQ-00232,Volt Inc,1,divide,(ci_fx_translation_YTD_Oct_31_2024 ÷ gross_profit_Q_Oct_31_2024),What's the value of the ratio of change in foreign currency translation (for the year-to-date period ended Oct 31 2024) to gross profit (for the quarter ended Oct 31 2024) for Volt Inc?,0.0051,0.01,numeric,166.0 / 32260.0 = 0.0051
FQ-00233,Apex Technologies,1,add,(cf_da_YTD_Oct_31_2025 + revenues_YTD_Oct_31_2025),Which value corresponds to the sum of depreciation and amortization and total revenues for Apex Technologies for the year-to-date period ended Oct 31 2025 ?,356689.0,"356,689",numeric,8776.0 + 347913.0 = 356689.0
FQ-00234,Peak Systems,1,count_agg,COUNT(pretax_income_Q_Oct_31_2024),what is the value of the count of companies with data for of income before taxes for the quarter ended Oct 31 2024 across all companies in the dataset,15,15,count,COUNT(pretax_income_Q_Oct_31_2024) = 15
FQ-00235,Zion Solutions,1,add,(comprehensive_income_YTD_Oct_31_2024 + other_income_YTD_Oct_31_2024),"what would be the sum of total comprehensive income and other income/(expense), net for Zion Solutions for the year-to-date period ended Oct 31 2024?",3005.0,"3,005",numeric,4097.0 + -1092.0 = 3005.0
FQ-00236,Nova Enterprises,1,divide,(revenues_Q_Oct_31_2025 ÷ rd_expense_Q_Oct_31_2025),Determine the ratio of total revenues to research and development expense for Nova Enterprises for the quarter ended Oct 31 2025.,181.6847,181.68,numeric,141169.0 / 777.0 = 181.6847
FQ-00237,Zion Solutions,1,subtract,(deferred_revenue_Dec_31_2024 - current_debt_Dec_31_2024),"could you give the difference between deferred revenue and current portion of long-term debt (i.e., deferred revenue minus current portion of long-term debt) for Zion Solutions as of Dec 31 2024",193.0,193.00,numeric,1520.0 - 1327.0 = 193.0
FQ-00238,Nova Enterprises,1,ratio,"ratio(revenues_YTD_Oct_31_2025, eps_diluted_YTD_Oct_31_2025)",You should give the ratio of total revenues to diluted earnings per share for Nova Enterprises for the year-to-date period ended Oct 31 2025,350005.7851,350005.7851,ratio,423507.0 / 1.21 = 350005.7851
FQ-00239,Crest Systems,1,less_equal,(ci_net_income_Q_Oct_31_2024 ≤ membership_and_other_income_Q_Oct_31_2024),Is net income less than or equal to membership and other income for Crest Systems for the quarter ended Oct 31 2024?,False,No,boolean,2211.0 ≤ 376.0 → False
FQ-00240,Plex Technologies,1,multiply,(eps_basic_Q_Oct_31_2025 × net_income_Q_Oct_31_2025),could you give the product of basic earnings per share and net income for Plex Technologies for the quarter ended Oct 31 2025?,656.53,656.53,numeric,-0.83 × -791.0 = 656.53
FQ-00241,Nova Solutions,1,subtract,(net_sales_YTD_Oct_31_2025 - cf_closing_cash_YTD_Oct_31_2025),"calculate the difference between net sales and cash at end of period (i.e., net sales minus cash at end of period) for Nova Solutions for the year-to-date period ended Oct 31 2025",242061.0,"242,061",numeric,266421.0 - 24360.0 = 242061.0
FQ-00242,Vex Industries,1,less_than,(operating_income_Q_Oct_31_2025 < rd_expense_Q_Oct_31_2025),Is operating income strictly less than research and development expense for Vex Industries for the quarter ended Oct 31 2025?,False,No,boolean,6701.0 < 222.0 → False
FQ-00243,Zion Solutions,1,less_than,(other_income_Q_Oct_31_2025 < net_income_Q_Oct_31_2025),"Is other income/(expense), net strictly less than net income for Zion Solutions for the quarter ended Oct 31 2025?",True,Yes,boolean,-350.0 < 1337.0 → True
FQ-00244,Alto Inc,1,multiply,(current_assets_Dec_31_2024 × current_liabilities_Dec_31_2024),may you calculate the product of total current assets and total current liabilities for Alto Inc as of Dec 31 2024?,1683739750.0,"1,683,739,750",numeric,41125.0 × 40942.0 = 1683739750.0
FQ-00245,Nova Holdings,0,,total_liabilities_Dec_31_2024,what's the value of the total liabilities reported by Nova Holdings as of Dec 31 2024?,81989.0,"81,989",numeric,total_liabilities_Dec_31_2024 = 81989.0
FQ-00246,Crest Systems,1,divide,(cf_net_change_YTD_Oct_31_2024 ÷ cf_net_income_YTD_Oct_31_2024),you should give the ratio of net change in cash to net income for Crest Systems for the year-to-date period ended Oct 31 2024,0.9985,1.00,numeric,6623.0 / 6633.0 = 0.9985
FQ-00247,Volt Inc,0,,sga_expense_YTD_Oct_31_2025,You should calculate the selling general and administrative expense reported by Volt Inc for the year-to-date period ended Oct 31 2025.,62985.0,"62,985",numeric,sga_expense_YTD_Oct_31_2025 = 62985.0
FQ-00248,Mira Systems,0,,common_stock_apic_Oct_31_2025,you should calculate the common stock and additional paid-in capital reported by Mira Systems as of Oct 31 2025 .,4348.0,"4,348",numeric,common_stock_apic_Oct_31_2025 = 4348.0
FQ-00249,Zion Corp,1,divide,(ci_total_oci_Q_Oct_31_2025 ÷ shares_basic_YTD_Oct_31_2025),Compute the ratio of total other comprehensive income/(loss) (for the quarter ended Oct 31 2025) to basic shares used in computing EPS (for the year-to-date period ended Oct 31 2025) for Zion Corp,0.0,0.00,numeric,98.0 / 7705808.0 = 0.0
FQ-00250,Zion Corp,2,divide,"(ratio(net_income_Q_Oct_31_2025, goodwill_Oct_31_2025) ÷ other_nca_Oct_31_2025)","For Zion Corp, what is the result of the following computation: (ratio(net_income_Q_Oct_31_2025, goodwill_Oct_31_2025) ÷ other_nca_Oct_31_2025)? Evaluate any sub-expressions first, then apply the outer operation.",0.0002,0.00,numeric,(8332.0 / 11141.0 = 0.7479) / (other_nca_Oct_31_2025 = 3822.0) = 0.0002
FQ-00251,Alto Inc,1,ratio,"ratio(ci_total_oci_Q_Oct_31_2025, pretax_income_YTD_Oct_31_2025)",may you calculate the ratio of total other comprehensive income/(loss) (for the quarter ended Oct 31 2025) to income before taxes (for the year-to-date period ended Oct 31 2025) for Alto Inc,0.0257,0.0257,ratio,571.0 / 22188.0 = 0.0257
FQ-00252,Nova Holdings,2,ratio,"ratio(ratio(operating_income_YTD_Oct_31_2025, retained_earnings_Oct_31_2025), total_costs_Q_Oct_31_2024)","For Nova Holdings, what is the result of the following computation: ratio(ratio(operating_income_YTD_Oct_31_2025, retained_earnings_Oct_31_2025), total_costs_Q_Oct_31_2024)? Evaluate any sub-expressions first, then apply the outer operation.",0.0,0.0000,ratio,(35097.0 / 29178.0 = 1.2029) / (total_costs_Q_Oct_31_2024 = 156091.0) = 0.0
FQ-00253,Nova Holdings,2,divide,"(ratio(membership_and_other_income_YTD_Oct_31_2025, pretax_income_Q_Oct_31_2025) ÷ cf_financing_YTD_Oct_31_2024)","For Nova Holdings, what is the result of the following computation: (ratio(membership_and_other_income_YTD_Oct_31_2025, pretax_income_Q_Oct_31_2025) ÷ cf_financing_YTD_Oct_31_2024)? Evaluate any sub-expressions first, then apply the outer operation.",-0.0001,-0.00,numeric,(6393.0 / 10333.0 = 0.6187) / (cf_financing_YTD_Oct_31_2024 = -7276.0) = -0.0001
FQ-00254,Mira Systems,1,ratio,"ratio(shares_diluted_YTD_Oct_31_2024, tax_YTD_Oct_31_2024)",Give the ratio of diluted shares used in computing EPS to provision for income taxes for Mira Systems for the year-to-date period ended Oct 31 2024 .,3721.9313,3721.9313,ratio,7257766.0 / 1950.0 = 3721.9313
FQ-00255,Zion Solutions,1,divide,(pretax_income_Q_Oct_31_2024 ÷ ci_unrealized_gains_YTD_Oct_31_2024),whats the value of the ratio of income before taxes (for the quarter ended Oct 31 2024) to change in unrealized gains/losses on securities (for the year-to-date period ended Oct 31 2024) for Zion Solutions,-67.8571,-67.86,numeric,1900.0 / -28.0 = -67.8571
FQ-00256,Orion Enterprises,1,add,(other_income_YTD_Oct_31_2024 + gross_profit_YTD_Oct_31_2024),"what do we obtain as the sum of other income/(expense), net and gross profit for Orion Enterprises for the year-to-date period ended Oct 31 2024 ?",70773.0,"70,773",numeric,-708.0 + 71481.0 = 70773.0
FQ-00257,Trek Holdings,2,ratio,"ratio((common_stock_apic_Oct_31_2025 × other_income_Q_Oct_31_2025), total_liabilities_Oct_31_2025)","For Trek Holdings, what is the result of the following computation: ratio((common_stock_apic_Oct_31_2025 × other_income_Q_Oct_31_2025), total_liabilities_Oct_31_2025)? Evaluate any sub-expressions first, then apply the outer operation.",29.1744,29.1744,ratio,(-4697.0 × -414.0 = 1944558.0) / (total_liabilities_Oct_31_2025 = 66653.0) = 29.1744
FQ-00258,Apex Technologies,1,ratio,"ratio(cf_dividends_YTD_Oct_31_2025, cf_financing_YTD_Oct_31_2025)",Give the ratio of dividends paid to net cash from financing activities for Apex Technologies for the year-to-date period ended Oct 31 2025 .,0.144,0.1440,ratio,-1083.0 / -7520.0 = 0.144
FQ-00259,Peak Systems,1,multiply,(tax_YTD_Oct_31_2024 × membership_and_other_income_Q_Oct_31_2024),what do we obtain as the product of provision for income taxes (for the year-to-date period ended Oct 31 2024) and membership and other income (for the quarter ended Oct 31 2024) for Peak Systems ?,740400.0,"740,400",numeric,1200.0 × 617.0 = 740400.0
FQ-00260,Zion Corp,1,divide,(operating_income_Q_Oct_31_2024 ÷ cf_dividends_YTD_Oct_31_2024),you should give the ratio of operating income (for the quarter ended Oct 31 2024) to dividends paid (for the year-to-date period ended Oct 31 2024) for Zion Corp,-6.6921,-6.69,numeric,13411.0 / -2004.0 = -6.6921
FQ-00261,Peak Systems,2,ratio,"ratio((accounts_payable_Dec_31_2024 - current_liabilities_Dec_31_2024), current_liabilities_Oct_31_2025)","For Peak Systems, what is the result of the following computation: ratio((accounts_payable_Dec_31_2024 - current_liabilities_Dec_31_2024), current_liabilities_Oct_31_2025)? Evaluate any sub-expressions first, then apply the outer operation.",-0.358,-0.3580,ratio,(17704.0 - 28868.0 = -11164.0) / (current_liabilities_Oct_31_2025 = 31186.0) = -0.358
FQ-00262,Volt Inc,1,multiply,(aoci_Oct_31_2025 × net_sales_Q_Oct_31_2025),You should give the product of accumulated other comprehensive income/(loss) (as of Oct 31 2025) and net sales (for the quarter ended Oct 31 2025) for Volt Inc .,-330651984.0,"-330,651,984",numeric,-2964.0 × 111556.0 = -330651984.0
FQ-00263,Nova Holdings,1,less_than,(retained_earnings_Oct_31_2025 < goodwill_Oct_31_2025),Is retained earnings strictly less than goodwill for Nova Holdings as of Oct 31 2025?,False,No,boolean,29178.0 < 13273.0 → False
FQ-00264,Orion Enterprises,1,ratio,"ratio(shares_diluted_Q_Oct_31_2025, cf_financing_YTD_Oct_31_2025)",Evaluate the ratio of diluted shares used in computing EPS (for the quarter ended Oct 31 2025) to net cash from financing activities (for the year-to-date period ended Oct 31 2025) for Orion Enterprises,-1070.5575,-1070.5575,ratio,7374000.0 / -6888.0 = -1070.5575
FQ-00265,Zion Solutions,2,divide,((total_costs_Q_Oct_31_2025 - pretax_income_Q_Oct_31_2025) ÷ deferred_revenue_Dec_31_2024),"For Zion Solutions, what is the result of the following computation: ((total_costs_Q_Oct_31_2025 - pretax_income_Q_Oct_31_2025) ÷ deferred_revenue_Dec_31_2024)? Evaluate any sub-expressions first, then apply the outer operation.",23.7822,23.78,numeric,(37976.0 - 1827.0 = 36149.0) / (deferred_revenue_Dec_31_2024 = 1520.0) = 23.7822
FQ-00266,Vex Industries,2,divide,"(ratio(cf_closing_cash_YTD_Oct_31_2025, current_assets_Oct_31_2025) ÷ goodwill_Oct_31_2025)","For Vex Industries, what is the result of the following computation: (ratio(cf_closing_cash_YTD_Oct_31_2025, current_assets_Oct_31_2025) ÷ goodwill_Oct_31_2025)? Evaluate any sub-expressions first, then apply the outer operation.",0.0001,0.00,numeric,(7882.0 / 20414.0 = 0.3861) / (goodwill_Oct_31_2025 = 5114.0) = 0.0001
FQ-00267,Nova Enterprises,2,ratio,"ratio(ratio(total_liabilities_Oct_31_2025, ci_net_income_YTD_Oct_31_2025), cf_net_change_YTD_Oct_31_2024)","For Nova Enterprises, what is the result of the following computation: ratio(ratio(total_liabilities_Oct_31_2025, ci_net_income_YTD_Oct_31_2025), cf_net_change_YTD_Oct_31_2024)? Evaluate any sub-expressions first, then apply the outer operation.",-0.005,-0.0050,ratio,(102825.0 / 5076.0 = 20.2571) / (cf_net_change_YTD_Oct_31_2024 = -4032.0) = -0.005
FQ-00268,Nova Solutions,2,ratio,"ratio((shares_basic_YTD_Oct_31_2025 ÷ ci_fx_translation_YTD_Oct_31_2025), total_costs_Q_Oct_31_2024)","For Nova Solutions, what is the result of the following computation: ratio((shares_basic_YTD_Oct_31_2025 ÷ ci_fx_translation_YTD_Oct_31_2025), total_costs_Q_Oct_31_2024)? Evaluate any sub-expressions first, then apply the outer operation.",-0.047,-0.0470,ratio,(789564.0 / -196.0 = -4028.3878) / (total_costs_Q_Oct_31_2024 = 85668.0) = -0.047
FQ-00269,Trek Holdings,2,divide,"(ratio(current_liabilities_Oct_31_2025, sga_expense_Q_Oct_31_2025) ÷ revenues_YTD_Oct_31_2025)","For Trek Holdings, what is the result of the following computation: (ratio(current_liabilities_Oct_31_2025, sga_expense_Q_Oct_31_2025) ÷ revenues_YTD_Oct_31_2025)? Evaluate any sub-expressions first, then apply the outer operation.",0.0,0.00,numeric,(48000.0 / 15859.0 = 3.0267) / (revenues_YTD_Oct_31_2025 = 231051.0) = 0.0
FQ-00270,Plex Technologies,1,divide,(ci_unrealized_gains_Q_Oct_31_2025 ÷ other_nca_Oct_31_2025),What's the value of the ratio of change in unrealized gains/losses on securities (for the quarter ended Oct 31 2025) to other non-current assets (as of Oct 31 2025) for Plex Technologies,-0.0122,-0.01,numeric,-68.0 / 5581.0 = -0.0122
FQ-00271,Peak Systems,2,divide,((comprehensive_income_YTD_Oct_31_2024 ÷ membership_and_other_income_YTD_Oct_31_2024) ÷ retained_earnings_Dec_31_2024),"For Peak Systems, what is the result of the following computation: ((comprehensive_income_YTD_Oct_31_2024 ÷ membership_and_other_income_YTD_Oct_31_2024) ÷ retained_earnings_Dec_31_2024)? Evaluate any sub-expressions first, then apply the outer operation.",0.0008,0.00,numeric,(4217.0 / 1851.0 = 2.2782) / (retained_earnings_Dec_31_2024 = 2792.0) = 0.0008
FQ-00272,Nova Solutions,0,,shares_basic_YTD_Oct_31_2024,provide the basic shares used in computing EPS reported by Nova Solutions for the year-to-date period ended Oct 31 2024.,811850.0,"811,850",numeric,shares_basic_YTD_Oct_31_2024 = 811850.0
FQ-00273,Vex Industries,2,divide,((total_liabilities_Dec_31_2024 + cash_Dec_31_2024) ÷ pretax_income_Q_Oct_31_2025),"For Vex Industries, what is the result of the following computation: ((total_liabilities_Dec_31_2024 + cash_Dec_31_2024) ÷ pretax_income_Q_Oct_31_2025)? Evaluate any sub-expressions first, then apply the outer operation.",6.0732,6.07,numeric,(35758.0 + 3086.0 = 38844.0) / (pretax_income_Q_Oct_31_2025 = 6396.0) = 6.0732
FQ-00274,Nova Solutions,0,,other_ncl_Oct_31_2025,compute the other non-current liabilities reported by Nova Solutions as of Oct 31 2025 .,2359.0,"2,359",numeric,other_ncl_Oct_31_2025 = 2359.0
FQ-00275,Plex Technologies,2,ratio,"ratio(ratio(comprehensive_income_YTD_Oct_31_2025, ci_fx_translation_Q_Oct_31_2025), comprehensive_income_YTD_Oct_31_2025)","For Plex Technologies, what is the result of the following computation: ratio(ratio(comprehensive_income_YTD_Oct_31_2025, ci_fx_translation_Q_Oct_31_2025), comprehensive_income_YTD_Oct_31_2025)? Evaluate any sub-expressions first, then apply the outer operation.",-0.0097,-0.0097,ratio,(-1968.0 / -103.0 = 19.1068) / (comprehensive_income_YTD_Oct_31_2025 = -1968.0) = -0.0097
FQ-00276,Zion Corp,0,,ppe_Oct_31_2025,"may you give the property, plant and equipment, net reported by Zion Corp as of Oct 31 2025 ?",22968.0,"22,968",numeric,ppe_Oct_31_2025 = 22968.0
FQ-00277,Alto Inc,2,divide,"(ratio(total_costs_YTD_Oct_31_2025, current_liabilities_Oct_31_2025) ÷ tax_Q_Oct_31_2025)","For Alto Inc, what is the result of the following computation: (ratio(total_costs_YTD_Oct_31_2025, current_liabilities_Oct_31_2025) ÷ tax_Q_Oct_31_2025)? Evaluate any sub-expressions first, then apply the outer operation.",0.0031,0.00,numeric,(230568.0 / 37694.0 = 6.1168) / (tax_Q_Oct_31_2025 = 1980.0) = 0.0031
FQ-00278,Nova Enterprises,2,divide,((cf_sbc_YTD_Oct_31_2025 + cf_closing_cash_YTD_Oct_31_2025) ÷ pretax_income_Q_Oct_31_2024),"For Nova Enterprises, what is the result of the following computation: ((cf_sbc_YTD_Oct_31_2025 + cf_closing_cash_YTD_Oct_31_2025) ÷ pretax_income_Q_Oct_31_2024)? Evaluate any sub-expressions first, then apply the outer operation.",1.0483,1.05,numeric,(3221.0 + -984.0 = 2237.0) / (pretax_income_Q_Oct_31_2024 = 2134.0) = 1.0483
FQ-00279,Plex Technologies,1,divide,(other_income_Q_Oct_31_2025 ÷ ci_total_oci_YTD_Oct_31_2025),"whats the value of the ratio of other income/(expense), net (for the quarter ended Oct 31 2025) to total other comprehensive income/(loss) (for the year-to-date period ended Oct 31 2025) for Plex Technologies",-2.1704,-2.17,numeric,-879.0 / 405.0 = -2.1704
FQ-00280,Volt Inc,2,divide,"(ratio(shares_basic_YTD_Oct_31_2024, comprehensive_income_Q_Oct_31_2024) ÷ operating_income_YTD_Oct_31_2025)","For Volt Inc, what is the result of the following computation: (ratio(shares_basic_YTD_Oct_31_2024, comprehensive_income_Q_Oct_31_2024) ÷ operating_income_YTD_Oct_31_2025)? Evaluate any sub-expressions first, then apply the outer operation.",0.0029,0.00,numeric,(477764.0 / 6834.0 = 69.9099) / (operating_income_YTD_Oct_31_2025 = 24480.0) = 0.0029
FQ-00281,Plex Technologies,2,ratio,"ratio((sga_expense_YTD_Oct_31_2024 ÷ ci_net_income_YTD_Oct_31_2024), pretax_income_YTD_Oct_31_2025)","For Plex Technologies, what is the result of the following computation: ratio((sga_expense_YTD_Oct_31_2024 ÷ ci_net_income_YTD_Oct_31_2024), pretax_income_YTD_Oct_31_2025)? Evaluate any sub-expressions first, then apply the outer operation.",0.0132,0.0132,ratio,(70125.0 / -2241.0 = -31.2918) / (pretax_income_YTD_Oct_31_2025 = -2373.0) = 0.0132
FQ-00282,Crest Systems,1,avg_agg,AVG(current_liabilities_Oct_31_2025),what's the value of the average of total current liabilities as of Oct 31 2025 across all companies in the dataset ?,43645.67,"43,646",numeric,AVG(current_liabilities_Oct_31_2025) = 43645.67
FQ-00283,Nova Solutions,2,ratio,"ratio((membership_and_other_income_Q_Oct_31_2024 + ci_total_oci_Q_Oct_31_2024), total_costs_Q_Oct_31_2024)","For Nova Solutions, what is the result of the following computation: ratio((membership_and_other_income_Q_Oct_31_2024 + ci_total_oci_Q_Oct_31_2024), total_costs_Q_Oct_31_2024)? Evaluate any sub-expressions first, then apply the outer operation.",0.0047,0.0047,ratio,(512.0 + -109.0 = 403.0) / (total_costs_Q_Oct_31_2024 = 85668.0) = 0.0047
FQ-00284,Crest Systems,1,count_agg,COUNT(lt_investments_Oct_31_2025),May you give the count of companies with data for of long-term marketable securities as of Oct 31 2025 across all companies in the dataset?,15,15,count,COUNT(lt_investments_Oct_31_2025) = 15
FQ-00285,Vex Industries,1,divide,(ci_unrealized_gains_YTD_Oct_31_2025 ÷ deferred_revenue_Oct_31_2025),compute the ratio of change in unrealized gains/losses on securities (for the year-to-date period ended Oct 31 2025) to deferred revenue (as of Oct 31 2025) for Vex Industries.,0.0169,0.02,numeric,61.0 / 3602.0 = 0.0169
FQ-00286,Vex Industries,1,less_equal,(retained_earnings_Dec_31_2024 ≤ total_equity_Dec_31_2024),Is retained earnings less than or equal to total shareholders equity for Vex Industries as of Dec 31 2024?,True,Yes,boolean,1438.0 ≤ 4794.0 → True
FQ-00287,Trek Holdings,2,ratio,"ratio((cf_investing_YTD_Oct_31_2025 - cf_net_change_YTD_Oct_31_2025), gross_profit_Q_Oct_31_2024)","For Trek Holdings, what is the result of the following computation: ratio((cf_investing_YTD_Oct_31_2025 - cf_net_change_YTD_Oct_31_2025), gross_profit_Q_Oct_31_2024)? Evaluate any sub-expressions first, then apply the outer operation.",-1.1682,-1.1682,ratio,(-5412.0 - 17903.0 = -23315.0) / (gross_profit_Q_Oct_31_2024 = 19958.0) = -1.1682
FQ-00288,Crest Systems,1,subtract,(current_assets_Oct_31_2025 - deferred_revenue_Oct_31_2025),"Evaluate the difference between total current assets and deferred revenue (i.e., total current assets minus deferred revenue) for Crest Systems as of Oct 31 2025 .",12198.0,"12,198",numeric,13641.0 - 1443.0 = 12198.0
FQ-00289,Peak Systems,1,ratio,"ratio(comprehensive_income_Q_Oct_31_2025, shares_diluted_YTD_Oct_31_2025)",What do we obtain as the ratio of total comprehensive income (for the quarter ended Oct 31 2025) to diluted shares used in computing EPS (for the year-to-date period ended Oct 31 2025) for Peak Systems,0.0008,0.0008,ratio,656.0 / 801158.0 = 0.0008
FQ-00290,Zion Solutions,1,divide,(gross_profit_Q_Oct_31_2025 ÷ eps_diluted_YTD_Oct_31_2025),give the ratio of gross profit (for the quarter ended Oct 31 2025) to diluted earnings per share (for the year-to-date period ended Oct 31 2025) for Zion Solutions,20131.3725,"20,131",numeric,10267.0 / 0.51 = 20131.3725
FQ-00291,Nova Holdings,2,ratio,"ratio(ratio(total_costs_YTD_Oct_31_2024, shares_basic_YTD_Oct_31_2024), ci_unrealized_gains_Q_Oct_31_2025)","For Nova Holdings, what is the result of the following computation: ratio(ratio(total_costs_YTD_Oct_31_2024, shares_basic_YTD_Oct_31_2024), ci_unrealized_gains_Q_Oct_31_2025)? Evaluate any sub-expressions first, then apply the outer operation.",-0.0146,-0.0146,ratio,(468273.0 / 8013697.0 = 0.0584) / (ci_unrealized_gains_Q_Oct_31_2025 = -4.0) = -0.0146
FQ-00292,Plex Technologies,0,,cf_operating_YTD_Oct_31_2025,What would be the net cash from operating activities reported by Plex Technologies for the year-to-date period ended Oct 31 2025,1400.0,"1,400",numeric,cf_operating_YTD_Oct_31_2025 = 1400.0
FQ-00293,Plex Technologies,2,divide,((pretax_income_Q_Oct_31_2025 ÷ other_nca_Oct_31_2025) ÷ other_ncl_Dec_31_2024),"For Plex Technologies, what is the result of the following computation: ((pretax_income_Q_Oct_31_2025 ÷ other_nca_Oct_31_2025) ÷ other_ncl_Dec_31_2024)? Evaluate any sub-expressions first, then apply the outer operation.",-0.0,-0.00,numeric,(-791.0 / 5581.0 = -0.1417) / (other_ncl_Dec_31_2024 = 4309.0) = -0.0
FQ-00294,Nova Enterprises,1,multiply,(st_investments_Oct_31_2025 × net_sales_Q_Oct_31_2025),Calculate the product of short-term investments (as of Oct 31 2025) and net sales (for the quarter ended Oct 31 2025) for Nova Enterprises,351045492.0,"351,045,492",numeric,2506.0 × 140082.0 = 351045492.0
FQ-00295,Orion Enterprises,2,ratio,"ratio(ratio(cf_da_YTD_Oct_31_2025, operating_income_YTD_Oct_31_2025), eps_basic_YTD_Oct_31_2024)","For Orion Enterprises, what is the result of the following computation: ratio(ratio(cf_da_YTD_Oct_31_2025, operating_income_YTD_Oct_31_2025), eps_basic_YTD_Oct_31_2024)? Evaluate any sub-expressions first, then apply the outer operation.",0.2921,0.2921,ratio,(8231.0 / 17079.0 = 0.4819) / (eps_basic_YTD_Oct_31_2024 = 1.65) = 0.2921
FQ-00296,Mira Systems,1,divide,(total_costs_Q_Oct_31_2025 ÷ lt_investments_Oct_31_2025),what's the value of the ratio of total costs and expenses (for the quarter ended Oct 31 2025) to long-term marketable securities (as of Oct 31 2025) for Mira Systems,9.832,9.83,numeric,102636.0 / 10439.0 = 9.832
FQ-00297,Nova Solutions,0,,ci_total_oci_Q_Oct_31_2025,Compute the total other comprehensive income/(loss) reported by Nova Solutions for the quarter ended Oct 31 2025 .,-886.0,-886.00,numeric,ci_total_oci_Q_Oct_31_2025 = -886.0
FQ-00298,Nova Enterprises,2,ratio,"ratio((sga_expense_Q_Oct_31_2024 × eps_diluted_YTD_Oct_31_2024), shares_basic_YTD_Oct_31_2025)","For Nova Enterprises, what is the result of the following computation: ratio((sga_expense_Q_Oct_31_2024 × eps_diluted_YTD_Oct_31_2024), shares_basic_YTD_Oct_31_2025)? Evaluate any sub-expressions first, then apply the outer operation.",0.0081,0.0081,ratio,(31756.0 × 1.12 = 35566.72) / (shares_basic_YTD_Oct_31_2025 = 4375514.0) = 0.0081
FQ-00299,Zion Solutions,1,multiply,(ci_fx_translation_Q_Oct_31_2025 × lt_investments_Oct_31_2025),Which value corresponds to the product of change in foreign currency translation (for the quarter ended Oct 31 2025) and long-term marketable securities (as of Oct 31 2025) for Zion Solutions,77066.0,"77,066",numeric,62.0 × 1243.0 = 77066.0
FQ-00300,Zion Corp,0,,st_investments_Oct_31_2025,what is the value of the short-term investments reported by Zion Corp as of Oct 31 2025 ?,1524.0,"1,524",numeric,st_investments_Oct_31_2025 = 1524.0
FQ-00301,Nova Solutions,2,ratio,"ratio(ratio(inventories_Oct_31_2025, net_income_YTD_Oct_31_2025), ppe_Oct_31_2025)","For Nova Solutions, what is the result of the following computation: ratio(ratio(inventories_Oct_31_2025, net_income_YTD_Oct_31_2025), ppe_Oct_31_2025)? Evaluate any sub-expressions first, then apply the outer operation.",0.0,0.0000,ratio,(17047.0 / 21078.0 = 0.8088) / (ppe_Oct_31_2025 = 34360.0) = 0.0
FQ-00302,Vex Industries,2,divide,((cf_closing_cash_YTD_Oct_31_2024 + ci_unrealized_gains_YTD_Oct_31_2024) ÷ cf_net_income_YTD_Oct_31_2024),"For Vex Industries, what is the result of the following computation: ((cf_closing_cash_YTD_Oct_31_2024 + ci_unrealized_gains_YTD_Oct_31_2024) ÷ cf_net_income_YTD_Oct_31_2024)? Evaluate any sub-expressions first, then apply the outer operation.",0.4862,0.49,numeric,(6611.0 + 62.0 = 6673.0) / (cf_net_income_YTD_Oct_31_2024 = 13725.0) = 0.4862
FQ-00303,Peak Systems,1,less_equal,(ci_fx_translation_YTD_Oct_31_2024 ≤ ci_net_income_YTD_Oct_31_2024),Is change in foreign currency translation less than or equal to net income for Peak Systems for the year-to-date period ended Oct 31 2024?,True,Yes,boolean,154.0 ≤ 3927.0 → True
FQ-00304,Vex Industries,1,greater_than,(common_stock_apic_Oct_31_2025 > total_equity_Oct_31_2025),Is common stock and additional paid-in capital strictly greater than total shareholders equity for Vex Industries as of Oct 31 2025?,False,No,boolean,2869.0 > 4937.0 → False
FQ-00305,Orion Enterprises,2,divide,((current_assets_Oct_31_2025 × ci_net_income_Q_Oct_31_2025) ÷ cf_closing_cash_YTD_Oct_31_2025),"For Orion Enterprises, what is the result of the following computation: ((current_assets_Oct_31_2025 × ci_net_income_Q_Oct_31_2025) ÷ cf_closing_cash_YTD_Oct_31_2025)? Evaluate any sub-expressions first, then apply the outer operation.",9926.2696,"9,926",numeric,(37971.0 × 4110.0 = 156060810.0) / (cf_closing_cash_YTD_Oct_31_2025 = 15722.0) = 9926.2696
FQ-00306,Orion Enterprises,2,ratio,"ratio((membership_and_other_income_YTD_Oct_31_2025 ÷ cf_dividends_YTD_Oct_31_2025), total_costs_Q_Oct_31_2024)","For Orion Enterprises, what is the result of the following computation: ratio((membership_and_other_income_YTD_Oct_31_2025 ÷ cf_dividends_YTD_Oct_31_2025), total_costs_Q_Oct_31_2024)? Evaluate any sub-expressions first, then apply the outer operation.",-0.0,-0.0000,ratio,(1650.0 / -1498.0 = -1.1015) / (total_costs_Q_Oct_31_2024 = 77265.0) = -0.0
FQ-00307,Mira Systems,2,ratio,"ratio((ppe_Oct_31_2025 ÷ tax_YTD_Oct_31_2025), membership_and_other_income_Q_Oct_31_2024)","For Mira Systems, what is the result of the following computation: ratio((ppe_Oct_31_2025 ÷ tax_YTD_Oct_31_2025), membership_and_other_income_Q_Oct_31_2024)? Evaluate any sub-expressions first, then apply the outer operation.",0.0229,0.0229,ratio,(28280.0 / 2130.0 = 13.277) / (membership_and_other_income_Q_Oct_31_2024 = 580.0) = 0.0229
FQ-00308,Nova Solutions,2,divide,"(ratio(ppe_Oct_31_2025, eps_basic_YTD_Oct_31_2025) ÷ cf_sbc_YTD_Oct_31_2025)","For Nova Solutions, what is the result of the following computation: (ratio(ppe_Oct_31_2025, eps_basic_YTD_Oct_31_2025) ÷ cf_sbc_YTD_Oct_31_2025)? Evaluate any sub-expressions first, then apply the outer operation.",0.5792,0.58,numeric,(34360.0 / 26.12 = 1315.4671) / (cf_sbc_YTD_Oct_31_2025 = 2271.0) = 0.5792
FQ-00309,Peak Systems,1,less_than,(rd_expense_Q_Oct_31_2024 < membership_and_other_income_Q_Oct_31_2024),Is research and development expense strictly less than membership and other income for Peak Systems for the quarter ended Oct 31 2024?,True,Yes,boolean,541.0 < 617.0 → True
FQ-00310,Orion Enterprises,1,divide,(deferred_revenue_Oct_31_2025 ÷ sga_expense_YTD_Oct_31_2025),you should give the ratio of deferred revenue (as of Oct 31 2025) to selling general and administrative expense (for the year-to-date period ended Oct 31 2025) for Orion Enterprises,0.08,0.08,numeric,4447.0 / 55608.0 = 0.08
FQ-00311,Apex Technologies,1,subtract,(ci_unrealized_gains_YTD_Oct_31_2024 - pretax_income_YTD_Oct_31_2024),"whats the value of the difference between change in unrealized gains/losses on securities and income before taxes (i.e., change in unrealized gains/losses on securities minus income before taxes) for Apex Technologies for the year-to-date period ended Oct 31 2024 ?",-37239.0,"-37,239",numeric,126.0 - 37365.0 = -37239.0
FQ-00312,Orion Enterprises,1,add,(rd_expense_YTD_Oct_31_2025 + revenues_YTD_Oct_31_2025),Calculate the sum of research and development expense and total revenues for Orion Enterprises for the year-to-date period ended Oct 31 2025 .,255921.0,"255,921",numeric,2001.0 + 253920.0 = 255921.0
FQ-00313,Trek Holdings,2,divide,((cf_repurchases_YTD_Oct_31_2024 - operating_income_YTD_Oct_31_2024) ÷ ci_total_oci_Q_Oct_31_2025),"For Trek Holdings, what is the result of the following computation: ((cf_repurchases_YTD_Oct_31_2024 - operating_income_YTD_Oct_31_2024) ÷ ci_total_oci_Q_Oct_31_2025)? Evaluate any sub-expressions first, then apply the outer operation.",857.1739,857.17,numeric,(-2561.0 - 17154.0 = -19715.0) / (ci_total_oci_Q_Oct_31_2025 = -23.0) = 857.1739
FQ-00314,Apex Technologies,1,ratio,"ratio(other_income_YTD_Oct_31_2025, cf_capex_YTD_Oct_31_2025)","may you calculate the ratio of other income/(expense), net to capital expenditures for Apex Technologies for the year-to-date period ended Oct 31 2025?",0.4052,0.4052,ratio,-3111.0 / -7677.0 = 0.4052
FQ-00315,Nova Solutions,2,divide,((cf_sbc_YTD_Oct_31_2025 + gross_profit_YTD_Oct_31_2025) ÷ total_liabilities_Dec_31_2024),"For Nova Solutions, what is the result of the following computation: ((cf_sbc_YTD_Oct_31_2025 + gross_profit_YTD_Oct_31_2025) ÷ total_liabilities_Dec_31_2024)? Evaluate any sub-expressions first, then apply the outer operation.",1.7586,1.76,numeric,(2271.0 + 88392.0 = 90663.0) / (total_liabilities_Dec_31_2024 = 51555.0) = 1.7586
FQ-00316,Orion Enterprises,1,divide,(pretax_income_Q_Oct_31_2024 ÷ net_income_YTD_Oct_31_2024),Give the ratio of income before taxes (for the quarter ended Oct 31 2024) to net income (for the year-to-date period ended Oct 31 2024) for Orion Enterprises .,0.4422,0.44,numeric,5335.0 / 12066.0 = 0.4422
FQ-00317,Peak Systems,1,divide,(retained_earnings_Oct_31_2025 ÷ cf_operating_YTD_Oct_31_2025),you should give the ratio of retained earnings (as of Oct 31 2025) to net cash from operating activities (for the year-to-date period ended Oct 31 2025) for Peak Systems,0.5615,0.56,numeric,4042.0 / 7198.0 = 0.5615
FQ-00318,Zion Solutions,1,ratio,"ratio(tax_Q_Oct_31_2025, inventories_Oct_31_2025)",Give the ratio of provision for income taxes (for the quarter ended Oct 31 2025) to inventories (as of Oct 31 2025) for Zion Solutions,0.0653,0.0653,ratio,490.0 / 7504.0 = 0.0653
FQ-00319,Nova Solutions,1,multiply,(net_income_YTD_Oct_31_2024 × cf_closing_cash_YTD_Oct_31_2024),You should give the product of net income and cash at end of period for Nova Solutions for the year-to-date period ended Oct 31 2024.,563251200.0,"563,251,200",numeric,22800.0 × 24704.0 = 563251200.0
FQ-00320,Trek Holdings,2,divide,((net_sales_YTD_Oct_31_2025 ÷ operating_income_Q_Oct_31_2025) ÷ cf_da_YTD_Oct_31_2025),"For Trek Holdings, what is the result of the following computation: ((net_sales_YTD_Oct_31_2025 ÷ operating_income_Q_Oct_31_2025) ÷ cf_da_YTD_Oct_31_2025)? Evaluate any sub-expressions first, then apply the outer operation.",0.007,0.01,numeric,(227796.0 / 6151.0 = 37.034) / (cf_da_YTD_Oct_31_2025 = 5263.0) = 0.007
FQ-00321,Nova Enterprises,1,divide,(total_costs_Q_Oct_31_2025 ÷ shares_diluted_Q_Oct_31_2025),you should give the ratio of total costs and expenses to diluted shares used in computing EPS for Nova Enterprises for the quarter ended Oct 31 2025.,0.0329,0.03,numeric,138417.0 / 4209000.0 = 0.0329
FQ-00322,Plex Technologies,1,multiply,(net_sales_Q_Oct_31_2025 × cf_net_change_YTD_Oct_31_2025),Give the product of net sales (for the quarter ended Oct 31 2025) and net change in cash (for the year-to-date period ended Oct 31 2025) for Plex Technologies,-1195817120.0,"-1,195,817,120",numeric,96065.0 × -12448.0 = -1195817120.0
FQ-00323,Zion Solutions,1,multiply,(shares_diluted_Q_Oct_31_2025 × sga_expense_Q_Oct_31_2025),Whats the value of the product of diluted shares used in computing EPS and selling general and administrative expense for Zion Solutions for the quarter ended Oct 31 2025 ?,67576542000.0,"67,576,542,000",numeric,7806000.0 × 8657.0 = 67576542000.0
FQ-00324,Crest Systems,0,,revenues_YTD_Oct_31_2025,what would be the total revenues reported by Crest Systems for the year-to-date period ended Oct 31 2025 ?,77130.0,"77,130",numeric,revenues_YTD_Oct_31_2025 = 77130.0
FQ-00325,Vex Industries,1,multiply,(pretax_income_YTD_Oct_31_2024 × net_income_Q_Oct_31_2024),compute the product of income before taxes (for the year-to-date period ended Oct 31 2024) and net income (for the quarter ended Oct 31 2024) for Vex Industries.,85300875.0,"85,300,875",numeric,18645.0 × 4575.0 = 85300875.0
FQ-00326,Apex Technologies,1,ratio,"ratio(gross_profit_Q_Oct_31_2025, goodwill_Oct_31_2025)",What is the value of the ratio of gross profit (for the quarter ended Oct 31 2025) to goodwill (as of Oct 31 2025) for Apex Technologies,5.0189,5.0189,ratio,39539.0 / 7878.0 = 5.0189
FQ-00327,Nova Enterprises,1,divide,(rd_expense_YTD_Oct_31_2025 ÷ total_liabilities_Oct_31_2025),you should give the ratio of research and development expense (for the year-to-date period ended Oct 31 2025) to total liabilities (as of Oct 31 2025) for Nova Enterprises,0.0227,0.02,numeric,2331.0 / 102825.0 = 0.0227
FQ-00328,Mira Systems,1,greater_equal,(cf_dividends_YTD_Oct_31_2024 ≥ sga_expense_YTD_Oct_31_2024),Is dividends paid greater than or equal to selling general and administrative expense for Mira Systems for the year-to-date period ended Oct 31 2024?,False,No,boolean,-300.0 ≥ 58869.0 → False
FQ-00329,Plex Technologies,2,ratio,"ratio(ratio(operating_income_YTD_Oct_31_2025, total_costs_Q_Oct_31_2025), prepaid_Oct_31_2025)","For Plex Technologies, what is the result of the following computation: ratio(ratio(operating_income_YTD_Oct_31_2025, total_costs_Q_Oct_31_2025), prepaid_Oct_31_2025)? Evaluate any sub-expressions first, then apply the outer operation.",0.0,0.0000,ratio,(264.0 / 97107.0 = 0.0027) / (prepaid_Oct_31_2025 = 5658.0) = 0.0
FQ-00330,Nova Enterprises,1,ratio,"ratio(ci_fx_translation_YTD_Oct_31_2024, cf_closing_cash_YTD_Oct_31_2024)",What would be the ratio of change in foreign currency translation to cash at end of period for Nova Enterprises for the year-to-date period ended Oct 31 2024 ?,-0.0885,-0.0885,ratio,-284.0 / 3209.0 = -0.0885
FQ-00331,Zion Solutions,1,multiply,(long_term_debt_Oct_31_2025 × pretax_income_Q_Oct_31_2025),which result follows from the product of long-term debt (as of Oct 31 2025) and income before taxes (for the quarter ended Oct 31 2025) for Zion Solutions,21333879.0,"21,333,879",numeric,11677.0 × 1827.0 = 21333879.0
FQ-00332,Volt Inc,1,ratio,"ratio(net_sales_Q_Oct_31_2025, membership_and_other_income_Q_Oct_31_2025)",Compute the ratio of net sales to membership and other income for Volt Inc for the quarter ended Oct 31 2025 .,91.6647,91.6647,ratio,111556.0 / 1217.0 = 91.6647
FQ-00333,Vex Industries,1,multiply,(revenues_Q_Oct_31_2025 × operating_income_Q_Oct_31_2025),Give the product of total revenues and operating income for Vex Industries for the quarter ended Oct 31 2025 .,309539293.0,"309,539,293",numeric,46193.0 × 6701.0 = 309539293.0
FQ-00334,Vex Industries,1,greater_than,(sga_expense_YTD_Oct_31_2024 > ci_net_income_YTD_Oct_31_2024),Is selling general and administrative expense strictly greater than net income for Vex Industries for the year-to-date period ended Oct 31 2024?,True,Yes,boolean,26238.0 > 13725.0 → True
FQ-00335,Trek Holdings,2,ratio,"ratio((total_equity_Oct_31_2025 + lt_investments_Oct_31_2025), shares_basic_Q_Oct_31_2024)","For Trek Holdings, what is the result of the following computation: ratio((total_equity_Oct_31_2025 + lt_investments_Oct_31_2025), shares_basic_Q_Oct_31_2024)? Evaluate any sub-expressions first, then apply the outer operation.",0.0,0.0000,ratio,(-5925.0 + 5999.0 = 74.0) / (shares_basic_Q_Oct_31_2024 = 7887500.0) = 0.0
FQ-00336,Peak Systems,2,divide,"(ratio(comprehensive_income_YTD_Oct_31_2025, ci_net_income_YTD_Oct_31_2025) ÷ aoci_Oct_31_2025)","For Peak Systems, what is the result of the following computation: (ratio(comprehensive_income_YTD_Oct_31_2025, ci_net_income_YTD_Oct_31_2025) ÷ aoci_Oct_31_2025)? Evaluate any sub-expressions first, then apply the outer operation.",-0.0008,-0.00,numeric,(4287.0 / 3990.0 = 1.0744) / (aoci_Oct_31_2025 = -1381.0) = -0.0008
FQ-00337,Alto Inc,1,divide,(shares_diluted_YTD_Oct_31_2024 ÷ shares_basic_YTD_Oct_31_2024),what does the following give: ratio of diluted shares used in computing EPS to basic shares used in computing EPS for Alto Inc for the year-to-date period ended Oct 31 2024 ?,1.012,1.01,numeric,8998362.0 / 8891610.0 = 1.012
FQ-00338,Volt Inc,2,divide,((comprehensive_income_Q_Oct_31_2025 ÷ tax_YTD_Oct_31_2025) ÷ current_debt_Dec_31_2024),"For Volt Inc, what is the result of the following computation: ((comprehensive_income_Q_Oct_31_2025 ÷ tax_YTD_Oct_31_2025) ÷ current_debt_Dec_31_2024)? Evaluate any sub-expressions first, then apply the outer operation.",0.0004,0.00,numeric,(5798.0 / 5967.0 = 0.9717) / (current_debt_Dec_31_2024 = 2770.0) = 0.0004
FQ-00339,Zion Corp,1,ratio,"ratio(membership_and_other_income_Q_Oct_31_2025, pretax_income_Q_Oct_31_2025)",could you give the ratio of membership and other income to income before taxes for Zion Corp for the quarter ended Oct 31 2025,0.0871,0.0871,ratio,1006.0 / 11555.0 = 0.0871
FQ-00340,Nova Solutions,1,ratio,"ratio(total_costs_YTD_Oct_31_2024, gross_profit_Q_Oct_31_2024)",What does the following give: ratio of total costs and expenses (for the year-to-date period ended Oct 31 2024) to gross profit (for the quarter ended Oct 31 2024) for Nova Solutions?,8.0636,8.0636,ratio,257004.0 / 31872.0 = 8.0636
FQ-00341,Crest Systems,2,divide,"(ratio(revenues_YTD_Oct_31_2025, cf_net_income_YTD_Oct_31_2025) ÷ inventories_Dec_31_2024)","For Crest Systems, what is the result of the following computation: (ratio(revenues_YTD_Oct_31_2025, cf_net_income_YTD_Oct_31_2025) ÷ inventories_Dec_31_2024)? Evaluate any sub-expressions first, then apply the outer operation.",0.0023,0.00,numeric,(77130.0 / 6564.0 = 11.7505) / (inventories_Dec_31_2024 = 5124.0) = 0.0023
FQ-00342,Nova Solutions,1,divide,(accrued_expenses_Oct_31_2025 ÷ shares_basic_Q_Oct_31_2025),What do we obtain as the ratio of accrued expenses and other (as of Oct 31 2025) to basic shares used in computing EPS (for the quarter ended Oct 31 2025) for Nova Solutions,0.0075,0.01,numeric,6033.0 / 807000.0 = 0.0075
FQ-00343,Mira Systems,0,,net_income_Q_Oct_31_2025,What would be the net income reported by Mira Systems for the quarter ended Oct 31 2025 ?,2084.0,"2,084",numeric,net_income_Q_Oct_31_2025 = 2084.0
FQ-00344,Nova Holdings,1,greater_equal,(rd_expense_YTD_Oct_31_2024 ≥ cf_financing_YTD_Oct_31_2024),Is research and development expense greater than or equal to net cash from financing activities for Nova Holdings for the year-to-date period ended Oct 31 2024?,True,Yes,boolean,396.0 ≥ -7276.0 → True
FQ-00345,Trek Holdings,1,multiply,(ci_unrealized_gains_Q_Oct_31_2024 × rd_expense_YTD_Oct_31_2024),Could you give the product of change in unrealized gains/losses on securities (for the quarter ended Oct 31 2024) and research and development expense (for the year-to-date period ended Oct 31 2024) for Trek Holdings?,48672.0,"48,672",numeric,32.0 × 1521.0 = 48672.0
FQ-00346,Nova Holdings,1,divide,(gross_profit_YTD_Oct_31_2025 ÷ sga_expense_Q_Oct_31_2025),could you give the ratio of gross profit (for the year-to-date period ended Oct 31 2025) to selling general and administrative expense (for the quarter ended Oct 31 2025) for Nova Holdings,3.9962,4.00,numeric,116580.0 / 29173.0 = 3.9962
FQ-00347,Crest Systems,1,multiply,(long_term_debt_Oct_31_2025 × retained_earnings_Oct_31_2025),Provide the product of long-term debt and retained earnings for Crest Systems as of Oct 31 2025 .,9361746.0,"9,361,746",numeric,7782.0 × 1203.0 = 9361746.0
FQ-00348,Nova Solutions,1,divide,(prepaid_Oct_31_2025 ÷ current_liabilities_Oct_31_2025),what do we obtain as the ratio of prepaid expenses and other to total current liabilities for Nova Solutions as of Oct 31 2025 ?,0.1069,0.11,numeric,3651.0 / 34150.0 = 0.1069
FQ-00349,Nova Holdings,1,greater_equal,(operating_income_Q_Oct_31_2024 ≥ sga_expense_Q_Oct_31_2024),Is operating income greater than or equal to selling general and administrative expense for Nova Holdings for the quarter ended Oct 31 2024?,False,No,boolean,13020.0 ≥ 32464.0 → False
FQ-00350,Nova Enterprises,2,ratio,"ratio(ratio(eps_diluted_Q_Oct_31_2025, cf_net_change_YTD_Oct_31_2025), comprehensive_income_Q_Oct_31_2025)","For Nova Enterprises, what is the result of the following computation: ratio(ratio(eps_diluted_Q_Oct_31_2025, cf_net_change_YTD_Oct_31_2025), comprehensive_income_Q_Oct_31_2025)? Evaluate any sub-expressions first, then apply the outer operation.",-0.0,-0.0000,ratio,(0.4 / -8798.0 = -0.0) / (comprehensive_income_Q_Oct_31_2025 = 2424.0) = -0.0
FQ-00351,Orion Enterprises,1,greater_than,(accrued_expenses_Oct_31_2025 > retained_earnings_Oct_31_2025),Is accrued expenses and other strictly greater than retained earnings for Orion Enterprises as of Oct 31 2025?,True,Yes,boolean,3649.0 > -3572.0 → True
FQ-00352,Crest Systems,1,ratio,"ratio(cash_Dec_31_2024, inventories_Dec_31_2024)",you should calculate the ratio of cash and cash equivalents to inventories for Crest Systems as of Dec 31 2024 .,0.3767,0.3767,ratio,1930.0 / 5124.0 = 0.3767
FQ-00353,Nova Holdings,2,ratio,"ratio((cost_of_sales_YTD_Oct_31_2024 × net_income_YTD_Oct_31_2024), other_income_YTD_Oct_31_2024)","For Nova Holdings, what is the result of the following computation: ratio((cost_of_sales_YTD_Oct_31_2024 × net_income_YTD_Oct_31_2024), other_income_YTD_Oct_31_2024)? Evaluate any sub-expressions first, then apply the outer operation.",-2032305.2171,-2032305.2171,ratio,(370485.0 × 25014.0 = 9267311790.0) / (other_income_YTD_Oct_31_2024 = -4560.0) = -2032305.2171
FQ-00354,Vex Industries,1,ratio,"ratio(ppe_Dec_31_2024, goodwill_Dec_31_2024)","what does the following give: ratio of property, plant and equipment, net to goodwill for Vex Industries as of Dec 31 2024 ?",2.3045,2.3045,ratio,11444.0 / 4966.0 = 2.3045
FQ-00355,Mira Systems,1,ratio,"ratio(operating_income_YTD_Oct_31_2024, shares_diluted_YTD_Oct_31_2024)",May you give the ratio of operating income to diluted shares used in computing EPS for Mira Systems for the year-to-date period ended Oct 31 2024,0.0014,0.0014,ratio,9915.0 / 7257766.0 = 0.0014
FQ-00356,Zion Solutions,2,divide,((current_debt_Oct_31_2025 × accrued_expenses_Oct_31_2025) ÷ cost_of_sales_Q_Oct_31_2025),"For Zion Solutions, what is the result of the following computation: ((current_debt_Oct_31_2025 × accrued_expenses_Oct_31_2025) ÷ cost_of_sales_Q_Oct_31_2025)? Evaluate any sub-expressions first, then apply the outer operation.",76.7521,76.75,numeric,(1356.0 × 1659.0 = 2249604.0) / (cost_of_sales_Q_Oct_31_2025 = 29310.0) = 76.7521
FQ-00357,Peak Systems,2,ratio,"ratio(ratio(eps_basic_YTD_Oct_31_2025, gross_profit_YTD_Oct_31_2025), sga_expense_Q_Oct_31_2025)","For Peak Systems, what is the result of the following computation: ratio(ratio(eps_basic_YTD_Oct_31_2025, gross_profit_YTD_Oct_31_2025), sga_expense_Q_Oct_31_2025)? Evaluate any sub-expressions first, then apply the outer operation.",0.0,0.0000,ratio,(5.01 / 61962.0 = 0.0001) / (sga_expense_Q_Oct_31_2025 = 18579.0) = 0.0
FQ-00358,Zion Corp,2,ratio,"ratio((cf_sbc_YTD_Oct_31_2024 - cf_fx_effect_YTD_Oct_31_2024), cf_financing_YTD_Oct_31_2024)","For Zion Corp, what is the result of the following computation: ratio((cf_sbc_YTD_Oct_31_2024 - cf_fx_effect_YTD_Oct_31_2024), cf_financing_YTD_Oct_31_2024)? Evaluate any sub-expressions first, then apply the outer operation.",-0.1915,-0.1915,ratio,(1074.0 - -83.0 = 1157.0) / (cf_financing_YTD_Oct_31_2024 = -6043.0) = -0.1915
FQ-00359,Plex Technologies,1,less_than,(goodwill_Dec_31_2024 < current_liabilities_Dec_31_2024),Is goodwill strictly less than total current liabilities for Plex Technologies as of Dec 31 2024?,True,Yes,boolean,13275.0 < 67307.0 → True
FQ-00360,Nova Enterprises,1,multiply,(ci_unrealized_gains_Q_Oct_31_2024 × cf_closing_cash_YTD_Oct_31_2024),Calculate the product of change in unrealized gains/losses on securities (for the quarter ended Oct 31 2024) and cash at end of period (for the year-to-date period ended Oct 31 2024) for Nova Enterprises,-237466.0,"-237,466",numeric,-74.0 × 3209.0 = -237466.0
FQ-00361,Crest Systems,1,divide,(eps_basic_YTD_Oct_31_2025 ÷ cf_operating_YTD_Oct_31_2025),which value corresponds to the ratio of basic earnings per share to net cash from operating activities for Crest Systems for the year-to-date period ended Oct 31 2025,0.0001,0.00,numeric,0.99 / 12038.0 = 0.0001
FQ-00362,Apex Technologies,1,multiply,(shares_basic_Q_Oct_31_2024 × cf_capex_YTD_Oct_31_2024),what's the value of the product of basic shares used in computing EPS (for the quarter ended Oct 31 2024) and capital expenditures (for the year-to-date period ended Oct 31 2024) for Apex Technologies,-37274341536.0,"-37,274,341,536",numeric,4793511.0 × -7776.0 = -37274341536.0
FQ-00363,Orion Enterprises,1,add,(net_sales_Q_Oct_31_2024 + ci_net_income_Q_Oct_31_2024),Could you give the sum of net sales and net income for Orion Enterprises for the quarter ended Oct 31 2024 ?,86320.0,"86,320",numeric,82298.0 + 4022.0 = 86320.0
FQ-00364,Trek Holdings,1,divide,(retained_earnings_Oct_31_2025 ÷ gross_profit_Q_Oct_31_2025),Could you give the ratio of retained earnings (as of Oct 31 2025) to gross profit (for the quarter ended Oct 31 2025) for Trek Holdings,-0.068,-0.07,numeric,-1461.0 / 21470.0 = -0.068
FQ-00365,Crest Systems,1,max_agg,MAX(ci_unrealized_gains_Q_Oct_31_2025),Give the maximum of change in unrealized gains/losses on securities for the quarter ended Oct 31 2025 across all companies in the dataset.,293.0,293.00,numeric,MAX(ci_unrealized_gains_Q_Oct_31_2025) = 293.0
FQ-00366,Apex Technologies,2,ratio,"ratio((total_costs_YTD_Oct_31_2025 + gross_profit_YTD_Oct_31_2025), net_sales_Q_Oct_31_2025)","For Apex Technologies, what is the result of the following computation: ratio((total_costs_YTD_Oct_31_2025 + gross_profit_YTD_Oct_31_2025), net_sales_Q_Oct_31_2025)? Evaluate any sub-expressions first, then apply the outer operation.",3.7187,3.7187,ratio,(307917.0 + 118617.0 = 426534.0) / (net_sales_Q_Oct_31_2025 = 114699.0) = 3.7187
FQ-00367,Nova Enterprises,1,divide,(gross_profit_Q_Oct_31_2025 ÷ cf_operating_YTD_Oct_31_2025),which value corresponds to the ratio of gross profit (for the quarter ended Oct 31 2025) to net cash from operating activities (for the year-to-date period ended Oct 31 2025) for Nova Enterprises?,2.3034,2.30,numeric,36709.0 / 15937.0 = 2.3034
FQ-00368,Mira Systems,2,ratio,"ratio(ratio(ci_unrealized_gains_Q_Oct_31_2024, cf_da_YTD_Oct_31_2024), ci_unrealized_gains_YTD_Oct_31_2025)","For Mira Systems, what is the result of the following computation: ratio(ratio(ci_unrealized_gains_Q_Oct_31_2024, cf_da_YTD_Oct_31_2024), ci_unrealized_gains_YTD_Oct_31_2025)? Evaluate any sub-expressions first, then apply the outer operation.",0.0,0.0000,ratio,(50.0 / 10125.0 = 0.0049) / (ci_unrealized_gains_YTD_Oct_31_2025 = 150.0) = 0.0
FQ-00369,Trek Holdings,1,change,"Δ(common_stock_apic, BS_Dec_31_2024 → BS_Oct_31_2025)",evaluate the absolute change in common stock and additional paid-in capital for Trek Holdings from as of Oct 31 2025 to as of Dec 31 2024.,-974.0,-974.00,numeric,-4697.0 - -3723.0 = -974.0
FQ-00370,Nova Enterprises,2,ratio,"ratio((ppe_Oct_31_2025 ÷ current_assets_Oct_31_2025), total_costs_Q_Oct_31_2025)","For Nova Enterprises, what is the result of the following computation: ratio((ppe_Oct_31_2025 ÷ current_assets_Oct_31_2025), total_costs_Q_Oct_31_2025)? Evaluate any sub-expressions first, then apply the outer operation.",0.0,0.0000,ratio,(48369.0 / 56542.0 = 0.8555) / (total_costs_Q_Oct_31_2025 = 138417.0) = 0.0
FQ-00371,Trek Holdings,2,divide,((ci_net_income_YTD_Oct_31_2025 × shares_basic_YTD_Oct_31_2025) ÷ gross_profit_YTD_Oct_31_2025),"For Trek Holdings, what is the result of the following computation: ((ci_net_income_YTD_Oct_31_2025 × shares_basic_YTD_Oct_31_2025) ÷ gross_profit_YTD_Oct_31_2025)? Evaluate any sub-expressions first, then apply the outer operation.",1717334.8986,"1,717,335",numeric,(13392.0 × 8259673.0 = 110613540816.0) / (gross_profit_YTD_Oct_31_2025 = 64410.0) = 1717334.8986
FQ-00372,Peak Systems,2,divide,((ci_net_income_YTD_Oct_31_2025 × retained_earnings_Oct_31_2025) ÷ total_costs_Q_Oct_31_2025),"For Peak Systems, what is the result of the following computation: ((ci_net_income_YTD_Oct_31_2025 × retained_earnings_Oct_31_2025) ÷ total_costs_Q_Oct_31_2025)? Evaluate any sub-expressions first, then apply the outer operation.",229.79,229.79,numeric,(3990.0 × 4042.0 = 16127580.0) / (total_costs_Q_Oct_31_2025 = 70184.0) = 229.79
FQ-00373,Plex Technologies,1,ratio,"ratio(ci_fx_translation_Q_Oct_31_2025, cf_financing_YTD_Oct_31_2025)",evaluate the ratio of change in foreign currency translation (for the quarter ended Oct 31 2025) to net cash from financing activities (for the year-to-date period ended Oct 31 2025) for Plex Technologies .,0.0268,0.0268,ratio,-103.0 / -3840.0 = 0.0268
FQ-00374,Zion Corp,1,add,(cf_capex_YTD_Oct_31_2025 + comprehensive_income_YTD_Oct_31_2025),what is the value of the sum of capital expenditures and total comprehensive income for Zion Corp for the year-to-date period ended Oct 31 2025 ?,18864.0,"18,864",numeric,-6603.0 + 25467.0 = 18864.0
FQ-00375,Mira Systems,1,multiply,(membership_and_other_income_YTD_Oct_31_2025 × sga_expense_Q_Oct_31_2025),May you give the product of membership and other income (for the year-to-date period ended Oct 31 2025) and selling general and administrative expense (for the quarter ended Oct 31 2025) for Mira Systems ?,40811214.0,"40,811,214",numeric,1902.0 × 21457.0 = 40811214.0
FQ-00376,Plex Technologies,1,less_than,(ci_fx_translation_Q_Oct_31_2025 < tax_Q_Oct_31_2025),Is change in foreign currency translation strictly less than provision for income taxes for Plex Technologies for the quarter ended Oct 31 2025?,True,Yes,boolean,-103.0 < 0.0 → True
FQ-00377,Zion Corp,1,subtract,(other_nca_Oct_31_2025 - current_debt_Oct_31_2025),"what does the following give: difference between other non-current assets and current portion of long-term debt (i.e., other non-current assets minus current portion of long-term debt) for Zion Corp as of Oct 31 2025",1100.0,"1,100",numeric,3822.0 - 2722.0 = 1100.0
FQ-00378,Vex Industries,1,ratio,"ratio(accounts_receivable_Dec_31_2024, prepaid_Dec_31_2024)","what's the value of the ratio of accounts receivable, net to prepaid expenses and other for Vex Industries as of Dec 31 2024",6.7667,6.7667,ratio,7078.0 / 1046.0 = 6.7667
FQ-00379,Zion Corp,2,divide,((other_nca_Dec_31_2024 × current_assets_Dec_31_2024) ÷ shares_diluted_YTD_Oct_31_2025),"For Zion Corp, what is the result of the following computation: ((other_nca_Dec_31_2024 × current_assets_Dec_31_2024) ÷ shares_diluted_YTD_Oct_31_2025)? Evaluate any sub-expressions first, then apply the outer operation.",12.1615,12.16,numeric,(3453.0 × 25723.0 = 88821519.0) / (shares_diluted_YTD_Oct_31_2025 = 7303512.0) = 12.1615
FQ-00380,Nova Solutions,1,divide,(eps_basic_YTD_Oct_31_2024 ÷ cf_closing_cash_YTD_Oct_31_2024),What would be the ratio of basic earnings per share to cash at end of period for Nova Solutions for the year-to-date period ended Oct 31 2024,0.0011,0.00,numeric,28.25 / 24704.0 = 0.0011
FQ-00381,Orion Enterprises,1,greater_equal,(ci_total_oci_Q_Oct_31_2025 ≥ cost_of_sales_Q_Oct_31_2025),Is total other comprehensive income/(loss) greater than or equal to cost of sales for Orion Enterprises for the quarter ended Oct 31 2025?,False,No,boolean,176.0 ≥ 59744.0 → False
FQ-00382,Nova Solutions,2,divide,"(ratio(pretax_income_Q_Oct_31_2024, total_costs_Q_Oct_31_2024) ÷ ci_net_income_YTD_Oct_31_2024)","For Nova Solutions, what is the result of the following computation: (ratio(pretax_income_Q_Oct_31_2024, total_costs_Q_Oct_31_2024) ÷ ci_net_income_YTD_Oct_31_2024)? Evaluate any sub-expressions first, then apply the outer operation.",0.0,0.00,numeric,(10509.0 / 85668.0 = 0.1227) / (ci_net_income_YTD_Oct_31_2024 = 22800.0) = 0.0
FQ-00383,Trek Holdings,1,less_equal,(total_costs_YTD_Oct_31_2024 ≤ cf_dividends_YTD_Oct_31_2024),Is total costs and expenses less than or equal to dividends paid for Trek Holdings for the year-to-date period ended Oct 31 2024?,False,No,boolean,197622.0 ≤ -1646.0 → False
FQ-00384,Alto Inc,2,divide,((tax_Q_Oct_31_2025 ÷ net_income_YTD_Oct_31_2025) ÷ cf_net_income_YTD_Oct_31_2024),"For Alto Inc, what is the result of the following computation: ((tax_Q_Oct_31_2025 ÷ net_income_YTD_Oct_31_2025) ÷ cf_net_income_YTD_Oct_31_2024)? Evaluate any sub-expressions first, then apply the outer operation.",0.0,0.00,numeric,(1980.0 / 16248.0 = 0.1219) / (cf_net_income_YTD_Oct_31_2024 = 16389.0) = 0.0
FQ-00385,Orion Enterprises,1,add,(other_nca_Dec_31_2024 + inventories_Dec_31_2024),What do we obtain as the sum of other non-current assets and inventories for Orion Enterprises as of Dec 31 2024 ?,16210.0,"16,210",numeric,2467.0 + 13743.0 = 16210.0
FQ-00386,Nova Solutions,1,multiply,(ci_total_oci_Q_Oct_31_2024 × cf_sbc_YTD_Oct_31_2024),what's the value of the product of total other comprehensive income/(loss) (for the quarter ended Oct 31 2024) and stock-based compensation (for the year-to-date period ended Oct 31 2024) for Nova Solutions,-267813.0,"-267,813",numeric,-109.0 × 2457.0 = -267813.0
FQ-00387,Nova Holdings,1,less_than,(goodwill_Oct_31_2025 < total_liabilities_Oct_31_2025),Is goodwill strictly less than total liabilities for Nova Holdings as of Oct 31 2025?,True,Yes,boolean,13273.0 < 88300.0 → True
FQ-00388,Trek Holdings,1,divide,(shares_basic_YTD_Oct_31_2024 ÷ eps_basic_YTD_Oct_31_2024),what is the value of the ratio of basic shares used in computing EPS to basic earnings per share for Trek Holdings for the year-to-date period ended Oct 31 2024?,5202027.1523,"5,202,027",numeric,7855061.0 / 1.51 = 5202027.1523
FQ-00389,Trek Holdings,1,greater_than,(other_income_Q_Oct_31_2025 > total_costs_Q_Oct_31_2025),"Is other income/(expense), net strictly greater than total costs and expenses for Trek Holdings for the quarter ended Oct 31 2025?",False,No,boolean,-414.0 > 70866.0 → False
FQ-00390,Nova Enterprises,1,divide,(accrued_expenses_Oct_31_2025 ÷ cf_operating_YTD_Oct_31_2025),Calculate the ratio of accrued expenses and other (as of Oct 31 2025) to net cash from operating activities (for the year-to-date period ended Oct 31 2025) for Nova Enterprises .,0.6972,0.70,numeric,11112.0 / 15937.0 = 0.6972
FQ-00391,Nova Enterprises,1,add,(cash_Oct_31_2025 + ppe_Oct_31_2025),"Determine the sum of cash and cash equivalents and property, plant and equipment, net for Nova Enterprises as of Oct 31 2025",55814.0,"55,814",numeric,7445.0 + 48369.0 = 55814.0
FQ-00392,Orion Enterprises,1,ratio,"ratio(shares_diluted_Q_Oct_31_2024, shares_diluted_YTD_Oct_31_2024)",which quantity is given by the ratio of diluted shares used in computing EPS (for the quarter ended Oct 31 2024) to diluted shares used in computing EPS (for the year-to-date period ended Oct 31 2024) for Orion Enterprises,0.9917,0.9917,ratio,7519150.0 / 7581981.0 = 0.9917
FQ-00393,Mira Systems,1,less_than,(cf_fx_effect_YTD_Oct_31_2025 < pretax_income_YTD_Oct_31_2025),Is cf fx effect strictly less than income before taxes for Mira Systems for the year-to-date period ended Oct 31 2025?,True,Yes,boolean,-94.0 < 8382.0 → True
FQ-00394,Zion Solutions,2,divide,((ci_net_income_Q_Oct_31_2025 - gross_profit_Q_Oct_31_2025) ÷ cf_financing_YTD_Oct_31_2025),"For Zion Solutions, what is the result of the following computation: ((ci_net_income_Q_Oct_31_2025 - gross_profit_Q_Oct_31_2025) ÷ cf_financing_YTD_Oct_31_2025)? Evaluate any sub-expressions first, then apply the outer operation.",3.4978,3.50,numeric,(1337.0 - 10267.0 = -8930.0) / (cf_financing_YTD_Oct_31_2025 = -2553.0) = 3.4978
FQ-00395,Volt Inc,0,,cf_repurchases_YTD_Oct_31_2024,could you give the share repurchases reported by Volt Inc for the year-to-date period ended Oct 31 2024?,-1503.0,"-1,503",numeric,cf_repurchases_YTD_Oct_31_2024 = -1503.0
FQ-00396,Zion Solutions,1,multiply,(deferred_revenue_Oct_31_2025 × net_sales_YTD_Oct_31_2025),which result follows from the product of deferred revenue (as of Oct 31 2025) and net sales (for the year-to-date period ended Oct 31 2025) for Zion Solutions,184389243.0,"184,389,243",numeric,1553.0 × 118731.0 = 184389243.0
FQ-00397,Plex Technologies,1,divide,(total_assets_Oct_31_2025 ÷ cost_of_sales_Q_Oct_31_2025),what would be the ratio of total assets (as of Oct 31 2025) to cost of sales (for the quarter ended Oct 31 2025) for Plex Technologies ?,1.5527,1.55,numeric,111643.0 / 71903.0 = 1.5527
FQ-00398,Trek Holdings,1,multiply,(eps_basic_YTD_Oct_31_2025 × operating_income_Q_Oct_31_2025),what is the value of the product of basic earnings per share (for the year-to-date period ended Oct 31 2025) and operating income (for the quarter ended Oct 31 2025) for Trek Holdings ?,10026.13,"10,026",numeric,1.63 × 6151.0 = 10026.13
FQ-00399,Apex Technologies,2,divide,((cf_net_income_YTD_Oct_31_2024 + ci_total_oci_YTD_Oct_31_2024) ÷ ppe_Dec_31_2024),"For Apex Technologies, what is the result of the following computation: ((cf_net_income_YTD_Oct_31_2024 + ci_total_oci_YTD_Oct_31_2024) ÷ ppe_Dec_31_2024)? Evaluate any sub-expressions first, then apply the outer operation.",1.0063,1.01,numeric,(27801.0 + 275.0 = 28076.0) / (ppe_Dec_31_2024 = 27899.0) = 1.0063
FQ-00400,Alto Inc,1,less_equal,(cf_net_change_YTD_Oct_31_2025 ≤ net_income_YTD_Oct_31_2025),Is net change in cash less than or equal to net income for Alto Inc for the year-to-date period ended Oct 31 2025?,True,Yes,boolean,1660.0 ≤ 16248.0 → True
FQ-00401,Orion Enterprises,1,add,(cf_financing_YTD_Oct_31_2024 + net_income_YTD_Oct_31_2024),what does the following give: sum of net cash from financing activities and net income for Orion Enterprises for the year-to-date period ended Oct 31 2024,5362.0,"5,362",numeric,-6704.0 + 12066.0 = 5362.0
FQ-00402,Nova Solutions,1,divide,(ci_net_income_YTD_Oct_31_2024 ÷ rd_expense_YTD_Oct_31_2024),What do we obtain as the ratio of net income to research and development expense for Nova Solutions for the year-to-date period ended Oct 31 2024,34.5455,34.55,numeric,22800.0 / 660.0 = 34.5455
FQ-00403,Trek Holdings,1,subtract,(operating_income_Q_Oct_31_2025 - ci_fx_translation_Q_Oct_31_2025),"What's the value of the difference between operating income and change in foreign currency translation (i.e., operating income minus change in foreign currency translation) for Trek Holdings for the quarter ended Oct 31 2025",6165.0,"6,165",numeric,6151.0 - -14.0 = 6165.0
FQ-00404,Zion Corp,1,add,(comprehensive_income_Q_Oct_31_2025 + tax_Q_Oct_31_2025),may you calculate the sum of total comprehensive income and provision for income taxes for Zion Corp for the quarter ended Oct 31 2025,11653.0,"11,653",numeric,8430.0 + 3223.0 = 11653.0
FQ-00405,Alto Inc,2,divide,((sga_expense_Q_Oct_31_2024 ÷ shares_basic_YTD_Oct_31_2024) ÷ eps_basic_YTD_Oct_31_2024),"For Alto Inc, what is the result of the following computation: ((sga_expense_Q_Oct_31_2024 ÷ shares_basic_YTD_Oct_31_2024) ÷ eps_basic_YTD_Oct_31_2024)? Evaluate any sub-expressions first, then apply the outer operation.",0.0011,0.00,numeric,(17789.0 / 8891610.0 = 0.002) / (eps_basic_YTD_Oct_31_2024 = 1.9) = 0.0011
FQ-00406,Orion Enterprises,2,divide,"(ratio(cf_fx_effect_YTD_Oct_31_2024, sga_expense_Q_Oct_31_2024) ÷ shares_diluted_Q_Oct_31_2024)","For Orion Enterprises, what is the result of the following computation: (ratio(cf_fx_effect_YTD_Oct_31_2024, sga_expense_Q_Oct_31_2024) ÷ shares_diluted_Q_Oct_31_2024)? Evaluate any sub-expressions first, then apply the outer operation.",-0.0,-0.00,numeric,(-10.0 / 18141.0 = -0.0006) / (shares_diluted_Q_Oct_31_2024 = 7519150.0) = -0.0
FQ-00407,Mira Systems,2,ratio,"ratio((gross_profit_Q_Oct_31_2024 - other_income_Q_Oct_31_2024), accounts_payable_Dec_31_2024)","For Mira Systems, what is the result of the following computation: ratio((gross_profit_Q_Oct_31_2024 - other_income_Q_Oct_31_2024), accounts_payable_Dec_31_2024)? Evaluate any sub-expressions first, then apply the outer operation.",0.6365,0.6365,ratio,(22715.0 - -749.0 = 23464.0) / (accounts_payable_Dec_31_2024 = 36865.0) = 0.6365
FQ-00408,Alto Inc,1,multiply,(cf_sbc_YTD_Oct_31_2024 × total_costs_YTD_Oct_31_2024),Provide the product of stock-based compensation and total costs and expenses for Alto Inc for the year-to-date period ended Oct 31 2024.,482159070.0,"482,159,070",numeric,2073.0 × 232590.0 = 482159070.0
FQ-00409,Orion Enterprises,2,ratio,"ratio((ci_fx_translation_Q_Oct_31_2025 × sga_expense_Q_Oct_31_2025), cf_dividends_YTD_Oct_31_2025)","For Orion Enterprises, what is the result of the following computation: ratio((ci_fx_translation_Q_Oct_31_2025 × sga_expense_Q_Oct_31_2025), cf_dividends_YTD_Oct_31_2025)? Evaluate any sub-expressions first, then apply the outer operation.",-1311.6262,-1311.6262,ratio,(106.0 × 18536.0 = 1964816.0) / (cf_dividends_YTD_Oct_31_2025 = -1498.0) = -1311.6262
FQ-00410,Zion Solutions,0,,cf_investing_YTD_Oct_31_2025,determine the net cash from investing activities reported by Zion Solutions for the year-to-date period ended Oct 31 2025.,-4267.0,"-4,267",numeric,cf_investing_YTD_Oct_31_2025 = -4267.0
FQ-00411,Nova Holdings,2,ratio,"ratio(ratio(shares_diluted_YTD_Oct_31_2024, ci_net_income_YTD_Oct_31_2024), lt_investments_Oct_31_2025)","For Nova Holdings, what is the result of the following computation: ratio(ratio(shares_diluted_YTD_Oct_31_2024, ci_net_income_YTD_Oct_31_2024), lt_investments_Oct_31_2025)? Evaluate any sub-expressions first, then apply the outer operation.",0.0234,0.0234,ratio,(7805672.0 / 25014.0 = 312.0521) / (lt_investments_Oct_31_2025 = 13354.0) = 0.0234
FQ-00412,Nova Holdings,2,divide,((cf_net_change_YTD_Oct_31_2024 × ci_fx_translation_Q_Oct_31_2024) ÷ net_sales_YTD_Oct_31_2025),"For Nova Holdings, what is the result of the following computation: ((cf_net_change_YTD_Oct_31_2024 × ci_fx_translation_Q_Oct_31_2024) ÷ net_sales_YTD_Oct_31_2025)? Evaluate any sub-expressions first, then apply the outer operation.",0.1152,0.12,numeric,(1102.0 × 47.0 = 51794.0) / (net_sales_YTD_Oct_31_2025 = 449505.0) = 0.1152
FQ-00413,Trek Holdings,1,ratio,"ratio(cf_net_change_YTD_Oct_31_2025, revenues_Q_Oct_31_2025)",what is the value of the ratio of net change in cash (for the year-to-date period ended Oct 31 2025) to total revenues (for the quarter ended Oct 31 2025) for Trek Holdings ?,0.2325,0.2325,ratio,17903.0 / 77017.0 = 0.2325
FQ-00414,Apex Technologies,1,ratio,"ratio(goodwill_Dec_31_2024, total_equity_Dec_31_2024)",Which value corresponds to the ratio of goodwill to total shareholders equity for Apex Technologies as of Dec 31 2024?,0.5608,0.5608,ratio,8653.0 / 15429.0 = 0.5608
FQ-00415,Mira Systems,0,,accrued_expenses_Oct_31_2025,what do we obtain as the accrued expenses and other reported by Mira Systems as of Oct 31 2025,5936.0,"5,936",numeric,accrued_expenses_Oct_31_2025 = 5936.0
FQ-00416,Zion Solutions,1,divide,(membership_and_other_income_Q_Oct_31_2025 ÷ net_income_Q_Oct_31_2025),which quantity is given by the ratio of membership and other income to net income for Zion Solutions for the quarter ended Oct 31 2025?,0.4308,0.43,numeric,576.0 / 1337.0 = 0.4308
FQ-00417,Nova Enterprises,0,,aoci_Dec_31_2024,Evaluate the accumulated other comprehensive income/(loss) reported by Nova Enterprises as of Dec 31 2024,0.0,0.00,numeric,aoci_Dec_31_2024 = 0.0
FQ-00418,Nova Enterprises,1,multiply,(cf_net_income_YTD_Oct_31_2025 × membership_and_other_income_YTD_Oct_31_2025),State the product of net income and membership and other income for Nova Enterprises for the year-to-date period ended Oct 31 2025.,16552836.0,"16,552,836",numeric,5076.0 × 3261.0 = 16552836.0
FQ-00419,Alto Inc,1,subtract,(ci_net_income_Q_Oct_31_2024 - rd_expense_Q_Oct_31_2024),"what do we obtain as the difference between net income and research and development expense (i.e., net income minus research and development expense) for Alto Inc for the quarter ended Oct 31 2024?",5246.0,"5,246",numeric,5463.0 - 217.0 = 5246.0
FQ-00420,Mira Systems,1,divide,(comprehensive_income_YTD_Oct_31_2024 ÷ sga_expense_Q_Oct_31_2024),Which value corresponds to the ratio of total comprehensive income (for the year-to-date period ended Oct 31 2024) to selling general and administrative expense (for the quarter ended Oct 31 2024) for Mira Systems,0.3083,0.31,numeric,6049.0 / 19623.0 = 0.3083
FQ-00421,Alto Inc,1,greater_than,(aoci_Dec_31_2024 > accounts_payable_Dec_31_2024),Is accumulated other comprehensive income/(loss) strictly greater than accounts payable for Alto Inc as of Dec 31 2024?,False,No,boolean,0.0 > 25432.0 → False
FQ-00422,Vex Industries,2,divide,((comprehensive_income_Q_Oct_31_2025 ÷ membership_and_other_income_YTD_Oct_31_2025) ÷ total_assets_Dec_31_2024),"For Vex Industries, what is the result of the following computation: ((comprehensive_income_Q_Oct_31_2025 ÷ membership_and_other_income_YTD_Oct_31_2025) ÷ total_assets_Dec_31_2024)? Evaluate any sub-expressions first, then apply the outer operation.",0.0001,0.00,numeric,(4660.0 / 1881.0 = 2.4774) / (total_assets_Dec_31_2024 = 40552.0) = 0.0001
FQ-00423,Nova Enterprises,1,greater_than,(operating_income_YTD_Oct_31_2025 > ci_unrealized_gains_YTD_Oct_31_2025),Is operating income strictly greater than change in unrealized gains/losses on securities for Nova Enterprises for the year-to-date period ended Oct 31 2025?,True,Yes,boolean,8256.0 > -223.0 → True
FQ-00424,Vex Industries,2,ratio,"ratio((cf_investing_YTD_Oct_31_2025 × eps_basic_Q_Oct_31_2025), retained_earnings_Oct_31_2025)","For Vex Industries, what is the result of the following computation: ratio((cf_investing_YTD_Oct_31_2025 × eps_basic_Q_Oct_31_2025), retained_earnings_Oct_31_2025)? Evaluate any sub-expressions first, then apply the outer operation.",-0.8169,-0.8169,ratio,(-4328.0 × 0.53 = -2293.84) / (retained_earnings_Oct_31_2025 = 2808.0) = -0.8169
FQ-00425,Zion Solutions,1,ratio,"ratio(comprehensive_income_YTD_Oct_31_2025, total_liabilities_Oct_31_2025)",What is the value of the ratio of total comprehensive income (for the year-to-date period ended Oct 31 2025) to total liabilities (as of Oct 31 2025) for Zion Solutions ?,0.1445,0.1445,ratio,3939.0 / 27260.0 = 0.1445
FQ-00426,Peak Systems,1,divide,(cf_closing_cash_YTD_Oct_31_2025 ÷ cf_net_change_YTD_Oct_31_2025),which quantity is given by the ratio of cash at end of period to net change in cash for Peak Systems for the year-to-date period ended Oct 31 2025?,-0.5868,-0.59,numeric,1460.0 / -2488.0 = -0.5868
FQ-00427,Peak Systems,1,ratio,"ratio(total_costs_Q_Oct_31_2025, operating_income_YTD_Oct_31_2025)",You should calculate the ratio of total costs and expenses (for the quarter ended Oct 31 2025) to operating income (for the year-to-date period ended Oct 31 2025) for Peak Systems,10.8711,10.8711,ratio,70184.0 / 6456.0 = 10.8711
FQ-00428,Apex Technologies,1,divide,(tax_Q_Oct_31_2025 ÷ tax_YTD_Oct_31_2025),provide the ratio of provision for income taxes (for the quarter ended Oct 31 2025) to provision for income taxes (for the year-to-date period ended Oct 31 2025) for Apex Technologies .,0.3333,0.33,numeric,3147.0 / 9441.0 = 0.3333
FQ-00429,Alto Inc,1,ratio,"ratio(ci_fx_translation_Q_Oct_31_2025, eps_diluted_Q_Oct_31_2025)",Could you give the ratio of change in foreign currency translation to diluted earnings per share for Alto Inc for the quarter ended Oct 31 2025?,544.4444,544.4444,ratio,343.0 / 0.63 = 544.4444
FQ-00430,Nova Enterprises,2,divide,((total_equity_Oct_31_2025 × current_debt_Oct_31_2025) ÷ other_income_YTD_Oct_31_2024),"For Nova Enterprises, what is the result of the following computation: ((total_equity_Oct_31_2025 × current_debt_Oct_31_2025) ÷ other_income_YTD_Oct_31_2024)? Evaluate any sub-expressions first, then apply the outer operation.",-137474.1414,"-137,474",numeric,(27398.0 × 6247.0 = 171155306.0) / (other_income_YTD_Oct_31_2024 = -1245.0) = -137474.1414
FQ-00431,Peak Systems,1,greater_than,(cf_sbc_YTD_Oct_31_2024 > cf_operating_YTD_Oct_31_2024),Is stock-based compensation strictly greater than net cash from operating activities for Peak Systems for the year-to-date period ended Oct 31 2024?,False,No,boolean,1009.0 > 6496.0 → False
FQ-00432,Zion Solutions,2,divide,"(ratio(tax_Q_Oct_31_2025, membership_and_other_income_Q_Oct_31_2025) ÷ long_term_debt_Dec_31_2024)","For Zion Solutions, what is the result of the following computation: (ratio(tax_Q_Oct_31_2025, membership_and_other_income_Q_Oct_31_2025) ÷ long_term_debt_Dec_31_2024)? Evaluate any sub-expressions first, then apply the outer operation.",0.0001,0.00,numeric,(490.0 / 576.0 = 0.8507) / (long_term_debt_Dec_31_2024 = 11429.0) = 0.0001
FQ-00433,Trek Holdings,2,divide,((net_income_Q_Oct_31_2025 - sga_expense_Q_Oct_31_2025) ÷ cf_financing_YTD_Oct_31_2024),"For Trek Holdings, what is the result of the following computation: ((net_income_Q_Oct_31_2025 - sga_expense_Q_Oct_31_2025) ÷ cf_financing_YTD_Oct_31_2024)? Evaluate any sub-expressions first, then apply the outer operation.",2.1323,2.13,numeric,(4464.0 - 15859.0 = -11395.0) / (cf_financing_YTD_Oct_31_2024 = -5344.0) = 2.1323
FQ-00434,Orion Enterprises,1,less_than,(revenues_Q_Oct_31_2024 < ci_net_income_Q_Oct_31_2024),Is total revenues strictly less than net income for Orion Enterprises for the quarter ended Oct 31 2024?,False,No,boolean,82836.0 < 4022.0 → False
FQ-00435,Zion Solutions,1,less_than,(ci_unrealized_gains_YTD_Oct_31_2024 < cf_repurchases_YTD_Oct_31_2024),Is change in unrealized gains/losses on securities strictly less than share repurchases for Zion Solutions for the year-to-date period ended Oct 31 2024?,False,No,boolean,-28.0 < -1562.0 → False
FQ-00436,Volt Inc,2,divide,((revenues_Q_Oct_31_2024 ÷ cf_repurchases_YTD_Oct_31_2024) ÷ rd_expense_YTD_Oct_31_2025),"For Volt Inc, what is the result of the following computation: ((revenues_Q_Oct_31_2024 ÷ cf_repurchases_YTD_Oct_31_2024) ÷ rd_expense_YTD_Oct_31_2025)? Evaluate any sub-expressions first, then apply the outer operation.",-0.1841,-0.18,numeric,(129495.0 / -1503.0 = -86.1577) / (rd_expense_YTD_Oct_31_2025 = 468.0) = -0.1841
FQ-00437,Nova Enterprises,0,,gross_profit_YTD_Oct_31_2025,Which value corresponds to the gross profit reported by Nova Enterprises for the year-to-date period ended Oct 31 2025?,110127.0,"110,127",numeric,gross_profit_YTD_Oct_31_2025 = 110127.0
FQ-00438,Orion Enterprises,2,ratio,"ratio(ratio(sga_expense_Q_Oct_31_2025, ci_total_oci_Q_Oct_31_2025), ci_unrealized_gains_YTD_Oct_31_2025)","For Orion Enterprises, what is the result of the following computation: ratio(ratio(sga_expense_Q_Oct_31_2025, ci_total_oci_Q_Oct_31_2025), ci_unrealized_gains_YTD_Oct_31_2025)? Evaluate any sub-expressions first, then apply the outer operation.",-1.5045,-1.5045,ratio,(18536.0 / 176.0 = 105.3182) / (ci_unrealized_gains_YTD_Oct_31_2025 = -70.0) = -1.5045
FQ-00439,Volt Inc,1,divide,(total_costs_YTD_Oct_31_2025 ÷ cash_Oct_31_2025),Which value corresponds to the ratio of total costs and expenses (for the year-to-date period ended Oct 31 2025) to cash and cash equivalents (as of Oct 31 2025) for Volt Inc ?,36.957,36.96,numeric,313839.0 / 8492.0 = 36.957
FQ-00440,Crest Systems,1,ratio,"ratio(other_nca_Oct_31_2025, total_liabilities_Oct_31_2025)",Could you give the ratio of other non-current assets to total liabilities for Crest Systems as of Oct 31 2025,0.0375,0.0375,ratio,899.0 / 23979.0 = 0.0375
FQ-00441,Nova Holdings,1,add,(cf_net_change_YTD_Oct_31_2024 + gross_profit_YTD_Oct_31_2024),provide the sum of net change in cash and gross profit for Nova Holdings for the year-to-date period ended Oct 31 2024 .,130837.0,"130,837",numeric,1102.0 + 129735.0 = 130837.0
FQ-00442,Zion Corp,1,less_than,(ci_total_oci_YTD_Oct_31_2024 < cf_sbc_YTD_Oct_31_2024),Is total other comprehensive income/(loss) strictly less than stock-based compensation for Zion Corp for the year-to-date period ended Oct 31 2024?,True,Yes,boolean,504.0 < 1074.0 → True
FQ-00443,Orion Enterprises,1,add,(total_costs_Q_Oct_31_2025 + ci_unrealized_gains_Q_Oct_31_2025),Compute the sum of total costs and expenses and change in unrealized gains/losses on securities for Orion Enterprises for the quarter ended Oct 31 2025,79017.0,"79,017",numeric,78947.0 + 70.0 = 79017.0
FQ-00444,Zion Solutions,1,greater_than,(rd_expense_Q_Oct_31_2025 > revenues_Q_Oct_31_2025),Is research and development expense strictly greater than total revenues for Zion Solutions for the quarter ended Oct 31 2025?,False,No,boolean,9.0 > 40153.0 → False
FQ-00445,Vex Industries,2,ratio,"ratio((other_ncl_Oct_31_2025 × tax_Q_Oct_31_2025), cf_net_income_YTD_Oct_31_2025)","For Vex Industries, what is the result of the following computation: ratio((other_ncl_Oct_31_2025 × tax_Q_Oct_31_2025), cf_net_income_YTD_Oct_31_2025)? Evaluate any sub-expressions first, then apply the outer operation.",330.2141,330.2141,ratio,(2763.0 × 1688.0 = 4663944.0) / (cf_net_income_YTD_Oct_31_2025 = 14124.0) = 330.2141
FQ-00446,Trek Holdings,0,,current_debt_Oct_31_2025,Calculate the current portion of long-term debt reported by Trek Holdings as of Oct 31 2025 .,4378.0,"4,378",numeric,current_debt_Oct_31_2025 = 4378.0
FQ-00447,Peak Systems,1,add,(cf_operating_YTD_Oct_31_2024 + total_costs_YTD_Oct_31_2024),what is the sum of net cash from operating activities and total costs and expenses for Peak Systems for the year-to-date period ended Oct 31 2024?,213661.0,"213,661",numeric,6496.0 + 207165.0 = 213661.0
FQ-00448,Zion Solutions,1,divide,(lt_investments_Oct_31_2025 ÷ prepaid_Oct_31_2025),Give the ratio of long-term marketable securities to prepaid expenses and other for Zion Solutions as of Oct 31 2025.,1.1998,1.20,numeric,1243.0 / 1036.0 = 1.1998
FQ-00449,Volt Inc,1,subtract,(prepaid_Oct_31_2025 - total_liabilities_Oct_31_2025),"Calculate the difference between prepaid expenses and other and total liabilities (i.e., prepaid expenses and other minus total liabilities) for Volt Inc as of Oct 31 2025",-76265.0,"-76,265",numeric,5361.0 - 81626.0 = -76265.0
FQ-00450,Nova Solutions,1,divide,(eps_basic_Q_Oct_31_2024 ÷ ci_net_income_Q_Oct_31_2024),what would be the ratio of basic earnings per share to net income for Nova Solutions for the quarter ended Oct 31 2024?,0.0012,0.00,numeric,9.42 / 7600.0 = 0.0012
FQ-00451,Plex Technologies,2,divide,((eps_diluted_Q_Oct_31_2025 × goodwill_Oct_31_2025) ÷ current_assets_Dec_31_2024),"For Plex Technologies, what is the result of the following computation: ((eps_diluted_Q_Oct_31_2025 × goodwill_Oct_31_2025) ÷ current_assets_Dec_31_2024)? Evaluate any sub-expressions first, then apply the outer operation.",-0.2617,-0.26,numeric,(-0.83 × 13557.0 = -11252.31) / (current_assets_Dec_31_2024 = 43001.0) = -0.2617
FQ-00452,Peak Systems,1,divide,(cf_financing_YTD_Oct_31_2024 ÷ cost_of_sales_Q_Oct_31_2024),Provide the ratio of net cash from financing activities (for the year-to-date period ended Oct 31 2024) to cost of sales (for the quarter ended Oct 31 2024) for Peak Systems .,-0.0447,-0.04,numeric,-2245.0 / 50234.0 = -0.0447
FQ-00453,Mira Systems,1,less_equal,(cf_dividends_YTD_Oct_31_2024 ≤ pretax_income_YTD_Oct_31_2024),Is dividends paid less than or equal to income before taxes for Mira Systems for the year-to-date period ended Oct 31 2024?,True,Yes,boolean,-300.0 ≤ 7668.0 → True
FQ-00454,Alto Inc,0,,retained_earnings_Dec_31_2024,what's the value of the retained earnings reported by Alto Inc as of Dec 31 2024?,6892.0,"6,892",numeric,retained_earnings_Dec_31_2024 = 6892.0
FQ-00455,Zion Corp,1,subtract,(rd_expense_Q_Oct_31_2025 - ci_total_oci_Q_Oct_31_2025),"State the difference between research and development expense and total other comprehensive income/(loss) (i.e., research and development expense minus total other comprehensive income/(loss)) for Zion Corp for the quarter ended Oct 31 2025 .",190.0,190.00,numeric,288.0 - 98.0 = 190.0
FQ-00456,Orion Enterprises,1,add,(pretax_income_YTD_Oct_31_2024 + cf_sbc_YTD_Oct_31_2024),calculate the sum of income before taxes and stock-based compensation for Orion Enterprises for the year-to-date period ended Oct 31 2024 .,16852.0,"16,852",numeric,16005.0 + 847.0 = 16852.0
FQ-00457,Plex Technologies,1,multiply,(operating_income_Q_Oct_31_2025 × revenues_Q_Oct_31_2025),what is the product of operating income and total revenues for Plex Technologies for the quarter ended Oct 31 2025?,8553160.0,"8,553,160",numeric,88.0 × 97195.0 = 8553160.0
FQ-00458,Trek Holdings,0,,cf_repurchases_YTD_Oct_31_2025,what would be the share repurchases reported by Trek Holdings for the year-to-date period ended Oct 31 2025,-2755.0,"-2,755",numeric,cf_repurchases_YTD_Oct_31_2025 = -2755.0
FQ-00459,Vex Industries,0,,accounts_payable_Oct_31_2025,What would be the accounts payable reported by Vex Industries as of Oct 31 2025?,16897.0,"16,897",numeric,accounts_payable_Oct_31_2025 = 16897.0
FQ-00460,Alto Inc,1,ratio,"ratio(eps_diluted_Q_Oct_31_2025, cf_dividends_YTD_Oct_31_2025)",you should calculate the ratio of diluted earnings per share (for the quarter ended Oct 31 2025) to dividends paid (for the year-to-date period ended Oct 31 2025) for Alto Inc.,-0.0003,-0.0003,ratio,0.63 / -2062.0 = -0.0003
FQ-00461,Trek Holdings,2,ratio,"ratio(MAX(tax_YTD_Oct_31_2024), cf_investing_YTD_Oct_31_2025)","For Trek Holdings, what is the result of the following computation: ratio(MAX(tax_YTD_Oct_31_2024), cf_investing_YTD_Oct_31_2025)? Evaluate any sub-expressions first, then apply the outer operation.",-1.9606,-1.9606,ratio,(MAX(tax_YTD_Oct_31_2024) = 10611.0) / (cf_investing_YTD_Oct_31_2025 = -5412.0) = -1.9606
FQ-00462,Volt Inc,1,divide,(cf_fx_effect_YTD_Oct_31_2025 ÷ sga_expense_YTD_Oct_31_2025),Could you give the ratio of cf fx effect to selling general and administrative expense for Volt Inc for the year-to-date period ended Oct 31 2025 ?,0.0013,0.00,numeric,82.0 / 62985.0 = 0.0013
FQ-00463,Apex Technologies,1,less_than,(eps_diluted_YTD_Oct_31_2025 < eps_diluted_YTD_Oct_31_2024),Is diluted earnings per share (for the year-to-date period ended Oct 31 2025) strictly less than diluted earnings per share (for the year-to-date period ended Oct 31 2024) for Apex Technologies?,True,Yes,boolean,5.76 < 5.83 → True
FQ-00464,Crest Systems,1,greater_equal,(cf_fx_effect_YTD_Oct_31_2025 ≥ net_sales_YTD_Oct_31_2025),Is cf fx effect greater than or equal to net sales for Crest Systems for the year-to-date period ended Oct 31 2025?,False,No,boolean,27.0 ≥ 76014.0 → False
FQ-00465,Plex Technologies,1,less_than,(accounts_payable_Oct_31_2025 < accounts_payable_Dec_31_2024),Is accounts payable (as of Oct 31 2025) strictly less than accounts payable (as of Dec 31 2024) for Plex Technologies?,False,No,boolean,49252.0 < 48227.0 → False
FQ-00466,Crest Systems,2,divide,((cf_repurchases_YTD_Oct_31_2025 + cf_financing_YTD_Oct_31_2025) ÷ long_term_debt_Dec_31_2024),"For Crest Systems, what is the result of the following computation: ((cf_repurchases_YTD_Oct_31_2025 + cf_financing_YTD_Oct_31_2025) ÷ long_term_debt_Dec_31_2024)? Evaluate any sub-expressions first, then apply the outer operation.",-0.4222,-0.42,numeric,(-1102.0 + -2226.0 = -3328.0) / (long_term_debt_Dec_31_2024 = 7882.0) = -0.4222
FQ-00467,Apex Technologies,0,,membership_and_other_income_YTD_Oct_31_2024,What does the following give: membership and other income reported by Apex Technologies for the year-to-date period ended Oct 31 2024?,3864.0,"3,864",numeric,membership_and_other_income_YTD_Oct_31_2024 = 3864.0
FQ-00468,Crest Systems,1,divide,(rd_expense_Q_Oct_31_2024 ÷ revenues_YTD_Oct_31_2024),which value corresponds to the ratio of research and development expense (for the quarter ended Oct 31 2024) to total revenues (for the year-to-date period ended Oct 31 2024) for Crest Systems,0.0008,0.00,numeric,60.0 / 77967.0 = 0.0008
FQ-00469,Plex Technologies,1,multiply,(ci_total_oci_Q_Oct_31_2024 × ci_net_income_Q_Oct_31_2024),what's the value of the product of total other comprehensive income/(loss) and net income for Plex Technologies for the quarter ended Oct 31 2024,-100845.0,"-100,845",numeric,135.0 × -747.0 = -100845.0
FQ-00470,Zion Solutions,1,greater_equal,(cf_investing_YTD_Oct_31_2024 ≥ cf_sbc_YTD_Oct_31_2024),Is net cash from investing activities greater than or equal to stock-based compensation for Zion Solutions for the year-to-date period ended Oct 31 2024?,False,No,boolean,-4435.0 ≥ 682.0 → False
FQ-00471,Apex Technologies,1,less_than,(cf_da_YTD_Oct_31_2025 < cost_of_sales_YTD_Oct_31_2025),Is depreciation and amortization strictly less than cost of sales for Apex Technologies for the year-to-date period ended Oct 31 2025?,True,Yes,boolean,8776.0 < 225480.0 → True
FQ-00472,Nova Enterprises,1,divide,(cf_capex_YTD_Oct_31_2025 ÷ net_income_YTD_Oct_31_2025),Compute the ratio of capital expenditures to net income for Nova Enterprises for the year-to-date period ended Oct 31 2025,-2.9791,-2.98,numeric,-15122.0 / 5076.0 = -2.9791
FQ-00473,Crest Systems,1,divide,(ppe_Oct_31_2025 ÷ aoci_Oct_31_2025),"what's the value of the ratio of property, plant and equipment, net to accumulated other comprehensive income/(loss) for Crest Systems as of Oct 31 2025 ?",-23.1232,-23.12,numeric,9388.0 / -406.0 = -23.1232
FQ-00474,Orion Enterprises,0,,ci_total_oci_YTD_Oct_31_2025,you should give the total other comprehensive income/(loss) reported by Orion Enterprises for the year-to-date period ended Oct 31 2025,-174.0,-174.00,numeric,ci_total_oci_YTD_Oct_31_2025 = -174.0
FQ-00475,Apex Technologies,2,divide,((cf_net_income_YTD_Oct_31_2024 ÷ rd_expense_YTD_Oct_31_2024) ÷ st_investments_Dec_31_2024),"For Apex Technologies, what is the result of the following computation: ((cf_net_income_YTD_Oct_31_2024 ÷ rd_expense_YTD_Oct_31_2024) ÷ st_investments_Dec_31_2024)? Evaluate any sub-expressions first, then apply the outer operation.",0.0048,0.00,numeric,(27801.0 / 1287.0 = 21.6014) / (st_investments_Dec_31_2024 = 4504.0) = 0.0048
FQ-00476,Alto Inc,1,greater_equal,(total_costs_Q_Oct_31_2025 ≥ net_income_Q_Oct_31_2025),Is total costs and expenses greater than or equal to net income for Alto Inc for the quarter ended Oct 31 2025?,True,Yes,boolean,76856.0 ≥ 5416.0 → True
FQ-00477,Mira Systems,1,subtract,(net_income_YTD_Oct_31_2024 - cf_capex_YTD_Oct_31_2024),"Whats the value of the difference between net income and capital expenditures (i.e., net income minus capital expenditures) for Mira Systems for the year-to-date period ended Oct 31 2024?",18264.0,"18,264",numeric,5718.0 - -12546.0 = 18264.0
FQ-00478,Apex Technologies,1,ratio,"ratio(cf_repurchases_YTD_Oct_31_2024, cf_fx_effect_YTD_Oct_31_2024)",You should calculate the ratio of share repurchases to cf fx effect for Apex Technologies for the year-to-date period ended Oct 31 2024,-10.5574,-10.5574,ratio,-1932.0 / 183.0 = -10.5574
FQ-00479,Crest Systems,1,multiply,(cf_fx_effect_YTD_Oct_31_2025 × ci_unrealized_gains_YTD_Oct_31_2025),which value corresponds to the product of cf fx effect and change in unrealized gains/losses on securities for Crest Systems for the year-to-date period ended Oct 31 2025?,-1026.0,"-1,026",numeric,27.0 × -38.0 = -1026.0
FQ-00480,Orion Enterprises,2,divide,((eps_diluted_YTD_Oct_31_2024 × eps_basic_YTD_Oct_31_2024) ÷ total_assets_Oct_31_2025),"For Orion Enterprises, what is the result of the following computation: ((eps_diluted_YTD_Oct_31_2024 × eps_basic_YTD_Oct_31_2024) ÷ total_assets_Oct_31_2025)? Evaluate any sub-expressions first, then apply the outer operation.",0.0,0.00,numeric,(1.64 × 1.65 = 2.71) / (total_assets_Oct_31_2025 = 73911.0) = 0.0
FQ-00481,Apex Technologies,1,less_equal,(tax_Q_Oct_31_2024 ≤ tax_Q_Oct_31_2025),Is provision for income taxes (for the quarter ended Oct 31 2024) less than or equal to provision for income taxes (for the quarter ended Oct 31 2025) for Apex Technologies?,False,No,boolean,3188.0 ≤ 3147.0 → False
FQ-00482,Nova Enterprises,1,multiply,(other_income_Q_Oct_31_2025 × total_costs_Q_Oct_31_2025),"give the product of other income/(expense), net and total costs and expenses for Nova Enterprises for the quarter ended Oct 31 2025.",-62010816.0,"-62,010,816",numeric,-448.0 × 138417.0 = -62010816.0
FQ-00483,Alto Inc,1,greater_equal,(membership_and_other_income_YTD_Oct_31_2024 ≥ ci_unrealized_gains_YTD_Oct_31_2024),Is membership and other income greater than or equal to change in unrealized gains/losses on securities for Alto Inc for the year-to-date period ended Oct 31 2024?,True,Yes,boolean,2931.0 ≥ 174.0 → True
FQ-00484,Nova Holdings,1,subtract,(other_ncl_Dec_31_2024 - other_nca_Dec_31_2024),"could you give the difference between other non-current liabilities and other non-current assets (i.e., other non-current liabilities minus other non-current assets) for Nova Holdings as of Dec 31 2024",-2610.0,"-2,610",numeric,8161.0 - 10771.0 = -2610.0
FQ-00485,Alto Inc,2,ratio,"ratio(ratio(cf_dividends_YTD_Oct_31_2024, ci_total_oci_YTD_Oct_31_2024), net_sales_Q_Oct_31_2024)","For Alto Inc, what is the result of the following computation: ratio(ratio(cf_dividends_YTD_Oct_31_2024, ci_total_oci_YTD_Oct_31_2024), net_sales_Q_Oct_31_2024)? Evaluate any sub-expressions first, then apply the outer operation.",-0.0001,-0.0001,ratio,(-2080.0 / 458.0 = -4.5415) / (net_sales_Q_Oct_31_2024 = 84337.0) = -0.0001
FQ-00486,Vex Industries,1,less_than,(total_costs_Q_Oct_31_2024 < total_costs_Q_Oct_31_2025),Is total costs and expenses (for the quarter ended Oct 31 2024) strictly less than total costs and expenses (for the quarter ended Oct 31 2025) for Vex Industries?,True,Yes,boolean,38376.0 < 39492.0 → True
FQ-00487,Orion Enterprises,1,divide,(cf_sbc_YTD_Oct_31_2024 ÷ cf_fx_effect_YTD_Oct_31_2024),whats the value of the ratio of stock-based compensation to cf fx effect for Orion Enterprises for the year-to-date period ended Oct 31 2024,-84.7,-84.70,numeric,847.0 / -10.0 = -84.7
FQ-00488,Mira Systems,2,divide,"(ratio(total_costs_YTD_Oct_31_2025, st_investments_Oct_31_2025) ÷ cf_da_YTD_Oct_31_2025)","For Mira Systems, what is the result of the following computation: (ratio(total_costs_YTD_Oct_31_2025, st_investments_Oct_31_2025) ÷ cf_da_YTD_Oct_31_2025)? Evaluate any sub-expressions first, then apply the outer operation.",0.0046,0.00,numeric,(307908.0 / 6016.0 = 51.1815) / (cf_da_YTD_Oct_31_2025 = 11071.0) = 0.0046
FQ-00489,Vex Industries,1,less_equal,(ppe_Oct_31_2025 ≤ current_debt_Oct_31_2025),"Is property, plant and equipment, net less than or equal to current portion of long-term debt for Vex Industries as of Oct 31 2025?",False,No,boolean,11786.0 ≤ 1981.0 → False
FQ-00490,Zion Corp,2,divide,((ci_total_oci_YTD_Oct_31_2024 - cf_repurchases_YTD_Oct_31_2024) ÷ total_liabilities_Oct_31_2025),"For Zion Corp, what is the result of the following computation: ((ci_total_oci_YTD_Oct_31_2024 - cf_repurchases_YTD_Oct_31_2024) ÷ total_liabilities_Oct_31_2025)? Evaluate any sub-expressions first, then apply the outer operation.",0.0808,0.08,numeric,(504.0 - -3128.0 = 3632.0) / (total_liabilities_Oct_31_2025 = 44924.0) = 0.0808
FQ-00491,Trek Holdings,2,divide,((cost_of_sales_YTD_Oct_31_2025 ÷ tax_Q_Oct_31_2025) ÷ ci_fx_translation_YTD_Oct_31_2025),"For Trek Holdings, what is the result of the following computation: ((cost_of_sales_YTD_Oct_31_2025 ÷ tax_Q_Oct_31_2025) ÷ ci_fx_translation_YTD_Oct_31_2025)? Evaluate any sub-expressions first, then apply the outer operation.",0.8913,0.89,numeric,(163386.0 / 1273.0 = 128.3472) / (ci_fx_translation_YTD_Oct_31_2025 = 144.0) = 0.8913
FQ-00492,Apex Technologies,1,greater_than,(cf_da_YTD_Oct_31_2025 > cf_fx_effect_YTD_Oct_31_2025),Is depreciation and amortization strictly greater than cf fx effect for Apex Technologies for the year-to-date period ended Oct 31 2025?,True,Yes,boolean,8776.0 > -197.0 → True
FQ-00493,Crest Systems,0,,revenues_Q_Oct_31_2024,compute the total revenues reported by Crest Systems for the quarter ended Oct 31 2024.,25989.0,"25,989",numeric,revenues_Q_Oct_31_2024 = 25989.0
FQ-00494,Volt Inc,2,divide,"(ratio(cf_dividends_YTD_Oct_31_2025, cost_of_sales_Q_Oct_31_2025) ÷ cf_investing_YTD_Oct_31_2025)","For Volt Inc, what is the result of the following computation: (ratio(cf_dividends_YTD_Oct_31_2025, cost_of_sales_Q_Oct_31_2025) ÷ cf_investing_YTD_Oct_31_2025)? Evaluate any sub-expressions first, then apply the outer operation.",0.0,0.00,numeric,(-1055.0 / 83462.0 = -0.0126) / (cf_investing_YTD_Oct_31_2025 = -10352.0) = 0.0
FQ-00495,Trek Holdings,2,divide,((tax_Q_Oct_31_2025 × shares_diluted_YTD_Oct_31_2025) ÷ revenues_YTD_Oct_31_2025),"For Trek Holdings, what is the result of the following computation: ((tax_Q_Oct_31_2025 × shares_diluted_YTD_Oct_31_2025) ÷ revenues_YTD_Oct_31_2025)? Evaluate any sub-expressions first, then apply the outer operation.",44838.7612,"44,839",numeric,(1273.0 × 8138288.0 = 10360040624.0) / (revenues_YTD_Oct_31_2025 = 231051.0) = 44838.7612
FQ-00496,Zion Solutions,1,divide,(cf_net_change_YTD_Oct_31_2024 ÷ shares_diluted_YTD_Oct_31_2024),calculate the ratio of net change in cash to diluted shares used in computing EPS for Zion Solutions for the year-to-date period ended Oct 31 2024 .,0.0005,0.00,numeric,3739.0 / 7716356.0 = 0.0005
FQ-00497,Zion Solutions,2,divide,"(ratio(other_ncl_Oct_31_2025, rd_expense_YTD_Oct_31_2025) ÷ long_term_debt_Dec_31_2024)","For Zion Solutions, what is the result of the following computation: (ratio(other_ncl_Oct_31_2025, rd_expense_YTD_Oct_31_2025) ÷ long_term_debt_Dec_31_2024)? Evaluate any sub-expressions first, then apply the outer operation.",0.005,0.01,numeric,(1551.0 / 27.0 = 57.4444) / (long_term_debt_Dec_31_2024 = 11429.0) = 0.005
FQ-00498,Orion Enterprises,2,ratio,"ratio(ratio(gross_profit_YTD_Oct_31_2024, gross_profit_Q_Oct_31_2024), shares_basic_Q_Oct_31_2024)","For Orion Enterprises, what is the result of the following computation: ratio(ratio(gross_profit_YTD_Oct_31_2024, gross_profit_Q_Oct_31_2024), shares_basic_Q_Oct_31_2024)? Evaluate any sub-expressions first, then apply the outer operation.",0.0,0.0000,ratio,(71481.0 / 23827.0 = 3.0) / (shares_basic_Q_Oct_31_2024 = 7365546.0) = 0.0
