question_id,depth,question,expression,expression_json,template_expression,answer,template_depth_requested,template_actual_depth,bound_expression_depth,tree_seed,binding_seed,master_seed,derived_prob,template_internal_nodes,template_leaf_slots,bound_leaf_count,leaf_1_key,leaf_1_concept,leaf_1_label,leaf_1_entity,leaf_1_period,leaf_1_unit,leaf_1_value,leaf_2_key,leaf_2_concept,leaf_2_label,leaf_2_entity,leaf_2_period,leaf_2_unit,leaf_2_value,leaf_3_key,leaf_3_concept,leaf_3_label,leaf_3_entity,leaf_3_period,leaf_3_unit,leaf_3_value,leaf_4_key,leaf_4_concept,leaf_4_label,leaf_4_entity,leaf_4_period,leaf_4_unit,leaf_4_value,leaf_5_key,leaf_5_concept,leaf_5_label,leaf_5_entity,leaf_5_period,leaf_5_unit,leaf_5_value,leaf_6_key,leaf_6_concept,leaf_6_label,leaf_6_entity,leaf_6_period,leaf_6_unit,leaf_6_value,leaf_7_key,leaf_7_concept,leaf_7_label,leaf_7_entity,leaf_7_period,leaf_7_unit,leaf_7_value
1,2,which value corresponds to the result of the maximum of basic earnings per share for Plex Technologies using values from Q Oct 31 2024 through Q Oct 31 2025 scaled by growth in research and development expense for Plex Technologies from Q Oct 31 2024 to Q Oct 31 2025,"mul(max(8_eps_basic_Q_Oct_31_2024, 8_eps_basic_Q_Oct_31_2025), growth(8_rd_expense_Q_Oct_31_2024, 8_rd_expense_Q_Oct_31_2025))","{""op"": ""mul"", ""left"": {""op"": ""max"", ""left"": {""leaf"": ""8_eps_basic_Q_Oct_31_2024"", ""depth"": 0}, ""right"": {""leaf"": ""8_eps_basic_Q_Oct_31_2025"", ""depth"": 0}, ""depth"": 1}, ""right"": {""op"": ""growth"", ""left"": {""leaf"": ""8_rd_expense_Q_Oct_31_2024"", ""depth"": 0}, ""right"": {""leaf"": ""8_rd_expense_Q_Oct_31_2025"", ""depth"": 0}, ""depth"": 1}, ""depth"": 2}","{""kind"": ""node"", ""node_id"": ""N2"", ""op"": ""mul"", ""family"": ""amount"", ""depth"": 2, ""left"": {""kind"": ""time_agg"", ""node_id"": ""N0"", ""op"": ""max"", ""family"": ""amount"", ""depth"": 1, ""entity_group"": ""E1"", ""concept_group"": ""T3"", ""over_years_group"": ""Y2""}, ""right"": {""kind"": ""node"", ""node_id"": ""N1"", ""op"": ""growth"", ""family"": ""ratio"", ""depth"": 1, ""left"": {""kind"": ""leaf"", ""name"": ""L0"", ""family"": ""amount"", ""semantic_type_in"": [""amount""], ""context_group"": ""C6"", ""entity_group"": ""E1"", ""time_series_group"": ""Y4"", ""concept_group"": ""T5""}, ""right"": {""kind"": ""leaf"", ""name"": ""L1"", ""family"": ""amount"", ""semantic_type_in"": [""amount""], ""context_group"": ""C7"", ""entity_group"": ""E1"", ""time_series_group"": ""Y4"", ""concept_group"": ""T5""}, ""over_years_group"": ""Y4""}}",0.043406593406593405,2,2,2,937724111,396556182,2345,0.309,2,3,4,8_eps_basic_Q_Oct_31_2024,eps_basic_q,basic earnings per share,Plex Technologies,Q Oct 31 2024,USD,-0.79,8_eps_basic_Q_Oct_31_2025,eps_basic_q,basic earnings per share,Plex Technologies,Q Oct 31 2025,USD,-0.83,8_rd_expense_Q_Oct_31_2024,rd_expense_q,research and development expense,Plex Technologies,Q Oct 31 2024,USD,430.0,8_rd_expense_Q_Oct_31_2025,rd_expense_q,research and development expense,Plex Technologies,Q Oct 31 2025,USD,455.0,,,,,,,,,,,,,,,,,,,,,
2,2,State the average short-term investments for Mira Systems across years Dec 31 2024 through Oct 31 2025.,"ratio(sum(2_st_investments_Dec_31_2024, 2_st_investments_Oct_31_2025), 2.0)","{""op"": ""ratio"", ""left"": {""op"": ""sum"", ""left"": {""leaf"": ""2_st_investments_Dec_31_2024"", ""depth"": 0}, ""right"": {""leaf"": ""2_st_investments_Oct_31_2025"", ""depth"": 0}, ""depth"": 1}, ""right"": {""literal"": 2.0, ""depth"": 0}, ""depth"": 2}","{""kind"": ""time_agg"", ""node_id"": ""N0"", ""op"": ""avg"", ""family"": ""amount"", ""depth"": 2, ""entity_group"": ""E1"", ""concept_group"": ""T3"", ""over_years_group"": ""Y2""}",5572.0,2,0,2,472165371,544780313,2345,0.437,0,1,2,2_st_investments_Dec_31_2024,st_investments,short-term investments,Mira Systems,Dec 31 2024,USD,5128.0,2_st_investments_Oct_31_2025,st_investments,short-term investments,Mira Systems,Oct 31 2025,USD,6016.0,,,,,,,,,,,,,,,,,,,,,,,,,,,,,,,,,,,
3,0,What would be the net sales for Peak Systems in YTD Oct 31 2024 ?,14_net_sales_YTD_Oct_31_2024,"{""leaf"": ""14_net_sales_YTD_Oct_31_2024"", ""depth"": 0}","{""kind"": ""leaf"", ""name"": ""L0"", ""family"": ""amount"", ""semantic_type_in"": [""amount""], ""context_group"": ""C0"", ""entity_group"": ""E1""}",211668.0,4,0,0,770385089,389369136,2345,0.472,0,1,1,14_net_sales_YTD_Oct_31_2024,net_sales_ytd,net sales,Peak Systems,YTD Oct 31 2024,USD,211668.0,,,,,,,,,,,,,,,,,,,,,,,,,,,,,,,,,,,,,,,,,,
4,1,"you should give the the maximum of other income/(expense), net for Crest Systems using values from Q Oct 31 2024 through Q Oct 31 2025.","max(9_other_income_Q_Oct_31_2024, 9_other_income_Q_Oct_31_2025)","{""op"": ""max"", ""left"": {""leaf"": ""9_other_income_Q_Oct_31_2024"", ""depth"": 0}, ""right"": {""leaf"": ""9_other_income_Q_Oct_31_2025"", ""depth"": 0}, ""depth"": 1}","{""kind"": ""time_agg"", ""node_id"": ""N0"", ""op"": ""max"", ""family"": ""amount"", ""depth"": 4, ""entity_group"": ""E1"", ""concept_group"": ""T3"", ""over_years_group"": ""Y2""}",-19.0,4,0,1,786318207,183209158,2345,0.576,0,1,2,9_other_income_Q_Oct_31_2024,other_income_q,"other income/(expense), net",Crest Systems,Q Oct 31 2024,USD,-19.0,9_other_income_Q_Oct_31_2025,other_income_q,"other income/(expense), net",Crest Systems,Q Oct 31 2025,USD,-19.0,,,,,,,,,,,,,,,,,,,,,,,,,,,,,,,,,,,
5,0,what would be the depreciation and amortization for Plex Technologies in YTD Oct 31 2024?,8_cf_da_YTD_Oct_31_2024,"{""leaf"": ""8_cf_da_YTD_Oct_31_2024"", ""depth"": 0}","{""kind"": ""leaf"", ""name"": ""L0"", ""family"": ""amount"", ""semantic_type_in"": [""amount""], ""context_group"": ""C0"", ""entity_group"": ""E1""}",10402.0,0,0,0,454703166,626361667,2345,0.147,0,1,1,8_cf_da_YTD_Oct_31_2024,cf_da_ytd,depreciation and amortization,Plex Technologies,YTD Oct 31 2024,USD,10402.0,,,,,,,,,,,,,,,,,,,,,,,,,,,,,,,,,,,,,,,,,,
6,1,"Could you give the the maximum of other income/(expense), net for Apex Technologies using values from YTD Oct 31 2024 through YTD Oct 31 2025?","max(1_other_income_YTD_Oct_31_2024, 1_other_income_YTD_Oct_31_2025)","{""op"": ""max"", ""left"": {""leaf"": ""1_other_income_YTD_Oct_31_2024"", ""depth"": 0}, ""right"": {""leaf"": ""1_other_income_YTD_Oct_31_2025"", ""depth"": 0}, ""depth"": 1}","{""kind"": ""time_agg"", ""node_id"": ""N0"", ""op"": ""max"", ""family"": ""amount"", ""depth"": 4, ""entity_group"": ""E1"", ""concept_group"": ""T3"", ""over_years_group"": ""Y2""}",-3111.0,4,0,1,638629436,77335363,2345,0.436,0,1,2,1_other_income_YTD_Oct_31_2024,other_income_ytd,"other income/(expense), net",Apex Technologies,YTD Oct 31 2024,USD,-3150.0,1_other_income_YTD_Oct_31_2025,other_income_ytd,"other income/(expense), net",Apex Technologies,YTD Oct 31 2025,USD,-3111.0,,,,,,,,,,,,,,,,,,,,,,,,,,,,,,,,,,,
7,2,Whats the value of the average operating income for Trek Holdings across years Q Oct 31 2024 through Q Oct 31 2025?,"ratio(sum(11_operating_income_Q_Oct_31_2024, 11_operating_income_Q_Oct_31_2025), 2.0)","{""op"": ""ratio"", ""left"": {""op"": ""sum"", ""left"": {""leaf"": ""11_operating_income_Q_Oct_31_2024"", ""depth"": 0}, ""right"": {""leaf"": ""11_operating_income_Q_Oct_31_2025"", ""depth"": 0}, ""depth"": 1}, ""right"": {""literal"": 2.0, ""depth"": 0}, ""depth"": 2}","{""kind"": ""time_agg"", ""node_id"": ""N0"", ""op"": ""avg"", ""family"": ""amount"", ""depth"": 2, ""entity_group"": ""E1"", ""concept_group"": ""T3"", ""over_years_group"": ""Y2""}",5934.5,2,0,2,849147811,446162907,2345,0.599,0,1,2,11_operating_income_Q_Oct_31_2024,operating_income_q,operating income,Trek Holdings,Q Oct 31 2024,USD,5718.0,11_operating_income_Q_Oct_31_2025,operating_income_q,operating income,Trek Holdings,Q Oct 31 2025,USD,6151.0,,,,,,,,,,,,,,,,,,,,,,,,,,,,,,,,,,,
8,1,what's the value of the the minimum of basic earnings per share for Trek Holdings using values from Q Oct 31 2024 through Q Oct 31 2025,"min(11_eps_basic_Q_Oct_31_2024, 11_eps_basic_Q_Oct_31_2025)","{""op"": ""min"", ""left"": {""leaf"": ""11_eps_basic_Q_Oct_31_2024"", ""depth"": 0}, ""right"": {""leaf"": ""11_eps_basic_Q_Oct_31_2025"", ""depth"": 0}, ""depth"": 1}","{""kind"": ""time_agg"", ""node_id"": ""N0"", ""op"": ""min"", ""family"": ""amount"", ""depth"": 4, ""entity_group"": ""E1"", ""concept_group"": ""T3"", ""over_years_group"": ""Y2""}",0.5,4,0,1,986244822,651902315,2345,0.2,0,1,2,11_eps_basic_Q_Oct_31_2024,eps_basic_q,basic earnings per share,Trek Holdings,Q Oct 31 2024,USD,0.5,11_eps_basic_Q_Oct_31_2025,eps_basic_q,basic earnings per share,Trek Holdings,Q Oct 31 2025,USD,0.54,,,,,,,,,,,,,,,,,,,,,,,,,,,,,,,,,,,
9,1,Whats the value of the the maximum of total shareholders equity for Alto Inc using values from Dec 31 2024 through Oct 31 2025?,"max(5_total_equity_Dec_31_2024, 5_total_equity_Oct_31_2025)","{""op"": ""max"", ""left"": {""leaf"": ""5_total_equity_Dec_31_2024"", ""depth"": 0}, ""right"": {""leaf"": ""5_total_equity_Oct_31_2025"", ""depth"": 0}, ""depth"": 1}","{""kind"": ""time_agg"", ""node_id"": ""N0"", ""op"": ""max"", ""family"": ""amount"", ""depth"": 1, ""entity_group"": ""E1"", ""concept_group"": ""T3"", ""over_years_group"": ""Y2""}",22972.0,1,0,1,921247098,800245682,2345,0.123,0,1,2,5_total_equity_Dec_31_2024,total_equity,total shareholders equity,Alto Inc,Dec 31 2024,USD,22972.0,5_total_equity_Oct_31_2025,total_equity,total shareholders equity,Alto Inc,Oct 31 2025,USD,21150.0,,,,,,,,,,,,,,,,,,,,,,,,,,,,,,,,,,,
10,0,what's the value of the research and development expense for Vex Industries in YTD Oct 31 2024?,12_rd_expense_YTD_Oct_31_2024,"{""leaf"": ""12_rd_expense_YTD_Oct_31_2024"", ""depth"": 0}","{""kind"": ""leaf"", ""name"": ""L0"", ""family"": ""amount"", ""semantic_type_in"": [""amount""], ""context_group"": ""C0"", ""entity_group"": ""E1""}",648.0,0,0,0,960798823,275725212,2345,0.316,0,1,1,12_rd_expense_YTD_Oct_31_2024,rd_expense_ytd,research and development expense,Vex Industries,YTD Oct 31 2024,USD,648.0,,,,,,,,,,,,,,,,,,,,,,,,,,,,,,,,,,,,,,,,,,
11,0,Calculate the cash and cash equivalents for Volt Inc in Oct 31 2025 .,0_cash_Oct_31_2025,"{""leaf"": ""0_cash_Oct_31_2025"", ""depth"": 0}","{""kind"": ""leaf"", ""name"": ""L0"", ""family"": ""amount"", ""semantic_type_in"": [""amount""], ""context_group"": ""C0"", ""entity_group"": ""E1""}",8492.0,4,0,0,266352732,366846521,2345,0.258,0,1,1,0_cash_Oct_31_2025,cash,cash and cash equivalents,Volt Inc,Oct 31 2025,USD,8492.0,,,,,,,,,,,,,,,,,,,,,,,,,,,,,,,,,,,,,,,,,,
12,2,You should calculate the average gross profit for Peak Systems across years YTD Oct 31 2024 through YTD Oct 31 2025 .,"ratio(sum(14_gross_profit_YTD_Oct_31_2024, 14_gross_profit_YTD_Oct_31_2025), 2.0)","{""op"": ""ratio"", ""left"": {""op"": ""sum"", ""left"": {""leaf"": ""14_gross_profit_YTD_Oct_31_2024"", ""depth"": 0}, ""right"": {""leaf"": ""14_gross_profit_YTD_Oct_31_2025"", ""depth"": 0}, ""depth"": 1}, ""right"": {""literal"": 2.0, ""depth"": 0}, ""depth"": 2}","{""kind"": ""time_agg"", ""node_id"": ""N0"", ""op"": ""avg"", ""family"": ""amount"", ""depth"": 1, ""entity_group"": ""E1"", ""concept_group"": ""T3"", ""over_years_group"": ""Y2""}",61464.0,1,0,2,89921173,311189293,2345,0.488,0,1,2,14_gross_profit_YTD_Oct_31_2024,gross_profit_ytd,gross profit,Peak Systems,YTD Oct 31 2024,USD,60966.0,14_gross_profit_YTD_Oct_31_2025,gross_profit_ytd,gross profit,Peak Systems,YTD Oct 31 2025,USD,61962.0,,,,,,,,,,,,,,,,,,,,,,,,,,,,,,,,,,,
13,0,Which value corresponds to the membership and other income for Trek Holdings in YTD Oct 31 2025 ?,11_membership_and_other_income_YTD_Oct_31_2025,"{""leaf"": ""11_membership_and_other_income_YTD_Oct_31_2025"", ""depth"": 0}","{""kind"": ""leaf"", ""name"": ""L0"", ""family"": ""amount"", ""semantic_type_in"": [""amount""], ""context_group"": ""C0"", ""entity_group"": ""E1""}",3255.0,4,0,0,39552529,607093683,2345,0.196,0,1,1,11_membership_and_other_income_YTD_Oct_31_2025,membership_and_other_income_ytd,membership and other income,Trek Holdings,YTD Oct 31 2025,USD,3255.0,,,,,,,,,,,,,,,,,,,,,,,,,,,,,,,,,,,,,,,,,,
14,0,you should give the accumulated other comprehensive income/(loss) for Nova Enterprises in Dec 31 2024,7_aoci_Dec_31_2024,"{""leaf"": ""7_aoci_Dec_31_2024"", ""depth"": 0}","{""kind"": ""leaf"", ""name"": ""L0"", ""family"": ""amount"", ""semantic_type_in"": [""amount""], ""context_group"": ""C0"", ""entity_group"": ""E1""}",0.0,4,0,0,279095838,136427695,2345,0.501,0,1,1,7_aoci_Dec_31_2024,aoci,accumulated other comprehensive income/(loss),Nova Enterprises,Dec 31 2024,USD,0.0,,,,,,,,,,,,,,,,,,,,,,,,,,,,,,,,,,,,,,,,,,
15,0,Which quantity is given by the basic earnings per share for Nova Enterprises in YTD Oct 31 2024,7_eps_basic_YTD_Oct_31_2024,"{""leaf"": ""7_eps_basic_YTD_Oct_31_2024"", ""depth"": 0}","{""kind"": ""leaf"", ""name"": ""L0"", ""family"": ""amount"", ""semantic_type_in"": [""amount""], ""context_group"": ""C0"", ""entity_group"": ""E1""}",1.12,2,0,0,261849276,354838200,2345,0.512,0,1,1,7_eps_basic_YTD_Oct_31_2024,eps_basic_ytd,basic earnings per share,Nova Enterprises,YTD Oct 31 2024,USD,1.12,,,,,,,,,,,,,,,,,,,,,,,,,,,,,,,,,,,,,,,,,,
16,1,"state the the minimum of property, plant and equipment, net for Nova Enterprises using values from Dec 31 2024 through Oct 31 2025","min(7_ppe_Dec_31_2024, 7_ppe_Oct_31_2025)","{""op"": ""min"", ""left"": {""leaf"": ""7_ppe_Dec_31_2024"", ""depth"": 0}, ""right"": {""leaf"": ""7_ppe_Oct_31_2025"", ""depth"": 0}, ""depth"": 1}","{""kind"": ""time_agg"", ""node_id"": ""N0"", ""op"": ""min"", ""family"": ""amount"", ""depth"": 4, ""entity_group"": ""E1"", ""concept_group"": ""T3"", ""over_years_group"": ""Y2""}",41818.0,4,0,1,213442893,911824628,2345,0.428,0,1,2,7_ppe_Dec_31_2024,ppe,"property, plant and equipment, net",Nova Enterprises,Dec 31 2024,USD,41818.0,7_ppe_Oct_31_2025,ppe,"property, plant and equipment, net",Nova Enterprises,Oct 31 2025,USD,48369.0,,,,,,,,,,,,,,,,,,,,,,,,,,,,,,,,,,,
17,2,state the average accounts payable for Zion Solutions across years Dec 31 2024 through Oct 31 2025.,"ratio(sum(3_accounts_payable_Dec_31_2024, 3_accounts_payable_Oct_31_2025), 2.0)","{""op"": ""ratio"", ""left"": {""op"": ""sum"", ""left"": {""leaf"": ""3_accounts_payable_Dec_31_2024"", ""depth"": 0}, ""right"": {""leaf"": ""3_accounts_payable_Oct_31_2025"", ""depth"": 0}, ""depth"": 1}, ""right"": {""literal"": 2.0, ""depth"": 0}, ""depth"": 2}","{""kind"": ""time_agg"", ""node_id"": ""N0"", ""op"": ""avg"", ""family"": ""amount"", ""depth"": 4, ""entity_group"": ""E1"", ""concept_group"": ""T3"", ""over_years_group"": ""Y2""}",9363.5,4,0,2,596932406,65421970,2345,0.385,0,1,2,3_accounts_payable_Dec_31_2024,accounts_payable,accounts payable,Zion Solutions,Dec 31 2024,USD,9263.0,3_accounts_payable_Oct_31_2025,accounts_payable,accounts payable,Zion Solutions,Oct 31 2025,USD,9464.0,,,,,,,,,,,,,,,,,,,,,,,,,,,,,,,,,,,
18,0,What is the net income for Orion Enterprises in YTD Oct 31 2024 ?,6_net_income_YTD_Oct_31_2024,"{""leaf"": ""6_net_income_YTD_Oct_31_2024"", ""depth"": 0}","{""kind"": ""leaf"", ""name"": ""L0"", ""family"": ""amount"", ""semantic_type_in"": [""amount""], ""context_group"": ""C0"", ""entity_group"": ""E1""}",12066.0,0,0,0,622882836,299450478,2345,0.488,0,1,1,6_net_income_YTD_Oct_31_2024,net_income_ytd,net income,Orion Enterprises,YTD Oct 31 2024,USD,12066.0,,,,,,,,,,,,,,,,,,,,,,,,,,,,,,,,,,,,,,,,,,
19,1,state the the maximum of deferred revenue for Alto Inc using values from Dec 31 2024 through Oct 31 2025,"max(5_deferred_revenue_Dec_31_2024, 5_deferred_revenue_Oct_31_2025)","{""op"": ""max"", ""left"": {""leaf"": ""5_deferred_revenue_Dec_31_2024"", ""depth"": 0}, ""right"": {""leaf"": ""5_deferred_revenue_Oct_31_2025"", ""depth"": 0}, ""depth"": 1}","{""kind"": ""time_agg"", ""node_id"": ""N0"", ""op"": ""max"", ""family"": ""amount"", ""depth"": 1, ""entity_group"": ""E1"", ""concept_group"": ""T3"", ""over_years_group"": ""Y2""}",5721.0,1,0,1,860466369,221833576,2345,0.221,0,1,2,5_deferred_revenue_Dec_31_2024,deferred_revenue,deferred revenue,Alto Inc,Dec 31 2024,USD,5721.0,5_deferred_revenue_Oct_31_2025,deferred_revenue,deferred revenue,Alto Inc,Oct 31 2025,USD,5267.0,,,,,,,,,,,,,,,,,,,,,,,,,,,,,,,,,,,
20,1,may you calculate the the maximum of operating income for Zion Solutions using values from Q Oct 31 2024 through Q Oct 31 2025 ?,"max(3_operating_income_Q_Oct_31_2024, 3_operating_income_Q_Oct_31_2025)","{""op"": ""max"", ""left"": {""leaf"": ""3_operating_income_Q_Oct_31_2024"", ""depth"": 0}, ""right"": {""leaf"": ""3_operating_income_Q_Oct_31_2025"", ""depth"": 0}, ""depth"": 1}","{""kind"": ""time_agg"", ""node_id"": ""N0"", ""op"": ""max"", ""family"": ""amount"", ""depth"": 4, ""entity_group"": ""E1"", ""concept_group"": ""T3"", ""over_years_group"": ""Y2""}",2264.0,4,0,1,578435722,295808688,2345,0.437,0,1,2,3_operating_income_Q_Oct_31_2024,operating_income_q,operating income,Zion Solutions,Q Oct 31 2024,USD,2264.0,3_operating_income_Q_Oct_31_2025,operating_income_q,operating income,Zion Solutions,Q Oct 31 2025,USD,2177.0,,,,,,,,,,,,,,,,,,,,,,,,,,,,,,,,,,,
21,2,Provide the sum of the maximum of total other comprehensive income/(loss) for Zion Solutions using values from Q Oct 31 2024 through Q Oct 31 2025 and the maximum of membership and other income for Zion Solutions using values from YTD Oct 31 2024 through YTD Oct 31 2025,"sum(max(3_ci_total_oci_Q_Oct_31_2024, 3_ci_total_oci_Q_Oct_31_2025), max(3_membership_and_other_income_YTD_Oct_31_2024, 3_membership_and_other_income_YTD_Oct_31_2025))","{""op"": ""sum"", ""left"": {""op"": ""max"", ""left"": {""leaf"": ""3_ci_total_oci_Q_Oct_31_2024"", ""depth"": 0}, ""right"": {""leaf"": ""3_ci_total_oci_Q_Oct_31_2025"", ""depth"": 0}, ""depth"": 1}, ""right"": {""op"": ""max"", ""left"": {""leaf"": ""3_membership_and_other_income_YTD_Oct_31_2024"", ""depth"": 0}, ""right"": {""leaf"": ""3_membership_and_other_income_YTD_Oct_31_2025"", ""depth"": 0}, ""depth"": 1}, ""depth"": 2}","{""kind"": ""node"", ""node_id"": ""N2"", ""op"": ""sum"", ""family"": ""amount"", ""depth"": 4, ""left"": {""kind"": ""time_agg"", ""node_id"": ""N0"", ""op"": ""max"", ""family"": ""amount"", ""depth"": 3, ""entity_group"": ""E1"", ""concept_group"": ""T5"", ""over_years_group"": ""Y4"", ""section_group"": ""S3"", ""aggregation_group"": ""A2""}, ""right"": {""kind"": ""time_agg"", ""node_id"": ""N1"", ""op"": ""max"", ""family"": ""amount"", ""depth"": 3, ""entity_group"": ""E1"", ""concept_group"": ""T7"", ""over_years_group"": ""Y6"", ""section_group"": ""S3"", ""aggregation_group"": ""A2""}}",1900.0,4,1,2,697030639,515593414,2345,0.562,1,2,4,3_ci_total_oci_Q_Oct_31_2024,ci_total_oci_q,total other comprehensive income/(loss),Zion Solutions,Q Oct 31 2024,USD,-24.0,3_ci_total_oci_Q_Oct_31_2025,ci_total_oci_q,total other comprehensive income/(loss),Zion Solutions,Q Oct 31 2025,USD,103.0,3_membership_and_other_income_YTD_Oct_31_2024,membership_and_other_income_ytd,membership and other income,Zion Solutions,YTD Oct 31 2024,USD,1797.0,3_membership_and_other_income_YTD_Oct_31_2025,membership_and_other_income_ytd,membership and other income,Zion Solutions,YTD Oct 31 2025,USD,1728.0,,,,,,,,,,,,,,,,,,,,,
22,0,State the net cash from investing activities for Nova Solutions in YTD Oct 31 2024,4_cf_investing_YTD_Oct_31_2024,"{""leaf"": ""4_cf_investing_YTD_Oct_31_2024"", ""depth"": 0}","{""kind"": ""leaf"", ""name"": ""L0"", ""family"": ""amount"", ""semantic_type_in"": [""amount""], ""context_group"": ""C0"", ""entity_group"": ""E1""}",-8207.0,1,0,0,804743540,441902692,2345,0.319,0,1,1,4_cf_investing_YTD_Oct_31_2024,cf_investing_ytd,net cash from investing activities,Nova Solutions,YTD Oct 31 2024,USD,-8207.0,,,,,,,,,,,,,,,,,,,,,,,,,,,,,,,,,,,,,,,,,,
23,1,compute the the minimum of total shareholders equity for Alto Inc using values from Dec 31 2024 through Oct 31 2025 .,"min(5_total_equity_Dec_31_2024, 5_total_equity_Oct_31_2025)","{""op"": ""min"", ""left"": {""leaf"": ""5_total_equity_Dec_31_2024"", ""depth"": 0}, ""right"": {""leaf"": ""5_total_equity_Oct_31_2025"", ""depth"": 0}, ""depth"": 1}","{""kind"": ""time_agg"", ""node_id"": ""N0"", ""op"": ""min"", ""family"": ""amount"", ""depth"": 4, ""entity_group"": ""E1"", ""concept_group"": ""T3"", ""over_years_group"": ""Y2""}",21150.0,4,0,1,256408908,181380620,2345,0.119,0,1,2,5_total_equity_Dec_31_2024,total_equity,total shareholders equity,Alto Inc,Dec 31 2024,USD,22972.0,5_total_equity_Oct_31_2025,total_equity,total shareholders equity,Alto Inc,Oct 31 2025,USD,21150.0,,,,,,,,,,,,,,,,,,,,,,,,,,,,,,,,,,,
24,1,you should calculate the the minimum of gross profit for Apex Technologies using values from Q Oct 31 2024 through Q Oct 31 2025.,"min(1_gross_profit_Q_Oct_31_2024, 1_gross_profit_Q_Oct_31_2025)","{""op"": ""min"", ""left"": {""leaf"": ""1_gross_profit_Q_Oct_31_2024"", ""depth"": 0}, ""right"": {""leaf"": ""1_gross_profit_Q_Oct_31_2025"", ""depth"": 0}, ""depth"": 1}","{""kind"": ""time_agg"", ""node_id"": ""N0"", ""op"": ""min"", ""family"": ""amount"", ""depth"": 2, ""entity_group"": ""E1"", ""concept_group"": ""T3"", ""over_years_group"": ""Y2""}",39539.0,2,0,1,304334932,700219690,2345,0.453,0,1,2,1_gross_profit_Q_Oct_31_2024,gross_profit_q,gross profit,Apex Technologies,Q Oct 31 2024,USD,40051.0,1_gross_profit_Q_Oct_31_2025,gross_profit_q,gross profit,Apex Technologies,Q Oct 31 2025,USD,39539.0,,,,,,,,,,,,,,,,,,,,,,,,,,,,,,,,,,,
25,1,give the the maximum of gross profit for Peak Systems using values from YTD Oct 31 2024 through YTD Oct 31 2025 .,"max(14_gross_profit_YTD_Oct_31_2024, 14_gross_profit_YTD_Oct_31_2025)","{""op"": ""max"", ""left"": {""leaf"": ""14_gross_profit_YTD_Oct_31_2024"", ""depth"": 0}, ""right"": {""leaf"": ""14_gross_profit_YTD_Oct_31_2025"", ""depth"": 0}, ""depth"": 1}","{""kind"": ""time_agg"", ""node_id"": ""N0"", ""op"": ""max"", ""family"": ""amount"", ""depth"": 4, ""entity_group"": ""E1"", ""concept_group"": ""T3"", ""over_years_group"": ""Y2""}",61962.0,4,0,1,40968308,356232302,2345,0.211,0,1,2,14_gross_profit_YTD_Oct_31_2024,gross_profit_ytd,gross profit,Peak Systems,YTD Oct 31 2024,USD,60966.0,14_gross_profit_YTD_Oct_31_2025,gross_profit_ytd,gross profit,Peak Systems,YTD Oct 31 2025,USD,61962.0,,,,,,,,,,,,,,,,,,,,,,,,,,,,,,,,,,,
26,1,compute the the minimum of net income (cash flow) for Zion Solutions using values from YTD Oct 31 2024 through YTD Oct 31 2025 .,"min(3_cf_net_income_YTD_Oct_31_2024, 3_cf_net_income_YTD_Oct_31_2025)","{""op"": ""min"", ""left"": {""leaf"": ""3_cf_net_income_YTD_Oct_31_2024"", ""depth"": 0}, ""right"": {""leaf"": ""3_cf_net_income_YTD_Oct_31_2025"", ""depth"": 0}, ""depth"": 1}","{""kind"": ""time_agg"", ""node_id"": ""N0"", ""op"": ""min"", ""family"": ""amount"", ""depth"": 2, ""entity_group"": ""E1"", ""concept_group"": ""T3"", ""over_years_group"": ""Y2""}",4011.0,2,0,1,55176964,417547670,2345,0.113,0,1,2,3_cf_net_income_YTD_Oct_31_2024,cf_net_income_ytd,net income (cash flow),Zion Solutions,YTD Oct 31 2024,USD,4170.0,3_cf_net_income_YTD_Oct_31_2025,cf_net_income_ytd,net income (cash flow),Zion Solutions,YTD Oct 31 2025,USD,4011.0,,,,,,,,,,,,,,,,,,,,,,,,,,,,,,,,,,,
27,1,What is the the minimum of research and development expense for Alto Inc using values from Q Oct 31 2024 through Q Oct 31 2025,"min(5_rd_expense_Q_Oct_31_2024, 5_rd_expense_Q_Oct_31_2025)","{""op"": ""min"", ""left"": {""leaf"": ""5_rd_expense_Q_Oct_31_2024"", ""depth"": 0}, ""right"": {""leaf"": ""5_rd_expense_Q_Oct_31_2025"", ""depth"": 0}, ""depth"": 1}","{""kind"": ""time_agg"", ""node_id"": ""N0"", ""op"": ""min"", ""family"": ""amount"", ""depth"": 3, ""entity_group"": ""E1"", ""concept_group"": ""T3"", ""over_years_group"": ""Y2""}",215.0,3,0,1,781151718,550423338,2345,0.287,0,1,2,5_rd_expense_Q_Oct_31_2024,rd_expense_q,research and development expense,Alto Inc,Q Oct 31 2024,USD,217.0,5_rd_expense_Q_Oct_31_2025,rd_expense_q,research and development expense,Alto Inc,Q Oct 31 2025,USD,215.0,,,,,,,,,,,,,,,,,,,,,,,,,,,,,,,,,,,
28,0,State the retained earnings for Orion Enterprises in Dec 31 2024,6_retained_earnings_Dec_31_2024,"{""leaf"": ""6_retained_earnings_Dec_31_2024"", ""depth"": 0}","{""kind"": ""leaf"", ""name"": ""L0"", ""family"": ""amount"", ""semantic_type_in"": [""amount""], ""context_group"": ""C0"", ""entity_group"": ""E1""}",-1947.0,0,0,0,366742096,174645467,2345,0.271,0,1,1,6_retained_earnings_Dec_31_2024,retained_earnings,retained earnings,Orion Enterprises,Dec 31 2024,USD,-1947.0,,,,,,,,,,,,,,,,,,,,,,,,,,,,,,,,,,,,,,,,,,
29,2,What's the value of the difference between other non-current assets and longterm liabilities for Nova Solutions in Dec 31 2024 ?,"diff(4_other_nca_Dec_31_2024, longterm_liabilities)","{""op"": ""diff"", ""left"": {""leaf"": ""4_other_nca_Dec_31_2024"", ""depth"": 0}, ""right"": {""derived"": ""longterm_liabilities"", ""expanded"": {""op"": ""diff"", ""left"": {""leaf"": ""4_total_liabilities_Dec_31_2024"", ""depth"": 0}, ""right"": {""leaf"": ""4_current_liabilities_Dec_31_2024"", ""depth"": 0}, ""depth"": 1}, ""depth"": 1}, ""depth"": 2}","{""kind"": ""node"", ""node_id"": ""N0"", ""op"": ""diff"", ""family"": ""amount"", ""depth"": 4, ""left"": {""kind"": ""leaf"", ""name"": ""L0"", ""family"": ""amount"", ""semantic_type_in"": [""amount""], ""context_group"": ""C0"", ""entity_group"": ""E1""}, ""right"": {""kind"": ""derived_concept"", ""name"": ""longterm_liabilities"", ""family"": ""amount"", ""concept_depth"": 1, ""context_group"": ""C0"", ""entity_group"": ""E1""}}",-15928.0,4,1,2,476747966,63431413,2345,0.578,1,2,3,4_other_nca_Dec_31_2024,other_nca,other non-current assets,Nova Solutions,Dec 31 2024,USD,6037.0,4_total_liabilities_Dec_31_2024,total_liabilities,total liabilities,Nova Solutions,Dec 31 2024,USD,51555.0,4_current_liabilities_Dec_31_2024,current_liabilities,total current liabilities,Nova Solutions,Dec 31 2024,USD,29590.0,,,,,,,,,,,,,,,,,,,,,,,,,,,,
30,1,What does the following give: the minimum of total comprehensive income for Nova Holdings using values from Q Oct 31 2024 through Q Oct 31 2025?,"min(13_comprehensive_income_Q_Oct_31_2024, 13_comprehensive_income_Q_Oct_31_2025)","{""op"": ""min"", ""left"": {""leaf"": ""13_comprehensive_income_Q_Oct_31_2024"", ""depth"": 0}, ""right"": {""leaf"": ""13_comprehensive_income_Q_Oct_31_2025"", ""depth"": 0}, ""depth"": 1}","{""kind"": ""time_agg"", ""node_id"": ""N0"", ""op"": ""min"", ""family"": ""amount"", ""depth"": 2, ""entity_group"": ""E1"", ""concept_group"": ""T3"", ""over_years_group"": ""Y2""}",7482.0,2,0,1,159065997,824577043,2345,0.51,0,1,2,13_comprehensive_income_Q_Oct_31_2024,comprehensive_income_q,total comprehensive income,Nova Holdings,Q Oct 31 2024,USD,8416.0,13_comprehensive_income_Q_Oct_31_2025,comprehensive_income_q,total comprehensive income,Nova Holdings,Q Oct 31 2025,USD,7482.0,,,,,,,,,,,,,,,,,,,,,,,,,,,,,,,,,,,
31,2,What would be the average income before taxes for Peak Systems across years YTD Oct 31 2024 through YTD Oct 31 2025 ?,"ratio(sum(14_pretax_income_YTD_Oct_31_2024, 14_pretax_income_YTD_Oct_31_2025), 2.0)","{""op"": ""ratio"", ""left"": {""op"": ""sum"", ""left"": {""leaf"": ""14_pretax_income_YTD_Oct_31_2024"", ""depth"": 0}, ""right"": {""leaf"": ""14_pretax_income_YTD_Oct_31_2025"", ""depth"": 0}, ""depth"": 1}, ""right"": {""literal"": 2.0, ""depth"": 0}, ""depth"": 2}","{""kind"": ""time_agg"", ""node_id"": ""N0"", ""op"": ""avg"", ""family"": ""amount"", ""depth"": 1, ""entity_group"": ""E1"", ""concept_group"": ""T3"", ""over_years_group"": ""Y2""}",5167.5,1,0,2,610102767,28901343,2345,0.412,0,1,2,14_pretax_income_YTD_Oct_31_2024,pretax_income_ytd,income before taxes,Peak Systems,YTD Oct 31 2024,USD,5127.0,14_pretax_income_YTD_Oct_31_2025,pretax_income_ytd,income before taxes,Peak Systems,YTD Oct 31 2025,USD,5208.0,,,,,,,,,,,,,,,,,,,,,,,,,,,,,,,,,,,
32,0,What's the value of the provision for income taxes for Alto Inc in Q Oct 31 2025,5_tax_Q_Oct_31_2025,"{""leaf"": ""5_tax_Q_Oct_31_2025"", ""depth"": 0}","{""kind"": ""leaf"", ""name"": ""L0"", ""family"": ""amount"", ""semantic_type_in"": [""amount""], ""context_group"": ""C0"", ""entity_group"": ""E1""}",1980.0,1,0,0,195843160,253508343,2345,0.172,0,1,1,5_tax_Q_Oct_31_2025,tax_q,provision for income taxes,Alto Inc,Q Oct 31 2025,USD,1980.0,,,,,,,,,,,,,,,,,,,,,,,,,,,,,,,,,,,,,,,,,,
33,0,Whats the value of the retained earnings for Plex Technologies in Dec 31 2024?,8_retained_earnings_Dec_31_2024,"{""leaf"": ""8_retained_earnings_Dec_31_2024"", ""depth"": 0}","{""kind"": ""leaf"", ""name"": ""L0"", ""family"": ""amount"", ""semantic_type_in"": [""amount""], ""context_group"": ""C0"", ""entity_group"": ""E1""}",3448.0,3,0,0,540311585,854065742,2345,0.386,0,1,1,8_retained_earnings_Dec_31_2024,retained_earnings,retained earnings,Plex Technologies,Dec 31 2024,USD,3448.0,,,,,,,,,,,,,,,,,,,,,,,,,,,,,,,,,,,,,,,,,,
34,0,Give the total other comprehensive income/(loss) for Trek Holdings in YTD Oct 31 2024,11_ci_total_oci_YTD_Oct_31_2024,"{""leaf"": ""11_ci_total_oci_YTD_Oct_31_2024"", ""depth"": 0}","{""kind"": ""leaf"", ""name"": ""L0"", ""family"": ""amount"", ""semantic_type_in"": [""amount""], ""context_group"": ""C0"", ""entity_group"": ""E1""}",238.0,3,0,0,549355621,921242091,2345,0.183,0,1,1,11_ci_total_oci_YTD_Oct_31_2024,ci_total_oci_ytd,total other comprehensive income/(loss),Trek Holdings,YTD Oct 31 2024,USD,238.0,,,,,,,,,,,,,,,,,,,,,,,,,,,,,,,,,,,,,,,,,,
35,1,You should calculate the the minimum of net change in cash for Apex Technologies using values from YTD Oct 31 2024 through YTD Oct 31 2025 .,"min(1_cf_net_change_YTD_Oct_31_2024, 1_cf_net_change_YTD_Oct_31_2025)","{""op"": ""min"", ""left"": {""leaf"": ""1_cf_net_change_YTD_Oct_31_2024"", ""depth"": 0}, ""right"": {""leaf"": ""1_cf_net_change_YTD_Oct_31_2025"", ""depth"": 0}, ""depth"": 1}","{""kind"": ""time_agg"", ""node_id"": ""N0"", ""op"": ""min"", ""family"": ""amount"", ""depth"": 1, ""entity_group"": ""E1"", ""concept_group"": ""T3"", ""over_years_group"": ""Y2""}",35045.0,1,0,1,672906651,955176549,2345,0.298,0,1,2,1_cf_net_change_YTD_Oct_31_2024,cf_net_change_ytd,net change in cash,Apex Technologies,YTD Oct 31 2024,USD,35459.0,1_cf_net_change_YTD_Oct_31_2025,cf_net_change_ytd,net change in cash,Apex Technologies,YTD Oct 31 2025,USD,35045.0,,,,,,,,,,,,,,,,,,,,,,,,,,,,,,,,,,,
36,2,which quantity is given by the average provision for income taxes for Nova Holdings across years YTD Oct 31 2024 through YTD Oct 31 2025?,"ratio(sum(13_tax_YTD_Oct_31_2024, 13_tax_YTD_Oct_31_2025), 2.0)","{""op"": ""ratio"", ""left"": {""op"": ""sum"", ""left"": {""leaf"": ""13_tax_YTD_Oct_31_2024"", ""depth"": 0}, ""right"": {""leaf"": ""13_tax_YTD_Oct_31_2025"", ""depth"": 0}, ""depth"": 1}, ""right"": {""literal"": 2.0, ""depth"": 0}, ""depth"": 2}","{""kind"": ""time_agg"", ""node_id"": ""N0"", ""op"": ""avg"", ""family"": ""amount"", ""depth"": 3, ""entity_group"": ""E1"", ""concept_group"": ""T3"", ""over_years_group"": ""Y2""}",9004.5,3,0,2,697114771,298964934,2345,0.506,0,1,2,13_tax_YTD_Oct_31_2024,tax_ytd,provision for income taxes,Nova Holdings,YTD Oct 31 2024,USD,9486.0,13_tax_YTD_Oct_31_2025,tax_ytd,provision for income taxes,Nova Holdings,YTD Oct 31 2025,USD,8523.0,,,,,,,,,,,,,,,,,,,,,,,,,,,,,,,,,,,
37,2,which result follows from the average net change in cash for Zion Solutions across years YTD Oct 31 2024 through YTD Oct 31 2025,"ratio(sum(3_cf_net_change_YTD_Oct_31_2024, 3_cf_net_change_YTD_Oct_31_2025), 2.0)","{""op"": ""ratio"", ""left"": {""op"": ""sum"", ""left"": {""leaf"": ""3_cf_net_change_YTD_Oct_31_2024"", ""depth"": 0}, ""right"": {""leaf"": ""3_cf_net_change_YTD_Oct_31_2025"", ""depth"": 0}, ""depth"": 1}, ""right"": {""literal"": 2.0, ""depth"": 0}, ""depth"": 2}","{""kind"": ""time_agg"", ""node_id"": ""N0"", ""op"": ""avg"", ""family"": ""amount"", ""depth"": 3, ""entity_group"": ""E1"", ""concept_group"": ""T3"", ""over_years_group"": ""Y2""}",3349.5,3,0,2,660498511,195609096,2345,0.578,0,1,2,3_cf_net_change_YTD_Oct_31_2024,cf_net_change_ytd,net change in cash,Zion Solutions,YTD Oct 31 2024,USD,3739.0,3_cf_net_change_YTD_Oct_31_2025,cf_net_change_ytd,net change in cash,Zion Solutions,YTD Oct 31 2025,USD,2960.0,,,,,,,,,,,,,,,,,,,,,,,,,,,,,,,,,,,
38,0,what would be the total current liabilities for Nova Enterprises in Oct 31 2025 ?,7_current_liabilities_Oct_31_2025,"{""leaf"": ""7_current_liabilities_Oct_31_2025"", ""depth"": 0}","{""kind"": ""leaf"", ""name"": ""L0"", ""family"": ""amount"", ""semantic_type_in"": [""amount""], ""context_group"": ""C0"", ""entity_group"": ""E1""}",74075.0,0,0,0,954184824,500970447,2345,0.273,0,1,1,7_current_liabilities_Oct_31_2025,current_liabilities,total current liabilities,Nova Enterprises,Oct 31 2025,USD,74075.0,,,,,,,,,,,,,,,,,,,,,,,,,,,,,,,,,,,,,,,,,,
39,1,"what is the the minimum of property, plant and equipment, net for Trek Holdings using values from Dec 31 2024 through Oct 31 2025","min(11_ppe_Dec_31_2024, 11_ppe_Oct_31_2025)","{""op"": ""min"", ""left"": {""leaf"": ""11_ppe_Dec_31_2024"", ""depth"": 0}, ""right"": {""leaf"": ""11_ppe_Oct_31_2025"", ""depth"": 0}, ""depth"": 1}","{""kind"": ""time_agg"", ""node_id"": ""N0"", ""op"": ""min"", ""family"": ""amount"", ""depth"": 2, ""entity_group"": ""E1"", ""concept_group"": ""T3"", ""over_years_group"": ""Y2""}",16335.0,2,0,1,144851143,845075506,2345,0.492,0,1,2,11_ppe_Dec_31_2024,ppe,"property, plant and equipment, net",Trek Holdings,Dec 31 2024,USD,16335.0,11_ppe_Oct_31_2025,ppe,"property, plant and equipment, net",Trek Holdings,Oct 31 2025,USD,18196.0,,,,,,,,,,,,,,,,,,,,,,,,,,,,,,,,,,,
40,1,"which quantity is given by the the maximum of other income/(expense), net for Mira Systems using values from Q Oct 31 2024 through Q Oct 31 2025","max(2_other_income_Q_Oct_31_2024, 2_other_income_Q_Oct_31_2025)","{""op"": ""max"", ""left"": {""leaf"": ""2_other_income_Q_Oct_31_2024"", ""depth"": 0}, ""right"": {""leaf"": ""2_other_income_Q_Oct_31_2025"", ""depth"": 0}, ""depth"": 1}","{""kind"": ""time_agg"", ""node_id"": ""N0"", ""op"": ""max"", ""family"": ""amount"", ""depth"": 3, ""entity_group"": ""E1"", ""concept_group"": ""T3"", ""over_years_group"": ""Y2""}",-749.0,3,0,1,675309115,687361628,2345,0.358,0,1,2,2_other_income_Q_Oct_31_2024,other_income_q,"other income/(expense), net",Mira Systems,Q Oct 31 2024,USD,-749.0,2_other_income_Q_Oct_31_2025,other_income_q,"other income/(expense), net",Mira Systems,Q Oct 31 2025,USD,-819.0,,,,,,,,,,,,,,,,,,,,,,,,,,,,,,,,,,,
41,2,What is the average total other comprehensive income/(loss) for Peak Systems across years Q Oct 31 2024 through Q Oct 31 2025?,"ratio(sum(14_ci_total_oci_Q_Oct_31_2024, 14_ci_total_oci_Q_Oct_31_2025), 2.0)","{""op"": ""ratio"", ""left"": {""op"": ""sum"", ""left"": {""leaf"": ""14_ci_total_oci_Q_Oct_31_2024"", ""depth"": 0}, ""right"": {""leaf"": ""14_ci_total_oci_Q_Oct_31_2025"", ""depth"": 0}, ""depth"": 1}, ""right"": {""literal"": 2.0, ""depth"": 0}, ""depth"": 2}","{""kind"": ""time_agg"", ""node_id"": ""N0"", ""op"": ""avg"", ""family"": ""amount"", ""depth"": 2, ""entity_group"": ""E1"", ""concept_group"": ""T3"", ""over_years_group"": ""Y2""}",-287.5,2,0,2,43118806,591951239,2345,0.466,0,1,2,14_ci_total_oci_Q_Oct_31_2024,ci_total_oci_q,total other comprehensive income/(loss),Peak Systems,Q Oct 31 2024,USD,99.0,14_ci_total_oci_Q_Oct_31_2025,ci_total_oci_q,total other comprehensive income/(loss),Peak Systems,Q Oct 31 2025,USD,-674.0,,,,,,,,,,,,,,,,,,,,,,,,,,,,,,,,,,,
42,1,what is the the minimum of net change in cash for Alto Inc using values from YTD Oct 31 2024 through YTD Oct 31 2025?,"min(5_cf_net_change_YTD_Oct_31_2024, 5_cf_net_change_YTD_Oct_31_2025)","{""op"": ""min"", ""left"": {""leaf"": ""5_cf_net_change_YTD_Oct_31_2024"", ""depth"": 0}, ""right"": {""leaf"": ""5_cf_net_change_YTD_Oct_31_2025"", ""depth"": 0}, ""depth"": 1}","{""kind"": ""time_agg"", ""node_id"": ""N0"", ""op"": ""min"", ""family"": ""amount"", ""depth"": 4, ""entity_group"": ""E1"", ""concept_group"": ""T3"", ""over_years_group"": ""Y2""}",1557.0,4,0,1,332038247,772410020,2345,0.543,0,1,2,5_cf_net_change_YTD_Oct_31_2024,cf_net_change_ytd,net change in cash,Alto Inc,YTD Oct 31 2024,USD,1557.0,5_cf_net_change_YTD_Oct_31_2025,cf_net_change_ytd,net change in cash,Alto Inc,YTD Oct 31 2025,USD,1660.0,,,,,,,,,,,,,,,,,,,,,,,,,,,,,,,,,,,
43,1,Could you give the the maximum of selling general and administrative expense for Nova Enterprises using values from Q Oct 31 2024 through Q Oct 31 2025,"max(7_sga_expense_Q_Oct_31_2024, 7_sga_expense_Q_Oct_31_2025)","{""op"": ""max"", ""left"": {""leaf"": ""7_sga_expense_Q_Oct_31_2024"", ""depth"": 0}, ""right"": {""leaf"": ""7_sga_expense_Q_Oct_31_2025"", ""depth"": 0}, ""depth"": 1}","{""kind"": ""time_agg"", ""node_id"": ""N0"", ""op"": ""max"", ""family"": ""amount"", ""depth"": 4, ""entity_group"": ""E1"", ""concept_group"": ""T3"", ""over_years_group"": ""Y2""}",34267.0,4,0,1,835988913,236528525,2345,0.526,0,1,2,7_sga_expense_Q_Oct_31_2024,sga_expense_q,selling general and administrative expense,Nova Enterprises,Q Oct 31 2024,USD,31756.0,7_sga_expense_Q_Oct_31_2025,sga_expense_q,selling general and administrative expense,Nova Enterprises,Q Oct 31 2025,USD,34267.0,,,,,,,,,,,,,,,,,,,,,,,,,,,,,,,,,,,
44,1,may you calculate the the maximum of depreciation and amortization for Nova Enterprises using values from YTD Oct 31 2024 through YTD Oct 31 2025,"max(7_cf_da_YTD_Oct_31_2024, 7_cf_da_YTD_Oct_31_2025)","{""op"": ""max"", ""left"": {""leaf"": ""7_cf_da_YTD_Oct_31_2024"", ""depth"": 0}, ""right"": {""leaf"": ""7_cf_da_YTD_Oct_31_2025"", ""depth"": 0}, ""depth"": 1}","{""kind"": ""time_agg"", ""node_id"": ""N0"", ""op"": ""max"", ""family"": ""amount"", ""depth"": 4, ""entity_group"": ""E1"", ""concept_group"": ""T3"", ""over_years_group"": ""Y2""}",12949.0,4,0,1,633973180,718409863,2345,0.454,0,1,2,7_cf_da_YTD_Oct_31_2024,cf_da_ytd,depreciation and amortization,Nova Enterprises,YTD Oct 31 2024,USD,12000.0,7_cf_da_YTD_Oct_31_2025,cf_da_ytd,depreciation and amortization,Nova Enterprises,YTD Oct 31 2025,USD,12949.0,,,,,,,,,,,,,,,,,,,,,,,,,,,,,,,,,,,
45,1,what does the following give: the maximum of membership and other income for Vex Industries using values from YTD Oct 31 2024 through YTD Oct 31 2025?,"max(12_membership_and_other_income_YTD_Oct_31_2024, 12_membership_and_other_income_YTD_Oct_31_2025)","{""op"": ""max"", ""left"": {""leaf"": ""12_membership_and_other_income_YTD_Oct_31_2024"", ""depth"": 0}, ""right"": {""leaf"": ""12_membership_and_other_income_YTD_Oct_31_2025"", ""depth"": 0}, ""depth"": 1}","{""kind"": ""time_agg"", ""node_id"": ""N0"", ""op"": ""max"", ""family"": ""amount"", ""depth"": 2, ""entity_group"": ""E1"", ""concept_group"": ""T3"", ""over_years_group"": ""Y2""}",1881.0,2,0,1,851376167,291645949,2345,0.248,0,1,2,12_membership_and_other_income_YTD_Oct_31_2024,membership_and_other_income_ytd,membership and other income,Vex Industries,YTD Oct 31 2024,USD,1827.0,12_membership_and_other_income_YTD_Oct_31_2025,membership_and_other_income_ytd,membership and other income,Vex Industries,YTD Oct 31 2025,USD,1881.0,,,,,,,,,,,,,,,,,,,,,,,,,,,,,,,,,,,
46,1,Could you give the the maximum of depreciation and amortization for Zion Corp using values from YTD Oct 31 2024 through YTD Oct 31 2025 ?,"max(10_cf_da_YTD_Oct_31_2024, 10_cf_da_YTD_Oct_31_2025)","{""op"": ""max"", ""left"": {""leaf"": ""10_cf_da_YTD_Oct_31_2024"", ""depth"": 0}, ""right"": {""leaf"": ""10_cf_da_YTD_Oct_31_2025"", ""depth"": 0}, ""depth"": 1}","{""kind"": ""time_agg"", ""node_id"": ""N0"", ""op"": ""max"", ""family"": ""amount"", ""depth"": 4, ""entity_group"": ""E1"", ""concept_group"": ""T3"", ""over_years_group"": ""Y2""}",8692.0,4,0,1,671871777,96417492,2345,0.328,0,1,2,10_cf_da_YTD_Oct_31_2024,cf_da_ytd,depreciation and amortization,Zion Corp,YTD Oct 31 2024,USD,8692.0,10_cf_da_YTD_Oct_31_2025,cf_da_ytd,depreciation and amortization,Zion Corp,YTD Oct 31 2025,USD,7921.0,,,,,,,,,,,,,,,,,,,,,,,,,,,,,,,,,,,
47,2,may you give the average total other comprehensive income/(loss) for Alto Inc across years YTD Oct 31 2024 through YTD Oct 31 2025,"ratio(sum(5_ci_total_oci_YTD_Oct_31_2024, 5_ci_total_oci_YTD_Oct_31_2025), 2.0)","{""op"": ""ratio"", ""left"": {""op"": ""sum"", ""left"": {""leaf"": ""5_ci_total_oci_YTD_Oct_31_2024"", ""depth"": 0}, ""right"": {""leaf"": ""5_ci_total_oci_YTD_Oct_31_2025"", ""depth"": 0}, ""depth"": 1}, ""right"": {""literal"": 2.0, ""depth"": 0}, ""depth"": 2}","{""kind"": ""time_agg"", ""node_id"": ""N0"", ""op"": ""avg"", ""family"": ""amount"", ""depth"": 3, ""entity_group"": ""E1"", ""concept_group"": ""T3"", ""over_years_group"": ""Y2""}",452.5,3,0,2,272129938,992142032,2345,0.329,0,1,2,5_ci_total_oci_YTD_Oct_31_2024,ci_total_oci_ytd,total other comprehensive income/(loss),Alto Inc,YTD Oct 31 2024,USD,458.0,5_ci_total_oci_YTD_Oct_31_2025,ci_total_oci_ytd,total other comprehensive income/(loss),Alto Inc,YTD Oct 31 2025,USD,447.0,,,,,,,,,,,,,,,,,,,,,,,,,,,,,,,,,,,
48,1,What is the the maximum of accumulated other comprehensive income/(loss) for Plex Technologies using values from Dec 31 2024 through Oct 31 2025,"max(8_aoci_Dec_31_2024, 8_aoci_Oct_31_2025)","{""op"": ""max"", ""left"": {""leaf"": ""8_aoci_Dec_31_2024"", ""depth"": 0}, ""right"": {""leaf"": ""8_aoci_Oct_31_2025"", ""depth"": 0}, ""depth"": 1}","{""kind"": ""time_agg"", ""node_id"": ""N0"", ""op"": ""max"", ""family"": ""amount"", ""depth"": 4, ""entity_group"": ""E1"", ""concept_group"": ""T3"", ""over_years_group"": ""Y2""}",0.0,4,0,1,200350429,207126575,2345,0.566,0,1,2,8_aoci_Dec_31_2024,aoci,accumulated other comprehensive income/(loss),Plex Technologies,Dec 31 2024,USD,0.0,8_aoci_Oct_31_2025,aoci,accumulated other comprehensive income/(loss),Plex Technologies,Oct 31 2025,USD,-1136.0,,,,,,,,,,,,,,,,,,,,,,,,,,,,,,,,,,,
49,1,you should calculate the the maximum of selling general and administrative expense for Apex Technologies using values from Q Oct 31 2024 through Q Oct 31 2025,"max(1_sga_expense_Q_Oct_31_2024, 1_sga_expense_Q_Oct_31_2025)","{""op"": ""max"", ""left"": {""leaf"": ""1_sga_expense_Q_Oct_31_2024"", ""depth"": 0}, ""right"": {""leaf"": ""1_sga_expense_Q_Oct_31_2025"", ""depth"": 0}, ""depth"": 1}","{""kind"": ""time_agg"", ""node_id"": ""N0"", ""op"": ""max"", ""family"": ""amount"", ""depth"": 3, ""entity_group"": ""E1"", ""concept_group"": ""T3"", ""over_years_group"": ""Y2""}",27405.0,3,0,1,284028383,149690386,2345,0.106,0,1,2,1_sga_expense_Q_Oct_31_2024,sga_expense_q,selling general and administrative expense,Apex Technologies,Q Oct 31 2024,USD,27405.0,1_sga_expense_Q_Oct_31_2025,sga_expense_q,selling general and administrative expense,Apex Technologies,Q Oct 31 2025,USD,27055.0,,,,,,,,,,,,,,,,,,,,,,,,,,,,,,,,,,,
50,1,May you calculate the the maximum of income before taxes for Nova Holdings using values from YTD Oct 31 2024 through YTD Oct 31 2025,"max(13_pretax_income_YTD_Oct_31_2024, 13_pretax_income_YTD_Oct_31_2025)","{""op"": ""max"", ""left"": {""leaf"": ""13_pretax_income_YTD_Oct_31_2024"", ""depth"": 0}, ""right"": {""leaf"": ""13_pretax_income_YTD_Oct_31_2025"", ""depth"": 0}, ""depth"": 1}","{""kind"": ""time_agg"", ""node_id"": ""N0"", ""op"": ""max"", ""family"": ""amount"", ""depth"": 3, ""entity_group"": ""E1"", ""concept_group"": ""T3"", ""over_years_group"": ""Y2""}",34500.0,3,0,1,65719579,404870142,2345,0.587,0,1,2,13_pretax_income_YTD_Oct_31_2024,pretax_income_ytd,income before taxes,Nova Holdings,YTD Oct 31 2024,USD,34500.0,13_pretax_income_YTD_Oct_31_2025,pretax_income_ytd,income before taxes,Nova Holdings,YTD Oct 31 2025,USD,30999.0,,,,,,,,,,,,,,,,,,,,,,,,,,,,,,,,,,,
51,2,What would be the difference between the maximum of change in foreign currency translation for Vex Industries using values from Q Oct 31 2024 through Q Oct 31 2025 and the minimum of net income for Vex Industries using values from Q Oct 31 2024 through Q Oct 31 2025 ?,"diff(max(12_ci_fx_translation_Q_Oct_31_2024, 12_ci_fx_translation_Q_Oct_31_2025), min(12_net_income_Q_Oct_31_2024, 12_net_income_Q_Oct_31_2025))","{""op"": ""diff"", ""left"": {""op"": ""max"", ""left"": {""leaf"": ""12_ci_fx_translation_Q_Oct_31_2024"", ""depth"": 0}, ""right"": {""leaf"": ""12_ci_fx_translation_Q_Oct_31_2025"", ""depth"": 0}, ""depth"": 1}, ""right"": {""op"": ""min"", ""left"": {""leaf"": ""12_net_income_Q_Oct_31_2024"", ""depth"": 0}, ""right"": {""leaf"": ""12_net_income_Q_Oct_31_2025"", ""depth"": 0}, ""depth"": 1}, ""depth"": 2}","{""kind"": ""node"", ""node_id"": ""N2"", ""op"": ""diff"", ""family"": ""amount"", ""depth"": 3, ""left"": {""kind"": ""time_agg"", ""node_id"": ""N0"", ""op"": ""max"", ""family"": ""amount"", ""depth"": 2, ""entity_group"": ""E1"", ""concept_group"": ""T3"", ""over_years_group"": ""Y2""}, ""right"": {""kind"": ""time_agg"", ""node_id"": ""N1"", ""op"": ""min"", ""family"": ""amount"", ""depth"": 2, ""entity_group"": ""E1"", ""concept_group"": ""T5"", ""over_years_group"": ""Y4""}}",-4544.0,3,1,2,810452277,552430412,2345,0.47,1,2,4,12_ci_fx_translation_Q_Oct_31_2024,ci_fx_translation_q,change in foreign currency translation,Vex Industries,Q Oct 31 2024,USD,31.0,12_ci_fx_translation_Q_Oct_31_2025,ci_fx_translation_q,change in foreign currency translation,Vex Industries,Q Oct 31 2025,USD,-29.0,12_net_income_Q_Oct_31_2024,net_income_q,net income,Vex Industries,Q Oct 31 2024,USD,4575.0,12_net_income_Q_Oct_31_2025,net_income_q,net income,Vex Industries,Q Oct 31 2025,USD,4708.0,,,,,,,,,,,,,,,,,,,,,
52,2,could you give the average goodwill for Peak Systems across years Dec 31 2024 through Oct 31 2025?,"ratio(sum(14_goodwill_Dec_31_2024, 14_goodwill_Oct_31_2025), 2.0)","{""op"": ""ratio"", ""left"": {""op"": ""sum"", ""left"": {""leaf"": ""14_goodwill_Dec_31_2024"", ""depth"": 0}, ""right"": {""leaf"": ""14_goodwill_Oct_31_2025"", ""depth"": 0}, ""depth"": 1}, ""right"": {""literal"": 2.0, ""depth"": 0}, ""depth"": 2}","{""kind"": ""time_agg"", ""node_id"": ""N0"", ""op"": ""avg"", ""family"": ""amount"", ""depth"": 1, ""entity_group"": ""E1"", ""concept_group"": ""T3"", ""over_years_group"": ""Y2""}",3766.5,1,0,2,961084256,309820056,2345,0.429,0,1,2,14_goodwill_Dec_31_2024,goodwill,goodwill,Peak Systems,Dec 31 2024,USD,3621.0,14_goodwill_Oct_31_2025,goodwill,goodwill,Peak Systems,Oct 31 2025,USD,3912.0,,,,,,,,,,,,,,,,,,,,,,,,,,,,,,,,,,,
53,1,What do we obtain as the the maximum of current portion of long-term debt for Alto Inc using values from Dec 31 2024 through Oct 31 2025?,"max(5_current_debt_Dec_31_2024, 5_current_debt_Oct_31_2025)","{""op"": ""max"", ""left"": {""leaf"": ""5_current_debt_Dec_31_2024"", ""depth"": 0}, ""right"": {""leaf"": ""5_current_debt_Oct_31_2025"", ""depth"": 0}, ""depth"": 1}","{""kind"": ""time_agg"", ""node_id"": ""N0"", ""op"": ""max"", ""family"": ""amount"", ""depth"": 1, ""entity_group"": ""E1"", ""concept_group"": ""T3"", ""over_years_group"": ""Y2""}",3100.0,1,0,1,531620368,614424707,2345,0.412,0,1,2,5_current_debt_Dec_31_2024,current_debt,current portion of long-term debt,Alto Inc,Dec 31 2024,USD,3100.0,5_current_debt_Oct_31_2025,current_debt,current portion of long-term debt,Alto Inc,Oct 31 2025,USD,2854.0,,,,,,,,,,,,,,,,,,,,,,,,,,,,,,,,,,,
54,1,Which result follows from the the minimum of provision for income taxes for Orion Enterprises using values from YTD Oct 31 2024 through YTD Oct 31 2025 ?,"min(6_tax_YTD_Oct_31_2024, 6_tax_YTD_Oct_31_2025)","{""op"": ""min"", ""left"": {""leaf"": ""6_tax_YTD_Oct_31_2024"", ""depth"": 0}, ""right"": {""leaf"": ""6_tax_YTD_Oct_31_2025"", ""depth"": 0}, ""depth"": 1}","{""kind"": ""time_agg"", ""node_id"": ""N0"", ""op"": ""min"", ""family"": ""amount"", ""depth"": 4, ""entity_group"": ""E1"", ""concept_group"": ""T3"", ""over_years_group"": ""Y2""}",3939.0,4,0,1,805830788,441325540,2345,0.31,0,1,2,6_tax_YTD_Oct_31_2024,tax_ytd,provision for income taxes,Orion Enterprises,YTD Oct 31 2024,USD,3939.0,6_tax_YTD_Oct_31_2025,tax_ytd,provision for income taxes,Orion Enterprises,YTD Oct 31 2025,USD,4026.0,,,,,,,,,,,,,,,,,,,,,,,,,,,,,,,,,,,
55,2,What does the following give: average net income (CI) for Vex Industries across years Q Oct 31 2024 through Q Oct 31 2025 ?,"ratio(sum(12_ci_net_income_Q_Oct_31_2024, 12_ci_net_income_Q_Oct_31_2025), 2.0)","{""op"": ""ratio"", ""left"": {""op"": ""sum"", ""left"": {""leaf"": ""12_ci_net_income_Q_Oct_31_2024"", ""depth"": 0}, ""right"": {""leaf"": ""12_ci_net_income_Q_Oct_31_2025"", ""depth"": 0}, ""depth"": 1}, ""right"": {""literal"": 2.0, ""depth"": 0}, ""depth"": 2}","{""kind"": ""time_agg"", ""node_id"": ""N0"", ""op"": ""avg"", ""family"": ""amount"", ""depth"": 3, ""entity_group"": ""E1"", ""concept_group"": ""T3"", ""over_years_group"": ""Y2""}",4641.5,3,0,2,996973806,63144856,2345,0.296,0,1,2,12_ci_net_income_Q_Oct_31_2024,ci_net_income_q,net income (CI),Vex Industries,Q Oct 31 2024,USD,4575.0,12_ci_net_income_Q_Oct_31_2025,ci_net_income_q,net income (CI),Vex Industries,Q Oct 31 2025,USD,4708.0,,,,,,,,,,,,,,,,,,,,,,,,,,,,,,,,,,,
56,1,Evaluate the the maximum of long-term marketable securities for Mira Systems using values from Dec 31 2024 through Oct 31 2025 .,"max(2_lt_investments_Dec_31_2024, 2_lt_investments_Oct_31_2025)","{""op"": ""max"", ""left"": {""leaf"": ""2_lt_investments_Dec_31_2024"", ""depth"": 0}, ""right"": {""leaf"": ""2_lt_investments_Oct_31_2025"", ""depth"": 0}, ""depth"": 1}","{""kind"": ""time_agg"", ""node_id"": ""N0"", ""op"": ""max"", ""family"": ""amount"", ""depth"": 4, ""entity_group"": ""E1"", ""concept_group"": ""T3"", ""over_years_group"": ""Y2""}",10439.0,4,0,1,123686833,315829006,2345,0.592,0,1,2,2_lt_investments_Dec_31_2024,lt_investments,long-term marketable securities,Mira Systems,Dec 31 2024,USD,8897.0,2_lt_investments_Oct_31_2025,lt_investments,long-term marketable securities,Mira Systems,Oct 31 2025,USD,10439.0,,,,,,,,,,,,,,,,,,,,,,,,,,,,,,,,,,,
57,2,What do we obtain as the average net cash from operating activities for Plex Technologies across years YTD Oct 31 2024 through YTD Oct 31 2025?,"ratio(sum(8_cf_operating_YTD_Oct_31_2024, 8_cf_operating_YTD_Oct_31_2025), 2.0)","{""op"": ""ratio"", ""left"": {""op"": ""sum"", ""left"": {""leaf"": ""8_cf_operating_YTD_Oct_31_2024"", ""depth"": 0}, ""right"": {""leaf"": ""8_cf_operating_YTD_Oct_31_2025"", ""depth"": 0}, ""depth"": 1}, ""right"": {""literal"": 2.0, ""depth"": 0}, ""depth"": 2}","{""kind"": ""time_agg"", ""node_id"": ""N0"", ""op"": ""avg"", ""family"": ""amount"", ""depth"": 3, ""entity_group"": ""E1"", ""concept_group"": ""T3"", ""over_years_group"": ""Y2""}",435.5,3,0,2,375126602,201190063,2345,0.216,0,1,2,8_cf_operating_YTD_Oct_31_2024,cf_operating_ytd,net cash from operating activities,Plex Technologies,YTD Oct 31 2024,USD,-529.0,8_cf_operating_YTD_Oct_31_2025,cf_operating_ytd,net cash from operating activities,Plex Technologies,YTD Oct 31 2025,USD,1400.0,,,,,,,,,,,,,,,,,,,,,,,,,,,,,,,,,,,
58,0,"Provide the other income/(expense), net for Mira Systems in Q Oct 31 2025.",2_other_income_Q_Oct_31_2025,"{""leaf"": ""2_other_income_Q_Oct_31_2025"", ""depth"": 0}","{""kind"": ""leaf"", ""name"": ""L0"", ""family"": ""amount"", ""semantic_type_in"": [""amount""], ""context_group"": ""C0"", ""entity_group"": ""E1""}",-819.0,4,0,0,63763214,597133647,2345,0.25,0,1,1,2_other_income_Q_Oct_31_2025,other_income_q,"other income/(expense), net",Mira Systems,Q Oct 31 2025,USD,-819.0,,,,,,,,,,,,,,,,,,,,,,,,,,,,,,,,,,,,,,,,,,
59,2,which result follows from the average net income for Nova Holdings across years YTD Oct 31 2024 through YTD Oct 31 2025,"ratio(sum(13_net_income_YTD_Oct_31_2024, 13_net_income_YTD_Oct_31_2025), 2.0)","{""op"": ""ratio"", ""left"": {""op"": ""sum"", ""left"": {""leaf"": ""13_net_income_YTD_Oct_31_2024"", ""depth"": 0}, ""right"": {""leaf"": ""13_net_income_YTD_Oct_31_2025"", ""depth"": 0}, ""depth"": 1}, ""right"": {""literal"": 2.0, ""depth"": 0}, ""depth"": 2}","{""kind"": ""time_agg"", ""node_id"": ""N0"", ""op"": ""avg"", ""family"": ""amount"", ""depth"": 2, ""entity_group"": ""E1"", ""concept_group"": ""T3"", ""over_years_group"": ""Y2""}",23745.0,2,0,2,13190693,594849157,2345,0.341,0,1,2,13_net_income_YTD_Oct_31_2024,net_income_ytd,net income,Nova Holdings,YTD Oct 31 2024,USD,25014.0,13_net_income_YTD_Oct_31_2025,net_income_ytd,net income,Nova Holdings,YTD Oct 31 2025,USD,22476.0,,,,,,,,,,,,,,,,,,,,,,,,,,,,,,,,,,,
60,0,Whats the value of the total assets for Zion Corp in Oct 31 2025,10_total_assets_Oct_31_2025,"{""leaf"": ""10_total_assets_Oct_31_2025"", ""depth"": 0}","{""kind"": ""leaf"", ""name"": ""L0"", ""family"": ""amount"", ""semantic_type_in"": [""amount""], ""context_group"": ""C0"", ""entity_group"": ""E1""}",70283.0,1,0,0,71097557,430687735,2345,0.406,0,1,1,10_total_assets_Oct_31_2025,total_assets,total assets,Zion Corp,Oct 31 2025,USD,70283.0,,,,,,,,,,,,,,,,,,,,,,,,,,,,,,,,,,,,,,,,,,
61,0,"you should calculate the other income/(expense), net for Zion Solutions in YTD Oct 31 2024.",3_other_income_YTD_Oct_31_2024,"{""leaf"": ""3_other_income_YTD_Oct_31_2024"", ""depth"": 0}","{""kind"": ""leaf"", ""name"": ""L0"", ""family"": ""amount"", ""semantic_type_in"": [""amount""], ""context_group"": ""C0"", ""entity_group"": ""E1""}",-1092.0,3,0,0,415795989,71973185,2345,0.281,0,1,1,3_other_income_YTD_Oct_31_2024,other_income_ytd,"other income/(expense), net",Zion Solutions,YTD Oct 31 2024,USD,-1092.0,,,,,,,,,,,,,,,,,,,,,,,,,,,,,,,,,,,,,,,,,,
62,2,Give the average change in foreign currency translation for Nova Enterprises across years Q Oct 31 2024 through Q Oct 31 2025.,"ratio(sum(7_ci_fx_translation_Q_Oct_31_2024, 7_ci_fx_translation_Q_Oct_31_2025), 2.0)","{""op"": ""ratio"", ""left"": {""op"": ""sum"", ""left"": {""leaf"": ""7_ci_fx_translation_Q_Oct_31_2024"", ""depth"": 0}, ""right"": {""leaf"": ""7_ci_fx_translation_Q_Oct_31_2025"", ""depth"": 0}, ""depth"": 1}, ""right"": {""literal"": 2.0, ""depth"": 0}, ""depth"": 2}","{""kind"": ""time_agg"", ""node_id"": ""N0"", ""op"": ""avg"", ""family"": ""amount"", ""depth"": 1, ""entity_group"": ""E1"", ""concept_group"": ""T3"", ""over_years_group"": ""Y2""}",163.5,1,0,2,234288210,107777406,2345,0.19,0,1,2,7_ci_fx_translation_Q_Oct_31_2024,ci_fx_translation_q,change in foreign currency translation,Nova Enterprises,Q Oct 31 2024,USD,-112.0,7_ci_fx_translation_Q_Oct_31_2025,ci_fx_translation_q,change in foreign currency translation,Nova Enterprises,Q Oct 31 2025,USD,439.0,,,,,,,,,,,,,,,,,,,,,,,,,,,,,,,,,,,
63,0,which value corresponds to the dividends paid for Apex Technologies in YTD Oct 31 2025,1_cf_dividends_YTD_Oct_31_2025,"{""leaf"": ""1_cf_dividends_YTD_Oct_31_2025"", ""depth"": 0}","{""kind"": ""leaf"", ""name"": ""L0"", ""family"": ""amount"", ""semantic_type_in"": [""amount""], ""context_group"": ""C0"", ""entity_group"": ""E1""}",-1083.0,0,0,0,669373667,852796402,2345,0.587,0,1,1,1_cf_dividends_YTD_Oct_31_2025,cf_dividends_ytd,dividends paid,Apex Technologies,YTD Oct 31 2025,USD,-1083.0,,,,,,,,,,,,,,,,,,,,,,,,,,,,,,,,,,,,,,,,,,
64,0,provide the change in unrealized gains/losses on securities for Peak Systems in Q Oct 31 2025,14_ci_unrealized_gains_Q_Oct_31_2025,"{""leaf"": ""14_ci_unrealized_gains_Q_Oct_31_2025"", ""depth"": 0}","{""kind"": ""leaf"", ""name"": ""L0"", ""family"": ""amount"", ""semantic_type_in"": [""amount""], ""context_group"": ""C0"", ""entity_group"": ""E1""}",-270.0,3,0,0,147541130,366051003,2345,0.381,0,1,1,14_ci_unrealized_gains_Q_Oct_31_2025,ci_unrealized_gains_q,change in unrealized gains/losses on securities,Peak Systems,Q Oct 31 2025,USD,-270.0,,,,,,,,,,,,,,,,,,,,,,,,,,,,,,,,,,,,,,,,,,
65,1,Whats the value of the difference between total other comprehensive income/(loss) and operating income for Orion Enterprises in Q Oct 31 2024,"diff(6_ci_total_oci_Q_Oct_31_2024, 6_operating_income_Q_Oct_31_2024)","{""op"": ""diff"", ""left"": {""leaf"": ""6_ci_total_oci_Q_Oct_31_2024"", ""depth"": 0}, ""right"": {""leaf"": ""6_operating_income_Q_Oct_31_2024"", ""depth"": 0}, ""depth"": 1}","{""kind"": ""node"", ""node_id"": ""N0"", ""op"": ""diff"", ""family"": ""amount"", ""depth"": 1, ""left"": {""kind"": ""leaf"", ""name"": ""L0"", ""family"": ""amount"", ""semantic_type_in"": [""amount""], ""context_group"": ""C0"", ""entity_group"": ""E1""}, ""right"": {""kind"": ""leaf"", ""name"": ""L1"", ""family"": ""amount"", ""semantic_type_in"": [""amount""], ""context_group"": ""C0"", ""entity_group"": ""E1""}}",-5629.0,1,1,1,331961960,289167739,2345,0.437,1,2,2,6_ci_total_oci_Q_Oct_31_2024,ci_total_oci_q,total other comprehensive income/(loss),Orion Enterprises,Q Oct 31 2024,USD,-58.0,6_operating_income_Q_Oct_31_2024,operating_income_q,operating income,Orion Enterprises,Q Oct 31 2024,USD,5571.0,,,,,,,,,,,,,,,,,,,,,,,,,,,,,,,,,,,
66,0,which value corresponds to the total shareholders equity for Nova Enterprises in Oct 31 2025?,7_total_equity_Oct_31_2025,"{""leaf"": ""7_total_equity_Oct_31_2025"", ""depth"": 0}","{""kind"": ""leaf"", ""name"": ""L0"", ""family"": ""amount"", ""semantic_type_in"": [""amount""], ""context_group"": ""C0"", ""entity_group"": ""E1""}",27398.0,0,0,0,858326294,819257675,2345,0.243,0,1,1,7_total_equity_Oct_31_2025,total_equity,total shareholders equity,Nova Enterprises,Oct 31 2025,USD,27398.0,,,,,,,,,,,,,,,,,,,,,,,,,,,,,,,,,,,,,,,,,,
67,1,What's the value of the the minimum of provision for income taxes for Mira Systems using values from YTD Oct 31 2024 through YTD Oct 31 2025,"min(2_tax_YTD_Oct_31_2024, 2_tax_YTD_Oct_31_2025)","{""op"": ""min"", ""left"": {""leaf"": ""2_tax_YTD_Oct_31_2024"", ""depth"": 0}, ""right"": {""leaf"": ""2_tax_YTD_Oct_31_2025"", ""depth"": 0}, ""depth"": 1}","{""kind"": ""time_agg"", ""node_id"": ""N0"", ""op"": ""min"", ""family"": ""amount"", ""depth"": 2, ""entity_group"": ""E1"", ""concept_group"": ""T3"", ""over_years_group"": ""Y2""}",1950.0,2,0,1,389716482,142598405,2345,0.239,0,1,2,2_tax_YTD_Oct_31_2024,tax_ytd,provision for income taxes,Mira Systems,YTD Oct 31 2024,USD,1950.0,2_tax_YTD_Oct_31_2025,tax_ytd,provision for income taxes,Mira Systems,YTD Oct 31 2025,USD,2130.0,,,,,,,,,,,,,,,,,,,,,,,,,,,,,,,,,,,
68,1,Could you give the the maximum of research and development expense for Vex Industries using values from YTD Oct 31 2024 through YTD Oct 31 2025?,"max(12_rd_expense_YTD_Oct_31_2024, 12_rd_expense_YTD_Oct_31_2025)","{""op"": ""max"", ""left"": {""leaf"": ""12_rd_expense_YTD_Oct_31_2024"", ""depth"": 0}, ""right"": {""leaf"": ""12_rd_expense_YTD_Oct_31_2025"", ""depth"": 0}, ""depth"": 1}","{""kind"": ""time_agg"", ""node_id"": ""N0"", ""op"": ""max"", ""family"": ""amount"", ""depth"": 2, ""entity_group"": ""E1"", ""concept_group"": ""T3"", ""over_years_group"": ""Y2""}",666.0,2,0,1,489345816,405947784,2345,0.552,0,1,2,12_rd_expense_YTD_Oct_31_2024,rd_expense_ytd,research and development expense,Vex Industries,YTD Oct 31 2024,USD,648.0,12_rd_expense_YTD_Oct_31_2025,rd_expense_ytd,research and development expense,Vex Industries,YTD Oct 31 2025,USD,666.0,,,,,,,,,,,,,,,,,,,,,,,,,,,,,,,,,,,
69,1,determine the the minimum of income before taxes for Peak Systems using values from YTD Oct 31 2024 through YTD Oct 31 2025.,"min(14_pretax_income_YTD_Oct_31_2024, 14_pretax_income_YTD_Oct_31_2025)","{""op"": ""min"", ""left"": {""leaf"": ""14_pretax_income_YTD_Oct_31_2024"", ""depth"": 0}, ""right"": {""leaf"": ""14_pretax_income_YTD_Oct_31_2025"", ""depth"": 0}, ""depth"": 1}","{""kind"": ""time_agg"", ""node_id"": ""N0"", ""op"": ""min"", ""family"": ""amount"", ""depth"": 3, ""entity_group"": ""E1"", ""concept_group"": ""T3"", ""over_years_group"": ""Y2""}",5127.0,3,0,1,929590307,656182489,2345,0.57,0,1,2,14_pretax_income_YTD_Oct_31_2024,pretax_income_ytd,income before taxes,Peak Systems,YTD Oct 31 2024,USD,5127.0,14_pretax_income_YTD_Oct_31_2025,pretax_income_ytd,income before taxes,Peak Systems,YTD Oct 31 2025,USD,5208.0,,,,,,,,,,,,,,,,,,,,,,,,,,,,,,,,,,,
70,2,What does the following give: average operating income for Plex Technologies across years YTD Oct 31 2024 through YTD Oct 31 2025,"ratio(sum(8_operating_income_YTD_Oct_31_2024, 8_operating_income_YTD_Oct_31_2025), 2.0)","{""op"": ""ratio"", ""left"": {""op"": ""sum"", ""left"": {""leaf"": ""8_operating_income_YTD_Oct_31_2024"", ""depth"": 0}, ""right"": {""leaf"": ""8_operating_income_YTD_Oct_31_2025"", ""depth"": 0}, ""depth"": 1}, ""right"": {""literal"": 2.0, ""depth"": 0}, ""depth"": 2}","{""kind"": ""time_agg"", ""node_id"": ""N0"", ""op"": ""avg"", ""family"": ""amount"", ""depth"": 2, ""entity_group"": ""E1"", ""concept_group"": ""T3"", ""over_years_group"": ""Y2""}",256.5,2,0,2,954728929,255734976,2345,0.573,0,1,2,8_operating_income_YTD_Oct_31_2024,operating_income_ytd,operating income,Plex Technologies,YTD Oct 31 2024,USD,249.0,8_operating_income_YTD_Oct_31_2025,operating_income_ytd,operating income,Plex Technologies,YTD Oct 31 2025,USD,264.0,,,,,,,,,,,,,,,,,,,,,,,,,,,,,,,,,,,
71,1,What do we obtain as the the minimum of change in unrealized gains/losses on securities for Zion Corp using values from Q Oct 31 2024 through Q Oct 31 2025?,"min(10_ci_unrealized_gains_Q_Oct_31_2024, 10_ci_unrealized_gains_Q_Oct_31_2025)","{""op"": ""min"", ""left"": {""leaf"": ""10_ci_unrealized_gains_Q_Oct_31_2024"", ""depth"": 0}, ""right"": {""leaf"": ""10_ci_unrealized_gains_Q_Oct_31_2025"", ""depth"": 0}, ""depth"": 1}","{""kind"": ""time_agg"", ""node_id"": ""N0"", ""op"": ""min"", ""family"": ""amount"", ""depth"": 4, ""entity_group"": ""E1"", ""concept_group"": ""T3"", ""over_years_group"": ""Y2""}",39.0,4,0,1,789863661,670078653,2345,0.154,0,1,2,10_ci_unrealized_gains_Q_Oct_31_2024,ci_unrealized_gains_q,change in unrealized gains/losses on securities,Zion Corp,Q Oct 31 2024,USD,63.0,10_ci_unrealized_gains_Q_Oct_31_2025,ci_unrealized_gains_q,change in unrealized gains/losses on securities,Zion Corp,Q Oct 31 2025,USD,39.0,,,,,,,,,,,,,,,,,,,,,,,,,,,,,,,,,,,
72,1,evaluate the the minimum of cash effect of exchange rate changes for Plex Technologies using values from YTD Oct 31 2024 through YTD Oct 31 2025,"min(8_cf_fx_effect_YTD_Oct_31_2024, 8_cf_fx_effect_YTD_Oct_31_2025)","{""op"": ""min"", ""left"": {""leaf"": ""8_cf_fx_effect_YTD_Oct_31_2024"", ""depth"": 0}, ""right"": {""leaf"": ""8_cf_fx_effect_YTD_Oct_31_2025"", ""depth"": 0}, ""depth"": 1}","{""kind"": ""time_agg"", ""node_id"": ""N0"", ""op"": ""min"", ""family"": ""amount"", ""depth"": 1, ""entity_group"": ""E1"", ""concept_group"": ""T3"", ""over_years_group"": ""Y2""}",-51.0,1,0,1,913178196,813298518,2345,0.337,0,1,2,8_cf_fx_effect_YTD_Oct_31_2024,cf_fx_effect_ytd,cash effect of exchange rate changes,Plex Technologies,YTD Oct 31 2024,USD,33.0,8_cf_fx_effect_YTD_Oct_31_2025,cf_fx_effect_ytd,cash effect of exchange rate changes,Plex Technologies,YTD Oct 31 2025,USD,-51.0,,,,,,,,,,,,,,,,,,,,,,,,,,,,,,,,,,,
73,1,state the the minimum of diluted earnings per share for Vex Industries using values from Q Oct 31 2024 through Q Oct 31 2025,"min(12_eps_diluted_Q_Oct_31_2024, 12_eps_diluted_Q_Oct_31_2025)","{""op"": ""min"", ""left"": {""leaf"": ""12_eps_diluted_Q_Oct_31_2024"", ""depth"": 0}, ""right"": {""leaf"": ""12_eps_diluted_Q_Oct_31_2025"", ""depth"": 0}, ""depth"": 1}","{""kind"": ""time_agg"", ""node_id"": ""N0"", ""op"": ""min"", ""family"": ""amount"", ""depth"": 3, ""entity_group"": ""E1"", ""concept_group"": ""T3"", ""over_years_group"": ""Y2""}",0.52,3,0,1,466871725,604834273,2345,0.483,0,1,2,12_eps_diluted_Q_Oct_31_2024,eps_diluted_q,diluted earnings per share,Vex Industries,Q Oct 31 2024,USD,0.52,12_eps_diluted_Q_Oct_31_2025,eps_diluted_q,diluted earnings per share,Vex Industries,Q Oct 31 2025,USD,0.53,,,,,,,,,,,,,,,,,,,,,,,,,,,,,,,,,,,
74,1,give the the maximum of net sales for Apex Technologies using values from YTD Oct 31 2024 through YTD Oct 31 2025.,"max(1_net_sales_YTD_Oct_31_2024, 1_net_sales_YTD_Oct_31_2025)","{""op"": ""max"", ""left"": {""leaf"": ""1_net_sales_YTD_Oct_31_2024"", ""depth"": 0}, ""right"": {""leaf"": ""1_net_sales_YTD_Oct_31_2025"", ""depth"": 0}, ""depth"": 1}","{""kind"": ""time_agg"", ""node_id"": ""N0"", ""op"": ""max"", ""family"": ""amount"", ""depth"": 3, ""entity_group"": ""E1"", ""concept_group"": ""T3"", ""over_years_group"": ""Y2""}",348549.0,3,0,1,447943308,384108354,2345,0.431,0,1,2,1_net_sales_YTD_Oct_31_2024,net_sales_ytd,net sales,Apex Technologies,YTD Oct 31 2024,USD,348549.0,1_net_sales_YTD_Oct_31_2025,net_sales_ytd,net sales,Apex Technologies,YTD Oct 31 2025,USD,344097.0,,,,,,,,,,,,,,,,,,,,,,,,,,,,,,,,,,,
75,2,You should calculate the average total current liabilities for Peak Systems across years Dec 31 2024 through Oct 31 2025.,"ratio(sum(14_current_liabilities_Dec_31_2024, 14_current_liabilities_Oct_31_2025), 2.0)","{""op"": ""ratio"", ""left"": {""op"": ""sum"", ""left"": {""leaf"": ""14_current_liabilities_Dec_31_2024"", ""depth"": 0}, ""right"": {""leaf"": ""14_current_liabilities_Oct_31_2025"", ""depth"": 0}, ""depth"": 1}, ""right"": {""literal"": 2.0, ""depth"": 0}, ""depth"": 2}","{""kind"": ""time_agg"", ""node_id"": ""N0"", ""op"": ""avg"", ""family"": ""amount"", ""depth"": 4, ""entity_group"": ""E1"", ""concept_group"": ""T3"", ""over_years_group"": ""Y2""}",30027.0,4,0,2,278859051,344540378,2345,0.288,0,1,2,14_current_liabilities_Dec_31_2024,current_liabilities,total current liabilities,Peak Systems,Dec 31 2024,USD,28868.0,14_current_liabilities_Oct_31_2025,current_liabilities,total current liabilities,Peak Systems,Oct 31 2025,USD,31186.0,,,,,,,,,,,,,,,,,,,,,,,,,,,,,,,,,,,
76,2,What is the average provision for income taxes for Nova Solutions across years YTD Oct 31 2024 through YTD Oct 31 2025 ?,"ratio(sum(4_tax_YTD_Oct_31_2024, 4_tax_YTD_Oct_31_2025), 2.0)","{""op"": ""ratio"", ""left"": {""op"": ""sum"", ""left"": {""leaf"": ""4_tax_YTD_Oct_31_2024"", ""depth"": 0}, ""right"": {""leaf"": ""4_tax_YTD_Oct_31_2025"", ""depth"": 0}, ""depth"": 1}, ""right"": {""literal"": 2.0, ""depth"": 0}, ""depth"": 2}","{""kind"": ""time_agg"", ""node_id"": ""N0"", ""op"": ""avg"", ""family"": ""amount"", ""depth"": 4, ""entity_group"": ""E1"", ""concept_group"": ""T3"", ""over_years_group"": ""Y2""}",8397.0,4,0,2,425356651,890560362,2345,0.397,0,1,2,4_tax_YTD_Oct_31_2024,tax_ytd,provision for income taxes,Nova Solutions,YTD Oct 31 2024,USD,8727.0,4_tax_YTD_Oct_31_2025,tax_ytd,provision for income taxes,Nova Solutions,YTD Oct 31 2025,USD,8067.0,,,,,,,,,,,,,,,,,,,,,,,,,,,,,,,,,,,
77,0,What's the value of the net cash from financing activities for Crest Systems in YTD Oct 31 2024?,9_cf_financing_YTD_Oct_31_2024,"{""leaf"": ""9_cf_financing_YTD_Oct_31_2024"", ""depth"": 0}","{""kind"": ""leaf"", ""name"": ""L0"", ""family"": ""amount"", ""semantic_type_in"": [""amount""], ""context_group"": ""C0"", ""entity_group"": ""E1""}",-2158.0,2,0,0,640891460,32121513,2345,0.45,0,1,1,9_cf_financing_YTD_Oct_31_2024,cf_financing_ytd,net cash from financing activities,Crest Systems,YTD Oct 31 2024,USD,-2158.0,,,,,,,,,,,,,,,,,,,,,,,,,,,,,,,,,,,,,,,,,,
78,0,Could you give the net income for Orion Enterprises in YTD Oct 31 2024?,6_net_income_YTD_Oct_31_2024,"{""leaf"": ""6_net_income_YTD_Oct_31_2024"", ""depth"": 0}","{""kind"": ""leaf"", ""name"": ""L0"", ""family"": ""amount"", ""semantic_type_in"": [""amount""], ""context_group"": ""C0"", ""entity_group"": ""E1""}",12066.0,0,0,0,711797193,947030380,2345,0.187,0,1,1,6_net_income_YTD_Oct_31_2024,net_income_ytd,net income,Orion Enterprises,YTD Oct 31 2024,USD,12066.0,,,,,,,,,,,,,,,,,,,,,,,,,,,,,,,,,,,,,,,,,,
79,0,"May you calculate the accounts receivable, net for Volt Inc in Dec 31 2024",0_accounts_receivable_Dec_31_2024,"{""leaf"": ""0_accounts_receivable_Dec_31_2024"", ""depth"": 0}","{""kind"": ""leaf"", ""name"": ""L0"", ""family"": ""amount"", ""semantic_type_in"": [""amount""], ""context_group"": ""C0"", ""entity_group"": ""E1""}",13179.0,0,0,0,897018323,602071373,2345,0.357,0,1,1,0_accounts_receivable_Dec_31_2024,accounts_receivable,"accounts receivable, net",Volt Inc,Dec 31 2024,USD,13179.0,,,,,,,,,,,,,,,,,,,,,,,,,,,,,,,,,,,,,,,,,,
80,1,what is the the maximum of net cash from financing activities for Apex Technologies using values from YTD Oct 31 2024 through YTD Oct 31 2025 ?,"max(1_cf_financing_YTD_Oct_31_2024, 1_cf_financing_YTD_Oct_31_2025)","{""op"": ""max"", ""left"": {""leaf"": ""1_cf_financing_YTD_Oct_31_2024"", ""depth"": 0}, ""right"": {""leaf"": ""1_cf_financing_YTD_Oct_31_2025"", ""depth"": 0}, ""depth"": 1}","{""kind"": ""time_agg"", ""node_id"": ""N0"", ""op"": ""max"", ""family"": ""amount"", ""depth"": 1, ""entity_group"": ""E1"", ""concept_group"": ""T3"", ""over_years_group"": ""Y2""}",-7520.0,1,0,1,697623669,885664782,2345,0.107,0,1,2,1_cf_financing_YTD_Oct_31_2024,cf_financing_ytd,net cash from financing activities,Apex Technologies,YTD Oct 31 2024,USD,-7737.0,1_cf_financing_YTD_Oct_31_2025,cf_financing_ytd,net cash from financing activities,Apex Technologies,YTD Oct 31 2025,USD,-7520.0,,,,,,,,,,,,,,,,,,,,,,,,,,,,,,,,,,,
81,0,which quantity is given by the net income (CI) for Volt Inc in Q Oct 31 2025,0_ci_net_income_Q_Oct_31_2025,"{""leaf"": ""0_ci_net_income_Q_Oct_31_2025"", ""depth"": 0}","{""kind"": ""leaf"", ""name"": ""L0"", ""family"": ""amount"", ""semantic_type_in"": [""amount""], ""context_group"": ""C0"", ""entity_group"": ""E1""}",5882.0,2,0,0,944904772,196163940,2345,0.115,0,1,1,0_ci_net_income_Q_Oct_31_2025,ci_net_income_q,net income (CI),Volt Inc,Q Oct 31 2025,USD,5882.0,,,,,,,,,,,,,,,,,,,,,,,,,,,,,,,,,,,,,,,,,,
82,0,What's the value of the change in foreign currency translation for Mira Systems in Q Oct 31 2025,2_ci_fx_translation_Q_Oct_31_2025,"{""leaf"": ""2_ci_fx_translation_Q_Oct_31_2025"", ""depth"": 0}","{""kind"": ""leaf"", ""name"": ""L0"", ""family"": ""amount"", ""semantic_type_in"": [""amount""], ""context_group"": ""C0"", ""entity_group"": ""E1""}",71.0,0,0,0,497929796,767643560,2345,0.472,0,1,1,2_ci_fx_translation_Q_Oct_31_2025,ci_fx_translation_q,change in foreign currency translation,Mira Systems,Q Oct 31 2025,USD,71.0,,,,,,,,,,,,,,,,,,,,,,,,,,,,,,,,,,,,,,,,,,
83,1,which quantity is given by the the minimum of other non-current liabilities for Apex Technologies using values from Dec 31 2024 through Oct 31 2025,"min(1_other_ncl_Dec_31_2024, 1_other_ncl_Oct_31_2025)","{""op"": ""min"", ""left"": {""leaf"": ""1_other_ncl_Dec_31_2024"", ""depth"": 0}, ""right"": {""leaf"": ""1_other_ncl_Oct_31_2025"", ""depth"": 0}, ""depth"": 1}","{""kind"": ""time_agg"", ""node_id"": ""N0"", ""op"": ""min"", ""family"": ""amount"", ""depth"": 3, ""entity_group"": ""E1"", ""concept_group"": ""T3"", ""over_years_group"": ""Y2""}",3545.0,3,0,1,489670714,324571381,2345,0.406,0,1,2,1_other_ncl_Dec_31_2024,other_ncl,other non-current liabilities,Apex Technologies,Dec 31 2024,USD,3894.0,1_other_ncl_Oct_31_2025,other_ncl,other non-current liabilities,Apex Technologies,Oct 31 2025,USD,3545.0,,,,,,,,,,,,,,,,,,,,,,,,,,,,,,,,,,,
84,2,may you calculate the average net income (CI) for Crest Systems across years Q Oct 31 2024 through Q Oct 31 2025 ?,"ratio(sum(9_ci_net_income_Q_Oct_31_2024, 9_ci_net_income_Q_Oct_31_2025), 2.0)","{""op"": ""ratio"", ""left"": {""op"": ""sum"", ""left"": {""leaf"": ""9_ci_net_income_Q_Oct_31_2024"", ""depth"": 0}, ""right"": {""leaf"": ""9_ci_net_income_Q_Oct_31_2025"", ""depth"": 0}, ""depth"": 1}, ""right"": {""literal"": 2.0, ""depth"": 0}, ""depth"": 2}","{""kind"": ""time_agg"", ""node_id"": ""N0"", ""op"": ""avg"", ""family"": ""amount"", ""depth"": 2, ""entity_group"": ""E1"", ""concept_group"": ""T3"", ""over_years_group"": ""Y2""}",2199.5,2,0,2,502650029,294953320,2345,0.108,0,1,2,9_ci_net_income_Q_Oct_31_2024,ci_net_income_q,net income (CI),Crest Systems,Q Oct 31 2024,USD,2211.0,9_ci_net_income_Q_Oct_31_2025,ci_net_income_q,net income (CI),Crest Systems,Q Oct 31 2025,USD,2188.0,,,,,,,,,,,,,,,,,,,,,,,,,,,,,,,,,,,
85,1,What's the value of the longterm liabilities for Plex Technologies in Dec 31 2024?,longterm_liabilities,"{""derived"": ""longterm_liabilities"", ""expanded"": {""op"": ""diff"", ""left"": {""leaf"": ""8_total_liabilities_Dec_31_2024"", ""depth"": 0}, ""right"": {""leaf"": ""8_current_liabilities_Dec_31_2024"", ""depth"": 0}, ""depth"": 1}, ""depth"": 1}","{""kind"": ""derived_concept"", ""name"": ""longterm_liabilities"", ""family"": ""amount"", ""concept_depth"": 1, ""context_group"": ""C0"", ""entity_group"": ""E1""}",30518.0,4,0,1,210683852,184003651,2345,0.517,0,1,2,8_total_liabilities_Dec_31_2024,total_liabilities,total liabilities,Plex Technologies,Dec 31 2024,USD,97825.0,8_current_liabilities_Dec_31_2024,current_liabilities,total current liabilities,Plex Technologies,Dec 31 2024,USD,67307.0,,,,,,,,,,,,,,,,,,,,,,,,,,,,,,,,,,,
86,1,could you give the the minimum of cash and cash equivalents for Crest Systems using values from Dec 31 2024 through Oct 31 2025 ?,"min(9_cash_Dec_31_2024, 9_cash_Oct_31_2025)","{""op"": ""min"", ""left"": {""leaf"": ""9_cash_Dec_31_2024"", ""depth"": 0}, ""right"": {""leaf"": ""9_cash_Oct_31_2025"", ""depth"": 0}, ""depth"": 1}","{""kind"": ""time_agg"", ""node_id"": ""N0"", ""op"": ""min"", ""family"": ""amount"", ""depth"": 3, ""entity_group"": ""E1"", ""concept_group"": ""T3"", ""over_years_group"": ""Y2""}",1905.0,3,0,1,551559001,463278361,2345,0.178,0,1,2,9_cash_Dec_31_2024,cash,cash and cash equivalents,Crest Systems,Dec 31 2024,USD,1930.0,9_cash_Oct_31_2025,cash,cash and cash equivalents,Crest Systems,Oct 31 2025,USD,1905.0,,,,,,,,,,,,,,,,,,,,,,,,,,,,,,,,,,,
87,1,what is the the maximum of change in foreign currency translation for Peak Systems using values from YTD Oct 31 2024 through YTD Oct 31 2025 ?,"max(14_ci_fx_translation_YTD_Oct_31_2024, 14_ci_fx_translation_YTD_Oct_31_2025)","{""op"": ""max"", ""left"": {""leaf"": ""14_ci_fx_translation_YTD_Oct_31_2024"", ""depth"": 0}, ""right"": {""leaf"": ""14_ci_fx_translation_YTD_Oct_31_2025"", ""depth"": 0}, ""depth"": 1}","{""kind"": ""time_agg"", ""node_id"": ""N0"", ""op"": ""max"", ""family"": ""amount"", ""depth"": 3, ""entity_group"": ""E1"", ""concept_group"": ""T3"", ""over_years_group"": ""Y2""}",178.0,3,0,1,761420795,311440005,2345,0.428,0,1,2,14_ci_fx_translation_YTD_Oct_31_2024,ci_fx_translation_ytd,change in foreign currency translation,Peak Systems,YTD Oct 31 2024,USD,154.0,14_ci_fx_translation_YTD_Oct_31_2025,ci_fx_translation_ytd,change in foreign currency translation,Peak Systems,YTD Oct 31 2025,USD,178.0,,,,,,,,,,,,,,,,,,,,,,,,,,,,,,,,,,,
88,1,You should calculate the difference between retained earnings and accrued expenses and other for Plex Technologies in Dec 31 2024.,"diff(8_retained_earnings_Dec_31_2024, 8_accrued_expenses_Dec_31_2024)","{""op"": ""diff"", ""left"": {""leaf"": ""8_retained_earnings_Dec_31_2024"", ""depth"": 0}, ""right"": {""leaf"": ""8_accrued_expenses_Dec_31_2024"", ""depth"": 0}, ""depth"": 1}","{""kind"": ""node"", ""node_id"": ""N0"", ""op"": ""diff"", ""family"": ""amount"", ""depth"": 1, ""left"": {""kind"": ""leaf"", ""name"": ""L0"", ""family"": ""amount"", ""semantic_type_in"": [""amount""], ""context_group"": ""C0"", ""entity_group"": ""E1""}, ""right"": {""kind"": ""leaf"", ""name"": ""L1"", ""family"": ""amount"", ""semantic_type_in"": [""amount""], ""context_group"": ""C0"", ""entity_group"": ""E1""}}",-4227.0,1,1,1,233351811,490550780,2345,0.41,1,2,2,8_retained_earnings_Dec_31_2024,retained_earnings,retained earnings,Plex Technologies,Dec 31 2024,USD,3448.0,8_accrued_expenses_Dec_31_2024,accrued_expenses,accrued expenses and other,Plex Technologies,Dec 31 2024,USD,7675.0,,,,,,,,,,,,,,,,,,,,,,,,,,,,,,,,,,,
89,1,Give the the maximum of membership and other income for Zion Corp using values from YTD Oct 31 2024 through YTD Oct 31 2025,"max(10_membership_and_other_income_YTD_Oct_31_2024, 10_membership_and_other_income_YTD_Oct_31_2025)","{""op"": ""max"", ""left"": {""leaf"": ""10_membership_and_other_income_YTD_Oct_31_2024"", ""depth"": 0}, ""right"": {""leaf"": ""10_membership_and_other_income_YTD_Oct_31_2025"", ""depth"": 0}, ""depth"": 1}","{""kind"": ""time_agg"", ""node_id"": ""N0"", ""op"": ""max"", ""family"": ""amount"", ""depth"": 1, ""entity_group"": ""E1"", ""concept_group"": ""T3"", ""over_years_group"": ""Y2""}",3312.0,1,0,1,721154354,257153225,2345,0.45,0,1,2,10_membership_and_other_income_YTD_Oct_31_2024,membership_and_other_income_ytd,membership and other income,Zion Corp,YTD Oct 31 2024,USD,3312.0,10_membership_and_other_income_YTD_Oct_31_2025,membership_and_other_income_ytd,membership and other income,Zion Corp,YTD Oct 31 2025,USD,3018.0,,,,,,,,,,,,,,,,,,,,,,,,,,,,,,,,,,,
90,0,May you calculate the accounts payable for Plex Technologies in Dec 31 2024?,8_accounts_payable_Dec_31_2024,"{""leaf"": ""8_accounts_payable_Dec_31_2024"", ""depth"": 0}","{""kind"": ""leaf"", ""name"": ""L0"", ""family"": ""amount"", ""semantic_type_in"": [""amount""], ""context_group"": ""C0"", ""entity_group"": ""E1""}",48227.0,4,0,0,557370496,329211145,2345,0.375,0,1,1,8_accounts_payable_Dec_31_2024,accounts_payable,accounts payable,Plex Technologies,Dec 31 2024,USD,48227.0,,,,,,,,,,,,,,,,,,,,,,,,,,,,,,,,,,,,,,,,,,
91,2,which value corresponds to the average common stock and additional paid-in capital for Zion Solutions across years Dec 31 2024 through Oct 31 2025,"ratio(sum(3_common_stock_apic_Dec_31_2024, 3_common_stock_apic_Oct_31_2025), 2.0)","{""op"": ""ratio"", ""left"": {""op"": ""sum"", ""left"": {""leaf"": ""3_common_stock_apic_Dec_31_2024"", ""depth"": 0}, ""right"": {""leaf"": ""3_common_stock_apic_Oct_31_2025"", ""depth"": 0}, ""depth"": 1}, ""right"": {""literal"": 2.0, ""depth"": 0}, ""depth"": 2}","{""kind"": ""time_agg"", ""node_id"": ""N0"", ""op"": ""avg"", ""family"": ""amount"", ""depth"": 1, ""entity_group"": ""E1"", ""concept_group"": ""T3"", ""over_years_group"": ""Y2""}",7620.5,1,0,2,133126937,960527982,2345,0.489,0,1,2,3_common_stock_apic_Dec_31_2024,common_stock_apic,common stock and additional paid-in capital,Zion Solutions,Dec 31 2024,USD,8090.0,3_common_stock_apic_Oct_31_2025,common_stock_apic,common stock and additional paid-in capital,Zion Solutions,Oct 31 2025,USD,7151.0,,,,,,,,,,,,,,,,,,,,,,,,,,,,,,,,,,,
92,2,calculate the average net income for Alto Inc across years Q Oct 31 2024 through Q Oct 31 2025.,"ratio(sum(5_net_income_Q_Oct_31_2024, 5_net_income_Q_Oct_31_2025), 2.0)","{""op"": ""ratio"", ""left"": {""op"": ""sum"", ""left"": {""leaf"": ""5_net_income_Q_Oct_31_2024"", ""depth"": 0}, ""right"": {""leaf"": ""5_net_income_Q_Oct_31_2025"", ""depth"": 0}, ""depth"": 1}, ""right"": {""literal"": 2.0, ""depth"": 0}, ""depth"": 2}","{""kind"": ""time_agg"", ""node_id"": ""N0"", ""op"": ""avg"", ""family"": ""amount"", ""depth"": 4, ""entity_group"": ""E1"", ""concept_group"": ""T3"", ""over_years_group"": ""Y2""}",5439.5,4,0,2,249823848,617762969,2345,0.291,0,1,2,5_net_income_Q_Oct_31_2024,net_income_q,net income,Alto Inc,Q Oct 31 2024,USD,5463.0,5_net_income_Q_Oct_31_2025,net_income_q,net income,Alto Inc,Q Oct 31 2025,USD,5416.0,,,,,,,,,,,,,,,,,,,,,,,,,,,,,,,,,,,
93,1,Compute the the maximum of net income (CI) for Orion Enterprises using values from Q Oct 31 2024 through Q Oct 31 2025 .,"max(6_ci_net_income_Q_Oct_31_2024, 6_ci_net_income_Q_Oct_31_2025)","{""op"": ""max"", ""left"": {""leaf"": ""6_ci_net_income_Q_Oct_31_2024"", ""depth"": 0}, ""right"": {""leaf"": ""6_ci_net_income_Q_Oct_31_2025"", ""depth"": 0}, ""depth"": 1}","{""kind"": ""time_agg"", ""node_id"": ""N0"", ""op"": ""max"", ""family"": ""amount"", ""depth"": 4, ""entity_group"": ""E1"", ""concept_group"": ""T3"", ""over_years_group"": ""Y2""}",4110.0,4,0,1,988135733,865554038,2345,0.168,0,1,2,6_ci_net_income_Q_Oct_31_2024,ci_net_income_q,net income (CI),Orion Enterprises,Q Oct 31 2024,USD,4022.0,6_ci_net_income_Q_Oct_31_2025,ci_net_income_q,net income (CI),Orion Enterprises,Q Oct 31 2025,USD,4110.0,,,,,,,,,,,,,,,,,,,,,,,,,,,,,,,,,,,
94,1,what would be the the minimum of share repurchases for Crest Systems using values from YTD Oct 31 2024 through YTD Oct 31 2025 ?,"min(9_cf_repurchases_YTD_Oct_31_2024, 9_cf_repurchases_YTD_Oct_31_2025)","{""op"": ""min"", ""left"": {""leaf"": ""9_cf_repurchases_YTD_Oct_31_2024"", ""depth"": 0}, ""right"": {""leaf"": ""9_cf_repurchases_YTD_Oct_31_2025"", ""depth"": 0}, ""depth"": 1}","{""kind"": ""time_agg"", ""node_id"": ""N0"", ""op"": ""min"", ""family"": ""amount"", ""depth"": 2, ""entity_group"": ""E1"", ""concept_group"": ""T3"", ""over_years_group"": ""Y2""}",-1114.0,2,0,1,316426431,620604739,2345,0.172,0,1,2,9_cf_repurchases_YTD_Oct_31_2024,cf_repurchases_ytd,share repurchases,Crest Systems,YTD Oct 31 2024,USD,-1114.0,9_cf_repurchases_YTD_Oct_31_2025,cf_repurchases_ytd,share repurchases,Crest Systems,YTD Oct 31 2025,USD,-1102.0,,,,,,,,,,,,,,,,,,,,,,,,,,,,,,,,,,,
95,1,Calculate the the maximum of provision for income taxes for Plex Technologies using values from YTD Oct 31 2024 through YTD Oct 31 2025,"max(8_tax_YTD_Oct_31_2024, 8_tax_YTD_Oct_31_2025)","{""op"": ""max"", ""left"": {""leaf"": ""8_tax_YTD_Oct_31_2024"", ""depth"": 0}, ""right"": {""leaf"": ""8_tax_YTD_Oct_31_2025"", ""depth"": 0}, ""depth"": 1}","{""kind"": ""time_agg"", ""node_id"": ""N0"", ""op"": ""max"", ""family"": ""amount"", ""depth"": 2, ""entity_group"": ""E1"", ""concept_group"": ""T3"", ""over_years_group"": ""Y2""}",0.0,2,0,1,273616097,442555303,2345,0.247,0,1,2,8_tax_YTD_Oct_31_2024,tax_ytd,provision for income taxes,Plex Technologies,YTD Oct 31 2024,USD,0.0,8_tax_YTD_Oct_31_2025,tax_ytd,provision for income taxes,Plex Technologies,YTD Oct 31 2025,USD,-0.0,,,,,,,,,,,,,,,,,,,,,,,,,,,,,,,,,,,
96,0,give the deferred revenue for Zion Solutions in Dec 31 2024,3_deferred_revenue_Dec_31_2024,"{""leaf"": ""3_deferred_revenue_Dec_31_2024"", ""depth"": 0}","{""kind"": ""leaf"", ""name"": ""L0"", ""family"": ""amount"", ""semantic_type_in"": [""amount""], ""context_group"": ""C0"", ""entity_group"": ""E1""}",1520.0,0,0,0,589463128,142556395,2345,0.163,0,1,1,3_deferred_revenue_Dec_31_2024,deferred_revenue,deferred revenue,Zion Solutions,Dec 31 2024,USD,1520.0,,,,,,,,,,,,,,,,,,,,,,,,,,,,,,,,,,,,,,,,,,
97,0,may you calculate the cash effect of exchange rate changes for Mira Systems in YTD Oct 31 2024?,2_cf_fx_effect_YTD_Oct_31_2024,"{""leaf"": ""2_cf_fx_effect_YTD_Oct_31_2024"", ""depth"": 0}","{""kind"": ""leaf"", ""name"": ""L0"", ""family"": ""amount"", ""semantic_type_in"": [""amount""], ""context_group"": ""C0"", ""entity_group"": ""E1""}",44.0,0,0,0,530565705,739867953,2345,0.369,0,1,1,2_cf_fx_effect_YTD_Oct_31_2024,cf_fx_effect_ytd,cash effect of exchange rate changes,Mira Systems,YTD Oct 31 2024,USD,44.0,,,,,,,,,,,,,,,,,,,,,,,,,,,,,,,,,,,,,,,,,,
98,1,what does the following give: the maximum of total comprehensive income for Nova Holdings using values from YTD Oct 31 2024 through YTD Oct 31 2025?,"max(13_comprehensive_income_YTD_Oct_31_2024, 13_comprehensive_income_YTD_Oct_31_2025)","{""op"": ""max"", ""left"": {""leaf"": ""13_comprehensive_income_YTD_Oct_31_2024"", ""depth"": 0}, ""right"": {""leaf"": ""13_comprehensive_income_YTD_Oct_31_2025"", ""depth"": 0}, ""depth"": 1}","{""kind"": ""time_agg"", ""node_id"": ""N0"", ""op"": ""max"", ""family"": ""amount"", ""depth"": 4, ""entity_group"": ""E1"", ""concept_group"": ""T3"", ""over_years_group"": ""Y2""}",25259.0,4,0,1,891357646,403241268,2345,0.309,0,1,2,13_comprehensive_income_YTD_Oct_31_2024,comprehensive_income_ytd,total comprehensive income,Nova Holdings,YTD Oct 31 2024,USD,25259.0,13_comprehensive_income_YTD_Oct_31_2025,comprehensive_income_ytd,total comprehensive income,Nova Holdings,YTD Oct 31 2025,USD,22710.0,,,,,,,,,,,,,,,,,,,,,,,,,,,,,,,,,,,
99,1,What is the difference between basic earnings per share and income before taxes for Alto Inc in YTD Oct 31 2024?,"diff(5_eps_basic_YTD_Oct_31_2024, 5_pretax_income_YTD_Oct_31_2024)","{""op"": ""diff"", ""left"": {""leaf"": ""5_eps_basic_YTD_Oct_31_2024"", ""depth"": 0}, ""right"": {""leaf"": ""5_pretax_income_YTD_Oct_31_2024"", ""depth"": 0}, ""depth"": 1}","{""kind"": ""node"", ""node_id"": ""N0"", ""op"": ""diff"", ""family"": ""amount"", ""depth"": 1, ""left"": {""kind"": ""leaf"", ""name"": ""L0"", ""family"": ""amount"", ""semantic_type_in"": [""amount""], ""context_group"": ""C0"", ""entity_group"": ""E1""}, ""right"": {""kind"": ""leaf"", ""name"": ""L1"", ""family"": ""amount"", ""semantic_type_in"": [""amount""], ""context_group"": ""C0"", ""entity_group"": ""E1""}}",-22378.1,1,1,1,44517545,287042470,2345,0.416,1,2,2,5_eps_basic_YTD_Oct_31_2024,eps_basic_ytd,basic earnings per share,Alto Inc,YTD Oct 31 2024,USD,1.9,5_pretax_income_YTD_Oct_31_2024,pretax_income_ytd,income before taxes,Alto Inc,YTD Oct 31 2024,USD,22380.0,,,,,,,,,,,,,,,,,,,,,,,,,,,,,,,,,,,
100,0,which quantity is given by the net income (cash flow) for Zion Solutions in YTD Oct 31 2024 ?,3_cf_net_income_YTD_Oct_31_2024,"{""leaf"": ""3_cf_net_income_YTD_Oct_31_2024"", ""depth"": 0}","{""kind"": ""leaf"", ""name"": ""L0"", ""family"": ""amount"", ""semantic_type_in"": [""amount""], ""context_group"": ""C0"", ""entity_group"": ""E1""}",4170.0,3,0,0,568931565,757613404,2345,0.129,0,1,1,3_cf_net_income_YTD_Oct_31_2024,cf_net_income_ytd,net income (cash flow),Zion Solutions,YTD Oct 31 2024,USD,4170.0,,,,,,,,,,,,,,,,,,,,,,,,,,,,,,,,,,,,,,,,,,
101,1,You should calculate the the minimum of net cash from financing activities for Trek Holdings using values from YTD Oct 31 2024 through YTD Oct 31 2025 .,"min(11_cf_financing_YTD_Oct_31_2024, 11_cf_financing_YTD_Oct_31_2025)","{""op"": ""min"", ""left"": {""leaf"": ""11_cf_financing_YTD_Oct_31_2024"", ""depth"": 0}, ""right"": {""leaf"": ""11_cf_financing_YTD_Oct_31_2025"", ""depth"": 0}, ""depth"": 1}","{""kind"": ""time_agg"", ""node_id"": ""N0"", ""op"": ""min"", ""family"": ""amount"", ""depth"": 3, ""entity_group"": ""E1"", ""concept_group"": ""T3"", ""over_years_group"": ""Y2""}",-5790.0,3,0,1,230239686,563530518,2345,0.362,0,1,2,11_cf_financing_YTD_Oct_31_2024,cf_financing_ytd,net cash from financing activities,Trek Holdings,YTD Oct 31 2024,USD,-5344.0,11_cf_financing_YTD_Oct_31_2025,cf_financing_ytd,net cash from financing activities,Trek Holdings,YTD Oct 31 2025,USD,-5790.0,,,,,,,,,,,,,,,,,,,,,,,,,,,,,,,,,,,
102,0,Give the net income (CI) for Zion Corp in Q Oct 31 2025 .,10_ci_net_income_Q_Oct_31_2025,"{""leaf"": ""10_ci_net_income_Q_Oct_31_2025"", ""depth"": 0}","{""kind"": ""leaf"", ""name"": ""L0"", ""family"": ""amount"", ""semantic_type_in"": [""amount""], ""context_group"": ""C0"", ""entity_group"": ""E1""}",8332.0,3,0,0,942488452,719984768,2345,0.354,0,1,1,10_ci_net_income_Q_Oct_31_2025,ci_net_income_q,net income (CI),Zion Corp,Q Oct 31 2025,USD,8332.0,,,,,,,,,,,,,,,,,,,,,,,,,,,,,,,,,,,,,,,,,,
103,0,Compute the income before taxes for Mira Systems in Q Oct 31 2025.,2_pretax_income_Q_Oct_31_2025,"{""leaf"": ""2_pretax_income_Q_Oct_31_2025"", ""depth"": 0}","{""kind"": ""leaf"", ""name"": ""L0"", ""family"": ""amount"", ""semantic_type_in"": [""amount""], ""context_group"": ""C0"", ""entity_group"": ""E1""}",2794.0,1,0,0,125883693,689148031,2345,0.273,0,1,1,2_pretax_income_Q_Oct_31_2025,pretax_income_q,income before taxes,Mira Systems,Q Oct 31 2025,USD,2794.0,,,,,,,,,,,,,,,,,,,,,,,,,,,,,,,,,,,,,,,,,,
104,1,What do we obtain as the the minimum of total revenues for Mira Systems using values from YTD Oct 31 2024 through YTD Oct 31 2025?,"min(2_revenues_YTD_Oct_31_2024, 2_revenues_YTD_Oct_31_2025)","{""op"": ""min"", ""left"": {""leaf"": ""2_revenues_YTD_Oct_31_2024"", ""depth"": 0}, ""right"": {""leaf"": ""2_revenues_YTD_Oct_31_2025"", ""depth"": 0}, ""depth"": 1}","{""kind"": ""time_agg"", ""node_id"": ""N0"", ""op"": ""min"", ""family"": ""amount"", ""depth"": 1, ""entity_group"": ""E1"", ""concept_group"": ""T3"", ""over_years_group"": ""Y2""}",291507.0,1,0,1,867366473,106086387,2345,0.319,0,1,2,2_revenues_YTD_Oct_31_2024,revenues_ytd,total revenues,Mira Systems,YTD Oct 31 2024,USD,291507.0,2_revenues_YTD_Oct_31_2025,revenues_ytd,total revenues,Mira Systems,YTD Oct 31 2025,USD,318747.0,,,,,,,,,,,,,,,,,,,,,,,,,,,,,,,,,,,
105,0,calculate the total liabilities for Crest Systems in Dec 31 2024.,9_total_liabilities_Dec_31_2024,"{""leaf"": ""9_total_liabilities_Dec_31_2024"", ""depth"": 0}","{""kind"": ""leaf"", ""name"": ""L0"", ""family"": ""amount"", ""semantic_type_in"": [""amount""], ""context_group"": ""C0"", ""entity_group"": ""E1""}",24289.0,0,0,0,384934086,287714263,2345,0.25,0,1,1,9_total_liabilities_Dec_31_2024,total_liabilities,total liabilities,Crest Systems,Dec 31 2024,USD,24289.0,,,,,,,,,,,,,,,,,,,,,,,,,,,,,,,,,,,,,,,,,,
106,0,Which value corresponds to the total costs and expenses for Nova Enterprises in YTD Oct 31 2024?,7_total_costs_YTD_Oct_31_2024,"{""leaf"": ""7_total_costs_YTD_Oct_31_2024"", ""depth"": 0}","{""kind"": ""leaf"", ""name"": ""L0"", ""family"": ""amount"", ""semantic_type_in"": [""amount""], ""context_group"": ""C0"", ""entity_group"": ""E1""}",384822.0,2,0,0,282989153,744454089,2345,0.136,0,1,1,7_total_costs_YTD_Oct_31_2024,total_costs_ytd,total costs and expenses,Nova Enterprises,YTD Oct 31 2024,USD,384822.0,,,,,,,,,,,,,,,,,,,,,,,,,,,,,,,,,,,,,,,,,,
107,1,determine the the maximum of membership and other income for Nova Holdings using values from Q Oct 31 2024 through Q Oct 31 2025,"max(13_membership_and_other_income_Q_Oct_31_2024, 13_membership_and_other_income_Q_Oct_31_2025)","{""op"": ""max"", ""left"": {""leaf"": ""13_membership_and_other_income_Q_Oct_31_2024"", ""depth"": 0}, ""right"": {""leaf"": ""13_membership_and_other_income_Q_Oct_31_2025"", ""depth"": 0}, ""depth"": 1}","{""kind"": ""time_agg"", ""node_id"": ""N0"", ""op"": ""max"", ""family"": ""amount"", ""depth"": 4, ""entity_group"": ""E1"", ""concept_group"": ""T3"", ""over_years_group"": ""Y2""}",2371.0,4,0,1,874390284,646013502,2345,0.442,0,1,2,13_membership_and_other_income_Q_Oct_31_2024,membership_and_other_income_q,membership and other income,Nova Holdings,Q Oct 31 2024,USD,2371.0,13_membership_and_other_income_Q_Oct_31_2025,membership_and_other_income_q,membership and other income,Nova Holdings,Q Oct 31 2025,USD,2131.0,,,,,,,,,,,,,,,,,,,,,,,,,,,,,,,,,,,
108,1,You should calculate the the minimum of total revenues for Nova Solutions using values from Q Oct 31 2024 through Q Oct 31 2025.,"min(4_revenues_Q_Oct_31_2024, 4_revenues_Q_Oct_31_2025)","{""op"": ""min"", ""left"": {""leaf"": ""4_revenues_Q_Oct_31_2024"", ""depth"": 0}, ""right"": {""leaf"": ""4_revenues_Q_Oct_31_2025"", ""depth"": 0}, ""depth"": 1}","{""kind"": ""time_agg"", ""node_id"": ""N0"", ""op"": ""min"", ""family"": ""amount"", ""depth"": 4, ""entity_group"": ""E1"", ""concept_group"": ""T3"", ""over_years_group"": ""Y2""}",89280.0,4,0,1,613821696,296603427,2345,0.569,0,1,2,4_revenues_Q_Oct_31_2024,revenues_q,total revenues,Nova Solutions,Q Oct 31 2024,USD,96577.0,4_revenues_Q_Oct_31_2025,revenues_q,total revenues,Nova Solutions,Q Oct 31 2025,USD,89280.0,,,,,,,,,,,,,,,,,,,,,,,,,,,,,,,,,,,
109,1,Which quantity is given by the the maximum of research and development expense for Alto Inc using values from YTD Oct 31 2024 through YTD Oct 31 2025?,"max(5_rd_expense_YTD_Oct_31_2024, 5_rd_expense_YTD_Oct_31_2025)","{""op"": ""max"", ""left"": {""leaf"": ""5_rd_expense_YTD_Oct_31_2024"", ""depth"": 0}, ""right"": {""leaf"": ""5_rd_expense_YTD_Oct_31_2025"", ""depth"": 0}, ""depth"": 1}","{""kind"": ""time_agg"", ""node_id"": ""N0"", ""op"": ""max"", ""family"": ""amount"", ""depth"": 1, ""entity_group"": ""E1"", ""concept_group"": ""T3"", ""over_years_group"": ""Y2""}",651.0,1,0,1,823664306,27735577,2345,0.2,0,1,2,5_rd_expense_YTD_Oct_31_2024,rd_expense_ytd,research and development expense,Alto Inc,YTD Oct 31 2024,USD,651.0,5_rd_expense_YTD_Oct_31_2025,rd_expense_ytd,research and development expense,Alto Inc,YTD Oct 31 2025,USD,645.0,,,,,,,,,,,,,,,,,,,,,,,,,,,,,,,,,,,
110,0,What would be the gross profit for Plex Technologies in YTD Oct 31 2025 ?,8_gross_profit_YTD_Oct_31_2025,"{""leaf"": ""8_gross_profit_YTD_Oct_31_2025"", ""depth"": 0}","{""kind"": ""leaf"", ""name"": ""L0"", ""family"": ""amount"", ""semantic_type_in"": [""amount""], ""context_group"": ""C0"", ""entity_group"": ""E1""}",72486.0,0,0,0,656153255,861825822,2345,0.493,0,1,1,8_gross_profit_YTD_Oct_31_2025,gross_profit_ytd,gross profit,Plex Technologies,YTD Oct 31 2025,USD,72486.0,,,,,,,,,,,,,,,,,,,,,,,,,,,,,,,,,,,,,,,,,,
111,0,May you calculate the provision for income taxes for Apex Technologies in Q Oct 31 2024,1_tax_Q_Oct_31_2024,"{""leaf"": ""1_tax_Q_Oct_31_2024"", ""depth"": 0}","{""kind"": ""leaf"", ""name"": ""L0"", ""family"": ""amount"", ""semantic_type_in"": [""amount""], ""context_group"": ""C0"", ""entity_group"": ""E1""}",3188.0,0,0,0,64035454,195265070,2345,0.256,0,1,1,1_tax_Q_Oct_31_2024,tax_q,provision for income taxes,Apex Technologies,Q Oct 31 2024,USD,3188.0,,,,,,,,,,,,,,,,,,,,,,,,,,,,,,,,,,,,,,,,,,
112,2,you should give the average net income (CI) for Zion Corp across years YTD Oct 31 2024 through YTD Oct 31 2025 .,"ratio(sum(10_ci_net_income_YTD_Oct_31_2024, 10_ci_net_income_YTD_Oct_31_2025), 2.0)","{""op"": ""ratio"", ""left"": {""op"": ""sum"", ""left"": {""leaf"": ""10_ci_net_income_YTD_Oct_31_2024"", ""depth"": 0}, ""right"": {""leaf"": ""10_ci_net_income_YTD_Oct_31_2025"", ""depth"": 0}, ""depth"": 1}, ""right"": {""literal"": 2.0, ""depth"": 0}, ""depth"": 2}","{""kind"": ""time_agg"", ""node_id"": ""N0"", ""op"": ""avg"", ""family"": ""amount"", ""depth"": 2, ""entity_group"": ""E1"", ""concept_group"": ""T3"", ""over_years_group"": ""Y2""}",26212.5,2,0,2,774272447,244405935,2345,0.364,0,1,2,10_ci_net_income_YTD_Oct_31_2024,ci_net_income_ytd,net income (CI),Zion Corp,YTD Oct 31 2024,USD,27429.0,10_ci_net_income_YTD_Oct_31_2025,ci_net_income_ytd,net income (CI),Zion Corp,YTD Oct 31 2025,USD,24996.0,,,,,,,,,,,,,,,,,,,,,,,,,,,,,,,,,,,
113,1,which value corresponds to the the minimum of total revenues for Alto Inc using values from YTD Oct 31 2024 through YTD Oct 31 2025?,"min(5_revenues_YTD_Oct_31_2024, 5_revenues_YTD_Oct_31_2025)","{""op"": ""min"", ""left"": {""leaf"": ""5_revenues_YTD_Oct_31_2024"", ""depth"": 0}, ""right"": {""leaf"": ""5_revenues_YTD_Oct_31_2025"", ""depth"": 0}, ""depth"": 1}","{""kind"": ""time_agg"", ""node_id"": ""N0"", ""op"": ""min"", ""family"": ""amount"", ""depth"": 3, ""entity_group"": ""E1"", ""concept_group"": ""T3"", ""over_years_group"": ""Y2""}",253719.0,3,0,1,273462489,310263789,2345,0.385,0,1,2,5_revenues_YTD_Oct_31_2024,revenues_ytd,total revenues,Alto Inc,YTD Oct 31 2024,USD,255942.0,5_revenues_YTD_Oct_31_2025,revenues_ytd,total revenues,Alto Inc,YTD Oct 31 2025,USD,253719.0,,,,,,,,,,,,,,,,,,,,,,,,,,,,,,,,,,,
114,0,State the selling general and administrative expense for Peak Systems in YTD Oct 31 2024,14_sga_expense_YTD_Oct_31_2024,"{""leaf"": ""14_sga_expense_YTD_Oct_31_2024"", ""depth"": 0}","{""kind"": ""leaf"", ""name"": ""L0"", ""family"": ""amount"", ""semantic_type_in"": [""amount""], ""context_group"": ""C0"", ""entity_group"": ""E1""}",54840.0,0,0,0,685591209,69645590,2345,0.438,0,1,1,14_sga_expense_YTD_Oct_31_2024,sga_expense_ytd,selling general and administrative expense,Peak Systems,YTD Oct 31 2024,USD,54840.0,,,,,,,,,,,,,,,,,,,,,,,,,,,,,,,,,,,,,,,,,,
115,2,You should give the average total shareholders equity for Apex Technologies across years Dec 31 2024 through Oct 31 2025.,"ratio(sum(1_total_equity_Dec_31_2024, 1_total_equity_Oct_31_2025), 2.0)","{""op"": ""ratio"", ""left"": {""op"": ""sum"", ""left"": {""leaf"": ""1_total_equity_Dec_31_2024"", ""depth"": 0}, ""right"": {""leaf"": ""1_total_equity_Oct_31_2025"", ""depth"": 0}, ""depth"": 1}, ""right"": {""literal"": 2.0, ""depth"": 0}, ""depth"": 2}","{""kind"": ""time_agg"", ""node_id"": ""N0"", ""op"": ""avg"", ""family"": ""amount"", ""depth"": 2, ""entity_group"": ""E1"", ""concept_group"": ""T3"", ""over_years_group"": ""Y2""}",14738.5,2,0,2,273429896,535890929,2345,0.221,0,1,2,1_total_equity_Dec_31_2024,total_equity,total shareholders equity,Apex Technologies,Dec 31 2024,USD,15429.0,1_total_equity_Oct_31_2025,total_equity,total shareholders equity,Apex Technologies,Oct 31 2025,USD,14048.0,,,,,,,,,,,,,,,,,,,,,,,,,,,,,,,,,,,
116,1,which value corresponds to the the maximum of accounts payable for Volt Inc using values from Dec 31 2024 through Oct 31 2025 ?,"max(0_accounts_payable_Dec_31_2024, 0_accounts_payable_Oct_31_2025)","{""op"": ""max"", ""left"": {""leaf"": ""0_accounts_payable_Dec_31_2024"", ""depth"": 0}, ""right"": {""leaf"": ""0_accounts_payable_Oct_31_2025"", ""depth"": 0}, ""depth"": 1}","{""kind"": ""time_agg"", ""node_id"": ""N0"", ""op"": ""max"", ""family"": ""amount"", ""depth"": 4, ""entity_group"": ""E1"", ""concept_group"": ""T3"", ""over_years_group"": ""Y2""}",30369.0,4,0,1,350164320,712858079,2345,0.582,0,1,2,0_accounts_payable_Dec_31_2024,accounts_payable,accounts payable,Volt Inc,Dec 31 2024,USD,26356.0,0_accounts_payable_Oct_31_2025,accounts_payable,accounts payable,Volt Inc,Oct 31 2025,USD,30369.0,,,,,,,,,,,,,,,,,,,,,,,,,,,,,,,,,,,
117,2,What do we obtain as the average research and development expense for Nova Solutions across years Q Oct 31 2024 through Q Oct 31 2025,"ratio(sum(4_rd_expense_Q_Oct_31_2024, 4_rd_expense_Q_Oct_31_2025), 2.0)","{""op"": ""ratio"", ""left"": {""op"": ""sum"", ""left"": {""leaf"": ""4_rd_expense_Q_Oct_31_2024"", ""depth"": 0}, ""right"": {""leaf"": ""4_rd_expense_Q_Oct_31_2025"", ""depth"": 0}, ""depth"": 1}, ""right"": {""literal"": 2.0, ""depth"": 0}, ""depth"": 2}","{""kind"": ""time_agg"", ""node_id"": ""N0"", ""op"": ""avg"", ""family"": ""amount"", ""depth"": 2, ""entity_group"": ""E1"", ""concept_group"": ""T3"", ""over_years_group"": ""Y2""}",211.5,2,0,2,375274946,48959424,2345,0.349,0,1,2,4_rd_expense_Q_Oct_31_2024,rd_expense_q,research and development expense,Nova Solutions,Q Oct 31 2024,USD,220.0,4_rd_expense_Q_Oct_31_2025,rd_expense_q,research and development expense,Nova Solutions,Q Oct 31 2025,USD,203.0,,,,,,,,,,,,,,,,,,,,,,,,,,,,,,,,,,,
118,1,which result follows from the the minimum of total assets for Vex Industries using values from Dec 31 2024 through Oct 31 2025 ?,"min(12_total_assets_Dec_31_2024, 12_total_assets_Oct_31_2025)","{""op"": ""min"", ""left"": {""leaf"": ""12_total_assets_Dec_31_2024"", ""depth"": 0}, ""right"": {""leaf"": ""12_total_assets_Oct_31_2025"", ""depth"": 0}, ""depth"": 1}","{""kind"": ""time_agg"", ""node_id"": ""N0"", ""op"": ""min"", ""family"": ""amount"", ""depth"": 2, ""entity_group"": ""E1"", ""concept_group"": ""T3"", ""over_years_group"": ""Y2""}",40552.0,2,0,1,437242037,593749726,2345,0.476,0,1,2,12_total_assets_Dec_31_2024,total_assets,total assets,Vex Industries,Dec 31 2024,USD,40552.0,12_total_assets_Oct_31_2025,total_assets,total assets,Vex Industries,Oct 31 2025,USD,41762.0,,,,,,,,,,,,,,,,,,,,,,,,,,,,,,,,,,,
119,2,what is the value of the average selling general and administrative expense for Orion Enterprises across years YTD Oct 31 2024 through YTD Oct 31 2025 ?,"ratio(sum(6_sga_expense_YTD_Oct_31_2024, 6_sga_expense_YTD_Oct_31_2025), 2.0)","{""op"": ""ratio"", ""left"": {""op"": ""sum"", ""left"": {""leaf"": ""6_sga_expense_YTD_Oct_31_2024"", ""depth"": 0}, ""right"": {""leaf"": ""6_sga_expense_YTD_Oct_31_2025"", ""depth"": 0}, ""depth"": 1}, ""right"": {""literal"": 2.0, ""depth"": 0}, ""depth"": 2}","{""kind"": ""time_agg"", ""node_id"": ""N0"", ""op"": ""avg"", ""family"": ""amount"", ""depth"": 4, ""entity_group"": ""E1"", ""concept_group"": ""T3"", ""over_years_group"": ""Y2""}",55015.5,4,0,2,889510001,702093859,2345,0.246,0,1,2,6_sga_expense_YTD_Oct_31_2024,sga_expense_ytd,selling general and administrative expense,Orion Enterprises,YTD Oct 31 2024,USD,54423.0,6_sga_expense_YTD_Oct_31_2025,sga_expense_ytd,selling general and administrative expense,Orion Enterprises,YTD Oct 31 2025,USD,55608.0,,,,,,,,,,,,,,,,,,,,,,,,,,,,,,,,,,,
120,2,What is the average retained earnings for Zion Solutions across years Dec 31 2024 through Oct 31 2025,"ratio(sum(3_retained_earnings_Dec_31_2024, 3_retained_earnings_Oct_31_2025), 2.0)","{""op"": ""ratio"", ""left"": {""op"": ""sum"", ""left"": {""leaf"": ""3_retained_earnings_Dec_31_2024"", ""depth"": 0}, ""right"": {""leaf"": ""3_retained_earnings_Oct_31_2025"", ""depth"": 0}, ""depth"": 1}, ""right"": {""literal"": 2.0, ""depth"": 0}, ""depth"": 2}","{""kind"": ""time_agg"", ""node_id"": ""N0"", ""op"": ""avg"", ""family"": ""amount"", ""depth"": 4, ""entity_group"": ""E1"", ""concept_group"": ""T3"", ""over_years_group"": ""Y2""}",4922.0,4,0,2,641794108,53437336,2345,0.186,0,1,2,3_retained_earnings_Dec_31_2024,retained_earnings,retained earnings,Zion Solutions,Dec 31 2024,USD,3467.0,3_retained_earnings_Oct_31_2025,retained_earnings,retained earnings,Zion Solutions,Oct 31 2025,USD,6377.0,,,,,,,,,,,,,,,,,,,,,,,,,,,,,,,,,,,
121,1,what's the value of the the minimum of cost of sales for Apex Technologies using values from Q Oct 31 2024 through Q Oct 31 2025,"min(1_cost_of_sales_Q_Oct_31_2024, 1_cost_of_sales_Q_Oct_31_2025)","{""op"": ""min"", ""left"": {""leaf"": ""1_cost_of_sales_Q_Oct_31_2024"", ""depth"": 0}, ""right"": {""leaf"": ""1_cost_of_sales_Q_Oct_31_2025"", ""depth"": 0}, ""depth"": 1}","{""kind"": ""time_agg"", ""node_id"": ""N0"", ""op"": ""min"", ""family"": ""amount"", ""depth"": 3, ""entity_group"": ""E1"", ""concept_group"": ""T3"", ""over_years_group"": ""Y2""}",75160.0,3,0,1,555097266,226408569,2345,0.13,0,1,2,1_cost_of_sales_Q_Oct_31_2024,cost_of_sales_q,cost of sales,Apex Technologies,Q Oct 31 2024,USD,76132.0,1_cost_of_sales_Q_Oct_31_2025,cost_of_sales_q,cost of sales,Apex Technologies,Q Oct 31 2025,USD,75160.0,,,,,,,,,,,,,,,,,,,,,,,,,,,,,,,,,,,
122,1,What would be the the minimum of change in unrealized gains/losses on securities for Nova Holdings using values from YTD Oct 31 2024 through YTD Oct 31 2025?,"min(13_ci_unrealized_gains_YTD_Oct_31_2024, 13_ci_unrealized_gains_YTD_Oct_31_2025)","{""op"": ""min"", ""left"": {""leaf"": ""13_ci_unrealized_gains_YTD_Oct_31_2024"", ""depth"": 0}, ""right"": {""leaf"": ""13_ci_unrealized_gains_YTD_Oct_31_2025"", ""depth"": 0}, ""depth"": 1}","{""kind"": ""time_agg"", ""node_id"": ""N0"", ""op"": ""min"", ""family"": ""amount"", ""depth"": 1, ""entity_group"": ""E1"", ""concept_group"": ""T3"", ""over_years_group"": ""Y2""}",94.0,1,0,1,293061767,187704966,2345,0.229,0,1,2,13_ci_unrealized_gains_YTD_Oct_31_2024,ci_unrealized_gains_ytd,change in unrealized gains/losses on securities,Nova Holdings,YTD Oct 31 2024,USD,113.0,13_ci_unrealized_gains_YTD_Oct_31_2025,ci_unrealized_gains_ytd,change in unrealized gains/losses on securities,Nova Holdings,YTD Oct 31 2025,USD,94.0,,,,,,,,,,,,,,,,,,,,,,,,,,,,,,,,,,,
123,1,What is the the minimum of net income (CI) for Vex Industries using values from Q Oct 31 2024 through Q Oct 31 2025 ?,"min(12_ci_net_income_Q_Oct_31_2024, 12_ci_net_income_Q_Oct_31_2025)","{""op"": ""min"", ""left"": {""leaf"": ""12_ci_net_income_Q_Oct_31_2024"", ""depth"": 0}, ""right"": {""leaf"": ""12_ci_net_income_Q_Oct_31_2025"", ""depth"": 0}, ""depth"": 1}","{""kind"": ""time_agg"", ""node_id"": ""N0"", ""op"": ""min"", ""family"": ""amount"", ""depth"": 1, ""entity_group"": ""E1"", ""concept_group"": ""T3"", ""over_years_group"": ""Y2""}",4575.0,1,0,1,450253812,793220377,2345,0.187,0,1,2,12_ci_net_income_Q_Oct_31_2024,ci_net_income_q,net income (CI),Vex Industries,Q Oct 31 2024,USD,4575.0,12_ci_net_income_Q_Oct_31_2025,ci_net_income_q,net income (CI),Vex Industries,Q Oct 31 2025,USD,4708.0,,,,,,,,,,,,,,,,,,,,,,,,,,,,,,,,,,,
124,0,What is the value of the total other comprehensive income/(loss) for Volt Inc in YTD Oct 31 2025,0_ci_total_oci_YTD_Oct_31_2025,"{""leaf"": ""0_ci_total_oci_YTD_Oct_31_2025"", ""depth"": 0}","{""kind"": ""leaf"", ""name"": ""L0"", ""family"": ""amount"", ""semantic_type_in"": [""amount""], ""context_group"": ""C0"", ""entity_group"": ""E1""}",240.0,2,0,0,957479774,488818777,2345,0.11,0,1,1,0_ci_total_oci_YTD_Oct_31_2025,ci_total_oci_ytd,total other comprehensive income/(loss),Volt Inc,YTD Oct 31 2025,USD,240.0,,,,,,,,,,,,,,,,,,,,,,,,,,,,,,,,,,,,,,,,,,
125,1,What does the following give: the minimum of short-term investments for Zion Solutions using values from Dec 31 2024 through Oct 31 2025 ?,"min(3_st_investments_Dec_31_2024, 3_st_investments_Oct_31_2025)","{""op"": ""min"", ""left"": {""leaf"": ""3_st_investments_Dec_31_2024"", ""depth"": 0}, ""right"": {""leaf"": ""3_st_investments_Oct_31_2025"", ""depth"": 0}, ""depth"": 1}","{""kind"": ""time_agg"", ""node_id"": ""N0"", ""op"": ""min"", ""family"": ""amount"", ""depth"": 3, ""entity_group"": ""E1"", ""concept_group"": ""T3"", ""over_years_group"": ""Y2""}",2541.0,3,0,1,831179806,443217565,2345,0.199,0,1,2,3_st_investments_Dec_31_2024,st_investments,short-term investments,Zion Solutions,Dec 31 2024,USD,2541.0,3_st_investments_Oct_31_2025,st_investments,short-term investments,Zion Solutions,Oct 31 2025,USD,2596.0,,,,,,,,,,,,,,,,,,,,,,,,,,,,,,,,,,,
126,2,Compute the average capital expenditures for Peak Systems across years YTD Oct 31 2024 through YTD Oct 31 2025,"ratio(sum(14_cf_capex_YTD_Oct_31_2024, 14_cf_capex_YTD_Oct_31_2025), 2.0)","{""op"": ""ratio"", ""left"": {""op"": ""sum"", ""left"": {""leaf"": ""14_cf_capex_YTD_Oct_31_2024"", ""depth"": 0}, ""right"": {""leaf"": ""14_cf_capex_YTD_Oct_31_2025"", ""depth"": 0}, ""depth"": 1}, ""right"": {""literal"": 2.0, ""depth"": 0}, ""depth"": 2}","{""kind"": ""time_agg"", ""node_id"": ""N0"", ""op"": ""avg"", ""family"": ""amount"", ""depth"": 3, ""entity_group"": ""E1"", ""concept_group"": ""T3"", ""over_years_group"": ""Y2""}",-7448.5,3,0,2,896830558,568933961,2345,0.543,0,1,2,14_cf_capex_YTD_Oct_31_2024,cf_capex_ytd,capital expenditures,Peak Systems,YTD Oct 31 2024,USD,-7388.0,14_cf_capex_YTD_Oct_31_2025,cf_capex_ytd,capital expenditures,Peak Systems,YTD Oct 31 2025,USD,-7509.0,,,,,,,,,,,,,,,,,,,,,,,,,,,,,,,,,,,
127,1,give the the minimum of total costs and expenses for Vex Industries using values from Q Oct 31 2024 through Q Oct 31 2025 .,"min(12_total_costs_Q_Oct_31_2024, 12_total_costs_Q_Oct_31_2025)","{""op"": ""min"", ""left"": {""leaf"": ""12_total_costs_Q_Oct_31_2024"", ""depth"": 0}, ""right"": {""leaf"": ""12_total_costs_Q_Oct_31_2025"", ""depth"": 0}, ""depth"": 1}","{""kind"": ""time_agg"", ""node_id"": ""N0"", ""op"": ""min"", ""family"": ""amount"", ""depth"": 3, ""entity_group"": ""E1"", ""concept_group"": ""T3"", ""over_years_group"": ""Y2""}",38376.0,3,0,1,118306808,642343921,2345,0.466,0,1,2,12_total_costs_Q_Oct_31_2024,total_costs_q,total costs and expenses,Vex Industries,Q Oct 31 2024,USD,38376.0,12_total_costs_Q_Oct_31_2025,total_costs_q,total costs and expenses,Vex Industries,Q Oct 31 2025,USD,39492.0,,,,,,,,,,,,,,,,,,,,,,,,,,,,,,,,,,,
128,2,What's the value of the average net income for Alto Inc across years Q Oct 31 2024 through Q Oct 31 2025,"ratio(sum(5_net_income_Q_Oct_31_2024, 5_net_income_Q_Oct_31_2025), 2.0)","{""op"": ""ratio"", ""left"": {""op"": ""sum"", ""left"": {""leaf"": ""5_net_income_Q_Oct_31_2024"", ""depth"": 0}, ""right"": {""leaf"": ""5_net_income_Q_Oct_31_2025"", ""depth"": 0}, ""depth"": 1}, ""right"": {""literal"": 2.0, ""depth"": 0}, ""depth"": 2}","{""kind"": ""time_agg"", ""node_id"": ""N0"", ""op"": ""avg"", ""family"": ""amount"", ""depth"": 3, ""entity_group"": ""E1"", ""concept_group"": ""T3"", ""over_years_group"": ""Y2""}",5439.5,3,0,2,282301955,602156539,2345,0.172,0,1,2,5_net_income_Q_Oct_31_2024,net_income_q,net income,Alto Inc,Q Oct 31 2024,USD,5463.0,5_net_income_Q_Oct_31_2025,net_income_q,net income,Alto Inc,Q Oct 31 2025,USD,5416.0,,,,,,,,,,,,,,,,,,,,,,,,,,,,,,,,,,,
129,1,evaluate the the minimum of total revenues for Trek Holdings using values from Q Oct 31 2024 through Q Oct 31 2025.,"min(11_revenues_Q_Oct_31_2024, 11_revenues_Q_Oct_31_2025)","{""op"": ""min"", ""left"": {""leaf"": ""11_revenues_Q_Oct_31_2024"", ""depth"": 0}, ""right"": {""leaf"": ""11_revenues_Q_Oct_31_2025"", ""depth"": 0}, ""depth"": 1}","{""kind"": ""time_agg"", ""node_id"": ""N0"", ""op"": ""min"", ""family"": ""amount"", ""depth"": 4, ""entity_group"": ""E1"", ""concept_group"": ""T3"", ""over_years_group"": ""Y2""}",71592.0,4,0,1,832418836,29191658,2345,0.517,0,1,2,11_revenues_Q_Oct_31_2024,revenues_q,total revenues,Trek Holdings,Q Oct 31 2024,USD,71592.0,11_revenues_Q_Oct_31_2025,revenues_q,total revenues,Trek Holdings,Q Oct 31 2025,USD,77017.0,,,,,,,,,,,,,,,,,,,,,,,,,,,,,,,,,,,
130,0,Which value corresponds to the capital expenditures for Nova Holdings in YTD Oct 31 2024,13_cf_capex_YTD_Oct_31_2024,"{""leaf"": ""13_cf_capex_YTD_Oct_31_2024"", ""depth"": 0}","{""kind"": ""leaf"", ""name"": ""L0"", ""family"": ""amount"", ""semantic_type_in"": [""amount""], ""context_group"": ""C0"", ""entity_group"": ""E1""}",-22398.0,1,0,0,904975687,585204904,2345,0.379,0,1,1,13_cf_capex_YTD_Oct_31_2024,cf_capex_ytd,capital expenditures,Nova Holdings,YTD Oct 31 2024,USD,-22398.0,,,,,,,,,,,,,,,,,,,,,,,,,,,,,,,,,,,,,,,,,,
131,0,what's the value of the cost of sales for Alto Inc in YTD Oct 31 2024,5_cost_of_sales_YTD_Oct_31_2024,"{""leaf"": ""5_cost_of_sales_YTD_Oct_31_2024"", ""depth"": 0}","{""kind"": ""leaf"", ""name"": ""L0"", ""family"": ""amount"", ""semantic_type_in"": [""amount""], ""context_group"": ""C0"", ""entity_group"": ""E1""}",178572.0,0,0,0,692175365,999401811,2345,0.557,0,1,1,5_cost_of_sales_YTD_Oct_31_2024,cost_of_sales_ytd,cost of sales,Alto Inc,YTD Oct 31 2024,USD,178572.0,,,,,,,,,,,,,,,,,,,,,,,,,,,,,,,,,,,,,,,,,,
132,2,Which result follows from the average prepaid expenses and other for Nova Enterprises across years Dec 31 2024 through Oct 31 2025,"ratio(sum(7_prepaid_Dec_31_2024, 7_prepaid_Oct_31_2025), 2.0)","{""op"": ""ratio"", ""left"": {""op"": ""sum"", ""left"": {""leaf"": ""7_prepaid_Dec_31_2024"", ""depth"": 0}, ""right"": {""leaf"": ""7_prepaid_Oct_31_2025"", ""depth"": 0}, ""depth"": 1}, ""right"": {""literal"": 2.0, ""depth"": 0}, ""depth"": 2}","{""kind"": ""time_agg"", ""node_id"": ""N0"", ""op"": ""avg"", ""family"": ""amount"", ""depth"": 1, ""entity_group"": ""E1"", ""concept_group"": ""T3"", ""over_years_group"": ""Y2""}",4551.5,1,0,2,806003532,717379923,2345,0.153,0,1,2,7_prepaid_Dec_31_2024,prepaid,prepaid expenses and other,Nova Enterprises,Dec 31 2024,USD,4221.0,7_prepaid_Oct_31_2025,prepaid,prepaid expenses and other,Nova Enterprises,Oct 31 2025,USD,4882.0,,,,,,,,,,,,,,,,,,,,,,,,,,,,,,,,,,,
133,2,Calculate the average basic earnings per share for Nova Holdings across years Q Oct 31 2024 through Q Oct 31 2025.,"ratio(sum(13_eps_basic_Q_Oct_31_2024, 13_eps_basic_Q_Oct_31_2025), 2.0)","{""op"": ""ratio"", ""left"": {""op"": ""sum"", ""left"": {""leaf"": ""13_eps_basic_Q_Oct_31_2024"", ""depth"": 0}, ""right"": {""leaf"": ""13_eps_basic_Q_Oct_31_2025"", ""depth"": 0}, ""depth"": 1}, ""right"": {""literal"": 2.0, ""depth"": 0}, ""depth"": 2}","{""kind"": ""time_agg"", ""node_id"": ""N0"", ""op"": ""avg"", ""family"": ""amount"", ""depth"": 3, ""entity_group"": ""E1"", ""concept_group"": ""T3"", ""over_years_group"": ""Y2""}",1.0150000000000001,3,0,2,347029073,103996707,2345,0.177,0,1,2,13_eps_basic_Q_Oct_31_2024,eps_basic_q,basic earnings per share,Nova Holdings,Q Oct 31 2024,USD,1.07,13_eps_basic_Q_Oct_31_2025,eps_basic_q,basic earnings per share,Nova Holdings,Q Oct 31 2025,USD,0.96,,,,,,,,,,,,,,,,,,,,,,,,,,,,,,,,,,,
134,0,You should give the gross profit for Nova Holdings in YTD Oct 31 2024 .,13_gross_profit_YTD_Oct_31_2024,"{""leaf"": ""13_gross_profit_YTD_Oct_31_2024"", ""depth"": 0}","{""kind"": ""leaf"", ""name"": ""L0"", ""family"": ""amount"", ""semantic_type_in"": [""amount""], ""context_group"": ""C0"", ""entity_group"": ""E1""}",129735.0,2,0,0,126056141,573319724,2345,0.23,0,1,1,13_gross_profit_YTD_Oct_31_2024,gross_profit_ytd,gross profit,Nova Holdings,YTD Oct 31 2024,USD,129735.0,,,,,,,,,,,,,,,,,,,,,,,,,,,,,,,,,,,,,,,,,,
135,1,whats the value of the the maximum of research and development expense for Plex Technologies using values from YTD Oct 31 2024 through YTD Oct 31 2025,"max(8_rd_expense_YTD_Oct_31_2024, 8_rd_expense_YTD_Oct_31_2025)","{""op"": ""max"", ""left"": {""leaf"": ""8_rd_expense_YTD_Oct_31_2024"", ""depth"": 0}, ""right"": {""leaf"": ""8_rd_expense_YTD_Oct_31_2025"", ""depth"": 0}, ""depth"": 1}","{""kind"": ""time_agg"", ""node_id"": ""N0"", ""op"": ""max"", ""family"": ""amount"", ""depth"": 4, ""entity_group"": ""E1"", ""concept_group"": ""T3"", ""over_years_group"": ""Y2""}",1365.0,4,0,1,168600064,627194042,2345,0.106,0,1,2,8_rd_expense_YTD_Oct_31_2024,rd_expense_ytd,research and development expense,Plex Technologies,YTD Oct 31 2024,USD,1290.0,8_rd_expense_YTD_Oct_31_2025,rd_expense_ytd,research and development expense,Plex Technologies,YTD Oct 31 2025,USD,1365.0,,,,,,,,,,,,,,,,,,,,,,,,,,,,,,,,,,,
136,0,calculate the change in foreign currency translation for Zion Corp in Q Oct 31 2024,10_ci_fx_translation_Q_Oct_31_2024,"{""leaf"": ""10_ci_fx_translation_Q_Oct_31_2024"", ""depth"": 0}","{""kind"": ""leaf"", ""name"": ""L0"", ""family"": ""amount"", ""semantic_type_in"": [""amount""], ""context_group"": ""C0"", ""entity_group"": ""E1""}",94.0,0,0,0,177632422,626426769,2345,0.179,0,1,1,10_ci_fx_translation_Q_Oct_31_2024,ci_fx_translation_q,change in foreign currency translation,Zion Corp,Q Oct 31 2024,USD,94.0,,,,,,,,,,,,,,,,,,,,,,,,,,,,,,,,,,,,,,,,,,
137,0,give the net sales for Zion Solutions in YTD Oct 31 2025 .,3_net_sales_YTD_Oct_31_2025,"{""leaf"": ""3_net_sales_YTD_Oct_31_2025"", ""depth"": 0}","{""kind"": ""leaf"", ""name"": ""L0"", ""family"": ""amount"", ""semantic_type_in"": [""amount""], ""context_group"": ""C0"", ""entity_group"": ""E1""}",118731.0,3,0,0,795376981,181158186,2345,0.487,0,1,1,3_net_sales_YTD_Oct_31_2025,net_sales_ytd,net sales,Zion Solutions,YTD Oct 31 2025,USD,118731.0,,,,,,,,,,,,,,,,,,,,,,,,,,,,,,,,,,,,,,,,,,
138,1,"whats the value of the the maximum of property, plant and equipment, net for Vex Industries using values from Dec 31 2024 through Oct 31 2025","max(12_ppe_Dec_31_2024, 12_ppe_Oct_31_2025)","{""op"": ""max"", ""left"": {""leaf"": ""12_ppe_Dec_31_2024"", ""depth"": 0}, ""right"": {""leaf"": ""12_ppe_Oct_31_2025"", ""depth"": 0}, ""depth"": 1}","{""kind"": ""time_agg"", ""node_id"": ""N0"", ""op"": ""max"", ""family"": ""amount"", ""depth"": 4, ""entity_group"": ""E1"", ""concept_group"": ""T3"", ""over_years_group"": ""Y2""}",11786.0,4,0,1,118681686,639337530,2345,0.159,0,1,2,12_ppe_Dec_31_2024,ppe,"property, plant and equipment, net",Vex Industries,Dec 31 2024,USD,11444.0,12_ppe_Oct_31_2025,ppe,"property, plant and equipment, net",Vex Industries,Oct 31 2025,USD,11786.0,,,,,,,,,,,,,,,,,,,,,,,,,,,,,,,,,,,
139,4,calculate the sum of sum of the maximum of share repurchases for Crest Systems using values from YTD Oct 31 2024 through YTD Oct 31 2025 and result of the maximum of current portion of long-term debt for Crest Systems using values from Dec 31 2024 through Oct 31 2025 scaled by growth in research and development expense for Crest Systems from Q Oct 31 2024 to Q Oct 31 2025 and net change in cash for Crest Systems in YTD Oct 31 2025 .,"sum(sum(max(9_cf_repurchases_YTD_Oct_31_2024, 9_cf_repurchases_YTD_Oct_31_2025), mul(max(9_current_debt_Dec_31_2024, 9_current_debt_Oct_31_2025), growth(9_rd_expense_Q_Oct_31_2025, 9_rd_expense_Q_Oct_31_2024))), 9_cf_net_change_YTD_Oct_31_2025)","{""op"": ""sum"", ""left"": {""op"": ""sum"", ""left"": {""op"": ""max"", ""left"": {""leaf"": ""9_cf_repurchases_YTD_Oct_31_2024"", ""depth"": 0}, ""right"": {""leaf"": ""9_cf_repurchases_YTD_Oct_31_2025"", ""depth"": 0}, ""depth"": 1}, ""right"": {""op"": ""mul"", ""left"": {""op"": ""max"", ""left"": {""leaf"": ""9_current_debt_Dec_31_2024"", ""depth"": 0}, ""right"": {""leaf"": ""9_current_debt_Oct_31_2025"", ""depth"": 0}, ""depth"": 1}, ""right"": {""op"": ""growth"", ""left"": {""leaf"": ""9_rd_expense_Q_Oct_31_2025"", ""depth"": 0}, ""right"": {""leaf"": ""9_rd_expense_Q_Oct_31_2024"", ""depth"": 0}, ""depth"": 1}, ""depth"": 2}, ""depth"": 3}, ""right"": {""leaf"": ""9_cf_net_change_YTD_Oct_31_2025"", ""depth"": 0}, ""depth"": 4}","{""kind"": ""node"", ""node_id"": ""N5"", ""op"": ""sum"", ""family"": ""amount"", ""depth"": 4, ""left"": {""kind"": ""node"", ""node_id"": ""N4"", ""op"": ""sum"", ""family"": ""amount"", ""depth"": 3, ""left"": {""kind"": ""time_agg"", ""node_id"": ""N0"", ""op"": ""max"", ""family"": ""amount"", ""depth"": 2, ""entity_group"": ""E1"", ""concept_group"": ""T7"", ""over_years_group"": ""Y6"", ""section_group"": ""S5"", ""aggregation_group"": ""A4""}, ""right"": {""kind"": ""node"", ""node_id"": ""N3"", ""op"": ""mul"", ""family"": ""amount"", ""depth"": 2, ""left"": {""kind"": ""time_agg"", ""node_id"": ""N1"", ""op"": ""max"", ""family"": ""amount"", ""depth"": 1, ""entity_group"": ""E1"", ""concept_group"": ""T9"", ""over_years_group"": ""Y8"", ""section_group"": ""S5"", ""aggregation_group"": ""A4""}, ""right"": {""kind"": ""node"", ""node_id"": ""N2"", ""op"": ""growth"", ""family"": ""ratio"", ""depth"": 1, ""left"": {""kind"": ""leaf"", ""name"": ""L0"", ""family"": ""amount"", ""semantic_type_in"": [""amount""], ""context_group"": ""C12"", ""entity_group"": ""E1"", ""time_series_group"": ""Y10"", ""concept_group"": ""T11""}, ""right"": {""kind"": ""leaf"", ""name"": ""L1"", ""family"": ""amount"", ""semantic_type_in"": [""amount""], ""context_group"": ""C13"", ""entity_group"": ""E1"", ""time_series_group"": ""Y10"", ""concept_group"": ""T11""}, ""over_years_group"": ""Y10""}}}, ""right"": {""kind"": ""leaf"", ""name"": ""L2"", ""family"": ""amount"", ""semantic_type_in"": [""amount""], ""context_group"": ""C0"", ""entity_group"": ""E1"", ""section_group"": ""S3"", ""aggregation_group"": ""A2""}}",4805.166666666667,4,4,4,316859276,189895064,2345,0.144,4,5,7,9_cf_repurchases_YTD_Oct_31_2024,cf_repurchases_ytd,share repurchases,Crest Systems,YTD Oct 31 2024,USD,-1114.0,9_cf_repurchases_YTD_Oct_31_2025,cf_repurchases_ytd,share repurchases,Crest Systems,YTD Oct 31 2025,USD,-1102.0,9_current_debt_Dec_31_2024,current_debt,current portion of long-term debt,Crest Systems,Dec 31 2024,USD,890.0,9_current_debt_Oct_31_2025,current_debt,current portion of long-term debt,Crest Systems,Oct 31 2025,USD,879.0,9_rd_expense_Q_Oct_31_2025,rd_expense_q,research and development expense,Crest Systems,Q Oct 31 2025,USD,59.0,9_rd_expense_Q_Oct_31_2024,rd_expense_q,research and development expense,Crest Systems,Q Oct 31 2024,USD,60.0,9_cf_net_change_YTD_Oct_31_2025,cf_net_change_ytd,net change in cash,Crest Systems,YTD Oct 31 2025,USD,5922.0
140,1,Which value corresponds to the the maximum of total revenues for Crest Systems using values from YTD Oct 31 2024 through YTD Oct 31 2025,"max(9_revenues_YTD_Oct_31_2024, 9_revenues_YTD_Oct_31_2025)","{""op"": ""max"", ""left"": {""leaf"": ""9_revenues_YTD_Oct_31_2024"", ""depth"": 0}, ""right"": {""leaf"": ""9_revenues_YTD_Oct_31_2025"", ""depth"": 0}, ""depth"": 1}","{""kind"": ""time_agg"", ""node_id"": ""N0"", ""op"": ""max"", ""family"": ""amount"", ""depth"": 1, ""entity_group"": ""E1"", ""concept_group"": ""T3"", ""over_years_group"": ""Y2""}",77967.0,1,0,1,202996667,489896392,2345,0.425,0,1,2,9_revenues_YTD_Oct_31_2024,revenues_ytd,total revenues,Crest Systems,YTD Oct 31 2024,USD,77967.0,9_revenues_YTD_Oct_31_2025,revenues_ytd,total revenues,Crest Systems,YTD Oct 31 2025,USD,77130.0,,,,,,,,,,,,,,,,,,,,,,,,,,,,,,,,,,,
141,2,which quantity is given by the average long-term marketable securities for Vex Industries across years Dec 31 2024 through Oct 31 2025?,"ratio(sum(12_lt_investments_Dec_31_2024, 12_lt_investments_Oct_31_2025), 2.0)","{""op"": ""ratio"", ""left"": {""op"": ""sum"", ""left"": {""leaf"": ""12_lt_investments_Dec_31_2024"", ""depth"": 0}, ""right"": {""leaf"": ""12_lt_investments_Oct_31_2025"", ""depth"": 0}, ""depth"": 1}, ""right"": {""literal"": 2.0, ""depth"": 0}, ""depth"": 2}","{""kind"": ""time_agg"", ""node_id"": ""N0"", ""op"": ""avg"", ""family"": ""amount"", ""depth"": 4, ""entity_group"": ""E1"", ""concept_group"": ""T3"", ""over_years_group"": ""Y2""}",2020.5,4,0,2,947594112,216919163,2345,0.235,0,1,2,12_lt_investments_Dec_31_2024,lt_investments,long-term marketable securities,Vex Industries,Dec 31 2024,USD,1991.0,12_lt_investments_Oct_31_2025,lt_investments,long-term marketable securities,Vex Industries,Oct 31 2025,USD,2050.0,,,,,,,,,,,,,,,,,,,,,,,,,,,,,,,,,,,
142,0,whats the value of the cash at end of period for Nova Enterprises in YTD Oct 31 2025 ?,7_cf_closing_cash_YTD_Oct_31_2025,"{""leaf"": ""7_cf_closing_cash_YTD_Oct_31_2025"", ""depth"": 0}","{""kind"": ""leaf"", ""name"": ""L0"", ""family"": ""amount"", ""semantic_type_in"": [""amount""], ""context_group"": ""C0"", ""entity_group"": ""E1""}",-984.0,2,0,0,797591650,823243541,2345,0.323,0,1,1,7_cf_closing_cash_YTD_Oct_31_2025,cf_closing_cash_ytd,cash at end of period,Nova Enterprises,YTD Oct 31 2025,USD,-984.0,,,,,,,,,,,,,,,,,,,,,,,,,,,,,,,,,,,,,,,,,,
143,0,evaluate the stock-based compensation for Zion Solutions in YTD Oct 31 2025,3_cf_sbc_YTD_Oct_31_2025,"{""leaf"": ""3_cf_sbc_YTD_Oct_31_2025"", ""depth"": 0}","{""kind"": ""leaf"", ""name"": ""L0"", ""family"": ""amount"", ""semantic_type_in"": [""amount""], ""context_group"": ""C0"", ""entity_group"": ""E1""}",656.0,2,0,0,155727758,30145635,2345,0.574,0,1,1,3_cf_sbc_YTD_Oct_31_2025,cf_sbc_ytd,stock-based compensation,Zion Solutions,YTD Oct 31 2025,USD,656.0,,,,,,,,,,,,,,,,,,,,,,,,,,,,,,,,,,,,,,,,,,
144,0,Which result follows from the total comprehensive income for Crest Systems in YTD Oct 31 2025,9_comprehensive_income_YTD_Oct_31_2025,"{""leaf"": ""9_comprehensive_income_YTD_Oct_31_2025"", ""depth"": 0}","{""kind"": ""leaf"", ""name"": ""L0"", ""family"": ""amount"", ""semantic_type_in"": [""amount""], ""context_group"": ""C0"", ""entity_group"": ""E1""}",6468.0,4,0,0,989723647,138188770,2345,0.307,0,1,1,9_comprehensive_income_YTD_Oct_31_2025,comprehensive_income_ytd,total comprehensive income,Crest Systems,YTD Oct 31 2025,USD,6468.0,,,,,,,,,,,,,,,,,,,,,,,,,,,,,,,,,,,,,,,,,,
145,2,compute the average cost of sales for Orion Enterprises across years Q Oct 31 2024 through Q Oct 31 2025,"ratio(sum(6_cost_of_sales_Q_Oct_31_2024, 6_cost_of_sales_Q_Oct_31_2025), 2.0)","{""op"": ""ratio"", ""left"": {""op"": ""sum"", ""left"": {""leaf"": ""6_cost_of_sales_Q_Oct_31_2024"", ""depth"": 0}, ""right"": {""leaf"": ""6_cost_of_sales_Q_Oct_31_2025"", ""depth"": 0}, ""depth"": 1}, ""right"": {""literal"": 2.0, ""depth"": 0}, ""depth"": 2}","{""kind"": ""time_agg"", ""node_id"": ""N0"", ""op"": ""avg"", ""family"": ""amount"", ""depth"": 1, ""entity_group"": ""E1"", ""concept_group"": ""T3"", ""over_years_group"": ""Y2""}",59107.5,1,0,2,639305360,831997151,2345,0.209,0,1,2,6_cost_of_sales_Q_Oct_31_2024,cost_of_sales_q,cost of sales,Orion Enterprises,Q Oct 31 2024,USD,58471.0,6_cost_of_sales_Q_Oct_31_2025,cost_of_sales_q,cost of sales,Orion Enterprises,Q Oct 31 2025,USD,59744.0,,,,,,,,,,,,,,,,,,,,,,,,,,,,,,,,,,,
146,1,Calculate the the minimum of net income (cash flow) for Alto Inc using values from YTD Oct 31 2024 through YTD Oct 31 2025 .,"min(5_cf_net_income_YTD_Oct_31_2024, 5_cf_net_income_YTD_Oct_31_2025)","{""op"": ""min"", ""left"": {""leaf"": ""5_cf_net_income_YTD_Oct_31_2024"", ""depth"": 0}, ""right"": {""leaf"": ""5_cf_net_income_YTD_Oct_31_2025"", ""depth"": 0}, ""depth"": 1}","{""kind"": ""time_agg"", ""node_id"": ""N0"", ""op"": ""min"", ""family"": ""amount"", ""depth"": 4, ""entity_group"": ""E1"", ""concept_group"": ""T3"", ""over_years_group"": ""Y2""}",16248.0,4,0,1,891663206,783935928,2345,0.542,0,1,2,5_cf_net_income_YTD_Oct_31_2024,cf_net_income_ytd,net income (cash flow),Alto Inc,YTD Oct 31 2024,USD,16389.0,5_cf_net_income_YTD_Oct_31_2025,cf_net_income_ytd,net income (cash flow),Alto Inc,YTD Oct 31 2025,USD,16248.0,,,,,,,,,,,,,,,,,,,,,,,,,,,,,,,,,,,
147,0,evaluate the share repurchases for Apex Technologies in YTD Oct 31 2024.,1_cf_repurchases_YTD_Oct_31_2024,"{""leaf"": ""1_cf_repurchases_YTD_Oct_31_2024"", ""depth"": 0}","{""kind"": ""leaf"", ""name"": ""L0"", ""family"": ""amount"", ""semantic_type_in"": [""amount""], ""context_group"": ""C0"", ""entity_group"": ""E1""}",-1932.0,0,0,0,421651091,230216526,2345,0.57,0,1,1,1_cf_repurchases_YTD_Oct_31_2024,cf_repurchases_ytd,share repurchases,Apex Technologies,YTD Oct 31 2024,USD,-1932.0,,,,,,,,,,,,,,,,,,,,,,,,,,,,,,,,,,,,,,,,,,
148,1,What do we obtain as the the minimum of common stock and additional paid-in capital for Zion Solutions using values from Dec 31 2024 through Oct 31 2025,"min(3_common_stock_apic_Dec_31_2024, 3_common_stock_apic_Oct_31_2025)","{""op"": ""min"", ""left"": {""leaf"": ""3_common_stock_apic_Dec_31_2024"", ""depth"": 0}, ""right"": {""leaf"": ""3_common_stock_apic_Oct_31_2025"", ""depth"": 0}, ""depth"": 1}","{""kind"": ""time_agg"", ""node_id"": ""N0"", ""op"": ""min"", ""family"": ""amount"", ""depth"": 4, ""entity_group"": ""E1"", ""concept_group"": ""T3"", ""over_years_group"": ""Y2""}",7151.0,4,0,1,81596684,713842728,2345,0.504,0,1,2,3_common_stock_apic_Dec_31_2024,common_stock_apic,common stock and additional paid-in capital,Zion Solutions,Dec 31 2024,USD,8090.0,3_common_stock_apic_Oct_31_2025,common_stock_apic,common stock and additional paid-in capital,Zion Solutions,Oct 31 2025,USD,7151.0,,,,,,,,,,,,,,,,,,,,,,,,,,,,,,,,,,,
149,1,Whats the value of the the maximum of selling general and administrative expense for Volt Inc using values from Q Oct 31 2024 through Q Oct 31 2025,"max(0_sga_expense_Q_Oct_31_2024, 0_sga_expense_Q_Oct_31_2025)","{""op"": ""max"", ""left"": {""leaf"": ""0_sga_expense_Q_Oct_31_2024"", ""depth"": 0}, ""right"": {""leaf"": ""0_sga_expense_Q_Oct_31_2025"", ""depth"": 0}, ""depth"": 1}","{""kind"": ""time_agg"", ""node_id"": ""N0"", ""op"": ""max"", ""family"": ""amount"", ""depth"": 1, ""entity_group"": ""E1"", ""concept_group"": ""T3"", ""over_years_group"": ""Y2""}",24108.0,1,0,1,98176027,906033819,2345,0.246,0,1,2,0_sga_expense_Q_Oct_31_2024,sga_expense_q,selling general and administrative expense,Volt Inc,Q Oct 31 2024,USD,24108.0,0_sga_expense_Q_Oct_31_2025,sga_expense_q,selling general and administrative expense,Volt Inc,Q Oct 31 2025,USD,20995.0,,,,,,,,,,,,,,,,,,,,,,,,,,,,,,,,,,,
150,0,could you give the accumulated other comprehensive income/(loss) for Plex Technologies in Oct 31 2025,8_aoci_Oct_31_2025,"{""leaf"": ""8_aoci_Oct_31_2025"", ""depth"": 0}","{""kind"": ""leaf"", ""name"": ""L0"", ""family"": ""amount"", ""semantic_type_in"": [""amount""], ""context_group"": ""C0"", ""entity_group"": ""E1""}",-1136.0,4,0,0,613570731,527500668,2345,0.208,0,1,1,8_aoci_Oct_31_2025,aoci,accumulated other comprehensive income/(loss),Plex Technologies,Oct 31 2025,USD,-1136.0,,,,,,,,,,,,,,,,,,,,,,,,,,,,,,,,,,,,,,,,,,
151,1,Give the the minimum of basic earnings per share for Plex Technologies using values from YTD Oct 31 2024 through YTD Oct 31 2025.,"min(8_eps_basic_YTD_Oct_31_2024, 8_eps_basic_YTD_Oct_31_2025)","{""op"": ""min"", ""left"": {""leaf"": ""8_eps_basic_YTD_Oct_31_2024"", ""depth"": 0}, ""right"": {""leaf"": ""8_eps_basic_YTD_Oct_31_2025"", ""depth"": 0}, ""depth"": 1}","{""kind"": ""time_agg"", ""node_id"": ""N0"", ""op"": ""min"", ""family"": ""amount"", ""depth"": 2, ""entity_group"": ""E1"", ""concept_group"": ""T3"", ""over_years_group"": ""Y2""}",-2.5,2,0,1,999097608,865394406,2345,0.232,0,1,2,8_eps_basic_YTD_Oct_31_2024,eps_basic_ytd,basic earnings per share,Plex Technologies,YTD Oct 31 2024,USD,-2.36,8_eps_basic_YTD_Oct_31_2025,eps_basic_ytd,basic earnings per share,Plex Technologies,YTD Oct 31 2025,USD,-2.5,,,,,,,,,,,,,,,,,,,,,,,,,,,,,,,,,,,
152,2,you should calculate the average total current assets for Nova Holdings across years Dec 31 2024 through Oct 31 2025,"ratio(sum(13_current_assets_Dec_31_2024, 13_current_assets_Oct_31_2025), 2.0)","{""op"": ""ratio"", ""left"": {""op"": ""sum"", ""left"": {""leaf"": ""13_current_assets_Dec_31_2024"", ""depth"": 0}, ""right"": {""leaf"": ""13_current_assets_Oct_31_2025"", ""depth"": 0}, ""depth"": 1}, ""right"": {""literal"": 2.0, ""depth"": 0}, ""depth"": 2}","{""kind"": ""time_agg"", ""node_id"": ""N0"", ""op"": ""avg"", ""family"": ""amount"", ""depth"": 3, ""entity_group"": ""E1"", ""concept_group"": ""T3"", ""over_years_group"": ""Y2""}",75568.5,3,0,2,668774046,629773513,2345,0.215,0,1,2,13_current_assets_Dec_31_2024,current_assets,total current assets,Nova Holdings,Dec 31 2024,USD,72768.0,13_current_assets_Oct_31_2025,current_assets,total current assets,Nova Holdings,Oct 31 2025,USD,78369.0,,,,,,,,,,,,,,,,,,,,,,,,,,,,,,,,,,,
153,2,May you calculate the average net sales for Nova Enterprises across years Q Oct 31 2024 through Q Oct 31 2025,"ratio(sum(7_net_sales_Q_Oct_31_2024, 7_net_sales_Q_Oct_31_2025), 2.0)","{""op"": ""ratio"", ""left"": {""op"": ""sum"", ""left"": {""leaf"": ""7_net_sales_Q_Oct_31_2024"", ""depth"": 0}, ""right"": {""leaf"": ""7_net_sales_Q_Oct_31_2025"", ""depth"": 0}, ""depth"": 1}, ""right"": {""literal"": 2.0, ""depth"": 0}, ""depth"": 2}","{""kind"": ""time_agg"", ""node_id"": ""N0"", ""op"": ""avg"", ""family"": ""amount"", ""depth"": 2, ""entity_group"": ""E1"", ""concept_group"": ""T3"", ""over_years_group"": ""Y2""}",134949.0,2,0,2,639280593,724941964,2345,0.598,0,1,2,7_net_sales_Q_Oct_31_2024,net_sales_q,net sales,Nova Enterprises,Q Oct 31 2024,USD,129816.0,7_net_sales_Q_Oct_31_2025,net_sales_q,net sales,Nova Enterprises,Q Oct 31 2025,USD,140082.0,,,,,,,,,,,,,,,,,,,,,,,,,,,,,,,,,,,
154,0,what is the stock-based compensation for Nova Holdings in YTD Oct 31 2024?,13_cf_sbc_YTD_Oct_31_2024,"{""leaf"": ""13_cf_sbc_YTD_Oct_31_2024"", ""depth"": 0}","{""kind"": ""leaf"", ""name"": ""L0"", ""family"": ""amount"", ""semantic_type_in"": [""amount""], ""context_group"": ""C0"", ""entity_group"": ""E1""}",2351.0,0,0,0,384791770,533542939,2345,0.259,0,1,1,13_cf_sbc_YTD_Oct_31_2024,cf_sbc_ytd,stock-based compensation,Nova Holdings,YTD Oct 31 2024,USD,2351.0,,,,,,,,,,,,,,,,,,,,,,,,,,,,,,,,,,,,,,,,,,
155,2,Which value corresponds to the average total revenues for Trek Holdings across years YTD Oct 31 2024 through YTD Oct 31 2025,"ratio(sum(11_revenues_YTD_Oct_31_2024, 11_revenues_YTD_Oct_31_2025), 2.0)","{""op"": ""ratio"", ""left"": {""op"": ""sum"", ""left"": {""leaf"": ""11_revenues_YTD_Oct_31_2024"", ""depth"": 0}, ""right"": {""leaf"": ""11_revenues_YTD_Oct_31_2025"", ""depth"": 0}, ""depth"": 1}, ""right"": {""literal"": 2.0, ""depth"": 0}, ""depth"": 2}","{""kind"": ""time_agg"", ""node_id"": ""N0"", ""op"": ""avg"", ""family"": ""amount"", ""depth"": 2, ""entity_group"": ""E1"", ""concept_group"": ""T3"", ""over_years_group"": ""Y2""}",222913.5,2,0,2,115064946,276559169,2345,0.279,0,1,2,11_revenues_YTD_Oct_31_2024,revenues_ytd,total revenues,Trek Holdings,YTD Oct 31 2024,USD,214776.0,11_revenues_YTD_Oct_31_2025,revenues_ytd,total revenues,Trek Holdings,YTD Oct 31 2025,USD,231051.0,,,,,,,,,,,,,,,,,,,,,,,,,,,,,,,,,,,
156,4,What would be the result of the maximum of total current assets for Volt Inc using values from Dec 31 2024 through Oct 31 2025 scaled by ratio of selling general and administrative expense for Volt Inc in YTD Oct 31 2025 to ratio of sum of goodwill for Volt Inc in Dec 31 2024 and goodwill for Volt Inc in Oct 31 2025 to 2.0 ?,"mul(max(0_current_assets_Dec_31_2024, 0_current_assets_Oct_31_2025), ratio(0_sga_expense_YTD_Oct_31_2025, ratio(sum(0_goodwill_Dec_31_2024, 0_goodwill_Oct_31_2025), 2.0)))","{""op"": ""mul"", ""left"": {""op"": ""max"", ""left"": {""leaf"": ""0_current_assets_Dec_31_2024"", ""depth"": 0}, ""right"": {""leaf"": ""0_current_assets_Oct_31_2025"", ""depth"": 0}, ""depth"": 1}, ""right"": {""op"": ""ratio"", ""left"": {""leaf"": ""0_sga_expense_YTD_Oct_31_2025"", ""depth"": 0}, ""right"": {""op"": ""ratio"", ""left"": {""op"": ""sum"", ""left"": {""leaf"": ""0_goodwill_Dec_31_2024"", ""depth"": 0}, ""right"": {""leaf"": ""0_goodwill_Oct_31_2025"", ""depth"": 0}, ""depth"": 1}, ""right"": {""literal"": 2.0, ""depth"": 0}, ""depth"": 2}, ""depth"": 3}, ""depth"": 4}","{""kind"": ""node"", ""node_id"": ""N3"", ""op"": ""mul"", ""family"": ""amount"", ""depth"": 3, ""left"": {""kind"": ""time_agg"", ""node_id"": ""N0"", ""op"": ""max"", ""family"": ""amount"", ""depth"": 2, ""entity_group"": ""E1"", ""concept_group"": ""T3"", ""over_years_group"": ""Y2""}, ""right"": {""kind"": ""node"", ""node_id"": ""N2"", ""op"": ""ratio"", ""family"": ""ratio"", ""depth"": 2, ""left"": {""kind"": ""leaf"", ""name"": ""L0"", ""family"": ""amount"", ""semantic_type_in"": [""amount""], ""context_group"": ""C0"", ""entity_group"": ""E1"", ""section_group"": ""S4""}, ""right"": {""kind"": ""time_agg"", ""node_id"": ""N1"", ""op"": ""avg"", ""family"": ""amount"", ""depth"": 1, ""entity_group"": ""E1"", ""concept_group"": ""T6"", ""over_years_group"": ""Y5"", ""section_group"": ""S4""}}}",362508.1013916501,3,2,4,136287782,503335065,2345,0.386,2,3,5,0_current_assets_Dec_31_2024,current_assets,total current assets,Volt Inc,Dec 31 2024,USD,47736.0,0_current_assets_Oct_31_2025,current_assets,total current assets,Volt Inc,Oct 31 2025,USD,55005.0,0_sga_expense_YTD_Oct_31_2025,sga_expense_ytd,selling general and administrative expense,Volt Inc,YTD Oct 31 2025,USD,62985.0,0_goodwill_Dec_31_2024,goodwill,goodwill,Volt Inc,Dec 31 2024,USD,8881.0,0_goodwill_Oct_31_2025,goodwill,goodwill,Volt Inc,Oct 31 2025,USD,10233.0,,,,,,,,,,,,,,
157,1,evaluate the the maximum of net income (CI) for Alto Inc using values from YTD Oct 31 2024 through YTD Oct 31 2025,"max(5_ci_net_income_YTD_Oct_31_2024, 5_ci_net_income_YTD_Oct_31_2025)","{""op"": ""max"", ""left"": {""leaf"": ""5_ci_net_income_YTD_Oct_31_2024"", ""depth"": 0}, ""right"": {""leaf"": ""5_ci_net_income_YTD_Oct_31_2025"", ""depth"": 0}, ""depth"": 1}","{""kind"": ""time_agg"", ""node_id"": ""N0"", ""op"": ""max"", ""family"": ""amount"", ""depth"": 4, ""entity_group"": ""E1"", ""concept_group"": ""T3"", ""over_years_group"": ""Y2""}",16389.0,4,0,1,655421492,70938990,2345,0.484,0,1,2,5_ci_net_income_YTD_Oct_31_2024,ci_net_income_ytd,net income (CI),Alto Inc,YTD Oct 31 2024,USD,16389.0,5_ci_net_income_YTD_Oct_31_2025,ci_net_income_ytd,net income (CI),Alto Inc,YTD Oct 31 2025,USD,16248.0,,,,,,,,,,,,,,,,,,,,,,,,,,,,,,,,,,,
158,1,provide the the maximum of cash at end of period for Plex Technologies using values from YTD Oct 31 2024 through YTD Oct 31 2025 .,"max(8_cf_closing_cash_YTD_Oct_31_2024, 8_cf_closing_cash_YTD_Oct_31_2025)","{""op"": ""max"", ""left"": {""leaf"": ""8_cf_closing_cash_YTD_Oct_31_2024"", ""depth"": 0}, ""right"": {""leaf"": ""8_cf_closing_cash_YTD_Oct_31_2025"", ""depth"": 0}, ""depth"": 1}","{""kind"": ""time_agg"", ""node_id"": ""N0"", ""op"": ""max"", ""family"": ""amount"", ""depth"": 3, ""entity_group"": ""E1"", ""concept_group"": ""T3"", ""over_years_group"": ""Y2""}",-4614.0,3,0,1,992316544,750972379,2345,0.526,0,1,2,8_cf_closing_cash_YTD_Oct_31_2024,cf_closing_cash_ytd,cash at end of period,Plex Technologies,YTD Oct 31 2024,USD,-6172.0,8_cf_closing_cash_YTD_Oct_31_2025,cf_closing_cash_ytd,cash at end of period,Plex Technologies,YTD Oct 31 2025,USD,-4614.0,,,,,,,,,,,,,,,,,,,,,,,,,,,,,,,,,,,
159,2,you should calculate the average dividends paid for Crest Systems across years YTD Oct 31 2024 through YTD Oct 31 2025,"ratio(sum(9_cf_dividends_YTD_Oct_31_2024, 9_cf_dividends_YTD_Oct_31_2025), 2.0)","{""op"": ""ratio"", ""left"": {""op"": ""sum"", ""left"": {""leaf"": ""9_cf_dividends_YTD_Oct_31_2024"", ""depth"": 0}, ""right"": {""leaf"": ""9_cf_dividends_YTD_Oct_31_2025"", ""depth"": 0}, ""depth"": 1}, ""right"": {""literal"": 2.0, ""depth"": 0}, ""depth"": 2}","{""kind"": ""time_agg"", ""node_id"": ""N0"", ""op"": ""avg"", ""family"": ""amount"", ""depth"": 3, ""entity_group"": ""E1"", ""concept_group"": ""T3"", ""over_years_group"": ""Y2""}",-508.5,3,0,2,917743834,805643704,2345,0.353,0,1,2,9_cf_dividends_YTD_Oct_31_2024,cf_dividends_ytd,dividends paid,Crest Systems,YTD Oct 31 2024,USD,-511.0,9_cf_dividends_YTD_Oct_31_2025,cf_dividends_ytd,dividends paid,Crest Systems,YTD Oct 31 2025,USD,-506.0,,,,,,,,,,,,,,,,,,,,,,,,,,,,,,,,,,,
160,1,what does the following give: the minimum of cost of sales for Volt Inc using values from Q Oct 31 2024 through Q Oct 31 2025,"min(0_cost_of_sales_Q_Oct_31_2024, 0_cost_of_sales_Q_Oct_31_2025)","{""op"": ""min"", ""left"": {""leaf"": ""0_cost_of_sales_Q_Oct_31_2024"", ""depth"": 0}, ""right"": {""leaf"": ""0_cost_of_sales_Q_Oct_31_2025"", ""depth"": 0}, ""depth"": 1}","{""kind"": ""time_agg"", ""node_id"": ""N0"", ""op"": ""min"", ""family"": ""amount"", ""depth"": 3, ""entity_group"": ""E1"", ""concept_group"": ""T3"", ""over_years_group"": ""Y2""}",83462.0,3,0,1,606569034,694152574,2345,0.357,0,1,2,0_cost_of_sales_Q_Oct_31_2024,cost_of_sales_q,cost of sales,Volt Inc,Q Oct 31 2024,USD,95838.0,0_cost_of_sales_Q_Oct_31_2025,cost_of_sales_q,cost of sales,Volt Inc,Q Oct 31 2025,USD,83462.0,,,,,,,,,,,,,,,,,,,,,,,,,,,,,,,,,,,
161,1,what's the value of the the maximum of total comprehensive income for Alto Inc using values from Q Oct 31 2024 through Q Oct 31 2025?,"max(5_comprehensive_income_Q_Oct_31_2024, 5_comprehensive_income_Q_Oct_31_2025)","{""op"": ""max"", ""left"": {""leaf"": ""5_comprehensive_income_Q_Oct_31_2024"", ""depth"": 0}, ""right"": {""leaf"": ""5_comprehensive_income_Q_Oct_31_2025"", ""depth"": 0}, ""depth"": 1}","{""kind"": ""time_agg"", ""node_id"": ""N0"", ""op"": ""max"", ""family"": ""amount"", ""depth"": 2, ""entity_group"": ""E1"", ""concept_group"": ""T3"", ""over_years_group"": ""Y2""}",5987.0,2,0,1,186229922,322878403,2345,0.454,0,1,2,5_comprehensive_income_Q_Oct_31_2024,comprehensive_income_q,total comprehensive income,Alto Inc,Q Oct 31 2024,USD,5612.0,5_comprehensive_income_Q_Oct_31_2025,comprehensive_income_q,total comprehensive income,Alto Inc,Q Oct 31 2025,USD,5987.0,,,,,,,,,,,,,,,,,,,,,,,,,,,,,,,,,,,
162,1,Provide the the minimum of total revenues for Alto Inc using values from YTD Oct 31 2024 through YTD Oct 31 2025 .,"min(5_revenues_YTD_Oct_31_2024, 5_revenues_YTD_Oct_31_2025)","{""op"": ""min"", ""left"": {""leaf"": ""5_revenues_YTD_Oct_31_2024"", ""depth"": 0}, ""right"": {""leaf"": ""5_revenues_YTD_Oct_31_2025"", ""depth"": 0}, ""depth"": 1}","{""kind"": ""time_agg"", ""node_id"": ""N0"", ""op"": ""min"", ""family"": ""amount"", ""depth"": 2, ""entity_group"": ""E1"", ""concept_group"": ""T3"", ""over_years_group"": ""Y2""}",253719.0,2,0,1,917863191,587703447,2345,0.176,0,1,2,5_revenues_YTD_Oct_31_2024,revenues_ytd,total revenues,Alto Inc,YTD Oct 31 2024,USD,255942.0,5_revenues_YTD_Oct_31_2025,revenues_ytd,total revenues,Alto Inc,YTD Oct 31 2025,USD,253719.0,,,,,,,,,,,,,,,,,,,,,,,,,,,,,,,,,,,
163,1,State the the minimum of cash and cash equivalents for Nova Solutions using values from Dec 31 2024 through Oct 31 2025.,"min(4_cash_Dec_31_2024, 4_cash_Oct_31_2025)","{""op"": ""min"", ""left"": {""leaf"": ""4_cash_Dec_31_2024"", ""depth"": 0}, ""right"": {""leaf"": ""4_cash_Oct_31_2025"", ""depth"": 0}, ""depth"": 1}","{""kind"": ""time_agg"", ""node_id"": ""N0"", ""op"": ""min"", ""family"": ""amount"", ""depth"": 4, ""entity_group"": ""E1"", ""concept_group"": ""T3"", ""over_years_group"": ""Y2""}",6971.0,4,0,1,975266751,731744318,2345,0.273,0,1,2,4_cash_Dec_31_2024,cash,cash and cash equivalents,Nova Solutions,Dec 31 2024,USD,6971.0,4_cash_Oct_31_2025,cash,cash and cash equivalents,Nova Solutions,Oct 31 2025,USD,8045.0,,,,,,,,,,,,,,,,,,,,,,,,,,,,,,,,,,,
164,2,What does the following give: average total revenues for Apex Technologies across years YTD Oct 31 2024 through YTD Oct 31 2025,"ratio(sum(1_revenues_YTD_Oct_31_2024, 1_revenues_YTD_Oct_31_2025), 2.0)","{""op"": ""ratio"", ""left"": {""op"": ""sum"", ""left"": {""leaf"": ""1_revenues_YTD_Oct_31_2024"", ""depth"": 0}, ""right"": {""leaf"": ""1_revenues_YTD_Oct_31_2025"", ""depth"": 0}, ""depth"": 1}, ""right"": {""literal"": 2.0, ""depth"": 0}, ""depth"": 2}","{""kind"": ""time_agg"", ""node_id"": ""N0"", ""op"": ""avg"", ""family"": ""amount"", ""depth"": 2, ""entity_group"": ""E1"", ""concept_group"": ""T3"", ""over_years_group"": ""Y2""}",350163.0,2,0,2,239408981,198696866,2345,0.296,0,1,2,1_revenues_YTD_Oct_31_2024,revenues_ytd,total revenues,Apex Technologies,YTD Oct 31 2024,USD,352413.0,1_revenues_YTD_Oct_31_2025,revenues_ytd,total revenues,Apex Technologies,YTD Oct 31 2025,USD,347913.0,,,,,,,,,,,,,,,,,,,,,,,,,,,,,,,,,,,
165,1,Give the the minimum of total assets for Alto Inc using values from Dec 31 2024 through Oct 31 2025.,"min(5_total_assets_Dec_31_2024, 5_total_assets_Oct_31_2025)","{""op"": ""min"", ""left"": {""leaf"": ""5_total_assets_Dec_31_2024"", ""depth"": 0}, ""right"": {""leaf"": ""5_total_assets_Oct_31_2025"", ""depth"": 0}, ""depth"": 1}","{""kind"": ""time_agg"", ""node_id"": ""N0"", ""op"": ""min"", ""family"": ""amount"", ""depth"": 4, ""entity_group"": ""E1"", ""concept_group"": ""T3"", ""over_years_group"": ""Y2""}",81659.0,4,0,1,650444642,475675704,2345,0.162,0,1,2,5_total_assets_Dec_31_2024,total_assets,total assets,Alto Inc,Dec 31 2024,USD,88695.0,5_total_assets_Oct_31_2025,total_assets,total assets,Alto Inc,Oct 31 2025,USD,81659.0,,,,,,,,,,,,,,,,,,,,,,,,,,,,,,,,,,,
166,0,May you give the basic earnings per share for Plex Technologies in YTD Oct 31 2024 ?,8_eps_basic_YTD_Oct_31_2024,"{""leaf"": ""8_eps_basic_YTD_Oct_31_2024"", ""depth"": 0}","{""kind"": ""leaf"", ""name"": ""L0"", ""family"": ""amount"", ""semantic_type_in"": [""amount""], ""context_group"": ""C0"", ""entity_group"": ""E1""}",-2.36,0,0,0,709487395,103667848,2345,0.579,0,1,1,8_eps_basic_YTD_Oct_31_2024,eps_basic_ytd,basic earnings per share,Plex Technologies,YTD Oct 31 2024,USD,-2.36,,,,,,,,,,,,,,,,,,,,,,,,,,,,,,,,,,,,,,,,,,
167,0,determine the provision for income taxes for Peak Systems in Q Oct 31 2024 .,14_tax_Q_Oct_31_2024,"{""leaf"": ""14_tax_Q_Oct_31_2024"", ""depth"": 0}","{""kind"": ""leaf"", ""name"": ""L0"", ""family"": ""amount"", ""semantic_type_in"": [""amount""], ""context_group"": ""C0"", ""entity_group"": ""E1""}",400.0,0,0,0,67922260,336972479,2345,0.474,0,1,1,14_tax_Q_Oct_31_2024,tax_q,provision for income taxes,Peak Systems,Q Oct 31 2024,USD,400.0,,,,,,,,,,,,,,,,,,,,,,,,,,,,,,,,,,,,,,,,,,
168,0,What is the value of the total assets for Vex Industries in Dec 31 2024?,12_total_assets_Dec_31_2024,"{""leaf"": ""12_total_assets_Dec_31_2024"", ""depth"": 0}","{""kind"": ""leaf"", ""name"": ""L0"", ""family"": ""amount"", ""semantic_type_in"": [""amount""], ""context_group"": ""C0"", ""entity_group"": ""E1""}",40552.0,0,0,0,564336663,674375820,2345,0.395,0,1,1,12_total_assets_Dec_31_2024,total_assets,total assets,Vex Industries,Dec 31 2024,USD,40552.0,,,,,,,,,,,,,,,,,,,,,,,,,,,,,,,,,,,,,,,,,,
169,1,determine the the minimum of share repurchases for Nova Holdings using values from YTD Oct 31 2024 through YTD Oct 31 2025 .,"min(13_cf_repurchases_YTD_Oct_31_2024, 13_cf_repurchases_YTD_Oct_31_2025)","{""op"": ""min"", ""left"": {""leaf"": ""13_cf_repurchases_YTD_Oct_31_2024"", ""depth"": 0}, ""right"": {""leaf"": ""13_cf_repurchases_YTD_Oct_31_2025"", ""depth"": 0}, ""depth"": 1}","{""kind"": ""time_agg"", ""node_id"": ""N0"", ""op"": ""min"", ""family"": ""amount"", ""depth"": 1, ""entity_group"": ""E1"", ""concept_group"": ""T3"", ""over_years_group"": ""Y2""}",-3870.0,1,0,1,948012566,253886727,2345,0.196,0,1,2,13_cf_repurchases_YTD_Oct_31_2024,cf_repurchases_ytd,share repurchases,Nova Holdings,YTD Oct 31 2024,USD,-3870.0,13_cf_repurchases_YTD_Oct_31_2025,cf_repurchases_ytd,share repurchases,Nova Holdings,YTD Oct 31 2025,USD,-3478.0,,,,,,,,,,,,,,,,,,,,,,,,,,,,,,,,,,,
170,1,whats the value of the the maximum of total costs and expenses for Orion Enterprises using values from Q Oct 31 2024 through Q Oct 31 2025,"max(6_total_costs_Q_Oct_31_2024, 6_total_costs_Q_Oct_31_2025)","{""op"": ""max"", ""left"": {""leaf"": ""6_total_costs_Q_Oct_31_2024"", ""depth"": 0}, ""right"": {""leaf"": ""6_total_costs_Q_Oct_31_2025"", ""depth"": 0}, ""depth"": 1}","{""kind"": ""time_agg"", ""node_id"": ""N0"", ""op"": ""max"", ""family"": ""amount"", ""depth"": 4, ""entity_group"": ""E1"", ""concept_group"": ""T3"", ""over_years_group"": ""Y2""}",78947.0,4,0,1,540985174,405417481,2345,0.173,0,1,2,6_total_costs_Q_Oct_31_2024,total_costs_q,total costs and expenses,Orion Enterprises,Q Oct 31 2024,USD,77265.0,6_total_costs_Q_Oct_31_2025,total_costs_q,total costs and expenses,Orion Enterprises,Q Oct 31 2025,USD,78947.0,,,,,,,,,,,,,,,,,,,,,,,,,,,,,,,,,,,
171,0,state the long-term marketable securities for Vex Industries in Dec 31 2024,12_lt_investments_Dec_31_2024,"{""leaf"": ""12_lt_investments_Dec_31_2024"", ""depth"": 0}","{""kind"": ""leaf"", ""name"": ""L0"", ""family"": ""amount"", ""semantic_type_in"": [""amount""], ""context_group"": ""C0"", ""entity_group"": ""E1""}",1991.0,0,0,0,965064702,777774308,2345,0.474,0,1,1,12_lt_investments_Dec_31_2024,lt_investments,long-term marketable securities,Vex Industries,Dec 31 2024,USD,1991.0,,,,,,,,,,,,,,,,,,,,,,,,,,,,,,,,,,,,,,,,,,
172,0,Calculate the change in foreign currency translation for Peak Systems in YTD Oct 31 2024.,14_ci_fx_translation_YTD_Oct_31_2024,"{""leaf"": ""14_ci_fx_translation_YTD_Oct_31_2024"", ""depth"": 0}","{""kind"": ""leaf"", ""name"": ""L0"", ""family"": ""amount"", ""semantic_type_in"": [""amount""], ""context_group"": ""C0"", ""entity_group"": ""E1""}",154.0,0,0,0,761056656,392673686,2345,0.123,0,1,1,14_ci_fx_translation_YTD_Oct_31_2024,ci_fx_translation_ytd,change in foreign currency translation,Peak Systems,YTD Oct 31 2024,USD,154.0,,,,,,,,,,,,,,,,,,,,,,,,,,,,,,,,,,,,,,,,,,
173,1,what's the value of the longterm liabilities for Zion Solutions in Oct 31 2025 ?,longterm_liabilities,"{""derived"": ""longterm_liabilities"", ""expanded"": {""op"": ""diff"", ""left"": {""leaf"": ""3_total_liabilities_Oct_31_2025"", ""depth"": 0}, ""right"": {""leaf"": ""3_current_liabilities_Oct_31_2025"", ""depth"": 0}, ""depth"": 1}, ""depth"": 1}","{""kind"": ""derived_concept"", ""name"": ""longterm_liabilities"", ""family"": ""amount"", ""concept_depth"": 1, ""context_group"": ""C0"", ""entity_group"": ""E1""}",13228.0,1,0,1,41966964,448792567,2345,0.332,0,1,2,3_total_liabilities_Oct_31_2025,total_liabilities,total liabilities,Zion Solutions,Oct 31 2025,USD,27260.0,3_current_liabilities_Oct_31_2025,current_liabilities,total current liabilities,Zion Solutions,Oct 31 2025,USD,14032.0,,,,,,,,,,,,,,,,,,,,,,,,,,,,,,,,,,,
174,0,Evaluate the gross profit for Nova Enterprises in Q Oct 31 2025.,7_gross_profit_Q_Oct_31_2025,"{""leaf"": ""7_gross_profit_Q_Oct_31_2025"", ""depth"": 0}","{""kind"": ""leaf"", ""name"": ""L0"", ""family"": ""amount"", ""semantic_type_in"": [""amount""], ""context_group"": ""C0"", ""entity_group"": ""E1""}",36709.0,0,0,0,127277745,477152648,2345,0.159,0,1,1,7_gross_profit_Q_Oct_31_2025,gross_profit_q,gross profit,Nova Enterprises,Q Oct 31 2025,USD,36709.0,,,,,,,,,,,,,,,,,,,,,,,,,,,,,,,,,,,,,,,,,,
175,2,May you calculate the average accrued expenses and other for Nova Holdings across years Dec 31 2024 through Oct 31 2025?,"ratio(sum(13_accrued_expenses_Dec_31_2024, 13_accrued_expenses_Oct_31_2025), 2.0)","{""op"": ""ratio"", ""left"": {""op"": ""sum"", ""left"": {""leaf"": ""13_accrued_expenses_Dec_31_2024"", ""depth"": 0}, ""right"": {""leaf"": ""13_accrued_expenses_Oct_31_2025"", ""depth"": 0}, ""depth"": 1}, ""right"": {""literal"": 2.0, ""depth"": 0}, ""depth"": 2}","{""kind"": ""time_agg"", ""node_id"": ""N0"", ""op"": ""avg"", ""family"": ""amount"", ""depth"": 4, ""entity_group"": ""E1"", ""concept_group"": ""T3"", ""over_years_group"": ""Y2""}",9805.5,4,0,2,13764801,840480147,2345,0.123,0,1,2,13_accrued_expenses_Dec_31_2024,accrued_expenses,accrued expenses and other,Nova Holdings,Dec 31 2024,USD,9442.0,13_accrued_expenses_Oct_31_2025,accrued_expenses,accrued expenses and other,Nova Holdings,Oct 31 2025,USD,10169.0,,,,,,,,,,,,,,,,,,,,,,,,,,,,,,,,,,,
176,0,Evaluate the income before taxes for Alto Inc in Q Oct 31 2024 .,5_pretax_income_Q_Oct_31_2024,"{""leaf"": ""5_pretax_income_Q_Oct_31_2024"", ""depth"": 0}","{""kind"": ""leaf"", ""name"": ""L0"", ""family"": ""amount"", ""semantic_type_in"": [""amount""], ""context_group"": ""C0"", ""entity_group"": ""E1""}",7460.0,0,0,0,579314308,185495896,2345,0.164,0,1,1,5_pretax_income_Q_Oct_31_2024,pretax_income_q,income before taxes,Alto Inc,Q Oct 31 2024,USD,7460.0,,,,,,,,,,,,,,,,,,,,,,,,,,,,,,,,,,,,,,,,,,
177,1,you should calculate the the maximum of net income (CI) for Trek Holdings using values from Q Oct 31 2024 through Q Oct 31 2025 .,"max(11_ci_net_income_Q_Oct_31_2024, 11_ci_net_income_Q_Oct_31_2025)","{""op"": ""max"", ""left"": {""leaf"": ""11_ci_net_income_Q_Oct_31_2024"", ""depth"": 0}, ""right"": {""leaf"": ""11_ci_net_income_Q_Oct_31_2025"", ""depth"": 0}, ""depth"": 1}","{""kind"": ""time_agg"", ""node_id"": ""N0"", ""op"": ""max"", ""family"": ""amount"", ""depth"": 3, ""entity_group"": ""E1"", ""concept_group"": ""T3"", ""over_years_group"": ""Y2""}",4464.0,3,0,1,18777247,988091335,2345,0.158,0,1,2,11_ci_net_income_Q_Oct_31_2024,ci_net_income_q,net income (CI),Trek Holdings,Q Oct 31 2024,USD,4150.0,11_ci_net_income_Q_Oct_31_2025,ci_net_income_q,net income (CI),Trek Holdings,Q Oct 31 2025,USD,4464.0,,,,,,,,,,,,,,,,,,,,,,,,,,,,,,,,,,,
178,2,determine the average total other comprehensive income/(loss) for Nova Holdings across years Q Oct 31 2024 through Q Oct 31 2025 .,"ratio(sum(13_ci_total_oci_Q_Oct_31_2024, 13_ci_total_oci_Q_Oct_31_2025), 2.0)","{""op"": ""ratio"", ""left"": {""op"": ""sum"", ""left"": {""leaf"": ""13_ci_total_oci_Q_Oct_31_2024"", ""depth"": 0}, ""right"": {""leaf"": ""13_ci_total_oci_Q_Oct_31_2025"", ""depth"": 0}, ""depth"": 1}, ""right"": {""literal"": 2.0, ""depth"": 0}, ""depth"": 2}","{""kind"": ""time_agg"", ""node_id"": ""N0"", ""op"": ""avg"", ""family"": ""amount"", ""depth"": 1, ""entity_group"": ""E1"", ""concept_group"": ""T3"", ""over_years_group"": ""Y2""}",34.0,1,0,2,237679339,3120569,2345,0.587,0,1,2,13_ci_total_oci_Q_Oct_31_2024,ci_total_oci_q,total other comprehensive income/(loss),Nova Holdings,Q Oct 31 2024,USD,78.0,13_ci_total_oci_Q_Oct_31_2025,ci_total_oci_q,total other comprehensive income/(loss),Nova Holdings,Q Oct 31 2025,USD,-10.0,,,,,,,,,,,,,,,,,,,,,,,,,,,,,,,,,,,
179,2,"determine the average accounts receivable, net for Trek Holdings across years Dec 31 2024 through Oct 31 2025","ratio(sum(11_accounts_receivable_Dec_31_2024, 11_accounts_receivable_Oct_31_2025), 2.0)","{""op"": ""ratio"", ""left"": {""op"": ""sum"", ""left"": {""leaf"": ""11_accounts_receivable_Dec_31_2024"", ""depth"": 0}, ""right"": {""leaf"": ""11_accounts_receivable_Oct_31_2025"", ""depth"": 0}, ""depth"": 1}, ""right"": {""literal"": 2.0, ""depth"": 0}, ""depth"": 2}","{""kind"": ""time_agg"", ""node_id"": ""N0"", ""op"": ""avg"", ""family"": ""amount"", ""depth"": 4, ""entity_group"": ""E1"", ""concept_group"": ""T3"", ""over_years_group"": ""Y2""}",12110.5,4,0,2,372291141,947929880,2345,0.147,0,1,2,11_accounts_receivable_Dec_31_2024,accounts_receivable,"accounts receivable, net",Trek Holdings,Dec 31 2024,USD,11458.0,11_accounts_receivable_Oct_31_2025,accounts_receivable,"accounts receivable, net",Trek Holdings,Oct 31 2025,USD,12763.0,,,,,,,,,,,,,,,,,,,,,,,,,,,,,,,,,,,
180,1,Calculate the the maximum of change in foreign currency translation for Zion Corp using values from Q Oct 31 2024 through Q Oct 31 2025 .,"max(10_ci_fx_translation_Q_Oct_31_2024, 10_ci_fx_translation_Q_Oct_31_2025)","{""op"": ""max"", ""left"": {""leaf"": ""10_ci_fx_translation_Q_Oct_31_2024"", ""depth"": 0}, ""right"": {""leaf"": ""10_ci_fx_translation_Q_Oct_31_2025"", ""depth"": 0}, ""depth"": 1}","{""kind"": ""time_agg"", ""node_id"": ""N0"", ""op"": ""max"", ""family"": ""amount"", ""depth"": 3, ""entity_group"": ""E1"", ""concept_group"": ""T3"", ""over_years_group"": ""Y2""}",94.0,3,0,1,125939505,782469562,2345,0.46,0,1,2,10_ci_fx_translation_Q_Oct_31_2024,ci_fx_translation_q,change in foreign currency translation,Zion Corp,Q Oct 31 2024,USD,94.0,10_ci_fx_translation_Q_Oct_31_2025,ci_fx_translation_q,change in foreign currency translation,Zion Corp,Q Oct 31 2025,USD,59.0,,,,,,,,,,,,,,,,,,,,,,,,,,,,,,,,,,,
181,2,Which result follows from the difference between the minimum of net income (cash flow) for Nova Holdings using values from YTD Oct 31 2024 through YTD Oct 31 2025 and the minimum of income before taxes for Nova Holdings using values from YTD Oct 31 2024 through YTD Oct 31 2025 ?,"diff(min(13_cf_net_income_YTD_Oct_31_2024, 13_cf_net_income_YTD_Oct_31_2025), min(13_pretax_income_YTD_Oct_31_2024, 13_pretax_income_YTD_Oct_31_2025))","{""op"": ""diff"", ""left"": {""op"": ""min"", ""left"": {""leaf"": ""13_cf_net_income_YTD_Oct_31_2024"", ""depth"": 0}, ""right"": {""leaf"": ""13_cf_net_income_YTD_Oct_31_2025"", ""depth"": 0}, ""depth"": 1}, ""right"": {""op"": ""min"", ""left"": {""leaf"": ""13_pretax_income_YTD_Oct_31_2024"", ""depth"": 0}, ""right"": {""leaf"": ""13_pretax_income_YTD_Oct_31_2025"", ""depth"": 0}, ""depth"": 1}, ""depth"": 2}","{""kind"": ""node"", ""node_id"": ""N2"", ""op"": ""diff"", ""family"": ""amount"", ""depth"": 4, ""left"": {""kind"": ""time_agg"", ""node_id"": ""N0"", ""op"": ""min"", ""family"": ""amount"", ""depth"": 3, ""entity_group"": ""E1"", ""concept_group"": ""T3"", ""over_years_group"": ""Y2""}, ""right"": {""kind"": ""time_agg"", ""node_id"": ""N1"", ""op"": ""min"", ""family"": ""amount"", ""depth"": 3, ""entity_group"": ""E1"", ""concept_group"": ""T5"", ""over_years_group"": ""Y4""}}",-8523.0,4,1,2,849045661,427799464,2345,0.216,1,2,4,13_cf_net_income_YTD_Oct_31_2024,cf_net_income_ytd,net income (cash flow),Nova Holdings,YTD Oct 31 2024,USD,25014.0,13_cf_net_income_YTD_Oct_31_2025,cf_net_income_ytd,net income (cash flow),Nova Holdings,YTD Oct 31 2025,USD,22476.0,13_pretax_income_YTD_Oct_31_2024,pretax_income_ytd,income before taxes,Nova Holdings,YTD Oct 31 2024,USD,34500.0,13_pretax_income_YTD_Oct_31_2025,pretax_income_ytd,income before taxes,Nova Holdings,YTD Oct 31 2025,USD,30999.0,,,,,,,,,,,,,,,,,,,,,
182,1,state the the minimum of research and development expense for Orion Enterprises using values from YTD Oct 31 2024 through YTD Oct 31 2025,"min(6_rd_expense_YTD_Oct_31_2024, 6_rd_expense_YTD_Oct_31_2025)","{""op"": ""min"", ""left"": {""leaf"": ""6_rd_expense_YTD_Oct_31_2024"", ""depth"": 0}, ""right"": {""leaf"": ""6_rd_expense_YTD_Oct_31_2025"", ""depth"": 0}, ""depth"": 1}","{""kind"": ""time_agg"", ""node_id"": ""N0"", ""op"": ""min"", ""family"": ""amount"", ""depth"": 1, ""entity_group"": ""E1"", ""concept_group"": ""T3"", ""over_years_group"": ""Y2""}",1959.0,1,0,1,426017220,962719123,2345,0.379,0,1,2,6_rd_expense_YTD_Oct_31_2024,rd_expense_ytd,research and development expense,Orion Enterprises,YTD Oct 31 2024,USD,1959.0,6_rd_expense_YTD_Oct_31_2025,rd_expense_ytd,research and development expense,Orion Enterprises,YTD Oct 31 2025,USD,2001.0,,,,,,,,,,,,,,,,,,,,,,,,,,,,,,,,,,,
183,2,what do we obtain as the average operating income for Crest Systems across years YTD Oct 31 2024 through YTD Oct 31 2025 ?,"ratio(sum(9_operating_income_YTD_Oct_31_2024, 9_operating_income_YTD_Oct_31_2025), 2.0)","{""op"": ""ratio"", ""left"": {""op"": ""sum"", ""left"": {""leaf"": ""9_operating_income_YTD_Oct_31_2024"", ""depth"": 0}, ""right"": {""leaf"": ""9_operating_income_YTD_Oct_31_2025"", ""depth"": 0}, ""depth"": 1}, ""right"": {""literal"": 2.0, ""depth"": 0}, ""depth"": 2}","{""kind"": ""time_agg"", ""node_id"": ""N0"", ""op"": ""avg"", ""family"": ""amount"", ""depth"": 3, ""entity_group"": ""E1"", ""concept_group"": ""T3"", ""over_years_group"": ""Y2""}",8782.5,3,0,2,148715611,196309812,2345,0.153,0,1,2,9_operating_income_YTD_Oct_31_2024,operating_income_ytd,operating income,Crest Systems,YTD Oct 31 2024,USD,8829.0,9_operating_income_YTD_Oct_31_2025,operating_income_ytd,operating income,Crest Systems,YTD Oct 31 2025,USD,8736.0,,,,,,,,,,,,,,,,,,,,,,,,,,,,,,,,,,,
184,1,which result follows from the the minimum of total comprehensive income for Orion Enterprises using values from Q Oct 31 2024 through Q Oct 31 2025?,"min(6_comprehensive_income_Q_Oct_31_2024, 6_comprehensive_income_Q_Oct_31_2025)","{""op"": ""min"", ""left"": {""leaf"": ""6_comprehensive_income_Q_Oct_31_2024"", ""depth"": 0}, ""right"": {""leaf"": ""6_comprehensive_income_Q_Oct_31_2025"", ""depth"": 0}, ""depth"": 1}","{""kind"": ""time_agg"", ""node_id"": ""N0"", ""op"": ""min"", ""family"": ""amount"", ""depth"": 1, ""entity_group"": ""E1"", ""concept_group"": ""T3"", ""over_years_group"": ""Y2""}",3964.0,1,0,1,127446254,50643225,2345,0.23,0,1,2,6_comprehensive_income_Q_Oct_31_2024,comprehensive_income_q,total comprehensive income,Orion Enterprises,Q Oct 31 2024,USD,3964.0,6_comprehensive_income_Q_Oct_31_2025,comprehensive_income_q,total comprehensive income,Orion Enterprises,Q Oct 31 2025,USD,4286.0,,,,,,,,,,,,,,,,,,,,,,,,,,,,,,,,,,,
185,1,give the the maximum of current portion of long-term debt for Apex Technologies using values from Dec 31 2024 through Oct 31 2025,"max(1_current_debt_Dec_31_2024, 1_current_debt_Oct_31_2025)","{""op"": ""max"", ""left"": {""leaf"": ""1_current_debt_Dec_31_2024"", ""depth"": 0}, ""right"": {""leaf"": ""1_current_debt_Oct_31_2025"", ""depth"": 0}, ""depth"": 1}","{""kind"": ""time_agg"", ""node_id"": ""N0"", ""op"": ""max"", ""family"": ""amount"", ""depth"": 2, ""entity_group"": ""E1"", ""concept_group"": ""T3"", ""over_years_group"": ""Y2""}",7449.0,2,0,1,434894796,583291455,2345,0.166,0,1,2,1_current_debt_Dec_31_2024,current_debt,current portion of long-term debt,Apex Technologies,Dec 31 2024,USD,7449.0,1_current_debt_Oct_31_2025,current_debt,current portion of long-term debt,Apex Technologies,Oct 31 2025,USD,6782.0,,,,,,,,,,,,,,,,,,,,,,,,,,,,,,,,,,,
186,1,give the the minimum of total shareholders equity for Plex Technologies using values from Dec 31 2024 through Oct 31 2025,"min(8_total_equity_Dec_31_2024, 8_total_equity_Oct_31_2025)","{""op"": ""min"", ""left"": {""leaf"": ""8_total_equity_Dec_31_2024"", ""depth"": 0}, ""right"": {""leaf"": ""8_total_equity_Oct_31_2025"", ""depth"": 0}, ""depth"": 1}","{""kind"": ""time_agg"", ""node_id"": ""N0"", ""op"": ""min"", ""family"": ""amount"", ""depth"": 2, ""entity_group"": ""E1"", ""concept_group"": ""T3"", ""over_years_group"": ""Y2""}",11494.0,2,0,1,995046392,162602554,2345,0.197,0,1,2,8_total_equity_Dec_31_2024,total_equity,total shareholders equity,Plex Technologies,Dec 31 2024,USD,11494.0,8_total_equity_Oct_31_2025,total_equity,total shareholders equity,Plex Technologies,Oct 31 2025,USD,11738.0,,,,,,,,,,,,,,,,,,,,,,,,,,,,,,,,,,,
187,0,May you give the net sales for Orion Enterprises in Q Oct 31 2025 ?,6_net_sales_Q_Oct_31_2025,"{""leaf"": ""6_net_sales_Q_Oct_31_2025"", ""depth"": 0}","{""kind"": ""leaf"", ""name"": ""L0"", ""family"": ""amount"", ""semantic_type_in"": [""amount""], ""context_group"": ""C0"", ""entity_group"": ""E1""}",84090.0,0,0,0,455518794,235761099,2345,0.229,0,1,1,6_net_sales_Q_Oct_31_2025,net_sales_q,net sales,Orion Enterprises,Q Oct 31 2025,USD,84090.0,,,,,,,,,,,,,,,,,,,,,,,,,,,,,,,,,,,,,,,,,,
188,1,Whats the value of the the minimum of total current assets for Mira Systems using values from Dec 31 2024 through Oct 31 2025,"min(2_current_assets_Dec_31_2024, 2_current_assets_Oct_31_2025)","{""op"": ""min"", ""left"": {""leaf"": ""2_current_assets_Dec_31_2024"", ""depth"": 0}, ""right"": {""leaf"": ""2_current_assets_Oct_31_2025"", ""depth"": 0}, ""depth"": 1}","{""kind"": ""time_agg"", ""node_id"": ""N0"", ""op"": ""min"", ""family"": ""amount"", ""depth"": 3, ""entity_group"": ""E1"", ""concept_group"": ""T3"", ""over_years_group"": ""Y2""}",44785.0,3,0,1,312013904,978405671,2345,0.489,0,1,2,2_current_assets_Dec_31_2024,current_assets,total current assets,Mira Systems,Dec 31 2024,USD,44785.0,2_current_assets_Oct_31_2025,current_assets,total current assets,Mira Systems,Oct 31 2025,USD,52545.0,,,,,,,,,,,,,,,,,,,,,,,,,,,,,,,,,,,
189,1,calculate the the minimum of depreciation and amortization for Nova Enterprises using values from YTD Oct 31 2024 through YTD Oct 31 2025 .,"min(7_cf_da_YTD_Oct_31_2024, 7_cf_da_YTD_Oct_31_2025)","{""op"": ""min"", ""left"": {""leaf"": ""7_cf_da_YTD_Oct_31_2024"", ""depth"": 0}, ""right"": {""leaf"": ""7_cf_da_YTD_Oct_31_2025"", ""depth"": 0}, ""depth"": 1}","{""kind"": ""time_agg"", ""node_id"": ""N0"", ""op"": ""min"", ""family"": ""amount"", ""depth"": 2, ""entity_group"": ""E1"", ""concept_group"": ""T3"", ""over_years_group"": ""Y2""}",12000.0,2,0,1,528069843,58899308,2345,0.594,0,1,2,7_cf_da_YTD_Oct_31_2024,cf_da_ytd,depreciation and amortization,Nova Enterprises,YTD Oct 31 2024,USD,12000.0,7_cf_da_YTD_Oct_31_2025,cf_da_ytd,depreciation and amortization,Nova Enterprises,YTD Oct 31 2025,USD,12949.0,,,,,,,,,,,,,,,,,,,,,,,,,,,,,,,,,,,
190,0,you should calculate the selling general and administrative expense for Vex Industries in Q Oct 31 2024,12_sga_expense_Q_Oct_31_2024,"{""leaf"": ""12_sga_expense_Q_Oct_31_2024"", ""depth"": 0}","{""kind"": ""leaf"", ""name"": ""L0"", ""family"": ""amount"", ""semantic_type_in"": [""amount""], ""context_group"": ""C0"", ""entity_group"": ""E1""}",8746.0,0,0,0,835396694,923465671,2345,0.326,0,1,1,12_sga_expense_Q_Oct_31_2024,sga_expense_q,selling general and administrative expense,Vex Industries,Q Oct 31 2024,USD,8746.0,,,,,,,,,,,,,,,,,,,,,,,,,,,,,,,,,,,,,,,,,,
191,1,what does the following give: the minimum of total other comprehensive income/(loss) for Apex Technologies using values from Q Oct 31 2024 through Q Oct 31 2025?,"min(1_ci_total_oci_Q_Oct_31_2024, 1_ci_total_oci_Q_Oct_31_2025)","{""op"": ""min"", ""left"": {""leaf"": ""1_ci_total_oci_Q_Oct_31_2024"", ""depth"": 0}, ""right"": {""leaf"": ""1_ci_total_oci_Q_Oct_31_2025"", ""depth"": 0}, ""depth"": 1}","{""kind"": ""time_agg"", ""node_id"": ""N0"", ""op"": ""min"", ""family"": ""amount"", ""depth"": 3, ""entity_group"": ""E1"", ""concept_group"": ""T3"", ""over_years_group"": ""Y2""}",95.0,3,0,1,182820143,242152244,2345,0.433,0,1,2,1_ci_total_oci_Q_Oct_31_2024,ci_total_oci_q,total other comprehensive income/(loss),Apex Technologies,Q Oct 31 2024,USD,95.0,1_ci_total_oci_Q_Oct_31_2025,ci_total_oci_q,total other comprehensive income/(loss),Apex Technologies,Q Oct 31 2025,USD,524.0,,,,,,,,,,,,,,,,,,,,,,,,,,,,,,,,,,,
192,0,"Provide the property, plant and equipment, net for Mira Systems in Oct 31 2025 .",2_ppe_Oct_31_2025,"{""leaf"": ""2_ppe_Oct_31_2025"", ""depth"": 0}","{""kind"": ""leaf"", ""name"": ""L0"", ""family"": ""amount"", ""semantic_type_in"": [""amount""], ""context_group"": ""C0"", ""entity_group"": ""E1""}",28280.0,0,0,0,613174754,7214562,2345,0.431,0,1,1,2_ppe_Oct_31_2025,ppe,"property, plant and equipment, net",Mira Systems,Oct 31 2025,USD,28280.0,,,,,,,,,,,,,,,,,,,,,,,,,,,,,,,,,,,,,,,,,,
193,2,what does the following give: average total other comprehensive income/(loss) for Alto Inc across years Q Oct 31 2024 through Q Oct 31 2025,"ratio(sum(5_ci_total_oci_Q_Oct_31_2024, 5_ci_total_oci_Q_Oct_31_2025), 2.0)","{""op"": ""ratio"", ""left"": {""op"": ""sum"", ""left"": {""leaf"": ""5_ci_total_oci_Q_Oct_31_2024"", ""depth"": 0}, ""right"": {""leaf"": ""5_ci_total_oci_Q_Oct_31_2025"", ""depth"": 0}, ""depth"": 1}, ""right"": {""literal"": 2.0, ""depth"": 0}, ""depth"": 2}","{""kind"": ""time_agg"", ""node_id"": ""N0"", ""op"": ""avg"", ""family"": ""amount"", ""depth"": 1, ""entity_group"": ""E1"", ""concept_group"": ""T3"", ""over_years_group"": ""Y2""}",360.0,1,0,2,936699245,695704176,2345,0.498,0,1,2,5_ci_total_oci_Q_Oct_31_2024,ci_total_oci_q,total other comprehensive income/(loss),Alto Inc,Q Oct 31 2024,USD,149.0,5_ci_total_oci_Q_Oct_31_2025,ci_total_oci_q,total other comprehensive income/(loss),Alto Inc,Q Oct 31 2025,USD,571.0,,,,,,,,,,,,,,,,,,,,,,,,,,,,,,,,,,,
194,1,which quantity is given by the the maximum of total other comprehensive income/(loss) for Crest Systems using values from Q Oct 31 2024 through Q Oct 31 2025 ?,"max(9_ci_total_oci_Q_Oct_31_2024, 9_ci_total_oci_Q_Oct_31_2025)","{""op"": ""max"", ""left"": {""leaf"": ""9_ci_total_oci_Q_Oct_31_2024"", ""depth"": 0}, ""right"": {""leaf"": ""9_ci_total_oci_Q_Oct_31_2025"", ""depth"": 0}, ""depth"": 1}","{""kind"": ""time_agg"", ""node_id"": ""N0"", ""op"": ""max"", ""family"": ""amount"", ""depth"": 2, ""entity_group"": ""E1"", ""concept_group"": ""T3"", ""over_years_group"": ""Y2""}",252.0,2,0,1,388597430,191645226,2345,0.404,0,1,2,9_ci_total_oci_Q_Oct_31_2024,ci_total_oci_q,total other comprehensive income/(loss),Crest Systems,Q Oct 31 2024,USD,-32.0,9_ci_total_oci_Q_Oct_31_2025,ci_total_oci_q,total other comprehensive income/(loss),Crest Systems,Q Oct 31 2025,USD,252.0,,,,,,,,,,,,,,,,,,,,,,,,,,,,,,,,,,,
195,2,compute the average current portion of long-term debt for Trek Holdings across years Dec 31 2024 through Oct 31 2025,"ratio(sum(11_current_debt_Dec_31_2024, 11_current_debt_Oct_31_2025), 2.0)","{""op"": ""ratio"", ""left"": {""op"": ""sum"", ""left"": {""leaf"": ""11_current_debt_Dec_31_2024"", ""depth"": 0}, ""right"": {""leaf"": ""11_current_debt_Oct_31_2025"", ""depth"": 0}, ""depth"": 1}, ""right"": {""literal"": 2.0, ""depth"": 0}, ""depth"": 2}","{""kind"": ""time_agg"", ""node_id"": ""N0"", ""op"": ""avg"", ""family"": ""amount"", ""depth"": 4, ""entity_group"": ""E1"", ""concept_group"": ""T3"", ""over_years_group"": ""Y2""}",4154.0,4,0,2,988269310,131363236,2345,0.134,0,1,2,11_current_debt_Dec_31_2024,current_debt,current portion of long-term debt,Trek Holdings,Dec 31 2024,USD,3930.0,11_current_debt_Oct_31_2025,current_debt,current portion of long-term debt,Trek Holdings,Oct 31 2025,USD,4378.0,,,,,,,,,,,,,,,,,,,,,,,,,,,,,,,,,,,
196,1,which result follows from the the maximum of net cash from investing activities for Trek Holdings using values from YTD Oct 31 2024 through YTD Oct 31 2025 ?,"max(11_cf_investing_YTD_Oct_31_2024, 11_cf_investing_YTD_Oct_31_2025)","{""op"": ""max"", ""left"": {""leaf"": ""11_cf_investing_YTD_Oct_31_2024"", ""depth"": 0}, ""right"": {""leaf"": ""11_cf_investing_YTD_Oct_31_2025"", ""depth"": 0}, ""depth"": 1}","{""kind"": ""time_agg"", ""node_id"": ""N0"", ""op"": ""max"", ""family"": ""amount"", ""depth"": 2, ""entity_group"": ""E1"", ""concept_group"": ""T3"", ""over_years_group"": ""Y2""}",-5031.0,2,0,1,856752078,859009991,2345,0.104,0,1,2,11_cf_investing_YTD_Oct_31_2024,cf_investing_ytd,net cash from investing activities,Trek Holdings,YTD Oct 31 2024,USD,-5031.0,11_cf_investing_YTD_Oct_31_2025,cf_investing_ytd,net cash from investing activities,Trek Holdings,YTD Oct 31 2025,USD,-5412.0,,,,,,,,,,,,,,,,,,,,,,,,,,,,,,,,,,,
197,2,what's the value of the average total comprehensive income for Volt Inc across years Q Oct 31 2024 through Q Oct 31 2025?,"ratio(sum(0_comprehensive_income_Q_Oct_31_2024, 0_comprehensive_income_Q_Oct_31_2025), 2.0)","{""op"": ""ratio"", ""left"": {""op"": ""sum"", ""left"": {""leaf"": ""0_comprehensive_income_Q_Oct_31_2024"", ""depth"": 0}, ""right"": {""leaf"": ""0_comprehensive_income_Q_Oct_31_2025"", ""depth"": 0}, ""depth"": 1}, ""right"": {""literal"": 2.0, ""depth"": 0}, ""depth"": 2}","{""kind"": ""time_agg"", ""node_id"": ""N0"", ""op"": ""avg"", ""family"": ""amount"", ""depth"": 3, ""entity_group"": ""E1"", ""concept_group"": ""T3"", ""over_years_group"": ""Y2""}",6316.0,3,0,2,604316723,615645893,2345,0.252,0,1,2,0_comprehensive_income_Q_Oct_31_2024,comprehensive_income_q,total comprehensive income,Volt Inc,Q Oct 31 2024,USD,6834.0,0_comprehensive_income_Q_Oct_31_2025,comprehensive_income_q,total comprehensive income,Volt Inc,Q Oct 31 2025,USD,5798.0,,,,,,,,,,,,,,,,,,,,,,,,,,,,,,,,,,,
198,1,what do we obtain as the the minimum of prepaid expenses and other for Apex Technologies using values from Dec 31 2024 through Oct 31 2025 ?,"min(1_prepaid_Dec_31_2024, 1_prepaid_Oct_31_2025)","{""op"": ""min"", ""left"": {""leaf"": ""1_prepaid_Dec_31_2024"", ""depth"": 0}, ""right"": {""leaf"": ""1_prepaid_Oct_31_2025"", ""depth"": 0}, ""depth"": 1}","{""kind"": ""time_agg"", ""node_id"": ""N0"", ""op"": ""min"", ""family"": ""amount"", ""depth"": 4, ""entity_group"": ""E1"", ""concept_group"": ""T3"", ""over_years_group"": ""Y2""}",4101.0,4,0,1,775491794,959939849,2345,0.327,0,1,2,1_prepaid_Dec_31_2024,prepaid,prepaid expenses and other,Apex Technologies,Dec 31 2024,USD,4504.0,1_prepaid_Oct_31_2025,prepaid,prepaid expenses and other,Apex Technologies,Oct 31 2025,USD,4101.0,,,,,,,,,,,,,,,,,,,,,,,,,,,,,,,,,,,
199,3,"calculate the difference between the minimum of other income/(expense), net for Volt Inc using values from Q Oct 31 2024 through Q Oct 31 2025 and ratio of sum of total revenues for Volt Inc in Q Oct 31 2024 and total revenues for Volt Inc in Q Oct 31 2025 to 2.0 .","diff(min(0_other_income_Q_Oct_31_2024, 0_other_income_Q_Oct_31_2025), ratio(sum(0_revenues_Q_Oct_31_2024, 0_revenues_Q_Oct_31_2025), 2.0))","{""op"": ""diff"", ""left"": {""op"": ""min"", ""left"": {""leaf"": ""0_other_income_Q_Oct_31_2024"", ""depth"": 0}, ""right"": {""leaf"": ""0_other_income_Q_Oct_31_2025"", ""depth"": 0}, ""depth"": 1}, ""right"": {""op"": ""ratio"", ""left"": {""op"": ""sum"", ""left"": {""leaf"": ""0_revenues_Q_Oct_31_2024"", ""depth"": 0}, ""right"": {""leaf"": ""0_revenues_Q_Oct_31_2025"", ""depth"": 0}, ""depth"": 1}, ""right"": {""literal"": 2.0, ""depth"": 0}, ""depth"": 2}, ""depth"": 3}","{""kind"": ""node"", ""node_id"": ""N2"", ""op"": ""diff"", ""family"": ""amount"", ""depth"": 4, ""left"": {""kind"": ""time_agg"", ""node_id"": ""N0"", ""op"": ""min"", ""family"": ""amount"", ""depth"": 3, ""entity_group"": ""E1"", ""concept_group"": ""T3"", ""over_years_group"": ""Y2""}, ""right"": {""kind"": ""time_agg"", ""node_id"": ""N1"", ""op"": ""avg"", ""family"": ""amount"", ""depth"": 3, ""entity_group"": ""E1"", ""concept_group"": ""T5"", ""over_years_group"": ""Y4""}}",-121466.0,4,1,3,105639438,339955741,2345,0.384,1,2,4,0_other_income_Q_Oct_31_2024,other_income_q,"other income/(expense), net",Volt Inc,Q Oct 31 2024,USD,-332.0,0_other_income_Q_Oct_31_2025,other_income_q,"other income/(expense), net",Volt Inc,Q Oct 31 2025,USD,-289.0,0_revenues_Q_Oct_31_2024,revenues_q,total revenues,Volt Inc,Q Oct 31 2024,USD,129495.0,0_revenues_Q_Oct_31_2025,revenues_q,total revenues,Volt Inc,Q Oct 31 2025,USD,112773.0,,,,,,,,,,,,,,,,,,,,,
200,2,Which quantity is given by the average cost of sales for Mira Systems across years YTD Oct 31 2024 through YTD Oct 31 2025,"ratio(sum(2_cost_of_sales_YTD_Oct_31_2024, 2_cost_of_sales_YTD_Oct_31_2025), 2.0)","{""op"": ""ratio"", ""left"": {""op"": ""sum"", ""left"": {""leaf"": ""2_cost_of_sales_YTD_Oct_31_2024"", ""depth"": 0}, ""right"": {""leaf"": ""2_cost_of_sales_YTD_Oct_31_2025"", ""depth"": 0}, ""depth"": 1}, ""right"": {""literal"": 2.0, ""depth"": 0}, ""depth"": 2}","{""kind"": ""time_agg"", ""node_id"": ""N0"", ""op"": ""avg"", ""family"": ""amount"", ""depth"": 1, ""entity_group"": ""E1"", ""concept_group"": ""T3"", ""over_years_group"": ""Y2""}",231978.0,1,0,2,480448786,253375004,2345,0.518,0,1,2,2_cost_of_sales_YTD_Oct_31_2024,cost_of_sales_ytd,cost of sales,Mira Systems,YTD Oct 31 2024,USD,221622.0,2_cost_of_sales_YTD_Oct_31_2025,cost_of_sales_ytd,cost of sales,Mira Systems,YTD Oct 31 2025,USD,242334.0,,,,,,,,,,,,,,,,,,,,,,,,,,,,,,,,,,,
201,0,Which result follows from the net income (CI) for Zion Corp in YTD Oct 31 2025 ?,10_ci_net_income_YTD_Oct_31_2025,"{""leaf"": ""10_ci_net_income_YTD_Oct_31_2025"", ""depth"": 0}","{""kind"": ""leaf"", ""name"": ""L0"", ""family"": ""amount"", ""semantic_type_in"": [""amount""], ""context_group"": ""C0"", ""entity_group"": ""E1""}",24996.0,3,0,0,249771698,997740622,2345,0.477,0,1,1,10_ci_net_income_YTD_Oct_31_2025,ci_net_income_ytd,net income (CI),Zion Corp,YTD Oct 31 2025,USD,24996.0,,,,,,,,,,,,,,,,,,,,,,,,,,,,,,,,,,,,,,,,,,
202,1,Evaluate the the maximum of inventories for Vex Industries using values from Dec 31 2024 through Oct 31 2025.,"max(12_inventories_Dec_31_2024, 12_inventories_Oct_31_2025)","{""op"": ""max"", ""left"": {""leaf"": ""12_inventories_Dec_31_2024"", ""depth"": 0}, ""right"": {""leaf"": ""12_inventories_Oct_31_2025"", ""depth"": 0}, ""depth"": 1}","{""kind"": ""time_agg"", ""node_id"": ""N0"", ""op"": ""max"", ""family"": ""amount"", ""depth"": 2, ""entity_group"": ""E1"", ""concept_group"": ""T3"", ""over_years_group"": ""Y2""}",6620.0,2,0,1,195231691,148590234,2345,0.204,0,1,2,12_inventories_Dec_31_2024,inventories,inventories,Vex Industries,Dec 31 2024,USD,6428.0,12_inventories_Oct_31_2025,inventories,inventories,Vex Industries,Oct 31 2025,USD,6620.0,,,,,,,,,,,,,,,,,,,,,,,,,,,,,,,,,,,
203,0,give the capital expenditures for Plex Technologies in YTD Oct 31 2025.,8_cf_capex_YTD_Oct_31_2025,"{""leaf"": ""8_cf_capex_YTD_Oct_31_2025"", ""depth"": 0}","{""kind"": ""leaf"", ""name"": ""L0"", ""family"": ""amount"", ""semantic_type_in"": [""amount""], ""context_group"": ""C0"", ""entity_group"": ""E1""}",-8108.0,2,0,0,50512431,442347214,2345,0.141,0,1,1,8_cf_capex_YTD_Oct_31_2025,cf_capex_ytd,capital expenditures,Plex Technologies,YTD Oct 31 2025,USD,-8108.0,,,,,,,,,,,,,,,,,,,,,,,,,,,,,,,,,,,,,,,,,,
204,4,may you calculate the result of the maximum of long-term debt for Volt Inc using values from Dec 31 2024 through Oct 31 2025 scaled by ratio of result of change in foreign currency translation for Volt Inc in YTD Oct 31 2025 scaled by growth in retained earnings for Volt Inc from Dec 31 2024 to Oct 31 2025 to net cash from investing activities for Volt Inc in YTD Oct 31 2025 ?,"mul(max(0_long_term_debt_Dec_31_2024, 0_long_term_debt_Oct_31_2025), ratio(mul(0_ci_fx_translation_YTD_Oct_31_2025, growth(0_retained_earnings_Dec_31_2024, 0_retained_earnings_Oct_31_2025)), 0_cf_investing_YTD_Oct_31_2025))","{""op"": ""mul"", ""left"": {""op"": ""max"", ""left"": {""leaf"": ""0_long_term_debt_Dec_31_2024"", ""depth"": 0}, ""right"": {""leaf"": ""0_long_term_debt_Oct_31_2025"", ""depth"": 0}, ""depth"": 1}, ""right"": {""op"": ""ratio"", ""left"": {""op"": ""mul"", ""left"": {""leaf"": ""0_ci_fx_translation_YTD_Oct_31_2025"", ""depth"": 0}, ""right"": {""op"": ""growth"", ""left"": {""leaf"": ""0_retained_earnings_Dec_31_2024"", ""depth"": 0}, ""right"": {""leaf"": ""0_retained_earnings_Oct_31_2025"", ""depth"": 0}, ""depth"": 1}, ""depth"": 2}, ""right"": {""leaf"": ""0_cf_investing_YTD_Oct_31_2025"", ""depth"": 0}, ""depth"": 3}, ""depth"": 4}","{""kind"": ""node"", ""node_id"": ""N4"", ""op"": ""mul"", ""family"": ""amount"", ""depth"": 4, ""left"": {""kind"": ""time_agg"", ""node_id"": ""N0"", ""op"": ""max"", ""family"": ""amount"", ""depth"": 3, ""entity_group"": ""E1"", ""concept_group"": ""T3"", ""over_years_group"": ""Y2""}, ""right"": {""kind"": ""node"", ""node_id"": ""N3"", ""op"": ""ratio"", ""family"": ""ratio"", ""depth"": 3, ""left"": {""kind"": ""node"", ""node_id"": ""N2"", ""op"": ""mul"", ""family"": ""amount"", ""depth"": 2, ""left"": {""kind"": ""leaf"", ""name"": ""L0"", ""family"": ""amount"", ""semantic_type_in"": [""amount""], ""context_group"": ""C0"", ""entity_group"": ""E1"", ""section_group"": ""S4""}, ""right"": {""kind"": ""node"", ""node_id"": ""N1"", ""op"": ""growth"", ""family"": ""ratio"", ""depth"": 1, ""left"": {""kind"": ""leaf"", ""name"": ""L1"", ""family"": ""amount"", ""semantic_type_in"": [""amount""], ""context_group"": ""C7"", ""entity_group"": ""E1"", ""time_series_group"": ""Y5"", ""concept_group"": ""T6""}, ""right"": {""kind"": ""leaf"", ""name"": ""L2"", ""family"": ""amount"", ""semantic_type_in"": [""amount""], ""context_group"": ""C8"", ""entity_group"": ""E1"", ""time_series_group"": ""Y5"", ""concept_group"": ""T6""}, ""over_years_group"": ""Y5""}}, ""right"": {""kind"": ""leaf"", ""name"": ""L3"", ""family"": ""amount"", ""semantic_type_in"": [""amount""], ""context_group"": ""C0"", ""entity_group"": ""E1"", ""section_group"": ""S4""}}}",219.24047920712403,4,4,4,910031969,211991261,2345,0.492,4,5,6,0_long_term_debt_Dec_31_2024,long_term_debt,long-term debt,Volt Inc,Dec 31 2024,USD,29306.0,0_long_term_debt_Oct_31_2025,long_term_debt,long-term debt,Volt Inc,Oct 31 2025,USD,33768.0,0_ci_fx_translation_YTD_Oct_31_2025,ci_fx_translation_ytd,change in foreign currency translation,Volt Inc,YTD Oct 31 2025,USD,144.0,0_retained_earnings_Dec_31_2024,retained_earnings,retained earnings,Volt Inc,Dec 31 2024,USD,9869.0,0_retained_earnings_Oct_31_2025,retained_earnings,retained earnings,Volt Inc,Oct 31 2025,USD,18507.0,0_cf_investing_YTD_Oct_31_2025,cf_investing_ytd,net cash from investing activities,Volt Inc,YTD Oct 31 2025,USD,-10352.0,,,,,,,
205,2,May you give the average change in foreign currency translation for Peak Systems across years YTD Oct 31 2024 through YTD Oct 31 2025,"ratio(sum(14_ci_fx_translation_YTD_Oct_31_2024, 14_ci_fx_translation_YTD_Oct_31_2025), 2.0)","{""op"": ""ratio"", ""left"": {""op"": ""sum"", ""left"": {""leaf"": ""14_ci_fx_translation_YTD_Oct_31_2024"", ""depth"": 0}, ""right"": {""leaf"": ""14_ci_fx_translation_YTD_Oct_31_2025"", ""depth"": 0}, ""depth"": 1}, ""right"": {""literal"": 2.0, ""depth"": 0}, ""depth"": 2}","{""kind"": ""time_agg"", ""node_id"": ""N0"", ""op"": ""avg"", ""family"": ""amount"", ""depth"": 3, ""entity_group"": ""E1"", ""concept_group"": ""T3"", ""over_years_group"": ""Y2""}",166.0,3,0,2,698925375,145656359,2345,0.154,0,1,2,14_ci_fx_translation_YTD_Oct_31_2024,ci_fx_translation_ytd,change in foreign currency translation,Peak Systems,YTD Oct 31 2024,USD,154.0,14_ci_fx_translation_YTD_Oct_31_2025,ci_fx_translation_ytd,change in foreign currency translation,Peak Systems,YTD Oct 31 2025,USD,178.0,,,,,,,,,,,,,,,,,,,,,,,,,,,,,,,,,,,
206,1,you should give the the maximum of short-term investments for Peak Systems using values from Dec 31 2024 through Oct 31 2025.,"max(14_st_investments_Dec_31_2024, 14_st_investments_Oct_31_2025)","{""op"": ""max"", ""left"": {""leaf"": ""14_st_investments_Dec_31_2024"", ""depth"": 0}, ""right"": {""leaf"": ""14_st_investments_Oct_31_2025"", ""depth"": 0}, ""depth"": 1}","{""kind"": ""time_agg"", ""node_id"": ""N0"", ""op"": ""max"", ""family"": ""amount"", ""depth"": 1, ""entity_group"": ""E1"", ""concept_group"": ""T3"", ""over_years_group"": ""Y2""}",3641.0,1,0,1,178787646,444154754,2345,0.234,0,1,2,14_st_investments_Dec_31_2024,st_investments,short-term investments,Peak Systems,Dec 31 2024,USD,3370.0,14_st_investments_Oct_31_2025,st_investments,short-term investments,Peak Systems,Oct 31 2025,USD,3641.0,,,,,,,,,,,,,,,,,,,,,,,,,,,,,,,,,,,
207,1,you should calculate the the maximum of net cash from operating activities for Zion Corp using values from YTD Oct 31 2024 through YTD Oct 31 2025,"max(10_cf_operating_YTD_Oct_31_2024, 10_cf_operating_YTD_Oct_31_2025)","{""op"": ""max"", ""left"": {""leaf"": ""10_cf_operating_YTD_Oct_31_2024"", ""depth"": 0}, ""right"": {""leaf"": ""10_cf_operating_YTD_Oct_31_2025"", ""depth"": 0}, ""depth"": 1}","{""kind"": ""time_agg"", ""node_id"": ""N0"", ""op"": ""max"", ""family"": ""amount"", ""depth"": 2, ""entity_group"": ""E1"", ""concept_group"": ""T3"", ""over_years_group"": ""Y2""}",36291.0,2,0,1,986818781,330508547,2345,0.504,0,1,2,10_cf_operating_YTD_Oct_31_2024,cf_operating_ytd,net cash from operating activities,Zion Corp,YTD Oct 31 2024,USD,36291.0,10_cf_operating_YTD_Oct_31_2025,cf_operating_ytd,net cash from operating activities,Zion Corp,YTD Oct 31 2025,USD,31737.0,,,,,,,,,,,,,,,,,,,,,,,,,,,,,,,,,,,
208,2,What is the value of the average operating income for Trek Holdings across years YTD Oct 31 2024 through YTD Oct 31 2025?,"ratio(sum(11_operating_income_YTD_Oct_31_2024, 11_operating_income_YTD_Oct_31_2025), 2.0)","{""op"": ""ratio"", ""left"": {""op"": ""sum"", ""left"": {""leaf"": ""11_operating_income_YTD_Oct_31_2024"", ""depth"": 0}, ""right"": {""leaf"": ""11_operating_income_YTD_Oct_31_2025"", ""depth"": 0}, ""depth"": 1}, ""right"": {""literal"": 2.0, ""depth"": 0}, ""depth"": 2}","{""kind"": ""time_agg"", ""node_id"": ""N0"", ""op"": ""avg"", ""family"": ""amount"", ""depth"": 1, ""entity_group"": ""E1"", ""concept_group"": ""T3"", ""over_years_group"": ""Y2""}",17803.5,1,0,2,250488951,678058156,2345,0.378,0,1,2,11_operating_income_YTD_Oct_31_2024,operating_income_ytd,operating income,Trek Holdings,YTD Oct 31 2024,USD,17154.0,11_operating_income_YTD_Oct_31_2025,operating_income_ytd,operating income,Trek Holdings,YTD Oct 31 2025,USD,18453.0,,,,,,,,,,,,,,,,,,,,,,,,,,,,,,,,,,,
209,2,Give the average total comprehensive income for Mira Systems across years YTD Oct 31 2024 through YTD Oct 31 2025 .,"ratio(sum(2_comprehensive_income_YTD_Oct_31_2024, 2_comprehensive_income_YTD_Oct_31_2025), 2.0)","{""op"": ""ratio"", ""left"": {""op"": ""sum"", ""left"": {""leaf"": ""2_comprehensive_income_YTD_Oct_31_2024"", ""depth"": 0}, ""right"": {""leaf"": ""2_comprehensive_income_YTD_Oct_31_2025"", ""depth"": 0}, ""depth"": 1}, ""right"": {""literal"": 2.0, ""depth"": 0}, ""depth"": 2}","{""kind"": ""time_agg"", ""node_id"": ""N0"", ""op"": ""avg"", ""family"": ""amount"", ""depth"": 2, ""entity_group"": ""E1"", ""concept_group"": ""T3"", ""over_years_group"": ""Y2""}",6338.0,2,0,2,353125040,205769827,2345,0.445,0,1,2,2_comprehensive_income_YTD_Oct_31_2024,comprehensive_income_ytd,total comprehensive income,Mira Systems,YTD Oct 31 2024,USD,6049.0,2_comprehensive_income_YTD_Oct_31_2025,comprehensive_income_ytd,total comprehensive income,Mira Systems,YTD Oct 31 2025,USD,6627.0,,,,,,,,,,,,,,,,,,,,,,,,,,,,,,,,,,,
210,0,Which value corresponds to the capital expenditures for Nova Holdings in YTD Oct 31 2024,13_cf_capex_YTD_Oct_31_2024,"{""leaf"": ""13_cf_capex_YTD_Oct_31_2024"", ""depth"": 0}","{""kind"": ""leaf"", ""name"": ""L0"", ""family"": ""amount"", ""semantic_type_in"": [""amount""], ""context_group"": ""C0"", ""entity_group"": ""E1""}",-22398.0,3,0,0,614995718,500732520,2345,0.411,0,1,1,13_cf_capex_YTD_Oct_31_2024,cf_capex_ytd,capital expenditures,Nova Holdings,YTD Oct 31 2024,USD,-22398.0,,,,,,,,,,,,,,,,,,,,,,,,,,,,,,,,,,,,,,,,,,
211,1,state the the maximum of provision for income taxes for Nova Solutions using values from YTD Oct 31 2024 through YTD Oct 31 2025 .,"max(4_tax_YTD_Oct_31_2024, 4_tax_YTD_Oct_31_2025)","{""op"": ""max"", ""left"": {""leaf"": ""4_tax_YTD_Oct_31_2024"", ""depth"": 0}, ""right"": {""leaf"": ""4_tax_YTD_Oct_31_2025"", ""depth"": 0}, ""depth"": 1}","{""kind"": ""time_agg"", ""node_id"": ""N0"", ""op"": ""max"", ""family"": ""amount"", ""depth"": 1, ""entity_group"": ""E1"", ""concept_group"": ""T3"", ""over_years_group"": ""Y2""}",8727.0,1,0,1,782354045,641624248,2345,0.334,0,1,2,4_tax_YTD_Oct_31_2024,tax_ytd,provision for income taxes,Nova Solutions,YTD Oct 31 2024,USD,8727.0,4_tax_YTD_Oct_31_2025,tax_ytd,provision for income taxes,Nova Solutions,YTD Oct 31 2025,USD,8067.0,,,,,,,,,,,,,,,,,,,,,,,,,,,,,,,,,,,
212,3,Evaluate the sum of ratio of sum of total current assets for Mira Systems in Dec 31 2024 and total current assets for Mira Systems in Oct 31 2025 to 2.0 and the maximum of net income for Mira Systems using values from YTD Oct 31 2024 through YTD Oct 31 2025.,"sum(ratio(sum(2_current_assets_Dec_31_2024, 2_current_assets_Oct_31_2025), 2.0), max(2_net_income_YTD_Oct_31_2024, 2_net_income_YTD_Oct_31_2025))","{""op"": ""sum"", ""left"": {""op"": ""ratio"", ""left"": {""op"": ""sum"", ""left"": {""leaf"": ""2_current_assets_Dec_31_2024"", ""depth"": 0}, ""right"": {""leaf"": ""2_current_assets_Oct_31_2025"", ""depth"": 0}, ""depth"": 1}, ""right"": {""literal"": 2.0, ""depth"": 0}, ""depth"": 2}, ""right"": {""op"": ""max"", ""left"": {""leaf"": ""2_net_income_YTD_Oct_31_2024"", ""depth"": 0}, ""right"": {""leaf"": ""2_net_income_YTD_Oct_31_2025"", ""depth"": 0}, ""depth"": 1}, ""depth"": 3}","{""kind"": ""node"", ""node_id"": ""N2"", ""op"": ""sum"", ""family"": ""amount"", ""depth"": 3, ""left"": {""kind"": ""time_agg"", ""node_id"": ""N0"", ""op"": ""avg"", ""family"": ""amount"", ""depth"": 2, ""entity_group"": ""E1"", ""concept_group"": ""T5"", ""over_years_group"": ""Y4"", ""section_group"": ""S3"", ""aggregation_group"": ""A2""}, ""right"": {""kind"": ""time_agg"", ""node_id"": ""N1"", ""op"": ""max"", ""family"": ""amount"", ""depth"": 2, ""entity_group"": ""E1"", ""concept_group"": ""T7"", ""over_years_group"": ""Y6"", ""section_group"": ""S3"", ""aggregation_group"": ""A2""}}",54917.0,3,1,3,143247586,806549421,2345,0.214,1,2,4,2_current_assets_Dec_31_2024,current_assets,total current assets,Mira Systems,Dec 31 2024,USD,44785.0,2_current_assets_Oct_31_2025,current_assets,total current assets,Mira Systems,Oct 31 2025,USD,52545.0,2_net_income_YTD_Oct_31_2024,net_income_ytd,net income,Mira Systems,YTD Oct 31 2024,USD,5718.0,2_net_income_YTD_Oct_31_2025,net_income_ytd,net income,Mira Systems,YTD Oct 31 2025,USD,6252.0,,,,,,,,,,,,,,,,,,,,,
213,0,what do we obtain as the total current assets for Orion Enterprises in Oct 31 2025,6_current_assets_Oct_31_2025,"{""leaf"": ""6_current_assets_Oct_31_2025"", ""depth"": 0}","{""kind"": ""leaf"", ""name"": ""L0"", ""family"": ""amount"", ""semantic_type_in"": [""amount""], ""context_group"": ""C0"", ""entity_group"": ""E1""}",37971.0,0,0,0,883303057,236495378,2345,0.182,0,1,1,6_current_assets_Oct_31_2025,current_assets,total current assets,Orion Enterprises,Oct 31 2025,USD,37971.0,,,,,,,,,,,,,,,,,,,,,,,,,,,,,,,,,,,,,,,,,,
214,2,evaluate the average net income for Apex Technologies across years YTD Oct 31 2024 through YTD Oct 31 2025.,"ratio(sum(1_net_income_YTD_Oct_31_2024, 1_net_income_YTD_Oct_31_2025), 2.0)","{""op"": ""ratio"", ""left"": {""op"": ""sum"", ""left"": {""leaf"": ""1_net_income_YTD_Oct_31_2024"", ""depth"": 0}, ""right"": {""leaf"": ""1_net_income_YTD_Oct_31_2025"", ""depth"": 0}, ""depth"": 1}, ""right"": {""literal"": 2.0, ""depth"": 0}, ""depth"": 2}","{""kind"": ""time_agg"", ""node_id"": ""N0"", ""op"": ""avg"", ""family"": ""amount"", ""depth"": 4, ""entity_group"": ""E1"", ""concept_group"": ""T3"", ""over_years_group"": ""Y2""}",27622.5,4,0,2,973616057,508162524,2345,0.583,0,1,2,1_net_income_YTD_Oct_31_2024,net_income_ytd,net income,Apex Technologies,YTD Oct 31 2024,USD,27801.0,1_net_income_YTD_Oct_31_2025,net_income_ytd,net income,Apex Technologies,YTD Oct 31 2025,USD,27444.0,,,,,,,,,,,,,,,,,,,,,,,,,,,,,,,,,,,
215,2,Compute the average cost of sales for Zion Corp across years Q Oct 31 2024 through Q Oct 31 2025,"ratio(sum(10_cost_of_sales_Q_Oct_31_2024, 10_cost_of_sales_Q_Oct_31_2025), 2.0)","{""op"": ""ratio"", ""left"": {""op"": ""sum"", ""left"": {""leaf"": ""10_cost_of_sales_Q_Oct_31_2024"", ""depth"": 0}, ""right"": {""leaf"": ""10_cost_of_sales_Q_Oct_31_2025"", ""depth"": 0}, ""depth"": 1}, ""right"": {""literal"": 2.0, ""depth"": 0}, ""depth"": 2}","{""kind"": ""time_agg"", ""node_id"": ""N0"", ""op"": ""avg"", ""family"": ""amount"", ""depth"": 2, ""entity_group"": ""E1"", ""concept_group"": ""T3"", ""over_years_group"": ""Y2""}",54355.5,2,0,2,759096318,700437090,2345,0.237,0,1,2,10_cost_of_sales_Q_Oct_31_2024,cost_of_sales_q,cost of sales,Zion Corp,Q Oct 31 2024,USD,56878.0,10_cost_of_sales_Q_Oct_31_2025,cost_of_sales_q,cost of sales,Zion Corp,Q Oct 31 2025,USD,51833.0,,,,,,,,,,,,,,,,,,,,,,,,,,,,,,,,,,,
216,2,"determine the average accounts receivable, net for Peak Systems across years Dec 31 2024 through Oct 31 2025","ratio(sum(14_accounts_receivable_Dec_31_2024, 14_accounts_receivable_Oct_31_2025), 2.0)","{""op"": ""ratio"", ""left"": {""op"": ""sum"", ""left"": {""leaf"": ""14_accounts_receivable_Dec_31_2024"", ""depth"": 0}, ""right"": {""leaf"": ""14_accounts_receivable_Oct_31_2025"", ""depth"": 0}, ""depth"": 1}, ""right"": {""literal"": 2.0, ""depth"": 0}, ""depth"": 2}","{""kind"": ""time_agg"", ""node_id"": ""N0"", ""op"": ""avg"", ""family"": ""amount"", ""depth"": 1, ""entity_group"": ""E1"", ""concept_group"": ""T3"", ""over_years_group"": ""Y2""}",10764.5,1,0,2,863100593,885742156,2345,0.328,0,1,2,14_accounts_receivable_Dec_31_2024,accounts_receivable,"accounts receivable, net",Peak Systems,Dec 31 2024,USD,10349.0,14_accounts_receivable_Oct_31_2025,accounts_receivable,"accounts receivable, net",Peak Systems,Oct 31 2025,USD,11180.0,,,,,,,,,,,,,,,,,,,,,,,,,,,,,,,,,,,
217,2,Could you give the average income before taxes for Volt Inc across years YTD Oct 31 2024 through YTD Oct 31 2025,"ratio(sum(0_pretax_income_YTD_Oct_31_2024, 0_pretax_income_YTD_Oct_31_2025), 2.0)","{""op"": ""ratio"", ""left"": {""op"": ""sum"", ""left"": {""leaf"": ""0_pretax_income_YTD_Oct_31_2024"", ""depth"": 0}, ""right"": {""leaf"": ""0_pretax_income_YTD_Oct_31_2025"", ""depth"": 0}, ""depth"": 1}, ""right"": {""literal"": 2.0, ""depth"": 0}, ""depth"": 2}","{""kind"": ""time_agg"", ""node_id"": ""N0"", ""op"": ""avg"", ""family"": ""amount"", ""depth"": 1, ""entity_group"": ""E1"", ""concept_group"": ""T3"", ""over_years_group"": ""Y2""}",25363.5,1,0,2,853521002,379951846,2345,0.558,0,1,2,0_pretax_income_YTD_Oct_31_2024,pretax_income_ytd,income before taxes,Volt Inc,YTD Oct 31 2024,USD,27114.0,0_pretax_income_YTD_Oct_31_2025,pretax_income_ytd,income before taxes,Volt Inc,YTD Oct 31 2025,USD,23613.0,,,,,,,,,,,,,,,,,,,,,,,,,,,,,,,,,,,
218,1,What is the value of the the minimum of net income for Zion Solutions using values from YTD Oct 31 2024 through YTD Oct 31 2025 ?,"min(3_net_income_YTD_Oct_31_2024, 3_net_income_YTD_Oct_31_2025)","{""op"": ""min"", ""left"": {""leaf"": ""3_net_income_YTD_Oct_31_2024"", ""depth"": 0}, ""right"": {""leaf"": ""3_net_income_YTD_Oct_31_2025"", ""depth"": 0}, ""depth"": 1}","{""kind"": ""time_agg"", ""node_id"": ""N0"", ""op"": ""min"", ""family"": ""amount"", ""depth"": 2, ""entity_group"": ""E1"", ""concept_group"": ""T3"", ""over_years_group"": ""Y2""}",4011.0,2,0,1,296513038,80911930,2345,0.31,0,1,2,3_net_income_YTD_Oct_31_2024,net_income_ytd,net income,Zion Solutions,YTD Oct 31 2024,USD,4170.0,3_net_income_YTD_Oct_31_2025,net_income_ytd,net income,Zion Solutions,YTD Oct 31 2025,USD,4011.0,,,,,,,,,,,,,,,,,,,,,,,,,,,,,,,,,,,
219,2,you should calculate the average total current liabilities for Vex Industries across years Dec 31 2024 through Oct 31 2025,"ratio(sum(12_current_liabilities_Dec_31_2024, 12_current_liabilities_Oct_31_2025), 2.0)","{""op"": ""ratio"", ""left"": {""op"": ""sum"", ""left"": {""leaf"": ""12_current_liabilities_Dec_31_2024"", ""depth"": 0}, ""right"": {""leaf"": ""12_current_liabilities_Oct_31_2025"", ""depth"": 0}, ""depth"": 1}, ""right"": {""literal"": 2.0, ""depth"": 0}, ""depth"": 2}","{""kind"": ""time_agg"", ""node_id"": ""N0"", ""op"": ""avg"", ""family"": ""amount"", ""depth"": 4, ""entity_group"": ""E1"", ""concept_group"": ""T3"", ""over_years_group"": ""Y2""}",26499.5,4,0,2,655074931,896055209,2345,0.553,0,1,2,12_current_liabilities_Dec_31_2024,current_liabilities,total current liabilities,Vex Industries,Dec 31 2024,USD,26110.0,12_current_liabilities_Oct_31_2025,current_liabilities,total current liabilities,Vex Industries,Oct 31 2025,USD,26889.0,,,,,,,,,,,,,,,,,,,,,,,,,,,,,,,,,,,
220,0,Which value corresponds to the net income for Apex Technologies in YTD Oct 31 2024 ?,1_net_income_YTD_Oct_31_2024,"{""leaf"": ""1_net_income_YTD_Oct_31_2024"", ""depth"": 0}","{""kind"": ""leaf"", ""name"": ""L0"", ""family"": ""amount"", ""semantic_type_in"": [""amount""], ""context_group"": ""C0"", ""entity_group"": ""E1""}",27801.0,0,0,0,907389998,313147198,2345,0.173,0,1,1,1_net_income_YTD_Oct_31_2024,net_income_ytd,net income,Apex Technologies,YTD Oct 31 2024,USD,27801.0,,,,,,,,,,,,,,,,,,,,,,,,,,,,,,,,,,,,,,,,,,
221,0,what would be the net sales for Peak Systems in Q Oct 31 2025 ?,14_net_sales_Q_Oct_31_2025,"{""leaf"": ""14_net_sales_Q_Oct_31_2025"", ""depth"": 0}","{""kind"": ""leaf"", ""name"": ""L0"", ""family"": ""amount"", ""semantic_type_in"": [""amount""], ""context_group"": ""C0"", ""entity_group"": ""E1""}",71709.0,3,0,0,163907746,963689204,2345,0.173,0,1,1,14_net_sales_Q_Oct_31_2025,net_sales_q,net sales,Peak Systems,Q Oct 31 2025,USD,71709.0,,,,,,,,,,,,,,,,,,,,,,,,,,,,,,,,,,,,,,,,,,
222,1,you should calculate the the minimum of research and development expense for Volt Inc using values from YTD Oct 31 2024 through YTD Oct 31 2025,"min(0_rd_expense_YTD_Oct_31_2024, 0_rd_expense_YTD_Oct_31_2025)","{""op"": ""min"", ""left"": {""leaf"": ""0_rd_expense_YTD_Oct_31_2024"", ""depth"": 0}, ""right"": {""leaf"": ""0_rd_expense_YTD_Oct_31_2025"", ""depth"": 0}, ""depth"": 1}","{""kind"": ""time_agg"", ""node_id"": ""N0"", ""op"": ""min"", ""family"": ""amount"", ""depth"": 2, ""entity_group"": ""E1"", ""concept_group"": ""T3"", ""over_years_group"": ""Y2""}",468.0,2,0,1,475344729,945173950,2345,0.186,0,1,2,0_rd_expense_YTD_Oct_31_2024,rd_expense_ytd,research and development expense,Volt Inc,YTD Oct 31 2024,USD,537.0,0_rd_expense_YTD_Oct_31_2025,rd_expense_ytd,research and development expense,Volt Inc,YTD Oct 31 2025,USD,468.0,,,,,,,,,,,,,,,,,,,,,,,,,,,,,,,,,,,
223,1,"Determine the the minimum of accounts receivable, net for Plex Technologies using values from Dec 31 2024 through Oct 31 2025.","min(8_accounts_receivable_Dec_31_2024, 8_accounts_receivable_Oct_31_2025)","{""op"": ""min"", ""left"": {""leaf"": ""8_accounts_receivable_Dec_31_2024"", ""depth"": 0}, ""right"": {""leaf"": ""8_accounts_receivable_Oct_31_2025"", ""depth"": 0}, ""depth"": 1}","{""kind"": ""time_agg"", ""node_id"": ""N0"", ""op"": ""min"", ""family"": ""amount"", ""depth"": 2, ""entity_group"": ""E1"", ""concept_group"": ""T3"", ""over_years_group"": ""Y2""}",10529.0,2,0,1,660193053,678164437,2345,0.102,0,1,2,8_accounts_receivable_Dec_31_2024,accounts_receivable,"accounts receivable, net",Plex Technologies,Dec 31 2024,USD,10529.0,8_accounts_receivable_Oct_31_2025,accounts_receivable,"accounts receivable, net",Plex Technologies,Oct 31 2025,USD,10753.0,,,,,,,,,,,,,,,,,,,,,,,,,,,,,,,,,,,
224,2,what is the value of the average net income for Alto Inc across years Q Oct 31 2024 through Q Oct 31 2025?,"ratio(sum(5_net_income_Q_Oct_31_2024, 5_net_income_Q_Oct_31_2025), 2.0)","{""op"": ""ratio"", ""left"": {""op"": ""sum"", ""left"": {""leaf"": ""5_net_income_Q_Oct_31_2024"", ""depth"": 0}, ""right"": {""leaf"": ""5_net_income_Q_Oct_31_2025"", ""depth"": 0}, ""depth"": 1}, ""right"": {""literal"": 2.0, ""depth"": 0}, ""depth"": 2}","{""kind"": ""time_agg"", ""node_id"": ""N0"", ""op"": ""avg"", ""family"": ""amount"", ""depth"": 1, ""entity_group"": ""E1"", ""concept_group"": ""T3"", ""over_years_group"": ""Y2""}",5439.5,1,0,2,478834326,494894342,2345,0.445,0,1,2,5_net_income_Q_Oct_31_2024,net_income_q,net income,Alto Inc,Q Oct 31 2024,USD,5463.0,5_net_income_Q_Oct_31_2025,net_income_q,net income,Alto Inc,Q Oct 31 2025,USD,5416.0,,,,,,,,,,,,,,,,,,,,,,,,,,,,,,,,,,,
225,3,Compute the difference between ratio of sum of total costs and expenses for Crest Systems in YTD Oct 31 2024 and total costs and expenses for Crest Systems in YTD Oct 31 2025 to 2.0 and the maximum of stock-based compensation for Crest Systems using values from YTD Oct 31 2024 through YTD Oct 31 2025.,"diff(ratio(sum(9_total_costs_YTD_Oct_31_2024, 9_total_costs_YTD_Oct_31_2025), 2.0), max(9_cf_sbc_YTD_Oct_31_2024, 9_cf_sbc_YTD_Oct_31_2025))","{""op"": ""diff"", ""left"": {""op"": ""ratio"", ""left"": {""op"": ""sum"", ""left"": {""leaf"": ""9_total_costs_YTD_Oct_31_2024"", ""depth"": 0}, ""right"": {""leaf"": ""9_total_costs_YTD_Oct_31_2025"", ""depth"": 0}, ""depth"": 1}, ""right"": {""literal"": 2.0, ""depth"": 0}, ""depth"": 2}, ""right"": {""op"": ""max"", ""left"": {""leaf"": ""9_cf_sbc_YTD_Oct_31_2024"", ""depth"": 0}, ""right"": {""leaf"": ""9_cf_sbc_YTD_Oct_31_2025"", ""depth"": 0}, ""depth"": 1}, ""depth"": 3}","{""kind"": ""node"", ""node_id"": ""N2"", ""op"": ""diff"", ""family"": ""amount"", ""depth"": 2, ""left"": {""kind"": ""time_agg"", ""node_id"": ""N0"", ""op"": ""avg"", ""family"": ""amount"", ""depth"": 1, ""entity_group"": ""E1"", ""concept_group"": ""T3"", ""over_years_group"": ""Y2""}, ""right"": {""kind"": ""time_agg"", ""node_id"": ""N1"", ""op"": ""max"", ""family"": ""amount"", ""depth"": 1, ""entity_group"": ""E1"", ""concept_group"": ""T5"", ""over_years_group"": ""Y4""}}",68120.0,2,1,3,139099370,999293069,2345,0.365,1,2,4,9_total_costs_YTD_Oct_31_2024,total_costs_ytd,total costs and expenses,Crest Systems,YTD Oct 31 2024,USD,69138.0,9_total_costs_YTD_Oct_31_2025,total_costs_ytd,total costs and expenses,Crest Systems,YTD Oct 31 2025,USD,68394.0,9_cf_sbc_YTD_Oct_31_2024,cf_sbc_ytd,stock-based compensation,Crest Systems,YTD Oct 31 2024,USD,646.0,9_cf_sbc_YTD_Oct_31_2025,cf_sbc_ytd,stock-based compensation,Crest Systems,YTD Oct 31 2025,USD,639.0,,,,,,,,,,,,,,,,,,,,,
226,0,which quantity is given by the deferred revenue for Peak Systems in Oct 31 2025 ?,14_deferred_revenue_Oct_31_2025,"{""leaf"": ""14_deferred_revenue_Oct_31_2025"", ""depth"": 0}","{""kind"": ""leaf"", ""name"": ""L0"", ""family"": ""amount"", ""semantic_type_in"": [""amount""], ""context_group"": ""C0"", ""entity_group"": ""E1""}",3838.0,0,0,0,326861785,535287371,2345,0.446,0,1,1,14_deferred_revenue_Oct_31_2025,deferred_revenue,deferred revenue,Peak Systems,Oct 31 2025,USD,3838.0,,,,,,,,,,,,,,,,,,,,,,,,,,,,,,,,,,,,,,,,,,
227,1,may you give the the maximum of accrued expenses and other for Nova Holdings using values from Dec 31 2024 through Oct 31 2025,"max(13_accrued_expenses_Dec_31_2024, 13_accrued_expenses_Oct_31_2025)","{""op"": ""max"", ""left"": {""leaf"": ""13_accrued_expenses_Dec_31_2024"", ""depth"": 0}, ""right"": {""leaf"": ""13_accrued_expenses_Oct_31_2025"", ""depth"": 0}, ""depth"": 1}","{""kind"": ""time_agg"", ""node_id"": ""N0"", ""op"": ""max"", ""family"": ""amount"", ""depth"": 4, ""entity_group"": ""E1"", ""concept_group"": ""T3"", ""over_years_group"": ""Y2""}",10169.0,4,0,1,497242859,157976969,2345,0.374,0,1,2,13_accrued_expenses_Dec_31_2024,accrued_expenses,accrued expenses and other,Nova Holdings,Dec 31 2024,USD,9442.0,13_accrued_expenses_Oct_31_2025,accrued_expenses,accrued expenses and other,Nova Holdings,Oct 31 2025,USD,10169.0,,,,,,,,,,,,,,,,,,,,,,,,,,,,,,,,,,,
228,1,Which quantity is given by the the maximum of accrued expenses and other for Nova Holdings using values from Dec 31 2024 through Oct 31 2025,"max(13_accrued_expenses_Dec_31_2024, 13_accrued_expenses_Oct_31_2025)","{""op"": ""max"", ""left"": {""leaf"": ""13_accrued_expenses_Dec_31_2024"", ""depth"": 0}, ""right"": {""leaf"": ""13_accrued_expenses_Oct_31_2025"", ""depth"": 0}, ""depth"": 1}","{""kind"": ""time_agg"", ""node_id"": ""N0"", ""op"": ""max"", ""family"": ""amount"", ""depth"": 4, ""entity_group"": ""E1"", ""concept_group"": ""T3"", ""over_years_group"": ""Y2""}",10169.0,4,0,1,493106387,201745410,2345,0.378,0,1,2,13_accrued_expenses_Dec_31_2024,accrued_expenses,accrued expenses and other,Nova Holdings,Dec 31 2024,USD,9442.0,13_accrued_expenses_Oct_31_2025,accrued_expenses,accrued expenses and other,Nova Holdings,Oct 31 2025,USD,10169.0,,,,,,,,,,,,,,,,,,,,,,,,,,,,,,,,,,,
229,0,Determine the capital expenditures for Alto Inc in YTD Oct 31 2024,5_cf_capex_YTD_Oct_31_2024,"{""leaf"": ""5_cf_capex_YTD_Oct_31_2024"", ""depth"": 0}","{""kind"": ""leaf"", ""name"": ""L0"", ""family"": ""amount"", ""semantic_type_in"": [""amount""], ""context_group"": ""C0"", ""entity_group"": ""E1""}",-9450.0,1,0,0,984677813,787300156,2345,0.257,0,1,1,5_cf_capex_YTD_Oct_31_2024,cf_capex_ytd,capital expenditures,Alto Inc,YTD Oct 31 2024,USD,-9450.0,,,,,,,,,,,,,,,,,,,,,,,,,,,,,,,,,,,,,,,,,,
230,2,Determine the average accrued expenses and other for Vex Industries across years Dec 31 2024 through Oct 31 2025.,"ratio(sum(12_accrued_expenses_Dec_31_2024, 12_accrued_expenses_Oct_31_2025), 2.0)","{""op"": ""ratio"", ""left"": {""op"": ""sum"", ""left"": {""leaf"": ""12_accrued_expenses_Dec_31_2024"", ""depth"": 0}, ""right"": {""leaf"": ""12_accrued_expenses_Oct_31_2025"", ""depth"": 0}, ""depth"": 1}, ""right"": {""literal"": 2.0, ""depth"": 0}, ""depth"": 2}","{""kind"": ""time_agg"", ""node_id"": ""N0"", ""op"": ""avg"", ""family"": ""amount"", ""depth"": 1, ""entity_group"": ""E1"", ""concept_group"": ""T3"", ""over_years_group"": ""Y2""}",4345.0,1,0,2,910607261,662312006,2345,0.257,0,1,2,12_accrued_expenses_Dec_31_2024,accrued_expenses,accrued expenses and other,Vex Industries,Dec 31 2024,USD,4281.0,12_accrued_expenses_Oct_31_2025,accrued_expenses,accrued expenses and other,Vex Industries,Oct 31 2025,USD,4409.0,,,,,,,,,,,,,,,,,,,,,,,,,,,,,,,,,,,
231,2,What does the following give: average net income (CI) for Zion Solutions across years YTD Oct 31 2024 through YTD Oct 31 2025?,"ratio(sum(3_ci_net_income_YTD_Oct_31_2024, 3_ci_net_income_YTD_Oct_31_2025), 2.0)","{""op"": ""ratio"", ""left"": {""op"": ""sum"", ""left"": {""leaf"": ""3_ci_net_income_YTD_Oct_31_2024"", ""depth"": 0}, ""right"": {""leaf"": ""3_ci_net_income_YTD_Oct_31_2025"", ""depth"": 0}, ""depth"": 1}, ""right"": {""literal"": 2.0, ""depth"": 0}, ""depth"": 2}","{""kind"": ""time_agg"", ""node_id"": ""N0"", ""op"": ""avg"", ""family"": ""amount"", ""depth"": 4, ""entity_group"": ""E1"", ""concept_group"": ""T3"", ""over_years_group"": ""Y2""}",4090.5,4,0,2,8755049,208410146,2345,0.45,0,1,2,3_ci_net_income_YTD_Oct_31_2024,ci_net_income_ytd,net income (CI),Zion Solutions,YTD Oct 31 2024,USD,4170.0,3_ci_net_income_YTD_Oct_31_2025,ci_net_income_ytd,net income (CI),Zion Solutions,YTD Oct 31 2025,USD,4011.0,,,,,,,,,,,,,,,,,,,,,,,,,,,,,,,,,,,
232,0,you should give the dividends paid for Plex Technologies in YTD Oct 31 2025.,8_cf_dividends_YTD_Oct_31_2025,"{""leaf"": ""8_cf_dividends_YTD_Oct_31_2025"", ""depth"": 0}","{""kind"": ""leaf"", ""name"": ""L0"", ""family"": ""amount"", ""semantic_type_in"": [""amount""], ""context_group"": ""C0"", ""entity_group"": ""E1""}",245.0,0,0,0,700300901,413710246,2345,0.445,0,1,1,8_cf_dividends_YTD_Oct_31_2025,cf_dividends_ytd,dividends paid,Plex Technologies,YTD Oct 31 2025,USD,245.0,,,,,,,,,,,,,,,,,,,,,,,,,,,,,,,,,,,,,,,,,,
233,1,You should calculate the the maximum of cash at end of period for Vex Industries using values from YTD Oct 31 2024 through YTD Oct 31 2025.,"max(12_cf_closing_cash_YTD_Oct_31_2024, 12_cf_closing_cash_YTD_Oct_31_2025)","{""op"": ""max"", ""left"": {""leaf"": ""12_cf_closing_cash_YTD_Oct_31_2024"", ""depth"": 0}, ""right"": {""leaf"": ""12_cf_closing_cash_YTD_Oct_31_2025"", ""depth"": 0}, ""depth"": 1}","{""kind"": ""time_agg"", ""node_id"": ""N0"", ""op"": ""max"", ""family"": ""amount"", ""depth"": 4, ""entity_group"": ""E1"", ""concept_group"": ""T3"", ""over_years_group"": ""Y2""}",7882.0,4,0,1,451591276,536316733,2345,0.578,0,1,2,12_cf_closing_cash_YTD_Oct_31_2024,cf_closing_cash_ytd,cash at end of period,Vex Industries,YTD Oct 31 2024,USD,6611.0,12_cf_closing_cash_YTD_Oct_31_2025,cf_closing_cash_ytd,cash at end of period,Vex Industries,YTD Oct 31 2025,USD,7882.0,,,,,,,,,,,,,,,,,,,,,,,,,,,,,,,,,,,
234,1,provide the the maximum of research and development expense for Nova Solutions using values from Q Oct 31 2024 through Q Oct 31 2025,"max(4_rd_expense_Q_Oct_31_2024, 4_rd_expense_Q_Oct_31_2025)","{""op"": ""max"", ""left"": {""leaf"": ""4_rd_expense_Q_Oct_31_2024"", ""depth"": 0}, ""right"": {""leaf"": ""4_rd_expense_Q_Oct_31_2025"", ""depth"": 0}, ""depth"": 1}","{""kind"": ""time_agg"", ""node_id"": ""N0"", ""op"": ""max"", ""family"": ""amount"", ""depth"": 2, ""entity_group"": ""E1"", ""concept_group"": ""T3"", ""over_years_group"": ""Y2""}",220.0,2,0,1,596245441,677461495,2345,0.51,0,1,2,4_rd_expense_Q_Oct_31_2024,rd_expense_q,research and development expense,Nova Solutions,Q Oct 31 2024,USD,220.0,4_rd_expense_Q_Oct_31_2025,rd_expense_q,research and development expense,Nova Solutions,Q Oct 31 2025,USD,203.0,,,,,,,,,,,,,,,,,,,,,,,,,,,,,,,,,,,
235,1,Give the the maximum of gross profit for Crest Systems using values from Q Oct 31 2024 through Q Oct 31 2025 .,"max(9_gross_profit_Q_Oct_31_2024, 9_gross_profit_Q_Oct_31_2025)","{""op"": ""max"", ""left"": {""leaf"": ""9_gross_profit_Q_Oct_31_2024"", ""depth"": 0}, ""right"": {""leaf"": ""9_gross_profit_Q_Oct_31_2025"", ""depth"": 0}, ""depth"": 1}","{""kind"": ""time_agg"", ""node_id"": ""N0"", ""op"": ""max"", ""family"": ""amount"", ""depth"": 3, ""entity_group"": ""E1"", ""concept_group"": ""T3"", ""over_years_group"": ""Y2""}",8369.0,3,0,1,646686309,745030640,2345,0.471,0,1,2,9_gross_profit_Q_Oct_31_2024,gross_profit_q,gross profit,Crest Systems,Q Oct 31 2024,USD,8369.0,9_gross_profit_Q_Oct_31_2025,gross_profit_q,gross profit,Crest Systems,Q Oct 31 2025,USD,8279.0,,,,,,,,,,,,,,,,,,,,,,,,,,,,,,,,,,,
236,1,Determine the the minimum of basic earnings per share for Zion Solutions using values from YTD Oct 31 2024 through YTD Oct 31 2025.,"min(3_eps_basic_YTD_Oct_31_2024, 3_eps_basic_YTD_Oct_31_2025)","{""op"": ""min"", ""left"": {""leaf"": ""3_eps_basic_YTD_Oct_31_2024"", ""depth"": 0}, ""right"": {""leaf"": ""3_eps_basic_YTD_Oct_31_2025"", ""depth"": 0}, ""depth"": 1}","{""kind"": ""time_agg"", ""node_id"": ""N0"", ""op"": ""min"", ""family"": ""amount"", ""depth"": 3, ""entity_group"": ""E1"", ""concept_group"": ""T3"", ""over_years_group"": ""Y2""}",0.52,3,0,1,126703053,927541149,2345,0.142,0,1,2,3_eps_basic_YTD_Oct_31_2024,eps_basic_ytd,basic earnings per share,Zion Solutions,YTD Oct 31 2024,USD,0.54,3_eps_basic_YTD_Oct_31_2025,eps_basic_ytd,basic earnings per share,Zion Solutions,YTD Oct 31 2025,USD,0.52,,,,,,,,,,,,,,,,,,,,,,,,,,,,,,,,,,,
237,1,you should give the the minimum of total comprehensive income for Peak Systems using values from Q Oct 31 2024 through Q Oct 31 2025,"min(14_comprehensive_income_Q_Oct_31_2024, 14_comprehensive_income_Q_Oct_31_2025)","{""op"": ""min"", ""left"": {""leaf"": ""14_comprehensive_income_Q_Oct_31_2024"", ""depth"": 0}, ""right"": {""leaf"": ""14_comprehensive_income_Q_Oct_31_2025"", ""depth"": 0}, ""depth"": 1}","{""kind"": ""time_agg"", ""node_id"": ""N0"", ""op"": ""min"", ""family"": ""amount"", ""depth"": 1, ""entity_group"": ""E1"", ""concept_group"": ""T3"", ""over_years_group"": ""Y2""}",656.0,1,0,1,895666480,581268541,2345,0.146,0,1,2,14_comprehensive_income_Q_Oct_31_2024,comprehensive_income_q,total comprehensive income,Peak Systems,Q Oct 31 2024,USD,1408.0,14_comprehensive_income_Q_Oct_31_2025,comprehensive_income_q,total comprehensive income,Peak Systems,Q Oct 31 2025,USD,656.0,,,,,,,,,,,,,,,,,,,,,,,,,,,,,,,,,,,
238,1,which quantity is given by the the minimum of cost of sales for Plex Technologies using values from Q Oct 31 2024 through Q Oct 31 2025?,"min(8_cost_of_sales_Q_Oct_31_2024, 8_cost_of_sales_Q_Oct_31_2025)","{""op"": ""min"", ""left"": {""leaf"": ""8_cost_of_sales_Q_Oct_31_2024"", ""depth"": 0}, ""right"": {""leaf"": ""8_cost_of_sales_Q_Oct_31_2025"", ""depth"": 0}, ""depth"": 1}","{""kind"": ""time_agg"", ""node_id"": ""N0"", ""op"": ""min"", ""family"": ""amount"", ""depth"": 2, ""entity_group"": ""E1"", ""concept_group"": ""T3"", ""over_years_group"": ""Y2""}",67910.0,2,0,1,725225272,682996203,2345,0.237,0,1,2,8_cost_of_sales_Q_Oct_31_2024,cost_of_sales_q,cost of sales,Plex Technologies,Q Oct 31 2024,USD,67910.0,8_cost_of_sales_Q_Oct_31_2025,cost_of_sales_q,cost of sales,Plex Technologies,Q Oct 31 2025,USD,71903.0,,,,,,,,,,,,,,,,,,,,,,,,,,,,,,,,,,,
239,1,state the the minimum of other non-current assets for Nova Holdings using values from Dec 31 2024 through Oct 31 2025 .,"min(13_other_nca_Dec_31_2024, 13_other_nca_Oct_31_2025)","{""op"": ""min"", ""left"": {""leaf"": ""13_other_nca_Dec_31_2024"", ""depth"": 0}, ""right"": {""leaf"": ""13_other_nca_Oct_31_2025"", ""depth"": 0}, ""depth"": 1}","{""kind"": ""time_agg"", ""node_id"": ""N0"", ""op"": ""min"", ""family"": ""amount"", ""depth"": 2, ""entity_group"": ""E1"", ""concept_group"": ""T3"", ""over_years_group"": ""Y2""}",10771.0,2,0,1,959213726,811303735,2345,0.218,0,1,2,13_other_nca_Dec_31_2024,other_nca,other non-current assets,Nova Holdings,Dec 31 2024,USD,10771.0,13_other_nca_Oct_31_2025,other_nca,other non-current assets,Nova Holdings,Oct 31 2025,USD,11600.0,,,,,,,,,,,,,,,,,,,,,,,,,,,,,,,,,,,
240,2,calculate the average provision for income taxes for Crest Systems across years YTD Oct 31 2024 through YTD Oct 31 2025.,"ratio(sum(9_tax_YTD_Oct_31_2024, 9_tax_YTD_Oct_31_2025), 2.0)","{""op"": ""ratio"", ""left"": {""op"": ""sum"", ""left"": {""leaf"": ""9_tax_YTD_Oct_31_2024"", ""depth"": 0}, ""right"": {""leaf"": ""9_tax_YTD_Oct_31_2025"", ""depth"": 0}, ""depth"": 1}, ""right"": {""literal"": 2.0, ""depth"": 0}, ""depth"": 2}","{""kind"": ""time_agg"", ""node_id"": ""N0"", ""op"": ""avg"", ""family"": ""amount"", ""depth"": 1, ""entity_group"": ""E1"", ""concept_group"": ""T3"", ""over_years_group"": ""Y2""}",2127.0,1,0,2,548928715,143060248,2345,0.21,0,1,2,9_tax_YTD_Oct_31_2024,tax_ytd,provision for income taxes,Crest Systems,YTD Oct 31 2024,USD,2139.0,9_tax_YTD_Oct_31_2025,tax_ytd,provision for income taxes,Crest Systems,YTD Oct 31 2025,USD,2115.0,,,,,,,,,,,,,,,,,,,,,,,,,,,,,,,,,,,
241,0,May you calculate the selling general and administrative expense for Vex Industries in YTD Oct 31 2024?,12_sga_expense_YTD_Oct_31_2024,"{""leaf"": ""12_sga_expense_YTD_Oct_31_2024"", ""depth"": 0}","{""kind"": ""leaf"", ""name"": ""L0"", ""family"": ""amount"", ""semantic_type_in"": [""amount""], ""context_group"": ""C0"", ""entity_group"": ""E1""}",26238.0,0,0,0,125377544,761216990,2345,0.44,0,1,1,12_sga_expense_YTD_Oct_31_2024,sga_expense_ytd,selling general and administrative expense,Vex Industries,YTD Oct 31 2024,USD,26238.0,,,,,,,,,,,,,,,,,,,,,,,,,,,,,,,,,,,,,,,,,,
242,1,which quantity is given by the difference between cost of sales and total costs and expenses for Volt Inc in YTD Oct 31 2025,"diff(0_cost_of_sales_YTD_Oct_31_2025, 0_total_costs_YTD_Oct_31_2025)","{""op"": ""diff"", ""left"": {""leaf"": ""0_cost_of_sales_YTD_Oct_31_2025"", ""depth"": 0}, ""right"": {""leaf"": ""0_total_costs_YTD_Oct_31_2025"", ""depth"": 0}, ""depth"": 1}","{""kind"": ""node"", ""node_id"": ""N0"", ""op"": ""diff"", ""family"": ""amount"", ""depth"": 1, ""left"": {""kind"": ""leaf"", ""name"": ""L0"", ""family"": ""amount"", ""semantic_type_in"": [""amount""], ""context_group"": ""C0"", ""entity_group"": ""E1""}, ""right"": {""kind"": ""leaf"", ""name"": ""L1"", ""family"": ""amount"", ""semantic_type_in"": [""amount""], ""context_group"": ""C0"", ""entity_group"": ""E1""}}",-63453.0,1,1,1,296375796,966876978,2345,0.584,1,2,2,0_cost_of_sales_YTD_Oct_31_2025,cost_of_sales_ytd,cost of sales,Volt Inc,YTD Oct 31 2025,USD,250386.0,0_total_costs_YTD_Oct_31_2025,total_costs_ytd,total costs and expenses,Volt Inc,YTD Oct 31 2025,USD,313839.0,,,,,,,,,,,,,,,,,,,,,,,,,,,,,,,,,,,
243,1,You should calculate the the maximum of provision for income taxes for Plex Technologies using values from Q Oct 31 2024 through Q Oct 31 2025,"max(8_tax_Q_Oct_31_2024, 8_tax_Q_Oct_31_2025)","{""op"": ""max"", ""left"": {""leaf"": ""8_tax_Q_Oct_31_2024"", ""depth"": 0}, ""right"": {""leaf"": ""8_tax_Q_Oct_31_2025"", ""depth"": 0}, ""depth"": 1}","{""kind"": ""time_agg"", ""node_id"": ""N0"", ""op"": ""max"", ""family"": ""amount"", ""depth"": 1, ""entity_group"": ""E1"", ""concept_group"": ""T3"", ""over_years_group"": ""Y2""}",-0.0,1,0,1,427513050,621967278,2345,0.133,0,1,2,8_tax_Q_Oct_31_2024,tax_q,provision for income taxes,Plex Technologies,Q Oct 31 2024,USD,-0.0,8_tax_Q_Oct_31_2025,tax_q,provision for income taxes,Plex Technologies,Q Oct 31 2025,USD,0.0,,,,,,,,,,,,,,,,,,,,,,,,,,,,,,,,,,,
244,2,which result follows from the average net cash from financing activities for Zion Solutions across years YTD Oct 31 2024 through YTD Oct 31 2025?,"ratio(sum(3_cf_financing_YTD_Oct_31_2024, 3_cf_financing_YTD_Oct_31_2025), 2.0)","{""op"": ""ratio"", ""left"": {""op"": ""sum"", ""left"": {""leaf"": ""3_cf_financing_YTD_Oct_31_2024"", ""depth"": 0}, ""right"": {""leaf"": ""3_cf_financing_YTD_Oct_31_2025"", ""depth"": 0}, ""depth"": 1}, ""right"": {""literal"": 2.0, ""depth"": 0}, ""depth"": 2}","{""kind"": ""time_agg"", ""node_id"": ""N0"", ""op"": ""avg"", ""family"": ""amount"", ""depth"": 1, ""entity_group"": ""E1"", ""concept_group"": ""T3"", ""over_years_group"": ""Y2""}",-2599.0,1,0,2,452579551,807337205,2345,0.575,0,1,2,3_cf_financing_YTD_Oct_31_2024,cf_financing_ytd,net cash from financing activities,Zion Solutions,YTD Oct 31 2024,USD,-2645.0,3_cf_financing_YTD_Oct_31_2025,cf_financing_ytd,net cash from financing activities,Zion Solutions,YTD Oct 31 2025,USD,-2553.0,,,,,,,,,,,,,,,,,,,,,,,,,,,,,,,,,,,
245,1,may you give the longterm liabilities for Crest Systems in Oct 31 2025 ?,longterm_liabilities,"{""derived"": ""longterm_liabilities"", ""expanded"": {""op"": ""diff"", ""left"": {""leaf"": ""9_total_liabilities_Oct_31_2025"", ""depth"": 0}, ""right"": {""leaf"": ""9_current_liabilities_Oct_31_2025"", ""depth"": 0}, ""depth"": 1}, ""depth"": 1}","{""kind"": ""derived_concept"", ""name"": ""longterm_liabilities"", ""family"": ""amount"", ""concept_depth"": 1, ""context_group"": ""C0"", ""entity_group"": ""E1""}",9697.0,4,0,1,902996676,273505829,2345,0.475,0,1,2,9_total_liabilities_Oct_31_2025,total_liabilities,total liabilities,Crest Systems,Oct 31 2025,USD,23979.0,9_current_liabilities_Oct_31_2025,current_liabilities,total current liabilities,Crest Systems,Oct 31 2025,USD,14282.0,,,,,,,,,,,,,,,,,,,,,,,,,,,,,,,,,,,
246,2,May you give the average other non-current liabilities for Vex Industries across years Dec 31 2024 through Oct 31 2025 ?,"ratio(sum(12_other_ncl_Dec_31_2024, 12_other_ncl_Oct_31_2025), 2.0)","{""op"": ""ratio"", ""left"": {""op"": ""sum"", ""left"": {""leaf"": ""12_other_ncl_Dec_31_2024"", ""depth"": 0}, ""right"": {""leaf"": ""12_other_ncl_Oct_31_2025"", ""depth"": 0}, ""depth"": 1}, ""right"": {""literal"": 2.0, ""depth"": 0}, ""depth"": 2}","{""kind"": ""time_agg"", ""node_id"": ""N0"", ""op"": ""avg"", ""family"": ""amount"", ""depth"": 3, ""entity_group"": ""E1"", ""concept_group"": ""T3"", ""over_years_group"": ""Y2""}",2723.0,3,0,2,961023118,153940751,2345,0.572,0,1,2,12_other_ncl_Dec_31_2024,other_ncl,other non-current liabilities,Vex Industries,Dec 31 2024,USD,2683.0,12_other_ncl_Oct_31_2025,other_ncl,other non-current liabilities,Vex Industries,Oct 31 2025,USD,2763.0,,,,,,,,,,,,,,,,,,,,,,,,,,,,,,,,,,,
247,1,Which result follows from the longterm liabilities for Volt Inc in Oct 31 2025 ?,longterm_liabilities,"{""derived"": ""longterm_liabilities"", ""expanded"": {""op"": ""diff"", ""left"": {""leaf"": ""0_total_liabilities_Oct_31_2025"", ""depth"": 0}, ""right"": {""leaf"": ""0_current_liabilities_Oct_31_2025"", ""depth"": 0}, ""depth"": 1}, ""depth"": 1}","{""kind"": ""derived_concept"", ""name"": ""longterm_liabilities"", ""family"": ""amount"", ""concept_depth"": 1, ""context_group"": ""C0"", ""entity_group"": ""E1""}",36683.0,2,0,1,6156659,734055875,2345,0.356,0,1,2,0_total_liabilities_Oct_31_2025,total_liabilities,total liabilities,Volt Inc,Oct 31 2025,USD,81626.0,0_current_liabilities_Oct_31_2025,current_liabilities,total current liabilities,Volt Inc,Oct 31 2025,USD,44943.0,,,,,,,,,,,,,,,,,,,,,,,,,,,,,,,,,,,
248,2,which value corresponds to the average research and development expense for Nova Holdings across years Q Oct 31 2024 through Q Oct 31 2025,"ratio(sum(13_rd_expense_Q_Oct_31_2024, 13_rd_expense_Q_Oct_31_2025), 2.0)","{""op"": ""ratio"", ""left"": {""op"": ""sum"", ""left"": {""leaf"": ""13_rd_expense_Q_Oct_31_2024"", ""depth"": 0}, ""right"": {""leaf"": ""13_rd_expense_Q_Oct_31_2025"", ""depth"": 0}, ""depth"": 1}, ""right"": {""literal"": 2.0, ""depth"": 0}, ""depth"": 2}","{""kind"": ""time_agg"", ""node_id"": ""N0"", ""op"": ""avg"", ""family"": ""amount"", ""depth"": 4, ""entity_group"": ""E1"", ""concept_group"": ""T3"", ""over_years_group"": ""Y2""}",125.5,4,0,2,618819397,201681778,2345,0.52,0,1,2,13_rd_expense_Q_Oct_31_2024,rd_expense_q,research and development expense,Nova Holdings,Q Oct 31 2024,USD,132.0,13_rd_expense_Q_Oct_31_2025,rd_expense_q,research and development expense,Nova Holdings,Q Oct 31 2025,USD,119.0,,,,,,,,,,,,,,,,,,,,,,,,,,,,,,,,,,,
249,0,Whats the value of the cash effect of exchange rate changes for Zion Corp in YTD Oct 31 2024,10_cf_fx_effect_YTD_Oct_31_2024,"{""leaf"": ""10_cf_fx_effect_YTD_Oct_31_2024"", ""depth"": 0}","{""kind"": ""leaf"", ""name"": ""L0"", ""family"": ""amount"", ""semantic_type_in"": [""amount""], ""context_group"": ""C0"", ""entity_group"": ""E1""}",-83.0,0,0,0,741264022,249751145,2345,0.599,0,1,1,10_cf_fx_effect_YTD_Oct_31_2024,cf_fx_effect_ytd,cash effect of exchange rate changes,Zion Corp,YTD Oct 31 2024,USD,-83.0,,,,,,,,,,,,,,,,,,,,,,,,,,,,,,,,,,,,,,,,,,
250,0,what do we obtain as the total costs and expenses for Orion Enterprises in YTD Oct 31 2025,6_total_costs_YTD_Oct_31_2025,"{""leaf"": ""6_total_costs_YTD_Oct_31_2025"", ""depth"": 0}","{""kind"": ""leaf"", ""name"": ""L0"", ""family"": ""amount"", ""semantic_type_in"": [""amount""], ""context_group"": ""C0"", ""entity_group"": ""E1""}",236841.0,0,0,0,749138581,353690814,2345,0.301,0,1,1,6_total_costs_YTD_Oct_31_2025,total_costs_ytd,total costs and expenses,Orion Enterprises,YTD Oct 31 2025,USD,236841.0,,,,,,,,,,,,,,,,,,,,,,,,,,,,,,,,,,,,,,,,,,
251,2,what is the average other non-current assets for Nova Holdings across years Dec 31 2024 through Oct 31 2025?,"ratio(sum(13_other_nca_Dec_31_2024, 13_other_nca_Oct_31_2025), 2.0)","{""op"": ""ratio"", ""left"": {""op"": ""sum"", ""left"": {""leaf"": ""13_other_nca_Dec_31_2024"", ""depth"": 0}, ""right"": {""leaf"": ""13_other_nca_Oct_31_2025"", ""depth"": 0}, ""depth"": 1}, ""right"": {""literal"": 2.0, ""depth"": 0}, ""depth"": 2}","{""kind"": ""time_agg"", ""node_id"": ""N0"", ""op"": ""avg"", ""family"": ""amount"", ""depth"": 3, ""entity_group"": ""E1"", ""concept_group"": ""T3"", ""over_years_group"": ""Y2""}",11185.5,3,0,2,656062847,213400234,2345,0.142,0,1,2,13_other_nca_Dec_31_2024,other_nca,other non-current assets,Nova Holdings,Dec 31 2024,USD,10771.0,13_other_nca_Oct_31_2025,other_nca,other non-current assets,Nova Holdings,Oct 31 2025,USD,11600.0,,,,,,,,,,,,,,,,,,,,,,,,,,,,,,,,,,,
252,1,Compute the the maximum of total costs and expenses for Trek Holdings using values from Q Oct 31 2024 through Q Oct 31 2025.,"max(11_total_costs_Q_Oct_31_2024, 11_total_costs_Q_Oct_31_2025)","{""op"": ""max"", ""left"": {""leaf"": ""11_total_costs_Q_Oct_31_2024"", ""depth"": 0}, ""right"": {""leaf"": ""11_total_costs_Q_Oct_31_2025"", ""depth"": 0}, ""depth"": 1}","{""kind"": ""time_agg"", ""node_id"": ""N0"", ""op"": ""max"", ""family"": ""amount"", ""depth"": 3, ""entity_group"": ""E1"", ""concept_group"": ""T3"", ""over_years_group"": ""Y2""}",70866.0,3,0,1,296093045,19990482,2345,0.528,0,1,2,11_total_costs_Q_Oct_31_2024,total_costs_q,total costs and expenses,Trek Holdings,Q Oct 31 2024,USD,65874.0,11_total_costs_Q_Oct_31_2025,total_costs_q,total costs and expenses,Trek Holdings,Q Oct 31 2025,USD,70866.0,,,,,,,,,,,,,,,,,,,,,,,,,,,,,,,,,,,
253,0,What do we obtain as the prepaid expenses and other for Volt Inc in Oct 31 2025?,0_prepaid_Oct_31_2025,"{""leaf"": ""0_prepaid_Oct_31_2025"", ""depth"": 0}","{""kind"": ""leaf"", ""name"": ""L0"", ""family"": ""amount"", ""semantic_type_in"": [""amount""], ""context_group"": ""C0"", ""entity_group"": ""E1""}",5361.0,4,0,0,131511365,680497040,2345,0.445,0,1,1,0_prepaid_Oct_31_2025,prepaid,prepaid expenses and other,Volt Inc,Oct 31 2025,USD,5361.0,,,,,,,,,,,,,,,,,,,,,,,,,,,,,,,,,,,,,,,,,,
254,2,Determine the difference between total liabilities and longterm liabilities for Zion Corp in Oct 31 2025 .,"diff(10_total_liabilities_Oct_31_2025, longterm_liabilities)","{""op"": ""diff"", ""left"": {""leaf"": ""10_total_liabilities_Oct_31_2025"", ""depth"": 0}, ""right"": {""derived"": ""longterm_liabilities"", ""expanded"": {""op"": ""diff"", ""left"": {""leaf"": ""10_total_liabilities_Oct_31_2025"", ""depth"": 0}, ""right"": {""leaf"": ""10_current_liabilities_Oct_31_2025"", ""depth"": 0}, ""depth"": 1}, ""depth"": 1}, ""depth"": 2}","{""kind"": ""node"", ""node_id"": ""N0"", ""op"": ""diff"", ""family"": ""amount"", ""depth"": 2, ""left"": {""kind"": ""leaf"", ""name"": ""L0"", ""family"": ""amount"", ""semantic_type_in"": [""amount""], ""context_group"": ""C0"", ""entity_group"": ""E1""}, ""right"": {""kind"": ""derived_concept"", ""name"": ""longterm_liabilities"", ""family"": ""amount"", ""concept_depth"": 1, ""context_group"": ""C0"", ""entity_group"": ""E1""}}",28501.0,2,1,2,528024644,580963862,2345,0.263,1,2,3,10_total_liabilities_Oct_31_2025,total_liabilities,total liabilities,Zion Corp,Oct 31 2025,USD,44924.0,10_total_liabilities_Oct_31_2025,total_liabilities,total liabilities,Zion Corp,Oct 31 2025,USD,44924.0,10_current_liabilities_Oct_31_2025,current_liabilities,total current liabilities,Zion Corp,Oct 31 2025,USD,28501.0,,,,,,,,,,,,,,,,,,,,,,,,,,,,
255,1,may you calculate the the maximum of goodwill for Nova Holdings using values from Dec 31 2024 through Oct 31 2025,"max(13_goodwill_Dec_31_2024, 13_goodwill_Oct_31_2025)","{""op"": ""max"", ""left"": {""leaf"": ""13_goodwill_Dec_31_2024"", ""depth"": 0}, ""right"": {""leaf"": ""13_goodwill_Oct_31_2025"", ""depth"": 0}, ""depth"": 1}","{""kind"": ""time_agg"", ""node_id"": ""N0"", ""op"": ""max"", ""family"": ""amount"", ""depth"": 3, ""entity_group"": ""E1"", ""concept_group"": ""T3"", ""over_years_group"": ""Y2""}",13273.0,3,0,1,846873870,877347557,2345,0.555,0,1,2,13_goodwill_Dec_31_2024,goodwill,goodwill,Nova Holdings,Dec 31 2024,USD,12324.0,13_goodwill_Oct_31_2025,goodwill,goodwill,Nova Holdings,Oct 31 2025,USD,13273.0,,,,,,,,,,,,,,,,,,,,,,,,,,,,,,,,,,,
256,1,May you give the the maximum of net income (cash flow) for Plex Technologies using values from YTD Oct 31 2024 through YTD Oct 31 2025 ?,"max(8_cf_net_income_YTD_Oct_31_2024, 8_cf_net_income_YTD_Oct_31_2025)","{""op"": ""max"", ""left"": {""leaf"": ""8_cf_net_income_YTD_Oct_31_2024"", ""depth"": 0}, ""right"": {""leaf"": ""8_cf_net_income_YTD_Oct_31_2025"", ""depth"": 0}, ""depth"": 1}","{""kind"": ""time_agg"", ""node_id"": ""N0"", ""op"": ""max"", ""family"": ""amount"", ""depth"": 4, ""entity_group"": ""E1"", ""concept_group"": ""T3"", ""over_years_group"": ""Y2""}",-2241.0,4,0,1,88137736,286729128,2345,0.414,0,1,2,8_cf_net_income_YTD_Oct_31_2024,cf_net_income_ytd,net income (cash flow),Plex Technologies,YTD Oct 31 2024,USD,-2241.0,8_cf_net_income_YTD_Oct_31_2025,cf_net_income_ytd,net income (cash flow),Plex Technologies,YTD Oct 31 2025,USD,-2373.0,,,,,,,,,,,,,,,,,,,,,,,,,,,,,,,,,,,
257,0,Evaluate the stock-based compensation for Orion Enterprises in YTD Oct 31 2024 .,6_cf_sbc_YTD_Oct_31_2024,"{""leaf"": ""6_cf_sbc_YTD_Oct_31_2024"", ""depth"": 0}","{""kind"": ""leaf"", ""name"": ""L0"", ""family"": ""amount"", ""semantic_type_in"": [""amount""], ""context_group"": ""C0"", ""entity_group"": ""E1""}",847.0,1,0,0,911350492,752244191,2345,0.311,0,1,1,6_cf_sbc_YTD_Oct_31_2024,cf_sbc_ytd,stock-based compensation,Orion Enterprises,YTD Oct 31 2024,USD,847.0,,,,,,,,,,,,,,,,,,,,,,,,,,,,,,,,,,,,,,,,,,
258,2,Determine the average inventories for Apex Technologies across years Dec 31 2024 through Oct 31 2025.,"ratio(sum(1_inventories_Dec_31_2024, 1_inventories_Oct_31_2025), 2.0)","{""op"": ""ratio"", ""left"": {""op"": ""sum"", ""left"": {""leaf"": ""1_inventories_Dec_31_2024"", ""depth"": 0}, ""right"": {""leaf"": ""1_inventories_Oct_31_2025"", ""depth"": 0}, ""depth"": 1}, ""right"": {""literal"": 2.0, ""depth"": 0}, ""depth"": 2}","{""kind"": ""time_agg"", ""node_id"": ""N0"", ""op"": ""avg"", ""family"": ""amount"", ""depth"": 3, ""entity_group"": ""E1"", ""concept_group"": ""T3"", ""over_years_group"": ""Y2""}",23475.0,3,0,2,111765778,519338435,2345,0.449,0,1,2,1_inventories_Dec_31_2024,inventories,inventories,Apex Technologies,Dec 31 2024,USD,24575.0,1_inventories_Oct_31_2025,inventories,inventories,Apex Technologies,Oct 31 2025,USD,22375.0,,,,,,,,,,,,,,,,,,,,,,,,,,,,,,,,,,,
259,2,calculate the average total costs and expenses for Trek Holdings across years YTD Oct 31 2024 through YTD Oct 31 2025,"ratio(sum(11_total_costs_YTD_Oct_31_2024, 11_total_costs_YTD_Oct_31_2025), 2.0)","{""op"": ""ratio"", ""left"": {""op"": ""sum"", ""left"": {""leaf"": ""11_total_costs_YTD_Oct_31_2024"", ""depth"": 0}, ""right"": {""leaf"": ""11_total_costs_YTD_Oct_31_2025"", ""depth"": 0}, ""depth"": 1}, ""right"": {""literal"": 2.0, ""depth"": 0}, ""depth"": 2}","{""kind"": ""time_agg"", ""node_id"": ""N0"", ""op"": ""avg"", ""family"": ""amount"", ""depth"": 1, ""entity_group"": ""E1"", ""concept_group"": ""T3"", ""over_years_group"": ""Y2""}",205110.0,1,0,2,724913432,455666662,2345,0.41,0,1,2,11_total_costs_YTD_Oct_31_2024,total_costs_ytd,total costs and expenses,Trek Holdings,YTD Oct 31 2024,USD,197622.0,11_total_costs_YTD_Oct_31_2025,total_costs_ytd,total costs and expenses,Trek Holdings,YTD Oct 31 2025,USD,212598.0,,,,,,,,,,,,,,,,,,,,,,,,,,,,,,,,,,,
260,1,compute the the maximum of income before taxes for Nova Enterprises using values from Q Oct 31 2024 through Q Oct 31 2025 .,"max(7_pretax_income_Q_Oct_31_2024, 7_pretax_income_Q_Oct_31_2025)","{""op"": ""max"", ""left"": {""leaf"": ""7_pretax_income_Q_Oct_31_2024"", ""depth"": 0}, ""right"": {""leaf"": ""7_pretax_income_Q_Oct_31_2025"", ""depth"": 0}, ""depth"": 1}","{""kind"": ""time_agg"", ""node_id"": ""N0"", ""op"": ""max"", ""family"": ""amount"", ""depth"": 3, ""entity_group"": ""E1"", ""concept_group"": ""T3"", ""over_years_group"": ""Y2""}",2304.0,3,0,1,210052999,856013584,2345,0.389,0,1,2,7_pretax_income_Q_Oct_31_2024,pretax_income_q,income before taxes,Nova Enterprises,Q Oct 31 2024,USD,2134.0,7_pretax_income_Q_Oct_31_2025,pretax_income_q,income before taxes,Nova Enterprises,Q Oct 31 2025,USD,2304.0,,,,,,,,,,,,,,,,,,,,,,,,,,,,,,,,,,,
261,2,Compute the average research and development expense for Apex Technologies across years Q Oct 31 2024 through Q Oct 31 2025.,"ratio(sum(1_rd_expense_Q_Oct_31_2024, 1_rd_expense_Q_Oct_31_2025), 2.0)","{""op"": ""ratio"", ""left"": {""op"": ""sum"", ""left"": {""leaf"": ""1_rd_expense_Q_Oct_31_2024"", ""depth"": 0}, ""right"": {""leaf"": ""1_rd_expense_Q_Oct_31_2025"", ""depth"": 0}, ""depth"": 1}, ""right"": {""literal"": 2.0, ""depth"": 0}, ""depth"": 2}","{""kind"": ""time_agg"", ""node_id"": ""N0"", ""op"": ""avg"", ""family"": ""amount"", ""depth"": 3, ""entity_group"": ""E1"", ""concept_group"": ""T3"", ""over_years_group"": ""Y2""}",426.5,3,0,2,939540893,473518120,2345,0.283,0,1,2,1_rd_expense_Q_Oct_31_2024,rd_expense_q,research and development expense,Apex Technologies,Q Oct 31 2024,USD,429.0,1_rd_expense_Q_Oct_31_2025,rd_expense_q,research and development expense,Apex Technologies,Q Oct 31 2025,USD,424.0,,,,,,,,,,,,,,,,,,,,,,,,,,,,,,,,,,,
262,0,Which quantity is given by the common stock and additional paid-in capital for Volt Inc in Oct 31 2025 ?,0_common_stock_apic_Oct_31_2025,"{""leaf"": ""0_common_stock_apic_Oct_31_2025"", ""depth"": 0}","{""kind"": ""leaf"", ""name"": ""L0"", ""family"": ""amount"", ""semantic_type_in"": [""amount""], ""context_group"": ""C0"", ""entity_group"": ""E1""}",22364.0,4,0,0,197076902,251521085,2345,0.325,0,1,1,0_common_stock_apic_Oct_31_2025,common_stock_apic,common stock and additional paid-in capital,Volt Inc,Oct 31 2025,USD,22364.0,,,,,,,,,,,,,,,,,,,,,,,,,,,,,,,,,,,,,,,,,,
263,2,Give the average change in unrealized gains/losses on securities for Nova Solutions across years Q Oct 31 2024 through Q Oct 31 2025 .,"ratio(sum(4_ci_unrealized_gains_Q_Oct_31_2024, 4_ci_unrealized_gains_Q_Oct_31_2025), 2.0)","{""op"": ""ratio"", ""left"": {""op"": ""sum"", ""left"": {""leaf"": ""4_ci_unrealized_gains_Q_Oct_31_2024"", ""depth"": 0}, ""right"": {""leaf"": ""4_ci_unrealized_gains_Q_Oct_31_2025"", ""depth"": 0}, ""depth"": 1}, ""right"": {""literal"": 2.0, ""depth"": 0}, ""depth"": 2}","{""kind"": ""time_agg"", ""node_id"": ""N0"", ""op"": ""avg"", ""family"": ""amount"", ""depth"": 2, ""entity_group"": ""E1"", ""concept_group"": ""T3"", ""over_years_group"": ""Y2""}",-199.0,2,0,2,760481527,896012955,2345,0.346,0,1,2,4_ci_unrealized_gains_Q_Oct_31_2024,ci_unrealized_gains_q,change in unrealized gains/losses on securities,Nova Solutions,Q Oct 31 2024,USD,-44.0,4_ci_unrealized_gains_Q_Oct_31_2025,ci_unrealized_gains_q,change in unrealized gains/losses on securities,Nova Solutions,Q Oct 31 2025,USD,-354.0,,,,,,,,,,,,,,,,,,,,,,,,,,,,,,,,,,,
264,0,calculate the cash effect of exchange rate changes for Nova Solutions in YTD Oct 31 2025,4_cf_fx_effect_YTD_Oct_31_2025,"{""leaf"": ""4_cf_fx_effect_YTD_Oct_31_2025"", ""depth"": 0}","{""kind"": ""leaf"", ""name"": ""L0"", ""family"": ""amount"", ""semantic_type_in"": [""amount""], ""context_group"": ""C0"", ""entity_group"": ""E1""}",15.0,0,0,0,699312149,118881386,2345,0.41,0,1,1,4_cf_fx_effect_YTD_Oct_31_2025,cf_fx_effect_ytd,cash effect of exchange rate changes,Nova Solutions,YTD Oct 31 2025,USD,15.0,,,,,,,,,,,,,,,,,,,,,,,,,,,,,,,,,,,,,,,,,,
265,1,What would be the the maximum of net cash from investing activities for Zion Solutions using values from YTD Oct 31 2024 through YTD Oct 31 2025,"max(3_cf_investing_YTD_Oct_31_2024, 3_cf_investing_YTD_Oct_31_2025)","{""op"": ""max"", ""left"": {""leaf"": ""3_cf_investing_YTD_Oct_31_2024"", ""depth"": 0}, ""right"": {""leaf"": ""3_cf_investing_YTD_Oct_31_2025"", ""depth"": 0}, ""depth"": 1}","{""kind"": ""time_agg"", ""node_id"": ""N0"", ""op"": ""max"", ""family"": ""amount"", ""depth"": 3, ""entity_group"": ""E1"", ""concept_group"": ""T3"", ""over_years_group"": ""Y2""}",-4267.0,3,0,1,790685096,312560799,2345,0.274,0,1,2,3_cf_investing_YTD_Oct_31_2024,cf_investing_ytd,net cash from investing activities,Zion Solutions,YTD Oct 31 2024,USD,-4435.0,3_cf_investing_YTD_Oct_31_2025,cf_investing_ytd,net cash from investing activities,Zion Solutions,YTD Oct 31 2025,USD,-4267.0,,,,,,,,,,,,,,,,,,,,,,,,,,,,,,,,,,,
266,0,determine the diluted earnings per share for Volt Inc in YTD Oct 31 2025.,0_eps_diluted_YTD_Oct_31_2025,"{""leaf"": ""0_eps_diluted_YTD_Oct_31_2025"", ""depth"": 0}","{""kind"": ""leaf"", ""name"": ""L0"", ""family"": ""amount"", ""semantic_type_in"": [""amount""], ""context_group"": ""C0"", ""entity_group"": ""E1""}",36.69,0,0,0,916899117,218653260,2345,0.138,0,1,1,0_eps_diluted_YTD_Oct_31_2025,eps_diluted_ytd,diluted earnings per share,Volt Inc,YTD Oct 31 2025,USD,36.69,,,,,,,,,,,,,,,,,,,,,,,,,,,,,,,,,,,,,,,,,,
267,0,Could you give the total revenues for Nova Solutions in YTD Oct 31 2024,4_revenues_YTD_Oct_31_2024,"{""leaf"": ""4_revenues_YTD_Oct_31_2024"", ""depth"": 0}","{""kind"": ""leaf"", ""name"": ""L0"", ""family"": ""amount"", ""semantic_type_in"": [""amount""], ""context_group"": ""C0"", ""entity_group"": ""E1""}",289731.0,0,0,0,696543122,171715220,2345,0.253,0,1,1,4_revenues_YTD_Oct_31_2024,revenues_ytd,total revenues,Nova Solutions,YTD Oct 31 2024,USD,289731.0,,,,,,,,,,,,,,,,,,,,,,,,,,,,,,,,,,,,,,,,,,
268,0,May you calculate the change in unrealized gains/losses on securities for Mira Systems in Q Oct 31 2024?,2_ci_unrealized_gains_Q_Oct_31_2024,"{""leaf"": ""2_ci_unrealized_gains_Q_Oct_31_2024"", ""depth"": 0}","{""kind"": ""leaf"", ""name"": ""L0"", ""family"": ""amount"", ""semantic_type_in"": [""amount""], ""context_group"": ""C0"", ""entity_group"": ""E1""}",50.0,0,0,0,296955129,539708248,2345,0.114,0,1,1,2_ci_unrealized_gains_Q_Oct_31_2024,ci_unrealized_gains_q,change in unrealized gains/losses on securities,Mira Systems,Q Oct 31 2024,USD,50.0,,,,,,,,,,,,,,,,,,,,,,,,,,,,,,,,,,,,,,,,,,
269,2,Whats the value of the average total comprehensive income for Apex Technologies across years YTD Oct 31 2024 through YTD Oct 31 2025?,"ratio(sum(1_comprehensive_income_YTD_Oct_31_2024, 1_comprehensive_income_YTD_Oct_31_2025), 2.0)","{""op"": ""ratio"", ""left"": {""op"": ""sum"", ""left"": {""leaf"": ""1_comprehensive_income_YTD_Oct_31_2024"", ""depth"": 0}, ""right"": {""leaf"": ""1_comprehensive_income_YTD_Oct_31_2025"", ""depth"": 0}, ""depth"": 1}, ""right"": {""literal"": 2.0, ""depth"": 0}, ""depth"": 2}","{""kind"": ""time_agg"", ""node_id"": ""N0"", ""op"": ""avg"", ""family"": ""amount"", ""depth"": 2, ""entity_group"": ""E1"", ""concept_group"": ""T3"", ""over_years_group"": ""Y2""}",27902.5,2,0,2,166862490,20924730,2345,0.168,0,1,2,1_comprehensive_income_YTD_Oct_31_2024,comprehensive_income_ytd,total comprehensive income,Apex Technologies,YTD Oct 31 2024,USD,28076.0,1_comprehensive_income_YTD_Oct_31_2025,comprehensive_income_ytd,total comprehensive income,Apex Technologies,YTD Oct 31 2025,USD,27729.0,,,,,,,,,,,,,,,,,,,,,,,,,,,,,,,,,,,
270,1,you should calculate the the minimum of diluted earnings per share for Zion Solutions using values from YTD Oct 31 2024 through YTD Oct 31 2025.,"min(3_eps_diluted_YTD_Oct_31_2024, 3_eps_diluted_YTD_Oct_31_2025)","{""op"": ""min"", ""left"": {""leaf"": ""3_eps_diluted_YTD_Oct_31_2024"", ""depth"": 0}, ""right"": {""leaf"": ""3_eps_diluted_YTD_Oct_31_2025"", ""depth"": 0}, ""depth"": 1}","{""kind"": ""time_agg"", ""node_id"": ""N0"", ""op"": ""min"", ""family"": ""amount"", ""depth"": 1, ""entity_group"": ""E1"", ""concept_group"": ""T3"", ""over_years_group"": ""Y2""}",0.51,1,0,1,233101421,180865994,2345,0.146,0,1,2,3_eps_diluted_YTD_Oct_31_2024,eps_diluted_ytd,diluted earnings per share,Zion Solutions,YTD Oct 31 2024,USD,0.53,3_eps_diluted_YTD_Oct_31_2025,eps_diluted_ytd,diluted earnings per share,Zion Solutions,YTD Oct 31 2025,USD,0.51,,,,,,,,,,,,,,,,,,,,,,,,,,,,,,,,,,,
271,1,you should give the the minimum of selling general and administrative expense for Mira Systems using values from Q Oct 31 2024 through Q Oct 31 2025.,"min(2_sga_expense_Q_Oct_31_2024, 2_sga_expense_Q_Oct_31_2025)","{""op"": ""min"", ""left"": {""leaf"": ""2_sga_expense_Q_Oct_31_2024"", ""depth"": 0}, ""right"": {""leaf"": ""2_sga_expense_Q_Oct_31_2025"", ""depth"": 0}, ""depth"": 1}","{""kind"": ""time_agg"", ""node_id"": ""N0"", ""op"": ""min"", ""family"": ""amount"", ""depth"": 3, ""entity_group"": ""E1"", ""concept_group"": ""T3"", ""over_years_group"": ""Y2""}",19623.0,3,0,1,655648119,617937146,2345,0.375,0,1,2,2_sga_expense_Q_Oct_31_2024,sga_expense_q,selling general and administrative expense,Mira Systems,Q Oct 31 2024,USD,19623.0,2_sga_expense_Q_Oct_31_2025,sga_expense_q,selling general and administrative expense,Mira Systems,Q Oct 31 2025,USD,21457.0,,,,,,,,,,,,,,,,,,,,,,,,,,,,,,,,,,,
272,0,You should calculate the prepaid expenses and other for Nova Solutions in Oct 31 2025,4_prepaid_Oct_31_2025,"{""leaf"": ""4_prepaid_Oct_31_2025"", ""depth"": 0}","{""kind"": ""leaf"", ""name"": ""L0"", ""family"": ""amount"", ""semantic_type_in"": [""amount""], ""context_group"": ""C0"", ""entity_group"": ""E1""}",3651.0,4,0,0,392131854,380683445,2345,0.225,0,1,1,4_prepaid_Oct_31_2025,prepaid,prepaid expenses and other,Nova Solutions,Oct 31 2025,USD,3651.0,,,,,,,,,,,,,,,,,,,,,,,,,,,,,,,,,,,,,,,,,,
273,1,Whats the value of the the maximum of total revenues for Crest Systems using values from Q Oct 31 2024 through Q Oct 31 2025,"max(9_revenues_Q_Oct_31_2024, 9_revenues_Q_Oct_31_2025)","{""op"": ""max"", ""left"": {""leaf"": ""9_revenues_Q_Oct_31_2024"", ""depth"": 0}, ""right"": {""leaf"": ""9_revenues_Q_Oct_31_2025"", ""depth"": 0}, ""depth"": 1}","{""kind"": ""time_agg"", ""node_id"": ""N0"", ""op"": ""max"", ""family"": ""amount"", ""depth"": 3, ""entity_group"": ""E1"", ""concept_group"": ""T3"", ""over_years_group"": ""Y2""}",25989.0,3,0,1,378672605,853410991,2345,0.343,0,1,2,9_revenues_Q_Oct_31_2024,revenues_q,total revenues,Crest Systems,Q Oct 31 2024,USD,25989.0,9_revenues_Q_Oct_31_2025,revenues_q,total revenues,Crest Systems,Q Oct 31 2025,USD,25710.0,,,,,,,,,,,,,,,,,,,,,,,,,,,,,,,,,,,
274,2,calculate the average change in foreign currency translation for Crest Systems across years Q Oct 31 2024 through Q Oct 31 2025,"ratio(sum(9_ci_fx_translation_Q_Oct_31_2024, 9_ci_fx_translation_Q_Oct_31_2025), 2.0)","{""op"": ""ratio"", ""left"": {""op"": ""sum"", ""left"": {""leaf"": ""9_ci_fx_translation_Q_Oct_31_2024"", ""depth"": 0}, ""right"": {""leaf"": ""9_ci_fx_translation_Q_Oct_31_2025"", ""depth"": 0}, ""depth"": 1}, ""right"": {""literal"": 2.0, ""depth"": 0}, ""depth"": 2}","{""kind"": ""time_agg"", ""node_id"": ""N0"", ""op"": ""avg"", ""family"": ""amount"", ""depth"": 1, ""entity_group"": ""E1"", ""concept_group"": ""T3"", ""over_years_group"": ""Y2""}",66.0,1,0,2,98587289,636880376,2345,0.264,0,1,2,9_ci_fx_translation_Q_Oct_31_2024,ci_fx_translation_q,change in foreign currency translation,Crest Systems,Q Oct 31 2024,USD,-19.0,9_ci_fx_translation_Q_Oct_31_2025,ci_fx_translation_q,change in foreign currency translation,Crest Systems,Q Oct 31 2025,USD,151.0,,,,,,,,,,,,,,,,,,,,,,,,,,,,,,,,,,,
275,1,evaluate the the maximum of accumulated other comprehensive income/(loss) for Mira Systems using values from Dec 31 2024 through Oct 31 2025.,"max(2_aoci_Dec_31_2024, 2_aoci_Oct_31_2025)","{""op"": ""max"", ""left"": {""leaf"": ""2_aoci_Dec_31_2024"", ""depth"": 0}, ""right"": {""leaf"": ""2_aoci_Oct_31_2025"", ""depth"": 0}, ""depth"": 1}","{""kind"": ""time_agg"", ""node_id"": ""N0"", ""op"": ""max"", ""family"": ""amount"", ""depth"": 4, ""entity_group"": ""E1"", ""concept_group"": ""T3"", ""over_years_group"": ""Y2""}",0.0,4,0,1,195459844,105779777,2345,0.152,0,1,2,2_aoci_Dec_31_2024,aoci,accumulated other comprehensive income/(loss),Mira Systems,Dec 31 2024,USD,0.0,2_aoci_Oct_31_2025,aoci,accumulated other comprehensive income/(loss),Mira Systems,Oct 31 2025,USD,-994.0,,,,,,,,,,,,,,,,,,,,,,,,,,,,,,,,,,,
276,2,may you give the average stock-based compensation for Nova Enterprises across years YTD Oct 31 2024 through YTD Oct 31 2025?,"ratio(sum(7_cf_sbc_YTD_Oct_31_2024, 7_cf_sbc_YTD_Oct_31_2025), 2.0)","{""op"": ""ratio"", ""left"": {""op"": ""sum"", ""left"": {""leaf"": ""7_cf_sbc_YTD_Oct_31_2024"", ""depth"": 0}, ""right"": {""leaf"": ""7_cf_sbc_YTD_Oct_31_2025"", ""depth"": 0}, ""depth"": 1}, ""right"": {""literal"": 2.0, ""depth"": 0}, ""depth"": 2}","{""kind"": ""time_agg"", ""node_id"": ""N0"", ""op"": ""avg"", ""family"": ""amount"", ""depth"": 1, ""entity_group"": ""E1"", ""concept_group"": ""T3"", ""over_years_group"": ""Y2""}",3103.0,1,0,2,931651988,153017985,2345,0.15,0,1,2,7_cf_sbc_YTD_Oct_31_2024,cf_sbc_ytd,stock-based compensation,Nova Enterprises,YTD Oct 31 2024,USD,2985.0,7_cf_sbc_YTD_Oct_31_2025,cf_sbc_ytd,stock-based compensation,Nova Enterprises,YTD Oct 31 2025,USD,3221.0,,,,,,,,,,,,,,,,,,,,,,,,,,,,,,,,,,,
277,2,May you give the average membership and other income for Volt Inc across years Q Oct 31 2024 through Q Oct 31 2025,"ratio(sum(0_membership_and_other_income_Q_Oct_31_2024, 0_membership_and_other_income_Q_Oct_31_2025), 2.0)","{""op"": ""ratio"", ""left"": {""op"": ""sum"", ""left"": {""leaf"": ""0_membership_and_other_income_Q_Oct_31_2024"", ""depth"": 0}, ""right"": {""leaf"": ""0_membership_and_other_income_Q_Oct_31_2025"", ""depth"": 0}, ""depth"": 1}, ""right"": {""literal"": 2.0, ""depth"": 0}, ""depth"": 2}","{""kind"": ""time_agg"", ""node_id"": ""N0"", ""op"": ""avg"", ""family"": ""amount"", ""depth"": 3, ""entity_group"": ""E1"", ""concept_group"": ""T3"", ""over_years_group"": ""Y2""}",1307.0,3,0,2,197318319,783050688,2345,0.425,0,1,2,0_membership_and_other_income_Q_Oct_31_2024,membership_and_other_income_q,membership and other income,Volt Inc,Q Oct 31 2024,USD,1397.0,0_membership_and_other_income_Q_Oct_31_2025,membership_and_other_income_q,membership and other income,Volt Inc,Q Oct 31 2025,USD,1217.0,,,,,,,,,,,,,,,,,,,,,,,,,,,,,,,,,,,
278,1,What is the value of the the maximum of total liabilities for Trek Holdings using values from Dec 31 2024 through Oct 31 2025 ?,"max(11_total_liabilities_Dec_31_2024, 11_total_liabilities_Oct_31_2025)","{""op"": ""max"", ""left"": {""leaf"": ""11_total_liabilities_Dec_31_2024"", ""depth"": 0}, ""right"": {""leaf"": ""11_total_liabilities_Oct_31_2025"", ""depth"": 0}, ""depth"": 1}","{""kind"": ""time_agg"", ""node_id"": ""N0"", ""op"": ""max"", ""family"": ""amount"", ""depth"": 4, ""entity_group"": ""E1"", ""concept_group"": ""T3"", ""over_years_group"": ""Y2""}",66653.0,4,0,1,733410145,206016085,2345,0.361,0,1,2,11_total_liabilities_Dec_31_2024,total_liabilities,total liabilities,Trek Holdings,Dec 31 2024,USD,59837.0,11_total_liabilities_Oct_31_2025,total_liabilities,total liabilities,Trek Holdings,Oct 31 2025,USD,66653.0,,,,,,,,,,,,,,,,,,,,,,,,,,,,,,,,,,,
279,1,"Whats the value of the the maximum of property, plant and equipment, net for Crest Systems using values from Dec 31 2024 through Oct 31 2025?","max(9_ppe_Dec_31_2024, 9_ppe_Oct_31_2025)","{""op"": ""max"", ""left"": {""leaf"": ""9_ppe_Dec_31_2024"", ""depth"": 0}, ""right"": {""leaf"": ""9_ppe_Oct_31_2025"", ""depth"": 0}, ""depth"": 1}","{""kind"": ""time_agg"", ""node_id"": ""N0"", ""op"": ""max"", ""family"": ""amount"", ""depth"": 4, ""entity_group"": ""E1"", ""concept_group"": ""T3"", ""over_years_group"": ""Y2""}",9509.0,4,0,1,402787421,493849073,2345,0.511,0,1,2,9_ppe_Dec_31_2024,ppe,"property, plant and equipment, net",Crest Systems,Dec 31 2024,USD,9509.0,9_ppe_Oct_31_2025,ppe,"property, plant and equipment, net",Crest Systems,Oct 31 2025,USD,9388.0,,,,,,,,,,,,,,,,,,,,,,,,,,,,,,,,,,,
280,1,Which result follows from the the minimum of common stock and additional paid-in capital for Nova Enterprises using values from Dec 31 2024 through Oct 31 2025,"min(7_common_stock_apic_Dec_31_2024, 7_common_stock_apic_Oct_31_2025)","{""op"": ""min"", ""left"": {""leaf"": ""7_common_stock_apic_Dec_31_2024"", ""depth"": 0}, ""right"": {""leaf"": ""7_common_stock_apic_Oct_31_2025"", ""depth"": 0}, ""depth"": 1}","{""kind"": ""time_agg"", ""node_id"": ""N0"", ""op"": ""min"", ""family"": ""amount"", ""depth"": 3, ""entity_group"": ""E1"", ""concept_group"": ""T3"", ""over_years_group"": ""Y2""}",16582.0,3,0,1,814304924,907700309,2345,0.413,0,1,2,7_common_stock_apic_Dec_31_2024,common_stock_apic,common stock and additional paid-in capital,Nova Enterprises,Dec 31 2024,USD,16582.0,7_common_stock_apic_Oct_31_2025,common_stock_apic,common stock and additional paid-in capital,Nova Enterprises,Oct 31 2025,USD,18415.0,,,,,,,,,,,,,,,,,,,,,,,,,,,,,,,,,,,
281,0,What is the other non-current assets for Vex Industries in Dec 31 2024?,12_other_nca_Dec_31_2024,"{""leaf"": ""12_other_nca_Dec_31_2024"", ""depth"": 0}","{""kind"": ""leaf"", ""name"": ""L0"", ""family"": ""amount"", ""semantic_type_in"": [""amount""], ""context_group"": ""C0"", ""entity_group"": ""E1""}",2328.0,4,0,0,138979345,596912828,2345,0.43,0,1,1,12_other_nca_Dec_31_2024,other_nca,other non-current assets,Vex Industries,Dec 31 2024,USD,2328.0,,,,,,,,,,,,,,,,,,,,,,,,,,,,,,,,,,,,,,,,,,
282,2,Calculate the average net sales for Nova Holdings across years YTD Oct 31 2024 through YTD Oct 31 2025,"ratio(sum(13_net_sales_YTD_Oct_31_2024, 13_net_sales_YTD_Oct_31_2025), 2.0)","{""op"": ""ratio"", ""left"": {""op"": ""sum"", ""left"": {""leaf"": ""13_net_sales_YTD_Oct_31_2024"", ""depth"": 0}, ""right"": {""leaf"": ""13_net_sales_YTD_Oct_31_2025"", ""depth"": 0}, ""depth"": 1}, ""right"": {""literal"": 2.0, ""depth"": 0}, ""depth"": 2}","{""kind"": ""time_agg"", ""node_id"": ""N0"", ""op"": ""avg"", ""family"": ""amount"", ""depth"": 4, ""entity_group"": ""E1"", ""concept_group"": ""T3"", ""over_years_group"": ""Y2""}",474862.5,4,0,2,211950616,898521612,2345,0.578,0,1,2,13_net_sales_YTD_Oct_31_2024,net_sales_ytd,net sales,Nova Holdings,YTD Oct 31 2024,USD,500220.0,13_net_sales_YTD_Oct_31_2025,net_sales_ytd,net sales,Nova Holdings,YTD Oct 31 2025,USD,449505.0,,,,,,,,,,,,,,,,,,,,,,,,,,,,,,,,,,,
283,1,Which quantity is given by the the maximum of long-term marketable securities for Alto Inc using values from Dec 31 2024 through Oct 31 2025 ?,"max(5_lt_investments_Dec_31_2024, 5_lt_investments_Oct_31_2025)","{""op"": ""max"", ""left"": {""leaf"": ""5_lt_investments_Dec_31_2024"", ""depth"": 0}, ""right"": {""leaf"": ""5_lt_investments_Oct_31_2025"", ""depth"": 0}, ""depth"": 1}","{""kind"": ""time_agg"", ""node_id"": ""N0"", ""op"": ""max"", ""family"": ""amount"", ""depth"": 4, ""entity_group"": ""E1"", ""concept_group"": ""T3"", ""over_years_group"": ""Y2""}",9246.0,4,0,1,605981,573168546,2345,0.274,0,1,2,5_lt_investments_Dec_31_2024,lt_investments,long-term marketable securities,Alto Inc,Dec 31 2024,USD,9246.0,5_lt_investments_Oct_31_2025,lt_investments,long-term marketable securities,Alto Inc,Oct 31 2025,USD,8513.0,,,,,,,,,,,,,,,,,,,,,,,,,,,,,,,,,,,
284,2,provide the average total liabilities for Volt Inc across years Dec 31 2024 through Oct 31 2025.,"ratio(sum(0_total_liabilities_Dec_31_2024, 0_total_liabilities_Oct_31_2025), 2.0)","{""op"": ""ratio"", ""left"": {""op"": ""sum"", ""left"": {""leaf"": ""0_total_liabilities_Dec_31_2024"", ""depth"": 0}, ""right"": {""leaf"": ""0_total_liabilities_Oct_31_2025"", ""depth"": 0}, ""depth"": 1}, ""right"": {""literal"": 2.0, ""depth"": 0}, ""depth"": 2}","{""kind"": ""time_agg"", ""node_id"": ""N0"", ""op"": ""avg"", ""family"": ""amount"", ""depth"": 4, ""entity_group"": ""E1"", ""concept_group"": ""T3"", ""over_years_group"": ""Y2""}",76232.5,4,0,2,836566005,738268829,2345,0.288,0,1,2,0_total_liabilities_Dec_31_2024,total_liabilities,total liabilities,Volt Inc,Dec 31 2024,USD,70839.0,0_total_liabilities_Oct_31_2025,total_liabilities,total liabilities,Volt Inc,Oct 31 2025,USD,81626.0,,,,,,,,,,,,,,,,,,,,,,,,,,,,,,,,,,,
285,1,what is the value of the the maximum of deferred revenue for Vex Industries using values from Dec 31 2024 through Oct 31 2025,"max(12_deferred_revenue_Dec_31_2024, 12_deferred_revenue_Oct_31_2025)","{""op"": ""max"", ""left"": {""leaf"": ""12_deferred_revenue_Dec_31_2024"", ""depth"": 0}, ""right"": {""leaf"": ""12_deferred_revenue_Oct_31_2025"", ""depth"": 0}, ""depth"": 1}","{""kind"": ""time_agg"", ""node_id"": ""N0"", ""op"": ""max"", ""family"": ""amount"", ""depth"": 3, ""entity_group"": ""E1"", ""concept_group"": ""T3"", ""over_years_group"": ""Y2""}",3602.0,3,0,1,28678521,787232794,2345,0.408,0,1,2,12_deferred_revenue_Dec_31_2024,deferred_revenue,deferred revenue,Vex Industries,Dec 31 2024,USD,3498.0,12_deferred_revenue_Oct_31_2025,deferred_revenue,deferred revenue,Vex Industries,Oct 31 2025,USD,3602.0,,,,,,,,,,,,,,,,,,,,,,,,,,,,,,,,,,,
286,1,evaluate the the maximum of net sales for Nova Holdings using values from YTD Oct 31 2024 through YTD Oct 31 2025.,"max(13_net_sales_YTD_Oct_31_2024, 13_net_sales_YTD_Oct_31_2025)","{""op"": ""max"", ""left"": {""leaf"": ""13_net_sales_YTD_Oct_31_2024"", ""depth"": 0}, ""right"": {""leaf"": ""13_net_sales_YTD_Oct_31_2025"", ""depth"": 0}, ""depth"": 1}","{""kind"": ""time_agg"", ""node_id"": ""N0"", ""op"": ""max"", ""family"": ""amount"", ""depth"": 1, ""entity_group"": ""E1"", ""concept_group"": ""T3"", ""over_years_group"": ""Y2""}",500220.0,1,0,1,152941691,583021768,2345,0.224,0,1,2,13_net_sales_YTD_Oct_31_2024,net_sales_ytd,net sales,Nova Holdings,YTD Oct 31 2024,USD,500220.0,13_net_sales_YTD_Oct_31_2025,net_sales_ytd,net sales,Nova Holdings,YTD Oct 31 2025,USD,449505.0,,,,,,,,,,,,,,,,,,,,,,,,,,,,,,,,,,,
287,1,Calculate the the maximum of net sales for Alto Inc using values from YTD Oct 31 2024 through YTD Oct 31 2025.,"max(5_net_sales_YTD_Oct_31_2024, 5_net_sales_YTD_Oct_31_2025)","{""op"": ""max"", ""left"": {""leaf"": ""5_net_sales_YTD_Oct_31_2024"", ""depth"": 0}, ""right"": {""leaf"": ""5_net_sales_YTD_Oct_31_2025"", ""depth"": 0}, ""depth"": 1}","{""kind"": ""time_agg"", ""node_id"": ""N0"", ""op"": ""max"", ""family"": ""amount"", ""depth"": 2, ""entity_group"": ""E1"", ""concept_group"": ""T3"", ""over_years_group"": ""Y2""}",253011.0,2,0,1,545952622,306903729,2345,0.256,0,1,2,5_net_sales_YTD_Oct_31_2024,net_sales_ytd,net sales,Alto Inc,YTD Oct 31 2024,USD,253011.0,5_net_sales_YTD_Oct_31_2025,net_sales_ytd,net sales,Alto Inc,YTD Oct 31 2025,USD,250812.0,,,,,,,,,,,,,,,,,,,,,,,,,,,,,,,,,,,
288,0,"which value corresponds to the property, plant and equipment, net for Nova Enterprises in Dec 31 2024 ?",7_ppe_Dec_31_2024,"{""leaf"": ""7_ppe_Dec_31_2024"", ""depth"": 0}","{""kind"": ""leaf"", ""name"": ""L0"", ""family"": ""amount"", ""semantic_type_in"": [""amount""], ""context_group"": ""C0"", ""entity_group"": ""E1""}",41818.0,0,0,0,195030027,713223975,2345,0.199,0,1,1,7_ppe_Dec_31_2024,ppe,"property, plant and equipment, net",Nova Enterprises,Dec 31 2024,USD,41818.0,,,,,,,,,,,,,,,,,,,,,,,,,,,,,,,,,,,,,,,,,,
289,1,"Which value corresponds to the the minimum of other income/(expense), net for Volt Inc using values from YTD Oct 31 2024 through YTD Oct 31 2025","min(0_other_income_YTD_Oct_31_2024, 0_other_income_YTD_Oct_31_2025)","{""op"": ""min"", ""left"": {""leaf"": ""0_other_income_YTD_Oct_31_2024"", ""depth"": 0}, ""right"": {""leaf"": ""0_other_income_YTD_Oct_31_2025"", ""depth"": 0}, ""depth"": 1}","{""kind"": ""time_agg"", ""node_id"": ""N0"", ""op"": ""min"", ""family"": ""amount"", ""depth"": 3, ""entity_group"": ""E1"", ""concept_group"": ""T3"", ""over_years_group"": ""Y2""}",-996.0,3,0,1,702065837,376615195,2345,0.324,0,1,2,0_other_income_YTD_Oct_31_2024,other_income_ytd,"other income/(expense), net",Volt Inc,YTD Oct 31 2024,USD,-996.0,0_other_income_YTD_Oct_31_2025,other_income_ytd,"other income/(expense), net",Volt Inc,YTD Oct 31 2025,USD,-867.0,,,,,,,,,,,,,,,,,,,,,,,,,,,,,,,,,,,
290,1,Which quantity is given by the longterm liabilities for Peak Systems in Oct 31 2025?,longterm_liabilities,"{""derived"": ""longterm_liabilities"", ""expanded"": {""op"": ""diff"", ""left"": {""leaf"": ""14_total_liabilities_Oct_31_2025"", ""depth"": 0}, ""right"": {""leaf"": ""14_current_liabilities_Oct_31_2025"", ""depth"": 0}, ""depth"": 1}, ""depth"": 1}","{""kind"": ""derived_concept"", ""name"": ""longterm_liabilities"", ""family"": ""amount"", ""concept_depth"": 1, ""context_group"": ""C0"", ""entity_group"": ""E1""}",22965.0,1,0,1,628043257,437656283,2345,0.183,0,1,2,14_total_liabilities_Oct_31_2025,total_liabilities,total liabilities,Peak Systems,Oct 31 2025,USD,54151.0,14_current_liabilities_Oct_31_2025,current_liabilities,total current liabilities,Peak Systems,Oct 31 2025,USD,31186.0,,,,,,,,,,,,,,,,,,,,,,,,,,,,,,,,,,,
291,0,What would be the prepaid expenses and other for Alto Inc in Oct 31 2025 ?,5_prepaid_Oct_31_2025,"{""leaf"": ""5_prepaid_Oct_31_2025"", ""depth"": 0}","{""kind"": ""leaf"", ""name"": ""L0"", ""family"": ""amount"", ""semantic_type_in"": [""amount""], ""context_group"": ""C0"", ""entity_group"": ""E1""}",4400.0,0,0,0,237741097,46918185,2345,0.232,0,1,1,5_prepaid_Oct_31_2025,prepaid,prepaid expenses and other,Alto Inc,Oct 31 2025,USD,4400.0,,,,,,,,,,,,,,,,,,,,,,,,,,,,,,,,,,,,,,,,,,
292,0,You should calculate the diluted earnings per share for Nova Holdings in Q Oct 31 2024.,13_eps_diluted_Q_Oct_31_2024,"{""leaf"": ""13_eps_diluted_Q_Oct_31_2024"", ""depth"": 0}","{""kind"": ""leaf"", ""name"": ""L0"", ""family"": ""amount"", ""semantic_type_in"": [""amount""], ""context_group"": ""C0"", ""entity_group"": ""E1""}",1.06,0,0,0,904086045,360952134,2345,0.23,0,1,1,13_eps_diluted_Q_Oct_31_2024,eps_diluted_q,diluted earnings per share,Nova Holdings,Q Oct 31 2024,USD,1.06,,,,,,,,,,,,,,,,,,,,,,,,,,,,,,,,,,,,,,,,,,
293,0,what is the accumulated other comprehensive income/(loss) for Nova Enterprises in Dec 31 2024?,7_aoci_Dec_31_2024,"{""leaf"": ""7_aoci_Dec_31_2024"", ""depth"": 0}","{""kind"": ""leaf"", ""name"": ""L0"", ""family"": ""amount"", ""semantic_type_in"": [""amount""], ""context_group"": ""C0"", ""entity_group"": ""E1""}",0.0,3,0,0,795825890,328187421,2345,0.345,0,1,1,7_aoci_Dec_31_2024,aoci,accumulated other comprehensive income/(loss),Nova Enterprises,Dec 31 2024,USD,0.0,,,,,,,,,,,,,,,,,,,,,,,,,,,,,,,,,,,,,,,,,,
294,1,which result follows from the the maximum of stock-based compensation for Mira Systems using values from YTD Oct 31 2024 through YTD Oct 31 2025?,"max(2_cf_sbc_YTD_Oct_31_2024, 2_cf_sbc_YTD_Oct_31_2025)","{""op"": ""max"", ""left"": {""leaf"": ""2_cf_sbc_YTD_Oct_31_2024"", ""depth"": 0}, ""right"": {""leaf"": ""2_cf_sbc_YTD_Oct_31_2025"", ""depth"": 0}, ""depth"": 1}","{""kind"": ""time_agg"", ""node_id"": ""N0"", ""op"": ""max"", ""family"": ""amount"", ""depth"": 1, ""entity_group"": ""E1"", ""concept_group"": ""T3"", ""over_years_group"": ""Y2""}",2062.0,1,0,1,619921291,877254347,2345,0.451,0,1,2,2_cf_sbc_YTD_Oct_31_2024,cf_sbc_ytd,stock-based compensation,Mira Systems,YTD Oct 31 2024,USD,1886.0,2_cf_sbc_YTD_Oct_31_2025,cf_sbc_ytd,stock-based compensation,Mira Systems,YTD Oct 31 2025,USD,2062.0,,,,,,,,,,,,,,,,,,,,,,,,,,,,,,,,,,,
295,1,Which result follows from the the minimum of total current assets for Nova Enterprises using values from Dec 31 2024 through Oct 31 2025,"min(7_current_assets_Dec_31_2024, 7_current_assets_Oct_31_2025)","{""op"": ""min"", ""left"": {""leaf"": ""7_current_assets_Dec_31_2024"", ""depth"": 0}, ""right"": {""leaf"": ""7_current_assets_Oct_31_2025"", ""depth"": 0}, ""depth"": 1}","{""kind"": ""time_agg"", ""node_id"": ""N0"", ""op"": ""min"", ""family"": ""amount"", ""depth"": 1, ""entity_group"": ""E1"", ""concept_group"": ""T3"", ""over_years_group"": ""Y2""}",48885.0,1,0,1,76703922,372478040,2345,0.459,0,1,2,7_current_assets_Dec_31_2024,current_assets,total current assets,Nova Enterprises,Dec 31 2024,USD,48885.0,7_current_assets_Oct_31_2025,current_assets,total current assets,Nova Enterprises,Oct 31 2025,USD,56542.0,,,,,,,,,,,,,,,,,,,,,,,,,,,,,,,,,,,
296,2,Determine the average total costs and expenses for Orion Enterprises across years YTD Oct 31 2024 through YTD Oct 31 2025.,"ratio(sum(6_total_costs_YTD_Oct_31_2024, 6_total_costs_YTD_Oct_31_2025), 2.0)","{""op"": ""ratio"", ""left"": {""op"": ""sum"", ""left"": {""leaf"": ""6_total_costs_YTD_Oct_31_2024"", ""depth"": 0}, ""right"": {""leaf"": ""6_total_costs_YTD_Oct_31_2025"", ""depth"": 0}, ""depth"": 1}, ""right"": {""literal"": 2.0, ""depth"": 0}, ""depth"": 2}","{""kind"": ""time_agg"", ""node_id"": ""N0"", ""op"": ""avg"", ""family"": ""amount"", ""depth"": 3, ""entity_group"": ""E1"", ""concept_group"": ""T3"", ""over_years_group"": ""Y2""}",234318.0,3,0,2,423163393,589552104,2345,0.104,0,1,2,6_total_costs_YTD_Oct_31_2024,total_costs_ytd,total costs and expenses,Orion Enterprises,YTD Oct 31 2024,USD,231795.0,6_total_costs_YTD_Oct_31_2025,total_costs_ytd,total costs and expenses,Orion Enterprises,YTD Oct 31 2025,USD,236841.0,,,,,,,,,,,,,,,,,,,,,,,,,,,,,,,,,,,
297,0,What does the following give: net income (cash flow) for Crest Systems in YTD Oct 31 2024?,9_cf_net_income_YTD_Oct_31_2024,"{""leaf"": ""9_cf_net_income_YTD_Oct_31_2024"", ""depth"": 0}","{""kind"": ""leaf"", ""name"": ""L0"", ""family"": ""amount"", ""semantic_type_in"": [""amount""], ""context_group"": ""C0"", ""entity_group"": ""E1""}",6633.0,4,0,0,390166208,879084317,2345,0.403,0,1,1,9_cf_net_income_YTD_Oct_31_2024,cf_net_income_ytd,net income (cash flow),Crest Systems,YTD Oct 31 2024,USD,6633.0,,,,,,,,,,,,,,,,,,,,,,,,,,,,,,,,,,,,,,,,,,
298,1,what does the following give: the maximum of total liabilities for Nova Solutions using values from Dec 31 2024 through Oct 31 2025,"max(4_total_liabilities_Dec_31_2024, 4_total_liabilities_Oct_31_2025)","{""op"": ""max"", ""left"": {""leaf"": ""4_total_liabilities_Dec_31_2024"", ""depth"": 0}, ""right"": {""leaf"": ""4_total_liabilities_Oct_31_2025"", ""depth"": 0}, ""depth"": 1}","{""kind"": ""time_agg"", ""node_id"": ""N0"", ""op"": ""max"", ""family"": ""amount"", ""depth"": 4, ""entity_group"": ""E1"", ""concept_group"": ""T3"", ""over_years_group"": ""Y2""}",59500.0,4,0,1,616466994,662424923,2345,0.481,0,1,2,4_total_liabilities_Dec_31_2024,total_liabilities,total liabilities,Nova Solutions,Dec 31 2024,USD,51555.0,4_total_liabilities_Oct_31_2025,total_liabilities,total liabilities,Nova Solutions,Oct 31 2025,USD,59500.0,,,,,,,,,,,,,,,,,,,,,,,,,,,,,,,,,,,
299,0,May you give the dividends paid for Nova Enterprises in YTD Oct 31 2024 ?,7_cf_dividends_YTD_Oct_31_2024,"{""leaf"": ""7_cf_dividends_YTD_Oct_31_2024"", ""depth"": 0}","{""kind"": ""leaf"", ""name"": ""L0"", ""family"": ""amount"", ""semantic_type_in"": [""amount""], ""context_group"": ""C0"", ""entity_group"": ""E1""}",-585.0,3,0,0,132397560,347900173,2345,0.383,0,1,1,7_cf_dividends_YTD_Oct_31_2024,cf_dividends_ytd,dividends paid,Nova Enterprises,YTD Oct 31 2024,USD,-585.0,,,,,,,,,,,,,,,,,,,,,,,,,,,,,,,,,,,,,,,,,,
300,0,Evaluate the total costs and expenses for Nova Holdings in Q Oct 31 2025 .,13_total_costs_Q_Oct_31_2025,"{""leaf"": ""13_total_costs_Q_Oct_31_2025"", ""depth"": 0}","{""kind"": ""leaf"", ""name"": ""L0"", ""family"": ""amount"", ""semantic_type_in"": [""amount""], ""context_group"": ""C0"", ""entity_group"": ""E1""}",140267.0,0,0,0,197156806,626490489,2345,0.584,0,1,1,13_total_costs_Q_Oct_31_2025,total_costs_q,total costs and expenses,Nova Holdings,Q Oct 31 2025,USD,140267.0,,,,,,,,,,,,,,,,,,,,,,,,,,,,,,,,,,,,,,,,,,
301,2,"which result follows from the average other income/(expense), net for Vex Industries across years YTD Oct 31 2024 through YTD Oct 31 2025 ?","ratio(sum(12_other_income_YTD_Oct_31_2024, 12_other_income_YTD_Oct_31_2025), 2.0)","{""op"": ""ratio"", ""left"": {""op"": ""sum"", ""left"": {""leaf"": ""12_other_income_YTD_Oct_31_2024"", ""depth"": 0}, ""right"": {""leaf"": ""12_other_income_YTD_Oct_31_2025"", ""depth"": 0}, ""depth"": 1}, ""right"": {""literal"": 2.0, ""depth"": 0}, ""depth"": 2}","{""kind"": ""time_agg"", ""node_id"": ""N0"", ""op"": ""avg"", ""family"": ""amount"", ""depth"": 4, ""entity_group"": ""E1"", ""concept_group"": ""T3"", ""over_years_group"": ""Y2""}",-901.5,4,0,2,513944774,606919897,2345,0.518,0,1,2,12_other_income_YTD_Oct_31_2024,other_income_ytd,"other income/(expense), net",Vex Industries,YTD Oct 31 2024,USD,-888.0,12_other_income_YTD_Oct_31_2025,other_income_ytd,"other income/(expense), net",Vex Industries,YTD Oct 31 2025,USD,-915.0,,,,,,,,,,,,,,,,,,,,,,,,,,,,,,,,,,,
302,2,May you calculate the average share repurchases for Mira Systems across years YTD Oct 31 2024 through YTD Oct 31 2025,"ratio(sum(2_cf_repurchases_YTD_Oct_31_2024, 2_cf_repurchases_YTD_Oct_31_2025), 2.0)","{""op"": ""ratio"", ""left"": {""op"": ""sum"", ""left"": {""leaf"": ""2_cf_repurchases_YTD_Oct_31_2024"", ""depth"": 0}, ""right"": {""leaf"": ""2_cf_repurchases_YTD_Oct_31_2025"", ""depth"": 0}, ""depth"": 1}, ""right"": {""literal"": 2.0, ""depth"": 0}, ""depth"": 2}","{""kind"": ""time_agg"", ""node_id"": ""N0"", ""op"": ""avg"", ""family"": ""amount"", ""depth"": 2, ""entity_group"": ""E1"", ""concept_group"": ""T3"", ""over_years_group"": ""Y2""}",-1537.5,2,0,2,319108652,321607670,2345,0.375,0,1,2,2_cf_repurchases_YTD_Oct_31_2024,cf_repurchases_ytd,share repurchases,Mira Systems,YTD Oct 31 2024,USD,-1469.0,2_cf_repurchases_YTD_Oct_31_2025,cf_repurchases_ytd,share repurchases,Mira Systems,YTD Oct 31 2025,USD,-1606.0,,,,,,,,,,,,,,,,,,,,,,,,,,,,,,,,,,,
303,2,What is the average net income (cash flow) for Alto Inc across years YTD Oct 31 2024 through YTD Oct 31 2025 ?,"ratio(sum(5_cf_net_income_YTD_Oct_31_2024, 5_cf_net_income_YTD_Oct_31_2025), 2.0)","{""op"": ""ratio"", ""left"": {""op"": ""sum"", ""left"": {""leaf"": ""5_cf_net_income_YTD_Oct_31_2024"", ""depth"": 0}, ""right"": {""leaf"": ""5_cf_net_income_YTD_Oct_31_2025"", ""depth"": 0}, ""depth"": 1}, ""right"": {""literal"": 2.0, ""depth"": 0}, ""depth"": 2}","{""kind"": ""time_agg"", ""node_id"": ""N0"", ""op"": ""avg"", ""family"": ""amount"", ""depth"": 4, ""entity_group"": ""E1"", ""concept_group"": ""T3"", ""over_years_group"": ""Y2""}",16318.5,4,0,2,493369179,882242889,2345,0.152,0,1,2,5_cf_net_income_YTD_Oct_31_2024,cf_net_income_ytd,net income (cash flow),Alto Inc,YTD Oct 31 2024,USD,16389.0,5_cf_net_income_YTD_Oct_31_2025,cf_net_income_ytd,net income (cash flow),Alto Inc,YTD Oct 31 2025,USD,16248.0,,,,,,,,,,,,,,,,,,,,,,,,,,,,,,,,,,,
304,1,Calculate the the maximum of operating income for Alto Inc using values from Q Oct 31 2024 through Q Oct 31 2025.,"max(5_operating_income_Q_Oct_31_2024, 5_operating_income_Q_Oct_31_2025)","{""op"": ""max"", ""left"": {""leaf"": ""5_operating_income_Q_Oct_31_2024"", ""depth"": 0}, ""right"": {""leaf"": ""5_operating_income_Q_Oct_31_2025"", ""depth"": 0}, ""depth"": 1}","{""kind"": ""time_agg"", ""node_id"": ""N0"", ""op"": ""max"", ""family"": ""amount"", ""depth"": 1, ""entity_group"": ""E1"", ""concept_group"": ""T3"", ""over_years_group"": ""Y2""}",7784.0,1,0,1,178307982,411188413,2345,0.305,0,1,2,5_operating_income_Q_Oct_31_2024,operating_income_q,operating income,Alto Inc,Q Oct 31 2024,USD,7784.0,5_operating_income_Q_Oct_31_2025,operating_income_q,operating income,Alto Inc,Q Oct 31 2025,USD,7717.0,,,,,,,,,,,,,,,,,,,,,,,,,,,,,,,,,,,
305,0,Compute the capital expenditures for Alto Inc in YTD Oct 31 2025.,5_cf_capex_YTD_Oct_31_2025,"{""leaf"": ""5_cf_capex_YTD_Oct_31_2025"", ""depth"": 0}","{""kind"": ""leaf"", ""name"": ""L0"", ""family"": ""amount"", ""semantic_type_in"": [""amount""], ""context_group"": ""C0"", ""entity_group"": ""E1""}",-9368.0,0,0,0,547449203,165733641,2345,0.324,0,1,1,5_cf_capex_YTD_Oct_31_2025,cf_capex_ytd,capital expenditures,Alto Inc,YTD Oct 31 2025,USD,-9368.0,,,,,,,,,,,,,,,,,,,,,,,,,,,,,,,,,,,,,,,,,,
306,2,State the average change in foreign currency translation for Orion Enterprises across years Q Oct 31 2024 through Q Oct 31 2025 .,"ratio(sum(6_ci_fx_translation_Q_Oct_31_2024, 6_ci_fx_translation_Q_Oct_31_2025), 2.0)","{""op"": ""ratio"", ""left"": {""op"": ""sum"", ""left"": {""leaf"": ""6_ci_fx_translation_Q_Oct_31_2024"", ""depth"": 0}, ""right"": {""leaf"": ""6_ci_fx_translation_Q_Oct_31_2025"", ""depth"": 0}, ""depth"": 1}, ""right"": {""literal"": 2.0, ""depth"": 0}, ""depth"": 2}","{""kind"": ""time_agg"", ""node_id"": ""N0"", ""op"": ""avg"", ""family"": ""amount"", ""depth"": 1, ""entity_group"": ""E1"", ""concept_group"": ""T3"", ""over_years_group"": ""Y2""}",35.5,1,0,2,980056894,754299625,2345,0.374,0,1,2,6_ci_fx_translation_Q_Oct_31_2024,ci_fx_translation_q,change in foreign currency translation,Orion Enterprises,Q Oct 31 2024,USD,-35.0,6_ci_fx_translation_Q_Oct_31_2025,ci_fx_translation_q,change in foreign currency translation,Orion Enterprises,Q Oct 31 2025,USD,106.0,,,,,,,,,,,,,,,,,,,,,,,,,,,,,,,,,,,
307,1,Evaluate the the maximum of total current assets for Mira Systems using values from Dec 31 2024 through Oct 31 2025.,"max(2_current_assets_Dec_31_2024, 2_current_assets_Oct_31_2025)","{""op"": ""max"", ""left"": {""leaf"": ""2_current_assets_Dec_31_2024"", ""depth"": 0}, ""right"": {""leaf"": ""2_current_assets_Oct_31_2025"", ""depth"": 0}, ""depth"": 1}","{""kind"": ""time_agg"", ""node_id"": ""N0"", ""op"": ""max"", ""family"": ""amount"", ""depth"": 1, ""entity_group"": ""E1"", ""concept_group"": ""T3"", ""over_years_group"": ""Y2""}",52545.0,1,0,1,980052762,389998789,2345,0.396,0,1,2,2_current_assets_Dec_31_2024,current_assets,total current assets,Mira Systems,Dec 31 2024,USD,44785.0,2_current_assets_Oct_31_2025,current_assets,total current assets,Mira Systems,Oct 31 2025,USD,52545.0,,,,,,,,,,,,,,,,,,,,,,,,,,,,,,,,,,,
308,1,could you give the the minimum of other non-current assets for Vex Industries using values from Dec 31 2024 through Oct 31 2025?,"min(12_other_nca_Dec_31_2024, 12_other_nca_Oct_31_2025)","{""op"": ""min"", ""left"": {""leaf"": ""12_other_nca_Dec_31_2024"", ""depth"": 0}, ""right"": {""leaf"": ""12_other_nca_Oct_31_2025"", ""depth"": 0}, ""depth"": 1}","{""kind"": ""time_agg"", ""node_id"": ""N0"", ""op"": ""min"", ""family"": ""amount"", ""depth"": 4, ""entity_group"": ""E1"", ""concept_group"": ""T3"", ""over_years_group"": ""Y2""}",2328.0,4,0,1,417831774,385645786,2345,0.422,0,1,2,12_other_nca_Dec_31_2024,other_nca,other non-current assets,Vex Industries,Dec 31 2024,USD,2328.0,12_other_nca_Oct_31_2025,other_nca,other non-current assets,Vex Industries,Oct 31 2025,USD,2398.0,,,,,,,,,,,,,,,,,,,,,,,,,,,,,,,,,,,
309,1,Could you give the the minimum of goodwill for Plex Technologies using values from Dec 31 2024 through Oct 31 2025,"min(8_goodwill_Dec_31_2024, 8_goodwill_Oct_31_2025)","{""op"": ""min"", ""left"": {""leaf"": ""8_goodwill_Dec_31_2024"", ""depth"": 0}, ""right"": {""leaf"": ""8_goodwill_Oct_31_2025"", ""depth"": 0}, ""depth"": 1}","{""kind"": ""time_agg"", ""node_id"": ""N0"", ""op"": ""min"", ""family"": ""amount"", ""depth"": 3, ""entity_group"": ""E1"", ""concept_group"": ""T3"", ""over_years_group"": ""Y2""}",13275.0,3,0,1,179248563,912707754,2345,0.203,0,1,2,8_goodwill_Dec_31_2024,goodwill,goodwill,Plex Technologies,Dec 31 2024,USD,13275.0,8_goodwill_Oct_31_2025,goodwill,goodwill,Plex Technologies,Oct 31 2025,USD,13557.0,,,,,,,,,,,,,,,,,,,,,,,,,,,,,,,,,,,
310,2,Which result follows from the average short-term investments for Zion Solutions across years Dec 31 2024 through Oct 31 2025?,"ratio(sum(3_st_investments_Dec_31_2024, 3_st_investments_Oct_31_2025), 2.0)","{""op"": ""ratio"", ""left"": {""op"": ""sum"", ""left"": {""leaf"": ""3_st_investments_Dec_31_2024"", ""depth"": 0}, ""right"": {""leaf"": ""3_st_investments_Oct_31_2025"", ""depth"": 0}, ""depth"": 1}, ""right"": {""literal"": 2.0, ""depth"": 0}, ""depth"": 2}","{""kind"": ""time_agg"", ""node_id"": ""N0"", ""op"": ""avg"", ""family"": ""amount"", ""depth"": 1, ""entity_group"": ""E1"", ""concept_group"": ""T3"", ""over_years_group"": ""Y2""}",2568.5,1,0,2,2810047,710447830,2345,0.516,0,1,2,3_st_investments_Dec_31_2024,st_investments,short-term investments,Zion Solutions,Dec 31 2024,USD,2541.0,3_st_investments_Oct_31_2025,st_investments,short-term investments,Zion Solutions,Oct 31 2025,USD,2596.0,,,,,,,,,,,,,,,,,,,,,,,,,,,,,,,,,,,
311,0,What is the value of the net income (cash flow) for Volt Inc in YTD Oct 31 2025 ?,0_cf_net_income_YTD_Oct_31_2025,"{""leaf"": ""0_cf_net_income_YTD_Oct_31_2025"", ""depth"": 0}","{""kind"": ""leaf"", ""name"": ""L0"", ""family"": ""amount"", ""semantic_type_in"": [""amount""], ""context_group"": ""C0"", ""entity_group"": ""E1""}",17646.0,2,0,0,456910606,606716092,2345,0.213,0,1,1,0_cf_net_income_YTD_Oct_31_2025,cf_net_income_ytd,net income (cash flow),Volt Inc,YTD Oct 31 2025,USD,17646.0,,,,,,,,,,,,,,,,,,,,,,,,,,,,,,,,,,,,,,,,,,
312,1,You should calculate the the maximum of goodwill for Trek Holdings using values from Dec 31 2024 through Oct 31 2025 .,"max(11_goodwill_Dec_31_2024, 11_goodwill_Oct_31_2025)","{""op"": ""max"", ""left"": {""leaf"": ""11_goodwill_Dec_31_2024"", ""depth"": 0}, ""right"": {""leaf"": ""11_goodwill_Oct_31_2025"", ""depth"": 0}, ""depth"": 1}","{""kind"": ""time_agg"", ""node_id"": ""N0"", ""op"": ""max"", ""family"": ""amount"", ""depth"": 3, ""entity_group"": ""E1"", ""concept_group"": ""T3"", ""over_years_group"": ""Y2""}",5238.0,3,0,1,751610555,79462075,2345,0.321,0,1,2,11_goodwill_Dec_31_2024,goodwill,goodwill,Trek Holdings,Dec 31 2024,USD,4702.0,11_goodwill_Oct_31_2025,goodwill,goodwill,Trek Holdings,Oct 31 2025,USD,5238.0,,,,,,,,,,,,,,,,,,,,,,,,,,,,,,,,,,,
313,2,What is the average net income (cash flow) for Apex Technologies across years YTD Oct 31 2024 through YTD Oct 31 2025,"ratio(sum(1_cf_net_income_YTD_Oct_31_2024, 1_cf_net_income_YTD_Oct_31_2025), 2.0)","{""op"": ""ratio"", ""left"": {""op"": ""sum"", ""left"": {""leaf"": ""1_cf_net_income_YTD_Oct_31_2024"", ""depth"": 0}, ""right"": {""leaf"": ""1_cf_net_income_YTD_Oct_31_2025"", ""depth"": 0}, ""depth"": 1}, ""right"": {""literal"": 2.0, ""depth"": 0}, ""depth"": 2}","{""kind"": ""time_agg"", ""node_id"": ""N0"", ""op"": ""avg"", ""family"": ""amount"", ""depth"": 1, ""entity_group"": ""E1"", ""concept_group"": ""T3"", ""over_years_group"": ""Y2""}",27622.5,1,0,2,412910602,622474755,2345,0.525,0,1,2,1_cf_net_income_YTD_Oct_31_2024,cf_net_income_ytd,net income (cash flow),Apex Technologies,YTD Oct 31 2024,USD,27801.0,1_cf_net_income_YTD_Oct_31_2025,cf_net_income_ytd,net income (cash flow),Apex Technologies,YTD Oct 31 2025,USD,27444.0,,,,,,,,,,,,,,,,,,,,,,,,,,,,,,,,,,,
314,0,"may you calculate the accounts receivable, net for Apex Technologies in Oct 31 2025",1_accounts_receivable_Oct_31_2025,"{""leaf"": ""1_accounts_receivable_Oct_31_2025"", ""depth"": 0}","{""kind"": ""leaf"", ""name"": ""L0"", ""family"": ""amount"", ""semantic_type_in"": [""amount""], ""context_group"": ""C0"", ""entity_group"": ""E1""}",19344.0,0,0,0,608527855,634982110,2345,0.383,0,1,1,1_accounts_receivable_Oct_31_2025,accounts_receivable,"accounts receivable, net",Apex Technologies,Oct 31 2025,USD,19344.0,,,,,,,,,,,,,,,,,,,,,,,,,,,,,,,,,,,,,,,,,,
315,0,Whats the value of the net sales for Trek Holdings in YTD Oct 31 2024?,11_net_sales_YTD_Oct_31_2024,"{""leaf"": ""11_net_sales_YTD_Oct_31_2024"", ""depth"": 0}","{""kind"": ""leaf"", ""name"": ""L0"", ""family"": ""amount"", ""semantic_type_in"": [""amount""], ""context_group"": ""C0"", ""entity_group"": ""E1""}",211749.0,1,0,0,867495791,60452874,2345,0.532,0,1,1,11_net_sales_YTD_Oct_31_2024,net_sales_ytd,net sales,Trek Holdings,YTD Oct 31 2024,USD,211749.0,,,,,,,,,,,,,,,,,,,,,,,,,,,,,,,,,,,,,,,,,,
316,2,Compute the average gross profit for Vex Industries across years YTD Oct 31 2024 through YTD Oct 31 2025,"ratio(sum(12_gross_profit_YTD_Oct_31_2024, 12_gross_profit_YTD_Oct_31_2025), 2.0)","{""op"": ""ratio"", ""left"": {""op"": ""sum"", ""left"": {""leaf"": ""12_gross_profit_YTD_Oct_31_2024"", ""depth"": 0}, ""right"": {""leaf"": ""12_gross_profit_YTD_Oct_31_2025"", ""depth"": 0}, ""depth"": 1}, ""right"": {""literal"": 2.0, ""depth"": 0}, ""depth"": 2}","{""kind"": ""time_agg"", ""node_id"": ""N0"", ""op"": ""avg"", ""family"": ""amount"", ""depth"": 3, ""entity_group"": ""E1"", ""concept_group"": ""T3"", ""over_years_group"": ""Y2""}",45240.0,3,0,2,689275387,751747937,2345,0.135,0,1,2,12_gross_profit_YTD_Oct_31_2024,gross_profit_ytd,gross profit,Vex Industries,YTD Oct 31 2024,USD,44592.0,12_gross_profit_YTD_Oct_31_2025,gross_profit_ytd,gross profit,Vex Industries,YTD Oct 31 2025,USD,45888.0,,,,,,,,,,,,,,,,,,,,,,,,,,,,,,,,,,,
317,1,what does the following give: the maximum of accumulated other comprehensive income/(loss) for Nova Solutions using values from Dec 31 2024 through Oct 31 2025 ?,"max(4_aoci_Dec_31_2024, 4_aoci_Oct_31_2025)","{""op"": ""max"", ""left"": {""leaf"": ""4_aoci_Dec_31_2024"", ""depth"": 0}, ""right"": {""leaf"": ""4_aoci_Oct_31_2025"", ""depth"": 0}, ""depth"": 1}","{""kind"": ""time_agg"", ""node_id"": ""N0"", ""op"": ""max"", ""family"": ""amount"", ""depth"": 4, ""entity_group"": ""E1"", ""concept_group"": ""T3"", ""over_years_group"": ""Y2""}",0.0,4,0,1,454663350,538965387,2345,0.463,0,1,2,4_aoci_Dec_31_2024,aoci,accumulated other comprehensive income/(loss),Nova Solutions,Dec 31 2024,USD,0.0,4_aoci_Oct_31_2025,aoci,accumulated other comprehensive income/(loss),Nova Solutions,Oct 31 2025,USD,-2245.0,,,,,,,,,,,,,,,,,,,,,,,,,,,,,,,,,,,
318,1,Calculate the the minimum of membership and other income for Zion Solutions using values from YTD Oct 31 2024 through YTD Oct 31 2025.,"min(3_membership_and_other_income_YTD_Oct_31_2024, 3_membership_and_other_income_YTD_Oct_31_2025)","{""op"": ""min"", ""left"": {""leaf"": ""3_membership_and_other_income_YTD_Oct_31_2024"", ""depth"": 0}, ""right"": {""leaf"": ""3_membership_and_other_income_YTD_Oct_31_2025"", ""depth"": 0}, ""depth"": 1}","{""kind"": ""time_agg"", ""node_id"": ""N0"", ""op"": ""min"", ""family"": ""amount"", ""depth"": 3, ""entity_group"": ""E1"", ""concept_group"": ""T3"", ""over_years_group"": ""Y2""}",1728.0,3,0,1,605452538,85139592,2345,0.484,0,1,2,3_membership_and_other_income_YTD_Oct_31_2024,membership_and_other_income_ytd,membership and other income,Zion Solutions,YTD Oct 31 2024,USD,1797.0,3_membership_and_other_income_YTD_Oct_31_2025,membership_and_other_income_ytd,membership and other income,Zion Solutions,YTD Oct 31 2025,USD,1728.0,,,,,,,,,,,,,,,,,,,,,,,,,,,,,,,,,,,
319,1,What is the the minimum of total comprehensive income for Mira Systems using values from YTD Oct 31 2024 through YTD Oct 31 2025?,"min(2_comprehensive_income_YTD_Oct_31_2024, 2_comprehensive_income_YTD_Oct_31_2025)","{""op"": ""min"", ""left"": {""leaf"": ""2_comprehensive_income_YTD_Oct_31_2024"", ""depth"": 0}, ""right"": {""leaf"": ""2_comprehensive_income_YTD_Oct_31_2025"", ""depth"": 0}, ""depth"": 1}","{""kind"": ""time_agg"", ""node_id"": ""N0"", ""op"": ""min"", ""family"": ""amount"", ""depth"": 3, ""entity_group"": ""E1"", ""concept_group"": ""T3"", ""over_years_group"": ""Y2""}",6049.0,3,0,1,223477048,503514975,2345,0.143,0,1,2,2_comprehensive_income_YTD_Oct_31_2024,comprehensive_income_ytd,total comprehensive income,Mira Systems,YTD Oct 31 2024,USD,6049.0,2_comprehensive_income_YTD_Oct_31_2025,comprehensive_income_ytd,total comprehensive income,Mira Systems,YTD Oct 31 2025,USD,6627.0,,,,,,,,,,,,,,,,,,,,,,,,,,,,,,,,,,,
320,1,What would be the the maximum of total other comprehensive income/(loss) for Volt Inc using values from Q Oct 31 2024 through Q Oct 31 2025,"max(0_ci_total_oci_Q_Oct_31_2024, 0_ci_total_oci_Q_Oct_31_2025)","{""op"": ""max"", ""left"": {""leaf"": ""0_ci_total_oci_Q_Oct_31_2024"", ""depth"": 0}, ""right"": {""leaf"": ""0_ci_total_oci_Q_Oct_31_2025"", ""depth"": 0}, ""depth"": 1}","{""kind"": ""time_agg"", ""node_id"": ""N0"", ""op"": ""max"", ""family"": ""amount"", ""depth"": 3, ""entity_group"": ""E1"", ""concept_group"": ""T3"", ""over_years_group"": ""Y2""}",80.0,3,0,1,476749475,962796507,2345,0.424,0,1,2,0_ci_total_oci_Q_Oct_31_2024,ci_total_oci_q,total other comprehensive income/(loss),Volt Inc,Q Oct 31 2024,USD,80.0,0_ci_total_oci_Q_Oct_31_2025,ci_total_oci_q,total other comprehensive income/(loss),Volt Inc,Q Oct 31 2025,USD,-84.0,,,,,,,,,,,,,,,,,,,,,,,,,,,,,,,,,,,
321,1,compute the the minimum of total comprehensive income for Volt Inc using values from YTD Oct 31 2024 through YTD Oct 31 2025,"min(0_comprehensive_income_YTD_Oct_31_2024, 0_comprehensive_income_YTD_Oct_31_2025)","{""op"": ""min"", ""left"": {""leaf"": ""0_comprehensive_income_YTD_Oct_31_2024"", ""depth"": 0}, ""right"": {""leaf"": ""0_comprehensive_income_YTD_Oct_31_2025"", ""depth"": 0}, ""depth"": 1}","{""kind"": ""time_agg"", ""node_id"": ""N0"", ""op"": ""min"", ""family"": ""amount"", ""depth"": 3, ""entity_group"": ""E1"", ""concept_group"": ""T3"", ""over_years_group"": ""Y2""}",17886.0,3,0,1,275329220,978485742,2345,0.463,0,1,2,0_comprehensive_income_YTD_Oct_31_2024,comprehensive_income_ytd,total comprehensive income,Volt Inc,YTD Oct 31 2024,USD,20530.0,0_comprehensive_income_YTD_Oct_31_2025,comprehensive_income_ytd,total comprehensive income,Volt Inc,YTD Oct 31 2025,USD,17886.0,,,,,,,,,,,,,,,,,,,,,,,,,,,,,,,,,,,
322,1,you should calculate the the minimum of net cash from financing activities for Alto Inc using values from YTD Oct 31 2024 through YTD Oct 31 2025.,"min(5_cf_financing_YTD_Oct_31_2024, 5_cf_financing_YTD_Oct_31_2025)","{""op"": ""min"", ""left"": {""leaf"": ""5_cf_financing_YTD_Oct_31_2024"", ""depth"": 0}, ""right"": {""leaf"": ""5_cf_financing_YTD_Oct_31_2025"", ""depth"": 0}, ""depth"": 1}","{""kind"": ""time_agg"", ""node_id"": ""N0"", ""op"": ""min"", ""family"": ""amount"", ""depth"": 3, ""entity_group"": ""E1"", ""concept_group"": ""T3"", ""over_years_group"": ""Y2""}",-4394.0,3,0,1,869436008,881923964,2345,0.354,0,1,2,5_cf_financing_YTD_Oct_31_2024,cf_financing_ytd,net cash from financing activities,Alto Inc,YTD Oct 31 2024,USD,-4394.0,5_cf_financing_YTD_Oct_31_2025,cf_financing_ytd,net cash from financing activities,Alto Inc,YTD Oct 31 2025,USD,-4215.0,,,,,,,,,,,,,,,,,,,,,,,,,,,,,,,,,,,
323,1,What is the the maximum of provision for income taxes for Zion Corp using values from Q Oct 31 2024 through Q Oct 31 2025,"max(10_tax_Q_Oct_31_2024, 10_tax_Q_Oct_31_2025)","{""op"": ""max"", ""left"": {""leaf"": ""10_tax_Q_Oct_31_2024"", ""depth"": 0}, ""right"": {""leaf"": ""10_tax_Q_Oct_31_2025"", ""depth"": 0}, ""depth"": 1}","{""kind"": ""time_agg"", ""node_id"": ""N0"", ""op"": ""max"", ""family"": ""amount"", ""depth"": 4, ""entity_group"": ""E1"", ""concept_group"": ""T3"", ""over_years_group"": ""Y2""}",3537.0,4,0,1,541701002,900896547,2345,0.308,0,1,2,10_tax_Q_Oct_31_2024,tax_q,provision for income taxes,Zion Corp,Q Oct 31 2024,USD,3537.0,10_tax_Q_Oct_31_2025,tax_q,provision for income taxes,Zion Corp,Q Oct 31 2025,USD,3223.0,,,,,,,,,,,,,,,,,,,,,,,,,,,,,,,,,,,
324,1,Calculate the the maximum of dividends paid for Nova Solutions using values from YTD Oct 31 2024 through YTD Oct 31 2025 .,"max(4_cf_dividends_YTD_Oct_31_2024, 4_cf_dividends_YTD_Oct_31_2025)","{""op"": ""max"", ""left"": {""leaf"": ""4_cf_dividends_YTD_Oct_31_2024"", ""depth"": 0}, ""right"": {""leaf"": ""4_cf_dividends_YTD_Oct_31_2025"", ""depth"": 0}, ""depth"": 1}","{""kind"": ""time_agg"", ""node_id"": ""N0"", ""op"": ""max"", ""family"": ""amount"", ""depth"": 2, ""entity_group"": ""E1"", ""concept_group"": ""T3"", ""over_years_group"": ""Y2""}",-1282.0,2,0,1,967414992,317399635,2345,0.303,0,1,2,4_cf_dividends_YTD_Oct_31_2024,cf_dividends_ytd,dividends paid,Nova Solutions,YTD Oct 31 2024,USD,-1387.0,4_cf_dividends_YTD_Oct_31_2025,cf_dividends_ytd,dividends paid,Nova Solutions,YTD Oct 31 2025,USD,-1282.0,,,,,,,,,,,,,,,,,,,,,,,,,,,,,,,,,,,
325,0,what does the following give: long-term debt for Apex Technologies in Dec 31 2024 ?,1_long_term_debt_Dec_31_2024,"{""leaf"": ""1_long_term_debt_Dec_31_2024"", ""depth"": 0}","{""kind"": ""leaf"", ""name"": ""L0"", ""family"": ""amount"", ""semantic_type_in"": [""amount""], ""context_group"": ""C0"", ""entity_group"": ""E1""}",25748.0,3,0,0,284553077,556209235,2345,0.344,0,1,1,1_long_term_debt_Dec_31_2024,long_term_debt,long-term debt,Apex Technologies,Dec 31 2024,USD,25748.0,,,,,,,,,,,,,,,,,,,,,,,,,,,,,,,,,,,,,,,,,,
326,1,"could you give the the maximum of property, plant and equipment, net for Zion Corp using values from Dec 31 2024 through Oct 31 2025 ?","max(10_ppe_Dec_31_2024, 10_ppe_Oct_31_2025)","{""op"": ""max"", ""left"": {""leaf"": ""10_ppe_Dec_31_2024"", ""depth"": 0}, ""right"": {""leaf"": ""10_ppe_Oct_31_2025"", ""depth"": 0}, ""depth"": 1}","{""kind"": ""time_agg"", ""node_id"": ""N0"", ""op"": ""max"", ""family"": ""amount"", ""depth"": 4, ""entity_group"": ""E1"", ""concept_group"": ""T3"", ""over_years_group"": ""Y2""}",22968.0,4,0,1,723753547,271331380,2345,0.271,0,1,2,10_ppe_Dec_31_2024,ppe,"property, plant and equipment, net",Zion Corp,Dec 31 2024,USD,20748.0,10_ppe_Oct_31_2025,ppe,"property, plant and equipment, net",Zion Corp,Oct 31 2025,USD,22968.0,,,,,,,,,,,,,,,,,,,,,,,,,,,,,,,,,,,
327,0,May you give the net cash from financing activities for Apex Technologies in YTD Oct 31 2025 ?,1_cf_financing_YTD_Oct_31_2025,"{""leaf"": ""1_cf_financing_YTD_Oct_31_2025"", ""depth"": 0}","{""kind"": ""leaf"", ""name"": ""L0"", ""family"": ""amount"", ""semantic_type_in"": [""amount""], ""context_group"": ""C0"", ""entity_group"": ""E1""}",-7520.0,0,0,0,132135674,807260872,2345,0.465,0,1,1,1_cf_financing_YTD_Oct_31_2025,cf_financing_ytd,net cash from financing activities,Apex Technologies,YTD Oct 31 2025,USD,-7520.0,,,,,,,,,,,,,,,,,,,,,,,,,,,,,,,,,,,,,,,,,,
328,2,Provide the average long-term debt for Trek Holdings across years Dec 31 2024 through Oct 31 2025.,"ratio(sum(11_long_term_debt_Dec_31_2024, 11_long_term_debt_Oct_31_2025), 2.0)","{""op"": ""ratio"", ""left"": {""op"": ""sum"", ""left"": {""leaf"": ""11_long_term_debt_Dec_31_2024"", ""depth"": 0}, ""right"": {""leaf"": ""11_long_term_debt_Oct_31_2025"", ""depth"": 0}, ""depth"": 1}, ""right"": {""literal"": 2.0, ""depth"": 0}, ""depth"": 2}","{""kind"": ""time_agg"", ""node_id"": ""N0"", ""op"": ""avg"", ""family"": ""amount"", ""depth"": 2, ""entity_group"": ""E1"", ""concept_group"": ""T3"", ""over_years_group"": ""Y2""}",15595.5,2,0,2,742611473,871787327,2345,0.239,0,1,2,11_long_term_debt_Dec_31_2024,long_term_debt,long-term debt,Trek Holdings,Dec 31 2024,USD,14755.0,11_long_term_debt_Oct_31_2025,long_term_debt,long-term debt,Trek Holdings,Oct 31 2025,USD,16436.0,,,,,,,,,,,,,,,,,,,,,,,,,,,,,,,,,,,
329,2,Determine the average operating income for Volt Inc across years YTD Oct 31 2024 through YTD Oct 31 2025,"ratio(sum(0_operating_income_YTD_Oct_31_2024, 0_operating_income_YTD_Oct_31_2025), 2.0)","{""op"": ""ratio"", ""left"": {""op"": ""sum"", ""left"": {""leaf"": ""0_operating_income_YTD_Oct_31_2024"", ""depth"": 0}, ""right"": {""leaf"": ""0_operating_income_YTD_Oct_31_2025"", ""depth"": 0}, ""depth"": 1}, ""right"": {""literal"": 2.0, ""depth"": 0}, ""depth"": 2}","{""kind"": ""time_agg"", ""node_id"": ""N0"", ""op"": ""avg"", ""family"": ""amount"", ""depth"": 1, ""entity_group"": ""E1"", ""concept_group"": ""T3"", ""over_years_group"": ""Y2""}",26295.0,1,0,2,839893490,409017038,2345,0.231,0,1,2,0_operating_income_YTD_Oct_31_2024,operating_income_ytd,operating income,Volt Inc,YTD Oct 31 2024,USD,28110.0,0_operating_income_YTD_Oct_31_2025,operating_income_ytd,operating income,Volt Inc,YTD Oct 31 2025,USD,24480.0,,,,,,,,,,,,,,,,,,,,,,,,,,,,,,,,,,,
330,2,you should give the average long-term debt for Vex Industries across years Dec 31 2024 through Oct 31 2025,"ratio(sum(12_long_term_debt_Dec_31_2024, 12_long_term_debt_Oct_31_2025), 2.0)","{""op"": ""ratio"", ""left"": {""op"": ""sum"", ""left"": {""leaf"": ""12_long_term_debt_Dec_31_2024"", ""depth"": 0}, ""right"": {""leaf"": ""12_long_term_debt_Oct_31_2025"", ""depth"": 0}, ""depth"": 1}, ""right"": {""literal"": 2.0, ""depth"": 0}, ""depth"": 2}","{""kind"": ""time_agg"", ""node_id"": ""N0"", ""op"": ""avg"", ""family"": ""amount"", ""depth"": 2, ""entity_group"": ""E1"", ""concept_group"": ""T3"", ""over_years_group"": ""Y2""}",7069.0,2,0,2,224967205,992443383,2345,0.103,0,1,2,12_long_term_debt_Dec_31_2024,long_term_debt,long-term debt,Vex Industries,Dec 31 2024,USD,6965.0,12_long_term_debt_Oct_31_2025,long_term_debt,long-term debt,Vex Industries,Oct 31 2025,USD,7173.0,,,,,,,,,,,,,,,,,,,,,,,,,,,,,,,,,,,
331,2,may you calculate the average research and development expense for Mira Systems across years Q Oct 31 2024 through Q Oct 31 2025?,"ratio(sum(2_rd_expense_Q_Oct_31_2024, 2_rd_expense_Q_Oct_31_2025), 2.0)","{""op"": ""ratio"", ""left"": {""op"": ""sum"", ""left"": {""leaf"": ""2_rd_expense_Q_Oct_31_2024"", ""depth"": 0}, ""right"": {""leaf"": ""2_rd_expense_Q_Oct_31_2025"", ""depth"": 0}, ""depth"": 1}, ""right"": {""literal"": 2.0, ""depth"": 0}, ""depth"": 2}","{""kind"": ""time_agg"", ""node_id"": ""N0"", ""op"": ""avg"", ""family"": ""amount"", ""depth"": 4, ""entity_group"": ""E1"", ""concept_group"": ""T3"", ""over_years_group"": ""Y2""}",384.0,4,0,2,811401742,352256104,2345,0.293,0,1,2,2_rd_expense_Q_Oct_31_2024,rd_expense_q,research and development expense,Mira Systems,Q Oct 31 2024,USD,367.0,2_rd_expense_Q_Oct_31_2025,rd_expense_q,research and development expense,Mira Systems,Q Oct 31 2025,USD,401.0,,,,,,,,,,,,,,,,,,,,,,,,,,,,,,,,,,,
332,2,what's the value of the average income before taxes for Alto Inc across years Q Oct 31 2024 through Q Oct 31 2025 ?,"ratio(sum(5_pretax_income_Q_Oct_31_2024, 5_pretax_income_Q_Oct_31_2025), 2.0)","{""op"": ""ratio"", ""left"": {""op"": ""sum"", ""left"": {""leaf"": ""5_pretax_income_Q_Oct_31_2024"", ""depth"": 0}, ""right"": {""leaf"": ""5_pretax_income_Q_Oct_31_2025"", ""depth"": 0}, ""depth"": 1}, ""right"": {""literal"": 2.0, ""depth"": 0}, ""depth"": 2}","{""kind"": ""time_agg"", ""node_id"": ""N0"", ""op"": ""avg"", ""family"": ""amount"", ""depth"": 3, ""entity_group"": ""E1"", ""concept_group"": ""T3"", ""over_years_group"": ""Y2""}",7428.0,3,0,2,731583309,36018838,2345,0.217,0,1,2,5_pretax_income_Q_Oct_31_2024,pretax_income_q,income before taxes,Alto Inc,Q Oct 31 2024,USD,7460.0,5_pretax_income_Q_Oct_31_2025,pretax_income_q,income before taxes,Alto Inc,Q Oct 31 2025,USD,7396.0,,,,,,,,,,,,,,,,,,,,,,,,,,,,,,,,,,,
333,2,which quantity is given by the average basic earnings per share for Volt Inc across years YTD Oct 31 2024 through YTD Oct 31 2025,"ratio(sum(0_eps_basic_YTD_Oct_31_2024, 0_eps_basic_YTD_Oct_31_2025), 2.0)","{""op"": ""ratio"", ""left"": {""op"": ""sum"", ""left"": {""leaf"": ""0_eps_basic_YTD_Oct_31_2024"", ""depth"": 0}, ""right"": {""leaf"": ""0_eps_basic_YTD_Oct_31_2025"", ""depth"": 0}, ""depth"": 1}, ""right"": {""literal"": 2.0, ""depth"": 0}, ""depth"": 2}","{""kind"": ""time_agg"", ""node_id"": ""N0"", ""op"": ""avg"", ""family"": ""amount"", ""depth"": 3, ""entity_group"": ""E1"", ""concept_group"": ""T3"", ""over_years_group"": ""Y2""}",39.485,3,0,2,453581870,584019129,2345,0.354,0,1,2,0_eps_basic_YTD_Oct_31_2024,eps_basic_ytd,basic earnings per share,Volt Inc,YTD Oct 31 2024,USD,42.21,0_eps_basic_YTD_Oct_31_2025,eps_basic_ytd,basic earnings per share,Volt Inc,YTD Oct 31 2025,USD,36.76,,,,,,,,,,,,,,,,,,,,,,,,,,,,,,,,,,,
334,3,could you give the difference between the maximum of diluted earnings per share for Apex Technologies using values from YTD Oct 31 2024 through YTD Oct 31 2025 and ratio of sum of net income (CI) for Apex Technologies in YTD Oct 31 2024 and net income (CI) for Apex Technologies in YTD Oct 31 2025 to 2.0 ?,"diff(max(1_eps_diluted_YTD_Oct_31_2024, 1_eps_diluted_YTD_Oct_31_2025), ratio(sum(1_ci_net_income_YTD_Oct_31_2024, 1_ci_net_income_YTD_Oct_31_2025), 2.0))","{""op"": ""diff"", ""left"": {""op"": ""max"", ""left"": {""leaf"": ""1_eps_diluted_YTD_Oct_31_2024"", ""depth"": 0}, ""right"": {""leaf"": ""1_eps_diluted_YTD_Oct_31_2025"", ""depth"": 0}, ""depth"": 1}, ""right"": {""op"": ""ratio"", ""left"": {""op"": ""sum"", ""left"": {""leaf"": ""1_ci_net_income_YTD_Oct_31_2024"", ""depth"": 0}, ""right"": {""leaf"": ""1_ci_net_income_YTD_Oct_31_2025"", ""depth"": 0}, ""depth"": 1}, ""right"": {""literal"": 2.0, ""depth"": 0}, ""depth"": 2}, ""depth"": 3}","{""kind"": ""node"", ""node_id"": ""N2"", ""op"": ""diff"", ""family"": ""amount"", ""depth"": 4, ""left"": {""kind"": ""time_agg"", ""node_id"": ""N0"", ""op"": ""max"", ""family"": ""amount"", ""depth"": 3, ""entity_group"": ""E1"", ""concept_group"": ""T3"", ""over_years_group"": ""Y2""}, ""right"": {""kind"": ""time_agg"", ""node_id"": ""N1"", ""op"": ""avg"", ""family"": ""amount"", ""depth"": 3, ""entity_group"": ""E1"", ""concept_group"": ""T5"", ""over_years_group"": ""Y4""}}",-27616.67,4,1,3,675848997,687611143,2345,0.472,1,2,4,1_eps_diluted_YTD_Oct_31_2024,eps_diluted_ytd,diluted earnings per share,Apex Technologies,YTD Oct 31 2024,USD,5.83,1_eps_diluted_YTD_Oct_31_2025,eps_diluted_ytd,diluted earnings per share,Apex Technologies,YTD Oct 31 2025,USD,5.76,1_ci_net_income_YTD_Oct_31_2024,ci_net_income_ytd,net income (CI),Apex Technologies,YTD Oct 31 2024,USD,27801.0,1_ci_net_income_YTD_Oct_31_2025,ci_net_income_ytd,net income (CI),Apex Technologies,YTD Oct 31 2025,USD,27444.0,,,,,,,,,,,,,,,,,,,,,
335,2,What do we obtain as the average inventories for Zion Solutions across years Dec 31 2024 through Oct 31 2025 ?,"ratio(sum(3_inventories_Dec_31_2024, 3_inventories_Oct_31_2025), 2.0)","{""op"": ""ratio"", ""left"": {""op"": ""sum"", ""left"": {""leaf"": ""3_inventories_Dec_31_2024"", ""depth"": 0}, ""right"": {""leaf"": ""3_inventories_Oct_31_2025"", ""depth"": 0}, ""depth"": 1}, ""right"": {""literal"": 2.0, ""depth"": 0}, ""depth"": 2}","{""kind"": ""time_agg"", ""node_id"": ""N0"", ""op"": ""avg"", ""family"": ""amount"", ""depth"": 4, ""entity_group"": ""E1"", ""concept_group"": ""T3"", ""over_years_group"": ""Y2""}",7424.5,4,0,2,431924181,815232030,2345,0.384,0,1,2,3_inventories_Dec_31_2024,inventories,inventories,Zion Solutions,Dec 31 2024,USD,7345.0,3_inventories_Oct_31_2025,inventories,inventories,Zion Solutions,Oct 31 2025,USD,7504.0,,,,,,,,,,,,,,,,,,,,,,,,,,,,,,,,,,,
336,0,Compute the dividends paid for Trek Holdings in YTD Oct 31 2024,11_cf_dividends_YTD_Oct_31_2024,"{""leaf"": ""11_cf_dividends_YTD_Oct_31_2024"", ""depth"": 0}","{""kind"": ""leaf"", ""name"": ""L0"", ""family"": ""amount"", ""semantic_type_in"": [""amount""], ""context_group"": ""C0"", ""entity_group"": ""E1""}",-1646.0,0,0,0,510159537,382881606,2345,0.338,0,1,1,11_cf_dividends_YTD_Oct_31_2024,cf_dividends_ytd,dividends paid,Trek Holdings,YTD Oct 31 2024,USD,-1646.0,,,,,,,,,,,,,,,,,,,,,,,,,,,,,,,,,,,,,,,,,,
337,2,Give the average goodwill for Vex Industries across years Dec 31 2024 through Oct 31 2025.,"ratio(sum(12_goodwill_Dec_31_2024, 12_goodwill_Oct_31_2025), 2.0)","{""op"": ""ratio"", ""left"": {""op"": ""sum"", ""left"": {""leaf"": ""12_goodwill_Dec_31_2024"", ""depth"": 0}, ""right"": {""leaf"": ""12_goodwill_Oct_31_2025"", ""depth"": 0}, ""depth"": 1}, ""right"": {""literal"": 2.0, ""depth"": 0}, ""depth"": 2}","{""kind"": ""time_agg"", ""node_id"": ""N0"", ""op"": ""avg"", ""family"": ""amount"", ""depth"": 3, ""entity_group"": ""E1"", ""concept_group"": ""T3"", ""over_years_group"": ""Y2""}",5040.0,3,0,2,74567600,414085304,2345,0.344,0,1,2,12_goodwill_Dec_31_2024,goodwill,goodwill,Vex Industries,Dec 31 2024,USD,4966.0,12_goodwill_Oct_31_2025,goodwill,goodwill,Vex Industries,Oct 31 2025,USD,5114.0,,,,,,,,,,,,,,,,,,,,,,,,,,,,,,,,,,,
338,1,What is the longterm liabilities for Trek Holdings in Oct 31 2025?,longterm_liabilities,"{""derived"": ""longterm_liabilities"", ""expanded"": {""op"": ""diff"", ""left"": {""leaf"": ""11_total_liabilities_Oct_31_2025"", ""depth"": 0}, ""right"": {""leaf"": ""11_current_liabilities_Oct_31_2025"", ""depth"": 0}, ""depth"": 1}, ""depth"": 1}","{""kind"": ""derived_concept"", ""name"": ""longterm_liabilities"", ""family"": ""amount"", ""concept_depth"": 1, ""context_group"": ""C0"", ""entity_group"": ""E1""}",18653.0,1,0,1,930069202,860478945,2345,0.567,0,1,2,11_total_liabilities_Oct_31_2025,total_liabilities,total liabilities,Trek Holdings,Oct 31 2025,USD,66653.0,11_current_liabilities_Oct_31_2025,current_liabilities,total current liabilities,Trek Holdings,Oct 31 2025,USD,48000.0,,,,,,,,,,,,,,,,,,,,,,,,,,,,,,,,,,,
339,1,what do we obtain as the the maximum of basic earnings per share for Orion Enterprises using values from Q Oct 31 2024 through Q Oct 31 2025?,"max(6_eps_basic_Q_Oct_31_2024, 6_eps_basic_Q_Oct_31_2025)","{""op"": ""max"", ""left"": {""leaf"": ""6_eps_basic_Q_Oct_31_2024"", ""depth"": 0}, ""right"": {""leaf"": ""6_eps_basic_Q_Oct_31_2025"", ""depth"": 0}, ""depth"": 1}","{""kind"": ""time_agg"", ""node_id"": ""N0"", ""op"": ""max"", ""family"": ""amount"", ""depth"": 1, ""entity_group"": ""E1"", ""concept_group"": ""T3"", ""over_years_group"": ""Y2""}",0.56,1,0,1,841684476,607531908,2345,0.316,0,1,2,6_eps_basic_Q_Oct_31_2024,eps_basic_q,basic earnings per share,Orion Enterprises,Q Oct 31 2024,USD,0.55,6_eps_basic_Q_Oct_31_2025,eps_basic_q,basic earnings per share,Orion Enterprises,Q Oct 31 2025,USD,0.56,,,,,,,,,,,,,,,,,,,,,,,,,,,,,,,,,,,
340,0,What does the following give: cash and cash equivalents for Nova Holdings in Oct 31 2025 ?,13_cash_Oct_31_2025,"{""leaf"": ""13_cash_Oct_31_2025"", ""depth"": 0}","{""kind"": ""leaf"", ""name"": ""L0"", ""family"": ""amount"", ""semantic_type_in"": [""amount""], ""context_group"": ""C0"", ""entity_group"": ""E1""}",10520.0,0,0,0,799299863,16988485,2345,0.289,0,1,1,13_cash_Oct_31_2025,cash,cash and cash equivalents,Nova Holdings,Oct 31 2025,USD,10520.0,,,,,,,,,,,,,,,,,,,,,,,,,,,,,,,,,,,,,,,,,,
341,2,You should calculate the average other non-current assets for Nova Holdings across years Dec 31 2024 through Oct 31 2025,"ratio(sum(13_other_nca_Dec_31_2024, 13_other_nca_Oct_31_2025), 2.0)","{""op"": ""ratio"", ""left"": {""op"": ""sum"", ""left"": {""leaf"": ""13_other_nca_Dec_31_2024"", ""depth"": 0}, ""right"": {""leaf"": ""13_other_nca_Oct_31_2025"", ""depth"": 0}, ""depth"": 1}, ""right"": {""literal"": 2.0, ""depth"": 0}, ""depth"": 2}","{""kind"": ""time_agg"", ""node_id"": ""N0"", ""op"": ""avg"", ""family"": ""amount"", ""depth"": 1, ""entity_group"": ""E1"", ""concept_group"": ""T3"", ""over_years_group"": ""Y2""}",11185.5,1,0,2,300022899,678129296,2345,0.219,0,1,2,13_other_nca_Dec_31_2024,other_nca,other non-current assets,Nova Holdings,Dec 31 2024,USD,10771.0,13_other_nca_Oct_31_2025,other_nca,other non-current assets,Nova Holdings,Oct 31 2025,USD,11600.0,,,,,,,,,,,,,,,,,,,,,,,,,,,,,,,,,,,
342,0,may you give the diluted earnings per share for Zion Corp in YTD Oct 31 2025 ?,10_eps_diluted_YTD_Oct_31_2025,"{""leaf"": ""10_eps_diluted_YTD_Oct_31_2025"", ""depth"": 0}","{""kind"": ""leaf"", ""name"": ""L0"", ""family"": ""amount"", ""semantic_type_in"": [""amount""], ""context_group"": ""C0"", ""entity_group"": ""E1""}",3.28,4,0,0,597505389,782424999,2345,0.327,0,1,1,10_eps_diluted_YTD_Oct_31_2025,eps_diluted_ytd,diluted earnings per share,Zion Corp,YTD Oct 31 2025,USD,3.28,,,,,,,,,,,,,,,,,,,,,,,,,,,,,,,,,,,,,,,,,,
343,0,What do we obtain as the operating income for Trek Holdings in YTD Oct 31 2025 ?,11_operating_income_YTD_Oct_31_2025,"{""leaf"": ""11_operating_income_YTD_Oct_31_2025"", ""depth"": 0}","{""kind"": ""leaf"", ""name"": ""L0"", ""family"": ""amount"", ""semantic_type_in"": [""amount""], ""context_group"": ""C0"", ""entity_group"": ""E1""}",18453.0,2,0,0,562830662,601866735,2345,0.295,0,1,1,11_operating_income_YTD_Oct_31_2025,operating_income_ytd,operating income,Trek Holdings,YTD Oct 31 2025,USD,18453.0,,,,,,,,,,,,,,,,,,,,,,,,,,,,,,,,,,,,,,,,,,
344,0,may you calculate the basic earnings per share for Peak Systems in YTD Oct 31 2025?,14_eps_basic_YTD_Oct_31_2025,"{""leaf"": ""14_eps_basic_YTD_Oct_31_2025"", ""depth"": 0}","{""kind"": ""leaf"", ""name"": ""L0"", ""family"": ""amount"", ""semantic_type_in"": [""amount""], ""context_group"": ""C0"", ""entity_group"": ""E1""}",5.01,0,0,0,818463527,191652874,2345,0.301,0,1,1,14_eps_basic_YTD_Oct_31_2025,eps_basic_ytd,basic earnings per share,Peak Systems,YTD Oct 31 2025,USD,5.01,,,,,,,,,,,,,,,,,,,,,,,,,,,,,,,,,,,,,,,,,,
345,1,may you calculate the the minimum of prepaid expenses and other for Plex Technologies using values from Dec 31 2024 through Oct 31 2025?,"min(8_prepaid_Dec_31_2024, 8_prepaid_Oct_31_2025)","{""op"": ""min"", ""left"": {""leaf"": ""8_prepaid_Dec_31_2024"", ""depth"": 0}, ""right"": {""leaf"": ""8_prepaid_Oct_31_2025"", ""depth"": 0}, ""depth"": 1}","{""kind"": ""time_agg"", ""node_id"": ""N0"", ""op"": ""min"", ""family"": ""amount"", ""depth"": 2, ""entity_group"": ""E1"", ""concept_group"": ""T3"", ""over_years_group"": ""Y2""}",5540.0,2,0,1,931899937,128493631,2345,0.501,0,1,2,8_prepaid_Dec_31_2024,prepaid,prepaid expenses and other,Plex Technologies,Dec 31 2024,USD,5540.0,8_prepaid_Oct_31_2025,prepaid,prepaid expenses and other,Plex Technologies,Oct 31 2025,USD,5658.0,,,,,,,,,,,,,,,,,,,,,,,,,,,,,,,,,,,
346,1,evaluate the the maximum of current portion of long-term debt for Nova Solutions using values from Dec 31 2024 through Oct 31 2025 .,"max(4_current_debt_Dec_31_2024, 4_current_debt_Oct_31_2025)","{""op"": ""max"", ""left"": {""leaf"": ""4_current_debt_Dec_31_2024"", ""depth"": 0}, ""right"": {""leaf"": ""4_current_debt_Oct_31_2025"", ""depth"": 0}, ""depth"": 1}","{""kind"": ""time_agg"", ""node_id"": ""N0"", ""op"": ""max"", ""family"": ""amount"", ""depth"": 1, ""entity_group"": ""E1"", ""concept_group"": ""T3"", ""over_years_group"": ""Y2""}",4436.0,1,0,1,743191591,322330145,2345,0.536,0,1,2,4_current_debt_Dec_31_2024,current_debt,current portion of long-term debt,Nova Solutions,Dec 31 2024,USD,3844.0,4_current_debt_Oct_31_2025,current_debt,current portion of long-term debt,Nova Solutions,Oct 31 2025,USD,4436.0,,,,,,,,,,,,,,,,,,,,,,,,,,,,,,,,,,,
347,0,evaluate the net income for Crest Systems in YTD Oct 31 2024,9_net_income_YTD_Oct_31_2024,"{""leaf"": ""9_net_income_YTD_Oct_31_2024"", ""depth"": 0}","{""kind"": ""leaf"", ""name"": ""L0"", ""family"": ""amount"", ""semantic_type_in"": [""amount""], ""context_group"": ""C0"", ""entity_group"": ""E1""}",6633.0,4,0,0,796856832,290174992,2345,0.475,0,1,1,9_net_income_YTD_Oct_31_2024,net_income_ytd,net income,Crest Systems,YTD Oct 31 2024,USD,6633.0,,,,,,,,,,,,,,,,,,,,,,,,,,,,,,,,,,,,,,,,,,
348,1,Which quantity is given by the the maximum of total revenues for Orion Enterprises using values from YTD Oct 31 2024 through YTD Oct 31 2025,"max(6_revenues_YTD_Oct_31_2024, 6_revenues_YTD_Oct_31_2025)","{""op"": ""max"", ""left"": {""leaf"": ""6_revenues_YTD_Oct_31_2024"", ""depth"": 0}, ""right"": {""leaf"": ""6_revenues_YTD_Oct_31_2025"", ""depth"": 0}, ""depth"": 1}","{""kind"": ""time_agg"", ""node_id"": ""N0"", ""op"": ""max"", ""family"": ""amount"", ""depth"": 2, ""entity_group"": ""E1"", ""concept_group"": ""T3"", ""over_years_group"": ""Y2""}",253920.0,2,0,1,431088790,410040914,2345,0.224,0,1,2,6_revenues_YTD_Oct_31_2024,revenues_ytd,total revenues,Orion Enterprises,YTD Oct 31 2024,USD,248508.0,6_revenues_YTD_Oct_31_2025,revenues_ytd,total revenues,Orion Enterprises,YTD Oct 31 2025,USD,253920.0,,,,,,,,,,,,,,,,,,,,,,,,,,,,,,,,,,,
349,2,Which value corresponds to the average other non-current liabilities for Zion Solutions across years Dec 31 2024 through Oct 31 2025,"ratio(sum(3_other_ncl_Dec_31_2024, 3_other_ncl_Oct_31_2025), 2.0)","{""op"": ""ratio"", ""left"": {""op"": ""sum"", ""left"": {""leaf"": ""3_other_ncl_Dec_31_2024"", ""depth"": 0}, ""right"": {""leaf"": ""3_other_ncl_Oct_31_2025"", ""depth"": 0}, ""depth"": 1}, ""right"": {""literal"": 2.0, ""depth"": 0}, ""depth"": 2}","{""kind"": ""time_agg"", ""node_id"": ""N0"", ""op"": ""avg"", ""family"": ""amount"", ""depth"": 2, ""entity_group"": ""E1"", ""concept_group"": ""T3"", ""over_years_group"": ""Y2""}",1534.5,2,0,2,801210202,568971700,2345,0.379,0,1,2,3_other_ncl_Dec_31_2024,other_ncl,other non-current liabilities,Zion Solutions,Dec 31 2024,USD,1518.0,3_other_ncl_Oct_31_2025,other_ncl,other non-current liabilities,Zion Solutions,Oct 31 2025,USD,1551.0,,,,,,,,,,,,,,,,,,,,,,,,,,,,,,,,,,,
350,1,Could you give the the minimum of change in unrealized gains/losses on securities for Plex Technologies using values from Q Oct 31 2024 through Q Oct 31 2025?,"min(8_ci_unrealized_gains_Q_Oct_31_2024, 8_ci_unrealized_gains_Q_Oct_31_2025)","{""op"": ""min"", ""left"": {""leaf"": ""8_ci_unrealized_gains_Q_Oct_31_2024"", ""depth"": 0}, ""right"": {""leaf"": ""8_ci_unrealized_gains_Q_Oct_31_2025"", ""depth"": 0}, ""depth"": 1}","{""kind"": ""time_agg"", ""node_id"": ""N0"", ""op"": ""min"", ""family"": ""amount"", ""depth"": 4, ""entity_group"": ""E1"", ""concept_group"": ""T3"", ""over_years_group"": ""Y2""}",-68.0,4,0,1,58770767,466653314,2345,0.157,0,1,2,8_ci_unrealized_gains_Q_Oct_31_2024,ci_unrealized_gains_q,change in unrealized gains/losses on securities,Plex Technologies,Q Oct 31 2024,USD,54.0,8_ci_unrealized_gains_Q_Oct_31_2025,ci_unrealized_gains_q,change in unrealized gains/losses on securities,Plex Technologies,Q Oct 31 2025,USD,-68.0,,,,,,,,,,,,,,,,,,,,,,,,,,,,,,,,,,,
351,2,what is the value of the average cash effect of exchange rate changes for Nova Solutions across years YTD Oct 31 2024 through YTD Oct 31 2025,"ratio(sum(4_cf_fx_effect_YTD_Oct_31_2024, 4_cf_fx_effect_YTD_Oct_31_2025), 2.0)","{""op"": ""ratio"", ""left"": {""op"": ""sum"", ""left"": {""leaf"": ""4_cf_fx_effect_YTD_Oct_31_2024"", ""depth"": 0}, ""right"": {""leaf"": ""4_cf_fx_effect_YTD_Oct_31_2025"", ""depth"": 0}, ""depth"": 1}, ""right"": {""literal"": 2.0, ""depth"": 0}, ""depth"": 2}","{""kind"": ""time_agg"", ""node_id"": ""N0"", ""op"": ""avg"", ""family"": ""amount"", ""depth"": 1, ""entity_group"": ""E1"", ""concept_group"": ""T3"", ""over_years_group"": ""Y2""}",-50.5,1,0,2,683242997,707429482,2345,0.561,0,1,2,4_cf_fx_effect_YTD_Oct_31_2024,cf_fx_effect_ytd,cash effect of exchange rate changes,Nova Solutions,YTD Oct 31 2024,USD,-116.0,4_cf_fx_effect_YTD_Oct_31_2025,cf_fx_effect_ytd,cash effect of exchange rate changes,Nova Solutions,YTD Oct 31 2025,USD,15.0,,,,,,,,,,,,,,,,,,,,,,,,,,,,,,,,,,,
352,0,What is the short-term investments for Mira Systems in Dec 31 2024?,2_st_investments_Dec_31_2024,"{""leaf"": ""2_st_investments_Dec_31_2024"", ""depth"": 0}","{""kind"": ""leaf"", ""name"": ""L0"", ""family"": ""amount"", ""semantic_type_in"": [""amount""], ""context_group"": ""C0"", ""entity_group"": ""E1""}",5128.0,4,0,0,476102005,338366356,2345,0.227,0,1,1,2_st_investments_Dec_31_2024,st_investments,short-term investments,Mira Systems,Dec 31 2024,USD,5128.0,,,,,,,,,,,,,,,,,,,,,,,,,,,,,,,,,,,,,,,,,,
353,0,could you give the cost of sales for Mira Systems in Q Oct 31 2024 ?,2_cost_of_sales_Q_Oct_31_2024,"{""leaf"": ""2_cost_of_sales_Q_Oct_31_2024"", ""depth"": 0}","{""kind"": ""leaf"", ""name"": ""L0"", ""family"": ""amount"", ""semantic_type_in"": [""amount""], ""context_group"": ""C0"", ""entity_group"": ""E1""}",73874.0,0,0,0,454731053,105509369,2345,0.41,0,1,1,2_cost_of_sales_Q_Oct_31_2024,cost_of_sales_q,cost of sales,Mira Systems,Q Oct 31 2024,USD,73874.0,,,,,,,,,,,,,,,,,,,,,,,,,,,,,,,,,,,,,,,,,,
354,2,Provide the average diluted earnings per share for Zion Solutions across years YTD Oct 31 2024 through YTD Oct 31 2025 .,"ratio(sum(3_eps_diluted_YTD_Oct_31_2024, 3_eps_diluted_YTD_Oct_31_2025), 2.0)","{""op"": ""ratio"", ""left"": {""op"": ""sum"", ""left"": {""leaf"": ""3_eps_diluted_YTD_Oct_31_2024"", ""depth"": 0}, ""right"": {""leaf"": ""3_eps_diluted_YTD_Oct_31_2025"", ""depth"": 0}, ""depth"": 1}, ""right"": {""literal"": 2.0, ""depth"": 0}, ""depth"": 2}","{""kind"": ""time_agg"", ""node_id"": ""N0"", ""op"": ""avg"", ""family"": ""amount"", ""depth"": 4, ""entity_group"": ""E1"", ""concept_group"": ""T3"", ""over_years_group"": ""Y2""}",0.52,4,0,2,560069831,513104856,2345,0.234,0,1,2,3_eps_diluted_YTD_Oct_31_2024,eps_diluted_ytd,diluted earnings per share,Zion Solutions,YTD Oct 31 2024,USD,0.53,3_eps_diluted_YTD_Oct_31_2025,eps_diluted_ytd,diluted earnings per share,Zion Solutions,YTD Oct 31 2025,USD,0.51,,,,,,,,,,,,,,,,,,,,,,,,,,,,,,,,,,,
355,1,what does the following give: the minimum of total costs and expenses for Mira Systems using values from Q Oct 31 2024 through Q Oct 31 2025,"min(2_total_costs_Q_Oct_31_2024, 2_total_costs_Q_Oct_31_2025)","{""op"": ""min"", ""left"": {""leaf"": ""2_total_costs_Q_Oct_31_2024"", ""depth"": 0}, ""right"": {""leaf"": ""2_total_costs_Q_Oct_31_2025"", ""depth"": 0}, ""depth"": 1}","{""kind"": ""time_agg"", ""node_id"": ""N0"", ""op"": ""min"", ""family"": ""amount"", ""depth"": 2, ""entity_group"": ""E1"", ""concept_group"": ""T3"", ""over_years_group"": ""Y2""}",93864.0,2,0,1,834986425,742778678,2345,0.226,0,1,2,2_total_costs_Q_Oct_31_2024,total_costs_q,total costs and expenses,Mira Systems,Q Oct 31 2024,USD,93864.0,2_total_costs_Q_Oct_31_2025,total_costs_q,total costs and expenses,Mira Systems,Q Oct 31 2025,USD,102636.0,,,,,,,,,,,,,,,,,,,,,,,,,,,,,,,,,,,
356,1,Give the the maximum of long-term marketable securities for Mira Systems using values from Dec 31 2024 through Oct 31 2025,"max(2_lt_investments_Dec_31_2024, 2_lt_investments_Oct_31_2025)","{""op"": ""max"", ""left"": {""leaf"": ""2_lt_investments_Dec_31_2024"", ""depth"": 0}, ""right"": {""leaf"": ""2_lt_investments_Oct_31_2025"", ""depth"": 0}, ""depth"": 1}","{""kind"": ""time_agg"", ""node_id"": ""N0"", ""op"": ""max"", ""family"": ""amount"", ""depth"": 1, ""entity_group"": ""E1"", ""concept_group"": ""T3"", ""over_years_group"": ""Y2""}",10439.0,1,0,1,212803098,784517148,2345,0.427,0,1,2,2_lt_investments_Dec_31_2024,lt_investments,long-term marketable securities,Mira Systems,Dec 31 2024,USD,8897.0,2_lt_investments_Oct_31_2025,lt_investments,long-term marketable securities,Mira Systems,Oct 31 2025,USD,10439.0,,,,,,,,,,,,,,,,,,,,,,,,,,,,,,,,,,,
357,1,what is the value of the the minimum of depreciation and amortization for Volt Inc using values from YTD Oct 31 2024 through YTD Oct 31 2025,"min(0_cf_da_YTD_Oct_31_2024, 0_cf_da_YTD_Oct_31_2025)","{""op"": ""min"", ""left"": {""leaf"": ""0_cf_da_YTD_Oct_31_2024"", ""depth"": 0}, ""right"": {""leaf"": ""0_cf_da_YTD_Oct_31_2025"", ""depth"": 0}, ""depth"": 1}","{""kind"": ""time_agg"", ""node_id"": ""N0"", ""op"": ""min"", ""family"": ""amount"", ""depth"": 4, ""entity_group"": ""E1"", ""concept_group"": ""T3"", ""over_years_group"": ""Y2""}",9768.0,4,0,1,589160779,146255911,2345,0.145,0,1,2,0_cf_da_YTD_Oct_31_2024,cf_da_ytd,depreciation and amortization,Volt Inc,YTD Oct 31 2024,USD,11216.0,0_cf_da_YTD_Oct_31_2025,cf_da_ytd,depreciation and amortization,Volt Inc,YTD Oct 31 2025,USD,9768.0,,,,,,,,,,,,,,,,,,,,,,,,,,,,,,,,,,,
358,0,could you give the income before taxes for Zion Solutions in YTD Oct 31 2024 ?,3_pretax_income_YTD_Oct_31_2024,"{""leaf"": ""3_pretax_income_YTD_Oct_31_2024"", ""depth"": 0}","{""kind"": ""leaf"", ""name"": ""L0"", ""family"": ""amount"", ""semantic_type_in"": [""amount""], ""context_group"": ""C0"", ""entity_group"": ""E1""}",5700.0,0,0,0,386447785,682289649,2345,0.209,0,1,1,3_pretax_income_YTD_Oct_31_2024,pretax_income_ytd,income before taxes,Zion Solutions,YTD Oct 31 2024,USD,5700.0,,,,,,,,,,,,,,,,,,,,,,,,,,,,,,,,,,,,,,,,,,
359,1,Which quantity is given by the the minimum of prepaid expenses and other for Vex Industries using values from Dec 31 2024 through Oct 31 2025,"min(12_prepaid_Dec_31_2024, 12_prepaid_Oct_31_2025)","{""op"": ""min"", ""left"": {""leaf"": ""12_prepaid_Dec_31_2024"", ""depth"": 0}, ""right"": {""leaf"": ""12_prepaid_Oct_31_2025"", ""depth"": 0}, ""depth"": 1}","{""kind"": ""time_agg"", ""node_id"": ""N0"", ""op"": ""min"", ""family"": ""amount"", ""depth"": 2, ""entity_group"": ""E1"", ""concept_group"": ""T3"", ""over_years_group"": ""Y2""}",1046.0,2,0,1,494512559,514853062,2345,0.117,0,1,2,12_prepaid_Dec_31_2024,prepaid,prepaid expenses and other,Vex Industries,Dec 31 2024,USD,1046.0,12_prepaid_Oct_31_2025,prepaid,prepaid expenses and other,Vex Industries,Oct 31 2025,USD,1077.0,,,,,,,,,,,,,,,,,,,,,,,,,,,,,,,,,,,
360,1,State the the maximum of net income (CI) for Peak Systems using values from Q Oct 31 2024 through Q Oct 31 2025,"max(14_ci_net_income_Q_Oct_31_2024, 14_ci_net_income_Q_Oct_31_2025)","{""op"": ""max"", ""left"": {""leaf"": ""14_ci_net_income_Q_Oct_31_2024"", ""depth"": 0}, ""right"": {""leaf"": ""14_ci_net_income_Q_Oct_31_2025"", ""depth"": 0}, ""depth"": 1}","{""kind"": ""time_agg"", ""node_id"": ""N0"", ""op"": ""max"", ""family"": ""amount"", ""depth"": 4, ""entity_group"": ""E1"", ""concept_group"": ""T3"", ""over_years_group"": ""Y2""}",1330.0,4,0,1,249116076,434446915,2345,0.446,0,1,2,14_ci_net_income_Q_Oct_31_2024,ci_net_income_q,net income (CI),Peak Systems,Q Oct 31 2024,USD,1309.0,14_ci_net_income_Q_Oct_31_2025,ci_net_income_q,net income (CI),Peak Systems,Q Oct 31 2025,USD,1330.0,,,,,,,,,,,,,,,,,,,,,,,,,,,,,,,,,,,
361,1,what is the the maximum of change in unrealized gains/losses on securities for Peak Systems using values from Q Oct 31 2024 through Q Oct 31 2025,"max(14_ci_unrealized_gains_Q_Oct_31_2024, 14_ci_unrealized_gains_Q_Oct_31_2025)","{""op"": ""max"", ""left"": {""leaf"": ""14_ci_unrealized_gains_Q_Oct_31_2024"", ""depth"": 0}, ""right"": {""leaf"": ""14_ci_unrealized_gains_Q_Oct_31_2025"", ""depth"": 0}, ""depth"": 1}","{""kind"": ""time_agg"", ""node_id"": ""N0"", ""op"": ""max"", ""family"": ""amount"", ""depth"": 4, ""entity_group"": ""E1"", ""concept_group"": ""T3"", ""over_years_group"": ""Y2""}",40.0,4,0,1,424850831,487585122,2345,0.543,0,1,2,14_ci_unrealized_gains_Q_Oct_31_2024,ci_unrealized_gains_q,change in unrealized gains/losses on securities,Peak Systems,Q Oct 31 2024,USD,40.0,14_ci_unrealized_gains_Q_Oct_31_2025,ci_unrealized_gains_q,change in unrealized gains/losses on securities,Peak Systems,Q Oct 31 2025,USD,-270.0,,,,,,,,,,,,,,,,,,,,,,,,,,,,,,,,,,,
362,2,Which result follows from the average dividends paid for Zion Corp across years YTD Oct 31 2024 through YTD Oct 31 2025 ?,"ratio(sum(10_cf_dividends_YTD_Oct_31_2024, 10_cf_dividends_YTD_Oct_31_2025), 2.0)","{""op"": ""ratio"", ""left"": {""op"": ""sum"", ""left"": {""leaf"": ""10_cf_dividends_YTD_Oct_31_2024"", ""depth"": 0}, ""right"": {""leaf"": ""10_cf_dividends_YTD_Oct_31_2025"", ""depth"": 0}, ""depth"": 1}, ""right"": {""literal"": 2.0, ""depth"": 0}, ""depth"": 2}","{""kind"": ""time_agg"", ""node_id"": ""N0"", ""op"": ""avg"", ""family"": ""amount"", ""depth"": 3, ""entity_group"": ""E1"", ""concept_group"": ""T3"", ""over_years_group"": ""Y2""}",-1915.0,3,0,2,835869207,323988638,2345,0.5,0,1,2,10_cf_dividends_YTD_Oct_31_2024,cf_dividends_ytd,dividends paid,Zion Corp,YTD Oct 31 2024,USD,-2004.0,10_cf_dividends_YTD_Oct_31_2025,cf_dividends_ytd,dividends paid,Zion Corp,YTD Oct 31 2025,USD,-1826.0,,,,,,,,,,,,,,,,,,,,,,,,,,,,,,,,,,,
363,2,give the difference between the maximum of total shareholders equity for Crest Systems using values from Dec 31 2024 through Oct 31 2025 and the minimum of long-term marketable securities for Crest Systems using values from Dec 31 2024 through Oct 31 2025,"diff(max(9_total_equity_Dec_31_2024, 9_total_equity_Oct_31_2025), min(9_lt_investments_Dec_31_2024, 9_lt_investments_Oct_31_2025))","{""op"": ""diff"", ""left"": {""op"": ""max"", ""left"": {""leaf"": ""9_total_equity_Dec_31_2024"", ""depth"": 0}, ""right"": {""leaf"": ""9_total_equity_Oct_31_2025"", ""depth"": 0}, ""depth"": 1}, ""right"": {""op"": ""min"", ""left"": {""leaf"": ""9_lt_investments_Dec_31_2024"", ""depth"": 0}, ""right"": {""leaf"": ""9_lt_investments_Oct_31_2025"", ""depth"": 0}, ""depth"": 1}, ""depth"": 2}","{""kind"": ""node"", ""node_id"": ""N2"", ""op"": ""diff"", ""family"": ""amount"", ""depth"": 3, ""left"": {""kind"": ""time_agg"", ""node_id"": ""N0"", ""op"": ""max"", ""family"": ""amount"", ""depth"": 2, ""entity_group"": ""E1"", ""concept_group"": ""T3"", ""over_years_group"": ""Y2""}, ""right"": {""kind"": ""time_agg"", ""node_id"": ""N1"", ""op"": ""min"", ""family"": ""amount"", ""depth"": 2, ""entity_group"": ""E1"", ""concept_group"": ""T5"", ""over_years_group"": ""Y4""}}",1371.0,3,1,2,587649140,109811884,2345,0.238,1,2,4,9_total_equity_Dec_31_2024,total_equity,total shareholders equity,Crest Systems,Dec 31 2024,USD,3689.0,9_total_equity_Oct_31_2025,total_equity,total shareholders equity,Crest Systems,Oct 31 2025,USD,3642.0,9_lt_investments_Dec_31_2024,lt_investments,long-term marketable securities,Crest Systems,Dec 31 2024,USD,2348.0,9_lt_investments_Oct_31_2025,lt_investments,long-term marketable securities,Crest Systems,Oct 31 2025,USD,2318.0,,,,,,,,,,,,,,,,,,,,,
364,2,which result follows from the average total shareholders equity for Nova Holdings across years Dec 31 2024 through Oct 31 2025 ?,"ratio(sum(13_total_equity_Dec_31_2024, 13_total_equity_Oct_31_2025), 2.0)","{""op"": ""ratio"", ""left"": {""op"": ""sum"", ""left"": {""leaf"": ""13_total_equity_Dec_31_2024"", ""depth"": 0}, ""right"": {""leaf"": ""13_total_equity_Oct_31_2025"", ""depth"": 0}, ""depth"": 1}, ""right"": {""literal"": 2.0, ""depth"": 0}, ""depth"": 2}","{""kind"": ""time_agg"", ""node_id"": ""N0"", ""op"": ""avg"", ""family"": ""amount"", ""depth"": 3, ""entity_group"": ""E1"", ""concept_group"": ""T3"", ""over_years_group"": ""Y2""}",57353.5,3,0,2,716609672,934746886,2345,0.133,0,1,2,13_total_equity_Dec_31_2024,total_equity,total shareholders equity,Nova Holdings,Dec 31 2024,USD,55228.0,13_total_equity_Oct_31_2025,total_equity,total shareholders equity,Nova Holdings,Oct 31 2025,USD,59479.0,,,,,,,,,,,,,,,,,,,,,,,,,,,,,,,,,,,
365,2,What does the following give: average net sales for Nova Holdings across years YTD Oct 31 2024 through YTD Oct 31 2025?,"ratio(sum(13_net_sales_YTD_Oct_31_2024, 13_net_sales_YTD_Oct_31_2025), 2.0)","{""op"": ""ratio"", ""left"": {""op"": ""sum"", ""left"": {""leaf"": ""13_net_sales_YTD_Oct_31_2024"", ""depth"": 0}, ""right"": {""leaf"": ""13_net_sales_YTD_Oct_31_2025"", ""depth"": 0}, ""depth"": 1}, ""right"": {""literal"": 2.0, ""depth"": 0}, ""depth"": 2}","{""kind"": ""time_agg"", ""node_id"": ""N0"", ""op"": ""avg"", ""family"": ""amount"", ""depth"": 1, ""entity_group"": ""E1"", ""concept_group"": ""T3"", ""over_years_group"": ""Y2""}",474862.5,1,0,2,114667346,494069158,2345,0.271,0,1,2,13_net_sales_YTD_Oct_31_2024,net_sales_ytd,net sales,Nova Holdings,YTD Oct 31 2024,USD,500220.0,13_net_sales_YTD_Oct_31_2025,net_sales_ytd,net sales,Nova Holdings,YTD Oct 31 2025,USD,449505.0,,,,,,,,,,,,,,,,,,,,,,,,,,,,,,,,,,,
366,1,You should calculate the the minimum of other non-current liabilities for Mira Systems using values from Dec 31 2024 through Oct 31 2025.,"min(2_other_ncl_Dec_31_2024, 2_other_ncl_Oct_31_2025)","{""op"": ""min"", ""left"": {""leaf"": ""2_other_ncl_Dec_31_2024"", ""depth"": 0}, ""right"": {""leaf"": ""2_other_ncl_Oct_31_2025"", ""depth"": 0}, ""depth"": 1}","{""kind"": ""time_agg"", ""node_id"": ""N0"", ""op"": ""min"", ""family"": ""amount"", ""depth"": 2, ""entity_group"": ""E1"", ""concept_group"": ""T3"", ""over_years_group"": ""Y2""}",3365.0,2,0,1,242967898,390466282,2345,0.464,0,1,2,2_other_ncl_Dec_31_2024,other_ncl,other non-current liabilities,Mira Systems,Dec 31 2024,USD,3365.0,2_other_ncl_Oct_31_2025,other_ncl,other non-current liabilities,Mira Systems,Oct 31 2025,USD,3948.0,,,,,,,,,,,,,,,,,,,,,,,,,,,,,,,,,,,
367,3,what would be the sum of sum of the maximum of accumulated other comprehensive income/(loss) for Peak Systems using values from Dec 31 2024 through Oct 31 2025 and the minimum of diluted earnings per share for Peak Systems using values from Q Oct 31 2024 through Q Oct 31 2025 and the maximum of net income for Peak Systems using values from YTD Oct 31 2024 through YTD Oct 31 2025,"sum(sum(max(14_aoci_Dec_31_2024, 14_aoci_Oct_31_2025), min(14_eps_diluted_Q_Oct_31_2024, 14_eps_diluted_Q_Oct_31_2025)), max(14_net_income_YTD_Oct_31_2024, 14_net_income_YTD_Oct_31_2025))","{""op"": ""sum"", ""left"": {""op"": ""sum"", ""left"": {""op"": ""max"", ""left"": {""leaf"": ""14_aoci_Dec_31_2024"", ""depth"": 0}, ""right"": {""leaf"": ""14_aoci_Oct_31_2025"", ""depth"": 0}, ""depth"": 1}, ""right"": {""op"": ""min"", ""left"": {""leaf"": ""14_eps_diluted_Q_Oct_31_2024"", ""depth"": 0}, ""right"": {""leaf"": ""14_eps_diluted_Q_Oct_31_2025"", ""depth"": 0}, ""depth"": 1}, ""depth"": 2}, ""right"": {""op"": ""max"", ""left"": {""leaf"": ""14_net_income_YTD_Oct_31_2024"", ""depth"": 0}, ""right"": {""leaf"": ""14_net_income_YTD_Oct_31_2025"", ""depth"": 0}, ""depth"": 1}, ""depth"": 3}","{""kind"": ""node"", ""node_id"": ""N4"", ""op"": ""sum"", ""family"": ""amount"", ""depth"": 3, ""left"": {""kind"": ""node"", ""node_id"": ""N2"", ""op"": ""sum"", ""family"": ""amount"", ""depth"": 2, ""left"": {""kind"": ""time_agg"", ""node_id"": ""N0"", ""op"": ""max"", ""family"": ""amount"", ""depth"": 1, ""entity_group"": ""E1"", ""concept_group"": ""T7"", ""over_years_group"": ""Y6"", ""section_group"": ""S5"", ""aggregation_group"": ""A4""}, ""right"": {""kind"": ""time_agg"", ""node_id"": ""N1"", ""op"": ""min"", ""family"": ""amount"", ""depth"": 1, ""entity_group"": ""E1"", ""concept_group"": ""T9"", ""over_years_group"": ""Y8"", ""section_group"": ""S5"", ""aggregation_group"": ""A4""}}, ""right"": {""kind"": ""time_agg"", ""node_id"": ""N3"", ""op"": ""max"", ""family"": ""amount"", ""depth"": 2, ""entity_group"": ""E1"", ""concept_group"": ""T11"", ""over_years_group"": ""Y10"", ""section_group"": ""S3"", ""aggregation_group"": ""A2""}}",3991.63,3,2,3,237375831,58669940,2345,0.199,2,3,6,14_aoci_Dec_31_2024,aoci,accumulated other comprehensive income/(loss),Peak Systems,Dec 31 2024,USD,0.0,14_aoci_Oct_31_2025,aoci,accumulated other comprehensive income/(loss),Peak Systems,Oct 31 2025,USD,-1381.0,14_eps_diluted_Q_Oct_31_2024,eps_diluted_q,diluted earnings per share,Peak Systems,Q Oct 31 2024,USD,1.63,14_eps_diluted_Q_Oct_31_2025,eps_diluted_q,diluted earnings per share,Peak Systems,Q Oct 31 2025,USD,1.65,14_net_income_YTD_Oct_31_2024,net_income_ytd,net income,Peak Systems,YTD Oct 31 2024,USD,3927.0,14_net_income_YTD_Oct_31_2025,net_income_ytd,net income,Peak Systems,YTD Oct 31 2025,USD,3990.0,,,,,,,
368,2,which quantity is given by the average total costs and expenses for Alto Inc across years YTD Oct 31 2024 through YTD Oct 31 2025 ?,"ratio(sum(5_total_costs_YTD_Oct_31_2024, 5_total_costs_YTD_Oct_31_2025), 2.0)","{""op"": ""ratio"", ""left"": {""op"": ""sum"", ""left"": {""leaf"": ""5_total_costs_YTD_Oct_31_2024"", ""depth"": 0}, ""right"": {""leaf"": ""5_total_costs_YTD_Oct_31_2025"", ""depth"": 0}, ""depth"": 1}, ""right"": {""literal"": 2.0, ""depth"": 0}, ""depth"": 2}","{""kind"": ""time_agg"", ""node_id"": ""N0"", ""op"": ""avg"", ""family"": ""amount"", ""depth"": 4, ""entity_group"": ""E1"", ""concept_group"": ""T3"", ""over_years_group"": ""Y2""}",231579.0,4,0,2,225271912,570234589,2345,0.436,0,1,2,5_total_costs_YTD_Oct_31_2024,total_costs_ytd,total costs and expenses,Alto Inc,YTD Oct 31 2024,USD,232590.0,5_total_costs_YTD_Oct_31_2025,total_costs_ytd,total costs and expenses,Alto Inc,YTD Oct 31 2025,USD,230568.0,,,,,,,,,,,,,,,,,,,,,,,,,,,,,,,,,,,
369,0,may you give the provision for income taxes for Zion Corp in Q Oct 31 2024,10_tax_Q_Oct_31_2024,"{""leaf"": ""10_tax_Q_Oct_31_2024"", ""depth"": 0}","{""kind"": ""leaf"", ""name"": ""L0"", ""family"": ""amount"", ""semantic_type_in"": [""amount""], ""context_group"": ""C0"", ""entity_group"": ""E1""}",3537.0,4,0,0,641633046,500463691,2345,0.212,0,1,1,10_tax_Q_Oct_31_2024,tax_q,provision for income taxes,Zion Corp,Q Oct 31 2024,USD,3537.0,,,,,,,,,,,,,,,,,,,,,,,,,,,,,,,,,,,,,,,,,,
370,1,You should calculate the the minimum of total assets for Volt Inc using values from Dec 31 2024 through Oct 31 2025.,"min(0_total_assets_Dec_31_2024, 0_total_assets_Oct_31_2025)","{""op"": ""min"", ""left"": {""leaf"": ""0_total_assets_Dec_31_2024"", ""depth"": 0}, ""right"": {""leaf"": ""0_total_assets_Oct_31_2025"", ""depth"": 0}, ""depth"": 1}","{""kind"": ""time_agg"", ""node_id"": ""N0"", ""op"": ""min"", ""family"": ""amount"", ""depth"": 3, ""entity_group"": ""E1"", ""concept_group"": ""T3"", ""over_years_group"": ""Y2""}",103737.0,3,0,1,400714877,780697414,2345,0.316,0,1,2,0_total_assets_Dec_31_2024,total_assets,total assets,Volt Inc,Dec 31 2024,USD,103737.0,0_total_assets_Oct_31_2025,total_assets,total assets,Volt Inc,Oct 31 2025,USD,119533.0,,,,,,,,,,,,,,,,,,,,,,,,,,,,,,,,,,,
371,0,whats the value of the membership and other income for Nova Solutions in YTD Oct 31 2025?,4_membership_and_other_income_YTD_Oct_31_2025,"{""leaf"": ""4_membership_and_other_income_YTD_Oct_31_2025"", ""depth"": 0}","{""kind"": ""leaf"", ""name"": ""L0"", ""family"": ""amount"", ""semantic_type_in"": [""amount""], ""context_group"": ""C0"", ""entity_group"": ""E1""}",1419.0,0,0,0,835689174,506823279,2345,0.118,0,1,1,4_membership_and_other_income_YTD_Oct_31_2025,membership_and_other_income_ytd,membership and other income,Nova Solutions,YTD Oct 31 2025,USD,1419.0,,,,,,,,,,,,,,,,,,,,,,,,,,,,,,,,,,,,,,,,,,
372,2,whats the value of the average membership and other income for Volt Inc across years Q Oct 31 2024 through Q Oct 31 2025 ?,"ratio(sum(0_membership_and_other_income_Q_Oct_31_2024, 0_membership_and_other_income_Q_Oct_31_2025), 2.0)","{""op"": ""ratio"", ""left"": {""op"": ""sum"", ""left"": {""leaf"": ""0_membership_and_other_income_Q_Oct_31_2024"", ""depth"": 0}, ""right"": {""leaf"": ""0_membership_and_other_income_Q_Oct_31_2025"", ""depth"": 0}, ""depth"": 1}, ""right"": {""literal"": 2.0, ""depth"": 0}, ""depth"": 2}","{""kind"": ""time_agg"", ""node_id"": ""N0"", ""op"": ""avg"", ""family"": ""amount"", ""depth"": 2, ""entity_group"": ""E1"", ""concept_group"": ""T3"", ""over_years_group"": ""Y2""}",1307.0,2,0,2,305975978,693826504,2345,0.581,0,1,2,0_membership_and_other_income_Q_Oct_31_2024,membership_and_other_income_q,membership and other income,Volt Inc,Q Oct 31 2024,USD,1397.0,0_membership_and_other_income_Q_Oct_31_2025,membership_and_other_income_q,membership and other income,Volt Inc,Q Oct 31 2025,USD,1217.0,,,,,,,,,,,,,,,,,,,,,,,,,,,,,,,,,,,
373,0,"What do we obtain as the property, plant and equipment, net for Zion Solutions in Dec 31 2024 ?",3_ppe_Dec_31_2024,"{""leaf"": ""3_ppe_Dec_31_2024"", ""depth"": 0}","{""kind"": ""leaf"", ""name"": ""L0"", ""family"": ""amount"", ""semantic_type_in"": [""amount""], ""context_group"": ""C0"", ""entity_group"": ""E1""}",13641.0,0,0,0,813697487,778209111,2345,0.308,0,1,1,3_ppe_Dec_31_2024,ppe,"property, plant and equipment, net",Zion Solutions,Dec 31 2024,USD,13641.0,,,,,,,,,,,,,,,,,,,,,,,,,,,,,,,,,,,,,,,,,,
374,2,calculate the average dividends paid for Apex Technologies across years YTD Oct 31 2024 through YTD Oct 31 2025 .,"ratio(sum(1_cf_dividends_YTD_Oct_31_2024, 1_cf_dividends_YTD_Oct_31_2025), 2.0)","{""op"": ""ratio"", ""left"": {""op"": ""sum"", ""left"": {""leaf"": ""1_cf_dividends_YTD_Oct_31_2024"", ""depth"": 0}, ""right"": {""leaf"": ""1_cf_dividends_YTD_Oct_31_2025"", ""depth"": 0}, ""depth"": 1}, ""right"": {""literal"": 2.0, ""depth"": 0}, ""depth"": 2}","{""kind"": ""time_agg"", ""node_id"": ""N0"", ""op"": ""avg"", ""family"": ""amount"", ""depth"": 1, ""entity_group"": ""E1"", ""concept_group"": ""T3"", ""over_years_group"": ""Y2""}",-1090.0,1,0,2,249921986,487188436,2345,0.235,0,1,2,1_cf_dividends_YTD_Oct_31_2024,cf_dividends_ytd,dividends paid,Apex Technologies,YTD Oct 31 2024,USD,-1097.0,1_cf_dividends_YTD_Oct_31_2025,cf_dividends_ytd,dividends paid,Apex Technologies,YTD Oct 31 2025,USD,-1083.0,,,,,,,,,,,,,,,,,,,,,,,,,,,,,,,,,,,
375,0,Give the short-term investments for Zion Corp in Dec 31 2024.,10_st_investments_Dec_31_2024,"{""leaf"": ""10_st_investments_Dec_31_2024"", ""depth"": 0}","{""kind"": ""leaf"", ""name"": ""L0"", ""family"": ""amount"", ""semantic_type_in"": [""amount""], ""context_group"": ""C0"", ""entity_group"": ""E1""}",1377.0,0,0,0,474598266,737446964,2345,0.421,0,1,1,10_st_investments_Dec_31_2024,st_investments,short-term investments,Zion Corp,Dec 31 2024,USD,1377.0,,,,,,,,,,,,,,,,,,,,,,,,,,,,,,,,,,,,,,,,,,
376,0,What's the value of the total revenues for Peak Systems in YTD Oct 31 2025 ?,14_revenues_YTD_Oct_31_2025,"{""leaf"": ""14_revenues_YTD_Oct_31_2025"", ""depth"": 0}","{""kind"": ""leaf"", ""name"": ""L0"", ""family"": ""amount"", ""semantic_type_in"": [""amount""], ""context_group"": ""C0"", ""entity_group"": ""E1""}",217008.0,0,0,0,879158202,756026655,2345,0.3,0,1,1,14_revenues_YTD_Oct_31_2025,revenues_ytd,total revenues,Peak Systems,YTD Oct 31 2025,USD,217008.0,,,,,,,,,,,,,,,,,,,,,,,,,,,,,,,,,,,,,,,,,,
377,0,Could you give the membership and other income for Plex Technologies in Q Oct 31 2025?,8_membership_and_other_income_Q_Oct_31_2025,"{""leaf"": ""8_membership_and_other_income_Q_Oct_31_2025"", ""depth"": 0}","{""kind"": ""leaf"", ""name"": ""L0"", ""family"": ""amount"", ""semantic_type_in"": [""amount""], ""context_group"": ""C0"", ""entity_group"": ""E1""}",1130.0,3,0,0,31143894,464477487,2345,0.253,0,1,1,8_membership_and_other_income_Q_Oct_31_2025,membership_and_other_income_q,membership and other income,Plex Technologies,Q Oct 31 2025,USD,1130.0,,,,,,,,,,,,,,,,,,,,,,,,,,,,,,,,,,,,,,,,,,
378,0,"what is the value of the property, plant and equipment, net for Alto Inc in Oct 31 2025",5_ppe_Oct_31_2025,"{""leaf"": ""5_ppe_Oct_31_2025"", ""depth"": 0}","{""kind"": ""leaf"", ""name"": ""L0"", ""family"": ""amount"", ""semantic_type_in"": [""amount""], ""context_group"": ""C0"", ""entity_group"": ""E1""}",23872.0,1,0,0,42824990,251920023,2345,0.107,0,1,1,5_ppe_Oct_31_2025,ppe,"property, plant and equipment, net",Alto Inc,Oct 31 2025,USD,23872.0,,,,,,,,,,,,,,,,,,,,,,,,,,,,,,,,,,,,,,,,,,
379,1,what does the following give: the maximum of gross profit for Mira Systems using values from Q Oct 31 2024 through Q Oct 31 2025?,"max(2_gross_profit_Q_Oct_31_2024, 2_gross_profit_Q_Oct_31_2025)","{""op"": ""max"", ""left"": {""leaf"": ""2_gross_profit_Q_Oct_31_2024"", ""depth"": 0}, ""right"": {""leaf"": ""2_gross_profit_Q_Oct_31_2025"", ""depth"": 0}, ""depth"": 1}","{""kind"": ""time_agg"", ""node_id"": ""N0"", ""op"": ""max"", ""family"": ""amount"", ""depth"": 1, ""entity_group"": ""E1"", ""concept_group"": ""T3"", ""over_years_group"": ""Y2""}",24837.0,1,0,1,511380425,896354836,2345,0.142,0,1,2,2_gross_profit_Q_Oct_31_2024,gross_profit_q,gross profit,Mira Systems,Q Oct 31 2024,USD,22715.0,2_gross_profit_Q_Oct_31_2025,gross_profit_q,gross profit,Mira Systems,Q Oct 31 2025,USD,24837.0,,,,,,,,,,,,,,,,,,,,,,,,,,,,,,,,,,,
380,1,which result follows from the the maximum of common stock and additional paid-in capital for Apex Technologies using values from Dec 31 2024 through Oct 31 2025,"max(1_common_stock_apic_Dec_31_2024, 1_common_stock_apic_Oct_31_2025)","{""op"": ""max"", ""left"": {""leaf"": ""1_common_stock_apic_Dec_31_2024"", ""depth"": 0}, ""right"": {""leaf"": ""1_common_stock_apic_Oct_31_2025"", ""depth"": 0}, ""depth"": 1}","{""kind"": ""time_agg"", ""node_id"": ""N0"", ""op"": ""max"", ""family"": ""amount"", ""depth"": 3, ""entity_group"": ""E1"", ""concept_group"": ""T3"", ""over_years_group"": ""Y2""}",10800.0,3,0,1,673840422,785992967,2345,0.409,0,1,2,1_common_stock_apic_Dec_31_2024,common_stock_apic,common stock and additional paid-in capital,Apex Technologies,Dec 31 2024,USD,10800.0,1_common_stock_apic_Oct_31_2025,common_stock_apic,common stock and additional paid-in capital,Apex Technologies,Oct 31 2025,USD,6065.0,,,,,,,,,,,,,,,,,,,,,,,,,,,,,,,,,,,
381,1,What do we obtain as the the maximum of long-term debt for Trek Holdings using values from Dec 31 2024 through Oct 31 2025,"max(11_long_term_debt_Dec_31_2024, 11_long_term_debt_Oct_31_2025)","{""op"": ""max"", ""left"": {""leaf"": ""11_long_term_debt_Dec_31_2024"", ""depth"": 0}, ""right"": {""leaf"": ""11_long_term_debt_Oct_31_2025"", ""depth"": 0}, ""depth"": 1}","{""kind"": ""time_agg"", ""node_id"": ""N0"", ""op"": ""max"", ""family"": ""amount"", ""depth"": 3, ""entity_group"": ""E1"", ""concept_group"": ""T3"", ""over_years_group"": ""Y2""}",16436.0,3,0,1,402352733,151216929,2345,0.227,0,1,2,11_long_term_debt_Dec_31_2024,long_term_debt,long-term debt,Trek Holdings,Dec 31 2024,USD,14755.0,11_long_term_debt_Oct_31_2025,long_term_debt,long-term debt,Trek Holdings,Oct 31 2025,USD,16436.0,,,,,,,,,,,,,,,,,,,,,,,,,,,,,,,,,,,
382,0,what is the prepaid expenses and other for Vex Industries in Dec 31 2024?,12_prepaid_Dec_31_2024,"{""leaf"": ""12_prepaid_Dec_31_2024"", ""depth"": 0}","{""kind"": ""leaf"", ""name"": ""L0"", ""family"": ""amount"", ""semantic_type_in"": [""amount""], ""context_group"": ""C0"", ""entity_group"": ""E1""}",1046.0,4,0,0,166166424,239520498,2345,0.478,0,1,1,12_prepaid_Dec_31_2024,prepaid,prepaid expenses and other,Vex Industries,Dec 31 2024,USD,1046.0,,,,,,,,,,,,,,,,,,,,,,,,,,,,,,,,,,,,,,,,,,
383,2,what does the following give: average cost of sales for Crest Systems across years YTD Oct 31 2024 through YTD Oct 31 2025 ?,"ratio(sum(9_cost_of_sales_YTD_Oct_31_2024, 9_cost_of_sales_YTD_Oct_31_2025), 2.0)","{""op"": ""ratio"", ""left"": {""op"": ""sum"", ""left"": {""leaf"": ""9_cost_of_sales_YTD_Oct_31_2024"", ""depth"": 0}, ""right"": {""leaf"": ""9_cost_of_sales_YTD_Oct_31_2025"", ""depth"": 0}, ""depth"": 1}, ""right"": {""literal"": 2.0, ""depth"": 0}, ""depth"": 2}","{""kind"": ""time_agg"", ""node_id"": ""N0"", ""op"": ""avg"", ""family"": ""amount"", ""depth"": 3, ""entity_group"": ""E1"", ""concept_group"": ""T3"", ""over_years_group"": ""Y2""}",51454.5,3,0,2,268135173,538778240,2345,0.282,0,1,2,9_cost_of_sales_YTD_Oct_31_2024,cost_of_sales_ytd,cost of sales,Crest Systems,YTD Oct 31 2024,USD,51732.0,9_cost_of_sales_YTD_Oct_31_2025,cost_of_sales_ytd,cost of sales,Crest Systems,YTD Oct 31 2025,USD,51177.0,,,,,,,,,,,,,,,,,,,,,,,,,,,,,,,,,,,
384,0,Give the operating income for Nova Enterprises in Q Oct 31 2025,7_operating_income_Q_Oct_31_2025,"{""leaf"": ""7_operating_income_Q_Oct_31_2025"", ""depth"": 0}","{""kind"": ""leaf"", ""name"": ""L0"", ""family"": ""amount"", ""semantic_type_in"": [""amount""], ""context_group"": ""C0"", ""entity_group"": ""E1""}",2752.0,0,0,0,226176748,5118193,2345,0.595,0,1,1,7_operating_income_Q_Oct_31_2025,operating_income_q,operating income,Nova Enterprises,Q Oct 31 2025,USD,2752.0,,,,,,,,,,,,,,,,,,,,,,,,,,,,,,,,,,,,,,,,,,
385,1,which result follows from the longterm liabilities for Zion Solutions in Oct 31 2025?,longterm_liabilities,"{""derived"": ""longterm_liabilities"", ""expanded"": {""op"": ""diff"", ""left"": {""leaf"": ""3_total_liabilities_Oct_31_2025"", ""depth"": 0}, ""right"": {""leaf"": ""3_current_liabilities_Oct_31_2025"", ""depth"": 0}, ""depth"": 1}, ""depth"": 1}","{""kind"": ""derived_concept"", ""name"": ""longterm_liabilities"", ""family"": ""amount"", ""concept_depth"": 1, ""context_group"": ""C0"", ""entity_group"": ""E1""}",13228.0,2,0,1,637069780,849046318,2345,0.301,0,1,2,3_total_liabilities_Oct_31_2025,total_liabilities,total liabilities,Zion Solutions,Oct 31 2025,USD,27260.0,3_current_liabilities_Oct_31_2025,current_liabilities,total current liabilities,Zion Solutions,Oct 31 2025,USD,14032.0,,,,,,,,,,,,,,,,,,,,,,,,,,,,,,,,,,,
386,2,whats the value of the average share repurchases for Zion Corp across years YTD Oct 31 2024 through YTD Oct 31 2025,"ratio(sum(10_cf_repurchases_YTD_Oct_31_2024, 10_cf_repurchases_YTD_Oct_31_2025), 2.0)","{""op"": ""ratio"", ""left"": {""op"": ""sum"", ""left"": {""leaf"": ""10_cf_repurchases_YTD_Oct_31_2024"", ""depth"": 0}, ""right"": {""leaf"": ""10_cf_repurchases_YTD_Oct_31_2025"", ""depth"": 0}, ""depth"": 1}, ""right"": {""literal"": 2.0, ""depth"": 0}, ""depth"": 2}","{""kind"": ""time_agg"", ""node_id"": ""N0"", ""op"": ""avg"", ""family"": ""amount"", ""depth"": 2, ""entity_group"": ""E1"", ""concept_group"": ""T3"", ""over_years_group"": ""Y2""}",-2989.5,2,0,2,542182711,986834530,2345,0.211,0,1,2,10_cf_repurchases_YTD_Oct_31_2024,cf_repurchases_ytd,share repurchases,Zion Corp,YTD Oct 31 2024,USD,-3128.0,10_cf_repurchases_YTD_Oct_31_2025,cf_repurchases_ytd,share repurchases,Zion Corp,YTD Oct 31 2025,USD,-2851.0,,,,,,,,,,,,,,,,,,,,,,,,,,,,,,,,,,,
387,1,Whats the value of the the minimum of other non-current assets for Plex Technologies using values from Dec 31 2024 through Oct 31 2025 ?,"min(8_other_nca_Dec_31_2024, 8_other_nca_Oct_31_2025)","{""op"": ""min"", ""left"": {""leaf"": ""8_other_nca_Dec_31_2024"", ""depth"": 0}, ""right"": {""leaf"": ""8_other_nca_Oct_31_2025"", ""depth"": 0}, ""depth"": 1}","{""kind"": ""time_agg"", ""node_id"": ""N0"", ""op"": ""min"", ""family"": ""amount"", ""depth"": 2, ""entity_group"": ""E1"", ""concept_group"": ""T3"", ""over_years_group"": ""Y2""}",5465.0,2,0,1,119427891,632089546,2345,0.547,0,1,2,8_other_nca_Dec_31_2024,other_nca,other non-current assets,Plex Technologies,Dec 31 2024,USD,5465.0,8_other_nca_Oct_31_2025,other_nca,other non-current assets,Plex Technologies,Oct 31 2025,USD,5581.0,,,,,,,,,,,,,,,,,,,,,,,,,,,,,,,,,,,
388,3,compute the difference between total costs and expenses for Alto Inc in YTD Oct 31 2025 and ratio of sum of net sales for Alto Inc in YTD Oct 31 2024 and net sales for Alto Inc in YTD Oct 31 2025 to 2.0 .,"diff(5_total_costs_YTD_Oct_31_2025, ratio(sum(5_net_sales_YTD_Oct_31_2024, 5_net_sales_YTD_Oct_31_2025), 2.0))","{""op"": ""diff"", ""left"": {""leaf"": ""5_total_costs_YTD_Oct_31_2025"", ""depth"": 0}, ""right"": {""op"": ""ratio"", ""left"": {""op"": ""sum"", ""left"": {""leaf"": ""5_net_sales_YTD_Oct_31_2024"", ""depth"": 0}, ""right"": {""leaf"": ""5_net_sales_YTD_Oct_31_2025"", ""depth"": 0}, ""depth"": 1}, ""right"": {""literal"": 2.0, ""depth"": 0}, ""depth"": 2}, ""depth"": 3}","{""kind"": ""node"", ""node_id"": ""N1"", ""op"": ""diff"", ""family"": ""amount"", ""depth"": 4, ""left"": {""kind"": ""leaf"", ""name"": ""L0"", ""family"": ""amount"", ""semantic_type_in"": [""amount""], ""context_group"": ""C0"", ""entity_group"": ""E1""}, ""right"": {""kind"": ""time_agg"", ""node_id"": ""N0"", ""op"": ""avg"", ""family"": ""amount"", ""depth"": 3, ""entity_group"": ""E1"", ""concept_group"": ""T3"", ""over_years_group"": ""Y2""}}",-21343.5,4,1,3,774103602,998151780,2345,0.143,1,2,3,5_total_costs_YTD_Oct_31_2025,total_costs_ytd,total costs and expenses,Alto Inc,YTD Oct 31 2025,USD,230568.0,5_net_sales_YTD_Oct_31_2024,net_sales_ytd,net sales,Alto Inc,YTD Oct 31 2024,USD,253011.0,5_net_sales_YTD_Oct_31_2025,net_sales_ytd,net sales,Alto Inc,YTD Oct 31 2025,USD,250812.0,,,,,,,,,,,,,,,,,,,,,,,,,,,,
389,3,which quantity is given by the difference between the maximum of total revenues for Nova Solutions using values from Q Oct 31 2024 through Q Oct 31 2025 and ratio of sum of operating income for Nova Solutions in Q Oct 31 2024 and operating income for Nova Solutions in Q Oct 31 2025 to 2.0?,"diff(max(4_revenues_Q_Oct_31_2024, 4_revenues_Q_Oct_31_2025), ratio(sum(4_operating_income_Q_Oct_31_2024, 4_operating_income_Q_Oct_31_2025), 2.0))","{""op"": ""diff"", ""left"": {""op"": ""max"", ""left"": {""leaf"": ""4_revenues_Q_Oct_31_2024"", ""depth"": 0}, ""right"": {""leaf"": ""4_revenues_Q_Oct_31_2025"", ""depth"": 0}, ""depth"": 1}, ""right"": {""op"": ""ratio"", ""left"": {""op"": ""sum"", ""left"": {""leaf"": ""4_operating_income_Q_Oct_31_2024"", ""depth"": 0}, ""right"": {""leaf"": ""4_operating_income_Q_Oct_31_2025"", ""depth"": 0}, ""depth"": 1}, ""right"": {""literal"": 2.0, ""depth"": 0}, ""depth"": 2}, ""depth"": 3}","{""kind"": ""node"", ""node_id"": ""N2"", ""op"": ""diff"", ""family"": ""amount"", ""depth"": 3, ""left"": {""kind"": ""time_agg"", ""node_id"": ""N0"", ""op"": ""max"", ""family"": ""amount"", ""depth"": 2, ""entity_group"": ""E1"", ""concept_group"": ""T3"", ""over_years_group"": ""Y2""}, ""right"": {""kind"": ""time_agg"", ""node_id"": ""N1"", ""op"": ""avg"", ""family"": ""amount"", ""depth"": 2, ""entity_group"": ""E1"", ""concept_group"": ""T5"", ""over_years_group"": ""Y4""}}",86080.0,3,1,3,684473663,191545493,2345,0.415,1,2,4,4_revenues_Q_Oct_31_2024,revenues_q,total revenues,Nova Solutions,Q Oct 31 2024,USD,96577.0,4_revenues_Q_Oct_31_2025,revenues_q,total revenues,Nova Solutions,Q Oct 31 2025,USD,89280.0,4_operating_income_Q_Oct_31_2024,operating_income_q,operating income,Nova Solutions,Q Oct 31 2024,USD,10909.0,4_operating_income_Q_Oct_31_2025,operating_income_q,operating income,Nova Solutions,Q Oct 31 2025,USD,10085.0,,,,,,,,,,,,,,,,,,,,,
390,2,Which value corresponds to the result of longterm liabilities for Nova Holdings in Oct 31 2025 scaled by growth in short-term investments for Nova Holdings from Dec 31 2024 to Oct 31 2025 ?,"mul(longterm_liabilities, growth(13_st_investments_Dec_31_2024, 13_st_investments_Oct_31_2025))","{""op"": ""mul"", ""left"": {""derived"": ""longterm_liabilities"", ""expanded"": {""op"": ""diff"", ""left"": {""leaf"": ""13_total_liabilities_Oct_31_2025"", ""depth"": 0}, ""right"": {""leaf"": ""13_current_liabilities_Oct_31_2025"", ""depth"": 0}, ""depth"": 1}, ""depth"": 1}, ""right"": {""op"": ""growth"", ""left"": {""leaf"": ""13_st_investments_Dec_31_2024"", ""depth"": 0}, ""right"": {""leaf"": ""13_st_investments_Oct_31_2025"", ""depth"": 0}, ""depth"": 1}, ""depth"": 2}","{""kind"": ""node"", ""node_id"": ""N1"", ""op"": ""mul"", ""family"": ""amount"", ""depth"": 2, ""left"": {""kind"": ""derived_concept"", ""name"": ""longterm_liabilities"", ""family"": ""amount"", ""concept_depth"": 1, ""context_group"": ""C0"", ""entity_group"": ""E1""}, ""right"": {""kind"": ""node"", ""node_id"": ""N0"", ""op"": ""growth"", ""family"": ""ratio"", ""depth"": 1, ""left"": {""kind"": ""leaf"", ""name"": ""L0"", ""family"": ""amount"", ""semantic_type_in"": [""amount""], ""context_group"": ""C4"", ""entity_group"": ""E1"", ""time_series_group"": ""Y2"", ""concept_group"": ""T3""}, ""right"": {""kind"": ""leaf"", ""name"": ""L1"", ""family"": ""amount"", ""semantic_type_in"": [""amount""], ""context_group"": ""C5"", ""entity_group"": ""E1"", ""time_series_group"": ""Y2"", ""concept_group"": ""T3""}, ""over_years_group"": ""Y2""}}",-2424.286588198854,2,2,2,233901372,414244274,2345,0.481,2,3,4,13_total_liabilities_Oct_31_2025,total_liabilities,total liabilities,Nova Holdings,Oct 31 2025,USD,88300.0,13_current_liabilities_Oct_31_2025,current_liabilities,total current liabilities,Nova Holdings,Oct 31 2025,USD,54381.0,13_st_investments_Dec_31_2024,st_investments,short-term investments,Nova Holdings,Dec 31 2024,USD,11991.0,13_st_investments_Oct_31_2025,st_investments,short-term investments,Nova Holdings,Oct 31 2025,USD,12914.0,,,,,,,,,,,,,,,,,,,,,
391,2,Could you give the average net income (CI) for Alto Inc across years YTD Oct 31 2024 through YTD Oct 31 2025 ?,"ratio(sum(5_ci_net_income_YTD_Oct_31_2024, 5_ci_net_income_YTD_Oct_31_2025), 2.0)","{""op"": ""ratio"", ""left"": {""op"": ""sum"", ""left"": {""leaf"": ""5_ci_net_income_YTD_Oct_31_2024"", ""depth"": 0}, ""right"": {""leaf"": ""5_ci_net_income_YTD_Oct_31_2025"", ""depth"": 0}, ""depth"": 1}, ""right"": {""literal"": 2.0, ""depth"": 0}, ""depth"": 2}","{""kind"": ""time_agg"", ""node_id"": ""N0"", ""op"": ""avg"", ""family"": ""amount"", ""depth"": 1, ""entity_group"": ""E1"", ""concept_group"": ""T3"", ""over_years_group"": ""Y2""}",16318.5,1,0,2,262167012,143609366,2345,0.561,0,1,2,5_ci_net_income_YTD_Oct_31_2024,ci_net_income_ytd,net income (CI),Alto Inc,YTD Oct 31 2024,USD,16389.0,5_ci_net_income_YTD_Oct_31_2025,ci_net_income_ytd,net income (CI),Alto Inc,YTD Oct 31 2025,USD,16248.0,,,,,,,,,,,,,,,,,,,,,,,,,,,,,,,,,,,
392,1,may you give the the minimum of net income (CI) for Nova Enterprises using values from Q Oct 31 2024 through Q Oct 31 2025?,"min(7_ci_net_income_Q_Oct_31_2024, 7_ci_net_income_Q_Oct_31_2025)","{""op"": ""min"", ""left"": {""leaf"": ""7_ci_net_income_Q_Oct_31_2024"", ""depth"": 0}, ""right"": {""leaf"": ""7_ci_net_income_Q_Oct_31_2025"", ""depth"": 0}, ""depth"": 1}","{""kind"": ""time_agg"", ""node_id"": ""N0"", ""op"": ""min"", ""family"": ""amount"", ""depth"": 2, ""entity_group"": ""E1"", ""concept_group"": ""T3"", ""over_years_group"": ""Y2""}",1567.0,2,0,1,183955469,733101324,2345,0.188,0,1,2,7_ci_net_income_Q_Oct_31_2024,ci_net_income_q,net income (CI),Nova Enterprises,Q Oct 31 2024,USD,1567.0,7_ci_net_income_Q_Oct_31_2025,ci_net_income_q,net income (CI),Nova Enterprises,Q Oct 31 2025,USD,1692.0,,,,,,,,,,,,,,,,,,,,,,,,,,,,,,,,,,,
393,0,which quantity is given by the net income for Peak Systems in Q Oct 31 2024 ?,14_net_income_Q_Oct_31_2024,"{""leaf"": ""14_net_income_Q_Oct_31_2024"", ""depth"": 0}","{""kind"": ""leaf"", ""name"": ""L0"", ""family"": ""amount"", ""semantic_type_in"": [""amount""], ""context_group"": ""C0"", ""entity_group"": ""E1""}",1309.0,3,0,0,889800103,499907364,2345,0.559,0,1,1,14_net_income_Q_Oct_31_2024,net_income_q,net income,Peak Systems,Q Oct 31 2024,USD,1309.0,,,,,,,,,,,,,,,,,,,,,,,,,,,,,,,,,,,,,,,,,,
394,0,compute the membership and other income for Zion Corp in Q Oct 31 2025.,10_membership_and_other_income_Q_Oct_31_2025,"{""leaf"": ""10_membership_and_other_income_Q_Oct_31_2025"", ""depth"": 0}","{""kind"": ""leaf"", ""name"": ""L0"", ""family"": ""amount"", ""semantic_type_in"": [""amount""], ""context_group"": ""C0"", ""entity_group"": ""E1""}",1006.0,0,0,0,53626423,1339521,2345,0.176,0,1,1,10_membership_and_other_income_Q_Oct_31_2025,membership_and_other_income_q,membership and other income,Zion Corp,Q Oct 31 2025,USD,1006.0,,,,,,,,,,,,,,,,,,,,,,,,,,,,,,,,,,,,,,,,,,
395,3,which value corresponds to the result of the minimum of accounts payable for Mira Systems using values from Dec 31 2024 through Oct 31 2025 scaled by ratio of total revenues for Mira Systems in Q Oct 31 2024 to the minimum of net income (CI) for Mira Systems using values from YTD Oct 31 2024 through YTD Oct 31 2025 ?,"mul(min(2_accounts_payable_Dec_31_2024, 2_accounts_payable_Oct_31_2025), ratio(2_revenues_Q_Oct_31_2024, min(2_ci_net_income_YTD_Oct_31_2024, 2_ci_net_income_YTD_Oct_31_2025)))","{""op"": ""mul"", ""left"": {""op"": ""min"", ""left"": {""leaf"": ""2_accounts_payable_Dec_31_2024"", ""depth"": 0}, ""right"": {""leaf"": ""2_accounts_payable_Oct_31_2025"", ""depth"": 0}, ""depth"": 1}, ""right"": {""op"": ""ratio"", ""left"": {""leaf"": ""2_revenues_Q_Oct_31_2024"", ""depth"": 0}, ""right"": {""op"": ""min"", ""left"": {""leaf"": ""2_ci_net_income_YTD_Oct_31_2024"", ""depth"": 0}, ""right"": {""leaf"": ""2_ci_net_income_YTD_Oct_31_2025"", ""depth"": 0}, ""depth"": 1}, ""depth"": 2}, ""depth"": 3}","{""kind"": ""node"", ""node_id"": ""N3"", ""op"": ""mul"", ""family"": ""amount"", ""depth"": 3, ""left"": {""kind"": ""time_agg"", ""node_id"": ""N0"", ""op"": ""min"", ""family"": ""amount"", ""depth"": 2, ""entity_group"": ""E1"", ""concept_group"": ""T3"", ""over_years_group"": ""Y2""}, ""right"": {""kind"": ""node"", ""node_id"": ""N2"", ""op"": ""ratio"", ""family"": ""ratio"", ""depth"": 2, ""left"": {""kind"": ""leaf"", ""name"": ""L0"", ""family"": ""amount"", ""semantic_type_in"": [""amount""], ""context_group"": ""C0"", ""entity_group"": ""E1"", ""section_group"": ""S4""}, ""right"": {""kind"": ""time_agg"", ""node_id"": ""N1"", ""op"": ""min"", ""family"": ""amount"", ""depth"": 1, ""entity_group"": ""E1"", ""concept_group"": ""T6"", ""over_years_group"": ""Y5"", ""section_group"": ""S4""}}}",626466.4541797831,3,2,3,425792693,42556774,2345,0.229,2,3,5,2_accounts_payable_Dec_31_2024,accounts_payable,accounts payable,Mira Systems,Dec 31 2024,USD,36865.0,2_accounts_payable_Oct_31_2025,accounts_payable,accounts payable,Mira Systems,Oct 31 2025,USD,43252.0,2_revenues_Q_Oct_31_2024,revenues_q,total revenues,Mira Systems,Q Oct 31 2024,USD,97169.0,2_ci_net_income_YTD_Oct_31_2024,ci_net_income_ytd,net income (CI),Mira Systems,YTD Oct 31 2024,USD,5718.0,2_ci_net_income_YTD_Oct_31_2025,ci_net_income_ytd,net income (CI),Mira Systems,YTD Oct 31 2025,USD,6252.0,,,,,,,,,,,,,,
396,0,Determine the selling general and administrative expense for Trek Holdings in YTD Oct 31 2024.,11_sga_expense_YTD_Oct_31_2024,"{""leaf"": ""11_sga_expense_YTD_Oct_31_2024"", ""depth"": 0}","{""kind"": ""leaf"", ""name"": ""L0"", ""family"": ""amount"", ""semantic_type_in"": [""amount""], ""context_group"": ""C0"", ""entity_group"": ""E1""}",44226.0,0,0,0,621245475,999773500,2345,0.164,0,1,1,11_sga_expense_YTD_Oct_31_2024,sga_expense_ytd,selling general and administrative expense,Trek Holdings,YTD Oct 31 2024,USD,44226.0,,,,,,,,,,,,,,,,,,,,,,,,,,,,,,,,,,,,,,,,,,
397,1,provide the the maximum of research and development expense for Vex Industries using values from YTD Oct 31 2024 through YTD Oct 31 2025 .,"max(12_rd_expense_YTD_Oct_31_2024, 12_rd_expense_YTD_Oct_31_2025)","{""op"": ""max"", ""left"": {""leaf"": ""12_rd_expense_YTD_Oct_31_2024"", ""depth"": 0}, ""right"": {""leaf"": ""12_rd_expense_YTD_Oct_31_2025"", ""depth"": 0}, ""depth"": 1}","{""kind"": ""time_agg"", ""node_id"": ""N0"", ""op"": ""max"", ""family"": ""amount"", ""depth"": 1, ""entity_group"": ""E1"", ""concept_group"": ""T3"", ""over_years_group"": ""Y2""}",666.0,1,0,1,714356181,907927289,2345,0.27,0,1,2,12_rd_expense_YTD_Oct_31_2024,rd_expense_ytd,research and development expense,Vex Industries,YTD Oct 31 2024,USD,648.0,12_rd_expense_YTD_Oct_31_2025,rd_expense_ytd,research and development expense,Vex Industries,YTD Oct 31 2025,USD,666.0,,,,,,,,,,,,,,,,,,,,,,,,,,,,,,,,,,,
398,0,give the capital expenditures for Nova Holdings in YTD Oct 31 2024,13_cf_capex_YTD_Oct_31_2024,"{""leaf"": ""13_cf_capex_YTD_Oct_31_2024"", ""depth"": 0}","{""kind"": ""leaf"", ""name"": ""L0"", ""family"": ""amount"", ""semantic_type_in"": [""amount""], ""context_group"": ""C0"", ""entity_group"": ""E1""}",-22398.0,0,0,0,806203875,111996176,2345,0.29,0,1,1,13_cf_capex_YTD_Oct_31_2024,cf_capex_ytd,capital expenditures,Nova Holdings,YTD Oct 31 2024,USD,-22398.0,,,,,,,,,,,,,,,,,,,,,,,,,,,,,,,,,,,,,,,,,,
399,0,what do we obtain as the research and development expense for Nova Enterprises in YTD Oct 31 2025 ?,7_rd_expense_YTD_Oct_31_2025,"{""leaf"": ""7_rd_expense_YTD_Oct_31_2025"", ""depth"": 0}","{""kind"": ""leaf"", ""name"": ""L0"", ""family"": ""amount"", ""semantic_type_in"": [""amount""], ""context_group"": ""C0"", ""entity_group"": ""E1""}",2331.0,0,0,0,188205302,181465851,2345,0.394,0,1,1,7_rd_expense_YTD_Oct_31_2025,rd_expense_ytd,research and development expense,Nova Enterprises,YTD Oct 31 2025,USD,2331.0,,,,,,,,,,,,,,,,,,,,,,,,,,,,,,,,,,,,,,,,,,
400,1,Determine the the minimum of net income for Nova Holdings using values from Q Oct 31 2024 through Q Oct 31 2025,"min(13_net_income_Q_Oct_31_2024, 13_net_income_Q_Oct_31_2025)","{""op"": ""min"", ""left"": {""leaf"": ""13_net_income_Q_Oct_31_2024"", ""depth"": 0}, ""right"": {""leaf"": ""13_net_income_Q_Oct_31_2025"", ""depth"": 0}, ""depth"": 1}","{""kind"": ""time_agg"", ""node_id"": ""N0"", ""op"": ""min"", ""family"": ""amount"", ""depth"": 2, ""entity_group"": ""E1"", ""concept_group"": ""T3"", ""over_years_group"": ""Y2""}",7492.0,2,0,1,438520897,515365164,2345,0.58,0,1,2,13_net_income_Q_Oct_31_2024,net_income_q,net income,Nova Holdings,Q Oct 31 2024,USD,8338.0,13_net_income_Q_Oct_31_2025,net_income_q,net income,Nova Holdings,Q Oct 31 2025,USD,7492.0,,,,,,,,,,,,,,,,,,,,,,,,,,,,,,,,,,,
401,3,determine the sum of ratio of sum of short-term investments for Mira Systems in Dec 31 2024 and short-term investments for Mira Systems in Oct 31 2025 to 2.0 and change in unrealized gains/losses on securities for Mira Systems in YTD Oct 31 2025.,"sum(ratio(sum(2_st_investments_Dec_31_2024, 2_st_investments_Oct_31_2025), 2.0), 2_ci_unrealized_gains_YTD_Oct_31_2025)","{""op"": ""sum"", ""left"": {""op"": ""ratio"", ""left"": {""op"": ""sum"", ""left"": {""leaf"": ""2_st_investments_Dec_31_2024"", ""depth"": 0}, ""right"": {""leaf"": ""2_st_investments_Oct_31_2025"", ""depth"": 0}, ""depth"": 1}, ""right"": {""literal"": 2.0, ""depth"": 0}, ""depth"": 2}, ""right"": {""leaf"": ""2_ci_unrealized_gains_YTD_Oct_31_2025"", ""depth"": 0}, ""depth"": 3}","{""kind"": ""node"", ""node_id"": ""N1"", ""op"": ""sum"", ""family"": ""amount"", ""depth"": 4, ""left"": {""kind"": ""time_agg"", ""node_id"": ""N0"", ""op"": ""avg"", ""family"": ""amount"", ""depth"": 3, ""entity_group"": ""E1"", ""concept_group"": ""T5"", ""over_years_group"": ""Y4"", ""section_group"": ""S3"", ""aggregation_group"": ""A2""}, ""right"": {""kind"": ""leaf"", ""name"": ""L0"", ""family"": ""amount"", ""semantic_type_in"": [""amount""], ""context_group"": ""C0"", ""entity_group"": ""E1"", ""section_group"": ""S3"", ""aggregation_group"": ""A2""}}",5722.0,4,1,3,229313046,751696587,2345,0.379,1,2,3,2_st_investments_Dec_31_2024,st_investments,short-term investments,Mira Systems,Dec 31 2024,USD,5128.0,2_st_investments_Oct_31_2025,st_investments,short-term investments,Mira Systems,Oct 31 2025,USD,6016.0,2_ci_unrealized_gains_YTD_Oct_31_2025,ci_unrealized_gains_ytd,change in unrealized gains/losses on securities,Mira Systems,YTD Oct 31 2025,USD,150.0,,,,,,,,,,,,,,,,,,,,,,,,,,,,
402,2,may you calculate the average net cash from investing activities for Nova Solutions across years YTD Oct 31 2024 through YTD Oct 31 2025?,"ratio(sum(4_cf_investing_YTD_Oct_31_2024, 4_cf_investing_YTD_Oct_31_2025), 2.0)","{""op"": ""ratio"", ""left"": {""op"": ""sum"", ""left"": {""leaf"": ""4_cf_investing_YTD_Oct_31_2024"", ""depth"": 0}, ""right"": {""leaf"": ""4_cf_investing_YTD_Oct_31_2025"", ""depth"": 0}, ""depth"": 1}, ""right"": {""literal"": 2.0, ""depth"": 0}, ""depth"": 2}","{""kind"": ""time_agg"", ""node_id"": ""N0"", ""op"": ""avg"", ""family"": ""amount"", ""depth"": 3, ""entity_group"": ""E1"", ""concept_group"": ""T3"", ""over_years_group"": ""Y2""}",-7896.5,3,0,2,328420145,637108821,2345,0.334,0,1,2,4_cf_investing_YTD_Oct_31_2024,cf_investing_ytd,net cash from investing activities,Nova Solutions,YTD Oct 31 2024,USD,-8207.0,4_cf_investing_YTD_Oct_31_2025,cf_investing_ytd,net cash from investing activities,Nova Solutions,YTD Oct 31 2025,USD,-7586.0,,,,,,,,,,,,,,,,,,,,,,,,,,,,,,,,,,,
403,1,calculate the the maximum of operating income for Trek Holdings using values from YTD Oct 31 2024 through YTD Oct 31 2025 .,"max(11_operating_income_YTD_Oct_31_2024, 11_operating_income_YTD_Oct_31_2025)","{""op"": ""max"", ""left"": {""leaf"": ""11_operating_income_YTD_Oct_31_2024"", ""depth"": 0}, ""right"": {""leaf"": ""11_operating_income_YTD_Oct_31_2025"", ""depth"": 0}, ""depth"": 1}","{""kind"": ""time_agg"", ""node_id"": ""N0"", ""op"": ""max"", ""family"": ""amount"", ""depth"": 3, ""entity_group"": ""E1"", ""concept_group"": ""T3"", ""over_years_group"": ""Y2""}",18453.0,3,0,1,11025862,796418880,2345,0.552,0,1,2,11_operating_income_YTD_Oct_31_2024,operating_income_ytd,operating income,Trek Holdings,YTD Oct 31 2024,USD,17154.0,11_operating_income_YTD_Oct_31_2025,operating_income_ytd,operating income,Trek Holdings,YTD Oct 31 2025,USD,18453.0,,,,,,,,,,,,,,,,,,,,,,,,,,,,,,,,,,,
404,0,determine the total revenues for Nova Solutions in YTD Oct 31 2025,4_revenues_YTD_Oct_31_2025,"{""leaf"": ""4_revenues_YTD_Oct_31_2025"", ""depth"": 0}","{""kind"": ""leaf"", ""name"": ""L0"", ""family"": ""amount"", ""semantic_type_in"": [""amount""], ""context_group"": ""C0"", ""entity_group"": ""E1""}",267840.0,0,0,0,330833503,2308475,2345,0.282,0,1,1,4_revenues_YTD_Oct_31_2025,revenues_ytd,total revenues,Nova Solutions,YTD Oct 31 2025,USD,267840.0,,,,,,,,,,,,,,,,,,,,,,,,,,,,,,,,,,,,,,,,,,
405,0,What would be the diluted earnings per share for Nova Solutions in YTD Oct 31 2024,4_eps_diluted_YTD_Oct_31_2024,"{""leaf"": ""4_eps_diluted_YTD_Oct_31_2024"", ""depth"": 0}","{""kind"": ""leaf"", ""name"": ""L0"", ""family"": ""amount"", ""semantic_type_in"": [""amount""], ""context_group"": ""C0"", ""entity_group"": ""E1""}",28.11,0,0,0,414836988,761335222,2345,0.573,0,1,1,4_eps_diluted_YTD_Oct_31_2024,eps_diluted_ytd,diluted earnings per share,Nova Solutions,YTD Oct 31 2024,USD,28.11,,,,,,,,,,,,,,,,,,,,,,,,,,,,,,,,,,,,,,,,,,
406,1,"Whats the value of the the minimum of property, plant and equipment, net for Crest Systems using values from Dec 31 2024 through Oct 31 2025 ?","min(9_ppe_Dec_31_2024, 9_ppe_Oct_31_2025)","{""op"": ""min"", ""left"": {""leaf"": ""9_ppe_Dec_31_2024"", ""depth"": 0}, ""right"": {""leaf"": ""9_ppe_Oct_31_2025"", ""depth"": 0}, ""depth"": 1}","{""kind"": ""time_agg"", ""node_id"": ""N0"", ""op"": ""min"", ""family"": ""amount"", ""depth"": 3, ""entity_group"": ""E1"", ""concept_group"": ""T3"", ""over_years_group"": ""Y2""}",9388.0,3,0,1,278064725,820910347,2345,0.166,0,1,2,9_ppe_Dec_31_2024,ppe,"property, plant and equipment, net",Crest Systems,Dec 31 2024,USD,9509.0,9_ppe_Oct_31_2025,ppe,"property, plant and equipment, net",Crest Systems,Oct 31 2025,USD,9388.0,,,,,,,,,,,,,,,,,,,,,,,,,,,,,,,,,,,
407,1,Calculate the the maximum of total revenues for Orion Enterprises using values from Q Oct 31 2024 through Q Oct 31 2025,"max(6_revenues_Q_Oct_31_2024, 6_revenues_Q_Oct_31_2025)","{""op"": ""max"", ""left"": {""leaf"": ""6_revenues_Q_Oct_31_2024"", ""depth"": 0}, ""right"": {""leaf"": ""6_revenues_Q_Oct_31_2025"", ""depth"": 0}, ""depth"": 1}","{""kind"": ""time_agg"", ""node_id"": ""N0"", ""op"": ""max"", ""family"": ""amount"", ""depth"": 3, ""entity_group"": ""E1"", ""concept_group"": ""T3"", ""over_years_group"": ""Y2""}",84640.0,3,0,1,412106152,158917126,2345,0.461,0,1,2,6_revenues_Q_Oct_31_2024,revenues_q,total revenues,Orion Enterprises,Q Oct 31 2024,USD,82836.0,6_revenues_Q_Oct_31_2025,revenues_q,total revenues,Orion Enterprises,Q Oct 31 2025,USD,84640.0,,,,,,,,,,,,,,,,,,,,,,,,,,,,,,,,,,,
408,1,Calculate the the maximum of total other comprehensive income/(loss) for Orion Enterprises using values from YTD Oct 31 2024 through YTD Oct 31 2025,"max(6_ci_total_oci_YTD_Oct_31_2024, 6_ci_total_oci_YTD_Oct_31_2025)","{""op"": ""max"", ""left"": {""leaf"": ""6_ci_total_oci_YTD_Oct_31_2024"", ""depth"": 0}, ""right"": {""leaf"": ""6_ci_total_oci_YTD_Oct_31_2025"", ""depth"": 0}, ""depth"": 1}","{""kind"": ""time_agg"", ""node_id"": ""N0"", ""op"": ""max"", ""family"": ""amount"", ""depth"": 1, ""entity_group"": ""E1"", ""concept_group"": ""T3"", ""over_years_group"": ""Y2""}",-174.0,1,0,1,346434391,974225341,2345,0.242,0,1,2,6_ci_total_oci_YTD_Oct_31_2024,ci_total_oci_ytd,total other comprehensive income/(loss),Orion Enterprises,YTD Oct 31 2024,USD,-211.0,6_ci_total_oci_YTD_Oct_31_2025,ci_total_oci_ytd,total other comprehensive income/(loss),Orion Enterprises,YTD Oct 31 2025,USD,-174.0,,,,,,,,,,,,,,,,,,,,,,,,,,,,,,,,,,,
409,0,"Compute the accounts receivable, net for Crest Systems in Oct 31 2025.",9_accounts_receivable_Oct_31_2025,"{""leaf"": ""9_accounts_receivable_Oct_31_2025"", ""depth"": 0}","{""kind"": ""leaf"", ""name"": ""L0"", ""family"": ""amount"", ""semantic_type_in"": [""amount""], ""context_group"": ""C0"", ""entity_group"": ""E1""}",2940.0,0,0,0,910578721,128599576,2345,0.123,0,1,1,9_accounts_receivable_Oct_31_2025,accounts_receivable,"accounts receivable, net",Crest Systems,Oct 31 2025,USD,2940.0,,,,,,,,,,,,,,,,,,,,,,,,,,,,,,,,,,,,,,,,,,
410,0,what would be the selling general and administrative expense for Nova Enterprises in YTD Oct 31 2024,7_sga_expense_YTD_Oct_31_2024,"{""leaf"": ""7_sga_expense_YTD_Oct_31_2024"", ""depth"": 0}","{""kind"": ""leaf"", ""name"": ""L0"", ""family"": ""amount"", ""semantic_type_in"": [""amount""], ""context_group"": ""C0"", ""entity_group"": ""E1""}",95268.0,0,0,0,587335509,893276402,2345,0.511,0,1,1,7_sga_expense_YTD_Oct_31_2024,sga_expense_ytd,selling general and administrative expense,Nova Enterprises,YTD Oct 31 2024,USD,95268.0,,,,,,,,,,,,,,,,,,,,,,,,,,,,,,,,,,,,,,,,,,
411,2,whats the value of the average cash and cash equivalents for Peak Systems across years Dec 31 2024 through Oct 31 2025 ?,"ratio(sum(14_cash_Dec_31_2024, 14_cash_Oct_31_2025), 2.0)","{""op"": ""ratio"", ""left"": {""op"": ""sum"", ""left"": {""leaf"": ""14_cash_Dec_31_2024"", ""depth"": 0}, ""right"": {""leaf"": ""14_cash_Oct_31_2025"", ""depth"": 0}, ""depth"": 1}, ""right"": {""literal"": 2.0, ""depth"": 0}, ""depth"": 2}","{""kind"": ""time_agg"", ""node_id"": ""N0"", ""op"": ""avg"", ""family"": ""amount"", ""depth"": 3, ""entity_group"": ""E1"", ""concept_group"": ""T3"", ""over_years_group"": ""Y2""}",3620.0,3,0,2,99662817,204193708,2345,0.377,0,1,2,14_cash_Dec_31_2024,cash,cash and cash equivalents,Peak Systems,Dec 31 2024,USD,3480.0,14_cash_Oct_31_2025,cash,cash and cash equivalents,Peak Systems,Oct 31 2025,USD,3760.0,,,,,,,,,,,,,,,,,,,,,,,,,,,,,,,,,,,
412,0,could you give the selling general and administrative expense for Orion Enterprises in Q Oct 31 2024,6_sga_expense_Q_Oct_31_2024,"{""leaf"": ""6_sga_expense_Q_Oct_31_2024"", ""depth"": 0}","{""kind"": ""leaf"", ""name"": ""L0"", ""family"": ""amount"", ""semantic_type_in"": [""amount""], ""context_group"": ""C0"", ""entity_group"": ""E1""}",18141.0,0,0,0,829973053,889458363,2345,0.395,0,1,1,6_sga_expense_Q_Oct_31_2024,sga_expense_q,selling general and administrative expense,Orion Enterprises,Q Oct 31 2024,USD,18141.0,,,,,,,,,,,,,,,,,,,,,,,,,,,,,,,,,,,,,,,,,,
413,2,You should calculate the average diluted earnings per share for Nova Solutions across years YTD Oct 31 2024 through YTD Oct 31 2025 .,"ratio(sum(4_eps_diluted_YTD_Oct_31_2024, 4_eps_diluted_YTD_Oct_31_2025), 2.0)","{""op"": ""ratio"", ""left"": {""op"": ""sum"", ""left"": {""leaf"": ""4_eps_diluted_YTD_Oct_31_2024"", ""depth"": 0}, ""right"": {""leaf"": ""4_eps_diluted_YTD_Oct_31_2025"", ""depth"": 0}, ""depth"": 1}, ""right"": {""literal"": 2.0, ""depth"": 0}, ""depth"": 2}","{""kind"": ""time_agg"", ""node_id"": ""N0"", ""op"": ""avg"", ""family"": ""amount"", ""depth"": 1, ""entity_group"": ""E1"", ""concept_group"": ""T3"", ""over_years_group"": ""Y2""}",27.049999999999997,1,0,2,194075439,826506607,2345,0.552,0,1,2,4_eps_diluted_YTD_Oct_31_2024,eps_diluted_ytd,diluted earnings per share,Nova Solutions,YTD Oct 31 2024,USD,28.11,4_eps_diluted_YTD_Oct_31_2025,eps_diluted_ytd,diluted earnings per share,Nova Solutions,YTD Oct 31 2025,USD,25.99,,,,,,,,,,,,,,,,,,,,,,,,,,,,,,,,,,,
414,2,You should calculate the average cost of sales for Plex Technologies across years YTD Oct 31 2024 through YTD Oct 31 2025.,"ratio(sum(8_cost_of_sales_YTD_Oct_31_2024, 8_cost_of_sales_YTD_Oct_31_2025), 2.0)","{""op"": ""ratio"", ""left"": {""op"": ""sum"", ""left"": {""leaf"": ""8_cost_of_sales_YTD_Oct_31_2024"", ""depth"": 0}, ""right"": {""leaf"": ""8_cost_of_sales_YTD_Oct_31_2025"", ""depth"": 0}, ""depth"": 1}, ""right"": {""literal"": 2.0, ""depth"": 0}, ""depth"": 2}","{""kind"": ""time_agg"", ""node_id"": ""N0"", ""op"": ""avg"", ""family"": ""amount"", ""depth"": 2, ""entity_group"": ""E1"", ""concept_group"": ""T3"", ""over_years_group"": ""Y2""}",209719.5,2,0,2,420419233,434610246,2345,0.42,0,1,2,8_cost_of_sales_YTD_Oct_31_2024,cost_of_sales_ytd,cost of sales,Plex Technologies,YTD Oct 31 2024,USD,203730.0,8_cost_of_sales_YTD_Oct_31_2025,cost_of_sales_ytd,cost of sales,Plex Technologies,YTD Oct 31 2025,USD,215709.0,,,,,,,,,,,,,,,,,,,,,,,,,,,,,,,,,,,
415,2,what's the value of the average total shareholders equity for Peak Systems across years Dec 31 2024 through Oct 31 2025 ?,"ratio(sum(14_total_equity_Dec_31_2024, 14_total_equity_Oct_31_2025), 2.0)","{""op"": ""ratio"", ""left"": {""op"": ""sum"", ""left"": {""leaf"": ""14_total_equity_Dec_31_2024"", ""depth"": 0}, ""right"": {""leaf"": ""14_total_equity_Oct_31_2025"", ""depth"": 0}, ""depth"": 1}, ""right"": {""literal"": 2.0, ""depth"": 0}, ""depth"": 2}","{""kind"": ""time_agg"", ""node_id"": ""N0"", ""op"": ""avg"", ""family"": ""amount"", ""depth"": 1, ""entity_group"": ""E1"", ""concept_group"": ""T3"", ""over_years_group"": ""Y2""}",9681.0,1,0,2,609498074,66439224,2345,0.132,0,1,2,14_total_equity_Dec_31_2024,total_equity,total shareholders equity,Peak Systems,Dec 31 2024,USD,9307.0,14_total_equity_Oct_31_2025,total_equity,total shareholders equity,Peak Systems,Oct 31 2025,USD,10055.0,,,,,,,,,,,,,,,,,,,,,,,,,,,,,,,,,,,
416,1,"may you calculate the the maximum of accounts receivable, net for Mira Systems using values from Dec 31 2024 through Oct 31 2025","max(2_accounts_receivable_Dec_31_2024, 2_accounts_receivable_Oct_31_2025)","{""op"": ""max"", ""left"": {""leaf"": ""2_accounts_receivable_Dec_31_2024"", ""depth"": 0}, ""right"": {""leaf"": ""2_accounts_receivable_Oct_31_2025"", ""depth"": 0}, ""depth"": 1}","{""kind"": ""time_agg"", ""node_id"": ""N0"", ""op"": ""max"", ""family"": ""amount"", ""depth"": 2, ""entity_group"": ""E1"", ""concept_group"": ""T3"", ""over_years_group"": ""Y2""}",14691.0,2,0,1,446917568,147217309,2345,0.6,0,1,2,2_accounts_receivable_Dec_31_2024,accounts_receivable,"accounts receivable, net",Mira Systems,Dec 31 2024,USD,12521.0,2_accounts_receivable_Oct_31_2025,accounts_receivable,"accounts receivable, net",Mira Systems,Oct 31 2025,USD,14691.0,,,,,,,,,,,,,,,,,,,,,,,,,,,,,,,,,,,
417,1,determine the the minimum of cash at end of period for Vex Industries using values from YTD Oct 31 2024 through YTD Oct 31 2025,"min(12_cf_closing_cash_YTD_Oct_31_2024, 12_cf_closing_cash_YTD_Oct_31_2025)","{""op"": ""min"", ""left"": {""leaf"": ""12_cf_closing_cash_YTD_Oct_31_2024"", ""depth"": 0}, ""right"": {""leaf"": ""12_cf_closing_cash_YTD_Oct_31_2025"", ""depth"": 0}, ""depth"": 1}","{""kind"": ""time_agg"", ""node_id"": ""N0"", ""op"": ""min"", ""family"": ""amount"", ""depth"": 3, ""entity_group"": ""E1"", ""concept_group"": ""T3"", ""over_years_group"": ""Y2""}",6611.0,3,0,1,166493704,833653072,2345,0.542,0,1,2,12_cf_closing_cash_YTD_Oct_31_2024,cf_closing_cash_ytd,cash at end of period,Vex Industries,YTD Oct 31 2024,USD,6611.0,12_cf_closing_cash_YTD_Oct_31_2025,cf_closing_cash_ytd,cash at end of period,Vex Industries,YTD Oct 31 2025,USD,7882.0,,,,,,,,,,,,,,,,,,,,,,,,,,,,,,,,,,,
418,0,what would be the accounts payable for Crest Systems in Dec 31 2024?,9_accounts_payable_Dec_31_2024,"{""leaf"": ""9_accounts_payable_Dec_31_2024"", ""depth"": 0}","{""kind"": ""leaf"", ""name"": ""L0"", ""family"": ""amount"", ""semantic_type_in"": [""amount""], ""context_group"": ""C0"", ""entity_group"": ""E1""}",10814.0,0,0,0,165018600,695288123,2345,0.32,0,1,1,9_accounts_payable_Dec_31_2024,accounts_payable,accounts payable,Crest Systems,Dec 31 2024,USD,10814.0,,,,,,,,,,,,,,,,,,,,,,,,,,,,,,,,,,,,,,,,,,
419,0,May you calculate the accumulated other comprehensive income/(loss) for Orion Enterprises in Dec 31 2024 ?,6_aoci_Dec_31_2024,"{""leaf"": ""6_aoci_Dec_31_2024"", ""depth"": 0}","{""kind"": ""leaf"", ""name"": ""L0"", ""family"": ""amount"", ""semantic_type_in"": [""amount""], ""context_group"": ""C0"", ""entity_group"": ""E1""}",0.0,2,0,0,497901702,37688367,2345,0.347,0,1,1,6_aoci_Dec_31_2024,aoci,accumulated other comprehensive income/(loss),Orion Enterprises,Dec 31 2024,USD,0.0,,,,,,,,,,,,,,,,,,,,,,,,,,,,,,,,,,,,,,,,,,
420,2,"what is the average other income/(expense), net for Mira Systems across years YTD Oct 31 2024 through YTD Oct 31 2025?","ratio(sum(2_other_income_YTD_Oct_31_2024, 2_other_income_YTD_Oct_31_2025), 2.0)","{""op"": ""ratio"", ""left"": {""op"": ""sum"", ""left"": {""leaf"": ""2_other_income_YTD_Oct_31_2024"", ""depth"": 0}, ""right"": {""leaf"": ""2_other_income_YTD_Oct_31_2025"", ""depth"": 0}, ""depth"": 1}, ""right"": {""literal"": 2.0, ""depth"": 0}, ""depth"": 2}","{""kind"": ""time_agg"", ""node_id"": ""N0"", ""op"": ""avg"", ""family"": ""amount"", ""depth"": 1, ""entity_group"": ""E1"", ""concept_group"": ""T3"", ""over_years_group"": ""Y2""}",-2352.0,1,0,2,890629654,937873984,2345,0.346,0,1,2,2_other_income_YTD_Oct_31_2024,other_income_ytd,"other income/(expense), net",Mira Systems,YTD Oct 31 2024,USD,-2247.0,2_other_income_YTD_Oct_31_2025,other_income_ytd,"other income/(expense), net",Mira Systems,YTD Oct 31 2025,USD,-2457.0,,,,,,,,,,,,,,,,,,,,,,,,,,,,,,,,,,,
421,1,you should calculate the the minimum of goodwill for Nova Solutions using values from Dec 31 2024 through Oct 31 2025,"min(4_goodwill_Dec_31_2024, 4_goodwill_Oct_31_2025)","{""op"": ""min"", ""left"": {""leaf"": ""4_goodwill_Dec_31_2024"", ""depth"": 0}, ""right"": {""leaf"": ""4_goodwill_Oct_31_2025"", ""depth"": 0}, ""depth"": 1}","{""kind"": ""time_agg"", ""node_id"": ""N0"", ""op"": ""min"", ""family"": ""amount"", ""depth"": 3, ""entity_group"": ""E1"", ""concept_group"": ""T3"", ""over_years_group"": ""Y2""}",4920.0,3,0,1,197598894,434932091,2345,0.384,0,1,2,4_goodwill_Dec_31_2024,goodwill,goodwill,Nova Solutions,Dec 31 2024,USD,4920.0,4_goodwill_Oct_31_2025,goodwill,goodwill,Nova Solutions,Oct 31 2025,USD,5678.0,,,,,,,,,,,,,,,,,,,,,,,,,,,,,,,,,,,
422,1,which value corresponds to the the maximum of net income (cash flow) for Peak Systems using values from YTD Oct 31 2024 through YTD Oct 31 2025,"max(14_cf_net_income_YTD_Oct_31_2024, 14_cf_net_income_YTD_Oct_31_2025)","{""op"": ""max"", ""left"": {""leaf"": ""14_cf_net_income_YTD_Oct_31_2024"", ""depth"": 0}, ""right"": {""leaf"": ""14_cf_net_income_YTD_Oct_31_2025"", ""depth"": 0}, ""depth"": 1}","{""kind"": ""time_agg"", ""node_id"": ""N0"", ""op"": ""max"", ""family"": ""amount"", ""depth"": 1, ""entity_group"": ""E1"", ""concept_group"": ""T3"", ""over_years_group"": ""Y2""}",3990.0,1,0,1,597659421,194767071,2345,0.291,0,1,2,14_cf_net_income_YTD_Oct_31_2024,cf_net_income_ytd,net income (cash flow),Peak Systems,YTD Oct 31 2024,USD,3927.0,14_cf_net_income_YTD_Oct_31_2025,cf_net_income_ytd,net income (cash flow),Peak Systems,YTD Oct 31 2025,USD,3990.0,,,,,,,,,,,,,,,,,,,,,,,,,,,,,,,,,,,
423,1,could you give the the maximum of cash at end of period for Peak Systems using values from YTD Oct 31 2024 through YTD Oct 31 2025 ?,"max(14_cf_closing_cash_YTD_Oct_31_2024, 14_cf_closing_cash_YTD_Oct_31_2025)","{""op"": ""max"", ""left"": {""leaf"": ""14_cf_closing_cash_YTD_Oct_31_2024"", ""depth"": 0}, ""right"": {""leaf"": ""14_cf_closing_cash_YTD_Oct_31_2025"", ""depth"": 0}, ""depth"": 1}","{""kind"": ""time_agg"", ""node_id"": ""N0"", ""op"": ""max"", ""family"": ""amount"", ""depth"": 2, ""entity_group"": ""E1"", ""concept_group"": ""T3"", ""over_years_group"": ""Y2""}",1460.0,2,0,1,914616564,496349994,2345,0.115,0,1,2,14_cf_closing_cash_YTD_Oct_31_2024,cf_closing_cash_ytd,cash at end of period,Peak Systems,YTD Oct 31 2024,USD,1106.0,14_cf_closing_cash_YTD_Oct_31_2025,cf_closing_cash_ytd,cash at end of period,Peak Systems,YTD Oct 31 2025,USD,1460.0,,,,,,,,,,,,,,,,,,,,,,,,,,,,,,,,,,,
424,2,State the average total comprehensive income for Zion Solutions across years Q Oct 31 2024 through Q Oct 31 2025.,"ratio(sum(3_comprehensive_income_Q_Oct_31_2024, 3_comprehensive_income_Q_Oct_31_2025), 2.0)","{""op"": ""ratio"", ""left"": {""op"": ""sum"", ""left"": {""leaf"": ""3_comprehensive_income_Q_Oct_31_2024"", ""depth"": 0}, ""right"": {""leaf"": ""3_comprehensive_income_Q_Oct_31_2025"", ""depth"": 0}, ""depth"": 1}, ""right"": {""literal"": 2.0, ""depth"": 0}, ""depth"": 2}","{""kind"": ""time_agg"", ""node_id"": ""N0"", ""op"": ""avg"", ""family"": ""amount"", ""depth"": 4, ""entity_group"": ""E1"", ""concept_group"": ""T3"", ""over_years_group"": ""Y2""}",1403.0,4,0,2,568244115,559081150,2345,0.425,0,1,2,3_comprehensive_income_Q_Oct_31_2024,comprehensive_income_q,total comprehensive income,Zion Solutions,Q Oct 31 2024,USD,1366.0,3_comprehensive_income_Q_Oct_31_2025,comprehensive_income_q,total comprehensive income,Zion Solutions,Q Oct 31 2025,USD,1440.0,,,,,,,,,,,,,,,,,,,,,,,,,,,,,,,,,,,
425,1,state the the maximum of prepaid expenses and other for Nova Solutions using values from Dec 31 2024 through Oct 31 2025.,"max(4_prepaid_Dec_31_2024, 4_prepaid_Oct_31_2025)","{""op"": ""max"", ""left"": {""leaf"": ""4_prepaid_Dec_31_2024"", ""depth"": 0}, ""right"": {""leaf"": ""4_prepaid_Oct_31_2025"", ""depth"": 0}, ""depth"": 1}","{""kind"": ""time_agg"", ""node_id"": ""N0"", ""op"": ""max"", ""family"": ""amount"", ""depth"": 1, ""entity_group"": ""E1"", ""concept_group"": ""T3"", ""over_years_group"": ""Y2""}",3651.0,1,0,1,238394067,407586364,2345,0.349,0,1,2,4_prepaid_Dec_31_2024,prepaid,prepaid expenses and other,Nova Solutions,Dec 31 2024,USD,3163.0,4_prepaid_Oct_31_2025,prepaid,prepaid expenses and other,Nova Solutions,Oct 31 2025,USD,3651.0,,,,,,,,,,,,,,,,,,,,,,,,,,,,,,,,,,,
426,2,"calculate the average other income/(expense), net for Nova Solutions across years YTD Oct 31 2024 through YTD Oct 31 2025 .","ratio(sum(4_other_income_YTD_Oct_31_2024, 4_other_income_YTD_Oct_31_2025), 2.0)","{""op"": ""ratio"", ""left"": {""op"": ""sum"", ""left"": {""leaf"": ""4_other_income_YTD_Oct_31_2024"", ""depth"": 0}, ""right"": {""leaf"": ""4_other_income_YTD_Oct_31_2025"", ""depth"": 0}, ""depth"": 1}, ""right"": {""literal"": 2.0, ""depth"": 0}, ""depth"": 2}","{""kind"": ""time_agg"", ""node_id"": ""N0"", ""op"": ""avg"", ""family"": ""amount"", ""depth"": 4, ""entity_group"": ""E1"", ""concept_group"": ""T3"", ""over_years_group"": ""Y2""}",-1155.0,4,0,2,551582193,685040497,2345,0.186,0,1,2,4_other_income_YTD_Oct_31_2024,other_income_ytd,"other income/(expense), net",Nova Solutions,YTD Oct 31 2024,USD,-1200.0,4_other_income_YTD_Oct_31_2025,other_income_ytd,"other income/(expense), net",Nova Solutions,YTD Oct 31 2025,USD,-1110.0,,,,,,,,,,,,,,,,,,,,,,,,,,,,,,,,,,,
427,1,you should calculate the the maximum of cost of sales for Zion Corp using values from YTD Oct 31 2024 through YTD Oct 31 2025.,"max(10_cost_of_sales_YTD_Oct_31_2024, 10_cost_of_sales_YTD_Oct_31_2025)","{""op"": ""max"", ""left"": {""leaf"": ""10_cost_of_sales_YTD_Oct_31_2024"", ""depth"": 0}, ""right"": {""leaf"": ""10_cost_of_sales_YTD_Oct_31_2025"", ""depth"": 0}, ""depth"": 1}","{""kind"": ""time_agg"", ""node_id"": ""N0"", ""op"": ""max"", ""family"": ""amount"", ""depth"": 4, ""entity_group"": ""E1"", ""concept_group"": ""T3"", ""over_years_group"": ""Y2""}",170634.0,4,0,1,141859068,413575944,2345,0.368,0,1,2,10_cost_of_sales_YTD_Oct_31_2024,cost_of_sales_ytd,cost of sales,Zion Corp,YTD Oct 31 2024,USD,170634.0,10_cost_of_sales_YTD_Oct_31_2025,cost_of_sales_ytd,cost of sales,Zion Corp,YTD Oct 31 2025,USD,155499.0,,,,,,,,,,,,,,,,,,,,,,,,,,,,,,,,,,,
428,1,Compute the the maximum of total revenues for Volt Inc using values from YTD Oct 31 2024 through YTD Oct 31 2025,"max(0_revenues_YTD_Oct_31_2024, 0_revenues_YTD_Oct_31_2025)","{""op"": ""max"", ""left"": {""leaf"": ""0_revenues_YTD_Oct_31_2024"", ""depth"": 0}, ""right"": {""leaf"": ""0_revenues_YTD_Oct_31_2025"", ""depth"": 0}, ""depth"": 1}","{""kind"": ""time_agg"", ""node_id"": ""N0"", ""op"": ""max"", ""family"": ""amount"", ""depth"": 3, ""entity_group"": ""E1"", ""concept_group"": ""T3"", ""over_years_group"": ""Y2""}",388485.0,3,0,1,765990972,248918222,2345,0.126,0,1,2,0_revenues_YTD_Oct_31_2024,revenues_ytd,total revenues,Volt Inc,YTD Oct 31 2024,USD,388485.0,0_revenues_YTD_Oct_31_2025,revenues_ytd,total revenues,Volt Inc,YTD Oct 31 2025,USD,338319.0,,,,,,,,,,,,,,,,,,,,,,,,,,,,,,,,,,,
429,1,Calculate the the minimum of share repurchases for Mira Systems using values from YTD Oct 31 2024 through YTD Oct 31 2025,"min(2_cf_repurchases_YTD_Oct_31_2024, 2_cf_repurchases_YTD_Oct_31_2025)","{""op"": ""min"", ""left"": {""leaf"": ""2_cf_repurchases_YTD_Oct_31_2024"", ""depth"": 0}, ""right"": {""leaf"": ""2_cf_repurchases_YTD_Oct_31_2025"", ""depth"": 0}, ""depth"": 1}","{""kind"": ""time_agg"", ""node_id"": ""N0"", ""op"": ""min"", ""family"": ""amount"", ""depth"": 3, ""entity_group"": ""E1"", ""concept_group"": ""T3"", ""over_years_group"": ""Y2""}",-1606.0,3,0,1,106661972,885655939,2345,0.284,0,1,2,2_cf_repurchases_YTD_Oct_31_2024,cf_repurchases_ytd,share repurchases,Mira Systems,YTD Oct 31 2024,USD,-1469.0,2_cf_repurchases_YTD_Oct_31_2025,cf_repurchases_ytd,share repurchases,Mira Systems,YTD Oct 31 2025,USD,-1606.0,,,,,,,,,,,,,,,,,,,,,,,,,,,,,,,,,,,
430,2,You should give the average total costs and expenses for Zion Corp across years YTD Oct 31 2024 through YTD Oct 31 2025,"ratio(sum(10_total_costs_YTD_Oct_31_2024, 10_total_costs_YTD_Oct_31_2025), 2.0)","{""op"": ""ratio"", ""left"": {""op"": ""sum"", ""left"": {""leaf"": ""10_total_costs_YTD_Oct_31_2024"", ""depth"": 0}, ""right"": {""leaf"": ""10_total_costs_YTD_Oct_31_2025"", ""depth"": 0}, ""depth"": 1}, ""right"": {""literal"": 2.0, ""depth"": 0}, ""depth"": 2}","{""kind"": ""time_agg"", ""node_id"": ""N0"", ""op"": ""avg"", ""family"": ""amount"", ""depth"": 3, ""entity_group"": ""E1"", ""concept_group"": ""T3"", ""over_years_group"": ""Y2""}",208522.5,3,0,2,583481653,131214926,2345,0.3,0,1,2,10_total_costs_YTD_Oct_31_2024,total_costs_ytd,total costs and expenses,Zion Corp,YTD Oct 31 2024,USD,218199.0,10_total_costs_YTD_Oct_31_2025,total_costs_ytd,total costs and expenses,Zion Corp,YTD Oct 31 2025,USD,198846.0,,,,,,,,,,,,,,,,,,,,,,,,,,,,,,,,,,,
431,0,Evaluate the prepaid expenses and other for Crest Systems in Dec 31 2024.,9_prepaid_Dec_31_2024,"{""leaf"": ""9_prepaid_Dec_31_2024"", ""depth"": 0}","{""kind"": ""leaf"", ""name"": ""L0"", ""family"": ""amount"", ""semantic_type_in"": [""amount""], ""context_group"": ""C0"", ""entity_group"": ""E1""}",928.0,0,0,0,412556136,277233745,2345,0.455,0,1,1,9_prepaid_Dec_31_2024,prepaid,prepaid expenses and other,Crest Systems,Dec 31 2024,USD,928.0,,,,,,,,,,,,,,,,,,,,,,,,,,,,,,,,,,,,,,,,,,
432,1,whats the value of the the minimum of cost of sales for Nova Enterprises using values from Q Oct 31 2024 through Q Oct 31 2025?,"min(7_cost_of_sales_Q_Oct_31_2024, 7_cost_of_sales_Q_Oct_31_2025)","{""op"": ""min"", ""left"": {""leaf"": ""7_cost_of_sales_Q_Oct_31_2024"", ""depth"": 0}, ""right"": {""leaf"": ""7_cost_of_sales_Q_Oct_31_2025"", ""depth"": 0}, ""depth"": 1}","{""kind"": ""time_agg"", ""node_id"": ""N0"", ""op"": ""min"", ""family"": ""amount"", ""depth"": 2, ""entity_group"": ""E1"", ""concept_group"": ""T3"", ""over_years_group"": ""Y2""}",95798.0,2,0,1,747102665,364515977,2345,0.482,0,1,2,7_cost_of_sales_Q_Oct_31_2024,cost_of_sales_q,cost of sales,Nova Enterprises,Q Oct 31 2024,USD,95798.0,7_cost_of_sales_Q_Oct_31_2025,cost_of_sales_q,cost of sales,Nova Enterprises,Q Oct 31 2025,USD,103373.0,,,,,,,,,,,,,,,,,,,,,,,,,,,,,,,,,,,
433,1,what is the value of the the minimum of net income (CI) for Nova Holdings using values from Q Oct 31 2024 through Q Oct 31 2025 ?,"min(13_ci_net_income_Q_Oct_31_2024, 13_ci_net_income_Q_Oct_31_2025)","{""op"": ""min"", ""left"": {""leaf"": ""13_ci_net_income_Q_Oct_31_2024"", ""depth"": 0}, ""right"": {""leaf"": ""13_ci_net_income_Q_Oct_31_2025"", ""depth"": 0}, ""depth"": 1}","{""kind"": ""time_agg"", ""node_id"": ""N0"", ""op"": ""min"", ""family"": ""amount"", ""depth"": 2, ""entity_group"": ""E1"", ""concept_group"": ""T3"", ""over_years_group"": ""Y2""}",7492.0,2,0,1,670067209,717131330,2345,0.541,0,1,2,13_ci_net_income_Q_Oct_31_2024,ci_net_income_q,net income (CI),Nova Holdings,Q Oct 31 2024,USD,8338.0,13_ci_net_income_Q_Oct_31_2025,ci_net_income_q,net income (CI),Nova Holdings,Q Oct 31 2025,USD,7492.0,,,,,,,,,,,,,,,,,,,,,,,,,,,,,,,,,,,
434,1,evaluate the the maximum of total costs and expenses for Orion Enterprises using values from YTD Oct 31 2024 through YTD Oct 31 2025 .,"max(6_total_costs_YTD_Oct_31_2024, 6_total_costs_YTD_Oct_31_2025)","{""op"": ""max"", ""left"": {""leaf"": ""6_total_costs_YTD_Oct_31_2024"", ""depth"": 0}, ""right"": {""leaf"": ""6_total_costs_YTD_Oct_31_2025"", ""depth"": 0}, ""depth"": 1}","{""kind"": ""time_agg"", ""node_id"": ""N0"", ""op"": ""max"", ""family"": ""amount"", ""depth"": 1, ""entity_group"": ""E1"", ""concept_group"": ""T3"", ""over_years_group"": ""Y2""}",236841.0,1,0,1,678363423,991860081,2345,0.535,0,1,2,6_total_costs_YTD_Oct_31_2024,total_costs_ytd,total costs and expenses,Orion Enterprises,YTD Oct 31 2024,USD,231795.0,6_total_costs_YTD_Oct_31_2025,total_costs_ytd,total costs and expenses,Orion Enterprises,YTD Oct 31 2025,USD,236841.0,,,,,,,,,,,,,,,,,,,,,,,,,,,,,,,,,,,
435,2,"may you give the average other income/(expense), net for Nova Holdings across years YTD Oct 31 2024 through YTD Oct 31 2025 ?","ratio(sum(13_other_income_YTD_Oct_31_2024, 13_other_income_YTD_Oct_31_2025), 2.0)","{""op"": ""ratio"", ""left"": {""op"": ""sum"", ""left"": {""leaf"": ""13_other_income_YTD_Oct_31_2024"", ""depth"": 0}, ""right"": {""leaf"": ""13_other_income_YTD_Oct_31_2025"", ""depth"": 0}, ""depth"": 1}, ""right"": {""literal"": 2.0, ""depth"": 0}, ""depth"": 2}","{""kind"": ""time_agg"", ""node_id"": ""N0"", ""op"": ""avg"", ""family"": ""amount"", ""depth"": 4, ""entity_group"": ""E1"", ""concept_group"": ""T3"", ""over_years_group"": ""Y2""}",-4329.0,4,0,2,815328297,905621424,2345,0.345,0,1,2,13_other_income_YTD_Oct_31_2024,other_income_ytd,"other income/(expense), net",Nova Holdings,YTD Oct 31 2024,USD,-4560.0,13_other_income_YTD_Oct_31_2025,other_income_ytd,"other income/(expense), net",Nova Holdings,YTD Oct 31 2025,USD,-4098.0,,,,,,,,,,,,,,,,,,,,,,,,,,,,,,,,,,,
436,1,determine the the maximum of selling general and administrative expense for Apex Technologies using values from YTD Oct 31 2024 through YTD Oct 31 2025,"max(1_sga_expense_YTD_Oct_31_2024, 1_sga_expense_YTD_Oct_31_2025)","{""op"": ""max"", ""left"": {""leaf"": ""1_sga_expense_YTD_Oct_31_2024"", ""depth"": 0}, ""right"": {""leaf"": ""1_sga_expense_YTD_Oct_31_2025"", ""depth"": 0}, ""depth"": 1}","{""kind"": ""time_agg"", ""node_id"": ""N0"", ""op"": ""max"", ""family"": ""amount"", ""depth"": 1, ""entity_group"": ""E1"", ""concept_group"": ""T3"", ""over_years_group"": ""Y2""}",82215.0,1,0,1,215082281,393878188,2345,0.545,0,1,2,1_sga_expense_YTD_Oct_31_2024,sga_expense_ytd,selling general and administrative expense,Apex Technologies,YTD Oct 31 2024,USD,82215.0,1_sga_expense_YTD_Oct_31_2025,sga_expense_ytd,selling general and administrative expense,Apex Technologies,YTD Oct 31 2025,USD,81165.0,,,,,,,,,,,,,,,,,,,,,,,,,,,,,,,,,,,
437,1,What do we obtain as the the maximum of deferred revenue for Zion Corp using values from Dec 31 2024 through Oct 31 2025,"max(10_deferred_revenue_Dec_31_2024, 10_deferred_revenue_Oct_31_2025)","{""op"": ""max"", ""left"": {""leaf"": ""10_deferred_revenue_Dec_31_2024"", ""depth"": 0}, ""right"": {""leaf"": ""10_deferred_revenue_Oct_31_2025"", ""depth"": 0}, ""depth"": 1}","{""kind"": ""time_agg"", ""node_id"": ""N0"", ""op"": ""max"", ""family"": ""amount"", ""depth"": 1, ""entity_group"": ""E1"", ""concept_group"": ""T3"", ""over_years_group"": ""Y2""}",4427.0,1,0,1,88116455,466726948,2345,0.341,0,1,2,10_deferred_revenue_Dec_31_2024,deferred_revenue,deferred revenue,Zion Corp,Dec 31 2024,USD,3999.0,10_deferred_revenue_Oct_31_2025,deferred_revenue,deferred revenue,Zion Corp,Oct 31 2025,USD,4427.0,,,,,,,,,,,,,,,,,,,,,,,,,,,,,,,,,,,
438,2,Give the average total shareholders equity for Zion Corp across years Dec 31 2024 through Oct 31 2025 .,"ratio(sum(10_total_equity_Dec_31_2024, 10_total_equity_Oct_31_2025), 2.0)","{""op"": ""ratio"", ""left"": {""op"": ""sum"", ""left"": {""leaf"": ""10_total_equity_Dec_31_2024"", ""depth"": 0}, ""right"": {""leaf"": ""10_total_equity_Oct_31_2025"", ""depth"": 0}, ""depth"": 1}, ""right"": {""literal"": 2.0, ""depth"": 0}, ""depth"": 2}","{""kind"": ""time_agg"", ""node_id"": ""N0"", ""op"": ""avg"", ""family"": ""amount"", ""depth"": 4, ""entity_group"": ""E1"", ""concept_group"": ""T3"", ""over_years_group"": ""Y2""}",24133.5,4,0,2,803237881,947408281,2345,0.408,0,1,2,10_total_equity_Dec_31_2024,total_equity,total shareholders equity,Zion Corp,Dec 31 2024,USD,22908.0,10_total_equity_Oct_31_2025,total_equity,total shareholders equity,Zion Corp,Oct 31 2025,USD,25359.0,,,,,,,,,,,,,,,,,,,,,,,,,,,,,,,,,,,
439,1,May you calculate the the maximum of provision for income taxes for Plex Technologies using values from Q Oct 31 2024 through Q Oct 31 2025,"max(8_tax_Q_Oct_31_2024, 8_tax_Q_Oct_31_2025)","{""op"": ""max"", ""left"": {""leaf"": ""8_tax_Q_Oct_31_2024"", ""depth"": 0}, ""right"": {""leaf"": ""8_tax_Q_Oct_31_2025"", ""depth"": 0}, ""depth"": 1}","{""kind"": ""time_agg"", ""node_id"": ""N0"", ""op"": ""max"", ""family"": ""amount"", ""depth"": 2, ""entity_group"": ""E1"", ""concept_group"": ""T3"", ""over_years_group"": ""Y2""}",-0.0,2,0,1,98426905,402316245,2345,0.209,0,1,2,8_tax_Q_Oct_31_2024,tax_q,provision for income taxes,Plex Technologies,Q Oct 31 2024,USD,-0.0,8_tax_Q_Oct_31_2025,tax_q,provision for income taxes,Plex Technologies,Q Oct 31 2025,USD,0.0,,,,,,,,,,,,,,,,,,,,,,,,,,,,,,,,,,,
440,0,You should calculate the net income for Mira Systems in Q Oct 31 2024,2_net_income_Q_Oct_31_2024,"{""leaf"": ""2_net_income_Q_Oct_31_2024"", ""depth"": 0}","{""kind"": ""leaf"", ""name"": ""L0"", ""family"": ""amount"", ""semantic_type_in"": [""amount""], ""context_group"": ""C0"", ""entity_group"": ""E1""}",1906.0,0,0,0,680065454,275914821,2345,0.166,0,1,1,2_net_income_Q_Oct_31_2024,net_income_q,net income,Mira Systems,Q Oct 31 2024,USD,1906.0,,,,,,,,,,,,,,,,,,,,,,,,,,,,,,,,,,,,,,,,,,
441,0,Which quantity is given by the operating income for Alto Inc in Q Oct 31 2024,5_operating_income_Q_Oct_31_2024,"{""leaf"": ""5_operating_income_Q_Oct_31_2024"", ""depth"": 0}","{""kind"": ""leaf"", ""name"": ""L0"", ""family"": ""amount"", ""semantic_type_in"": [""amount""], ""context_group"": ""C0"", ""entity_group"": ""E1""}",7784.0,1,0,0,368672251,506380249,2345,0.28,0,1,1,5_operating_income_Q_Oct_31_2024,operating_income_q,operating income,Alto Inc,Q Oct 31 2024,USD,7784.0,,,,,,,,,,,,,,,,,,,,,,,,,,,,,,,,,,,,,,,,,,
442,3,Which value corresponds to the sum of the minimum of capital expenditures for Peak Systems using values from YTD Oct 31 2024 through YTD Oct 31 2025 and ratio of sum of total other comprehensive income/(loss) for Peak Systems in Q Oct 31 2024 and total other comprehensive income/(loss) for Peak Systems in Q Oct 31 2025 to 2.0,"sum(min(14_cf_capex_YTD_Oct_31_2024, 14_cf_capex_YTD_Oct_31_2025), ratio(sum(14_ci_total_oci_Q_Oct_31_2024, 14_ci_total_oci_Q_Oct_31_2025), 2.0))","{""op"": ""sum"", ""left"": {""op"": ""min"", ""left"": {""leaf"": ""14_cf_capex_YTD_Oct_31_2024"", ""depth"": 0}, ""right"": {""leaf"": ""14_cf_capex_YTD_Oct_31_2025"", ""depth"": 0}, ""depth"": 1}, ""right"": {""op"": ""ratio"", ""left"": {""op"": ""sum"", ""left"": {""leaf"": ""14_ci_total_oci_Q_Oct_31_2024"", ""depth"": 0}, ""right"": {""leaf"": ""14_ci_total_oci_Q_Oct_31_2025"", ""depth"": 0}, ""depth"": 1}, ""right"": {""literal"": 2.0, ""depth"": 0}, ""depth"": 2}, ""depth"": 3}","{""kind"": ""node"", ""node_id"": ""N2"", ""op"": ""sum"", ""family"": ""amount"", ""depth"": 4, ""left"": {""kind"": ""time_agg"", ""node_id"": ""N0"", ""op"": ""min"", ""family"": ""amount"", ""depth"": 3, ""entity_group"": ""E1"", ""concept_group"": ""T5"", ""over_years_group"": ""Y4"", ""section_group"": ""S3"", ""aggregation_group"": ""A2""}, ""right"": {""kind"": ""time_agg"", ""node_id"": ""N1"", ""op"": ""avg"", ""family"": ""amount"", ""depth"": 3, ""entity_group"": ""E1"", ""concept_group"": ""T7"", ""over_years_group"": ""Y6"", ""section_group"": ""S3"", ""aggregation_group"": ""A2""}}",-7796.5,4,1,3,189503908,210142403,2345,0.282,1,2,4,14_cf_capex_YTD_Oct_31_2024,cf_capex_ytd,capital expenditures,Peak Systems,YTD Oct 31 2024,USD,-7388.0,14_cf_capex_YTD_Oct_31_2025,cf_capex_ytd,capital expenditures,Peak Systems,YTD Oct 31 2025,USD,-7509.0,14_ci_total_oci_Q_Oct_31_2024,ci_total_oci_q,total other comprehensive income/(loss),Peak Systems,Q Oct 31 2024,USD,99.0,14_ci_total_oci_Q_Oct_31_2025,ci_total_oci_q,total other comprehensive income/(loss),Peak Systems,Q Oct 31 2025,USD,-674.0,,,,,,,,,,,,,,,,,,,,,
443,0,You should calculate the total costs and expenses for Nova Holdings in Q Oct 31 2024 .,13_total_costs_Q_Oct_31_2024,"{""leaf"": ""13_total_costs_Q_Oct_31_2024"", ""depth"": 0}","{""kind"": ""leaf"", ""name"": ""L0"", ""family"": ""amount"", ""semantic_type_in"": [""amount""], ""context_group"": ""C0"", ""entity_group"": ""E1""}",156091.0,0,0,0,924115547,240896663,2345,0.298,0,1,1,13_total_costs_Q_Oct_31_2024,total_costs_q,total costs and expenses,Nova Holdings,Q Oct 31 2024,USD,156091.0,,,,,,,,,,,,,,,,,,,,,,,,,,,,,,,,,,,,,,,,,,
444,0,which value corresponds to the total current assets for Plex Technologies in Oct 31 2025?,8_current_assets_Oct_31_2025,"{""leaf"": ""8_current_assets_Oct_31_2025"", ""depth"": 0}","{""kind"": ""leaf"", ""name"": ""L0"", ""family"": ""amount"", ""semantic_type_in"": [""amount""], ""context_group"": ""C0"", ""entity_group"": ""E1""}",43916.0,2,0,0,124748529,268464861,2345,0.106,0,1,1,8_current_assets_Oct_31_2025,current_assets,total current assets,Plex Technologies,Oct 31 2025,USD,43916.0,,,,,,,,,,,,,,,,,,,,,,,,,,,,,,,,,,,,,,,,,,
445,0,Calculate the depreciation and amortization for Vex Industries in YTD Oct 31 2024,12_cf_da_YTD_Oct_31_2024,"{""leaf"": ""12_cf_da_YTD_Oct_31_2024"", ""depth"": 0}","{""kind"": ""leaf"", ""name"": ""L0"", ""family"": ""amount"", ""semantic_type_in"": [""amount""], ""context_group"": ""C0"", ""entity_group"": ""E1""}",5000.0,2,0,0,954423792,302175087,2345,0.281,0,1,1,12_cf_da_YTD_Oct_31_2024,cf_da_ytd,depreciation and amortization,Vex Industries,YTD Oct 31 2024,USD,5000.0,,,,,,,,,,,,,,,,,,,,,,,,,,,,,,,,,,,,,,,,,,
446,0,Whats the value of the net sales for Zion Corp in YTD Oct 31 2024,10_net_sales_YTD_Oct_31_2024,"{""leaf"": ""10_net_sales_YTD_Oct_31_2024"", ""depth"": 0}","{""kind"": ""leaf"", ""name"": ""L0"", ""family"": ""amount"", ""semantic_type_in"": [""amount""], ""context_group"": ""C0"", ""entity_group"": ""E1""}",255120.0,1,0,0,980465068,49196259,2345,0.183,0,1,1,10_net_sales_YTD_Oct_31_2024,net_sales_ytd,net sales,Zion Corp,YTD Oct 31 2024,USD,255120.0,,,,,,,,,,,,,,,,,,,,,,,,,,,,,,,,,,,,,,,,,,
447,0,Compute the cash and cash equivalents for Trek Holdings in Oct 31 2025 .,11_cash_Oct_31_2025,"{""leaf"": ""11_cash_Oct_31_2025"", ""depth"": 0}","{""kind"": ""leaf"", ""name"": ""L0"", ""family"": ""amount"", ""semantic_type_in"": [""amount""], ""context_group"": ""C0"", ""entity_group"": ""E1""}",3640.0,2,0,0,890812220,823041066,2345,0.367,0,1,1,11_cash_Oct_31_2025,cash,cash and cash equivalents,Trek Holdings,Oct 31 2025,USD,3640.0,,,,,,,,,,,,,,,,,,,,,,,,,,,,,,,,,,,,,,,,,,
448,2,Which value corresponds to the average long-term marketable securities for Nova Holdings across years Dec 31 2024 through Oct 31 2025,"ratio(sum(13_lt_investments_Dec_31_2024, 13_lt_investments_Oct_31_2025), 2.0)","{""op"": ""ratio"", ""left"": {""op"": ""sum"", ""left"": {""leaf"": ""13_lt_investments_Dec_31_2024"", ""depth"": 0}, ""right"": {""leaf"": ""13_lt_investments_Oct_31_2025"", ""depth"": 0}, ""depth"": 1}, ""right"": {""literal"": 2.0, ""depth"": 0}, ""depth"": 2}","{""kind"": ""time_agg"", ""node_id"": ""N0"", ""op"": ""avg"", ""family"": ""amount"", ""depth"": 2, ""entity_group"": ""E1"", ""concept_group"": ""T3"", ""over_years_group"": ""Y2""}",12877.0,2,0,2,171063614,544197103,2345,0.233,0,1,2,13_lt_investments_Dec_31_2024,lt_investments,long-term marketable securities,Nova Holdings,Dec 31 2024,USD,12400.0,13_lt_investments_Oct_31_2025,lt_investments,long-term marketable securities,Nova Holdings,Oct 31 2025,USD,13354.0,,,,,,,,,,,,,,,,,,,,,,,,,,,,,,,,,,,
449,1,could you give the the minimum of basic earnings per share for Orion Enterprises using values from Q Oct 31 2024 through Q Oct 31 2025?,"min(6_eps_basic_Q_Oct_31_2024, 6_eps_basic_Q_Oct_31_2025)","{""op"": ""min"", ""left"": {""leaf"": ""6_eps_basic_Q_Oct_31_2024"", ""depth"": 0}, ""right"": {""leaf"": ""6_eps_basic_Q_Oct_31_2025"", ""depth"": 0}, ""depth"": 1}","{""kind"": ""time_agg"", ""node_id"": ""N0"", ""op"": ""min"", ""family"": ""amount"", ""depth"": 3, ""entity_group"": ""E1"", ""concept_group"": ""T3"", ""over_years_group"": ""Y2""}",0.55,3,0,1,383566701,838947085,2345,0.385,0,1,2,6_eps_basic_Q_Oct_31_2024,eps_basic_q,basic earnings per share,Orion Enterprises,Q Oct 31 2024,USD,0.55,6_eps_basic_Q_Oct_31_2025,eps_basic_q,basic earnings per share,Orion Enterprises,Q Oct 31 2025,USD,0.56,,,,,,,,,,,,,,,,,,,,,,,,,,,,,,,,,,,
450,1,What is the the minimum of total comprehensive income for Nova Solutions using values from YTD Oct 31 2024 through YTD Oct 31 2025 ?,"min(4_comprehensive_income_YTD_Oct_31_2024, 4_comprehensive_income_YTD_Oct_31_2025)","{""op"": ""min"", ""left"": {""leaf"": ""4_comprehensive_income_YTD_Oct_31_2024"", ""depth"": 0}, ""right"": {""leaf"": ""4_comprehensive_income_YTD_Oct_31_2025"", ""depth"": 0}, ""depth"": 1}","{""kind"": ""time_agg"", ""node_id"": ""N0"", ""op"": ""min"", ""family"": ""amount"", ""depth"": 2, ""entity_group"": ""E1"", ""concept_group"": ""T3"", ""over_years_group"": ""Y2""}",20751.0,2,0,1,595695361,401139479,2345,0.515,0,1,2,4_comprehensive_income_YTD_Oct_31_2024,comprehensive_income_ytd,total comprehensive income,Nova Solutions,YTD Oct 31 2024,USD,22495.0,4_comprehensive_income_YTD_Oct_31_2025,comprehensive_income_ytd,total comprehensive income,Nova Solutions,YTD Oct 31 2025,USD,20751.0,,,,,,,,,,,,,,,,,,,,,,,,,,,,,,,,,,,
451,1,May you calculate the the maximum of income before taxes for Nova Holdings using values from YTD Oct 31 2024 through YTD Oct 31 2025 ?,"max(13_pretax_income_YTD_Oct_31_2024, 13_pretax_income_YTD_Oct_31_2025)","{""op"": ""max"", ""left"": {""leaf"": ""13_pretax_income_YTD_Oct_31_2024"", ""depth"": 0}, ""right"": {""leaf"": ""13_pretax_income_YTD_Oct_31_2025"", ""depth"": 0}, ""depth"": 1}","{""kind"": ""time_agg"", ""node_id"": ""N0"", ""op"": ""max"", ""family"": ""amount"", ""depth"": 1, ""entity_group"": ""E1"", ""concept_group"": ""T3"", ""over_years_group"": ""Y2""}",34500.0,1,0,1,743268282,400100333,2345,0.59,0,1,2,13_pretax_income_YTD_Oct_31_2024,pretax_income_ytd,income before taxes,Nova Holdings,YTD Oct 31 2024,USD,34500.0,13_pretax_income_YTD_Oct_31_2025,pretax_income_ytd,income before taxes,Nova Holdings,YTD Oct 31 2025,USD,30999.0,,,,,,,,,,,,,,,,,,,,,,,,,,,,,,,,,,,
452,0,what would be the goodwill for Nova Holdings in Dec 31 2024,13_goodwill_Dec_31_2024,"{""leaf"": ""13_goodwill_Dec_31_2024"", ""depth"": 0}","{""kind"": ""leaf"", ""name"": ""L0"", ""family"": ""amount"", ""semantic_type_in"": [""amount""], ""context_group"": ""C0"", ""entity_group"": ""E1""}",12324.0,1,0,0,11918664,141260702,2345,0.2,0,1,1,13_goodwill_Dec_31_2024,goodwill,goodwill,Nova Holdings,Dec 31 2024,USD,12324.0,,,,,,,,,,,,,,,,,,,,,,,,,,,,,,,,,,,,,,,,,,
453,0,which result follows from the income before taxes for Alto Inc in Q Oct 31 2025?,5_pretax_income_Q_Oct_31_2025,"{""leaf"": ""5_pretax_income_Q_Oct_31_2025"", ""depth"": 0}","{""kind"": ""leaf"", ""name"": ""L0"", ""family"": ""amount"", ""semantic_type_in"": [""amount""], ""context_group"": ""C0"", ""entity_group"": ""E1""}",7396.0,4,0,0,5897994,94653123,2345,0.362,0,1,1,5_pretax_income_Q_Oct_31_2025,pretax_income_q,income before taxes,Alto Inc,Q Oct 31 2025,USD,7396.0,,,,,,,,,,,,,,,,,,,,,,,,,,,,,,,,,,,,,,,,,,
454,1,you should give the the minimum of common stock and additional paid-in capital for Crest Systems using values from Dec 31 2024 through Oct 31 2025 .,"min(9_common_stock_apic_Dec_31_2024, 9_common_stock_apic_Oct_31_2025)","{""op"": ""min"", ""left"": {""leaf"": ""9_common_stock_apic_Dec_31_2024"", ""depth"": 0}, ""right"": {""leaf"": ""9_common_stock_apic_Oct_31_2025"", ""depth"": 0}, ""depth"": 1}","{""kind"": ""time_agg"", ""node_id"": ""N0"", ""op"": ""min"", ""family"": ""amount"", ""depth"": 1, ""entity_group"": ""E1"", ""concept_group"": ""T3"", ""over_years_group"": ""Y2""}",2582.0,1,0,1,302135420,422072921,2345,0.221,0,1,2,9_common_stock_apic_Dec_31_2024,common_stock_apic,common stock and additional paid-in capital,Crest Systems,Dec 31 2024,USD,2582.0,9_common_stock_apic_Oct_31_2025,common_stock_apic,common stock and additional paid-in capital,Crest Systems,Oct 31 2025,USD,2845.0,,,,,,,,,,,,,,,,,,,,,,,,,,,,,,,,,,,
455,0,which result follows from the net cash from investing activities for Trek Holdings in YTD Oct 31 2025?,11_cf_investing_YTD_Oct_31_2025,"{""leaf"": ""11_cf_investing_YTD_Oct_31_2025"", ""depth"": 0}","{""kind"": ""leaf"", ""name"": ""L0"", ""family"": ""amount"", ""semantic_type_in"": [""amount""], ""context_group"": ""C0"", ""entity_group"": ""E1""}",-5412.0,4,0,0,793292942,650092563,2345,0.403,0,1,1,11_cf_investing_YTD_Oct_31_2025,cf_investing_ytd,net cash from investing activities,Trek Holdings,YTD Oct 31 2025,USD,-5412.0,,,,,,,,,,,,,,,,,,,,,,,,,,,,,,,,,,,,,,,,,,
456,0,Which result follows from the income before taxes for Peak Systems in YTD Oct 31 2025?,14_pretax_income_YTD_Oct_31_2025,"{""leaf"": ""14_pretax_income_YTD_Oct_31_2025"", ""depth"": 0}","{""kind"": ""leaf"", ""name"": ""L0"", ""family"": ""amount"", ""semantic_type_in"": [""amount""], ""context_group"": ""C0"", ""entity_group"": ""E1""}",5208.0,0,0,0,217996940,904618817,2345,0.191,0,1,1,14_pretax_income_YTD_Oct_31_2025,pretax_income_ytd,income before taxes,Peak Systems,YTD Oct 31 2025,USD,5208.0,,,,,,,,,,,,,,,,,,,,,,,,,,,,,,,,,,,,,,,,,,
457,2,May you give the average net income (CI) for Mira Systems across years Q Oct 31 2024 through Q Oct 31 2025,"ratio(sum(2_ci_net_income_Q_Oct_31_2024, 2_ci_net_income_Q_Oct_31_2025), 2.0)","{""op"": ""ratio"", ""left"": {""op"": ""sum"", ""left"": {""leaf"": ""2_ci_net_income_Q_Oct_31_2024"", ""depth"": 0}, ""right"": {""leaf"": ""2_ci_net_income_Q_Oct_31_2025"", ""depth"": 0}, ""depth"": 1}, ""right"": {""literal"": 2.0, ""depth"": 0}, ""depth"": 2}","{""kind"": ""time_agg"", ""node_id"": ""N0"", ""op"": ""avg"", ""family"": ""amount"", ""depth"": 3, ""entity_group"": ""E1"", ""concept_group"": ""T3"", ""over_years_group"": ""Y2""}",1995.0,3,0,2,563494301,625123649,2345,0.312,0,1,2,2_ci_net_income_Q_Oct_31_2024,ci_net_income_q,net income (CI),Mira Systems,Q Oct 31 2024,USD,1906.0,2_ci_net_income_Q_Oct_31_2025,ci_net_income_q,net income (CI),Mira Systems,Q Oct 31 2025,USD,2084.0,,,,,,,,,,,,,,,,,,,,,,,,,,,,,,,,,,,
458,1,what would be the the maximum of total current liabilities for Mira Systems using values from Dec 31 2024 through Oct 31 2025?,"max(2_current_liabilities_Dec_31_2024, 2_current_liabilities_Oct_31_2025)","{""op"": ""max"", ""left"": {""leaf"": ""2_current_liabilities_Dec_31_2024"", ""depth"": 0}, ""right"": {""leaf"": ""2_current_liabilities_Oct_31_2025"", ""depth"": 0}, ""depth"": 1}","{""kind"": ""time_agg"", ""node_id"": ""N0"", ""op"": ""max"", ""family"": ""amount"", ""depth"": 1, ""entity_group"": ""E1"", ""concept_group"": ""T3"", ""over_years_group"": ""Y2""}",59396.0,1,0,1,160585628,212636754,2345,0.488,0,1,2,2_current_liabilities_Dec_31_2024,current_liabilities,total current liabilities,Mira Systems,Dec 31 2024,USD,50625.0,2_current_liabilities_Oct_31_2025,current_liabilities,total current liabilities,Mira Systems,Oct 31 2025,USD,59396.0,,,,,,,,,,,,,,,,,,,,,,,,,,,,,,,,,,,
459,1,what would be the the maximum of cost of sales for Alto Inc using values from YTD Oct 31 2024 through YTD Oct 31 2025?,"max(5_cost_of_sales_YTD_Oct_31_2024, 5_cost_of_sales_YTD_Oct_31_2025)","{""op"": ""max"", ""left"": {""leaf"": ""5_cost_of_sales_YTD_Oct_31_2024"", ""depth"": 0}, ""right"": {""leaf"": ""5_cost_of_sales_YTD_Oct_31_2025"", ""depth"": 0}, ""depth"": 1}","{""kind"": ""time_agg"", ""node_id"": ""N0"", ""op"": ""max"", ""family"": ""amount"", ""depth"": 3, ""entity_group"": ""E1"", ""concept_group"": ""T3"", ""over_years_group"": ""Y2""}",178572.0,3,0,1,369431662,570558624,2345,0.386,0,1,2,5_cost_of_sales_YTD_Oct_31_2024,cost_of_sales_ytd,cost of sales,Alto Inc,YTD Oct 31 2024,USD,178572.0,5_cost_of_sales_YTD_Oct_31_2025,cost_of_sales_ytd,cost of sales,Alto Inc,YTD Oct 31 2025,USD,177021.0,,,,,,,,,,,,,,,,,,,,,,,,,,,,,,,,,,,
460,2,you should give the result of the maximum of short-term investments for Plex Technologies using values from Dec 31 2024 through Oct 31 2025 scaled by growth in long-term marketable securities for Plex Technologies from Dec 31 2024 to Oct 31 2025 .,"mul(max(8_st_investments_Dec_31_2024, 8_st_investments_Oct_31_2025), growth(8_lt_investments_Oct_31_2025, 8_lt_investments_Dec_31_2024))","{""op"": ""mul"", ""left"": {""op"": ""max"", ""left"": {""leaf"": ""8_st_investments_Dec_31_2024"", ""depth"": 0}, ""right"": {""leaf"": ""8_st_investments_Oct_31_2025"", ""depth"": 0}, ""depth"": 1}, ""right"": {""op"": ""growth"", ""left"": {""leaf"": ""8_lt_investments_Oct_31_2025"", ""depth"": 0}, ""right"": {""leaf"": ""8_lt_investments_Dec_31_2024"", ""depth"": 0}, ""depth"": 1}, ""depth"": 2}","{""kind"": ""node"", ""node_id"": ""N2"", ""op"": ""mul"", ""family"": ""amount"", ""depth"": 2, ""left"": {""kind"": ""time_agg"", ""node_id"": ""N0"", ""op"": ""max"", ""family"": ""amount"", ""depth"": 1, ""entity_group"": ""E1"", ""concept_group"": ""T3"", ""over_years_group"": ""Y2""}, ""right"": {""kind"": ""node"", ""node_id"": ""N1"", ""op"": ""growth"", ""family"": ""ratio"", ""depth"": 1, ""left"": {""kind"": ""leaf"", ""name"": ""L0"", ""family"": ""amount"", ""semantic_type_in"": [""amount""], ""context_group"": ""C6"", ""entity_group"": ""E1"", ""time_series_group"": ""Y4"", ""concept_group"": ""T5""}, ""right"": {""kind"": ""leaf"", ""name"": ""L1"", ""family"": ""amount"", ""semantic_type_in"": [""amount""], ""context_group"": ""C7"", ""entity_group"": ""E1"", ""time_series_group"": ""Y4"", ""concept_group"": ""T5""}, ""over_years_group"": ""Y4""}}",140.14765023555094,2,2,2,451381059,735899842,2345,0.469,2,3,4,8_st_investments_Dec_31_2024,st_investments,short-term investments,Plex Technologies,Dec 31 2024,USD,6456.0,8_st_investments_Oct_31_2025,st_investments,short-term investments,Plex Technologies,Oct 31 2025,USD,6593.0,8_lt_investments_Oct_31_2025,lt_investments,long-term marketable securities,Plex Technologies,Oct 31 2025,USD,17776.0,8_lt_investments_Dec_31_2024,lt_investments,long-term marketable securities,Plex Technologies,Dec 31 2024,USD,17406.0,,,,,,,,,,,,,,,,,,,,,
461,2,whats the value of the average change in foreign currency translation for Nova Solutions across years Q Oct 31 2024 through Q Oct 31 2025?,"ratio(sum(4_ci_fx_translation_Q_Oct_31_2024, 4_ci_fx_translation_Q_Oct_31_2025), 2.0)","{""op"": ""ratio"", ""left"": {""op"": ""sum"", ""left"": {""leaf"": ""4_ci_fx_translation_Q_Oct_31_2024"", ""depth"": 0}, ""right"": {""leaf"": ""4_ci_fx_translation_Q_Oct_31_2025"", ""depth"": 0}, ""depth"": 1}, ""right"": {""literal"": 2.0, ""depth"": 0}, ""depth"": 2}","{""kind"": ""time_agg"", ""node_id"": ""N0"", ""op"": ""avg"", ""family"": ""amount"", ""depth"": 2, ""entity_group"": ""E1"", ""concept_group"": ""T3"", ""over_years_group"": ""Y2""}",-298.5,2,0,2,766746816,783537666,2345,0.293,0,1,2,4_ci_fx_translation_Q_Oct_31_2024,ci_fx_translation_q,change in foreign currency translation,Nova Solutions,Q Oct 31 2024,USD,-65.0,4_ci_fx_translation_Q_Oct_31_2025,ci_fx_translation_q,change in foreign currency translation,Nova Solutions,Q Oct 31 2025,USD,-532.0,,,,,,,,,,,,,,,,,,,,,,,,,,,,,,,,,,,
462,0,what is the cost of sales for Nova Enterprises in YTD Oct 31 2024 ?,7_cost_of_sales_YTD_Oct_31_2024,"{""leaf"": ""7_cost_of_sales_YTD_Oct_31_2024"", ""depth"": 0}","{""kind"": ""leaf"", ""name"": ""L0"", ""family"": ""amount"", ""semantic_type_in"": [""amount""], ""context_group"": ""C0"", ""entity_group"": ""E1""}",287394.0,0,0,0,313933395,816368872,2345,0.255,0,1,1,7_cost_of_sales_YTD_Oct_31_2024,cost_of_sales_ytd,cost of sales,Nova Enterprises,YTD Oct 31 2024,USD,287394.0,,,,,,,,,,,,,,,,,,,,,,,,,,,,,,,,,,,,,,,,,,
463,1,"what is the value of the the maximum of accounts receivable, net for Plex Technologies using values from Dec 31 2024 through Oct 31 2025?","max(8_accounts_receivable_Dec_31_2024, 8_accounts_receivable_Oct_31_2025)","{""op"": ""max"", ""left"": {""leaf"": ""8_accounts_receivable_Dec_31_2024"", ""depth"": 0}, ""right"": {""leaf"": ""8_accounts_receivable_Oct_31_2025"", ""depth"": 0}, ""depth"": 1}","{""kind"": ""time_agg"", ""node_id"": ""N0"", ""op"": ""max"", ""family"": ""amount"", ""depth"": 3, ""entity_group"": ""E1"", ""concept_group"": ""T3"", ""over_years_group"": ""Y2""}",10753.0,3,0,1,638165932,190640317,2345,0.511,0,1,2,8_accounts_receivable_Dec_31_2024,accounts_receivable,"accounts receivable, net",Plex Technologies,Dec 31 2024,USD,10529.0,8_accounts_receivable_Oct_31_2025,accounts_receivable,"accounts receivable, net",Plex Technologies,Oct 31 2025,USD,10753.0,,,,,,,,,,,,,,,,,,,,,,,,,,,,,,,,,,,
464,0,Which value corresponds to the selling general and administrative expense for Alto Inc in Q Oct 31 2024?,5_sga_expense_Q_Oct_31_2024,"{""leaf"": ""5_sga_expense_Q_Oct_31_2024"", ""depth"": 0}","{""kind"": ""leaf"", ""name"": ""L0"", ""family"": ""amount"", ""semantic_type_in"": [""amount""], ""context_group"": ""C0"", ""entity_group"": ""E1""}",17789.0,0,0,0,159230861,454571399,2345,0.419,0,1,1,5_sga_expense_Q_Oct_31_2024,sga_expense_q,selling general and administrative expense,Alto Inc,Q Oct 31 2024,USD,17789.0,,,,,,,,,,,,,,,,,,,,,,,,,,,,,,,,,,,,,,,,,,
465,0,You should calculate the net income (cash flow) for Nova Enterprises in YTD Oct 31 2024 .,7_cf_net_income_YTD_Oct_31_2024,"{""leaf"": ""7_cf_net_income_YTD_Oct_31_2024"", ""depth"": 0}","{""kind"": ""leaf"", ""name"": ""L0"", ""family"": ""amount"", ""semantic_type_in"": [""amount""], ""context_group"": ""C0"", ""entity_group"": ""E1""}",4701.0,0,0,0,577317012,154815086,2345,0.379,0,1,1,7_cf_net_income_YTD_Oct_31_2024,cf_net_income_ytd,net income (cash flow),Nova Enterprises,YTD Oct 31 2024,USD,4701.0,,,,,,,,,,,,,,,,,,,,,,,,,,,,,,,,,,,,,,,,,,
466,2,what would be the average research and development expense for Crest Systems across years Q Oct 31 2024 through Q Oct 31 2025 ?,"ratio(sum(9_rd_expense_Q_Oct_31_2024, 9_rd_expense_Q_Oct_31_2025), 2.0)","{""op"": ""ratio"", ""left"": {""op"": ""sum"", ""left"": {""leaf"": ""9_rd_expense_Q_Oct_31_2024"", ""depth"": 0}, ""right"": {""leaf"": ""9_rd_expense_Q_Oct_31_2025"", ""depth"": 0}, ""depth"": 1}, ""right"": {""literal"": 2.0, ""depth"": 0}, ""depth"": 2}","{""kind"": ""time_agg"", ""node_id"": ""N0"", ""op"": ""avg"", ""family"": ""amount"", ""depth"": 3, ""entity_group"": ""E1"", ""concept_group"": ""T3"", ""over_years_group"": ""Y2""}",59.5,3,0,2,565323242,892345654,2345,0.339,0,1,2,9_rd_expense_Q_Oct_31_2024,rd_expense_q,research and development expense,Crest Systems,Q Oct 31 2024,USD,60.0,9_rd_expense_Q_Oct_31_2025,rd_expense_q,research and development expense,Crest Systems,Q Oct 31 2025,USD,59.0,,,,,,,,,,,,,,,,,,,,,,,,,,,,,,,,,,,
467,1,Which quantity is given by the the maximum of gross profit for Nova Holdings using values from YTD Oct 31 2024 through YTD Oct 31 2025 ?,"max(13_gross_profit_YTD_Oct_31_2024, 13_gross_profit_YTD_Oct_31_2025)","{""op"": ""max"", ""left"": {""leaf"": ""13_gross_profit_YTD_Oct_31_2024"", ""depth"": 0}, ""right"": {""leaf"": ""13_gross_profit_YTD_Oct_31_2025"", ""depth"": 0}, ""depth"": 1}","{""kind"": ""time_agg"", ""node_id"": ""N0"", ""op"": ""max"", ""family"": ""amount"", ""depth"": 2, ""entity_group"": ""E1"", ""concept_group"": ""T3"", ""over_years_group"": ""Y2""}",129735.0,2,0,1,684138424,487896731,2345,0.25,0,1,2,13_gross_profit_YTD_Oct_31_2024,gross_profit_ytd,gross profit,Nova Holdings,YTD Oct 31 2024,USD,129735.0,13_gross_profit_YTD_Oct_31_2025,gross_profit_ytd,gross profit,Nova Holdings,YTD Oct 31 2025,USD,116580.0,,,,,,,,,,,,,,,,,,,,,,,,,,,,,,,,,,,
468,2,what does the following give: average net income (CI) for Orion Enterprises across years Q Oct 31 2024 through Q Oct 31 2025,"ratio(sum(6_ci_net_income_Q_Oct_31_2024, 6_ci_net_income_Q_Oct_31_2025), 2.0)","{""op"": ""ratio"", ""left"": {""op"": ""sum"", ""left"": {""leaf"": ""6_ci_net_income_Q_Oct_31_2024"", ""depth"": 0}, ""right"": {""leaf"": ""6_ci_net_income_Q_Oct_31_2025"", ""depth"": 0}, ""depth"": 1}, ""right"": {""literal"": 2.0, ""depth"": 0}, ""depth"": 2}","{""kind"": ""time_agg"", ""node_id"": ""N0"", ""op"": ""avg"", ""family"": ""amount"", ""depth"": 4, ""entity_group"": ""E1"", ""concept_group"": ""T3"", ""over_years_group"": ""Y2""}",4066.0,4,0,2,783792525,326642164,2345,0.575,0,1,2,6_ci_net_income_Q_Oct_31_2024,ci_net_income_q,net income (CI),Orion Enterprises,Q Oct 31 2024,USD,4022.0,6_ci_net_income_Q_Oct_31_2025,ci_net_income_q,net income (CI),Orion Enterprises,Q Oct 31 2025,USD,4110.0,,,,,,,,,,,,,,,,,,,,,,,,,,,,,,,,,,,
469,2,May you calculate the average cash and cash equivalents for Crest Systems across years Dec 31 2024 through Oct 31 2025,"ratio(sum(9_cash_Dec_31_2024, 9_cash_Oct_31_2025), 2.0)","{""op"": ""ratio"", ""left"": {""op"": ""sum"", ""left"": {""leaf"": ""9_cash_Dec_31_2024"", ""depth"": 0}, ""right"": {""leaf"": ""9_cash_Oct_31_2025"", ""depth"": 0}, ""depth"": 1}, ""right"": {""literal"": 2.0, ""depth"": 0}, ""depth"": 2}","{""kind"": ""time_agg"", ""node_id"": ""N0"", ""op"": ""avg"", ""family"": ""amount"", ""depth"": 3, ""entity_group"": ""E1"", ""concept_group"": ""T3"", ""over_years_group"": ""Y2""}",1917.5,3,0,2,853217560,545180246,2345,0.528,0,1,2,9_cash_Dec_31_2024,cash,cash and cash equivalents,Crest Systems,Dec 31 2024,USD,1930.0,9_cash_Oct_31_2025,cash,cash and cash equivalents,Crest Systems,Oct 31 2025,USD,1905.0,,,,,,,,,,,,,,,,,,,,,,,,,,,,,,,,,,,
470,2,Provide the average operating income for Zion Solutions across years Q Oct 31 2024 through Q Oct 31 2025.,"ratio(sum(3_operating_income_Q_Oct_31_2024, 3_operating_income_Q_Oct_31_2025), 2.0)","{""op"": ""ratio"", ""left"": {""op"": ""sum"", ""left"": {""leaf"": ""3_operating_income_Q_Oct_31_2024"", ""depth"": 0}, ""right"": {""leaf"": ""3_operating_income_Q_Oct_31_2025"", ""depth"": 0}, ""depth"": 1}, ""right"": {""literal"": 2.0, ""depth"": 0}, ""depth"": 2}","{""kind"": ""time_agg"", ""node_id"": ""N0"", ""op"": ""avg"", ""family"": ""amount"", ""depth"": 3, ""entity_group"": ""E1"", ""concept_group"": ""T3"", ""over_years_group"": ""Y2""}",2220.5,3,0,2,612653070,155422876,2345,0.169,0,1,2,3_operating_income_Q_Oct_31_2024,operating_income_q,operating income,Zion Solutions,Q Oct 31 2024,USD,2264.0,3_operating_income_Q_Oct_31_2025,operating_income_q,operating income,Zion Solutions,Q Oct 31 2025,USD,2177.0,,,,,,,,,,,,,,,,,,,,,,,,,,,,,,,,,,,
471,0,Which result follows from the gross profit for Nova Solutions in YTD Oct 31 2025 ?,4_gross_profit_YTD_Oct_31_2025,"{""leaf"": ""4_gross_profit_YTD_Oct_31_2025"", ""depth"": 0}","{""kind"": ""leaf"", ""name"": ""L0"", ""family"": ""amount"", ""semantic_type_in"": [""amount""], ""context_group"": ""C0"", ""entity_group"": ""E1""}",88392.0,0,0,0,441151440,16910506,2345,0.332,0,1,1,4_gross_profit_YTD_Oct_31_2025,gross_profit_ytd,gross profit,Nova Solutions,YTD Oct 31 2025,USD,88392.0,,,,,,,,,,,,,,,,,,,,,,,,,,,,,,,,,,,,,,,,,,
472,1,Could you give the longterm liabilities for Apex Technologies in Oct 31 2025?,longterm_liabilities,"{""derived"": ""longterm_liabilities"", ""expanded"": {""op"": ""diff"", ""left"": {""leaf"": ""1_total_liabilities_Oct_31_2025"", ""depth"": 0}, ""right"": {""leaf"": ""1_current_liabilities_Oct_31_2025"", ""depth"": 0}, ""depth"": 1}, ""depth"": 1}","{""kind"": ""derived_concept"", ""name"": ""longterm_liabilities"", ""family"": ""amount"", ""concept_depth"": 1, ""context_group"": ""C0"", ""entity_group"": ""E1""}",26988.0,1,0,1,71757721,170547237,2345,0.335,0,1,2,1_total_liabilities_Oct_31_2025,total_liabilities,total liabilities,Apex Technologies,Oct 31 2025,USD,91837.0,1_current_liabilities_Oct_31_2025,current_liabilities,total current liabilities,Apex Technologies,Oct 31 2025,USD,64849.0,,,,,,,,,,,,,,,,,,,,,,,,,,,,,,,,,,,
473,0,what is the cost of sales for Trek Holdings in YTD Oct 31 2025 ?,11_cost_of_sales_YTD_Oct_31_2025,"{""leaf"": ""11_cost_of_sales_YTD_Oct_31_2025"", ""depth"": 0}","{""kind"": ""leaf"", ""name"": ""L0"", ""family"": ""amount"", ""semantic_type_in"": [""amount""], ""context_group"": ""C0"", ""entity_group"": ""E1""}",163386.0,0,0,0,427085776,509077140,2345,0.597,0,1,1,11_cost_of_sales_YTD_Oct_31_2025,cost_of_sales_ytd,cost of sales,Trek Holdings,YTD Oct 31 2025,USD,163386.0,,,,,,,,,,,,,,,,,,,,,,,,,,,,,,,,,,,,,,,,,,
474,1,May you give the the minimum of net income (cash flow) for Zion Solutions using values from YTD Oct 31 2024 through YTD Oct 31 2025 ?,"min(3_cf_net_income_YTD_Oct_31_2024, 3_cf_net_income_YTD_Oct_31_2025)","{""op"": ""min"", ""left"": {""leaf"": ""3_cf_net_income_YTD_Oct_31_2024"", ""depth"": 0}, ""right"": {""leaf"": ""3_cf_net_income_YTD_Oct_31_2025"", ""depth"": 0}, ""depth"": 1}","{""kind"": ""time_agg"", ""node_id"": ""N0"", ""op"": ""min"", ""family"": ""amount"", ""depth"": 3, ""entity_group"": ""E1"", ""concept_group"": ""T3"", ""over_years_group"": ""Y2""}",4011.0,3,0,1,267413653,368312968,2345,0.256,0,1,2,3_cf_net_income_YTD_Oct_31_2024,cf_net_income_ytd,net income (cash flow),Zion Solutions,YTD Oct 31 2024,USD,4170.0,3_cf_net_income_YTD_Oct_31_2025,cf_net_income_ytd,net income (cash flow),Zion Solutions,YTD Oct 31 2025,USD,4011.0,,,,,,,,,,,,,,,,,,,,,,,,,,,,,,,,,,,
475,1,evaluate the the maximum of net income for Apex Technologies using values from YTD Oct 31 2024 through YTD Oct 31 2025 .,"max(1_net_income_YTD_Oct_31_2024, 1_net_income_YTD_Oct_31_2025)","{""op"": ""max"", ""left"": {""leaf"": ""1_net_income_YTD_Oct_31_2024"", ""depth"": 0}, ""right"": {""leaf"": ""1_net_income_YTD_Oct_31_2025"", ""depth"": 0}, ""depth"": 1}","{""kind"": ""time_agg"", ""node_id"": ""N0"", ""op"": ""max"", ""family"": ""amount"", ""depth"": 1, ""entity_group"": ""E1"", ""concept_group"": ""T3"", ""over_years_group"": ""Y2""}",27801.0,1,0,1,144973035,307988028,2345,0.256,0,1,2,1_net_income_YTD_Oct_31_2024,net_income_ytd,net income,Apex Technologies,YTD Oct 31 2024,USD,27801.0,1_net_income_YTD_Oct_31_2025,net_income_ytd,net income,Apex Technologies,YTD Oct 31 2025,USD,27444.0,,,,,,,,,,,,,,,,,,,,,,,,,,,,,,,,,,,
476,2,determine the average change in foreign currency translation for Mira Systems across years Q Oct 31 2024 through Q Oct 31 2025,"ratio(sum(2_ci_fx_translation_Q_Oct_31_2024, 2_ci_fx_translation_Q_Oct_31_2025), 2.0)","{""op"": ""ratio"", ""left"": {""op"": ""sum"", ""left"": {""leaf"": ""2_ci_fx_translation_Q_Oct_31_2024"", ""depth"": 0}, ""right"": {""leaf"": ""2_ci_fx_translation_Q_Oct_31_2025"", ""depth"": 0}, ""depth"": 1}, ""right"": {""literal"": 2.0, ""depth"": 0}, ""depth"": 2}","{""kind"": ""time_agg"", ""node_id"": ""N0"", ""op"": ""avg"", ""family"": ""amount"", ""depth"": 3, ""entity_group"": ""E1"", ""concept_group"": ""T3"", ""over_years_group"": ""Y2""}",73.0,3,0,2,751996339,887918240,2345,0.562,0,1,2,2_ci_fx_translation_Q_Oct_31_2024,ci_fx_translation_q,change in foreign currency translation,Mira Systems,Q Oct 31 2024,USD,75.0,2_ci_fx_translation_Q_Oct_31_2025,ci_fx_translation_q,change in foreign currency translation,Mira Systems,Q Oct 31 2025,USD,71.0,,,,,,,,,,,,,,,,,,,,,,,,,,,,,,,,,,,
477,0,What would be the total other comprehensive income/(loss) for Orion Enterprises in Q Oct 31 2024 ?,6_ci_total_oci_Q_Oct_31_2024,"{""leaf"": ""6_ci_total_oci_Q_Oct_31_2024"", ""depth"": 0}","{""kind"": ""leaf"", ""name"": ""L0"", ""family"": ""amount"", ""semantic_type_in"": [""amount""], ""context_group"": ""C0"", ""entity_group"": ""E1""}",-58.0,0,0,0,883710140,706071399,2345,0.442,0,1,1,6_ci_total_oci_Q_Oct_31_2024,ci_total_oci_q,total other comprehensive income/(loss),Orion Enterprises,Q Oct 31 2024,USD,-58.0,,,,,,,,,,,,,,,,,,,,,,,,,,,,,,,,,,,,,,,,,,
478,1,which value corresponds to the the minimum of selling general and administrative expense for Crest Systems using values from YTD Oct 31 2024 through YTD Oct 31 2025,"min(9_sga_expense_YTD_Oct_31_2024, 9_sga_expense_YTD_Oct_31_2025)","{""op"": ""min"", ""left"": {""leaf"": ""9_sga_expense_YTD_Oct_31_2024"", ""depth"": 0}, ""right"": {""leaf"": ""9_sga_expense_YTD_Oct_31_2025"", ""depth"": 0}, ""depth"": 1}","{""kind"": ""time_agg"", ""node_id"": ""N0"", ""op"": ""min"", ""family"": ""amount"", ""depth"": 4, ""entity_group"": ""E1"", ""concept_group"": ""T3"", ""over_years_group"": ""Y2""}",17040.0,4,0,1,69898064,203139951,2345,0.49,0,1,2,9_sga_expense_YTD_Oct_31_2024,sga_expense_ytd,selling general and administrative expense,Crest Systems,YTD Oct 31 2024,USD,17226.0,9_sga_expense_YTD_Oct_31_2025,sga_expense_ytd,selling general and administrative expense,Crest Systems,YTD Oct 31 2025,USD,17040.0,,,,,,,,,,,,,,,,,,,,,,,,,,,,,,,,,,,
479,1,Which value corresponds to the the maximum of retained earnings for Orion Enterprises using values from Dec 31 2024 through Oct 31 2025 ?,"max(6_retained_earnings_Dec_31_2024, 6_retained_earnings_Oct_31_2025)","{""op"": ""max"", ""left"": {""leaf"": ""6_retained_earnings_Dec_31_2024"", ""depth"": 0}, ""right"": {""leaf"": ""6_retained_earnings_Oct_31_2025"", ""depth"": 0}, ""depth"": 1}","{""kind"": ""time_agg"", ""node_id"": ""N0"", ""op"": ""max"", ""family"": ""amount"", ""depth"": 3, ""entity_group"": ""E1"", ""concept_group"": ""T3"", ""over_years_group"": ""Y2""}",-1947.0,3,0,1,948822510,452201072,2345,0.582,0,1,2,6_retained_earnings_Dec_31_2024,retained_earnings,retained earnings,Orion Enterprises,Dec 31 2024,USD,-1947.0,6_retained_earnings_Oct_31_2025,retained_earnings,retained earnings,Orion Enterprises,Oct 31 2025,USD,-3572.0,,,,,,,,,,,,,,,,,,,,,,,,,,,,,,,,,,,
480,1,which value corresponds to the the minimum of common stock and additional paid-in capital for Crest Systems using values from Dec 31 2024 through Oct 31 2025?,"min(9_common_stock_apic_Dec_31_2024, 9_common_stock_apic_Oct_31_2025)","{""op"": ""min"", ""left"": {""leaf"": ""9_common_stock_apic_Dec_31_2024"", ""depth"": 0}, ""right"": {""leaf"": ""9_common_stock_apic_Oct_31_2025"", ""depth"": 0}, ""depth"": 1}","{""kind"": ""time_agg"", ""node_id"": ""N0"", ""op"": ""min"", ""family"": ""amount"", ""depth"": 3, ""entity_group"": ""E1"", ""concept_group"": ""T3"", ""over_years_group"": ""Y2""}",2582.0,3,0,1,506355860,188503300,2345,0.24,0,1,2,9_common_stock_apic_Dec_31_2024,common_stock_apic,common stock and additional paid-in capital,Crest Systems,Dec 31 2024,USD,2582.0,9_common_stock_apic_Oct_31_2025,common_stock_apic,common stock and additional paid-in capital,Crest Systems,Oct 31 2025,USD,2845.0,,,,,,,,,,,,,,,,,,,,,,,,,,,,,,,,,,,
481,0,"which value corresponds to the accounts receivable, net for Mira Systems in Oct 31 2025",2_accounts_receivable_Oct_31_2025,"{""leaf"": ""2_accounts_receivable_Oct_31_2025"", ""depth"": 0}","{""kind"": ""leaf"", ""name"": ""L0"", ""family"": ""amount"", ""semantic_type_in"": [""amount""], ""context_group"": ""C0"", ""entity_group"": ""E1""}",14691.0,0,0,0,131657922,351516066,2345,0.388,0,1,1,2_accounts_receivable_Oct_31_2025,accounts_receivable,"accounts receivable, net",Mira Systems,Oct 31 2025,USD,14691.0,,,,,,,,,,,,,,,,,,,,,,,,,,,,,,,,,,,,,,,,,,
482,2,Determine the average research and development expense for Peak Systems across years Q Oct 31 2024 through Q Oct 31 2025.,"ratio(sum(14_rd_expense_Q_Oct_31_2024, 14_rd_expense_Q_Oct_31_2025), 2.0)","{""op"": ""ratio"", ""left"": {""op"": ""sum"", ""left"": {""leaf"": ""14_rd_expense_Q_Oct_31_2024"", ""depth"": 0}, ""right"": {""leaf"": ""14_rd_expense_Q_Oct_31_2025"", ""depth"": 0}, ""depth"": 1}, ""right"": {""literal"": 2.0, ""depth"": 0}, ""depth"": 2}","{""kind"": ""time_agg"", ""node_id"": ""N0"", ""op"": ""avg"", ""family"": ""amount"", ""depth"": 4, ""entity_group"": ""E1"", ""concept_group"": ""T3"", ""over_years_group"": ""Y2""}",545.5,4,0,2,800650649,275891451,2345,0.479,0,1,2,14_rd_expense_Q_Oct_31_2024,rd_expense_q,research and development expense,Peak Systems,Q Oct 31 2024,USD,541.0,14_rd_expense_Q_Oct_31_2025,rd_expense_q,research and development expense,Peak Systems,Q Oct 31 2025,USD,550.0,,,,,,,,,,,,,,,,,,,,,,,,,,,,,,,,,,,
483,1,what is the value of the the minimum of total costs and expenses for Orion Enterprises using values from Q Oct 31 2024 through Q Oct 31 2025 ?,"min(6_total_costs_Q_Oct_31_2024, 6_total_costs_Q_Oct_31_2025)","{""op"": ""min"", ""left"": {""leaf"": ""6_total_costs_Q_Oct_31_2024"", ""depth"": 0}, ""right"": {""leaf"": ""6_total_costs_Q_Oct_31_2025"", ""depth"": 0}, ""depth"": 1}","{""kind"": ""time_agg"", ""node_id"": ""N0"", ""op"": ""min"", ""family"": ""amount"", ""depth"": 1, ""entity_group"": ""E1"", ""concept_group"": ""T3"", ""over_years_group"": ""Y2""}",77265.0,1,0,1,230387140,333222770,2345,0.514,0,1,2,6_total_costs_Q_Oct_31_2024,total_costs_q,total costs and expenses,Orion Enterprises,Q Oct 31 2024,USD,77265.0,6_total_costs_Q_Oct_31_2025,total_costs_q,total costs and expenses,Orion Enterprises,Q Oct 31 2025,USD,78947.0,,,,,,,,,,,,,,,,,,,,,,,,,,,,,,,,,,,
484,2,What is the value of the average income before taxes for Vex Industries across years Q Oct 31 2024 through Q Oct 31 2025?,"ratio(sum(12_pretax_income_Q_Oct_31_2024, 12_pretax_income_Q_Oct_31_2025), 2.0)","{""op"": ""ratio"", ""left"": {""op"": ""sum"", ""left"": {""leaf"": ""12_pretax_income_Q_Oct_31_2024"", ""depth"": 0}, ""right"": {""leaf"": ""12_pretax_income_Q_Oct_31_2025"", ""depth"": 0}, ""depth"": 1}, ""right"": {""literal"": 2.0, ""depth"": 0}, ""depth"": 2}","{""kind"": ""time_agg"", ""node_id"": ""N0"", ""op"": ""avg"", ""family"": ""amount"", ""depth"": 1, ""entity_group"": ""E1"", ""concept_group"": ""T3"", ""over_years_group"": ""Y2""}",6305.5,1,0,2,959162371,214562120,2345,0.285,0,1,2,12_pretax_income_Q_Oct_31_2024,pretax_income_q,income before taxes,Vex Industries,Q Oct 31 2024,USD,6215.0,12_pretax_income_Q_Oct_31_2025,pretax_income_q,income before taxes,Vex Industries,Q Oct 31 2025,USD,6396.0,,,,,,,,,,,,,,,,,,,,,,,,,,,,,,,,,,,
485,2,"What is the average property, plant and equipment, net for Nova Enterprises across years Dec 31 2024 through Oct 31 2025","ratio(sum(7_ppe_Dec_31_2024, 7_ppe_Oct_31_2025), 2.0)","{""op"": ""ratio"", ""left"": {""op"": ""sum"", ""left"": {""leaf"": ""7_ppe_Dec_31_2024"", ""depth"": 0}, ""right"": {""leaf"": ""7_ppe_Oct_31_2025"", ""depth"": 0}, ""depth"": 1}, ""right"": {""literal"": 2.0, ""depth"": 0}, ""depth"": 2}","{""kind"": ""time_agg"", ""node_id"": ""N0"", ""op"": ""avg"", ""family"": ""amount"", ""depth"": 1, ""entity_group"": ""E1"", ""concept_group"": ""T3"", ""over_years_group"": ""Y2""}",45093.5,1,0,2,544977096,632976226,2345,0.293,0,1,2,7_ppe_Dec_31_2024,ppe,"property, plant and equipment, net",Nova Enterprises,Dec 31 2024,USD,41818.0,7_ppe_Oct_31_2025,ppe,"property, plant and equipment, net",Nova Enterprises,Oct 31 2025,USD,48369.0,,,,,,,,,,,,,,,,,,,,,,,,,,,,,,,,,,,
486,2,State the average accumulated other comprehensive income/(loss) for Volt Inc across years Dec 31 2024 through Oct 31 2025,"ratio(sum(0_aoci_Dec_31_2024, 0_aoci_Oct_31_2025), 2.0)","{""op"": ""ratio"", ""left"": {""op"": ""sum"", ""left"": {""leaf"": ""0_aoci_Dec_31_2024"", ""depth"": 0}, ""right"": {""leaf"": ""0_aoci_Oct_31_2025"", ""depth"": 0}, ""depth"": 1}, ""right"": {""literal"": 2.0, ""depth"": 0}, ""depth"": 2}","{""kind"": ""time_agg"", ""node_id"": ""N0"", ""op"": ""avg"", ""family"": ""amount"", ""depth"": 1, ""entity_group"": ""E1"", ""concept_group"": ""T3"", ""over_years_group"": ""Y2""}",-1482.0,1,0,2,854962538,10145599,2345,0.306,0,1,2,0_aoci_Dec_31_2024,aoci,accumulated other comprehensive income/(loss),Volt Inc,Dec 31 2024,USD,0.0,0_aoci_Oct_31_2025,aoci,accumulated other comprehensive income/(loss),Volt Inc,Oct 31 2025,USD,-2964.0,,,,,,,,,,,,,,,,,,,,,,,,,,,,,,,,,,,
487,2,provide the average share repurchases for Trek Holdings across years YTD Oct 31 2024 through YTD Oct 31 2025,"ratio(sum(11_cf_repurchases_YTD_Oct_31_2024, 11_cf_repurchases_YTD_Oct_31_2025), 2.0)","{""op"": ""ratio"", ""left"": {""op"": ""sum"", ""left"": {""leaf"": ""11_cf_repurchases_YTD_Oct_31_2024"", ""depth"": 0}, ""right"": {""leaf"": ""11_cf_repurchases_YTD_Oct_31_2025"", ""depth"": 0}, ""depth"": 1}, ""right"": {""literal"": 2.0, ""depth"": 0}, ""depth"": 2}","{""kind"": ""time_agg"", ""node_id"": ""N0"", ""op"": ""avg"", ""family"": ""amount"", ""depth"": 2, ""entity_group"": ""E1"", ""concept_group"": ""T3"", ""over_years_group"": ""Y2""}",-2658.0,2,0,2,924046853,524812979,2345,0.555,0,1,2,11_cf_repurchases_YTD_Oct_31_2024,cf_repurchases_ytd,share repurchases,Trek Holdings,YTD Oct 31 2024,USD,-2561.0,11_cf_repurchases_YTD_Oct_31_2025,cf_repurchases_ytd,share repurchases,Trek Holdings,YTD Oct 31 2025,USD,-2755.0,,,,,,,,,,,,,,,,,,,,,,,,,,,,,,,,,,,
488,1,Compute the the minimum of other non-current assets for Crest Systems using values from Dec 31 2024 through Oct 31 2025 .,"min(9_other_nca_Dec_31_2024, 9_other_nca_Oct_31_2025)","{""op"": ""min"", ""left"": {""leaf"": ""9_other_nca_Dec_31_2024"", ""depth"": 0}, ""right"": {""leaf"": ""9_other_nca_Oct_31_2025"", ""depth"": 0}, ""depth"": 1}","{""kind"": ""time_agg"", ""node_id"": ""N0"", ""op"": ""min"", ""family"": ""amount"", ""depth"": 4, ""entity_group"": ""E1"", ""concept_group"": ""T3"", ""over_years_group"": ""Y2""}",899.0,4,0,1,494042455,781958443,2345,0.305,0,1,2,9_other_nca_Dec_31_2024,other_nca,other non-current assets,Crest Systems,Dec 31 2024,USD,911.0,9_other_nca_Oct_31_2025,other_nca,other non-current assets,Crest Systems,Oct 31 2025,USD,899.0,,,,,,,,,,,,,,,,,,,,,,,,,,,,,,,,,,,
489,1,determine the the minimum of common stock and additional paid-in capital for Vex Industries using values from Dec 31 2024 through Oct 31 2025,"min(12_common_stock_apic_Dec_31_2024, 12_common_stock_apic_Oct_31_2025)","{""op"": ""min"", ""left"": {""leaf"": ""12_common_stock_apic_Dec_31_2024"", ""depth"": 0}, ""right"": {""leaf"": ""12_common_stock_apic_Oct_31_2025"", ""depth"": 0}, ""depth"": 1}","{""kind"": ""time_agg"", ""node_id"": ""N0"", ""op"": ""min"", ""family"": ""amount"", ""depth"": 1, ""entity_group"": ""E1"", ""concept_group"": ""T3"", ""over_years_group"": ""Y2""}",2869.0,1,0,1,871830411,67300771,2345,0.375,0,1,2,12_common_stock_apic_Dec_31_2024,common_stock_apic,common stock and additional paid-in capital,Vex Industries,Dec 31 2024,USD,3356.0,12_common_stock_apic_Oct_31_2025,common_stock_apic,common stock and additional paid-in capital,Vex Industries,Oct 31 2025,USD,2869.0,,,,,,,,,,,,,,,,,,,,,,,,,,,,,,,,,,,
490,0,which quantity is given by the net income (CI) for Nova Holdings in YTD Oct 31 2024,13_ci_net_income_YTD_Oct_31_2024,"{""leaf"": ""13_ci_net_income_YTD_Oct_31_2024"", ""depth"": 0}","{""kind"": ""leaf"", ""name"": ""L0"", ""family"": ""amount"", ""semantic_type_in"": [""amount""], ""context_group"": ""C0"", ""entity_group"": ""E1""}",25014.0,1,0,0,63959118,17525679,2345,0.488,0,1,1,13_ci_net_income_YTD_Oct_31_2024,ci_net_income_ytd,net income (CI),Nova Holdings,YTD Oct 31 2024,USD,25014.0,,,,,,,,,,,,,,,,,,,,,,,,,,,,,,,,,,,,,,,,,,
491,1,You should give the the minimum of change in foreign currency translation for Nova Enterprises using values from YTD Oct 31 2024 through YTD Oct 31 2025.,"min(7_ci_fx_translation_YTD_Oct_31_2024, 7_ci_fx_translation_YTD_Oct_31_2025)","{""op"": ""min"", ""left"": {""leaf"": ""7_ci_fx_translation_YTD_Oct_31_2024"", ""depth"": 0}, ""right"": {""leaf"": ""7_ci_fx_translation_YTD_Oct_31_2025"", ""depth"": 0}, ""depth"": 1}","{""kind"": ""time_agg"", ""node_id"": ""N0"", ""op"": ""min"", ""family"": ""amount"", ""depth"": 3, ""entity_group"": ""E1"", ""concept_group"": ""T3"", ""over_years_group"": ""Y2""}",-335.0,3,0,1,174425808,640522532,2345,0.496,0,1,2,7_ci_fx_translation_YTD_Oct_31_2024,ci_fx_translation_ytd,change in foreign currency translation,Nova Enterprises,YTD Oct 31 2024,USD,-284.0,7_ci_fx_translation_YTD_Oct_31_2025,ci_fx_translation_ytd,change in foreign currency translation,Nova Enterprises,YTD Oct 31 2025,USD,-335.0,,,,,,,,,,,,,,,,,,,,,,,,,,,,,,,,,,,
492,1,Compute the the minimum of net income for Trek Holdings using values from YTD Oct 31 2024 through YTD Oct 31 2025,"min(11_net_income_YTD_Oct_31_2024, 11_net_income_YTD_Oct_31_2025)","{""op"": ""min"", ""left"": {""leaf"": ""11_net_income_YTD_Oct_31_2024"", ""depth"": 0}, ""right"": {""leaf"": ""11_net_income_YTD_Oct_31_2025"", ""depth"": 0}, ""depth"": 1}","{""kind"": ""time_agg"", ""node_id"": ""N0"", ""op"": ""min"", ""family"": ""amount"", ""depth"": 4, ""entity_group"": ""E1"", ""concept_group"": ""T3"", ""over_years_group"": ""Y2""}",12450.0,4,0,1,947168875,157602078,2345,0.232,0,1,2,11_net_income_YTD_Oct_31_2024,net_income_ytd,net income,Trek Holdings,YTD Oct 31 2024,USD,12450.0,11_net_income_YTD_Oct_31_2025,net_income_ytd,net income,Trek Holdings,YTD Oct 31 2025,USD,13392.0,,,,,,,,,,,,,,,,,,,,,,,,,,,,,,,,,,,
493,0,you should give the total other comprehensive income/(loss) for Zion Corp in YTD Oct 31 2024 .,10_ci_total_oci_YTD_Oct_31_2024,"{""leaf"": ""10_ci_total_oci_YTD_Oct_31_2024"", ""depth"": 0}","{""kind"": ""leaf"", ""name"": ""L0"", ""family"": ""amount"", ""semantic_type_in"": [""amount""], ""context_group"": ""C0"", ""entity_group"": ""E1""}",504.0,0,0,0,170891108,194024522,2345,0.204,0,1,1,10_ci_total_oci_YTD_Oct_31_2024,ci_total_oci_ytd,total other comprehensive income/(loss),Zion Corp,YTD Oct 31 2024,USD,504.0,,,,,,,,,,,,,,,,,,,,,,,,,,,,,,,,,,,,,,,,,,
494,1,could you give the the maximum of total assets for Nova Solutions using values from Dec 31 2024 through Oct 31 2025 ?,"max(4_total_assets_Dec_31_2024, 4_total_assets_Oct_31_2025)","{""op"": ""max"", ""left"": {""leaf"": ""4_total_assets_Dec_31_2024"", ""depth"": 0}, ""right"": {""leaf"": ""4_total_assets_Oct_31_2025"", ""depth"": 0}, ""depth"": 1}","{""kind"": ""time_agg"", ""node_id"": ""N0"", ""op"": ""max"", ""family"": ""amount"", ""depth"": 3, ""entity_group"": ""E1"", ""concept_group"": ""T3"", ""over_years_group"": ""Y2""}",105614.0,3,0,1,600486331,563718831,2345,0.34,0,1,2,4_total_assets_Dec_31_2024,total_assets,total assets,Nova Solutions,Dec 31 2024,USD,91509.0,4_total_assets_Oct_31_2025,total_assets,total assets,Nova Solutions,Oct 31 2025,USD,105614.0,,,,,,,,,,,,,,,,,,,,,,,,,,,,,,,,,,,
495,2,determine the average total assets for Nova Solutions across years Dec 31 2024 through Oct 31 2025.,"ratio(sum(4_total_assets_Dec_31_2024, 4_total_assets_Oct_31_2025), 2.0)","{""op"": ""ratio"", ""left"": {""op"": ""sum"", ""left"": {""leaf"": ""4_total_assets_Dec_31_2024"", ""depth"": 0}, ""right"": {""leaf"": ""4_total_assets_Oct_31_2025"", ""depth"": 0}, ""depth"": 1}, ""right"": {""literal"": 2.0, ""depth"": 0}, ""depth"": 2}","{""kind"": ""time_agg"", ""node_id"": ""N0"", ""op"": ""avg"", ""family"": ""amount"", ""depth"": 4, ""entity_group"": ""E1"", ""concept_group"": ""T3"", ""over_years_group"": ""Y2""}",98561.5,4,0,2,665944746,347798569,2345,0.599,0,1,2,4_total_assets_Dec_31_2024,total_assets,total assets,Nova Solutions,Dec 31 2024,USD,91509.0,4_total_assets_Oct_31_2025,total_assets,total assets,Nova Solutions,Oct 31 2025,USD,105614.0,,,,,,,,,,,,,,,,,,,,,,,,,,,,,,,,,,,
496,1,What do we obtain as the the minimum of accrued expenses and other for Trek Holdings using values from Dec 31 2024 through Oct 31 2025 ?,"min(11_accrued_expenses_Dec_31_2024, 11_accrued_expenses_Oct_31_2025)","{""op"": ""min"", ""left"": {""leaf"": ""11_accrued_expenses_Dec_31_2024"", ""depth"": 0}, ""right"": {""leaf"": ""11_accrued_expenses_Oct_31_2025"", ""depth"": 0}, ""depth"": 1}","{""kind"": ""time_agg"", ""node_id"": ""N0"", ""op"": ""min"", ""family"": ""amount"", ""depth"": 2, ""entity_group"": ""E1"", ""concept_group"": ""T3"", ""over_years_group"": ""Y2""}",4819.0,2,0,1,158023239,666830646,2345,0.223,0,1,2,11_accrued_expenses_Dec_31_2024,accrued_expenses,accrued expenses and other,Trek Holdings,Dec 31 2024,USD,4819.0,11_accrued_expenses_Oct_31_2025,accrued_expenses,accrued expenses and other,Trek Holdings,Oct 31 2025,USD,5368.0,,,,,,,,,,,,,,,,,,,,,,,,,,,,,,,,,,,
497,2,Give the average cost of sales for Nova Solutions across years YTD Oct 31 2024 through YTD Oct 31 2025,"ratio(sum(4_cost_of_sales_YTD_Oct_31_2024, 4_cost_of_sales_YTD_Oct_31_2025), 2.0)","{""op"": ""ratio"", ""left"": {""op"": ""sum"", ""left"": {""leaf"": ""4_cost_of_sales_YTD_Oct_31_2024"", ""depth"": 0}, ""right"": {""leaf"": ""4_cost_of_sales_YTD_Oct_31_2025"", ""depth"": 0}, ""depth"": 1}, ""right"": {""literal"": 2.0, ""depth"": 0}, ""depth"": 2}","{""kind"": ""time_agg"", ""node_id"": ""N0"", ""op"": ""avg"", ""family"": ""amount"", ""depth"": 2, ""entity_group"": ""E1"", ""concept_group"": ""T3"", ""over_years_group"": ""Y2""}",185304.0,2,0,2,719685460,797983520,2345,0.571,0,1,2,4_cost_of_sales_YTD_Oct_31_2024,cost_of_sales_ytd,cost of sales,Nova Solutions,YTD Oct 31 2024,USD,192579.0,4_cost_of_sales_YTD_Oct_31_2025,cost_of_sales_ytd,cost of sales,Nova Solutions,YTD Oct 31 2025,USD,178029.0,,,,,,,,,,,,,,,,,,,,,,,,,,,,,,,,,,,
498,0,May you give the provision for income taxes for Zion Solutions in YTD Oct 31 2024,3_tax_YTD_Oct_31_2024,"{""leaf"": ""3_tax_YTD_Oct_31_2024"", ""depth"": 0}","{""kind"": ""leaf"", ""name"": ""L0"", ""family"": ""amount"", ""semantic_type_in"": [""amount""], ""context_group"": ""C0"", ""entity_group"": ""E1""}",1530.0,0,0,0,602689209,778456779,2345,0.373,0,1,1,3_tax_YTD_Oct_31_2024,tax_ytd,provision for income taxes,Zion Solutions,YTD Oct 31 2024,USD,1530.0,,,,,,,,,,,,,,,,,,,,,,,,,,,,,,,,,,,,,,,,,,
499,1,Which value corresponds to the the minimum of change in foreign currency translation for Plex Technologies using values from YTD Oct 31 2024 through YTD Oct 31 2025,"min(8_ci_fx_translation_YTD_Oct_31_2024, 8_ci_fx_translation_YTD_Oct_31_2025)","{""op"": ""min"", ""left"": {""leaf"": ""8_ci_fx_translation_YTD_Oct_31_2024"", ""depth"": 0}, ""right"": {""leaf"": ""8_ci_fx_translation_YTD_Oct_31_2025"", ""depth"": 0}, ""depth"": 1}","{""kind"": ""time_agg"", ""node_id"": ""N0"", ""op"": ""min"", ""family"": ""amount"", ""depth"": 4, ""entity_group"": ""E1"", ""concept_group"": ""T3"", ""over_years_group"": ""Y2""}",243.0,4,0,1,130218394,427094954,2345,0.404,0,1,2,8_ci_fx_translation_YTD_Oct_31_2024,ci_fx_translation_ytd,change in foreign currency translation,Plex Technologies,YTD Oct 31 2024,USD,286.0,8_ci_fx_translation_YTD_Oct_31_2025,ci_fx_translation_ytd,change in foreign currency translation,Plex Technologies,YTD Oct 31 2025,USD,243.0,,,,,,,,,,,,,,,,,,,,,,,,,,,,,,,,,,,
500,1,What does the following give: the minimum of cash and cash equivalents for Apex Technologies using values from Dec 31 2024 through Oct 31 2025?,"min(1_cash_Dec_31_2024, 1_cash_Oct_31_2025)","{""op"": ""min"", ""left"": {""leaf"": ""1_cash_Dec_31_2024"", ""depth"": 0}, ""right"": {""leaf"": ""1_cash_Oct_31_2025"", ""depth"": 0}, ""depth"": 1}","{""kind"": ""time_agg"", ""node_id"": ""N0"", ""op"": ""min"", ""family"": ""amount"", ""depth"": 2, ""entity_group"": ""E1"", ""concept_group"": ""T3"", ""over_years_group"": ""Y2""}",11106.0,2,0,1,213193261,143282532,2345,0.568,0,1,2,1_cash_Dec_31_2024,cash,cash and cash equivalents,Apex Technologies,Dec 31 2024,USD,12198.0,1_cash_Oct_31_2025,cash,cash and cash equivalents,Apex Technologies,Oct 31 2025,USD,11106.0,,,,,,,,,,,,,,,,,,,,,,,,,,,,,,,,,,,
