question_id,depth,question,question_original,obstacle,expression,expression_json,template_expression,answer,template_depth_requested,template_actual_depth,bound_expression_depth,tree_seed,binding_seed,master_seed,derived_prob,template_internal_nodes,template_leaf_slots,bound_leaf_count,leaf_1_key,leaf_1_concept,leaf_1_label,leaf_1_entity,leaf_1_period,leaf_1_unit,leaf_1_value,leaf_2_key,leaf_2_concept,leaf_2_label,leaf_2_entity,leaf_2_period,leaf_2_unit,leaf_2_value,leaf_3_key,leaf_3_concept,leaf_3_label,leaf_3_entity,leaf_3_period,leaf_3_unit,leaf_3_value,leaf_4_key,leaf_4_concept,leaf_4_label,leaf_4_entity,leaf_4_period,leaf_4_unit,leaf_4_value,leaf_5_key,leaf_5_concept,leaf_5_label,leaf_5_entity,leaf_5_period,leaf_5_unit,leaf_5_value,leaf_6_key,leaf_6_concept,leaf_6_label,leaf_6_entity,leaf_6_period,leaf_6_unit,leaf_6_value,leaf_7_key,leaf_7_concept,leaf_7_label,leaf_7_entity,leaf_7_period,leaf_7_unit,leaf_7_value,leaf_8_key,leaf_8_concept,leaf_8_label,leaf_8_entity,leaf_8_period,leaf_8_unit,leaf_8_value,leaf_9_key,leaf_9_concept,leaf_9_label,leaf_9_entity,leaf_9_period,leaf_9_unit,leaf_9_value,leaf_10_key,leaf_10_concept,leaf_10_label,leaf_10_entity,leaf_10_period,leaf_10_unit,leaf_10_value,leaf_11_key,leaf_11_concept,leaf_11_label,leaf_11_entity,leaf_11_period,leaf_11_unit,leaf_11_value,leaf_12_key,leaf_12_concept,leaf_12_label,leaf_12_entity,leaf_12_period,leaf_12_unit,leaf_12_value,leaf_13_key,leaf_13_concept,leaf_13_label,leaf_13_entity,leaf_13_period,leaf_13_unit,leaf_13_value,leaf_14_key,leaf_14_concept,leaf_14_label,leaf_14_entity,leaf_14_period,leaf_14_unit,leaf_14_value,leaf_15_key,leaf_15_concept,leaf_15_label,leaf_15_entity,leaf_15_period,leaf_15_unit,leaf_15_value,leaf_16_key,leaf_16_concept,leaf_16_label,leaf_16_entity,leaf_16_period,leaf_16_unit,leaf_16_value
1,1,"If revenue for Crimson Pharmaceuticals in 2020 exceeds 277,566,574,616, what does the following give: sum of current liabilities and short term investments for Crimson Pharmaceuticals in 2021?",what does the following give: sum of current liabilities and short term investments for Crimson Pharmaceuticals in 2021?,conditional,"sum(85_current_liabilities, 85_short_term_investments)","{""op"": ""sum"", ""left"": {""leaf"": ""85_current_liabilities"", ""depth"": 0}, ""right"": {""leaf"": ""85_short_term_investments"", ""depth"": 0}, ""depth"": 1}","{""op"": ""sum"", ""left"": {""kind"": ""leaf"", ""semantic_type_in"": [""amount""], ""depth"": 0}, ""right"": {""kind"": ""leaf"", ""semantic_type_in"": [""amount""], ""depth"": 0}, ""depth"": 1, ""kind"": ""node""}",130622258473.0,1,1,1,686579303,119540831,42,0.471,1,2,2,85_current_liabilities,current_liabilities,current liabilities,Crimson Pharmaceuticals,2021,M_USD,65248701385.0,85_short_term_investments,short_term_investments,short term investments,Crimson Pharmaceuticals,2021,M_USD,65373557088.0,,,,,,,,,,,,,,,,,,,,,,,,,,,,,,,,,,,,,,,,,,,,,,,,,,,,,,,,,,,,,,,,,,,,,,,,,,,,,,,,,,,,,,,,,,,,,,,,,,
2,1,"If revenue for Titan Consumer Brands in 2020 exceeds 137,248,084,296, evaluate the longterm liabilities for Titan Consumer Brands in 2025.",evaluate the longterm liabilities for Titan Consumer Brands in 2025.,conditional,longterm_liabilities,"{""derived"": ""longterm_liabilities"", ""expanded"": {""op"": ""diff"", ""left"": {""leaf"": ""65_total_liabilities"", ""depth"": 0}, ""right"": {""leaf"": ""65_current_liabilities"", ""depth"": 0}, ""depth"": 1}, ""depth"": 1}","{""kind"": ""derived_concept"", ""name"": ""longterm_liabilities"", ""depth"": 0}",230028753896.0,2,0,1,262950628,239670711,42,0.468,0,1,2,65_total_liabilities,total_liabilities,total liabilities,Titan Consumer Brands,2025,M_USD,347347357763.0,65_current_liabilities,current_liabilities,current liabilities,Titan Consumer Brands,2025,M_USD,117318603867.0,,,,,,,,,,,,,,,,,,,,,,,,,,,,,,,,,,,,,,,,,,,,,,,,,,,,,,,,,,,,,,,,,,,,,,,,,,,,,,,,,,,,,,,,,,,,,,,,,,
3,0,"If revenue for Pinnacle Health Group in 2023 exceeds 9,623,399,353, state the current liabilities for Pinnacle Health Group in 2023",State the current liabilities for Pinnacle Health Group in 2023,conditional,33_current_liabilities,"{""leaf"": ""33_current_liabilities"", ""depth"": 0}","{""kind"": ""leaf"", ""semantic_type_in"": [""amount""], ""depth"": 0}",4457753672.0,1,0,0,726600539,795285932,42,0.395,0,1,1,33_current_liabilities,current_liabilities,current liabilities,Pinnacle Health Group,2023,M_USD,4457753672.0,,,,,,,,,,,,,,,,,,,,,,,,,,,,,,,,,,,,,,,,,,,,,,,,,,,,,,,,,,,,,,,,,,,,,,,,,,,,,,,,,,,,,,,,,,,,,,,,,,,,,,,,,
4,1,"If revenue for Atlas Global Industries in 2024 exceeds 33,387,428,961, what's the value of the difference between total assets and dividends paid for Atlas Global Industries in 2020?",What's the value of the difference between total assets and dividends paid for Atlas Global Industries in 2020?,conditional,"diff(24_total_assets, 24_dividends_paid)","{""op"": ""diff"", ""left"": {""leaf"": ""24_total_assets"", ""depth"": 0}, ""right"": {""leaf"": ""24_dividends_paid"", ""depth"": 0}, ""depth"": 1}","{""op"": ""diff"", ""left"": {""kind"": ""leaf"", ""semantic_type_in"": [""amount""], ""depth"": 0}, ""right"": {""kind"": ""leaf"", ""semantic_type_in"": [""amount""], ""depth"": 0}, ""depth"": 1, ""kind"": ""node""}",53333895307.0,1,1,1,34126396,31994523,42,0.209,1,2,2,24_total_assets,total_assets,total assets,Atlas Global Industries,2020,M_USD,53333895307.0,24_dividends_paid,dividends_paid,dividends paid,Atlas Global Industries,2020,M_USD,0.0,,,,,,,,,,,,,,,,,,,,,,,,,,,,,,,,,,,,,,,,,,,,,,,,,,,,,,,,,,,,,,,,,,,,,,,,,,,,,,,,,,,,,,,,,,,,,,,,,,
5,1,"If revenue for Meridian Systems Inc in 2024 exceeds 62,956,733,152, could you give the result of dividends paid scaled by income tax for Meridian Systems Inc in 2024 ?",Could you give the result of dividends paid scaled by income tax for Meridian Systems Inc in 2024 ?,conditional,"mul(10_dividends_paid, 10_income_tax)","{""op"": ""mul"", ""left"": {""leaf"": ""10_dividends_paid"", ""depth"": 0}, ""right"": {""leaf"": ""10_income_tax"", ""depth"": 0}, ""depth"": 1}","{""op"": ""mul"", ""left"": {""kind"": ""leaf"", ""semantic_type_in"": [""amount""], ""depth"": 0}, ""right"": {""kind"": ""leaf"", ""semantic_type_in"": [""rate""], ""depth"": 0}, ""depth"": 1, ""kind"": ""node""}",698627125.7563812,1,1,1,542621108,646412689,42,0.381,1,2,2,10_dividends_paid,dividends_paid,dividends paid,Meridian Systems Inc,2024,M_USD,3751819121.0,10_income_tax,income_tax,income tax,Meridian Systems Inc,2024,ratio,0.1862102364812755,,,,,,,,,,,,,,,,,,,,,,,,,,,,,,,,,,,,,,,,,,,,,,,,,,,,,,,,,,,,,,,,,,,,,,,,,,,,,,,,,,,,,,,,,,,,,,,,,,
6,0,"If revenue for Helix BioSciences in 2021 exceeds 65,687,719,656, which value corresponds to the capex for Helix BioSciences in 2023",Which value corresponds to the capex for Helix BioSciences in 2023,conditional,75_capex,"{""leaf"": ""75_capex"", ""depth"": 0}","{""kind"": ""leaf"", ""semantic_type_in"": [""amount""], ""depth"": 0}",12174952892.0,4,0,0,768820204,697808098,42,0.21,0,1,1,75_capex,capex,capex,Helix BioSciences,2023,M_USD,12174952892.0,,,,,,,,,,,,,,,,,,,,,,,,,,,,,,,,,,,,,,,,,,,,,,,,,,,,,,,,,,,,,,,,,,,,,,,,,,,,,,,,,,,,,,,,,,,,,,,,,,,,,,,,,
7,0,"If revenue for Helix BioSciences in 2020 exceeds 122,023,587,778, what does the following give: accounts receivable for Helix BioSciences in 2021",what does the following give: accounts receivable for Helix BioSciences in 2021,conditional,73_accounts_receivable,"{""leaf"": ""73_accounts_receivable"", ""depth"": 0}","{""kind"": ""leaf"", ""semantic_type_in"": [""amount""], ""depth"": 0}",16807879179.0,1,0,0,632719211,298704996,42,0.479,0,1,1,73_accounts_receivable,accounts_receivable,accounts receivable,Helix BioSciences,2021,M_USD,16807879179.0,,,,,,,,,,,,,,,,,,,,,,,,,,,,,,,,,,,,,,,,,,,,,,,,,,,,,,,,,,,,,,,,,,,,,,,,,,,,,,,,,,,,,,,,,,,,,,,,,,,,,,,,,
8,5,"If revenue for SilverLine Retail Inc in 2021 exceeds 284,823,047,977, evaluate the the maximum of short term investments for SilverLine Retail Inc using values from 2020 through 2025.",evaluate the the maximum of short term investments for SilverLine Retail Inc using values from 2020 through 2025.,conditional,"max(max(max(max(max(42_short_term_investments, 43_short_term_investments), 44_short_term_investments), 45_short_term_investments), 46_short_term_investments), 47_short_term_investments)","{""op"": ""max"", ""left"": {""op"": ""max"", ""left"": {""op"": ""max"", ""left"": {""op"": ""max"", ""left"": {""op"": ""max"", ""left"": {""leaf"": ""42_short_term_investments"", ""depth"": 0}, ""right"": {""leaf"": ""43_short_term_investments"", ""depth"": 0}, ""depth"": 1}, ""right"": {""leaf"": ""44_short_term_investments"", ""depth"": 0}, ""depth"": 2}, ""right"": {""leaf"": ""45_short_term_investments"", ""depth"": 0}, ""depth"": 3}, ""right"": {""leaf"": ""46_short_term_investments"", ""depth"": 0}, ""depth"": 4}, ""right"": {""leaf"": ""47_short_term_investments"", ""depth"": 0}, ""depth"": 5}","{""kind"": ""time_agg"", ""op"": ""max"", ""depth"": 0}",59865242912.0,4,0,5,171432881,749621470,42,0.27,0,1,6,42_short_term_investments,short_term_investments,short term investments,SilverLine Retail Inc,2020,M_USD,40366718107.0,43_short_term_investments,short_term_investments,short term investments,SilverLine Retail Inc,2021,M_USD,59865242912.0,44_short_term_investments,short_term_investments,short term investments,SilverLine Retail Inc,2022,M_USD,47074730838.0,45_short_term_investments,short_term_investments,short term investments,SilverLine Retail Inc,2023,M_USD,31236404634.0,46_short_term_investments,short_term_investments,short term investments,SilverLine Retail Inc,2024,M_USD,50076699479.0,47_short_term_investments,short_term_investments,short term investments,SilverLine Retail Inc,2025,M_USD,43055946859.0,,,,,,,,,,,,,,,,,,,,,,,,,,,,,,,,,,,,,,,,,,,,,,,,,,,,,,,,,,,,,,,,,,,,,,
9,5,"If revenue for Helix BioSciences in 2024 exceeds 117,491,555,154, which result follows from the sum of operating income for Helix BioSciences in 2024 and the minimum of accounts receivable for Helix BioSciences using values from 2020 through 2024 ?",which result follows from the sum of operating income for Helix BioSciences in 2024 and the minimum of accounts receivable for Helix BioSciences using values from 2020 through 2024 ?,conditional,"sum(operating_income, min(min(min(min(72_accounts_receivable, 73_accounts_receivable), 74_accounts_receivable), 75_accounts_receivable), 76_accounts_receivable))","{""op"": ""sum"", ""left"": {""derived"": ""operating_income"", ""expanded"": {""op"": ""diff"", ""left"": {""derived"": ""gross_profit"", ""expanded"": {""op"": ""diff"", ""left"": {""leaf"": ""76_revenue"", ""depth"": 0}, ""right"": {""leaf"": ""76_cost_of_goods_sold"", ""depth"": 0}, ""depth"": 1}, ""depth"": 1}, ""right"": {""leaf"": ""76_operating_expenses"", ""depth"": 0}, ""depth"": 2}, ""depth"": 2}, ""right"": {""op"": ""min"", ""left"": {""op"": ""min"", ""left"": {""op"": ""min"", ""left"": {""op"": ""min"", ""left"": {""leaf"": ""72_accounts_receivable"", ""depth"": 0}, ""right"": {""leaf"": ""73_accounts_receivable"", ""depth"": 0}, ""depth"": 1}, ""right"": {""leaf"": ""74_accounts_receivable"", ""depth"": 0}, ""depth"": 2}, ""right"": {""leaf"": ""75_accounts_receivable"", ""depth"": 0}, ""depth"": 3}, ""right"": {""leaf"": ""76_accounts_receivable"", ""depth"": 0}, ""depth"": 4}, ""depth"": 5}","{""op"": ""sum"", ""left"": {""kind"": ""derived_concept"", ""name"": ""operating_income"", ""depth"": 0}, ""right"": {""kind"": ""time_agg"", ""op"": ""min"", ""depth"": 0}, ""depth"": 1, ""kind"": ""node""}",130579477252.0,3,1,5,166944844,231191390,42,0.151,1,2,8,76_revenue,revenue,revenue,Helix BioSciences,2024,M_USD,294844772807.0,76_cost_of_goods_sold,cost_of_goods_sold,cost of goods sold,Helix BioSciences,2024,M_USD,152971929476.0,76_operating_expenses,operating_expenses,operating expenses,Helix BioSciences,2024,M_USD,28101245258.0,72_accounts_receivable,accounts_receivable,accounts receivable,Helix BioSciences,2020,M_USD,20426621140.0,73_accounts_receivable,accounts_receivable,accounts receivable,Helix BioSciences,2021,M_USD,16807879179.0,74_accounts_receivable,accounts_receivable,accounts receivable,Helix BioSciences,2022,M_USD,29904097015.0,75_accounts_receivable,accounts_receivable,accounts receivable,Helix BioSciences,2023,M_USD,28326028322.0,76_accounts_receivable,accounts_receivable,accounts receivable,Helix BioSciences,2024,M_USD,36416862467.0,,,,,,,,,,,,,,,,,,,,,,,,,,,,,,,,,,,,,,,,,,,,,,,,,,,,,,,,
10,3,"If revenue for Cobalt Semiconductor in 2024 exceeds 16,655,513,803, what do we obtain as the the minimum of accounts receivable for Cobalt Semiconductor using values from 2022 through 2025",what do we obtain as the the minimum of accounts receivable for Cobalt Semiconductor using values from 2022 through 2025,conditional,"min(min(min(68_accounts_receivable, 69_accounts_receivable), 70_accounts_receivable), 71_accounts_receivable)","{""op"": ""min"", ""left"": {""op"": ""min"", ""left"": {""op"": ""min"", ""left"": {""leaf"": ""68_accounts_receivable"", ""depth"": 0}, ""right"": {""leaf"": ""69_accounts_receivable"", ""depth"": 0}, ""depth"": 1}, ""right"": {""leaf"": ""70_accounts_receivable"", ""depth"": 0}, ""depth"": 2}, ""right"": {""leaf"": ""71_accounts_receivable"", ""depth"": 0}, ""depth"": 3}","{""kind"": ""time_agg"", ""op"": ""min"", ""depth"": 0}",2887670760.0,3,0,3,407943839,103848421,42,0.524,0,1,4,68_accounts_receivable,accounts_receivable,accounts receivable,Cobalt Semiconductor,2022,M_USD,4459439767.0,69_accounts_receivable,accounts_receivable,accounts receivable,Cobalt Semiconductor,2023,M_USD,4686202352.0,70_accounts_receivable,accounts_receivable,accounts receivable,Cobalt Semiconductor,2024,M_USD,2887670760.0,71_accounts_receivable,accounts_receivable,accounts receivable,Cobalt Semiconductor,2025,M_USD,7589142177.0,,,,,,,,,,,,,,,,,,,,,,,,,,,,,,,,,,,,,,,,,,,,,,,,,,,,,,,,,,,,,,,,,,,,,,,,,,,,,,,,,,,,
11,1,"If revenue for Pacific Crest Energy in 2020 exceeds 75,087,213,517, you should calculate the gross profit for Pacific Crest Energy in 2020",you should calculate the gross profit for Pacific Crest Energy in 2020,conditional,gross_profit,"{""derived"": ""gross_profit"", ""expanded"": {""op"": ""diff"", ""left"": {""leaf"": ""48_revenue"", ""depth"": 0}, ""right"": {""leaf"": ""48_cost_of_goods_sold"", ""depth"": 0}, ""depth"": 1}, ""depth"": 1}","{""kind"": ""derived_concept"", ""name"": ""gross_profit"", ""depth"": 0}",51332733613.0,1,0,1,648245888,284027113,42,0.465,0,1,2,48_revenue,revenue,revenue,Pacific Crest Energy,2020,M_USD,160549122184.0,48_cost_of_goods_sold,cost_of_goods_sold,cost of goods sold,Pacific Crest Energy,2020,M_USD,109216388571.0,,,,,,,,,,,,,,,,,,,,,,,,,,,,,,,,,,,,,,,,,,,,,,,,,,,,,,,,,,,,,,,,,,,,,,,,,,,,,,,,,,,,,,,,,,,,,,,,,,
12,0,"If revenue for Helix BioSciences in 2024 exceeds 155,115,113,420, which value corresponds to the total liabilities for Helix BioSciences in 2024?",which value corresponds to the total liabilities for Helix BioSciences in 2024?,conditional,76_total_liabilities,"{""leaf"": ""76_total_liabilities"", ""depth"": 0}","{""kind"": ""leaf"", ""semantic_type_in"": [""amount""], ""depth"": 0}",81787947475.0,4,0,0,575770529,134031070,42,0.139,0,1,1,76_total_liabilities,total_liabilities,total liabilities,Helix BioSciences,2024,M_USD,81787947475.0,,,,,,,,,,,,,,,,,,,,,,,,,,,,,,,,,,,,,,,,,,,,,,,,,,,,,,,,,,,,,,,,,,,,,,,,,,,,,,,,,,,,,,,,,,,,,,,,,,,,,,,,,
13,0,"If revenue for Titan Consumer Brands in 2022 exceeds 318,731,263,310, you should calculate the short term investments for Titan Consumer Brands in 2021.",you should calculate the short term investments for Titan Consumer Brands in 2021.,conditional,61_short_term_investments,"{""leaf"": ""61_short_term_investments"", ""depth"": 0}","{""kind"": ""leaf"", ""semantic_type_in"": [""amount""], ""depth"": 0}",33790034849.0,3,0,0,314797776,890566476,42,0.389,0,1,1,61_short_term_investments,short_term_investments,short term investments,Titan Consumer Brands,2021,M_USD,33790034849.0,,,,,,,,,,,,,,,,,,,,,,,,,,,,,,,,,,,,,,,,,,,,,,,,,,,,,,,,,,,,,,,,,,,,,,,,,,,,,,,,,,,,,,,,,,,,,,,,,,,,,,,,,
14,3,"If revenue for Meridian Systems Inc in 2021 exceeds 97,401,359,322, which quantity is given by the current assets for Meridian Systems Inc in 2023 ?",which quantity is given by the current assets for Meridian Systems Inc in 2023 ?,conditional,current_assets,"{""derived"": ""current_assets"", ""expanded"": {""op"": ""sum"", ""left"": {""op"": ""sum"", ""left"": {""op"": ""sum"", ""left"": {""leaf"": ""9_cash"", ""depth"": 0}, ""right"": {""leaf"": ""9_accounts_receivable"", ""depth"": 0}, ""depth"": 1}, ""right"": {""leaf"": ""9_inventories"", ""depth"": 0}, ""depth"": 2}, ""right"": {""leaf"": ""9_short_term_investments"", ""depth"": 0}, ""depth"": 3}, ""depth"": 3}","{""kind"": ""derived_concept"", ""name"": ""current_assets"", ""depth"": 0}",66578449338.0,1,0,3,756528252,74684276,42,0.431,0,1,4,9_cash,cash,cash,Meridian Systems Inc,2023,M_USD,36062019632.0,9_accounts_receivable,accounts_receivable,accounts receivable,Meridian Systems Inc,2023,M_USD,20955720144.0,9_inventories,inventories,inventories,Meridian Systems Inc,2023,M_USD,2744471029.0,9_short_term_investments,short_term_investments,short term investments,Meridian Systems Inc,2023,M_USD,6816238533.0,,,,,,,,,,,,,,,,,,,,,,,,,,,,,,,,,,,,,,,,,,,,,,,,,,,,,,,,,,,,,,,,,,,,,,,,,,,,,,,,,,,,
15,0,"If revenue for Crimson Pharmaceuticals in 2022 exceeds 243,923,587,576, what does the following give: inventories for Crimson Pharmaceuticals in 2021?",what does the following give: inventories for Crimson Pharmaceuticals in 2021?,conditional,85_inventories,"{""leaf"": ""85_inventories"", ""depth"": 0}","{""kind"": ""leaf"", ""semantic_type_in"": [""amount""], ""depth"": 0}",18920232114.0,1,0,0,830075810,310727955,42,0.528,0,1,1,85_inventories,inventories,inventories,Crimson Pharmaceuticals,2021,M_USD,18920232114.0,,,,,,,,,,,,,,,,,,,,,,,,,,,,,,,,,,,,,,,,,,,,,,,,,,,,,,,,,,,,,,,,,,,,,,,,,,,,,,,,,,,,,,,,,,,,,,,,,,,,,,,,,
16,2,"If revenue for Crimson Pharmaceuticals in 2023 exceeds 251,582,331,782, what does the following give: the minimum of cash for Crimson Pharmaceuticals using values from 2021 through 2023?",What does the following give: the minimum of cash for Crimson Pharmaceuticals using values from 2021 through 2023?,conditional,"min(min(85_cash, 86_cash), 87_cash)","{""op"": ""min"", ""left"": {""op"": ""min"", ""left"": {""leaf"": ""85_cash"", ""depth"": 0}, ""right"": {""leaf"": ""86_cash"", ""depth"": 0}, ""depth"": 1}, ""right"": {""leaf"": ""87_cash"", ""depth"": 0}, ""depth"": 2}","{""kind"": ""time_agg"", ""op"": ""min"", ""depth"": 0}",21092100550.0,4,0,2,930379756,108449460,42,0.239,0,1,3,85_cash,cash,cash,Crimson Pharmaceuticals,2021,M_USD,21092100550.0,86_cash,cash,cash,Crimson Pharmaceuticals,2022,M_USD,55614103843.0,87_cash,cash,cash,Crimson Pharmaceuticals,2023,M_USD,158783639323.0,,,,,,,,,,,,,,,,,,,,,,,,,,,,,,,,,,,,,,,,,,,,,,,,,,,,,,,,,,,,,,,,,,,,,,,,,,,,,,,,,,,,,,,,,,,
17,5,"If revenue for Meridian Systems Inc in 2025 exceeds 82,669,305,810, which quantity is given by the sum of longterm assets and revenue for Meridian Systems Inc in 2025",Which quantity is given by the sum of longterm assets and revenue for Meridian Systems Inc in 2025,conditional,"sum(longterm_assets, 11_revenue)","{""op"": ""sum"", ""left"": {""derived"": ""longterm_assets"", ""expanded"": {""op"": ""diff"", ""left"": {""leaf"": ""11_total_assets"", ""depth"": 0}, ""right"": {""derived"": ""current_assets"", ""expanded"": {""op"": ""sum"", ""left"": {""op"": ""sum"", ""left"": {""op"": ""sum"", ""left"": {""leaf"": ""11_cash"", ""depth"": 0}, ""right"": {""leaf"": ""11_accounts_receivable"", ""depth"": 0}, ""depth"": 1}, ""right"": {""leaf"": ""11_inventories"", ""depth"": 0}, ""depth"": 2}, ""right"": {""leaf"": ""11_short_term_investments"", ""depth"": 0}, ""depth"": 3}, ""depth"": 3}, ""depth"": 4}, ""depth"": 4}, ""right"": {""leaf"": ""11_revenue"", ""depth"": 0}, ""depth"": 5}","{""op"": ""sum"", ""left"": {""kind"": ""derived_concept"", ""name"": ""longterm_assets"", ""depth"": 0}, ""right"": {""kind"": ""leaf"", ""semantic_type_in"": [""amount""], ""depth"": 0}, ""depth"": 1, ""kind"": ""node""}",278540139877.0,3,1,5,381469012,224956459,42,0.451,1,2,6,11_total_assets,total_assets,total assets,Meridian Systems Inc,2025,M_USD,147592557458.0,11_cash,cash,cash,Meridian Systems Inc,2025,M_USD,6070398129.0,11_accounts_receivable,accounts_receivable,accounts receivable,Meridian Systems Inc,2025,M_USD,27542388575.0,11_inventories,inventories,inventories,Meridian Systems Inc,2025,M_USD,10773604213.0,11_short_term_investments,short_term_investments,short term investments,Meridian Systems Inc,2025,M_USD,21498254584.0,11_revenue,revenue,revenue,Meridian Systems Inc,2025,M_USD,196832227920.0,,,,,,,,,,,,,,,,,,,,,,,,,,,,,,,,,,,,,,,,,,,,,,,,,,,,,,,,,,,,,,,,,,,,,,
18,0,"If revenue for SilverLine Retail Inc in 2022 exceeds 469,116,266,107, calculate the non operating expenses for SilverLine Retail Inc in 2022 .",Calculate the non operating expenses for SilverLine Retail Inc in 2022 .,conditional,44_non_operating_expenses,"{""leaf"": ""44_non_operating_expenses"", ""depth"": 0}","{""kind"": ""leaf"", ""semantic_type_in"": [""amount""], ""depth"": 0}",63361889272.0,1,0,0,733953718,695822698,42,0.405,0,1,1,44_non_operating_expenses,non_operating_expenses,non operating expenses,SilverLine Retail Inc,2022,M_USD,63361889272.0,,,,,,,,,,,,,,,,,,,,,,,,,,,,,,,,,,,,,,,,,,,,,,,,,,,,,,,,,,,,,,,,,,,,,,,,,,,,,,,,,,,,,,,,,,,,,,,,,,,,,,,,,
19,1,"If revenue for Crimson Pharmaceuticals in 2020 exceeds 140,696,948,598, what do we obtain as the gross profit for Crimson Pharmaceuticals in 2021",What do we obtain as the gross profit for Crimson Pharmaceuticals in 2021,conditional,gross_profit,"{""derived"": ""gross_profit"", ""expanded"": {""op"": ""diff"", ""left"": {""leaf"": ""85_revenue"", ""depth"": 0}, ""right"": {""leaf"": ""85_cost_of_goods_sold"", ""depth"": 0}, ""depth"": 1}, ""depth"": 1}","{""kind"": ""derived_concept"", ""name"": ""gross_profit"", ""depth"": 0}",301218946645.0,2,0,1,407437181,289854268,42,0.442,0,1,2,85_revenue,revenue,revenue,Crimson Pharmaceuticals,2021,M_USD,550238407354.0,85_cost_of_goods_sold,cost_of_goods_sold,cost of goods sold,Crimson Pharmaceuticals,2021,M_USD,249019460709.0,,,,,,,,,,,,,,,,,,,,,,,,,,,,,,,,,,,,,,,,,,,,,,,,,,,,,,,,,,,,,,,,,,,,,,,,,,,,,,,,,,,,,,,,,,,,,,,,,,
20,1,"If revenue for Cobalt Semiconductor in 2024 exceeds 36,874,598,955, what do we obtain as the difference between dividends paid and revenue for Cobalt Semiconductor in 2021",What do we obtain as the difference between dividends paid and revenue for Cobalt Semiconductor in 2021,conditional,"diff(67_dividends_paid, 67_revenue)","{""op"": ""diff"", ""left"": {""leaf"": ""67_dividends_paid"", ""depth"": 0}, ""right"": {""leaf"": ""67_revenue"", ""depth"": 0}, ""depth"": 1}","{""op"": ""diff"", ""left"": {""kind"": ""leaf"", ""semantic_type_in"": [""amount""], ""depth"": 0}, ""right"": {""kind"": ""leaf"", ""semantic_type_in"": [""amount""], ""depth"": 0}, ""depth"": 1, ""kind"": ""node""}",-48570070929.0,1,1,1,905005353,824970419,42,0.215,1,2,2,67_dividends_paid,dividends_paid,dividends paid,Cobalt Semiconductor,2021,M_USD,4247374303.0,67_revenue,revenue,revenue,Cobalt Semiconductor,2021,M_USD,52817445232.0,,,,,,,,,,,,,,,,,,,,,,,,,,,,,,,,,,,,,,,,,,,,,,,,,,,,,,,,,,,,,,,,,,,,,,,,,,,,,,,,,,,,,,,,,,,,,,,,,,
21,4,"If revenue for Apex Dynamics Corp in 2020 exceeds 22,320,515,945, what is the result of capex for Apex Dynamics Corp in 2020 scaled by ratio of the minimum of total equity for Apex Dynamics Corp using values from 2022 through 2024 to the minimum of inventories for Apex Dynamics Corp using values from 2023 through 2025",what is the result of capex for Apex Dynamics Corp in 2020 scaled by ratio of the minimum of total equity for Apex Dynamics Corp using values from 2022 through 2024 to the minimum of inventories for Apex Dynamics Corp using values from 2023 through 2025,conditional,"mul(0_capex, ratio(min(min(2_total_equity, 3_total_equity), 4_total_equity), min(min(3_inventories, 4_inventories), 5_inventories)))","{""op"": ""mul"", ""left"": {""leaf"": ""0_capex"", ""depth"": 0}, ""right"": {""op"": ""ratio"", ""left"": {""op"": ""min"", ""left"": {""op"": ""min"", ""left"": {""leaf"": ""2_total_equity"", ""depth"": 0}, ""right"": {""leaf"": ""3_total_equity"", ""depth"": 0}, ""depth"": 1}, ""right"": {""leaf"": ""4_total_equity"", ""depth"": 0}, ""depth"": 2}, ""right"": {""op"": ""min"", ""left"": {""op"": ""min"", ""left"": {""leaf"": ""3_inventories"", ""depth"": 0}, ""right"": {""leaf"": ""4_inventories"", ""depth"": 0}, ""depth"": 1}, ""right"": {""leaf"": ""5_inventories"", ""depth"": 0}, ""depth"": 2}, ""depth"": 3}, ""depth"": 4}","{""op"": ""mul"", ""left"": {""kind"": ""leaf"", ""semantic_type_in"": [""amount""], ""depth"": 0}, ""right"": {""op"": ""ratio"", ""left"": {""kind"": ""time_agg"", ""op"": ""min"", ""depth"": 0}, ""right"": {""kind"": ""time_agg"", ""op"": ""min"", ""depth"": 0}, ""depth"": 1, ""kind"": ""node""}, ""depth"": 2, ""kind"": ""node""}",57349515766.92939,3,2,4,34467368,864411347,42,0.301,2,3,7,0_capex,capex,capex,Apex Dynamics Corp,2020,M_USD,5158527232.0,2_total_equity,total_equity,total equity,Apex Dynamics Corp,2022,M_USD,66788861215.0,3_total_equity,total_equity,total equity,Apex Dynamics Corp,2023,M_USD,58313510301.0,4_total_equity,total_equity,total equity,Apex Dynamics Corp,2024,M_USD,24968481984.0,3_inventories,inventories,inventories,Apex Dynamics Corp,2023,M_USD,5867883369.0,4_inventories,inventories,inventories,Apex Dynamics Corp,2024,M_USD,2245888087.0,5_inventories,inventories,inventories,Apex Dynamics Corp,2025,M_USD,4039647066.0,,,,,,,,,,,,,,,,,,,,,,,,,,,,,,,,,,,,,,,,,,,,,,,,,,,,,,,,,,,,,,,
22,0,"If revenue for Ironclad Manufacturing in 2021 exceeds 171,055,339,691, which result follows from the cash for Ironclad Manufacturing in 2024 ?",Which result follows from the cash for Ironclad Manufacturing in 2024 ?,conditional,40_cash,"{""leaf"": ""40_cash"", ""depth"": 0}","{""kind"": ""leaf"", ""semantic_type_in"": [""amount""], ""depth"": 0}",33655779677.0,4,0,0,536045484,424806516,42,0.171,0,1,1,40_cash,cash,cash,Ironclad Manufacturing,2024,M_USD,33655779677.0,,,,,,,,,,,,,,,,,,,,,,,,,,,,,,,,,,,,,,,,,,,,,,,,,,,,,,,,,,,,,,,,,,,,,,,,,,,,,,,,,,,,,,,,,,,,,,,,,,,,,,,,,
23,0,"If revenue for ClearPath Logistics in 2021 exceeds 346,538,858,992, whats the value of the current liabilities for ClearPath Logistics in 2023",whats the value of the current liabilities for ClearPath Logistics in 2023,conditional,81_current_liabilities,"{""leaf"": ""81_current_liabilities"", ""depth"": 0}","{""kind"": ""leaf"", ""semantic_type_in"": [""amount""], ""depth"": 0}",77821505018.0,3,0,0,149926919,264814270,42,0.474,0,1,1,81_current_liabilities,current_liabilities,current liabilities,ClearPath Logistics,2023,M_USD,77821505018.0,,,,,,,,,,,,,,,,,,,,,,,,,,,,,,,,,,,,,,,,,,,,,,,,,,,,,,,,,,,,,,,,,,,,,,,,,,,,,,,,,,,,,,,,,,,,,,,,,,,,,,,,,
24,1,"If revenue for Meridian Systems Inc in 2020 exceeds 98,221,253,165, could you give the result of non operating expenses scaled by income tax for Meridian Systems Inc in 2020?",Could you give the result of non operating expenses scaled by income tax for Meridian Systems Inc in 2020?,conditional,"mul(6_non_operating_expenses, 6_income_tax)","{""op"": ""mul"", ""left"": {""leaf"": ""6_non_operating_expenses"", ""depth"": 0}, ""right"": {""leaf"": ""6_income_tax"", ""depth"": 0}, ""depth"": 1}","{""op"": ""mul"", ""left"": {""kind"": ""leaf"", ""semantic_type_in"": [""amount""], ""depth"": 0}, ""right"": {""kind"": ""leaf"", ""semantic_type_in"": [""rate""], ""depth"": 0}, ""depth"": 1, ""kind"": ""node""}",6167710054.013909,1,1,1,50590821,924602213,42,0.176,1,2,2,6_non_operating_expenses,non_operating_expenses,non operating expenses,Meridian Systems Inc,2020,M_USD,21212142257.0,6_income_tax,income_tax,income tax,Meridian Systems Inc,2020,ratio,0.290763185504216,,,,,,,,,,,,,,,,,,,,,,,,,,,,,,,,,,,,,,,,,,,,,,,,,,,,,,,,,,,,,,,,,,,,,,,,,,,,,,,,,,,,,,,,,,,,,,,,,,
25,1,"If revenue for Atlas Global Industries in 2022 exceeds 36,018,804,770, what's the value of the difference between total assets and non operating expenses for Atlas Global Industries in 2021?",What's the value of the difference between total assets and non operating expenses for Atlas Global Industries in 2021?,conditional,"diff(25_total_assets, 25_non_operating_expenses)","{""op"": ""diff"", ""left"": {""leaf"": ""25_total_assets"", ""depth"": 0}, ""right"": {""leaf"": ""25_non_operating_expenses"", ""depth"": 0}, ""depth"": 1}","{""op"": ""diff"", ""left"": {""kind"": ""leaf"", ""semantic_type_in"": [""amount""], ""depth"": 0}, ""right"": {""kind"": ""leaf"", ""semantic_type_in"": [""amount""], ""depth"": 0}, ""depth"": 1, ""kind"": ""node""}",173408119078.0,1,1,1,594021782,924255163,42,0.44,1,2,2,25_total_assets,total_assets,total assets,Atlas Global Industries,2021,M_USD,186854324497.0,25_non_operating_expenses,non_operating_expenses,non operating expenses,Atlas Global Industries,2021,M_USD,13446205419.0,,,,,,,,,,,,,,,,,,,,,,,,,,,,,,,,,,,,,,,,,,,,,,,,,,,,,,,,,,,,,,,,,,,,,,,,,,,,,,,,,,,,,,,,,,,,,,,,,,
26,3,"If revenue for Quantum Bridge Holdings in 2023 exceeds 54,549,008,158, compute the the minimum of revenue for Quantum Bridge Holdings using values from 2022 through 2025.",compute the the minimum of revenue for Quantum Bridge Holdings using values from 2022 through 2025.,conditional,"min(min(min(14_revenue, 15_revenue), 16_revenue), 17_revenue)","{""op"": ""min"", ""left"": {""op"": ""min"", ""left"": {""op"": ""min"", ""left"": {""leaf"": ""14_revenue"", ""depth"": 0}, ""right"": {""leaf"": ""15_revenue"", ""depth"": 0}, ""depth"": 1}, ""right"": {""leaf"": ""16_revenue"", ""depth"": 0}, ""depth"": 2}, ""right"": {""leaf"": ""17_revenue"", ""depth"": 0}, ""depth"": 3}","{""kind"": ""time_agg"", ""op"": ""min"", ""depth"": 0}",84608161442.0,3,0,3,122998994,731980933,42,0.484,0,1,4,14_revenue,revenue,revenue,Quantum Bridge Holdings,2022,M_USD,84608161442.0,15_revenue,revenue,revenue,Quantum Bridge Holdings,2023,M_USD,86107627365.0,16_revenue,revenue,revenue,Quantum Bridge Holdings,2024,M_USD,97118784145.0,17_revenue,revenue,revenue,Quantum Bridge Holdings,2025,M_USD,93743222034.0,,,,,,,,,,,,,,,,,,,,,,,,,,,,,,,,,,,,,,,,,,,,,,,,,,,,,,,,,,,,,,,,,,,,,,,,,,,,,,,,,,,,
27,3,"If revenue for Pinnacle Health Group in 2025 exceeds 9,819,295,678, state the current assets for Pinnacle Health Group in 2024",state the current assets for Pinnacle Health Group in 2024,conditional,current_assets,"{""derived"": ""current_assets"", ""expanded"": {""op"": ""sum"", ""left"": {""op"": ""sum"", ""left"": {""op"": ""sum"", ""left"": {""leaf"": ""34_cash"", ""depth"": 0}, ""right"": {""leaf"": ""34_accounts_receivable"", ""depth"": 0}, ""depth"": 1}, ""right"": {""leaf"": ""34_inventories"", ""depth"": 0}, ""depth"": 2}, ""right"": {""leaf"": ""34_short_term_investments"", ""depth"": 0}, ""depth"": 3}, ""depth"": 3}","{""kind"": ""derived_concept"", ""name"": ""current_assets"", ""depth"": 0}",9578313144.0,3,0,3,365260635,119778234,42,0.317,0,1,4,34_cash,cash,cash,Pinnacle Health Group,2024,M_USD,3961736941.0,34_accounts_receivable,accounts_receivable,accounts receivable,Pinnacle Health Group,2024,M_USD,2682068936.0,34_inventories,inventories,inventories,Pinnacle Health Group,2024,M_USD,1095664032.0,34_short_term_investments,short_term_investments,short term investments,Pinnacle Health Group,2024,M_USD,1838843235.0,,,,,,,,,,,,,,,,,,,,,,,,,,,,,,,,,,,,,,,,,,,,,,,,,,,,,,,,,,,,,,,,,,,,,,,,,,,,,,,,,,,,
28,2,"If revenue for Orion Financial Group in 2025 exceeds 68,268,736,198, give the operating income for Orion Financial Group in 2021",Give the operating income for Orion Financial Group in 2021,conditional,operating_income,"{""derived"": ""operating_income"", ""expanded"": {""op"": ""diff"", ""left"": {""derived"": ""gross_profit"", ""expanded"": {""op"": ""diff"", ""left"": {""leaf"": ""55_revenue"", ""depth"": 0}, ""right"": {""leaf"": ""55_cost_of_goods_sold"", ""depth"": 0}, ""depth"": 1}, ""depth"": 1}, ""right"": {""leaf"": ""55_operating_expenses"", ""depth"": 0}, ""depth"": 2}, ""depth"": 2}","{""kind"": ""derived_concept"", ""name"": ""operating_income"", ""depth"": 0}",1538394556.0,3,0,2,487182120,3484630,42,0.586,0,1,3,55_revenue,revenue,revenue,Orion Financial Group,2021,M_USD,98792093299.0,55_cost_of_goods_sold,cost_of_goods_sold,cost of goods sold,Orion Financial Group,2021,M_USD,73202373454.0,55_operating_expenses,operating_expenses,operating expenses,Orion Financial Group,2021,M_USD,24051325289.0,,,,,,,,,,,,,,,,,,,,,,,,,,,,,,,,,,,,,,,,,,,,,,,,,,,,,,,,,,,,,,,,,,,,,,,,,,,,,,,,,,,,,,,,,,,
29,1,"If revenue for NovaStar Technologies in 2025 exceeds 120,759,447,146, may you calculate the difference between cost of goods sold and non operating expenses for NovaStar Technologies in 2022",May you calculate the difference between cost of goods sold and non operating expenses for NovaStar Technologies in 2022,conditional,"diff(20_cost_of_goods_sold, 20_non_operating_expenses)","{""op"": ""diff"", ""left"": {""leaf"": ""20_cost_of_goods_sold"", ""depth"": 0}, ""right"": {""leaf"": ""20_non_operating_expenses"", ""depth"": 0}, ""depth"": 1}","{""op"": ""diff"", ""left"": {""kind"": ""leaf"", ""semantic_type_in"": [""amount""], ""depth"": 0}, ""right"": {""kind"": ""leaf"", ""semantic_type_in"": [""amount""], ""depth"": 0}, ""depth"": 1, ""kind"": ""node""}",44132608525.0,1,1,1,818150683,191825997,42,0.535,1,2,2,20_cost_of_goods_sold,cost_of_goods_sold,cost of goods sold,NovaStar Technologies,2022,M_USD,63527167691.0,20_non_operating_expenses,non_operating_expenses,non operating expenses,NovaStar Technologies,2022,M_USD,19394559166.0,,,,,,,,,,,,,,,,,,,,,,,,,,,,,,,,,,,,,,,,,,,,,,,,,,,,,,,,,,,,,,,,,,,,,,,,,,,,,,,,,,,,,,,,,,,,,,,,,,
30,0,"If revenue for Atlas Global Industries in 2022 exceeds 58,527,130,833, what's the value of the total equity for Atlas Global Industries in 2023 ?",what's the value of the total equity for Atlas Global Industries in 2023 ?,conditional,27_total_equity,"{""leaf"": ""27_total_equity"", ""depth"": 0}","{""kind"": ""leaf"", ""semantic_type_in"": [""amount""], ""depth"": 0}",70860009127.0,2,0,0,320452650,903735581,42,0.176,0,1,1,27_total_equity,total_equity,total equity,Atlas Global Industries,2023,M_USD,70860009127.0,,,,,,,,,,,,,,,,,,,,,,,,,,,,,,,,,,,,,,,,,,,,,,,,,,,,,,,,,,,,,,,,,,,,,,,,,,,,,,,,,,,,,,,,,,,,,,,,,,,,,,,,,
31,1,"If revenue for Helix BioSciences in 2020 exceeds 144,602,500,212, what does the following give: longterm liabilities for Helix BioSciences in 2020",what does the following give: longterm liabilities for Helix BioSciences in 2020,conditional,longterm_liabilities,"{""derived"": ""longterm_liabilities"", ""expanded"": {""op"": ""diff"", ""left"": {""leaf"": ""72_total_liabilities"", ""depth"": 0}, ""right"": {""leaf"": ""72_current_liabilities"", ""depth"": 0}, ""depth"": 1}, ""depth"": 1}","{""kind"": ""derived_concept"", ""name"": ""longterm_liabilities"", ""depth"": 0}",82213663236.0,1,0,1,818739736,173461957,42,0.399,0,1,2,72_total_liabilities,total_liabilities,total liabilities,Helix BioSciences,2020,M_USD,128949142846.0,72_current_liabilities,current_liabilities,current liabilities,Helix BioSciences,2020,M_USD,46735479610.0,,,,,,,,,,,,,,,,,,,,,,,,,,,,,,,,,,,,,,,,,,,,,,,,,,,,,,,,,,,,,,,,,,,,,,,,,,,,,,,,,,,,,,,,,,,,,,,,,,
32,4,"If revenue for Helix BioSciences in 2021 exceeds 81,412,603,910, which value corresponds to the the maximum of cash for Helix BioSciences using values from 2021 through 2025 ?",which value corresponds to the the maximum of cash for Helix BioSciences using values from 2021 through 2025 ?,conditional,"max(max(max(max(73_cash, 74_cash), 75_cash), 76_cash), 77_cash)","{""op"": ""max"", ""left"": {""op"": ""max"", ""left"": {""op"": ""max"", ""left"": {""op"": ""max"", ""left"": {""leaf"": ""73_cash"", ""depth"": 0}, ""right"": {""leaf"": ""74_cash"", ""depth"": 0}, ""depth"": 1}, ""right"": {""leaf"": ""75_cash"", ""depth"": 0}, ""depth"": 2}, ""right"": {""leaf"": ""76_cash"", ""depth"": 0}, ""depth"": 3}, ""right"": {""leaf"": ""77_cash"", ""depth"": 0}, ""depth"": 4}","{""kind"": ""time_agg"", ""op"": ""max"", ""depth"": 0}",62299969755.0,1,0,4,524636385,20912992,42,0.565,0,1,5,73_cash,cash,cash,Helix BioSciences,2021,M_USD,18724093731.0,74_cash,cash,cash,Helix BioSciences,2022,M_USD,62299969755.0,75_cash,cash,cash,Helix BioSciences,2023,M_USD,41405024527.0,76_cash,cash,cash,Helix BioSciences,2024,M_USD,44809378565.0,77_cash,cash,cash,Helix BioSciences,2025,M_USD,38480924095.0,,,,,,,,,,,,,,,,,,,,,,,,,,,,,,,,,,,,,,,,,,,,,,,,,,,,,,,,,,,,,,,,,,,,,,,,,,,,,
33,7,"If revenue for SilverLine Retail Inc in 2020 exceeds 330,650,801,836, calculate the sum of accounts receivable for SilverLine Retail Inc in 2021 and ratio of sum of sum of sum of sum of sum of total liabilities for SilverLine Retail Inc in 2020 and total liabilities for SilverLine Retail Inc in 2021 and total liabilities for SilverLine Retail Inc in 2022 and total liabilities for SilverLine Retail Inc in 2023 and total liabilities for SilverLine Retail Inc in 2024 and total liabilities for SilverLine Retail Inc in 2025 to 6.0",calculate the sum of accounts receivable for SilverLine Retail Inc in 2021 and ratio of sum of sum of sum of sum of sum of total liabilities for SilverLine Retail Inc in 2020 and total liabilities for SilverLine Retail Inc in 2021 and total liabilities for SilverLine Retail Inc in 2022 and total liabilities for SilverLine Retail Inc in 2023 and total liabilities for SilverLine Retail Inc in 2024 and total liabilities for SilverLine Retail Inc in 2025 to 6.0,conditional,"sum(43_accounts_receivable, ratio(sum(sum(sum(sum(sum(42_total_liabilities, 43_total_liabilities), 44_total_liabilities), 45_total_liabilities), 46_total_liabilities), 47_total_liabilities), 6.0))","{""op"": ""sum"", ""left"": {""leaf"": ""43_accounts_receivable"", ""depth"": 0}, ""right"": {""op"": ""ratio"", ""left"": {""op"": ""sum"", ""left"": {""op"": ""sum"", ""left"": {""op"": ""sum"", ""left"": {""op"": ""sum"", ""left"": {""op"": ""sum"", ""left"": {""leaf"": ""42_total_liabilities"", ""depth"": 0}, ""right"": {""leaf"": ""43_total_liabilities"", ""depth"": 0}, ""depth"": 1}, ""right"": {""leaf"": ""44_total_liabilities"", ""depth"": 0}, ""depth"": 2}, ""right"": {""leaf"": ""45_total_liabilities"", ""depth"": 0}, ""depth"": 3}, ""right"": {""leaf"": ""46_total_liabilities"", ""depth"": 0}, ""depth"": 4}, ""right"": {""leaf"": ""47_total_liabilities"", ""depth"": 0}, ""depth"": 5}, ""right"": {""literal"": 6.0, ""depth"": 0}, ""depth"": 6}, ""depth"": 7}","{""op"": ""sum"", ""left"": {""kind"": ""leaf"", ""semantic_type_in"": [""amount""], ""depth"": 0}, ""right"": {""kind"": ""time_agg"", ""op"": ""avg"", ""depth"": 0}, ""depth"": 1, ""kind"": ""node""}",423155629170.3333,3,1,7,943520428,892994062,42,0.22,1,2,7,43_accounts_receivable,accounts_receivable,accounts receivable,SilverLine Retail Inc,2021,M_USD,84561548764.0,42_total_liabilities,total_liabilities,total liabilities,SilverLine Retail Inc,2020,M_USD,376311479535.0,43_total_liabilities,total_liabilities,total liabilities,SilverLine Retail Inc,2021,M_USD,390165477411.0,44_total_liabilities,total_liabilities,total liabilities,SilverLine Retail Inc,2022,M_USD,295197999857.0,45_total_liabilities,total_liabilities,total liabilities,SilverLine Retail Inc,2023,M_USD,443192357719.0,46_total_liabilities,total_liabilities,total liabilities,SilverLine Retail Inc,2024,M_USD,328592140759.0,47_total_liabilities,total_liabilities,total liabilities,SilverLine Retail Inc,2025,M_USD,198105027157.0,,,,,,,,,,,,,,,,,,,,,,,,,,,,,,,,,,,,,,,,,,,,,,,,,,,,,,,,,,,,,,,
34,3,"If revenue for NovaStar Technologies in 2021 exceeds 51,262,221,209, may you calculate the the maximum of short term investments for NovaStar Technologies using values from 2022 through 2025 ?",may you calculate the the maximum of short term investments for NovaStar Technologies using values from 2022 through 2025 ?,conditional,"max(max(max(20_short_term_investments, 21_short_term_investments), 22_short_term_investments), 23_short_term_investments)","{""op"": ""max"", ""left"": {""op"": ""max"", ""left"": {""op"": ""max"", ""left"": {""leaf"": ""20_short_term_investments"", ""depth"": 0}, ""right"": {""leaf"": ""21_short_term_investments"", ""depth"": 0}, ""depth"": 1}, ""right"": {""leaf"": ""22_short_term_investments"", ""depth"": 0}, ""depth"": 2}, ""right"": {""leaf"": ""23_short_term_investments"", ""depth"": 0}, ""depth"": 3}","{""kind"": ""time_agg"", ""op"": ""max"", ""depth"": 0}",54586062859.0,1,0,3,258633898,942755630,42,0.143,0,1,4,20_short_term_investments,short_term_investments,short term investments,NovaStar Technologies,2022,M_USD,22901372446.0,21_short_term_investments,short_term_investments,short term investments,NovaStar Technologies,2023,M_USD,54586062859.0,22_short_term_investments,short_term_investments,short term investments,NovaStar Technologies,2024,M_USD,37073963492.0,23_short_term_investments,short_term_investments,short term investments,NovaStar Technologies,2025,M_USD,18239363383.0,,,,,,,,,,,,,,,,,,,,,,,,,,,,,,,,,,,,,,,,,,,,,,,,,,,,,,,,,,,,,,,,,,,,,,,,,,,,,,,,,,,,
35,0,"If revenue for Atlas Global Industries in 2024 exceeds 35,344,718,534, what is the value of the cost of goods sold for Atlas Global Industries in 2024?",What is the value of the cost of goods sold for Atlas Global Industries in 2024?,conditional,28_cost_of_goods_sold,"{""leaf"": ""28_cost_of_goods_sold"", ""depth"": 0}","{""kind"": ""leaf"", ""semantic_type_in"": [""amount""], ""depth"": 0}",64502183898.0,1,0,0,521828280,876198296,42,0.589,0,1,1,28_cost_of_goods_sold,cost_of_goods_sold,cost of goods sold,Atlas Global Industries,2024,M_USD,64502183898.0,,,,,,,,,,,,,,,,,,,,,,,,,,,,,,,,,,,,,,,,,,,,,,,,,,,,,,,,,,,,,,,,,,,,,,,,,,,,,,,,,,,,,,,,,,,,,,,,,,,,,,,,,
36,0,"If revenue for Helix BioSciences in 2022 exceeds 87,316,954,741, which value corresponds to the revenue for Helix BioSciences in 2022 ?",which value corresponds to the revenue for Helix BioSciences in 2022 ?,conditional,74_revenue,"{""leaf"": ""74_revenue"", ""depth"": 0}","{""kind"": ""leaf"", ""semantic_type_in"": [""amount""], ""depth"": 0}",228914641465.0,2,0,0,571988889,822308461,42,0.164,0,1,1,74_revenue,revenue,revenue,Helix BioSciences,2022,M_USD,228914641465.0,,,,,,,,,,,,,,,,,,,,,,,,,,,,,,,,,,,,,,,,,,,,,,,,,,,,,,,,,,,,,,,,,,,,,,,,,,,,,,,,,,,,,,,,,,,,,,,,,,,,,,,,,
37,3,"If revenue for NovaStar Technologies in 2025 exceeds 123,518,827,545, may you give the average total equity for NovaStar Technologies across years 2021 through 2023",May you give the average total equity for NovaStar Technologies across years 2021 through 2023,conditional,"ratio(sum(sum(19_total_equity, 20_total_equity), 21_total_equity), 3.0)","{""op"": ""ratio"", ""left"": {""op"": ""sum"", ""left"": {""op"": ""sum"", ""left"": {""leaf"": ""19_total_equity"", ""depth"": 0}, ""right"": {""leaf"": ""20_total_equity"", ""depth"": 0}, ""depth"": 1}, ""right"": {""leaf"": ""21_total_equity"", ""depth"": 0}, ""depth"": 2}, ""right"": {""literal"": 3.0, ""depth"": 0}, ""depth"": 3}","{""kind"": ""time_agg"", ""op"": ""avg"", ""depth"": 0}",68425898709.0,4,0,3,936767846,651325257,42,0.582,0,1,3,19_total_equity,total_equity,total equity,NovaStar Technologies,2021,M_USD,25728066479.0,20_total_equity,total_equity,total equity,NovaStar Technologies,2022,M_USD,41243611414.0,21_total_equity,total_equity,total equity,NovaStar Technologies,2023,M_USD,138306018234.0,,,,,,,,,,,,,,,,,,,,,,,,,,,,,,,,,,,,,,,,,,,,,,,,,,,,,,,,,,,,,,,,,,,,,,,,,,,,,,,,,,,,,,,,,,,
38,0,"If revenue for NovaStar Technologies in 2024 exceeds 88,174,776,149, may you calculate the cash for NovaStar Technologies in 2023",May you calculate the cash for NovaStar Technologies in 2023,conditional,21_cash,"{""leaf"": ""21_cash"", ""depth"": 0}","{""kind"": ""leaf"", ""semantic_type_in"": [""amount""], ""depth"": 0}",78005323238.0,2,0,0,997413271,579064766,42,0.456,0,1,1,21_cash,cash,cash,NovaStar Technologies,2023,M_USD,78005323238.0,,,,,,,,,,,,,,,,,,,,,,,,,,,,,,,,,,,,,,,,,,,,,,,,,,,,,,,,,,,,,,,,,,,,,,,,,,,,,,,,,,,,,,,,,,,,,,,,,,,,,,,,,
39,1,"If revenue for Crimson Pharmaceuticals in 2020 exceeds 156,073,240,893, what does the following give: the minimum of total liabilities for Crimson Pharmaceuticals using values from 2022 through 2023",What does the following give: the minimum of total liabilities for Crimson Pharmaceuticals using values from 2022 through 2023,conditional,"min(86_total_liabilities, 87_total_liabilities)","{""op"": ""min"", ""left"": {""leaf"": ""86_total_liabilities"", ""depth"": 0}, ""right"": {""leaf"": ""87_total_liabilities"", ""depth"": 0}, ""depth"": 1}","{""kind"": ""time_agg"", ""op"": ""min"", ""depth"": 0}",292999353515.0,3,0,1,428414718,721218382,42,0.319,0,1,2,86_total_liabilities,total_liabilities,total liabilities,Crimson Pharmaceuticals,2022,M_USD,292999353515.0,87_total_liabilities,total_liabilities,total liabilities,Crimson Pharmaceuticals,2023,M_USD,372880104080.0,,,,,,,,,,,,,,,,,,,,,,,,,,,,,,,,,,,,,,,,,,,,,,,,,,,,,,,,,,,,,,,,,,,,,,,,,,,,,,,,,,,,,,,,,,,,,,,,,,
40,3,"If revenue for Titan Consumer Brands in 2023 exceeds 296,219,559,319, evaluate the the maximum of inventories for Titan Consumer Brands using values from 2020 through 2023 .",Evaluate the the maximum of inventories for Titan Consumer Brands using values from 2020 through 2023 .,conditional,"max(max(max(60_inventories, 61_inventories), 62_inventories), 63_inventories)","{""op"": ""max"", ""left"": {""op"": ""max"", ""left"": {""op"": ""max"", ""left"": {""leaf"": ""60_inventories"", ""depth"": 0}, ""right"": {""leaf"": ""61_inventories"", ""depth"": 0}, ""depth"": 1}, ""right"": {""leaf"": ""62_inventories"", ""depth"": 0}, ""depth"": 2}, ""right"": {""leaf"": ""63_inventories"", ""depth"": 0}, ""depth"": 3}","{""kind"": ""time_agg"", ""op"": ""max"", ""depth"": 0}",18938914633.0,1,0,3,555742829,484779555,42,0.224,0,1,4,60_inventories,inventories,inventories,Titan Consumer Brands,2020,M_USD,12797424929.0,61_inventories,inventories,inventories,Titan Consumer Brands,2021,M_USD,9166243596.0,62_inventories,inventories,inventories,Titan Consumer Brands,2022,M_USD,18938914633.0,63_inventories,inventories,inventories,Titan Consumer Brands,2023,M_USD,12620479762.0,,,,,,,,,,,,,,,,,,,,,,,,,,,,,,,,,,,,,,,,,,,,,,,,,,,,,,,,,,,,,,,,,,,,,,,,,,,,,,,,,,,,
41,3,"If revenue for Atlas Global Industries in 2020 exceeds 21,917,186,331, what's the value of the average non operating expenses for Atlas Global Industries across years 2022 through 2024 ?",What's the value of the average non operating expenses for Atlas Global Industries across years 2022 through 2024 ?,conditional,"ratio(sum(sum(26_non_operating_expenses, 27_non_operating_expenses), 28_non_operating_expenses), 3.0)","{""op"": ""ratio"", ""left"": {""op"": ""sum"", ""left"": {""op"": ""sum"", ""left"": {""leaf"": ""26_non_operating_expenses"", ""depth"": 0}, ""right"": {""leaf"": ""27_non_operating_expenses"", ""depth"": 0}, ""depth"": 1}, ""right"": {""leaf"": ""28_non_operating_expenses"", ""depth"": 0}, ""depth"": 2}, ""right"": {""literal"": 3.0, ""depth"": 0}, ""depth"": 3}","{""kind"": ""time_agg"", ""op"": ""avg"", ""depth"": 0}",12855534304.0,1,0,3,68747287,363016614,42,0.394,0,1,3,26_non_operating_expenses,non_operating_expenses,non operating expenses,Atlas Global Industries,2022,M_USD,12181634349.0,27_non_operating_expenses,non_operating_expenses,non operating expenses,Atlas Global Industries,2023,M_USD,11884357445.0,28_non_operating_expenses,non_operating_expenses,non operating expenses,Atlas Global Industries,2024,M_USD,14500611118.0,,,,,,,,,,,,,,,,,,,,,,,,,,,,,,,,,,,,,,,,,,,,,,,,,,,,,,,,,,,,,,,,,,,,,,,,,,,,,,,,,,,,,,,,,,,
42,2,"If revenue for Helix BioSciences in 2021 exceeds 111,318,191,742, which result follows from the average total liabilities for Helix BioSciences across years 2024 through 2025?",Which result follows from the average total liabilities for Helix BioSciences across years 2024 through 2025?,conditional,"ratio(sum(76_total_liabilities, 77_total_liabilities), 2.0)","{""op"": ""ratio"", ""left"": {""op"": ""sum"", ""left"": {""leaf"": ""76_total_liabilities"", ""depth"": 0}, ""right"": {""leaf"": ""77_total_liabilities"", ""depth"": 0}, ""depth"": 1}, ""right"": {""literal"": 2.0, ""depth"": 0}, ""depth"": 2}","{""kind"": ""time_agg"", ""op"": ""avg"", ""depth"": 0}",113938361278.0,2,0,2,247083812,631832764,42,0.104,0,1,2,76_total_liabilities,total_liabilities,total liabilities,Helix BioSciences,2024,M_USD,81787947475.0,77_total_liabilities,total_liabilities,total liabilities,Helix BioSciences,2025,M_USD,146088775081.0,,,,,,,,,,,,,,,,,,,,,,,,,,,,,,,,,,,,,,,,,,,,,,,,,,,,,,,,,,,,,,,,,,,,,,,,,,,,,,,,,,,,,,,,,,,,,,,,,,
43,0,"If revenue for Ironclad Manufacturing in 2022 exceeds 134,287,501,541, which result follows from the inventories for Ironclad Manufacturing in 2020 ?",which result follows from the inventories for Ironclad Manufacturing in 2020 ?,conditional,36_inventories,"{""leaf"": ""36_inventories"", ""depth"": 0}","{""kind"": ""leaf"", ""semantic_type_in"": [""amount""], ""depth"": 0}",22595907461.0,1,0,0,760038427,677641645,42,0.214,0,1,1,36_inventories,inventories,inventories,Ironclad Manufacturing,2020,M_USD,22595907461.0,,,,,,,,,,,,,,,,,,,,,,,,,,,,,,,,,,,,,,,,,,,,,,,,,,,,,,,,,,,,,,,,,,,,,,,,,,,,,,,,,,,,,,,,,,,,,,,,,,,,,,,,,
44,0,"If revenue for Orion Financial Group in 2023 exceeds 66,529,102,608, may you give the total equity for Orion Financial Group in 2025?",May you give the total equity for Orion Financial Group in 2025?,conditional,59_total_equity,"{""leaf"": ""59_total_equity"", ""depth"": 0}","{""kind"": ""leaf"", ""semantic_type_in"": [""amount""], ""depth"": 0}",113173075854.0,3,0,0,972187337,33729406,42,0.135,0,1,1,59_total_equity,total_equity,total equity,Orion Financial Group,2025,M_USD,113173075854.0,,,,,,,,,,,,,,,,,,,,,,,,,,,,,,,,,,,,,,,,,,,,,,,,,,,,,,,,,,,,,,,,,,,,,,,,,,,,,,,,,,,,,,,,,,,,,,,,,,,,,,,,,
45,1,"If revenue for Pinnacle Health Group in 2023 exceeds 10,069,343,033, state the the maximum of operating expenses for Pinnacle Health Group using values from 2024 through 2025 .",state the the maximum of operating expenses for Pinnacle Health Group using values from 2024 through 2025 .,conditional,"max(34_operating_expenses, 35_operating_expenses)","{""op"": ""max"", ""left"": {""leaf"": ""34_operating_expenses"", ""depth"": 0}, ""right"": {""leaf"": ""35_operating_expenses"", ""depth"": 0}, ""depth"": 1}","{""kind"": ""time_agg"", ""op"": ""max"", ""depth"": 0}",3455688956.0,4,0,1,255555531,299012686,42,0.207,0,1,2,34_operating_expenses,operating_expenses,operating expenses,Pinnacle Health Group,2024,M_USD,1167665300.0,35_operating_expenses,operating_expenses,operating expenses,Pinnacle Health Group,2025,M_USD,3455688956.0,,,,,,,,,,,,,,,,,,,,,,,,,,,,,,,,,,,,,,,,,,,,,,,,,,,,,,,,,,,,,,,,,,,,,,,,,,,,,,,,,,,,,,,,,,,,,,,,,,
46,0,"If revenue for ClearPath Logistics in 2020 exceeds 170,513,008,474, whats the value of the inventories for ClearPath Logistics in 2021?",Whats the value of the inventories for ClearPath Logistics in 2021?,conditional,79_inventories,"{""leaf"": ""79_inventories"", ""depth"": 0}","{""kind"": ""leaf"", ""semantic_type_in"": [""amount""], ""depth"": 0}",9802306932.0,4,0,0,142068763,776693898,42,0.221,0,1,1,79_inventories,inventories,inventories,ClearPath Logistics,2021,M_USD,9802306932.0,,,,,,,,,,,,,,,,,,,,,,,,,,,,,,,,,,,,,,,,,,,,,,,,,,,,,,,,,,,,,,,,,,,,,,,,,,,,,,,,,,,,,,,,,,,,,,,,,,,,,,,,,
47,8,"If revenue for Crimson Pharmaceuticals in 2025 exceeds 527,891,321,764, what does the following give: result of the minimum of inventories for Crimson Pharmaceuticals using values from 2022 through 2025 scaled by ratio of ratio of sum of sum of sum of sum of sum of revenue for Crimson Pharmaceuticals in 2020 and revenue for Crimson Pharmaceuticals in 2021 and revenue for Crimson Pharmaceuticals in 2022 and revenue for Crimson Pharmaceuticals in 2023 and revenue for Crimson Pharmaceuticals in 2024 and revenue for Crimson Pharmaceuticals in 2025 to 6.0 to revenue for Crimson Pharmaceuticals in 2024 ?",what does the following give: result of the minimum of inventories for Crimson Pharmaceuticals using values from 2022 through 2025 scaled by ratio of ratio of sum of sum of sum of sum of sum of revenue for Crimson Pharmaceuticals in 2020 and revenue for Crimson Pharmaceuticals in 2021 and revenue for Crimson Pharmaceuticals in 2022 and revenue for Crimson Pharmaceuticals in 2023 and revenue for Crimson Pharmaceuticals in 2024 and revenue for Crimson Pharmaceuticals in 2025 to 6.0 to revenue for Crimson Pharmaceuticals in 2024 ?,conditional,"mul(min(min(min(86_inventories, 87_inventories), 88_inventories), 89_inventories), ratio(ratio(sum(sum(sum(sum(sum(84_revenue, 85_revenue), 86_revenue), 87_revenue), 88_revenue), 89_revenue), 6.0), 88_revenue))","{""op"": ""mul"", ""left"": {""op"": ""min"", ""left"": {""op"": ""min"", ""left"": {""op"": ""min"", ""left"": {""leaf"": ""86_inventories"", ""depth"": 0}, ""right"": {""leaf"": ""87_inventories"", ""depth"": 0}, ""depth"": 1}, ""right"": {""leaf"": ""88_inventories"", ""depth"": 0}, ""depth"": 2}, ""right"": {""leaf"": ""89_inventories"", ""depth"": 0}, ""depth"": 3}, ""right"": {""op"": ""ratio"", ""left"": {""op"": ""ratio"", ""left"": {""op"": ""sum"", ""left"": {""op"": ""sum"", ""left"": {""op"": ""sum"", ""left"": {""op"": ""sum"", ""left"": {""op"": ""sum"", ""left"": {""leaf"": ""84_revenue"", ""depth"": 0}, ""right"": {""leaf"": ""85_revenue"", ""depth"": 0}, ""depth"": 1}, ""right"": {""leaf"": ""86_revenue"", ""depth"": 0}, ""depth"": 2}, ""right"": {""leaf"": ""87_revenue"", ""depth"": 0}, ""depth"": 3}, ""right"": {""leaf"": ""88_revenue"", ""depth"": 0}, ""depth"": 4}, ""right"": {""leaf"": ""89_revenue"", ""depth"": 0}, ""depth"": 5}, ""right"": {""literal"": 6.0, ""depth"": 0}, ""depth"": 6}, ""right"": {""leaf"": ""88_revenue"", ""depth"": 0}, ""depth"": 7}, ""depth"": 8}","{""op"": ""mul"", ""left"": {""kind"": ""time_agg"", ""op"": ""min"", ""depth"": 0}, ""right"": {""op"": ""ratio"", ""left"": {""kind"": ""time_agg"", ""op"": ""avg"", ""depth"": 0}, ""right"": {""kind"": ""leaf"", ""semantic_type_in"": [""amount""], ""depth"": 0}, ""depth"": 1, ""kind"": ""node""}, ""depth"": 2, ""kind"": ""node""}",15561329249.334028,4,2,8,507850824,867043303,42,0.195,2,3,11,86_inventories,inventories,inventories,Crimson Pharmaceuticals,2022,M_USD,28423616137.0,87_inventories,inventories,inventories,Crimson Pharmaceuticals,2023,M_USD,17260121467.0,88_inventories,inventories,inventories,Crimson Pharmaceuticals,2024,M_USD,24990884474.0,89_inventories,inventories,inventories,Crimson Pharmaceuticals,2025,M_USD,35247284087.0,84_revenue,revenue,revenue,Crimson Pharmaceuticals,2020,M_USD,463236153443.0,85_revenue,revenue,revenue,Crimson Pharmaceuticals,2021,M_USD,550238407354.0,86_revenue,revenue,revenue,Crimson Pharmaceuticals,2022,M_USD,616787330020.0,87_revenue,revenue,revenue,Crimson Pharmaceuticals,2023,M_USD,714009917393.0,88_revenue,revenue,revenue,Crimson Pharmaceuticals,2024,M_USD,712605555965.0,89_revenue,revenue,revenue,Crimson Pharmaceuticals,2025,M_USD,797935489539.0,88_revenue,revenue,revenue,Crimson Pharmaceuticals,2024,M_USD,712605555965.0,,,,,,,,,,,,,,,,,,,,,,,,,,,,,,,,,,,
48,1,"If revenue for SilverLine Retail Inc in 2024 exceeds 257,500,172,028, you should give the longterm liabilities for SilverLine Retail Inc in 2020.",You should give the longterm liabilities for SilverLine Retail Inc in 2020.,conditional,longterm_liabilities,"{""derived"": ""longterm_liabilities"", ""expanded"": {""op"": ""diff"", ""left"": {""leaf"": ""42_total_liabilities"", ""depth"": 0}, ""right"": {""leaf"": ""42_current_liabilities"", ""depth"": 0}, ""depth"": 1}, ""depth"": 1}","{""kind"": ""derived_concept"", ""name"": ""longterm_liabilities"", ""depth"": 0}",273649718424.0,4,0,1,104078666,707577342,42,0.277,0,1,2,42_total_liabilities,total_liabilities,total liabilities,SilverLine Retail Inc,2020,M_USD,376311479535.0,42_current_liabilities,current_liabilities,current liabilities,SilverLine Retail Inc,2020,M_USD,102661761111.0,,,,,,,,,,,,,,,,,,,,,,,,,,,,,,,,,,,,,,,,,,,,,,,,,,,,,,,,,,,,,,,,,,,,,,,,,,,,,,,,,,,,,,,,,,,,,,,,,,
49,0,"If revenue for Cobalt Semiconductor in 2022 exceeds 29,820,404,213, what would be the operating expenses for Cobalt Semiconductor in 2025 ?",what would be the operating expenses for Cobalt Semiconductor in 2025 ?,conditional,71_operating_expenses,"{""leaf"": ""71_operating_expenses"", ""depth"": 0}","{""kind"": ""leaf"", ""semantic_type_in"": [""amount""], ""depth"": 0}",9183187371.0,1,0,0,441417711,501463916,42,0.437,0,1,1,71_operating_expenses,operating_expenses,operating expenses,Cobalt Semiconductor,2025,M_USD,9183187371.0,,,,,,,,,,,,,,,,,,,,,,,,,,,,,,,,,,,,,,,,,,,,,,,,,,,,,,,,,,,,,,,,,,,,,,,,,,,,,,,,,,,,,,,,,,,,,,,,,,,,,,,,,
50,3,"If revenue for Atlas Global Industries in 2021 exceeds 39,295,369,463, what is the value of the average total liabilities for Atlas Global Industries across years 2021 through 2023?",What is the value of the average total liabilities for Atlas Global Industries across years 2021 through 2023?,conditional,"ratio(sum(sum(25_total_liabilities, 26_total_liabilities), 27_total_liabilities), 3.0)","{""op"": ""ratio"", ""left"": {""op"": ""sum"", ""left"": {""op"": ""sum"", ""left"": {""leaf"": ""25_total_liabilities"", ""depth"": 0}, ""right"": {""leaf"": ""26_total_liabilities"", ""depth"": 0}, ""depth"": 1}, ""right"": {""leaf"": ""27_total_liabilities"", ""depth"": 0}, ""depth"": 2}, ""right"": {""literal"": 3.0, ""depth"": 0}, ""depth"": 3}","{""kind"": ""time_agg"", ""op"": ""avg"", ""depth"": 0}",47172292981.333336,1,0,3,693830224,105675387,42,0.301,0,1,3,25_total_liabilities,total_liabilities,total liabilities,Atlas Global Industries,2021,M_USD,74292535207.0,26_total_liabilities,total_liabilities,total liabilities,Atlas Global Industries,2022,M_USD,34053539184.0,27_total_liabilities,total_liabilities,total liabilities,Atlas Global Industries,2023,M_USD,33170804553.0,,,,,,,,,,,,,,,,,,,,,,,,,,,,,,,,,,,,,,,,,,,,,,,,,,,,,,,,,,,,,,,,,,,,,,,,,,,,,,,,,,,,,,,,,,,
51,0,"If revenue for NovaStar Technologies in 2020 exceeds 45,667,512,273, may you calculate the total liabilities for NovaStar Technologies in 2022?",May you calculate the total liabilities for NovaStar Technologies in 2022?,conditional,20_total_liabilities,"{""leaf"": ""20_total_liabilities"", ""depth"": 0}","{""kind"": ""leaf"", ""semantic_type_in"": [""amount""], ""depth"": 0}",116964418856.0,1,0,0,364323393,859629660,42,0.224,0,1,1,20_total_liabilities,total_liabilities,total liabilities,NovaStar Technologies,2022,M_USD,116964418856.0,,,,,,,,,,,,,,,,,,,,,,,,,,,,,,,,,,,,,,,,,,,,,,,,,,,,,,,,,,,,,,,,,,,,,,,,,,,,,,,,,,,,,,,,,,,,,,,,,,,,,,,,,
52,0,"If revenue for Titan Consumer Brands in 2020 exceeds 282,839,361,164, you should calculate the capex for Titan Consumer Brands in 2023",you should calculate the capex for Titan Consumer Brands in 2023,conditional,63_capex,"{""leaf"": ""63_capex"", ""depth"": 0}","{""kind"": ""leaf"", ""semantic_type_in"": [""amount""], ""depth"": 0}",34511191761.0,4,0,0,204235259,575832441,42,0.17,0,1,1,63_capex,capex,capex,Titan Consumer Brands,2023,M_USD,34511191761.0,,,,,,,,,,,,,,,,,,,,,,,,,,,,,,,,,,,,,,,,,,,,,,,,,,,,,,,,,,,,,,,,,,,,,,,,,,,,,,,,,,,,,,,,,,,,,,,,,,,,,,,,,
53,0,"If revenue for Meridian Systems Inc in 2021 exceeds 98,248,003,178, could you give the cash for Meridian Systems Inc in 2022",could you give the cash for Meridian Systems Inc in 2022,conditional,8_cash,"{""leaf"": ""8_cash"", ""depth"": 0}","{""kind"": ""leaf"", ""semantic_type_in"": [""amount""], ""depth"": 0}",30171777497.0,4,0,0,197018781,299085574,42,0.225,0,1,1,8_cash,cash,cash,Meridian Systems Inc,2022,M_USD,30171777497.0,,,,,,,,,,,,,,,,,,,,,,,,,,,,,,,,,,,,,,,,,,,,,,,,,,,,,,,,,,,,,,,,,,,,,,,,,,,,,,,,,,,,,,,,,,,,,,,,,,,,,,,,,
54,5,"If revenue for Meridian Systems Inc in 2025 exceeds 67,142,907,403, could you give the average non operating expenses for Meridian Systems Inc across years 2021 through 2025?",Could you give the average non operating expenses for Meridian Systems Inc across years 2021 through 2025?,conditional,"ratio(sum(sum(sum(sum(7_non_operating_expenses, 8_non_operating_expenses), 9_non_operating_expenses), 10_non_operating_expenses), 11_non_operating_expenses), 5.0)","{""op"": ""ratio"", ""left"": {""op"": ""sum"", ""left"": {""op"": ""sum"", ""left"": {""op"": ""sum"", ""left"": {""op"": ""sum"", ""left"": {""leaf"": ""7_non_operating_expenses"", ""depth"": 0}, ""right"": {""leaf"": ""8_non_operating_expenses"", ""depth"": 0}, ""depth"": 1}, ""right"": {""leaf"": ""9_non_operating_expenses"", ""depth"": 0}, ""depth"": 2}, ""right"": {""leaf"": ""10_non_operating_expenses"", ""depth"": 0}, ""depth"": 3}, ""right"": {""leaf"": ""11_non_operating_expenses"", ""depth"": 0}, ""depth"": 4}, ""right"": {""literal"": 5.0, ""depth"": 0}, ""depth"": 5}","{""kind"": ""time_agg"", ""op"": ""avg"", ""depth"": 0}",22314674900.6,4,0,5,991348895,80943908,42,0.504,0,1,5,7_non_operating_expenses,non_operating_expenses,non operating expenses,Meridian Systems Inc,2021,M_USD,19695202247.0,8_non_operating_expenses,non_operating_expenses,non operating expenses,Meridian Systems Inc,2022,M_USD,16889643220.0,9_non_operating_expenses,non_operating_expenses,non operating expenses,Meridian Systems Inc,2023,M_USD,15645390585.0,10_non_operating_expenses,non_operating_expenses,non operating expenses,Meridian Systems Inc,2024,M_USD,13155842082.0,11_non_operating_expenses,non_operating_expenses,non operating expenses,Meridian Systems Inc,2025,M_USD,46187296369.0,,,,,,,,,,,,,,,,,,,,,,,,,,,,,,,,,,,,,,,,,,,,,,,,,,,,,,,,,,,,,,,,,,,,,,,,,,,,,
55,4,"If revenue for Titan Consumer Brands in 2024 exceeds 318,271,491,125, evaluate the average accounts receivable for Titan Consumer Brands across years 2021 through 2024",evaluate the average accounts receivable for Titan Consumer Brands across years 2021 through 2024,conditional,"ratio(sum(sum(sum(61_accounts_receivable, 62_accounts_receivable), 63_accounts_receivable), 64_accounts_receivable), 4.0)","{""op"": ""ratio"", ""left"": {""op"": ""sum"", ""left"": {""op"": ""sum"", ""left"": {""op"": ""sum"", ""left"": {""leaf"": ""61_accounts_receivable"", ""depth"": 0}, ""right"": {""leaf"": ""62_accounts_receivable"", ""depth"": 0}, ""depth"": 1}, ""right"": {""leaf"": ""63_accounts_receivable"", ""depth"": 0}, ""depth"": 2}, ""right"": {""leaf"": ""64_accounts_receivable"", ""depth"": 0}, ""depth"": 3}, ""right"": {""literal"": 4.0, ""depth"": 0}, ""depth"": 4}","{""kind"": ""time_agg"", ""op"": ""avg"", ""depth"": 0}",50083393459.5,1,0,4,919087451,590907304,42,0.125,0,1,4,61_accounts_receivable,accounts_receivable,accounts receivable,Titan Consumer Brands,2021,M_USD,61294783471.0,62_accounts_receivable,accounts_receivable,accounts receivable,Titan Consumer Brands,2022,M_USD,59854939495.0,63_accounts_receivable,accounts_receivable,accounts receivable,Titan Consumer Brands,2023,M_USD,36229048196.0,64_accounts_receivable,accounts_receivable,accounts receivable,Titan Consumer Brands,2024,M_USD,42954802676.0,,,,,,,,,,,,,,,,,,,,,,,,,,,,,,,,,,,,,,,,,,,,,,,,,,,,,,,,,,,,,,,,,,,,,,,,,,,,,,,,,,,,
56,0,"If revenue for Atlas Global Industries in 2023 exceeds 61,626,363,613, what's the value of the cost of goods sold for Atlas Global Industries in 2023",what's the value of the cost of goods sold for Atlas Global Industries in 2023,conditional,27_cost_of_goods_sold,"{""leaf"": ""27_cost_of_goods_sold"", ""depth"": 0}","{""kind"": ""leaf"", ""semantic_type_in"": [""amount""], ""depth"": 0}",32957703657.0,1,0,0,580451872,897677788,42,0.584,0,1,1,27_cost_of_goods_sold,cost_of_goods_sold,cost of goods sold,Atlas Global Industries,2023,M_USD,32957703657.0,,,,,,,,,,,,,,,,,,,,,,,,,,,,,,,,,,,,,,,,,,,,,,,,,,,,,,,,,,,,,,,,,,,,,,,,,,,,,,,,,,,,,,,,,,,,,,,,,,,,,,,,,
57,6,"If revenue for Cobalt Semiconductor in 2025 exceeds 20,028,938,775, what do we obtain as the average total equity for Cobalt Semiconductor across years 2020 through 2025 ?",What do we obtain as the average total equity for Cobalt Semiconductor across years 2020 through 2025 ?,conditional,"ratio(sum(sum(sum(sum(sum(66_total_equity, 67_total_equity), 68_total_equity), 69_total_equity), 70_total_equity), 71_total_equity), 6.0)","{""op"": ""ratio"", ""left"": {""op"": ""sum"", ""left"": {""op"": ""sum"", ""left"": {""op"": ""sum"", ""left"": {""op"": ""sum"", ""left"": {""op"": ""sum"", ""left"": {""leaf"": ""66_total_equity"", ""depth"": 0}, ""right"": {""leaf"": ""67_total_equity"", ""depth"": 0}, ""depth"": 1}, ""right"": {""leaf"": ""68_total_equity"", ""depth"": 0}, ""depth"": 2}, ""right"": {""leaf"": ""69_total_equity"", ""depth"": 0}, ""depth"": 3}, ""right"": {""leaf"": ""70_total_equity"", ""depth"": 0}, ""depth"": 4}, ""right"": {""leaf"": ""71_total_equity"", ""depth"": 0}, ""depth"": 5}, ""right"": {""literal"": 6.0, ""depth"": 0}, ""depth"": 6}","{""kind"": ""time_agg"", ""op"": ""avg"", ""depth"": 0}",18452898922.5,2,0,6,994678970,809134796,42,0.183,0,1,6,66_total_equity,total_equity,total equity,Cobalt Semiconductor,2020,M_USD,20345792629.0,67_total_equity,total_equity,total equity,Cobalt Semiconductor,2021,M_USD,19173266021.0,68_total_equity,total_equity,total equity,Cobalt Semiconductor,2022,M_USD,18574533301.0,69_total_equity,total_equity,total equity,Cobalt Semiconductor,2023,M_USD,20786993929.0,70_total_equity,total_equity,total equity,Cobalt Semiconductor,2024,M_USD,18803902272.0,71_total_equity,total_equity,total equity,Cobalt Semiconductor,2025,M_USD,13032905383.0,,,,,,,,,,,,,,,,,,,,,,,,,,,,,,,,,,,,,,,,,,,,,,,,,,,,,,,,,,,,,,,,,,,,,,
58,0,"If revenue for Atlas Global Industries in 2021 exceeds 53,777,963,997, what is the value of the capex for Atlas Global Industries in 2020",What is the value of the capex for Atlas Global Industries in 2020,conditional,24_capex,"{""leaf"": ""24_capex"", ""depth"": 0}","{""kind"": ""leaf"", ""semantic_type_in"": [""amount""], ""depth"": 0}",6459524123.0,2,0,0,521453189,516854671,42,0.532,0,1,1,24_capex,capex,capex,Atlas Global Industries,2020,M_USD,6459524123.0,,,,,,,,,,,,,,,,,,,,,,,,,,,,,,,,,,,,,,,,,,,,,,,,,,,,,,,,,,,,,,,,,,,,,,,,,,,,,,,,,,,,,,,,,,,,,,,,,,,,,,,,,
59,0,"If revenue for NovaStar Technologies in 2021 exceeds 81,801,892,311, you should give the cost of goods sold for NovaStar Technologies in 2024 .",You should give the cost of goods sold for NovaStar Technologies in 2024 .,conditional,22_cost_of_goods_sold,"{""leaf"": ""22_cost_of_goods_sold"", ""depth"": 0}","{""kind"": ""leaf"", ""semantic_type_in"": [""amount""], ""depth"": 0}",77448179322.0,2,0,0,968990653,62959284,42,0.289,0,1,1,22_cost_of_goods_sold,cost_of_goods_sold,cost of goods sold,NovaStar Technologies,2024,M_USD,77448179322.0,,,,,,,,,,,,,,,,,,,,,,,,,,,,,,,,,,,,,,,,,,,,,,,,,,,,,,,,,,,,,,,,,,,,,,,,,,,,,,,,,,,,,,,,,,,,,,,,,,,,,,,,,
60,7,"If revenue for NovaStar Technologies in 2020 exceeds 40,105,130,760, may you calculate the sum of result of cost of goods sold for NovaStar Technologies in 2023 scaled by ratio of result of accounts receivable scaled by income tax for NovaStar Technologies in 2023 to the minimum of total liabilities for NovaStar Technologies using values from 2021 through 2025 and difference between current assets and current assets for NovaStar Technologies in 2023",may you calculate the sum of result of cost of goods sold for NovaStar Technologies in 2023 scaled by ratio of result of accounts receivable scaled by income tax for NovaStar Technologies in 2023 to the minimum of total liabilities for NovaStar Technologies using values from 2021 through 2025 and difference between current assets and current assets for NovaStar Technologies in 2023,conditional,"sum(mul(21_cost_of_goods_sold, ratio(mul(21_accounts_receivable, 21_income_tax), min(min(min(min(19_total_liabilities, 20_total_liabilities), 21_total_liabilities), 22_total_liabilities), 23_total_liabilities))), diff(current_assets, current_assets))","{""op"": ""sum"", ""left"": {""op"": ""mul"", ""left"": {""leaf"": ""21_cost_of_goods_sold"", ""depth"": 0}, ""right"": {""op"": ""ratio"", ""left"": {""op"": ""mul"", ""left"": {""leaf"": ""21_accounts_receivable"", ""depth"": 0}, ""right"": {""leaf"": ""21_income_tax"", ""depth"": 0}, ""depth"": 1}, ""right"": {""op"": ""min"", ""left"": {""op"": ""min"", ""left"": {""op"": ""min"", ""left"": {""op"": ""min"", ""left"": {""leaf"": ""19_total_liabilities"", ""depth"": 0}, ""right"": {""leaf"": ""20_total_liabilities"", ""depth"": 0}, ""depth"": 1}, ""right"": {""leaf"": ""21_total_liabilities"", ""depth"": 0}, ""depth"": 2}, ""right"": {""leaf"": ""22_total_liabilities"", ""depth"": 0}, ""depth"": 3}, ""right"": {""leaf"": ""23_total_liabilities"", ""depth"": 0}, ""depth"": 4}, ""depth"": 5}, ""depth"": 6}, ""right"": {""op"": ""diff"", ""left"": {""derived"": ""current_assets"", ""expanded"": {""op"": ""sum"", ""left"": {""op"": ""sum"", ""left"": {""op"": ""sum"", ""left"": {""leaf"": ""21_cash"", ""depth"": 0}, ""right"": {""leaf"": ""21_accounts_receivable"", ""depth"": 0}, ""depth"": 1}, ""right"": {""leaf"": ""21_inventories"", ""depth"": 0}, ""depth"": 2}, ""right"": {""leaf"": ""21_short_term_investments"", ""depth"": 0}, ""depth"": 3}, ""depth"": 3}, ""right"": {""derived"": ""current_assets"", ""expanded"": {""op"": ""sum"", ""left"": {""op"": ""sum"", ""left"": {""op"": ""sum"", ""left"": {""leaf"": ""21_cash"", ""depth"": 0}, ""right"": {""leaf"": ""21_accounts_receivable"", ""depth"": 0}, ""depth"": 1}, ""right"": {""leaf"": ""21_inventories"", ""depth"": 0}, ""depth"": 2}, ""right"": {""leaf"": ""21_short_term_investments"", ""depth"": 0}, ""depth"": 3}, ""depth"": 3}, ""depth"": 4}, ""depth"": 7}","{""op"": ""sum"", ""left"": {""op"": ""mul"", ""left"": {""kind"": ""leaf"", ""semantic_type_in"": [""amount""], ""depth"": 0}, ""right"": {""op"": ""ratio"", ""left"": {""op"": ""mul"", ""left"": {""kind"": ""leaf"", ""semantic_type_in"": [""amount""], ""depth"": 0}, ""right"": {""kind"": ""leaf"", ""semantic_type_in"": [""rate""], ""depth"": 0}, ""depth"": 1, ""kind"": ""node""}, ""right"": {""kind"": ""time_agg"", ""op"": ""min"", ""depth"": 0}, ""depth"": 2, ""kind"": ""node""}, ""depth"": 3, ""kind"": ""node""}, ""right"": {""op"": ""diff"", ""left"": {""kind"": ""derived_concept"", ""name"": ""current_assets"", ""depth"": 0}, ""right"": {""kind"": ""derived_concept"", ""name"": ""current_assets"", ""depth"": 0}, ""depth"": 1, ""kind"": ""node""}, ""depth"": 4, ""kind"": ""node""}",4789264615.309323,4,4,7,419212169,284759615,42,0.243,5,6,16,21_cost_of_goods_sold,cost_of_goods_sold,cost of goods sold,NovaStar Technologies,2023,M_USD,75116813740.0,21_accounts_receivable,accounts_receivable,accounts receivable,NovaStar Technologies,2023,M_USD,17764900454.0,21_income_tax,income_tax,income tax,NovaStar Technologies,2023,ratio,0.24175705676683412,19_total_liabilities,total_liabilities,total liabilities,NovaStar Technologies,2021,M_USD,67361269415.0,20_total_liabilities,total_liabilities,total liabilities,NovaStar Technologies,2022,M_USD,116964418856.0,21_total_liabilities,total_liabilities,total liabilities,NovaStar Technologies,2023,M_USD,387125867905.0,22_total_liabilities,total_liabilities,total liabilities,NovaStar Technologies,2024,M_USD,106445960366.0,23_total_liabilities,total_liabilities,total liabilities,NovaStar Technologies,2025,M_USD,162525516269.0,21_cash,cash,cash,NovaStar Technologies,2023,M_USD,78005323238.0,21_accounts_receivable,accounts_receivable,accounts receivable,NovaStar Technologies,2023,M_USD,17764900454.0,21_inventories,inventories,inventories,NovaStar Technologies,2023,M_USD,8747616629.0,21_short_term_investments,short_term_investments,short term investments,NovaStar Technologies,2023,M_USD,54586062859.0,21_cash,cash,cash,NovaStar Technologies,2023,M_USD,78005323238.0,21_accounts_receivable,accounts_receivable,accounts receivable,NovaStar Technologies,2023,M_USD,17764900454.0,21_inventories,inventories,inventories,NovaStar Technologies,2023,M_USD,8747616629.0,21_short_term_investments,short_term_investments,short term investments,NovaStar Technologies,2023,M_USD,54586062859.0
61,5,"If revenue for Crimson Pharmaceuticals in 2022 exceeds 378,062,630,207, what does the following give: sum of the maximum of non operating expenses for Crimson Pharmaceuticals using values from 2021 through 2025 and operating expenses for Crimson Pharmaceuticals in 2021 ?",what does the following give: sum of the maximum of non operating expenses for Crimson Pharmaceuticals using values from 2021 through 2025 and operating expenses for Crimson Pharmaceuticals in 2021 ?,conditional,"sum(max(max(max(max(85_non_operating_expenses, 86_non_operating_expenses), 87_non_operating_expenses), 88_non_operating_expenses), 89_non_operating_expenses), 85_operating_expenses)","{""op"": ""sum"", ""left"": {""op"": ""max"", ""left"": {""op"": ""max"", ""left"": {""op"": ""max"", ""left"": {""op"": ""max"", ""left"": {""leaf"": ""85_non_operating_expenses"", ""depth"": 0}, ""right"": {""leaf"": ""86_non_operating_expenses"", ""depth"": 0}, ""depth"": 1}, ""right"": {""leaf"": ""87_non_operating_expenses"", ""depth"": 0}, ""depth"": 2}, ""right"": {""leaf"": ""88_non_operating_expenses"", ""depth"": 0}, ""depth"": 3}, ""right"": {""leaf"": ""89_non_operating_expenses"", ""depth"": 0}, ""depth"": 4}, ""right"": {""leaf"": ""85_operating_expenses"", ""depth"": 0}, ""depth"": 5}","{""op"": ""sum"", ""left"": {""kind"": ""time_agg"", ""op"": ""max"", ""depth"": 0}, ""right"": {""kind"": ""leaf"", ""semantic_type_in"": [""amount""], ""depth"": 0}, ""depth"": 1, ""kind"": ""node""}",242377786258.0,4,1,5,747959430,784374109,42,0.177,1,2,6,85_non_operating_expenses,non_operating_expenses,non operating expenses,Crimson Pharmaceuticals,2021,M_USD,103672453234.0,86_non_operating_expenses,non_operating_expenses,non operating expenses,Crimson Pharmaceuticals,2022,M_USD,85996148293.0,87_non_operating_expenses,non_operating_expenses,non operating expenses,Crimson Pharmaceuticals,2023,M_USD,53726393715.0,88_non_operating_expenses,non_operating_expenses,non operating expenses,Crimson Pharmaceuticals,2024,M_USD,62146052544.0,89_non_operating_expenses,non_operating_expenses,non operating expenses,Crimson Pharmaceuticals,2025,M_USD,194307064236.0,85_operating_expenses,operating_expenses,operating expenses,Crimson Pharmaceuticals,2021,M_USD,48070722022.0,,,,,,,,,,,,,,,,,,,,,,,,,,,,,,,,,,,,,,,,,,,,,,,,,,,,,,,,,,,,,,,,,,,,,,
62,4,"If revenue for Orion Financial Group in 2023 exceeds 79,334,995,867, give the the minimum of cash for Orion Financial Group using values from 2020 through 2024",Give the the minimum of cash for Orion Financial Group using values from 2020 through 2024,conditional,"min(min(min(min(54_cash, 55_cash), 56_cash), 57_cash), 58_cash)","{""op"": ""min"", ""left"": {""op"": ""min"", ""left"": {""op"": ""min"", ""left"": {""op"": ""min"", ""left"": {""leaf"": ""54_cash"", ""depth"": 0}, ""right"": {""leaf"": ""55_cash"", ""depth"": 0}, ""depth"": 1}, ""right"": {""leaf"": ""56_cash"", ""depth"": 0}, ""depth"": 2}, ""right"": {""leaf"": ""57_cash"", ""depth"": 0}, ""depth"": 3}, ""right"": {""leaf"": ""58_cash"", ""depth"": 0}, ""depth"": 4}","{""kind"": ""time_agg"", ""op"": ""min"", ""depth"": 0}",8636335684.0,1,0,4,318587604,233754555,42,0.39,0,1,5,54_cash,cash,cash,Orion Financial Group,2020,M_USD,14348366706.0,55_cash,cash,cash,Orion Financial Group,2021,M_USD,11711683283.0,56_cash,cash,cash,Orion Financial Group,2022,M_USD,8636335684.0,57_cash,cash,cash,Orion Financial Group,2023,M_USD,13630911736.0,58_cash,cash,cash,Orion Financial Group,2024,M_USD,58303728357.0,,,,,,,,,,,,,,,,,,,,,,,,,,,,,,,,,,,,,,,,,,,,,,,,,,,,,,,,,,,,,,,,,,,,,,,,,,,,,
63,5,"If revenue for Atlas Global Industries in 2025 exceeds 61,419,271,116, what's the value of the sum of the minimum of current liabilities for Atlas Global Industries using values from 2021 through 2025 and operating expenses for Atlas Global Industries in 2020?",What's the value of the sum of the minimum of current liabilities for Atlas Global Industries using values from 2021 through 2025 and operating expenses for Atlas Global Industries in 2020?,conditional,"sum(min(min(min(min(25_current_liabilities, 26_current_liabilities), 27_current_liabilities), 28_current_liabilities), 29_current_liabilities), 24_operating_expenses)","{""op"": ""sum"", ""left"": {""op"": ""min"", ""left"": {""op"": ""min"", ""left"": {""op"": ""min"", ""left"": {""op"": ""min"", ""left"": {""leaf"": ""25_current_liabilities"", ""depth"": 0}, ""right"": {""leaf"": ""26_current_liabilities"", ""depth"": 0}, ""depth"": 1}, ""right"": {""leaf"": ""27_current_liabilities"", ""depth"": 0}, ""depth"": 2}, ""right"": {""leaf"": ""28_current_liabilities"", ""depth"": 0}, ""depth"": 3}, ""right"": {""leaf"": ""29_current_liabilities"", ""depth"": 0}, ""depth"": 4}, ""right"": {""leaf"": ""24_operating_expenses"", ""depth"": 0}, ""depth"": 5}","{""op"": ""sum"", ""left"": {""kind"": ""time_agg"", ""op"": ""min"", ""depth"": 0}, ""right"": {""kind"": ""leaf"", ""semantic_type_in"": [""amount""], ""depth"": 0}, ""depth"": 1, ""kind"": ""node""}",20979927710.0,2,1,5,627255918,511947770,42,0.128,1,2,6,25_current_liabilities,current_liabilities,current liabilities,Atlas Global Industries,2021,M_USD,32600493357.0,26_current_liabilities,current_liabilities,current liabilities,Atlas Global Industries,2022,M_USD,14588066781.0,27_current_liabilities,current_liabilities,current liabilities,Atlas Global Industries,2023,M_USD,8454673818.0,28_current_liabilities,current_liabilities,current liabilities,Atlas Global Industries,2024,M_USD,22282160668.0,29_current_liabilities,current_liabilities,current liabilities,Atlas Global Industries,2025,M_USD,29299977915.0,24_operating_expenses,operating_expenses,operating expenses,Atlas Global Industries,2020,M_USD,12525253892.0,,,,,,,,,,,,,,,,,,,,,,,,,,,,,,,,,,,,,,,,,,,,,,,,,,,,,,,,,,,,,,,,,,,,,,
64,0,"If revenue for Quantum Bridge Holdings in 2022 exceeds 30,770,223,152, determine the accounts receivable for Quantum Bridge Holdings in 2022",Determine the accounts receivable for Quantum Bridge Holdings in 2022,conditional,14_accounts_receivable,"{""leaf"": ""14_accounts_receivable"", ""depth"": 0}","{""kind"": ""leaf"", ""semantic_type_in"": [""amount""], ""depth"": 0}",11244579757.0,2,0,0,545276696,86019028,42,0.134,0,1,1,14_accounts_receivable,accounts_receivable,accounts receivable,Quantum Bridge Holdings,2022,M_USD,11244579757.0,,,,,,,,,,,,,,,,,,,,,,,,,,,,,,,,,,,,,,,,,,,,,,,,,,,,,,,,,,,,,,,,,,,,,,,,,,,,,,,,,,,,,,,,,,,,,,,,,,,,,,,,,
65,5,"If revenue for Atlas Global Industries in 2025 exceeds 33,768,144,161, what is the value of the the maximum of dividends paid for Atlas Global Industries using values from 2020 through 2025 ?",what is the value of the the maximum of dividends paid for Atlas Global Industries using values from 2020 through 2025 ?,conditional,"max(max(max(max(max(24_dividends_paid, 25_dividends_paid), 26_dividends_paid), 27_dividends_paid), 28_dividends_paid), 29_dividends_paid)","{""op"": ""max"", ""left"": {""op"": ""max"", ""left"": {""op"": ""max"", ""left"": {""op"": ""max"", ""left"": {""op"": ""max"", ""left"": {""leaf"": ""24_dividends_paid"", ""depth"": 0}, ""right"": {""leaf"": ""25_dividends_paid"", ""depth"": 0}, ""depth"": 1}, ""right"": {""leaf"": ""26_dividends_paid"", ""depth"": 0}, ""depth"": 2}, ""right"": {""leaf"": ""27_dividends_paid"", ""depth"": 0}, ""depth"": 3}, ""right"": {""leaf"": ""28_dividends_paid"", ""depth"": 0}, ""depth"": 4}, ""right"": {""leaf"": ""29_dividends_paid"", ""depth"": 0}, ""depth"": 5}","{""kind"": ""time_agg"", ""op"": ""max"", ""depth"": 0}",10644215641.0,2,0,5,72972420,725003955,42,0.302,0,1,6,24_dividends_paid,dividends_paid,dividends paid,Atlas Global Industries,2020,M_USD,0.0,25_dividends_paid,dividends_paid,dividends paid,Atlas Global Industries,2021,M_USD,870815476.0,26_dividends_paid,dividends_paid,dividends paid,Atlas Global Industries,2022,M_USD,1627683748.0,27_dividends_paid,dividends_paid,dividends paid,Atlas Global Industries,2023,M_USD,10644215641.0,28_dividends_paid,dividends_paid,dividends paid,Atlas Global Industries,2024,M_USD,0.0,29_dividends_paid,dividends_paid,dividends paid,Atlas Global Industries,2025,M_USD,0.0,,,,,,,,,,,,,,,,,,,,,,,,,,,,,,,,,,,,,,,,,,,,,,,,,,,,,,,,,,,,,,,,,,,,,,
66,2,"If revenue for Quantum Bridge Holdings in 2020 exceeds 51,235,590,337, compute the operating income for Quantum Bridge Holdings in 2025 .",compute the operating income for Quantum Bridge Holdings in 2025 .,conditional,operating_income,"{""derived"": ""operating_income"", ""expanded"": {""op"": ""diff"", ""left"": {""derived"": ""gross_profit"", ""expanded"": {""op"": ""diff"", ""left"": {""leaf"": ""17_revenue"", ""depth"": 0}, ""right"": {""leaf"": ""17_cost_of_goods_sold"", ""depth"": 0}, ""depth"": 1}, ""depth"": 1}, ""right"": {""leaf"": ""17_operating_expenses"", ""depth"": 0}, ""depth"": 2}, ""depth"": 2}","{""kind"": ""derived_concept"", ""name"": ""operating_income"", ""depth"": 0}",29064198273.0,2,0,2,955938726,611684318,42,0.389,0,1,3,17_revenue,revenue,revenue,Quantum Bridge Holdings,2025,M_USD,93743222034.0,17_cost_of_goods_sold,cost_of_goods_sold,cost of goods sold,Quantum Bridge Holdings,2025,M_USD,46761554631.0,17_operating_expenses,operating_expenses,operating expenses,Quantum Bridge Holdings,2025,M_USD,17917469130.0,,,,,,,,,,,,,,,,,,,,,,,,,,,,,,,,,,,,,,,,,,,,,,,,,,,,,,,,,,,,,,,,,,,,,,,,,,,,,,,,,,,,,,,,,,,
67,1,"If revenue for NovaStar Technologies in 2021 exceeds 47,613,143,820, may you calculate the difference between total assets and operating expenses for NovaStar Technologies in 2025?",may you calculate the difference between total assets and operating expenses for NovaStar Technologies in 2025?,conditional,"diff(23_total_assets, 23_operating_expenses)","{""op"": ""diff"", ""left"": {""leaf"": ""23_total_assets"", ""depth"": 0}, ""right"": {""leaf"": ""23_operating_expenses"", ""depth"": 0}, ""depth"": 1}","{""op"": ""diff"", ""left"": {""kind"": ""leaf"", ""semantic_type_in"": [""amount""], ""depth"": 0}, ""right"": {""kind"": ""leaf"", ""semantic_type_in"": [""amount""], ""depth"": 0}, ""depth"": 1, ""kind"": ""node""}",194441097192.0,1,1,1,42672287,665055833,42,0.31,1,2,2,23_total_assets,total_assets,total assets,NovaStar Technologies,2025,M_USD,221989227733.0,23_operating_expenses,operating_expenses,operating expenses,NovaStar Technologies,2025,M_USD,27548130541.0,,,,,,,,,,,,,,,,,,,,,,,,,,,,,,,,,,,,,,,,,,,,,,,,,,,,,,,,,,,,,,,,,,,,,,,,,,,,,,,,,,,,,,,,,,,,,,,,,,
68,2,"If revenue for Meridian Systems Inc in 2023 exceeds 73,177,156,476, could you give the the maximum of operating expenses for Meridian Systems Inc using values from 2021 through 2023",could you give the the maximum of operating expenses for Meridian Systems Inc using values from 2021 through 2023,conditional,"max(max(7_operating_expenses, 8_operating_expenses), 9_operating_expenses)","{""op"": ""max"", ""left"": {""op"": ""max"", ""left"": {""leaf"": ""7_operating_expenses"", ""depth"": 0}, ""right"": {""leaf"": ""8_operating_expenses"", ""depth"": 0}, ""depth"": 1}, ""right"": {""leaf"": ""9_operating_expenses"", ""depth"": 0}, ""depth"": 2}","{""kind"": ""time_agg"", ""op"": ""max"", ""depth"": 0}",26227013850.0,3,0,2,626713347,606907788,42,0.567,0,1,3,7_operating_expenses,operating_expenses,operating expenses,Meridian Systems Inc,2021,M_USD,8595335904.0,8_operating_expenses,operating_expenses,operating expenses,Meridian Systems Inc,2022,M_USD,26227013850.0,9_operating_expenses,operating_expenses,operating expenses,Meridian Systems Inc,2023,M_USD,15974701841.0,,,,,,,,,,,,,,,,,,,,,,,,,,,,,,,,,,,,,,,,,,,,,,,,,,,,,,,,,,,,,,,,,,,,,,,,,,,,,,,,,,,,,,,,,,,
69,4,"If revenue for Meridian Systems Inc in 2021 exceeds 66,748,145,556, could you give the the minimum of non operating expenses for Meridian Systems Inc using values from 2020 through 2024?",Could you give the the minimum of non operating expenses for Meridian Systems Inc using values from 2020 through 2024?,conditional,"min(min(min(min(6_non_operating_expenses, 7_non_operating_expenses), 8_non_operating_expenses), 9_non_operating_expenses), 10_non_operating_expenses)","{""op"": ""min"", ""left"": {""op"": ""min"", ""left"": {""op"": ""min"", ""left"": {""op"": ""min"", ""left"": {""leaf"": ""6_non_operating_expenses"", ""depth"": 0}, ""right"": {""leaf"": ""7_non_operating_expenses"", ""depth"": 0}, ""depth"": 1}, ""right"": {""leaf"": ""8_non_operating_expenses"", ""depth"": 0}, ""depth"": 2}, ""right"": {""leaf"": ""9_non_operating_expenses"", ""depth"": 0}, ""depth"": 3}, ""right"": {""leaf"": ""10_non_operating_expenses"", ""depth"": 0}, ""depth"": 4}","{""kind"": ""time_agg"", ""op"": ""min"", ""depth"": 0}",13155842082.0,3,0,4,219321646,719112790,42,0.219,0,1,5,6_non_operating_expenses,non_operating_expenses,non operating expenses,Meridian Systems Inc,2020,M_USD,21212142257.0,7_non_operating_expenses,non_operating_expenses,non operating expenses,Meridian Systems Inc,2021,M_USD,19695202247.0,8_non_operating_expenses,non_operating_expenses,non operating expenses,Meridian Systems Inc,2022,M_USD,16889643220.0,9_non_operating_expenses,non_operating_expenses,non operating expenses,Meridian Systems Inc,2023,M_USD,15645390585.0,10_non_operating_expenses,non_operating_expenses,non operating expenses,Meridian Systems Inc,2024,M_USD,13155842082.0,,,,,,,,,,,,,,,,,,,,,,,,,,,,,,,,,,,,,,,,,,,,,,,,,,,,,,,,,,,,,,,,,,,,,,,,,,,,,
70,2,"If revenue for Meridian Systems Inc in 2025 exceeds 74,255,334,981, which quantity is given by the operating income for Meridian Systems Inc in 2025 ?",Which quantity is given by the operating income for Meridian Systems Inc in 2025 ?,conditional,operating_income,"{""derived"": ""operating_income"", ""expanded"": {""op"": ""diff"", ""left"": {""derived"": ""gross_profit"", ""expanded"": {""op"": ""diff"", ""left"": {""leaf"": ""11_revenue"", ""depth"": 0}, ""right"": {""leaf"": ""11_cost_of_goods_sold"", ""depth"": 0}, ""depth"": 1}, ""depth"": 1}, ""right"": {""leaf"": ""11_operating_expenses"", ""depth"": 0}, ""depth"": 2}, ""depth"": 2}","{""kind"": ""derived_concept"", ""name"": ""operating_income"", ""depth"": 0}",93434958581.0,3,0,2,424971817,140529481,42,0.329,0,1,3,11_revenue,revenue,revenue,Meridian Systems Inc,2025,M_USD,196832227920.0,11_cost_of_goods_sold,cost_of_goods_sold,cost of goods sold,Meridian Systems Inc,2025,M_USD,83721666006.0,11_operating_expenses,operating_expenses,operating expenses,Meridian Systems Inc,2025,M_USD,19675603333.0,,,,,,,,,,,,,,,,,,,,,,,,,,,,,,,,,,,,,,,,,,,,,,,,,,,,,,,,,,,,,,,,,,,,,,,,,,,,,,,,,,,,,,,,,,,
71,4,"If revenue for Atlas Global Industries in 2022 exceeds 35,796,622,409, what's the value of the the minimum of cash for Atlas Global Industries using values from 2020 through 2024?",What's the value of the the minimum of cash for Atlas Global Industries using values from 2020 through 2024?,conditional,"min(min(min(min(24_cash, 25_cash), 26_cash), 27_cash), 28_cash)","{""op"": ""min"", ""left"": {""op"": ""min"", ""left"": {""op"": ""min"", ""left"": {""op"": ""min"", ""left"": {""leaf"": ""24_cash"", ""depth"": 0}, ""right"": {""leaf"": ""25_cash"", ""depth"": 0}, ""depth"": 1}, ""right"": {""leaf"": ""26_cash"", ""depth"": 0}, ""depth"": 2}, ""right"": {""leaf"": ""27_cash"", ""depth"": 0}, ""depth"": 3}, ""right"": {""leaf"": ""28_cash"", ""depth"": 0}, ""depth"": 4}","{""kind"": ""time_agg"", ""op"": ""min"", ""depth"": 0}",10028697747.0,1,0,4,997525838,807308348,42,0.105,0,1,5,24_cash,cash,cash,Atlas Global Industries,2020,M_USD,10028697747.0,25_cash,cash,cash,Atlas Global Industries,2021,M_USD,24706161355.0,26_cash,cash,cash,Atlas Global Industries,2022,M_USD,13377294652.0,27_cash,cash,cash,Atlas Global Industries,2023,M_USD,22183120542.0,28_cash,cash,cash,Atlas Global Industries,2024,M_USD,10032574751.0,,,,,,,,,,,,,,,,,,,,,,,,,,,,,,,,,,,,,,,,,,,,,,,,,,,,,,,,,,,,,,,,,,,,,,,,,,,,,
72,0,"If revenue for Atlas Global Industries in 2020 exceeds 49,936,425,819, what's the value of the cost of goods sold for Atlas Global Industries in 2022?",What's the value of the cost of goods sold for Atlas Global Industries in 2022?,conditional,26_cost_of_goods_sold,"{""leaf"": ""26_cost_of_goods_sold"", ""depth"": 0}","{""kind"": ""leaf"", ""semantic_type_in"": [""amount""], ""depth"": 0}",32332148354.0,1,0,0,666964667,604509817,42,0.137,0,1,1,26_cost_of_goods_sold,cost_of_goods_sold,cost of goods sold,Atlas Global Industries,2022,M_USD,32332148354.0,,,,,,,,,,,,,,,,,,,,,,,,,,,,,,,,,,,,,,,,,,,,,,,,,,,,,,,,,,,,,,,,,,,,,,,,,,,,,,,,,,,,,,,,,,,,,,,,,,,,,,,,,
73,4,"If revenue for Quantum Bridge Holdings in 2022 exceeds 37,266,379,784, compute the average current liabilities for Quantum Bridge Holdings across years 2021 through 2024 .",compute the average current liabilities for Quantum Bridge Holdings across years 2021 through 2024 .,conditional,"ratio(sum(sum(sum(13_current_liabilities, 14_current_liabilities), 15_current_liabilities), 16_current_liabilities), 4.0)","{""op"": ""ratio"", ""left"": {""op"": ""sum"", ""left"": {""op"": ""sum"", ""left"": {""op"": ""sum"", ""left"": {""leaf"": ""13_current_liabilities"", ""depth"": 0}, ""right"": {""leaf"": ""14_current_liabilities"", ""depth"": 0}, ""depth"": 1}, ""right"": {""leaf"": ""15_current_liabilities"", ""depth"": 0}, ""depth"": 2}, ""right"": {""leaf"": ""16_current_liabilities"", ""depth"": 0}, ""depth"": 3}, ""right"": {""literal"": 4.0, ""depth"": 0}, ""depth"": 4}","{""kind"": ""time_agg"", ""op"": ""avg"", ""depth"": 0}",25633752930.0,1,0,4,374745382,945820704,42,0.54,0,1,4,13_current_liabilities,current_liabilities,current liabilities,Quantum Bridge Holdings,2021,M_USD,8135166425.0,14_current_liabilities,current_liabilities,current liabilities,Quantum Bridge Holdings,2022,M_USD,50369376466.0,15_current_liabilities,current_liabilities,current liabilities,Quantum Bridge Holdings,2023,M_USD,18549065822.0,16_current_liabilities,current_liabilities,current liabilities,Quantum Bridge Holdings,2024,M_USD,25481403007.0,,,,,,,,,,,,,,,,,,,,,,,,,,,,,,,,,,,,,,,,,,,,,,,,,,,,,,,,,,,,,,,,,,,,,,,,,,,,,,,,,,,,
74,0,"If revenue for Pacific Crest Energy in 2024 exceeds 87,593,435,294, provide the short term investments for Pacific Crest Energy in 2023 .",provide the short term investments for Pacific Crest Energy in 2023 .,conditional,51_short_term_investments,"{""leaf"": ""51_short_term_investments"", ""depth"": 0}","{""kind"": ""leaf"", ""semantic_type_in"": [""amount""], ""depth"": 0}",28077416123.0,2,0,0,396776692,306002884,42,0.319,0,1,1,51_short_term_investments,short_term_investments,short term investments,Pacific Crest Energy,2023,M_USD,28077416123.0,,,,,,,,,,,,,,,,,,,,,,,,,,,,,,,,,,,,,,,,,,,,,,,,,,,,,,,,,,,,,,,,,,,,,,,,,,,,,,,,,,,,,,,,,,,,,,,,,,,,,,,,,
75,0,"If revenue for Cobalt Semiconductor in 2024 exceeds 22,801,261,999, what would be the current liabilities for Cobalt Semiconductor in 2021?",What would be the current liabilities for Cobalt Semiconductor in 2021?,conditional,67_current_liabilities,"{""leaf"": ""67_current_liabilities"", ""depth"": 0}","{""kind"": ""leaf"", ""semantic_type_in"": [""amount""], ""depth"": 0}",9945586850.0,3,0,0,583275843,755420240,42,0.406,0,1,1,67_current_liabilities,current_liabilities,current liabilities,Cobalt Semiconductor,2021,M_USD,9945586850.0,,,,,,,,,,,,,,,,,,,,,,,,,,,,,,,,,,,,,,,,,,,,,,,,,,,,,,,,,,,,,,,,,,,,,,,,,,,,,,,,,,,,,,,,,,,,,,,,,,,,,,,,,
76,0,"If revenue for Quantum Bridge Holdings in 2020 exceeds 27,562,154,362, you should give the total assets for Quantum Bridge Holdings in 2023 .",you should give the total assets for Quantum Bridge Holdings in 2023 .,conditional,15_total_assets,"{""leaf"": ""15_total_assets"", ""depth"": 0}","{""kind"": ""leaf"", ""semantic_type_in"": [""amount""], ""depth"": 0}",90462343960.0,1,0,0,866616964,702201721,42,0.434,0,1,1,15_total_assets,total_assets,total assets,Quantum Bridge Holdings,2023,M_USD,90462343960.0,,,,,,,,,,,,,,,,,,,,,,,,,,,,,,,,,,,,,,,,,,,,,,,,,,,,,,,,,,,,,,,,,,,,,,,,,,,,,,,,,,,,,,,,,,,,,,,,,,,,,,,,,
77,0,"If revenue for SilverLine Retail Inc in 2022 exceeds 259,441,042,735, calculate the inventories for SilverLine Retail Inc in 2020",calculate the inventories for SilverLine Retail Inc in 2020,conditional,42_inventories,"{""leaf"": ""42_inventories"", ""depth"": 0}","{""kind"": ""leaf"", ""semantic_type_in"": [""amount""], ""depth"": 0}",23922547349.0,1,0,0,595499669,321455482,42,0.569,0,1,1,42_inventories,inventories,inventories,SilverLine Retail Inc,2020,M_USD,23922547349.0,,,,,,,,,,,,,,,,,,,,,,,,,,,,,,,,,,,,,,,,,,,,,,,,,,,,,,,,,,,,,,,,,,,,,,,,,,,,,,,,,,,,,,,,,,,,,,,,,,,,,,,,,
78,1,"If revenue for Orion Financial Group in 2022 exceeds 36,369,632,470, may you give the longterm liabilities for Orion Financial Group in 2020",may you give the longterm liabilities for Orion Financial Group in 2020,conditional,longterm_liabilities,"{""derived"": ""longterm_liabilities"", ""expanded"": {""op"": ""diff"", ""left"": {""leaf"": ""54_total_liabilities"", ""depth"": 0}, ""right"": {""leaf"": ""54_current_liabilities"", ""depth"": 0}, ""depth"": 1}, ""depth"": 1}","{""kind"": ""derived_concept"", ""name"": ""longterm_liabilities"", ""depth"": 0}",22505321099.0,1,0,1,144193987,283968123,42,0.545,0,1,2,54_total_liabilities,total_liabilities,total liabilities,Orion Financial Group,2020,M_USD,33826250469.0,54_current_liabilities,current_liabilities,current liabilities,Orion Financial Group,2020,M_USD,11320929370.0,,,,,,,,,,,,,,,,,,,,,,,,,,,,,,,,,,,,,,,,,,,,,,,,,,,,,,,,,,,,,,,,,,,,,,,,,,,,,,,,,,,,,,,,,,,,,,,,,,
79,3,"If revenue for Meridian Systems Inc in 2024 exceeds 89,838,856,072, could you give the difference between operating income and dividends paid for Meridian Systems Inc in 2024 ?",could you give the difference between operating income and dividends paid for Meridian Systems Inc in 2024 ?,conditional,"diff(operating_income, 10_dividends_paid)","{""op"": ""diff"", ""left"": {""derived"": ""operating_income"", ""expanded"": {""op"": ""diff"", ""left"": {""derived"": ""gross_profit"", ""expanded"": {""op"": ""diff"", ""left"": {""leaf"": ""10_revenue"", ""depth"": 0}, ""right"": {""leaf"": ""10_cost_of_goods_sold"", ""depth"": 0}, ""depth"": 1}, ""depth"": 1}, ""right"": {""leaf"": ""10_operating_expenses"", ""depth"": 0}, ""depth"": 2}, ""depth"": 2}, ""right"": {""leaf"": ""10_dividends_paid"", ""depth"": 0}, ""depth"": 3}","{""op"": ""diff"", ""left"": {""kind"": ""derived_concept"", ""name"": ""operating_income"", ""depth"": 0}, ""right"": {""kind"": ""leaf"", ""semantic_type_in"": [""amount""], ""depth"": 0}, ""depth"": 1, ""kind"": ""node""}",43373001209.0,3,1,3,649431082,226161867,42,0.202,1,2,4,10_revenue,revenue,revenue,Meridian Systems Inc,2024,M_USD,189603251457.0,10_cost_of_goods_sold,cost_of_goods_sold,cost of goods sold,Meridian Systems Inc,2024,M_USD,125777800780.0,10_operating_expenses,operating_expenses,operating expenses,Meridian Systems Inc,2024,M_USD,16700630347.0,10_dividends_paid,dividends_paid,dividends paid,Meridian Systems Inc,2024,M_USD,3751819121.0,,,,,,,,,,,,,,,,,,,,,,,,,,,,,,,,,,,,,,,,,,,,,,,,,,,,,,,,,,,,,,,,,,,,,,,,,,,,,,,,,,,,
80,2,"If revenue for Pacific Crest Energy in 2025 exceeds 133,979,635,396, provide the the minimum of total equity for Pacific Crest Energy using values from 2021 through 2023.",Provide the the minimum of total equity for Pacific Crest Energy using values from 2021 through 2023.,conditional,"min(min(49_total_equity, 50_total_equity), 51_total_equity)","{""op"": ""min"", ""left"": {""op"": ""min"", ""left"": {""leaf"": ""49_total_equity"", ""depth"": 0}, ""right"": {""leaf"": ""50_total_equity"", ""depth"": 0}, ""depth"": 1}, ""right"": {""leaf"": ""51_total_equity"", ""depth"": 0}, ""depth"": 2}","{""kind"": ""time_agg"", ""op"": ""min"", ""depth"": 0}",94679722612.0,3,0,2,681007818,915808162,42,0.353,0,1,3,49_total_equity,total_equity,total equity,Pacific Crest Energy,2021,M_USD,94679722612.0,50_total_equity,total_equity,total equity,Pacific Crest Energy,2022,M_USD,123639680113.0,51_total_equity,total_equity,total equity,Pacific Crest Energy,2023,M_USD,129422878908.0,,,,,,,,,,,,,,,,,,,,,,,,,,,,,,,,,,,,,,,,,,,,,,,,,,,,,,,,,,,,,,,,,,,,,,,,,,,,,,,,,,,,,,,,,,,
81,1,"If revenue for NovaStar Technologies in 2023 exceeds 86,089,939,673, may you calculate the sum of non operating expenses and dividends paid for NovaStar Technologies in 2023 ?",May you calculate the sum of non operating expenses and dividends paid for NovaStar Technologies in 2023 ?,conditional,"sum(21_non_operating_expenses, 21_dividends_paid)","{""op"": ""sum"", ""left"": {""leaf"": ""21_non_operating_expenses"", ""depth"": 0}, ""right"": {""leaf"": ""21_dividends_paid"", ""depth"": 0}, ""depth"": 1}","{""op"": ""sum"", ""left"": {""kind"": ""leaf"", ""semantic_type_in"": [""amount""], ""depth"": 0}, ""right"": {""kind"": ""leaf"", ""semantic_type_in"": [""amount""], ""depth"": 0}, ""depth"": 1, ""kind"": ""node""}",16896505554.0,1,1,1,269639388,972097649,42,0.146,1,2,2,21_non_operating_expenses,non_operating_expenses,non operating expenses,NovaStar Technologies,2023,M_USD,16019483282.0,21_dividends_paid,dividends_paid,dividends paid,NovaStar Technologies,2023,M_USD,877022272.0,,,,,,,,,,,,,,,,,,,,,,,,,,,,,,,,,,,,,,,,,,,,,,,,,,,,,,,,,,,,,,,,,,,,,,,,,,,,,,,,,,,,,,,,,,,,,,,,,,
82,0,"If revenue for Pinnacle Health Group in 2024 exceeds 7,253,566,932, state the short term investments for Pinnacle Health Group in 2023 .",state the short term investments for Pinnacle Health Group in 2023 .,conditional,33_short_term_investments,"{""leaf"": ""33_short_term_investments"", ""depth"": 0}","{""kind"": ""leaf"", ""semantic_type_in"": [""amount""], ""depth"": 0}",719453696.0,3,0,0,454811020,890505735,42,0.122,0,1,1,33_short_term_investments,short_term_investments,short term investments,Pinnacle Health Group,2023,M_USD,719453696.0,,,,,,,,,,,,,,,,,,,,,,,,,,,,,,,,,,,,,,,,,,,,,,,,,,,,,,,,,,,,,,,,,,,,,,,,,,,,,,,,,,,,,,,,,,,,,,,,,,,,,,,,,
83,3,"If revenue for NovaStar Technologies in 2024 exceeds 66,927,011,493, may you give the the minimum of inventories for NovaStar Technologies using values from 2021 through 2024",may you give the the minimum of inventories for NovaStar Technologies using values from 2021 through 2024,conditional,"min(min(min(19_inventories, 20_inventories), 21_inventories), 22_inventories)","{""op"": ""min"", ""left"": {""op"": ""min"", ""left"": {""op"": ""min"", ""left"": {""leaf"": ""19_inventories"", ""depth"": 0}, ""right"": {""leaf"": ""20_inventories"", ""depth"": 0}, ""depth"": 1}, ""right"": {""leaf"": ""21_inventories"", ""depth"": 0}, ""depth"": 2}, ""right"": {""leaf"": ""22_inventories"", ""depth"": 0}, ""depth"": 3}","{""kind"": ""time_agg"", ""op"": ""min"", ""depth"": 0}",2745251342.0,2,0,3,358153605,827982963,42,0.419,0,1,4,19_inventories,inventories,inventories,NovaStar Technologies,2021,M_USD,6653823401.0,20_inventories,inventories,inventories,NovaStar Technologies,2022,M_USD,2745251342.0,21_inventories,inventories,inventories,NovaStar Technologies,2023,M_USD,8747616629.0,22_inventories,inventories,inventories,NovaStar Technologies,2024,M_USD,8368379005.0,,,,,,,,,,,,,,,,,,,,,,,,,,,,,,,,,,,,,,,,,,,,,,,,,,,,,,,,,,,,,,,,,,,,,,,,,,,,,,,,,,,,
84,0,"If revenue for Apex Dynamics Corp in 2020 exceeds 39,551,067,304, what is the value of the accounts receivable for Apex Dynamics Corp in 2021",what is the value of the accounts receivable for Apex Dynamics Corp in 2021,conditional,1_accounts_receivable,"{""leaf"": ""1_accounts_receivable"", ""depth"": 0}","{""kind"": ""leaf"", ""semantic_type_in"": [""amount""], ""depth"": 0}",6150232751.0,4,0,0,281272327,173497327,42,0.376,0,1,1,1_accounts_receivable,accounts_receivable,accounts receivable,Apex Dynamics Corp,2021,M_USD,6150232751.0,,,,,,,,,,,,,,,,,,,,,,,,,,,,,,,,,,,,,,,,,,,,,,,,,,,,,,,,,,,,,,,,,,,,,,,,,,,,,,,,,,,,,,,,,,,,,,,,,,,,,,,,,
85,0,"If revenue for Crimson Pharmaceuticals in 2020 exceeds 235,309,206,979, what does the following give: total assets for Crimson Pharmaceuticals in 2023?",What does the following give: total assets for Crimson Pharmaceuticals in 2023?,conditional,87_total_assets,"{""leaf"": ""87_total_assets"", ""depth"": 0}","{""kind"": ""leaf"", ""semantic_type_in"": [""amount""], ""depth"": 0}",664692739887.0,1,0,0,459225330,602269164,42,0.156,0,1,1,87_total_assets,total_assets,total assets,Crimson Pharmaceuticals,2023,M_USD,664692739887.0,,,,,,,,,,,,,,,,,,,,,,,,,,,,,,,,,,,,,,,,,,,,,,,,,,,,,,,,,,,,,,,,,,,,,,,,,,,,,,,,,,,,,,,,,,,,,,,,,,,,,,,,,
86,3,"If revenue for Pacific Crest Energy in 2024 exceeds 109,473,445,127, provide the average non operating expenses for Pacific Crest Energy across years 2022 through 2024",provide the average non operating expenses for Pacific Crest Energy across years 2022 through 2024,conditional,"ratio(sum(sum(50_non_operating_expenses, 51_non_operating_expenses), 52_non_operating_expenses), 3.0)","{""op"": ""ratio"", ""left"": {""op"": ""sum"", ""left"": {""op"": ""sum"", ""left"": {""leaf"": ""50_non_operating_expenses"", ""depth"": 0}, ""right"": {""leaf"": ""51_non_operating_expenses"", ""depth"": 0}, ""depth"": 1}, ""right"": {""leaf"": ""52_non_operating_expenses"", ""depth"": 0}, ""depth"": 2}, ""right"": {""literal"": 3.0, ""depth"": 0}, ""depth"": 3}","{""kind"": ""time_agg"", ""op"": ""avg"", ""depth"": 0}",28075332896.0,2,0,3,948228268,741976666,42,0.373,0,1,3,50_non_operating_expenses,non_operating_expenses,non operating expenses,Pacific Crest Energy,2022,M_USD,21526751149.0,51_non_operating_expenses,non_operating_expenses,non operating expenses,Pacific Crest Energy,2023,M_USD,26536692532.0,52_non_operating_expenses,non_operating_expenses,non operating expenses,Pacific Crest Energy,2024,M_USD,36162555007.0,,,,,,,,,,,,,,,,,,,,,,,,,,,,,,,,,,,,,,,,,,,,,,,,,,,,,,,,,,,,,,,,,,,,,,,,,,,,,,,,,,,,,,,,,,,
87,2,"If revenue for SilverLine Retail Inc in 2025 exceeds 492,067,601,994, calculate the result of short term investments scaled by ratio of cost of goods sold to total liabilities for SilverLine Retail Inc in 2022 .",Calculate the result of short term investments scaled by ratio of cost of goods sold to total liabilities for SilverLine Retail Inc in 2022 .,conditional,"mul(44_short_term_investments, ratio(44_cost_of_goods_sold, 44_total_liabilities))","{""op"": ""mul"", ""left"": {""leaf"": ""44_short_term_investments"", ""depth"": 0}, ""right"": {""op"": ""ratio"", ""left"": {""leaf"": ""44_cost_of_goods_sold"", ""depth"": 0}, ""right"": {""leaf"": ""44_total_liabilities"", ""depth"": 0}, ""depth"": 1}, ""depth"": 2}","{""op"": ""mul"", ""left"": {""kind"": ""leaf"", ""semantic_type_in"": [""amount""], ""depth"": 0}, ""right"": {""op"": ""ratio"", ""left"": {""kind"": ""leaf"", ""semantic_type_in"": [""amount""], ""depth"": 0}, ""right"": {""kind"": ""leaf"", ""semantic_type_in"": [""amount""], ""depth"": 0}, ""depth"": 1, ""kind"": ""node""}, ""depth"": 2, ""kind"": ""node""}",64764925814.400314,2,2,2,896139578,396442646,42,0.315,2,3,3,44_short_term_investments,short_term_investments,short term investments,SilverLine Retail Inc,2022,M_USD,47074730838.0,44_cost_of_goods_sold,cost_of_goods_sold,cost of goods sold,SilverLine Retail Inc,2022,M_USD,406130342563.0,44_total_liabilities,total_liabilities,total liabilities,SilverLine Retail Inc,2022,M_USD,295197999857.0,,,,,,,,,,,,,,,,,,,,,,,,,,,,,,,,,,,,,,,,,,,,,,,,,,,,,,,,,,,,,,,,,,,,,,,,,,,,,,,,,,,,,,,,,,,
88,3,"If revenue for Pacific Crest Energy in 2021 exceeds 84,947,063,550, provide the pretax income for Pacific Crest Energy in 2022.",provide the pretax income for Pacific Crest Energy in 2022.,conditional,pretax_income,"{""derived"": ""pretax_income"", ""expanded"": {""op"": ""diff"", ""left"": {""derived"": ""operating_income"", ""expanded"": {""op"": ""diff"", ""left"": {""derived"": ""gross_profit"", ""expanded"": {""op"": ""diff"", ""left"": {""leaf"": ""50_revenue"", ""depth"": 0}, ""right"": {""leaf"": ""50_cost_of_goods_sold"", ""depth"": 0}, ""depth"": 1}, ""depth"": 1}, ""right"": {""leaf"": ""50_operating_expenses"", ""depth"": 0}, ""depth"": 2}, ""depth"": 2}, ""right"": {""leaf"": ""50_non_operating_expenses"", ""depth"": 0}, ""depth"": 3}, ""depth"": 3}","{""kind"": ""derived_concept"", ""name"": ""pretax_income"", ""depth"": 0}",65648143778.0,3,0,3,44913399,330989881,42,0.549,0,1,4,50_revenue,revenue,revenue,Pacific Crest Energy,2022,M_USD,176894396528.0,50_cost_of_goods_sold,cost_of_goods_sold,cost of goods sold,Pacific Crest Energy,2022,M_USD,78889346377.0,50_operating_expenses,operating_expenses,operating expenses,Pacific Crest Energy,2022,M_USD,10830155224.0,50_non_operating_expenses,non_operating_expenses,non operating expenses,Pacific Crest Energy,2022,M_USD,21526751149.0,,,,,,,,,,,,,,,,,,,,,,,,,,,,,,,,,,,,,,,,,,,,,,,,,,,,,,,,,,,,,,,,,,,,,,,,,,,,,,,,,,,,
89,1,"If revenue for Cobalt Semiconductor in 2020 exceeds 36,611,152,329, what do we obtain as the result of cost of goods sold scaled by income tax for Cobalt Semiconductor in 2025",What do we obtain as the result of cost of goods sold scaled by income tax for Cobalt Semiconductor in 2025,conditional,"mul(71_cost_of_goods_sold, 71_income_tax)","{""op"": ""mul"", ""left"": {""leaf"": ""71_cost_of_goods_sold"", ""depth"": 0}, ""right"": {""leaf"": ""71_income_tax"", ""depth"": 0}, ""depth"": 1}","{""op"": ""mul"", ""left"": {""kind"": ""leaf"", ""semantic_type_in"": [""amount""], ""depth"": 0}, ""right"": {""kind"": ""leaf"", ""semantic_type_in"": [""rate""], ""depth"": 0}, ""depth"": 1, ""kind"": ""node""}",8471816369.860438,1,1,1,854829815,924172364,42,0.549,1,2,2,71_cost_of_goods_sold,cost_of_goods_sold,cost of goods sold,Cobalt Semiconductor,2025,M_USD,30649497738.0,71_income_tax,income_tax,income tax,Cobalt Semiconductor,2025,ratio,0.27640963131858676,,,,,,,,,,,,,,,,,,,,,,,,,,,,,,,,,,,,,,,,,,,,,,,,,,,,,,,,,,,,,,,,,,,,,,,,,,,,,,,,,,,,,,,,,,,,,,,,,,
90,0,"If revenue for Crimson Pharmaceuticals in 2022 exceeds 338,777,943,601, what does the following give: total liabilities for Crimson Pharmaceuticals in 2023?",What does the following give: total liabilities for Crimson Pharmaceuticals in 2023?,conditional,87_total_liabilities,"{""leaf"": ""87_total_liabilities"", ""depth"": 0}","{""kind"": ""leaf"", ""semantic_type_in"": [""amount""], ""depth"": 0}",372880104080.0,2,0,0,225567963,732363533,42,0.433,0,1,1,87_total_liabilities,total_liabilities,total liabilities,Crimson Pharmaceuticals,2023,M_USD,372880104080.0,,,,,,,,,,,,,,,,,,,,,,,,,,,,,,,,,,,,,,,,,,,,,,,,,,,,,,,,,,,,,,,,,,,,,,,,,,,,,,,,,,,,,,,,,,,,,,,,,,,,,,,,,
