[2026-08-09 21:16:37] Running data prep
Data prep complete.
[2026-08-09 21:16:38] === MIXED DEPTH 1-5 / n=250 ===
[2026-08-09 21:16:38] PREP mixed_depth_1_5_n250: script/compiler_pipeline_adversarial/make_random_questions_adversarial.py --n 250 --depth-min 1 --depth-max 5
Saved 250 questions to /output/random_questions_90.csv
Saved 250 questions to /output/original_questions.json
Master seed: 356955138
Max bound leaf count: 10
[2026-08-09 21:16:38] START section=mixed_depth tag=qwen_3_7_plus_mixed_depth_1_5_multiturn_90q provider=Fireworks model=accounts/fireworks/models/qwen3p7-plus dataset=multiturn-90q limit=250
<===== START qwen_3_7_plus_mixed_depth_1_5_multiturn_90q | provider=Fireworks | model=accounts/fireworks/models/qwen3p7-plus | dataset=multiturn-90q | limit=250 =====>
90Q are Sheet: /output/financial_spreadsheet.json
90Q are Questions: /output/original_questions.json
Loading datasets...
  Generating multi-turn chains from 250 90q questions...
  Generated 250 MT questions (249 multi-turn) → output_llm/mt_from_90q_20260809_211639.json

============================================================
  Evaluating model: accounts/fireworks/models/qwen3p7-plus
============================================================

-- Multi-turn evaluation (250 questions) --
  [1/249] CORRECT | turns=1 depth=1 | truth=5171.0000 pred=5171.0 | Determine the longterm liabilities for Pinnacle He...
  [2/249] CORRECT | turns=5 depth=5 | truth=23315.0000 pred=23315.0 | which result follows from the average capex for Ir...
  [3/249] CORRECT | turns=4 depth=3 | truth=89864.9045 pred=89864.85 | Calculate the result of longterm liabilities scale...
  [4/249] CORRECT | turns=1 depth=2 | truth=22901.0000 pred=22901.0 | May you calculate the the maximum of short term in...
  [5/249] CORRECT | turns=1 depth=4 | truth=26227.0000 pred=26227.0 | which quantity is given by the the maximum of oper...
  [6/249] CORRECT | turns=7 depth=5 | truth=25904.0000 pred=25904.0 | What's the value of the sum of difference between ...
  [7/249] CORRECT | turns=1 depth=1 | truth=5376.0000 pred=5376.0 | May you give the the minimum of accounts receivabl...
  [8/249] CORRECT | turns=3 depth=3 | truth=522.6667 pred=522.67 | Determine the average capex for Pinnacle Health Gr...
  [9/249] CORRECT | turns=1 depth=1 | truth=323622.0000 pred=323622.0 | evaluate the gross profit for Titan Consumer Brand...
  [10/249] CORRECT | turns=1 depth=2 | truth=5002.0000 pred=5002.0 | Determine the the maximum of inventories for Quant...
  [11/249] CORRECT | turns=1 depth=3 | truth=46761.0000 pred=46761.0 | Compute the the maximum of cost of goods sold for ...
  [12/249] CORRECT | turns=4 depth=4 | truth=9640.0000 pred=9640.0 | state the longterm assets for Pinnacle Health Grou...
  [13/249] CORRECT | turns=1 depth=4 | truth=179616.0000 pred=179616.0 | Which value corresponds to the the maximum of cost...
  [14/249] CORRECT | turns=1 depth=2 | truth=164.0000 pred=164.0 | what is the the minimum of dividends paid for Apex...
  [15/249] CORRECT | turns=4 depth=3 | truth=12860.0945 pred=12806.57 | What is the result of current liabilities scaled b...
  [16/249] CORRECT | turns=1 depth=4 | truth=124280.0000 pred=124280.0 | Compute the the maximum of total liabilities for Q...
  [17/249] CORRECT | turns=1 depth=1 | truth=46078.0000 pred=46078.0 | State the sum of total assets and non operating ex...
  [18/249] CORRECT | turns=1 depth=1 | truth=415227.0000 pred=415227.0 | whats the value of the gross profit for ClearPath ...
  [19/249] CORRECT | turns=1 depth=1 | truth=15371.7880 pred=15371.79 | Evaluate the result of capex scaled by income tax ...
  [20/249] CORRECT | turns=1 depth=1 | truth=517.0000 pred=517.0 | State the the maximum of capex for Pinnacle Health...
  [21/249] CORRECT | turns=1 depth=1 | truth=112378.0000 pred=112378.0 | What does the following give: longterm liabilities...
  [22/249] CORRECT | turns=1 depth=1 | truth=141095.0000 pred=141095.0 | Calculate the the maximum of operating expenses fo...
  [23/249] CORRECT | turns=3 depth=3 | truth=68614.0000 pred=68614.0 | Give the current assets for Orion Financial Group ...
  [24/249] CORRECT | turns=3 depth=3 | truth=243577.0000 pred=243577.0 | you should give the current assets for ClearPath L...
  [25/249] CORRECT | turns=1 depth=1 | truth=28424.0000 pred=28424.0 | What does the following give: the maximum of inven...
  [26/249] CORRECT | turns=5 depth=5 | truth=60756.8000 pred=60756.8 | compute the average total liabilities for Quantum ...
  [27/249] CORRECT | turns=5 depth=5 | truth=60066.8000 pred=60066.8 | what do we obtain as the average total assets for ...
  [28/249] CORRECT | turns=4 depth=4 | truth=185867.7500 pred=185867.75 | Provide the average revenue for Pacific Crest Ener...
  [29/249] CORRECT | turns=3 depth=3 | truth=46382.0000 pred=46382.0 | which quantity is given by the current assets for ...
  [30/249] CORRECT | turns=1 depth=1 | truth=480.7186 pred=480.7186402139077 | determine the result of operating expenses scaled ...
  [31/249] CORRECT | turns=1 depth=5 | truth=87989.0000 pred=87989.0 | give the the minimum of revenue for Orion Financia...
  [32/249] CORRECT | turns=1 depth=1 | truth=204920.0000 pred=204920.0 | evaluate the longterm liabilities for Titan Consum...
  [33/249] CORRECT | turns=1 depth=2 | truth=1324.0000 pred=1324.0 | state the the maximum of accounts receivable for P...
  [34/249] CORRECT | turns=1 depth=1 | truth=302992.0000 pred=302992.0 | evaluate the difference between cost of goods sold...
  [35/249] CORRECT | turns=5 depth=4 | truth=190972.0000 pred=190972.0 | Which quantity is given by the sum of longterm lia...
  [36/249] CORRECT | turns=1 depth=1 | truth=73487.0000 pred=73487.0 | You should calculate the the maximum of cash for T...
  [37/249] CORRECT | turns=2 depth=4 | truth=92357.0000 pred=92357.0 | you should give the sum of inventories for Atlas G...
  [38/249] CORRECT | turns=2 depth=2 | truth=151488.0000 pred=151488.0 | what does the following give: operating income for...
  [39/249] CORRECT | turns=1 depth=1 | truth=0.0000 pred=0.0 | what is the the minimum of dividends paid for Apex...
  [40/249] CORRECT | turns=1 depth=1 | truth=93560.0000 pred=93560.0 | which value corresponds to the gross profit for He...
  [41/249] CORRECT | turns=5 depth=3 | truth=3202858.4455 pred=3202858.59 | give the sum of result of short term investments s...
  [42/249] CORRECT | turns=2 depth=2 | truth=84674.0000 pred=84674.0 | What does the following give: operating income for...
  [43/249] CORRECT | turns=2 depth=2 | truth=1539.0000 pred=1539.0 | give the operating income for Orion Financial Grou...
  [44/249] CORRECT | turns=3 depth=3 | truth=90918.0000 pred=90918.0 | Which value corresponds to the pretax income for H...
  [45/249] CORRECT | turns=1 depth=1 | truth=149482.0000 pred=149482.0 | What does the following give: the minimum of total...
  [46/249] CORRECT | turns=4 depth=4 | truth=27010.7500 pred=27010.75 | Give the average operating expenses for Pacific Cr...
  [47/249] CORRECT | turns=1 depth=4 | truth=45287.0000 pred=45287.0 | what would be the the maximum of capex for ClearPa...
  [48/249] CORRECT | turns=3 depth=3 | truth=60922.0000 pred=60922.0 | State the current assets for Pacific Crest Energy ...
  [49/249] CORRECT | turns=2 depth=2 | truth=3643.0000 pred=3643.0 | What would be the average capex for Cobalt Semicon...
  [50/249] CORRECT | turns=1 depth=4 | truth=63362.0000 pred=63362.0 | Calculate the the minimum of non operating expense...
  [51/249] CORRECT | turns=1 depth=1 | truth=10830.0000 pred=10830.0 | Provide the the minimum of operating expenses for ...
  [52/249] CORRECT | turns=1 depth=4 | truth=28364.0000 pred=28364.0 | Which value corresponds to the the maximum of cape...
  [53/249] CORRECT | turns=1 depth=4 | truth=117808.0000 pred=117808.0 | you should calculate the the maximum of operating ...
  [54/249] CORRECT | turns=1 depth=5 | truth=103532.0000 pred=103532.0 | Which quantity is given by the the minimum of tota...
  [55/249] CORRECT | turns=4 depth=4 | truth=492228.0000 pred=492228.0 | Calculate the longterm assets for SilverLine Retai...
  [56/249] CORRECT | turns=3 depth=3 | truth=13777.3333 pred=13777.33 | Which result follows from the average inventories ...
  [57/249] CORRECT | turns=2 depth=2 | truth=39455.0000 pred=39455.0 | Could you give the sum of accounts receivable and ...
  [58/249] CORRECT | turns=1 depth=1 | truth=79704.0000 pred=79704.0 | Which quantity is given by the gross profit for Me...
  [59/249] CORRECT | turns=2 depth=2 | truth=1851.5578 pred=1846.68 | Provide the result of total assets scaled by ratio...
  [60/249] CORRECT | turns=1 depth=4 | truth=30842.0000 pred=30842.0 | You should give the the maximum of cost of goods s...
  [61/249] CORRECT | turns=3 depth=3 | truth=304740.0000 pred=304740.0 | calculate the current assets for SilverLine Retail...
  [62/249] CORRECT | turns=1 depth=5 | truth=7540.0000 pred=7540.0 | which result follows from the the minimum of inven...
  [63/249] CORRECT | turns=4 depth=4 | truth=64613.0000 pred=64613.0 | could you give the longterm assets for Meridian Sy...
  [64/249] CORRECT | turns=4 depth=4 | truth=62169.0000 pred=62169.0 | what would be the average total assets for Cobalt ...
  [65/249] CORRECT | turns=1 depth=1 | truth=1508.2500 pred=1508.249986977257 | compute the result of non operating expenses scale...
  [66/249] CORRECT | turns=1 depth=1 | truth=38363.0000 pred=38363.0 | What do we obtain as the longterm liabilities for ...
  [67/249] CORRECT | turns=1 depth=1 | truth=3229.8257 pred=3229.825663939184 | what is the result of non operating expenses scale...
  [68/249] CORRECT | turns=3 depth=3 | truth=5761.0000 pred=5761.0 | Compute the pretax income for Quantum Bridge Holdi...
  [69/249] CORRECT | turns=1 depth=4 | truth=1142.0000 pred=1142.0 | which result follows from the the minimum of divid...
  [70/249] CORRECT | turns=3 depth=3 | truth=210544.0000 pred=210544.0 | whats the value of the pretax income for ClearPath...
  [71/249] CORRECT | turns=5 depth=5 | truth=28263.0000 pred=28263.0 | which value corresponds to the average non operati...
  [72/249] CORRECT | turns=1 depth=1 | truth=202737.0000 pred=202737.0 | which result follows from the sum of accounts rece...
  [73/249] CORRECT | turns=1 depth=5 | truth=28424.0000 pred=28424.0 | what do we obtain as the the maximum of dividends ...
  [74/249] CORRECT | turns=1 depth=1 | truth=308925.0000 pred=308925.0 | evaluate the the minimum of total equity for Silve...
  [75/249] CORRECT | turns=1 depth=1 | truth=42014.0000 pred=42014.0 | may you give the gross profit for NovaStar Technol...
  [76/249] CORRECT | turns=1 depth=5 | truth=2745.0000 pred=2745.0 | May you give the the minimum of inventories for No...
  [77/249] CORRECT | turns=1 depth=1 | truth=554632.0000 pred=554632.0 | evaluate the sum of revenue and short term investm...
  [78/249] CORRECT | turns=3 depth=3 | truth=17082.0000 pred=17082.0 | Compute the current assets for Quantum Bridge Hold...
  [79/249] CORRECT | turns=1 depth=1 | truth=372136.0000 pred=372136.0 | whats the value of the the maximum of cost of good...
  [80/249] CORRECT | turns=1 depth=2 | truth=135968.0000 pred=135968.0 | Calculate the the minimum of non operating expense...
  [81/249] CORRECT | turns=3 depth=3 | truth=243881.0000 pred=243881.0 | You should calculate the current assets for Titan ...
  [82/249] CORRECT | turns=1 depth=3 | truth=1722.0000 pred=1722.0 | determine the the minimum of cash for Pinnacle Hea...
  [83/249] CORRECT | turns=1 depth=1 | truth=83579.0000 pred=83579.0 | may you calculate the gross profit for NovaStar Te...
  [84/249] CORRECT | turns=3 depth=3 | truth=1335.0000 pred=1335.0 | state the average accounts receivable for Pinnacle...
  [85/249] CORRECT | turns=1 depth=3 | truth=18073.0000 pred=18073.0 | which value corresponds to the the minimum of inve...
  [86/249] CORRECT | turns=1 depth=1 | truth=62496.0000 pred=62496.0 | Give the longterm liabilities for Orion Financial ...
  [87/249] CORRECT | turns=5 depth=5 | truth=30326.6000 pred=30326.6 | you should give the average cash for NovaStar Tech...
  [88/249] CORRECT | turns=2 depth=2 | truth=53477.0000 pred=53477.0 | Could you give the operating income for Meridian S...
  [89/249] CORRECT | turns=3 depth=3 | truth=33146.0000 pred=33146.0 | may you give the current assets for Orion Financia...
  [90/249] CORRECT | turns=1 depth=1 | truth=41692.0000 pred=41692.0 | What's the value of the longterm liabilities for A...
  [91/249] CORRECT | turns=3 depth=3 | truth=8350.6667 pred=8350.67 | what is the average non operating expenses for Ape...
  [92/249] CORRECT | turns=1 depth=3 | truth=19974.0000 pred=19974.0 | you should give the the maximum of operating expen...
  [93/249] CORRECT | turns=4 depth=4 | truth=57186.5000 pred=57186.5 | What does the following give: average accounts rec...
  [94/249] CORRECT | turns=1 depth=2 | truth=185506.0000 pred=185506.0 | Give the the minimum of revenue for Pacific Crest ...
  [95/249] CORRECT | turns=1 depth=4 | truth=67131.0000 pred=67131.0 | what is the value of the the minimum of total liab...
  [96/249] CORRECT | turns=3 depth=2 | truth=73326.5600 pred=73326.56 | May you calculate the difference between sum of to...
  [97/249] CORRECT | turns=2 depth=2 | truth=5146.0000 pred=5146.0 | may you give the average capex for Orion Financial...
  [98/249] CORRECT | turns=1 depth=1 | truth=31125.0000 pred=31125.0 | what's the value of the longterm liabilities for A...
  [99/249] CORRECT | turns=3 depth=3 | truth=280237.0000 pred=280237.0 | which result follows from the current assets for I...
  [100/249] CORRECT | turns=3 depth=3 | truth=61174.0000 pred=61174.0 | Which result follows from the pretax income for He...
  [101/249] CORRECT | turns=2 depth=2 | truth=41830.0000 pred=41830.0 | Compute the sum of sum of cash and short term inve...
  [102/249] CORRECT | turns=1 depth=1 | truth=35311.0000 pred=35311.0 | compute the the maximum of cost of goods sold for ...
  [103/249] CORRECT | turns=5 depth=4 | truth=15447.0000 pred=15447.0 | Compute the sum of ratio of sum of sum of accounts...
  [104/249] CORRECT | turns=1 depth=1 | truth=29287.0000 pred=29287.0 | Determine the sum of capex and total liabilities f...
  [105/249] CORRECT | turns=5 depth=5 | truth=58986.8000 pred=58986.8 | Which result follows from the average non operatin...
  [106/249] CORRECT | turns=2 depth=2 | truth=248741.0000 pred=248741.0 | which value corresponds to the sum of gross profit...
  [107/249] CORRECT | turns=1 depth=1 | truth=5406.9228 pred=5406.922810398926 | compute the result of cost of goods sold scaled by...
  [108/249] CORRECT | turns=1 depth=4 | truth=11245.0000 pred=11245.0 | compute the the maximum of accounts receivable for...
  [109/249] CORRECT | turns=4 depth=4 | truth=28196.0000 pred=28196.0 | state the longterm assets for Pinnacle Health Grou...
  [110/249] CORRECT | turns=3 depth=2 | truth=2456.0602 pred=2456.065368888889 | What is the value of the result of result of reven...
  [111/249] CORRECT | turns=1 depth=1 | truth=42645.0000 pred=42645.0 | what do we obtain as the longterm liabilities for ...
  [112/249] CORRECT | turns=1 depth=1 | truth=121204.0000 pred=121204.0 | May you calculate the difference between total ass...
  [113/249] CORRECT | turns=2 depth=3 | truth=161380.0000 pred=161380.0 | Which result follows from the sum of cost of goods...
  [114/249] CORRECT | turns=1 depth=4 | truth=132031.0000 pred=132031.0 | may you calculate the the maximum of current liabi...
  [115/249] CORRECT | turns=5 depth=5 | truth=1070855.0000 pred=1070855.0 | whats the value of the sum of cost of goods sold a...
  [116/249] CORRECT | turns=1 depth=2 | truth=19190.0000 pred=19190.0 | provide the the minimum of operating expenses for ...
  [117/249] CORRECT | turns=1 depth=5 | truth=52780.0000 pred=52780.0 | could you give the the minimum of cost of goods so...
  [118/249] CORRECT | turns=1 depth=1 | truth=138082.0000 pred=138082.0 | whats the value of the longterm liabilities for Cl...
  [119/249] CORRECT | turns=1 depth=5 | truth=552699.0000 pred=552699.0 | Which quantity is given by the the maximum of tota...
  [120/249] CORRECT | turns=1 depth=1 | truth=3884.5449 pred=3884.5449032705997 | give the result of non operating expenses scaled b...
  [121/249] CORRECT | turns=1 depth=1 | truth=508854.0000 pred=508854.0 | Calculate the gross profit for SilverLine Retail I...
  [122/249] CORRECT | turns=1 depth=1 | truth=133816.0000 pred=133816.0 | Which result follows from the sum of total liabili...
  [123/249] CORRECT | turns=1 depth=1 | truth=11091.0000 pred=11091.0 | state the gross profit for Pinnacle Health Group i...
  [124/249] CORRECT | turns=1 depth=2 | truth=464758.0000 pred=464758.0 | which result follows from the the maximum of total...
  [125/249] CORRECT | turns=3 depth=2 | truth=-149.3449 pred=-149.3448929320148 | determine the difference between result of cash sc...
  [126/249] CORRECT | turns=4 depth=3 | truth=10931.5000 pred=10931.5 | State the sum of ratio of sum of total liabilities...
  [127/249] CORRECT | turns=2 depth=2 | truth=13316.2223 pred=13358.63 | What would be the result of total assets scaled by...
  [128/249] CORRECT | turns=5 depth=5 | truth=82796.6000 pred=82796.6 | may you calculate the average cost of goods sold f...
  [129/249] WRONG  | turns=6 depth=4 first_fail@turn=2 | truth=421390.7422 pred=1104287.35 | could you give the sum of difference between resul...
  [130/249] CORRECT | turns=1 depth=4 | truth=101392.0000 pred=101392.0 | Calculate the the maximum of accounts receivable f...
  [131/249] CORRECT | turns=1 depth=3 | truth=165371.0000 pred=165371.0 | may you calculate the the maximum of total equity ...
  [132/249] CORRECT | turns=3 depth=3 | truth=33968.0000 pred=33968.0 | could you give the pretax income for Meridian Syst...
  [133/249] CORRECT | turns=4 depth=4 | truth=41743.0000 pred=41743.0 | determine the longterm assets for Quantum Bridge H...
  [134/249] CORRECT | turns=1 depth=1 | truth=510371.0000 pred=510371.0 | What do we obtain as the the minimum of total asse...
  [135/249] CORRECT | turns=3 depth=3 | truth=10900.0000 pred=10900.0 | state the current assets for Pinnacle Health Group...
  [136/249] CORRECT | turns=1 depth=1 | truth=169233.0000 pred=169233.0 | what's the value of the the maximum of current lia...
  [137/249] WRONG  | turns=5 depth=4 first_fail@turn=1 | truth=68098.6139 pred=-2918.39 | What is the difference between sum of result of no...
  [138/249] CORRECT | turns=1 depth=5 | truth=38887.0000 pred=38887.0 | what do we obtain as the the maximum of capex for ...
  [139/249] CORRECT | turns=1 depth=4 | truth=5002.0000 pred=5002.0 | compute the the maximum of inventories for Quantum...
  [140/249] WRONG  | turns=2 depth=2 first_fail@turn=1 | truth=-6855.0000 pred=-31905.0 | What's the value of the sum of difference between ...
  [141/249] CORRECT | turns=1 depth=1 | truth=79960.0000 pred=79960.0 | may you calculate the longterm liabilities for Nov...
  [142/249] CORRECT | turns=1 depth=3 | truth=4686.0000 pred=4686.0 | What do we obtain as the the maximum of accounts r...
  [143/249] CORRECT | turns=4 depth=4 | truth=320528.0000 pred=320528.0 | which result follows from the sum of current liabi...
  [144/249] CORRECT | turns=1 depth=1 | truth=295689.0000 pred=295689.0 | You should give the sum of total equity and cost o...
  [145/249] CORRECT | turns=1 depth=5 | truth=27542.0000 pred=27542.0 | Could you give the the maximum of accounts receiva...
  [146/249] CORRECT | turns=2 depth=2 | truth=2032.0000 pred=2032.0 | You should give the operating income for Pinnacle ...
  [147/249] CORRECT | turns=1 depth=5 | truth=922.0000 pred=922.0 | you should give the the minimum of short term inve...
  [148/249] CORRECT | turns=5 depth=5 | truth=12178.4000 pred=12178.4 | Which quantity is given by the average short term ...
  [149/249] WRONG  | turns=6 depth=5 first_fail@turn=3 | truth=71702.3917 pred=4685092193.0 | Evaluate the result of the maximum of dividends pa...
  [150/249] CORRECT | turns=3 depth=3 | truth=1271.3333 pred=1271.3333 | What do we obtain as the average inventories for C...
  [151/249] CORRECT | turns=4 depth=4 | truth=111965.5000 pred=111965.5 | whats the value of the average cash for ClearPath ...
  [152/249] CORRECT | turns=4 depth=4 | truth=255557.0000 pred=255557.0 | What do we obtain as the longterm assets for Crims...
  [153/249] CORRECT | turns=1 depth=1 | truth=102662.0000 pred=102662.0 | Calculate the the minimum of current liabilities f...
  [154/249] CORRECT | turns=1 depth=1 | truth=8136.1400 pred=8136.14 | What's the value of the result of cost of goods so...
  [155/249] CORRECT | turns=3 depth=3 | truth=48015.0000 pred=48015.0 | you should give the current assets for Atlas Globa...
  [156/249] CORRECT | turns=5 depth=5 | truth=26376.4000 pred=26376.4 | which value corresponds to the average accounts re...
  [157/249] CORRECT | turns=4 depth=4 | truth=90766.0000 pred=90766.0 | Could you give the longterm assets for Meridian Sy...
  [158/249] CORRECT | turns=1 depth=1 | truth=-29741.0000 pred=-29741.0 | which result follows from the difference between a...
  [159/249] CORRECT | turns=1 depth=1 | truth=3457.0398 pred=3457.04 | You should give the result of total liabilities sc...
  [160/249] CORRECT | turns=1 depth=2 | truth=74292.0000 pred=74292.0 | What's the value of the the maximum of total liabi...
  [161/249] CORRECT | turns=3 depth=3 | truth=33146.0000 pred=33146.0 | give the current assets for Orion Financial Group ...
  [162/249] CORRECT | turns=1 depth=3 | truth=66524.0000 pred=66524.0 | what's the value of the the minimum of total asset...
  [163/249] CORRECT | turns=3 depth=3 | truth=216120.0000 pred=216120.0 | calculate the pretax income for SilverLine Retail ...
  [164/249] CORRECT | turns=1 depth=2 | truth=77258.0000 pred=77258.0 | Which value corresponds to the the minimum of tota...
  [165/249] CORRECT | turns=2 depth=2 | truth=41694.5000 pred=41694.5 | What is the value of the average cost of goods sol...
  [166/249] CORRECT | turns=1 depth=1 | truth=378544.0000 pred=378544.0 | what would be the longterm liabilities for ClearPa...
  [167/249] CORRECT | turns=1 depth=5 | truth=31236.0000 pred=31236.0 | evaluate the the minimum of short term investments...
  [168/249] CORRECT | turns=2 depth=2 | truth=-68949.0000 pred=-68949.0 | Calculate the difference between longterm liabilit...
  [169/249] CORRECT | turns=3 depth=3 | truth=14344.3333 pred=14344.33 | what does the following give: average inventories ...
  [170/249] CORRECT | turns=1 depth=2 | truth=10116.0000 pred=10116.0 | state the the maximum of total liabilities for Pin...
  [171/249] CORRECT | turns=1 depth=1 | truth=79960.0000 pred=79960.0 | may you calculate the longterm liabilities for Nov...
  [172/249] CORRECT | turns=1 depth=1 | truth=24706.0000 pred=24706.0 | what would be the gross profit for Cobalt Semicond...
  [173/249] CORRECT | turns=2 depth=2 | truth=29115.0000 pred=29115.0 | which result follows from the average accounts rec...
  [174/249] CORRECT | turns=3 depth=3 | truth=23558.3333 pred=23558.33 | What do we obtain as the average inventories for C...
  [175/249] CORRECT | turns=1 depth=2 | truth=86108.0000 pred=86108.0 | compute the the minimum of revenue for Quantum Bri...
  [176/249] CORRECT | turns=3 depth=3 | truth=10345.6667 pred=10345.67 | what would be the average operating expenses for C...
  [177/249] CORRECT | turns=1 depth=1 | truth=75539.0000 pred=75539.0 | What is the longterm liabilities for Apex Dynamics...
  [178/249] CORRECT | turns=4 depth=4 | truth=86044.0000 pred=86044.0 | give the longterm assets for Pacific Crest Energy ...
  [179/249] CORRECT | turns=4 depth=5 | truth=276386.5000 pred=276386.5 | You should calculate the difference between ratio ...
  [180/249] CORRECT | turns=5 depth=4 | truth=37305.0000 pred=37305.0 | determine the sum of sum of revenue and current li...
  [181/249] CORRECT | turns=1 depth=5 | truth=3373.0000 pred=3373.0 | provide the the minimum of inventories for Pacific...
  [182/249] CORRECT | turns=3 depth=3 | truth=-1021.4151 pred=-1022.63 | May you calculate the result of accounts receivabl...
  [183/249] CORRECT | turns=3 depth=3 | truth=79070.0000 pred=79070.0 | which result follows from the current assets for I...
  [184/249] CORRECT | turns=4 depth=4 | truth=44635.7500 pred=44635.75 | Calculate the average short term investments for S...
  [185/249] CORRECT | turns=3 depth=3 | truth=6935.0000 pred=6935.0 | determine the average accounts receivable for Quan...
  [186/249] CORRECT | turns=1 depth=1 | truth=351964.0000 pred=351964.0 | calculate the gross profit for SilverLine Retail I...
  [187/249] CORRECT | turns=1 depth=5 | truth=80451.0000 pred=80451.0 | Compute the the maximum of inventories for SilverL...
  [188/249] CORRECT | turns=5 depth=5 | truth=834.0000 pred=834.0 | give the average dividends paid for Orion Financia...
  [189/249] CORRECT | turns=1 depth=1 | truth=8988.0000 pred=8988.0 | which value corresponds to the the minimum of cape...
  [190/249] CORRECT | turns=4 depth=4 | truth=15194.0000 pred=15194.0 | Which result follows from the average inventories ...
  [191/249] CORRECT | turns=1 depth=1 | truth=945685.0000 pred=945685.0 | which quantity is given by the sum of accounts rec...
  [192/249] WRONG  | turns=5 depth=5 first_fail@turn=1 | truth=-291211.0000 pred=291211.0 | May you give the difference between cost of goods ...
  [193/249] CORRECT | turns=1 depth=2 | truth=142717.0000 pred=142717.0 | Which value corresponds to the the maximum of tota...
  [194/249] CORRECT | turns=2 depth=2 | truth=25466.5000 pred=25466.5 | Give the average operating expenses for Orion Fina...
  [195/249] CORRECT | turns=1 depth=1 | truth=41750.0000 pred=41750.0 | determine the gross profit for Quantum Bridge Hold...
  [196/249] CORRECT | turns=3 depth=3 | truth=75450.6667 pred=75450.67 | You should calculate the average operating expense...
  [197/249] CORRECT | turns=1 depth=1 | truth=8390.0374 pred=8390.04 | What is the result of cost of goods sold scaled by...
  [198/249] CORRECT | turns=6 depth=5 | truth=671850.0000 pred=671850.0 | What does the following give: sum of longterm asse...
  [199/249] CORRECT | turns=1 depth=2 | truth=18608.0000 pred=18608.0 | you should calculate the the maximum of inventorie...
  [200/249] CORRECT | turns=4 depth=4 | truth=106819.0000 pred=106819.0 | compute the average total assets for Quantum Bridg...
  [201/249] CORRECT | turns=3 depth=2 | truth=209.0000 pred=209.0 | what do we obtain as the difference between longte...
  [202/249] CORRECT | turns=1 depth=1 | truth=7697.0000 pred=7697.0 | Whats the value of the the maximum of inventories ...
  [203/249] CORRECT | turns=1 depth=1 | truth=54455.0000 pred=54455.0 | Which value corresponds to the longterm liabilitie...
  [204/249] CORRECT | turns=1 depth=1 | truth=-6660.0000 pred=-6660.0 | State the difference between inventories and total...
  [205/249] CORRECT | turns=1 depth=1 | truth=237525.0000 pred=237525.0 | What's the value of the sum of capex and total lia...
  [206/249] CORRECT | turns=3 depth=3 | truth=150752.0000 pred=150752.0 | what does the following give: current assets for C...
  [207/249] CORRECT | turns=5 depth=5 | truth=84635.6000 pred=84635.6 | Give the average total liabilities for Orion Finan...
  [208/249] CORRECT | turns=1 depth=4 | truth=29590.0000 pred=29590.0 | Which result follows from the the minimum of opera...
  [209/249] CORRECT | turns=4 depth=4 | truth=357329.0000 pred=357329.0 | Calculate the longterm assets for SilverLine Retai...
  [210/249] CORRECT | turns=1 depth=4 | truth=112026.0000 pred=112026.0 | Evaluate the the minimum of current liabilities fo...
  [211/249] CORRECT | turns=1 depth=1 | truth=51333.0000 pred=51333.0 | provide the gross profit for Pacific Crest Energy ...
  [212/249] CORRECT | turns=1 depth=1 | truth=-81118.0000 pred=-81118.0 | Evaluate the difference between dividends paid and...
  [213/249] CORRECT | turns=5 depth=5 | truth=81614.3333 pred=81614.3333 | what is the sum of sum of ratio of sum of sum of s...
  [214/249] CORRECT | turns=1 depth=1 | truth=147054.0000 pred=147054.0 | may you calculate the sum of inventories and total...
  [215/249] CORRECT | turns=4 depth=4 | truth=67594.0000 pred=67594.0 | Could you give the sum of non operating expenses a...
  [216/249] CORRECT | turns=3 depth=3 | truth=166227.0000 pred=166227.0 | calculate the difference between operating income ...
  [217/249] CORRECT | turns=4 depth=3 | truth=363259.0000 pred=363259.0 | Calculate the sum of the minimum of operating expe...
  [218/249] CORRECT | turns=1 depth=3 | truth=6324.0000 pred=6324.0 | determine the the minimum of accounts receivable f...
  [219/249] CORRECT | turns=3 depth=3 | truth=17468.0000 pred=17468.0 | What do we obtain as the current assets for Cobalt...
  [220/249] CORRECT | turns=1 depth=4 | truth=8757.0000 pred=8757.0 | what would be the the maximum of non operating exp...
  [221/249] CORRECT | turns=2 depth=2 | truth=80546.6755 pred=80546.73 | What do we obtain as the difference between result...
  [222/249] CORRECT | turns=1 depth=1 | truth=24441.0000 pred=24441.0 | What would be the longterm liabilities for Cobalt ...
  [223/249] CORRECT | turns=1 depth=3 | truth=149482.0000 pred=149482.0 | What do we obtain as the the minimum of total equi...
  [224/249] CORRECT | turns=3 depth=3 | truth=5420.6667 pred=5420.67 | Give the average inventories for Orion Financial G...
  [225/249] CORRECT | turns=1 depth=3 | truth=372880.0000 pred=372880.0 | what do we obtain as the the maximum of total liab...
  [226/249] CORRECT | turns=3 depth=3 | truth=150752.0000 pred=150752.0 | What does the following give: current assets for C...
  [227/249] CORRECT | turns=4 depth=4 | truth=5632.7500 pred=5632.75 | State the average total equity for Pinnacle Health...
  [228/249] CORRECT | turns=3 depth=3 | truth=29567.0000 pred=29567.0 | What would be the current assets for Cobalt Semico...
  [229/249] CORRECT | turns=3 depth=3 | truth=27487.0000 pred=27487.0 | what is the value of the current assets for Atlas ...
  [230/249] CORRECT | turns=1 depth=5 | truth=218005.0000 pred=218005.0 | State the the maximum of revenue for Pacific Crest...
  [231/249] CORRECT | turns=3 depth=5 | truth=18608.0000 pred=18608.0 | could you give the sum of the maximum of inventori...
  [232/249] CORRECT | turns=1 depth=1 | truth=-13546.0000 pred=-13546.0 | which value corresponds to the difference between ...
  [233/249] CORRECT | turns=2 depth=2 | truth=-60508.0000 pred=-60508.0 | Could you give the difference between capex and su...
  [234/249] CORRECT | turns=1 depth=5 | truth=12201.0000 pred=12201.0 | May you give the the minimum of operating expenses...
  [235/249] CORRECT | turns=1 depth=3 | truth=4078.0000 pred=4078.0 | What is the value of the the minimum of capex for ...
  [236/249] CORRECT | turns=4 depth=5 | truth=1680.9911 pred=1680.96 | could you give the result of the minimum of invent...
  [237/249] CORRECT | turns=1 depth=1 | truth=351964.0000 pred=351964.0 | Calculate the gross profit for SilverLine Retail I...
  [238/249] CORRECT | turns=4 depth=4 | truth=73944.0000 pred=73944.0 | What would be the sum of revenue and current asset...
  [239/249] CORRECT | turns=1 depth=2 | truth=24652.0000 pred=24652.0 | Which result follows from the the maximum of divid...
  [240/249] CORRECT | turns=1 depth=4 | truth=617154.0000 pred=617154.0 | evaluate the the minimum of revenue for SilverLine...
  [241/249] CORRECT | turns=1 depth=1 | truth=555191.0000 pred=555191.0 | What does the following give: sum of revenue and c...
  [242/249] CORRECT | turns=2 depth=2 | truth=299899.0000 pred=299899.0 | what do we obtain as the operating income for Crim...
  [243/249] CORRECT | turns=1 depth=3 | truth=190519.0000 pred=190519.0 | which result follows from the the minimum of total...
  [244/249] CORRECT | turns=1 depth=1 | truth=3908.0000 pred=3908.0 | State the gross profit for Pinnacle Health Group i...
  [245/249] CORRECT | turns=1 depth=1 | truth=8174.0000 pred=8174.0 | may you calculate the the maximum of capex for Nov...
  [246/249] CORRECT | turns=1 depth=4 | truth=19974.0000 pred=19974.0 | What's the value of the the maximum of operating e...
  [247/249] CORRECT | turns=2 depth=5 | truth=230607.0000 pred=230607.0 | what is the value of the sum of total equity for A...
  [248/249] CORRECT | turns=3 depth=3 | truth=59327.0000 pred=59327.0 | Which value corresponds to the current assets for ...
  [249/249] CORRECT | turns=2 depth=2 | truth=6179.0000 pred=6179.0 | what is the value of the operating income for Atla...

============================================================
  Model: accounts/fireworks/models/qwen3p7-plus
============================================================
  10-Q      : 0/0  accuracy = 0.0%  (skipped 0)
  90-Q      : 0/0  accuracy = 0.0%  (skipped 0)
  Multi-turn: 244/249  accuracy = 98.0%  (skipped 0)
    recovered (correct final, wrong intermediate): 54
    turns=1: 132/132  accuracy = 100.0%
    turns=2: 23/24  accuracy = 95.8%  [5 recovered]
      first failure at — turn 1: 1  (of 1 failed)
    turns=3: 43/43  accuracy = 100.0%  [23 recovered]
    turns=4: 27/27  accuracy = 100.0%  [18 recovered]
    turns=5: 17/19  accuracy = 89.5%  [6 recovered]
      first failure at — turn 1: 2  (of 2 failed)
    turns=6: 1/3  accuracy = 33.3%  [1 recovered]
      first failure at — turn 2: 1, turn 3: 1  (of 2 failed)
    turns=7: 1/1  accuracy = 100.0%  [1 recovered]
  Overall   : 244/249  accuracy = 98.0%
============================================================

Results saved to output_llm/last_runs_9th_aug_after_21/mixed_depth/qwen_3_7_plus_mixed_depth_1_5_multiturn_90q_20260809_212152.json
CSV saved to output_llm/eval_results_20260809_212152.csv
<===== END qwen_3_7_plus_mixed_depth_1_5_multiturn_90q =====>
[2026-08-09 21:21:52] DONE section=mixed_depth tag=qwen_3_7_plus_mixed_depth_1_5_multiturn_90q output=output_llm/last_runs_9th_aug_after_21/mixed_depth/qwen_3_7_plus_mixed_depth_1_5_multiturn_90q.json log=logs/last_runs_9th_aug_after_21/mixed_depth/qwen_3_7_plus_mixed_depth_1_5_multiturn_90q.log
[2026-08-09 21:26:59] Running data prep
Traceback (most recent call last):
  File "/data_prep_adversarial.py", line 604, in <module>
    main()
    ~~~~^^
  File "/data_prep_adversarial.py", line 538, in main
    from adversarial import (
    ...<4 lines>...
    )
  File "/adversarial.py", line 37, in <module>
    from .semantic_analyzer import AnalysisResult
ImportError: attempted relative import with no known parent package
[2026-08-09 21:26:59] === DEPTH 1 / n=300 ===
[2026-08-09 21:26:59] PREP depth_1_n300: script/compiler_pipeline_adversarial/make_random_questions_adversarial.py --n 300 --depth-min 1 --depth-max 1 --derived-prob-min 0 --derived-prob-max 0
Traceback (most recent call last):
  File "/make_random_questions_adversarial.py", line 12, in <module>
    from evaluator import Evaluator
  File "/evaluator.py", line 5, in <module>
    from .tree import Atom, DerivedExpr, Expr, Leaf, Literal, Node, Operation
ImportError: attempted relative import with no known parent package
[2026-08-09 21:26:59] START section=depths tag=depth_1_gemma_31b_90q provider=Together model=google/gemma-4-31B-it dataset=90q limit=300
<===== START depth_1_gemma_31b_90q | provider=Together | model=google/gemma-4-31B-it | dataset=90q | limit=300 =====>
[2026-08-09 21:27:14] Running data prep
Traceback (most recent call last):
  File "/data_prep_adversarial.py", line 604, in <module>
    main()
    ~~~~^^
  File "/data_prep_adversarial.py", line 538, in main
    from adversarial import (
    ...<4 lines>...
    )
  File "/adversarial.py", line 37, in <module>
    from semantic_analyzer import AnalysisResult
  File "/semantic_analyzer.py", line 8, in <module>
    from .tree import (
    ...<9 lines>...
    )
ImportError: attempted relative import with no known parent package
[2026-08-09 21:27:14] === DEPTH 1 / n=300 ===
[2026-08-09 21:27:14] PREP depth_1_n300: script/compiler_pipeline_adversarial/make_random_questions_adversarial.py --n 300 --depth-min 1 --depth-max 1 --derived-prob-min 0 --derived-prob-max 0
Traceback (most recent call last):
  File "/make_random_questions_adversarial.py", line 12, in <module>
    from evaluator import Evaluator
  File "/evaluator.py", line 5, in <module>
    from .tree import Atom, DerivedExpr, Expr, Leaf, Literal, Node, Operation
ImportError: attempted relative import with no known parent package
[2026-08-09 21:27:14] START section=depths tag=depth_1_gemma_31b_90q provider=Together model=google/gemma-4-31B-it dataset=90q limit=300
<===== START depth_1_gemma_31b_90q | provider=Together | model=google/gemma-4-31B-it | dataset=90q | limit=300 =====>
[2026-08-09 21:27:23] Running data prep
Traceback (most recent call last):
  File "/data_prep_adversarial.py", line 604, in <module>
    main()
    ~~~~^^
  File "/data_prep_adversarial.py", line 538, in main
    from adversarial import (
    ...<4 lines>...
    )
  File "/adversarial.py", line 37, in <module>
    from semantic_analyzer import AnalysisResult
  File "/semantic_analyzer.py", line 8, in <module>
    from tree import (
    ...<9 lines>...
    )
  File "/tree.py", line 12, in <module>
    from .utils import pick_random_contiguous_period_window
ImportError: attempted relative import with no known parent package
[2026-08-09 21:27:23] === DEPTH 1 / n=300 ===
[2026-08-09 21:27:23] PREP depth_1_n300: script/compiler_pipeline_adversarial/make_random_questions_adversarial.py --n 300 --depth-min 1 --depth-max 1 --derived-prob-min 0 --derived-prob-max 0
Traceback (most recent call last):
  File "/make_random_questions_adversarial.py", line 12, in <module>
    from evaluator import Evaluator
  File "/evaluator.py", line 5, in <module>
    from .tree import Atom, DerivedExpr, Expr, Leaf, Literal, Node, Operation
ImportError: attempted relative import with no known parent package
[2026-08-09 21:27:24] START section=depths tag=depth_1_gemma_31b_90q provider=Together model=google/gemma-4-31B-it dataset=90q limit=300
<===== START depth_1_gemma_31b_90q | provider=Together | model=google/gemma-4-31B-it | dataset=90q | limit=300 =====>
[2026-08-09 21:27:29] Running data prep
Data prep complete.
[2026-08-09 21:27:30] === DEPTH 1 / n=300 ===
[2026-08-09 21:27:30] PREP depth_1_n300: script/compiler_pipeline_adversarial/make_random_questions_adversarial.py --n 300 --depth-min 1 --depth-max 1 --derived-prob-min 0 --derived-prob-max 0
[2026-08-09 21:27:34] Running data prep
Data prep complete.
[2026-08-09 21:27:34] === DEPTH 1 / n=300 ===
[2026-08-09 21:27:34] PREP depth_1_n300: script/compiler_pipeline_adversarial/make_random_questions_adversarial.py --n 300 --depth-min 1 --depth-max 1 --derived-prob-min 0 --derived-prob-max 0
Traceback (most recent call last):
  File "/make_random_questions_adversarial.py", line 33, in <module>
    from question_renderer import QuestionRenderer
  File "/question_renderer.py", line 6, in <module>
    from .semantic_analyzer import (
    ...<8 lines>...
    )
ImportError: attempted relative import with no known parent package
[2026-08-09 21:27:35] START section=depths tag=depth_1_gemma_31b_90q provider=Together model=google/gemma-4-31B-it dataset=90q limit=300
<===== START depth_1_gemma_31b_90q | provider=Together | model=google/gemma-4-31B-it | dataset=90q | limit=300 =====>
[2026-08-09 21:27:42] Running data prep
Data prep complete.
[2026-08-09 21:27:42] === DEPTH 1 / n=300 ===
[2026-08-09 21:27:42] PREP depth_1_n300: script/compiler_pipeline_adversarial/make_random_questions_adversarial.py --n 300 --depth-min 1 --depth-max 1 --derived-prob-min 0 --derived-prob-max 0
Saved 300 questions to /output/random_questions_90.csv
Saved 300 questions to /output/original_questions.json
Master seed: 843578528
Max bound leaf count: 2
[2026-08-09 21:27:43] START section=depths tag=depth_1_gemma_31b_90q provider=Together model=google/gemma-4-31B-it dataset=90q limit=300
<===== START depth_1_gemma_31b_90q | provider=Together | model=google/gemma-4-31B-it | dataset=90q | limit=300 =====>
90Q are Sheet: /output/financial_spreadsheet.json
90Q are Questions: /output/original_questions.json
Loading datasets...
  90-Q: 300 questions, 15 companies

============================================================
  Evaluating model: google/gemma-4-31B-it
============================================================

-- 90-Q evaluation (300 questions) --
  [4/300] CORRECT | truth=61894.0000 pred=61894.0 | what would be the sum of total assets and operating expenses...
  [7/300] CORRECT | truth=-454860.0000 pred=-454860.0 | Which quantity is given by the difference between short term...
  [9/300] CORRECT | truth=157437.0000 pred=157437.0 | May you calculate the sum of capex and revenue for NovaStar ...
  [3/300] CORRECT | truth=472978.0000 pred=472978.0 | evaluate the the maximum of revenue for Titan Consumer Brand...
  [6/300] CORRECT | truth=36412.0000 pred=36412.0 | Could you give the sum of current liabilities and current li...
  [1/300] CORRECT | truth=31657.0000 pred=31657.0 | Determine the sum of short term investments and cash for Qua...
  [13/300] CORRECT | truth=-65307.0000 pred=-65307.0 | What's the value of the difference between inventories and c...
  [10/300] CORRECT | truth=209012.0000 pred=209012.0 | provide the sum of total assets and total equity for Pacific...
  [11/300] CORRECT | truth=2011.1065 pred=2011.20445641027 | What's the value of the result of capex scaled by income tax...
  [5/300] CORRECT | truth=35929.0000 pred=35929.0 | determine the the maximum of cost of goods sold for Quantum ...
  [2/300] CORRECT | truth=770863.0000 pred=770863.0 | What do we obtain as the difference between revenue and cape...
  [12/300] CORRECT | truth=39556.8582 pred=39556.53 | Which quantity is given by the result of cost of goods sold ...
  [14/300] CORRECT | truth=10230.4393 pred=10230.513651 | what does the following give: result of capex scaled by inco...
  [8/300] WRONG  | truth=32706.2842 pred=380316.35 | Whats the value of the result of current liabilities scaled ...
  [21/300] CORRECT | truth=-84761.0000 pred=-84761.0 | What do we obtain as the difference between capex and curren...
  [18/300] CORRECT | truth=124672.0000 pred=124672.0 | give the sum of accounts receivable and revenue for Orion Fi...
  [15/300] CORRECT | truth=0.0000 pred=0.0 | calculate the difference between operating expenses and oper...
  [19/300] CORRECT | truth=263222.0000 pred=263222.0 | May you give the the minimum of total assets for Orion Finan...
  [22/300] CORRECT | truth=232922.0000 pred=232922.0 | you should give the difference between total liabilities and...
  [23/300] CORRECT | truth=30076.0000 pred=30076.0 | state the sum of revenue and total assets for Pinnacle Healt...
  [17/300] CORRECT | truth=-27166.0000 pred=-27166.0 | which value corresponds to the difference between dividends ...
  [25/300] CORRECT | truth=149263.0000 pred=149263.0 | May you give the the minimum of revenue for NovaStar Technol...
  [24/300] CORRECT | truth=47070.0000 pred=47070.0 | could you give the sum of non operating expenses and current...
  [16/300] WRONG  | truth=7883.5673 pred=89838.1 | may you calculate the result of operating expenses scaled by...
  [20/300] CORRECT | truth=16214.7008 pred=16214.25 | calculate the result of inventories scaled by income tax for...
  [26/300] CORRECT | truth=6556.0000 pred=6556.0 | What is the value of the sum of capex and inventories for Ap...
  [28/300] WRONG  | truth=-133864.0000 pred=133864.0 | Give the difference between inventories and revenue for Orio...
  [29/300] CORRECT | truth=864.0000 pred=864.0 | State the sum of dividends paid and capex for Pinnacle Healt...
  [35/300] CORRECT | truth=75601.0000 pred=75601.0 | May you give the sum of non operating expenses and cash for ...
  [27/300] CORRECT | truth=573416.0000 pred=573416.0 | what's the value of the sum of total liabilities and cost of...
  [30/300] CORRECT | truth=19883.1846 pred=19883.33 | provide the result of revenue scaled by income tax for Pacif...
  [31/300] CORRECT | truth=11749.0000 pred=11749.0 | What is the value of the difference between cash and dividen...
  [32/300] CORRECT | truth=-7414.0000 pred=-7414.0 | could you give the difference between current liabilities an...
  [33/300] CORRECT | truth=1685.4419 pred=1685.4418693718765 | Give the result of inventories scaled by income tax for Orio...
  [36/300] CORRECT | truth=-3469.0000 pred=-3469.0 | Give the difference between cash and non operating expenses ...
  [43/300] CORRECT | truth=11156.0000 pred=11156.0 | Give the difference between current liabilities and dividend...
  [34/300] CORRECT | truth=317434.0000 pred=317434.0 | Whats the value of the sum of cash and cost of goods sold fo...
  [37/300] CORRECT | truth=111511.0000 pred=111511.0 | May you give the difference between total equity and dividen...
  [45/300] CORRECT | truth=89374.0000 pred=89374.0 | you should give the the minimum of revenue for Atlas Global ...
  [47/300] CORRECT | truth=45629.0000 pred=45629.0 | what would be the sum of cost of goods sold and total equity...
  [48/300] CORRECT | truth=543197.0000 pred=543197.0 | May you calculate the sum of total assets and accounts recei...
  [50/300] CORRECT | truth=-110541.0000 pred=-110541.0 | What do we obtain as the difference between inventories and ...
  [49/300] CORRECT | truth=617681.0000 pred=617681.0 | Calculate the sum of accounts receivable and cost of goods s...
  [38/300] CORRECT | truth=0.0000 pred=0.0 | Evaluate the difference between cash and cash for Titan Cons...
  [53/300] CORRECT | truth=14819.0000 pred=14819.0 | Determine the the maximum of current liabilities for Quantum...
  [54/300] CORRECT | truth=108199.0000 pred=108199.0 | May you give the sum of revenue and capex for Orion Financia...
  [46/300] CORRECT | truth=97842.1955 pred=97842.32 | What does the following give: result of total assets scaled ...
  [51/300] CORRECT | truth=-456401.0000 pred=-456401.0 | Calculate the difference between inventories and cost of goo...
  [55/300] CORRECT | truth=111520.0000 pred=111520.0 | whats the value of the sum of accounts receivable and short ...
  [52/300] CORRECT | truth=26267.0000 pred=26267.0 | Compute the sum of short term investments and cash for Quant...
  [57/300] CORRECT | truth=49090.0000 pred=49090.0 | may you calculate the sum of inventories and cash for NovaSt...
  [56/300] CORRECT | truth=144432.0000 pred=144432.0 | calculate the sum of short term investments and current liab...
  [41/300] CORRECT | truth=207167.0000 pred=207167.0 | provide the difference between revenue and accounts receivab...
  [40/300] CORRECT | truth=20800.0000 pred=20800.0 | what would be the sum of dividends paid and total equity for...
  [44/300] CORRECT | truth=-51007.0000 pred=-51007.0 | provide the difference between total equity and total liabil...
  [39/300] CORRECT | truth=-170201.0000 pred=-170201.0 | What does the following give: difference between accounts re...
  [58/300] WRONG  | truth=-12180.0000 pred=12180.0 | State the difference between cash and revenue for Pinnacle H...
  [59/300] CORRECT | truth=10318.0000 pred=10318.0 | What is the sum of capex and capex for Apex Dynamics Corp in...
  [42/300] CORRECT | truth=475.9846 pred=475.9845191451795 | State the result of cash scaled by income tax for Pinnacle H...
  [63/300] CORRECT | truth=106446.0000 pred=106446.0 | may you give the the minimum of total liabilities for NovaSt...
  [64/300] CORRECT | truth=38806.0000 pred=38806.0 | Could you give the sum of cash and inventories for Meridian ...
  [66/300] CORRECT | truth=30608.0000 pred=30608.0 | You should calculate the sum of capex and inventories for Cl...
  [65/300] CORRECT | truth=46202.0000 pred=46202.0 | What would be the sum of cost of goods sold and total equity...
  [60/300] CORRECT | truth=19845.0000 pred=19845.0 | Compute the the maximum of dividends paid for SilverLine Ret...
  [67/300] CORRECT | truth=1543.5607 pred=1543.660617434 | May you calculate the result of capex scaled by income tax f...
  [69/300] CORRECT | truth=20709.0000 pred=20709.0 | What do we obtain as the sum of short term investments and d...
  [74/300] CORRECT | truth=436010.0000 pred=436010.0 | provide the sum of revenue and revenue for Pacific Crest Ene...
  [61/300] CORRECT | truth=2284.6807 pred=2284.6607 | What is the result of non operating expenses scaled by incom...
  [68/300] WRONG  | truth=8831.0845 pred=745112.44 | whats the value of the result of accounts receivable scaled ...
  [72/300] CORRECT | truth=2047.0350 pred=2046.61133188 | Whats the value of the result of inventories scaled by incom...
  [73/300] WRONG  | truth=8338.8468 pred=277115.28 | What do we obtain as the result of operating expenses scaled...
  [78/300] CORRECT | truth=-45323.0000 pred=-45323.0 | which result follows from the difference between accounts re...
  [79/300] CORRECT | truth=203458.5940 pred=203402.32 | you should calculate the result of total assets scaled by in...
  [62/300] CORRECT | truth=34546.0000 pred=34546.0 | which result follows from the difference between current lia...
  [71/300] WRONG  | truth=6979.7485 pred=264353.41 | evaluate the result of accounts receivable scaled by income ...
  [77/300] CORRECT | truth=46110.0000 pred=46110.0 | which value corresponds to the the maximum of operating expe...
  [76/300] CORRECT | truth=2137.0000 pred=2137.0 | What is the value of the difference between accounts receiva...
  [84/300] CORRECT | truth=8278.0000 pred=8278.0 | Which value corresponds to the difference between total equi...
  [81/300] CORRECT | truth=50820.0000 pred=50820.0 | provide the sum of capex and operating expenses for Pacific ...
  [70/300] CORRECT | truth=239412.0000 pred=239412.0 | Provide the difference between total assets and current liab...
  [86/300] CORRECT | truth=10895.0000 pred=10895.0 | What's the value of the sum of short term investments and ac...
  [82/300] CORRECT | truth=538795.0000 pred=538795.0 | What does the following give: sum of total assets and divide...
  [80/300] CORRECT | truth=20370.0000 pred=20370.0 | You should give the difference between total assets and reve...
  [85/300] CORRECT | truth=78567.0000 pred=78567.0 | what is the difference between total assets and operating ex...
  [87/300] CORRECT | truth=7540.0000 pred=7540.0 | Which quantity is given by the the minimum of inventories fo...
  [75/300] WRONG  | truth=1466.8529 pred=61837.87 | state the result of cost of goods sold scaled by income tax ...
  [90/300] CORRECT | truth=21960.0000 pred=21960.0 | you should give the the minimum of accounts receivable for C...
  [88/300] CORRECT | truth=87396.5095 pred=87396.41 | Evaluate the result of revenue scaled by income tax for Tita...
  [89/300] CORRECT | truth=6324.0000 pred=6324.0 | Compute the the minimum of accounts receivable for Quantum B...
  [83/300] CORRECT | truth=2919.0000 pred=2919.0 | state the difference between total liabilities and inventori...
  [92/300] CORRECT | truth=54949.0000 pred=54949.0 | whats the value of the the minimum of short term investments...
  [93/300] CORRECT | truth=3998.3050 pred=3998.38 | Which value corresponds to the result of short term investme...
  [91/300] CORRECT | truth=13546.0000 pred=13546.0 | Which value corresponds to the difference between capex and ...
  [100/300] CORRECT | truth=75117.0000 pred=75117.0 | May you calculate the the maximum of cost of goods sold for ...
  [96/300] WRONG  | truth=73.6967 pred=2796.881 | You should give the result of dividends paid scaled by incom...
  [98/300] CORRECT | truth=-79320.0000 pred=-79320.0 | Calculate the difference between operating expenses and non ...
  [101/300] CORRECT | truth=93868.0000 pred=93868.0 | What does the following give: difference between total equit...
  [99/300] CORRECT | truth=672213.0000 pred=672213.0 | evaluate the sum of total equity and total liabilities for S...
  [94/300] WRONG  | truth=721.0780 pred=10981.53 | State the result of non operating expenses scaled by income ...
  [97/300] CORRECT | truth=77490.7441 pred=77491.68 | which quantity is given by the result of revenue scaled by i...
  [104/300] CORRECT | truth=0.0000 pred=0.0 | whats the value of the difference between non operating expe...
  [108/300] CORRECT | truth=320.0000 pred=320.0 | Provide the difference between capex and accounts receivable...
  [102/300] CORRECT | truth=209830.0000 pred=209830.0 | Whats the value of the sum of cash and accounts receivable f...
  [95/300] WRONG  | truth=31686.7721 pred=1555203.47 | you should give the result of total assets scaled by income ...
  [106/300] CORRECT | truth=19914.0000 pred=19914.0 | could you give the sum of short term investments and capex f...
  [107/300] CORRECT | truth=41581.0000 pred=41581.0 | what is the sum of accounts receivable and current liabiliti...
  [105/300] WRONG  | truth=9470.5321 pred=464835.71 | May you give the result of current liabilities scaled by inc...
  [109/300] CORRECT | truth=-51614.0000 pred=-51614.0 | may you calculate the difference between capex and total equ...
  [110/300] CORRECT | truth=-42329.0000 pred=-42329.0 | May you give the difference between current liabilities and ...
  [103/300] CORRECT | truth=25865.4266 pred=25865.42661924138 | Which value corresponds to the result of total equity scaled...
  [113/300] CORRECT | truth=29818.0000 pred=29818.0 | You should give the sum of operating expenses and total equi...
  [111/300] CORRECT | truth=233242.0000 pred=233242.0 | Which result follows from the sum of cost of goods sold and ...
  [112/300] CORRECT | truth=-93962.0000 pred=-93962.0 | you should give the difference between operating expenses an...
  [116/300] CORRECT | truth=6461.0000 pred=6461.0 | What is the the maximum of operating expenses for Apex Dynam...
  [114/300] CORRECT | truth=382901.0000 pred=382901.0 | which quantity is given by the sum of revenue and capex for ...
  [115/300] WRONG  | truth=-54291.0000 pred=54291.0 | what would be the difference between total equity and total ...
  [122/300] CORRECT | truth=0.0000 pred=0.0 | may you calculate the difference between capex and capex for...
  [117/300] CORRECT | truth=18575.0000 pred=18575.0 | what would be the the minimum of total equity for Cobalt Sem...
  [124/300] CORRECT | truth=6824.0000 pred=6824.0 | What is the value of the difference between operating expens...
  [119/300] WRONG  | truth=-205523.0000 pred=205523.0 | may you give the difference between capex and total assets f...
  [123/300] CORRECT | truth=-84321.0000 pred=-84321.0 | may you give the difference between dividends paid and cost ...
  [125/300] CORRECT | truth=100857.0000 pred=100857.0 | compute the sum of accounts receivable and total assets for ...
  [127/300] CORRECT | truth=83888.0000 pred=83888.0 | Compute the the minimum of revenue for Quantum Bridge Holdin...
  [120/300] CORRECT | truth=-403180.0000 pred=-403180.0 | what do we obtain as the difference between non operating ex...
  [118/300] CORRECT | truth=34511.0000 pred=34511.0 | You should calculate the the maximum of capex for Titan Cons...
  [126/300] CORRECT | truth=1824.3229 pred=1824.2638 | which quantity is given by the result of operating expenses ...
  [129/300] CORRECT | truth=28898.0000 pred=28898.0 | you should give the sum of non operating expenses and cash f...
  [131/300] CORRECT | truth=937.0000 pred=937.0 | State the the minimum of accounts receivable for Pinnacle He...
  [128/300] CORRECT | truth=209862.0000 pred=209862.0 | Whats the value of the sum of cash and cash for ClearPath Lo...
  [121/300] CORRECT | truth=10230.4393 pred=10231.464128 | what does the following give: result of capex scaled by inco...
  [134/300] CORRECT | truth=-17930.0000 pred=-17930.0 | You should give the difference between cost of goods sold an...
  [130/300] WRONG  | truth=4080.7517 pred=291861.26 | Evaluate the result of capex scaled by income tax for Titan ...
  [135/300] CORRECT | truth=10313.0000 pred=10313.0 | state the difference between revenue and total equity for Pi...
  [132/300] CORRECT | truth=3007.0000 pred=3007.0 | determine the sum of operating expenses and short term inves...
  [133/300] CORRECT | truth=-2850.0000 pred=-2850.0 | Which value corresponds to the difference between accounts r...
  [138/300] CORRECT | truth=28767.0000 pred=28767.0 | State the sum of cash and accounts receivable for Pacific Cr...
  [139/300] CORRECT | truth=-30377.0000 pred=-30377.0 | May you calculate the difference between short term investme...
  [142/300] CORRECT | truth=45233.0000 pred=45233.0 | provide the sum of current liabilities and cash for Pacific ...
  [136/300] CORRECT | truth=6682.0772 pred=6682.112261 | whats the value of the result of inventories scaled by incom...
  [145/300] WRONG  | truth=68.9064 pred=822.034 | what would be the result of dividends paid scaled by income ...
  [141/300] CORRECT | truth=7919.0000 pred=7919.0 | State the difference between cost of goods sold and accounts...
  [137/300] WRONG  | truth=16014.0183 pred=386520.5 | what does the following give: result of accounts receivable ...
  [147/300] CORRECT | truth=6625.0000 pred=6625.0 | You should give the sum of dividends paid and operating expe...
  [140/300] WRONG  | truth=4828.0395 pred=149631.13 | give the result of short term investments scaled by income t...
  [144/300] WRONG  | truth=3884.5449 pred=48599.82 | give the result of non operating expenses scaled by income t...
  [143/300] CORRECT | truth=3988.2474 pred=3987.357 | determine the result of revenue scaled by income tax for Pin...
  [146/300] CORRECT | truth=15443.0000 pred=15443.0 | Which value corresponds to the the maximum of capex for Heli...
  [149/300] CORRECT | truth=123954.0000 pred=123954.0 | which quantity is given by the sum of non operating expenses...
  [150/300] CORRECT | truth=221989.0000 pred=221989.0 | may you give the sum of total equity and total liabilities f...
  [154/300] CORRECT | truth=11630.0000 pred=11630.0 | give the sum of cash and dividends paid for Pacific Crest En...
  [156/300] CORRECT | truth=64992.4156 pred=64982.324 | Which result follows from the result of cost of goods sold s...
  [153/300] WRONG  | truth=629.0655 pred=33828.05020817348 | State the result of non operating expenses scaled by income ...
  [148/300] CORRECT | truth=475.9846 pred=475.9845191451795 | State the result of cash scaled by income tax for Pinnacle H...
  [155/300] CORRECT | truth=25016.0000 pred=25016.0 | Compute the sum of operating expenses and capex for Quantum ...
  [151/300] WRONG  | truth=17621.7002 pred=286206.42 | What is the value of the result of total assets scaled by in...
  [157/300] CORRECT | truth=41772.7913 pred=41772.76 | calculate the result of total equity scaled by income tax fo...
  [152/300] CORRECT | truth=13296.1310 pred=13300.16 | Evaluate the result of non operating expenses scaled by inco...
  [160/300] CORRECT | truth=9522.0000 pred=9522.0 | What is the sum of inventories and accounts receivable for A...
  [158/300] WRONG  | truth=2727.6702 pred=62924.12 | Give the result of accounts receivable scaled by income tax ...
  [163/300] CORRECT | truth=1275.0000 pred=1275.0 | state the the minimum of non operating expenses for Pinnacle...
  [159/300] WRONG  | truth=81904.7348 pred=5857725.75 | You should calculate the result of total liabilities scaled ...
  [164/300] WRONG  | truth=2181.4016 pred=67607.33 | Give the result of accounts receivable scaled by income tax ...
  [165/300] CORRECT | truth=291110.0000 pred=291110.0 | which result follows from the sum of cost of goods sold and ...
  [167/300] CORRECT | truth=34063.8903 pred=34063.62 | which result follows from the result of total equity scaled ...
  [169/300] CORRECT | truth=22171.0000 pred=22171.0 | Which value corresponds to the sum of accounts receivable an...
  [162/300] CORRECT | truth=7642.9355 pred=7642.94521335 | calculate the result of accounts receivable scaled by income...
  [168/300] CORRECT | truth=1098264.0000 pred=1098264.0 | Evaluate the the maximum of total assets for Titan Consumer ...
  [166/300] WRONG  | truth=4040.3517 pred=91600.8 | Calculate the result of inventories scaled by income tax for...
  [170/300] CORRECT | truth=39797.0000 pred=39797.0 | evaluate the difference between operating expenses and capex...
  [161/300] WRONG  | truth=4294.8141 pred=73482.73081245724 | May you give the result of accounts receivable scaled by inc...
  [173/300] CORRECT | truth=392693.0000 pred=392693.0 | evaluate the difference between revenue and total equity for...
  [175/300] CORRECT | truth=22639.0000 pred=22639.0 | Determine the sum of cash and accounts receivable for Quantu...
  [171/300] WRONG  | truth=17846.4858 pred=501602.164 | could you give the result of total liabilities scaled by inc...
  [172/300] CORRECT | truth=-19561.0000 pred=-19561.0 | Compute the difference between dividends paid and cash for Q...
  [174/300] CORRECT | truth=91839.0000 pred=91839.0 | What do we obtain as the sum of non operating expenses and a...
  [182/300] CORRECT | truth=41413.0000 pred=41413.0 | What is the value of the sum of current liabilities and cost...
  [176/300] CORRECT | truth=412.1721 pred=412.1720796354958 | state the result of short term investments scaled by income ...
  [181/300] CORRECT | truth=16631.0000 pred=16631.0 | what is the value of the sum of inventories and operating ex...
  [178/300] CORRECT | truth=4040.0000 pred=4040.0 | what is the the maximum of inventories for Apex Dynamics Cor...
  [183/300] CORRECT | truth=464758.0000 pred=464758.0 | Which quantity is given by the the maximum of total equity f...
  [189/300] CORRECT | truth=159919.0000 pred=159919.0 | evaluate the sum of capex and cash for Titan Consumer Brands...
  [184/300] CORRECT | truth=-151994.0000 pred=-151994.0 | evaluate the difference between accounts receivable and curr...
  [177/300] CORRECT | truth=55501.0000 pred=55501.0 | Whats the value of the difference between current liabilitie...
  [187/300] CORRECT | truth=724468.0000 pred=724468.0 | what does the following give: the maximum of total assets fo...
  [186/300] WRONG  | truth=181003.1934 pred=5335124.5 | You should calculate the result of total assets scaled by in...
  [188/300] CORRECT | truth=601354.0000 pred=601354.0 | what's the value of the sum of operating expenses and revenu...
  [193/300] CORRECT | truth=65507.0000 pred=65507.0 | what's the value of the difference between cost of goods sol...
  [195/300] CORRECT | truth=35810.0000 pred=35810.0 | Determine the sum of operating expenses and current liabilit...
  [192/300] CORRECT | truth=4346.0000 pred=4346.0 | state the sum of dividends paid and total liabilities for Pi...
  [194/300] CORRECT | truth=27778.0000 pred=27778.0 | could you give the sum of short term investments and non ope...
  [180/300] CORRECT | truth=14219.6924 pred=14220.74 | whats the value of the result of short term investments scal...
  [185/300] CORRECT | truth=-342007.0000 pred=-342007.0 | What does the following give: difference between accounts re...
  [179/300] CORRECT | truth=24609.3657 pred=24618.83 | what's the value of the result of cash scaled by income tax ...
  [197/300] CORRECT | truth=8031.0000 pred=8031.0 | What do we obtain as the sum of non operating expenses and s...
  [199/300] WRONG  | truth=1260.7701 pred=116792.45 | Could you give the result of accounts receivable scaled by i...
  [198/300] CORRECT | truth=23302.0000 pred=23302.0 | which quantity is given by the the minimum of accounts recei...
  [196/300] CORRECT | truth=37757.0000 pred=37757.0 | State the difference between total assets and operating expe...
  [190/300] CORRECT | truth=114835.0000 pred=114835.0 | may you give the sum of total equity and dividends paid for ...
  [191/300] CORRECT | truth=6949.3682 pred=6949.3655948 | compute the result of cash scaled by income tax for SilverLi...
  [203/300] CORRECT | truth=2436.0000 pred=2436.0 | Compute the the maximum of capex for Quantum Bridge Holdings...
  [201/300] WRONG  | truth=-129615.0000 pred=129615.0 | what is the difference between non operating expenses and to...
  [202/300] CORRECT | truth=14588.0000 pred=14588.0 | what is the value of the the minimum of current liabilities ...
  [200/300] CORRECT | truth=1916.3738 pred=1916.3734 | What is the value of the result of cash scaled by income tax...
  [206/300] CORRECT | truth=-25883.0000 pred=-25883.0 | provide the difference between non operating expenses and to...
  [205/300] CORRECT | truth=340508.0000 pred=340508.0 | Which quantity is given by the the minimum of revenue for Ir...
  [210/300] CORRECT | truth=13446.0000 pred=13446.0 | What's the value of the the maximum of non operating expense...
  [204/300] CORRECT | truth=1661.5022 pred=1661.49123165 | what is the result of short term investments scaled by incom...
  [209/300] CORRECT | truth=18718.3246 pred=18718.361172571 | may you calculate the result of total assets scaled by incom...
  [208/300] CORRECT | truth=-9179.0000 pred=-9179.0 | Determine the difference between accounts receivable and tot...
  [207/300] CORRECT | truth=11930.0000 pred=11930.0 | You should give the sum of cash and non operating expenses f...
  [213/300] WRONG  | truth=-72066.0000 pred=72066.0 | what would be the difference between inventories and total a...
  [215/300] CORRECT | truth=465315.0000 pred=465315.0 | which quantity is given by the sum of total assets and inven...
  [216/300] CORRECT | truth=43412.0000 pred=43412.0 | Calculate the difference between cash and dividends paid for...
  [212/300] CORRECT | truth=32523.0000 pred=32523.0 | What would be the sum of cost of goods sold and inventories ...
  [211/300] CORRECT | truth=2357.1064 pred=2357.13315 | Evaluate the result of inventories scaled by income tax for ...
  [217/300] CORRECT | truth=16904.0000 pred=16904.0 | Which value corresponds to the difference between non operat...
  [214/300] WRONG  | truth=6342.4964 pred=108514.05 | May you give the result of operating expenses scaled by inco...
  [219/300] CORRECT | truth=-216214.0000 pred=-216214.0 | Which value corresponds to the difference between inventorie...
  [223/300] CORRECT | truth=40478.0000 pred=40478.0 | which result follows from the sum of short term investments ...
  [220/300] CORRECT | truth=1996.0000 pred=1996.0 | What is the value of the difference between current liabilit...
  [222/300] CORRECT | truth=92537.0000 pred=92537.0 | what does the following give: sum of accounts receivable and...
  [218/300] CORRECT | truth=43822.0827 pred=43822.14 | Could you give the result of revenue scaled by income tax fo...
  [225/300] CORRECT | truth=-7975.0000 pred=-7975.0 | what would be the difference between cost of goods sold and ...
  [221/300] CORRECT | truth=46714.2836 pred=46714.32 | Calculate the result of cost of goods sold scaled by income ...
  [224/300] CORRECT | truth=8053.7706 pred=8053.7315 | which value corresponds to the result of non operating expen...
  [229/300] CORRECT | truth=83161.0000 pred=83161.0 | What is the sum of non operating expenses and total liabilit...
  [226/300] CORRECT | truth=8099.5750 pred=8099.54 | You should calculate the result of cash scaled by income tax...
  [227/300] CORRECT | truth=-32342.0000 pred=-32342.0 | compute the difference between accounts receivable and total...
  [230/300] CORRECT | truth=5861.8975 pred=5861.9 | calculate the result of inventories scaled by income tax for...
  [228/300] WRONG  | truth=4295.4865 pred=151150.32 | Determine the result of current liabilities scaled by income...
  [231/300] CORRECT | truth=130466.0000 pred=130466.0 | Provide the difference between total assets and capex for Pa...
  [232/300] CORRECT | truth=8099.5750 pred=8099.5533 | Evaluate the result of cash scaled by income tax for Titan C...
  [237/300] CORRECT | truth=-371281.0000 pred=-371281.0 | What do we obtain as the difference between cash and revenue...
  [233/300] CORRECT | truth=63965.4551 pred=63965.71 | Whats the value of the result of cost of goods sold scaled b...
  [238/300] CORRECT | truth=15221.0000 pred=15221.0 | What's the value of the difference between total equity and ...
  [235/300] WRONG  | truth=3791.2977 pred=51599.43504561962 | Which result follows from the result of operating expenses s...
  [239/300] CORRECT | truth=6265.0000 pred=6265.0 | state the sum of cash and non operating expenses for Pinnacl...
  [234/300] WRONG  | truth=1369.4830 pred=45673.03736277034 | may you give the result of current liabilities scaled by inc...
  [236/300] CORRECT | truth=1947.2016 pred=1947.184099 | Which result follows from the result of inventories scaled b...
  [242/300] CORRECT | truth=-1814.0000 pred=-1814.0 | which quantity is given by the difference between non operat...
  [244/300] WRONG  | truth=15346.4809 pred=181522.16 | could you give the result of cost of goods sold scaled by in...
  [250/300] CORRECT | truth=42626.0000 pred=42626.0 | Provide the the maximum of operating expenses for Pacific Cr...
  [249/300] WRONG  | truth=55521.9817 pred=1602534.36 | give the result of total assets scaled by income tax for Pac...
  [248/300] CORRECT | truth=125081.0000 pred=125081.0 | What is the sum of cost of goods sold and revenue for Apex D...
  [247/300] WRONG  | truth=1461.8644 pred=62340.11164650138 | determine the result of non operating expenses scaled by inc...
  [243/300] CORRECT | truth=248.9868 pred=248.9944220671 | compute the result of short term investments scaled by incom...
  [252/300] CORRECT | truth=286345.0000 pred=286345.0 | what does the following give: sum of current liabilities and...
  [251/300] CORRECT | truth=232423.0000 pred=232423.0 | Which value corresponds to the difference between revenue an...
  [254/300] CORRECT | truth=15841.0000 pred=15841.0 | state the sum of short term investments and total assets for...
  [256/300] CORRECT | truth=201256.0000 pred=201256.0 | which result follows from the sum of total equity and non op...
  [253/300] CORRECT | truth=-689221.0000 pred=-689221.0 | What does the following give: difference between inventories...
  [255/300] WRONG  | truth=10961.6926 pred=124917.32 | May you calculate the result of current liabilities scaled b...
  [259/300] CORRECT | truth=7412.0000 pred=7412.0 | what is the the minimum of cash for Apex Dynamics Corp using...
  [260/300] CORRECT | truth=202902.0000 pred=202902.0 | You should give the sum of cash and revenue for Meridian Sys...
  [257/300] CORRECT | truth=-27219.0000 pred=-27219.0 | What would be the difference between dividends paid and cost...
  [261/300] CORRECT | truth=19663.0000 pred=19663.0 | provide the sum of inventories and accounts receivable for P...
  [258/300] CORRECT | truth=4820.0000 pred=4820.0 | Determine the sum of current liabilities and non operating e...
  [263/300] CORRECT | truth=8761.0000 pred=8761.0 | May you give the the maximum of cash for NovaStar Technologi...
  [266/300] CORRECT | truth=-130300.0000 pred=-130300.0 | may you give the difference between capex and revenue for Or...
  [262/300] CORRECT | truth=23017.0000 pred=23017.0 | What do we obtain as the sum of non operating expenses and c...
  [265/300] CORRECT | truth=342186.0000 pred=342186.0 | whats the value of the difference between total equity and n...
  [264/300] WRONG  | truth=7461.7442 pred=231261.742 | Give the result of current liabilities scaled by income tax ...
  [271/300] WRONG  | truth=-830425.0000 pred=830425.0 | which result follows from the difference between inventories...
  [267/300] CORRECT | truth=23472.0000 pred=23472.0 | What would be the sum of capex and total equity for Cobalt S...
  [270/300] CORRECT | truth=-78788.0000 pred=-78788.0 | May you calculate the difference between non operating expen...
  [268/300] CORRECT | truth=23875.0000 pred=23875.0 | Which quantity is given by the difference between operating ...
  [269/300] CORRECT | truth=11560.0000 pred=11560.0 | compute the the maximum of dividends paid for Quantum Bridge...
  [272/300] WRONG  | truth=2097.6727 pred=27455.63 | what do we obtain as the result of accounts receivable scale...
  [277/300] CORRECT | truth=597468.0000 pred=597468.0 | What do we obtain as the sum of dividends paid and cost of g...
  [276/300] CORRECT | truth=48725.3829 pred=48724.46 | which result follows from the result of revenue scaled by in...
  [280/300] CORRECT | truth=63745.0000 pred=63745.0 | You should calculate the the minimum of cost of goods sold f...
  [279/300] WRONG  | truth=14552.8339 pred=512101.13 | you should give the result of total assets scaled by income ...
  [281/300] CORRECT | truth=3876.0000 pred=3876.0 | State the difference between total equity and short term inv...
  [282/300] CORRECT | truth=51473.0000 pred=51473.0 | Which value corresponds to the sum of operating expenses and...
  [283/300] CORRECT | truth=141208.0000 pred=141208.0 | you should calculate the sum of cash and short term investme...
  [284/300] CORRECT | truth=-610281.0000 pred=-610281.0 | What do we obtain as the difference between cash and revenue...
  [285/300] CORRECT | truth=-449895.0000 pred=-449895.0 | which quantity is given by the difference between capex and ...
  [286/300] CORRECT | truth=84710.0000 pred=84710.0 | which quantity is given by the sum of accounts receivable an...
  [241/300] CORRECT | truth=27277.0000 pred=27277.0 | which result follows from the sum of capex and cash for Heli...
  [245/300] CORRECT | truth=70583.0000 pred=70583.0 | you should calculate the difference between total assets and...
  [240/300] CORRECT | truth=78595.0000 pred=78595.0 | what do we obtain as the difference between operating expens...
  [246/300] CORRECT | truth=56997.0000 pred=56997.0 | you should give the sum of inventories and operating expense...
  [288/300] CORRECT | truth=70238.0000 pred=70238.0 | whats the value of the sum of accounts receivable and divide...
  [274/300] CORRECT | truth=14501.0000 pred=14501.0 | What's the value of the the maximum of non operating expense...
  [278/300] CORRECT | truth=43135.0000 pred=43135.0 | may you calculate the sum of non operating expenses and cape...
  [287/300] WRONG  | truth=21636.5395 pred=574296.34 | evaluate the result of non operating expenses scaled by inco...
  [275/300] WRONG  | truth=9622.1712 pred=120434.23 | may you give the result of total equity scaled by income tax...
  [273/300] CORRECT | truth=1661.5022 pred=1661.5012326598412 | what is the value of the result of short term investments sc...
  [291/300] WRONG  | truth=-633820.0000 pred=633820.0 | what does the following give: difference between accounts re...
  [292/300] CORRECT | truth=33007.0000 pred=33007.0 | could you give the the minimum of total equity for Meridian ...
  [293/300] CORRECT | truth=262119.0000 pred=262119.0 | evaluate the sum of operating expenses and total equity for ...
  [290/300] CORRECT | truth=12445.9869 pred=12445.94 | what would be the result of revenue scaled by income tax for...
  [297/300] CORRECT | truth=72945.0000 pred=72945.0 | you should calculate the sum of non operating expenses and c...
  [295/300] CORRECT | truth=32926.5817 pred=32926.41143 | provide the result of revenue scaled by income tax for Pacif...
  [294/300] CORRECT | truth=-25763.0000 pred=-25763.0 | provide the difference between dividends paid and non operat...
  [298/300] CORRECT | truth=98272.0000 pred=98272.0 | what do we obtain as the the maximum of operating expenses f...
  [289/300] WRONG  | truth=10309.5287 pred=970438.13 | provide the result of current liabilities scaled by income t...
  [296/300] CORRECT | truth=-84509.0000 pred=-84509.0 | You should give the difference between dividends paid and sh...
  [299/300] CORRECT | truth=66789.0000 pred=66789.0 | What is the the maximum of total equity for Apex Dynamics Co...
  [300/300] WRONG  | truth=6181.4677 pred=144498.62 | what is the result of current liabilities scaled by income t...

============================================================
  Model: google/gemma-4-31B-it
============================================================
  10-Q      : 0/0  accuracy = 0.0%  (skipped 0)
  90-Q      : 252/300  accuracy = 84.0%  (skipped 0)
  Multi-turn: 0/0  accuracy = 0.0%  (skipped 0)
  Overall   : 252/300  accuracy = 84.0%
============================================================

Results saved to output_llm/last_runs_9th_aug_after_21/depths/depth_1_gemma_31b_90q_20260809_212921.json
CSV saved to output_llm/eval_results_20260809_212921.csv
<===== END depth_1_gemma_31b_90q =====>
[2026-08-09 21:29:22] DONE section=depths tag=depth_1_gemma_31b_90q output=output_llm/last_runs_9th_aug_after_21/depths/depth_1_gemma_31b_90q.json log=logs/last_runs_9th_aug_after_21/depths/depth_1_gemma_31b_90q.log
[2026-08-09 21:29:22] === DEPTH 2 / n=300 ===
[2026-08-09 21:29:22] PREP depth_2_n300: script/compiler_pipeline_adversarial/make_random_questions_adversarial.py --n 300 --depth-min 2 --depth-max 2 --derived-prob-min 0 --derived-prob-max 0
Saved 300 questions to /output/random_questions_90.csv
Saved 300 questions to /output/original_questions.json
Master seed: 715489431
Max bound leaf count: 4
[2026-08-09 21:29:23] START section=depths tag=depth_2_gemma_31b_90q provider=Together model=google/gemma-4-31B-it dataset=90q limit=300
<===== START depth_2_gemma_31b_90q | provider=Together | model=google/gemma-4-31B-it | dataset=90q | limit=300 =====>
90Q are Sheet: /output/financial_spreadsheet.json
90Q are Questions: /output/original_questions.json
Loading datasets...
  90-Q: 300 questions, 15 companies

============================================================
  Evaluating model: google/gemma-4-31B-it
============================================================

-- 90-Q evaluation (300 questions) --
  [3/300] CORRECT | truth=185116.0000 pred=185116.0 | Compute the difference between sum of accounts receivable an...
  [9/300] CORRECT | truth=1888.5194 pred=1888.53 | you should give the result of dividends paid scaled by ratio...
  [4/300] CORRECT | truth=8647.5000 pred=8647.5 | state the average total liabilities for Pinnacle Health Grou...
  [10/300] CORRECT | truth=58011.0000 pred=58011.0 | What would be the sum of revenue and sum of capex and invent...
  [5/300] CORRECT | truth=116386.5000 pred=116386.5 | Could you give the average total assets for Meridian Systems...
  [8/300] CORRECT | truth=83340.0000 pred=83340.0 | may you calculate the the maximum of cost of goods sold for ...
  [7/300] CORRECT | truth=1330.3520 pred=1330.47 | evaluate the result of result of cash scaled by income tax s...
  [13/300] CORRECT | truth=15521.0000 pred=15521.0 | What do we obtain as the the minimum of capex for Crimson Ph...
  [11/300] CORRECT | truth=320376.0000 pred=320376.0 | evaluate the the minimum of cost of goods sold for Titan Con...
  [15/300] CORRECT | truth=42955.0000 pred=42955.0 | Evaluate the the maximum of accounts receivable for Titan Co...
  [14/300] WRONG  | truth=101474.8300 pred=67056.38 | which result follows from the result of sum of short term in...
  [1/300] CORRECT | truth=15989.0000 pred=15989.0 | provide the sum of difference between short term investments...
  [6/300] CORRECT | truth=-13546.0000 pred=-13546.0 | You should calculate the difference between sum of dividends...
  [2/300] CORRECT | truth=182129.0772 pred=182129.1 | whats the value of the sum of difference between total liabi...
  [12/300] CORRECT | truth=-69279.0459 pred=-69278.78 | give the sum of result of total liabilities scaled by income...
  [18/300] CORRECT | truth=1495.0000 pred=1495.0 | Determine the the maximum of short term investments for Pinn...
  [16/300] CORRECT | truth=-503857.0000 pred=-503857.0 | Whats the value of the sum of difference between accounts re...
  [17/300] CORRECT | truth=-279624.0000 pred=-279624.0 | whats the value of the difference between sum of total equit...
  [20/300] CORRECT | truth=2326.2322 pred=2327.16 | Determine the result of sum of capex and cash scaled by rati...
  [19/300] CORRECT | truth=119627.0000 pred=119627.0 | what is the value of the sum of sum of inventories and reven...
  [21/300] CORRECT | truth=30275.1143 pred=30275.13 | you should give the sum of result of total liabilities scale...
  [25/300] CORRECT | truth=63666.0000 pred=63666.0 | Could you give the sum of current liabilities and sum of acc...
  [26/300] CORRECT | truth=429776.0000 pred=429776.0 | you should calculate the difference between sum of total equ...
  [27/300] CORRECT | truth=31176.0000 pred=31176.0 | Which value corresponds to the result of non operating expen...
  [22/300] CORRECT | truth=40125.3063 pred=40124.31 | you should give the result of sum of total liabilities and s...
  [28/300] CORRECT | truth=46683.0000 pred=43059.0 | What would be the sum of difference between revenue and curr...
  [29/300] CORRECT | truth=125319.8507 pred=125321.49 | what is the result of current liabilities scaled by ratio of...
  [33/300] CORRECT | truth=7582.0000 pred=7582.0 | You should give the the maximum of operating expenses for Co...
  [24/300] CORRECT | truth=-16236.1859 pred=-16236.22 | may you give the difference between result of accounts recei...
  [34/300] CORRECT | truth=532539.0000 pred=532539.0 | evaluate the average total liabilities for Titan Consumer Br...
  [30/300] CORRECT | truth=387126.0000 pred=387126.0 | May you calculate the the maximum of total liabilities for N...
  [23/300] CORRECT | truth=3219.5495 pred=3219.5494835244517 | determine the sum of operating expenses and result of invent...
  [32/300] CORRECT | truth=3600.6040 pred=3600.51 | What does the following give: difference between result of t...
  [35/300] CORRECT | truth=-595071.0000 pred=-595071.0 | What does the following give: sum of difference between oper...
  [39/300] WRONG  | truth=-66399.0000 pred=-82033.0 | whats the value of the sum of difference between operating e...
  [37/300] CORRECT | truth=4602.0000 pred=4602.0 | may you give the difference between cost of goods sold for O...
  [38/300] CORRECT | truth=24484.0000 pred=24484.0 | what would be the sum of the maximum of current liabilities ...
  [43/300] CORRECT | truth=189823.0000 pred=189823.0 | Which value corresponds to the average total liabilities for...
  [31/300] CORRECT | truth=198341.9212 pred=198341.93 | which quantity is given by the difference between sum of tot...
  [46/300] CORRECT | truth=103106.8822 pred=103099.33 | may you give the result of non operating expenses scaled by ...
  [42/300] CORRECT | truth=8553.0000 pred=8553.0 | Which value corresponds to the the minimum of capex for Heli...
  [44/300] CORRECT | truth=1346.8790 pred=1346.89 | What is the difference between cash and result of capex scal...
  [47/300] CORRECT | truth=18575.0000 pred=18575.0 | You should give the the minimum of total equity for Cobalt S...
  [36/300] CORRECT | truth=-86861.0000 pred=-86861.0 | what is the value of the difference between sum of dividends...
  [41/300] CORRECT | truth=-53194.2245 pred=-53193.65 | Which result follows from the difference between sum of divi...
  [45/300] CORRECT | truth=135615.4266 pred=135616.36 | Which value corresponds to the sum of result of total equity...
  [49/300] CORRECT | truth=63198.0000 pred=63198.0 | what's the value of the the minimum of current liabilities f...
  [54/300] CORRECT | truth=141224.0000 pred=141224.0 | What is the value of the the minimum of total assets for Ape...
  [48/300] CORRECT | truth=49337.7106 pred=49337.51 | could you give the sum of short term investments and result ...
  [40/300] CORRECT | truth=-503414.8109 pred=-503424.75 | What do we obtain as the difference between result of total ...
  [55/300] CORRECT | truth=41692.9417 pred=41686.32 | Which value corresponds to the result of sum of total assets...
  [53/300] CORRECT | truth=97119.0000 pred=97119.0 | Compute the the maximum of revenue for Quantum Bridge Holdin...
  [52/300] CORRECT | truth=12076.0000 pred=12076.0 | compute the the maximum of dividends paid for Quantum Bridge...
  [56/300] CORRECT | truth=368108.5000 pred=368108.5 | Whats the value of the average cost of goods sold for ClearP...
  [58/300] CORRECT | truth=78889.0000 pred=78889.0 | Provide the the minimum of cost of goods sold for Pacific Cr...
  [51/300] CORRECT | truth=-2482.0000 pred=-2482.0 | You should give the difference between operating expenses an...
  [57/300] CORRECT | truth=50136.0000 pred=50136.0 | You should give the the maximum of current liabilities for M...
  [60/300] CORRECT | truth=915627.0000 pred=915627.0 | Which result follows from the the maximum of total assets fo...
  [50/300] CORRECT | truth=-144628.6222 pred=-144628.712426265 | Could you give the sum of difference between accounts receiv...
  [63/300] CORRECT | truth=12144.0000 pred=12144.0 | Give the the maximum of accounts receivable for Orion Financ...
  [59/300] CORRECT | truth=-16937.1143 pred=-16937.03 | compute the difference between short term investments and re...
  [61/300] WRONG  | truth=142402.6512 pred=38947.43 | Which result follows from the sum of cost of goods sold and ...
  [64/300] CORRECT | truth=17159.0000 pred=17159.0 | Which quantity is given by the average capex for Ironclad Ma...
  [67/300] CORRECT | truth=5961.0000 pred=5961.0 | you should calculate the average inventories for NovaStar Te...
  [62/300] CORRECT | truth=85190.0000 pred=85190.0 | what's the value of the sum of capex and sum of total assets...
  [68/300] CORRECT | truth=19909.0000 pred=19909.0 | may you give the the minimum of operating expenses for NovaS...
  [72/300] CORRECT | truth=102226.0000 pred=102226.0 | evaluate the the maximum of operating expenses for Titan Con...
  [65/300] CORRECT | truth=63997.6385 pred=63997.62 | May you calculate the difference between current liabilities...
  [73/300] CORRECT | truth=194929.0000 pred=194929.0 | what does the following give: sum of non operating expenses ...
  [76/300] CORRECT | truth=12201.0000 pred=12201.0 | May you give the the minimum of operating expenses for Orion...
  [70/300] CORRECT | truth=881.2595 pred=882.34 | compute the result of result of cost of goods sold scaled by...
  [69/300] CORRECT | truth=-248141.0000 pred=-248141.0 | Calculate the result of difference between inventories and t...
  [75/300] CORRECT | truth=62300.0000 pred=62300.0 | Which result follows from the the maximum of cash for Helix ...
  [66/300] CORRECT | truth=371234.9902 pred=371184.27 | what do we obtain as the sum of difference between operating...
  [71/300] CORRECT | truth=46858.4686 pred=46856.32 | you should calculate the result of result of total liabiliti...
  [77/300] CORRECT | truth=26008.0000 pred=26008.0 | May you give the the maximum of non operating expenses for N...
  [74/300] CORRECT | truth=16194.0000 pred=16194.0 | you should calculate the difference between cash and differe...
  [82/300] CORRECT | truth=387813.0000 pred=387813.0 | You should calculate the sum of total liabilities and sum of...
  [78/300] CORRECT | truth=59486.5237 pred=59486.5247 | what is the difference between difference between revenue an...
  [85/300] CORRECT | truth=934072.0000 pred=934072.0 | what do we obtain as the sum of sum of revenue and cost of g...
  [83/300] CORRECT | truth=277200.5000 pred=277200.5 | which quantity is given by the average total liabilities for...
  [84/300] CORRECT | truth=56007.0000 pred=56007.0 | what would be the the maximum of revenue for Cobalt Semicond...
  [79/300] CORRECT | truth=104031.0000 pred=104031.0 | You should give the the maximum of total assets for Atlas Gl...
  [80/300] CORRECT | truth=1307.3816 pred=1306.22494222 | state the result of result of operating expenses scaled by i...
  [81/300] CORRECT | truth=64866.0000 pred=64866.0 | What would be the sum of accounts receivable and sum of reve...
  [88/300] CORRECT | truth=282967.0000 pred=282967.0 | Which result follows from the the minimum of total assets fo...
  [86/300] CORRECT | truth=87854.0000 pred=87854.0 | evaluate the the maximum of operating expenses for Titan Con...
  [94/300] CORRECT | truth=3096.0000 pred=3096.0 | Which quantity is given by the the minimum of dividends paid...
  [90/300] CORRECT | truth=271260.1014 pred=271143.91226422164 | What would be the result of cost of goods sold scaled by rat...
  [87/300] CORRECT | truth=-445312.1093 pred=-445312.1863 | may you calculate the sum of difference between cash and tot...
  [92/300] CORRECT | truth=2421.0000 pred=2421.0 | May you give the the maximum of dividends paid for Orion Fin...
  [89/300] CORRECT | truth=92958.0000 pred=92958.0 | Give the the minimum of total equity for Pacific Crest Energ...
  [98/300] CORRECT | truth=-179311.0000 pred=-195699.0 | give the sum of difference between inventories and total ass...
  [96/300] CORRECT | truth=197508.4452 pred=197534.68 | which value corresponds to the result of sum of current liab...
  [99/300] CORRECT | truth=80147.0000 pred=80147.0 | Whats the value of the the maximum of non operating expenses...
  [93/300] CORRECT | truth=88375.5000 pred=88375.5 | calculate the average current liabilities for SilverLine Ret...
  [101/300] CORRECT | truth=7348.0000 pred=7348.0 | Determine the average non operating expenses for Quantum Bri...
  [97/300] CORRECT | truth=1533.0341 pred=1532.26 | provide the result of difference between total equity and in...
  [102/300] WRONG  | truth=36245.0000 pred=-36245.0 | Whats the value of the sum of difference between accounts re...
  [106/300] CORRECT | truth=60478.5000 pred=60478.5 | Give the average cost of goods sold for Orion Financial Grou...
  [95/300] CORRECT | truth=-108199.0000 pred=-108199.0 | could you give the difference between difference between sho...
  [91/300] CORRECT | truth=-217677.4254 pred=-217677.38 | may you calculate the sum of difference between dividends pa...
  [100/300] CORRECT | truth=630473.6830 pred=630473.6829 | What's the value of the sum of result of capex scaled by inc...
  [107/300] CORRECT | truth=99484.7237 pred=99481.23 | What is the result of sum of operating expenses and capex sc...
  [109/300] CORRECT | truth=171013.0000 pred=171013.0 | May you calculate the sum of difference between total assets...
  [105/300] CORRECT | truth=712606.0000 pred=712606.0 | what does the following give: the minimum of revenue for Cri...
  [111/300] CORRECT | truth=5363.0000 pred=5363.0 | What does the following give: the minimum of inventories for...
  [104/300] CORRECT | truth=7625.4114 pred=7627.321254681914 | may you give the difference between result of total liabilit...
  [103/300] CORRECT | truth=4180.7903 pred=4180.790444 | determine the sum of result of current liabilities scaled by...
  [112/300] CORRECT | truth=2305.0000 pred=2305.0 | Evaluate the the maximum of dividends paid for Titan Consume...
  [115/300] CORRECT | truth=52901.0000 pred=52901.0 | you should calculate the average short term investments for ...
  [114/300] CORRECT | truth=14679.0000 pred=14679.0 | what do we obtain as the difference between revenue and sum ...
  [108/300] CORRECT | truth=55370.5347 pred=55361.12 | what does the following give: difference between result of t...
  [113/300] CORRECT | truth=182626.7747 pred=182628.12 | you should calculate the sum of total liabilities and result...
  [118/300] CORRECT | truth=1017.0000 pred=1017.0 | what would be the the minimum of inventories for Cobalt Semi...
  [117/300] CORRECT | truth=56571.0000 pred=56571.0 | whats the value of the the maximum of accounts receivable fo...
  [119/300] CORRECT | truth=133116.0000 pred=133116.0 | evaluate the average current liabilities for SilverLine Reta...
  [122/300] CORRECT | truth=4238.0000 pred=4238.0 | what would be the difference between accounts receivable and...
  [121/300] CORRECT | truth=-505680.0000 pred=-505680.0 | what do we obtain as the difference between cash and differe...
  [125/300] CORRECT | truth=-202778.0000 pred=-202778.0 | may you give the sum of the minimum of dividends paid for No...
  [129/300] CORRECT | truth=141095.0000 pred=141095.0 | calculate the the maximum of operating expenses for SilverLi...
  [128/300] WRONG  | truth=7355.0000 pred=3904.0 | State the sum of sum of short term investments and cash and ...
  [123/300] CORRECT | truth=-1416.4922 pred=-1416.52 | compute the difference between result of total liabilities s...
  [126/300] CORRECT | truth=519779.2645 pred=519779.24 | Evaluate the sum of result of revenue scaled by income tax a...
  [120/300] CORRECT | truth=2543.0000 pred=2543.0 | could you give the the minimum of inventories for Meridian S...
  [110/300] CORRECT | truth=100025.0000 pred=100025.0 | Provide the the maximum of current liabilities for Pacific C...
  [127/300] CORRECT | truth=36306.1126 pred=36285.81 | Compute the result of total assets scaled by ratio of non op...
  [124/300] CORRECT | truth=-3664.0000 pred=-3664.0 | Compute the sum of difference between total liabilities and ...
  [116/300] CORRECT | truth=34.7772 pred=34.74818014858022 | what is the result of result of accounts receivable scaled b...
  [130/300] CORRECT | truth=-541084.0000 pred=-541084.0 | Whats the value of the difference between difference between...
  [132/300] CORRECT | truth=25728.0000 pred=25728.0 | May you calculate the the minimum of total equity for NovaSt...
  [138/300] CORRECT | truth=79388.0000 pred=79388.0 | what is the the minimum of revenue for Apex Dynamics Corp us...
  [134/300] WRONG  | truth=71270.0000 pred=-94340.0 | what is the sum of difference between accounts receivable an...
  [136/300] CORRECT | truth=-3100.1308 pred=-3100.48 | which quantity is given by the difference between result of ...
  [139/300] CORRECT | truth=106578.0000 pred=106578.0 | may you calculate the sum of cash and sum of total equity an...
  [133/300] CORRECT | truth=-26568.4004 pred=-26568.33 | Which quantity is given by the difference between result of ...
  [135/300] CORRECT | truth=85996.0000 pred=85996.0 | What do we obtain as the the maximum of non operating expens...
  [137/300] CORRECT | truth=-277470.5772 pred=-277470.62 | What's the value of the difference between difference betwee...
  [142/300] CORRECT | truth=3520233.1653 pred=3520155.3366365344 | Which value corresponds to the result of sum of cash and cap...
  [131/300] CORRECT | truth=-17427.0000 pred=-17427.0 | You should give the difference between difference between ca...
  [141/300] CORRECT | truth=16019.0000 pred=16019.0 | May you calculate the the minimum of non operating expenses ...
  [143/300] CORRECT | truth=729677.0000 pred=729677.0 | Calculate the the maximum of total assets for SilverLine Ret...
  [144/300] CORRECT | truth=84651.0000 pred=84651.0 | What do we obtain as the sum of non operating expenses and s...
  [146/300] CORRECT | truth=41645.5000 pred=41645.5 | Which result follows from the average cash for Helix BioScie...
  [145/300] CORRECT | truth=63362.0000 pred=63362.0 | calculate the the minimum of non operating expenses for Silv...
  [140/300] CORRECT | truth=-100179.0000 pred=-100179.0 | Provide the difference between difference between inventorie...
  [147/300] CORRECT | truth=2037257.3130 pred=2037362.64 | What's the value of the result of short term investments sca...
  [155/300] CORRECT | truth=7759.0000 pred=7759.0 | May you give the the minimum of accounts receivable for Orio...
  [151/300] CORRECT | truth=-9514.0000 pred=-9514.0 | You should calculate the difference between difference betwe...
  [150/300] CORRECT | truth=28498.0000 pred=28498.0 | determine the the minimum of cost of goods sold for Quantum ...
  [149/300] CORRECT | truth=72683.3908 pred=72680.31 | May you give the result of non operating expenses scaled by ...
  [157/300] CORRECT | truth=181200.0000 pred=181200.0 | provide the average revenue for Pacific Crest Energy across ...
  [160/300] CORRECT | truth=-6696.0000 pred=-6696.0 | What is the value of the difference between difference betwe...
  [148/300] CORRECT | truth=1389.0000 pred=1389.0 | What would be the difference between difference between non ...
  [158/300] CORRECT | truth=84633.5000 pred=84633.5 | calculate the average operating expenses for SilverLine Reta...
  [156/300] CORRECT | truth=102325.0000 pred=102325.0 | What does the following give: the minimum of cash for Crimso...
  [152/300] CORRECT | truth=1113.1148 pred=1113.04 | what do we obtain as the result of capex scaled by ratio of ...
  [153/300] CORRECT | truth=-3263.8745 pred=-3264.79 | What would be the difference between result of cost of goods...
  [154/300] CORRECT | truth=-67763.0000 pred=-67763.0 | May you give the difference between difference between curre...
  [166/300] CORRECT | truth=65913.0000 pred=65913.0 | You should calculate the the minimum of cash for Titan Consu...
  [162/300] WRONG  | truth=12108.0000 pred=6054.0 | what is the sum of short term investments for Apex Dynamics ...
  [168/300] CORRECT | truth=1431.5969 pred=1432.35 | What is the result of inventories scaled by ratio of short t...
  [170/300] CORRECT | truth=16327.0000 pred=16327.0 | Which result follows from the the minimum of short term inve...
  [165/300] CORRECT | truth=1574.9518 pred=1572.326 | You should give the result of result of inventories scaled b...
  [161/300] CORRECT | truth=-23403.7228 pred=-23403.24 | give the difference between result of operating expenses sca...
  [167/300] CORRECT | truth=367527.5565 pred=367527.52 | which result follows from the sum of result of capex scaled ...
  [164/300] CORRECT | truth=56835.7076 pred=56835.11 | which quantity is given by the sum of non operating expenses...
  [171/300] WRONG  | truth=2386001.5559 pred=1220994.85 | which result follows from the result of sum of operating exp...
  [173/300] CORRECT | truth=105120.0000 pred=105120.0 | May you give the sum of cost of goods sold and sum of invent...
  [175/300] CORRECT | truth=150533.0000 pred=150533.0 | which value corresponds to the sum of sum of current liabili...
  [177/300] CORRECT | truth=208061.0000 pred=208061.0 | could you give the sum of difference between total equity an...
  [176/300] CORRECT | truth=21555.0999 pred=21555.15 | What's the value of the sum of sum of non operating expenses...
  [174/300] CORRECT | truth=1199.7178 pred=1200.04 | What is the value of the result of cash scaled by ratio of c...
  [172/300] CORRECT | truth=24923.4640 pred=24928.6 | which quantity is given by the result of the maximum of divi...
  [159/300] CORRECT | truth=22799.7177 pred=22799.76 | What is the value of the sum of result of total assets scale...
  [181/300] CORRECT | truth=729677.0000 pred=729677.0 | evaluate the sum of the minimum of dividends paid for Silver...
  [184/300] CORRECT | truth=124489.0000 pred=124489.0 | determine the difference between sum of revenue and revenue ...
  [182/300] CORRECT | truth=-44577.5738 pred=-44564.56 | calculate the result of difference between total equity and ...
  [180/300] CORRECT | truth=175974.8507 pred=175974.92 | Could you give the sum of result of current liabilities scal...
  [185/300] CORRECT | truth=56607.0000 pred=56607.0 | which value corresponds to the sum of sum of operating expen...
  [186/300] CORRECT | truth=3154.0000 pred=3154.0 | compute the result of operating expenses scaled by ratio of ...
  [188/300] CORRECT | truth=536852.0000 pred=536852.0 | Calculate the the maximum of cost of goods sold for SilverLi...
  [189/300] CORRECT | truth=118223.6612 pred=117749.43438 | What is the value of the result of cost of goods sold scaled...
  [192/300] CORRECT | truth=4148.0000 pred=4148.0 | give the the minimum of short term investments for Pacific C...
  [163/300] CORRECT | truth=216256.0000 pred=216256.0 | evaluate the difference between sum of total liabilities and...
  [190/300] CORRECT | truth=13776.0000 pred=13776.0 | State the sum of short term investments and difference betwe...
  [193/300] CORRECT | truth=105.8827 pred=105.776 | state the result of result of total equity scaled by income ...
  [191/300] CORRECT | truth=177982.0000 pred=177982.0 | may you give the the maximum of revenue for NovaStar Technol...
  [187/300] CORRECT | truth=14334.0000 pred=14334.0 | compute the average operating expenses for Quantum Bridge Ho...
  [169/300] CORRECT | truth=101029.0000 pred=101029.0 | What is the sum of cost of goods sold and difference between...
  [179/300] CORRECT | truth=38066.4514 pred=38066.48 | what's the value of the difference between operating expense...
  [178/300] CORRECT | truth=82416.0000 pred=82416.0 | Whats the value of the sum of dividends paid and difference ...
  [183/300] CORRECT | truth=32600.0000 pred=32600.0 | what is the value of the the maximum of current liabilities ...
  [196/300] WRONG  | truth=26755.0000 pred=-3593.0 | what would be the sum of difference between cash and invento...
  [194/300] CORRECT | truth=-20427.0000 pred=-20427.0 | which result follows from the difference between difference ...
  [199/300] CORRECT | truth=65369.0000 pred=65369.0 | compute the the minimum of total assets for Quantum Bridge H...
  [195/300] CORRECT | truth=64113.0000 pred=64113.0 | What does the following give: the maximum of accounts receiv...
  [197/300] CORRECT | truth=51492.0000 pred=51492.0 | what is the sum of cash and difference between cost of goods...
  [200/300] CORRECT | truth=28162.5000 pred=28162.5 | What do we obtain as the average capex for Crimson Pharmaceu...
  [201/300] CORRECT | truth=84780.5663 pred=84780.63 | what is the value of the difference between result of short ...
  [203/300] CORRECT | truth=278756.0000 pred=278756.0 | provide the difference between difference between total asse...
  [202/300] CORRECT | truth=-130231.0074 pred=-130218.76 | Calculate the result of difference between accounts receivab...
  [198/300] CORRECT | truth=1478.7473 pred=1478.75 | Which result follows from the difference between capex and r...
  [206/300] CORRECT | truth=51665.5000 pred=51665.5 | What's the value of the average total equity for Atlas Globa...
  [207/300] CORRECT | truth=93831.5000 pred=93831.5 | What do we obtain as the average current liabilities for Cri...
  [211/300] CORRECT | truth=263222.0000 pred=263222.0 | May you give the the maximum of total assets for Orion Finan...
  [204/300] CORRECT | truth=92468.1790 pred=92468.72 | may you calculate the difference between total liabilities a...
  [205/300] CORRECT | truth=105959.4839 pred=105959.49 | could you give the difference between total equity and resul...
  [210/300] CORRECT | truth=-58867.0000 pred=-58867.0 | What is the value of the difference between operating expens...
  [212/300] CORRECT | truth=38518.0000 pred=38518.0 | give the difference between cost of goods sold and differenc...
  [213/300] CORRECT | truth=3778.0000 pred=3778.0 | State the the maximum of operating expenses for Pinnacle Hea...
  [208/300] CORRECT | truth=5886964.0451 pred=5885363.14 | evaluate the result of sum of capex and total liabilities sc...
  [214/300] CORRECT | truth=38882.5000 pred=38882.5 | What's the value of the average operating expenses for Clear...
  [209/300] CORRECT | truth=13325.3615 pred=13325.43 | May you give the sum of result of capex scaled by income tax...
  [218/300] CORRECT | truth=78889.0000 pred=78889.0 | Provide the the minimum of cost of goods sold for Pacific Cr...
  [221/300] CORRECT | truth=67923.0000 pred=67923.0 | evaluate the average non operating expenses for Titan Consum...
  [216/300] CORRECT | truth=3092.5250 pred=3095.54 | What is the result of result of inventories scaled by income...
  [220/300] CORRECT | truth=13611.5000 pred=13611.5 | provide the average capex for Pacific Crest Energy across ye...
  [224/300] CORRECT | truth=43731.0000 pred=43731.0 | Provide the sum of current liabilities and difference betwee...
  [223/300] CORRECT | truth=315442.0000 pred=315442.0 | What does the following give: the maximum of total equity fo...
  [217/300] CORRECT | truth=12321.0000 pred=12321.0 | which value corresponds to the difference between sum of cos...
  [222/300] CORRECT | truth=22970.0835 pred=22974.75 | could you give the result of operating expenses scaled by ra...
  [219/300] CORRECT | truth=-243.0000 pred=-243.0 | what is the difference between difference between capex and ...
  [227/300] CORRECT | truth=10362.0000 pred=10362.0 | Provide the average accounts receivable for Pacific Crest En...
  [226/300] CORRECT | truth=3086.0686 pred=3086.12 | give the result of inventories scaled by ratio of inventorie...
  [228/300] WRONG  | truth=48118.0000 pred=-83234.0 | may you give the sum of difference between accounts receivab...
  [231/300] CORRECT | truth=119642.0000 pred=119642.0 | Provide the average total liabilities for Pacific Crest Ener...
  [233/300] CORRECT | truth=58944.0000 pred=58944.0 | May you calculate the sum of difference between total assets...
  [235/300] CORRECT | truth=1451.0000 pred=1451.0 | what would be the average inventories for Cobalt Semiconduct...
  [236/300] CORRECT | truth=182735.0000 pred=182735.0 | give the difference between total equity and difference betw...
  [234/300] CORRECT | truth=282.3644 pred=282.21 | May you calculate the result of result of capex scaled by in...
  [238/300] CORRECT | truth=9666.0000 pred=9666.0 | what is the difference between non operating expenses and di...
  [230/300] CORRECT | truth=1565082.6662 pred=1566425.64 | calculate the result of revenue scaled by ratio of capex to ...
  [240/300] CORRECT | truth=35449.0000 pred=35449.0 | State the difference between total assets and sum of account...
  [237/300] CORRECT | truth=13538.0000 pred=13538.0 | could you give the average short term investments for Meridi...
  [242/300] CORRECT | truth=141224.0000 pred=141224.0 | what is the the minimum of total assets for Apex Dynamics Co...
  [232/300] CORRECT | truth=17608.5587 pred=17611.56 | Which value corresponds to the result of sum of capex and di...
  [239/300] CORRECT | truth=14212.0000 pred=14212.0 | What does the following give: average dividends paid for Cri...
  [245/300] CORRECT | truth=68017.6109 pred=68215.0864565 | provide the result of cash scaled by ratio of total liabilit...
  [248/300] CORRECT | truth=-13761.0000 pred=-13761.0 | State the difference between difference between accounts rec...
  [243/300] CORRECT | truth=4813.5012 pred=4813.50124631 | Which result follows from the difference between inventories...
  [247/300] CORRECT | truth=-51965.8758 pred=-51966.05 | give the sum of difference between total liabilities and rev...
  [249/300] CORRECT | truth=100359.8058 pred=100134.60960615303 | you should give the result of short term investments scaled ...
  [250/300] CORRECT | truth=4243.0000 pred=4243.0 | what do we obtain as the the minimum of operating expenses f...
  [253/300] CORRECT | truth=8677.9875 pred=8678.09 | state the difference between cost of goods sold and result o...
  [241/300] CORRECT | truth=27834.0000 pred=27834.0 | Which value corresponds to the the minimum of operating expe...
  [246/300] CORRECT | truth=8548.0000 pred=8548.0 | what is the average accounts receivable for Apex Dynamics Co...
  [255/300] CORRECT | truth=9080.0000 pred=9080.0 | Compute the average non operating expenses for Quantum Bridg...
  [251/300] CORRECT | truth=94541.0000 pred=94541.0 | Which quantity is given by the the maximum of total liabilit...
  [256/300] CORRECT | truth=18575.0000 pred=18575.0 | what do we obtain as the the minimum of total equity for Cob...
  [259/300] CORRECT | truth=27745.0000 pred=27745.0 | which quantity is given by the average accounts receivable f...
  [257/300] CORRECT | truth=18145.0000 pred=18145.0 | what's the value of the sum of the maximum of inventories fo...
  [258/300] CORRECT | truth=-84123.0000 pred=-84123.0 | you should calculate the difference between difference betwe...
  [260/300] CORRECT | truth=82521.0000 pred=82521.0 | Could you give the difference between total equity and sum o...
  [262/300] CORRECT | truth=17297.0000 pred=17297.0 | May you give the the maximum of non operating expenses for O...
  [261/300] CORRECT | truth=9946.0000 pred=9946.0 | What would be the the minimum of current liabilities for Cob...
  [263/300] CORRECT | truth=78674.0000 pred=78674.0 | what does the following give: the maximum of accounts receiv...
  [264/300] CORRECT | truth=303569.0125 pred=303526.14 | May you calculate the result of sum of total assets and curr...
  [266/300] CORRECT | truth=228336.0000 pred=228336.0 | You should give the sum of cash and difference between total...
  [265/300] CORRECT | truth=31515.0000 pred=31515.0 | you should calculate the sum of operating expenses and diffe...
  [267/300] CORRECT | truth=18799237.5493 pred=18815411.53 | which result follows from the result of current liabilities ...
  [268/300] CORRECT | truth=20810.0000 pred=20810.0 | evaluate the the maximum of dividends paid for Titan Consume...
  [269/300] CORRECT | truth=1109.2916 pred=1109.3421 | state the result of result of cash scaled by income tax scal...
  [270/300] CORRECT | truth=26962.0000 pred=26962.0 | What's the value of the sum of difference between short term...
  [271/300] CORRECT | truth=39883.0000 pred=39883.0 | You should give the difference between sum of non operating ...
  [272/300] CORRECT | truth=89374.0000 pred=89374.0 | What's the value of the the maximum of revenue for Atlas Glo...
  [275/300] CORRECT | truth=1168.0000 pred=1168.0 | State the the minimum of operating expenses for Pinnacle Hea...
  [273/300] CORRECT | truth=10999.5747 pred=11000.55 | provide the result of the maximum of non operating expenses ...
  [276/300] CORRECT | truth=11708.5000 pred=11708.5 | could you give the average capex for Meridian Systems Inc ac...
  [277/300] CORRECT | truth=11718.0000 pred=11718.0 | which value corresponds to the average inventories for Helix...
  [274/300] CORRECT | truth=327.1457 pred=327.164 | what is the result of result of revenue scaled by income tax...
  [278/300] CORRECT | truth=89512.0000 pred=89512.0 | Give the the maximum of total assets for Orion Financial Gro...
  [279/300] CORRECT | truth=4458.0000 pred=4458.0 | you should give the the minimum of current liabilities for P...
  [281/300] CORRECT | truth=96173.0000 pred=96173.0 | you should calculate the the minimum of current liabilities ...
  [282/300] CORRECT | truth=7666.0000 pred=7666.0 | State the the minimum of total liabilities for Pinnacle Heal...
  [280/300] CORRECT | truth=218.5000 pred=218.5 | may you give the average dividends paid for NovaStar Technol...
  [283/300] CORRECT | truth=103288.5000 pred=103288.5 | provide the average total liabilities for Pacific Crest Ener...
  [285/300] CORRECT | truth=50567.2895 pred=50567.31 | which value corresponds to the sum of result of total assets...
  [287/300] CORRECT | truth=-215489.1786 pred=-215489.12 | May you calculate the difference between result of cash scal...
  [288/300] CORRECT | truth=3457.2549 pred=3457.25 | What is the sum of cash and result of accounts receivable sc...
  [289/300] CORRECT | truth=122891.9619 pred=122891.52 | Could you give the sum of total assets and result of short t...
  [291/300] CORRECT | truth=55977.5000 pred=55977.5 | you should give the average revenue for Cobalt Semiconductor...
  [290/300] CORRECT | truth=25208.0445 pred=25207.87 | provide the sum of result of inventories scaled by income ta...
  [292/300] CORRECT | truth=132031.0000 pred=132031.0 | May you give the the maximum of current liabilities for Nova...
  [293/300] CORRECT | truth=274.2704 pred=274.27 | What is the value of the result of inventories scaled by rat...
  [295/300] CORRECT | truth=11754.0000 pred=11754.0 | give the average accounts receivable for Orion Financial Gro...
  [294/300] CORRECT | truth=-22660.9643 pred=-22660.56 | which quantity is given by the difference between difference...
  [296/300] WRONG  | truth=54373.0000 pred=-63361.0 | what is the difference between sum of dividends paid and cos...
  [298/300] CORRECT | truth=7867.0000 pred=7867.0 | May you give the the maximum of inventories for Orion Financ...
  [297/300] CORRECT | truth=149482.0000 pred=149482.0 | What does the following give: the minimum of total equity fo...
  [299/300] CORRECT | truth=108545.7539 pred=108546.13 | Whats the value of the sum of cash and result of total liabi...
  [300/300] WRONG  | truth=149961.0000 pred=-116935.0 | may you give the difference between sum of current liabiliti...
  [215/300] WRONG  | truth=4984.0000 pred=2792.0 | determine the sum of difference between total equity and acc...
  [225/300] CORRECT | truth=24063.5399 pred=24063.53 | Which result follows from the sum of result of inventories s...
  [229/300] CORRECT | truth=22982.0000 pred=22982.0 | What does the following give: average inventories for Crimso...
  [244/300] CORRECT | truth=180308.9702 pred=179839.27 | calculate the result of the maximum of revenue for SilverLin...
  [252/300] CORRECT | truth=2581.9292 pred=2584.607 | May you give the result of result of non operating expenses ...
  [254/300] CORRECT | truth=19965.0000 pred=19965.0 | Give the the minimum of total liabilities for Orion Financia...
  [284/300] WRONG  | truth=3216.0000 pred=-2120.0 | state the difference between inventories and difference betw...
  [286/300] CORRECT | truth=51539.7818 pred=51539.78 | what is the sum of cost of goods sold and result of accounts...

============================================================
  Model: google/gemma-4-31B-it
============================================================
  10-Q      : 0/0  accuracy = 0.0%  (skipped 0)
  90-Q      : 286/300  accuracy = 95.3%  (skipped 0)
  Multi-turn: 0/0  accuracy = 0.0%  (skipped 0)
  Overall   : 286/300  accuracy = 95.3%
============================================================

Results saved to output_llm/last_runs_9th_aug_after_21/depths/depth_2_gemma_31b_90q_20260809_213314.json
CSV saved to output_llm/eval_results_20260809_213314.csv
<===== END depth_2_gemma_31b_90q =====>
[2026-08-09 21:33:14] DONE section=depths tag=depth_2_gemma_31b_90q output=output_llm/last_runs_9th_aug_after_21/depths/depth_2_gemma_31b_90q.json log=logs/last_runs_9th_aug_after_21/depths/depth_2_gemma_31b_90q.log
[2026-08-09 21:33:14] === DEPTH 3 / n=300 ===
[2026-08-09 21:33:14] PREP depth_3_n300: script/compiler_pipeline_adversarial/make_random_questions_adversarial.py --n 300 --depth-min 3 --depth-max 3
Saved 300 questions to /output/random_questions_90.csv
Saved 300 questions to /output/original_questions.json
Master seed: 928082281
Max bound leaf count: 7
[2026-08-09 21:33:16] START section=depths tag=depth_3_gemma_31b_90q provider=Together model=google/gemma-4-31B-it dataset=90q limit=300
<===== START depth_3_gemma_31b_90q | provider=Together | model=google/gemma-4-31B-it | dataset=90q | limit=300 =====>
Traceback (most recent call last):
  File "<frozen runpy>", line 198, in _run_module_as_main
  File "<frozen runpy>", line 88, in _run_code
  File "", line 931, in <module>
    main()
    ~~~~^^
  File "", line 869, in main
    results_90q = asyncio.run(evaluate_90q(
        questions_90q, sheet_lookup_90q, model_name,
        limit=args.limit, tol=args.tol, max_new_tokens=args.max_new_tokens,
    ))
  File "/Library/Frameworks/Python.framework/Versions/3.14/lib/python3.14/asyncio/runners.py", line 204, in run
    return runner.run(main)
           ~~~~~~~~~~^^^^^^
  File "/Library/Frameworks/Python.framework/Versions/3.14/lib/python3.14/asyncio/runners.py", line 127, in run
    return self._loop.run_until_complete(task)
           ~~~~~~~~~~~~~~~~~~~~~~~~~~~~~^^^^^^
  File "/Library/Frameworks/Python.framework/Versions/3.14/lib/python3.14/asyncio/base_events.py", line 719, in run_until_complete
    return future.result()
           ~~~~~~~~~~~~~^^
  File "", line 411, in evaluate_90q
    results = await asyncio.gather(*tasks)
              ^^^^^^^^^^^^^^^^^^^^^^^^^^^^
  File "", line 404, in run_one
    return await ask_one_90q_question(i, max_new_tokens, model_name, q, sheet_lookup, subset, tol)
           ^^^^^^^^^^^^^^^^^^^^^^^^^^^^^^^^^^^^^^^^^^^^^^^^^^^^^^^^^^^^^^^^^^^^^^^^^^^^^^^^^^^^^^^
  File "", line 440, in ask_one_90q_question
    response = await run_inference(model_name, prompt, max_new_tokens)
               ^^^^^^^^^^^^^^^^^^^^^^^^^^^^^^^^^^^^^^^^^^^^^^^^^^^^^^^
  File "", line 263, in run_inference
    response = await _client.chat.completions.create(
               ^^^^^^^^^^^^^^^^^^^^^^^^^^^^^^^^^^^^^^
    ...<7 lines>...
    )
    ^
  File ".venv/lib/python3.14/site-packages/together/resources/chat/completions.py", line 1061, in create
    return await self._post(
           ^^^^^^^^^^^^^^^^^
    ...<41 lines>...
    )
    ^
  File ".venv/lib/python3.14/site-packages/together/_base_client.py", line 1864, in post
    return await self.request(cast_to, opts, stream=stream, stream_cls=stream_cls)
           ^^^^^^^^^^^^^^^^^^^^^^^^^^^^^^^^^^^^^^^^^^^^^^^^^^^^^^^^^^^^^^^^^^^^^^^
  File ".venv/lib/python3.14/site-packages/together/_base_client.py", line 1663, in request
    raise self._make_status_error_from_response(err.response) from None
together.APIStatusError: Error code: 402 - {'id': 'ovYZvpF-fdNmn-a289312a99b8b571', 'error': {'message': "Credit limit exceeded, please [add credits](https://api.together.ai/settings/billing). If you've already made a payment, please wait up to 5 minutes for balances to update and try again.", 'type': 'credit_limit', 'param': None, 'code': None}}
90Q are Sheet: /output/financial_spreadsheet.json
90Q are Questions: /output/original_questions.json
Loading datasets...
  90-Q: 300 questions, 15 companies

============================================================
  Evaluating model: google/gemma-4-31B-it
============================================================

-- 90-Q evaluation (300 questions) --
  [4/300] CORRECT | truth=27059.0000 pred=27059.0 | what is the the maximum of short term investments for Apex D...
  [3/300] CORRECT | truth=134161.0000 pred=134161.0 | Whats the value of the current assets for ClearPath Logistic...
  [5/300] CORRECT | truth=33146.0000 pred=33146.0 | May you give the current assets for Orion Financial Group in...
  [2/300] CORRECT | truth=217473.0000 pred=217473.0 | Which quantity is given by the sum of the maximum of revenue...
<===== END depth_3_gemma_31b_90q =====>
[2026-08-09 21:33:21] DONE section=depths tag=depth_3_gemma_31b_90q output=output_llm/last_runs_9th_aug_after_21/depths/depth_3_gemma_31b_90q.json log=logs/last_runs_9th_aug_after_21/depths/depth_3_gemma_31b_90q.log
[2026-08-09 21:33:21] === DEPTH 4 / n=300 ===
[2026-08-09 21:33:21] PREP depth_4_n300: script/compiler_pipeline_adversarial/make_random_questions_adversarial.py --n 300 --depth-min 4 --depth-max 4
Saved 300 questions to /output/random_questions_90.csv
Saved 300 questions to /output/original_questions.json
Master seed: 297259275
Max bound leaf count: 11
[2026-08-09 21:33:24] START section=depths tag=depth_4_gemma_31b_90q provider=Together model=google/gemma-4-31B-it dataset=90q limit=300
<===== START depth_4_gemma_31b_90q | provider=Together | model=google/gemma-4-31B-it | dataset=90q | limit=300 =====>
Traceback (most recent call last):
  File "<frozen runpy>", line 198, in _run_module_as_main
  File "<frozen runpy>", line 88, in _run_code
  File "", line 931, in <module>
    main()
    ~~~~^^
  File "", line 869, in main
    results_90q = asyncio.run(evaluate_90q(
        questions_90q, sheet_lookup_90q, model_name,
        limit=args.limit, tol=args.tol, max_new_tokens=args.max_new_tokens,
    ))
  File "/Library/Frameworks/Python.framework/Versions/3.14/lib/python3.14/asyncio/runners.py", line 204, in run
    return runner.run(main)
           ~~~~~~~~~~^^^^^^
  File "/Library/Frameworks/Python.framework/Versions/3.14/lib/python3.14/asyncio/runners.py", line 127, in run
    return self._loop.run_until_complete(task)
           ~~~~~~~~~~~~~~~~~~~~~~~~~~~~~^^^^^^
  File "/Library/Frameworks/Python.framework/Versions/3.14/lib/python3.14/asyncio/base_events.py", line 719, in run_until_complete
    return future.result()
           ~~~~~~~~~~~~~^^
  File "", line 411, in evaluate_90q
    results = await asyncio.gather(*tasks)
              ^^^^^^^^^^^^^^^^^^^^^^^^^^^^
  File "", line 404, in run_one
    return await ask_one_90q_question(i, max_new_tokens, model_name, q, sheet_lookup, subset, tol)
           ^^^^^^^^^^^^^^^^^^^^^^^^^^^^^^^^^^^^^^^^^^^^^^^^^^^^^^^^^^^^^^^^^^^^^^^^^^^^^^^^^^^^^^^
  File "", line 440, in ask_one_90q_question
    response = await run_inference(model_name, prompt, max_new_tokens)
               ^^^^^^^^^^^^^^^^^^^^^^^^^^^^^^^^^^^^^^^^^^^^^^^^^^^^^^^
  File "", line 263, in run_inference
    response = await _client.chat.completions.create(
               ^^^^^^^^^^^^^^^^^^^^^^^^^^^^^^^^^^^^^^
    ...<7 lines>...
    )
    ^
  File ".venv/lib/python3.14/site-packages/together/resources/chat/completions.py", line 1061, in create
    return await self._post(
           ^^^^^^^^^^^^^^^^^
    ...<41 lines>...
    )
    ^
  File ".venv/lib/python3.14/site-packages/together/_base_client.py", line 1864, in post
    return await self.request(cast_to, opts, stream=stream, stream_cls=stream_cls)
           ^^^^^^^^^^^^^^^^^^^^^^^^^^^^^^^^^^^^^^^^^^^^^^^^^^^^^^^^^^^^^^^^^^^^^^^
  File ".venv/lib/python3.14/site-packages/together/_base_client.py", line 1663, in request
    raise self._make_status_error_from_response(err.response) from None
together.APIStatusError: Error code: 402 - {'id': 'ovYZwpo-fdNmn-a289313ece8d03a9', 'error': {'message': "Credit limit exceeded, please [add credits](https://api.together.ai/settings/billing). If you've already made a payment, please wait up to 5 minutes for balances to update and try again.", 'type': 'credit_limit', 'param': None, 'code': None}}
90Q are Sheet: /output/financial_spreadsheet.json
90Q are Questions: /output/original_questions.json
Loading datasets...
  90-Q: 300 questions, 15 companies

============================================================
  Evaluating model: google/gemma-4-31B-it
============================================================

-- 90-Q evaluation (300 questions) --
<===== END depth_4_gemma_31b_90q =====>
[2026-08-09 21:33:25] DONE section=depths tag=depth_4_gemma_31b_90q output=output_llm/last_runs_9th_aug_after_21/depths/depth_4_gemma_31b_90q.json log=logs/last_runs_9th_aug_after_21/depths/depth_4_gemma_31b_90q.log
[2026-08-09 21:33:25] === DEPTH 5 / n=300 ===
[2026-08-09 21:33:25] PREP depth_5_n300: script/compiler_pipeline_adversarial/make_random_questions_adversarial.py --n 300 --depth-min 5 --depth-max 5
[2026-08-09 21:38:02] Running data prep
Data prep complete.
[2026-08-09 21:38:02] === DEPTH 3 / n=300 ===
[2026-08-09 21:38:02] PREP depth_3_n300: script/compiler_pipeline_adversarial/make_random_questions_adversarial.py --n 300 --depth-min 3 --depth-max 3
Saved 300 questions to /output/random_questions_90.csv
Saved 300 questions to /output/original_questions.json
Master seed: 946654654
Max bound leaf count: 6
[2026-08-09 21:38:05] START section=depths tag=depth_3_gemma_31b_90q provider=Together model=google/gemma-4-31B-it dataset=90q limit=300
<===== START depth_3_gemma_31b_90q | provider=Together | model=google/gemma-4-31B-it | dataset=90q | limit=300 =====>
Traceback (most recent call last):
  File "<frozen runpy>", line 198, in _run_module_as_main
  File "<frozen runpy>", line 88, in _run_code
  File "", line 931, in <module>
    main()
    ~~~~^^
  File "", line 869, in main
    results_90q = asyncio.run(evaluate_90q(
        questions_90q, sheet_lookup_90q, model_name,
        limit=args.limit, tol=args.tol, max_new_tokens=args.max_new_tokens,
    ))
  File "/Library/Frameworks/Python.framework/Versions/3.14/lib/python3.14/asyncio/runners.py", line 204, in run
    return runner.run(main)
           ~~~~~~~~~~^^^^^^
  File "/Library/Frameworks/Python.framework/Versions/3.14/lib/python3.14/asyncio/runners.py", line 127, in run
    return self._loop.run_until_complete(task)
           ~~~~~~~~~~~~~~~~~~~~~~~~~~~~~^^^^^^
  File "/Library/Frameworks/Python.framework/Versions/3.14/lib/python3.14/asyncio/base_events.py", line 719, in run_until_complete
    return future.result()
           ~~~~~~~~~~~~~^^
  File "", line 411, in evaluate_90q
    results = await asyncio.gather(*tasks)
              ^^^^^^^^^^^^^^^^^^^^^^^^^^^^
  File "", line 404, in run_one
    return await ask_one_90q_question(i, max_new_tokens, model_name, q, sheet_lookup, subset, tol)
           ^^^^^^^^^^^^^^^^^^^^^^^^^^^^^^^^^^^^^^^^^^^^^^^^^^^^^^^^^^^^^^^^^^^^^^^^^^^^^^^^^^^^^^^
  File "", line 440, in ask_one_90q_question
    response = await run_inference(model_name, prompt, max_new_tokens)
               ^^^^^^^^^^^^^^^^^^^^^^^^^^^^^^^^^^^^^^^^^^^^^^^^^^^^^^^
  File "", line 263, in run_inference
    response = await _client.chat.completions.create(
               ^^^^^^^^^^^^^^^^^^^^^^^^^^^^^^^^^^^^^^
    ...<7 lines>...
    )
    ^
  File ".venv/lib/python3.14/site-packages/together/resources/chat/completions.py", line 1061, in create
    return await self._post(
           ^^^^^^^^^^^^^^^^^
    ...<41 lines>...
    )
    ^
  File ".venv/lib/python3.14/site-packages/together/_base_client.py", line 1864, in post
    return await self.request(cast_to, opts, stream=stream, stream_cls=stream_cls)
           ^^^^^^^^^^^^^^^^^^^^^^^^^^^^^^^^^^^^^^^^^^^^^^^^^^^^^^^^^^^^^^^^^^^^^^^
  File ".venv/lib/python3.14/site-packages/together/_base_client.py", line 1663, in request
    raise self._make_status_error_from_response(err.response) from None
together.APIStatusError: Error code: 402 - {'id': 'ovYbPGr-fdNmn-a289381a2a77611f', 'error': {'message': "Credit limit exceeded, please [add credits](https://api.together.ai/settings/billing). If you've already made a payment, please wait up to 5 minutes for balances to update and try again.", 'type': 'credit_limit', 'param': None, 'code': None}}
90Q are Sheet: /output/financial_spreadsheet.json
90Q are Questions: /output/original_questions.json
Loading datasets...
  90-Q: 300 questions, 15 companies

============================================================
  Evaluating model: google/gemma-4-31B-it
============================================================

-- 90-Q evaluation (300 questions) --
<===== END depth_3_gemma_31b_90q =====>
[2026-08-09 21:38:05] DONE section=depths tag=depth_3_gemma_31b_90q output=output_llm/last_runs_9th_aug_after_21/depths/depth_3_gemma_31b_90q.json log=logs/last_runs_9th_aug_after_21/depths/depth_3_gemma_31b_90q.log
[2026-08-09 21:38:05] === DEPTH 4 / n=300 ===
[2026-08-09 21:38:05] PREP depth_4_n300: script/compiler_pipeline_adversarial/make_random_questions_adversarial.py --n 300 --depth-min 4 --depth-max 4
[2026-08-09 21:58:20] Running data prep
Data prep complete.
[2026-08-09 21:58:20] === DEPTH 3 / n=300 ===
[2026-08-09 21:58:20] PREP depth_3_n300: script/compiler_pipeline_adversarial/make_random_questions_adversarial.py --n 300 --depth-min 3 --depth-max 3
Saved 300 questions to /output/random_questions_90.csv
Saved 300 questions to /output/original_questions.json
Master seed: 279727705
Max bound leaf count: 8
[2026-08-09 21:58:23] START section=depths tag=depth_3_gemma_31b_90q provider=Together model=google/gemma-4-31B-it dataset=90q limit=300
<===== START depth_3_gemma_31b_90q | provider=Together | model=google/gemma-4-31B-it | dataset=90q | limit=300 =====>
Traceback (most recent call last):
  File "<frozen runpy>", line 198, in _run_module_as_main
  File "<frozen runpy>", line 88, in _run_code
  File "", line 931, in <module>
    main()
    ~~~~^^
  File "", line 869, in main
    results_90q = asyncio.run(evaluate_90q(
        questions_90q, sheet_lookup_90q, model_name,
        limit=args.limit, tol=args.tol, max_new_tokens=args.max_new_tokens,
    ))
  File "/Library/Frameworks/Python.framework/Versions/3.14/lib/python3.14/asyncio/runners.py", line 204, in run
    return runner.run(main)
           ~~~~~~~~~~^^^^^^
  File "/Library/Frameworks/Python.framework/Versions/3.14/lib/python3.14/asyncio/runners.py", line 127, in run
    return self._loop.run_until_complete(task)
           ~~~~~~~~~~~~~~~~~~~~~~~~~~~~~^^^^^^
  File "/Library/Frameworks/Python.framework/Versions/3.14/lib/python3.14/asyncio/base_events.py", line 719, in run_until_complete
    return future.result()
           ~~~~~~~~~~~~~^^
  File "", line 411, in evaluate_90q
    results = await asyncio.gather(*tasks)
              ^^^^^^^^^^^^^^^^^^^^^^^^^^^^
  File "", line 404, in run_one
    return await ask_one_90q_question(i, max_new_tokens, model_name, q, sheet_lookup, subset, tol)
           ^^^^^^^^^^^^^^^^^^^^^^^^^^^^^^^^^^^^^^^^^^^^^^^^^^^^^^^^^^^^^^^^^^^^^^^^^^^^^^^^^^^^^^^
  File "", line 440, in ask_one_90q_question
    response = await run_inference(model_name, prompt, max_new_tokens)
               ^^^^^^^^^^^^^^^^^^^^^^^^^^^^^^^^^^^^^^^^^^^^^^^^^^^^^^^
  File "", line 263, in run_inference
    response = await _client.chat.completions.create(
               ^^^^^^^^^^^^^^^^^^^^^^^^^^^^^^^^^^^^^^
    ...<7 lines>...
    )
    ^
  File ".venv/lib/python3.14/site-packages/together/resources/chat/completions.py", line 1061, in create
    return await self._post(
           ^^^^^^^^^^^^^^^^^
    ...<41 lines>...
    )
    ^
  File ".venv/lib/python3.14/site-packages/together/_base_client.py", line 1864, in post
    return await self.request(cast_to, opts, stream=stream, stream_cls=stream_cls)
           ^^^^^^^^^^^^^^^^^^^^^^^^^^^^^^^^^^^^^^^^^^^^^^^^^^^^^^^^^^^^^^^^^^^^^^^
  File ".venv/lib/python3.14/site-packages/together/_base_client.py", line 1663, in request
    raise self._make_status_error_from_response(err.response) from None
together.APIStatusError: Error code: 402 - {'id': 'ovYhdS3-fdNmn-a28955d89f9c0396', 'error': {'message': "Credit limit exceeded, please [add credits](https://api.together.ai/settings/billing). If you've already made a payment, please wait up to 5 minutes for balances to update and try again.", 'type': 'credit_limit', 'param': None, 'code': None}}
90Q are Sheet: /output/financial_spreadsheet.json
90Q are Questions: /output/original_questions.json
Loading datasets...
  90-Q: 300 questions, 15 companies

============================================================
  Evaluating model: google/gemma-4-31B-it
============================================================

-- 90-Q evaluation (300 questions) --
<===== END depth_3_gemma_31b_90q =====>
[2026-08-09 21:58:24] DONE section=depths tag=depth_3_gemma_31b_90q output=output_llm/last_runs_9th_aug_after_21/depths/depth_3_gemma_31b_90q.json log=logs/last_runs_9th_aug_after_21/depths/depth_3_gemma_31b_90q.log
[2026-08-09 21:58:24] === DEPTH 4 / n=300 ===
[2026-08-09 21:58:24] PREP depth_4_n300: script/compiler_pipeline_adversarial/make_random_questions_adversarial.py --n 300 --depth-min 4 --depth-max 4
Saved 300 questions to /output/random_questions_90.csv
Saved 300 questions to /output/original_questions.json
Master seed: 767706211
Max bound leaf count: 11
[2026-08-09 21:58:26] START section=depths tag=depth_4_gemma_31b_90q provider=Together model=google/gemma-4-31B-it dataset=90q limit=300
<===== START depth_4_gemma_31b_90q | provider=Together | model=google/gemma-4-31B-it | dataset=90q | limit=300 =====>
[2026-08-09 22:07:01] Running data prep
Data prep complete.
[2026-08-09 22:07:02] === DEPTH 3 / n=300 ===
[2026-08-09 22:07:02] PREP depth_3_n300: script/compiler_pipeline_adversarial/make_random_questions_adversarial.py --n 300 --depth-min 3 --depth-max 3
Saved 300 questions to /output/random_questions_90.csv
Saved 300 questions to /output/original_questions.json
Master seed: 542558310
Max bound leaf count: 7
[2026-08-09 22:07:05] START section=depths tag=depth_3_gemma_31b_90q provider=Together model=google/gemma-4-31B-it dataset=90q limit=300
<===== START depth_3_gemma_31b_90q | provider=Together | model=google/gemma-4-31B-it | dataset=90q | limit=300 =====>
Traceback (most recent call last):
  File "<frozen runpy>", line 198, in _run_module_as_main
  File "<frozen runpy>", line 88, in _run_code
  File "", line 931, in <module>
    main()
    ~~~~^^
  File "", line 869, in main
    results_90q = asyncio.run(evaluate_90q(
        questions_90q, sheet_lookup_90q, model_name,
        limit=args.limit, tol=args.tol, max_new_tokens=args.max_new_tokens,
    ))
  File "/Library/Frameworks/Python.framework/Versions/3.14/lib/python3.14/asyncio/runners.py", line 204, in run
    return runner.run(main)
           ~~~~~~~~~~^^^^^^
  File "/Library/Frameworks/Python.framework/Versions/3.14/lib/python3.14/asyncio/runners.py", line 127, in run
    return self._loop.run_until_complete(task)
           ~~~~~~~~~~~~~~~~~~~~~~~~~~~~~^^^^^^
  File "/Library/Frameworks/Python.framework/Versions/3.14/lib/python3.14/asyncio/base_events.py", line 719, in run_until_complete
    return future.result()
           ~~~~~~~~~~~~~^^
  File "", line 411, in evaluate_90q
    results = await asyncio.gather(*tasks)
              ^^^^^^^^^^^^^^^^^^^^^^^^^^^^
  File "", line 404, in run_one
    return await ask_one_90q_question(i, max_new_tokens, model_name, q, sheet_lookup, subset, tol)
           ^^^^^^^^^^^^^^^^^^^^^^^^^^^^^^^^^^^^^^^^^^^^^^^^^^^^^^^^^^^^^^^^^^^^^^^^^^^^^^^^^^^^^^^
  File "", line 440, in ask_one_90q_question
    response = await run_inference(model_name, prompt, max_new_tokens)
               ^^^^^^^^^^^^^^^^^^^^^^^^^^^^^^^^^^^^^^^^^^^^^^^^^^^^^^^
  File "", line 263, in run_inference
    response = await _client.chat.completions.create(
               ^^^^^^^^^^^^^^^^^^^^^^^^^^^^^^^^^^^^^^
    ...<7 lines>...
    )
    ^
  File ".venv/lib/python3.14/site-packages/together/resources/chat/completions.py", line 1061, in create
    return await self._post(
           ^^^^^^^^^^^^^^^^^
    ...<41 lines>...
    )
    ^
  File ".venv/lib/python3.14/site-packages/together/_base_client.py", line 1864, in post
    return await self.request(cast_to, opts, stream=stream, stream_cls=stream_cls)
           ^^^^^^^^^^^^^^^^^^^^^^^^^^^^^^^^^^^^^^^^^^^^^^^^^^^^^^^^^^^^^^^^^^^^^^^
  File ".venv/lib/python3.14/site-packages/together/_base_client.py", line 1663, in request
    raise self._make_status_error_from_response(err.response) from None
together.APIStatusError: Error code: 402 - {'id': 'ovYkKag-fdNmn-a28962abcd9723bc', 'error': {'message': "Credit limit exceeded, please [add credits](https://api.together.ai/settings/billing). If you've already made a payment, please wait up to 5 minutes for balances to update and try again.", 'type': 'credit_limit', 'param': None, 'code': None}}
90Q are Sheet: /output/financial_spreadsheet.json
90Q are Questions: /output/original_questions.json
Loading datasets...
  90-Q: 300 questions, 15 companies

============================================================
  Evaluating model: google/gemma-4-31B-it
============================================================

-- 90-Q evaluation (300 questions) --
  [4/300] CORRECT | truth=13454.0000 pred=13454.0 | What do we obtain as the current assets for Cobalt Semicondu...
  [8/300] WRONG  | truth=108917.0000 pred=0.0 | Calculate the sum of result of sum of operating expenses and...
  [6/300] CORRECT | truth=25147.0000 pred=25147.0 | what is the current assets for Apex Dynamics Corp in 2021 ?...
  [5/300] CORRECT | truth=6640.2790 pred=6640.65 | What would be the result of longterm liabilities scaled by r...
  [7/300] CORRECT | truth=10135.6667 pred=10135.67 | whats the value of the average inventories for ClearPath Log...
<===== END depth_3_gemma_31b_90q =====>
[2026-08-09 22:07:09] DONE section=depths tag=depth_3_gemma_31b_90q output=output_llm/last_runs_9th_aug_after_21/depths/depth_3_gemma_31b_90q.json log=logs/last_runs_9th_aug_after_21/depths/depth_3_gemma_31b_90q.log
[2026-08-09 22:07:09] === DEPTH 4 / n=300 ===
[2026-08-09 22:07:09] PREP depth_4_n300: script/compiler_pipeline_adversarial/make_random_questions_adversarial.py --n 300 --depth-min 4 --depth-max 4
[2026-08-09 22:10:35] Running data prep
./run_benchmark_matrix.sh: line 136: python: command not found
[2026-08-09 22:10:35] === DEPTH 3 / n=300 ===
[2026-08-09 22:10:35] PREP depth_3_n300: script/compiler_pipeline_adversarial/make_random_questions_adversarial.py --n 300 --depth-min 3 --depth-max 3
./run_benchmark_matrix.sh: line 119: python: command not found
[2026-08-09 22:10:35] START section=depths tag=depth_3_gemma_31b_90q provider=Together model=google/gemma-4-31B-it dataset=90q limit=300
<===== START depth_3_gemma_31b_90q | provider=Together | model=google/gemma-4-31B-it | dataset=90q | limit=300 =====>
./run_benchmark_matrix.sh: line 102: python: command not found
<===== END depth_3_gemma_31b_90q =====>
[2026-08-09 22:10:35] DONE section=depths tag=depth_3_gemma_31b_90q output=output_llm/last_runs_9th_aug_after_21/depths/depth_3_gemma_31b_90q.json log=logs/last_runs_9th_aug_after_21/depths/depth_3_gemma_31b_90q.log
[2026-08-09 22:10:35] === DEPTH 4 / n=300 ===
[2026-08-09 22:10:35] PREP depth_4_n300: script/compiler_pipeline_adversarial/make_random_questions_adversarial.py --n 300 --depth-min 4 --depth-max 4
./run_benchmark_matrix.sh: line 119: python: command not found
[2026-08-09 22:10:35] START section=depths tag=depth_4_gemma_31b_90q provider=Together model=google/gemma-4-31B-it dataset=90q limit=300
<===== START depth_4_gemma_31b_90q | provider=Together | model=google/gemma-4-31B-it | dataset=90q | limit=300 =====>
./run_benchmark_matrix.sh: line 102: python: command not found
<===== END depth_4_gemma_31b_90q =====>
[2026-08-09 22:10:35] DONE section=depths tag=depth_4_gemma_31b_90q output=output_llm/last_runs_9th_aug_after_21/depths/depth_4_gemma_31b_90q.json log=logs/last_runs_9th_aug_after_21/depths/depth_4_gemma_31b_90q.log
[2026-08-09 22:10:35] === DEPTH 5 / n=300 ===
[2026-08-09 22:10:35] PREP depth_5_n300: script/compiler_pipeline_adversarial/make_random_questions_adversarial.py --n 300 --depth-min 5 --depth-max 5
./run_benchmark_matrix.sh: line 119: python: command not found
[2026-08-09 22:10:35] START section=depths tag=depth_5_gemma_31b_90q provider=Together model=google/gemma-4-31B-it dataset=90q limit=300
<===== START depth_5_gemma_31b_90q | provider=Together | model=google/gemma-4-31B-it | dataset=90q | limit=300 =====>
./run_benchmark_matrix.sh: line 102: python: command not found
<===== END depth_5_gemma_31b_90q =====>
[2026-08-09 22:10:35] DONE section=depths tag=depth_5_gemma_31b_90q output=output_llm/last_runs_9th_aug_after_21/depths/depth_5_gemma_31b_90q.json log=logs/last_runs_9th_aug_after_21/depths/depth_5_gemma_31b_90q.log
[2026-08-09 22:10:35] === DEPTH 6 / n=300 ===
[2026-08-09 22:10:35] PREP depth_6_n300: script/compiler_pipeline_adversarial/make_random_questions_adversarial.py --n 300 --depth-min 6 --depth-max 6
./run_benchmark_matrix.sh: line 119: python: command not found
[2026-08-09 22:10:35] START section=depths tag=depth_6_gemma_31b_90q provider=Together model=google/gemma-4-31B-it dataset=90q limit=300
<===== START depth_6_gemma_31b_90q | provider=Together | model=google/gemma-4-31B-it | dataset=90q | limit=300 =====>
./run_benchmark_matrix.sh: line 102: python: command not found
<===== END depth_6_gemma_31b_90q =====>
[2026-08-09 22:10:35] DONE section=depths tag=depth_6_gemma_31b_90q output=output_llm/last_runs_9th_aug_after_21/depths/depth_6_gemma_31b_90q.json log=logs/last_runs_9th_aug_after_21/depths/depth_6_gemma_31b_90q.log
[2026-08-09 22:10:35] === DEPTH 7 / n=300 ===
[2026-08-09 22:10:35] PREP depth_7_n300: script/compiler_pipeline_adversarial/make_random_questions_adversarial.py --n 300 --depth-min 7 --depth-max 7
./run_benchmark_matrix.sh: line 119: python: command not found
[2026-08-09 22:10:35] START section=depths tag=depth_7_gemma_31b_90q provider=Together model=google/gemma-4-31B-it dataset=90q limit=300
<===== START depth_7_gemma_31b_90q | provider=Together | model=google/gemma-4-31B-it | dataset=90q | limit=300 =====>
./run_benchmark_matrix.sh: line 102: python: command not found
<===== END depth_7_gemma_31b_90q =====>
[2026-08-09 22:10:35] DONE section=depths tag=depth_7_gemma_31b_90q output=output_llm/last_runs_9th_aug_after_21/depths/depth_7_gemma_31b_90q.json log=logs/last_runs_9th_aug_after_21/depths/depth_7_gemma_31b_90q.log
[2026-08-09 22:10:35] === DEPTH 8 / n=300 ===
[2026-08-09 22:10:35] PREP depth_8_n300: script/compiler_pipeline_adversarial/make_random_questions_adversarial.py --n 300 --depth-min 8 --depth-max 8
./run_benchmark_matrix.sh: line 119: python: command not found
[2026-08-09 22:10:35] START section=depths tag=depth_8_gemma_31b_90q provider=Together model=google/gemma-4-31B-it dataset=90q limit=300
<===== START depth_8_gemma_31b_90q | provider=Together | model=google/gemma-4-31B-it | dataset=90q | limit=300 =====>
./run_benchmark_matrix.sh: line 102: python: command not found
<===== END depth_8_gemma_31b_90q =====>
[2026-08-09 22:10:35] DONE section=depths tag=depth_8_gemma_31b_90q output=output_llm/last_runs_9th_aug_after_21/depths/depth_8_gemma_31b_90q.json log=logs/last_runs_9th_aug_after_21/depths/depth_8_gemma_31b_90q.log
[2026-08-09 22:10:49] Running data prep
Data prep complete.
[2026-08-09 22:10:49] === DEPTH 3 / n=300 ===
[2026-08-09 22:10:49] PREP depth_3_n300: script/compiler_pipeline_adversarial/make_random_questions_adversarial.py --n 300 --depth-min 3 --depth-max 3
Saved 300 questions to /output/random_questions_90.csv
Saved 300 questions to /output/original_questions.json
Master seed: 288628
Max bound leaf count: 7
[2026-08-09 22:10:52] START section=depths tag=depth_3_gemma_31b_90q provider=Together model=google/gemma-4-31B-it dataset=90q limit=300
<===== START depth_3_gemma_31b_90q | provider=Together | model=google/gemma-4-31B-it | dataset=90q | limit=300 =====>
90Q are Sheet: /output/financial_spreadsheet.json
90Q are Questions: /output/original_questions.json
Loading datasets...
  90-Q: 300 questions, 15 companies

============================================================
  Evaluating model: google/gemma-4-31B-it
============================================================

-- 90-Q evaluation (300 questions) --
  [4/300] CORRECT | truth=10644.0000 pred=10644.0 | what is the value of the the maximum of dividends paid for A...
  [2/300] CORRECT | truth=7359.0000 pred=7359.0 | give the average capex for Orion Financial Group across year...
  [3/300] CORRECT | truth=237449.0000 pred=237449.0 | evaluate the current assets for SilverLine Retail Inc in 202...
  [5/300] CORRECT | truth=119508.0000 pred=119508.0 | Provide the current assets for Pacific Crest Energy in 2020....
  [7/300] CORRECT | truth=5281.0000 pred=5281.0 | what is the value of the the minimum of operating expenses f...
  [8/300] CORRECT | truth=4853.0000 pred=4853.0 | determine the current assets for Pinnacle Health Group in 20...
  [13/300] CORRECT | truth=11725.0000 pred=11725.0 | state the the maximum of cost of goods sold for Pinnacle Hea...
  [6/300] CORRECT | truth=71165.8940 pred=71154.78 | may you give the result of longterm liabilities scaled by ra...
  [14/300] CORRECT | truth=16500.0000 pred=16500.0 | Provide the the maximum of capex for Pacific Crest Energy us...
  [1/300] WRONG  | truth=171914.0000 pred=-1858.0 | give the difference between difference between sum of cost o...
  [11/300] WRONG  | truth=28365.7359 pred=6407.6645 | which quantity is given by the sum of result of sum of inven...
  [17/300] CORRECT | truth=272356.0000 pred=272356.0 | calculate the current assets for SilverLine Retail Inc in 20...
  [20/300] CORRECT | truth=41229.0000 pred=41229.0 | What is the the maximum of cash for Apex Dynamics Corp using...
  [15/300] CORRECT | truth=26290.0000 pred=26290.0 | What's the value of the current assets for Atlas Global Indu...
  [18/300] CORRECT | truth=7867.0000 pred=7867.0 | give the the maximum of inventories for Orion Financial Grou...
  [12/300] CORRECT | truth=41367.0000 pred=41367.0 | Which quantity is given by the sum of difference between cos...
  [10/300] CORRECT | truth=14071.3333 pred=14071.333333333334 | Which result follows from the average dividends paid for Iro...
  [19/300] CORRECT | truth=66578.0000 pred=66578.0 | Could you give the current assets for Meridian Systems Inc i...
  [9/300] CORRECT | truth=-138538.0000 pred=-138538.0 | which value corresponds to the sum of result of difference b...
  [16/300] CORRECT | truth=7919.2080 pred=7919.21 | Which quantity is given by the result of sum of difference b...
  [29/300] CORRECT | truth=105291.0000 pred=105291.0 | which result follows from the current assets for Helix BioSc...
  [25/300] CORRECT | truth=5363.0000 pred=5363.0 | Which result follows from the the minimum of inventories for...
  [30/300] CORRECT | truth=18071.4919 pred=18071.5 | give the sum of difference between result of capex scaled by...
  [28/300] WRONG  | truth=3537.4768 pred=65.12 | State the sum of result of short term investments scaled by ...
  [26/300] CORRECT | truth=27487.0000 pred=27487.0 | What's the value of the current assets for Atlas Global Indu...
  [23/300] CORRECT | truth=1355377.0000 pred=1355377.0 | Which quantity is given by the sum of longterm liabilities f...
  [32/300] CORRECT | truth=3346.0000 pred=3346.0 | What is the the minimum of accounts receivable for Apex Dyna...
  [27/300] WRONG  | truth=4509.6422 pred=0.027271 | May you give the result of accounts receivable scaled by rat...
  [22/300] CORRECT | truth=231556.0000 pred=231556.0 | Which result follows from the the maximum of cost of goods s...
  [31/300] CORRECT | truth=233753.0000 pred=233753.0 | calculate the current assets for SilverLine Retail Inc in 20...
  [37/300] CORRECT | truth=12572.0000 pred=12572.0 | what would be the the maximum of cash for Cobalt Semiconduct...
  [34/300] CORRECT | truth=30901.0000 pred=30901.0 | compute the sum of ratio of sum of short term investments fo...
  [36/300] CORRECT | truth=66354.0000 pred=66354.0 | give the current assets for Orion Financial Group in 2025....
  [39/300] CORRECT | truth=131903.0000 pred=131903.0 | which result follows from the the minimum of total equity fo...
  [40/300] CORRECT | truth=354045.6667 pred=354045.67 | evaluate the average total equity for Titan Consumer Brands ...
  [42/300] WRONG  | truth=87684.5473 pred=16999.99 | Compute the sum of result of difference between cash and acc...
  [35/300] CORRECT | truth=41213.0000 pred=41213.0 | state the the maximum of total assets for Pinnacle Health Gr...
  [33/300] CORRECT | truth=257911.0000 pred=257911.0 | compute the current assets for SilverLine Retail Inc in 2023...
  [21/300] CORRECT | truth=16004.0000 pred=15940.0 | What would be the difference between sum of sum of dividends...
  [46/300] CORRECT | truth=95759.0000 pred=95759.0 | Provide the current assets for Pacific Crest Energy in 2022....
  [38/300] CORRECT | truth=21251.0000 pred=21251.0 | You should give the current assets for Atlas Global Industri...
  [44/300] CORRECT | truth=419645.0000 pred=419645.0 | Which value corresponds to the sum of sum of total liabiliti...
  [49/300] CORRECT | truth=159416.0000 pred=159416.0 | which quantity is given by the current assets for Ironclad M...
  [43/300] CORRECT | truth=78304.0000 pred=78304.0 | you should calculate the current assets for NovaStar Technol...
  [41/300] WRONG  | truth=-12201.0000 pred=12201.0 | You should give the difference between the minimum of operat...
  [53/300] WRONG  | truth=234572.0000 pred=209713.15 | Which quantity is given by the sum of the maximum of total a...
  [45/300] CORRECT | truth=78674.0000 pred=78674.0 | What does the following give: the maximum of accounts receiv...
  [24/300] WRONG  | truth=46067.4760 pred=627035.15 | What does the following give: result of the minimum of non o...
  [48/300] CORRECT | truth=158784.0000 pred=158784.0 | what does the following give: the maximum of cash for Crimso...
  [56/300] CORRECT | truth=159416.0000 pred=159416.0 | Which result follows from the current assets for Ironclad Ma...
  [52/300] CORRECT | truth=201846.0000 pred=201846.0 | whats the value of the current assets for ClearPath Logistic...
  [51/300] CORRECT | truth=357135.0000 pred=357135.0 | which value corresponds to the the maximum of total assets f...
  [57/300] CORRECT | truth=29074.0000 pred=29074.0 | give the result of the maximum of cost of goods sold for Ori...
  [47/300] CORRECT | truth=72352.1125 pred=72352.52 | You should calculate the difference between non operating ex...
  [60/300] CORRECT | truth=33171.0000 pred=33171.0 | What is the value of the the minimum of total liabilities fo...
  [61/300] CORRECT | truth=83241.3333 pred=83241.33333333333 | What does the following give: average non operating expenses...
  [62/300] CORRECT | truth=29567.0000 pred=29567.0 | What do we obtain as the current assets for Cobalt Semicondu...
  [63/300] CORRECT | truth=19839.0000 pred=19839.0 | what would be the current assets for Cobalt Semiconductor in...
  [55/300] CORRECT | truth=89022.0000 pred=89022.0 | what is the sum of gross profit for Apex Dynamics Corp in 20...
  [64/300] CORRECT | truth=243881.0000 pred=243881.0 | you should calculate the current assets for Titan Consumer B...
  [54/300] CORRECT | truth=165182.0000 pred=165182.0 | Give the the maximum of total equity for Orion Financial Gro...
  [58/300] CORRECT | truth=19552.3333 pred=19552.333333333332 | Compute the average cash for Quantum Bridge Holdings across ...
  [68/300] CORRECT | truth=73656.7113 pred=73656.1 | what's the value of the result of the maximum of revenue for...
  [70/300] CORRECT | truth=543420.3333 pred=543420.33 | What does the following give: average revenue for Crimson Ph...
  [50/300] WRONG  | truth=-253573.0350 pred=-607804560.3 | Whats the value of the difference between difference between...
  [72/300] CORRECT | truth=619727.3333 pred=619727.3333333334 | what's the value of the average total assets for ClearPath L...
  [71/300] CORRECT | truth=6477.6667 pred=6477.67 | May you calculate the average capex for NovaStar Technologie...
  [69/300] CORRECT | truth=36898.0000 pred=36898.0 | what is the current assets for Apex Dynamics Corp in 2023?...
  [77/300] CORRECT | truth=15632.0000 pred=15632.0 | Could you give the the minimum of cash for Meridian Systems ...
  [76/300] CORRECT | truth=797935.0000 pred=797935.0 | What does the following give: the maximum of revenue for Cri...
  [80/300] CORRECT | truth=15521.0000 pred=15521.0 | What does the following give: the minimum of capex for Crims...
  [78/300] CORRECT | truth=109459.0000 pred=109459.0 | Which result follows from the current assets for Helix BioSc...
  [79/300] CORRECT | truth=1436.0115 pred=1438.38 | Evaluate the result of result of short term investments scal...
  [81/300] CORRECT | truth=105291.0000 pred=105291.0 | Which value corresponds to the current assets for Helix BioS...
  [74/300] CORRECT | truth=513720.9479 pred=513720.95 | Whats the value of the difference between total assets and d...
  [82/300] CORRECT | truth=27487.0000 pred=27487.0 | what's the value of the current assets for Atlas Global Indu...
  [75/300] CORRECT | truth=453283.0000 pred=453283.0 | Compute the average cost of goods sold for SilverLine Retail...
  [73/300] CORRECT | truth=165371.0000 pred=165371.0 | You should give the the maximum of total equity for NovaStar...
  [83/300] CORRECT | truth=165182.0000 pred=165182.0 | you should give the the maximum of total equity for Orion Fi...
  [84/300] CORRECT | truth=134161.0000 pred=134161.0 | whats the value of the current assets for ClearPath Logistic...
  [86/300] CORRECT | truth=6853.0000 pred=6853.0 | What is the the maximum of capex for Apex Dynamics Corp usin...
  [87/300] CORRECT | truth=75315.0000 pred=75315.0 | which quantity is given by the the minimum of total liabilit...
  [85/300] CORRECT | truth=2622789.2946 pred=2633782.33 | whats the value of the sum of result of the maximum of total...
  [59/300] CORRECT | truth=85277.0000 pred=85277.0 | What is the current assets for Apex Dynamics Corp in 2022...
  [67/300] CORRECT | truth=296099.0000 pred=296099.0 | evaluate the current assets for Titan Consumer Brands in 202...
  [88/300] CORRECT | truth=208560.0000 pred=192213.0 | give the sum of total assets for Orion Financial Group in 20...
  [66/300] CORRECT | truth=15443.0000 pred=15443.0 | which value corresponds to the the maximum of capex for Heli...
  [94/300] CORRECT | truth=156766.0000 pred=156766.0 | calculate the the maximum of operating expenses for SilverLi...
  [65/300] CORRECT | truth=14071.3333 pred=14071.333333333334 | Which quantity is given by the average dividends paid for Ir...
  [96/300] CORRECT | truth=2745.0000 pred=2745.0 | you should calculate the the minimum of inventories for Nova...
  [99/300] CORRECT | truth=4243.0000 pred=4243.0 | what would be the the minimum of operating expenses for Coba...
  [98/300] CORRECT | truth=40590.8081 pred=40590.16 | give the sum of longterm liabilities and difference between ...
  [101/300] CORRECT | truth=254814.0000 pred=254814.0 | what does the following give: current assets for Crimson Pha...
  [90/300] CORRECT | truth=27925.0000 pred=27925.0 | What does the following give: the maximum of short term inve...
  [91/300] CORRECT | truth=63745.0000 pred=63745.0 | give the the minimum of cost of goods sold for Orion Financi...
  [92/300] CORRECT | truth=18382.0000 pred=18382.0 | What do we obtain as the current assets for Cobalt Semicondu...
  [105/300] CORRECT | truth=362729.0000 pred=362729.0 | calculate the average cost of goods sold for SilverLine Reta...
  [102/300] CORRECT | truth=316946.0000 pred=316946.0 | You should calculate the the minimum of total liabilities fo...
  [100/300] CORRECT | truth=4778.0000 pred=4778.0 | What is the the minimum of non operating expenses for Apex D...
  [106/300] CORRECT | truth=2025766.6852 pred=2137497.28975 | what's the value of the result of result of sum of total lia...
  [108/300] CORRECT | truth=103672.0000 pred=103672.0 | What do we obtain as the the maximum of non operating expens...
  [89/300] CORRECT | truth=26261.2407 pred=26261.17 | calculate the result of the maximum of cash for SilverLine R...
  [95/300] CORRECT | truth=130516.0000 pred=130516.0 | Which value corresponds to the current assets for Helix BioS...
  [112/300] CORRECT | truth=66354.0000 pred=66354.0 | Give the current assets for Orion Financial Group in 2025....
  [110/300] CORRECT | truth=42511.0000 pred=42511.0 | Compute the average total equity for Quantum Bridge Holdings...
  [109/300] CORRECT | truth=290820.5000 pred=290820.5 | which quantity is given by the sum of ratio of sum of non op...
  [103/300] CORRECT | truth=5107.0000 pred=5107.0 | state the current assets for Pinnacle Health Group in 2020 ....
  [113/300] CORRECT | truth=23302.0000 pred=23302.0 | You should calculate the the minimum of accounts receivable ...
  [107/300] CORRECT | truth=102595.0000 pred=102595.0 | may you calculate the current assets for NovaStar Technologi...
  [104/300] CORRECT | truth=102595.0000 pred=102595.0 | May you give the current assets for NovaStar Technologies in...
  [97/300] WRONG  | truth=119666.0000 pred=32950.0 | Provide the sum of difference between sum of total assets an...
  [118/300] CORRECT | truth=10380.6667 pred=10380.67 | may you give the average capex for NovaStar Technologies acr...
  [93/300] WRONG  | truth=78791.9483 pred=7953.92 | determine the difference between sum of current liabilities ...
  [120/300] CORRECT | truth=119508.0000 pred=119508.0 | Give the current assets for Pacific Crest Energy in 2020...
  [116/300] CORRECT | truth=33056.0000 pred=33056.0 | what is the value of the current assets for Apex Dynamics Co...
  [122/300] CORRECT | truth=23323.0000 pred=23323.0 | state the the maximum of revenue for Pinnacle Health Group u...
  [121/300] CORRECT | truth=154669.0000 pred=154669.0 | calculate the current assets for SilverLine Retail Inc in 20...
  [123/300] CORRECT | truth=42140.0000 pred=42140.0 | What does the following give: sum of the minimum of short te...
  [115/300] CORRECT | truth=203231.0000 pred=203231.0 | evaluate the current assets for Titan Consumer Brands in 202...
  [111/300] CORRECT | truth=80147.0000 pred=80147.0 | Whats the value of the the maximum of non operating expenses...
  [127/300] CORRECT | truth=156129.0000 pred=156129.0 | what does the following give: current assets for Crimson Pha...
  [117/300] CORRECT | truth=42514.0000 pred=42514.0 | compute the current assets for Quantum Bridge Holdings in 20...
  [114/300] CORRECT | truth=10116.0000 pred=10116.0 | you should give the the maximum of total liabilities for Pin...
  [132/300] CORRECT | truth=21527.0000 pred=21527.0 | state the the minimum of non operating expenses for Pacific ...
  [133/300] CORRECT | truth=18382.0000 pred=18382.0 | What would be the current assets for Cobalt Semiconductor in...
  [119/300] CORRECT | truth=15565.1748 pred=15565.6 | may you give the sum of capex and result of short term inves...
  [135/300] CORRECT | truth=233753.0000 pred=233753.0 | You should give the current assets for SilverLine Retail Inc...
  [131/300] CORRECT | truth=339437.0000 pred=339437.0 | Give the the maximum of total assets for Pacific Crest Energ...
  [126/300] CORRECT | truth=14517.0000 pred=14517.0 | What does the following give: the minimum of dividends paid ...
  [124/300] CORRECT | truth=19965.0000 pred=19965.0 | May you give the the minimum of total liabilities for Orion ...
  [130/300] CORRECT | truth=154669.0000 pred=154669.0 | you should calculate the current assets for SilverLine Retai...
  [128/300] CORRECT | truth=5444.9128 pred=5445.69 | could you give the difference between longterm liabilities a...
  [136/300] CORRECT | truth=47664.6667 pred=47664.67 | What's the value of the average total liabilities for Atlas ...
  [129/300] CORRECT | truth=21416.0000 pred=21416.0 | may you give the the minimum of current liabilities for Orio...
  [134/300] CORRECT | truth=105547.0000 pred=105547.0 | Give the current assets for Orion Financial Group in 2024 ....
  [140/300] CORRECT | truth=27419.0000 pred=27419.0 | which result follows from the average capex for Ironclad Man...
  [125/300] CORRECT | truth=66524.0000 pred=66524.0 | What's the value of the the minimum of total assets for Atla...
  [137/300] CORRECT | truth=-254370.6582 pred=-254175.15 | you should give the result of result of operating expenses s...
  [138/300] CORRECT | truth=2744.0000 pred=2744.0 | Could you give the the minimum of inventories for Meridian S...
  [144/300] CORRECT | truth=284624.0000 pred=284624.0 | which result follows from the sum of the maximum of short te...
  [147/300] CORRECT | truth=134161.0000 pred=134161.0 | you should calculate the current assets for ClearPath Logist...
  [141/300] CORRECT | truth=24969.0000 pred=24969.0 | what is the value of the the minimum of total equity for Ape...
  [148/300] CORRECT | truth=45989.0000 pred=45989.0 | What would be the sum of revenue and difference between divi...
  [146/300] CORRECT | truth=134436.0000 pred=134436.0 | Give the average revenue for Orion Financial Group across ye...
  [150/300] CORRECT | truth=156129.0000 pred=156129.0 | what do we obtain as the current assets for Crimson Pharmace...
  [139/300] CORRECT | truth=201846.0000 pred=201846.0 | What would be the current assets for ClearPath Logistics in ...
  [151/300] CORRECT | truth=130516.0000 pred=130516.0 | which result follows from the current assets for Helix BioSc...
  [149/300] CORRECT | truth=58621.0447 pred=58620.34 | may you calculate the sum of longterm liabilities and result...
  [157/300] CORRECT | truth=105646.0000 pred=105646.0 | Which value corresponds to the current assets for Helix BioS...
  [155/300] CORRECT | truth=10741.3333 pred=10741.333333333334 | Compute the average accounts receivable for Quantum Bridge H...
  [158/300] CORRECT | truth=461322.0000 pred=461322.0 | Which result follows from the the maximum of revenue for Iro...
  [145/300] CORRECT | truth=154669.0000 pred=154669.0 | calculate the current assets for SilverLine Retail Inc in 20...
  [143/300] CORRECT | truth=504191.0000 pred=504191.0 | calculate the sum of total liabilities for SilverLine Retail...
  [152/300] CORRECT | truth=64638.0000 pred=64638.0 | Provide the the minimum of total liabilities for Pacific Cre...
  [142/300] CORRECT | truth=664693.0000 pred=664693.0 | what does the following give: the maximum of total assets fo...
  [160/300] CORRECT | truth=9579.0000 pred=9579.0 | Determine the current assets for Pinnacle Health Group in 20...
  [162/300] CORRECT | truth=8988.0000 pred=8988.0 | which result follows from the the minimum of capex for Helix...
  [156/300] CORRECT | truth=-26808.0000 pred=-26808.0 | compute the difference between difference between difference...
  [154/300] WRONG  | truth=99152.0000 pred=-7662.0 | What's the value of the sum of capex and difference between ...
  [159/300] CORRECT | truth=43926.1714 pred=43716.7136 | compute the sum of cash and result of total liabilities scal...
  [153/300] CORRECT | truth=357949.6667 pred=357949.67 | Which result follows from the average revenue for Ironclad M...
  [165/300] CORRECT | truth=212503.0000 pred=212503.0 | Whats the value of the the minimum of cost of goods sold for...
  [163/300] CORRECT | truth=13117.3333 pred=13117.333333333334 | determine the average total assets for Pinnacle Health Group...
  [164/300] CORRECT | truth=62467.9615 pred=62475.73884 | Give the result of difference between total assets and diffe...
  [168/300] CORRECT | truth=117808.0000 pred=117808.0 | Evaluate the the maximum of operating expenses for Titan Con...
  [166/300] CORRECT | truth=53334.0000 pred=53334.0 | What's the value of the the minimum of total assets for Atla...
  [167/300] CORRECT | truth=107706.6667 pred=107706.67 | you should give the average current liabilities for Ironclad...
  [176/300] WRONG  | truth=13249.0000 pred=-51393.0 | what do we obtain as the sum of difference between sum of di...
  [173/300] CORRECT | truth=48015.0000 pred=48015.0 | what's the value of the current assets for Atlas Global Indu...
  [171/300] CORRECT | truth=1397.0000 pred=1397.0 | what is the the minimum of inventories for Apex Dynamics Cor...
  [178/300] CORRECT | truth=68614.0000 pred=68614.0 | give the current assets for Orion Financial Group in 2023...
  [174/300] CORRECT | truth=4637.3333 pred=4637.333333333333 | what do we obtain as the average capex for Cobalt Semiconduc...
  [180/300] CORRECT | truth=35841.0000 pred=35841.0 | Give the current assets for Orion Financial Group in 2020....
  [182/300] CORRECT | truth=95759.0000 pred=95759.0 | you should give the current assets for Pacific Crest Energy ...
  [179/300] WRONG  | truth=5854373.1021 pred=58416436.46 | May you calculate the result of sum of total equity and cash...
  [183/300] WRONG  | truth=23765.0000 pred=301285.0 | May you calculate the difference between sum of total liabil...
  [161/300] CORRECT | truth=20589.0000 pred=20589.0 | Evaluate the the minimum of capex for Titan Consumer Brands ...
  [181/300] CORRECT | truth=5363.0000 pred=5363.0 | Which value corresponds to the the minimum of inventories fo...
  [169/300] CORRECT | truth=105646.0000 pred=105646.0 | what does the following give: current assets for Helix BioSc...
  [175/300] CORRECT | truth=4148.0000 pred=4148.0 | you should give the the minimum of short term investments fo...
  [170/300] CORRECT | truth=23965.0000 pred=23965.0 | what would be the sum of current liabilities for Cobalt Semi...
  [172/300] CORRECT | truth=66354.0000 pred=66354.0 | Give the current assets for Orion Financial Group in 2025 ....
  [186/300] CORRECT | truth=54862.0000 pred=54862.0 | may you give the current assets for NovaStar Technologies in...
  [185/300] CORRECT | truth=14066.0000 pred=14066.0 | what is the current assets for Apex Dynamics Corp in 2020 ?...
  [184/300] CORRECT | truth=246479.0000 pred=246479.0 | Provide the the maximum of total liabilities for Pacific Cre...
  [192/300] CORRECT | truth=8553.0000 pred=8553.0 | which value corresponds to the the minimum of capex for Heli...
  [193/300] WRONG  | truth=15054.0000 pred=-16208.0 | state the sum of operating expenses and sum of difference be...
  [177/300] CORRECT | truth=134844.0000 pred=134844.0 | evaluate the sum of result of short term investments scaled ...
  [187/300] CORRECT | truth=73095.0000 pred=73095.0 | what would be the the maximum of total assets for Cobalt Sem...
  [191/300] CORRECT | truth=4705.0000 pred=4705.0 | What's the value of the the minimum of short term investment...
  [190/300] CORRECT | truth=311526.0000 pred=311526.0 | Calculate the sum of ratio of sum of cash for SilverLine Ret...
  [194/300] CORRECT | truth=28075.6667 pred=28075.67 | Provide the average non operating expenses for Pacific Crest...
  [188/300] CORRECT | truth=60922.0000 pred=60922.0 | give the current assets for Pacific Crest Energy in 2024....
  [195/300] CORRECT | truth=17996.0000 pred=17996.0 | what do we obtain as the current assets for Cobalt Semicondu...
  [196/300] CORRECT | truth=24950.0000 pred=24950.0 | Compute the current assets for Quantum Bridge Holdings in 20...
  [200/300] CORRECT | truth=222947.0000 pred=222947.0 | You should calculate the current assets for Crimson Pharmace...
  [189/300] CORRECT | truth=-318268.8888 pred=-318268.82 | Which quantity is given by the sum of difference between dif...
  [202/300] CORRECT | truth=57819.0000 pred=57819.0 | What would be the the maximum of total liabilities for Cobal...
  [204/300] CORRECT | truth=370.0000 pred=370.0 | state the the minimum of cash for Pinnacle Health Group usin...
  [197/300] CORRECT | truth=88430.0000 pred=88430.0 | which quantity is given by the the maximum of short term inv...
  [203/300] CORRECT | truth=108798.0000 pred=108798.0 | provide the result of total equity scaled by ratio of sum of...
  [209/300] CORRECT | truth=93272.0000 pred=93272.0 | Which value corresponds to the current assets for Helix BioS...
  [210/300] CORRECT | truth=1870.3333 pred=1870.3333333333333 | State the average accounts receivable for Pinnacle Health Gr...
  [201/300] CORRECT | truth=-176378.1741 pred=-176384.33 | May you calculate the result of inventories scaled by ratio ...
  [211/300] CORRECT | truth=37306.9732 pred=37247.68 | which quantity is given by the result of result of differenc...
  [199/300] CORRECT | truth=1876.0000 pred=1876.0 | determine the the minimum of operating expenses for Pinnacle...
  [206/300] CORRECT | truth=27178.0000 pred=27178.0 | Determine the sum of revenue for Pinnacle Health Group in 20...
  [214/300] CORRECT | truth=797935.0000 pred=797935.0 | what does the following give: the maximum of revenue for Cri...
  [208/300] CORRECT | truth=542897.6860 pred=542875.8 | May you give the result of the maximum of cost of goods sold...
  [212/300] CORRECT | truth=66578.0000 pred=66578.0 | could you give the current assets for Meridian Systems Inc i...
  [207/300] CORRECT | truth=5701.0000 pred=5701.0 | What is the value of the the minimum of accounts receivable ...
  [215/300] CORRECT | truth=105646.0000 pred=105646.0 | Which value corresponds to the current assets for Helix BioS...
  [205/300] CORRECT | truth=203221.5607 pred=203218.71 | calculate the result of the minimum of total equity for Silv...
  [221/300] WRONG  | truth=185385.2012 pred=45205.23 | May you calculate the sum of result of sum of accounts recei...
  [222/300] CORRECT | truth=7648201.3266 pred=7647967.02 | you should give the result of the maximum of total assets fo...
  [219/300] CORRECT | truth=-108338.0000 pred=-108338.0 | provide the difference between gross profit and sum of cash ...
  [198/300] CORRECT | truth=193620.0000 pred=193620.0 | May you calculate the sum of the minimum of revenue for Nova...
  [216/300] CORRECT | truth=19407.0000 pred=19407.0 | May you give the sum of the maximum of inventories for NovaS...
  [226/300] CORRECT | truth=107699.0000 pred=107699.0 | what would be the average operating expenses for ClearPath L...
  [213/300] CORRECT | truth=139005.4313 pred=139245.45 | you should calculate the sum of gross profit and result of s...
  [220/300] CORRECT | truth=250333.0000 pred=250333.0 | what does the following give: sum of the maximum of short te...
  [225/300] CORRECT | truth=10900.0000 pred=10900.0 | determine the current assets for Pinnacle Health Group in 20...
  [224/300] CORRECT | truth=322420.0000 pred=322420.0 | Which result follows from the average total liabilities for ...
  [223/300] CORRECT | truth=150752.0000 pred=150752.0 | You should give the current assets for Crimson Pharmaceutica...
  [232/300] CORRECT | truth=26290.0000 pred=26290.0 | what is the value of the current assets for Atlas Global Ind...
  [234/300] CORRECT | truth=11549.6667 pred=11549.67 | What's the value of the average dividends paid for ClearPath...
  [235/300] CORRECT | truth=144752.0000 pred=144752.0 | what is the value of the sum of gross profit and sum of reve...
  [236/300] CORRECT | truth=6279.0000 pred=6279.0 | Determine the the maximum of capex for Quantum Bridge Holdin...
  [228/300] CORRECT | truth=1935.6667 pred=1935.6666666666667 | Determine the average dividends paid for Quantum Bridge Hold...
  [237/300] CORRECT | truth=219020.0143 pred=218981.37 | which quantity is given by the result of sum of revenue for ...
  [239/300] CORRECT | truth=2520.0000 pred=2520.0 | What would be the the minimum of capex for Cobalt Semiconduc...
  [233/300] CORRECT | truth=92958.0000 pred=92958.0 | Provide the the minimum of total equity for Pacific Crest En...
  [218/300] CORRECT | truth=17976.6308 pred=17976.31 | You should calculate the result of dividends paid scaled by ...
  [241/300] CORRECT | truth=67540.0000 pred=67540.0 | which quantity is given by the current assets for Ironclad M...
  [243/300] CORRECT | truth=10900.0000 pred=10900.0 | determine the current assets for Pinnacle Health Group in 20...
  [229/300] CORRECT | truth=44581.0000 pred=44581.0 | compute the current assets for Quantum Bridge Holdings in 20...
  [230/300] CORRECT | truth=107884.0000 pred=107884.0 | may you calculate the the minimum of revenue for NovaStar Te...
  [242/300] CORRECT | truth=56894.0000 pred=56894.0 | Provide the the minimum of total equity for Pacific Crest En...
  [227/300] WRONG  | truth=209418.0000 pred=154842.0 | Calculate the difference between accounts receivable and dif...
  [247/300] CORRECT | truth=21251.0000 pred=21251.0 | what's the value of the current assets for Atlas Global Indu...
  [250/300] CORRECT | truth=41404978.3688 pred=41412265.8 | Whats the value of the result of sum of difference between t...
  [238/300] CORRECT | truth=57969.0000 pred=57969.0 | Which quantity is given by the current assets for Ironclad M...
  [217/300] CORRECT | truth=141395.0000 pred=141395.0 | Could you give the difference between ratio of sum of operat...
  [245/300] CORRECT | truth=8553.0000 pred=8553.0 | What does the following give: the minimum of capex for Helix...
  [251/300] CORRECT | truth=20220.3333 pred=20220.33 | Give the average short term investments for Pacific Crest En...
  [240/300] CORRECT | truth=147524.0000 pred=147524.0 | calculate the the maximum of operating expenses for SilverLi...
  [254/300] CORRECT | truth=721.0000 pred=721.0 | State the average capex for Pinnacle Health Group across yea...
  [246/300] CORRECT | truth=18382.0000 pred=18382.0 | What would be the current assets for Cobalt Semiconductor in...
  [244/300] CORRECT | truth=8699.0000 pred=8699.0 | what would be the average operating expenses for Cobalt Semi...
  [248/300] WRONG  | truth=20118678.7520 pred=200265592.01151744 | You should calculate the result of cash scaled by ratio of c...
  [249/300] WRONG  | truth=45689.7907 pred=-23169820.38 | What's the value of the difference between sum of cost of go...
  [258/300] CORRECT | truth=499588.0000 pred=499588.0 | whats the value of the the minimum of total assets for Clear...
  [256/300] WRONG  | truth=1025158.0153 pred=12804.3 | Give the result of longterm liabilities scaled by ratio of d...
  [260/300] CORRECT | truth=41540.0000 pred=41540.0 | may you give the the maximum of current liabilities for Orio...
  [231/300] WRONG  | truth=35059.3934 pred=64424.4 | which value corresponds to the sum of difference between dif...
  [262/300] CORRECT | truth=36229.0000 pred=36229.0 | Evaluate the the minimum of accounts receivable for Titan Co...
  [259/300] CORRECT | truth=56894.0000 pred=56894.0 | provide the the minimum of total equity for Pacific Crest En...
  [261/300] CORRECT | truth=233753.0000 pred=233753.0 | Evaluate the current assets for SilverLine Retail Inc in 202...
  [257/300] CORRECT | truth=21527.0000 pred=21527.0 | provide the the minimum of non operating expenses for Pacifi...
  [265/300] CORRECT | truth=59865.0000 pred=59865.0 | Calculate the the maximum of short term investments for Silv...
  [268/300] CORRECT | truth=79070.0000 pred=79070.0 | you should calculate the current assets for Ironclad Manufac...
  [253/300] CORRECT | truth=19839.0000 pred=19839.0 | What do we obtain as the current assets for Cobalt Semicondu...
  [264/300] CORRECT | truth=672607.0000 pred=672607.0 | what does the following give: sum of sum of operating expens...
  [272/300] CORRECT | truth=29355.0000 pred=29355.0 | You should calculate the the minimum of operating expenses f...
  [270/300] WRONG  | truth=4197.5842 pred=68183.41 | what is the value of the result of current liabilities scale...
  [271/300] CORRECT | truth=95759.0000 pred=95759.0 | give the current assets for Pacific Crest Energy in 2022...
  [276/300] CORRECT | truth=27059.0000 pred=27059.0 | what is the the maximum of short term investments for Apex D...
  [274/300] CORRECT | truth=47359.0000 pred=47359.0 | What's the value of the current assets for Atlas Global Indu...
  [275/300] CORRECT | truth=23856.0000 pred=23856.0 | May you calculate the the maximum of accounts receivable for...
  [273/300] CORRECT | truth=142977.0000 pred=142977.0 | You should calculate the the maximum of total liabilities fo...
  [277/300] CORRECT | truth=5679.3333 pred=5679.333333333333 | State the average total equity for Pinnacle Health Group acr...
  [255/300] CORRECT | truth=98272.0000 pred=98272.0 | What does the following give: the maximum of operating expen...
  [279/300] CORRECT | truth=57969.0000 pred=57969.0 | which result follows from the current assets for Ironclad Ma...
  [266/300] CORRECT | truth=296099.0000 pred=296099.0 | you should calculate the current assets for Titan Consumer B...
  [281/300] CORRECT | truth=105036.0000 pred=105036.0 | give the average total equity for Pacific Crest Energy acros...
  [283/300] CORRECT | truth=280237.0000 pred=280237.0 | Which quantity is given by the current assets for Ironclad M...
  [282/300] CORRECT | truth=2627.0000 pred=2627.0 | what is the the minimum of cash for Apex Dynamics Corp using...
  [284/300] WRONG  | truth=71.3372 pred=851.12 | What do we obtain as the result of non operating expenses sc...
  [287/300] CORRECT | truth=8455.0000 pred=8455.0 | What is the value of the the minimum of current liabilities ...
  [286/300] CORRECT | truth=33056.0000 pred=33056.0 | what is the current assets for Apex Dynamics Corp in 2024 ?...
  [290/300] CORRECT | truth=1652.0000 pred=1652.0 | What is the value of the the minimum of inventories for Atla...
  [291/300] CORRECT | truth=272356.0000 pred=272356.0 | compute the current assets for SilverLine Retail Inc in 2024...
  [269/300] WRONG  | truth=29393.0000 pred=16283.0 | could you give the sum of cash and difference between sum of...
  [278/300] CORRECT | truth=229290.0000 pred=229290.0 | Evaluate the current assets for Titan Consumer Brands in 202...
  [285/300] CORRECT | truth=8678.0000 pred=8678.0 | provide the average inventories for Pacific Crest Energy acr...
  [293/300] CORRECT | truth=119230.6667 pred=119230.67 | calculate the average current liabilities for SilverLine Ret...
  [267/300] CORRECT | truth=8754938.6248 pred=8754684.5 | Whats the value of the sum of result of the maximum of total...
  [295/300] CORRECT | truth=7666.0000 pred=7666.0 | State the the minimum of total liabilities for Pinnacle Heal...
  [280/300] CORRECT | truth=18142.0000 pred=18142.0 | What is the the minimum of current liabilities for Apex Dyna...
  [296/300] CORRECT | truth=36435.6667 pred=36435.67 | what is the average current liabilities for Apex Dynamics Co...
  [298/300] WRONG  | truth=-174071.0000 pred=18947.0 | may you give the difference between sum of capex and differe...
  [299/300] CORRECT | truth=-72492.0000 pred=-72492.0 | Which value corresponds to the difference between difference...
  [252/300] CORRECT | truth=818378.7325 pred=838378.69 | compute the difference between gross profit and difference b...
  [288/300] CORRECT | truth=10900.0000 pred=10900.0 | state the current assets for Pinnacle Health Group in 2025....
  [263/300] WRONG  | truth=145525.0347 pred=19054.12 | Which result follows from the result of longterm liabilities...
  [294/300] CORRECT | truth=339512.0000 pred=339512.0 | Calculate the the maximum of total equity for SilverLine Ret...
  [297/300] CORRECT | truth=149482.0000 pred=149482.0 | What do we obtain as the the minimum of total equity for Cri...
  [292/300] WRONG  | truth=96242.1495 pred=-64528.2 | What's the value of the sum of the minimum of inventories fo...
  [289/300] CORRECT | truth=151418.5000 pred=151418.5 | Provide the sum of ratio of sum of inventories for Pacific C...
  [300/300] CORRECT | truth=52279.3333 pred=52279.333333333336 | may you calculate the average cash for NovaStar Technologies...

============================================================
  Model: google/gemma-4-31B-it
============================================================
  10-Q      : 0/0  accuracy = 0.0%  (skipped 0)
  90-Q      : 272/300  accuracy = 90.7%  (skipped 0)
  Multi-turn: 0/0  accuracy = 0.0%  (skipped 0)
  Overall   : 272/300  accuracy = 90.7%
============================================================

Results saved to output_llm/last_runs_9th_aug_after_21/depths/depth_3_gemma_31b_90q_20260809_221538.json
CSV saved to output_llm/eval_results_20260809_221538.csv
<===== END depth_3_gemma_31b_90q =====>
[2026-08-09 22:15:39] DONE section=depths tag=depth_3_gemma_31b_90q output=output_llm/last_runs_9th_aug_after_21/depths/depth_3_gemma_31b_90q.json log=logs/last_runs_9th_aug_after_21/depths/depth_3_gemma_31b_90q.log
[2026-08-09 22:15:39] === DEPTH 4 / n=300 ===
[2026-08-09 22:15:39] PREP depth_4_n300: script/compiler_pipeline_adversarial/make_random_questions_adversarial.py --n 300 --depth-min 4 --depth-max 4
Saved 300 questions to /output/random_questions_90.csv
Saved 300 questions to /output/original_questions.json
Master seed: 755085686
Max bound leaf count: 11
[2026-08-09 22:15:42] START section=depths tag=depth_4_gemma_31b_90q provider=Together model=google/gemma-4-31B-it dataset=90q limit=300
<===== START depth_4_gemma_31b_90q | provider=Together | model=google/gemma-4-31B-it | dataset=90q | limit=300 =====>
90Q are Sheet: /output/financial_spreadsheet.json
90Q are Questions: /output/original_questions.json
Loading datasets...
  90-Q: 300 questions, 15 companies

============================================================
  Evaluating model: google/gemma-4-31B-it
============================================================

-- 90-Q evaluation (300 questions) --
  [6/300] CORRECT | truth=25599.5000 pred=25599.5 | Which result follows from the average operating expenses for...
  [4/300] CORRECT | truth=11607.0000 pred=11607.0 | May you calculate the the maximum of capex for NovaStar Tech...
  [9/300] CORRECT | truth=112894.0000 pred=112894.0 | what is the longterm assets for Apex Dynamics Corp in 2025 ?...
  [7/300] CORRECT | truth=95280.0000 pred=95280.0 | Calculate the average operating expenses for SilverLine Reta...
  [5/300] CORRECT | truth=387219.0000 pred=387219.0 | which result follows from the sum of current assets and gros...
  [2/300] CORRECT | truth=379094.7500 pred=379094.75 | Whats the value of the average total liabilities for ClearPa...
  [1/300] CORRECT | truth=191823.0000 pred=191823.0 | which value corresponds to the longterm assets for Helix Bio...
  [13/300] WRONG  | truth=12319.7289 pred=10881.41 | Determine the sum of difference between result of difference...
  [14/300] CORRECT | truth=687937.0000 pred=687937.0 | Whats the value of the the maximum of revenue for ClearPath ...
  [12/300] WRONG  | truth=421384.4044 pred=57879.3 | could you give the sum of result of longterm liabilities sca...
  [15/300] CORRECT | truth=445216.0000 pred=445216.0 | whats the value of the the maximum of cost of goods sold for...
  [17/300] CORRECT | truth=378705.0000 pred=378705.0 | which result follows from the longterm assets for Ironclad M...
  [16/300] CORRECT | truth=16019.0000 pred=16019.0 | May you calculate the the minimum of non operating expenses ...
  [8/300] CORRECT | truth=710334.5000 pred=710334.5 | what does the following give: average revenue for Crimson Ph...
  [18/300] CORRECT | truth=30842.0000 pred=30842.0 | what would be the the maximum of cost of goods sold for Coba...
  [20/300] CORRECT | truth=20131.2500 pred=20131.25 | Give the average current liabilities for Orion Financial Gro...
  [10/300] CORRECT | truth=26613.0000 pred=26613.0 | May you give the the maximum of operating expenses for NovaS...
  [24/300] CORRECT | truth=10830.0000 pred=10830.0 | Provide the the minimum of operating expenses for Pacific Cr...
  [23/300] CORRECT | truth=139504.0000 pred=139504.0 | Could you give the longterm assets for Meridian Systems Inc ...
  [22/300] CORRECT | truth=21463.0000 pred=21463.0 | evaluate the average inventories for Titan Consumer Brands a...
  [19/300] WRONG  | truth=-56140.3437 pred=54026.9 | provide the sum of difference between result of difference b...
  [3/300] CORRECT | truth=219929.0000 pred=219929.0 | Provide the longterm assets for Pacific Crest Energy in 2020...
  [30/300] CORRECT | truth=56016.0000 pred=56016.0 | what's the value of the longterm assets for Atlas Global Ind...
  [28/300] CORRECT | truth=774.0000 pred=774.0 | provide the the minimum of dividends paid for Pacific Crest ...
  [11/300] CORRECT | truth=65173.0000 pred=65173.0 | could you give the longterm assets for Meridian Systems Inc ...
  [21/300] CORRECT | truth=15521.0000 pred=15521.0 | what does the following give: the minimum of capex for Crims...
  [32/300] CORRECT | truth=213345.0000 pred=213345.0 | what does the following give: the maximum of current liabili...
  [34/300] CORRECT | truth=30313.0000 pred=30313.0 | state the longterm assets for Pinnacle Health Group in 2025....
  [31/300] CORRECT | truth=514684.0000 pred=514684.0 | Whats the value of the the minimum of revenue for ClearPath ...
  [25/300] CORRECT | truth=15194.0000 pred=15194.0 | Which result follows from the average inventories for Helix ...
  [33/300] CORRECT | truth=247385.0000 pred=247385.0 | Which result follows from the the maximum of total liabiliti...
  [37/300] CORRECT | truth=234572.0000 pred=234572.0 | could you give the the maximum of total assets for Meridian ...
  [35/300] CORRECT | truth=52203.0000 pred=52203.0 | what would be the the minimum of total assets for Cobalt Sem...
  [27/300] CORRECT | truth=63527.0000 pred=63527.0 | may you calculate the the minimum of cost of goods sold for ...
  [38/300] CORRECT | truth=48287.0000 pred=48287.0 | Determine the longterm assets for Quantum Bridge Holdings in...
  [41/300] CORRECT | truth=39655.0000 pred=39655.0 | What would be the longterm assets for Cobalt Semiconductor i...
  [40/300] CORRECT | truth=6043.0000 pred=6043.0 | What is the the maximum of inventories for Apex Dynamics Cor...
  [43/300] CORRECT | truth=8665.0000 pred=8665.0 | Determine the the minimum of cost of goods sold for Pinnacle...
  [42/300] CORRECT | truth=103346.0000 pred=103346.0 | May you calculate the longterm assets for NovaStar Technolog...
  [48/300] CORRECT | truth=8839.5000 pred=8839.5 | what is the average operating expenses for Apex Dynamics Cor...
  [47/300] CORRECT | truth=20787.0000 pred=20787.0 | What do we obtain as the the maximum of total equity for Cob...
  [29/300] CORRECT | truth=56951.0000 pred=56951.0 | what is the value of the longterm assets for Apex Dynamics C...
  [49/300] CORRECT | truth=853892.0000 pred=853892.0 | You should calculate the longterm assets for Titan Consumer ...
  [26/300] CORRECT | truth=918217.0000 pred=918217.0 | evaluate the longterm assets for Titan Consumer Brands in 20...
  [53/300] CORRECT | truth=541492.2500 pred=541492.25 | what would be the average revenue for ClearPath Logistics ac...
  [54/300] CORRECT | truth=927688.5000 pred=927688.5 | Which result follows from the sum of the minimum of non oper...
  [39/300] CORRECT | truth=130298.0000 pred=130298.0 | Calculate the the maximum of cash for SilverLine Retail Inc ...
  [57/300] CORRECT | truth=116496.0000 pred=116496.0 | Whats the value of the the minimum of total equity for Clear...
  [56/300] WRONG  | truth=510487.6315 pred=205644.35 | Evaluate the difference between cost of goods sold and resul...
  [44/300] CORRECT | truth=405.0000 pred=405.0 | provide the the minimum of dividends paid for Pacific Crest ...
  [52/300] CORRECT | truth=33783.7500 pred=33783.75 | what is the value of the average current liabilities for Ape...
  [46/300] CORRECT | truth=9008.0000 pred=9008.0 | Determine the longterm assets for Pinnacle Health Group in 2...
  [59/300] CORRECT | truth=101096.2500 pred=101096.25 | may you calculate the average total equity for NovaStar Tech...
  [60/300] CORRECT | truth=56951.0000 pred=56951.0 | What is the longterm assets for Apex Dynamics Corp in 2020?...
  [45/300] CORRECT | truth=3706.7500 pred=3706.75 | What would be the average capex for Cobalt Semiconductor acr...
  [62/300] CORRECT | truth=437826.0000 pred=437826.0 | what does the following give: the minimum of total assets fo...
  [50/300] CORRECT | truth=552699.0000 pred=552699.0 | which result follows from the the maximum of total liabiliti...
  [65/300] CORRECT | truth=19605.0000 pred=19605.0 | what's the value of the the minimum of total equity for Atla...
  [63/300] CORRECT | truth=320486.0000 pred=320486.0 | Whats the value of the sum of the maximum of non operating e...
  [51/300] CORRECT | truth=61378.0000 pred=61378.0 | determine the longterm assets for Quantum Bridge Holdings in...
  [67/300] CORRECT | truth=7772.0000 pred=7772.0 | give the the minimum of short term investments for Orion Fin...
  [64/300] CORRECT | truth=-2187450.1531 pred=-2187445.16 | may you give the sum of result of difference between sum of ...
  [68/300] CORRECT | truth=728017.0000 pred=728017.0 | evaluate the sum of current assets and total assets for Silv...
  [73/300] CORRECT | truth=706774.0000 pred=706774.0 | what's the value of the longterm assets for ClearPath Logist...
  [72/300] CORRECT | truth=100803.2500 pred=100803.25 | give the average total liabilities for Orion Financial Group...
  [71/300] CORRECT | truth=57926.0000 pred=57926.0 | which result follows from the sum of sum of difference betwe...
  [58/300] CORRECT | truth=163671.0000 pred=163671.0 | give the longterm assets for Orion Financial Group in 2024....
  [36/300] CORRECT | truth=76567.6667 pred=76567.66666666667 | State the sum of sum of current liabilities for Pacific Cres...
  [75/300] CORRECT | truth=82616.0000 pred=82616.0 | Provide the the maximum of cash for Pacific Crest Energy usi...
  [74/300] WRONG  | truth=-138981.3333 pred=-39236.33333333334 | What's the value of the difference between ratio of sum of s...
  [77/300] CORRECT | truth=13380.5000 pred=13380.5 | evaluate the average inventories for Titan Consumer Brands a...
  [61/300] CORRECT | truth=0.0000 pred=0.0 | Calculate the the minimum of dividends paid for SilverLine R...
  [79/300] CORRECT | truth=43034.0000 pred=43034.0 | what does the following give: average accounts receivable fo...
  [80/300] CORRECT | truth=5578.0000 pred=5578.0 | Could you give the the minimum of short term investments for...
  [81/300] CORRECT | truth=145388.0000 pred=145388.0 | Provide the longterm assets for Pacific Crest Energy in 2025...
  [83/300] CORRECT | truth=112894.0000 pred=112894.0 | What is the longterm assets for Apex Dynamics Corp in 2025?...
  [66/300] CORRECT | truth=28196.0000 pred=28196.0 | state the longterm assets for Pinnacle Health Group in 2024....
  [76/300] CORRECT | truth=-43769.6667 pred=-43769.66666667 | determine the difference between ratio of sum of sum of inve...
  [70/300] CORRECT | truth=394.0000 pred=394.0 | State the the minimum of capex for Pinnacle Health Group usi...
  [84/300] CORRECT | truth=28435.0000 pred=28435.0 | provide the the maximum of short term investments for Pacifi...
  [86/300] CORRECT | truth=67361.0000 pred=67361.0 | May you calculate the the minimum of total liabilities for N...
  [90/300] CORRECT | truth=2673.0000 pred=2673.0 | what is the average dividends paid for Apex Dynamics Corp ac...
  [69/300] CORRECT | truth=39037.0000 pred=39037.0 | What's the value of the longterm assets for Atlas Global Ind...
  [87/300] CORRECT | truth=58304.0000 pred=58304.0 | Give the the maximum of cash for Orion Financial Group using...
  [88/300] CORRECT | truth=6853.0000 pred=6853.0 | You should give the the maximum of capex for Apex Dynamics C...
  [91/300] CORRECT | truth=8665.0000 pred=8665.0 | state the the minimum of cost of goods sold for Pinnacle Hea...
  [92/300] CORRECT | truth=340690.0000 pred=340690.0 | whats the value of the longterm assets for ClearPath Logisti...
  [93/300] CORRECT | truth=-4991.5331 pred=-4991.05 | compute the result of the minimum of total equity for Quantu...
  [95/300] CORRECT | truth=28435.0000 pred=28435.0 | provide the the maximum of short term investments for Pacifi...
  [94/300] CORRECT | truth=367473.0000 pred=367473.0 | calculate the longterm assets for SilverLine Retail Inc in 2...
  [96/300] CORRECT | truth=50376.5000 pred=50376.5 | what is the value of the average total equity for Apex Dynam...
  [55/300] CORRECT | truth=-689988.5009 pred=-689986.12 | You should calculate the sum of gross profit and result of s...
  [100/300] CORRECT | truth=3285.7500 pred=3285.75 | what's the value of the average dividends paid for Atlas Glo...
  [101/300] CORRECT | truth=145373.0000 pred=145373.0 | could you give the longterm assets for Meridian Systems Inc ...
  [85/300] CORRECT | truth=13956.7500 pred=13956.75 | What is the average short term investments for Apex Dynamics...
  [103/300] CORRECT | truth=260511.0000 pred=260511.0 | calculate the longterm assets for SilverLine Retail Inc in 2...
  [78/300] CORRECT | truth=366328.0000 pred=366328.0 | may you calculate the longterm assets for NovaStar Technolog...
  [106/300] CORRECT | truth=162250.0000 pred=162250.0 | which value corresponds to the longterm assets for Helix Bio...
  [107/300] CORRECT | truth=18724.0000 pred=18724.0 | Which result follows from the the minimum of cash for Helix ...
  [82/300] CORRECT | truth=145373.0000 pred=145373.0 | could you give the longterm assets for Meridian Systems Inc ...
  [98/300] CORRECT | truth=8296.2500 pred=8296.25 | what is the value of the average short term investments for ...
  [108/300] CORRECT | truth=278929.0000 pred=278929.0 | give the sum of ratio of sum of sum of accounts receivable f...
  [110/300] CORRECT | truth=129423.0000 pred=129423.0 | provide the the maximum of total equity for Pacific Crest En...
  [89/300] CORRECT | truth=174481.0000 pred=174481.0 | may you calculate the sum of longterm liabilities and curren...
  [111/300] CORRECT | truth=47514.2500 pred=47514.25 | You should calculate the average accounts receivable for Tit...
  [113/300] CORRECT | truth=4661.5000 pred=4661.5 | What is the average capex for Apex Dynamics Corp across year...
  [99/300] CORRECT | truth=81457.0000 pred=81457.0 | calculate the the maximum of capex for SilverLine Retail Inc...
  [102/300] CORRECT | truth=631.5000 pred=631.5 | May you calculate the average dividends paid for NovaStar Te...
  [114/300] CORRECT | truth=0.0000 pred=0.0 | what is the the minimum of dividends paid for Apex Dynamics ...
  [116/300] CORRECT | truth=17945.0000 pred=17945.0 | You should give the the maximum of operating expenses for Ap...
  [118/300] CORRECT | truth=-84019.0000 pred=-84019.0 | give the difference between the maximum of operating expense...
  [97/300] CORRECT | truth=139495.0000 pred=139495.0 | What's the value of the longterm assets for Atlas Global Ind...
  [119/300] CORRECT | truth=31236.0000 pred=31236.0 | Calculate the the minimum of short term investments for Silv...
  [117/300] CORRECT | truth=12131.7500 pred=12131.75 | could you give the average short term investments for Meridi...
  [105/300] CORRECT | truth=525432.0000 pred=525432.0 | May you give the the maximum of total assets for NovaStar Te...
  [104/300] CORRECT | truth=153750.0000 pred=153750.0 | Whats the value of the the maximum of operating expenses for...
  [120/300] CORRECT | truth=65913.0000 pred=65913.0 | Evaluate the the minimum of cash for Titan Consumer Brands u...
  [124/300] CORRECT | truth=13370.0000 pred=13370.0 | whats the value of the the minimum of capex for ClearPath Lo...
  [125/300] CORRECT | truth=64815.0000 pred=64815.0 | What would be the difference between the maximum of total as...
  [122/300] CORRECT | truth=20731.0000 pred=20731.0 | Determine the the minimum of total liabilities for Quantum B...
  [121/300] CORRECT | truth=111735.2660 pred=110911.43 | Give the difference between sum of gross profit and result o...
  [126/300] WRONG  | truth=308795.8565 pred=5.6817 | calculate the result of gross profit scaled by ratio of cape...
  [131/300] CORRECT | truth=357329.0000 pred=357329.0 | calculate the longterm assets for SilverLine Retail Inc in 2...
  [129/300] CORRECT | truth=7169.0000 pred=7169.0 | what's the value of the the maximum of capex for Atlas Globa...
  [128/300] WRONG  | truth=-18994.4992 pred=-71205875.17 | determine the sum of dividends paid and sum of difference be...
  [127/300] CORRECT | truth=1217431.9587 pred=1217441.66 | You should give the sum of revenue and sum of longterm liabi...
  [112/300] CORRECT | truth=39037.0000 pred=39037.0 | What's the value of the longterm assets for Atlas Global Ind...
  [132/300] CORRECT | truth=60565.0000 pred=60565.0 | You should calculate the average current liabilities for Nov...
  [109/300] CORRECT | truth=365161.0000 pred=365161.0 | Calculate the longterm assets for SilverLine Retail Inc in 2...
  [136/300] CORRECT | truth=16485.0000 pred=16485.0 | Determine the the maximum of non operating expenses for Quan...
  [137/300] CORRECT | truth=4243.0000 pred=4243.0 | What do we obtain as the the minimum of operating expenses f...
  [115/300] CORRECT | truth=269311.0000 pred=269311.0 | Whats the value of the longterm assets for ClearPath Logisti...
  [138/300] CORRECT | truth=100421.0000 pred=100421.0 | State the sum of current assets and longterm liabilities for...
  [141/300] CORRECT | truth=23909.0000 pred=23909.0 | May you give the sum of operating income for Orion Financial...
  [140/300] CORRECT | truth=-17239.2026 pred=-17236.5 | you should give the result of the maximum of operating expen...
  [142/300] CORRECT | truth=269218.0000 pred=269218.0 | May you give the the maximum of total assets for Orion Finan...
  [145/300] CORRECT | truth=32083.0000 pred=32083.0 | What is the value of the longterm assets for Atlas Global In...
  [130/300] CORRECT | truth=271565.0000 pred=271565.0 | Evaluate the average cost of goods sold for Titan Consumer B...
  [123/300] CORRECT | truth=81708.0000 pred=81708.0 | could you give the longterm assets for Meridian Systems Inc ...
  [133/300] CORRECT | truth=27761.0000 pred=27761.0 | You should give the the minimum of non operating expenses fo...
  [149/300] CORRECT | truth=286352.0000 pred=286352.0 | What does the following give: longterm assets for Crimson Ph...
  [146/300] CORRECT | truth=21496.0000 pred=21496.0 | May you give the the minimum of operating expenses for Orion...
  [148/300] CORRECT | truth=22596.0000 pred=22596.0 | Which result follows from the the maximum of inventories for...
  [151/300] CORRECT | truth=20540.7500 pred=20540.75 | Give the average short term investments for Pacific Crest En...
  [147/300] CORRECT | truth=26613.0000 pred=26613.0 | May you calculate the the maximum of operating expenses for ...
  [139/300] CORRECT | truth=664693.0000 pred=664693.0 | What does the following give: the maximum of total assets fo...
  [152/300] CORRECT | truth=12107.0000 pred=12107.0 | What would be the sum of the maximum of non operating expens...
  [157/300] CORRECT | truth=91983.0000 pred=91983.0 | What's the value of the the maximum of revenue for Atlas Glo...
  [143/300] CORRECT | truth=139495.0000 pred=139495.0 | What is the value of the longterm assets for Atlas Global In...
  [154/300] CORRECT | truth=80320.0000 pred=80320.0 | What would be the the maximum of non operating expenses for ...
  [150/300] CORRECT | truth=87508.0000 pred=87508.0 | state the longterm assets for Pacific Crest Energy in 2023....
  [156/300] CORRECT | truth=19749.6667 pred=19749.666666666668 | What do we obtain as the sum of ratio of sum of sum of total...
  [134/300] CORRECT | truth=19281.7500 pred=19281.75 | Determine the average total assets for Pinnacle Health Group...
  [160/300] CORRECT | truth=17565.5000 pred=17565.5 | What is the value of the average current liabilities for Atl...
  [158/300] CORRECT | truth=112894.0000 pred=112894.0 | what is the value of the longterm assets for Apex Dynamics C...
  [159/300] CORRECT | truth=635390.0000 pred=635390.0 | Which quantity is given by the longterm assets for Ironclad ...
  [161/300] CORRECT | truth=16137.5000 pred=16137.5 | What is the average cash for Apex Dynamics Corp across years...
  [162/300] CORRECT | truth=116077.0000 pred=116077.0 | What is the longterm assets for Apex Dynamics Corp in 2021?...
  [165/300] CORRECT | truth=56016.0000 pred=56016.0 | What's the value of the longterm assets for Atlas Global Ind...
  [135/300] CORRECT | truth=78139.0000 pred=78139.0 | Give the sum of current assets for Orion Financial Group in ...
  [167/300] CORRECT | truth=54291.0000 pred=54291.0 | what would be the the maximum of total liabilities for Cobal...
  [171/300] CORRECT | truth=9666.0000 pred=9666.0 | what is the the minimum of non operating expenses for Apex D...
  [144/300] CORRECT | truth=21098.5000 pred=21098.5 | Which result follows from the average inventories for Helix ...
  [168/300] CORRECT | truth=3285.7500 pred=3285.75 | what's the value of the average dividends paid for Atlas Glo...
  [169/300] CORRECT | truth=370704.0000 pred=370704.0 | whats the value of the average total liabilities for ClearPa...
  [153/300] CORRECT | truth=143545.5000 pred=143545.5 | Provide the average total liabilities for Pacific Crest Ener...
  [173/300] CORRECT | truth=46480.0000 pred=46480.0 | What is the the minimum of total liabilities for Apex Dynami...
  [174/300] CORRECT | truth=8094.5194 pred=8093.5 | What do we obtain as the difference between current assets a...
  [176/300] CORRECT | truth=2421.0000 pred=2421.0 | You should give the the maximum of dividends paid for Orion ...
  [172/300] CORRECT | truth=277530.3976 pred=277562.73 | Whats the value of the result of longterm liabilities for Cl...
  [178/300] CORRECT | truth=41743.0000 pred=41743.0 | compute the longterm assets for Quantum Bridge Holdings in 2...
  [175/300] CORRECT | truth=716.7500 pred=716.75 | State the average dividends paid for Pinnacle Health Group a...
  [164/300] CORRECT | truth=24377.5000 pred=24377.5 | what does the following give: average capex for Crimson Phar...
  [155/300] CORRECT | truth=357329.0000 pred=357329.0 | Evaluate the longterm assets for SilverLine Retail Inc in 20...
  [180/300] CORRECT | truth=20196.5000 pred=20196.5 | provide the average short term investments for Pacific Crest...
  [166/300] CORRECT | truth=219929.0000 pred=219929.0 | provide the longterm assets for Pacific Crest Energy in 2020...
  [163/300] CORRECT | truth=1096413.3333 pred=1096413.3333333333 | what do we obtain as the sum of revenue for Crimson Pharmace...
  [182/300] CORRECT | truth=418219.0000 pred=418219.0 | Whats the value of the the maximum of total equity for Clear...
  [185/300] CORRECT | truth=255557.0000 pred=255557.0 | you should give the longterm assets for Crimson Pharmaceutic...
  [186/300] CORRECT | truth=394.0000 pred=394.0 | you should give the the minimum of capex for Pinnacle Health...
  [177/300] CORRECT | truth=28435.0000 pred=28435.0 | Provide the the maximum of short term investments for Pacifi...
  [188/300] WRONG  | truth=-211943.6745 pred=23512.88 | You should give the result of current liabilities scaled by ...
  [181/300] CORRECT | truth=56016.0000 pred=56016.0 | what is the value of the longterm assets for Atlas Global In...
  [170/300] CORRECT | truth=-30410.4757 pred=-30447.6 | Compute the result of the maximum of operating expenses for ...
  [179/300] CORRECT | truth=52795.0000 pred=52795.0 | you should calculate the average short term investments for ...
  [184/300] CORRECT | truth=42993.0000 pred=42993.0 | provide the average current liabilities for Pacific Crest En...
  [190/300] CORRECT | truth=3812.0000 pred=3812.0 | You should calculate the the minimum of non operating expens...
  [191/300] CORRECT | truth=30873.0000 pred=30873.0 | What does the following give: the minimum of accounts receiv...
  [197/300] CORRECT | truth=259874.5000 pred=259874.5 | You should give the average total equity for Crimson Pharmac...
  [192/300] CORRECT | truth=160072.0000 pred=160072.0 | which result follows from the sum of current assets and curr...
  [198/300] CORRECT | truth=47153.0000 pred=47153.0 | May you calculate the longterm assets for NovaStar Technolog...
  [195/300] CORRECT | truth=541627.0000 pred=541627.0 | What does the following give: sum of gross profit and curren...
  [193/300] CORRECT | truth=2530.0000 pred=2530.0 | compute the the minimum of inventories for Quantum Bridge Ho...
  [200/300] CORRECT | truth=28498.0000 pred=28498.0 | You should give the the minimum of cost of goods sold for Qu...
  [201/300] CORRECT | truth=853892.0000 pred=853892.0 | You should calculate the longterm assets for Titan Consumer ...
  [189/300] CORRECT | truth=193978.0000 pred=193978.0 | Calculate the the maximum of non operating expenses for Silv...
  [194/300] CORRECT | truth=18608.0000 pred=18608.0 | could you give the the maximum of inventories for Meridian S...
  [183/300] CORRECT | truth=44843.0000 pred=44843.0 | You should give the sum of non operating expenses and curren...
  [196/300] CORRECT | truth=18084.2500 pred=18084.25 | determine the average total liabilities for Pinnacle Health ...
  [202/300] CORRECT | truth=69920.2304 pred=69919.85 | What does the following give: sum of result of gross profit ...
  [187/300] CORRECT | truth=340690.0000 pred=340690.0 | whats the value of the longterm assets for ClearPath Logisti...
  [206/300] CORRECT | truth=8613.7500 pred=8613.75 | what's the value of the average short term investments for A...
  [207/300] CORRECT | truth=62704.0000 pred=62704.0 | which value corresponds to the the minimum of total equity f...
  [204/300] CORRECT | truth=-23885.0000 pred=-23885.0 | Determine the difference between the minimum of dividends pa...
  [211/300] CORRECT | truth=38749.0000 pred=38749.0 | you should calculate the longterm assets for Cobalt Semicond...
  [203/300] CORRECT | truth=1080.2500 pred=1080.25 | Determine the average inventories for Pinnacle Health Group ...
  [213/300] CORRECT | truth=56894.0000 pred=56894.0 | provide the the minimum of total equity for Pacific Crest En...
  [214/300] CORRECT | truth=5376.0000 pred=5376.0 | may you give the the minimum of accounts receivable for Orio...
  [209/300] CORRECT | truth=3827.2500 pred=3827.25 | Could you give the average dividends paid for Meridian Syste...
  [208/300] CORRECT | truth=2830.7500 pred=2830.75 | state the average operating expenses for Pinnacle Health Gro...
  [215/300] CORRECT | truth=8579.0000 pred=8579.0 | State the sum of longterm liabilities for Pinnacle Health Gr...
  [205/300] CORRECT | truth=77518.5000 pred=77518.5 | calculate the average accounts receivable for SilverLine Ret...
  [216/300] CORRECT | truth=64613.0000 pred=64613.0 | could you give the longterm assets for Meridian Systems Inc ...
  [219/300] CORRECT | truth=7589.0000 pred=7589.0 | what would be the the maximum of accounts receivable for Cob...
  [221/300] CORRECT | truth=9338.0000 pred=9338.0 | state the longterm assets for Pinnacle Health Group in 2020...
  [223/300] CORRECT | truth=9848.5000 pred=9848.5 | Which quantity is given by the average short term investment...
  [222/300] CORRECT | truth=-49955.0000 pred=-48955.0 | Evaluate the difference between current assets and current l...
  [225/300] CORRECT | truth=922.0000 pred=922.0 | What would be the the minimum of short term investments for ...
  [226/300] CORRECT | truth=206070.0000 pred=206070.0 | what is the value of the the maximum of total assets for Ape...
  [227/300] CORRECT | truth=6778.0000 pred=6778.0 | Determine the the maximum of current liabilities for Pinnacl...
  [220/300] WRONG  | truth=-256263.0000 pred=-395766.0 | May you calculate the sum of the maximum of cost of goods so...
  [224/300] CORRECT | truth=108437.0000 pred=108437.0 | could you give the the maximum of total equity for Meridian ...
  [199/300] CORRECT | truth=13336.0000 pred=13336.0 | may you give the difference between current assets and longt...
  [229/300] CORRECT | truth=46722.0000 pred=46722.0 | what is the value of the longterm assets for Atlas Global In...
  [217/300] CORRECT | truth=27059.0000 pred=27059.0 | what is the the maximum of short term investments for Apex D...
  [234/300] CORRECT | truth=52279.2500 pred=52279.25 | what is the average cost of goods sold for Apex Dynamics Cor...
  [231/300] CORRECT | truth=5472.0000 pred=5472.0 | whats the value of the the minimum of inventories for ClearP...
  [230/300] CORRECT | truth=1944.0000 pred=1944.0 | determine the the minimum of capex for Quantum Bridge Holdin...
  [232/300] CORRECT | truth=143685.0000 pred=143685.0 | May you calculate the longterm assets for NovaStar Technolog...
  [233/300] CORRECT | truth=635390.0000 pred=635390.0 | Which quantity is given by the longterm assets for Ironclad ...
  [235/300] CORRECT | truth=343771.3333 pred=343771.3333 | Whats the value of the sum of ratio of sum of sum of total l...
  [236/300] WRONG  | truth=2504.9551 pred=258015.72 | Provide the result of ratio of sum of cash for Pacific Crest...
  [212/300] CORRECT | truth=80451.0000 pred=80451.0 | calculate the the maximum of inventories for SilverLine Reta...
  [210/300] CORRECT | truth=11220.5000 pred=11220.5 | determine the average cost of goods sold for Pinnacle Health...
  [218/300] CORRECT | truth=32022.0000 pred=32022.0 | give the longterm assets for Orion Financial Group in 2020....
  [237/300] CORRECT | truth=-18524.0000 pred=-18524.0 | what would be the difference between current assets and long...
  [239/300] CORRECT | truth=26134.5000 pred=26134.5 | give the average operating expenses for Orion Financial Grou...
  [242/300] CORRECT | truth=52514.0000 pred=52514.0 | what is the sum of current assets and non operating expenses...
  [248/300] CORRECT | truth=21527.0000 pred=21527.0 | provide the the minimum of non operating expenses for Pacifi...
  [240/300] CORRECT | truth=32134.2500 pred=32134.25 | what does the following give: average short term investments...
  [244/300] CORRECT | truth=-644.3482 pred=-644.3141421124283 | Determine the result of difference between current liabiliti...
  [246/300] CORRECT | truth=52090.0000 pred=52090.0 | what's the value of the sum of current assets and inventorie...
  [241/300] CORRECT | truth=54234.0000 pred=54234.0 | which result follows from the the maximum of accounts receiv...
  [247/300] CORRECT | truth=5363.0000 pred=5363.0 | Which result follows from the the minimum of inventories for...
  [228/300] CORRECT | truth=74993.0000 pred=74993.0 | What is the sum of ratio of sum of sum of total equity for A...
  [252/300] WRONG  | truth=9338.0000 pred=10338.0 | state the longterm assets for Pinnacle Health Group in 2020....
  [254/300] CORRECT | truth=3962.0000 pred=3962.0 | Determine the the maximum of cash for Pinnacle Health Group ...
  [256/300] CORRECT | truth=154461.0000 pred=154461.0 | Give the the maximum of total liabilities for Orion Financia...
  [253/300] CORRECT | truth=34511.0000 pred=34511.0 | Evaluate the the maximum of capex for Titan Consumer Brands ...
  [255/300] CORRECT | truth=24706.0000 pred=24706.0 | What is the value of the the maximum of cash for Atlas Globa...
  [245/300] CORRECT | truth=5002.0000 pred=5002.0 | determine the the maximum of inventories for Quantum Bridge ...
  [238/300] CORRECT | truth=642387.0000 pred=642387.0 | whats the value of the sum of the maximum of cost of goods s...
  [249/300] CORRECT | truth=39037.0000 pred=39037.0 | what is the value of the longterm assets for Atlas Global In...
  [259/300] CORRECT | truth=4680.9260 pred=4680.6 | what does the following give: difference between short term ...
  [260/300] WRONG  | truth=153212.5686 pred=109791.97 | you should give the result of sum of sum of difference betwe...
  [251/300] CORRECT | truth=47514.2500 pred=47514.25 | you should calculate the average accounts receivable for Tit...
  [262/300] CORRECT | truth=10309.0000 pred=10309.0 | what would be the the maximum of non operating expenses for ...
  [265/300] CORRECT | truth=62704.0000 pred=62704.0 | Which value corresponds to the the minimum of total equity f...
  [261/300] CORRECT | truth=597468.0000 pred=597468.0 | you should give the the maximum of cost of goods sold for Cr...
  [263/300] CORRECT | truth=13156.0000 pred=13156.0 | Could you give the result of the minimum of non operating ex...
  [266/300] CORRECT | truth=29622.0000 pred=29622.0 | What is the sum of current assets and capex for Apex Dynamic...
  [243/300] CORRECT | truth=162359.6667 pred=162359.66666666666 | what is the sum of ratio of sum of sum of non operating expe...
  [267/300] CORRECT | truth=366328.0000 pred=366328.0 | May you calculate the longterm assets for NovaStar Technolog...
  [258/300] CORRECT | truth=568831.0000 pred=568831.0 | Which result follows from the longterm assets for Ironclad M...
  [269/300] CORRECT | truth=2627.0000 pred=2627.0 | you should calculate the the minimum of cash for Apex Dynami...
  [270/300] CORRECT | truth=20649.0000 pred=20649.0 | compute the the minimum of total equity for Quantum Bridge H...
  [273/300] CORRECT | truth=41540.0000 pred=41540.0 | May you give the the maximum of current liabilities for Orio...
  [274/300] CORRECT | truth=103155.7500 pred=103155.75 | Provide the average total liabilities for Pacific Crest Ener...
  [272/300] CORRECT | truth=294361.5000 pred=294361.5 | may you calculate the average total assets for NovaStar Tech...
  [257/300] CORRECT | truth=409261.0000 pred=409261.0 | what do we obtain as the longterm assets for Crimson Pharmac...
  [280/300] CORRECT | truth=15690.5000 pred=15690.5 | compute the average cash for Quantum Bridge Holdings across ...
  [277/300] CORRECT | truth=937.0000 pred=937.0 | state the the minimum of accounts receivable for Pinnacle He...
  [250/300] CORRECT | truth=636892.0000 pred=636893.0 | Calculate the sum of sum of gross profit for SilverLine Reta...
  [275/300] CORRECT | truth=11997.2500 pred=11997.25 | determine the average total liabilities for Pinnacle Health ...
  [283/300] CORRECT | truth=142602.0000 pred=142602.0 | compute the longterm assets for Quantum Bridge Holdings in 2...
  [264/300] CORRECT | truth=46678.5000 pred=46678.5 | Calculate the average capex for SilverLine Retail Inc across...
  [268/300] CORRECT | truth=378705.0000 pred=378705.0 | which result follows from the longterm assets for Ironclad M...
  [284/300] CORRECT | truth=525432.0000 pred=525432.0 | may you calculate the the maximum of total assets for NovaSt...
  [278/300] CORRECT | truth=50083.5000 pred=50083.5 | You should calculate the average accounts receivable for Tit...
  [285/300] CORRECT | truth=-184292.0000 pred=-184292.0 | Evaluate the difference between inventories and current asse...
  [276/300] CORRECT | truth=3285.7500 pred=3285.75 | what is the value of the average dividends paid for Atlas Gl...
  [288/300] CORRECT | truth=15928.0000 pred=15928.0 | What do we obtain as the the maximum of current liabilities ...
  [290/300] CORRECT | truth=12604.7500 pred=12604.75 | which result follows from the average inventories for Ironcl...
  [291/300] WRONG  | truth=16961.5742 pred=20323.17 | what is the result of non operating expenses scaled by ratio...
  [292/300] WRONG  | truth=457240.5476 pred=532294.4 | What would be the result of longterm liabilities scaled by r...
  [286/300] CORRECT | truth=48021.2500 pred=48021.25 | What is the average total equity for Apex Dynamics Corp acro...
  [295/300] CORRECT | truth=57819.0000 pred=57819.0 | what would be the the maximum of total liabilities for Cobal...
  [294/300] WRONG  | truth=8735.5526 pred=495.18 | state the sum of result of gross profit scaled by ratio of s...
  [287/300] CORRECT | truth=36694.0000 pred=36694.0 | Compute the longterm assets for Quantum Bridge Holdings in 2...
  [271/300] WRONG  | truth=14668.6694 pred=1655769.4 | Could you give the result of ratio of sum of total liabiliti...
  [299/300] CORRECT | truth=64835.0000 pred=64835.0 | may you calculate the average cost of goods sold for NovaSta...
  [298/300] CORRECT | truth=162250.0000 pred=162250.0 | which result follows from the longterm assets for Helix BioS...
  [282/300] CORRECT | truth=11245.0000 pred=11245.0 | Compute the the maximum of accounts receivable for Quantum B...
  [281/300] CORRECT | truth=100624.2613 pred=100624.04 | What is the value of the sum of the maximum of revenue for A...
  [300/300] CORRECT | truth=24683.5000 pred=24683.5 | Which result follows from the average capex for Ironclad Man...
  [279/300] WRONG  | truth=1415178.7034 pred=8.8768 | You should give the result of current assets scaled by ratio...
  [289/300] CORRECT | truth=7177.2500 pred=7177.25 | provide the average inventories for Pacific Crest Energy acr...
  [297/300] CORRECT | truth=26669.0000 pred=26669.0 | may you give the the maximum of non operating expenses for N...
  [293/300] CORRECT | truth=252958.0000 pred=252958.0 | What do we obtain as the sum of ratio of sum of sum of total...
  [296/300] CORRECT | truth=2247.3333 pred=2247.3333333333335 | state the sum of the maximum of capex for Pinnacle Health Gr...

============================================================
  Model: google/gemma-4-31B-it
============================================================
  10-Q      : 0/0  accuracy = 0.0%  (skipped 0)
  90-Q      : 283/300  accuracy = 94.3%  (skipped 0)
  Multi-turn: 0/0  accuracy = 0.0%  (skipped 0)
  Overall   : 283/300  accuracy = 94.3%
============================================================

Results saved to output_llm/last_runs_9th_aug_after_21/depths/depth_4_gemma_31b_90q_20260809_221908.json
CSV saved to output_llm/eval_results_20260809_221908.csv
<===== END depth_4_gemma_31b_90q =====>
[2026-08-09 22:19:08] DONE section=depths tag=depth_4_gemma_31b_90q output=output_llm/last_runs_9th_aug_after_21/depths/depth_4_gemma_31b_90q.json log=logs/last_runs_9th_aug_after_21/depths/depth_4_gemma_31b_90q.log
[2026-08-09 22:19:08] === DEPTH 5 / n=300 ===
[2026-08-09 22:19:08] PREP depth_5_n300: script/compiler_pipeline_adversarial/make_random_questions_adversarial.py --n 300 --depth-min 5 --depth-max 5
Saved 300 questions to /output/random_questions_90.csv
Saved 300 questions to /output/original_questions.json
Master seed: 972127922
Max bound leaf count: 15
[2026-08-09 22:19:15] START section=depths tag=depth_5_gemma_31b_90q provider=Together model=google/gemma-4-31B-it dataset=90q limit=300
<===== START depth_5_gemma_31b_90q | provider=Together | model=google/gemma-4-31B-it | dataset=90q | limit=300 =====>
90Q are Sheet: /output/financial_spreadsheet.json
90Q are Questions: /output/original_questions.json
Loading datasets...
  90-Q: 300 questions, 15 companies

============================================================
  Evaluating model: google/gemma-4-31B-it
============================================================

-- 90-Q evaluation (300 questions) --
  [2/300] CORRECT | truth=131692.0000 pred=131692.0 | Evaluate the the minimum of cost of goods sold for Titan Con...
  [4/300] CORRECT | truth=2425.8000 pred=2425.8 | state the average cash for Pinnacle Health Group across year...
  [1/300] CORRECT | truth=1437.0216 pred=1434.435 | which quantity is given by the result of inventories scaled ...
  [7/300] CORRECT | truth=21026.5000 pred=21026.5 | what is the sum of the maximum of short term investments for...
  [11/300] CORRECT | truth=204446.3235 pred=204443.13725490196 | Compute the result of the maximum of non operating expenses ...
  [13/300] CORRECT | truth=1665.8000 pred=1665.8 | State the average short term investments for Pinnacle Health...
  [12/300] CORRECT | truth=878904.0000 pred=878904.0 | Whats the value of the sum of revenue for ClearPath Logistic...
  [15/300] CORRECT | truth=116761.0978 pred=116648.004 | What do we obtain as the result of the minimum of total liab...
  [16/300] CORRECT | truth=1123.0000 pred=1123.0 | state the the maximum of inventories for Pinnacle Health Gro...
  [17/300] CORRECT | truth=577737.2500 pred=577737.25 | what would be the sum of ratio of sum of sum of sum of reven...
  [20/300] CORRECT | truth=80317.4000 pred=80317.4 | Evaluate the average operating expenses for Titan Consumer B...
  [5/300] CORRECT | truth=112562.0000 pred=112562.0 | what's the value of the the maximum of total equity for Atla...
  [10/300] CORRECT | truth=47755.0000 pred=47755.0 | Give the the minimum of cost of goods sold for Orion Financi...
  [14/300] CORRECT | truth=43443.6000 pred=43443.6 | Which quantity is given by the average current liabilities f...
  [22/300] CORRECT | truth=553885.0000 pred=553885.0 | calculate the the minimum of revenue for SilverLine Retail I...
  [24/300] CORRECT | truth=24802.6000 pred=24802.6 | Evaluate the average inventories for Titan Consumer Brands a...
  [25/300] CORRECT | truth=72012.0000 pred=72012.0 | you should calculate the the maximum of short term investmen...
  [8/300] CORRECT | truth=1397.0000 pred=1397.0 | what is the value of the the minimum of inventories for Apex...
  [18/300] CORRECT | truth=171714.0000 pred=171714.0 | give the sum of longterm assets and revenue for Orion Financ...
  [21/300] WRONG  | truth=945676.6224 pred=771107.51 | what does the following give: sum of result of sum of longte...
  [23/300] WRONG  | truth=80630.4463 pred=-1412175120.0 | what is the difference between sum of dividends paid and cur...
  [6/300] WRONG  | truth=144380.5000 pred=105480.5 | whats the value of the sum of pretax income for ClearPath Lo...
  [26/300] CORRECT | truth=80888.0000 pred=80888.0 | What is the value of the sum of difference between non opera...
  [29/300] CORRECT | truth=-48848.0000 pred=-49848.0 | whats the value of the difference between cost of goods sold...
  [30/300] CORRECT | truth=385097.0000 pred=385097.0 | Provide the sum of ratio of sum of sum of sum of current lia...
  [31/300] CORRECT | truth=56007.0000 pred=56007.0 | what would be the the maximum of revenue for Cobalt Semicond...
  [9/300] CORRECT | truth=374617.8532 pred=374617.3 | which quantity is given by the sum of gross profit for Ironc...
  [19/300] CORRECT | truth=1652.0000 pred=1652.0 | What is the value of the the minimum of inventories for Atla...
  [32/300] CORRECT | truth=292897.0000 pred=292897.0 | evaluate the sum of longterm assets and pretax income for Ti...
  [33/300] CORRECT | truth=80320.0000 pred=80320.0 | whats the value of the the maximum of non operating expenses...
  [36/300] CORRECT | truth=7169.0000 pred=7169.0 | What is the value of the the maximum of capex for Atlas Glob...
  [35/300] CORRECT | truth=51106.0000 pred=51106.0 | Compute the sum of the maximum of short term investments for...
  [3/300] CORRECT | truth=350169.0000 pred=350169.0 | What do we obtain as the sum of longterm assets for Crimson ...
  [41/300] CORRECT | truth=30873.0000 pred=30873.0 | What does the following give: the minimum of accounts receiv...
  [38/300] CORRECT | truth=1795.2000 pred=1795.2 | You should calculate the average accounts receivable for Pin...
  [44/300] CORRECT | truth=13230.1123 pred=13214.6121104523 | which quantity is given by the result of the minimum of tota...
  [39/300] CORRECT | truth=244926.2693 pred=244363.21 | evaluate the result of cash for Titan Consumer Brands in 202...
  [37/300] CORRECT | truth=6070.0000 pred=6070.0 | Could you give the the minimum of cash for Meridian Systems ...
  [45/300] CORRECT | truth=6505.0000 pred=6505.0 | Provide the difference between inventories for Pacific Crest...
  [47/300] CORRECT | truth=139886.0000 pred=139886.0 | which result follows from the the maximum of cash for Ironcl...
  [27/300] CORRECT | truth=36417.0000 pred=36417.0 | You should give the the maximum of accounts receivable for H...
  [48/300] CORRECT | truth=111555.0000 pred=111555.0 | could you give the the minimum of total assets for Meridian ...
  [28/300] CORRECT | truth=47700.0000 pred=47700.0 | you should calculate the the maximum of non operating expens...
  [50/300] CORRECT | truth=15115.0000 pred=15115.0 | Determine the the minimum of revenue for Pinnacle Health Gro...
  [53/300] CORRECT | truth=186854.0000 pred=186854.0 | what's the value of the the maximum of total assets for Atla...
  [34/300] CORRECT | truth=380843.0000 pred=380843.0 | give the sum of difference between revenue and operating inc...
  [54/300] CORRECT | truth=757557.0000 pred=757557.0 | evaluate the the maximum of total liabilities for Titan Cons...
  [40/300] CORRECT | truth=736038.0000 pred=736038.0 | Whats the value of the sum of longterm liabilities for Clear...
  [49/300] CORRECT | truth=43752.0000 pred=43752.0 | What would be the sum of longterm assets and result of divid...
  [46/300] CORRECT | truth=580.1764 pred=580.168 | State the sum of result of the maximum of non operating expe...
  [51/300] CORRECT | truth=26227.0000 pred=26227.0 | which quantity is given by the the maximum of operating expe...
  [58/300] CORRECT | truth=173692.6731 pred=173543.5161412814 | Calculate the result of cash for SilverLine Retail Inc in 20...
  [59/300] CORRECT | truth=6043.0000 pred=6043.0 | What is the the maximum of inventories for Apex Dynamics Cor...
  [56/300] CORRECT | truth=125778.0000 pred=125778.0 | Could you give the the maximum of cost of goods sold for Mer...
  [42/300] CORRECT | truth=7169.0000 pred=7169.0 | what's the value of the the maximum of capex for Atlas Globa...
  [55/300] CORRECT | truth=57899.0000 pred=57899.0 | Which quantity is given by the sum of the minimum of short t...
  [43/300] CORRECT | truth=177654.2000 pred=177654.2 | which quantity is given by the average revenue for Meridian ...
  [65/300] CORRECT | truth=5816.0000 pred=5816.0 | May you give the the minimum of short term investments for O...
  [64/300] CORRECT | truth=46971.8000 pred=46971.8 | What's the value of the average cost of goods sold for Atlas...
  [52/300] WRONG  | truth=-160070.9202 pred=-16367.37 | what does the following give: result of the maximum of opera...
  [66/300] CORRECT | truth=180584.0000 pred=180584.0 | You should give the sum of the maximum of total liabilities ...
  [62/300] CORRECT | truth=4414.6000 pred=4414.6 | what would be the average short term investments for Cobalt ...
  [63/300] CORRECT | truth=48271.0000 pred=48271.0 | compute the sum of pretax income and longterm assets for Qua...
  [67/300] CORRECT | truth=12957.0000 pred=12957.0 | you should give the the minimum of operating expenses for No...
  [70/300] CORRECT | truth=87626.0000 pred=87626.0 | what is the value of the the maximum of total liabilities fo...
  [73/300] CORRECT | truth=43130.0000 pred=43130.0 | may you calculate the the minimum of total liabilities for N...
  [57/300] CORRECT | truth=16807.6000 pred=16807.6 | provide the average accounts receivable for Pacific Crest En...
  [74/300] CORRECT | truth=332993.0000 pred=332993.0 | Whats the value of the difference between longterm assets an...
  [72/300] WRONG  | truth=1162.7245 pred=-0.444536 | you should calculate the sum of short term investments and r...
  [76/300] CORRECT | truth=667765.0000 pred=667765.0 | you should calculate the the maximum of total equity for Tit...
  [75/300] CORRECT | truth=1561.0000 pred=1561.0 | Could you give the the minimum of dividends paid for Meridia...
  [77/300] CORRECT | truth=15773.0000 pred=15773.0 | Which value corresponds to the the minimum of non operating ...
  [68/300] WRONG  | truth=840782.3333 pred=202995.67 | Whats the value of the difference between sum of revenue for...
  [79/300] CORRECT | truth=1477.0000 pred=1477.0 | Determine the the minimum of short term investments for Quan...
  [60/300] CORRECT | truth=26942.0000 pred=26942.0 | provide the sum of non operating expenses for Pacific Crest ...
  [61/300] WRONG  | truth=-74983.0000 pred=36958.0 | May you calculate the difference between the maximum of divi...
  [81/300] CORRECT | truth=4243.0000 pred=4243.0 | what do we obtain as the the minimum of operating expenses f...
  [84/300] CORRECT | truth=35247.0000 pred=35247.0 | What does the following give: the maximum of inventories for...
  [71/300] CORRECT | truth=32151.0000 pred=32151.0 | evaluate the the minimum of operating expenses for SilverLin...
  [83/300] CORRECT | truth=941051.0000 pred=941051.0 | you should calculate the sum of longterm assets for Titan Co...
  [82/300] WRONG  | truth=-1062298.3412 pred=3608.79 | Could you give the difference between pretax income and resu...
  [85/300] CORRECT | truth=194386.0000 pred=194386.0 | What's the value of the sum of ratio of sum of total assets ...
  [90/300] CORRECT | truth=12073.0000 pred=12073.0 | which result follows from the the minimum of short term inve...
  [87/300] CORRECT | truth=62984.0000 pred=62984.0 | What does the following give: the minimum of current liabili...
  [89/300] CORRECT | truth=4908.0000 pred=4908.0 | May you give the the minimum of short term investments for N...
  [91/300] CORRECT | truth=77316.0000 pred=77316.0 | whats the value of the the maximum of short term investments...
  [80/300] WRONG  | truth=29782.3778 pred=22951.342343250522 | what would be the result of longterm assets scaled by ratio ...
  [88/300] CORRECT | truth=-64759.0000 pred=-64759.0 | you should calculate the difference between longterm liabili...
  [94/300] CORRECT | truth=12599.0000 pred=12599.0 | Whats the value of the average inventories for ClearPath Log...
  [96/300] CORRECT | truth=80451.0000 pred=80451.0 | calculate the the maximum of inventories for SilverLine Reta...
  [97/300] CORRECT | truth=38887.0000 pred=38887.0 | what does the following give: the maximum of capex for Crims...
  [93/300] CORRECT | truth=80451.0000 pred=80451.0 | Calculate the the maximum of inventories for SilverLine Reta...
  [95/300] CORRECT | truth=6426.0000 pred=6426.0 | State the difference between longterm liabilities and sum of...
  [98/300] CORRECT | truth=26297.2433 pred=26297.25 | could you give the result of short term investments scaled b...
  [69/300] CORRECT | truth=144317.7500 pred=144317.75 | which quantity is given by the sum of ratio of sum of sum of...
  [101/300] CORRECT | truth=11427.0000 pred=11427.0 | which result follows from the the minimum of capex for Ironc...
  [78/300] CORRECT | truth=176341.0000 pred=176341.0 | Compute the sum of sum of total liabilities and current asse...
  [86/300] CORRECT | truth=4243.0000 pred=4243.0 | What would be the the minimum of operating expenses for Coba...
  [105/300] CORRECT | truth=45287.0000 pred=45287.0 | whats the value of the the maximum of capex for ClearPath Lo...
  [103/300] WRONG  | truth=144226.6667 pred=197172.0 | which value corresponds to the sum of longterm assets for He...
  [104/300] WRONG  | truth=1633.6000 pred=5095.0 | May you give the average dividends paid for NovaStar Technol...
  [100/300] CORRECT | truth=2651.3511 pred=2652.46 | What would be the result of ratio of sum of sum of revenue f...
  [108/300] CORRECT | truth=98150.0000 pred=98150.0 | Determine the average total assets for Quantum Bridge Holdin...
  [107/300] CORRECT | truth=32678.0000 pred=32678.0 | you should give the the minimum of accounts receivable for T...
  [110/300] CORRECT | truth=30873.0000 pred=30873.0 | what does the following give: the minimum of accounts receiv...
  [106/300] CORRECT | truth=-119118.0000 pred=-119118.0 | Provide the difference between pretax income and longterm as...
  [109/300] CORRECT | truth=151433.0000 pred=151433.0 | whats the value of the difference between longterm assets an...
  [112/300] CORRECT | truth=2868.0000 pred=2868.0 | State the average operating expenses for Pinnacle Health Gro...
  [113/300] CORRECT | truth=4908.0000 pred=4908.0 | May you calculate the the minimum of short term investments ...
  [111/300] CORRECT | truth=283754.0000 pred=283754.0 | may you calculate the sum of sum of gross profit and current...
  [117/300] CORRECT | truth=339437.0000 pred=339437.0 | Give the the maximum of total assets for Pacific Crest Energ...
  [116/300] CORRECT | truth=41213.0000 pred=41213.0 | determine the the maximum of total assets for Pinnacle Healt...
  [114/300] CORRECT | truth=292597.7500 pred=292597.75 | you should give the difference between ratio of sum of sum o...
  [120/300] CORRECT | truth=58986.8000 pred=58986.8 | Which result follows from the average non operating expenses...
  [102/300] CORRECT | truth=81788.0000 pred=81788.0 | which value corresponds to the the minimum of total liabilit...
  [123/300] CORRECT | truth=157508.0000 pred=157508.0 | Which quantity is given by the sum of longterm assets for Me...
  [125/300] CORRECT | truth=6279.0000 pred=6279.0 | You should calculate the the maximum of capex for Quantum Br...
  [118/300] WRONG  | truth=13757.5310 pred=17367.13 | Which value corresponds to the result of ratio of sum of sum...
  [124/300] WRONG  | truth=325881.9593 pred=64053.78 | you should give the result of capex for Helix BioSciences in...
  [126/300] CORRECT | truth=248300.0000 pred=248300.0 | which result follows from the sum of longterm assets and acc...
  [127/300] CORRECT | truth=694091.0000 pred=694091.0 | evaluate the sum of the maximum of cost of goods sold for Ti...
  [130/300] CORRECT | truth=67863.0000 pred=67863.0 | Give the the minimum of total assets for Orion Financial Gro...
  [129/300] CORRECT | truth=24683.4000 pred=24683.4 | whats the value of the average capex for ClearPath Logistics...
  [99/300] CORRECT | truth=-221701.0000 pred=-221701.0 | what do we obtain as the difference between short term inves...
  [121/300] CORRECT | truth=-220267.5965 pred=-220286.76 | Which value corresponds to the sum of sum of result of total...
  [134/300] CORRECT | truth=-59642.0000 pred=-59642.0 | May you give the difference between inventories for Orion Fi...
  [132/300] CORRECT | truth=122930.4000 pred=122930.4 | compute the average operating expenses for SilverLine Retail...
  [131/300] CORRECT | truth=1099709.0345 pred=1097461.74 | Which value corresponds to the sum of the maximum of cost of...
  [136/300] CORRECT | truth=17260.0000 pred=17260.0 | what does the following give: the minimum of inventories for...
  [135/300] CORRECT | truth=4078.0000 pred=4078.0 | what is the value of the the minimum of capex for Atlas Glob...
  [140/300] CORRECT | truth=130855.6000 pred=130855.6 | compute the average current liabilities for SilverLine Retai...
  [139/300] CORRECT | truth=13623.0000 pred=13623.0 | what do we obtain as the the maximum of operating expenses f...
  [92/300] CORRECT | truth=790839.3333 pred=790839.3333333334 | What's the value of the sum of dividends paid for ClearPath ...
  [141/300] CORRECT | truth=211708.0000 pred=211708.0 | May you give the sum of longterm assets and non operating ex...
  [137/300] CORRECT | truth=142085.0000 pred=142085.0 | May you give the the maximum of revenue for Orion Financial ...
  [128/300] CORRECT | truth=9166.0000 pred=9166.0 | Evaluate the the minimum of inventories for Titan Consumer B...
  [122/300] CORRECT | truth=338824.0000 pred=338824.0 | you should calculate the the maximum of current liabilities ...
  [145/300] CORRECT | truth=85983.0000 pred=85983.0 | give the the maximum of cost of goods sold for Orion Financi...
  [115/300] WRONG  | truth=1271699.6989 pred=485492.885 | what is the sum of result of sum of gross profit and gross p...
  [148/300] CORRECT | truth=130298.0000 pred=130298.0 | evaluate the the maximum of cash for SilverLine Retail Inc u...
  [146/300] CORRECT | truth=403888.0000 pred=403888.0 | whats the value of the sum of longterm assets and current li...
  [142/300] CORRECT | truth=12598.0000 pred=12598.0 | What do we obtain as the the maximum of cash for Cobalt Semi...
  [152/300] CORRECT | truth=65373.0000 pred=65373.0 | What do we obtain as the the maximum of short term investmen...
  [150/300] CORRECT | truth=27359.8000 pred=27359.8 | Provide the average operating expenses for Pacific Crest Ene...
  [143/300] WRONG  | truth=-4959.1111 pred=1323.35 | state the result of cash scaled by ratio of difference betwe...
  [154/300] CORRECT | truth=204759.0000 pred=204759.0 | what do we obtain as the the minimum of cost of goods sold f...
  [133/300] CORRECT | truth=23856.0000 pred=23856.0 | May you calculate the the maximum of accounts receivable for...
  [151/300] CORRECT | truth=550259.0000 pred=550259.0 | What does the following give: sum of sum of sum of the minim...
  [153/300] CORRECT | truth=-474449.0000 pred=-474449.0 | What do we obtain as the difference between the maximum of c...
  [155/300] CORRECT | truth=985558.3679 pred=985218.5 | Which result follows from the sum of result of the maximum o...
  [138/300] CORRECT | truth=311112.0000 pred=311112.0 | provide the sum of sum of capex and gross profit and longter...
  [156/300] CORRECT | truth=30958.6720 pred=30957.46 | What would be the sum of total equity for Cobalt Semiconduct...
  [160/300] CORRECT | truth=16466.0000 pred=16466.0 | May you calculate the the maximum of capex for NovaStar Tech...
  [158/300] CORRECT | truth=41213.0000 pred=41213.0 | Determine the the maximum of total assets for Pinnacle Healt...
  [147/300] CORRECT | truth=-213.0000 pred=-213.0 | Compute the difference between total equity for Quantum Brid...
  [149/300] CORRECT | truth=439316.0000 pred=439316.0 | What do we obtain as the sum of the maximum of short term in...
  [162/300] CORRECT | truth=243369.0000 pred=243369.0 | Evaluate the sum of the maximum of dividends paid for Titan ...
  [163/300] CORRECT | truth=17384.0000 pred=17384.0 | you should calculate the the minimum of capex for Titan Cons...
  [144/300] CORRECT | truth=45287.0000 pred=45287.0 | whats the value of the the maximum of capex for ClearPath Lo...
  [165/300] CORRECT | truth=27925.0000 pred=27925.0 | Which value corresponds to the the maximum of short term inv...
  [166/300] CORRECT | truth=910313.0000 pred=910313.0 | What does the following give: sum of the maximum of revenue ...
  [119/300] CORRECT | truth=-127703.5000 pred=-127703.5 | May you give the difference between ratio of sum of cash for...
  [157/300] WRONG  | truth=8767.5489 pred=366.445 | give the result of ratio of sum of inventories for Pacific C...
  [170/300] CORRECT | truth=4628.0000 pred=4628.0 | What is the average capex for Apex Dynamics Corp across year...
  [168/300] CORRECT | truth=350855.0000 pred=350855.0 | May you calculate the sum of the maximum of revenue for Nova...
  [161/300] CORRECT | truth=27212.0782 pred=27200.98 | State the result of pretax income for Pacific Crest Energy i...
  [169/300] WRONG  | truth=160590.5000 pred=84693.0 | What is the sum of longterm assets for Apex Dynamics Corp in...
  [164/300] CORRECT | truth=87626.0000 pred=87626.0 | What is the value of the the maximum of total liabilities fo...
  [172/300] CORRECT | truth=23773.4058 pred=23706.8 | Could you give the sum of the maximum of non operating expen...
  [171/300] WRONG  | truth=272932.0903 pred=68654845635.63 | Could you give the sum of sum of the maximum of total assets...
  [167/300] CORRECT | truth=87989.0000 pred=87989.0 | you should give the the minimum of revenue for Orion Financi...
  [176/300] CORRECT | truth=28364.0000 pred=28364.0 | which value corresponds to the the maximum of capex for Heli...
  [179/300] CORRECT | truth=28979.0000 pred=28979.0 | which result follows from the average accounts receivable fo...
  [175/300] WRONG  | truth=1040.7606 pred=12730466.16 | give the result of gross profit scaled by ratio of current a...
  [180/300] CORRECT | truth=63362.0000 pred=63362.0 | you should give the the minimum of non operating expenses fo...
  [182/300] CORRECT | truth=153784.6000 pred=153784.6 | Give the average total assets for Orion Financial Group acro...
  [181/300] CORRECT | truth=46315.0000 pred=46315.0 | what is the sum of the maximum of accounts receivable for Ap...
  [183/300] CORRECT | truth=-206380.0000 pred=-206380.0 | which result follows from the difference between short term ...
  [159/300] CORRECT | truth=437826.0000 pred=437826.0 | what do we obtain as the the minimum of total assets for Cri...
  [174/300] CORRECT | truth=0.0000 pred=0.0 | State the the minimum of dividends paid for Pinnacle Health ...
  [177/300] CORRECT | truth=64377.6667 pred=64377.66666666667 | evaluate the sum of ratio of sum of sum of capex for Titan C...
  [184/300] CORRECT | truth=394.0000 pred=394.0 | determine the the minimum of capex for Pinnacle Health Group...
  [173/300] CORRECT | truth=9253.0000 pred=9253.0 | Which result follows from the the minimum of cash for Ironcl...
  [185/300] CORRECT | truth=10975.0000 pred=10975.0 | May you calculate the the minimum of accounts receivable for...
  [189/300] CORRECT | truth=251576.0000 pred=251576.0 | May you calculate the sum of the maximum of revenue for Nova...
  [188/300] CORRECT | truth=270988.0000 pred=270988.0 | what does the following give: average total equity for Crims...
  [191/300] CORRECT | truth=97887.0000 pred=97887.0 | Which value corresponds to the the maximum of current liabil...
  [192/300] CORRECT | truth=214246.7500 pred=214246.75 | provide the sum of the minimum of non operating expenses for...
  [186/300] CORRECT | truth=34209.0000 pred=34209.0 | State the sum of sum of current assets and revenue for Pinna...
  [187/300] CORRECT | truth=289943.0000 pred=289943.0 | which value corresponds to the sum of longterm assets and pr...
  [195/300] CORRECT | truth=12201.0000 pred=12201.0 | Give the the minimum of operating expenses for Orion Financi...
  [196/300] CORRECT | truth=125778.0000 pred=125778.0 | which quantity is given by the the maximum of cost of goods ...
  [199/300] CORRECT | truth=1477.0000 pred=1477.0 | compute the the minimum of short term investments for Quantu...
  [201/300] CORRECT | truth=-298837.0000 pred=-298837.0 | which result follows from the difference between inventories...
  [203/300] WRONG  | truth=555709.0000 pred=2022.0 | Calculate the sum of the minimum of total liabilities for Si...
  [202/300] CORRECT | truth=11621.0000 pred=11621.0 | you should calculate the average total liabilities for Pinna...
  [197/300] CORRECT | truth=203144.0000 pred=203144.0 | may you give the sum of sum of longterm liabilities for Orio...
  [190/300] CORRECT | truth=4671.0000 pred=4671.0 | provide the the minimum of cash for Pacific Crest Energy usi...
  [194/300] CORRECT | truth=678315.2000 pred=678315.2 | What does the following give: average revenue for Crimson Ph...
  [178/300] CORRECT | truth=25963.0377 pred=25945.657 | what's the value of the result of cash for Atlas Global Indu...
  [205/300] WRONG  | truth=-49670.6454 pred=-1.92556 | what's the value of the difference between inventories and r...
  [193/300] CORRECT | truth=87453.0736 pred=87452.75 | whats the value of the result of total equity for ClearPath ...
  [211/300] CORRECT | truth=131903.0000 pred=131903.0 | which result follows from the the minimum of total equity fo...
  [206/300] CORRECT | truth=127023.0000 pred=127023.0 | What is the sum of longterm assets for Apex Dynamics Corp in...
  [207/300] CORRECT | truth=-434162.0000 pred=-434162.0 | Which result follows from the difference between pretax inco...
  [198/300] CORRECT | truth=221593.0000 pred=221593.0 | Which quantity is given by the the maximum of current liabil...
  [213/300] CORRECT | truth=6081.0000 pred=6081.0 | Give the average inventories for Orion Financial Group acros...
  [204/300] CORRECT | truth=1477.0000 pred=1477.0 | Determine the the minimum of short term investments for Quan...
  [214/300] CORRECT | truth=47700.0000 pred=47700.0 | which result follows from the the maximum of non operating e...
  [216/300] CORRECT | truth=63198.0000 pred=63198.0 | whats the value of the the minimum of current liabilities fo...
  [200/300] CORRECT | truth=28556.2000 pred=28556.2 | which quantity is given by the average cash for Meridian Sys...
  [215/300] CORRECT | truth=249847.0000 pred=249847.0 | May you calculate the sum of longterm assets and operating i...
  [209/300] CORRECT | truth=12598.0000 pred=12598.0 | what would be the the maximum of cash for Cobalt Semiconduct...
  [210/300] CORRECT | truth=26091.0000 pred=26091.0 | which result follows from the the maximum of inventories for...
  [218/300] CORRECT | truth=160664.6667 pred=160664.66666666666 | you should calculate the sum of the minimum of inventories f...
  [220/300] CORRECT | truth=8135.0000 pred=8135.0 | you should calculate the the minimum of current liabilities ...
  [222/300] CORRECT | truth=34132.0000 pred=34132.0 | Which result follows from the the maximum of capex for Ironc...
  [217/300] CORRECT | truth=405886.2000 pred=405886.2 | you should calculate the average total equity for Titan Cons...
  [225/300] CORRECT | truth=47700.0000 pred=47700.0 | Which value corresponds to the the maximum of non operating ...
  [208/300] CORRECT | truth=53979.0000 pred=53979.0 | Compute the sum of current liabilities for Quantum Bridge Ho...
  [228/300] CORRECT | truth=63154.0606 pred=63135.21 | give the result of cash for Orion Financial Group in 2025 sc...
  [223/300] CORRECT | truth=462112.6667 pred=462112.6666666667 | whats the value of the sum of ratio of sum of sum of dividen...
  [212/300] WRONG  | truth=95464.9183 pred=750218.8 | You should calculate the result of the minimum of current li...
  [226/300] WRONG  | truth=9547.0000 pred=-9547.0 | compute the sum of difference between current assets and cur...
  [231/300] CORRECT | truth=27950.0000 pred=27950.0 | Determine the sum of pretax income for Quantum Bridge Holdin...
  [227/300] CORRECT | truth=15969.8000 pred=15969.8 | you should calculate the average non operating expenses for ...
  [232/300] WRONG  | truth=5973.4912 pred=13747.46 | what do we obtain as the result of longterm liabilities for ...
  [233/300] CORRECT | truth=59865.0000 pred=59865.0 | evaluate the the maximum of short term investments for Silve...
  [235/300] CORRECT | truth=11339.6000 pred=11339.6 | What is the average non operating expenses for Apex Dynamics...
  [224/300] CORRECT | truth=18276.2000 pred=18276.2 | may you give the average short term investments for Orion Fi...
  [229/300] CORRECT | truth=4705.1545 pred=4705.15 | What do we obtain as the result of the minimum of cash for C...
  [237/300] CORRECT | truth=12598.0000 pred=12598.0 | you should give the the maximum of cash for Cobalt Semicondu...
  [234/300] CORRECT | truth=308992.0000 pred=308992.0 | provide the sum of sum of the maximum of short term investme...
  [230/300] CORRECT | truth=37971.8000 pred=37971.8 | which quantity is given by the average current liabilities f...
  [219/300] CORRECT | truth=21588.2000 pred=21588.2 | may you calculate the average operating expenses for NovaSta...
  [240/300] CORRECT | truth=107884.0000 pred=107884.0 | may you give the the minimum of revenue for NovaStar Technol...
  [241/300] CORRECT | truth=17190.0000 pred=17190.0 | what would be the difference between the maximum of cost of ...
  [239/300] CORRECT | truth=21171.0000 pred=21171.0 | provide the sum of the minimum of cash for Pacific Crest Ene...
  [242/300] CORRECT | truth=259892.8000 pred=259892.8 | which value corresponds to the average total assets for Heli...
  [246/300] CORRECT | truth=334777.0000 pred=334777.0 | Provide the sum of longterm assets and sum of total assets a...
  [247/300] CORRECT | truth=35455.0000 pred=35455.0 | state the sum of difference between longterm liabilities and...
  [248/300] CORRECT | truth=36087.0000 pred=36087.0 | what is the sum of the maximum of operating expenses for Ape...
  [249/300] CORRECT | truth=118705.7500 pred=118705.75 | Which quantity is given by the sum of the maximum of total e...
  [252/300] CORRECT | truth=376935.0000 pred=376935.0 | What's the value of the sum of capex and longterm assets for...
  [253/300] CORRECT | truth=7753.0000 pred=7753.0 | what's the value of the the maximum of accounts receivable f...
  [250/300] CORRECT | truth=2064.6000 pred=2064.6 | What would be the average inventories for Cobalt Semiconduct...
  [244/300] CORRECT | truth=3346.4000 pred=3346.4 | What would be the average short term investments for Cobalt ...
  [236/300] CORRECT | truth=15773.0000 pred=15773.0 | which value corresponds to the the minimum of non operating ...
  [256/300] CORRECT | truth=131739.0000 pred=131739.0 | you should calculate the sum of longterm assets and accounts...
  [254/300] CORRECT | truth=259892.8000 pred=259892.8 | which value corresponds to the average total assets for Heli...
  [258/300] CORRECT | truth=1035938.0000 pred=1035938.0 | Evaluate the sum of longterm assets and gross profit for Tit...
  [260/300] CORRECT | truth=24652.0000 pred=24652.0 | what does the following give: the maximum of dividends paid ...
  [245/300] CORRECT | truth=757557.0000 pred=757557.0 | evaluate the the maximum of total liabilities for Titan Cons...
  [251/300] CORRECT | truth=65373.0000 pred=65373.0 | What does the following give: the maximum of short term inve...
  [257/300] CORRECT | truth=37262.0000 pred=37262.0 | Provide the the maximum of non operating expenses for Pacifi...
  [221/300] WRONG  | truth=65301.6667 pred=0.146628 | what is the sum of ratio of sum of sum of non operating expe...
  [264/300] CORRECT | truth=27333.0000 pred=27333.0 | Which value corresponds to the the minimum of current liabil...
  [262/300] CORRECT | truth=50112.8000 pred=50112.8 | what is the average cost of goods sold for Apex Dynamics Cor...
  [261/300] WRONG  | truth=1067.8879 pred=540.84 | Could you give the result of the minimum of dividends paid f...
  [259/300] CORRECT | truth=86155.6000 pred=86155.6 | May you calculate the average total equity for NovaStar Tech...
  [238/300] CORRECT | truth=44284.0000 pred=44284.0 | you should calculate the the maximum of dividends paid for T...
  [263/300] CORRECT | truth=645846.0000 pred=645846.0 | whats the value of the sum of longterm assets for ClearPath ...
  [267/300] CORRECT | truth=1477.0000 pred=1477.0 | Compute the the minimum of short term investments for Quantu...
  [269/300] CORRECT | truth=-41055.0000 pred=-41055.0 | What would be the difference between cash and longterm asset...
  [271/300] CORRECT | truth=35919.6000 pred=35919.6 | What does the following give: average short term investments...
  [255/300] CORRECT | truth=1025361.5099 pred=1025294.31 | could you give the result of gross profit for Meridian Syste...
  [274/300] CORRECT | truth=4365.0000 pred=4365.0 | What's the value of the the minimum of dividends paid for Cl...
  [243/300] WRONG  | truth=2527.4063 pred=0.02144 | Determine the result of ratio of sum of sum of sum of accoun...
  [276/300] CORRECT | truth=5564.5000 pred=5564.5 | State the difference between current liabilities for Pinnacl...
  [265/300] CORRECT | truth=2682.0000 pred=2682.0 | Determine the the maximum of accounts receivable for Pinnacl...
  [275/300] WRONG  | truth=5496.0000 pred=1224.0 | state the difference between difference between accounts rec...
  [268/300] CORRECT | truth=101392.0000 pred=101392.0 | calculate the the maximum of accounts receivable for SilverL...
  [273/300] CORRECT | truth=541958.7500 pred=541958.75 | Evaluate the sum of ratio of sum of sum of sum of total liab...
  [282/300] CORRECT | truth=23315.0000 pred=23315.0 | Which quantity is given by the average capex for Ironclad Ma...
  [283/300] CORRECT | truth=100290.0000 pred=100290.0 | may you calculate the sum of difference between gross profit...
  [278/300] CORRECT | truth=210501.9099 pred=210016.02 | what's the value of the result of longterm liabilities for A...
  [280/300] CORRECT | truth=4248.0000 pred=4248.0 | what would be the the maximum of dividends paid for Cobalt S...
  [277/300] CORRECT | truth=13623.0000 pred=13623.0 | what do we obtain as the the maximum of operating expenses f...
  [279/300] CORRECT | truth=381473.0000 pred=381473.0 | what do we obtain as the the maximum of total equity for Cri...
  [270/300] CORRECT | truth=112562.0000 pred=112562.0 | what's the value of the the maximum of total equity for Atla...
  [286/300] WRONG  | truth=-2786.0188 pred=-2633264.3 | Give the result of sum of gross profit and short term invest...
  [289/300] CORRECT | truth=126971.0000 pred=126971.0 | Provide the difference between longterm assets and total equ...
  [284/300] CORRECT | truth=443192.0000 pred=443192.0 | evaluate the the maximum of total liabilities for SilverLine...
  [288/300] CORRECT | truth=234572.0000 pred=234572.0 | could you give the the maximum of total assets for Meridian ...
  [293/300] CORRECT | truth=499181.0000 pred=499181.0 | What do we obtain as the the maximum of total liabilities fo...
  [281/300] CORRECT | truth=87804.0000 pred=87804.0 | what is the difference between longterm assets and gross pro...
  [292/300] CORRECT | truth=-4555.0000 pred=-4555.0 | What is the value of the sum of the minimum of capex for Atl...
  [296/300] CORRECT | truth=9253.0000 pred=9253.0 | which quantity is given by the the minimum of cash for Ironc...
  [297/300] CORRECT | truth=12862.4000 pred=12862.4 | whats the value of the average dividends paid for ClearPath ...
  [295/300] WRONG  | truth=-99221.5940 pred=-3.841 | may you give the sum of longterm liabilities and result of g...
  [285/300] CORRECT | truth=-92559.2500 pred=-92559.25 | What does the following give: difference between ratio of su...
  [298/300] CORRECT | truth=206177.0000 pred=206177.0 | provide the sum of the minimum of cost of goods sold for Pac...
  [299/300] CORRECT | truth=60836.0000 pred=60836.0 | Compute the the maximum of total equity for Quantum Bridge H...
  [287/300] CORRECT | truth=52043.8000 pred=52043.8 | whats the value of the average short term investments for Cl...
  [294/300] CORRECT | truth=57819.0000 pred=57819.0 | what would be the the maximum of total liabilities for Cobal...
  [290/300] CORRECT | truth=144544.0063 pred=144449.57 | which quantity is given by the result of inventories for Mer...
  [266/300] WRONG  | truth=380.5907 pred=6438371.1 | which result follows from the result of ratio of sum of sum ...
  [300/300] CORRECT | truth=140885.0000 pred=140885.0 | whats the value of the sum of the minimum of cash for ClearP...
  [291/300] CORRECT | truth=20731.0000 pred=20731.0 | compute the the minimum of total liabilities for Quantum Bri...
  [272/300] CORRECT | truth=1576310.7571 pred=1576309.77 | Evaluate the sum of the minimum of revenue for Titan Consume...

============================================================
  Model: google/gemma-4-31B-it
============================================================
  10-Q      : 0/0  accuracy = 0.0%  (skipped 0)
  90-Q      : 269/300  accuracy = 89.7%  (skipped 0)
  Multi-turn: 0/0  accuracy = 0.0%  (skipped 0)
  Overall   : 269/300  accuracy = 89.7%
============================================================

Results saved to output_llm/last_runs_9th_aug_after_21/depths/depth_5_gemma_31b_90q_20260809_222308.json
CSV saved to output_llm/eval_results_20260809_222308.csv
<===== END depth_5_gemma_31b_90q =====>
[2026-08-09 22:23:08] DONE section=depths tag=depth_5_gemma_31b_90q output=output_llm/last_runs_9th_aug_after_21/depths/depth_5_gemma_31b_90q.json log=logs/last_runs_9th_aug_after_21/depths/depth_5_gemma_31b_90q.log
[2026-08-09 22:23:08] === DEPTH 6 / n=300 ===
[2026-08-09 22:23:08] PREP depth_6_n300: script/compiler_pipeline_adversarial/make_random_questions_adversarial.py --n 300 --depth-min 6 --depth-max 6
Saved 300 questions to /output/random_questions_90.csv
Saved 300 questions to /output/original_questions.json
Master seed: 954818949
Max bound leaf count: 20
[2026-08-09 22:23:17] START section=depths tag=depth_6_gemma_31b_90q provider=Together model=google/gemma-4-31B-it dataset=90q limit=300
<===== START depth_6_gemma_31b_90q | provider=Together | model=google/gemma-4-31B-it | dataset=90q | limit=300 =====>
90Q are Sheet: /output/financial_spreadsheet.json
90Q are Questions: /output/original_questions.json
Loading datasets...
  90-Q: 300 questions, 15 companies

============================================================
  Evaluating model: google/gemma-4-31B-it
============================================================

-- 90-Q evaluation (300 questions) --
  [9/300] CORRECT | truth=68008.3333 pred=68008.33333333333 | what's the value of the average non operating expenses for C...
  [3/300] WRONG  | truth=18694.0000 pred=4628.0 | what is the sum of current assets for Apex Dynamics Corp in ...
  [11/300] CORRECT | truth=33803.0000 pred=33803.0 | What do we obtain as the average short term investments for ...
  [1/300] CORRECT | truth=2888.0000 pred=2888.0 | what do we obtain as the sum of result of longterm liabiliti...
  [13/300] CORRECT | truth=70585.8333 pred=70585.8333 | could you give the average total equity for Meridian Systems...
  [6/300] CORRECT | truth=33172.8000 pred=33172.8 | What do we obtain as the sum of gross profit for Cobalt Semi...
  [12/300] WRONG  | truth=2006.6920 pred=502.0865771034344 | which result follows from the result of operating income for...
  [2/300] CORRECT | truth=192812.5000 pred=192812.5 | Evaluate the average current liabilities for Titan Consumer ...
  [8/300] WRONG  | truth=225310.7864 pred=152121.3 | compute the sum of sum of pretax income for Quantum Bridge H...
  [16/300] CORRECT | truth=91957.3333 pred=91957.33333333333 | could you give the average total liabilities for Meridian Sy...
  [19/300] CORRECT | truth=31278.1667 pred=31278.166666666668 | What is the average current liabilities for Apex Dynamics Co...
  [18/300] CORRECT | truth=74533.5194 pred=74539.27 | provide the sum of current assets and result of capex scaled...
  [21/300] CORRECT | truth=2429.3665 pred=2428.2812716218 | determine the result of capex for Pinnacle Health Group in 2...
  [14/300] CORRECT | truth=71648.0000 pred=71648.0 | determine the sum of the maximum of capex for Quantum Bridge...
  [5/300] CORRECT | truth=1118.3333 pred=1118.3333333333333 | what do we obtain as the average dividends paid for Cobalt S...
  [25/300] CORRECT | truth=82758.0000 pred=82758.0 | What is the sum of the maximum of total equity for Apex Dyna...
  [17/300] CORRECT | truth=1920.8333 pred=1920.8333333333333 | what is the average dividends paid for Apex Dynamics Corp ac...
  [23/300] WRONG  | truth=-30741.6301 pred=-203564.4 | whats the value of the sum of total liabilities and sum of l...
  [24/300] CORRECT | truth=50982.6667 pred=50982.67 | what does the following give: average accounts receivable fo...
  [26/300] CORRECT | truth=462.3994 pred=462.41525 | may you calculate the result of total equity for NovaStar Te...
  [22/300] CORRECT | truth=92051.5000 pred=92051.5 | What is the average total liabilities for Apex Dynamics Corp...
  [7/300] CORRECT | truth=107340.0000 pred=107340.0 | What's the value of the sum of difference between the maximu...
  [4/300] CORRECT | truth=751431.2500 pred=751431.25 | What's the value of the sum of the maximum of cost of goods ...
  [10/300] CORRECT | truth=74297.8333 pred=74297.83333333333 | You should calculate the average operating expenses for Tita...
  [31/300] CORRECT | truth=2750283.5569 pred=2750215.21 | what do we obtain as the result of revenue scaled by ratio o...
  [15/300] CORRECT | truth=558743.0000 pred=558743.0 | you should give the sum of the minimum of total equity for C...
  [29/300] WRONG  | truth=3548800.2717 pred=276727704.7 | may you calculate the result of sum of longterm assets and r...
  [28/300] CORRECT | truth=480326.3333 pred=480326.333333 | you should calculate the average revenue for Titan Consumer ...
  [34/300] CORRECT | truth=126802.4000 pred=126802.4 | calculate the difference between ratio of sum of sum of sum ...
  [38/300] WRONG  | truth=310766.0000 pred=None | which quantity is given by the difference between revenue an...
  [30/300] CORRECT | truth=91595.0000 pred=91595.0 | which quantity is given by the difference between the maximu...
  [39/300] CORRECT | truth=136727.5000 pred=136727.5 | what is the average total assets for Apex Dynamics Corp acro...
  [37/300] CORRECT | truth=56255.8333 pred=56255.833 | whats the value of the average short term investments for Cl...
  [27/300] CORRECT | truth=806944.0000 pred=806944.0 | What's the value of the sum of total assets for ClearPath Lo...
  [40/300] CORRECT | truth=-190040.0000 pred=-190040.0 | you should give the difference between the maximum of invent...
  [20/300] CORRECT | truth=15019.0000 pred=15019.0 | what is the value of the sum of difference between accounts ...
  [41/300] CORRECT | truth=50231.0000 pred=50231.0 | determine the sum of the minimum of capex for Quantum Bridge...
  [42/300] CORRECT | truth=26402.1667 pred=26403.5 | could you give the average cash for Meridian Systems Inc acr...
  [46/300] CORRECT | truth=89860.6667 pred=89860.66666666667 | What does the following give: average cash for Crimson Pharm...
  [33/300] CORRECT | truth=117572.8333 pred=117572.8333 | give the average revenue for Orion Financial Group across ye...
  [47/300] CORRECT | truth=12021.5000 pred=12021.5 | what's the value of the average dividends paid for ClearPath...
  [43/300] CORRECT | truth=128745.5000 pred=128745.5 | What is the sum of sum of sum of current assets for Apex Dyn...
  [51/300] CORRECT | truth=35611.0000 pred=35611.0 | What do we obtain as the sum of the maximum of accounts rece...
  [45/300] CORRECT | truth=111.1555 pred=111.14 | What is the result of the minimum of non operating expenses ...
  [54/300] WRONG  | truth=369402.0000 pred=137904.0 | calculate the sum of accounts receivable for SilverLine Reta...
  [36/300] CORRECT | truth=5521.0000 pred=5521.0 | what's the value of the sum of the minimum of short term inv...
  [32/300] CORRECT | truth=5595.9579 pred=5595.99 | Determine the result of operating income for Pinnacle Health...
  [35/300] CORRECT | truth=14204.3333 pred=14204.333333333334 | what do we obtain as the average current liabilities for Cob...
  [55/300] CORRECT | truth=-79238.0000 pred=-79238.0 | May you give the difference between capex and difference bet...
  [57/300] CORRECT | truth=648577.3333 pred=648577.3333333334 | you should calculate the average total assets for ClearPath ...
  [50/300] WRONG  | truth=62470.0000 pred=70467.0 | provide the sum of short term investments for Pacific Crest ...
  [58/300] CORRECT | truth=5331.6715 pred=5330.005 | What would be the result of ratio of sum of operating expens...
  [56/300] CORRECT | truth=133339.4118 pred=133344.52060671593 | What is the result of the maximum of total assets for Apex D...
  [61/300] WRONG  | truth=1130178.4000 pred=965851.4 | evaluate the sum of current assets for Titan Consumer Brands...
  [48/300] CORRECT | truth=162543.1667 pred=162543.16666666666 | Which quantity is given by the average total assets for Meri...
  [44/300] WRONG  | truth=28220.5134 pred=9257.07 | Give the result of ratio of sum of sum of sum of sum of acco...
  [49/300] CORRECT | truth=360159.0000 pred=360159.0 | which quantity is given by the sum of ratio of sum of sum of...
  [64/300] CORRECT | truth=11372.3726 pred=11351.15 | What do we obtain as the sum of result of the maximum of cas...
  [60/300] CORRECT | truth=-551561.0000 pred=-551561.0 | Whats the value of the sum of the maximum of inventories for...
  [65/300] CORRECT | truth=24671.3333 pred=24671.3333 | State the average operating expenses for Pacific Crest Energ...
  [69/300] CORRECT | truth=3758.0000 pred=3758.0 | determine the sum of the maximum of accounts receivable for ...
  [68/300] CORRECT | truth=38887.0000 pred=38887.0 | what does the following give: sum of the minimum of dividend...
  [59/300] CORRECT | truth=62182.1667 pred=62182.166666666664 | Which result follows from the average operating expenses for...
  [53/300] WRONG  | truth=415298.4000 pred=0.42044833855385 | Evaluate the sum of ratio of sum of sum of sum of sum of ope...
  [67/300] CORRECT | truth=7498.1667 pred=7498.166666666667 | What's the value of the average short term investments for A...
  [66/300] CORRECT | truth=531.6667 pred=531.6666666666666 | state the average dividends paid for Pinnacle Health Group a...
  [62/300] CORRECT | truth=22223.0000 pred=22223.0 | compute the average current liabilities for Quantum Bridge H...
  [71/300] CORRECT | truth=677.3333 pred=677.333 | State the average capex for Pinnacle Health Group across yea...
  [72/300] CORRECT | truth=186650.3333 pred=186650.33 | which result follows from the average cost of goods sold for...
  [70/300] CORRECT | truth=82562.0000 pred=82562.0 | What would be the sum of the maximum of operating expenses f...
  [52/300] WRONG  | truth=68664.9615 pred=2589.77 | Whats the value of the result of operating expenses scaled b...
  [77/300] CORRECT | truth=-17136.0000 pred=-17136.0 | what is the value of the difference between current liabilit...
  [75/300] CORRECT | truth=6112.5000 pred=6112.5 | what would be the average non operating expenses for Cobalt ...
  [79/300] WRONG  | truth=77131.0583 pred=51083.209 | compute the result of cash for SilverLine Retail Inc in 2023...
  [80/300] CORRECT | truth=2702.6667 pred=2702.67 | State the average operating expenses for Pinnacle Health Gro...
  [76/300] CORRECT | truth=1492899.5076 pred=1492851.58 | Which quantity is given by the result of ratio of sum of sum...
  [82/300] CORRECT | truth=288874.1667 pred=288874.1666666667 | What does the following give: average total liabilities for ...
  [73/300] CORRECT | truth=28572.0713 pred=28573.31 | which result follows from the result of the minimum of opera...
  [83/300] CORRECT | truth=40187.1095 pred=40202.85 | which result follows from the result of the minimum of opera...
  [86/300] CORRECT | truth=17725.3333 pred=18325.333333333332 | you should calculate the average cash for Apex Dynamics Corp...
  [63/300] WRONG  | truth=55971.2500 pred=2021.0 | give the sum of ratio of sum of sum of sum of dividends paid...
  [90/300] WRONG  | truth=-110898.0000 pred=-188856.0 | Which value corresponds to the difference between difference...
  [89/300] CORRECT | truth=8515.0000 pred=8515.0 | determine the average accounts receivable for Quantum Bridge...
  [92/300] CORRECT | truth=16166.4000 pred=16166.4 | Determine the sum of ratio of sum of sum of sum of sum of in...
  [93/300] CORRECT | truth=11789.3333 pred=11789.3333 | what is the average short term investments for Apex Dynamics...
  [78/300] CORRECT | truth=3953.0000 pred=3953.0 | What would be the average capex for Cobalt Semiconductor acr...
  [91/300] CORRECT | truth=170773.5000 pred=170773.5 | Which value corresponds to the sum of ratio of sum of sum of...
  [88/300] CORRECT | truth=4295.0000 pred=4295.0 | What would be the average short term investments for Cobalt ...
  [95/300] WRONG  | truth=-35275.5008 pred=-1152.04 | determine the result of the maximum of dividends paid for Qu...
  [97/300] CORRECT | truth=32889.4642 pred=32884.33 | whats the value of the result of sum of the maximum of curre...
  [85/300] CORRECT | truth=89860.6667 pred=89860.67 | what does the following give: average cash for Crimson Pharm...
  [84/300] CORRECT | truth=287878.8845 pred=286880.1979 | Which quantity is given by the result of gross profit for Ir...
  [87/300] CORRECT | truth=17243.6435 pred=17254.18 | Whats the value of the result of pretax income for ClearPath...
  [81/300] CORRECT | truth=17482.0000 pred=17482.0 | You should give the sum of difference between current assets...
  [100/300] CORRECT | truth=56255.8333 pred=56255.8333 | whats the value of the average short term investments for Cl...
  [98/300] CORRECT | truth=130126.5000 pred=130126.5 | Provide the average total liabilities for Pacific Crest Ener...
  [102/300] WRONG  | truth=2028033.9409 pred=-13005.769 | Could you give the difference between result of current liab...
  [106/300] CORRECT | truth=-187405.0000 pred=-187405.0 | Evaluate the difference between sum of the minimum of operat...
  [94/300] CORRECT | truth=4295.0000 pred=4295.0 | what would be the average short term investments for Cobalt ...
  [96/300] CORRECT | truth=250945.1667 pred=250945.16666666666 | You should calculate the average total assets for Helix BioS...
  [99/300] CORRECT | truth=9811.1667 pred=9811.166666666666 | may you calculate the average capex for NovaStar Technologie...
  [108/300] CORRECT | truth=97345.6000 pred=97345.6 | which quantity is given by the sum of the maximum of invento...
  [74/300] WRONG  | truth=-170414.7099 pred=133074.0 | which value corresponds to the difference between dividends ...
  [101/300] CORRECT | truth=565391.0000 pred=565391.0 | Calculate the sum of operating income and difference between...
  [110/300] CORRECT | truth=7157.9241 pred=7163.540133443745 | evaluate the result of short term investments for SilverLine...
  [104/300] CORRECT | truth=7425.6667 pred=7425.67 | you should give the average capex for Orion Financial Group ...
  [113/300] CORRECT | truth=3678.2140 pred=3678.3147 | What do we obtain as the result of the minimum of total liab...
  [112/300] WRONG  | truth=8417.2681 pred=62915.5 | You should give the result of operating income scaled by rat...
  [109/300] CORRECT | truth=1263623.8255 pred=1263655.25 | Which result follows from the result of accounts receivable ...
  [107/300] CORRECT | truth=25014.1667 pred=25014.17 | Give the average operating expenses for Orion Financial Grou...
  [105/300] CORRECT | truth=3827.6667 pred=3827.6666666666665 | what is the average inventories for Apex Dynamics Corp acros...
  [119/300] CORRECT | truth=3320.5000 pred=3320.5 | compute the average capex for Quantum Bridge Holdings across...
  [103/300] WRONG  | truth=21831.0000 pred=0.41999 | what do we obtain as the sum of ratio of sum of sum of sum o...
  [118/300] CORRECT | truth=27244.8333 pred=27244.8333 | what do we obtain as the average capex for Crimson Pharmaceu...
  [120/300] CORRECT | truth=310966.0000 pred=310966.0 | What's the value of the sum of operating income for ClearPat...
  [124/300] CORRECT | truth=20307.3333 pred=20307.33 | what is the value of the average current liabilities for Atl...
  [115/300] CORRECT | truth=16774.5000 pred=16774.5 | what does the following give: average dividends paid for Cri...
  [125/300] CORRECT | truth=122779.0000 pred=122779.0 | evaluate the average current liabilities for SilverLine Reta...
  [122/300] CORRECT | truth=152117.3980 pred=152117.8 | which quantity is given by the sum of the minimum of total l...
  [128/300] CORRECT | truth=44751.0000 pred=44751.0 | what would be the sum of sum of pretax income and total liab...
  [123/300] CORRECT | truth=18453.0000 pred=18453.0 | What would be the average total equity for Cobalt Semiconduc...
  [116/300] CORRECT | truth=398842.8000 pred=366691.8 | evaluate the sum of operating expenses for SilverLine Retail...
  [117/300] CORRECT | truth=91935.7781 pred=91981.15 | what does the following give: result of the minimum of opera...
  [131/300] CORRECT | truth=24601.0000 pred=24601.0 | which result follows from the difference between the maximum...
  [114/300] CORRECT | truth=112182.8333 pred=112182.8333 | which value corresponds to the average total equity for Heli...
  [111/300] WRONG  | truth=-4696143.3178 pred=-2.1386 | Evaluate the result of current assets for SilverLine Retail ...
  [133/300] CORRECT | truth=3991.0000 pred=3991.0 | what is the value of the average inventories for Atlas Globa...
  [132/300] CORRECT | truth=18453.0000 pred=18453.0 | what would be the average total equity for Cobalt Semiconduc...
  [135/300] CORRECT | truth=-212507.0000 pred=-212507.0 | give the difference between longterm liabilities for Orion F...
  [138/300] CORRECT | truth=33803.0000 pred=33969.67 | what does the following give: average short term investments...
  [137/300] CORRECT | truth=95508.6000 pred=95508.6 | Determine the sum of ratio of sum of sum of sum of sum of ac...
  [136/300] WRONG  | truth=70202.1930 pred=-179315.37 | Could you give the difference between total liabilities and ...
  [139/300] CORRECT | truth=78664.0000 pred=78664.0 | Calculate the sum of ratio of sum of sum of sum of short ter...
  [141/300] CORRECT | truth=260888.3179 pred=260922.23 | which value corresponds to the result of sum of operating in...
  [143/300] CORRECT | truth=454999.0000 pred=484999.0 | provide the sum of sum of longterm assets for Pacific Crest ...
  [127/300] CORRECT | truth=31229.6667 pred=31229.666666666668 | which result follows from the average non operating expenses...
  [144/300] CORRECT | truth=31296.1614 pred=31294.33 | What is the result of ratio of sum of revenue for Apex Dynam...
  [146/300] CORRECT | truth=9466.0000 pred=9466.0 | what would be the sum of cash for Cobalt Semiconductor in 20...
  [129/300] CORRECT | truth=35235.9786 pred=35244.7 | May you calculate the result of cash for NovaStar Technologi...
  [147/300] CORRECT | truth=147906.0000 pred=147906.0 | whats the value of the average current liabilities for Clear...
  [130/300] CORRECT | truth=105943.6000 pred=105943.6 | give the sum of the minimum of revenue for Orion Financial G...
  [126/300] CORRECT | truth=79346.5000 pred=79346.5 | What is the average revenue for Apex Dynamics Corp across ye...
  [149/300] CORRECT | truth=5035.0000 pred=4701.666666666667 | Compute the average short term investments for Quantum Bridg...
  [148/300] CORRECT | truth=33188.1667 pred=33188.166666666664 | Which result follows from the average accounts receivable fo...
  [134/300] CORRECT | truth=97526.3333 pred=97526.33333333333 | provide the average cost of goods sold for Pacific Crest Ene...
  [150/300] CORRECT | truth=95188.5000 pred=95188.5 | Provide the sum of sum of ratio of sum of operating expenses...
  [152/300] CORRECT | truth=14259.0039 pred=15612.5257 | you should give the result of total equity for Cobalt Semico...
  [151/300] CORRECT | truth=60596.1667 pred=60596.17 | which result follows from the average non operating expenses...
  [153/300] CORRECT | truth=722826.3333 pred=722826.3333333334 | Calculate the average revenue for SilverLine Retail Inc acro...
  [154/300] CORRECT | truth=192812.5000 pred=192812.5 | evaluate the average current liabilities for Titan Consumer ...
  [157/300] CORRECT | truth=287009.1667 pred=287009.1666666667 | Calculate the average total equity for SilverLine Retail Inc...
  [159/300] CORRECT | truth=87120.5000 pred=87120.5 | what is the value of the average revenue for Atlas Global In...
  [140/300] CORRECT | truth=87120.5000 pred=87120.5 | what is the value of the average revenue for Atlas Global In...
  [158/300] CORRECT | truth=94557.6000 pred=94557.6 | what's the value of the sum of ratio of sum of sum of sum of...
  [163/300] CORRECT | truth=33397.0000 pred=36198.0 | State the sum of sum of the minimum of current liabilities f...
  [162/300] CORRECT | truth=147258.6667 pred=147258.66666666666 | may you calculate the average total liabilities for NovaStar...
  [155/300] WRONG  | truth=-847733.2429 pred=-460958.4 | Give the result of difference between difference between ope...
  [166/300] CORRECT | truth=28414.0000 pred=28414.0 | what is the sum of the maximum of dividends paid for Apex Dy...
  [142/300] CORRECT | truth=48633.0000 pred=48633.0 | May you give the sum of current liabilities for NovaStar Tec...
  [121/300] WRONG  | truth=-7100172.1728 pred=7759006.1 | provide the sum of the maximum of current liabilities for Pa...
  [167/300] CORRECT | truth=1652.1667 pred=1652.1666666666667 | State the average accounts receivable for Pinnacle Health Gr...
  [161/300] WRONG  | truth=23654.2000 pred=9807.2 | may you give the sum of pretax income for Orion Financial Gr...
  [170/300] CORRECT | truth=22130.8333 pred=22130.833333333332 | could you give the average non operating expenses for Meridi...
  [169/300] CORRECT | truth=102198.5000 pred=102198.5 | May you give the sum of gross profit for Orion Financial Gro...
  [168/300] CORRECT | truth=63083.1667 pred=63083.166666666664 | What would be the average total assets for Cobalt Semiconduc...
  [172/300] CORRECT | truth=54815.6667 pred=54815.666666666664 | you should give the average current liabilities for NovaStar...
  [171/300] CORRECT | truth=98950.8561 pred=98005.0119 | Provide the sum of gross profit for Pacific Crest Energy in ...
  [173/300] CORRECT | truth=14365.2103 pred=14362.48643781332 | Which result follows from the result of the minimum of divid...
  [176/300] CORRECT | truth=60596.1667 pred=60596.166666666664 | Which result follows from the average non operating expenses...
  [175/300] CORRECT | truth=59063.3331 pred=59071.71 | Could you give the result of the maximum of cash for Meridia...
  [145/300] CORRECT | truth=112012.0000 pred=112012.0 | Compute the sum of ratio of sum of sum of sum of sum of tota...
  [160/300] CORRECT | truth=418601.2590 pred=418760.088 | Whats the value of the result of the minimum of revenue for ...
  [180/300] WRONG  | truth=483914.0000 pred=126585.0 | calculate the sum of current liabilities and sum of longterm...
  [178/300] CORRECT | truth=-35839.0000 pred=-35839.0 | What is the value of the difference between difference betwe...
  [181/300] CORRECT | truth=20307.3333 pred=20307.33 | What's the value of the average current liabilities for Atla...
  [156/300] CORRECT | truth=22666.3333 pred=22666.333333333332 | May you give the average non operating expenses for NovaStar...
  [174/300] CORRECT | truth=3320.5000 pred=3320.5 | Determine the average capex for Quantum Bridge Holdings acro...
  [164/300] CORRECT | truth=9664.5000 pred=9664.5 | which quantity is given by the average capex for Meridian Sy...
  [184/300] CORRECT | truth=28574.5000 pred=28574.5 | provide the average non operating expenses for Pacific Crest...
  [185/300] CORRECT | truth=151971.0000 pred=151971.0 | May you calculate the average revenue for NovaStar Technolog...
  [188/300] CORRECT | truth=2032.6667 pred=2032.6666666666665 | what do we obtain as the average inventories for Cobalt Semi...
  [190/300] CORRECT | truth=144088.0000 pred=144088.0 | which value corresponds to the sum of the minimum of total l...
  [165/300] CORRECT | truth=412672.1667 pred=412672.1666666667 | which result follows from the average revenue for Ironclad M...
  [191/300] CORRECT | truth=3827.6667 pred=3827.6666666666665 | what is the value of the average inventories for Apex Dynami...
  [182/300] CORRECT | truth=9538.5000 pred=9538.5 | State the sum of the maximum of operating expenses for Pinna...
  [183/300] CORRECT | truth=256388.0000 pred=256398.0 | Evaluate the average cost of goods sold for Titan Consumer B...
  [195/300] CORRECT | truth=1056694.0000 pred=1056694.0 | What does the following give: difference between total asset...
  [189/300] CORRECT | truth=14533.8333 pred=14533.833333333334 | evaluate the average dividends paid for Titan Consumer Brand...
  [192/300] CORRECT | truth=214335.0000 pred=214335.0 | what is the value of the sum of the maximum of total assets ...
  [194/300] CORRECT | truth=10797.6667 pred=10797.666666666666 | provide the average capex for Pacific Crest Energy across ye...
  [197/300] CORRECT | truth=983372.0000 pred=983372.0 | You should calculate the sum of the maximum of cash for Tita...
  [199/300] CORRECT | truth=1403158.4696 pred=1403231.36 | May you calculate the result of operating income for NovaSta...
  [179/300] WRONG  | truth=192684.6113 pred=-71272.31 | State the sum of difference between short term investments a...
  [202/300] CORRECT | truth=102836.0000 pred=102836.0 | what is the value of the sum of the minimum of total liabili...
  [177/300] CORRECT | truth=445364.9230 pred=445308.2125467554 | which result follows from the sum of total liabilities for I...
  [198/300] CORRECT | truth=28949.0000 pred=28949.0 | What do we obtain as the sum of gross profit for Cobalt Semi...
  [203/300] CORRECT | truth=228028.5852 pred=228075.0188 | calculate the result of ratio of sum of sum of sum of sum of...
  [204/300] CORRECT | truth=8188.4000 pred=8188.4 | Determine the sum of the maximum of short term investments f...
  [187/300] WRONG  | truth=3456904.9252 pred=27373133511.75 | what is the result of sum of gross profit and revenue for Ap...
  [206/300] CORRECT | truth=120857.2428 pred=120855.7 | compute the result of the maximum of total assets for Quantu...
  [201/300] CORRECT | truth=31745.0000 pred=31745.0 | Give the sum of the minimum of total equity for Orion Financ...
  [210/300] CORRECT | truth=6112.5000 pred=6112.5 | what do we obtain as the average non operating expenses for ...
  [209/300] CORRECT | truth=-112584.7500 pred=-112584.75 | may you give the difference between difference between curre...
  [211/300] CORRECT | truth=187004.1667 pred=187004.16666666666 | Provide the average revenue for Pacific Crest Energy across ...
  [214/300] WRONG  | truth=-10361.9604 pred=-6162.26 | Which value corresponds to the result of difference between ...
  [215/300] CORRECT | truth=28983.5000 pred=28983.5 | give the sum of the maximum of capex for Orion Financial Gro...
  [196/300] CORRECT | truth=14027.1667 pred=14027.166666666666 | Compute the average operating expenses for Quantum Bridge Ho...
  [193/300] WRONG  | truth=-11501355.0214 pred=-104.94277514522211 | what is the result of cost of goods sold scaled by ratio of ...
  [217/300] CORRECT | truth=402367.0000 pred=402367.0 | what do we obtain as the sum of longterm assets for Crimson ...
  [205/300] CORRECT | truth=55693.0000 pred=55693.0 | State the difference between the maximum of current liabilit...
  [208/300] CORRECT | truth=22130.8333 pred=22130.833 | State the average total assets for Pinnacle Health Group acr...
  [186/300] CORRECT | truth=-32407.8106 pred=-32407.63 | what would be the result of non operating expenses scaled by...
  [218/300] CORRECT | truth=25314.3333 pred=25314.333333333332 | What does the following give: average inventories for Crimso...
  [207/300] CORRECT | truth=16820.5000 pred=16837.166666666664 | Provide the average short term investments for Pacific Crest...
  [220/300] WRONG  | truth=7127.2249 pred=791.9136 | Compute the result of inventories for Quantum Bridge Holding...
  [213/300] CORRECT | truth=93475.1667 pred=93475.16666666667 | Compute the average total assets for Quantum Bridge Holdings...
  [221/300] CORRECT | truth=5926.1667 pred=5926.166666666667 | may you calculate the average inventories for NovaStar Techn...
  [222/300] CORRECT | truth=80818.0000 pred=80818.0 | May you calculate the sum of operating income for NovaStar T...
  [223/300] CORRECT | truth=38816.1667 pred=38816.166666666664 | which value corresponds to the average cash for Helix BioSci...
  [224/300] CORRECT | truth=33188.1667 pred=33188.166666666664 | Which result follows from the average accounts receivable fo...
  [226/300] CORRECT | truth=338594.0000 pred=338594.0 | Calculate the average total liabilities for SilverLine Retai...
  [228/300] WRONG  | truth=275096.9241 pred=167132.35 | what do we obtain as the sum of total liabilities and result...
  [212/300] WRONG  | truth=361067.0000 pred=282140.0 | Evaluate the sum of gross profit for SilverLine Retail Inc i...
  [230/300] CORRECT | truth=-1793248.2414 pred=-1791542.85 | What's the value of the result of non operating expenses for...
  [233/300] CORRECT | truth=552245.3333 pred=552245.33 | What do we obtain as the average total assets for Crimson Ph...
  [216/300] CORRECT | truth=83990.8000 pred=83990.8 | What's the value of the sum of ratio of sum of sum of sum of...
  [227/300] CORRECT | truth=56190.2500 pred=56190.25 | what is the value of the sum of cost of goods sold for Atlas...
  [231/300] CORRECT | truth=-35413.0000 pred=-35413.0 | could you give the difference between inventories for Meridi...
  [234/300] CORRECT | truth=201857.2500 pred=201891.25 | Provide the sum of difference between accounts receivable fo...
  [200/300] WRONG  | truth=42341.6552 pred=123326.2 | give the sum of the maximum of operating expenses for Orion ...
  [238/300] CORRECT | truth=97526.3333 pred=97526.33333333333 | Provide the average cost of goods sold for Pacific Crest Ene...
  [232/300] WRONG  | truth=17712.0833 pred=15487.4167 | state the sum of difference between ratio of sum of sum of s...
  [235/300] WRONG  | truth=-12189.8733 pred=29590.69 | determine the result of sum of cost of goods sold for Quantu...
  [237/300] WRONG  | truth=1790.8871 pred=14311.75 | Give the result of pretax income for Pacific Crest Energy in...
  [240/300] CORRECT | truth=102840.6000 pred=102840.6 | what's the value of the sum of ratio of sum of sum of sum of...
  [242/300] CORRECT | truth=6112.5000 pred=6112.5 | What do we obtain as the average non operating expenses for ...
  [243/300] CORRECT | truth=451889.0000 pred=451889.0 | calculate the sum of the maximum of non operating expenses f...
  [244/300] CORRECT | truth=1991.9230 pred=1992.138615122842 | Could you give the result of non operating expenses for Meri...
  [246/300] CORRECT | truth=345351.0000 pred=345351.0 | What is the sum of total liabilities and sum of current asse...
  [245/300] CORRECT | truth=45685.6667 pred=45685.666666666664 | Which quantity is given by the average short term investment...
  [248/300] CORRECT | truth=547659.0000 pred=547659.0 | may you give the sum of operating expenses for NovaStar Tech...
  [229/300] CORRECT | truth=552245.3333 pred=552245.3333333334 | you should give the average total assets for Crimson Pharmac...
  [249/300] CORRECT | truth=922.2994 pred=922.25 | what is the result of operating income for Apex Dynamics Cor...
  [250/300] CORRECT | truth=650077.0642 pred=650113.5868 | what does the following give: result of total assets for Cri...
  [219/300] WRONG  | truth=1494.2611 pred=215.22 | what is the value of the sum of result of non operating expe...
  [252/300] CORRECT | truth=534916.1667 pred=534916.1666666667 | which quantity is given by the average total assets for Iron...
  [254/300] CORRECT | truth=44676.0000 pred=44676.0 | What is the average total equity for Apex Dynamics Corp acro...
  [251/300] WRONG  | truth=34537.0000 pred=44599.0 | what's the value of the sum of difference between capex and ...
  [239/300] CORRECT | truth=7746.1667 pred=7746.166666666667 | State the average total equity for Pinnacle Health Group acr...
  [255/300] CORRECT | truth=66217.0000 pred=66217.0 | What is the sum of the maximum of total equity for Apex Dyna...
  [257/300] CORRECT | truth=145335.0000 pred=145335.0 | what is the sum of the maximum of total liabilities for Apex...
  [236/300] CORRECT | truth=20307.3333 pred=20307.33 | what's the value of the average current liabilities for Atla...
  [241/300] CORRECT | truth=780.0381 pred=780.0380641653071 | State the result of cash for Pinnacle Health Group in 2021 s...
  [247/300] WRONG  | truth=-206892.5827 pred=-80980.13 | Calculate the result of difference between current assets an...
  [262/300] CORRECT | truth=130126.5000 pred=130126.5 | Give the average total liabilities for Pacific Crest Energy ...
  [264/300] CORRECT | truth=253681.8333 pred=253681.8333 | which result follows from the average revenue for Helix BioS...
  [225/300] CORRECT | truth=14381.4379 pred=14382.62 | Give the result of current liabilities for Orion Financial G...
  [261/300] CORRECT | truth=22666.3333 pred=22666.333333333332 | May you calculate the average non operating expenses for Nov...
  [253/300] CORRECT | truth=6403.6000 pred=6403.6 | determine the sum of the minimum of operating expenses for P...
  [267/300] CORRECT | truth=162543.1667 pred=162543.16666666666 | Could you give the average total assets for Meridian Systems...
  [268/300] CORRECT | truth=24065.6667 pred=24065.67 | Give the average current liabilities for Orion Financial Gro...
  [263/300] CORRECT | truth=1008165.0000 pred=1008165.0 | which quantity is given by the sum of the maximum of revenue...
  [256/300] CORRECT | truth=10797.6667 pred=10797.666666666666 | Provide the average capex for Pacific Crest Energy across ye...
  [266/300] CORRECT | truth=348364.4749 pred=348363.58 | evaluate the result of cost of goods sold for Titan Consumer...
  [269/300] CORRECT | truth=38690.1554 pred=38796.66 | Compute the difference between ratio of sum of sum of total ...
  [272/300] CORRECT | truth=206222.2706 pred=206266.89 | you should calculate the result of the maximum of total liab...
  [276/300] CORRECT | truth=53888.0000 pred=53888.0 | which quantity is given by the sum of dividends paid for Mer...
  [274/300] WRONG  | truth=3948.7616 pred=8173.425 | what is the value of the result of ratio of sum of sum of su...
  [275/300] CORRECT | truth=725332.0000 pred=725332.0 | calculate the sum of the maximum of total liabilities for Si...
  [265/300] CORRECT | truth=3953.0000 pred=3953.0 | What do we obtain as the average capex for Cobalt Semiconduc...
  [271/300] CORRECT | truth=211080.0000 pred=211080.0 | What's the value of the sum of sum of revenue for Atlas Glob...
  [259/300] WRONG  | truth=4253.9943 pred=21423.6 | State the result of gross profit scaled by ratio of sum of c...
  [260/300] WRONG  | truth=-158217.4000 pred=-139217.4 | evaluate the difference between ratio of sum of sum of sum o...
  [273/300] CORRECT | truth=84022.0000 pred=84022.0 | give the average total equity for Orion Financial Group acro...
  [282/300] WRONG  | truth=-1006547.0000 pred=515089.0 | Calculate the difference between operating income and sum of...
  [270/300] CORRECT | truth=722.5000 pred=722.5 | give the average dividends paid for Orion Financial Group ac...
  [277/300] CORRECT | truth=81838.0000 pred=81838.0 | May you give the sum of the minimum of cash for Orion Financ...
  [285/300] CORRECT | truth=1404.4000 pred=1404.4 | Could you give the difference between ratio of sum of sum of...
  [283/300] CORRECT | truth=103335.2000 pred=103335.2 | You should give the sum of the maximum of inventories for Cl...
  [288/300] CORRECT | truth=5926.1667 pred=5926.166666666667 | you should give the average inventories for NovaStar Technol...
  [279/300] CORRECT | truth=248329.0000 pred=248329.0 | which result follows from the sum of revenue for Helix BioSc...
  [280/300] CORRECT | truth=157628.0000 pred=157628.0 | What is the sum of ratio of sum of sum of sum of sum of tota...
  [281/300] CORRECT | truth=887998.7678 pred=888842.74 | which quantity is given by the result of pretax income for I...
  [284/300] CORRECT | truth=319036.5000 pred=319036.5 | which quantity is given by the sum of sum of the minimum of ...
  [293/300] CORRECT | truth=59928.0000 pred=59928.0 | which result follows from the average cash for Ironclad Manu...
  [287/300] CORRECT | truth=478436.0000 pred=478436.0 | Evaluate the sum of cost of goods sold for Titan Consumer Br...
  [278/300] CORRECT | truth=100602.4017 pred=100615.47 | could you give the result of longterm liabilities for Meridi...
  [292/300] CORRECT | truth=117572.8333 pred=117572.8333 | May you give the average revenue for Orion Financial Group a...
  [286/300] CORRECT | truth=40936.0000 pred=40936.0 | Give the sum of operating income for Orion Financial Group i...
  [299/300] CORRECT | truth=18566.0000 pred=18566.0 | state the average revenue for Pinnacle Health Group across y...
  [297/300] CORRECT | truth=413662.8545 pred=413637.13 | what does the following give: result of ratio of sum of sum ...
  [300/300] CORRECT | truth=45279.3333 pred=45279.333333333336 | calculate the average short term investments for SilverLine ...
  [291/300] CORRECT | truth=82066.5000 pred=82066.5 | what do we obtain as the average operating expenses for Crim...
  [294/300] CORRECT | truth=201970.4000 pred=195970.4 | which quantity is given by the sum of the maximum of cash fo...
  [289/300] CORRECT | truth=690750.0000 pred=690750.0 | you should calculate the sum of sum of the maximum of operat...
  [295/300] CORRECT | truth=0.0000 pred=0.0 | May you calculate the result of ratio of sum of sum of sum o...
  [258/300] WRONG  | truth=114012.8426 pred=-248790.12 | You should calculate the sum of inventories and difference b...
  [296/300] CORRECT | truth=12600.5000 pred=12600.5 | Could you give the average short term investments for Meridi...
  [298/300] CORRECT | truth=132426.0000 pred=132426.0 | Which result follows from the sum of gross profit for Helix ...
  [290/300] CORRECT | truth=109275.0000 pred=109275.0 | Which quantity is given by the sum of longterm assets for Me...

============================================================
  Model: google/gemma-4-31B-it
============================================================
  10-Q      : 0/0  accuracy = 0.0%  (skipped 0)
  90-Q      : 255/300  accuracy = 85.0%  (skipped 0)
  Multi-turn: 0/0  accuracy = 0.0%  (skipped 0)
  Overall   : 255/300  accuracy = 85.0%
============================================================

Results saved to output_llm/last_runs_9th_aug_after_21/depths/depth_6_gemma_31b_90q_20260809_222831.json
CSV saved to output_llm/eval_results_20260809_222831.csv
<===== END depth_6_gemma_31b_90q =====>
[2026-08-09 22:28:31] DONE section=depths tag=depth_6_gemma_31b_90q output=output_llm/last_runs_9th_aug_after_21/depths/depth_6_gemma_31b_90q.json log=logs/last_runs_9th_aug_after_21/depths/depth_6_gemma_31b_90q.log
[2026-08-09 22:28:31] === DEPTH 7 / n=300 ===
[2026-08-09 22:28:31] PREP depth_7_n300: script/compiler_pipeline_adversarial/make_random_questions_adversarial.py --n 300 --depth-min 7 --depth-max 7
Saved 300 questions to /output/random_questions_90.csv
Saved 300 questions to /output/original_questions.json
Master seed: 504404531
Max bound leaf count: 24
[2026-08-09 22:28:49] START section=depths tag=depth_7_gemma_31b_90q provider=Together model=google/gemma-4-31B-it dataset=90q limit=300
<===== START depth_7_gemma_31b_90q | provider=Together | model=google/gemma-4-31B-it | dataset=90q | limit=300 =====>
Traceback (most recent call last):
  File "<frozen runpy>", line 198, in _run_module_as_main
  File "<frozen runpy>", line 88, in _run_code
  File "", line 931, in <module>
    main()
    ~~~~^^
  File "", line 869, in main
    results_90q = asyncio.run(evaluate_90q(
        questions_90q, sheet_lookup_90q, model_name,
        limit=args.limit, tol=args.tol, max_new_tokens=args.max_new_tokens,
    ))
  File "/Library/Frameworks/Python.framework/Versions/3.14/lib/python3.14/asyncio/runners.py", line 204, in run
    return runner.run(main)
           ~~~~~~~~~~^^^^^^
  File "/Library/Frameworks/Python.framework/Versions/3.14/lib/python3.14/asyncio/runners.py", line 127, in run
    return self._loop.run_until_complete(task)
           ~~~~~~~~~~~~~~~~~~~~~~~~~~~~~^^^^^^
  File "/Library/Frameworks/Python.framework/Versions/3.14/lib/python3.14/asyncio/base_events.py", line 719, in run_until_complete
    return future.result()
           ~~~~~~~~~~~~~^^
  File "", line 411, in evaluate_90q
    results = await asyncio.gather(*tasks)
              ^^^^^^^^^^^^^^^^^^^^^^^^^^^^
  File "", line 404, in run_one
    return await ask_one_90q_question(i, max_new_tokens, model_name, q, sheet_lookup, subset, tol)
           ^^^^^^^^^^^^^^^^^^^^^^^^^^^^^^^^^^^^^^^^^^^^^^^^^^^^^^^^^^^^^^^^^^^^^^^^^^^^^^^^^^^^^^^
  File "", line 440, in ask_one_90q_question
    response = await run_inference(model_name, prompt, max_new_tokens)
               ^^^^^^^^^^^^^^^^^^^^^^^^^^^^^^^^^^^^^^^^^^^^^^^^^^^^^^^
  File "", line 263, in run_inference
    response = await _client.chat.completions.create(
               ^^^^^^^^^^^^^^^^^^^^^^^^^^^^^^^^^^^^^^
    ...<7 lines>...
    )
    ^
  File ".venv/lib/python3.14/site-packages/together/resources/chat/completions.py", line 1061, in create
    return await self._post(
           ^^^^^^^^^^^^^^^^^
    ...<41 lines>...
    )
    ^
  File ".venv/lib/python3.14/site-packages/together/_base_client.py", line 1864, in post
    return await self.request(cast_to, opts, stream=stream, stream_cls=stream_cls)
           ^^^^^^^^^^^^^^^^^^^^^^^^^^^^^^^^^^^^^^^^^^^^^^^^^^^^^^^^^^^^^^^^^^^^^^^
  File ".venv/lib/python3.14/site-packages/together/_base_client.py", line 1663, in request
    raise self._make_status_error_from_response(err.response) from None
together.APIStatusError: Error code: 402 - {'id': 'ovYshYc-fdNmn-a28985d1ae2ebc62', 'error': {'message': "Credit limit exceeded, please [add credits](https://api.together.ai/settings/billing). If you've already made a payment, please wait up to 5 minutes for balances to update and try again.", 'type': 'credit_limit', 'param': None, 'code': None}}
90Q are Sheet: /output/financial_spreadsheet.json
90Q are Questions: /output/original_questions.json
Loading datasets...
  90-Q: 300 questions, 15 companies

============================================================
  Evaluating model: google/gemma-4-31B-it
============================================================

-- 90-Q evaluation (300 questions) --
  [1/300] CORRECT | truth=581689.0000 pred=601732.0 | evaluate the sum of total liabilities for Titan Consumer Bra...
  [9/300] CORRECT | truth=53133.0000 pred=53133.0 | What do we obtain as the sum of difference between total ass...
  [8/300] CORRECT | truth=23698.4721 pred=23697.43 | Give the result of the minimum of non operating expenses for...
  [7/300] WRONG  | truth=85540.9533 pred=420238.37 | provide the result of sum of total assets for Pacific Crest ...
  [5/300] CORRECT | truth=98916.6585 pred=99231.94134376111 | provide the result of revenue for Pacific Crest Energy in 20...
  [4/300] CORRECT | truth=814199.0000 pred=814199.0 | you should give the sum of ratio of sum of non operating exp...
  [2/300] WRONG  | truth=37419.8043 pred=9807.200018 | May you give the result of sum of ratio of sum of sum of sum...
  [3/300] CORRECT | truth=859.5007 pred=857.37621 | What would be the result of the minimum of non operating exp...
  [11/300] CORRECT | truth=385444.6363 pred=385435.76 | Which result follows from the sum of cost of goods sold for ...
  [15/300] CORRECT | truth=363362.4000 pred=363362.4 | which result follows from the sum of the minimum of inventor...
  [13/300] CORRECT | truth=47672.8333 pred=47672.833333333336 | What's the value of the sum of ratio of sum of sum of sum of...
  [10/300] CORRECT | truth=24683.0000 pred=24683.0 | determine the sum of current assets for Pinnacle Health Grou...
  [17/300] CORRECT | truth=950080.0000 pred=950080.0 | You should calculate the sum of non operating expenses for T...
  [14/300] WRONG  | truth=129548.0548 pred=227620.5 | what is the value of the sum of sum of gross profit and resu...
  [16/300] CORRECT | truth=16246.4793 pred=16248.25 | what is the value of the result of the minimum of total liab...
  [19/300] CORRECT | truth=53374.0000 pred=53374.0 | whats the value of the difference between the minimum of tot...
  [6/300] WRONG  | truth=88928.5391 pred=11222.42 | What is the value of the sum of revenue and result of invent...
  [20/300] CORRECT | truth=119757.0000 pred=119757.0 | what do we obtain as the sum of ratio of sum of sum of sum o...
  [12/300] CORRECT | truth=11129.0000 pred=11129.0 | What's the value of the difference between sum of ratio of s...
  [21/300] CORRECT | truth=3027.1291 pred=3028.4311098186777 | State the result of the maximum of total liabilities for Pin...
  [18/300] CORRECT | truth=-366048.6667 pred=-366048.6667 | which quantity is given by the difference between ratio of s...
  [24/300] CORRECT | truth=1170283.0000 pred=1170283.0 | What does the following give: sum of sum of the maximum of r...
  [25/300] CORRECT | truth=102900.1667 pred=102900.16666666667 | May you give the sum of the minimum of total assets for Nova...
  [22/300] CORRECT | truth=4932.5882 pred=4932.32 | may you calculate the result of sum of the minimum of total ...
  [23/300] CORRECT | truth=1268779.1239 pred=1268932.0 | you should calculate the sum of sum of operating expenses an...
  [27/300] WRONG  | truth=146888.0000 pred=-43193.0 | could you give the difference between difference between sum...
  [30/300] CORRECT | truth=1222984.8965 pred=1214841.2 | what's the value of the sum of gross profit for ClearPath Lo...
  [28/300] CORRECT | truth=20067.3333 pred=20067.333333333332 | Calculate the sum of ratio of sum of sum of sum of sum of su...
  [29/300] WRONG  | truth=1490848.8212 pred=316.77 | Evaluate the result of ratio of sum of sum of sum of sum of ...
  [26/300] WRONG  | truth=48418.7186 pred=14874.65 | Provide the result of ratio of sum of sum of sum of sum of n...
  [32/300] CORRECT | truth=18696.2371 pred=18665.74 | Give the result of gross profit for Orion Financial Group in...
  [33/300] CORRECT | truth=1192152.0000 pred=1192152.0 | evaluate the sum of ratio of sum of sum of sum of sum of sum...
  [31/300] CORRECT | truth=41468.6667 pred=41468.666666666664 | compute the sum of difference between longterm liabilities f...
  [38/300] WRONG  | truth=271824.3333 pred=0.52239473514 | state the sum of ratio of sum of sum of sum of sum of sum of...
  [36/300] CORRECT | truth=267682.5000 pred=267682.5 | which quantity is given by the sum of ratio of sum of sum of...
  [35/300] CORRECT | truth=737556.2260 pred=737172.1 | Compute the sum of non operating expenses for Quantum Bridge...
  [34/300] CORRECT | truth=57355.0000 pred=52378.0 | Determine the difference between sum of current liabilities ...
  [39/300] CORRECT | truth=1598123.3338 pred=1600001.62126 | whats the value of the result of ratio of sum of sum of sum ...
  [40/300] CORRECT | truth=16194.4755 pred=16205.1357 | whats the value of the result of pretax income for ClearPath...
  [37/300] CORRECT | truth=113177.5000 pred=113177.5 | could you give the difference between the maximum of cost of...
  [43/300] CORRECT | truth=53498.3333 pred=53498.33 | provide the difference between ratio of sum of sum of sum of...
  [44/300] CORRECT | truth=73438.0000 pred=73438.0 | What does the following give: sum of the minimum of accounts...
  [45/300] WRONG  | truth=993076.1667 pred=625603.1666666667 | You should give the sum of longterm assets for SilverLine Re...
  [42/300] CORRECT | truth=8702.7729 pred=8752.16 | What is the result of the maximum of revenue for Apex Dynami...
  [48/300] CORRECT | truth=887152.8211 pred=887328.6 | what do we obtain as the sum of total liabilities for Crimso...
  [49/300] CORRECT | truth=529760.3052 pred=529765.35 | which result follows from the result of ratio of sum of sum ...
  [51/300] CORRECT | truth=1979.1320 pred=1979.21 | What would be the result of accounts receivable for Cobalt S...
  [50/300] CORRECT | truth=1915.2210 pred=1917.233 | What is the result of gross profit for Apex Dynamics Corp in...
  [41/300] WRONG  | truth=150172.3333 pred=53999.333 | Evaluate the sum of current liabilities for Titan Consumer B...
  [52/300] WRONG  | truth=87510.1667 pred=0.400255 | Give the sum of ratio of sum of sum of sum of sum of sum of ...
  [46/300] WRONG  | truth=216217.7164 pred=242565.56 | Give the sum of revenue for Orion Financial Group in 2020 an...
  [47/300] CORRECT | truth=-47702.7651 pred=-47671.42 | what does the following give: result of sum of inventories a...
  [54/300] CORRECT | truth=563979.5000 pred=563979.5 | Which quantity is given by the sum of total liabilities for ...
  [53/300] WRONG  | truth=54479.8333 pred=36807.5 | give the sum of short term investments for Pacific Crest Ene...
  [60/300] CORRECT | truth=12258.1893 pred=12257.52 | calculate the result of the minimum of current liabilities f...
  [57/300] CORRECT | truth=7363.0000 pred=7363.0 | State the sum of sum of the minimum of inventories for Pinna...
  [56/300] WRONG  | truth=2913.5758 pred=3.0 | compute the result of sum of ratio of sum of sum of sum of s...
  [59/300] CORRECT | truth=8437.4333 pred=8437.4333 | Which result follows from the difference between ratio of su...
  [64/300] CORRECT | truth=515955.5000 pred=515955.5 | what do we obtain as the sum of ratio of sum of sum of sum o...
  [55/300] CORRECT | truth=2295137.7165 pred=2298617.1 | What is the result of sum of the minimum of total liabilitie...
  [63/300] WRONG  | truth=348222.5492 pred=75723.69 | could you give the result of ratio of sum of sum of sum of s...
  [62/300] WRONG  | truth=1390.9468 pred=145134.31 | What do we obtain as the result of ratio of sum of sum of su...
  [65/300] CORRECT | truth=17531.1667 pred=17531.166666666668 | what is the value of the sum of ratio of sum of sum of sum o...
  [66/300] CORRECT | truth=635832.0333 pred=635832.0333333334 | you should calculate the sum of sum of ratio of sum of sum o...
  [67/300] CORRECT | truth=37503.0000 pred=37503.0 | Which value corresponds to the sum of ratio of sum of sum of...
  [58/300] CORRECT | truth=4251.2511 pred=4249.43 | May you give the result of the maximum of inventories for No...
  [61/300] WRONG  | truth=109444.0460 pred=2615335.7 | You should give the result of total assets for Quantum Bridg...
  [70/300] WRONG  | truth=48696.4905 pred=487055.44 | may you calculate the result of cost of goods sold for NovaS...
  [69/300] CORRECT | truth=3847.9744 pred=3847.8 | state the result of dividends paid for Pinnacle Health Group...
  [71/300] CORRECT | truth=229619.5203 pred=229671.3483618 | You should give the result of total assets for Quantum Bridg...
  [72/300] CORRECT | truth=26690.1667 pred=26690.166666666664 | could you give the sum of ratio of sum of sum of sum of sum ...
  [73/300] WRONG  | truth=44938.1667 pred=35391.166666666664 | Compute the sum of non operating expenses for Quantum Bridge...
  [78/300] WRONG  | truth=43194.0000 pred=-23148.0 | what's the value of the difference between the maximum of to...
  [81/300] CORRECT | truth=-51273.0000 pred=-51273.0 | What do we obtain as the sum of difference between the minim...
  [76/300] CORRECT | truth=377519.4000 pred=377519.4 | Which result follows from the sum of sum of ratio of sum of ...
  [80/300] CORRECT | truth=14485.8333 pred=14485.8333 | Could you give the sum of ratio of sum of sum of capex for M...
  [75/300] WRONG  | truth=210836.5000 pred=135968.0 | You should give the sum of non operating expenses for Silver...
  [74/300] CORRECT | truth=198511.0000 pred=198511.0 | what is the value of the sum of sum of total liabilities for...
  [82/300] WRONG  | truth=83118.1667 pred=35391.166666666664 | Compute the sum of total liabilities for Quantum Bridge Hold...
  [68/300] WRONG  | truth=952017.3278 pred=314138.5 | What does the following give: result of sum of the minimum o...
  [85/300] CORRECT | truth=483724.5289 pred=483823.8283 | May you calculate the result of ratio of sum of sum of sum o...
  [83/300] WRONG  | truth=1279711.7452 pred=12800514.3 | could you give the result of the maximum of current liabilit...
  [79/300] WRONG  | truth=12057.8725 pred=52163.77722 | Give the result of ratio of sum of sum of sum of sum of sum ...
  [88/300] CORRECT | truth=36621.3333 pred=36621.333333333336 | determine the difference between ratio of sum of sum of sum ...
  [77/300] CORRECT | truth=1987293.5000 pred=2018176.5 | what would be the sum of sum of non operating expenses and s...
  [84/300] CORRECT | truth=60193.1667 pred=60183.166666666664 | what do we obtain as the sum of ratio of sum of sum of sum o...
  [91/300] CORRECT | truth=99553.1667 pred=99553.16666666667 | Compute the sum of ratio of sum of operating expenses for Qu...
  [96/300] WRONG  | truth=447511.0000 pred=3.1096 | calculate the sum of ratio of sum of sum of sum of sum of su...
  [87/300] CORRECT | truth=-65958.0000 pred=-65958.0 | May you give the sum of operating income and difference betw...
  [86/300] CORRECT | truth=5722.9626 pred=5722.7 | what is the value of the result of the maximum of accounts r...
  [95/300] CORRECT | truth=131541.6667 pred=131541.66666666666 | may you calculate the sum of ratio of sum of sum of sum of s...
  [93/300] CORRECT | truth=5106.1529 pred=5108.13 | what's the value of the result of ratio of sum of sum of sum...
  [94/300] CORRECT | truth=-569040.1667 pred=-569040.1666666667 | You should calculate the difference between cost of goods so...
  [99/300] CORRECT | truth=66398.5000 pred=66398.5 | may you give the sum of the maximum of total liabilities for...
  [90/300] CORRECT | truth=37245.8333 pred=37245.833333333336 | State the sum of ratio of sum of sum of sum of sum of sum of...
  [97/300] CORRECT | truth=30.4978 pred=30.507 | determine the result of the minimum of short term investment...
  [98/300] CORRECT | truth=226821.6667 pred=226821.66666666666 | may you calculate the difference between ratio of sum of sum...
  [89/300] WRONG  | truth=10046.8514 pred=1681.78 | what do we obtain as the sum of pretax income and result of ...
  [101/300] CORRECT | truth=66506.3333 pred=66506.33333333333 | What is the sum of difference between longterm liabilities a...
  [100/300] CORRECT | truth=36996.0000 pred=36996.0 | what would be the sum of ratio of sum of sum of sum of sum o...
  [106/300] CORRECT | truth=567436.0000 pred=567436.0 | what does the following give: sum of the maximum of total as...
  [102/300] CORRECT | truth=1052347.1667 pred=1052347.1666667 | which quantity is given by the sum of sum of total assets fo...
  [104/300] CORRECT | truth=1163.8333 pred=1163.833333333334 | May you give the difference between accounts receivable for ...
  [103/300] CORRECT | truth=17960.7833 pred=17960.7833 | What is the value of the sum of ratio of sum of sum of sum o...
  [107/300] CORRECT | truth=-3884168.2145 pred=-3892472.8218 | May you calculate the result of the minimum of current liabi...
  [113/300] WRONG  | truth=10348.5414 pred=76823.848 | Whats the value of the result of the minimum of cost of good...
  [108/300] WRONG  | truth=249982.5965 pred=2.0453 | what does the following give: sum of result of the maximum o...
  [112/300] CORRECT | truth=27821.8333 pred=25076.833333333332 | you should calculate the sum of dividends paid for NovaStar ...
  [92/300] WRONG  | truth=-79098.6468 pred=-83783318.2 | You should calculate the result of total equity scaled by ra...
  [110/300] CORRECT | truth=45514.6667 pred=45514.666666666664 | What is the value of the difference between revenue for Atla...
  [105/300] WRONG  | truth=4870.1750 pred=0.99716 | Determine the sum of result of capex scaled by ratio of curr...
  [115/300] CORRECT | truth=21465.0000 pred=20809.0 | could you give the sum of sum of the minimum of short term i...
  [109/300] WRONG  | truth=113005.2500 pred=261329.0 | You should give the sum of difference between cash and non o...
  [116/300] CORRECT | truth=38996.5000 pred=38996.5 | what would be the sum of the maximum of cost of goods sold f...
  [111/300] CORRECT | truth=668335.9000 pred=668335.9 | Whats the value of the sum of ratio of sum of total equity f...
  [118/300] CORRECT | truth=67382.1667 pred=63083.166666666664 | You should give the sum of capex for Cobalt Semiconductor in...
  [119/300] CORRECT | truth=2406185.1591 pred=2403424.83 | Which result follows from the result of operating income for...
  [124/300] CORRECT | truth=5281.0000 pred=5281.0 | what is the result of operating expenses for Apex Dynamics C...
  [114/300] CORRECT | truth=346904.4984 pred=346895.41 | Which result follows from the sum of the maximum of cost of ...
  [122/300] CORRECT | truth=28787.6307 pred=28753.68 | what is the result of current liabilities for Apex Dynamics ...
  [117/300] CORRECT | truth=8074.2076 pred=8073.713323391478 | may you calculate the result of accounts receivable for Nova...
  [120/300] CORRECT | truth=-44398.2852 pred=-44397.42 | Which result follows from the result of difference between l...
  [121/300] WRONG  | truth=4516.3000 pred=28429529.74065484 | Which value corresponds to the result of the minimum of inve...
  [123/300] WRONG  | truth=251731.7717 pred=111507.72 | Compute the result of sum of revenue for Quantum Bridge Hold...
  [126/300] WRONG  | truth=345417.6667 pred=427820.0 | What does the following give: sum of longterm assets for Cri...
  [128/300] WRONG  | truth=27369.6000 pred=11339.6 | what is the sum of difference between ratio of sum of sum of...
  [125/300] CORRECT | truth=88926.4167 pred=88926.41666666667 | Whats the value of the sum of ratio of sum of sum of sum of ...
  [127/300] CORRECT | truth=43537.7249 pred=43522.54 | Whats the value of the result of ratio of sum of sum of sum ...
  [129/300] CORRECT | truth=41749.3963 pred=44472.88 | Which value corresponds to the result of total assets scaled...
  [133/300] CORRECT | truth=106123.0000 pred=106123.0 | What's the value of the sum of the maximum of inventories fo...
  [131/300] WRONG  | truth=-18656.0000 pred=64727.0 | May you calculate the sum of difference between non operatin...
  [130/300] WRONG  | truth=47457.0000 pred=434562.0 | Give the sum of longterm liabilities and difference between ...
  [134/300] WRONG  | truth=8964.8902 pred=0.08681 | may you calculate the result of cash for NovaStar Technologi...
  [136/300] CORRECT | truth=62236.4390 pred=62236.41 | what's the value of the result of ratio of sum of sum of sum...
  [137/300] CORRECT | truth=250621.0833 pred=250621.0833 | Which result follows from the sum of ratio of sum of sum of ...
  [132/300] CORRECT | truth=927032.0000 pred=927032.0 | what does the following give: sum of sum of longterm liabili...
  [139/300] CORRECT | truth=642945.8000 pred=642945.8 | whats the value of the sum of dividends paid for ClearPath L...
  [142/300] CORRECT | truth=23144.6667 pred=23144.666666666664 | Provide the sum of ratio of sum of capex for Pacific Crest E...
  [145/300] CORRECT | truth=255627.0292 pred=255650.36 | you should give the sum of sum of the maximum of total equit...
  [140/300] WRONG  | truth=607342.3333 pred=3.78163 | you should calculate the sum of ratio of sum of sum of sum o...
  [143/300] CORRECT | truth=4654065.0803 pred=4676947.42 | What would be the result of longterm assets for ClearPath Lo...
  [141/300] CORRECT | truth=16838.0455 pred=16841.45 | What would be the result of accounts receivable for ClearPat...
  [135/300] CORRECT | truth=-3991808.3154 pred=-3993633.46 | you should calculate the difference between ratio of sum of ...
  [144/300] CORRECT | truth=-20577.2090 pred=-20580.72 | What is the difference between result of operating expenses ...
  [146/300] CORRECT | truth=3847506.9931 pred=3848371.416523144 | You should give the result of pretax income for NovaStar Tec...
  [150/300] CORRECT | truth=491157.6095 pred=493652.59 | what does the following give: result of total liabilities fo...
  [138/300] CORRECT | truth=71265.7507 pred=71265.81 | what's the value of the result of sum of operating income an...
  [149/300] WRONG  | truth=32983.0000 pred=-1937.0 | What do we obtain as the sum of difference between sum of pr...
  [148/300] CORRECT | truth=160005.6667 pred=160005.66666666666 | what is the sum of sum of total liabilities for Apex Dynamic...
  [152/300] CORRECT | truth=87517.0000 pred=87517.0 | provide the sum of sum of inventories for Pacific Crest Ener...
  [151/300] CORRECT | truth=1566340.6729 pred=1566383.5605148 | determine the result of ratio of sum of sum of sum of sum of...
  [154/300] WRONG  | truth=67021.5000 pred=32861.5 | May you calculate the sum of current assets for NovaStar Tec...
  [147/300] CORRECT | truth=96215.4167 pred=96215.41666666666 | You should calculate the sum of ratio of sum of sum of sum o...
  [158/300] CORRECT | truth=440090.5726 pred=439984.43 | evaluate the result of the maximum of dividends paid for Sil...
  [153/300] CORRECT | truth=142274.4000 pred=142274.4 | whats the value of the sum of ratio of sum of sum of sum of ...
  [155/300] CORRECT | truth=17663.0000 pred=17663.0 | what is the sum of ratio of sum of sum of sum of sum of sum ...
  [157/300] CORRECT | truth=7128.1506 pred=7132.34 | Evaluate the result of accounts receivable for Titan Consume...
  [156/300] CORRECT | truth=85838.6000 pred=85838.6 | What is the value of the sum of sum of dividends paid for Ap...
  [160/300] CORRECT | truth=152188.5060 pred=152085.45 | which quantity is given by the result of ratio of sum of sum...
  [159/300] CORRECT | truth=-89474.1667 pred=-89474.16666667 | may you give the difference between ratio of sum of sum of s...
  [164/300] CORRECT | truth=225815.0000 pred=225815.0 | Evaluate the result of cash for Titan Consumer Brands in 202...
  [165/300] CORRECT | truth=261375.1667 pred=261375.16666666666 | which quantity is given by the sum of total liabilities for ...
  [163/300] WRONG  | truth=22011.4217 pred=15364.9 | provide the result of current assets for Pacific Crest Energ...
  [161/300] CORRECT | truth=291234.6830 pred=291192.73 | May you give the sum of the minimum of operating expenses fo...
  [168/300] CORRECT | truth=417485.0000 pred=417485.0 | what does the following give: sum of sum of total liabilitie...
  [171/300] WRONG  | truth=34548.5000 pred=722.5 | Give the sum of total liabilities for Orion Financial Group ...
  [167/300] WRONG  | truth=-49602.8000 pred=-55881.8 | Which value corresponds to the difference between longterm a...
  [169/300] WRONG  | truth=31213.5474 pred=0.2267 | May you calculate the result of the minimum of operating exp...
  [174/300] CORRECT | truth=383345.0000 pred=383345.0 | calculate the sum of ratio of sum of sum of sum of sum of su...
  [170/300] CORRECT | truth=1195027.6000 pred=1195027.6 | calculate the sum of sum of ratio of sum of sum of sum of su...
  [176/300] CORRECT | truth=19325.5692 pred=19345.1356606275 | give the result of operating income for Orion Financial Grou...
  [172/300] CORRECT | truth=18052.9962 pred=18052.12 | what do we obtain as the result of operating expenses for Co...
  [173/300] CORRECT | truth=95413.5000 pred=87120.5 | what's the value of the sum of operating expenses for Atlas ...
  [177/300] CORRECT | truth=16378.6079 pred=16383.174 | Compute the result of current liabilities for Quantum Bridge...
  [162/300] WRONG  | truth=7449471.0132 pred=13517138.57 | what's the value of the sum of the minimum of total assets f...
  [180/300] CORRECT | truth=82390.5296 pred=82372.15 | What is the result of gross profit for Apex Dynamics Corp in...
  [182/300] WRONG  | truth=106161.4297 pred=49805.55 | State the difference between difference between result of op...
  [184/300] CORRECT | truth=532.9574 pred=533.234 | Whats the value of the result of capex for ClearPath Logisti...
  [185/300] WRONG  | truth=37407.5314 pred=21427.3 | Determine the result of sum of cash for Quantum Bridge Holdi...
  [179/300] CORRECT | truth=310745.6544 pred=307188.3 | What does the following give: result of cash scaled by ratio...
  [186/300] CORRECT | truth=8586.3224 pred=8585.44 | State the sum of ratio of sum of sum of sum of sum of divide...
  [175/300] CORRECT | truth=55858.4477 pred=55848.62 | Which value corresponds to the result of ratio of sum of sum...
  [187/300] CORRECT | truth=-13590.0580 pred=-13589.86 | You should give the difference between result of capex for P...
  [181/300] WRONG  | truth=-78393.8000 pred=6321.465 | Compute the difference between difference between accounts r...
  [188/300] CORRECT | truth=60916.5000 pred=60916.5 | what would be the sum of the minimum of revenue for Cobalt S...
  [183/300] CORRECT | truth=53372.2515 pred=53397.54 | What is the sum of the minimum of inventories for Apex Dynam...
  [178/300] CORRECT | truth=59429.5846 pred=59425.9465 | May you give the result of the minimum of accounts receivabl...
  [166/300] CORRECT | truth=208708.4876 pred=208647.57 | Evaluate the result of the maximum of inventories for Titan ...
  [189/300] CORRECT | truth=-50027.2000 pred=-51027.2 | you should give the sum of difference between operating expe...
  [190/300] CORRECT | truth=-26215.8333 pred=-26215.8333 | what would be the difference between ratio of sum of sum of ...
  [194/300] CORRECT | truth=-211567.0000 pred=-211567.0 | What does the following give: difference between difference ...
  [192/300] CORRECT | truth=110193.5000 pred=110193.5 | what is the sum of ratio of sum of sum of sum of sum of sum ...
  [191/300] CORRECT | truth=330622.1667 pred=330622.1666666667 | which result follows from the sum of ratio of sum of sum of ...
  [197/300] CORRECT | truth=63794.0000 pred=58084.0 | Compute the sum of short term investments for Quantum Bridge...
  [198/300] CORRECT | truth=13261.1774 pred=13262.25 | Could you give the result of pretax income for Meridian Syst...
  [195/300] WRONG  | truth=755151.0736 pred=3.74923 | whats the value of the result of the minimum of current liab...
  [193/300] WRONG  | truth=-47710.9906 pred=62992.39 | what would be the difference between difference between resu...
  [199/300] CORRECT | truth=6633.2720 pred=6633.25 | which value corresponds to the result of the maximum of shor...
  [202/300] WRONG  | truth=-12823.2116 pred=-48663.1 | you should give the difference between total equity for Meri...
  [196/300] WRONG  | truth=-1138922.7794 pred=-4.639 | You should give the result of result of the minimum of curre...
  [207/300] CORRECT | truth=285.4820 pred=285.48 | What do we obtain as the result of capex for Cobalt Semicond...
  [206/300] CORRECT | truth=1191686.7592 pred=1191362.16 | which quantity is given by the result of revenue for Ironcla...
  [200/300] CORRECT | truth=91800.6667 pred=91800.66666666667 | Whats the value of the sum of ratio of sum of sum of dividen...
  [203/300] CORRECT | truth=169425.1667 pred=169425.16666666666 | which result follows from the sum of the minimum of cash for...
  [204/300] WRONG  | truth=12904.0000 pred=17704.0 | Determine the sum of difference between longterm liabilities...
  [205/300] CORRECT | truth=16031.0806 pred=16030.450356835245 | what's the value of the result of ratio of sum of sum of sum...
  [201/300] WRONG  | truth=93934.1683 pred=7498754421.0 | compute the sum of difference between gross profit and resul...
  [211/300] CORRECT | truth=221262.0000 pred=221262.0 | Could you give the sum of sum of gross profit for Meridian S...
  [212/300] CORRECT | truth=100552.3333 pred=100552.33333333333 | could you give the sum of the minimum of operating expenses ...
  [215/300] CORRECT | truth=1406704.0133 pred=1406736.54 | what's the value of the result of the maximum of operating e...
  [208/300] WRONG  | truth=159438.0000 pred=69366.0 | Evaluate the difference between ratio of sum of sum of sum o...
  [213/300] CORRECT | truth=-13994.0000 pred=-13994.0 | What's the value of the difference between difference betwee...
  [210/300] WRONG  | truth=-58343.2357 pred=-4054.86 | May you give the result of ratio of sum of sum of sum of sum...
  [214/300] CORRECT | truth=56537.3333 pred=56537.3333 | what do we obtain as the sum of operating income for Crimson...
  [218/300] WRONG  | truth=21.7063 pred=2609.59 | what do we obtain as the result of dividends paid for Cobalt...
  [209/300] CORRECT | truth=593411.0000 pred=593411.0 | Evaluate the sum of sum of current assets for Titan Consumer...
  [223/300] WRONG  | truth=31960.3333 pred=0.036257 | you should calculate the sum of ratio of sum of sum of sum o...
  [219/300] CORRECT | truth=207997.2000 pred=207997.2 | Which quantity is given by the sum of sum of ratio of sum of...
  [217/300] CORRECT | truth=65210.1667 pred=65210.16666666666 | What is the difference between the minimum of total liabilit...
  [216/300] CORRECT | truth=258327.2683 pred=258324.68 | provide the sum of result of ratio of sum of sum of sum of o...
  [221/300] CORRECT | truth=7369.9103 pred=7372.6 | give the difference between result of the maximum of cost of...
  [220/300] CORRECT | truth=118976.7000 pred=118976.7 | What does the following give: sum of sum of non operating ex...
  [225/300] CORRECT | truth=5750.1035 pred=5738.8 | state the sum of the maximum of dividends paid for Pinnacle ...
  [224/300] WRONG  | truth=36164.2450 pred=6070.248 | Could you give the sum of the minimum of cash for Meridian S...
  [222/300] CORRECT | truth=55324.0505 pred=55325.01 | which value corresponds to the result of ratio of sum of sum...
  [229/300] CORRECT | truth=19915.5000 pred=19915.5 | what is the difference between the maximum of short term inv...
  [228/300] CORRECT | truth=166150.6667 pred=166150.66666666666 | you should give the sum of the maximum of revenue for Orion ...
  [227/300] WRONG  | truth=4342.9256 pred=1.6901 | What is the value of the result of result of pretax income s...
  [231/300] CORRECT | truth=304545.0000 pred=304545.0 | Which result follows from the sum of the maximum of total eq...
  [230/300] CORRECT | truth=147439.5000 pred=147439.5 | what do we obtain as the sum of ratio of sum of sum of sum o...
  [226/300] WRONG  | truth=139337.2521 pred=0.945393913 | You should calculate the result of the maximum of total asse...
  [239/300] WRONG  | truth=31126.6820 pred=311.4164351565153 | Could you give the result of total assets for Meridian Syste...
  [236/300] CORRECT | truth=15402.6667 pred=15402.666666666666 | State the sum of the maximum of capex for Pinnacle Health Gr...
  [237/300] CORRECT | truth=150365.3333 pred=150365.3333 | calculate the sum of ratio of sum of sum of sum of sum of su...
  [234/300] WRONG  | truth=825.3492 pred=3561.4114 | what do we obtain as the result of ratio of sum of sum of su...
  [233/300] WRONG  | truth=-590015.0000 pred=-1074235.0 | You should calculate the difference between longterm assets ...
  [232/300] WRONG  | truth=113521.3147 pred=45923.293 | could you give the sum of difference between total liabiliti...
  [238/300] WRONG  | truth=142408.5369 pred=57323.42 | Determine the result of ratio of sum of sum of sum of revenu...
  [242/300] WRONG  | truth=56087.0000 pred=75315.0 | could you give the result of total equity for Meridian Syste...
  [241/300] CORRECT | truth=1442.5003 pred=1442.44 | Evaluate the result of ratio of sum of sum of sum of sum of ...
  [235/300] CORRECT | truth=718903.0403 pred=718376.07 | Whats the value of the sum of ratio of sum of sum of sum of ...
  [247/300] CORRECT | truth=4462.7458 pred=4464.360639830513 | what would be the result of inventories for Cobalt Semicondu...
  [248/300] CORRECT | truth=466.5686 pred=466.57 | State the result of cash for Pinnacle Health Group in 2021 s...
  [245/300] CORRECT | truth=362561.0000 pred=362561.0 | Calculate the sum of operating income for SilverLine Retail ...
  [249/300] CORRECT | truth=136617.0000 pred=136617.0 | compute the sum of sum of the maximum of non operating expen...
  [243/300] CORRECT | truth=413.6069 pred=413.52 | May you give the result of capex for NovaStar Technologies i...
  [240/300] WRONG  | truth=258630.4056 pred=185003.5 | Which quantity is given by the result of ratio of sum of cos...
  [246/300] CORRECT | truth=40008.5976 pred=40016.16 | what is the result of the minimum of current liabilities for...
  [244/300] CORRECT | truth=27370.6667 pred=27370.666666666668 | determine the sum of ratio of sum of sum of sum of sum of su...
  [252/300] CORRECT | truth=24137.2111 pred=24135.5561 | What does the following give: result of short term investmen...
  [250/300] WRONG  | truth=83707.8333 pred=4748.166666666667 | could you give the sum of operating income for Meridian Syst...
  [251/300] WRONG  | truth=1176709.2212 pred=167253.61 | which quantity is given by the sum of sum of operating expen...
  [255/300] CORRECT | truth=3236.8333 pred=3236.833333 | Give the difference between ratio of sum of sum of sum of su...
  [257/300] CORRECT | truth=-142352.6667 pred=-142352.67 | evaluate the difference between ratio of sum of sum of sum o...
  [253/300] CORRECT | truth=188576.0000 pred=195587.0 | What is the sum of inventories for Apex Dynamics Corp in 202...
  [256/300] CORRECT | truth=60614.0000 pred=60614.0 | compute the sum of ratio of sum of sum of sum of sum of sum ...
  [261/300] WRONG  | truth=20735.3333 pred=10878.333333333334 | Determine the sum of cost of goods sold for Pinnacle Health ...
  [260/300] CORRECT | truth=11638.3333 pred=11638.33333333 | determine the sum of ratio of sum of short term investments ...
  [262/300] CORRECT | truth=60242.0019 pred=60239.25 | What's the value of the result of dividends paid for ClearPa...
  [258/300] CORRECT | truth=90797.0941 pred=90797.37 | May you calculate the sum of the minimum of current liabilit...
  [263/300] CORRECT | truth=-18249.6667 pred=-18249.666666666668 | may you give the difference between the minimum of short ter...
  [254/300] WRONG  | truth=-1224.8508 pred=36457.37 | provide the result of the maximum of capex for Pacific Crest...
  [266/300] CORRECT | truth=77519.0000 pred=77519.0 | Compute the sum of sum of the minimum of total liabilities f...
  [259/300] WRONG  | truth=7694.8053 pred=194384.81 | Could you give the result of difference between sum of sum o...
  [272/300] CORRECT | truth=4719.3946 pred=4719.61 | What is the value of the result of the minimum of revenue fo...
  [269/300] WRONG  | truth=78432.8000 pred=36729.8 | compute the sum of sum of sum of total equity and longterm a...
  [264/300] CORRECT | truth=109749.7500 pred=109749.75 | what do we obtain as the sum of ratio of sum of sum of sum o...
  [271/300] CORRECT | truth=268249.0000 pred=268249.0 | Provide the sum of sum of the maximum of total equity for Pa...
  [270/300] CORRECT | truth=228720.5000 pred=228720.5 | What's the value of the sum of sum of the maximum of total a...
<===== END depth_7_gemma_31b_90q =====>
[2026-08-09 22:31:09] DONE section=depths tag=depth_7_gemma_31b_90q output=output_llm/last_runs_9th_aug_after_21/depths/depth_7_gemma_31b_90q.json log=logs/last_runs_9th_aug_after_21/depths/depth_7_gemma_31b_90q.log
[2026-08-09 22:31:09] === DEPTH 8 / n=300 ===
[2026-08-09 22:31:09] PREP depth_8_n300: script/compiler_pipeline_adversarial/make_random_questions_adversarial.py --n 300 --depth-min 8 --depth-max 8
[2026-08-09 22:43:06] Running data prep
Data prep complete.
[2026-08-09 22:43:06] === DEPTH {8} / n=100 ===
[2026-08-09 22:43:06] PREP depth_{8}_n100: script/compiler_pipeline_adversarial/make_random_questions_adversarial.py --n 100 --depth-min {8} --depth-max {8}
usage: make_random_questions_adversarial.py [-h] [--csv CSV]
                                            [--concept-metadata CONCEPT_METADATA]
                                            [--n N] [--depth-min DEPTH_MIN]
                                            [--depth-max DEPTH_MAX]
                                            [--derived-prob-min DERIVED_PROB_MIN]
                                            [--derived-prob-max DERIVED_PROB_MAX]
                                            [--seed SEED] [--output OUTPUT]
                                            [--obstacle {big_numbers,useless_info,unit_scale_change,negation,conditional,prompt_injection,balanced_tree}]
                                            [--financial-spreadsheet FINANCIAL_SPREADSHEET]
                                            [--skip-data-prep]
                                            [--useless-info-family FAMILY]
                                            [--big-numbers-factor BIG_NUMBERS_FACTOR]
make_random_questions_adversarial.py: error: argument --depth-min: invalid int value: '{8}'
[2026-08-09 22:43:07] START section=depths tag=depth_{8}_gemma_31b_90q provider=Together model=google/gemma-4-31B-it dataset=90q limit=100
<===== START depth_{8}_gemma_31b_90q | provider=Together | model=google/gemma-4-31B-it | dataset=90q | limit=100 =====>
Traceback (most recent call last):
  File "<frozen runpy>", line 198, in _run_module_as_main
  File "<frozen runpy>", line 88, in _run_code
  File "", line 931, in <module>
    main()
    ~~~~^^
  File "", line 869, in main
    results_90q = asyncio.run(evaluate_90q(
        questions_90q, sheet_lookup_90q, model_name,
        limit=args.limit, tol=args.tol, max_new_tokens=args.max_new_tokens,
    ))
  File "/Library/Frameworks/Python.framework/Versions/3.14/lib/python3.14/asyncio/runners.py", line 204, in run
    return runner.run(main)
           ~~~~~~~~~~^^^^^^
  File "/Library/Frameworks/Python.framework/Versions/3.14/lib/python3.14/asyncio/runners.py", line 127, in run
    return self._loop.run_until_complete(task)
           ~~~~~~~~~~~~~~~~~~~~~~~~~~~~~^^^^^^
  File "/Library/Frameworks/Python.framework/Versions/3.14/lib/python3.14/asyncio/base_events.py", line 719, in run_until_complete
    return future.result()
           ~~~~~~~~~~~~~^^
  File "", line 411, in evaluate_90q
    results = await asyncio.gather(*tasks)
              ^^^^^^^^^^^^^^^^^^^^^^^^^^^^
  File "", line 404, in run_one
    return await ask_one_90q_question(i, max_new_tokens, model_name, q, sheet_lookup, subset, tol)
           ^^^^^^^^^^^^^^^^^^^^^^^^^^^^^^^^^^^^^^^^^^^^^^^^^^^^^^^^^^^^^^^^^^^^^^^^^^^^^^^^^^^^^^^
  File "", line 440, in ask_one_90q_question
    response = await run_inference(model_name, prompt, max_new_tokens)
               ^^^^^^^^^^^^^^^^^^^^^^^^^^^^^^^^^^^^^^^^^^^^^^^^^^^^^^^
  File "", line 263, in run_inference
    response = await _client.chat.completions.create(
               ^^^^^^^^^^^^^^^^^^^^^^^^^^^^^^^^^^^^^^
    ...<7 lines>...
    )
    ^
  File ".venv/lib/python3.14/site-packages/together/resources/chat/completions.py", line 1061, in create
    return await self._post(
           ^^^^^^^^^^^^^^^^^
    ...<41 lines>...
    )
    ^
  File ".venv/lib/python3.14/site-packages/together/_base_client.py", line 1864, in post
    return await self.request(cast_to, opts, stream=stream, stream_cls=stream_cls)
           ^^^^^^^^^^^^^^^^^^^^^^^^^^^^^^^^^^^^^^^^^^^^^^^^^^^^^^^^^^^^^^^^^^^^^^^
  File ".venv/lib/python3.14/site-packages/together/_base_client.py", line 1663, in request
    raise self._make_status_error_from_response(err.response) from None
together.APIStatusError: Error code: 402 - {'id': 'ovYwPK3-zfFMX-a289975e7fbb8bbd', 'error': {'message': "Credit limit exceeded, please [add credits](https://api.together.ai/settings/billing). If you've already made a payment, please wait up to 5 minutes for balances to update and try again.", 'type': 'credit_limit', 'param': None, 'code': None}}
90Q are Sheet: /output/financial_spreadsheet.json
90Q are Questions: /output/original_questions.json
Loading datasets...
  90-Q: 300 questions, 15 companies

============================================================
  Evaluating model: google/gemma-4-31B-it
============================================================

-- 90-Q evaluation (100 questions) --
<===== END depth_{8}_gemma_31b_90q =====>
[2026-08-09 22:43:08] DONE section=depths tag=depth_{8}_gemma_31b_90q output=output_llm/last_runs_9th_aug_after_21/depths/depth_8_gemma_31b_90q.json log=logs/last_runs_9th_aug_after_21/depths/depth_8_gemma_31b_90q.log
[2026-08-09 22:43:19] Running data prep
Data prep complete.
[2026-08-09 22:43:19] === DEPTH 8 / n=100 ===
[2026-08-09 22:43:19] PREP depth_8_n100: script/compiler_pipeline_adversarial/make_random_questions_adversarial.py --n 100 --depth-min 8 --depth-max 8
Saved 100 questions to /output/random_questions_90.csv
Saved 100 questions to /output/original_questions.json
Master seed: 433340476
Max bound leaf count: 26
[2026-08-09 22:43:35] START section=depths tag=depth_8_gemma_31b_90q provider=Together model=google/gemma-4-31B-it dataset=90q limit=100
<===== START depth_8_gemma_31b_90q | provider=Together | model=google/gemma-4-31B-it | dataset=90q | limit=100 =====>
Traceback (most recent call last):
  File "<frozen runpy>", line 198, in _run_module_as_main
  File "<frozen runpy>", line 88, in _run_code
  File "", line 931, in <module>
    main()
    ~~~~^^
  File "", line 869, in main
    results_90q = asyncio.run(evaluate_90q(
        questions_90q, sheet_lookup_90q, model_name,
        limit=args.limit, tol=args.tol, max_new_tokens=args.max_new_tokens,
    ))
  File "/Library/Frameworks/Python.framework/Versions/3.14/lib/python3.14/asyncio/runners.py", line 204, in run
    return runner.run(main)
           ~~~~~~~~~~^^^^^^
  File "/Library/Frameworks/Python.framework/Versions/3.14/lib/python3.14/asyncio/runners.py", line 127, in run
    return self._loop.run_until_complete(task)
           ~~~~~~~~~~~~~~~~~~~~~~~~~~~~~^^^^^^
  File "/Library/Frameworks/Python.framework/Versions/3.14/lib/python3.14/asyncio/base_events.py", line 719, in run_until_complete
    return future.result()
           ~~~~~~~~~~~~~^^
  File "", line 411, in evaluate_90q
    results = await asyncio.gather(*tasks)
              ^^^^^^^^^^^^^^^^^^^^^^^^^^^^
  File "", line 404, in run_one
    return await ask_one_90q_question(i, max_new_tokens, model_name, q, sheet_lookup, subset, tol)
           ^^^^^^^^^^^^^^^^^^^^^^^^^^^^^^^^^^^^^^^^^^^^^^^^^^^^^^^^^^^^^^^^^^^^^^^^^^^^^^^^^^^^^^^
  File "", line 440, in ask_one_90q_question
    response = await run_inference(model_name, prompt, max_new_tokens)
               ^^^^^^^^^^^^^^^^^^^^^^^^^^^^^^^^^^^^^^^^^^^^^^^^^^^^^^^
  File "", line 263, in run_inference
    response = await _client.chat.completions.create(
               ^^^^^^^^^^^^^^^^^^^^^^^^^^^^^^^^^^^^^^
    ...<7 lines>...
    )
    ^
  File ".venv/lib/python3.14/site-packages/together/resources/chat/completions.py", line 1061, in create
    return await self._post(
           ^^^^^^^^^^^^^^^^^
    ...<41 lines>...
    )
    ^
  File ".venv/lib/python3.14/site-packages/together/_base_client.py", line 1864, in post
    return await self.request(cast_to, opts, stream=stream, stream_cls=stream_cls)
           ^^^^^^^^^^^^^^^^^^^^^^^^^^^^^^^^^^^^^^^^^^^^^^^^^^^^^^^^^^^^^^^^^^^^^^^
  File ".venv/lib/python3.14/site-packages/together/_base_client.py", line 1663, in request
    raise self._make_status_error_from_response(err.response) from None
together.APIStatusError: Error code: 402 - {'id': 'ovYwXeq-fdNmn-a289980f3a551e6d', 'error': {'message': "Credit limit exceeded, please [add credits](https://api.together.ai/settings/billing). If you've already made a payment, please wait up to 5 minutes for balances to update and try again.", 'type': 'credit_limit', 'param': None, 'code': None}}
90Q are Sheet: /output/financial_spreadsheet.json
90Q are Questions: /output/original_questions.json
Loading datasets...
  90-Q: 100 questions, 15 companies

============================================================
  Evaluating model: google/gemma-4-31B-it
============================================================

-- 90-Q evaluation (100 questions) --
<===== END depth_8_gemma_31b_90q =====>
[2026-08-09 22:43:36] DONE section=depths tag=depth_8_gemma_31b_90q output=output_llm/last_runs_9th_aug_after_21/depths/depth_8_gemma_31b_90q.json log=logs/last_runs_9th_aug_after_21/depths/depth_8_gemma_31b_90q.log
[2026-08-09 22:45:10] Running data prep
Data prep complete.
[2026-08-09 22:45:10] === DEPTH 8 / n=100 ===
[2026-08-09 22:45:10] PREP depth_8_n100: script/compiler_pipeline_adversarial/make_random_questions_adversarial.py --n 100 --depth-min 8 --depth-max 8
Saved 100 questions to /output/random_questions_90.csv
Saved 100 questions to /output/original_questions.json
Master seed: 872175947
Max bound leaf count: 33
[2026-08-09 22:45:25] START section=depths tag=depth_8_gemma_31b_90q provider=Together model=google/gemma-4-31B-it dataset=90q limit=100
<===== START depth_8_gemma_31b_90q | provider=Together | model=google/gemma-4-31B-it | dataset=90q | limit=100 =====>
90Q are Sheet: /output/financial_spreadsheet.json
90Q are Questions: /output/original_questions.json
Loading datasets...
  90-Q: 100 questions, 15 companies

============================================================
  Evaluating model: google/gemma-4-31B-it
============================================================

-- 90-Q evaluation (100 questions) --
  [10/100] CORRECT | truth=3265928.4211 pred=3265948.24 | What does the following give: sum of revenue for Crimson Pha...
  [3/100] CORRECT | truth=39876.0000 pred=39876.0 | state the sum of total equity for Pinnacle Health Group in 2...
  [4/100] CORRECT | truth=42211.0000 pred=42211.0 | State the sum of sum of sum of longterm assets and operating...
  [7/100] CORRECT | truth=183796.3343 pred=183797.31 | Calculate the sum of result of the maximum of cost of goods ...
  [9/100] CORRECT | truth=114559.3246 pred=114556.2 | what is the value of the sum of the maximum of cash for Apex...
  [8/100] CORRECT | truth=49900.4141 pred=49903.21 | whats the value of the result of dividends paid for ClearPat...
  [1/100] CORRECT | truth=7173.5019 pred=7175.74 | may you calculate the result of operating income for NovaSta...
  [6/100] CORRECT | truth=110483.9341 pred=103925.88 | Give the result of sum of the minimum of accounts receivable...
  [2/100] CORRECT | truth=20615.6174 pred=20612.3 | Give the result of total liabilities for Pacific Crest Energ...
  [5/100] WRONG  | truth=75268.8889 pred=88025.56 | May you calculate the sum of result of sum of pretax income ...
  [15/100] CORRECT | truth=-9847.5191 pred=-9847.332 | may you calculate the result of result of sum of the maximum...
  [16/100] WRONG  | truth=56619.2946 pred=170765.55 | Could you give the result of sum of ratio of sum of sum of s...
  [19/100] CORRECT | truth=175300.8000 pred=175300.8 | What do we obtain as the sum of sum of short term investment...
  [18/100] CORRECT | truth=238640.0000 pred=238640.0 | evaluate the sum of sum of ratio of sum of sum of sum of sum...
  [11/100] WRONG  | truth=6793043.4254 pred=59212891535.7 | Whats the value of the result of the maximum of revenue for ...
  [14/100] WRONG  | truth=159152.7420 pred=-6790.43 | what would be the sum of result of current liabilities for C...
  [13/100] CORRECT | truth=-13432.5019 pred=-13432.2 | Which result follows from the result of difference between l...
  [17/100] WRONG  | truth=511472.7720 pred=597505.62 | calculate the sum of difference between the minimum of curre...
  [12/100] WRONG  | truth=1818326.7225 pred=271120.75 | evaluate the sum of sum of the maximum of dividends paid for...
  [24/100] WRONG  | truth=53589.3082 pred=0.8784 | What's the value of the result of the maximum of revenue for...
  [23/100] CORRECT | truth=1155993.7235 pred=1156973.3 | What does the following give: result of cost of goods sold f...
  [21/100] CORRECT | truth=302925.4147 pred=301219.00000105 | What do we obtain as the sum of gross profit for Crimson Pha...
  [22/100] WRONG  | truth=19992.7554 pred=10539.66 | What do we obtain as the result of dividends paid for Crimso...
  [26/100] WRONG  | truth=83835.8333 pred=-59225.8333 | May you give the difference between sum of operating expense...
  [28/100] WRONG  | truth=612812.3156 pred=96277.3 | What's the value of the result of current liabilities for Cl...
  [27/100] CORRECT | truth=23212.0522 pred=23221.58 | provide the result of inventories for Pacific Crest Energy i...
  [29/100] CORRECT | truth=181487.2609 pred=181476.5 | Compute the sum of the minimum of short term investments for...
  [33/100] CORRECT | truth=501.0702 pred=458.17 | Determine the result of the maximum of operating expenses fo...
  [20/100] WRONG  | truth=-4031564.5532 pred=-9563.8 | give the result of result of difference between the maximum ...
  [34/100] CORRECT | truth=213885.7933 pred=213928.48 | You should calculate the sum of the maximum of short term in...
  [32/100] CORRECT | truth=-181712.6023 pred=-181717.55 | May you calculate the result of difference between gross pro...
  [36/100] WRONG  | truth=60115.8701 pred=413914.0 | Provide the sum of ratio of sum of total liabilities for Pac...
  [37/100] WRONG  | truth=17041.3333 pred=10757.333333333334 | Compute the sum of capex for Quantum Bridge Holdings in 2021...
  [35/100] WRONG  | truth=34702.0000 pred=245476.0 | Could you give the sum of sum of the maximum of revenue for ...
  [31/100] WRONG  | truth=297.3114 pred=246.198 | Determine the result of the minimum of cash for Pinnacle Hea...
  [41/100] CORRECT | truth=52073.0000 pred=52073.0 | what is the value of the sum of the maximum of operating exp...
  [39/100] CORRECT | truth=7606.5715 pred=7592.49 | what would be the result of the maximum of total assets for ...
  [30/100] WRONG  | truth=160610.8729 pred=368800168575.4 | Calculate the result of the minimum of total equity for Silv...
  [42/100] CORRECT | truth=38739.9000 pred=38739.9 | What would be the difference between ratio of sum of sum of ...
  [48/100] WRONG  | truth=22376.1689 pred=19614.76 | Which value corresponds to the result of pretax income for H...
  [47/100] CORRECT | truth=322305.2866 pred=322254.5 | you should give the result of the maximum of total equity fo...
  [45/100] CORRECT | truth=106676.4997 pred=106525.45720937243 | What does the following give: difference between result of t...
  [25/100] CORRECT | truth=519663.0917 pred=519434.02 | Provide the result of the minimum of total assets for Pacifi...
  [44/100] WRONG  | truth=140820.0365 pred=-22367.9 | Which result follows from the result of sum of total equity ...
  [46/100] WRONG  | truth=-127398.8333 pred=-76398.83 | could you give the difference between short term investments...
  [38/100] CORRECT | truth=56699.1837 pred=56705.12 | What does the following give: result of accounts receivable ...
  [43/100] CORRECT | truth=334204.3333 pred=334204.333 | May you calculate the sum of ratio of sum of sum of total li...
  [40/100] CORRECT | truth=-230013.0096 pred=-229921.8 | Calculate the difference between difference between the maxi...
  [49/100] WRONG  | truth=7786.3844 pred=82213782.0 | What's the value of the result of capex for Atlas Global Ind...
  [51/100] CORRECT | truth=47781.3471 pred=47774.59 | state the result of the minimum of revenue for Pinnacle Heal...
  [50/100] CORRECT | truth=37074.8333 pred=37074.83333333333 | state the sum of sum of the minimum of operating expenses fo...
  [53/100] WRONG  | truth=-71132.8185 pred=1.56548387 | you should calculate the result of current liabilities scale...
  [52/100] WRONG  | truth=-3101.2040 pred=-13871.13 | What would be the result of capex for Cobalt Semiconductor i...
  [56/100] WRONG  | truth=-36556.8333 pred=-51734.8333 | what would be the sum of difference between the maximum of n...
  [58/100] WRONG  | truth=29154.6149 pred=921.483 | State the result of sum of total liabilities for Pinnacle He...
  [59/100] WRONG  | truth=41654.9965 pred=379911.1 | What is the value of the sum of result of dividends paid for...
  [57/100] CORRECT | truth=-53645.5310 pred=-53645.52 | what does the following give: difference between result of i...
  [61/100] WRONG  | truth=-296135.5299 pred=598946.31 | Which result follows from the difference between non operati...
  [55/100] WRONG  | truth=146709.7616 pred=118708.5 | What is the value of the sum of longterm assets for Apex Dyn...
  [54/100] WRONG  | truth=137264.2388 pred=3.507e-07 | calculate the result of ratio of sum of sum of sum of sum of...
  [62/100] CORRECT | truth=523212.0000 pred=523212.0 | Calculate the sum of ratio of sum of cost of goods sold for ...
  [60/100] CORRECT | truth=8360.0939 pred=8360.15 | determine the result of revenue for Pinnacle Health Group in...
  [63/100] WRONG  | truth=616401.8536 pred=321262.144 | which value corresponds to the result of ratio of sum of sum...
  [64/100] CORRECT | truth=506148.0000 pred=506148.0 | evaluate the sum of ratio of sum of sum of sum of sum of sum...
  [69/100] WRONG  | truth=98272.0000 pred=0.0 | What does the following give: sum of result of dividends pai...
  [68/100] CORRECT | truth=60507.3022 pred=60624.248 | May you calculate the result of the maximum of total liabili...
  [66/100] CORRECT | truth=2274.0352 pred=2273.91 | what's the value of the sum of the minimum of short term inv...
  [67/100] CORRECT | truth=61930.4881 pred=61929.2 | Which quantity is given by the result of the maximum of cape...
  [70/100] CORRECT | truth=289540.7500 pred=289540.75 | Could you give the sum of ratio of sum of sum of sum of cape...
  [72/100] CORRECT | truth=415426.4360 pred=396842.1 | calculate the result of sum of the maximum of capex for Silv...
  [71/100] CORRECT | truth=44288.1661 pred=44276.38 | Provide the sum of result of current liabilities for Pacific...
  [65/100] WRONG  | truth=29341.0219 pred=806152.3 | give the result of ratio of sum of sum of sum of sum of tota...
  [75/100] WRONG  | truth=53488.1083 pred=42629.6 | Which value corresponds to the sum of the minimum of capex f...
  [73/100] CORRECT | truth=122818.0246 pred=122823.5344 | which quantity is given by the result of total equity for Ir...
  [76/100] CORRECT | truth=-143557.3273 pred=-143557.462 | what does the following give: difference between result of o...
  [74/100] CORRECT | truth=-1059035.4136 pred=-1055423.8 | could you give the result of longterm liabilities for Meridi...
  [80/100] CORRECT | truth=223238.1137 pred=223218.18 | Whats the value of the sum of result of the minimum of inven...
  [78/100] WRONG  | truth=74707.7043 pred=4490.34 | May you calculate the sum of result of the minimum of short ...
  [79/100] WRONG  | truth=182454.3356 pred=35648.86 | Which result follows from the result of the minimum of inven...
  [77/100] CORRECT | truth=-50871.0300 pred=-50870.333 | What would be the result of difference between pretax income...
  [82/100] WRONG  | truth=13179.6667 pred=9846.333333333334 | State the difference between capex for Pinnacle Health Group...
  [81/100] CORRECT | truth=3175753.5667 pred=3175843.33 | evaluate the result of current liabilities for Titan Consume...
  [84/100] CORRECT | truth=7597878.5709 pred=7597537.04 | What is the sum of result of ratio of sum of sum of sum of s...
  [88/100] WRONG  | truth=-22778.2133 pred=-28691.34 | determine the sum of result of difference between the minimu...
  [85/100] CORRECT | truth=-260595.8333 pred=-260595.83333333334 | may you calculate the difference between difference between ...
  [87/100] WRONG  | truth=12878.2506 pred=4477.86 | What is the sum of the minimum of capex for Apex Dynamics Co...
  [90/100] WRONG  | truth=9724.2536 pred=2.8821e-06 | compute the result of ratio of sum of sum of sum of sum of s...
  [89/100] WRONG  | truth=164342816.8375 pred=138453293.3 | which value corresponds to the result of the maximum of tota...
  [86/100] WRONG  | truth=15299.9897 pred=2372.82 | provide the result of operating expenses for Pacific Crest E...
  [91/100] CORRECT | truth=4479.0159 pred=4478.91 | Determine the sum of difference between operating income and...
  [83/100] WRONG  | truth=-599414.8835 pred=364509.889 | you should give the result of result of sum of short term in...
  [93/100] CORRECT | truth=-509854.6667 pred=-509854.6666666667 | what does the following give: sum of short term investments ...
  [92/100] CORRECT | truth=4043.7801 pred=4043.7 | which quantity is given by the result of the maximum of shor...
  [96/100] WRONG  | truth=480527.7047 pred=37548.4 | Which result follows from the result of ratio of sum of sum ...
  [98/100] WRONG  | truth=41123.6698 pred=12055.4 | Determine the difference between sum of the maximum of divid...
  [97/100] WRONG  | truth=71143.2024 pred=2362.65 | State the sum of accounts receivable and result of ratio of ...
  [95/100] CORRECT | truth=260205.3613 pred=260435.4 | Provide the result of the maximum of accounts receivable for...
  [94/100] CORRECT | truth=86270.3312 pred=86280.4 | What is the sum of sum of current liabilities and sum of cap...
  [100/100] CORRECT | truth=3510812.0223 pred=3514944.88 | which value corresponds to the sum of inventories for Helix ...
  [99/100] WRONG  | truth=366639.1819 pred=508489.13 | You should calculate the sum of the minimum of capex for Nov...

============================================================
  Model: google/gemma-4-31B-it
============================================================
  10-Q      : 0/0  accuracy = 0.0%  (skipped 0)
  90-Q      : 55/100  accuracy = 55.0%  (skipped 0)
  Multi-turn: 0/0  accuracy = 0.0%  (skipped 0)
  Overall   : 55/100  accuracy = 55.0%
============================================================

Results saved to output_llm/last_runs_9th_aug_after_21/depths/depth_8_gemma_31b_90q_20260809_224623.json
CSV saved to output_llm/eval_results_20260809_224623.csv
<===== END depth_8_gemma_31b_90q =====>
[2026-08-09 22:46:23] DONE section=depths tag=depth_8_gemma_31b_90q output=output_llm/last_runs_9th_aug_after_21/depths/depth_8_gemma_31b_90q.json log=logs/last_runs_9th_aug_after_21/depths/depth_8_gemma_31b_90q.log
